time,latitude[unit="degrees_north"],longitude[unit="degrees_east"],dg[unit=""],duEW[unit=""],duNS[unit=""],duV[unit=""]
2024-01-01T12:00:00Z,-7.609444,112.595556,0.5555136203765869,0.000347363471519202,-0.0023691058158874,-0.0048339320346713
2024-01-02T12:00:00Z,-7.609444,112.595556,0.57133948802948,0.0003812727809417993,-0.0023727451916784,-0.0048526423051953
2024-01-03T12:00:00Z,-7.609444,112.595556,0.5867892503738403,0.000395701703382656,-0.0023806046228855,-0.004860361572355
2024-01-04T12:00:00Z,-7.609444,112.595556,0.618884265422821,0.0004007304669357836,-0.002375308657065,-0.0049176765605807
2024-01-05T12:00:00Z,-7.609444,112.595556,0.6422091126441956,0.0003993322898168117,-0.0023974569048732,-0.004956710152328
2024-01-06T12:00:00Z,-7.609444,112.595556,0.6970796585083008,0.0003850339271593839,-0.0024139708839356,-0.0051344456151127
2024-01-07T12:00:00Z,-7.609444,112.595556,0.7460924386978149,0.0003791711642406881,-0.0024325444828718,-0.0053223040886223
2024-01-08T12:00:00Z,-7.609444,112.595556,0.7793020009994507,0.0003816096868831664,-0.0024637659080326,-0.0054305824451148
2024-01-09T12:00:00Z,-7.609444,112.595556,0.8091298341751099,0.000370221387129277,-0.0025238073430955,-0.0054661910980939
2024-01-10T12:00:00Z,-7.609444,112.595556,0.8459670543670654,0.00036690913839265693,-0.0025598346255719,-0.0055398987606167
2024-01-11T12:00:00Z,-7.609444,112.595556,0.8591418266296387,0.0003780198749154806,-0.0025749020278453,-0.0055514867417514
2024-01-12T12:00:00Z,-7.609444,112.595556,0.8581583499908447,0.0003945925855077803,-0.0025910299737006,-0.0055033448152244
2024-01-13T12:00:00Z,-7.609444,112.595556,0.8594632148742676,0.0004114251642022282,-0.0026099565438926,-0.0054741171188652
2024-01-14T12:00:00Z,-7.609444,112.595556,0.8587017059326172,0.0004357248835731298,-0.0026344696525484,-0.0054493490606546
2024-01-15T12:00:00Z,-7.609444,112.595556,0.8717292547225952,0.0004572254838421941,-0.0026487105060368,-0.005502413958311
2024-01-16T12:00:00Z,-7.609444,112.595556,0.8916274309158325,0.00047601910773664713,-0.0026514006312936,-0.0055766659788787
2024-01-17T12:00:00Z,-7.609444,112.595556,0.9409542679786682,0.0004751927335746586,-0.0026744653005152,-0.0057402797974646
2024-01-18T12:00:00Z,-7.609444,112.595556,0.9824875593185424,0.00047366874059662223,-0.0026799056213349,-0.0058895042166113
2024-01-19T12:00:00Z,-7.609444,112.595556,1.0051300525665283,0.00046291545731946826,-0.0027043481823056,-0.0059820115566253
2024-01-20T12:00:00Z,-7.609444,112.595556,0.997608482837677,0.0004815322463400662,-0.002733243862167,-0.0059553612954914
2024-01-21T12:00:00Z,-7.609444,112.595556,0.9913439750671388,0.0004953640745952725,-0.0027726301923394,-0.0059365900233387
2024-01-22T12:00:00Z,-7.609444,112.595556,0.9892465472221376,0.0004888373077847064,-0.002823970047757,-0.0058832452632486
2024-01-23T12:00:00Z,-7.609444,112.595556,0.9861509203910828,0.0004917191690765321,-0.0028569672722369,-0.005807633511722
2024-01-24T12:00:00Z,-7.609444,112.595556,0.9994485974311828,0.00048550034989602864,-0.0028969403356313,-0.0058017959818243
2024-01-25T12:00:00Z,-7.609444,112.595556,1.0152727365493774,0.0004750083317048848,-0.0029122005216777,-0.0058079715818166
2024-01-26T12:00:00Z,-7.609444,112.595556,1.0367755889892578,0.00046289825695566833,-0.0029412794392555,-0.0058469697833061
2024-01-27T12:00:00Z,-7.609444,112.595556,1.0500092506408691,0.0004378552839625627,-0.0029676903504878,-0.0058380072005093
2024-01-28T12:00:00Z,-7.609444,112.595556,1.06608784198761,0.00042211872641928494,-0.002995986957103,-0.0058565693907439
2024-01-29T12:00:00Z,-7.609444,112.595556,1.0923975706100464,0.0003931314859073609,-0.0030227121897041,-0.0059584463015198
2024-01-30T12:00:00Z,-7.609444,112.595556,1.125725507736206,0.0003715474449563772,-0.0030414215289056,-0.0060841543599963
2024-01-31T12:00:00Z,-7.609444,112.595556,1.1436901092529297,0.000380941026378423,-0.0030479035340249,-0.0061285020783543
2024-02-01T12:00:00Z,-7.609444,112.595556,1.145696997642517,0.0003889738582074642,-0.0030647877138108,-0.0060895858332514
2024-02-02T12:00:00Z,-7.609444,112.595556,1.174571871757507,0.0003837185213342309,-0.0030884891748428,-0.0061557115986943
2024-02-03T12:00:00Z,-7.609444,112.595556,1.2356866598129272,0.000359698839019984,-0.0031311472412198,-0.0063672787509858
2024-02-04T12:00:00Z,-7.609444,112.595556,1.256589412689209,0.0003455204132478684,-0.0031600291840732,-0.0064015248790383
2024-02-05T12:00:00Z,-7.609444,112.595556,1.2591105699539185,0.0003416406980250031,-0.0031946981325745,-0.0063851000741124
2024-02-06T12:00:00Z,-7.609444,112.595556,1.2967568635940552,0.0003204189706593752,-0.0032158801332116,-0.0065263663418591
2024-02-07T12:00:00Z,-7.609444,112.595556,1.2976313829421997,0.0002995042596012354,-0.0032474128529429,-0.0065225404687225
2024-02-08T12:00:00Z,-7.609444,112.595556,1.2995387315750122,0.00027943390887230635,-0.0032723448239266,-0.0065070390701293
2024-02-09T12:00:00Z,-7.609444,112.595556,1.3078906536102295,0.00029498193180188537,-0.0032925561536103,-0.0064852377399802
2024-02-10T12:00:00Z,-7.609444,112.595556,1.3418023586273191,0.0003036479465663433,-0.003315330017358,-0.006531954742968
2024-02-11T12:00:00Z,-7.609444,112.595556,1.3648532629013062,0.00030885403975844383,-0.0033310977742075,-0.0065525770187377
2024-02-12T12:00:00Z,-7.609444,112.595556,1.3749597072601318,0.0003029268118552864,-0.0033429111354053,-0.0065408460795879
2024-02-13T12:00:00Z,-7.609444,112.595556,1.380306839942932,0.0003050734812859446,-0.0033425635192543,-0.0065060933120548
2024-02-14T12:00:00Z,-7.609444,112.595556,1.384184718132019,0.0002995200629811734,-0.0033733127638697,-0.0065086795948445
2024-02-15T12:00:00Z,-7.609444,112.595556,1.3883939981460571,0.0002950765192508697,-0.00339409802109,-0.0065188859589397
2024-02-16T12:00:00Z,-7.609444,112.595556,1.3879826068878174,0.0002865880378521979,-0.0034167857374995,-0.0065091382712125
2024-02-17T12:00:00Z,-7.609444,112.595556,1.4132366180419922,0.00026973767671734095,-0.0034449761733412,-0.0065994905307888
2024-02-18T12:00:00Z,-7.609444,112.595556,1.4414290189743042,0.0002847269061021507,-0.0034673521295189,-0.0066828778944909
2024-02-19T12:00:00Z,-7.609444,112.595556,1.4491143226623535,0.0002800508518703282,-0.0034901306498795,-0.0066734552383422
2024-02-20T12:00:00Z,-7.609444,112.595556,1.4534931182861328,0.000264680536929518,-0.0035022057127207,-0.0066547296009957
2024-02-21T12:00:00Z,-7.609444,112.595556,1.456937551498413,0.0002441263204673305,-0.003506438108161,-0.0066425600089132
2024-02-22T12:00:00Z,-7.609444,112.595556,1.447523832321167,0.00025593378813937306,-0.0035195045638829,-0.0065916460007429
2024-02-23T12:00:00Z,-7.609444,112.595556,1.453091740608215,0.00025040621403604746,-0.003537107957527,-0.0066103069111704
2024-02-24T12:00:00Z,-7.609444,112.595556,1.4712426662445068,0.00025182939134538174,-0.0035311160609126,-0.0066565880551934
2024-02-25T12:00:00Z,-7.609444,112.595556,1.500295639038086,0.00024585213395766914,-0.0035469713620841,-0.0067217694595456
2024-02-26T12:00:00Z,-7.609444,112.595556,1.5055418014526367,0.0002563186571933329,-0.0035582669079303,-0.0066988486796617
2024-02-27T12:00:00Z,-7.609444,112.595556,1.5074183940887451,0.000267415976850316,-0.0035586575977504,-0.0066899936646223
2024-02-28T12:00:00Z,-7.609444,112.595556,1.5247385501861572,0.0002703542122617364,-0.003596787340939,-0.0067366855219006
2024-02-29T12:00:00Z,-7.609444,112.595556,1.5366089344024658,0.00028062122873961926,-0.0036465043667703,-0.0067662824876606
2024-03-01T12:00:00Z,-7.609444,112.595556,1.583143711090088,0.0002562319568824023,-0.0036818895023316,-0.0069220517762005
2024-03-02T12:00:00Z,-7.609444,112.595556,1.6102416515350342,0.00024989311350509524,-0.0037140196654945,-0.0070018703117966
2024-03-03T12:00:00Z,-7.609444,112.595556,1.6363340616226196,0.00024243815278168768,-0.0037235110066831,-0.0070750014856457
2024-03-04T12:00:00Z,-7.609444,112.595556,1.6886731386184692,0.00024207890965044496,-0.0037244183477014,-0.0072548412717878
2024-03-05T12:00:00Z,-7.609444,112.595556,1.748037338256836,0.00023097373195923865,-0.003725028829649,-0.0074697430245578
2024-03-06T12:00:00Z,-7.609444,112.595556,1.7790038585662842,0.000215539985219948,-0.0037374834064394,-0.0075841285288333
2024-03-07T12:00:00Z,-7.609444,112.595556,1.807546138763428,0.00019293048535473645,-0.0037396585103124,-0.0076836026273667
2024-03-08T12:00:00Z,-7.609444,112.595556,1.8731484413146973,0.0001691985671641305,-0.0037429232615977,-0.0078970696777105
2024-03-09T12:00:00Z,-7.609444,112.595556,1.912570834159851,0.00017032749019563198,-0.0037850937806069,-0.0080246832221746
2024-03-10T12:00:00Z,-7.609444,112.595556,1.9095993041992188,0.00016511132707819345,-0.0038237986154854,-0.00803261436522
2024-03-11T12:00:00Z,-7.609444,112.595556,1.9284940958023071,0.00014925962022971362,-0.0038429491687566,-0.0081380326300859
2024-03-12T12:00:00Z,-7.609444,112.595556,1.924892783164978,0.00014507686137221754,-0.0038704413454979,-0.0081524103879928
2024-03-13T12:00:00Z,-7.609444,112.595556,1.9419598579406736,0.000116039183922112,-0.0038875213358551,-0.0082377288490533
2024-03-14T12:00:00Z,-7.609444,112.595556,1.947718620300293,8.696058648638427e-05,-0.003923054318875,-0.0082528702914714
2024-03-15T12:00:00Z,-7.609444,112.595556,1.9371262788772583,5.8886027545668185e-05,-0.0039523267187178,-0.0081815533339977
2024-03-16T12:00:00Z,-7.609444,112.595556,1.8972420692443848,4.090426955372095e-05,-0.0039705652743577,-0.0080158747732639
2024-03-17T12:00:00Z,-7.609444,112.595556,1.8820593357086184,8.804912795312703e-06,-0.0039735254831612,-0.0079504419118165
2024-03-18T12:00:00Z,-7.609444,112.595556,1.8511556386947632,1.8932274542748928e-05,-0.0039880289696156,-0.0078396238386631
2024-03-19T12:00:00Z,-7.609444,112.595556,1.8162736892700195,4.0293249185197055e-05,-0.0039971880614757,-0.007708553224802
2024-03-20T12:00:00Z,-7.609444,112.595556,1.7967989444732666,5.064770812168717e-05,-0.0040028356015682,-0.0076514603570103
2024-03-21T12:00:00Z,-7.609444,112.595556,1.781864881515503,7.10897147655487e-05,-0.0040144813247025,-0.0075857923366129
2024-03-22T12:00:00Z,-7.609444,112.595556,1.769890308380127,8.858439105097204e-05,-0.0040342886932194,-0.0074978750199079
2024-03-23T12:00:00Z,-7.609444,112.595556,1.7529618740081787,9.853352094069125e-05,-0.0040601626969873,-0.0074098743498325
2024-03-24T12:00:00Z,-7.609444,112.595556,1.7451214790344238,0.00011912435002159329,-0.0040984330698847,-0.0073758661746978
2024-03-25T12:00:00Z,-7.609444,112.595556,1.7333064079284668,0.00013118042261339724,-0.0041276151314377,-0.0072958953678607
2024-03-26T12:00:00Z,-7.609444,112.595556,1.7158164978027344,0.0001452199212508276,-0.0041681351140141,-0.007195102982223
2024-03-27T12:00:00Z,-7.609444,112.595556,1.7276757955551147,0.0001632311468711123,-0.0041698813438415,-0.0072071813046932
2024-03-28T12:00:00Z,-7.609444,112.595556,1.7589943408966064,0.0001502863597124815,-0.0041799088940024,-0.0073067811317741
2024-03-29T12:00:00Z,-7.609444,112.595556,1.7427688837051392,0.00015949213411659002,-0.0042169950902462,-0.0072367284446954
2024-03-30T12:00:00Z,-7.609444,112.595556,1.7259929180145264,0.00016645238792989403,-0.0042384853586554,-0.0071714278310537
2024-03-31T12:00:00Z,-7.609444,112.595556,1.7118992805480957,0.00017812821897678077,-0.0042530801147222,-0.0071049821563065
2024-04-01T12:00:00Z,-7.609444,112.595556,1.7295596599578855,0.0001646976888878271,-0.0042621777392923,-0.0071501517668366
2024-04-02T12:00:00Z,-7.609444,112.595556,1.7330052852630615,0.00015814790094736964,-0.0042788167484104,-0.0071153417229652
2024-04-03T12:00:00Z,-7.609444,112.595556,1.7190892696380615,0.0001653932558838278,-0.0042991451919078,-0.0070399800315499
2024-04-04T12:00:00Z,-7.609444,112.595556,1.70233416557312,0.00015971386164892465,-0.004301669076085,-0.0069641713052988
2024-04-05T12:00:00Z,-7.609444,112.595556,1.6888210773468018,0.00016185083950404078,-0.0042819357477128,-0.0068916268646717
2024-04-06T12:00:00Z,-7.609444,112.595556,1.6672708988189695,0.00018686325347516688,-0.0042559732683002,-0.00678033195436
2024-04-07T12:00:00Z,-7.609444,112.595556,1.6727423667907717,0.00023221943411044776,-0.0042487806640565,-0.0067827785387635
2024-04-08T12:00:00Z,-7.609444,112.595556,1.679497241973877,0.0002484001452103257,-0.0042365724220871,-0.0068118851631879
2024-04-09T12:00:00Z,-7.609444,112.595556,1.6937952041625977,0.00022337758855428547,-0.004242090974003,-0.0068685207515954
2024-04-10T12:00:00Z,-7.609444,112.595556,1.7208048105239868,0.0001933417224790901,-0.0042438507080078,-0.0069463816471397
2024-04-11T12:00:00Z,-7.609444,112.595556,1.764548420906067,0.0001679678534856066,-0.0042526698671281,-0.0070699509233236
2024-04-12T12:00:00Z,-7.609444,112.595556,1.761488676071167,0.0001832037669373676,-0.0042564896866679,-0.0070195151492953
2024-04-13T12:00:00Z,-7.609444,112.595556,1.7519673109054563,0.0002163415338145569,-0.004236395470798,-0.0069383429363369
2024-04-14T12:00:00Z,-7.609444,112.595556,1.7346866130828855,0.00021910473878961056,-0.0042160926386713,-0.0068587465211749
2024-04-15T12:00:00Z,-7.609444,112.595556,1.709547519683838,0.00022222395637072623,-0.0042073712684214,-0.0067581692710518
2024-04-16T12:00:00Z,-7.609444,112.595556,1.7035952806472778,0.00022277870448306203,-0.0042160516604781,-0.0067195650190114
2024-04-17T12:00:00Z,-7.609444,112.595556,1.7317434549331665,0.0001902238727780059,-0.0042292247526347,-0.0068202493712306
2024-04-18T12:00:00Z,-7.609444,112.595556,1.733909010887146,0.0001699956483207643,-0.0042401058599352,-0.0068065878003835
2024-04-19T12:00:00Z,-7.609444,112.595556,1.7315711975097656,0.00013362258323468268,-0.0042532077059149,-0.0068024583160877
2024-04-20T12:00:00Z,-7.609444,112.595556,1.7273221015930176,9.668570419307798e-05,-0.0042452123016119,-0.0068086655810475
2024-04-21T12:00:00Z,-7.609444,112.595556,1.749897003173828,6.881600711494684e-05,-0.0042300140485167,-0.0068887770175933
2024-04-22T12:00:00Z,-7.609444,112.595556,1.7475574016571045,4.50112420367077e-05,-0.0042084627784788,-0.0068788733333349
2024-04-23T12:00:00Z,-7.609444,112.595556,1.7758580446243286,3.5896810004487634e-05,-0.0041953320614993,-0.0069892033934593
2024-04-24T12:00:00Z,-7.609444,112.595556,1.7952289581298828,3.779160033445805e-05,-0.0041880514472723,-0.0070583932101726
2024-04-25T12:00:00Z,-7.609444,112.595556,1.829892635345459,2.633816620800644e-05,-0.004177785012871,-0.0071915052831172
2024-04-26T12:00:00Z,-7.609444,112.595556,1.8087961673736568,-1.969019649550319e-07,-0.0041754655539989,-0.0071125105023384
2024-04-27T12:00:00Z,-7.609444,112.595556,1.783184051513672,-4.219049878884107e-05,-0.0041747870855033,-0.007022613659501
2024-04-28T12:00:00Z,-7.609444,112.595556,1.7657749652862549,-7.881707279011607e-05,-0.0041772844269871,-0.0069484086707234
2024-04-29T12:00:00Z,-7.609444,112.595556,1.749910831451416,-0.00011544849257916212,-0.0041707754135131,-0.0069004008546471
2024-04-30T12:00:00Z,-7.609444,112.595556,1.726344347000122,-0.0001428971299901605,-0.004160423297435,-0.0068342708982527
2024-05-01T12:00:00Z,-7.609444,112.595556,1.7056615352630615,-0.0001532195892650634,-0.0041489480063319,-0.0067878579720854
2024-05-02T12:00:00Z,-7.609444,112.595556,1.6948657035827637,-0.0001581586548127234,-0.004141257610172,-0.0067506236955523
2024-05-03T12:00:00Z,-7.609444,112.595556,1.6784751415252686,-0.0001682255242485553,-0.0041140806861221,-0.0066926907747983
2024-05-04T12:00:00Z,-7.609444,112.595556,1.6671311855316162,-0.0001828332751756534,-0.0040778890252113,-0.0066400575451552
2024-05-05T12:00:00Z,-7.609444,112.595556,1.6422770023345947,-0.0002171799133066088,-0.0040844683535397,-0.0065429303795099
2024-05-06T12:00:00Z,-7.609444,112.595556,1.6145527362823486,-0.00024328278959728775,-0.0040864720940589,-0.0064372778870165
2024-05-07T12:00:00Z,-7.609444,112.595556,1.6018141508102417,-0.0002646705834195018,-0.004076441284269,-0.0063867894932627
2024-05-08T12:00:00Z,-7.609444,112.595556,1.5952731370925903,-0.0002959328703582287,-0.0040577091276645,-0.0063871778547763
2024-05-09T12:00:00Z,-7.609444,112.595556,1.585166573524475,-0.0003240706864744425,-0.0040423129685223,-0.0063637858256697
2024-05-10T12:00:00Z,-7.609444,112.595556,1.5668022632598877,-0.0003632010484579951,-0.0040140054188668,-0.0063416706398129
2024-05-11T12:00:00Z,-7.609444,112.595556,1.5547820329666138,-0.0003999545588158071,-0.0039700232446193,-0.0063663185574114
2024-05-12T12:00:00Z,-7.609444,112.595556,1.535174012184143,-0.0004273627127986401,-0.0039307055994868,-0.0063290419057011
2024-05-13T12:00:00Z,-7.609444,112.595556,1.523681402206421,-0.0004566584248095751,-0.0038921844679862,-0.0063118487596511
2024-05-14T12:00:00Z,-7.609444,112.595556,1.504835605621338,-0.00048296822933480144,-0.0038634634111076,-0.0062470850534737
2024-05-15T12:00:00Z,-7.609444,112.595556,1.4790034294128418,-0.0005162949091754854,-0.0038457042537629,-0.0061761792749166
2024-05-16T12:00:00Z,-7.609444,112.595556,1.4535449743270874,-0.000534297083504498,-0.0038376911543309,-0.0060991728678345
2024-05-17T12:00:00Z,-7.609444,112.595556,1.4331269264221191,-0.0005546652246266603,-0.003817202989012,-0.0060502872802317
2024-05-18T12:00:00Z,-7.609444,112.595556,1.4199092388153076,-0.0005720177432522178,-0.0037896921858191,-0.006023006979376
2024-05-19T12:00:00Z,-7.609444,112.595556,1.398353099822998,-0.0005876380018889904,-0.00377456122078,-0.005977788940072
2024-05-20T12:00:00Z,-7.609444,112.595556,1.385910153388977,-0.0006208164850249887,-0.0037284151185303,-0.005980176385492
2024-05-21T12:00:00Z,-7.609444,112.595556,1.3731136322021484,-0.0006573350401595235,-0.0036905789747834,-0.0059758876450359
2024-05-22T12:00:00Z,-7.609444,112.595556,1.372267723083496,-0.0006813580985181034,-0.0036409995518624,-0.0060022911056876
2024-05-23T12:00:00Z,-7.609444,112.595556,1.3726917505264282,-0.0007067744736559689,-0.003578403731808,-0.0060326876118779
2024-05-24T12:00:00Z,-7.609444,112.595556,1.3936278820037842,-0.0007448670221492648,-0.0035250529181212,-0.0061313170008361
2024-05-25T12:00:00Z,-7.609444,112.595556,1.3904640674591064,-0.0007618216332048178,-0.0034812269732356,-0.0061569488607347
2024-05-26T12:00:00Z,-7.609444,112.595556,1.3814833164215088,-0.0007764988695271313,-0.0034433465916663,-0.0061647314578294
2024-05-27T12:00:00Z,-7.609444,112.595556,1.3708949089050293,-0.000793506798800081,-0.003408380318433,-0.0061618541367352
2024-05-28T12:00:00Z,-7.609444,112.595556,1.3596138954162598,-0.0008138084667734802,-0.0033840890973806,-0.0061469487845897
2024-05-29T12:00:00Z,-7.609444,112.595556,1.348065733909607,-0.0008350071730092168,-0.0033495507668703,-0.0061500752344727
2024-05-30T12:00:00Z,-7.609444,112.595556,1.3431360721588137,-0.0008504108409397304,-0.0032933072652667,-0.0061867251060903
2024-05-31T12:00:00Z,-7.609444,112.595556,1.3303570747375488,-0.0008844030671752989,-0.0032445355318486,-0.0061938371509313
2024-06-01T12:00:00Z,-7.609444,112.595556,1.3337085247039795,-0.0008934669895097613,-0.0031766726169735,-0.0062746875919401
2024-06-02T12:00:00Z,-7.609444,112.595556,1.348357915878296,-0.0009047018247656524,-0.003115264698863,-0.0064033884555101
2024-06-03T12:00:00Z,-7.609444,112.595556,1.342535138130188,-0.000927791465073824,-0.0030590605456382,-0.0064249979332089
2024-06-04T12:00:00Z,-7.609444,112.595556,1.3261679410934448,-0.0009493068791925908,-0.0030120888259261,-0.0063964356668293
2024-06-05T12:00:00Z,-7.609444,112.595556,1.3174861669540403,-0.000970963155850768,-0.002965391613543,-0.0064001469872891
2024-06-06T12:00:00Z,-7.609444,112.595556,1.3046395778656006,-0.000989717897027731,-0.0029322090558707,-0.0063994573429226
2024-06-07T12:00:00Z,-7.609444,112.595556,1.2984845638275146,-0.0009980134200304749,-0.0028790070209652,-0.006440988741815
2024-06-08T12:00:00Z,-7.609444,112.595556,1.2905399799346924,-0.0010036745807155,-0.0028390914667397,-0.0064544323831796
2024-06-09T12:00:00Z,-7.609444,112.595556,1.280500888824463,-0.0010105925612151,-0.0027859844267368,-0.006462428253144
2024-06-10T12:00:00Z,-7.609444,112.595556,1.269827961921692,-0.0010174327762797,-0.0027268375270068,-0.0064703077077865
2024-06-11T12:00:00Z,-7.609444,112.595556,1.2657073736190796,-0.0010299094719812,-0.002668373286724,-0.0065194657072424
2024-06-12T12:00:00Z,-7.609444,112.595556,1.2688674926757812,-0.0010476837633177,-0.0025933373253792,-0.0065887584351003
2024-06-13T12:00:00Z,-7.609444,112.595556,1.2798101902008057,-0.0010616857325658,-0.002528749173507,-0.0066803665831685
2024-06-14T12:00:00Z,-7.609444,112.595556,1.277951717376709,-0.0010786885395646,-0.0024852380156517,-0.0067136595025658
2024-06-15T12:00:00Z,-7.609444,112.595556,1.2669200897216797,-0.0010810501407831,-0.0024332399480044,-0.0066998782567679
2024-06-16T12:00:00Z,-7.609444,112.595556,1.2481470108032229,-0.001088403398171,-0.0023827161639928,-0.0066645131446421
2024-06-17T12:00:00Z,-7.609444,112.595556,1.2400844097137451,-0.0011053996859118,-0.0023303783964365,-0.0066794147714972
2024-06-18T12:00:00Z,-7.609444,112.595556,1.2312273979187012,-0.0011212619720026,-0.0022784834727644,-0.0066966065205633
2024-06-19T12:00:00Z,-7.609444,112.595556,1.2141332626342771,-0.0011316376039758,-0.0022409106604754,-0.0066849561408162
2024-06-20T12:00:00Z,-7.609444,112.595556,1.196653127670288,-0.001155114499852,-0.0021883889567106,-0.0066167647019028
2024-06-21T12:00:00Z,-7.609444,112.595556,1.179645538330078,-0.0011772245634347,-0.0021401683334261,-0.0065681827254593
2024-06-22T12:00:00Z,-7.609444,112.595556,1.1682060956954956,-0.0011902846163138,-0.002073164563626,-0.0065791034139692
2024-06-23T12:00:00Z,-7.609444,112.595556,1.1597706079483032,-0.0011942986166104,-0.0020192193333059,-0.0066067143343389
2024-06-24T12:00:00Z,-7.609444,112.595556,1.1569315195083618,-0.0011995283421128,-0.0019582544919103,-0.0066647324711084
2024-06-25T12:00:00Z,-7.609444,112.595556,1.1496232748031616,-0.0012016496621072,-0.0018852938665077,-0.0067014726810157
2024-06-26T12:00:00Z,-7.609444,112.595556,1.1485775709152222,-0.0011971187777817,-0.0018063525203615,-0.00677440315485
2024-06-27T12:00:00Z,-7.609444,112.595556,1.1472750902175903,-0.0012061410816386,-0.0017611240036785,-0.0068417214788496
2024-06-28T12:00:00Z,-7.609444,112.595556,1.141409397125244,-0.0012165304506197,-0.0017317824531346,-0.0068965558893978
2024-06-29T12:00:00Z,-7.609444,112.595556,1.1456044912338257,-0.0012240542564541,-0.0016910270787775,-0.0069769662804901
2024-06-30T12:00:00Z,-7.609444,112.595556,1.142664670944214,-0.0012281927047297,-0.0016536882612854,-0.0070281499065458
2024-07-01T12:00:00Z,-7.609444,112.595556,1.1479202508926392,-0.0012299251975491,-0.0016167580615729,-0.0071034501306712
2024-07-02T12:00:00Z,-7.609444,112.595556,1.155353307723999,-0.0012303729308769,-0.0015921723097562,-0.0071778823621571
2024-07-03T12:00:00Z,-7.609444,112.595556,1.1578469276428225,-0.0012234677560627,-0.0015459700953215,-0.0072416430339217
2024-07-04T12:00:00Z,-7.609444,112.595556,1.1716727018356323,-0.0012329479213804,-0.0015038170386105,-0.0073428256437182
2024-07-05T12:00:00Z,-7.609444,112.595556,1.1643210649490356,-0.0012304555857554,-0.001465403009206,-0.0073751038871705
2024-07-06T12:00:00Z,-7.609444,112.595556,1.1767606735229492,-0.0012162287021055,-0.0013986114645376,-0.0074693295173347
2024-07-07T12:00:00Z,-7.609444,112.595556,1.170229434967041,-0.0011965472949668,-0.0013242569984868,-0.007496915757656
2024-07-08T12:00:00Z,-7.609444,112.595556,1.150468111038208,-0.0012039901921525,-0.0012589213438332,-0.0074932458810508
2024-07-09T12:00:00Z,-7.609444,112.595556,1.135377287864685,-0.0012067989446222,-0.00120614701882,-0.0074910684488713
2024-07-10T12:00:00Z,-7.609444,112.595556,1.1218388080596924,-0.0012019283603876,-0.0011559081031009,-0.0075036925263702
2024-07-11T12:00:00Z,-7.609444,112.595556,1.104622483253479,-0.0011931940680369,-0.0011095601366832,-0.0074969609268009
2024-07-12T12:00:00Z,-7.609444,112.595556,1.083965539932251,-0.0011647690553218,-0.001072812709026,-0.0074548381380736
2024-07-13T12:00:00Z,-7.609444,112.595556,1.0653867721557615,-0.0011520733823999,-0.001031030784361,-0.0074295257218182
2024-07-14T12:00:00Z,-7.609444,112.595556,1.0430996417999268,-0.0011430499143898,-0.0010053208097815,-0.0074090175330638
2024-07-15T12:00:00Z,-7.609444,112.595556,1.0249415636062622,-0.0011229068040847,-0.0009619604679755868,-0.007407353259623
2024-07-16T12:00:00Z,-7.609444,112.595556,1.0051723718643188,-0.0011013563489541,-0.0009231671574525536,-0.0073803174309432
2024-07-17T12:00:00Z,-7.609444,112.595556,0.9865711331367492,-0.0010761888697743,-0.0008914627833291888,-0.007367996033281
2024-07-18T12:00:00Z,-7.609444,112.595556,0.97296541929245,-0.0010489433770999,-0.0008564876625314355,-0.0073703918606042
2024-07-19T12:00:00Z,-7.609444,112.595556,0.95070219039917,-0.0010243389988318,-0.0008272859849967062,-0.0073612476699054
2024-07-20T12:00:00Z,-7.609444,112.595556,0.9312835335731506,-0.0009951158426702025,-0.000813694263342768,-0.0073439246043562
2024-07-21T12:00:00Z,-7.609444,112.595556,0.9124261140823364,-0.000976614886894822,-0.0007832585251890123,-0.0073293847963213
2024-07-22T12:00:00Z,-7.609444,112.595556,0.8957134485244751,-0.0009591022389940916,-0.0007661181152798235,-0.0073308716528117
2024-07-23T12:00:00Z,-7.609444,112.595556,0.8828673362731934,-0.0009483904577791692,-0.0007753889658488333,-0.0073388167656958
2024-07-24T12:00:00Z,-7.609444,112.595556,0.8685091733932495,-0.000935118179768324,-0.0007842654013074934,-0.0073365760035812
2024-07-25T12:00:00Z,-7.609444,112.595556,0.8529307246208191,-0.0009362612036056815,-0.0007899104966782033,-0.0073307608254253
2024-07-26T12:00:00Z,-7.609444,112.595556,0.837588906288147,-0.0009311807225458324,-0.0007973528699949384,-0.007319048512727
2024-07-27T12:00:00Z,-7.609444,112.595556,0.823632538318634,-0.000913487223442644,-0.0007998393848538399,-0.0073196403682231
2024-07-28T12:00:00Z,-7.609444,112.595556,0.8125835657119751,-0.0008874337072484195,-0.0007982472889125347,-0.0073237991891801
2024-07-29T12:00:00Z,-7.609444,112.595556,0.8055136799812317,-0.0008646358619444072,-0.0007883573998697102,-0.0073268837295472
2024-07-30T12:00:00Z,-7.609444,112.595556,0.8079844117164612,-0.000834838836453855,-0.0007847686647437513,-0.0073668342083692
2024-07-31T12:00:00Z,-7.609444,112.595556,0.8098396062850952,-0.0008145273313857615,-0.0007959067588672042,-0.0074303466826677
2024-08-01T12:00:00Z,-7.609444,112.595556,0.8122067451477051,-0.000794190913438797,-0.0007718100678175688,-0.007500797510147
2024-08-02T12:00:00Z,-7.609444,112.595556,0.824507474899292,-0.0007944226963445544,-0.000744636869058013,-0.0076090083457529
2024-08-03T12:00:00Z,-7.609444,112.595556,0.8148804306983948,-0.0007615176727995276,-0.0007357900612987578,-0.0076315556652843
2024-08-04T12:00:00Z,-7.609444,112.595556,0.7998965978622437,-0.0007163753034546971,-0.000735684297978878,-0.0076114553958177
2024-08-05T12:00:00Z,-7.609444,112.595556,0.7816040515899658,-0.000706508057191968,-0.0007195266080088913,-0.0075662937015295
2024-08-06T12:00:00Z,-7.609444,112.595556,0.77674400806427,-0.0006914830300956964,-0.000689094711560756,-0.0075860265642404
2024-08-07T12:00:00Z,-7.609444,112.595556,0.7771562933921814,-0.0006720897508785129,-0.0006656852783635259,-0.0076306904666125
2024-08-08T12:00:00Z,-7.609444,112.595556,0.7702617645263672,-0.0006557596498169005,-0.0006565900985151529,-0.0076320911757647
2024-08-09T12:00:00Z,-7.609444,112.595556,0.7545302510261536,-0.0006559487665072083,-0.0006676152697764337,-0.0075754323042929
2024-08-10T12:00:00Z,-7.609444,112.595556,0.7407559156417847,-0.0006506198551505804,-0.000678153766784817,-0.0075440104119479
2024-08-11T12:00:00Z,-7.609444,112.595556,0.7279835343360901,-0.0006430710200220346,-0.0006747581646777689,-0.0075391987338662
2024-08-12T12:00:00Z,-7.609444,112.595556,0.7099180221557617,-0.0006284732953645289,-0.0006651311414316297,-0.0075058159418404
2024-08-13T12:00:00Z,-7.609444,112.595556,0.6984418630599976,-0.0005955671658739448,-0.000646650034468621,-0.0074981888756155
2024-08-14T12:00:00Z,-7.609444,112.595556,0.6848725080490112,-0.0005603588651865721,-0.0006278970977291465,-0.0074893427081406
2024-08-15T12:00:00Z,-7.609444,112.595556,0.6745198965072632,-0.0005416253115981817,-0.0006188912084326148,-0.0075018191710114
2024-08-16T12:00:00Z,-7.609444,112.595556,0.6633200645446777,-0.0005157197010703385,-0.0006132876733317971,-0.0075070564635097
2024-08-17T12:00:00Z,-7.609444,112.595556,0.6517037749290466,-0.000462544325273484,-0.0006037906860001385,-0.0075002466328442
2024-08-18T12:00:00Z,-7.609444,112.595556,0.6417656540870667,-0.0004244690935593098,-0.0006118235178291798,-0.0075057749636471
2024-08-19T12:00:00Z,-7.609444,112.595556,0.6363664865493774,-0.0003971529076807201,-0.0006113101844675839,-0.0075352783314883
2024-08-20T12:00:00Z,-7.609444,112.595556,0.6348620653152466,-0.00035830732667818666,-0.0006052078097127378,-0.0075672380626201
2024-08-21T12:00:00Z,-7.609444,112.595556,0.6419685482978821,-0.0002963542938232422,-0.0005834675393998623,-0.0076155741699039
2024-08-22T12:00:00Z,-7.609444,112.595556,0.6476442217826843,-0.0002869702293537557,-0.0005682898918166757,-0.007675205823034
2024-08-23T12:00:00Z,-7.609444,112.595556,0.6440311670303345,-0.0002674336428754032,-0.0005617234855890274,-0.007683231960982
2024-08-24T12:00:00Z,-7.609444,112.595556,0.6399540901184082,-0.00023243087343871596,-0.0005661845207214355,-0.0076881581917405
2024-08-25T12:00:00Z,-7.609444,112.595556,0.6328692436218262,-0.0002256610605400056,-0.0005787468980997801,-0.007683424744755
2024-08-26T12:00:00Z,-7.609444,112.595556,0.6309366822242737,-0.000217984794289805,-0.0005612897220999002,-0.0077065592631697
2024-08-27T12:00:00Z,-7.609444,112.595556,0.6255981922149658,-0.0002059109683614224,-0.0005396360065788031,-0.0077135390602052
2024-08-28T12:00:00Z,-7.609444,112.595556,0.6281725168228149,-0.00018970901146531105,-0.0005184111068956554,-0.0077436938881874
2024-08-29T12:00:00Z,-7.609444,112.595556,0.624435305595398,-0.00017243350157514217,-0.0005228485679253936,-0.0077602914534509
2024-08-30T12:00:00Z,-7.609444,112.595556,0.6104268431663513,-0.00014586841280106455,-0.0005330957937985659,-0.0077166832052171
2024-08-31T12:00:00Z,-7.609444,112.595556,0.5993870496749878,-0.00011224750778637826,-0.000545256887562573,-0.0076742717064917
2024-09-01T12:00:00Z,-7.609444,112.595556,0.5884600877761841,-0.00010526297410251571,-0.0005606196355074644,-0.0076421899721026
2024-09-02T12:00:00Z,-7.609444,112.595556,0.5716598033905029,-8.917597733670846e-05,-0.0005780093488283455,-0.0076061775907874
2024-09-03T12:00:00Z,-7.609444,112.595556,0.5596733093261719,-6.713993934681639e-05,-0.0005967755569145083,-0.007601065095514
2024-09-04T12:00:00Z,-7.609444,112.595556,0.5579410791397095,-2.4472457880619917e-05,-0.0006078089936636388,-0.0076070334762334
2024-09-05T12:00:00Z,-7.609444,112.595556,0.551780104637146,2.962056896649301e-06,-0.0006154627189971507,-0.0075772567652165
2024-09-06T12:00:00Z,-7.609444,112.595556,0.5355311632156372,7.968577847350389e-06,-0.0006369714392349124,-0.0075115570798516
2024-09-07T12:00:00Z,-7.609444,112.595556,0.5298306941986084,1.3681310520041734e-05,-0.0006407854380086064,-0.0075052683241665
2024-09-08T12:00:00Z,-7.609444,112.595556,0.5491257905960083,1.814068673411384e-05,-0.0006392575451172888,-0.0076063075102865
2024-09-09T12:00:00Z,-7.609444,112.595556,0.5691260099411011,1.6295343812089413e-05,-0.0006670373259112239,-0.0077255517244338
2024-09-10T12:00:00Z,-7.609444,112.595556,0.588348388671875,-2.581931767053902e-06,-0.0006765032303519547,-0.0078532015904784
2024-09-11T12:00:00Z,-7.609444,112.595556,0.5746066570281982,-4.064633685629815e-06,-0.000691911147441715,-0.007845114916563
2024-09-12T12:00:00Z,-7.609444,112.595556,0.5548826456069946,-1.236703246831894e-05,-0.0007216678350232542,-0.0077862353064119
2024-09-13T12:00:00Z,-7.609444,112.595556,0.5337588787078857,-1.781196624506265e-05,-0.0007512423326261342,-0.0077232187613844
2024-09-14T12:00:00Z,-7.609444,112.595556,0.5110233426094055,-2.2545580577570945e-05,-0.0007747773779556155,-0.007642650976777
2024-09-15T12:00:00Z,-7.609444,112.595556,0.4904483258724212,-2.3438573407474905e-05,-0.000788519624620676,-0.0075674224644899
2024-09-16T12:00:00Z,-7.609444,112.595556,0.4712367057800293,-3.5158715036232024e-05,-0.0007981418748386204,-0.0075083901174366
2024-09-17T12:00:00Z,-7.609444,112.595556,0.4513513743877411,-4.371521208668128e-05,-0.0007996743079274893,-0.0074533019214868
2024-09-18T12:00:00Z,-7.609444,112.595556,0.4289669990539551,-4.778620495926589e-05,-0.0008143271552398801,-0.0073856390081346
2024-09-19T12:00:00Z,-7.609444,112.595556,0.4055502414703369,-4.70080049126409e-05,-0.000822679721750319,-0.007308293133974
2024-09-20T12:00:00Z,-7.609444,112.595556,0.3903834521770477,-3.395459498278797e-05,-0.0008191450033336878,-0.0072550987824797
2024-09-21T12:00:00Z,-7.609444,112.595556,0.3788561820983886,-3.401970025151968e-05,-0.0008259725291281939,-0.0072192884981632
2024-09-22T12:00:00Z,-7.609444,112.595556,0.3854255676269531,-3.0637311283499e-05,-0.0008351652068085968,-0.0072433557361364
2024-09-23T12:00:00Z,-7.609444,112.595556,0.4002259969711303,-3.188550181221217e-05,-0.0008600428118370473,-0.0073056179098784
2024-09-24T12:00:00Z,-7.609444,112.595556,0.4279745221138,-3.477461723377928e-05,-0.0008607853669673204,-0.007412249688059
2024-09-25T12:00:00Z,-7.609444,112.595556,0.4490782916545868,-5.798493657493964e-05,-0.0008844172116369009,-0.0074790064245462
2024-09-26T12:00:00Z,-7.609444,112.595556,0.4597465693950653,-7.627713057445362e-05,-0.0009223330998793244,-0.0074739051051437
2024-09-27T12:00:00Z,-7.609444,112.595556,0.4525420367717743,-8.067744056461379e-05,-0.0009859136771410704,-0.0073762196116149
2024-09-28T12:00:00Z,-7.609444,112.595556,0.4387911558151245,-7.296224066521972e-05,-0.0010281953727826,-0.0072935661301016
2024-09-29T12:00:00Z,-7.609444,112.595556,0.4390101730823517,-7.436289160978049e-05,-0.0010546834673732,-0.0072813653387129
2024-09-30T12:00:00Z,-7.609444,112.595556,0.4328783750534057,-9.203697845805436e-05,-0.001063976669684,-0.0072747273370623
2024-10-01T12:00:00Z,-7.609444,112.595556,0.4326545596122741,-9.743808186613025e-05,-0.0010737864067777,-0.007281981408596
2024-10-02T12:00:00Z,-7.609444,112.595556,0.4389310777187347,-8.460805838694796e-05,-0.0010753734968602,-0.0073313978500664
2024-10-03T12:00:00Z,-7.609444,112.595556,0.436546117067337,-6.091150135034695e-05,-0.0010779220610857,-0.0073308078572154
2024-10-04T12:00:00Z,-7.609444,112.595556,0.4379777610301971,-4.603815614245832e-05,-0.0010815367568284,-0.0073341997340321
2024-10-05T12:00:00Z,-7.609444,112.595556,0.4282851219177246,-4.810363316209987e-05,-0.001090312260203,-0.0073072765953838
2024-10-06T12:00:00Z,-7.609444,112.595556,0.4168684184551239,-3.6346718843560666e-05,-0.0011071311309933,-0.0072545427829027
2024-10-07T12:00:00Z,-7.609444,112.595556,0.4116105437278747,-1.4309327525552362e-05,-0.0011145088355988,-0.0072087910957634
2024-10-08T12:00:00Z,-7.609444,112.595556,0.3952742218971252,-2.99877137877047e-06,-0.0011300323531031,-0.0071269981563091
2024-10-09T12:00:00Z,-7.609444,112.595556,0.3856889009475708,2.5789006031118333e-05,-0.0011334820883348,-0.0070480522699654
2024-10-10T12:00:00Z,-7.609444,112.595556,0.3829059898853302,3.122987982351333e-05,-0.0011176958214491,-0.0070180119946599
2024-10-11T12:00:00Z,-7.609444,112.595556,0.3797345161437988,4.279361746739596e-05,-0.0011105561861768,-0.007009694352746
2024-10-12T12:00:00Z,-7.609444,112.595556,0.3721299767494201,5.058720125816762e-05,-0.0011287605157122,-0.006989212706685
2024-10-13T12:00:00Z,-7.609444,112.595556,0.3743922710418701,5.522927676793188e-05,-0.0011422570096328,-0.0070004281587898
2024-10-14T12:00:00Z,-7.609444,112.595556,0.3717947602272033,6.156114250188693e-05,-0.0011556994868442,-0.0069931740872561
2024-10-15T12:00:00Z,-7.609444,112.595556,0.3666213452816009,7.413544517476112e-05,-0.0011633044341579,-0.0069771967828273
2024-10-16T12:00:00Z,-7.609444,112.595556,0.3642985820770263,8.775446622166783e-05,-0.0011757520260289,-0.0069764326326549
2024-10-17T12:00:00Z,-7.609444,112.595556,0.3596475124359131,9.444919851375744e-05,-0.0011892438633367,-0.0069694560952484
2024-10-18T12:00:00Z,-7.609444,112.595556,0.3570806384086609,9.852962830336764e-05,-0.00120686145965,-0.0069502815604209
2024-10-19T12:00:00Z,-7.609444,112.595556,0.3534746170043945,8.18024345790036e-05,-0.0012387903407216,-0.006902202963829
2024-10-20T12:00:00Z,-7.609444,112.595556,0.3766902387142181,5.119216802995652e-05,-0.0012617964530363,-0.0069681480526924
2024-10-21T12:00:00Z,-7.609444,112.595556,0.3862807154655456,4.4005348172504455e-05,-0.0012946996139362,-0.0069913077168166
2024-10-22T12:00:00Z,-7.609444,112.595556,0.3674101233482361,2.8370814106892794e-05,-0.0013196368236094,-0.0069154109805822
2024-10-23T12:00:00Z,-7.609444,112.595556,0.3443265855312347,1.6764417523518205e-05,-0.0013347304193302,-0.0068152006715536
2024-10-24T12:00:00Z,-7.609444,112.595556,0.3218294382095337,8.877599611878395e-06,-0.0013433415442705,-0.0067393607459962
2024-10-25T12:00:00Z,-7.609444,112.595556,0.2978331744670868,1.7586913600098342e-05,-0.0013754554092884,-0.0066629704087972
2024-10-26T12:00:00Z,-7.609444,112.595556,0.2742877304553985,1.2963151675648987e-05,-0.0013871056726202,-0.0065660504624247
2024-10-27T12:00:00Z,-7.609444,112.595556,0.2535793781280517,2.903267159126699e-06,-0.0014033840270712,-0.0064617665484547
2024-10-28T12:00:00Z,-7.609444,112.595556,0.2316012680530548,-8.119634003378451e-06,-0.0014154042582958,-0.0063707143999636
2024-10-29T12:00:00Z,-7.609444,112.595556,0.2089901268482208,-2.813040919136256e-05,-0.0014415833866223,-0.006287520751357
2024-10-30T12:00:00Z,-7.609444,112.595556,0.2008618712425232,-3.1406176276504993e-05,-0.0014737860765308,-0.0062410403043031
2024-10-31T12:00:00Z,-7.609444,112.595556,0.213979035615921,-3.82535217795521e-05,-0.0015065209008753,-0.0062754368409514
2024-11-01T12:00:00Z,-7.609444,112.595556,0.2364501357078552,-5.370298458728939e-05,-0.0015164159703999,-0.0063329576514661
2024-11-02T12:00:00Z,-7.609444,112.595556,0.2535681128501892,-7.994563202373683e-05,-0.0015159784816205,-0.0063729332759976
2024-11-03T12:00:00Z,-7.609444,112.595556,0.2764772474765777,-0.00011390883446438238,-0.0015240026405081,-0.0063965301960706
2024-11-04T12:00:00Z,-7.609444,112.595556,0.2941361665725708,-0.00013861442857887596,-0.0015476437984034,-0.006400098092854
2024-11-05T12:00:00Z,-7.609444,112.595556,0.2972267270088196,-0.00014248683874029666,-0.0015627612592652,-0.0063492590561509
2024-11-06T12:00:00Z,-7.609444,112.595556,0.2863910794258117,-0.00015445919416379184,-0.001592804910615,-0.0062868627719581
2024-11-07T12:00:00Z,-7.609444,112.595556,0.2815525233745575,-0.00017318320169579238,-0.0015948740765452,-0.006242664065212
2024-11-08T12:00:00Z,-7.609444,112.595556,0.2872224152088165,-0.00018811914196703583,-0.0015871786745265,-0.0062108188867568
2024-11-09T12:00:00Z,-7.609444,112.595556,0.3044111132621765,-0.00018626777455210688,-0.0015925070038065,-0.0062244087457656
2024-11-10T12:00:00Z,-7.609444,112.595556,0.3184641599655151,-0.00018179402104578912,-0.0015867842594161,-0.0062450338155031
2024-11-11T12:00:00Z,-7.609444,112.595556,0.3377572894096374,-0.00020513545314315704,-0.0015969178639352,-0.0062988973222672
2024-11-12T12:00:00Z,-7.609444,112.595556,0.3335579037666321,-0.0002203532785642892,-0.0016007975209504,-0.0062744375318288
2024-11-13T12:00:00Z,-7.609444,112.595556,0.3282413184642792,-0.0002435346686979756,-0.0016228965250775,-0.0062062116339802
2024-11-14T12:00:00Z,-7.609444,112.595556,0.3290463984012604,-0.00022876213188283143,-0.0016314620152115,-0.0061464286409318
2024-11-15T12:00:00Z,-7.609444,112.595556,0.3261265456676483,-0.0002213468251284212,-0.0016396705759689,-0.0060976948589086
2024-11-16T12:00:00Z,-7.609444,112.595556,0.3466540873050689,-0.0002428954758215696,-0.0016581723466515,-0.0061451601795852
2024-11-17T12:00:00Z,-7.609444,112.595556,0.3621875345706939,-0.0002815835177898407,-0.0016746635083109,-0.006175990216434
2024-11-18T12:00:00Z,-7.609444,112.595556,0.3936806321144104,-0.00033173689735122025,-0.0017010035226121,-0.0062422547489404
2024-11-19T12:00:00Z,-7.609444,112.595556,0.4278435409069061,-0.0003614439337980002,-0.0017329938709735,-0.0063191493973135
2024-11-20T12:00:00Z,-7.609444,112.595556,0.4540523886680603,-0.0003719724481925368,-0.0017651320667937,-0.0063828839920461
2024-11-21T12:00:00Z,-7.609444,112.595556,0.4719079136848449,-0.00036019179970026016,-0.0017890259623527,-0.0063789770938456
2024-11-22T12:00:00Z,-7.609444,112.595556,0.5043493509292603,-0.0003554101858753711,-0.001797059783712,-0.0064252032898366
2024-11-23T12:00:00Z,-7.609444,112.595556,0.5415959358215332,-0.0003499421873129904,-0.0018155329162254,-0.0065208869054913
2024-11-24T12:00:00Z,-7.609444,112.595556,0.5934659242630005,-0.0003408492193557322,-0.001843539183028,-0.0067099118605256
2024-11-25T12:00:00Z,-7.609444,112.595556,0.6139647960662842,-0.0003283611440565437,-0.0018745898269116,-0.0067712324671447
2024-11-26T12:00:00Z,-7.609444,112.595556,0.6438790559768677,-0.0003194986202288419,-0.0019000589381903,-0.0068672010675072
2024-11-27T12:00:00Z,-7.609444,112.595556,0.6805319786071777,-0.0003103140043094754,-0.0019136529881507,-0.0069886455312371
2024-11-28T12:00:00Z,-7.609444,112.595556,0.7489059567451477,-0.00032234229729510844,-0.0019104949897155,-0.0072345985099673
2024-11-29T12:00:00Z,-7.609444,112.595556,0.7814038395881653,-0.00032335956348106265,-0.001902325078845,-0.0073631284758448
2024-11-30T12:00:00Z,-7.609444,112.595556,0.8329078555107117,-0.0003176010795868933,-0.001908762496896,-0.0075647975318133
2024-12-01T12:00:00Z,-7.609444,112.595556,0.8671180605888367,-0.00032447674311697483,-0.0019066127715632,-0.007690604776144
2024-12-02T12:00:00Z,-7.609444,112.595556,0.8981512188911438,-0.0003517874865792692,-0.0019099783385172,-0.0078103076666593
2024-12-03T12:00:00Z,-7.609444,112.595556,0.933044970035553,-0.0003636983747128397,-0.0018925855401903,-0.0079091228544712
2024-12-04T12:00:00Z,-7.609444,112.595556,0.9496669173240662,-0.0003751749463845045,-0.001910793595016,-0.0079239234328269
2024-12-05T12:00:00Z,-7.609444,112.595556,0.9976202249526978,-0.0004176515794824809,-0.0019106585532426,-0.0080696735531091
2024-12-06T12:00:00Z,-7.609444,112.595556,1.052934646606445,-0.000457958085462451,-0.0019351512892171,-0.0082537624984979
2024-12-07T12:00:00Z,-7.609444,112.595556,1.0616127252578735,-0.0004766879428643733,-0.0019605052657425,-0.0082413712516427
2024-12-08T12:00:00Z,-7.609444,112.595556,1.0711982250213623,-0.0004924845998175442,-0.0019910782575607,-0.0082399882376194
2024-12-09T12:00:00Z,-7.609444,112.595556,1.0988116264343262,-0.0005088507896289229,-0.0020329274702817,-0.0083256103098392
2024-12-10T12:00:00Z,-7.609444,112.595556,1.1320521831512451,-0.0005318161565810442,-0.0020565537270158,-0.0084349270910024
2024-12-11T12:00:00Z,-7.609444,112.595556,1.1587836742401123,-0.0005495381192304194,-0.0020916368812322,-0.0084996381774544
2024-12-12T12:00:00Z,-7.609444,112.595556,1.1910439729690552,-0.0005694123101420701,-0.0021213018335402,-0.0085875438526272
2024-12-13T12:00:00Z,-7.609444,112.595556,1.208025574684143,-0.0005908961757086217,-0.002140769502148,-0.0086226351559162
2024-12-14T12:00:00Z,-7.609444,112.595556,1.275244951248169,-0.0006347039598040283,-0.002177367452532,-0.0088352682068943
2024-12-15T12:00:00Z,-7.609444,112.595556,1.3043137788772583,-0.0006514545530080795,-0.0022112398874014,-0.0088992975652217
2024-12-16T12:00:00Z,-7.609444,112.595556,1.3016371726989746,-0.0006448722560890019,-0.0022471060510724,-0.0088381832465529
2024-12-17T12:00:00Z,-7.609444,112.595556,1.3284902572631836,-0.0006511564715765417,-0.0022662272676825,-0.0088913105428218
2024-12-18T12:00:00Z,-7.609444,112.595556,1.326374888420105,-0.000652552058454603,-0.0022784078028053,-0.0088278343901038
2024-12-19T12:00:00Z,-7.609444,112.595556,1.3131914138793943,-0.0006401384016498923,-0.0022834197152405,-0.0087387096136808
2024-12-20T12:00:00Z,-7.609444,112.595556,1.3246394395828247,-0.00062840327154845,-0.0022919010370969,-0.0087575055658817
2024-12-21T12:00:00Z,-7.609444,112.595556,1.3425281047821045,-0.0006122917984612286,-0.0023001972585916,-0.0087814619764685
2024-12-22T12:00:00Z,-7.609444,112.595556,1.3594262599945068,-0.0006160830380395055,-0.0023015271872282,-0.0087834745645523
2024-12-23T12:00:00Z,-7.609444,112.595556,1.3861658573150637,-0.0006139504257589579,-0.0023199415300041,-0.0088247787207365
2024-12-24T12:00:00Z,-7.609444,112.595556,1.414983868598938,-0.0006110564572736621,-0.0023326755035668,-0.0088584665209054
2024-12-25T12:00:00Z,-7.609444,112.595556,1.418949007987976,-0.0006044591427780688,-0.0023480136878788,-0.0088059250265359
2024-12-26T12:00:00Z,-7.609444,112.595556,1.4417940378189087,-0.0006153953145258129,-0.0023564312141388,-0.0088177025318145
2024-12-27T12:00:00Z,-7.609444,112.595556,1.4229494333267212,-0.0006060822634026408,-0.002398342359811,-0.0087049733847379
2024-12-28T12:00:00Z,-7.609444,112.595556,1.4333810806274414,-0.0006140421610325575,-0.00244842749089,-0.0086932051926851
2024-12-29T12:00:00Z,-7.609444,112.595556,1.421959638595581,-0.0006336048245429993,-0.0024902608711272,-0.0085653951391577
2024-12-30T12:00:00Z,-7.609444,112.595556,1.441689372062683,-0.0006394851952791214,-0.0025127951521426,-0.0085887694731354
2024-12-31T12:00:00Z,-7.609444,112.595556,1.4616899490356443,-0.000621865619905293,-0.0025286681484431,-0.0086140632629394
2025-01-01T12:00:00Z,-7.609444,112.595556,1.4710454311934712e-08,-0.000603268586939995,-0.0025888939060044,-0.0086020035002931
2025-01-02T12:00:00Z,-7.609444,112.595556,1.4919296737257975e-08,-0.0005885531628888703,-0.0026231091507062,-0.0086255660014989
2025-01-03T12:00:00Z,-7.609444,112.595556,1.4743575875976491e-08,-0.0005722436581490748,-0.0026440322836474,-0.0085056631120473
2025-01-04T12:00:00Z,-7.609444,112.595556,1.4805163904755098e-08,-0.0005565672011298657,-0.0026561079884746,-0.0084671259510273
2025-01-05T12:00:00Z,-7.609444,112.595556,1.4893372924542764e-08,-0.0005350275579721843,-0.0026792987252481,-0.0084134298090585
2025-01-06T12:00:00Z,-7.609444,112.595556,1.5088421789740897e-08,-0.0005158819467671399,-0.0027030070356891,-0.0084293618554806
2025-01-07T12:00:00Z,-7.609444,112.595556,1.5160423292988575e-08,-0.0005165413458257297,-0.0027321423095503,-0.0084164492622422
2025-01-08T12:00:00Z,-7.609444,112.595556,1.5241854550973162e-08,-0.0005095818716016969,-0.0027533912081836,-0.0083836677117115
2025-01-09T12:00:00Z,-7.609444,112.595556,1.5145614337494516e-08,-0.0004892460871874606,-0.0027731583419879,-0.0082780548519526
2025-01-10T12:00:00Z,-7.609444,112.595556,1.5105868858182853e-08,-0.0004943198880898401,-0.0027890566263124,-0.0082101106332791
2025-01-11T12:00:00Z,-7.609444,112.595556,1.5219619825784683e-08,-0.0004903068107861033,-0.0027991459763776,-0.0082224439049844
2025-01-12T12:00:00Z,-7.609444,112.595556,1.5399047192230947e-08,-0.0004967386770817737,-0.0028094241066731,-0.0082490522537825
2025-01-13T12:00:00Z,-7.609444,112.595556,1.5618499430815183e-08,-0.00047142119658647656,-0.0028189349958901,-0.0082705690298269
2025-01-14T12:00:00Z,-7.609444,112.595556,1.5912718451009536e-08,-0.0004472651302985417,-0.002828525907348,-0.0083232478494475
2025-01-15T12:00:00Z,-7.609444,112.595556,1.594845851194519e-08,-0.0004372821491538679,-0.002831511018364,-0.0083091791056721
2025-01-16T12:00:00Z,-7.609444,112.595556,1.5867496569899515e-08,-0.00043403167385350894,-0.0028376561307654,-0.0082687707042289
2025-01-17T12:00:00Z,-7.609444,112.595556,1.5903799011396623e-08,-0.0004185934349657614,-0.0028501736773486,-0.0082704333050919
2025-01-18T12:00:00Z,-7.609444,112.595556,1.6055326786418514e-08,-0.00041716011340340046,-0.0028703566076513,-0.0083131862783413
2025-01-19T12:00:00Z,-7.609444,112.595556,1.6274707269509394e-08,-0.0004101900448575147,-0.0028843781233383,-0.0083779227486029
2025-01-20T12:00:00Z,-7.609444,112.595556,1.6616653935728237e-08,-0.0003849945998524143,-0.0028908228467781,-0.0084642170766624
2025-01-21T12:00:00Z,-7.609444,112.595556,1.6632247852690974e-08,-0.0003587605471998918,-0.0029040781170164,-0.0084502029262481
2025-01-22T12:00:00Z,-7.609444,112.595556,1.668214639050528e-08,-0.0003380093877798841,-0.0029180373049464,-0.0084282908285211
2025-01-23T12:00:00Z,-7.609444,112.595556,1.6771617295414622e-08,-0.0003215109406881846,-0.0029430761472968,-0.0084425165020474
2025-01-24T12:00:00Z,-7.609444,112.595556,1.6928340530793508e-08,-0.00032679817556677075,-0.0029676954868077,-0.008482355590252
2025-01-25T12:00:00Z,-7.609444,112.595556,1.6872205676551972e-08,-0.0003213156814261105,-0.0029905322096929,-0.0084296522207651
2025-01-26T12:00:00Z,-7.609444,112.595556,1.7121744696272065e-08,-0.0003291107630529076,-0.0030114632009029,-0.0084981337466769
2025-01-27T12:00:00Z,-7.609444,112.595556,1.715675165546312e-08,-0.00032656873249994114,-0.0030428023075353,-0.0084900480518227
2025-01-28T12:00:00Z,-7.609444,112.595556,1.7489652921266274e-08,-0.00031995053678241664,-0.0030540665611544,-0.0086038462163391
2025-01-29T12:00:00Z,-7.609444,112.595556,1.7769820773774214e-08,-0.00031460672322567704,-0.0030669545120908,-0.0086811678956303
2025-01-30T12:00:00Z,-7.609444,112.595556,1.7743859407833488e-08,-0.0003103199032258691,-0.0030923569239361,-0.0086111824248935
2025-01-31T12:00:00Z,-7.609444,112.595556,1.7514017937642632e-08,-0.00031505310102083865,-0.0031207600203078,-0.008467777462426
2025-02-01T12:00:00Z,-7.609444,112.595556,1.7219596432170578e-08,-0.00032719549531023224,-0.0031537398048351,-0.0083239673445424
2025-02-02T12:00:00Z,-7.609444,112.595556,1.6893219892260372e-08,-0.00033789088187391507,-0.0031825652062165,-0.0081583202269759
2025-02-03T12:00:00Z,-7.609444,112.595556,1.6665008253977552e-08,-0.00033399377066588466,-0.003198795741432,-0.0080545906042887
2025-02-04T12:00:00Z,-7.609444,112.595556,1.6442686877717943e-08,-0.00033154733599169065,-0.0032185079594208,-0.0079506595320375
2025-02-05T12:00:00Z,-7.609444,112.595556,1.6343308804809108e-08,-0.00034237387898996337,-0.0032162988762759,-0.0078781675538163
2025-02-06T12:00:00Z,-7.609444,112.595556,1.630165562617826e-08,-0.00032587618106478774,-0.0032368473120991,-0.0078285587935881
2025-02-07T12:00:00Z,-7.609444,112.595556,1.625558459709655e-08,-0.0003075543806093353,-0.0032493248827366,-0.0077738133101286
2025-02-08T12:00:00Z,-7.609444,112.595556,1.618242896626269e-08,-0.0003091711416768882,-0.0032676068032354,-0.0077185986166273
2025-02-09T12:00:00Z,-7.609444,112.595556,1.6037302617835563e-08,-0.000310918558765701,-0.0032803000070637,-0.0076187333093394
2025-02-10T12:00:00Z,-7.609444,112.595556,1.5965279113923652e-08,-0.0002943824590989257,-0.003288129958643,-0.0075537615150935
2025-02-11T12:00:00Z,-7.609444,112.595556,1.568083836447402e-08,-0.0002721864693020899,-0.0033264553238241,-0.0073877460187955
2025-02-12T12:00:00Z,-7.609444,112.595556,1.5515936505103684e-08,-0.00024334551683458477,-0.0033697869401947,-0.0072593927132834
2025-02-13T12:00:00Z,-7.609444,112.595556,1.5400636640613612e-08,-0.00021872037014416355,-0.0034132288438726,-0.0071332473382661
2025-02-14T12:00:00Z,-7.609444,112.595556,1.5379177277227165e-08,-0.0002085084402352024,-0.0034400941866284,-0.0070705758694063
2025-02-15T12:00:00Z,-7.609444,112.595556,1.529614291196438e-08,-0.0001903596857061016,-0.0034646195833608,-0.0069674239303674
2025-02-16T12:00:00Z,-7.609444,112.595556,1.5202872893417573e-08,-0.00017901408180461578,-0.0034727139203399,-0.0068696371683839
2025-02-17T12:00:00Z,-7.609444,112.595556,1.5314060011433327e-08,-0.00017118433429886938,-0.0034514363336016,-0.0068631021252649
2025-02-18T12:00:00Z,-7.609444,112.595556,1.537244704415823e-08,-0.000162788670652496,-0.0034366910064425,-0.0068399637862595
2025-02-19T12:00:00Z,-7.609444,112.595556,1.5430118850549128e-08,-0.0001564979128974405,-0.0034475293332076,-0.0068211156799751
2025-02-20T12:00:00Z,-7.609444,112.595556,1.5372736567985675e-08,-0.00014265972869829385,-0.003461645665723,-0.0067805754866802
2025-02-21T12:00:00Z,-7.609444,112.595556,1.543589401349002e-08,-0.00013866633952159814,-0.003459816569005,-0.0067788960692402
2025-02-22T12:00:00Z,-7.609444,112.595556,1.5727543726850384e-08,-0.0001413981354390982,-0.0034686783340502,-0.0068662214879761
2025-02-23T12:00:00Z,-7.609444,112.595556,1.6029965756709368e-08,-0.00017081073933886902,-0.0034896825751758,-0.0069545053654141
2025-02-24T12:00:00Z,-7.609444,112.595556,1.6574971790380252e-08,-0.00019747026340877644,-0.0035165709213892,-0.0071528805979347
2025-02-25T12:00:00Z,-7.609444,112.595556,1.6697573858250242e-08,-0.00019059380760641105,-0.0035433409682719,-0.0071906987189841
2025-02-26T12:00:00Z,-7.609444,112.595556,1.6863142818077803e-08,-0.0002104879097342229,-0.0035564279885003,-0.0072468758373279
2025-02-27T12:00:00Z,-7.609444,112.595556,1.691130393444258e-08,-0.00023183833390224025,-0.0035665619862686,-0.0072438590458005
2025-02-28T12:00:00Z,-7.609444,112.595556,1.6873346938304562e-08,-0.0002481549103652382,-0.0035740526488181,-0.00722007785346
2025-03-01T12:00:00Z,-7.609444,112.595556,1.665206793864418e-08,-0.0002583720244889367,-0.0035766279797293,-0.0071343806431981
2025-03-02T12:00:00Z,-7.609444,112.595556,1.6455563763963855e-08,-0.00026894492340023054,-0.0035962410400143,-0.007036463343153
2025-03-03T12:00:00Z,-7.609444,112.595556,1.6359732633582232e-08,-0.00027785485940856115,-0.0036042276046732,-0.0069760717716431
2025-03-04T12:00:00Z,-7.609444,112.595556,1.6271558324767936e-08,-0.0003023114252943116,-0.0036182312823504,-0.0068844810749113
2025-03-05T12:00:00Z,-7.609444,112.595556,1.611175206843189e-08,-0.00031585350400017493,-0.0036474091647861,-0.0067502536784894
2025-03-06T12:00:00Z,-7.609444,112.595556,1.6296976891083527e-08,-0.00033099216190355426,-0.0036525649300057,-0.0067823032116577
2025-03-07T12:00:00Z,-7.609444,112.595556,1.643926565960193e-08,-0.000324081563442074,-0.0036611548981472,-0.0067964590000504
2025-03-08T12:00:00Z,-7.609444,112.595556,1.6626301932166875e-08,-0.00032446272453914534,-0.0036828532672711,-0.0068249598521584
2025-03-09T12:00:00Z,-7.609444,112.595556,1.6815964711789365e-08,-0.00033067363275311485,-0.0036847048481846,-0.0068689697126284
2025-03-10T12:00:00Z,-7.609444,112.595556,1.7025457043155583e-08,-0.00033228724707735707,-0.0036976122701838,-0.0069412969933949
2025-03-11T12:00:00Z,-7.609444,112.595556,1.6872451135800797e-08,-0.00029329222665936506,-0.0037118165986011,-0.0068796146396083
2025-03-12T12:00:00Z,-7.609444,112.595556,1.699260742920714e-08,-0.00028218015266432843,-0.0037104782867494,-0.0069152783979966
2025-03-13T12:00:00Z,-7.609444,112.595556,1.7012110431804452e-08,-0.00027598024083530764,-0.00373329185488,-0.0068951269298792
2025-03-14T12:00:00Z,-7.609444,112.595556,1.7149178153808042e-08,-0.0002630584710857909,-0.003749393869268,-0.0069247515277819
2025-03-15T12:00:00Z,-7.609444,112.595556,1.7201986901815663e-08,-0.00026556204948088,-0.0037970085430837,-0.0069189888777838
2025-03-16T12:00:00Z,-7.609444,112.595556,1.7286439716303266e-08,-0.0002713465849374005,-0.0038289309343604,-0.0069118717382155
2025-03-17T12:00:00Z,-7.609444,112.595556,1.731540748064278e-08,-0.00028395118626021776,-0.0038493245421452,-0.0068997660498774
2025-03-18T12:00:00Z,-7.609444,112.595556,1.7370142501013578e-08,-0.0002657445018820373,-0.0038532973211853,-0.0069174960771588
2025-03-19T12:00:00Z,-7.609444,112.595556,1.7557059547861336e-08,-0.0002600048322550898,-0.0038354541567043,-0.0069854119354991
2025-03-20T12:00:00Z,-7.609444,112.595556,1.7419829231607453e-08,-0.0002539812313648995,-0.0038350418785203,-0.0069333130856315
2025-03-21T12:00:00Z,-7.609444,112.595556,1.7239168309744233e-08,-0.0002379056028252712,-0.0038524702897981,-0.0068849431640369
2025-03-22T12:00:00Z,-7.609444,112.595556,1.736574552403409e-08,-0.0002332775712746212,-0.0038654846845177,-0.0069752275453887
2025-03-23T12:00:00Z,-7.609444,112.595556,1.7162966231522363e-08,-0.00023929616483882768,-0.0038741904511382,-0.0069200865563436
2025-03-24T12:00:00Z,-7.609444,112.595556,1.709884334452221e-08,-0.0002560982112336299,-0.0038899919086884,-0.0069192658264522
2025-03-25T12:00:00Z,-7.609444,112.595556,1.6843326426360895e-08,-0.0002594744920918766,-0.0038957002274744,-0.0068418167952629
2025-03-26T12:00:00Z,-7.609444,112.595556,1.6701019251820292e-08,-0.0002734658467994729,-0.003889095232286,-0.0068054030789704
2025-03-27T12:00:00Z,-7.609444,112.595556,1.665126711888598e-08,-0.0002883683890868349,-0.0038960561347786,-0.0067923505421753
2025-03-28T12:00:00Z,-7.609444,112.595556,1.7019369008876032e-08,-0.000323387848890418,-0.0038944453120959,-0.0069407775381882
2025-03-29T12:00:00Z,-7.609444,112.595556,1.7102268446662975e-08,-0.0003386115108870528,-0.0038873713605633,-0.0069629107495089
2025-03-30T12:00:00Z,-7.609444,112.595556,1.7104534650566974e-08,-0.00033846454307550445,-0.0038802488487953,-0.0069450811144045
2025-03-31T12:00:00Z,-7.609444,112.595556,1.6998951594381128e-08,-0.0003419527262725628,-0.0038605281612035,-0.0068753577840041
2025-04-01T12:00:00Z,-7.609444,112.595556,1.7125528951072766e-08,-0.0003592077772492736,-0.0038334002123284,-0.0069014680658306
2025-04-02T12:00:00Z,-7.609444,112.595556,1.7525318844876512e-08,-0.0004021084468424674,-0.0038228038036063,-0.0070167901527316
2025-04-03T12:00:00Z,-7.609444,112.595556,1.7584323893422785e-08,-0.0004193418129742133,-0.0038253649282269,-0.0069836352296742
2025-04-04T12:00:00Z,-7.609444,112.595556,1.7461800415745764e-08,-0.00041613361799194994,-0.0038150056325184,-0.0068711068868539
2025-04-05T12:00:00Z,-7.609444,112.595556,1.7310666313952227e-08,-0.0003970966672652148,-0.0038223955654215,-0.0067382867417108
2025-04-06T12:00:00Z,-7.609444,112.595556,1.7103684217803012e-08,-0.0003684565733698297,-0.0038230444617735,-0.0066208506013817
2025-04-07T12:00:00Z,-7.609444,112.595556,1.6907759371838994e-08,-0.0003674237387263797,-0.0037983514064607,-0.0065170739482169
2025-04-08T12:00:00Z,-7.609444,112.595556,1.6840846749524813e-08,-0.0003742208682587072,-0.0037824072680288,-0.0064859068721069
2025-04-09T12:00:00Z,-7.609444,112.595556,1.6700765623442037e-08,-0.0003849814701582076,-0.003789397445659,-0.0064526902433783
2025-04-10T12:00:00Z,-7.609444,112.595556,1.6746250894591065e-08,-0.0003814111185377471,-0.0037927692172659,-0.0064726731540465
2025-04-11T12:00:00Z,-7.609444,112.595556,1.6793182466655993e-08,-0.0003770473713330499,-0.0037970841803583,-0.006510772652505
2025-04-12T12:00:00Z,-7.609444,112.595556,1.6709934917194603e-08,-0.00037632354847523286,-0.0037765302097654,-0.0065014605645311
2025-04-13T12:00:00Z,-7.609444,112.595556,1.6795651723891574e-08,-0.00039618282242592686,-0.0037495421184386,-0.0065657361911964
2025-04-14T12:00:00Z,-7.609444,112.595556,1.697059370836282e-08,-0.00041531491760184,-0.0037265391479342,-0.0066531285564379
2025-04-15T12:00:00Z,-7.609444,112.595556,1.6844398194195144e-08,-0.00039321912992042337,-0.0037156686287523,-0.0066341527077095
2025-04-16T12:00:00Z,-7.609444,112.595556,1.6733326709460483e-08,-0.0003815067070123605,-0.003704401760959,-0.0066184274203578
2025-04-17T12:00:00Z,-7.609444,112.595556,1.6740151380111056e-08,-0.0003976039455907136,-0.0036930199230973,-0.0066648330009389
2025-04-18T12:00:00Z,-7.609444,112.595556,1.6765413272467756e-08,-0.0003913893796631827,-0.0036965555971849,-0.0067178397347358
2025-04-19T12:00:00Z,-7.609444,112.595556,1.6619549671657298e-08,-0.0003953499188734396,-0.0036953937800079,-0.0066644384409764
2025-04-20T12:00:00Z,-7.609444,112.595556,1.644975032802115e-08,-0.00042458386437624666,-0.0036865232469991,-0.0066001984262022
2025-04-21T12:00:00Z,-7.609444,112.595556,1.631873996267345e-08,-0.0004532321048370004,-0.0036698625179448,-0.006571771672304
2025-04-22T12:00:00Z,-7.609444,112.595556,1.610889926035703e-08,-0.0004686286764020982,-0.0036319146235921,-0.0065145161103792
2025-04-23T12:00:00Z,-7.609444,112.595556,1.5885606954841452e-08,-0.000461207036522708,-0.0035948201512973,-0.0064461686165481
2025-04-24T12:00:00Z,-7.609444,112.595556,1.5666351715839725e-08,-0.0004700236390432,-0.0035457376578282,-0.0063612312024951
2025-04-25T12:00:00Z,-7.609444,112.595556,1.5476926330526192e-08,-0.0004933575345846374,-0.0035196613602534,-0.0063064737839575
2025-04-26T12:00:00Z,-7.609444,112.595556,1.529218452213625e-08,-0.0005256045806374199,-0.0035080215767322,-0.0062577305918229
2025-04-27T12:00:00Z,-7.609444,112.595556,1.5004498617705172e-08,-0.0005392510123236667,-0.0034705848950142,-0.0061666203811254
2025-04-28T12:00:00Z,-7.609444,112.595556,1.476338064539828e-08,-0.0005582312592603957,-0.003451979038605,-0.0060866763869033
2025-04-29T12:00:00Z,-7.609444,112.595556,1.45663663660439e-08,-0.0005689552831895002,-0.0034211443288241,-0.0060269103826975
2025-04-30T12:00:00Z,-7.609444,112.595556,1.43137977752049e-08,-0.0005998910940750643,-0.0034035579753783,-0.0059428646541744
2025-05-01T12:00:00Z,-7.609444,112.595556,1.4144103098671069e-08,-0.0006215999168832525,-0.0033742461353717,-0.005905600972412
2025-05-02T12:00:00Z,-7.609444,112.595556,1.4076629556076248e-08,-0.0006442577774553827,-0.0033499343311244,-0.0058933942525283
2025-05-03T12:00:00Z,-7.609444,112.595556,1.387810505732698e-08,-0.0006504645860380197,-0.0033374190498982,-0.0058319083214662
2025-05-04T12:00:00Z,-7.609444,112.595556,1.3737427644851774e-08,-0.0006366532892681552,-0.0033221008034305,-0.0058010074990969
2025-05-05T12:00:00Z,-7.609444,112.595556,1.3606415713795508e-08,-0.0006432378284766055,-0.0032877396694004,-0.0057789829530466
2025-05-06T12:00:00Z,-7.609444,112.595556,1.357077279316908e-08,-0.0006794654123724741,-0.0032430594464164,-0.0057903880532967
2025-05-07T12:00:00Z,-7.609444,112.595556,1.3616826026982651e-08,-0.0007133391864868222,-0.0032063107386149,-0.005849008147318
2025-05-08T12:00:00Z,-7.609444,112.595556,1.359920291854896e-08,-0.0007401744619124561,-0.0031674249472754,-0.0058945221120507
2025-05-09T12:00:00Z,-7.609444,112.595556,1.3746974255365669e-08,-0.0007658793534130839,-0.0031052753296905,-0.0059887167285145
2025-05-10T12:00:00Z,-7.609444,112.595556,1.3694275868754505e-08,-0.0007859259942062017,-0.0030566972999876,-0.0060157878056166
2025-05-11T12:00:00Z,-7.609444,112.595556,1.3856528969599544e-08,-0.0008038136676906011,-0.0030032888794043,-0.0061201785798071
2025-05-12T12:00:00Z,-7.609444,112.595556,1.4120960509154509e-08,-0.0008357891497490467,-0.0029644247499602,-0.0062640262392866
2025-05-13T12:00:00Z,-7.609444,112.595556,1.4281365474293872e-08,-0.0008645934004576617,-0.0029301791458469,-0.0063693884045443
2025-05-14T12:00:00Z,-7.609444,112.595556,1.4301914371974986e-08,-0.0008879733415497555,-0.0028992474223215,-0.006424345737553
2025-05-15T12:00:00Z,-7.609444,112.595556,1.4418062548310497e-08,-0.0009265997045473368,-0.0028677966050683,-0.006497871263923
2025-05-16T12:00:00Z,-7.609444,112.595556,1.4545677768836965e-08,-0.0009639950619596064,-0.0028215965195528,-0.006571877697923
2025-05-17T12:00:00Z,-7.609444,112.595556,1.4647275723763692e-08,-0.0009981652699535193,-0.0027686631171701,-0.0066151215055322
2025-05-18T12:00:00Z,-7.609444,112.595556,1.465441217509902e-08,-0.0010191913106627,-0.002721449400373,-0.006622707338072
2025-05-19T12:00:00Z,-7.609444,112.595556,1.50247133003591e-08,-0.0010474370977209,-0.0026813585689064,-0.0067803150651552
2025-05-20T12:00:00Z,-7.609444,112.595556,1.4860033385609068e-08,-0.00105007517885,-0.0026409429333724,-0.0067360062009643
2025-05-21T12:00:00Z,-7.609444,112.595556,1.4725327948207348e-08,-0.001079205010037,-0.0025760253885968,-0.0067399354644872
2025-05-22T12:00:00Z,-7.609444,112.595556,1.4818274743207864e-08,-0.0011029506970639,-0.0025040505563316,-0.0068351437739571
2025-05-23T12:00:00Z,-7.609444,112.595556,1.4995533796011482e-08,-0.0011188100800515,-0.0024448495640861,-0.0069600674816298
2025-05-24T12:00:00Z,-7.609444,112.595556,1.4871828272101326e-08,-0.0011329897103916,-0.0023840486483348,-0.0069592245782852
2025-05-25T12:00:00Z,-7.609444,112.595556,1.4789012149756366e-08,-0.0011327446266396,-0.0023125098442714,-0.0069678001286749
2025-05-26T12:00:00Z,-7.609444,112.595556,1.5030563886287237e-08,-0.0011435213856945,-0.0022441366369177,-0.0071034667008134
2025-05-27T12:00:00Z,-7.609444,112.595556,1.5021403187731802e-08,-0.0011380533987071,-0.0021874825559014,-0.0071576887975646
2025-05-28T12:00:00Z,-7.609444,112.595556,1.4865649870181186e-08,-0.0011482292813126,-0.002112889675076,-0.0071318482185657
2025-05-29T12:00:00Z,-7.609444,112.595556,1.4655468947572146e-08,-0.0011606455444548,-0.0020562744850867,-0.0071082208464658
2025-05-30T12:00:00Z,-7.609444,112.595556,1.4526686972676846e-08,-0.0011631693562807,-0.0020039470406853,-0.0071293708351727
2025-05-31T12:00:00Z,-7.609444,112.595556,1.4553944807079784e-08,-0.0011813858289285,-0.0019528871155417,-0.0072112585709394
2025-06-01T12:00:00Z,-7.609444,112.595556,1.4420796050819146e-08,-0.0011942915890575,-0.0019069478860424,-0.0072153784007524
2025-06-02T12:00:00Z,-7.609444,112.595556,1.4164844149850824e-08,-0.0012055611856248,-0.0018704402627443,-0.0071824840637617
2025-06-03T12:00:00Z,-7.609444,112.595556,1.3941879311129341e-08,-0.0012111964403229,-0.0018177299910583,-0.0071419240986248
2025-06-04T12:00:00Z,-7.609444,112.595556,1.3690900878977516e-08,-0.0012266340176094,-0.0017511565142687,-0.0070894309657773
2025-06-05T12:00:00Z,-7.609444,112.595556,1.341358389306786e-08,-0.001250264308735,-0.0016690691533199,-0.0070193691222953
2025-06-06T12:00:00Z,-7.609444,112.595556,1.3156764915204598e-08,-0.001284229795349,-0.0015813586861589,-0.0069666711538691
2025-06-07T12:00:00Z,-7.609444,112.595556,1.2900622653146594e-08,-0.0013029237147354,-0.0015148850819613,-0.0069254709345087
2025-06-08T12:00:00Z,-7.609444,112.595556,1.2940737364949178e-08,-0.0013306137084747,-0.0014464636545849,-0.0069920684341098
2025-06-09T12:00:00Z,-7.609444,112.595556,1.2846976856420069e-08,-0.001360732023769,-0.0013717324983612,-0.0070050173085706
2025-06-10T12:00:00Z,-7.609444,112.595556,1.2738205300309029e-08,-0.0013897030287317,-0.0012798568944246,-0.0070115704033132
2025-06-11T12:00:00Z,-7.609444,112.595556,1.2546106419157564e-08,-0.001404432692677,-0.0011921090829749,-0.0069764600629179
2025-06-12T12:00:00Z,-7.609444,112.595556,1.2297839730829161e-08,-0.0014225108838192,-0.0011173005215519,-0.00691194739815
2025-06-13T12:00:00Z,-7.609444,112.595556,1.2175468479603636e-08,-0.0014398019390258,-0.00104968686713,-0.0069026236754743
2025-06-14T12:00:00Z,-7.609444,112.595556,1.2198703215772705e-08,-0.0014483538254247,-0.0009836144582951645,-0.0069204296999252
2025-06-15T12:00:00Z,-7.609444,112.595556,1.2082981501293812e-08,-0.0014559237902793,-0.0009194572374806896,-0.0069109146774402
2025-06-16T12:00:00Z,-7.609444,112.595556,1.2113113754449889e-08,-0.0014655418630703,-0.0008639093079508128,-0.0069647120861907
2025-06-17T12:00:00Z,-7.609444,112.595556,1.2012831554025233e-08,-0.0014829813784054,-0.0008073971929181065,-0.006967709264358
2025-06-18T12:00:00Z,-7.609444,112.595556,1.2042566134964616e-08,-0.0014884769155458,-0.0007458709189202091,-0.0070281282291267
2025-06-19T12:00:00Z,-7.609444,112.595556,1.2087340669902592e-08,-0.0014931570705558,-0.0006770977553875863,-0.007089151243933
2025-06-20T12:00:00Z,-7.609444,112.595556,1.1991278606722941e-08,-0.0015092885567939,-0.0006373281669473271,-0.0071084469383015
2025-06-21T12:00:00Z,-7.609444,112.595556,1.1939962612304107e-08,-0.0015360883950729,-0.0005935317019861973,-0.0071414280249169
2025-06-22T12:00:00Z,-7.609444,112.595556,1.1897083670443584e-08,-0.0015562754151233,-0.0005445096706421907,-0.0071818807956985
2025-06-23T12:00:00Z,-7.609444,112.595556,1.1787645944199652e-08,-0.0015574429348077,-0.0004935829561135564,-0.0071907665839577
2025-06-24T12:00:00Z,-7.609444,112.595556,1.1622110032853756e-08,-0.0015618309982184,-0.0004411932843083803,-0.007176971940835
2025-06-25T12:00:00Z,-7.609444,112.595556,1.1460171444258896e-08,-0.0015630009162106,-0.0003934654914399103,-0.0071746538263114
2025-06-26T12:00:00Z,-7.609444,112.595556,1.1340319008544741e-08,-0.0015564335875387,-0.0003454653818948609,-0.0071655398417357
2025-06-27T12:00:00Z,-7.609444,112.595556,1.1307546895384578e-08,-0.0015678916883033,-0.00028275006187394424,-0.0072025626219624
2025-06-28T12:00:00Z,-7.609444,112.595556,1.126227464770357e-08,-0.0015652745834162,-0.0002367424661327709,-0.0072267292092659
2025-06-29T12:00:00Z,-7.609444,112.595556,1.1120675641645156e-08,-0.0015605975540812,-0.00019804993755749388,-0.0072196791555183
2025-06-30T12:00:00Z,-7.609444,112.595556,1.0918320386444732e-08,-0.0015517197672903,-0.00016949779187040937,-0.0071852175931131
2025-07-01T12:00:00Z,-7.609444,112.595556,1.0735868705267738e-08,-0.0015529500978548,-0.00015935340435514715,-0.0071469244807873
2025-07-02T12:00:00Z,-7.609444,112.595556,1.0623847529758655e-08,-0.001547985848874,-0.0001347410195446242,-0.0071567356664645
2025-07-03T12:00:00Z,-7.609444,112.595556,1.0706275898877048e-08,-0.0015257969337199,-0.00010509552919755878,-0.0072353491258913
2025-07-04T12:00:00Z,-7.609444,112.595556,1.0624873828849385e-08,-0.0014989208937405,-8.005074017727751e-05,-0.00724523152602
2025-07-05T12:00:00Z,-7.609444,112.595556,1.05593196751426e-08,-0.0014778475154463,-5.6259680589197336e-05,-0.0072809691610479
2025-07-06T12:00:00Z,-7.609444,112.595556,1.0687935219902882e-08,-0.0014506974264876,-2.1090233382446808e-05,-0.0073856083541781
2025-07-07T12:00:00Z,-7.609444,112.595556,1.0689493362519354e-08,-0.0014250609355536,2.212332239567525e-05,-0.0074492816282714
2025-07-08T12:00:00Z,-7.609444,112.595556,1.048967246581594e-08,-0.0013886820468984,5.416582895797188e-05,-0.0074176433881473
2025-07-09T12:00:00Z,-7.609444,112.595556,1.0333444279770742e-08,-0.0013502476157279,8.356761971275764e-05,-0.0073959073662435
2025-07-10T12:00:00Z,-7.609444,112.595556,1.0137203267329054e-08,-0.0013418002507015,0.00012307516966441365,-0.0073630120504951
2025-07-11T12:00:00Z,-7.609444,112.595556,9.917578415030277e-09,-0.0013468196302903,0.00016967834776599714,-0.0073194061169648
2025-07-12T12:00:00Z,-7.609444,112.595556,9.86026180048806e-09,-0.001333702782585,0.000206792144202946,-0.0073317072245327
2025-07-13T12:00:00Z,-7.609444,112.595556,9.787389890796033e-09,-0.0013250014196253,0.0002497042307412111,-0.0073476633711746
2025-07-14T12:00:00Z,-7.609444,112.595556,9.713602724977618e-09,-0.0013095213289468,0.00027669012184492045,-0.0073649733175349
2025-07-15T12:00:00Z,-7.609444,112.595556,9.603366957855197e-09,-0.0013001088734142,0.00030368801124303416,-0.0073758251148098
2025-07-16T12:00:00Z,-7.609444,112.595556,9.509090707270529e-09,-0.0012912689596934,0.00035253755997139856,-0.0073857590602829
2025-07-17T12:00:00Z,-7.609444,112.595556,9.337779025669196e-09,-0.0012856542253417,0.0003998145538893488,-0.0073502933649739
2025-07-18T12:00:00Z,-7.609444,112.595556,9.149913636810849e-09,-0.0012908164854757,0.00042323243344772905,-0.0073194348754633
2025-07-19T12:00:00Z,-7.609444,112.595556,8.932352376483394e-09,-0.0012891595863217,0.000426098104897733,-0.0073023730495997
2025-07-20T12:00:00Z,-7.609444,112.595556,8.702137301150458e-09,-0.0012803794449782,0.0004172576708346683,-0.0072663759770525
2025-07-21T12:00:00Z,-7.609444,112.595556,8.503766778707553e-09,-0.0012588370106279,0.0004256494245206806,-0.007241999766494
2025-07-22T12:00:00Z,-7.609444,112.595556,8.343086413399181e-09,-0.0012521747412647,0.000438119287354826,-0.0072598537083603
2025-07-23T12:00:00Z,-7.609444,112.595556,8.195312400521883e-09,-0.001232963049618,0.0004369860125039746,-0.0072581377896719
2025-07-24T12:00:00Z,-7.609444,112.595556,8.090839422074444e-09,-0.0012191559336933,0.00043907440343020885,-0.0072727379640217
2025-07-25T12:00:00Z,-7.609444,112.595556,7.984318392012945e-09,-0.0012098256372875,0.000443778335494452,-0.0072901035518644
2025-07-26T12:00:00Z,-7.609444,112.595556,7.883212954831242e-09,-0.0011859253672788,0.000462145112595787,-0.0073020383115169
2025-07-27T12:00:00Z,-7.609444,112.595556,7.782315270136483e-09,-0.0011582151060177,0.0004881618524937417,-0.0072742134605154
2025-07-28T12:00:00Z,-7.609444,112.595556,7.621604893493081e-09,-0.0011466110704643,0.0005077726888829401,-0.0072416115869179
2025-07-29T12:00:00Z,-7.609444,112.595556,7.460866803490186e-09,-0.0011513847699939,0.0005072888766994651,-0.0072222044582331
2025-07-30T12:00:00Z,-7.609444,112.595556,7.338625143594508e-09,-0.0011488549060425,0.0005271166200906313,-0.0072186145189277
2025-07-31T12:00:00Z,-7.609444,112.595556,7.122043550052384e-09,-0.0011292574531545,0.0005576405310353559,-0.0071684427531903
2025-08-01T12:00:00Z,-7.609444,112.595556,6.955827563223324e-09,-0.0011097733259095,0.000603508017471827,-0.0071249828107891
2025-08-02T12:00:00Z,-7.609444,112.595556,6.8086678453212604e-09,-0.0010928864710298,0.0006293890207779949,-0.0070912001908671
2025-08-03T12:00:00Z,-7.609444,112.595556,6.853267525366058e-09,-0.0010741326295173,0.0006399615616014035,-0.0071203888254583
2025-08-04T12:00:00Z,-7.609444,112.595556,6.8487699798025045e-09,-0.001058204492428,0.00065547236302478,-0.0071370526169021
2025-08-05T12:00:00Z,-7.609444,112.595556,6.740487886715821e-09,-0.0010377242886042,0.0006652207659367252,-0.0071120978213707
2025-08-06T12:00:00Z,-7.609444,112.595556,6.585061079384996e-09,-0.0010326494173677,0.0006732043045271467,-0.0070818857364452
2025-08-07T12:00:00Z,-7.609444,112.595556,6.462944759694857e-09,-0.0010106754950524,0.0007001204295300935,-0.0070584175715379
2025-08-08T12:00:00Z,-7.609444,112.595556,6.3833516897825795e-09,-0.000985215490551165,0.00071204826386525,-0.0070268946231613
2025-08-09T12:00:00Z,-7.609444,112.595556,6.365869281080943e-09,-0.0009854078265024468,0.0007290645109691834,-0.0070368400175352
2025-08-10T12:00:00Z,-7.609444,112.595556,6.3477442215607765e-09,-0.0010011840809416,0.0007391583142698026,-0.0070576076519661
2025-08-11T12:00:00Z,-7.609444,112.595556,6.469510556831151e-09,-0.0010059323786668,0.0007631366149710513,-0.0071166816709341
2025-08-12T12:00:00Z,-7.609444,112.595556,6.598879083361091e-09,-0.0009984323962131138,0.0007792879837771573,-0.0072017367840531
2025-08-13T12:00:00Z,-7.609444,112.595556,6.5560770850635474e-09,-0.0009847059676542154,0.0007789801672390762,-0.0072165298285691
2025-08-14T12:00:00Z,-7.609444,112.595556,6.481316291899713e-09,-0.0009606521173818988,0.0007867567286131313,-0.0071986903743979
2025-08-15T12:00:00Z,-7.609444,112.595556,6.386138041431506e-09,-0.000934372287116881,0.0007844864506490764,-0.0071765423575299
2025-08-16T12:00:00Z,-7.609444,112.595556,6.304895755967939e-09,-0.000906703199273662,0.0007852544658137272,-0.0071571180602004
2025-08-17T12:00:00Z,-7.609444,112.595556,6.229211349600067e-09,-0.0008818885763337851,0.0007964534747318366,-0.0071416378553785
2025-08-18T12:00:00Z,-7.609444,112.595556,6.300043116137131e-09,-0.0008615267938141694,0.0008052479999389109,-0.0072017581583349
2025-08-19T12:00:00Z,-7.609444,112.595556,6.9216965941372275e-09,-0.0008507932641314794,0.0008397392471817919,-0.0074586799431202
2025-08-20T12:00:00Z,-7.609444,112.595556,7.046675525035135e-09,-0.0008317549199566882,0.0008401182478613189,-0.0075514009068115
2025-08-21T12:00:00Z,-7.609444,112.595556,6.982808692661185e-09,-0.0008255285202448645,0.0008270386054729622,-0.0075644046420536
2025-08-22T12:00:00Z,-7.609444,112.595556,6.868648644318041e-09,-0.0008137389254611414,0.0008172976147627059,-0.0075502067928958
2025-08-23T12:00:00Z,-7.609444,112.595556,6.837833762273873e-09,-0.0007869255503391499,0.0008175357665669193,-0.007563343519577
2025-08-24T12:00:00Z,-7.609444,112.595556,6.80306738928784e-09,-0.0007660178927804658,0.0008171381597246597,-0.0075633356030487
2025-08-25T12:00:00Z,-7.609444,112.595556,6.706979443116792e-09,-0.0007676750639880033,0.0007992838761815887,-0.007552280859863
2025-08-26T12:00:00Z,-7.609444,112.595556,6.5978566617254965e-09,-0.0007601592564760248,0.0007766062125466036,-0.0075222162225305
2025-08-27T12:00:00Z,-7.609444,112.595556,6.5955557940713275e-09,-0.0007429806781332652,0.0007521631179824255,-0.0075377375433092
2025-08-28T12:00:00Z,-7.609444,112.595556,6.526931784624113e-09,-0.0007500729888448778,0.000716799159008047,-0.0075451795150684
2025-08-29T12:00:00Z,-7.609444,112.595556,6.473660327459792e-09,-0.0007476584782517652,0.0006958346083950621,-0.00755124061954
2025-08-30T12:00:00Z,-7.609444,112.595556,6.391382089527814e-09,-0.0007379459089577356,0.0007023509708385351,-0.0075281006329676
2025-08-31T12:00:00Z,-7.609444,112.595556,6.2950613760038924e-09,-0.000726990461236416,0.0007048415342482593,-0.0075086568270922
2025-09-01T12:00:00Z,-7.609444,112.595556,6.204966371847966e-09,-0.0007222000104421987,0.0007022565297607763,-0.0074898529684083
2025-09-02T12:00:00Z,-7.609444,112.595556,6.124950806681976e-09,-0.0007216542447037565,0.0007036378779610911,-0.0074767877402007
2025-09-03T12:00:00Z,-7.609444,112.595556,6.1130830535360076e-09,-0.0007027466781794199,0.000705196889218953,-0.0074744731111848
2025-09-04T12:00:00Z,-7.609444,112.595556,6.0493571425015356e-09,-0.0006906842171362696,0.000699925788279339,-0.0074335839848723
2025-09-05T12:00:00Z,-7.609444,112.595556,6.045164786154446e-09,-0.0006982048642862537,0.0007002343722323784,-0.0074342455927001
2025-09-06T12:00:00Z,-7.609444,112.595556,6.056816948107717e-09,-0.000709141410053891,0.0007145154600651303,-0.0074391539314141
2025-09-07T12:00:00Z,-7.609444,112.595556,6.005490000742103e-09,-0.0007025185205705743,0.0007237133506167998,-0.0074297346885191
2025-09-08T12:00:00Z,-7.609444,112.595556,6.001696117465007e-09,-0.0006771967874247453,0.0007472727454625712,-0.0074360848676791
2025-09-09T12:00:00Z,-7.609444,112.595556,6.215710437972147e-09,-0.0006712805769875176,0.0007604432204988788,-0.0075390591541792
2025-09-10T12:00:00Z,-7.609444,112.595556,6.564653371322164e-09,-0.0006769839025027967,0.0007567045891314282,-0.0076850929964298
2025-09-11T12:00:00Z,-7.609444,112.595556,6.584860045323458e-09,-0.0006770809396842003,0.0007365102206492893,-0.0077092909049881
2025-09-12T12:00:00Z,-7.609444,112.595556,6.56587487645899e-09,-0.0006826955483881984,0.0007354501237939765,-0.007720580770529
2025-09-13T12:00:00Z,-7.609444,112.595556,6.492061821589372e-09,-0.0006895680594862916,0.0007284313233073021,-0.0077142470953912
2025-09-14T12:00:00Z,-7.609444,112.595556,6.409723571830482e-09,-0.0006828341007196084,0.0007056966302613605,-0.0077003492296691
2025-09-15T12:00:00Z,-7.609444,112.595556,6.445557905255057e-09,-0.000680866458453206,0.0007049858002548837,-0.0077179939779536
2025-09-16T12:00:00Z,-7.609444,112.595556,6.687563045991103e-09,-0.0006936445170464486,0.0007046616497322377,-0.0078255078442526
2025-09-17T12:00:00Z,-7.609444,112.595556,6.799666619946084e-09,-0.0007272340812796427,0.0006906434207638285,-0.0078694234958786
2025-09-18T12:00:00Z,-7.609444,112.595556,6.721098952517706e-09,-0.0007441970537142345,0.0006851687248497424,-0.0078436278603078
2025-09-19T12:00:00Z,-7.609444,112.595556,6.698124227185041e-09,-0.0007652550210779118,0.0006895802387163072,-0.0078477794215962
2025-09-20T12:00:00Z,-7.609444,112.595556,6.5471755096220465e-09,-0.0007742946844737959,0.0006807881414497716,-0.0077716248466079
2025-09-21T12:00:00Z,-7.609444,112.595556,6.3815414238983835e-09,-0.0007703004140473083,0.0006564145533312412,-0.0077147802934879
2025-09-22T12:00:00Z,-7.609444,112.595556,6.174439041678761e-09,-0.000775689260216638,0.0006239266487239862,-0.0076270905613718
2025-09-23T12:00:00Z,-7.609444,112.595556,5.959514518136847e-09,-0.0007764354559213163,0.0005757338280786695,-0.0075344465566686
2025-09-24T12:00:00Z,-7.609444,112.595556,5.840340341041062e-09,-0.0007696181207730981,0.0005420771334094458,-0.0074796322691343
2025-09-25T12:00:00Z,-7.609444,112.595556,5.676041854466013e-09,-0.0007802284479301421,0.0005253614843056684,-0.0074091217777575
2025-09-26T12:00:00Z,-7.609444,112.595556,5.535653512708273e-09,-0.0007937611021289043,0.0005049559074456037,-0.0073622065293787
2025-09-27T12:00:00Z,-7.609444,112.595556,5.404166716495685e-09,-0.0008026984781410089,0.0004984833741380336,-0.0073119962934866
2025-09-28T12:00:00Z,-7.609444,112.595556,5.365537815410417e-09,-0.0007942273517120084,0.0005014699772282699,-0.0072936243176846
2025-09-29T12:00:00Z,-7.609444,112.595556,5.481765872293932e-09,-0.0007846635367103522,0.0005036657542159658,-0.0073400875568463
2025-09-30T12:00:00Z,-7.609444,112.595556,5.688376236718517e-09,-0.0007734523903711308,0.0004976362333958677,-0.0074138631283679
2025-10-01T12:00:00Z,-7.609444,112.595556,5.6629174910983895e-09,-0.0007712726653003361,0.0004705528649352627,-0.00739944915502
2025-10-02T12:00:00Z,-7.609444,112.595556,5.535637738978668e-09,-0.0007785334127292866,0.0004570583477475603,-0.0073469626828045
2025-10-03T12:00:00Z,-7.609444,112.595556,5.4028838964560645e-09,-0.0007891127442864229,0.000445288138368988,-0.0073006951277431
2025-10-04T12:00:00Z,-7.609444,112.595556,5.322632127403306e-09,-0.0007787377536885834,0.0004127265456216444,-0.0072848036435822
2025-10-05T12:00:00Z,-7.609444,112.595556,5.252155098615574e-09,-0.0007702081863607184,0.0003716058186938784,-0.0072540729916107
2025-10-06T12:00:00Z,-7.609444,112.595556,5.1453820340877765e-09,-0.0007761415804033099,0.00033766258389843044,-0.0072065661088591
2025-10-07T12:00:00Z,-7.609444,112.595556,4.990939446426513e-09,-0.0007806978944481898,0.00030092724796543387,-0.0071194765263403
2025-10-08T12:00:00Z,-7.609444,112.595556,4.833090533948767e-09,-0.0007860661276992013,0.000277575913672968,-0.0070228438039692
2025-10-09T12:00:00Z,-7.609444,112.595556,4.623532165914157e-09,-0.0007997313214020829,0.0002672903364588135,-0.0069182301166206
2025-10-10T12:00:00Z,-7.609444,112.595556,4.454951946506221e-09,-0.000819500837591267,0.0002436748024411268,-0.0068390109258636
2025-10-11T12:00:00Z,-7.609444,112.595556,4.318250518144688e-09,-0.00083273021416709,0.0002250216655038398,-0.0067819407179911
2025-10-12T12:00:00Z,-7.609444,112.595556,4.233354163076602e-09,-0.0008533462943441734,0.00021780301676302592,-0.0067051631057436
2025-10-13T12:00:00Z,-7.609444,112.595556,4.141182272257716e-09,-0.0008713717153135743,0.000202016469194591,-0.0066451014671803
2025-10-14T12:00:00Z,-7.609444,112.595556,4.035199876740505e-09,-0.0008864606344529296,0.00018598246309648695,-0.00659942460261
2025-10-15T12:00:00Z,-7.609444,112.595556,3.9723314851095245e-09,-0.000912089819730052,0.00016727218247255293,-0.006585716176124
2025-10-16T12:00:00Z,-7.609444,112.595556,3.938455869531706e-09,-0.0009326266645707516,0.0001474199457110513,-0.0065687617573417
2025-10-17T12:00:00Z,-7.609444,112.595556,3.8595805381413665e-09,-0.000957205151875259,0.00014899935081067177,-0.0065377548185118
2025-10-18T12:00:00Z,-7.609444,112.595556,3.758889987329057e-09,-0.0009729738321815724,0.00015056152982491567,-0.0064752195173265
2025-10-19T12:00:00Z,-7.609444,112.595556,3.749508856885172e-09,-0.0009786215278166691,0.0001255498562277461,-0.0064290465833323
2025-10-20T12:00:00Z,-7.609444,112.595556,3.859388180192773e-09,-0.0009895996974042028,0.00011836168329034234,-0.0064586302909138
2025-10-21T12:00:00Z,-7.609444,112.595556,4.4653935579905584e-09,-0.0010216840844016,0.00011933687862811034,-0.0066881582603285
2025-10-22T12:00:00Z,-7.609444,112.595556,4.8025663343869535e-09,-0.0010459837340665,0.00011286232790225256,-0.0068132212781764
2025-10-23T12:00:00Z,-7.609444,112.595556,5.021261859514211e-09,-0.0010610363177689,8.887273627751046e-05,-0.0068717554256345
2025-10-24T12:00:00Z,-7.609444,112.595556,5.270415103411969e-09,-0.0010928844344042,7.202758945097255e-05,-0.0069539235645206
2025-10-25T12:00:00Z,-7.609444,112.595556,5.400932284046447e-09,-0.0011020226732734,7.50239242622573e-05,-0.0069745556264399
2025-10-26T12:00:00Z,-7.609444,112.595556,5.5982641741179295e-09,-0.0011240926791444,5.797875283535781e-05,-0.007020267083306
2025-10-27T12:00:00Z,-7.609444,112.595556,6.066420724204561e-09,-0.0011463273458924,-0.0003273618890955139,-0.0071852988110362
2025-10-28T12:00:00Z,-7.609444,112.595556,6.353309970310561e-09,-0.001137176417399,-0.00033991644968394183,-0.0072636281877573
2025-10-29T12:00:00Z,-7.609444,112.595556,6.410246771916793e-09,-0.0011135426088694,-0.00037605910925587457,-0.0072463008086247
2025-10-30T12:00:00Z,-7.609444,112.595556,6.5075892131542074e-09,-0.0010918864782421,-0.0004059745794511108,-0.0072604918544745
2025-10-31T12:00:00Z,-7.609444,112.595556,6.520439222665501e-09,-0.0010923710065718,-0.00046932872644275293,-0.007259068593503
2025-11-01T12:00:00Z,-7.609444,112.595556,6.602382389909638e-09,-0.0010979062274048,-0.0005043682428895618,-0.0072972727353878
2025-11-02T12:00:00Z,-7.609444,112.595556,6.773620759172145e-09,-0.0011027927742151,-0.0005282071841966074,-0.0073705389012415
2025-11-03T12:00:00Z,-7.609444,112.595556,6.975964277922044e-09,-0.001102545900264,-0.0005389159336633772,-0.0074400151037152
2025-11-04T12:00:00Z,-7.609444,112.595556,7.274800110378218e-09,-0.0011008013996054,-0.0005602322972254651,-0.0075444296523079
2025-11-05T12:00:00Z,-7.609444,112.595556,7.50259579115256e-09,-0.0011139595356115,-0.0005840898182973909,-0.0076250701916057
2025-11-06T12:00:00Z,-7.609444,112.595556,7.521964674631385e-09,-0.0011091901009565,-0.0006179009638179873,-0.0076189111409884
2025-11-07T12:00:00Z,-7.609444,112.595556,7.640988852787431e-09,-0.0010931966025857,-0.0006445418503471447,-0.0076434974496579
2025-11-08T12:00:00Z,-7.609444,112.595556,7.814346775260746e-09,-0.0010724410912748,-0.000662613405879806,-0.0077118266200244
2025-11-09T12:00:00Z,-7.609444,112.595556,7.890866012175627e-09,-0.0010689761352126,-0.000695455939267934,-0.0077343964769213
2025-11-10T12:00:00Z,-7.609444,112.595556,8.021367555931858e-09,-0.0010742321211292,-0.000720718551728648,-0.007750723721725
2025-11-11T12:00:00Z,-7.609444,112.595556,8.313553406730801e-09,-0.0010851060905334,-0.0007410680523929577,-0.0078232618205786
2025-11-12T12:00:00Z,-7.609444,112.595556,8.567064371414245e-09,-0.0010743395126921,-0.0007424207559213969,-0.0078808533295635
2025-11-13T12:00:00Z,-7.609444,112.595556,8.5577495960905e-09,-0.0010621693620928,-0.0007603967208295404,-0.007822717496766
2025-11-14T12:00:00Z,-7.609444,112.595556,8.707317339472908e-09,-0.0010343440660128,-0.0007733859318845438,-0.0078168362079736
2025-11-15T12:00:00Z,-7.609444,112.595556,8.961279891450246e-09,-0.0010163685993146,-0.0007871115509696209,-0.0078678089054283
2025-11-16T12:00:00Z,-7.609444,112.595556,9.147228342814365e-09,-0.0010312147984246,-0.0007918374938775726,-0.0079134676336014
2025-11-17T12:00:00Z,-7.609444,112.595556,9.300907831972644e-09,-0.0010443040881179,-0.0007966290922669721,-0.0079380658700454
2025-11-18T12:00:00Z,-7.609444,112.595556,9.583491013527923e-09,-0.0010604668638671,-0.0008257569661140917,-0.0080258906089482
2025-11-19T12:00:00Z,-7.609444,112.595556,9.800180061555312e-09,-0.0010716492118029,-0.0008530805003668961,-0.0081102388261992
2025-11-20T12:00:00Z,-7.609444,112.595556,1.0057071494721936e-08,-0.001090368606706,-0.0008735850894252828,-0.0081652543769884
2025-11-21T12:00:00Z,-7.609444,112.595556,1.0273290453965052e-08,-0.0011051043430131,-0.0009036301824119536,-0.008215028253518
2025-11-22T12:00:00Z,-7.609444,112.595556,1.0364202599912341e-08,-0.0011045806346893,-0.0009384489599786776,-0.0082210692851524
2025-11-23T12:00:00Z,-7.609444,112.595556,1.0570355933488983e-08,-0.0011213647539034,-0.000970568875525653,-0.0082635895689766
2025-11-24T12:00:00Z,-7.609444,112.595556,1.0581007394139225e-08,-0.0011269025186436,-0.0009911171842836989,-0.0082279512150694
2025-11-25T12:00:00Z,-7.609444,112.595556,1.0418715123101608e-08,-0.001140281571587,-0.0010070623065108,-0.0081390033543304
2025-11-26T12:00:00Z,-7.609444,112.595556,1.0620658044221284e-08,-0.0011509497144881,-0.0010354104187047,-0.0082015999557248
2025-11-27T12:00:00Z,-7.609444,112.595556,1.0580676777098314e-08,-0.0011690584711503,-0.0010653956266881,-0.0081786300844557
2025-11-28T12:00:00Z,-7.609444,112.595556,1.0637568367572447e-08,-0.0011783101806378,-0.0010818163425737,-0.0081875378315022
2025-11-29T12:00:00Z,-7.609444,112.595556,1.0608076099345832e-08,-0.0011881049908194,-0.0010945692727283,-0.0081342643679722
2025-11-30T12:00:00Z,-7.609444,112.595556,1.0458075254119312e-08,-0.0012068903753777,-0.00110158287454,-0.0080306109695321
2025-12-01T12:00:00Z,-7.609444,112.595556,1.0395424720099453e-08,-0.0012205997609371,-0.0011183054093763,-0.0079832155751862
2025-12-02T12:00:00Z,-7.609444,112.595556,1.0596793824524516e-08,-0.0012222917772385,-0.0011470563640083,-0.0079959324814545
2025-12-03T12:00:00Z,-7.609444,112.595556,1.0621188149192165e-08,-0.0012267450699331,-0.0011491957182588,-0.0079505562422588
2025-12-04T12:00:00Z,-7.609444,112.595556,1.070481792953609e-08,-0.001238317775662,-0.0011855255117134,-0.0079250696247657
2025-12-05T12:00:00Z,-7.609444,112.595556,1.0883931924585386e-08,-0.0012485143980606,-0.0012073954311075,-0.0079518176085078
2025-12-06T12:00:00Z,-7.609444,112.595556,1.0967312409042737e-08,-0.0012496390079634,-0.0012287769162009,-0.007935616951627
2025-12-07T12:00:00Z,-7.609444,112.595556,1.099121575536824e-08,-0.0012328049911546,-0.0012385395041514,-0.0078903866029686
2025-12-08T12:00:00Z,-7.609444,112.595556,1.1395035006483733e-08,-0.0012238900353779,-0.0012332354278422,-0.0079657677222127
2025-12-09T12:00:00Z,-7.609444,112.595556,1.1392614387720472e-08,-0.0012036527692277,-0.0012579712467614,-0.0078992713960316
2025-12-10T12:00:00Z,-7.609444,112.595556,1.136008261378783e-08,-0.0011912646478825,-0.0013143301312505,-0.0078657125075199
2025-12-11T12:00:00Z,-7.609444,112.595556,1.1260269294637249e-08,-0.0011644406986066,-0.0013490951807917,-0.007818294038377
2025-12-12T12:00:00Z,-7.609444,112.595556,1.1193099862289076e-08,-0.0011291665743057,-0.0013580193014213,-0.0077589190039984
2025-12-13T12:00:00Z,-7.609444,112.595556,1.1108499768723105e-08,-0.0011101322770226,-0.0013840749776627,-0.0076992212494158
2025-12-14T12:00:00Z,-7.609444,112.595556,1.1319900763193708e-08,-0.0010965993785396,-0.0014002672688137,-0.0077499140260801
2025-12-15T12:00:00Z,-7.609444,112.595556,1.13011429446235e-08,-0.001064187592225,-0.0014298971200049,-0.007684764382397
2025-12-16T12:00:00Z,-7.609444,112.595556,1.1141804203339821e-08,-0.0010187444322601,-0.0014479196379217,-0.0075574875963825
2025-12-17T12:00:00Z,-7.609444,112.595556,1.1001536995968457e-08,-0.0009898078794189555,-0.0014852283303829,-0.0074463601794852
2025-12-18T12:00:00Z,-7.609444,112.595556,1.1130973914157933e-08,-0.0009674943857995652,-0.0015236731264278,-0.0074261361235516
2025-12-19T12:00:00Z,-7.609444,112.595556,1.1152153057374258e-08,-0.0009374897052424092,-0.001582974726137,-0.0073420921520157
2025-12-20T12:00:00Z,-7.609444,112.595556,1.1456643543623064e-08,-0.000911441180714756,-0.0016057411311936,-0.0074117374859995
2025-12-21T12:00:00Z,-7.609444,112.595556,1.1694227163012022e-08,-0.0008775480416963861,-0.0016153442048363,-0.0074643899393519
2025-12-22T12:00:00Z,-7.609444,112.595556,1.174157135004152e-08,-0.0008463606145429662,-0.0016109138662095,-0.0074405545429169
2025-12-23T12:00:00Z,-7.609444,112.595556,1.1723574777966611e-08,-0.0008158154865579334,-0.0016080217866667,-0.0073998074785709
2025-12-24T12:00:00Z,-7.609444,112.595556,1.1632176413152074e-08,-0.0008012658799734352,-0.0016169452199391,-0.0073192178902086
2025-12-25T12:00:00Z,-7.609444,112.595556,1.1626070171399493e-08,-0.0007997527706385565,-0.0016211374487298,-0.0072716130075513
2025-12-26T12:00:00Z,-7.609444,112.595556,1.176623234080184e-08,-0.0008036402625222875,-0.0016360200452142,-0.0073082778027448
2025-12-27T12:00:00Z,-7.609444,112.595556,1.1799671406050476e-08,-0.0007866937064694336,-0.0016670928756948,-0.0073005540296329
2025-12-28T12:00:00Z,-7.609444,112.595556,1.1682468272086892e-08,-0.0007562071218659516,-0.001703812692079,-0.007208046232992
2025-12-29T12:00:00Z,-7.609444,112.595556,1.1579445451814369e-08,-0.0007478679423366439,-0.0017458796192101,-0.0071108331053376
2025-12-30T12:00:00Z,-7.609444,112.595556,1.1616442249431597e-08,-0.0007482398122426312,-0.001783155825542,-0.0070932634315272
2025-12-31T12:00:00Z,-7.609444,112.595556,1.1948944349689041e-08,-0.0007612150052728899,-0.0018143429956743,-0.0072169681129001
2026-01-01T12:00:00Z,-7.609444,112.595556,1.2286780878958637e-08,-0.0007893774397841172,-0.0018426540055239,-0.0073393382001429
2026-01-02T12:00:00Z,-7.609444,112.595556,1.2353130332909376e-08,-0.0008118582764625378,-0.0018666901739545,-0.0073649146186907
2026-01-03T12:00:00Z,-7.609444,112.595556,1.242647180985781e-08,-0.0008155144335548084,-0.0018878250533046,-0.0073718281096427
2026-01-04T12:00:00Z,-7.609444,112.595556,1.2386730280325261e-08,-0.0007882320821386111,-0.0019050064749709,-0.0073101030556741
2026-01-05T12:00:00Z,-7.609444,112.595556,1.2326937168708757e-08,-0.0007765051107722549,-0.0019325517768404,-0.0072304255530106
2026-01-06T12:00:00Z,-7.609444,112.595556,1.2077059697300189e-08,-0.0007829780021925241,-0.0019796157213545,-0.0071005124175935
2026-01-07T12:00:00Z,-7.609444,112.595556,1.201310485363202e-08,-0.0007816705644865498,-0.0020056870474262,-0.0070548647703846
2026-01-08T12:00:00Z,-7.609444,112.595556,1.210255133020942e-08,-0.0007661195243060209,-0.0020323361519112,-0.0070320786742751
2026-01-09T12:00:00Z,-7.609444,112.595556,1.228229297904676e-08,-0.0007608387510939568,-0.0020651953102409,-0.0070200489635756
2026-01-10T12:00:00Z,-7.609444,112.595556,1.2419212881959969e-08,-0.0007628471576540984,-0.0020885045910561,-0.0069931569430892
2026-01-11T12:00:00Z,-7.609444,112.595556,1.2598978723171484e-08,-0.000765271311382036,-0.0021114597667042,-0.0070045302213999
2026-01-12T12:00:00Z,-7.609444,112.595556,1.2454524860665264e-08,-0.0007644088959365059,-0.002154111208283,-0.0068925916966412
2026-01-13T12:00:00Z,-7.609444,112.595556,1.2338775506493308e-08,-0.00076243432695814,-0.0021802942957863,-0.00679555108516
2026-01-14T12:00:00Z,-7.609444,112.595556,1.2490281992884751e-08,-0.0007735135690619558,-0.0022098650480207,-0.0068126500993955
2026-01-15T12:00:00Z,-7.609444,112.595556,1.2583672373184178e-08,-0.0007693167987909186,-0.0022321772321935,-0.006810833259226
2026-01-16T12:00:00Z,-7.609444,112.595556,1.2436210527346398e-08,-0.0007591492671610801,-0.0022602137944944,-0.0067036063195752
2026-01-17T12:00:00Z,-7.609444,112.595556,1.2553049046933193e-08,-0.0007615248520216034,-0.0022828389024883,-0.0067102505023304
2026-01-18T12:00:00Z,-7.609444,112.595556,1.2444184944809929e-08,-0.0007448705399300263,-0.0023049529371678,-0.0066422030458094
2026-01-19T12:00:00Z,-7.609444,112.595556,1.2358328597116502e-08,-0.0007241964147033337,-0.0023223886967721,-0.0065790476274558
2026-01-20T12:00:00Z,-7.609444,112.595556,1.2287480027512198e-08,-0.0007064148370306212,-0.002330821377795,-0.0064938289970587
2026-01-21T12:00:00Z,-7.609444,112.595556,1.2245938486892856e-08,-0.0006870810020350098,-0.0023557851534729,-0.006411670934518
2026-01-22T12:00:00Z,-7.609444,112.595556,1.2236037370410385e-08,-0.0006678908898687284,-0.002399587425884,-0.006353411572213
2026-01-23T12:00:00Z,-7.609444,112.595556,1.2160545038150377e-08,-0.000670328904962075,-0.0024393527140371,-0.0062928179795083
2026-01-24T12:00:00Z,-7.609444,112.595556,1.1853610445460662e-08,-0.0006713188537473913,-0.002480908644143,-0.0061140897032553
2026-01-25T12:00:00Z,-7.609444,112.595556,1.1604555756044113e-08,-0.0006686774638316431,-0.0025354411649717,-0.0059481850815895
2026-01-26T12:00:00Z,-7.609444,112.595556,1.1540113138701748e-08,-0.000657175780001437,-0.002573756434284,-0.0058958423029755
2026-01-27T12:00:00Z,-7.609444,112.595556,1.1787599121613055e-08,-0.000645133078752308,-0.0026052045771627,-0.005940607255574
2026-01-28T12:00:00Z,-7.609444,112.595556,1.1936714233618549e-08,-0.0006307123934260689,-0.0026379406608285,-0.0059495543232657
2026-01-29T12:00:00Z,-7.609444,112.595556,1.1768595425552997e-08,-0.0006187221547797756,-0.0026658783843771,-0.0058412640903419
2026-01-30T12:00:00Z,-7.609444,112.595556,1.1714284672681733e-08,-0.0006047325994768309,-0.0026973108649238,-0.0057907647679824
2026-01-31T12:00:00Z,-7.609444,112.595556,1.1675661852335748e-08,-0.0005682516147476797,-0.0027218339315822,-0.0057531862548388
2026-02-01T12:00:00Z,-7.609444,112.595556,1.1744467921918783e-08,-0.0005553114530151489,-0.0027199158019781,-0.0057375114998213
2026-02-02T12:00:00Z,-7.609444,112.595556,1.189119074525956e-08,-0.0005580775902550219,-0.0027364064674793,-0.0057700478959294
2026-02-03T12:00:00Z,-7.609444,112.595556,1.207862768896574e-08,-0.0005532494678518068,-0.0027613815584949,-0.0058176980114816
2026-02-04T12:00:00Z,-7.609444,112.595556,1.2194223230276329e-08,-0.0005456642781538788,-0.0028032711498722,-0.0058342728720177
2026-02-05T12:00:00Z,-7.609444,112.595556,1.2262603643151906e-08,-0.0005118127910557649,-0.0028500581477362,-0.0058562047126701
2026-02-06T12:00:00Z,-7.609444,112.595556,1.2403252193022614e-08,-0.0004996543237366695,-0.0028712034475859,-0.0058952208163204
2026-02-07T12:00:00Z,-7.609444,112.595556,1.2459207940700869e-08,-0.0004793272233916131,-0.0029052144251344,-0.0058924527694044
2026-02-08T12:00:00Z,-7.609444,112.595556,1.2516360199967133e-08,-0.0004581626004806153,-0.0029394161512902,-0.005905153238898
2026-02-09T12:00:00Z,-7.609444,112.595556,1.2573000347603944e-08,-0.0004229177078718648,-0.0029694755995706,-0.0059086832739113
2026-02-10T12:00:00Z,-7.609444,112.595556,1.2666610384888284e-08,-0.0003846369583630555,-0.0029918130614696,-0.0059090943328268
2026-02-11T12:00:00Z,-7.609444,112.595556,1.2810646552562876e-08,-0.0003702296464035277,-0.0030239845117285,-0.0059399441701164
2026-02-12T12:00:00Z,-7.609444,112.595556,1.3138235089427185e-08,-0.0003560581433919883,-0.0030308363110107,-0.0060398795315113
2026-02-13T12:00:00Z,-7.609444,112.595556,1.3337259089690078e-08,-0.0003192265803860254,-0.003044003464229,-0.006065687574289
2026-02-14T12:00:00Z,-7.609444,112.595556,1.3359904678641005e-08,-0.0003189640656436512,-0.0030663385154385,-0.0060254722234208
2026-02-15T12:00:00Z,-7.609444,112.595556,1.3481780121118698e-08,-0.00031737349546885976,-0.0030934014151325,-0.0060291380948176
2026-02-16T12:00:00Z,-7.609444,112.595556,1.3589838340027436e-08,-0.0003016339092357734,-0.0031193900728359,-0.0060281468130534
2026-02-17T12:00:00Z,-7.609444,112.595556,1.3766771609095973e-08,-0.00028850871182490884,-0.0031451251091934,-0.0060515356238526
2026-02-18T12:00:00Z,-7.609444,112.595556,1.3990721529451506e-08,-0.0002819582911955369,-0.0031818719761992,-0.0060938962493293
2026-02-19T12:00:00Z,-7.609444,112.595556,1.4131689155089573e-08,-0.0002828610316348005,-0.0031832767032287,-0.0061202943995237
2026-02-20T12:00:00Z,-7.609444,112.595556,1.4332619806022674e-08,-0.0002812972956416867,-0.0031767207761299,-0.0061710076510325
2026-02-21T12:00:00Z,-7.609444,112.595556,1.4500396419437752e-08,-0.00026016042394847724,-0.0031794475073782,-0.0062106067980473
2026-02-22T12:00:00Z,-7.609444,112.595556,1.4901787340118167e-08,-0.0002393462764924696,-0.0031711737532912,-0.0063253062481383
2026-02-23T12:00:00Z,-7.609444,112.595556,1.516307836089484e-08,-0.00021360591054564863,-0.0031504157241088,-0.0063669991111462
2026-02-24T12:00:00Z,-7.609444,112.595556,1.5105607233208036e-08,-0.0002252961214354432,-0.0031550643312194,-0.0063116715219374
2026-02-25T12:00:00Z,-7.609444,112.595556,1.5160590601927223e-08,-0.00023263233726133171,-0.0031757019970957,-0.0063013751835303
2026-02-26T12:00:00Z,-7.609444,112.595556,1.5078876321430613e-08,-0.00022501131701224865,-0.0032037659009698,-0.0062613307146861
2026-02-27T12:00:00Z,-7.609444,112.595556,1.513394085940594e-08,-0.0002141376687938585,-0.0032197810032567,-0.0062779088614007
2026-02-28T12:00:00Z,-7.609444,112.595556,1.5005601416631774e-08,-0.0001931150424643625,-0.0032281219935079,-0.0062420868032734
2026-03-01T12:00:00Z,-7.609444,112.595556,1.4805909581872881e-08,-0.00018674674276398837,-0.0032234018586663,-0.0061811051160359
2026-03-02T12:00:00Z,-7.609444,112.595556,1.4899734664213914e-08,-0.00019851735289814484,-0.0032385956590763,-0.0062367947968045
2026-03-03T12:00:00Z,-7.609444,112.595556,1.4947577500299478e-08,-0.00016604902947694525,-0.0032672885415972,-0.0062432496166922
2026-03-04T12:00:00Z,-7.609444,112.595556,1.4884903174972196e-08,-0.00013006777775460815,-0.0032858395059493,-0.006172626241301
2026-03-05T12:00:00Z,-7.609444,112.595556,1.4802898711281453e-08,-0.00010043598138621056,-0.0032908082773661,-0.0060827623290301
2026-03-06T12:00:00Z,-7.609444,112.595556,1.4621814486470509e-08,-9.69256303056138e-05,-0.0032984119177707,-0.0059552964621825
2026-03-07T12:00:00Z,-7.609444,112.595556,1.4565053213659394e-08,-0.00012483584663467833,-0.0033106470705938,-0.0058774882333449
2026-03-08T12:00:00Z,-7.609444,112.595556,1.4505917753856168e-08,-0.0001318893423588336,-0.0033048355800999,-0.0058350219471669
2026-03-09T12:00:00Z,-7.609444,112.595556,1.4447600596774689e-08,-0.0001051750910733933,-0.0032918886234002,-0.0057686861699007
2026-03-10T12:00:00Z,-7.609444,112.595556,1.4373403573378188e-08,-7.73422680208374e-05,-0.0032955210447676,-0.0056909296918199
2026-03-11T12:00:00Z,-7.609444,112.595556,1.4225134814365702e-08,-7.485526835332888e-05,-0.0033201499791382,-0.0055742576215696
2026-03-12T12:00:00Z,-7.609444,112.595556,1.4034462665632337e-08,-6.580866387038086e-05,-0.0033409371969526,-0.0054322458251289
2026-03-13T12:00:00Z,-7.609444,112.595556,1.3935892916423629e-08,-4.126037984893775e-05,-0.0033661900227609,-0.0053699361312149
2026-03-14T12:00:00Z,-7.609444,112.595556,1.3920094868291238e-08,-1.3609831087529887e-05,-0.0033934884822088,-0.0053703750120464
2026-03-15T12:00:00Z,-7.609444,112.595556,1.4154170193650557e-08,1.001985483840243e-05,-0.0034260308801612,-0.0054607319360065
2026-03-16T12:00:00Z,-7.609444,112.595556,1.4387083884029161e-08,-3.965496447019595e-06,-0.0034622638368142,-0.0055101075256555
2026-03-17T12:00:00Z,-7.609444,112.595556,1.4397492772872984e-08,-5.82292219726663e-07,-0.0034712819009676,-0.0054624467142778
2026-03-18T12:00:00Z,-7.609444,112.595556,1.4358711263781184e-08,2.0782403789420606e-05,-0.0034732177288101,-0.0054149093107538
2026-03-19T12:00:00Z,-7.609444,112.595556,1.4387244809805254e-08,7.435602975172732e-05,-0.0034887705867907,-0.0053934433589699
2026-03-20T12:00:00Z,-7.609444,112.595556,1.4488959343575651e-08,0.00010070094782481272,-0.0035017351716586,-0.005423884773715
2026-03-21T12:00:00Z,-7.609444,112.595556,1.4362066023027766e-08,0.0001313711718679973,-0.003499979620714,-0.005381074607489
2026-03-22T12:00:00Z,-7.609444,112.595556,1.4334315344998034e-08,0.00017825134448551543,-0.0035194933791096,-0.0053960109421642
2026-03-23T12:00:00Z,-7.609444,112.595556,1.4070382671401043e-08,0.0002227197092851776,-0.0035250286982126,-0.0053034083307389
2026-03-24T12:00:00Z,-7.609444,112.595556,1.39051561540346e-08,0.00027199412380678645,-0.0035397152226017,-0.0052258076814693
2026-03-25T12:00:00Z,-7.609444,112.595556,1.3819778793727866e-08,0.00032797807818965065,-0.0035687718641516,-0.0051672288766568
2026-03-26T12:00:00Z,-7.609444,112.595556,1.3804942796702324e-08,0.0003572360255101751,-0.0036065451808906,-0.0051421513152848
2026-03-27T12:00:00Z,-7.609444,112.595556,1.3815469666397391e-08,0.0003713105062155551,-0.0036368723050803,-0.0051316794871149
2026-03-28T12:00:00Z,-7.609444,112.595556,1.3866888583988876e-08,0.0003648437988497976,-0.0036410091682374,-0.0051374212102844
2026-03-29T12:00:00Z,-7.609444,112.595556,1.3797945044789492e-08,0.0003636209881787962,-0.0036514865494874,-0.0050912481806565
2026-03-30T12:00:00Z,-7.609444,112.595556,1.3881962821033006e-08,0.0003645565338586559,-0.0036528794096952,-0.0050922407103454
2026-03-31T12:00:00Z,-7.609444,112.595556,1.3714516135099977e-08,0.0003668746629680718,-0.0036577900338224,-0.0050038137305498
2026-04-01T12:00:00Z,-7.609444,112.595556,1.3585683722232324e-08,0.0003689509351997109,-0.0036634485571664,-0.004909349042095
2026-04-02T12:00:00Z,-7.609444,112.595556,1.380288377798679e-08,0.0003662171145452687,-0.0036770975323071,-0.0049413473096328
2026-04-03T12:00:00Z,-7.609444,112.595556,1.3673104281410311e-08,0.00036950684183210654,-0.0037233273107244,-0.0048797047213537
2026-04-04T12:00:00Z,-7.609444,112.595556,1.3568900583758756e-08,0.0003598304986702543,-0.0037421174535001,-0.0048057402094468
2026-04-05T12:00:00Z,-7.609444,112.595556,1.3456792278994517e-08,0.0003520762241564277,-0.0037652448095712,-0.0047266453893441
2026-04-06T12:00:00Z,-7.609444,112.595556,1.3423702439013242e-08,0.00034839857198140406,-0.0037694869058897,-0.0047168197757884
2026-04-07T12:00:00Z,-7.609444,112.595556,1.3450067427984989e-08,0.0003364175043284898,-0.0037661049579004,-0.0047255489641411
2026-04-08T12:00:00Z,-7.609444,112.595556,1.3474549858221468e-08,0.00032598392779463605,-0.0037848698549822,-0.0047389454447389
2026-04-09T12:00:00Z,-7.609444,112.595556,1.3823754405151492e-08,0.00030166593153616765,-0.0037899838996473,-0.0048704968865596
2026-04-10T12:00:00Z,-7.609444,112.595556,1.3982868802545956e-08,0.0002674089470723959,-0.0037979028223827,-0.0049461982088972
2026-04-11T12:00:00Z,-7.609444,112.595556,1.3936956589565329e-08,0.00023804334250731375,-0.0038002676285223,-0.0049492415113443
2026-04-12T12:00:00Z,-7.609444,112.595556,1.3882839793043922e-08,0.0002162376479873948,-0.0038008184316471,-0.0049126804218804
2026-04-13T12:00:00Z,-7.609444,112.595556,1.3566465584577909e-08,0.0002072970376263856,-0.0038142266884151,-0.0047702353008705
2026-04-14T12:00:00Z,-7.609444,112.595556,1.3404734530053594e-08,0.0001903807931305039,-0.0038030603526511,-0.0046941839020339
2026-04-15T12:00:00Z,-7.609444,112.595556,1.3238591061334113e-08,0.0001731910735372373,-0.0037899810816648,-0.004598700272413
2026-04-16T12:00:00Z,-7.609444,112.595556,1.3020579971630838e-08,0.00015348462445204108,-0.0037881650226716,-0.0044976385030334
2026-04-17T12:00:00Z,-7.609444,112.595556,1.2787896036199217e-08,0.0001294685944317904,-0.0037830099394749,-0.0043853687410492
2026-04-18T12:00:00Z,-7.609444,112.595556,1.2597589095625183e-08,0.00010801330871739424,-0.0037774845481767,-0.0042813644294803
2026-04-19T12:00:00Z,-7.609444,112.595556,1.2419870285424909e-08,9.395319034654908e-05,-0.0037965548701737,-0.0042060164618289
2026-04-20T12:00:00Z,-7.609444,112.595556,1.2201799470372628e-08,7.825268980032248e-05,-0.0038019778682172,-0.0041210140809116
2026-04-21T12:00:00Z,-7.609444,112.595556,1.23520206071618e-08,5.046904637376475e-05,-0.0037853185366886,-0.0041784889253918
2026-04-22T12:00:00Z,-7.609444,112.595556,1.2376408038443972e-08,2.2460111933407664e-05,-0.0037718935382463,-0.0041728432163819
2026-04-23T12:00:00Z,-7.609444,112.595556,1.2287150845824841e-08,2.915220476368296e-05,-0.0037655406188479,-0.0040960348683735
2026-04-24T12:00:00Z,-7.609444,112.595556,1.2006315427778457e-08,2.493242553535966e-05,-0.003772487024217,-0.0039546879446786
2026-04-25T12:00:00Z,-7.609444,112.595556,1.1731661104644232e-08,2.531828555789919e-05,-0.0037656764121906,-0.0038475828398673
2026-04-26T12:00:00Z,-7.609444,112.595556,1.161354981517334e-08,1.1414714805843864e-05,-0.0037673852161465,-0.0038283857021213
2026-04-27T12:00:00Z,-7.609444,112.595556,1.1630273318805572e-08,-4.462559126191661e-06,-0.0037817987292322,-0.0038520613301597
2026-04-28T12:00:00Z,-7.609444,112.595556,1.1649542919676426e-08,-2.059747970089365e-05,-0.0037850884243201,-0.0038765064840683
2026-04-29T12:00:00Z,-7.609444,112.595556,1.1650308532166244e-08,-4.718217687245854e-05,-0.0037663532395582,-0.0039075838821928
2026-04-30T12:00:00Z,-7.609444,112.595556,1.185283289574577e-08,-6.757099590017501e-05,-0.0037376837345912,-0.0040098338957038
2026-05-01T12:00:00Z,-7.609444,112.595556,1.1849863539385432e-08,-8.918658026277064e-05,-0.0037360351690991,-0.0040157179966531
2026-05-02T12:00:00Z,-7.609444,112.595556,1.1799945708161893e-08,-0.00012766513825973917,-0.0037186574757299,-0.0040267440192824
2026-05-03T12:00:00Z,-7.609444,112.595556,1.1767256227751014e-08,-0.00017232232140846823,-0.0036883233250824,-0.0040292530349449
2026-05-04T12:00:00Z,-7.609444,112.595556,1.1725123304729268e-08,-0.0001973273232746184,-0.0036485943019029,-0.0040318269413985
2026-05-05T12:00:00Z,-7.609444,112.595556,1.153706548276272e-08,-0.00020849388169982155,-0.0036297763745681,-0.003974712683155
2026-05-06T12:00:00Z,-7.609444,112.595556,1.1387080232314496e-08,-0.00023112435574574615,-0.0035996378075304,-0.0039266344770446
2026-05-07T12:00:00Z,-7.609444,112.595556,1.1237246262022862e-08,-0.000255152147508931,-0.0035574610536941,-0.0039031173862466
2026-05-08T12:00:00Z,-7.609444,112.595556,1.1186542144927292e-08,-0.0002767331787065328,-0.0034902056398137,-0.0039314388721139
2026-05-09T12:00:00Z,-7.609444,112.595556,1.107117874389696e-08,-0.00027785943443380955,-0.0034585832480179,-0.0039204831453403
2026-05-10T12:00:00Z,-7.609444,112.595556,1.0938068199916197e-08,-0.0002783629312529633,-0.0034497112027804,-0.0038933162632177
2026-05-11T12:00:00Z,-7.609444,112.595556,1.0821682936557428e-08,-0.0002867852739788688,-0.0034249175810384,-0.0038527066095683
2026-05-12T12:00:00Z,-7.609444,112.595556,1.0689439458865044e-08,-0.0003066570783388544,-0.0033851482506614,-0.0038236263045921
2026-05-13T12:00:00Z,-7.609444,112.595556,1.0659517792944011e-08,-0.0003355995009705485,-0.0033392769461262,-0.0038575348800273
2026-05-14T12:00:00Z,-7.609444,112.595556,1.0716030299093204e-08,-0.00035857727277677925,-0.0033136728598921,-0.0039416406111303
2026-05-15T12:00:00Z,-7.609444,112.595556,1.0859808810776092e-08,-0.0003879424755190163,-0.0032913902649185,-0.0040481620356
2026-05-16T12:00:00Z,-7.609444,112.595556,1.1097611817269652e-08,-0.0004061892875767012,-0.0032591487128776,-0.0041991418474779
2026-05-17T12:00:00Z,-7.609444,112.595556,1.1313464964158424e-08,-0.0004246395602437164,-0.0032161445099182,-0.0043376294070468
2026-05-18T12:00:00Z,-7.609444,112.595556,1.1250686536694022e-08,-0.0004540425717066099,-0.003176397625691,-0.0043428435752754
2026-05-19T12:00:00Z,-7.609444,112.595556,1.120561486699702e-08,-0.00048655490976665816,-0.0031404077829797,-0.0043680893793084
2026-05-20T12:00:00Z,-7.609444,112.595556,1.1100183592984697e-08,-0.0005129748555819859,-0.0031027086826819,-0.0043616284325423
2026-05-21T12:00:00Z,-7.609444,112.595556,1.115793106752112e-08,-0.0005473186700651216,-0.0030723356236012,-0.0044149557826605
2026-05-22T12:00:00Z,-7.609444,112.595556,1.1404664328962302e-08,-0.0005857085239460871,-0.0030382922937526,-0.0045388233401367
2026-05-23T12:00:00Z,-7.609444,112.595556,1.1287262953657901e-08,-0.0006241641240779737,-0.0030119552502047,-0.0045319127867234
2026-05-24T12:00:00Z,-7.609444,112.595556,1.1251285333755849e-08,-0.0006517012960765157,-0.002985587568523,-0.0045683882243891
2026-05-25T12:00:00Z,-7.609444,112.595556,1.1168260837552481e-08,-0.0006817913357220007,-0.0029473321656041,-0.0045719249152151
2026-05-26T12:00:00Z,-7.609444,112.595556,1.1097831424311596e-08,-0.0007146119617834029,-0.0028955241016375,-0.0045805455346526
2026-05-27T12:00:00Z,-7.609444,112.595556,1.0994379264342203e-08,-0.0007578190697533969,-0.0028440730627579,-0.0045815464221941
2026-05-28T12:00:00Z,-7.609444,112.595556,1.0811204699604053e-08,-0.0007861845767415857,-0.0027964323630742,-0.0045632552074938
2026-05-29T12:00:00Z,-7.609444,112.595556,1.0600428864439681e-08,-0.0008086306549932164,-0.0027570577339971,-0.0045094911173413
2026-05-30T12:00:00Z,-7.609444,112.595556,1.0371269383144442e-08,-0.0008398208582984222,-0.0027087311271403,-0.0044529149390435
2026-05-31T12:00:00Z,-7.609444,112.595556,1.0122256834470744e-08,-0.0008700971132483837,-0.0026591180480795,-0.0043828574703617
2026-06-01T12:00:00Z,-7.609444,112.595556,9.866971058556536e-09,-0.000895698417230745,-0.0026142479777246,-0.0043439224036396
2026-06-02T12:00:00Z,-7.609444,112.595556,9.652176554030755e-09,-0.0009201369931607948,-0.0025633570506187,-0.0043317050830299
2026-06-03T12:00:00Z,-7.609444,112.595556,9.47577771075664e-09,-0.0009242202812445272,-0.0024853074336183,-0.0043159861973961
2026-06-04T12:00:00Z,-7.609444,112.595556,9.284619910787077e-09,-0.0009304647393543312,-0.0024206771562012,-0.0042673542676603
2026-06-05T12:00:00Z,-7.609444,112.595556,9.056909334623511e-09,-0.000945869972936074,-0.0023600429030649,-0.0042046514694503
2026-06-06T12:00:00Z,-7.609444,112.595556,8.878841885198467e-09,-0.0009723054772311588,-0.0023027829753407,-0.0041679186191639
2026-06-07T12:00:00Z,-7.609444,112.595556,8.729388380099535e-09,-0.000995596269512776,-0.0022502706664513,-0.0041456601619187
2026-06-08T12:00:00Z,-7.609444,112.595556,8.69403836307521e-09,-0.0010224959664581,-0.0021814678771184,-0.0041610791522464
2026-06-09T12:00:00Z,-7.609444,112.595556,8.552014060555774e-09,-0.0010468895052619,-0.0021137163202626,-0.004125883939535
2026-06-10T12:00:00Z,-7.609444,112.595556,8.431486963246522e-09,-0.0010615021884513,-0.0020485592689228,-0.0040952999375613
2026-06-11T12:00:00Z,-7.609444,112.595556,8.523512842410375e-09,-0.0010689162212857,-0.0019670817163692,-0.0041731266564249
2026-06-12T12:00:00Z,-7.609444,112.595556,8.672007969061151e-09,-0.001078873411245,-0.0018930104993698,-0.0042995615381785
2026-06-13T12:00:00Z,-7.609444,112.595556,8.632361376129761e-09,-0.0010853300452607,-0.0018311760285966,-0.0043609210203882
2026-06-14T12:00:00Z,-7.609444,112.595556,8.516166686181577e-09,-0.0010942499079821,-0.001770772079109,-0.004376840348731
2026-06-15T12:00:00Z,-7.609444,112.595556,8.451020137525191e-09,-0.0011065175733412,-0.0017055664354457,-0.0044018429662749
2026-06-16T12:00:00Z,-7.609444,112.595556,8.362131242273133e-09,-0.0011264504912407,-0.0016383735782077,-0.0044335658743229
2026-06-17T12:00:00Z,-7.609444,112.595556,8.239118308823582e-09,-0.0011520900866062,-0.001579298173932,-0.0044655395667943
2026-06-18T12:00:00Z,-7.609444,112.595556,8.143778554735303e-09,-0.0011817256493406,-0.0015166417381628,-0.0044997283564853
2026-06-19T12:00:00Z,-7.609444,112.595556,8.027858281240421e-09,-0.0012078878457862,-0.0014447731034266,-0.0045267264752944
2026-06-20T12:00:00Z,-7.609444,112.595556,7.936771722989766e-09,-0.0012226053914603,-0.0013741035560492,-0.0045650746947342
2026-06-21T12:00:00Z,-7.609444,112.595556,7.839458975619024e-09,-0.0012361313193013,-0.0013221896861319,-0.0046115083468666
2026-06-22T12:00:00Z,-7.609444,112.595556,7.715286667503034e-09,-0.0012431767414151,-0.0012548297836966,-0.0046359642400921
2026-06-23T12:00:00Z,-7.609444,112.595556,7.536878907793717e-09,-0.0012636024399454,-0.0011885661889918,-0.0046433010528505
2026-06-24T12:00:00Z,-7.609444,112.595556,7.372841333831283e-09,-0.001294796978209,-0.0010958626898823,-0.0046577296194705
2026-06-25T12:00:00Z,-7.609444,112.595556,7.184917912476194e-09,-0.0013327801637629,-0.00101367560262,-0.004680874164737
2026-06-26T12:00:00Z,-7.609444,112.595556,7.004867418295813e-09,-0.0013580238613229,-0.0009455452287256822,-0.0046827926882081
2026-06-27T12:00:00Z,-7.609444,112.595556,6.872079793326514e-09,-0.0013714719908236,-0.0008913995125180621,-0.0047040670528114
2026-06-28T12:00:00Z,-7.609444,112.595556,6.8093344091167875e-09,-0.001387070204599,-0.0008238278821978526,-0.0047455711922481
2026-06-29T12:00:00Z,-7.609444,112.595556,6.763317049829171e-09,-0.0013971358069068,-0.0007657161821970976,-0.0048136212583348
2026-06-30T12:00:00Z,-7.609444,112.595556,6.761156495900413e-09,-0.0014031734241659,-0.0007100834684857617,-0.004890124643469
2026-07-01T12:00:00Z,-7.609444,112.595556,6.6539695339713745e-09,-0.0014102127732931,-0.0006603124965653772,-0.0049309983465286
2026-07-02T12:00:00Z,-7.609444,112.595556,6.530207029228621e-09,-0.0014143731183131,-0.0006121523761610449,-0.0049535205477974
2026-07-03T12:00:00Z,-7.609444,112.595556,6.438765670900113e-09,-0.0014292737568247,-0.000565406383109615,-0.0049917439771856
2026-07-04T12:00:00Z,-7.609444,112.595556,6.323073314764131e-09,-0.0014491737891116,-0.0005185925595841195,-0.0050250975171913
2026-07-05T12:00:00Z,-7.609444,112.595556,6.239735555000445e-09,-0.0014559873101022,-0.0004694494383980728,-0.0050672438228307
2026-07-06T12:00:00Z,-7.609444,112.595556,6.1000263848916125e-09,-0.0014553695616323,-0.0004421583755759418,-0.0051070020398313
2026-07-07T12:00:00Z,-7.609444,112.595556,5.958698380711968e-09,-0.0014578335835168,-0.0004104625564734048,-0.0051405786336765
2026-07-08T12:00:00Z,-7.609444,112.595556,5.7835336056307004e-09,-0.0014642213759241,-0.00039223187518827753,-0.0051554376930939
2026-07-09T12:00:00Z,-7.609444,112.595556,5.600472356629197e-09,-0.0014606962304428,-0.00037422774152021793,-0.0051563444524394
2026-07-10T12:00:00Z,-7.609444,112.595556,5.385171527585226e-09,-0.0014571978362515,-0.00035843491436278354,-0.0051330865035418
2026-07-11T12:00:00Z,-7.609444,112.595556,5.200144170498428e-09,-0.001460805512454,-0.00033551981673110684,-0.0051248346665181
2026-07-12T12:00:00Z,-7.609444,112.595556,5.003359541697335e-09,-0.0014734858751948,-0.0003091983251714611,-0.0050983597641482
2026-07-13T12:00:00Z,-7.609444,112.595556,4.769036510198031e-09,-0.0014877925800255,-0.00027649591635467983,-0.0050548038243031
2026-07-14T12:00:00Z,-7.609444,112.595556,4.534990099988466e-09,-0.0014990419382244,-0.00025317083165504614,-0.0050162035140424
2026-07-15T12:00:00Z,-7.609444,112.595556,4.328545839959842e-09,-0.0015047157359792,-0.0002101160533932014,-0.0049852926798894
2026-07-16T12:00:00Z,-7.609444,112.595556,4.1787431055595815e-09,-0.0015068578991526,-0.00017774391892980845,-0.0049837882926139
2026-07-17T12:00:00Z,-7.609444,112.595556,4.020833525012426e-09,-0.0015061623833436,-0.00014256402694553375,-0.0049861734234376
2026-07-18T12:00:00Z,-7.609444,112.595556,3.886721822101532e-09,-0.001515288115112,-9.864731251138036e-05,-0.0049835684494884
