time,latitude[unit="degrees_north"],longitude[unit="degrees_east"],duEW[unit=""],duNS[unit=""],duV[unit=""]
2024-01-01T00:00:00Z,-7.609444,112.595556,0.0020236370619386,-0.0022958377376198,0.00015373459609691054
2024-01-01T03:00:00Z,-7.609444,112.595556,0.0024101689923554,-0.0020714125130325,-0.0002531311474740505
2024-01-01T06:00:00Z,-7.609444,112.595556,0.0026699306908994,-0.0017831420991569,-0.0003879399446304888
2024-01-01T09:00:00Z,-7.609444,112.595556,0.0026885457336902,-0.0015612900024279,-0.0004660285194404423
2024-01-01T12:00:00Z,-7.609444,112.595556,0.0026461381930857,-0.0015463838353753,-0.0004900266067124903
2024-01-01T15:00:00Z,-7.609444,112.595556,0.0026381891220808,-0.0017247390933334,-0.0001257394760614261
2024-01-01T18:00:00Z,-7.609444,112.595556,0.0026227876078337,-0.0019215627107769,0.0004843249917030335
2024-01-01T21:00:00Z,-7.609444,112.595556,0.0025461434852331,-0.0020332059357315,0.001087276963517
2024-01-02T00:00:00Z,-7.609444,112.595556,0.0026083590928465,-0.0019507472170516,0.0014766458189114
2024-01-02T03:00:00Z,-7.609444,112.595556,0.0025418538134545,-0.0017513332422822,0.0016535100294277
2024-01-02T06:00:00Z,-7.609444,112.595556,0.0024829923640936,-0.0016800527228042,0.0017825920367613
2024-01-02T09:00:00Z,-7.609444,112.595556,0.002354031894356,-0.0016417453298345,0.0019435548456385
2024-01-02T12:00:00Z,-7.609444,112.595556,0.0022126042749732,-0.001657209941186,0.0019465340301394
2024-01-02T15:00:00Z,-7.609444,112.595556,0.0021106814965605,-0.0015755357453599,0.0019963192753493
2024-01-02T18:00:00Z,-7.609444,112.595556,0.0019675914663821,-0.001440018764697,0.0022295718081295
2024-01-02T21:00:00Z,-7.609444,112.595556,0.0017533362843096,-0.0014440997038036,0.0024238026235252
2024-01-03T00:00:00Z,-7.609444,112.595556,0.0015963055193424,-0.0015426941681653,0.0025079988408833
2024-01-03T03:00:00Z,-7.609444,112.595556,0.0013913097791373,-0.0017134184017777,0.0025747907347977
2024-01-03T06:00:00Z,-7.609444,112.595556,0.0013039329787716,-0.0018818732351064,0.0025234157219529
2024-01-03T09:00:00Z,-7.609444,112.595556,0.0013571038143709,-0.0019893075805157,0.002489183563739
2024-01-03T12:00:00Z,-7.609444,112.595556,0.0015688025159761,-0.0020554750226438,0.0026111465413123
2024-01-03T15:00:00Z,-7.609444,112.595556,0.0016922354698181,-0.0020512498449534,0.0028736980166286
2024-01-03T18:00:00Z,-7.609444,112.595556,0.0017757077002897,-0.0020529006142169,0.0028680814430117
2024-01-03T21:00:00Z,-7.609444,112.595556,0.0017734548309817,-0.0023336063604801,0.0023168770130723
2024-01-04T00:00:00Z,-7.609444,112.595556,0.0017441833624616,-0.0026111067272722,0.0016799372388049
2024-01-04T03:00:00Z,-7.609444,112.595556,0.0016443718923255,-0.0027324843686074,0.0012363396817818
2024-01-04T06:00:00Z,-7.609444,112.595556,0.001554079237394,-0.0028214622288942,0.0004348792717792094
2024-01-04T09:00:00Z,-7.609444,112.595556,0.0014939322136342,-0.0027564987540245,-0.0004774771223310381
2024-01-04T12:00:00Z,-7.609444,112.595556,0.0014552731299772,-0.0026740704197436,-0.0009112835978157818
2024-01-04T15:00:00Z,-7.609444,112.595556,0.0014162040315568,-0.0026473416946828,-0.000983423669822514
2024-01-04T18:00:00Z,-7.609444,112.595556,0.0013481233036145,-0.0026475144550204,-0.0008512031636200845
2024-01-04T21:00:00Z,-7.609444,112.595556,0.0011934138601645,-0.0027019788976758,-0.0009707118151709436
2024-01-05T00:00:00Z,-7.609444,112.595556,0.0012145986547693,-0.0025920893531292,-0.0009786380687728524
2024-01-05T03:00:00Z,-7.609444,112.595556,0.0012067838106304,-0.0023914955090731,-0.0007696825196035206
2024-01-05T06:00:00Z,-7.609444,112.595556,0.001118671731092,-0.0022998075000941,-0.0009518428705632688
2024-01-05T09:00:00Z,-7.609444,112.595556,0.0010586362332105,-0.0022988920100033,-0.001096999971196
2024-01-05T12:00:00Z,-7.609444,112.595556,0.0008533623768016696,-0.002311268588528,-0.0006998714525252581
2024-01-05T15:00:00Z,-7.609444,112.595556,0.0005092078354209661,-0.0024699727073311,-0.00013550544099416584
2024-01-05T18:00:00Z,-7.609444,112.595556,0.0001547953870613128,-0.0025029475800693,0.0002431665925541893
2024-01-05T21:00:00Z,-7.609444,112.595556,-0.00012436311226338148,-0.0024164682254195,0.0002714011061470956
2024-01-06T00:00:00Z,-7.609444,112.595556,-0.00015837953833397478,-0.0022492418065667,0.00039798120269551873
2024-01-06T03:00:00Z,-7.609444,112.595556,-9.105699427891524e-05,-0.0020787769462913,0.0009100356255657972
2024-01-06T06:00:00Z,-7.609444,112.595556,-0.0001020057825371623,-0.0021312246099114,0.0011675866553559
2024-01-06T09:00:00Z,-7.609444,112.595556,-4.913948941975832e-05,-0.0023704348132014,0.00113006378524
2024-01-06T12:00:00Z,-7.609444,112.595556,8.24827075120993e-05,-0.002521741669625,0.0014018960064277
2024-01-06T15:00:00Z,-7.609444,112.595556,0.0002132444060407579,-0.0025783712044358,0.0016867716331034
2024-01-06T18:00:00Z,-7.609444,112.595556,0.00025987272965721786,-0.0026301590260118,0.0018721072701737
2024-01-06T21:00:00Z,-7.609444,112.595556,7.018963515292853e-05,-0.0027260817587375,0.0017671711975708
2024-01-07T00:00:00Z,-7.609444,112.595556,-0.00016148788563441485,-0.0028636311180889,0.0017788568511605
2024-01-07T03:00:00Z,-7.609444,112.595556,-0.00033907347824424505,-0.0029396333266049,0.0022404959890991
2024-01-07T06:00:00Z,-7.609444,112.595556,-0.00039513185038231313,-0.0029635883402079,0.0027394206263124
2024-01-07T09:00:00Z,-7.609444,112.595556,-0.0002811688464134932,-0.0029963916167616,0.0031675319187343
2024-01-07T12:00:00Z,-7.609444,112.595556,-7.275304960785434e-05,-0.0030235475860536,0.0034939502365887
2024-01-07T15:00:00Z,-7.609444,112.595556,0.0001635757216718048,-0.0030002931598573,0.0035549942404031
2024-01-07T18:00:00Z,-7.609444,112.595556,0.000406374572776258,-0.0029872059822082,0.0034274456556886
2024-01-07T21:00:00Z,-7.609444,112.595556,0.0005307956598699093,-0.0030126625206321,0.0029585126321762
2024-01-08T00:00:00Z,-7.609444,112.595556,0.0006843980518169701,-0.0031038301531225,0.0022915278095752
2024-01-08T03:00:00Z,-7.609444,112.595556,0.000884150736965239,-0.0031082942150533,0.0017540586413815
2024-01-08T06:00:00Z,-7.609444,112.595556,0.0010164144914597,-0.0030556959100067,0.0011429726146161
2024-01-08T09:00:00Z,-7.609444,112.595556,0.0010219664545729,-0.0029236529953777,0.000723401375580579
2024-01-08T12:00:00Z,-7.609444,112.595556,0.0009069957304745911,-0.002849641488865,0.0008584243478253484
2024-01-08T15:00:00Z,-7.609444,112.595556,0.0006295291241258383,-0.0028755539096891,0.0013786391355097
2024-01-08T18:00:00Z,-7.609444,112.595556,0.0003920553135685623,-0.0029149099718779,0.0021053373347967
2024-01-08T21:00:00Z,-7.609444,112.595556,0.00020992144709452987,-0.0029066472779959,0.0027366082649677
2024-01-09T00:00:00Z,-7.609444,112.595556,0.0002833612961694598,-0.0029588718898594,0.0033001601696014
2024-01-09T03:00:00Z,-7.609444,112.595556,0.00036224970244802535,-0.0030687972903251,0.0038899180945008
2024-01-09T06:00:00Z,-7.609444,112.595556,0.000367240107152611,-0.0032072865869849,0.003992311656475
2024-01-09T09:00:00Z,-7.609444,112.595556,0.0003782564599532634,-0.003245304338634,0.0039673210121691
2024-01-09T12:00:00Z,-7.609444,112.595556,0.00038946486893109977,-0.0032299486920237,0.0043934499844908
2024-01-09T15:00:00Z,-7.609444,112.595556,0.0003797454410232604,-0.003296579234302,0.004505050368607
2024-01-09T18:00:00Z,-7.609444,112.595556,0.0004353977274149656,-0.0033558630384504,0.0043494226410984
2024-01-09T21:00:00Z,-7.609444,112.595556,0.0005707620875909925,-0.0032571987248957,0.003927192185074
2024-01-10T00:00:00Z,-7.609444,112.595556,0.0008305644732899964,-0.003176603000611,0.0036513747181743
2024-01-10T03:00:00Z,-7.609444,112.595556,0.0010198155650869,-0.0031608585268259,0.0037787791807204
2024-01-10T06:00:00Z,-7.609444,112.595556,0.0010923725785687,-0.003224593354389,0.0037581454962491
2024-01-10T09:00:00Z,-7.609444,112.595556,0.00116237194743,-0.0031491771806031,0.0036196610890328
2024-01-10T12:00:00Z,-7.609444,112.595556,0.0013282651780173,-0.0029373602010309,0.0036747322883456
2024-01-10T15:00:00Z,-7.609444,112.595556,0.0013956811744719,-0.0026998051907867,0.0037280456162989
2024-01-10T18:00:00Z,-7.609444,112.595556,0.0012628006516024,-0.0026089360471814,0.0034317602403461
2024-01-10T21:00:00Z,-7.609444,112.595556,0.0012006629258394,-0.0025119956117123,0.0029978326056152
2024-01-11T00:00:00Z,-7.609444,112.595556,0.0012503061443567,-0.0024814580101519,0.0027362729888409
2024-01-11T03:00:00Z,-7.609444,112.595556,0.0011970036430284,-0.0025264217983931,0.0025846951175481
2024-01-11T06:00:00Z,-7.609444,112.595556,0.0010710895294323,-0.0026648356579244,0.0024331489112228
2024-01-11T09:00:00Z,-7.609444,112.595556,0.0009605365339666604,-0.0027581544127315,0.0023436953779309
2024-01-11T12:00:00Z,-7.609444,112.595556,0.0009811014169827104,-0.0027985705528408,0.0024379550013691
2024-01-11T15:00:00Z,-7.609444,112.595556,0.0010795809794217,-0.002641056664288,0.0027807883452624
2024-01-11T18:00:00Z,-7.609444,112.595556,0.0011268740054219,-0.0023741847835481,0.0033168995287269
2024-01-11T21:00:00Z,-7.609444,112.595556,0.0011580982245504,-0.0019699251279234,0.003644844982773
2024-01-12T00:00:00Z,-7.609444,112.595556,0.0013014037394896,-0.0015785729046911,0.0037147777620702
2024-01-12T03:00:00Z,-7.609444,112.595556,0.0013775037368759,-0.0014445182168856,0.0034507738891988
2024-01-12T06:00:00Z,-7.609444,112.595556,0.0013970067957416,-0.0015698770293965,0.0029325583018362
2024-01-12T09:00:00Z,-7.609444,112.595556,0.0012751390459015,-0.0017793098231777,0.0024352259933948
2024-01-12T12:00:00Z,-7.609444,112.595556,0.0012277715140953,-0.0020313293207436,0.0018035359680652
2024-01-12T15:00:00Z,-7.609444,112.595556,0.0012058936990797,-0.0022584844846278,0.0013433776330202
2024-01-12T18:00:00Z,-7.609444,112.595556,0.001131631550379,-0.0023978850804269,0.0009612296125851572
2024-01-12T21:00:00Z,-7.609444,112.595556,0.0011592287337407,-0.0024502191226929,0.0005884201964363456
2024-01-13T00:00:00Z,-7.609444,112.595556,0.0014534463407471,-0.0023644044995307,0.00027279977803118527
2024-01-13T03:00:00Z,-7.609444,112.595556,0.0017005677800625,-0.0022174555342644,6.716370262438431e-05
2024-01-13T06:00:00Z,-7.609444,112.595556,0.0017562045250087,-0.0020731452386826,-0.0002729685220401734
2024-01-13T09:00:00Z,-7.609444,112.595556,0.0016212397022172,-0.0018221243517473,-0.00046288754674606025
2024-01-13T12:00:00Z,-7.609444,112.595556,0.0015147923259064,-0.0015436365501955,-0.0002916331868618727
2024-01-13T15:00:00Z,-7.609444,112.595556,0.0013270152267068,-0.0012592418352141,0.00012129047536291182
2024-01-13T18:00:00Z,-7.609444,112.595556,0.0011531584896147,-0.0010480872588232,0.0006309514865279198
2024-01-13T21:00:00Z,-7.609444,112.595556,0.0009604396182112396,-0.0007471180288121104,0.0010909191332757
2024-01-14T00:00:00Z,-7.609444,112.595556,0.0010262458818033,-0.00035840694908984005,0.0013825396308675
2024-01-14T03:00:00Z,-7.609444,112.595556,0.0011673299595713,0.00016633415361866355,0.0018294100882485
2024-01-14T06:00:00Z,-7.609444,112.595556,0.0014136435929685,0.000660730351228267,0.0019596342463046
2024-01-14T09:00:00Z,-7.609444,112.595556,0.0017688095103949,0.001139965490438,0.0018569282256066
2024-01-14T12:00:00Z,-7.609444,112.595556,0.0022002651821821,0.0015283792745321,0.001608707010746
2024-01-14T15:00:00Z,-7.609444,112.595556,0.002500019269064,0.0017971772467717,0.0013477283064275
2024-01-14T18:00:00Z,-7.609444,112.595556,0.002695177681744,0.0020716697908937,0.0011689377715811
2024-01-14T21:00:00Z,-7.609444,112.595556,0.0028131448198109,0.0023150700144469,0.000617247715126723
2024-01-15T00:00:00Z,-7.609444,112.595556,0.0029702126048505,0.0023720094468444,0.000148194536450319
2024-01-15T03:00:00Z,-7.609444,112.595556,0.0030201612971723,0.0022211894392967,-9.265208791475744e-05
2024-01-15T06:00:00Z,-7.609444,112.595556,0.0029912057798355,0.0019755067769438,3.123731949017383e-05
2024-01-15T09:00:00Z,-7.609444,112.595556,0.0028968690894544,0.0017156555550172,0.0003322794218547642
2024-01-15T12:00:00Z,-7.609444,112.595556,0.0027197613380849,0.0014467278961092,0.0006822549039497972
2024-01-15T15:00:00Z,-7.609444,112.595556,0.0025208301376551,0.0011805677786469,0.0008275511208921671
2024-01-15T18:00:00Z,-7.609444,112.595556,0.0024561393074691,0.0010385583154857,0.0004903135122731328
2024-01-15T21:00:00Z,-7.609444,112.595556,0.0024516175035387,0.0009829136542975905,0.00021903449669480324
2024-01-16T00:00:00Z,-7.609444,112.595556,0.0023913686163723,0.0008338860352523625,4.138973235967569e-05
2024-01-16T03:00:00Z,-7.609444,112.595556,0.0021963778417557,0.0006037423736415803,-0.0002176286216126755
2024-01-16T06:00:00Z,-7.609444,112.595556,0.0019571329466998,0.0005137734697200358,-0.00032057997304946184
2024-01-16T09:00:00Z,-7.609444,112.595556,0.0016464309301227,0.0007154061459004879,9.366952144773676e-05
2024-01-16T12:00:00Z,-7.609444,112.595556,0.0012166986707597,0.000943091232329607,0.0004888803232461214
2024-01-16T15:00:00Z,-7.609444,112.595556,0.0007699197740294039,0.0011022770777344,0.0008330736309289932
2024-01-16T18:00:00Z,-7.609444,112.595556,0.0005896101938560605,0.0011430657468736,0.0013353920076042
2024-01-16T21:00:00Z,-7.609444,112.595556,0.000714585417881608,0.0011274472344666,0.0018119673477485
2024-01-17T00:00:00Z,-7.609444,112.595556,0.0010858855675905,0.001111502177082,0.0023758094757795
2024-01-17T03:00:00Z,-7.609444,112.595556,0.0013862863415852,0.0010176548967137,0.0027112558018416
2024-01-17T06:00:00Z,-7.609444,112.595556,0.0016890723491087,0.000866293499711901,0.0026118690147995
2024-01-17T09:00:00Z,-7.609444,112.595556,0.0019173814216628,0.0008641363237984478,0.0023170048370957
2024-01-17T12:00:00Z,-7.609444,112.595556,0.0020754083525389,0.0008148626075126231,0.0015366561710834
2024-01-17T15:00:00Z,-7.609444,112.595556,0.0020572643261402,0.0008247599471360445,0.0008233578409999609
2024-01-17T18:00:00Z,-7.609444,112.595556,0.0018443425651639,0.0009054799447767437,0.0005971274222247303
2024-01-17T21:00:00Z,-7.609444,112.595556,0.0016451809788122,0.0010331188095733,0.00059642328415066
2024-01-18T00:00:00Z,-7.609444,112.595556,0.0015110848471522,0.0011631558882072,0.0009741584653966128
2024-01-18T03:00:00Z,-7.609444,112.595556,0.0013055388117209,0.0011371821165084,0.0013104901881888
2024-01-18T06:00:00Z,-7.609444,112.595556,0.0009828598704189062,0.0010246670572087,0.0015282949898391
2024-01-18T09:00:00Z,-7.609444,112.595556,0.0006656987825408578,0.000989599502645433,0.0018948197830468
2024-01-18T12:00:00Z,-7.609444,112.595556,0.0005240957252681255,0.0009104792261496186,0.0019949616398662
2024-01-18T15:00:00Z,-7.609444,112.595556,0.0004370465176180005,0.0009382666903547944,0.0021800259128212
2024-01-18T18:00:00Z,-7.609444,112.595556,0.00026962076663039625,0.0010946793481707,0.0023812765721231
2024-01-18T21:00:00Z,-7.609444,112.595556,0.000119130163511727,0.0013454819563776,0.002261058660224
2024-01-19T00:00:00Z,-7.609444,112.595556,5.7245721109211445e-05,0.0015335977077484,0.0019967900589108
2024-01-19T03:00:00Z,-7.609444,112.595556,-0.0001276039838558063,0.0015617469325661,0.0017600845312699
2024-01-19T06:00:00Z,-7.609444,112.595556,-0.0004081566585227847,0.0015635273884981,0.0015465931501239
2024-01-19T09:00:00Z,-7.609444,112.595556,-0.0006854035309515893,0.0015264496905729,0.0013137561036273
2024-01-19T12:00:00Z,-7.609444,112.595556,-0.0008137620170600712,0.0013665423030033,0.0011018104851245
2024-01-19T15:00:00Z,-7.609444,112.595556,-0.0007625754224136472,0.0011538753751665,0.0012650876305997
2024-01-19T18:00:00Z,-7.609444,112.595556,-0.0006779509130865335,0.0011691174004226,0.0018207834800705
2024-01-19T21:00:00Z,-7.609444,112.595556,-0.000692351080942899,0.0011317615862935,0.0022043401841074
2024-01-20T00:00:00Z,-7.609444,112.595556,-0.0006032836390659213,0.001052085426636,0.002178790513426
2024-01-20T03:00:00Z,-7.609444,112.595556,-0.0004212990461383015,0.0010742505546659,0.0022053236607462
2024-01-20T06:00:00Z,-7.609444,112.595556,-0.00028215727070346475,0.0012374994112178,0.0018450171919539
2024-01-20T09:00:00Z,-7.609444,112.595556,-0.00017235598352272063,0.0012605553492903,0.0013755966210737
2024-01-20T12:00:00Z,-7.609444,112.595556,-0.0002965936146210879,0.0011134662199765,0.0011089886538684
2024-01-20T15:00:00Z,-7.609444,112.595556,-0.0004348898655734956,0.0010615298524498,0.0010149729205295
2024-01-20T18:00:00Z,-7.609444,112.595556,-0.0005165235488675535,0.0010822697076946,0.0009833213407546282
2024-01-20T21:00:00Z,-7.609444,112.595556,-0.0005545399617403746,0.000929542409721762,0.0010124520631507
2024-01-21T00:00:00Z,-7.609444,112.595556,-0.0005043588462285697,0.0007351137464866042,0.0011954184155911
2024-01-21T03:00:00Z,-7.609444,112.595556,-0.0004415037110447884,0.0006879912107251585,0.0015878630802035
2024-01-21T06:00:00Z,-7.609444,112.595556,-0.0004279657732695341,0.0006940148887224495,0.001757847610861
2024-01-21T09:00:00Z,-7.609444,112.595556,-0.0003532208502292633,0.0006629013223573565,0.0017581566935405
2024-01-21T12:00:00Z,-7.609444,112.595556,-0.00012433640949893743,0.0007056086324155331,0.0017298927996307
2024-01-21T15:00:00Z,-7.609444,112.595556,0.00021470141655299813,0.000905879947822541,0.0017908557783812
2024-01-21T18:00:00Z,-7.609444,112.595556,0.00044472789159044623,0.0011508086463436,0.0018603467615321
2024-01-21T21:00:00Z,-7.609444,112.595556,0.0007296678377315402,0.0012914397520944,0.0021168603561818
2024-01-22T00:00:00Z,-7.609444,112.595556,0.0011193429818376,0.001438193838112,0.0023854901082813
2024-01-22T03:00:00Z,-7.609444,112.595556,0.0014617859851568,0.0016830437816679,0.002772469073534
2024-01-22T06:00:00Z,-7.609444,112.595556,0.001741437590681,0.0018749388400465,0.0030777980573475
2024-01-22T09:00:00Z,-7.609444,112.595556,0.0019898880273103,0.0018796342192217,0.0030621015466749
2024-01-22T12:00:00Z,-7.609444,112.595556,0.0021656455937772,0.0016189056914299,0.0027422413695603
2024-01-22T15:00:00Z,-7.609444,112.595556,0.0021966553758829,0.0013212352059781,0.0022678589448332
2024-01-22T18:00:00Z,-7.609444,112.595556,0.0020625526085495,0.0011097296373918,0.0019187810830771
2024-01-22T21:00:00Z,-7.609444,112.595556,0.0018714577890932,0.0008999777492135763,0.0019129033898934
2024-01-23T00:00:00Z,-7.609444,112.595556,0.0016860087634995,0.0006958835292607546,0.0022915650624781
2024-01-23T03:00:00Z,-7.609444,112.595556,0.0013651927001774,0.0005925614386796951,0.0027803960256278
2024-01-23T06:00:00Z,-7.609444,112.595556,0.000929725996684283,0.0005908862221986055,0.0029123690910637
2024-01-23T09:00:00Z,-7.609444,112.595556,0.00043355164234526455,0.0006554429419338703,0.0028172929305583
2024-01-23T12:00:00Z,-7.609444,112.595556,0.00011452191392891108,0.0006673135794699192,0.0025708666071295
2024-01-23T15:00:00Z,-7.609444,112.595556,-6.408192712115124e-05,0.0007156648207455873,0.0022898032329976
2024-01-23T18:00:00Z,-7.609444,112.595556,-0.0003096479922533036,0.0006748416926711798,0.0019385435152798
2024-01-23T21:00:00Z,-7.609444,112.595556,-0.0006430199719034135,0.0003570904373191297,0.001508863759227
2024-01-24T00:00:00Z,-7.609444,112.595556,-0.0008899110835045576,9.854158270172776e-05,0.0015390649205073
2024-01-24T03:00:00Z,-7.609444,112.595556,-0.001106527633965,6.580526678590104e-05,0.0018354916246607
2024-01-24T06:00:00Z,-7.609444,112.595556,-0.0012016019318252,0.00011767287651309744,0.0021276208572089
2024-01-24T09:00:00Z,-7.609444,112.595556,-0.001216483884491,-4.0996368625201285e-05,0.0021927717607468
2024-01-24T12:00:00Z,-7.609444,112.595556,-0.0010934649035334,-0.0003801968414336443,0.0022904947400093
2024-01-24T15:00:00Z,-7.609444,112.595556,-0.0008694939315319061,-0.0006265143747441471,0.0022226525470614
2024-01-24T18:00:00Z,-7.609444,112.595556,-0.0006235550390556455,-0.0008967434405349195,0.0019728359766304
2024-01-24T21:00:00Z,-7.609444,112.595556,-0.0004745814076159149,-0.0012235353933647,0.0014237953582778
2024-01-25T00:00:00Z,-7.609444,112.595556,-0.0003127066884189844,-0.001467760768719,0.0006336553487926722
2024-01-25T03:00:00Z,-7.609444,112.595556,-0.000343997759046033,-0.0015389358159154,1.2193811016913967e-05
2024-01-25T06:00:00Z,-7.609444,112.595556,-0.00039810812450014055,-0.0016662656562402,-0.0005796015029773116
2024-01-25T09:00:00Z,-7.609444,112.595556,-0.00044366513611748815,-0.0019160466035827,-0.0011310945264995
2024-01-25T12:00:00Z,-7.609444,112.595556,-0.0004902571090497077,-0.0021193863358348,-0.0012170386034995
2024-01-25T15:00:00Z,-7.609444,112.595556,-0.0004567439027596265,-0.0021470997016876,-0.0010588725563138
2024-01-25T18:00:00Z,-7.609444,112.595556,-0.0003692115133162588,-0.0021635058801621,-0.0009767310693860054
2024-01-25T21:00:00Z,-7.609444,112.595556,-0.00019110656285192815,-0.0023006957489997,-0.0010077153565362
2024-01-26T00:00:00Z,-7.609444,112.595556,7.704969902988523e-05,-0.002437928225845,-0.0008165306062437594
2024-01-26T03:00:00Z,-7.609444,112.595556,0.0003857090196106583,-0.0024533809628337,-0.0005206145578995347
2024-01-26T06:00:00Z,-7.609444,112.595556,0.0006678131758235395,-0.0023365053348243,-0.0004534175677690655
2024-01-26T09:00:00Z,-7.609444,112.595556,0.0010323590831831,-0.0022637206129729,-0.0003854857932310552
2024-01-26T12:00:00Z,-7.609444,112.595556,0.0014059308450669,-0.0023038052022457,-0.00017272702825721353
2024-01-26T15:00:00Z,-7.609444,112.595556,0.0016330702928826,-0.0024285968393087,-0.00013305134780239314
2024-01-26T18:00:00Z,-7.609444,112.595556,0.001624408410862,-0.0026447679847478,8.547276229364797e-05
2024-01-26T21:00:00Z,-7.609444,112.595556,0.0015361185651272,-0.0029905645642429,0.0004463080549612641
2024-01-27T00:00:00Z,-7.609444,112.595556,0.0014654081314802,-0.0032439527567476,0.0006193321896716952
2024-01-27T03:00:00Z,-7.609444,112.595556,0.0012746738502755,-0.0032099348027259,0.0009573862771503628
2024-01-27T06:00:00Z,-7.609444,112.595556,0.0010269132908433,-0.0029651664663106,0.0010622139088809
2024-01-27T09:00:00Z,-7.609444,112.595556,0.0009182772482745348,-0.0028644683770835,0.0009156353189609944
2024-01-27T12:00:00Z,-7.609444,112.595556,0.0009651585714891552,-0.002905671717599,0.000649479974526912
2024-01-27T15:00:00Z,-7.609444,112.595556,0.0009508091607131064,-0.0028087091632187,0.0005950835766270757
2024-01-27T18:00:00Z,-7.609444,112.595556,0.0007242349092848599,-0.0027274263557046,0.0007367166690528393
2024-01-27T21:00:00Z,-7.609444,112.595556,0.0004945842665620148,-0.0027876701205968,0.000580319669097662
2024-01-28T00:00:00Z,-7.609444,112.595556,0.00035754923010244966,-0.0029087509028613,0.0002880750980693847
2024-01-28T03:00:00Z,-7.609444,112.595556,0.0001696480467217043,-0.0028738980181515,0.0002580455329734832
2024-01-28T06:00:00Z,-7.609444,112.595556,-0.0001629434700589627,-0.0028677550144493,0.0005271116970106959
2024-01-28T09:00:00Z,-7.609444,112.595556,-0.0004734426911454648,-0.0029118685051798,0.0007389258244074881
2024-01-28T12:00:00Z,-7.609444,112.595556,-0.0005417668144218624,-0.0029526704456657,0.0008777767652645707
2024-01-28T15:00:00Z,-7.609444,112.595556,-0.0005011086468584836,-0.0028892194386571,0.0011312239803373
2024-01-28T18:00:00Z,-7.609444,112.595556,-0.0006073153926990926,-0.0027871874626725,0.0014554758090525
2024-01-28T21:00:00Z,-7.609444,112.595556,-0.0007510627619922161,-0.0028161865193396,0.0013001596089452
2024-01-29T00:00:00Z,-7.609444,112.595556,-0.0006941662286408246,-0.0028762747533619,0.000932510942220688
2024-01-29T03:00:00Z,-7.609444,112.595556,-0.0006260215886868536,-0.0028132544830441,0.0009607519023120404
2024-01-29T06:00:00Z,-7.609444,112.595556,-0.0005697731394320726,-0.0026854879688471,0.0012573540443554
2024-01-29T09:00:00Z,-7.609444,112.595556,-0.0004889786359854043,-0.0025582746602594,0.0013126918347552
2024-01-29T12:00:00Z,-7.609444,112.595556,-0.0003049500228371471,-0.0024817492812871,0.0011726765660569
2024-01-29T15:00:00Z,-7.609444,112.595556,-0.00013264654262457043,-0.0024010476190596,0.0009637436596676708
2024-01-29T18:00:00Z,-7.609444,112.595556,-4.3446620111353695e-05,-0.0024204375222325,0.0007512418087571859
2024-01-29T21:00:00Z,-7.609444,112.595556,1.5657442418159917e-06,-0.002607942558825,0.0003409218334127217
2024-01-30T00:00:00Z,-7.609444,112.595556,0.00011716021981555969,-0.0027302196249365,-0.00019233145576436075
2024-01-30T03:00:00Z,-7.609444,112.595556,0.00022284600709099325,-0.0026974400971084,-0.0002473457716405392
2024-01-30T06:00:00Z,-7.609444,112.595556,0.00030396232614293694,-0.0026417898479849,-0.00010176351497648284
2024-01-30T09:00:00Z,-7.609444,112.595556,0.0003881652664858848,-0.0026423991657793,-0.00027749669970944524
2024-01-30T12:00:00Z,-7.609444,112.595556,0.00045298351324163377,-0.0026850320864468,-0.0007014665752649307
2024-01-30T15:00:00Z,-7.609444,112.595556,0.000606922316364944,-0.0027179287280887,-0.0012689863797277
2024-01-30T18:00:00Z,-7.609444,112.595556,0.0006626848480664194,-0.002830940997228,-0.001742327120155
2024-01-30T21:00:00Z,-7.609444,112.595556,0.0007290604989975691,-0.0029667359776794,-0.002200408373028
2024-01-31T00:00:00Z,-7.609444,112.595556,0.0009486009366810322,-0.0029440021608024,-0.0022538104094564
2024-01-31T03:00:00Z,-7.609444,112.595556,0.0011537628015503,-0.0027610142715275,-0.0017979453550651
2024-01-31T06:00:00Z,-7.609444,112.595556,0.0012584658106788,-0.0026981371920555,-0.0012722159735858
2024-01-31T09:00:00Z,-7.609444,112.595556,0.001342280418612,-0.0027490879874676,-0.0006820025737397373
2024-01-31T12:00:00Z,-7.609444,112.595556,0.0015046427724882,-0.0028493795543909,2.962444705190137e-05
2024-01-31T15:00:00Z,-7.609444,112.595556,0.0017849308205768,-0.0029625422321259,0.0005619977018795907
2024-01-31T18:00:00Z,-7.609444,112.595556,0.0020437852945178,-0.0030166651122272,0.0007471552235074341
2024-01-31T21:00:00Z,-7.609444,112.595556,0.0022696945816278,-0.0029768981039524,0.0008620409644208848
2024-02-01T00:00:00Z,-7.609444,112.595556,0.0025080470368266,-0.002765885554254,0.0013929267879575
2024-02-01T03:00:00Z,-7.609444,112.595556,0.002654937794432,-0.0025592362508177,0.0021570567041635
2024-02-01T06:00:00Z,-7.609444,112.595556,0.0026507824659347,-0.0025329180061817,0.0028240846004337
2024-02-01T09:00:00Z,-7.609444,112.595556,0.0026959388051182,-0.0026241636369377,0.0032420002389699
2024-02-01T12:00:00Z,-7.609444,112.595556,0.0028953761793673,-0.0027515834663063,0.0036341678351163
2024-02-01T15:00:00Z,-7.609444,112.595556,0.0029188825283199,-0.0028214545454829,0.0038722986355423
2024-02-01T18:00:00Z,-7.609444,112.595556,0.0027339062653481,-0.0029513884801417,0.0036651245318353
2024-02-01T21:00:00Z,-7.609444,112.595556,0.0026173922233283,-0.0031227369327098,0.0035077340435236
2024-02-02T00:00:00Z,-7.609444,112.595556,0.0026797386817634,-0.0031293234787881,0.0035449715796858
2024-02-02T03:00:00Z,-7.609444,112.595556,0.0027411465998739,-0.003075242973864,0.003641364397481
2024-02-02T06:00:00Z,-7.609444,112.595556,0.0026754196733236,-0.0029851295985281,0.0036353184841573
2024-02-02T09:00:00Z,-7.609444,112.595556,0.0025679438840597,-0.0029885268304497,0.00337934657
2024-02-02T12:00:00Z,-7.609444,112.595556,0.0025104249361902,-0.0030916552059352,0.0032239886932075
2024-02-02T15:00:00Z,-7.609444,112.595556,0.0023981351405382,-0.0031571155413985,0.0033044582232832
2024-02-02T18:00:00Z,-7.609444,112.595556,0.0020863579120486,-0.0032415771856904,0.0032938693184405
2024-02-02T21:00:00Z,-7.609444,112.595556,0.0016841706819832,-0.0034982748329639,0.0029229384381324
2024-02-03T00:00:00Z,-7.609444,112.595556,0.0014093744102865,-0.0036813635379076,0.0027911528013646
2024-02-03T03:00:00Z,-7.609444,112.595556,0.0010856187436729,-0.0037155840545892,0.0026598258409649
2024-02-03T06:00:00Z,-7.609444,112.595556,0.0008218592265620828,-0.0036759006325155,0.0026944663841277
2024-02-03T09:00:00Z,-7.609444,112.595556,0.0006078447331674397,-0.0037561787758022,0.0028124088421463
2024-02-03T12:00:00Z,-7.609444,112.595556,0.0006251519080251455,-0.0039671375416219,0.0027745938859879
2024-02-03T15:00:00Z,-7.609444,112.595556,0.0006474155816249549,-0.0042471685446798,0.0026150394696742
2024-02-03T18:00:00Z,-7.609444,112.595556,0.0005966106546111405,-0.0045398813672363,0.0021674092859029
2024-02-03T21:00:00Z,-7.609444,112.595556,0.0005403943359851837,-0.0048245084472,0.001552966190502
2024-02-04T00:00:00Z,-7.609444,112.595556,0.0006243463722057641,-0.004938615951687,0.0013280002167448
2024-02-04T03:00:00Z,-7.609444,112.595556,0.0006841897265985608,-0.0049650957807898,0.001342854113318
2024-02-04T06:00:00Z,-7.609444,112.595556,0.0007137518259696662,-0.0049585257656872,0.0014604368479922
2024-02-04T09:00:00Z,-7.609444,112.595556,0.0007085507968440652,-0.0049055898562073,0.0015923122409731
2024-02-04T12:00:00Z,-7.609444,112.595556,0.0009939218871295452,-0.0047412463463842,0.0019684105645865
2024-02-04T15:00:00Z,-7.609444,112.595556,0.0011994623346254,-0.0044864546507596,0.0023291611578315
2024-02-04T18:00:00Z,-7.609444,112.595556,0.0011688572121784,-0.0043781115673482,0.0022939206101
2024-02-04T21:00:00Z,-7.609444,112.595556,0.0011806566035375,-0.004415841307491,0.0020395412575453
2024-02-05T00:00:00Z,-7.609444,112.595556,0.0014207249041646,-0.0043837539851665,0.0021659696940332
2024-02-05T03:00:00Z,-7.609444,112.595556,0.0016566964332014,-0.0042111291550099,0.0022112445440143
2024-02-05T06:00:00Z,-7.609444,112.595556,0.001833650865592,-0.0039213625714182,0.0021332565229386
2024-02-05T09:00:00Z,-7.609444,112.595556,0.0020392586011439,-0.0036231016274541,0.0017847162671387
2024-02-05T12:00:00Z,-7.609444,112.595556,0.0023916587233543,-0.0034117370378226,0.0016133632743731
2024-02-05T15:00:00Z,-7.609444,112.595556,0.0027757082134485,-0.0031751750502735,0.0014762518694624
2024-02-05T18:00:00Z,-7.609444,112.595556,0.0028965487144887,-0.003144342219457,0.00127564673312
2024-02-05T21:00:00Z,-7.609444,112.595556,0.0029832227155566,-0.0034818013664335,0.0008068933966569602
2024-02-06T00:00:00Z,-7.609444,112.595556,0.0033049676567316,-0.0036992873065173,0.0008607120253145695
2024-02-06T03:00:00Z,-7.609444,112.595556,0.0035740879829972,-0.0036619135644286,0.0014155495446175
2024-02-06T06:00:00Z,-7.609444,112.595556,0.003648041980341,-0.0036394698545336,0.0019980538636446
2024-02-06T09:00:00Z,-7.609444,112.595556,0.0037095127627253,-0.0037573887966573,0.0022540038917213
2024-02-06T12:00:00Z,-7.609444,112.595556,0.0037314165383577,-0.003912431653589,0.0026389576960355
2024-02-06T15:00:00Z,-7.609444,112.595556,0.0035957507789134,-0.0040190163999795,0.0026972794439643
2024-02-06T18:00:00Z,-7.609444,112.595556,0.0033142257016152,-0.0039850384928286,0.0023001164663583
2024-02-06T21:00:00Z,-7.609444,112.595556,0.0030350047163665,-0.0040175910107791,0.0018833315698429
2024-02-07T00:00:00Z,-7.609444,112.595556,0.0028350502252578,-0.0040669622831046,0.001627326477319
2024-02-07T03:00:00Z,-7.609444,112.595556,0.0024270832072943,-0.0041574677452445,0.0014437772333621
2024-02-07T06:00:00Z,-7.609444,112.595556,0.0019222825067117,-0.0042519685812294,0.0011754346778616
2024-02-07T09:00:00Z,-7.609444,112.595556,0.0015377615345641,-0.0043786438181996,0.0008852292085066438
2024-02-07T12:00:00Z,-7.609444,112.595556,0.0013405556092038,-0.0042476947419345,0.0009163179202005268
2024-02-07T15:00:00Z,-7.609444,112.595556,0.0013014654396101,-0.0038050671573728,0.0008054350037127733
2024-02-07T18:00:00Z,-7.609444,112.595556,0.0012196880998089,-0.0032200978603214,0.0002621259191073477
2024-02-07T21:00:00Z,-7.609444,112.595556,0.0011680980678647,-0.0028065603692084,-0.0004268692864570767
2024-02-08T00:00:00Z,-7.609444,112.595556,0.0012404570588842,-0.0025937245227396,-0.0007223038701340556
2024-02-08T03:00:00Z,-7.609444,112.595556,0.0011793615994974,-0.0024938418064266,-0.0007054252782836556
2024-02-08T06:00:00Z,-7.609444,112.595556,0.0009225269313901664,-0.0025670265313237,-0.0006386024178937078
2024-02-08T09:00:00Z,-7.609444,112.595556,0.0005670539685525,-0.0028738006949424,-0.0009075705893337728
2024-02-08T12:00:00Z,-7.609444,112.595556,0.0004118419601581991,-0.0031769159249961,-0.0012027034536004
2024-02-08T15:00:00Z,-7.609444,112.595556,0.00033139297738671303,-0.0032362132333219,-0.0014103311114013
2024-02-08T18:00:00Z,-7.609444,112.595556,5.2639752539107576e-05,-0.0032783749047666,-0.001291632419452
2024-02-08T21:00:00Z,-7.609444,112.595556,-0.000204439289518632,-0.0034140055067837,-0.0011007074499502
2024-02-09T00:00:00Z,-7.609444,112.595556,8.731819434615318e-06,-0.0034404662437736,-0.0009951492538675666
2024-02-09T03:00:00Z,-7.609444,112.595556,0.00036385623388923705,-0.0031924915965646,-0.0008079097024165094
2024-02-09T06:00:00Z,-7.609444,112.595556,0.0005301015335135162,-0.002872291021049,-0.0007019191398285329
2024-02-09T09:00:00Z,-7.609444,112.595556,0.0006432972149923444,-0.0026230646762996,-0.0006181487115100026
2024-02-09T12:00:00Z,-7.609444,112.595556,0.0010072364239022,-0.0024591949768364,-0.0005880723474547267
2024-02-09T15:00:00Z,-7.609444,112.595556,0.0014230962842702,-0.0023039293009787,-0.0006193313165567815
2024-02-09T18:00:00Z,-7.609444,112.595556,0.0016995560145005,-0.0022084955126047,-0.0004726576735265553
2024-02-09T21:00:00Z,-7.609444,112.595556,0.0018154700519517,-0.0021617636084556,-0.00034905297798104584
2024-02-10T00:00:00Z,-7.609444,112.595556,0.0020651009399443,-0.0020204375032335,-0.0004530524311121553
2024-02-10T03:00:00Z,-7.609444,112.595556,0.0023413784801959,-0.0016816238639876,-0.0006256662309169769
2024-02-10T06:00:00Z,-7.609444,112.595556,0.0023870859295129,-0.0014465859858319,-0.0007099222857505083
2024-02-10T09:00:00Z,-7.609444,112.595556,0.0022882984485477,-0.0014087029267102,-0.0009420237620361148
2024-02-10T12:00:00Z,-7.609444,112.595556,0.0023395982570946,-0.0014743470819666,-0.0013710387283936
2024-02-10T15:00:00Z,-7.609444,112.595556,0.0024339202791452,-0.0015651510329917,-0.0019493023864924
2024-02-10T18:00:00Z,-7.609444,112.595556,0.0023783892393112,-0.0017453661421313,-0.0024175201542675
2024-02-10T21:00:00Z,-7.609444,112.595556,0.0021325726993381,-0.0019079283811151,-0.0026648128405213
2024-02-11T00:00:00Z,-7.609444,112.595556,0.0020036846399307,-0.0019173860782757,-0.0029756766743957
2024-02-11T03:00:00Z,-7.609444,112.595556,0.0017968520987778,-0.0018142721382901,-0.0031124686356633
2024-02-11T06:00:00Z,-7.609444,112.595556,0.0013574815820902,-0.0018354767234995,-0.0030131384264677
2024-02-11T09:00:00Z,-7.609444,112.595556,0.000809902441687882,-0.0019858495797961,-0.0030445505399256
2024-02-11T12:00:00Z,-7.609444,112.595556,0.0005359285278245807,-0.0021287663839757,-0.0031642185058444
2024-02-11T15:00:00Z,-7.609444,112.595556,0.00040598990744911134,-0.0020745806396007,-0.0030093523673713
2024-02-11T18:00:00Z,-7.609444,112.595556,0.0002590470830909908,-0.0020263011101633,-0.002592971548438
2024-02-11T21:00:00Z,-7.609444,112.595556,2.119179407600313e-05,-0.0020447226706892,-0.0023937879595905
2024-02-12T00:00:00Z,-7.609444,112.595556,3.8895555917406455e-05,-0.0019940335769206,-0.0022788369096815
2024-02-12T03:00:00Z,-7.609444,112.595556,0.00018012139480561018,-0.0017876556375995,-0.0022778012789785
2024-02-12T06:00:00Z,-7.609444,112.595556,0.000454863824415952,-0.0016244638245552,-0.0022762243170291
2024-02-12T09:00:00Z,-7.609444,112.595556,0.0007622377597726882,-0.0014792830916121,-0.0021649494301527
2024-02-12T12:00:00Z,-7.609444,112.595556,0.0010503748198971,-0.0014005273114889,-0.0021314437035471
2024-02-12T15:00:00Z,-7.609444,112.595556,0.0012183658545836,-0.001426673377864,-0.0020916115026921
2024-02-12T18:00:00Z,-7.609444,112.595556,0.0012938423315063,-0.0015563870547339,-0.0017422329401597
2024-02-12T21:00:00Z,-7.609444,112.595556,0.0014727615052834,-0.0019062192877754,-0.0015600739279761
2024-02-13T00:00:00Z,-7.609444,112.595556,0.0019108593696728,-0.0021156556904315,-0.0011755210580304
2024-02-13T03:00:00Z,-7.609444,112.595556,0.002119276439771,-0.002140499651432,-0.0004948737914673984
2024-02-13T06:00:00Z,-7.609444,112.595556,0.0023154022637754,-0.0021544606424868,6.978727469686419e-06
2024-02-13T09:00:00Z,-7.609444,112.595556,0.0025517211761325,-0.0021749539300799,0.0002339157072128728
2024-02-13T12:00:00Z,-7.609444,112.595556,0.002736500930041,-0.0021891808137297,0.0004258815024513751
2024-02-13T15:00:00Z,-7.609444,112.595556,0.002867083530873,-0.0022166843991726,0.0005205930210649967
2024-02-13T18:00:00Z,-7.609444,112.595556,0.0029149116016924,-0.0022403660695999,0.0007170981843955815
2024-02-13T21:00:00Z,-7.609444,112.595556,0.0028121443465352,-0.002430263441056,0.0006053617689758539
2024-02-14T00:00:00Z,-7.609444,112.595556,0.0027721927035599,-0.0026441377121955,0.0004824217758141458
2024-02-14T03:00:00Z,-7.609444,112.595556,0.0026466073468327,-0.0026090946048498,0.0006726707797497511
2024-02-14T06:00:00Z,-7.609444,112.595556,0.0024627100210636,-0.0025520287454128,0.00101102842018
2024-02-14T09:00:00Z,-7.609444,112.595556,0.0023603192530572,-0.0027068450581282,0.0010370687814429
2024-02-14T12:00:00Z,-7.609444,112.595556,0.0023259713780134,-0.0028358926065266,0.00093770312378183
2024-02-14T15:00:00Z,-7.609444,112.595556,0.0022015538997948,-0.0027876228559762,0.0011130264028906
2024-02-14T18:00:00Z,-7.609444,112.595556,0.0020880526863038,-0.002718384610489,0.0011082348646596
2024-02-14T21:00:00Z,-7.609444,112.595556,0.0019223543349653,-0.0026262016035616,0.0009972400730475783
2024-02-15T00:00:00Z,-7.609444,112.595556,0.0017984297592192,-0.0024618962779641,0.0007927856640890241
2024-02-15T03:00:00Z,-7.609444,112.595556,0.0015506041236221,-0.0023304685018956,0.000684537400957197
2024-02-15T06:00:00Z,-7.609444,112.595556,0.0012068815995007,-0.0022330575156956,0.000719474395737052
2024-02-15T09:00:00Z,-7.609444,112.595556,0.0009733542683534324,-0.0022881855256855,0.0005189423682168126
2024-02-15T12:00:00Z,-7.609444,112.595556,0.0009899593424052,-0.0024303733371198,0.00036392282345332205
2024-02-15T15:00:00Z,-7.609444,112.595556,0.0009867207845672965,-0.002440728014335,0.0009150707046501338
2024-02-15T18:00:00Z,-7.609444,112.595556,0.0009155760053545236,-0.0024041519500315,0.0014986818423494
2024-02-15T21:00:00Z,-7.609444,112.595556,0.0008554402738809586,-0.0023370780982077,0.0016250835033133
2024-02-16T00:00:00Z,-7.609444,112.595556,0.0011021802201867,-0.0023411307483911,0.001545509789139
2024-02-16T03:00:00Z,-7.609444,112.595556,0.0014728060923516,-0.0022965311072766,0.001486437045969
2024-02-16T06:00:00Z,-7.609444,112.595556,0.0017480698879808,-0.0022440967150032,0.0013541361549869
2024-02-16T09:00:00Z,-7.609444,112.595556,0.0018419623374938,-0.002320829546079,0.0011008032597601
2024-02-16T12:00:00Z,-7.609444,112.595556,0.0019012412521988,-0.0024286250118166,0.0011572933290153
2024-02-16T15:00:00Z,-7.609444,112.595556,0.0018867600010707,-0.0025297133252024,0.0015308755682781
2024-02-16T18:00:00Z,-7.609444,112.595556,0.0017800336936488,-0.0027199462056159,0.001737568876706
2024-02-16T21:00:00Z,-7.609444,112.595556,0.0017167837359011,-0.0029462950769811,0.0016344485338777
2024-02-17T00:00:00Z,-7.609444,112.595556,0.0018705636030063,-0.0030950105283409,0.0016304546734318
2024-02-17T03:00:00Z,-7.609444,112.595556,0.0020514426287263,-0.0030511529184877,0.0018207457615062
2024-02-17T06:00:00Z,-7.609444,112.595556,0.0021988705266267,-0.0030876290984451,0.0017864339752122
2024-02-17T09:00:00Z,-7.609444,112.595556,0.0023462180979549,-0.0030898449476808,0.0013198755914345
2024-02-17T12:00:00Z,-7.609444,112.595556,0.0025308623444288,-0.0030997633002698,0.0009869133355095985
2024-02-17T15:00:00Z,-7.609444,112.595556,0.0025750424247235,-0.0031335828825831,0.0008681127219460905
2024-02-17T18:00:00Z,-7.609444,112.595556,0.0024449061602354,-0.0031940231565386,0.0006694135372526944
2024-02-17T21:00:00Z,-7.609444,112.595556,0.0023190253414213,-0.0032232485245913,0.00043212762102484703
2024-02-18T00:00:00Z,-7.609444,112.595556,0.0022388035431504,-0.0031520016491413,0.000563052308280021
2024-02-18T03:00:00Z,-7.609444,112.595556,0.0022372172679752,-0.0030361772514879,0.0010147482389584
2024-02-18T06:00:00Z,-7.609444,112.595556,0.0022009362000972,-0.0029686614871025,0.0015399536350741
2024-02-18T09:00:00Z,-7.609444,112.595556,0.0021256781183183,-0.0030010847840458,0.001842359197326
2024-02-18T12:00:00Z,-7.609444,112.595556,0.0021182110067456,-0.0030434837099164,0.0020831392612308
2024-02-18T15:00:00Z,-7.609444,112.595556,0.0019871771801263,-0.0029335622675716,0.0019774409011006
2024-02-18T18:00:00Z,-7.609444,112.595556,0.001842969446443,-0.0027674701996147,0.0017557528335601
2024-02-18T21:00:00Z,-7.609444,112.595556,0.0017062725964933,-0.0025669811293482,0.0014403630048036
2024-02-19T00:00:00Z,-7.609444,112.595556,0.0016639062669128,-0.0023740290198475,0.001386355026625
2024-02-19T03:00:00Z,-7.609444,112.595556,0.0016545337857678,-0.0021375063806772,0.0016914217267185
2024-02-19T06:00:00Z,-7.609444,112.595556,0.0014937536325305,-0.001936336280778,0.0020257448777556
2024-02-19T09:00:00Z,-7.609444,112.595556,0.0012421470601111,-0.001877864007838,0.0020817483309656
2024-02-19T12:00:00Z,-7.609444,112.595556,0.0012744790874421,-0.0018324856646358,0.0020509273745119
2024-02-19T15:00:00Z,-7.609444,112.595556,0.0013524637324735,-0.0017099886899814,0.0019813037943094
2024-02-19T18:00:00Z,-7.609444,112.595556,0.0012525308411568,-0.0016913370927795,0.0018223314546048
2024-02-19T21:00:00Z,-7.609444,112.595556,0.000988258165307343,-0.0018781686667352,0.001345171011053
2024-02-20T00:00:00Z,-7.609444,112.595556,0.0009408838814124464,-0.0019372055539861,0.0010392811382189
2024-02-20T03:00:00Z,-7.609444,112.595556,0.0009115190478041768,-0.0017476839711889,0.0009278700454160572
2024-02-20T06:00:00Z,-7.609444,112.595556,0.0008192109526135027,-0.0014392706798389,0.0008627809584140778
2024-02-20T09:00:00Z,-7.609444,112.595556,0.0006202372605912387,-0.0012665288522839,0.0005410517333075404
2024-02-20T12:00:00Z,-7.609444,112.595556,0.00040825712494552135,-0.0012387796305119,0.000454906839877367
2024-02-20T15:00:00Z,-7.609444,112.595556,0.00022088713012635708,-0.0012220091884955,0.0004298170970287174
2024-02-20T18:00:00Z,-7.609444,112.595556,1.0673248652892651e-05,-0.0012021083384752,0.0004698461852967739
2024-02-20T21:00:00Z,-7.609444,112.595556,-0.00015891874500084668,-0.0011587254703044,0.0006369068869389594
2024-02-21T00:00:00Z,-7.609444,112.595556,-0.00015497404092457143,-0.0011497720843181,0.0011436070781201
2024-02-21T03:00:00Z,-7.609444,112.595556,-8.938083192333579e-05,-0.0011571429204195,0.0014108585892245
2024-02-21T06:00:00Z,-7.609444,112.595556,5.775798490503803e-05,-0.0012101661413908,0.0015285990666598
2024-02-21T09:00:00Z,-7.609444,112.595556,0.0001265835453523323,-0.0013405767967924,0.0011697526788339
2024-02-21T12:00:00Z,-7.609444,112.595556,0.00010071968426927924,-0.0014410470612347,0.0006348865572363138
2024-02-21T15:00:00Z,-7.609444,112.595556,5.383339521358721e-05,-0.0014659105800092,8.005143899936229e-05
2024-02-21T18:00:00Z,-7.609444,112.595556,-5.029590465710498e-05,-0.0015626308741047,-0.0003574770817067474
2024-02-21T21:00:00Z,-7.609444,112.595556,-0.0001491436414653435,-0.0017820171779021,-0.0008713575080037117
2024-02-22T00:00:00Z,-7.609444,112.595556,-0.00022378134599421173,-0.0019593981560319,-0.0005910024046897888
2024-02-22T03:00:00Z,-7.609444,112.595556,-0.00027544607291929424,-0.0020862773526459,-7.856263437133748e-06
2024-02-22T06:00:00Z,-7.609444,112.595556,-0.0002059676480712369,-0.0021668160334229,0.000307911861455068
2024-02-22T09:00:00Z,-7.609444,112.595556,-7.191664190031588e-05,-0.00216432986781,0.00016189986490644517
2024-02-22T12:00:00Z,-7.609444,112.595556,0.00010354042751714589,-0.0020065829157829,0.0002540078712627292
2024-02-22T15:00:00Z,-7.609444,112.595556,0.00022225345310289413,-0.0017994804074987,0.00025410219677723944
2024-02-22T18:00:00Z,-7.609444,112.595556,0.0003091329999733716,-0.0015224624658003,0.0001850124099291861
2024-02-22T21:00:00Z,-7.609444,112.595556,0.0003358022077009082,-0.0013661953853443,-0.00025281275156885386
2024-02-23T00:00:00Z,-7.609444,112.595556,0.0003242000238969922,-0.0012547286460176,-0.00030647756648249924
2024-02-23T03:00:00Z,-7.609444,112.595556,0.0002912390336859972,-0.0010730876820161,-0.0002233252744190395
2024-02-23T06:00:00Z,-7.609444,112.595556,0.0003150731499772519,-0.0008900544489733875,-0.0003363459836691618
2024-02-23T09:00:00Z,-7.609444,112.595556,0.00044403987703844905,-0.000841573579236865,-0.0005829303991049528
2024-02-23T12:00:00Z,-7.609444,112.595556,0.0006148832617327571,-0.0007742319139651954,-0.0005643845652230084
2024-02-23T15:00:00Z,-7.609444,112.595556,0.0008457106305286288,-0.0005398692446760833,-0.00042921712156385183
2024-02-23T18:00:00Z,-7.609444,112.595556,0.001049215090461,-0.00020692046382464468,1.1357277571732991e-06
2024-02-23T21:00:00Z,-7.609444,112.595556,0.001135668484494,-0.00013134966138750315,-4.549328514258377e-05
2024-02-24T00:00:00Z,-7.609444,112.595556,0.0013383122859522,-0.00024915233370848,-0.00031113839941099286
2024-02-24T03:00:00Z,-7.609444,112.595556,0.0015456469263881,-0.0001823855855036527,-0.00035910875885747373
2024-02-24T06:00:00Z,-7.609444,112.595556,0.0015597717138007,-0.0001139918458648026,-0.0002978485135827213
2024-02-24T09:00:00Z,-7.609444,112.595556,0.0014205531915649,-0.0003008749627042562,-0.0002922166313510388
2024-02-24T12:00:00Z,-7.609444,112.595556,0.0012530841631814,-0.0005795806646347046,-0.00018962363537866625
2024-02-24T15:00:00Z,-7.609444,112.595556,0.0010838949820026,-0.0006426184554584324,0.00019168628205079585
2024-02-24T18:00:00Z,-7.609444,112.595556,0.0008638350991532207,-0.0005913785425946116,0.0005679819732904434
2024-02-24T21:00:00Z,-7.609444,112.595556,0.0007265752064995468,-0.0006115634460002184,0.0006189318955875933
2024-02-25T00:00:00Z,-7.609444,112.595556,0.0008380283252336085,-0.0007274263189174235,0.0006380649865604937
2024-02-25T03:00:00Z,-7.609444,112.595556,0.0010031060082837,-0.0006828880286775529,0.0008609891519881785
2024-02-25T06:00:00Z,-7.609444,112.595556,0.0010434129508212,-0.0005798155325464904,0.0011999399866908
2024-02-25T09:00:00Z,-7.609444,112.595556,0.0009925662307068706,-0.0006675744662061334,0.0013166334247216
2024-02-25T12:00:00Z,-7.609444,112.595556,0.0009893589885905385,-0.0009444324532523752,0.0012376811355352
2024-02-25T15:00:00Z,-7.609444,112.595556,0.0010333099635317,-0.0010693757794797,0.0008141862927004695
2024-02-25T18:00:00Z,-7.609444,112.595556,0.001003046403639,-0.0010257463436573,0.0003797298413701356
2024-02-25T21:00:00Z,-7.609444,112.595556,0.0006466516060754657,-0.0009785782312974334,0.00013365656195674092
2024-02-26T00:00:00Z,-7.609444,112.595556,0.0002838389773387462,-0.0011002677492797,-7.727512274868786e-05
2024-02-26T03:00:00Z,-7.609444,112.595556,-5.110641268402105e-06,-0.0011331561254337,-6.931820826139301e-05
2024-02-26T06:00:00Z,-7.609444,112.595556,-0.00016951814177446067,-0.0010719506535679,0.0001742356980685145
2024-02-26T09:00:00Z,-7.609444,112.595556,-0.0005226251669228077,-0.0010060381609946,0.00017788977129384875
2024-02-26T12:00:00Z,-7.609444,112.595556,-0.0008625255431979895,-0.0010146861895918,8.347825314558577e-06
2024-02-26T15:00:00Z,-7.609444,112.595556,-0.0010718865087255,-0.0010118143400177,-0.000415432034060359
2024-02-26T18:00:00Z,-7.609444,112.595556,-0.0011421306990087,-0.0010810123058035,-0.0008595742983743548
2024-02-26T21:00:00Z,-7.609444,112.595556,-0.0012306825956329,-0.0011112232459709,-0.0011849013390019
2024-02-27T00:00:00Z,-7.609444,112.595556,-0.0012448623310774,-0.0011279566679149,-0.0012039858847856
2024-02-27T03:00:00Z,-7.609444,112.595556,-0.0012261583469808,-0.0010319786379113,-0.0013789834920316
2024-02-27T06:00:00Z,-7.609444,112.595556,-0.0012190289562568,-0.0009563207277096808,-0.0016597169451415
2024-02-27T09:00:00Z,-7.609444,112.595556,-0.0013160306261852,-0.0008401378872804344,-0.001773705240339
2024-02-27T12:00:00Z,-7.609444,112.595556,-0.0013908197870478,-0.0007857948658056557,-0.001293794484809
2024-02-27T15:00:00Z,-7.609444,112.595556,-0.0013478889595717,-0.0009384850272908808,-0.0006969928508624434
2024-02-27T18:00:00Z,-7.609444,112.595556,-0.0012687449343502,-0.0011536445235833,-0.00018052996892947704
2024-02-27T21:00:00Z,-7.609444,112.595556,-0.0013288902118802,-0.001408617477864,0.00011593211092986166
2024-02-28T00:00:00Z,-7.609444,112.595556,-0.0011594225652515,-0.0014255398418754,0.000344813393894583
2024-02-28T03:00:00Z,-7.609444,112.595556,-0.0008342352230101824,-0.0010131374001502,0.0008655767887830734
2024-02-28T06:00:00Z,-7.609444,112.595556,-0.00047730046208016574,-0.0005496489466167986,0.001427226467058
2024-02-28T09:00:00Z,-7.609444,112.595556,-0.0002960714919026941,-0.0003937390283681452,0.0016929771518334
2024-02-28T12:00:00Z,-7.609444,112.595556,-6.975675205467269e-05,-0.000514795130584389,0.0020625996403396
2024-02-28T15:00:00Z,-7.609444,112.595556,0.00022717827232554555,-0.0006816570530645549,0.0023254086263477
2024-02-28T18:00:00Z,-7.609444,112.595556,0.0004943854873999953,-0.0008886675350368023,0.0024304357357323
2024-02-28T21:00:00Z,-7.609444,112.595556,0.0006460501463152468,-0.0010569375008344,0.0024668073747307
2024-02-29T00:00:00Z,-7.609444,112.595556,0.0009141511400230228,-0.0011693207779899,0.0025385816115885
2024-02-29T03:00:00Z,-7.609444,112.595556,0.0010729199275374,-0.0010900745401158,0.0024069896899163
2024-02-29T06:00:00Z,-7.609444,112.595556,0.0011228646617382,-0.0010488020488992,0.0020928364247083
2024-02-29T09:00:00Z,-7.609444,112.595556,0.001176303718239,-0.0011440322268754,0.0013890609843656
2024-02-29T12:00:00Z,-7.609444,112.595556,0.0014265615027397,-0.0013091868022456,0.0004519666254054755
2024-02-29T15:00:00Z,-7.609444,112.595556,0.0016877320595085,-0.0013365530176088,-0.00029116266523487866
2024-02-29T18:00:00Z,-7.609444,112.595556,0.0015829609474167,-0.0013695085654035,-0.0007974426262080669
2024-02-29T21:00:00Z,-7.609444,112.595556,0.001208986272104,-0.0015718998620286,-0.0015528112417086
2024-03-01T00:00:00Z,-7.609444,112.595556,0.00091893580975011,-0.0018538539297878,-0.0022408652584999
2024-03-01T03:00:00Z,-7.609444,112.595556,0.0005973323131911457,-0.0019244130235165,-0.0025384812615811
2024-03-01T06:00:00Z,-7.609444,112.595556,0.00036162976175546646,-0.0018802921986207,-0.0023527352605015
2024-03-01T09:00:00Z,-7.609444,112.595556,0.0002737891336437315,-0.0019134555477648,-0.0021024169400334
2024-03-01T12:00:00Z,-7.609444,112.595556,0.0004049395793117583,-0.0020337849855422,-0.0019073388539254
2024-03-01T15:00:00Z,-7.609444,112.595556,0.0005868540611118078,-0.0019974145106971,-0.0020629947539418
2024-03-01T18:00:00Z,-7.609444,112.595556,0.0006219258066266775,-0.0018381477566435,-0.0018257859628647
2024-03-01T21:00:00Z,-7.609444,112.595556,0.0004813952255062759,-0.0017388121923431,-0.0016547380946576
2024-03-02T00:00:00Z,-7.609444,112.595556,0.0004652045900002122,-0.0017465881537646,-0.0017314675496891
2024-03-02T03:00:00Z,-7.609444,112.595556,0.0005807496490888298,-0.0015932485694065,-0.0018955392297357
2024-03-02T06:00:00Z,-7.609444,112.595556,0.0006950911483727396,-0.0013771944213658,-0.0019012980628758
2024-03-02T09:00:00Z,-7.609444,112.595556,0.0007471079006791115,-0.0011566538596525,-0.0018408198375254
2024-03-02T12:00:00Z,-7.609444,112.595556,0.0008236428839154541,-0.0010078547056764,-0.0017165112076327
2024-03-02T15:00:00Z,-7.609444,112.595556,0.0008953368524089456,-0.0009325313149020076,-0.0019982084631919
2024-03-02T18:00:00Z,-7.609444,112.595556,0.0009620492346584796,-0.000883670465555042,-0.0021457048133015
2024-03-02T21:00:00Z,-7.609444,112.595556,0.000837417901493609,-0.0008489321335218847,-0.0023877043277025
2024-03-03T00:00:00Z,-7.609444,112.595556,0.0006670556031167507,-0.0009165332303382456,-0.0027280724607408
2024-03-03T03:00:00Z,-7.609444,112.595556,0.0006190818967297673,-0.0009061330929398536,-0.0030524127651005
2024-03-03T06:00:00Z,-7.609444,112.595556,0.0006831260398030281,-0.0009186608949676156,-0.0029512702021747
2024-03-03T09:00:00Z,-7.609444,112.595556,0.0006401669816114008,-0.0010324922623112,-0.0025303335860371
2024-03-03T12:00:00Z,-7.609444,112.595556,0.0004908675909973681,-0.0012647293042391,-0.0022917918395251
2024-03-03T15:00:00Z,-7.609444,112.595556,0.000429728941526264,-0.0014220587909221,-0.0023174998350441
2024-03-03T18:00:00Z,-7.609444,112.595556,0.00044264717143960297,-0.0014937296509742,-0.0024653379805386
2024-03-03T21:00:00Z,-7.609444,112.595556,0.00031721917912364006,-0.0013294098898768,-0.0024193294811993
2024-03-04T00:00:00Z,-7.609444,112.595556,0.00024296487390529364,-0.0012562511255964,-0.0021986034698784
2024-03-04T03:00:00Z,-7.609444,112.595556,0.0002760814968496561,-0.0012757838703691,-0.0019382014870643
2024-03-04T06:00:00Z,-7.609444,112.595556,0.0004390324174892157,-0.0014523171121254,-0.0013773537939414
2024-03-04T09:00:00Z,-7.609444,112.595556,0.0005644015036523342,-0.0017537728417664,-0.0008672922267578542
2024-03-04T12:00:00Z,-7.609444,112.595556,0.000836485531181097,-0.0019879394676536,-0.0004987068241462111
2024-03-04T15:00:00Z,-7.609444,112.595556,0.00121016043704,-0.0019988403655588,-0.00013403828779701144
2024-03-04T18:00:00Z,-7.609444,112.595556,0.001638796296902,-0.0019058239413425,2.8600834411918186e-05
2024-03-04T21:00:00Z,-7.609444,112.595556,0.0019418490119278,-0.0018351336475461,-4.060916762682609e-05
2024-03-05T00:00:00Z,-7.609444,112.595556,0.0022033136337995,-0.0018629928817972,2.4789835151750594e-05
2024-03-05T03:00:00Z,-7.609444,112.595556,0.002260684967041,-0.0019204604905098,0.0003140829794574529
2024-03-05T06:00:00Z,-7.609444,112.595556,0.0021372681949287,-0.0021123746410012,0.0005934183718636632
2024-03-05T09:00:00Z,-7.609444,112.595556,0.0020016888156533,-0.0023669803049415,0.000600660452619195
2024-03-05T12:00:00Z,-7.609444,112.595556,0.0019808239303529,-0.0025990877766162,0.0007386269862763584
2024-03-05T15:00:00Z,-7.609444,112.595556,0.0018744990229606,-0.0026467707939445,0.0008975642267614603
2024-03-05T18:00:00Z,-7.609444,112.595556,0.0016788527136668,-0.0026257019490003,0.0006459799478761852
2024-03-05T21:00:00Z,-7.609444,112.595556,0.0014191846130415,-0.0027425943408161,-5.316714305081405e-05
2024-03-06T00:00:00Z,-7.609444,112.595556,0.0012026308104395,-0.0027950508520007,-0.000621421670075506
2024-03-06T03:00:00Z,-7.609444,112.595556,0.0009201387292705476,-0.0026845873799175,-0.0008862408576533198
2024-03-06T06:00:00Z,-7.609444,112.595556,0.0006787076126784086,-0.0025418589357286,-0.0010056442115455
2024-03-06T09:00:00Z,-7.609444,112.595556,0.0003827296022791416,-0.0025762617588043,-0.0014006384881213
2024-03-06T12:00:00Z,-7.609444,112.595556,0.00016779161524027586,-0.002674686955288,-0.0017111668130382
2024-03-06T15:00:00Z,-7.609444,112.595556,7.906404789537191e-05,-0.0026413621380925,-0.0017239570152014
2024-03-06T18:00:00Z,-7.609444,112.595556,-8.404370601056144e-05,-0.0026561974082142,-0.0015142997726798
2024-03-06T21:00:00Z,-7.609444,112.595556,-0.0003894878900609911,-0.0027677675243467,-0.0010825439821928
2024-03-07T00:00:00Z,-7.609444,112.595556,-0.0006252382299862802,-0.0027387978043407,-0.0002983043377753347
2024-03-07T03:00:00Z,-7.609444,112.595556,-0.0008568710181862116,-0.0026945162098854,0.00014097955136094242
2024-03-07T06:00:00Z,-7.609444,112.595556,-0.0008621019078418612,-0.0026207941118627,0.00022197706857696176
2024-03-07T09:00:00Z,-7.609444,112.595556,-0.0008097217069007456,-0.0024786374997347,0.00022103321680333465
2024-03-07T12:00:00Z,-7.609444,112.595556,-0.0007729945355094969,-0.0023974303621798,0.00031217283685691655
2024-03-07T15:00:00Z,-7.609444,112.595556,-0.0007204297580756247,-0.0022407262586057,0.0005026841536164284
2024-03-07T18:00:00Z,-7.609444,112.595556,-0.0007745107286609709,-0.0021195951849222,0.0007731959340162575
2024-03-07T21:00:00Z,-7.609444,112.595556,-0.0008610030054114759,-0.0020606394391506,0.0007937302580103278
2024-03-08T00:00:00Z,-7.609444,112.595556,-0.0008390345610678196,-0.0019487933022901,0.0007757871644571424
2024-03-08T03:00:00Z,-7.609444,112.595556,-0.0008256869623437524,-0.0018341856775805,0.0007607750594615936
2024-03-08T06:00:00Z,-7.609444,112.595556,-0.0007940781069919467,-0.0017254374688491,0.0008434820920228958
2024-03-08T09:00:00Z,-7.609444,112.595556,-0.0008625041809864342,-0.0016957476036623,0.0006882130401208997
2024-03-08T12:00:00Z,-7.609444,112.595556,-0.000997245777398348,-0.001655662083067,0.00043094396824017167
2024-03-08T15:00:00Z,-7.609444,112.595556,-0.0010306609328836,-0.0014969791518524,-6.249253783607855e-05
2024-03-08T18:00:00Z,-7.609444,112.595556,-0.0009572223061695696,-0.0012726110871881,-0.0005517168901860714
2024-03-08T21:00:00Z,-7.609444,112.595556,-0.0010762758320197,-0.0011445742566138,-0.0012172448914498
2024-03-09T00:00:00Z,-7.609444,112.595556,-0.0012032400118187,-0.0011719111353158,-0.0018788583111017
2024-03-09T03:00:00Z,-7.609444,112.595556,-0.0015297337668016,-0.0012179124169051,-0.0020957705564796
2024-03-09T06:00:00Z,-7.609444,112.595556,-0.0019054885488003,-0.0012922949390485,-0.0021156596485525
2024-03-09T09:00:00Z,-7.609444,112.595556,-0.0023551878985017,-0.0014071257319301,-0.0022915212903171
2024-03-09T12:00:00Z,-7.609444,112.595556,-0.0026781042106449,-0.001495924196206,-0.0022189009469002
2024-03-09T15:00:00Z,-7.609444,112.595556,-0.0028467802330851,-0.0014425560366362,-0.0021151239052414
2024-03-09T18:00:00Z,-7.609444,112.595556,-0.0030671437270939,-0.0013446927769109,-0.0021172906272113
2024-03-09T21:00:00Z,-7.609444,112.595556,-0.0032789336983114,-0.0013428247766569,-0.0022350675426423
2024-03-10T00:00:00Z,-7.609444,112.595556,-0.0032764875795692,-0.0014021606184542,-0.0025290946941822
2024-03-10T03:00:00Z,-7.609444,112.595556,-0.0031384627800434,-0.001339289592579,-0.0026411451399326
2024-03-10T06:00:00Z,-7.609444,112.595556,-0.0030027932953089,-0.0011305515654385,-0.0026480224914848
2024-03-10T09:00:00Z,-7.609444,112.595556,-0.002781284507364,-0.0009045788901858032,-0.0028372041415423
2024-03-10T12:00:00Z,-7.609444,112.595556,-0.0024690148420631,-0.0006130734109319746,-0.002966939471662
2024-03-10T15:00:00Z,-7.609444,112.595556,-0.0020552701316773,-0.0002184003678848967,-0.0028820377774536
2024-03-10T18:00:00Z,-7.609444,112.595556,-0.0015462416922673,0.0002766638353932649,-0.0026265140622854
2024-03-10T21:00:00Z,-7.609444,112.595556,-0.0011146153556182,0.0007119625224731863,-0.0026528418529778
2024-03-11T00:00:00Z,-7.609444,112.595556,-0.000656404416076839,0.000951075227931142,-0.0030961921438574
2024-03-11T03:00:00Z,-7.609444,112.595556,-0.0001495088217779994,0.0010286548640578,-0.003504374762997
2024-03-11T06:00:00Z,-7.609444,112.595556,0.00022212282055988908,0.0009191986755467952,-0.0036964211612939
2024-03-11T09:00:00Z,-7.609444,112.595556,0.0004111244634259492,0.0004970142617821693,-0.0041667250916361
2024-03-11T12:00:00Z,-7.609444,112.595556,0.0006154280854389071,3.93494192394428e-05,-0.0042059295810759
2024-03-11T15:00:00Z,-7.609444,112.595556,0.0008113661897368729,-0.000204593816306442,-0.0036067182663828
2024-03-11T18:00:00Z,-7.609444,112.595556,0.0007744368049316108,-0.00041044288082048297,-0.0030970922671258
2024-03-11T21:00:00Z,-7.609444,112.595556,0.0006267339340411127,-0.0004883389919996262,-0.0029006905388087
2024-03-12T00:00:00Z,-7.609444,112.595556,0.0005653973785229027,-0.0004285736358724535,-0.0028720803093165
2024-03-12T03:00:00Z,-7.609444,112.595556,0.0006062067695893347,-0.00022542322403751316,-0.0026556209195405
2024-03-12T06:00:00Z,-7.609444,112.595556,0.0005191175732761621,-0.0001256398973055184,-0.0023445605766028
2024-03-12T09:00:00Z,-7.609444,112.595556,0.00024010599008761344,-0.0002683942439034581,-0.00222511542961
2024-03-12T12:00:00Z,-7.609444,112.595556,-5.939770289842272e-06,-0.0003911002422682941,-0.0021579943131655
2024-03-12T15:00:00Z,-7.609444,112.595556,-7.633705536136404e-05,-0.00033697401522658765,-0.0018933914834633
2024-03-12T18:00:00Z,-7.609444,112.595556,-0.0002272763813380152,-0.00025117574841715395,-0.0018123550107702
2024-03-12T21:00:00Z,-7.609444,112.595556,-0.0005480534164234996,-0.00023919998784549532,-0.0017821543151512
2024-03-13T00:00:00Z,-7.609444,112.595556,-0.0008341562352143228,-0.0002841518435161561,-0.0018052642699331
2024-03-13T03:00:00Z,-7.609444,112.595556,-0.0010121348313987,-0.0002817500790115446,-0.0020034532062709
2024-03-13T06:00:00Z,-7.609444,112.595556,-0.0009372905478812754,-0.0003838523698505014,-0.0024206435773521
2024-03-13T09:00:00Z,-7.609444,112.595556,-0.0008562580915167928,-0.0005476067890413105,-0.0029001056682318
2024-03-13T12:00:00Z,-7.609444,112.595556,-0.0007792671676725149,-0.000622271909378469,-0.003012413624674
2024-03-13T15:00:00Z,-7.609444,112.595556,-0.0008398441132158041,-0.0004831877595279366,-0.0026899438817054
2024-03-13T18:00:00Z,-7.609444,112.595556,-0.0009527697693556548,-0.0003743826819118112,-0.0024893628433346
2024-03-13T21:00:00Z,-7.609444,112.595556,-0.0011393402237445,-0.0002083115541609004,-0.0025412656832486
2024-03-14T00:00:00Z,-7.609444,112.595556,-0.0011687384685501,8.795981557341293e-05,-0.0023983512073755
2024-03-14T03:00:00Z,-7.609444,112.595556,-0.0011668117949739,0.0003493977710604668,-0.0020044548436999
2024-03-14T06:00:00Z,-7.609444,112.595556,-0.0012390846386551,0.00045633071567863226,-0.0015432882355526
2024-03-14T09:00:00Z,-7.609444,112.595556,-0.0013028912944719,0.0004493665474001318,-0.0010483913356438
2024-03-14T12:00:00Z,-7.609444,112.595556,-0.0011979445116594,0.0005407545831985772,-0.0004025018133688718
2024-03-14T15:00:00Z,-7.609444,112.595556,-0.0011793427402153,0.0006722905673086643,0.00022171804448589685
2024-03-14T18:00:00Z,-7.609444,112.595556,-0.0011447599390521,0.000721295247785747,0.0003722771361935884
2024-03-14T21:00:00Z,-7.609444,112.595556,-0.0010822142940014,0.0007887333049438894,0.0002654419804457575
2024-03-15T00:00:00Z,-7.609444,112.595556,-0.0008709405665285885,0.0008403577376157045,0.00028264534194022417
2024-03-15T03:00:00Z,-7.609444,112.595556,-0.0007672758656553924,0.0009791330667212603,0.0004106267006136477
2024-03-15T06:00:00Z,-7.609444,112.595556,-0.0006820637499913573,0.0009621336357668042,0.0004572902398649603
2024-03-15T09:00:00Z,-7.609444,112.595556,-0.0006174047593958676,0.0007171909091994166,0.000284000881947577
2024-03-15T12:00:00Z,-7.609444,112.595556,-0.0003151659038849175,0.0005628772778436542,0.0001543867401778698
2024-03-15T15:00:00Z,-7.609444,112.595556,-0.00012728048022836447,0.0005368454731069505,0.00044824372162111104
2024-03-15T18:00:00Z,-7.609444,112.595556,-0.00012209259148221463,0.0004619828541763127,0.0008028800948522985
2024-03-15T21:00:00Z,-7.609444,112.595556,-0.00022163242101669312,0.0002577572304289788,0.0007261826540343463
2024-03-16T00:00:00Z,-7.609444,112.595556,-4.740127405966632e-05,1.416623763361713e-05,0.0004908117116428912
2024-03-16T03:00:00Z,-7.609444,112.595556,0.00014568667393177748,-2.3700260499026623e-05,0.00021173167624510825
2024-03-16T06:00:00Z,-7.609444,112.595556,0.00016760481230448931,3.832344646070851e-06,0.00036017000093124807
2024-03-16T09:00:00Z,-7.609444,112.595556,4.223461655783467e-05,-6.589628901565447e-05,0.00026912501198239625
2024-03-16T12:00:00Z,-7.609444,112.595556,4.244974843459204e-05,-0.0001035254608723335,0.0003710784076247364
2024-03-16T15:00:00Z,-7.609444,112.595556,6.756087532266974e-05,-8.97086356417276e-05,0.0006799373077228665
2024-03-16T18:00:00Z,-7.609444,112.595556,4.568981603370048e-05,-0.00010243539873044938,0.0009666289552114904
2024-03-16T21:00:00Z,-7.609444,112.595556,-0.00022001239995006472,-0.0001213026262121275,0.0009002874721772969
2024-03-17T00:00:00Z,-7.609444,112.595556,-0.0004454624431673437,-0.00018107845971826464,0.0010235118679702
2024-03-17T03:00:00Z,-7.609444,112.595556,-0.0005529732443392277,-0.0002226421784143895,0.0013995862100273
2024-03-17T06:00:00Z,-7.609444,112.595556,-0.0006121613550931215,-0.000231623969739303,0.0019830432720482
2024-03-17T09:00:00Z,-7.609444,112.595556,-0.0007614756468683481,-0.0003786963352467865,0.0019479218171909
2024-03-17T12:00:00Z,-7.609444,112.595556,-0.0008736599120311439,-0.0005758657352998853,0.0018333132611587
2024-03-17T15:00:00Z,-7.609444,112.595556,-0.0008978467667475343,-0.0005405450938269496,0.0017072261543944
2024-03-17T18:00:00Z,-7.609444,112.595556,-0.0009190862183459104,-0.0003549108805600554,0.0016981621738523
2024-03-17T21:00:00Z,-7.609444,112.595556,-0.0011304131476208,-0.00022099741909187287,0.0015329661546275
2024-03-18T00:00:00Z,-7.609444,112.595556,-0.0013299151323735,-0.0001591915788594633,0.0016406922368332
2024-03-18T03:00:00Z,-7.609444,112.595556,-0.0014272299595177,-0.00015869435446802527,0.0014808200066909
2024-03-18T06:00:00Z,-7.609444,112.595556,-0.0013043221551924,-0.00010091048170579596,0.0015365422004833
2024-03-18T09:00:00Z,-7.609444,112.595556,-0.0012012521037831,-0.00012293441977817565,0.0015524269547313
2024-03-18T12:00:00Z,-7.609444,112.595556,-0.0011360810603946,-0.0002900933614000678,0.0014551205094903
2024-03-18T15:00:00Z,-7.609444,112.595556,-0.0009718301589600742,-0.00019767106277868152,0.0012265742989256
2024-03-18T18:00:00Z,-7.609444,112.595556,-0.0007449528202414513,9.188162948703392e-05,0.0010915291495621
2024-03-18T21:00:00Z,-7.609444,112.595556,-0.0005408859578892589,0.00020034312910865992,0.0007832680712454021
2024-03-19T00:00:00Z,-7.609444,112.595556,-0.0005466570728458464,9.730251622386275e-05,0.0006270153098739684
2024-03-19T03:00:00Z,-7.609444,112.595556,-0.0005662935436703265,-1.7628241039346904e-05,0.0005349043640308082
2024-03-19T06:00:00Z,-7.609444,112.595556,-0.0005707358359359205,-4.923505912302062e-05,0.000478368834592402
2024-03-19T09:00:00Z,-7.609444,112.595556,-0.0005327119724825025,-2.754496381385252e-05,0.0002412341273156926
2024-03-19T12:00:00Z,-7.609444,112.595556,-0.0004597122606355697,-3.802787614404224e-05,-5.800604048999958e-05
2024-03-19T15:00:00Z,-7.609444,112.595556,-0.0003140792832709849,2.2880707547301427e-05,-0.0003634175518527627
2024-03-19T18:00:00Z,-7.609444,112.595556,-0.00017442816169932485,0.00011425852426327764,-0.0004960334044881165
2024-03-19T21:00:00Z,-7.609444,112.595556,-0.00010291299258824438,4.885575981461443e-05,-0.0006076670251786709
2024-03-20T00:00:00Z,-7.609444,112.595556,-0.00011803222150774673,-3.5549932363210246e-05,-0.0004193289496470243
2024-03-20T03:00:00Z,-7.609444,112.595556,-0.0001911157596623525,-7.325379556277767e-05,-4.54611335953814e-06
2024-03-20T06:00:00Z,-7.609444,112.595556,-0.0002417028008494526,4.658348188968375e-05,0.0002156276605091989
2024-03-20T09:00:00Z,-7.609444,112.595556,-0.00024287555424962195,0.0001135728889494203,0.00035706470953300595
2024-03-20T12:00:00Z,-7.609444,112.595556,-0.00010548230784479529,0.0001968577562365681,0.0005004650447517633
2024-03-20T15:00:00Z,-7.609444,112.595556,0.0001535772898932919,0.00038425743696279824,0.0004049246199429035
2024-03-20T18:00:00Z,-7.609444,112.595556,0.0004307359340600669,0.0006376120145432651,0.0002350311988266185
2024-03-20T21:00:00Z,-7.609444,112.595556,0.0006071978714317083,0.0008704708889126778,7.791937969159335e-05
2024-03-21T00:00:00Z,-7.609444,112.595556,0.0008100963314063847,0.0011185716139152,0.0001634476357139647
2024-03-21T03:00:00Z,-7.609444,112.595556,0.0011235016863793,0.0013218761887401,0.00033119178260676563
2024-03-21T06:00:00Z,-7.609444,112.595556,0.001349575119093,0.001367024029605,0.000469806109322235
2024-03-21T09:00:00Z,-7.609444,112.595556,0.0014057307271286,0.0011847298592329,0.0004888413241133094
2024-03-21T12:00:00Z,-7.609444,112.595556,0.0014130510389804,0.0010131791932508,0.0002988004416693002
2024-03-21T15:00:00Z,-7.609444,112.595556,0.0014034858904778,0.0009910962544381618,0.0002466919249854982
2024-03-21T18:00:00Z,-7.609444,112.595556,0.0012677288614213,0.0010332561796531,-9.445993782719596e-05
2024-03-21T21:00:00Z,-7.609444,112.595556,0.0010015675798058,0.0009853310184553266,-0.0004388079105410725
2024-03-22T00:00:00Z,-7.609444,112.595556,0.0007696161628700793,0.0009486934286542236,-0.0003832414804492146
2024-03-22T03:00:00Z,-7.609444,112.595556,0.0005869606975466013,0.0009230754803866148,-3.805903543252498e-05
2024-03-22T06:00:00Z,-7.609444,112.595556,0.0003375571104697883,0.0008633981342427433,0.0003633125161286444
2024-03-22T09:00:00Z,-7.609444,112.595556,0.0002178522845497355,0.000750059203710407,0.0004727134364657104
2024-03-22T12:00:00Z,-7.609444,112.595556,0.0003880779549945146,0.0006923677283339202,0.0007220621919259429
2024-03-22T15:00:00Z,-7.609444,112.595556,0.0005705768126063049,0.0007086297846399248,0.0010678191902115
2024-03-22T18:00:00Z,-7.609444,112.595556,0.000737323600333184,0.0006298727239482105,0.0010452315909788
2024-03-22T21:00:00Z,-7.609444,112.595556,0.0008807326667010784,0.0004834127612411976,0.0006712015019729733
2024-03-23T00:00:00Z,-7.609444,112.595556,0.0011915696086362,0.0003732448385562748,0.0003012941451743245
2024-03-23T03:00:00Z,-7.609444,112.595556,0.001460873405449,0.0005166186601854861,0.00022855088172946125
2024-03-23T06:00:00Z,-7.609444,112.595556,0.0016887581441551,0.0008001562091521919,0.0003340704424772412
2024-03-23T09:00:00Z,-7.609444,112.595556,0.0017287075752392,0.0009551681578159332,0.0001916007895488292
2024-03-23T12:00:00Z,-7.609444,112.595556,0.0018219684716314,0.0009454795508645476,8.126951433951035e-05
2024-03-23T15:00:00Z,-7.609444,112.595556,0.0019462456693872,0.0008896372164599597,0.00017990986816585064
2024-03-23T18:00:00Z,-7.609444,112.595556,0.0020220004953444,0.0008195117698051035,0.00032511839526705444
2024-03-23T21:00:00Z,-7.609444,112.595556,0.0020075221545994,0.0007497034966945648,8.706829248694703e-05
2024-03-24T00:00:00Z,-7.609444,112.595556,0.0020092376507818,0.0007358738221228123,-0.00037365066236816347
2024-03-24T03:00:00Z,-7.609444,112.595556,0.0019908857066184,0.0008467191946692765,-0.0007349499501287937
2024-03-24T06:00:00Z,-7.609444,112.595556,0.0018212724244222,0.0010284109739586,-0.0010978621430695
2024-03-24T09:00:00Z,-7.609444,112.595556,0.0014741020277142,0.0010278584668412,-0.0016294057713821
2024-03-24T12:00:00Z,-7.609444,112.595556,0.0011850588489323,0.000793669605627656,-0.0017162831500172
2024-03-24T15:00:00Z,-7.609444,112.595556,0.0006547570810653269,0.0005194329423829913,-0.0013612793991342
2024-03-24T18:00:00Z,-7.609444,112.595556,5.137592597748153e-05,0.0004012495337519794,-0.0007868450484238565
2024-03-24T21:00:00Z,-7.609444,112.595556,-0.0005563311860896647,0.000472215237095952,-0.00035450709401629865
2024-03-25T00:00:00Z,-7.609444,112.595556,-0.0009003495797514915,0.0006468414794653654,0.00032503186957910657
2024-03-25T03:00:00Z,-7.609444,112.595556,-0.0010889257537201,0.0006820560083724558,0.0009892851812765002
2024-03-25T06:00:00Z,-7.609444,112.595556,-0.0013125899713486,0.0005633391556330025,0.0013542779488489
2024-03-25T09:00:00Z,-7.609444,112.595556,-0.0016142233507707,0.0003431054065003991,0.001070505939424
2024-03-25T12:00:00Z,-7.609444,112.595556,-0.0017291195690631,0.00028721813578158617,0.0009177304455079138
2024-03-25T15:00:00Z,-7.609444,112.595556,-0.0018705192487686,0.0003917499852832407,0.0008951958734542131
2024-03-25T18:00:00Z,-7.609444,112.595556,-0.0020105424337089,0.0004701074212789536,0.0005200986634008586
2024-03-25T21:00:00Z,-7.609444,112.595556,-0.0022628353908658,0.0004247651668265462,-0.0001383551280014217
2024-03-26T00:00:00Z,-7.609444,112.595556,-0.0024488305207341,0.0003134185099042952,-0.0002720539341680705
2024-03-26T03:00:00Z,-7.609444,112.595556,-0.0026367045938968,0.0001317009300692007,-3.14431126753334e-05
2024-03-26T06:00:00Z,-7.609444,112.595556,-0.0028547532856464,-1.735978548822459e-05,6.07878937444184e-05
2024-03-26T09:00:00Z,-7.609444,112.595556,-0.002919654129073,-5.638637958327308e-05,-0.00024741736706346273
2024-03-26T12:00:00Z,-7.609444,112.595556,-0.0025846143253147,-4.847800937568536e-06,-0.0002371235168538988
2024-03-26T15:00:00Z,-7.609444,112.595556,-0.0021692437585443,-0.0001503961393609643,-0.0002676239237189293
2024-03-26T18:00:00Z,-7.609444,112.595556,-0.0018064741743728,-0.0005334000452421606,-0.0006848707562312484
2024-03-26T21:00:00Z,-7.609444,112.595556,-0.0016969484277069,-0.0008800625801086426,-0.0014270972460508
2024-03-27T00:00:00Z,-7.609444,112.595556,-0.0016032827552407,-0.0009798946557566524,-0.0019993120804429
2024-03-27T03:00:00Z,-7.609444,112.595556,-0.001373880309984,-0.0008463867125101388,-0.0024029861669987
2024-03-27T06:00:00Z,-7.609444,112.595556,-0.0012053871760144,-0.0006234939210116863,-0.0023552712518721
2024-03-27T09:00:00Z,-7.609444,112.595556,-0.0012484677135944,-0.000530812016222626,-0.0022431169636547
2024-03-27T12:00:00Z,-7.609444,112.595556,-0.0011934495996683,-0.0006659174687229097,-0.001930259517394
2024-03-27T15:00:00Z,-7.609444,112.595556,-0.0010249450569972,-0.0008423366816714406,-0.0013859989121556
2024-03-27T18:00:00Z,-7.609444,112.595556,-0.0007949439459480345,-0.0009942002361640334,-0.0006988389068283141
2024-03-27T21:00:00Z,-7.609444,112.595556,-0.0006851532962173223,-0.0010114592732861,-0.00022474343131762
2024-03-28T00:00:00Z,-7.609444,112.595556,-0.00043460732558742166,-0.000935105956159532,-5.565949322772212e-05
2024-03-28T03:00:00Z,-7.609444,112.595556,-0.00018729828298091888,-0.0007015519076958299,6.317179941106588e-05
2024-03-28T06:00:00Z,-7.609444,112.595556,-0.0002100902347592637,-0.0006973149720579386,0.00018677947809919715
2024-03-28T09:00:00Z,-7.609444,112.595556,-0.00042750235297717154,-0.0009396856767125428,0.00026654123212210834
2024-03-28T12:00:00Z,-7.609444,112.595556,-0.0006117171142250299,-0.0011381930671632,7.539846410509199e-05
2024-03-28T15:00:00Z,-7.609444,112.595556,-0.0008473857305943966,-0.001192626543343,-0.00027628656243905425
2024-03-28T18:00:00Z,-7.609444,112.595556,-0.0011509137693792,-0.0011761271161958,-0.00032989392639137805
2024-03-28T21:00:00Z,-7.609444,112.595556,-0.0016447809757664,-0.0012354784412309,5.794899698230438e-05
2024-03-29T00:00:00Z,-7.609444,112.595556,-0.0020444458350539,-0.0013276662211865,0.0005006224964745343
2024-03-29T03:00:00Z,-7.609444,112.595556,-0.0021812627092003,-0.0013489297125488,0.0010074193123728
2024-03-29T06:00:00Z,-7.609444,112.595556,-0.0023269678931683,-0.0014761796919628,0.001065918826498
2024-03-29T09:00:00Z,-7.609444,112.595556,-0.0023317476734519,-0.001384140108712,0.0006678201025351882
2024-03-29T12:00:00Z,-7.609444,112.595556,-0.0022061255294829,-0.0009908939246088266,0.00026158144464716315
2024-03-29T15:00:00Z,-7.609444,112.595556,-0.0022534115705639,-0.0005633187829516828,-7.886160165071487e-05
2024-03-29T18:00:00Z,-7.609444,112.595556,-0.0022722140420228,-0.00029098050436005,-0.00048599555157125
2024-03-29T21:00:00Z,-7.609444,112.595556,-0.0023195254616439,-0.00019302661530673504,-0.000637006654869765
2024-03-30T00:00:00Z,-7.609444,112.595556,-0.0022440161556005,-0.00020449704607017336,-0.0007238182588480413
2024-03-30T03:00:00Z,-7.609444,112.595556,-0.0021404488943517,-0.00013276655226945877,-0.0008731168927624822
2024-03-30T06:00:00Z,-7.609444,112.595556,-0.0019376102136448,-3.266553903813474e-05,-0.0010447223903611
2024-03-30T09:00:00Z,-7.609444,112.595556,-0.0016184189589694,3.480823943391442e-05,-0.0011041816323995
2024-03-30T12:00:00Z,-7.609444,112.595556,-0.0011251934338361,-1.398825133946957e-05,-0.0009509696974419056
2024-03-30T15:00:00Z,-7.609444,112.595556,-0.0005677989101968706,-0.0001864504010882229,-0.0009870901703834534
2024-03-30T18:00:00Z,-7.609444,112.595556,-7.270606874953955e-05,-0.00040898064617067575,-0.0013239361578598
2024-03-30T21:00:00Z,-7.609444,112.595556,0.0002346402470720932,-0.0006165813538245857,-0.0020347647368907
2024-03-31T00:00:00Z,-7.609444,112.595556,0.0006035813712514937,-0.0007105669938027859,-0.0024611647240817
2024-03-31T03:00:00Z,-7.609444,112.595556,0.0009456457919441164,-0.0006661696825176477,-0.0027213105931878
2024-03-31T06:00:00Z,-7.609444,112.595556,0.00116955593694,-0.0006417370750568807,-0.0028379703871905
2024-03-31T09:00:00Z,-7.609444,112.595556,0.0012174266157671,-0.0006916800048202276,-0.0028034693095833
2024-03-31T12:00:00Z,-7.609444,112.595556,0.0014030580641701,-0.0008379844366572797,-0.0025709269102662
2024-03-31T15:00:00Z,-7.609444,112.595556,0.0016656346851959,-0.0009709356818348168,-0.0019758306443691
2024-03-31T18:00:00Z,-7.609444,112.595556,0.0018063539173454,-0.0009875234682112932,-0.0015950253000482
2024-03-31T21:00:00Z,-7.609444,112.595556,0.0018095122650265,-0.00096600892720744,-0.0013896817108616
2024-04-01T00:00:00Z,-7.609444,112.595556,0.0019525666721165,-0.0009614799055270852,-0.0011435966007411
2024-04-01T03:00:00Z,-7.609444,112.595556,0.0021648949477821,-0.001019672374241,-0.0010891833808273
2024-04-01T06:00:00Z,-7.609444,112.595556,0.0022549505811184,-0.0012397298123687,-0.0006461590528488159
2024-04-01T09:00:00Z,-7.609444,112.595556,0.0020886026322841,-0.0015332077164202,-0.00022882861958350984
2024-04-01T12:00:00Z,-7.609444,112.595556,0.0020277728326618,-0.0017177698900923,1.7009997463901527e-05
2024-04-01T15:00:00Z,-7.609444,112.595556,0.0021246902178972,-0.0016869393875822,0.00016276548558380455
2024-04-01T18:00:00Z,-7.609444,112.595556,0.002136610681191,-0.0015263953246176,0.000588065420743078
2024-04-01T21:00:00Z,-7.609444,112.595556,0.0018984579946845,-0.0014729434624314,0.0010601913090795
2024-04-02T00:00:00Z,-7.609444,112.595556,0.0016734438249841,-0.0015438486589118,0.0012553194537758
2024-04-02T03:00:00Z,-7.609444,112.595556,0.0016473432769998,-0.001581875490956,0.0013087789993733
2024-04-02T06:00:00Z,-7.609444,112.595556,0.0017183909658342,-0.0016170521266758,0.0012404882581904
2024-04-02T09:00:00Z,-7.609444,112.595556,0.0016344460891559,-0.0016810377128422,0.0011574537493288
2024-04-02T12:00:00Z,-7.609444,112.595556,0.0014718436868861,-0.0018531332025304,0.000980077777057886
2024-04-02T15:00:00Z,-7.609444,112.595556,0.001294904272072,-0.0020366564858704,0.0008142822771333158
2024-04-02T18:00:00Z,-7.609444,112.595556,0.0011078406823799,-0.0023221743758767,0.0006900739390403032
2024-04-02T21:00:00Z,-7.609444,112.595556,0.0008264547795988619,-0.0026357576716691,0.000342975981766358
2024-04-03T00:00:00Z,-7.609444,112.595556,0.0006146280793473125,-0.0027332387398928,-0.00019088867702521384
2024-04-03T03:00:00Z,-7.609444,112.595556,0.0004958757199347019,-0.0025697513483464,-0.0006638873019255698
2024-04-03T06:00:00Z,-7.609444,112.595556,0.0004070868599228561,-0.002355322940275,-0.0008652856922708452
2024-04-03T09:00:00Z,-7.609444,112.595556,0.00033408033777959645,-0.0022750785574316,-0.0010982251260429
2024-04-03T12:00:00Z,-7.609444,112.595556,0.00033094792161136866,-0.0022226660512387,-0.0011351387947797
2024-04-03T15:00:00Z,-7.609444,112.595556,0.00038409241824410856,-0.0021287000272423,-0.0011282206978648
2024-04-03T18:00:00Z,-7.609444,112.595556,0.0004935464239679277,-0.0020232514943927,-0.001256329123862
2024-04-03T21:00:00Z,-7.609444,112.595556,0.0006579569890163839,-0.0018547308864071,-0.0014712669653818
2024-04-04T00:00:00Z,-7.609444,112.595556,0.0009288231958635152,-0.0016051201382651,-0.0014213422546163
2024-04-04T03:00:00Z,-7.609444,112.595556,0.0010874700965359,-0.0013777795247733,-0.001360006048344
2024-04-04T06:00:00Z,-7.609444,112.595556,0.001060283393599,-0.0011985640740022,-0.0012503979960456
2024-04-04T09:00:00Z,-7.609444,112.595556,0.0009929781081154945,-0.0011365651153028,-0.0014704501954838
2024-04-04T12:00:00Z,-7.609444,112.595556,0.0010947516420856,-0.0011004237458109,-0.0015791392652317
2024-04-04T15:00:00Z,-7.609444,112.595556,0.0013141223462298,-0.0010465484810993,-0.0015809591859579
2024-04-04T18:00:00Z,-7.609444,112.595556,0.0014150325441733,-0.0009496751008555292,-0.0017378402408212
2024-04-04T21:00:00Z,-7.609444,112.595556,0.0012928930809721,-0.0008900065440684557,-0.0019932216964662
2024-04-05T00:00:00Z,-7.609444,112.595556,0.0012492198729887,-0.0008905489812605083,-0.0020736420992761
2024-04-05T03:00:00Z,-7.609444,112.595556,0.0014506933512166,-0.0008251069230027497,-0.0017866005655378
2024-04-05T06:00:00Z,-7.609444,112.595556,0.0016784402541816,-0.0007748064235784113,-0.0014472387265414
2024-04-05T09:00:00Z,-7.609444,112.595556,0.0018842141143977,-0.0007416982552967966,-0.0014636319829151
2024-04-05T12:00:00Z,-7.609444,112.595556,0.0020613016095012,-0.0005763377412222326,-0.001376494532451
2024-04-05T15:00:00Z,-7.609444,112.595556,0.0021850764751434,-0.00034948845859616995,-0.0013343093451112
2024-04-05T18:00:00Z,-7.609444,112.595556,0.0022479710169136,-0.0002612615062389523,-0.0011268343077972
2024-04-05T21:00:00Z,-7.609444,112.595556,0.0022528080735355,-0.0003258455253671855,-0.0005416850908659399
2024-04-06T00:00:00Z,-7.609444,112.595556,0.0022902861237525,-0.0005394359468482435,0.00010327823838451876
2024-04-06T03:00:00Z,-7.609444,112.595556,0.0023742371704429,-0.0007766035851091146,0.0006975960568524897
2024-04-06T06:00:00Z,-7.609444,112.595556,0.0023428164422512,-0.0009729597368277608,0.0011898190714418
2024-04-06T09:00:00Z,-7.609444,112.595556,0.0021426361054182,-0.0012551123509183,0.0013999340590089
2024-04-06T12:00:00Z,-7.609444,112.595556,0.0021110631059855,-0.0014607899356633,0.0014000149676576
2024-04-06T15:00:00Z,-7.609444,112.595556,0.0021338530350476,-0.0013383459299802,0.0015575778670608
2024-04-06T18:00:00Z,-7.609444,112.595556,0.0021016872487962,-0.0013191367033869,0.0015598522732034
2024-04-06T21:00:00Z,-7.609444,112.595556,0.0018695344915613,-0.0015148115344345,0.0011707118246704
2024-04-07T00:00:00Z,-7.609444,112.595556,0.0017710289685055,-0.0016654572682455,0.000623453815933317
2024-04-07T03:00:00Z,-7.609444,112.595556,0.0019447695231065,-0.0014904005220159,0.0004887726972810924
2024-04-07T06:00:00Z,-7.609444,112.595556,0.002015754347667,-0.0013079744530841,0.000954768736846745
2024-04-07T09:00:00Z,-7.609444,112.595556,0.0018177779857069,-0.0013835867866873,0.0013564573600888
2024-04-07T12:00:00Z,-7.609444,112.595556,0.0016395811690017,-0.0016084761591628,0.0016467067180201
2024-04-07T15:00:00Z,-7.609444,112.595556,0.0015715457266196,-0.0016957215266302,0.002123191487044
2024-04-07T18:00:00Z,-7.609444,112.595556,0.0015365856233984,-0.00166893878486,0.0026716294232755
2024-04-07T21:00:00Z,-7.609444,112.595556,0.0014426932903006,-0.0016387042123824,0.0030096676200628
2024-04-08T00:00:00Z,-7.609444,112.595556,0.001482238061726,-0.0015086862258613,0.0029697332065552
2024-04-08T03:00:00Z,-7.609444,112.595556,0.0014811409637331,-0.0013210492907091,0.0026996170636266
2024-04-08T06:00:00Z,-7.609444,112.595556,0.0014157437253743,-0.0011862064711749,0.0023689866065979
2024-04-08T09:00:00Z,-7.609444,112.595556,0.0012530556414276,-0.0012336147483438,0.0020891225431114
2024-04-08T12:00:00Z,-7.609444,112.595556,0.0012517168652266,-0.0012106412323191,0.0019892177078872
2024-04-08T15:00:00Z,-7.609444,112.595556,0.0012976555153727,-0.0010081189684569,0.0021755944471806
2024-04-08T18:00:00Z,-7.609444,112.595556,0.0011626471532508,-0.0007585673010908067,0.0024908224586397
2024-04-08T21:00:00Z,-7.609444,112.595556,0.0009990879334509373,-0.0007194904028438032,0.0028018637094646
2024-04-09T00:00:00Z,-7.609444,112.595556,0.0010974484030157,-0.0007275865064002573,0.0030297627672553
2024-04-09T03:00:00Z,-7.609444,112.595556,0.0013572166208177,-0.0007195519865490496,0.0031533110886812
2024-04-09T06:00:00Z,-7.609444,112.595556,0.0015885587781667,-0.000715138332452625,0.0029889761935919
2024-04-09T09:00:00Z,-7.609444,112.595556,0.0015999119495972,-0.0008830676670186222,0.0022967606782913
2024-04-09T12:00:00Z,-7.609444,112.595556,0.0016653968486934,-0.0009640288189984858,0.0016267257742583
2024-04-09T15:00:00Z,-7.609444,112.595556,0.0017219125293195,-0.0008441461250185966,0.0011180375004187
2024-04-09T18:00:00Z,-7.609444,112.595556,0.0015894846292212,-0.0008241673349402845,0.0006659225327894092
2024-04-09T21:00:00Z,-7.609444,112.595556,0.0012280717492103,-0.0011632905807346,0.0004592103941831738
2024-04-10T00:00:00Z,-7.609444,112.595556,0.0010262387804687,-0.0015494649996981,0.0002881664549931884
2024-04-10T03:00:00Z,-7.609444,112.595556,0.0008960174163803458,-0.0015962296165525,0.00012000343849649651
2024-04-10T06:00:00Z,-7.609444,112.595556,0.0006040555308572948,-0.0016197367804124,-0.00034006344503723085
2024-04-10T09:00:00Z,-7.609444,112.595556,0.0003145007067359984,-0.0015942434547469,-0.00046006584307178855
2024-04-10T12:00:00Z,-7.609444,112.595556,0.0003461052547208965,-0.0015494569670408,-0.0005207244539633393
2024-04-10T15:00:00Z,-7.609444,112.595556,0.0005389730795286596,-0.0015558566665276,-0.00045591991511173546
2024-04-10T18:00:00Z,-7.609444,112.595556,0.0006692339084111154,-0.0015660325298085,-0.0005498328828252852
2024-04-10T21:00:00Z,-7.609444,112.595556,0.0008179843425750732,-0.0015619389014318,-0.0009094779379665852
2024-04-11T00:00:00Z,-7.609444,112.595556,0.0013200576649978,-0.001344530028291,-0.0010949954157695
2024-04-11T03:00:00Z,-7.609444,112.595556,0.001875756192021,-0.0008916234946809709,-0.000921316968742758
2024-04-11T06:00:00Z,-7.609444,112.595556,0.0020944448187947,-0.000760776805691421,-0.0008259768947027624
2024-04-11T09:00:00Z,-7.609444,112.595556,0.0019349898211658,-0.0009369207546114922,-0.0007252846262417734
2024-04-11T12:00:00Z,-7.609444,112.595556,0.0019032306736335,-0.0011769302655011,-0.0003481246531009674
2024-04-11T15:00:00Z,-7.609444,112.595556,0.0018747443100437,-0.0012731053866446,3.284961394456332e-06
2024-04-11T18:00:00Z,-7.609444,112.595556,0.0018534453120082,-0.0012853562366217,0.00020620379655156285
2024-04-11T21:00:00Z,-7.609444,112.595556,0.0017313312273472,-0.0013873223215341,0.0005655717104673386
2024-04-12T00:00:00Z,-7.609444,112.595556,0.0017881343374028,-0.001589101855643,0.0007496844045817852
2024-04-12T03:00:00Z,-7.609444,112.595556,0.0019436638103798,-0.0016993987374007,0.0009299939265474676
2024-04-12T06:00:00Z,-7.609444,112.595556,0.0018731359159573,-0.0019291009521111,0.0009140893234871328
2024-04-12T09:00:00Z,-7.609444,112.595556,0.001707125804387,-0.002185232238844,0.0006647669360972941
2024-04-12T12:00:00Z,-7.609444,112.595556,0.0016569193685427,-0.0022071453277021,0.0005926626035943627
2024-04-12T15:00:00Z,-7.609444,112.595556,0.0015093460679054,-0.0020093652419745,0.0007529983413405716
2024-04-12T18:00:00Z,-7.609444,112.595556,0.0011954172514379,-0.0020366800017654,0.0006042349268682301
2024-04-12T21:00:00Z,-7.609444,112.595556,0.0007621316472068429,-0.0022597040515393,8.524817530997097e-05
2024-04-13T00:00:00Z,-7.609444,112.595556,0.0004390421963762492,-0.0024145238567143,-0.00038983073318377137
2024-04-13T03:00:00Z,-7.609444,112.595556,0.00032820782507769763,-0.0023598482366651,-0.0006719960365444422
2024-04-13T06:00:00Z,-7.609444,112.595556,0.0001521323574706912,-0.0023519182577729,-0.0007701777503825724
2024-04-13T09:00:00Z,-7.609444,112.595556,-0.0001431011623935774,-0.0025195567868649,-0.000914471922442317
2024-04-13T12:00:00Z,-7.609444,112.595556,-0.0002961221325676888,-0.0027357265353202,-0.0013419443275779
2024-04-13T15:00:00Z,-7.609444,112.595556,-0.00032771489350125194,-0.0026697700377553,-0.0016142828390002
2024-04-13T18:00:00Z,-7.609444,112.595556,-0.0004086277913302183,-0.002669887850061,-0.0016273959772661
2024-04-13T21:00:00Z,-7.609444,112.595556,-0.0006701716920360923,-0.0028872026596218,-0.0018911873921751
2024-04-14T00:00:00Z,-7.609444,112.595556,-0.0008559863199479878,-0.00311277853325,-0.0023103745188564
2024-04-14T03:00:00Z,-7.609444,112.595556,-0.000994300120510161,-0.0031055237632244,-0.0027492593508213
2024-04-14T06:00:00Z,-7.609444,112.595556,-0.0011438032379373,-0.0031221681274473,-0.0031744965817779
2024-04-14T09:00:00Z,-7.609444,112.595556,-0.0012498872820287,-0.0031188817229121,-0.0030485859606415
2024-04-14T12:00:00Z,-7.609444,112.595556,-0.0012203217484056,-0.0031396069098263,-0.0026426115073263
2024-04-14T15:00:00Z,-7.609444,112.595556,-0.0010344120673835,-0.0030534747056663,-0.001944821095094
2024-04-14T18:00:00Z,-7.609444,112.595556,-0.000766302808187902,-0.0028583472594618,-0.0011910091852769
2024-04-14T21:00:00Z,-7.609444,112.595556,-0.0006350858602672815,-0.0026468241121619,-0.0007544764084741473
2024-04-15T00:00:00Z,-7.609444,112.595556,-0.0003655243199318648,-0.002536883810535,-0.0007330047665163875
2024-04-15T03:00:00Z,-7.609444,112.595556,1.7185286196763627e-05,-0.0023745317012071,-0.0008984094602055848
2024-04-15T06:00:00Z,-7.609444,112.595556,0.000293572258669883,-0.0024258703924715,-0.0011023916304111
2024-04-15T09:00:00Z,-7.609444,112.595556,0.0004988368600606918,-0.0027096844278275,-0.0010493664303794
2024-04-15T12:00:00Z,-7.609444,112.595556,0.0006232003215700388,-0.0029659387655556,-0.0005474098725244403
2024-04-15T15:00:00Z,-7.609444,112.595556,0.0006702542304992676,-0.003022494027391,0.0001499551290180534
2024-04-15T18:00:00Z,-7.609444,112.595556,0.000833675789181143,-0.0029595778323709,0.000611228693742305
2024-04-15T21:00:00Z,-7.609444,112.595556,0.0010721608996391,-0.0027804167475551,0.000974462484009564
2024-04-16T00:00:00Z,-7.609444,112.595556,0.0013749455101788,-0.0025883596390485,0.0012691627489402
2024-04-16T03:00:00Z,-7.609444,112.595556,0.0015367286978289,-0.0023895278573036,0.0015462260926142
2024-04-16T06:00:00Z,-7.609444,112.595556,0.001528549590148,-0.0023531087208539,0.0015485610347241
2024-04-16T09:00:00Z,-7.609444,112.595556,0.0015013614902272,-0.002486958168447,0.001346793025732
2024-04-16T12:00:00Z,-7.609444,112.595556,0.0015864480519667,-0.0025401616003364,0.0013885810039937
2024-04-16T15:00:00Z,-7.609444,112.595556,0.0015534141566604,-0.0025476817972958,0.0010682984720915
2024-04-16T18:00:00Z,-7.609444,112.595556,0.0014425549888983,-0.0025653208140283,0.0002264858194394037
2024-04-16T21:00:00Z,-7.609444,112.595556,0.0013185335556045,-0.0027382879052311,-0.0008191170636564493
2024-04-17T00:00:00Z,-7.609444,112.595556,0.0013114223256707,-0.0028622089885175,-0.0014576412504538
2024-04-17T03:00:00Z,-7.609444,112.595556,0.0013365484774112,-0.0027704222593456,-0.001908431877382
2024-04-17T06:00:00Z,-7.609444,112.595556,0.0012097404105588,-0.0025823551695793,-0.001969045959413
2024-04-17T09:00:00Z,-7.609444,112.595556,0.0010588592849671,-0.0023912526667118,-0.0019933111034333
2024-04-17T12:00:00Z,-7.609444,112.595556,0.000987371546216309,-0.0021680968347936,-0.0016339214053004
2024-04-17T15:00:00Z,-7.609444,112.595556,0.0008449247688986361,-0.0018693965394049,-0.0013705226592719
2024-04-17T18:00:00Z,-7.609444,112.595556,0.0006680436199530959,-0.0015153876738622,-0.001188660506159
2024-04-17T21:00:00Z,-7.609444,112.595556,0.0004012494173366576,-0.001473230542615,-0.001217677257955
2024-04-18T00:00:00Z,-7.609444,112.595556,0.00018048197671305388,-0.0016079044435173,-0.0009874979732558131
2024-04-18T03:00:00Z,-7.609444,112.595556,9.087689250009134e-05,-0.0017231268575415,-0.0005523670697584748
2024-04-18T06:00:00Z,-7.609444,112.595556,-0.0001125647031585686,-0.0018392427591606,4.451979111763649e-05
2024-04-18T09:00:00Z,-7.609444,112.595556,-0.00045290024718269706,-0.001948646036908,0.0005292377318255603
2024-04-18T12:00:00Z,-7.609444,112.595556,-0.0006985684740357101,-0.0020387968979775,0.0011168299242854
2024-04-18T15:00:00Z,-7.609444,112.595556,-0.0009355773217976092,-0.002068797359243,0.001548093277961
2024-04-18T18:00:00Z,-7.609444,112.595556,-0.0011953386710956,-0.0021256380714476,0.0020637954585254
2024-04-18T21:00:00Z,-7.609444,112.595556,-0.0014951056800782,-0.0021333585027605,0.0022900456096976
2024-04-19T00:00:00Z,-7.609444,112.595556,-0.0015399017138406,-0.0020578787662088,0.0027820277027785
2024-04-19T03:00:00Z,-7.609444,112.595556,-0.0014599637361243,-0.0020097605884075,0.0030214053113013
2024-04-19T06:00:00Z,-7.609444,112.595556,-0.0016061194473877,-0.0019639730453491,0.0031096735037863
2024-04-19T09:00:00Z,-7.609444,112.595556,-0.0017692620167508,-0.002019053325057,0.0029932796023786
2024-04-19T12:00:00Z,-7.609444,112.595556,-0.0016786749474704,-0.0019306084141135,0.0032504072878509
2024-04-19T15:00:00Z,-7.609444,112.595556,-0.0015782793052494,-0.0017860848456621,0.0034697249066084
2024-04-19T18:00:00Z,-7.609444,112.595556,-0.0013675284571945,-0.0017729809042066,0.0031051230616867
2024-04-19T21:00:00Z,-7.609444,112.595556,-0.0011750450357794,-0.0016944167437031,0.0025421967729926
2024-04-20T00:00:00Z,-7.609444,112.595556,-0.0008921567350625992,-0.001456684898585,0.0024084297474473
2024-04-20T03:00:00Z,-7.609444,112.595556,-0.0006010764045640826,-0.0011531602358445,0.0021526468917727
2024-04-20T06:00:00Z,-7.609444,112.595556,-0.0003985239891335368,-0.000940756406635046,0.0016356973210349
2024-04-20T09:00:00Z,-7.609444,112.595556,-0.00015829560288693756,-0.0008699035388417542,0.0009902560850605369
2024-04-20T12:00:00Z,-7.609444,112.595556,3.0226696253521368e-05,-0.0007042879005894065,0.0005875577917322516
2024-04-20T15:00:00Z,-7.609444,112.595556,6.658213533228263e-05,-0.0005485956789925694,0.0001847316307248548
2024-04-20T18:00:00Z,-7.609444,112.595556,-1.0319220564269926e-05,-0.0005578739219345152,-0.0002512551436666399
2024-04-20T21:00:00Z,-7.609444,112.595556,-0.00010652471974026412,-0.0005415257182903588,-0.00042990478686988354
2024-04-21T00:00:00Z,-7.609444,112.595556,-0.00012984915520064533,-0.0005833862815052271,-0.0003263853723183274
2024-04-21T03:00:00Z,-7.609444,112.595556,-0.00013281646533869207,-0.0006785608129575849,-0.00027491047512739897
2024-04-21T06:00:00Z,-7.609444,112.595556,-0.00020662148017436263,-0.0008249146630987525,-0.0003493864496704191
2024-04-21T09:00:00Z,-7.609444,112.595556,-0.0002515060477890074,-0.000934129289817065,-0.0004266650939825922
2024-04-21T12:00:00Z,-7.609444,112.595556,-5.976238389848732e-05,-0.0009469937649555504,-0.00029339216416701674
2024-04-21T15:00:00Z,-7.609444,112.595556,9.511573443887757e-05,-0.0009174804436042904,-0.00030401794356293976
2024-04-21T18:00:00Z,-7.609444,112.595556,0.00033360053203068674,-0.000942387559916824,-0.00038159554242156446
2024-04-21T21:00:00Z,-7.609444,112.595556,0.0004629006434697658,-0.000905202585272491,-0.0002407191932434216
2024-04-22T00:00:00Z,-7.609444,112.595556,0.000771718448959291,-0.0008595316321589053,-0.0002387496933806688
2024-04-22T03:00:00Z,-7.609444,112.595556,0.0011401849333196,-0.0006729383603669703,-1.370755057905626e-06
2024-04-22T06:00:00Z,-7.609444,112.595556,0.0013286967296153,-0.000413948786444962,0.0006029761862009764
2024-04-22T09:00:00Z,-7.609444,112.595556,0.0013267550384625,-0.00031622237293049693,0.0007011052221059799
2024-04-22T12:00:00Z,-7.609444,112.595556,0.0014213341055437,-0.0003643457603175193,0.0005563588347285986
2024-04-22T15:00:00Z,-7.609444,112.595556,0.0015382780693471,-0.000506577140185982,0.0003832286165561527
2024-04-22T18:00:00Z,-7.609444,112.595556,0.0016445782966911,-0.0006278455257415771,0.0005180396838113666
2024-04-22T21:00:00Z,-7.609444,112.595556,0.0016533189918845,-0.0006964650237932801,0.0007446241797879338
2024-04-23T00:00:00Z,-7.609444,112.595556,0.0017606889596208,-0.0008152552763931453,0.0007261111168190837
2024-04-23T03:00:00Z,-7.609444,112.595556,0.0020462721586227,-0.0008160492870956659,0.0004966610576957464
2024-04-23T06:00:00Z,-7.609444,112.595556,0.0022441665641963,-0.0007636525551788509,0.0005724269431084394
2024-04-23T09:00:00Z,-7.609444,112.595556,0.0021926232147961,-0.000806711963377893,0.0005700840265490115
2024-04-23T12:00:00Z,-7.609444,112.595556,0.0022918104659765,-0.0009049857617355884,0.0002572607481852174
2024-04-23T15:00:00Z,-7.609444,112.595556,0.0024818913079798,-0.0009115547873079776,0.0002082337305182591
2024-04-23T18:00:00Z,-7.609444,112.595556,0.0025994058232754,-0.0008742535137571394,0.0006063731852918863
2024-04-23T21:00:00Z,-7.609444,112.595556,0.0025112594012171,-0.0008554071537218988,0.0010431746486574
2024-04-24T00:00:00Z,-7.609444,112.595556,0.0024214638397097,-0.000949256995227188,0.0011507682502269
2024-04-24T03:00:00Z,-7.609444,112.595556,0.002424270613119,-0.0010386668145656,0.0008631082018837333
2024-04-24T06:00:00Z,-7.609444,112.595556,0.0024141140747815,-0.0011088711908087,0.0007829304086044431
2024-04-24T09:00:00Z,-7.609444,112.595556,0.002239674096927,-0.0011821562657132,0.0009546225192025304
2024-04-24T12:00:00Z,-7.609444,112.595556,0.002128810621798,-0.0012220125645399,0.0009060704614967108
2024-04-24T15:00:00Z,-7.609444,112.595556,0.0021436803508549,-0.0010932121658697,0.0007207596208900213
2024-04-24T18:00:00Z,-7.609444,112.595556,0.0021644008811563,-0.0008527254685759544,0.0005301449564285576
2024-04-24T21:00:00Z,-7.609444,112.595556,0.0020569048356264,-0.0006250198930501938,0.0005774205201305449
2024-04-25T00:00:00Z,-7.609444,112.595556,0.002020782791078,-0.0003455523983575404,0.0006157256430014968
2024-04-25T03:00:00Z,-7.609444,112.595556,0.0020186156034469,-8.068032911978662e-05,0.0006574912113137543
2024-04-25T06:00:00Z,-7.609444,112.595556,0.0019590302836149,8.520983828930184e-05,0.0006567233358509839
2024-04-25T09:00:00Z,-7.609444,112.595556,0.0018559489399194,1.82184849109035e-05,0.0006874281098134816
2024-04-25T12:00:00Z,-7.609444,112.595556,0.0019161278614774,-4.15368631365709e-05,0.0007558921934105456
2024-04-25T15:00:00Z,-7.609444,112.595556,0.0019158346112817,-1.9086697648162957e-05,0.0008897404186427593
2024-04-25T18:00:00Z,-7.609444,112.595556,0.0017762304050847,8.403502579312772e-05,0.0008441543322987854
2024-04-25T21:00:00Z,-7.609444,112.595556,0.0015015385579317,0.0001928861311171204,0.0006764079444110394
2024-04-26T00:00:00Z,-7.609444,112.595556,0.0013000043109059,0.00030783293186686933,0.00042448798194527626
2024-04-26T03:00:00Z,-7.609444,112.595556,0.0011252738768234,0.00042294227750971913,0.00023240785230882463
2024-04-26T06:00:00Z,-7.609444,112.595556,0.0008411474991589785,0.00044961401727050543,0.000160937212058343
2024-04-26T09:00:00Z,-7.609444,112.595556,0.00039658008608967066,0.0003392821236047894,0.00042317656334489584
2024-04-26T12:00:00Z,-7.609444,112.595556,0.00010383314656792209,0.00024389114696532488,0.0006644984823651612
2024-04-26T15:00:00Z,-7.609444,112.595556,-4.308656571083702e-05,0.0002839416265487671,0.0008347062976099551
2024-04-26T18:00:00Z,-7.609444,112.595556,-0.00012939931184519082,0.0004717969277407974,0.0011661208700388
2024-04-26T21:00:00Z,-7.609444,112.595556,-0.0004041165811941028,0.0005145418108440936,0.0012223069788888
2024-04-27T00:00:00Z,-7.609444,112.595556,-0.0004730456857942045,0.0005410044686868787,0.0011815550969913
2024-04-27T03:00:00Z,-7.609444,112.595556,-0.0004697185941040516,0.0007387622026726604,0.0014697128208354
2024-04-27T06:00:00Z,-7.609444,112.595556,-0.0005966919707134366,0.0009212332079187036,0.0020075412467122
2024-04-27T09:00:00Z,-7.609444,112.595556,-0.0008528867037966847,0.0010024117073044,0.0022588067222386
2024-04-27T12:00:00Z,-7.609444,112.595556,-0.0008873013430275023,0.0010406621731817,0.0019931548740714
2024-04-27T15:00:00Z,-7.609444,112.595556,-0.0008927364251576364,0.0010927703697234,0.0015102033503353
2024-04-27T18:00:00Z,-7.609444,112.595556,-0.0009581693448126316,0.001117818406783,0.0009760275133885444
2024-04-27T21:00:00Z,-7.609444,112.595556,-0.0011818449711427,0.0009586827945895492,0.0005578038981184363
2024-04-28T00:00:00Z,-7.609444,112.595556,-0.0011276669101789,0.0007596343057230115,0.00022992942831479013
2024-04-28T03:00:00Z,-7.609444,112.595556,-0.0010066374670714,0.0006868256023153663,-0.00021201213530730456
2024-04-28T06:00:00Z,-7.609444,112.595556,-0.000949560315348208,0.0005752157885581255,-0.0007342435419559479
2024-04-28T09:00:00Z,-7.609444,112.595556,-0.0010916284518316,0.0004745094629470259,-0.0011018658988177
2024-04-28T12:00:00Z,-7.609444,112.595556,-0.0011159360874444,0.0003505570348352194,-0.0015696432674303
2024-04-28T15:00:00Z,-7.609444,112.595556,-0.0010271869832649,0.00032901004306040704,-0.0021631438285112
2024-04-28T18:00:00Z,-7.609444,112.595556,-0.0010221961420029,0.000363500410458073,-0.0024045908357948
2024-04-28T21:00:00Z,-7.609444,112.595556,-0.001218406134285,0.00028381909942254424,-0.002220296068117
2024-04-29T00:00:00Z,-7.609444,112.595556,-0.0013020311016589,0.00019229069584980607,-0.0018741519888862
2024-04-29T03:00:00Z,-7.609444,112.595556,-0.0013317913981154,0.00016851237160153687,-0.0013950075954198
2024-04-29T06:00:00Z,-7.609444,112.595556,-0.0013346810592338,0.0001655352971283719,-0.0006642102962359786
2024-04-29T09:00:00Z,-7.609444,112.595556,-0.0013205060968175,0.00017637675045989454,7.079780334606767e-05
2024-04-29T12:00:00Z,-7.609444,112.595556,-0.0011779450578615,0.00024090110673569143,0.00029631092911586165
2024-04-29T15:00:00Z,-7.609444,112.595556,-0.0007918699993751943,0.0003148596442770213,2.307684189872816e-05
2024-04-29T18:00:00Z,-7.609444,112.595556,-0.0002838001528289169,0.00043859618017449975,-0.0002368103887420148
2024-04-29T21:00:00Z,-7.609444,112.595556,5.865059938514605e-05,0.0004838048771489412,-0.0004191170446574688
2024-04-30T00:00:00Z,-7.609444,112.595556,0.00026555711519904435,0.0004279638233128935,-0.00036073391675017774
2024-04-30T03:00:00Z,-7.609444,112.595556,0.0003874615067616105,0.0002310226554982364,-0.0003723274276126176
2024-04-30T06:00:00Z,-7.609444,112.595556,0.00044442847138270736,-0.00020187007612548769,-0.0004168667946942151
2024-04-30T09:00:00Z,-7.609444,112.595556,0.0004786130448337644,-0.0005444311536848545,-0.00015007899492047727
2024-04-30T12:00:00Z,-7.609444,112.595556,0.0004322045715525746,-0.0006188046536408365,0.00027848785975947976
2024-04-30T15:00:00Z,-7.609444,112.595556,0.00026597073883749545,-0.0005931394989602268,0.00020630776998586955
2024-04-30T18:00:00Z,-7.609444,112.595556,0.00023730653629172596,-0.0006378301768563688,-0.0003146663948427886
2024-04-30T21:00:00Z,-7.609444,112.595556,0.0001646287419134751,-0.0007356714340858161,-0.0007284127059392631
2024-05-01T00:00:00Z,-7.609444,112.595556,0.00010364717309130356,-0.000793920480646193,-0.0005498692626133561
2024-05-01T03:00:00Z,-7.609444,112.595556,1.9505853288137587e-06,-0.0008856748463585973,-0.0004239439440425485
2024-05-01T06:00:00Z,-7.609444,112.595556,-6.987808592384681e-05,-0.0010734678944572,-0.0005284923245199025
2024-05-01T09:00:00Z,-7.609444,112.595556,1.3600305464933626e-05,-0.0011293026618659,-0.0009638943593017756
2024-05-01T12:00:00Z,-7.609444,112.595556,0.0001540864905109629,-0.0008739241166040301,-0.0015195064479485
2024-05-01T15:00:00Z,-7.609444,112.595556,0.0002352162264287472,-0.0004671475908253342,-0.0019817259162664
2024-05-01T18:00:00Z,-7.609444,112.595556,0.0003013613750226796,-3.869833017233759e-05,-0.0022883724886924
2024-05-01T21:00:00Z,-7.609444,112.595556,0.0002689904649741948,0.0002546579053159803,-0.002665406325832
2024-05-02T00:00:00Z,-7.609444,112.595556,0.0002287554671056569,0.0003981032350566238,-0.0027028501499444
2024-05-02T03:00:00Z,-7.609444,112.595556,0.0001518441567895934,0.0005078739486634731,-0.0022241428960114
2024-05-02T06:00:00Z,-7.609444,112.595556,0.00017602475418243557,0.0005418194341473281,-0.0016583517426624
2024-05-02T09:00:00Z,-7.609444,112.595556,0.0002648964582476765,0.0005231626564636827,-0.0013393141562119
2024-05-02T12:00:00Z,-7.609444,112.595556,0.00043513765558600426,0.0005772995646111667,-0.0009522197651676834
2024-05-02T15:00:00Z,-7.609444,112.595556,0.0005930234910920262,0.0006126030348241329,-0.0005256991134956479
2024-05-02T18:00:00Z,-7.609444,112.595556,0.0007534877513535321,0.0006367280147969723,-0.000650640984531492
2024-05-02T21:00:00Z,-7.609444,112.595556,0.000980102806352079,0.0006407584296539426,-0.0011653592810034
2024-05-03T00:00:00Z,-7.609444,112.595556,0.0012509825173765,0.0006470582447946072,-0.0015416060341522
2024-05-03T03:00:00Z,-7.609444,112.595556,0.0012887214543297,0.0007301631267182529,-0.0016435862053185
2024-05-03T06:00:00Z,-7.609444,112.595556,0.0010941369691863,0.0008045274298638105,-0.0015767988516017
2024-05-03T09:00:00Z,-7.609444,112.595556,0.0010004335781559,0.0008128563058562577,-0.001695524319075
2024-05-03T12:00:00Z,-7.609444,112.595556,0.0011457806685939,0.0007736976258456707,-0.0014414234319701
2024-05-03T15:00:00Z,-7.609444,112.595556,0.0012470805086195,0.0008368952549062669,-0.0007977316854521632
2024-05-03T18:00:00Z,-7.609444,112.595556,0.0012284197146072,0.0010083741508424,-0.00033136396086774766
2024-05-03T21:00:00Z,-7.609444,112.595556,0.0010527559788897,0.0011995076201856,-0.00016614142805337906
2024-05-04T00:00:00Z,-7.609444,112.595556,0.0009399913251399994,0.0012916999403387,-6.542174378409982e-05
2024-05-04T03:00:00Z,-7.609444,112.595556,0.0008249936508946121,0.001216018339619,-0.00020552880596369505
2024-05-04T06:00:00Z,-7.609444,112.595556,0.0006013985839672387,0.0010843371273949,-0.0006175989401526749
2024-05-04T09:00:00Z,-7.609444,112.595556,0.00012874792446382344,0.000870408141054213,-0.0007881217752583325
2024-05-04T12:00:00Z,-7.609444,112.595556,-0.00043268469744361937,0.0007427808013744652,-0.000700327567756176
2024-05-04T15:00:00Z,-7.609444,112.595556,-0.0008539932896383107,0.0008537785615772009,-0.0004491811560001224
2024-05-04T18:00:00Z,-7.609444,112.595556,-0.0012220311909914,0.0012062281602993,-0.00014565369929187
2024-05-04T21:00:00Z,-7.609444,112.595556,-0.0017809879500418,0.0013918508775532,-0.0002495422668289393
2024-05-05T00:00:00Z,-7.609444,112.595556,-0.0022162387613207,0.0013607983710244,-0.00013577821664512155
2024-05-05T03:00:00Z,-7.609444,112.595556,-0.0025461204349994,0.0012830711202695,9.682602831162512e-05
2024-05-05T06:00:00Z,-7.609444,112.595556,-0.0029100384563207,0.0012814021902158,0.0005909023457206786
2024-05-05T09:00:00Z,-7.609444,112.595556,-0.0033511731307953,0.0014545274898409,0.0009246612316928804
2024-05-05T12:00:00Z,-7.609444,112.595556,-0.0035954932682216,0.0016676255036145,0.0010358999716117
2024-05-05T15:00:00Z,-7.609444,112.595556,-0.0036752440501004,0.0018709814175963,0.000840169785078615
2024-05-05T18:00:00Z,-7.609444,112.595556,-0.0036285377573221,0.0021019405685365,0.0003883227182086557
2024-05-05T21:00:00Z,-7.609444,112.595556,-0.0037433363031595,0.0022605892736464,-0.00024116653366945684
2024-05-06T00:00:00Z,-7.609444,112.595556,-0.0038924945984035,0.0023480183444917,-0.0007969050784595311
2024-05-06T03:00:00Z,-7.609444,112.595556,-0.0038294601254165,0.0024037125986069,-0.0015570857794955
2024-05-06T06:00:00Z,-7.609444,112.595556,-0.003621231066063,0.0024984532501548,-0.002135815564543
2024-05-06T09:00:00Z,-7.609444,112.595556,-0.0035112893674522,0.0024720807559788,-0.0027199448086321
2024-05-06T12:00:00Z,-7.609444,112.595556,-0.0034843632020056,0.0023305716458708,-0.002865680726245
2024-05-06T15:00:00Z,-7.609444,112.595556,-0.0035383224021643,0.0022445707581937,-0.0029434394091367
2024-05-06T18:00:00Z,-7.609444,112.595556,-0.0034610235597938,0.0021844124421477,-0.0032118258532136
2024-05-06T21:00:00Z,-7.609444,112.595556,-0.0033176818396896,0.0020624210592359,-0.0034982750657945
2024-05-07T00:00:00Z,-7.609444,112.595556,-0.003031036350876,0.0019173132022842,-0.0032070109155029
2024-05-07T03:00:00Z,-7.609444,112.595556,-0.0028475504368543,0.0018468351336196,-0.0029138843528926
2024-05-07T06:00:00Z,-7.609444,112.595556,-0.0028667757287621,0.0016657367814332,-0.0025583175010979
2024-05-07T09:00:00Z,-7.609444,112.595556,-0.002964362502098,0.0013307094341143,-0.00250202906318
2024-05-07T12:00:00Z,-7.609444,112.595556,-0.0027410555630922,0.0010861171176657,-0.0023289830423891
2024-05-07T15:00:00Z,-7.609444,112.595556,-0.0024439569097012,0.0010391394607722,-0.0019279964035376
2024-05-07T18:00:00Z,-7.609444,112.595556,-0.0022586479317396,0.0010646582813933,-0.0015710130101069
2024-05-07T21:00:00Z,-7.609444,112.595556,-0.0022583166137337,0.0009162368369288744,-0.0013548538554459
2024-05-08T00:00:00Z,-7.609444,112.595556,-0.0020476293284446,0.0008361305226571858,-0.0007742347079329193
2024-05-08T03:00:00Z,-7.609444,112.595556,-0.0017462972318753,0.0008453626069240272,-0.0001526015839772299
2024-05-08T06:00:00Z,-7.609444,112.595556,-0.0017164392629638,0.0007576504140160978,0.0006907540955580771
2024-05-08T09:00:00Z,-7.609444,112.595556,-0.0017178567359223,0.0004565180570352823,0.0011549262562766
2024-05-08T12:00:00Z,-7.609444,112.595556,-0.0014507173327729,0.00023188546765595677,0.0013063685037195
2024-05-08T15:00:00Z,-7.609444,112.595556,-0.0013394890120252,0.0003105122013948858,0.0015816994709894
2024-05-08T18:00:00Z,-7.609444,112.595556,-0.001262066187337,0.0005614277324639261,0.0018193707801401
2024-05-08T21:00:00Z,-7.609444,112.595556,-0.0012596261221915,0.000611096911597997,0.0015883957967162
2024-05-09T00:00:00Z,-7.609444,112.595556,-0.0012258010683581,0.0003773820353671909,0.0018901616567745
2024-05-09T03:00:00Z,-7.609444,112.595556,-0.0012920807348564,0.0002183548494940624,0.002595676574856
2024-05-09T06:00:00Z,-7.609444,112.595556,-0.0014632989186793,0.00021154074056539685,0.0028603114187717
2024-05-09T09:00:00Z,-7.609444,112.595556,-0.0015914210816845,0.0002331805444555357,0.0024732057936489
2024-05-09T12:00:00Z,-7.609444,112.595556,-0.0014738366007804,0.00020942783157806844,0.0021473313681781
2024-05-09T15:00:00Z,-7.609444,112.595556,-0.0012924661859869,0.00045717935427092016,0.0020611139480024
2024-05-09T18:00:00Z,-7.609444,112.595556,-0.0012321205576881,0.0007409199606627226,0.0020668949000537
2024-05-09T21:00:00Z,-7.609444,112.595556,-0.001352060586214,0.0007794414996169508,0.001425806316547
2024-05-10T00:00:00Z,-7.609444,112.595556,-0.0011825811816379,0.0006461655721068382,0.0009598598699085414
2024-05-10T03:00:00Z,-7.609444,112.595556,-0.0008712796261534095,0.0007257675752043724,0.000967063766438514
2024-05-10T06:00:00Z,-7.609444,112.595556,-0.000779233465436846,0.0009532264666631818,0.0008686317014507949
2024-05-10T09:00:00Z,-7.609444,112.595556,-0.0007579412194900215,0.0009722645045258104,0.00021236814791336656
2024-05-10T12:00:00Z,-7.609444,112.595556,-0.0005750145064666867,0.0007777929422445595,-0.0003900888841599226
2024-05-10T15:00:00Z,-7.609444,112.595556,-0.00046988928806968033,0.0007326179184019566,-0.0004071577568538487
2024-05-10T18:00:00Z,-7.609444,112.595556,-0.00026793056167662144,0.0008448429289273918,-0.000415960734244436
2024-05-10T21:00:00Z,-7.609444,112.595556,-0.0001419609907316044,0.0009824603330343962,-0.000926908862311393
2024-05-11T00:00:00Z,-7.609444,112.595556,0.00017319722974207252,0.0009815338999032974,-0.0011897644726559
2024-05-11T03:00:00Z,-7.609444,112.595556,0.0003659267676994205,0.00099318812135607,-0.001018451876007
2024-05-11T06:00:00Z,-7.609444,112.595556,0.0004615303187165409,0.0011483033886179,-0.000726760015822947
2024-05-11T09:00:00Z,-7.609444,112.595556,0.0006158832111395895,0.0010646347654983,-0.0007809813832864165
2024-05-11T12:00:00Z,-7.609444,112.595556,0.0008248263620771468,0.0009358805837109684,-0.0004844428040087223
2024-05-11T15:00:00Z,-7.609444,112.595556,0.000791568192653358,0.0009387104073539376,-4.515510227065533e-06
2024-05-11T18:00:00Z,-7.609444,112.595556,0.0008218656876124442,0.0010126366978511,0.000476699264254421
2024-05-11T21:00:00Z,-7.609444,112.595556,0.0007500145002268255,0.0010014835279434,0.0004857477033510804
2024-05-12T00:00:00Z,-7.609444,112.595556,0.0008087282185442746,0.0007908945553936064,0.0006405573221854866
2024-05-12T03:00:00Z,-7.609444,112.595556,0.000681773410178721,0.000693128036800772,0.0014355112798511
2024-05-12T06:00:00Z,-7.609444,112.595556,0.0005160528235137463,0.0006014786777086556,0.0019792495295405
2024-05-12T09:00:00Z,-7.609444,112.595556,0.0004433541907928884,0.000347400811733678,0.0022667574230581
2024-05-12T12:00:00Z,-7.609444,112.595556,0.0004461429489310831,-6.098839548940305e-06,0.0023180919233709
2024-05-12T15:00:00Z,-7.609444,112.595556,0.000271340599283576,-0.0001105841074604541,0.0029305457137525
2024-05-12T18:00:00Z,-7.609444,112.595556,9.430889622308314e-05,-0.00018481339793652296,0.0029785833321511
2024-05-12T21:00:00Z,-7.609444,112.595556,-0.0001225894084200263,-0.0004819442401640117,0.0025032903067767
2024-05-13T00:00:00Z,-7.609444,112.595556,-0.00012144360516685992,-0.000873628247063607,0.0022823917679488
2024-05-13T03:00:00Z,-7.609444,112.595556,-0.0003215713368263096,-0.0010081524960696,0.0026900661177933
2024-05-13T06:00:00Z,-7.609444,112.595556,-0.0008429060690104961,-0.0009815285447984934,0.0029135774821043
2024-05-13T09:00:00Z,-7.609444,112.595556,-0.0013674499932676,-0.0011118960101157,0.0024132370017468
2024-05-13T12:00:00Z,-7.609444,112.595556,-0.0017134969821199,-0.0012163042556494,0.0018206821987405
2024-05-13T15:00:00Z,-7.609444,112.595556,-0.0020868114661425,-0.0010832155821844,0.001649668207392
2024-05-13T18:00:00Z,-7.609444,112.595556,-0.0024708546698093,-0.0007614312926307321,0.0017791631398722
2024-05-13T21:00:00Z,-7.609444,112.595556,-0.0027502970770001,-0.0006205925019457936,0.0017160101560875
2024-05-14T00:00:00Z,-7.609444,112.595556,-0.0029658982530236,-0.0007192857447080314,0.0017661699093878
2024-05-14T03:00:00Z,-7.609444,112.595556,-0.0032587531022727,-0.0005234127747826278,0.0019955241587013
2024-05-14T06:00:00Z,-7.609444,112.595556,-0.003636963898316,2.843162110366393e-05,0.0017627897905185
2024-05-14T09:00:00Z,-7.609444,112.595556,-0.0039831725880503,0.0004432682762853801,0.000974711962044239
2024-05-14T12:00:00Z,-7.609444,112.595556,-0.0043284650892019,0.0006197008769959211,0.00021254979947116223
2024-05-14T15:00:00Z,-7.609444,112.595556,-0.0046002520248293,0.0007826164946891367,-5.8598481700755656e-05
2024-05-14T18:00:00Z,-7.609444,112.595556,-0.0046888599172234,0.0011881513055413,0.00031344196759164333
2024-05-14T21:00:00Z,-7.609444,112.595556,-0.0049082902260124,0.0013623989652842,0.00016115271137095988
2024-05-15T00:00:00Z,-7.609444,112.595556,-0.0050925584509968,0.0011425830889493,1.5212073776638135e-05
2024-05-15T03:00:00Z,-7.609444,112.595556,-0.0051853274926543,0.0010572029277682,0.000289755203993991
2024-05-15T06:00:00Z,-7.609444,112.595556,-0.0050727222114801,0.0010536677436903,0.00033153273398056626
2024-05-15T09:00:00Z,-7.609444,112.595556,-0.0049025444313883,0.0009607269894331694,-0.00016305533063132316
2024-05-15T12:00:00Z,-7.609444,112.595556,-0.0047463495284318,0.0007127632852643728,-0.00029233109671622515
2024-05-15T15:00:00Z,-7.609444,112.595556,-0.0044092806056141,0.0006657412741333246,-0.0005755836609750986
2024-05-15T18:00:00Z,-7.609444,112.595556,-0.0040858648717403,0.0008381370571441948,-0.0006318805390037596
2024-05-15T21:00:00Z,-7.609444,112.595556,-0.0039831013418734,0.0009123085183091462,-0.0007729419157840312
2024-05-16T00:00:00Z,-7.609444,112.595556,-0.0039290976710617,0.0008676915895193815,-0.0008834680775180459
2024-05-16T03:00:00Z,-7.609444,112.595556,-0.0038890510331839,0.0008508820319548249,-0.0008931711781769991
2024-05-16T06:00:00Z,-7.609444,112.595556,-0.0037584593519568,0.0007047759718261659,-0.0010344410547986
2024-05-16T09:00:00Z,-7.609444,112.595556,-0.0036058495752513,0.0004297860723454505,-0.001087236450985
2024-05-16T12:00:00Z,-7.609444,112.595556,-0.0033541868906468,4.143679689150304e-05,-0.0008661637548357248
2024-05-16T15:00:00Z,-7.609444,112.595556,-0.0030326519627124,-0.00020028116705361756,-0.0008299407782033086
2024-05-16T18:00:00Z,-7.609444,112.595556,-0.0026191014330834,-0.0002844393893610686,-0.0008535911329090595
2024-05-16T21:00:00Z,-7.609444,112.595556,-0.0021834732033312,-0.0003328007878735661,-0.0010616725776344
2024-05-17T00:00:00Z,-7.609444,112.595556,-0.0017185244942083,-0.0002837077190633863,-0.0010592998005449
2024-05-17T03:00:00Z,-7.609444,112.595556,-0.0012223167577758,-0.00012271880405023694,-0.0009636833565309644
2024-05-17T06:00:00Z,-7.609444,112.595556,-0.0007525400724261999,-3.166417081956752e-05,-0.000948225031606853
2024-05-17T09:00:00Z,-7.609444,112.595556,-0.0003954284184146673,6.265188858378679e-06,-0.0007166685536503792
2024-05-17T12:00:00Z,-7.609444,112.595556,1.582011282152962e-05,-0.000126710714539513,-9.220599895343184e-05
2024-05-17T15:00:00Z,-7.609444,112.595556,0.00036015341174788773,-0.00031138473423197865,0.0002415260241832584
2024-05-17T18:00:00Z,-7.609444,112.595556,0.0004840415494982153,-0.0004718296113424003,0.0001607628510100767
2024-05-17T21:00:00Z,-7.609444,112.595556,0.0004357425787020474,-0.0005415220512077212,-0.00014947283489163965
2024-05-18T00:00:00Z,-7.609444,112.595556,0.0004540326481219381,-0.0006684170220978558,-0.00034487160155549645
2024-05-18T03:00:00Z,-7.609444,112.595556,0.000604222877882421,-0.0007302920566871762,-0.00014853887842036784
2024-05-18T06:00:00Z,-7.609444,112.595556,0.0006202554213814437,-0.0007831383845768869,6.925701745785773e-05
2024-05-18T09:00:00Z,-7.609444,112.595556,0.00048645262722857296,-0.0009082316537387668,0.00014027580618858335
2024-05-18T12:00:00Z,-7.609444,112.595556,0.0004567175346892327,-0.000981460209004581,0.0003822621365543455
2024-05-18T15:00:00Z,-7.609444,112.595556,0.0004261742578819394,-0.0009597923490218818,0.0004941410734318197
2024-05-18T18:00:00Z,-7.609444,112.595556,0.00026664583128876984,-0.0009385935263708234,0.0004144951526541263
2024-05-18T21:00:00Z,-7.609444,112.595556,-8.042999252211303e-05,-0.0010206447914242,0.0003146954404655844
2024-05-19T00:00:00Z,-7.609444,112.595556,-0.0003848443157039583,-0.0012448211200535,0.0003874556859955192
2024-05-19T03:00:00Z,-7.609444,112.595556,-0.0007426614756695926,-0.0014104937436059,0.0005035948706790805
2024-05-19T06:00:00Z,-7.609444,112.595556,-0.0010451009729877,-0.0015798610402271,0.0002802039962261915
2024-05-19T09:00:00Z,-7.609444,112.595556,-0.0012991648400202,-0.0017389698186889,5.237671575741842e-05
2024-05-19T12:00:00Z,-7.609444,112.595556,-0.0014860141091048,-0.0016884244978427,0.00011123048898298292
2024-05-19T15:00:00Z,-7.609444,112.595556,-0.0015932152746245,-0.0014829019783064,8.4633422375191e-05
2024-05-19T18:00:00Z,-7.609444,112.595556,-0.0017264441121369,-0.0013870779657736,-0.0003610965795814991
2024-05-19T21:00:00Z,-7.609444,112.595556,-0.0017784459050744,-0.0013571790186688,-0.00094535417156294
2024-05-20T00:00:00Z,-7.609444,112.595556,-0.0017050036694854,-0.0012788294116035,-0.0010733023518696
2024-05-20T03:00:00Z,-7.609444,112.595556,-0.0018031001091003,-0.0012741716345772,-0.0015442543663084
2024-05-20T06:00:00Z,-7.609444,112.595556,-0.0019229633035138,-0.0012975157005712,-0.0021495327819138
2024-05-20T09:00:00Z,-7.609444,112.595556,-0.0020751280244439,-0.0013313490198925,-0.0026776436716318
2024-05-20T12:00:00Z,-7.609444,112.595556,-0.0021052961237728,-0.0013363861944526,-0.0027503110468387
2024-05-20T15:00:00Z,-7.609444,112.595556,-0.0021233255974948,-0.0012831765925511,-0.00247821980156
2024-05-20T18:00:00Z,-7.609444,112.595556,-0.0020211311057209,-0.001253351336345,-0.0021582189947366
2024-05-20T21:00:00Z,-7.609444,112.595556,-0.0018039607675746,-0.0012166124070063,-0.0018791711190715
2024-05-21T00:00:00Z,-7.609444,112.595556,-0.0014402149245142,-0.0012301098322495,-0.0011950015323236
2024-05-21T03:00:00Z,-7.609444,112.595556,-0.0010956729529425,-0.0011576466495171,-0.0006136026931926608
2024-05-21T06:00:00Z,-7.609444,112.595556,-0.0008907037554308772,-0.0011172923259437,-0.0002443445846438408
2024-05-21T09:00:00Z,-7.609444,112.595556,-0.0007480487693101168,-0.0011501049157232,-1.882262404251378e-05
2024-05-21T12:00:00Z,-7.609444,112.595556,-0.000483900512335822,-0.0012198853073641,0.00013305679021868855
2024-05-21T15:00:00Z,-7.609444,112.595556,-0.0001327565696556121,-0.0012658858904615,0.00016042147763073444
2024-05-21T18:00:00Z,-7.609444,112.595556,9.77079980657436e-05,-0.0011951749911531,0.0005707817617803812
2024-05-21T21:00:00Z,-7.609444,112.595556,0.00014091706543695182,-0.0011839020298793,0.0006921271560713649
2024-05-22T00:00:00Z,-7.609444,112.595556,0.00011103612632723524,-0.0012803733116015,0.0007147206924855709
2024-05-22T03:00:00Z,-7.609444,112.595556,2.822636633936781e-05,-0.0013039667392149,0.0007555963820777833
2024-05-22T06:00:00Z,-7.609444,112.595556,-6.886757182655856e-05,-0.0013323358725756,0.0005654775304719806
2024-05-22T09:00:00Z,-7.609444,112.595556,-0.00012623854854609817,-0.0013024277286604,0.0003109929384663701
2024-05-22T12:00:00Z,-7.609444,112.595556,-0.00012544334458652884,-0.0011650879168882,0.00013425129873212427
2024-05-22T15:00:00Z,-7.609444,112.595556,-0.00012861753930337727,-0.0008934127981774509,-0.0001165665962616913
2024-05-22T18:00:00Z,-7.609444,112.595556,-0.0002301449712831527,-0.0004963427782058716,-0.0002941289567388594
2024-05-22T21:00:00Z,-7.609444,112.595556,-0.0005625435151159763,-0.00021247412951197475,-0.0006081214523874223
2024-05-23T00:00:00Z,-7.609444,112.595556,-0.0008820624207146466,-6.529163511004299e-05,-0.0006995599833317101
2024-05-23T03:00:00Z,-7.609444,112.595556,-0.0012327682925388,-9.602194040780889e-06,-0.0007257225806824863
2024-05-23T06:00:00Z,-7.609444,112.595556,-0.001678277272731,-7.333798748732079e-06,-0.0007115052430890501
2024-05-23T09:00:00Z,-7.609444,112.595556,-0.0020647824276238,-1.0407221452624071e-05,-0.0004451716667972505
2024-05-23T12:00:00Z,-7.609444,112.595556,-0.0022743619047105,-9.54159190769133e-07,-0.00013913502334617078
2024-05-23T15:00:00Z,-7.609444,112.595556,-0.0023289907258003,-4.5468277676263824e-05,0.00011943604476982728
2024-05-23T18:00:00Z,-7.609444,112.595556,-0.0024554843548685,-8.419761434197426e-05,0.0004252521030139178
2024-05-23T21:00:00Z,-7.609444,112.595556,-0.0028118705376982,-0.00024476685211993754,0.0005416227504611015
2024-05-24T00:00:00Z,-7.609444,112.595556,-0.0029939650557935,-0.0004344409971963614,0.0004055063473060727
2024-05-24T03:00:00Z,-7.609444,112.595556,-0.0029564283322542,-0.00044918828643858433,0.0003360960981808603
2024-05-24T06:00:00Z,-7.609444,112.595556,-0.0029342514462769,-0.0003648534184321761,0.0003074373234994709
2024-05-24T09:00:00Z,-7.609444,112.595556,-0.0029628290794789,-0.0002837986103259027,0.00020218646386638284
2024-05-24T12:00:00Z,-7.609444,112.595556,-0.002881106454879,-0.0001543204707559198,0.00023795424203854052
2024-05-24T15:00:00Z,-7.609444,112.595556,-0.0027292801532894,-9.160965419141576e-05,0.000192192877875641
2024-05-24T18:00:00Z,-7.609444,112.595556,-0.0025521169882267,-5.7216650020563975e-05,0.0004089053545612842
2024-05-24T21:00:00Z,-7.609444,112.595556,-0.0025362842716276,-5.062382479081862e-05,0.0005988607881590724
2024-05-25T00:00:00Z,-7.609444,112.595556,-0.0023344825021922,-5.490083640324883e-05,0.00042483897414058447
2024-05-25T03:00:00Z,-7.609444,112.595556,-0.0019294664962217,0.00015073186659719795,0.0006267212447710335
2024-05-25T06:00:00Z,-7.609444,112.595556,-0.0015800818800926,0.0004389588721096516,0.0011441424721851
2024-05-25T09:00:00Z,-7.609444,112.595556,-0.0012539963936433,0.0005741924396716058,0.0014091180637478
2024-05-25T12:00:00Z,-7.609444,112.595556,-0.0008808409329503775,0.0006362294661812484,0.001538399956189
2024-05-25T15:00:00Z,-7.609444,112.595556,-0.0005394574254751205,0.0006006485200487077,0.0016606311546638
2024-05-25T18:00:00Z,-7.609444,112.595556,-0.00024143775226548317,0.00043929359526373446,0.0017988516483455
2024-05-25T21:00:00Z,-7.609444,112.595556,-0.00011562244617380202,0.00013783325266558677,0.0018071318045258
2024-05-26T00:00:00Z,-7.609444,112.595556,2.019339990511071e-05,-0.0002612276002764702,0.0016476648161187
2024-05-26T03:00:00Z,-7.609444,112.595556,0.000107798317912966,-0.000523664872162044,0.0016413867706432
2024-05-26T06:00:00Z,-7.609444,112.595556,0.00018687680130824447,-0.0006454703398048878,0.0017589370254427
2024-05-26T09:00:00Z,-7.609444,112.595556,0.0002751833526417613,-0.0006698667421005666,0.0020310799591243
2024-05-26T12:00:00Z,-7.609444,112.595556,0.0005909890751354396,-0.0005824749241583049,0.002209503436461
2024-05-26T15:00:00Z,-7.609444,112.595556,0.0008624683250673115,-0.00035323580959811807,0.0023722522892057
2024-05-26T18:00:00Z,-7.609444,112.595556,0.0011816057376563,-0.00019073093426413837,0.002365042688325
2024-05-26T21:00:00Z,-7.609444,112.595556,0.0013698881957679,-0.00010140801896341144,0.0020657328423112
2024-05-27T00:00:00Z,-7.609444,112.595556,0.0015647546388208,-0.0001193615680676885,0.0017723289784044
2024-05-27T03:00:00Z,-7.609444,112.595556,0.0016574267065152,-0.00015015483950264752,0.001532009220682
2024-05-27T06:00:00Z,-7.609444,112.595556,0.0016657679807394,-0.00022544842795468867,0.0014264385681599
2024-05-27T09:00:00Z,-7.609444,112.595556,0.0015699898358434,-0.00023292207333724943,0.0013573855394497
2024-05-27T12:00:00Z,-7.609444,112.595556,0.0015513086691498,-0.000306026719044894,0.0014691844116896
2024-05-27T15:00:00Z,-7.609444,112.595556,0.0015511945821344,-0.0004237741813994944,0.0013470175908878
2024-05-27T18:00:00Z,-7.609444,112.595556,0.0015216165920719,-0.0005801431834697723,0.0010257427347823
2024-05-27T21:00:00Z,-7.609444,112.595556,0.0013155741617083,-0.0008140578866004944,0.0006350874318741262
2024-05-28T00:00:00Z,-7.609444,112.595556,0.0011145586613565,-0.0010154033079743,0.0004839346802327782
2024-05-28T03:00:00Z,-7.609444,112.595556,0.000940796104259789,-0.0012727620778605,0.0006010187207721174
2024-05-28T06:00:00Z,-7.609444,112.595556,0.000690444081556052,-0.0014490365283563,0.0009155255975201726
2024-05-28T09:00:00Z,-7.609444,112.595556,0.0004221729759592563,-0.0015131746185943,0.0014073153724893
2024-05-28T12:00:00Z,-7.609444,112.595556,0.0001895730529213324,-0.0014302134513854,0.0018297333735972
2024-05-28T15:00:00Z,-7.609444,112.595556,-0.00010720497812144458,-0.0013662859564647,0.0021918108686804
2024-05-28T18:00:00Z,-7.609444,112.595556,-0.000599523657001555,-0.00139117508661,0.0024913705419749
2024-05-28T21:00:00Z,-7.609444,112.595556,-0.0011864381376653,-0.001480326638557,0.0024903728626668
2024-05-29T00:00:00Z,-7.609444,112.595556,-0.0015834830701351,-0.0014808401465415,0.002775598084554
2024-05-29T03:00:00Z,-7.609444,112.595556,-0.0018708429997786,-0.001451596035622,0.0033068021293729
2024-05-29T06:00:00Z,-7.609444,112.595556,-0.0020517972297966,-0.0015021029394119,0.003623645287007
2024-05-29T09:00:00Z,-7.609444,112.595556,-0.0021926362533122,-0.0016101811779662,0.0037729772739112
2024-05-29T12:00:00Z,-7.609444,112.595556,-0.0022609992884099,-0.0015338222729042,0.0039525576867163
2024-05-29T15:00:00Z,-7.609444,112.595556,-0.0023276426363736,-0.001357163186185,0.0041157114319503
2024-05-29T18:00:00Z,-7.609444,112.595556,-0.0023429607972502,-0.0013113154564052,0.003955153748393
2024-05-29T21:00:00Z,-7.609444,112.595556,-0.0024989815428853,-0.0013075242750346,0.0033933003433048
2024-05-30T00:00:00Z,-7.609444,112.595556,-0.0025484929792582,-0.0012036564294248,0.0029413769952952
2024-05-30T03:00:00Z,-7.609444,112.595556,-0.0026130662299692,-0.0010156271746382,0.0028771148063242
2024-05-30T06:00:00Z,-7.609444,112.595556,-0.0026878754142671,-0.0008966111345216632,0.0027018366381525
2024-05-30T09:00:00Z,-7.609444,112.595556,-0.0027996122371405,-0.0010183611884713,0.0021164859645068
2024-05-30T12:00:00Z,-7.609444,112.595556,-0.0028960809577256,-0.0011412191670387,0.0013945261016488
2024-05-30T15:00:00Z,-7.609444,112.595556,-0.002878641244024,-0.0012974321143701,0.0009373422944918276
2024-05-30T18:00:00Z,-7.609444,112.595556,-0.0027399931568652,-0.0013328848872333,0.0010629724711179
2024-05-30T21:00:00Z,-7.609444,112.595556,-0.0027003744617104,-0.0014440536033362,0.0010484099620953
2024-05-31T00:00:00Z,-7.609444,112.595556,-0.0026531349867582,-0.0016790301306173,0.0008717612945474684
2024-05-31T03:00:00Z,-7.609444,112.595556,-0.0026511359028518,-0.0018533758120611,0.0009921618038788438
2024-05-31T06:00:00Z,-7.609444,112.595556,-0.0027540598530322,-0.0019725838210433,0.0010219678515568
2024-05-31T09:00:00Z,-7.609444,112.595556,-0.0027967980131506,-0.0019723800942301,0.0007241077837534249
2024-05-31T12:00:00Z,-7.609444,112.595556,-0.0027640620246529,-0.0018823399441316,0.0005595360416918993
2024-05-31T15:00:00Z,-7.609444,112.595556,-0.0025677699595689,-0.0018984752241522,0.0004223253345116973
2024-05-31T18:00:00Z,-7.609444,112.595556,-0.0023457098286598,-0.001897201873362,0.000780591566581279
2024-05-31T21:00:00Z,-7.609444,112.595556,-0.0022697765380144,-0.0019403498154133,0.0013178859371691
2024-06-01T00:00:00Z,-7.609444,112.595556,-0.0020767915993928,-0.0020302424672991,0.0018873532535508
2024-06-01T03:00:00Z,-7.609444,112.595556,-0.0018370118923485,-0.0018631558632478,0.0025521819479763
2024-06-01T06:00:00Z,-7.609444,112.595556,-0.0016209041932597,-0.0014894886408001,0.0031188384164124
2024-06-01T09:00:00Z,-7.609444,112.595556,-0.0013449378311634,-0.0012538789305835,0.0029053424950689
2024-06-01T12:00:00Z,-7.609444,112.595556,-0.001008097664453,-0.0012347309384495,0.0025858650915324
2024-06-01T15:00:00Z,-7.609444,112.595556,-0.0007616658112965524,-0.001290165237151,0.0026574051007628
2024-06-01T18:00:00Z,-7.609444,112.595556,-0.0005978723638691008,-0.0014116772217676,0.0030294023454189
2024-06-01T21:00:00Z,-7.609444,112.595556,-0.0006285334238782525,-0.0016160602681338,0.0035465222317725
2024-06-02T00:00:00Z,-7.609444,112.595556,-0.0005747316172346473,-0.0017706407234072,0.0041633024811744
2024-06-02T03:00:00Z,-7.609444,112.595556,-0.0004938374040648341,-0.0018103540642187,0.0045634899288415
2024-06-02T06:00:00Z,-7.609444,112.595556,-0.0004729788925033063,-0.0017278210725635,0.0044679967686533
2024-06-02T09:00:00Z,-7.609444,112.595556,-0.00040516871376894414,-0.0015626115491613,0.0034740096889436
2024-06-02T12:00:00Z,-7.609444,112.595556,-0.0002739772025961429,-0.0013114326866343,0.0029509896412491
2024-06-02T15:00:00Z,-7.609444,112.595556,-2.719559779507108e-05,-0.0009558520396240056,0.0027072960510849
2024-06-02T18:00:00Z,-7.609444,112.595556,0.0002513783983886242,-0.0006419791025109589,0.002679914003238
2024-06-02T21:00:00Z,-7.609444,112.595556,0.00029643671587109566,-0.0004826758231502026,0.0027182369958609
2024-06-03T00:00:00Z,-7.609444,112.595556,0.000249821663601324,-0.0004696837568189949,0.0030558302532881
2024-06-03T03:00:00Z,-7.609444,112.595556,0.0002631679526530206,-0.0005424405680969357,0.0033721262589097
2024-06-03T06:00:00Z,-7.609444,112.595556,0.0002432515611872077,-0.0005079957190901041,0.0032363845966756
2024-06-03T09:00:00Z,-7.609444,112.595556,0.00018362792616244408,-0.0005834840703755617,0.0027349404990673
2024-06-03T12:00:00Z,-7.609444,112.595556,0.0001329589722445235,-0.0007369291852228343,0.0023098867386579
2024-06-03T15:00:00Z,-7.609444,112.595556,0.00013431982370093465,-0.0007790839881636202,0.0016652467893436
2024-06-03T18:00:00Z,-7.609444,112.595556,0.0002313777367817238,-0.0007623708224855363,0.0010097061749547
2024-06-03T21:00:00Z,-7.609444,112.595556,7.427478703903034e-05,-0.0007632364868186414,0.0006244619726203382
2024-06-04T00:00:00Z,-7.609444,112.595556,-0.00022491101117338985,-0.0007542136590927839,0.0007296292460523546
2024-06-04T03:00:00Z,-7.609444,112.595556,-0.0006100463797338307,-0.0007287832559086382,0.0007543870015069842
2024-06-04T06:00:00Z,-7.609444,112.595556,-0.0009474988328292966,-0.0007280059508047998,0.0005914272041991353
2024-06-04T09:00:00Z,-7.609444,112.595556,-0.0011370702413842,-0.0008578355773352087,0.00035455450415611267
2024-06-04T12:00:00Z,-7.609444,112.595556,-0.0012849828926846,-0.000914507603738457,0.0006883322494104505
2024-06-04T15:00:00Z,-7.609444,112.595556,-0.0013977779308333,-0.0008373340242542326,0.0012075485428795
2024-06-04T18:00:00Z,-7.609444,112.595556,-0.0014751147245988,-0.0006843392620794475,0.0017943998100236
2024-06-04T21:00:00Z,-7.609444,112.595556,-0.0015341914258897,-0.0005831058952026069,0.0020709095988422
2024-06-05T00:00:00Z,-7.609444,112.595556,-0.0014552669599652,-0.0004854554135818034,0.0022073392756283
2024-06-05T03:00:00Z,-7.609444,112.595556,-0.0013508731499314,-0.0003077257133554667,0.0021907859481871
2024-06-05T06:00:00Z,-7.609444,112.595556,-0.0013977825874462,-0.00011441718379501252,0.0022022298071533
2024-06-05T09:00:00Z,-7.609444,112.595556,-0.0014314129948616,-0.00011222429748158902,0.0020801892969757
2024-06-05T12:00:00Z,-7.609444,112.595556,-0.0013856467558071,-0.00015160671318881214,0.0019776173867285
2024-06-05T15:00:00Z,-7.609444,112.595556,-0.0013949995627626,-9.359051909996197e-05,0.0021909873466938
2024-06-05T18:00:00Z,-7.609444,112.595556,-0.0015195558080449,-0.00013409667008090764,0.0024053826928138
2024-06-05T21:00:00Z,-7.609444,112.595556,-0.0016495630843564,-0.0002843327238224447,0.002368310233578
2024-06-06T00:00:00Z,-7.609444,112.595556,-0.0014710467075929,-0.0003455825208220631,0.0026469447184354
2024-06-06T03:00:00Z,-7.609444,112.595556,-0.0012899209978058,-0.000229127865168266,0.00281467824243
2024-06-06T06:00:00Z,-7.609444,112.595556,-0.0013088234700262,-0.00011387097765691578,0.0025503595825284
2024-06-06T09:00:00Z,-7.609444,112.595556,-0.0013061262434348,-0.0002132065565092489,0.0019253398058936
2024-06-06T12:00:00Z,-7.609444,112.595556,-0.0010022073984146,-0.00027293124003335834,0.001303078373894
2024-06-06T15:00:00Z,-7.609444,112.595556,-0.000692723726388067,-0.00027453203801997006,0.0008026089053601027
2024-06-06T18:00:00Z,-7.609444,112.595556,-0.0006814932567067444,-0.00024341681273654103,0.0008000503294169903
2024-06-06T21:00:00Z,-7.609444,112.595556,-0.0008163513266481459,-0.0002473388740327209,0.0008938917308114469
2024-06-07T00:00:00Z,-7.609444,112.595556,-0.000720019219443202,-0.00015159411123022437,0.000961927929893136
2024-06-07T03:00:00Z,-7.609444,112.595556,-0.0005418205400928855,-6.437106640078127e-05,0.0011862815590575
2024-06-07T06:00:00Z,-7.609444,112.595556,-0.0004960607620887458,-5.11019243276678e-05,0.0014747541863471
2024-06-07T09:00:00Z,-7.609444,112.595556,-0.000562056025955826,-8.419426740147173e-05,0.001425530645065
2024-06-07T12:00:00Z,-7.609444,112.595556,-0.0004476457252167165,-0.0001057678455254063,0.0013280167477205
2024-06-07T15:00:00Z,-7.609444,112.595556,-0.000409847212722525,-0.00013235666847322136,0.0015838327817618
2024-06-07T18:00:00Z,-7.609444,112.595556,-0.000585162197239697,-0.0002547874755691737,0.0020812056027352
2024-06-07T21:00:00Z,-7.609444,112.595556,-0.0011346394894644,-0.0004619210958480835,0.0023056629579514
2024-06-08T00:00:00Z,-7.609444,112.595556,-0.0017338368343189,-0.0005891768378205597,0.0025446191430091
2024-06-08T03:00:00Z,-7.609444,112.595556,-0.0022279364056885,-0.0006541886832565069,0.0026950887404382
2024-06-08T06:00:00Z,-7.609444,112.595556,-0.0026844681706279,-0.0006021671579219401,0.0029538872186094
2024-06-08T09:00:00Z,-7.609444,112.595556,-0.0030942300800234,-0.0004606298170983792,0.0031919984612613
2024-06-08T12:00:00Z,-7.609444,112.595556,-0.0034047900699079,-0.00034552920260466635,0.0032695885747671
2024-06-08T15:00:00Z,-7.609444,112.595556,-0.0036196981091052,-0.0003122519701719284,0.0035604413133114
2024-06-08T18:00:00Z,-7.609444,112.595556,-0.0037061464972794,-0.0002807149721775204,0.0038234677631407
2024-06-08T21:00:00Z,-7.609444,112.595556,-0.0036650644615292,-0.0002457850496284664,0.0036468687467277
2024-06-09T00:00:00Z,-7.609444,112.595556,-0.0035674993414431,-7.595489478262607e-06,0.0034018871374428
2024-06-09T03:00:00Z,-7.609444,112.595556,-0.003640865208581,0.000250221200985834,0.0027552817482501
2024-06-09T06:00:00Z,-7.609444,112.595556,-0.0035636597312986,0.0004621056141331792,0.0020148807670921
2024-06-09T09:00:00Z,-7.609444,112.595556,-0.0035583698190748,0.0006905045011080801,0.0013952706940472
2024-06-09T12:00:00Z,-7.609444,112.595556,-0.0037327124737203,0.0007006211671978235,0.0009683531243354082
2024-06-09T15:00:00Z,-7.609444,112.595556,-0.0040748240426182,0.0005473541095852852,0.0006069664959795773
2024-06-09T18:00:00Z,-7.609444,112.595556,-0.0042863106355071,0.0003485838533379137,0.00048569298814982176
2024-06-09T21:00:00Z,-7.609444,112.595556,-0.0044450308196246,0.00017663405742496252,0.0002524223818909377
2024-06-10T00:00:00Z,-7.609444,112.595556,-0.0044928090646862,0.0001303564349655062,-0.00015477549459319562
2024-06-10T03:00:00Z,-7.609444,112.595556,-0.0045345434918999,0.0002046380250249058,-0.0005014725029468536
2024-06-10T06:00:00Z,-7.609444,112.595556,-0.0044710747897624,0.00024376103829126805,-0.0010399043094366
2024-06-10T09:00:00Z,-7.609444,112.595556,-0.0042597157880663,0.0003329997125547379,-0.0016755010001361
2024-06-10T12:00:00Z,-7.609444,112.595556,-0.0040269074961543,0.0004433098656591028,-0.002074230229482
2024-06-10T15:00:00Z,-7.609444,112.595556,-0.0039011696353554,0.0005800262442789972,-0.0022603846155107
2024-06-10T18:00:00Z,-7.609444,112.595556,-0.0039304648526012,0.0008393769385293126,-0.0020188430789858
2024-06-10T21:00:00Z,-7.609444,112.595556,-0.0041338321752846,0.0010673335054889,-0.0018372638151049
2024-06-11T00:00:00Z,-7.609444,112.595556,-0.0041604312136769,0.0012355234939604,-0.0015925671905279
2024-06-11T03:00:00Z,-7.609444,112.595556,-0.0040568793192505,0.0013234671205282,-0.0006191257853060961
2024-06-11T06:00:00Z,-7.609444,112.595556,-0.0039122798480093,0.0012919479049742,0.000494939333293587
2024-06-11T09:00:00Z,-7.609444,112.595556,-0.0036904059816151,0.0011756555177271,0.0013304337626323
2024-06-11T12:00:00Z,-7.609444,112.595556,-0.003275424009189,0.000943932798691094,0.0013890782138332
2024-06-11T15:00:00Z,-7.609444,112.595556,-0.0027534768451005,0.0008206000784412026,0.0009190657292492688
2024-06-11T18:00:00Z,-7.609444,112.595556,-0.0023816262837499,0.0008142002625390887,0.0006832192302681506
2024-06-11T21:00:00Z,-7.609444,112.595556,-0.0022198879159986,0.0007380796014331281,6.458328425651416e-05
2024-06-12T00:00:00Z,-7.609444,112.595556,-0.0019212079932913,0.000558664498385042,-0.0007778441649861634
2024-06-12T03:00:00Z,-7.609444,112.595556,-0.0016614275518804,0.0003299268137197941,-0.0010506544495001
2024-06-12T06:00:00Z,-7.609444,112.595556,-0.0015963884070515,0.0002736150927376002,-0.001031678635627
2024-06-12T09:00:00Z,-7.609444,112.595556,-0.001656039734371,0.000337773934006691,-0.0008916282095015049
2024-06-12T12:00:00Z,-7.609444,112.595556,-0.001620254246518,0.0003960226604249328,-0.0008733783615753055
2024-06-12T15:00:00Z,-7.609444,112.595556,-0.0014124651206657,0.0003832848160527647,-0.0005310277338139713
2024-06-12T18:00:00Z,-7.609444,112.595556,-0.0011539532570168,0.0003410873468965292,-4.810664904653095e-05
2024-06-12T21:00:00Z,-7.609444,112.595556,-0.0011516902595758,0.00016066613898146898,-8.417932986048982e-05
2024-06-13T00:00:00Z,-7.609444,112.595556,-0.0010895684827119,3.523915438563563e-05,-0.0003906126949004829
2024-06-13T03:00:00Z,-7.609444,112.595556,-0.0008804164244793355,0.0001964446273632348,-0.0006334698409773409
2024-06-13T06:00:00Z,-7.609444,112.595556,-0.000795934465713799,0.0004382264742162079,-0.0007544388063251972
2024-06-13T09:00:00Z,-7.609444,112.595556,-0.000967979314737022,0.0005832151509821415,-0.0008886560099199414
2024-06-13T12:00:00Z,-7.609444,112.595556,-0.0013043177314102,0.0006142431520856917,-0.0008998308330774307
2024-06-13T15:00:00Z,-7.609444,112.595556,-0.0016364604234695,0.0005500890547409654,-0.0006797133246436715
2024-06-13T18:00:00Z,-7.609444,112.595556,-0.0018304937984794,0.0004895178135484457,-9.081324242288248e-05
2024-06-13T21:00:00Z,-7.609444,112.595556,-0.0019205957651138,0.0005333347944542766,0.0006207530968822539
2024-06-14T00:00:00Z,-7.609444,112.595556,-0.0018295884365215,0.0007588671869598329,0.0015395358204841
2024-06-14T03:00:00Z,-7.609444,112.595556,-0.0016473692376166,0.000974144961219281,0.002529939636588
2024-06-14T06:00:00Z,-7.609444,112.595556,-0.0014810535358265,0.0010262614814564,0.0031081463675945
2024-06-14T09:00:00Z,-7.609444,112.595556,-0.001279380521737,0.0009307092404924332,0.0033320416696369
2024-06-14T12:00:00Z,-7.609444,112.595556,-0.0011474875500425,0.0008272115373983979,0.0034053109120577
2024-06-14T15:00:00Z,-7.609444,112.595556,-0.0010970551520586,0.0007737991400063038,0.0033042051363736
2024-06-14T18:00:00Z,-7.609444,112.595556,-0.0009719321969896556,0.0007846071384847164,0.0032267211936414
2024-06-14T21:00:00Z,-7.609444,112.595556,-0.0009680278017185628,0.0009104161872528492,0.0032897570636123
2024-06-15T00:00:00Z,-7.609444,112.595556,-0.0010243593715131,0.0011369012063369,0.0034603003878146
2024-06-15T03:00:00Z,-7.609444,112.595556,-0.0009753048652783036,0.0013221531407907,0.0039717080071568
2024-06-15T06:00:00Z,-7.609444,112.595556,-0.000877603015396744,0.0013273761142045,0.0042091202922165
2024-06-15T09:00:00Z,-7.609444,112.595556,-0.0005873576737940311,0.0012786340666934,0.0041949274018406
2024-06-15T12:00:00Z,-7.609444,112.595556,-0.00013862462947145104,0.001248680637218,0.0043179923668503
2024-06-15T15:00:00Z,-7.609444,112.595556,0.00019821689056698236,0.0011639777803793,0.0042335581965744
2024-06-15T18:00:00Z,-7.609444,112.595556,0.0004246570460963994,0.0010439951438456,0.0037410871591418
2024-06-15T21:00:00Z,-7.609444,112.595556,0.0004832280683331192,0.0009201442589983344,0.0030788348522037
2024-06-16T00:00:00Z,-7.609444,112.595556,0.00043981795897707343,0.0007523178355768323,0.0026226635091006
2024-06-16T03:00:00Z,-7.609444,112.595556,0.00031846732599660754,0.0005798612255603075,0.0026346670929342
2024-06-16T06:00:00Z,-7.609444,112.595556,5.605523620033637e-05,0.0005748709081672132,0.0026430897414684
2024-06-16T09:00:00Z,-7.609444,112.595556,-0.0002660429454408586,0.0006202441290952265,0.0026784422807395
2024-06-16T12:00:00Z,-7.609444,112.595556,-0.0004393768031150103,0.0007231374038383365,0.0027962503954768
2024-06-16T15:00:00Z,-7.609444,112.595556,-0.0004830801044590771,0.0007631877670064569,0.0029492776375263
2024-06-16T18:00:00Z,-7.609444,112.595556,-0.0005256904405541718,0.0006814834196120501,0.0033003506250679
2024-06-16T21:00:00Z,-7.609444,112.595556,-0.000806631869636476,0.0005015898495912552,0.0033795423805713
2024-06-17T00:00:00Z,-7.609444,112.595556,-0.0009557136800140142,0.0003664683608803898,0.0033530998043715
2024-06-17T03:00:00Z,-7.609444,112.595556,-0.0010006114607676,0.00043500479659996927,0.0031569332350045
2024-06-17T06:00:00Z,-7.609444,112.595556,-0.0009603523067198694,0.0007323977770283818,0.0030239527113735
2024-06-17T09:00:00Z,-7.609444,112.595556,-0.0010087841656059,0.0010543565731495,0.0028685533907264
2024-06-17T12:00:00Z,-7.609444,112.595556,-0.0011487581068649,0.0012414583470672,0.0025431809481233
2024-06-17T15:00:00Z,-7.609444,112.595556,-0.0012132063275203,0.0013601100072264,0.0023666031192988
2024-06-17T18:00:00Z,-7.609444,112.595556,-0.0013483865186572,0.0014424478868022,0.0025764696765691
2024-06-17T21:00:00Z,-7.609444,112.595556,-0.0015090069500729,0.0014470438472926,0.002895500510931
2024-06-18T00:00:00Z,-7.609444,112.595556,-0.0014609295176342,0.0015734578482806,0.003431899473071
2024-06-18T03:00:00Z,-7.609444,112.595556,-0.001387491938658,0.001631042920053,0.0036864764988422
2024-06-18T06:00:00Z,-7.609444,112.595556,-0.0013263737782835,0.0015962030738592,0.003542551305145
2024-06-18T09:00:00Z,-7.609444,112.595556,-0.0012881682487204,0.0015225490787997,0.0030450250487774
2024-06-18T12:00:00Z,-7.609444,112.595556,-0.0012645168462768,0.001402708236128,0.0022959753405302
2024-06-18T15:00:00Z,-7.609444,112.595556,-0.0012469153152778,0.0012451863149181,0.0015931125963106
2024-06-18T18:00:00Z,-7.609444,112.595556,-0.0013433618005365,0.0012005739845335,0.0015223890077322
2024-06-18T21:00:00Z,-7.609444,112.595556,-0.0016458492027595,0.0010870088590309,0.0015203844523057
2024-06-19T00:00:00Z,-7.609444,112.595556,-0.0018214500742033,0.0010430096881464,0.0016127038979902
2024-06-19T03:00:00Z,-7.609444,112.595556,-0.0020266138017177,0.0012327374424785,0.0020345062948763
2024-06-19T06:00:00Z,-7.609444,112.595556,-0.0021802133414894,0.0014397816266864,0.002170383464545
2024-06-19T09:00:00Z,-7.609444,112.595556,-0.0021217127796262,0.0015405172016471,0.001981449779123
2024-06-19T12:00:00Z,-7.609444,112.595556,-0.0018855661619454,0.0016260233242064,0.0019809363875538
2024-06-19T15:00:00Z,-7.609444,112.595556,-0.0016276788664981,0.0015891643706709,0.0015903540188446
2024-06-19T18:00:00Z,-7.609444,112.595556,-0.0013859567698091,0.0015380043769255,0.0013301845174282
2024-06-19T21:00:00Z,-7.609444,112.595556,-0.0013611436588689,0.0015150468097999,0.0010043695801869
2024-06-20T00:00:00Z,-7.609444,112.595556,-0.0014785371022298,0.0015769000165164,0.0006522912299260497
2024-06-20T03:00:00Z,-7.609444,112.595556,-0.0016903298674151,0.0017462697578594,0.00013491528807207942
2024-06-20T06:00:00Z,-7.609444,112.595556,-0.0019423171179369,0.0018416092498227,-0.0006217722548171878
2024-06-20T09:00:00Z,-7.609444,112.595556,-0.0020443359389901,0.0018714731559157,-0.0013435876462608
2024-06-20T12:00:00Z,-7.609444,112.595556,-0.0019812618847936,0.0017352871363982,-0.001356549677439
2024-06-20T15:00:00Z,-7.609444,112.595556,-0.0019142460078001,0.0015253815799951,-0.0012473170645534
2024-06-20T18:00:00Z,-7.609444,112.595556,-0.0018830850021913,0.0014354633167386,-0.0009231296135112644
2024-06-20T21:00:00Z,-7.609444,112.595556,-0.0018264992395415,0.0015089900698512,-0.0004647094174288213
2024-06-21T00:00:00Z,-7.609444,112.595556,-0.0018088166834786,0.0016539582284167,-0.0001440079940948635
2024-06-21T03:00:00Z,-7.609444,112.595556,-0.0018923836760222,0.0017024534754455,-2.3847758711781356e-05
2024-06-21T06:00:00Z,-7.609444,112.595556,-0.0020595588721334,0.0016590529121458,0.00015225139213725924
2024-06-21T09:00:00Z,-7.609444,112.595556,-0.0021614602301269,0.001481620944105,0.0001801657781470567
2024-06-21T12:00:00Z,-7.609444,112.595556,-0.0020976939704269,0.0011758276959881,0.00037583496305160224
2024-06-21T15:00:00Z,-7.609444,112.595556,-0.0019475033041089,0.0009230520226992668,0.0006357718375511467
2024-06-21T18:00:00Z,-7.609444,112.595556,-0.0019857040606439,0.0007749642827548087,0.000946397427469492
2024-06-21T21:00:00Z,-7.609444,112.595556,-0.0021947871427983,0.0005824481486342847,0.000937808770686388
2024-06-22T00:00:00Z,-7.609444,112.595556,-0.0021886744070798,0.00047215732047334313,0.0012400835985317
2024-06-22T03:00:00Z,-7.609444,112.595556,-0.0020372348371893,0.0003978111781179905,0.0016358097782358
2024-06-22T06:00:00Z,-7.609444,112.595556,-0.0017541027627885,0.0004416975716594607,0.0018685903633013
2024-06-22T09:00:00Z,-7.609444,112.595556,-0.0014371495926752,0.000432481145253405,0.0016859368188306
2024-06-22T12:00:00Z,-7.609444,112.595556,-0.0010538978967815,0.00037330485065467656,0.0012921069283038
2024-06-22T15:00:00Z,-7.609444,112.595556,-0.0006996585289016366,0.0003415298415347934,0.0007646643207408488
2024-06-22T18:00:00Z,-7.609444,112.595556,-0.0006968274828977883,0.0004049261915497482,0.00044820079347118735
2024-06-22T21:00:00Z,-7.609444,112.595556,-0.0010506784310564,0.00041505153058096766,0.0003028603387065232
2024-06-23T00:00:00Z,-7.609444,112.595556,-0.0013693561777472,0.00034173857420682907,0.0003094303538091481
2024-06-23T03:00:00Z,-7.609444,112.595556,-0.0015427885809913,0.0002336468896828592,0.00026516549405641854
2024-06-23T06:00:00Z,-7.609444,112.595556,-0.0015671044820919,0.00024662938085384667,0.0004542168753687292
2024-06-23T09:00:00Z,-7.609444,112.595556,-0.0014886750141158,0.0003562667116057128,0.0007911105640232563
2024-06-23T12:00:00Z,-7.609444,112.595556,-0.0012811551569029,0.00048802237142808735,0.0007066105608828366
2024-06-23T15:00:00Z,-7.609444,112.595556,-0.0012333508348092,0.0006253633182495832,0.0003250510490033776
2024-06-23T18:00:00Z,-7.609444,112.595556,-0.0011863250983878,0.0007001818157732487,6.238014066184405e-06
2024-06-23T21:00:00Z,-7.609444,112.595556,-0.0013562639942392,0.0006522109033539891,-0.0004970462177880108
2024-06-24T00:00:00Z,-7.609444,112.595556,-0.0014145468594506,0.000601649924647063,-0.0011611783411353
2024-06-24T03:00:00Z,-7.609444,112.595556,-0.0013642144622281,0.0006598167819902301,-0.001287855557166
2024-06-24T06:00:00Z,-7.609444,112.595556,-0.0012325646821409,0.0008483596611768007,-0.0011797497281804
2024-06-24T09:00:00Z,-7.609444,112.595556,-0.0010979217477142,0.000937792647164315,-0.000767041346989572
2024-06-24T12:00:00Z,-7.609444,112.595556,-0.0008917272789403796,0.0007297390839084983,-0.0004958148929290473
2024-06-24T15:00:00Z,-7.609444,112.595556,-0.0007087815320119262,0.0004391956317704171,-0.0004954788601025939
2024-06-24T18:00:00Z,-7.609444,112.595556,-0.00047820157487876713,0.0003236600023228675,-0.0004050584975630045
2024-06-24T21:00:00Z,-7.609444,112.595556,-0.0003770959156099707,0.00025921050109900534,-0.0004093521856702864
2024-06-25T00:00:00Z,-7.609444,112.595556,-0.00024395508808083832,0.00019686132145579904,-0.0004336251295171678
2024-06-25T03:00:00Z,-7.609444,112.595556,-0.00023365266679320484,0.00018515868578106165,-0.0002658153243828565
2024-06-25T06:00:00Z,-7.609444,112.595556,-0.0003363765717949718,5.666113793267869e-05,-0.0004524870309978724
2024-06-25T09:00:00Z,-7.609444,112.595556,-0.0005379028734751046,-8.622191671747714e-05,-0.0004205889417789877
2024-06-25T12:00:00Z,-7.609444,112.595556,-0.000773483538068831,-0.00024189057876355943,-6.239822687348351e-05
2024-06-25T15:00:00Z,-7.609444,112.595556,-0.0010855580912902,-0.00023731136752758172,0.00039700474007986486
2024-06-25T18:00:00Z,-7.609444,112.595556,-0.0013519653584808,-0.0001890930434456095,0.000683262653183192
2024-06-25T21:00:00Z,-7.609444,112.595556,-0.0016205580905079,-6.089711678214371e-05,0.0008414531475864351
2024-06-26T00:00:00Z,-7.609444,112.595556,-0.0018589104292914,6.875439430586994e-05,0.0011462857946753
2024-06-26T03:00:00Z,-7.609444,112.595556,-0.0020921947434544,0.0002586570917628705,0.0016474057920277
2024-06-26T06:00:00Z,-7.609444,112.595556,-0.0021592562552541,0.0004933883319608867,0.0019448602106422
2024-06-26T09:00:00Z,-7.609444,112.595556,-0.0021816627122461,0.0007626205333508551,0.0020366807002574
2024-06-26T12:00:00Z,-7.609444,112.595556,-0.002125462051481,0.0010202602716162,0.0016705569578334
2024-06-26T15:00:00Z,-7.609444,112.595556,-0.0022573927417397,0.0014353002188727,0.0013247889000922
2024-06-26T18:00:00Z,-7.609444,112.595556,-0.0024874717928469,0.001787508605048,0.0010560904629528
2024-06-26T21:00:00Z,-7.609444,112.595556,-0.0028279854450374,0.0018973775440827,0.0006617750623263419
2024-06-27T00:00:00Z,-7.609444,112.595556,-0.0030901110731065,0.0019488404504954,0.0002894154749810696
2024-06-27T03:00:00Z,-7.609444,112.595556,-0.0032700344454497,0.002011185279116,0.00015268236165866256
2024-06-27T06:00:00Z,-7.609444,112.595556,-0.0033231955021619,0.0021899377461522,-4.525319309323095e-05
2024-06-27T09:00:00Z,-7.609444,112.595556,-0.0032166738528758,0.0024740924127399,-0.00014706568617839366
2024-06-27T12:00:00Z,-7.609444,112.595556,-0.0030208160169422,0.0027316871564835,-0.00029779813485220075
2024-06-27T15:00:00Z,-7.609444,112.595556,-0.0028965941164642,0.0029856094624847,-0.0003387727483641356
2024-06-27T18:00:00Z,-7.609444,112.595556,-0.0028687606099992,0.0031669118907302,-0.00042510865023359656
2024-06-27T21:00:00Z,-7.609444,112.595556,-0.0030255352612584,0.0031606566626578,-0.0007163612172007561
2024-06-28T00:00:00Z,-7.609444,112.595556,-0.003015783149749,0.003073826432228,-0.0008981122518889606
2024-06-28T03:00:00Z,-7.609444,112.595556,-0.0029132363852113,0.0029946537688374,-0.0006790797342546284
2024-06-28T06:00:00Z,-7.609444,112.595556,-0.0027534831315279,0.0029072486795485,-0.0003940461028832942
2024-06-28T09:00:00Z,-7.609444,112.595556,-0.0026202884037047,0.0027345709968358,4.721275763586164e-05
2024-06-28T12:00:00Z,-7.609444,112.595556,-0.0024566368665546,0.0025391655508428,0.0002492282656021416
2024-06-28T15:00:00Z,-7.609444,112.595556,-0.0022306994069367,0.0024644548539072,0.0001469151466153562
2024-06-28T18:00:00Z,-7.609444,112.595556,-0.0019024048233404,0.0024632245767861,-0.00014817439659964293
2024-06-28T21:00:00Z,-7.609444,112.595556,-0.0015279764775186,0.0025093292351812,-0.0006500319577753544
2024-06-29T00:00:00Z,-7.609444,112.595556,-0.001002796459943,0.0024366953875869,-0.0010228959145024
2024-06-29T03:00:00Z,-7.609444,112.595556,-0.0005636027199216187,0.0023433989845216,-0.0011162071023136
2024-06-29T06:00:00Z,-7.609444,112.595556,-0.0004039697523694485,0.0021269123535603,-0.0012874921085312
2024-06-29T09:00:00Z,-7.609444,112.595556,-0.0003559088509064168,0.0019621623214334,-0.0014231818495318
2024-06-29T12:00:00Z,-7.609444,112.595556,-0.00020303486962802708,0.00189838942606,-0.001359857735224
2024-06-29T15:00:00Z,-7.609444,112.595556,3.945828939322382e-05,0.0018759468803182,-0.0014203566825017
2024-06-29T18:00:00Z,-7.609444,112.595556,0.00029206869658082724,0.0018833510112017,-0.0012885211035609
2024-06-29T21:00:00Z,-7.609444,112.595556,0.0003430494107306004,0.0017940799007192,-0.0011015912750735
2024-06-30T00:00:00Z,-7.609444,112.595556,0.0004572498728521168,0.0015983185730874,-0.0009277326753363012
2024-06-30T03:00:00Z,-7.609444,112.595556,0.0005421062232926488,0.0014392741722986,-0.0007643271237611771
2024-06-30T06:00:00Z,-7.609444,112.595556,0.0006046481430530548,0.0013149848673492,-0.0006792439380660653
2024-06-30T09:00:00Z,-7.609444,112.595556,0.0006512182299047709,0.0012061052257195,-0.0006299175438471138
2024-06-30T12:00:00Z,-7.609444,112.595556,0.0006103695486672223,0.001089709228836,-0.0007287311600521207
2024-06-30T15:00:00Z,-7.609444,112.595556,0.000492847990244627,0.0009626505780033768,-0.0007877853349782526
2024-06-30T18:00:00Z,-7.609444,112.595556,0.0003490465460345149,0.0008847038843668997,-0.0004681998980231583
2024-06-30T21:00:00Z,-7.609444,112.595556,0.00011959455878240988,0.0006507868529297411,-0.0001334964035777375
2024-07-01T00:00:00Z,-7.609444,112.595556,-0.00016028244863264263,0.00039990071672946215,0.00023166206665337088
2024-07-01T03:00:00Z,-7.609444,112.595556,-0.000408621650421992,0.00023453716130461544,0.0007621304248459637
2024-07-01T06:00:00Z,-7.609444,112.595556,-0.0006784451543353498,0.00010090928117278963,0.0011345677776262
2024-07-01T09:00:00Z,-7.609444,112.595556,-0.0008927476010285318,-7.511791045544669e-05,0.0013089351123198
2024-07-01T12:00:00Z,-7.609444,112.595556,-0.0008835481712594628,-0.00014046723663341254,0.0014234115369617
2024-07-01T15:00:00Z,-7.609444,112.595556,-0.0008295236621052027,-5.863905244041234e-05,0.001522239181213
2024-07-01T18:00:00Z,-7.609444,112.595556,-0.0007468173862434924,0.00016900687478482723,0.0016290594357997
2024-07-01T21:00:00Z,-7.609444,112.595556,-0.0007690610364079475,0.0003905787889380008,0.0013846511719748
2024-07-02T00:00:00Z,-7.609444,112.595556,-0.0007471597054973245,0.0005670848186127841,0.001179625513032
2024-07-02T03:00:00Z,-7.609444,112.595556,-0.0007148968288674951,0.0007279773708432913,0.0010064399102702
2024-07-02T06:00:00Z,-7.609444,112.595556,-0.000746130186598748,0.0009221985237672924,0.0011888202279806
2024-07-02T09:00:00Z,-7.609444,112.595556,-0.0007650559418834746,0.0008599424036219716,0.001175659475848
2024-07-02T12:00:00Z,-7.609444,112.595556,-0.0006757236551493406,0.0007743577589280903,0.0011802606750279
2024-07-02T15:00:00Z,-7.609444,112.595556,-0.0005327963153831661,0.000685008941218257,0.001033512642607
2024-07-02T18:00:00Z,-7.609444,112.595556,-0.00043367044418118894,0.0006489121005870402,0.0007927220431156456
2024-07-02T21:00:00Z,-7.609444,112.595556,-0.00045490291086025536,0.0006329965544864535,-0.00013651823974214494
2024-07-03T00:00:00Z,-7.609444,112.595556,-0.0004238231049384922,0.0005981627618893981,-0.0008096072706393898
2024-07-03T03:00:00Z,-7.609444,112.595556,-0.0005273000570014119,0.0003982520720455796,-0.0013479111948981
2024-07-03T06:00:00Z,-7.609444,112.595556,-0.0007265062304213643,0.00026742988848127425,-0.0018007498001679
2024-07-03T09:00:00Z,-7.609444,112.595556,-0.0009329000022262336,0.00017357824253849685,-0.0020658893045037
2024-07-03T12:00:00Z,-7.609444,112.595556,-0.0011854449985548,-8.009173143364023e-06,-0.0022437972947955
2024-07-03T15:00:00Z,-7.609444,112.595556,-0.0014073476195335,-0.00013675684749614447,-0.002340214094147
2024-07-03T18:00:00Z,-7.609444,112.595556,-0.0015552315162494,-0.00013265860616229477,-0.0021912790834903
2024-07-03T21:00:00Z,-7.609444,112.595556,-0.0016696004895493,-0.00018429102783557028,-0.0021470161154866
2024-07-04T00:00:00Z,-7.609444,112.595556,-0.0016594688640907,-0.00022893532877787948,-0.0017990890191867
2024-07-04T03:00:00Z,-7.609444,112.595556,-0.001692674239166,-0.0003438583225943148,-0.0015542522305622
2024-07-04T06:00:00Z,-7.609444,112.595556,-0.0017015208723023,-0.0005050108302384615,-0.0015702457167208
2024-07-04T09:00:00Z,-7.609444,112.595556,-0.0015050949295982,-0.0006296108476817608,-0.0015033551026135
2024-07-04T12:00:00Z,-7.609444,112.595556,-0.0013063136721029,-0.0006329726311378181,-0.000988126965239644
2024-07-04T15:00:00Z,-7.609444,112.595556,-0.0011429557343944,-0.0006539247697219253,-0.0003556752926670015
2024-07-04T18:00:00Z,-7.609444,112.595556,-0.0009807554306462407,-0.0005907220183871686,0.00017111716442741454
2024-07-04T21:00:00Z,-7.609444,112.595556,-0.0008564309682697058,-0.0004740837030112744,0.0003815195814240724
2024-07-05T00:00:00Z,-7.609444,112.595556,-0.0005858899676240981,-0.00038861948996782303,0.0006554692517966032
2024-07-05T03:00:00Z,-7.609444,112.595556,-0.000405807513743639,-0.0004414284485392273,0.0008488246821798384
2024-07-05T06:00:00Z,-7.609444,112.595556,-0.00021984647901263088,-0.0005293769063428044,0.0006505948840640485
2024-07-05T09:00:00Z,-7.609444,112.595556,1.963313297892455e-05,-0.0007039910997264087,0.000528950709849596
2024-07-05T12:00:00Z,-7.609444,112.595556,0.0002764511154964566,-0.0007530678994953632,0.0007378991576842964
2024-07-05T15:00:00Z,-7.609444,112.595556,0.0004506596014834941,-0.0005952268838882446,0.0010673047509044
2024-07-05T18:00:00Z,-7.609444,112.595556,0.0006439350545406342,-0.0002963065926451236,0.0012562591582536
2024-07-05T21:00:00Z,-7.609444,112.595556,0.0007898823823779821,-0.00012426571629475802,0.001195176038891
2024-07-06T00:00:00Z,-7.609444,112.595556,0.0010637283558025,-6.251859304029495e-05,0.0012314843479543
2024-07-06T03:00:00Z,-7.609444,112.595556,0.0011626068735495,-1.7882375686895102e-05,0.0011952351778745
2024-07-06T06:00:00Z,-7.609444,112.595556,0.0011993540683761,2.37425174418604e-05,0.0010946254478767
2024-07-06T09:00:00Z,-7.609444,112.595556,0.0011160790454596,2.1812686100020077e-05,0.0010161161189898
2024-07-06T12:00:00Z,-7.609444,112.595556,0.0010965812252834,3.11338844767306e-05,0.0011146105825901
2024-07-06T15:00:00Z,-7.609444,112.595556,0.001092912396416,0.00010239277617074548,0.0016175338532775
2024-07-06T18:00:00Z,-7.609444,112.595556,0.001004549791105,0.00021599467436317357,0.002053853822872
2024-07-06T21:00:00Z,-7.609444,112.595556,0.0008400005172006786,0.00014366561663337052,0.0021181006450206
2024-07-07T00:00:00Z,-7.609444,112.595556,0.0008973346557468176,9.72243506112136e-05,0.0018850683700293
2024-07-07T03:00:00Z,-7.609444,112.595556,0.0008313184953294694,0.00015500526933465153,0.0016472493298351
2024-07-07T06:00:00Z,-7.609444,112.595556,0.0008167562773451209,0.0002483162388671189,0.0012755400966852
2024-07-07T09:00:00Z,-7.609444,112.595556,0.0006975926808081567,0.00024450672208331525,0.0010887816315516
2024-07-07T12:00:00Z,-7.609444,112.595556,0.0004808877420146018,0.00021988524531479925,0.0013573847245424
2024-07-07T15:00:00Z,-7.609444,112.595556,0.00023464513651560992,0.00016244557627942413,0.0018668810371309
2024-07-07T18:00:00Z,-7.609444,112.595556,4.618934781319695e-06,0.00030091157532297075,0.0026863364037126
2024-07-07T21:00:00Z,-7.609444,112.595556,-0.0003880642761941999,0.0005189346265979111,0.0033080272842198
2024-07-08T00:00:00Z,-7.609444,112.595556,-0.0007083351374603808,0.0007399606402032077,0.0037991784047335
2024-07-08T03:00:00Z,-7.609444,112.595556,-0.0010731298243626,0.0008891107281669974,0.0041697588749229
2024-07-08T06:00:00Z,-7.609444,112.595556,-0.0013632000191137,0.000943758524954319,0.0041670305654406
2024-07-08T09:00:00Z,-7.609444,112.595556,-0.0017102083656936,0.0008874291670508683,0.0039756125770509
2024-07-08T12:00:00Z,-7.609444,112.595556,-0.0019114830065518,0.000673967762850225,0.0037357877008616
2024-07-08T15:00:00Z,-7.609444,112.595556,-0.0020087733864784,0.0004076150071341544,0.0035194687079638
2024-07-08T18:00:00Z,-7.609444,112.595556,-0.0021093229297548,0.0002558359410613775,0.0034020745661109
2024-07-08T21:00:00Z,-7.609444,112.595556,-0.0023142469581216,0.00013643797137774527,0.0031721796840429
2024-07-09T00:00:00Z,-7.609444,112.595556,-0.0023525438737124,-2.8870297683170065e-05,0.0029019294306635
2024-07-09T03:00:00Z,-7.609444,112.595556,-0.00231833034195,-0.00025547127006575465,0.0025996577460318
2024-07-09T06:00:00Z,-7.609444,112.595556,-0.0021728021092712,-0.0003963035123888403,0.0022002572659403
2024-07-09T09:00:00Z,-7.609444,112.595556,-0.0020184065215289,-0.0005175268743187189,0.0018476208206266
2024-07-09T12:00:00Z,-7.609444,112.595556,-0.001825991901569,-0.0007799958693794906,0.0014650883385911
2024-07-09T15:00:00Z,-7.609444,112.595556,-0.0018123728223145,-0.0010295751271769,0.0010966475820168
2024-07-09T18:00:00Z,-7.609444,112.595556,-0.0018455690005794,-0.0012298891087993,0.0009043194004334508
2024-07-09T21:00:00Z,-7.609444,112.595556,-0.001995681785047,-0.0015388308092951,0.000349492795066908
2024-07-10T00:00:00Z,-7.609444,112.595556,-0.0018902599113062,-0.0018331782193854,-0.0003652869781944901
2024-07-10T03:00:00Z,-7.609444,112.595556,-0.0019402067409828,-0.0019793852698057,-0.000728205603081733
2024-07-10T06:00:00Z,-7.609444,112.595556,-0.0020273039117455,-0.0019998829811811,-0.0010747956112027
2024-07-10T09:00:00Z,-7.609444,112.595556,-0.0020666299387812,-0.0019729377236217,-0.0018972225952893
2024-07-10T12:00:00Z,-7.609444,112.595556,-0.0018700370565056,-0.0018897200934588,-0.0026084363926202
2024-07-10T15:00:00Z,-7.609444,112.595556,-0.0015905700856819,-0.0017842313973233,-0.0028304546140134
2024-07-10T18:00:00Z,-7.609444,112.595556,-0.0014377357438206,-0.001679315813817,-0.0029727693181484
2024-07-10T21:00:00Z,-7.609444,112.595556,-0.0014232128160074,-0.0015795211074873,-0.0031142053194344
2024-07-11T00:00:00Z,-7.609444,112.595556,-0.0014000383671373,-0.0014145851600915,-0.0030405896250158
2024-07-11T03:00:00Z,-7.609444,112.595556,-0.0013898792676627,-0.0011333746369928,-0.0025994365569204
2024-07-11T06:00:00Z,-7.609444,112.595556,-0.001255719223991,-0.000901650870218873,-0.0020476963836699
2024-07-11T09:00:00Z,-7.609444,112.595556,-0.0011252900585532,-0.0008760077180340886,-0.0015249947318807
2024-07-11T12:00:00Z,-7.609444,112.595556,-0.0008935019723139703,-0.0009684262331575156,-0.0008867811411619186
2024-07-11T15:00:00Z,-7.609444,112.595556,-0.0006627034163102508,-0.0011006314307451,-0.0003490140661597252
2024-07-11T18:00:00Z,-7.609444,112.595556,-0.00046053604455664754,-0.001202012063004,0.00021820257825311276
2024-07-11T21:00:00Z,-7.609444,112.595556,-0.00034261445398442447,-0.0013577383942902,0.0006242084200493991
2024-07-12T00:00:00Z,-7.609444,112.595556,-0.0001238067779922858,-0.0014753611758351,0.0008198240539059043
2024-07-12T03:00:00Z,-7.609444,112.595556,-0.0001167192021966912,-0.0015950878150761,0.0009875859832391145
2024-07-12T06:00:00Z,-7.609444,112.595556,-0.00012240855721756816,-0.0016783236060291,0.0008426179410889745
2024-07-12T09:00:00Z,-7.609444,112.595556,-0.00011477543012006208,-0.0017683325568214,0.00035612034844234586
2024-07-12T12:00:00Z,-7.609444,112.595556,-2.4382712581427768e-05,-0.0017513075144961,0.00024242843210231515
2024-07-12T15:00:00Z,-7.609444,112.595556,2.832918835338205e-05,-0.0014769887784495,0.0001757194841047749
2024-07-12T18:00:00Z,-7.609444,112.595556,0.00012686036643572152,-0.0012459572171792,0.0001796046708477661
2024-07-12T21:00:00Z,-7.609444,112.595556,0.0001540885859867558,-0.0010462175123393,0.000183380616363138
2024-07-13T00:00:00Z,-7.609444,112.595556,0.0002225845237262547,-0.0010438645258545,0.00014025518612470478
2024-07-13T03:00:00Z,-7.609444,112.595556,0.00023302446061279625,-0.0011007115244865,0.0002405052364338189
2024-07-13T06:00:00Z,-7.609444,112.595556,0.00025169801665470004,-0.0011073693167418,0.0001342994364676997
2024-07-13T09:00:00Z,-7.609444,112.595556,0.00022069993428885937,-0.0012042315211147,-0.0005636978894472122
2024-07-13T12:00:00Z,-7.609444,112.595556,0.00017994419613387436,-0.0013713458320125,-0.0010595961939543
2024-07-13T15:00:00Z,-7.609444,112.595556,0.00015077742864377797,-0.0014915973879396,-0.0013593718176707
2024-07-13T18:00:00Z,-7.609444,112.595556,7.455304148606956e-05,-0.0016005630604922,-0.0013436343288049
2024-07-13T21:00:00Z,-7.609444,112.595556,-0.00017688560183160007,-0.0016796351410448,-0.0013089143903926
2024-07-14T00:00:00Z,-7.609444,112.595556,-0.00032505139824934304,-0.0018443776061758,-0.0012069020885974
2024-07-14T03:00:00Z,-7.609444,112.595556,-0.00045639477320946753,-0.0020172593649476,-0.0012565905926749
2024-07-14T06:00:00Z,-7.609444,112.595556,-0.0004746675258502364,-0.0020339183975011,-0.0015589748509228
2024-07-14T09:00:00Z,-7.609444,112.595556,-0.000463175616459921,-0.002013687044382,-0.0020182474981993
2024-07-14T12:00:00Z,-7.609444,112.595556,-0.0003261436359025538,-0.0018953597173094,-0.0018070719670504
2024-07-14T15:00:00Z,-7.609444,112.595556,-0.00014833550085313618,-0.0018132539698854,-0.0015929884975776
2024-07-14T18:00:00Z,-7.609444,112.595556,1.114521273848368e-05,-0.0017332443967461,-0.0014738760655745
2024-07-14T21:00:00Z,-7.609444,112.595556,0.0002338443446205929,-0.0016141289379447,-0.0016898504691198
2024-07-15T00:00:00Z,-7.609444,112.595556,0.0005529301706701517,-0.0014997720718383,-0.0015575716970488
2024-07-15T03:00:00Z,-7.609444,112.595556,0.0007775321719236672,-0.0014163985615596,-0.001251996261999
2024-07-15T06:00:00Z,-7.609444,112.595556,0.000943932100199163,-0.001327107544057,-0.001212919363752
2024-07-15T09:00:00Z,-7.609444,112.595556,0.0011197993298992,-0.0014466377906501,-0.0014429269358515
2024-07-15T12:00:00Z,-7.609444,112.595556,0.0014589980710297,-0.0016307651530951,-0.0016522773075848
2024-07-15T15:00:00Z,-7.609444,112.595556,0.0017938397359102,-0.0018269167048856,-0.0019721495918929
2024-07-15T18:00:00Z,-7.609444,112.595556,0.0020100625697523,-0.0018225808162242,-0.0022479824256151
2024-07-15T21:00:00Z,-7.609444,112.595556,0.002024904359132,-0.0016677676467224,-0.0024626106023788
2024-07-16T00:00:00Z,-7.609444,112.595556,0.002071360591799,-0.0014745882945135,-0.0025573023594915
2024-07-16T03:00:00Z,-7.609444,112.595556,0.002011498901993,-0.0013094076421111,-0.0024805925786495
2024-07-16T06:00:00Z,-7.609444,112.595556,0.0018817557720467,-0.0011541994754225,-0.0023356676101684
2024-07-16T09:00:00Z,-7.609444,112.595556,0.0017759701004251,-0.001120435539633,-0.0021295344922691
2024-07-16T12:00:00Z,-7.609444,112.595556,0.0017090087058022,-0.0010252454085275,-0.0013417759910225
2024-07-16T15:00:00Z,-7.609444,112.595556,0.0017720183823257,-0.0009831063216552138,-0.0007303720340132713
2024-07-16T18:00:00Z,-7.609444,112.595556,0.0018330154707655,-0.0008377745398320258,-4.126509520574473e-05
2024-07-16T21:00:00Z,-7.609444,112.595556,0.0017295859288424,-0.0006269531440921128,0.0002880514948628843
2024-07-17T00:00:00Z,-7.609444,112.595556,0.0017424967372789,-0.00042680586921051145,0.0002728672116063535
2024-07-17T03:00:00Z,-7.609444,112.595556,0.0016831263201311,-0.0002960892452392727,0.00019677977252285928
2024-07-17T06:00:00Z,-7.609444,112.595556,0.0016005914658308,-0.00015484733739867806,-0.00029334911960177124
2024-07-17T09:00:00Z,-7.609444,112.595556,0.0015447285259142,-0.00015440913557540625,-0.0010162669932469
2024-07-17T12:00:00Z,-7.609444,112.595556,0.0013766718329861,-0.00012808623432647437,-0.0012933976249769
2024-07-17T15:00:00Z,-7.609444,112.595556,0.0011633901158347,-0.00018227782857138664,-0.0015531841199845
2024-07-17T18:00:00Z,-7.609444,112.595556,0.0009606143576093018,-0.0002991630753967911,-0.00144720566459
2024-07-17T21:00:00Z,-7.609444,112.595556,0.0007201555999927223,-0.0004443507932592184,-0.001040231436491
2024-07-18T00:00:00Z,-7.609444,112.595556,0.0005054344073869288,-0.000476043380331248,-0.0003619255148805678
2024-07-18T03:00:00Z,-7.609444,112.595556,0.00035052376915700734,-0.00031638468499295413,0.00047312641981989145
2024-07-18T06:00:00Z,-7.609444,112.595556,0.00020922633120790124,3.719372762134299e-05,0.0010293504456058
2024-07-18T09:00:00Z,-7.609444,112.595556,0.00014968356117606163,0.0002326999529032037,0.0011467224685475
2024-07-18T12:00:00Z,-7.609444,112.595556,8.947759488364682e-05,0.0002601281739771366,0.0013976203044876
2024-07-18T15:00:00Z,-7.609444,112.595556,-6.923650653334334e-05,6.325184222077951e-05,0.0019303723238408
2024-07-18T18:00:00Z,-7.609444,112.595556,-0.0004045708628837019,-0.000290422176476568,0.002676406642422
2024-07-18T21:00:00Z,-7.609444,112.595556,-0.0007294045062735677,-0.0007082191295921803,0.0032305263448506
2024-07-19T00:00:00Z,-7.609444,112.595556,-0.0009543221676722168,-0.000906428263988346,0.0038814644794911
2024-07-19T03:00:00Z,-7.609444,112.595556,-0.0011720047332346,-0.0009612897993065416,0.0043796100653707
2024-07-19T06:00:00Z,-7.609444,112.595556,-0.0013985401019454,-0.0009295459021814167,0.0042366599664092
2024-07-19T09:00:00Z,-7.609444,112.595556,-0.0015035826945677,-0.0008749154512770474,0.0034898042213171
2024-07-19T12:00:00Z,-7.609444,112.595556,-0.0014732222771272,-0.0008143143495544791,0.0030114932451397
2024-07-19T15:00:00Z,-7.609444,112.595556,-0.0014180465368553,-0.0007753285462968051,0.0027358452789485
2024-07-19T18:00:00Z,-7.609444,112.595556,-0.0015086060157045,-0.000736474059522152,0.0025370405055582
2024-07-19T21:00:00Z,-7.609444,112.595556,-0.0016467195237055,-0.0008100161794573069,0.0022826844360679
2024-07-20T00:00:00Z,-7.609444,112.595556,-0.0017651856178417,-0.0009829276241362097,0.0018350476166233
2024-07-20T03:00:00Z,-7.609444,112.595556,-0.0019311776850372,-0.0010657320963218,0.0015007914043962
2024-07-20T06:00:00Z,-7.609444,112.595556,-0.0022203519474714,-0.0011114228982478,0.0013624029234051
2024-07-20T09:00:00Z,-7.609444,112.595556,-0.0025142810773104,-0.001077351742424,0.0010679619153961
2024-07-20T12:00:00Z,-7.609444,112.595556,-0.0027539115399122,-0.0009580075275152922,0.0008887735311873257
2024-07-20T15:00:00Z,-7.609444,112.595556,-0.0028771182987838,-0.0008150759385898709,0.0007324343314394355
2024-07-20T18:00:00Z,-7.609444,112.595556,-0.0029907913412898,-0.0006831966456957161,0.0007795686833560467
2024-07-20T21:00:00Z,-7.609444,112.595556,-0.003184420755133,-0.0007953463937155902,0.0008578189299441874
2024-07-21T00:00:00Z,-7.609444,112.595556,-0.0032201397698372,-0.0009623361984267832,0.0006228116108104587
2024-07-21T03:00:00Z,-7.609444,112.595556,-0.0033070610370486,-0.0011563330190256,0.0005608910578303039
2024-07-21T06:00:00Z,-7.609444,112.595556,-0.0033512341324239,-0.0013772225938737,0.0003870376385748386
2024-07-21T09:00:00Z,-7.609444,112.595556,-0.0033447339665144,-0.0015710691222921,3.193703378201462e-05
2024-07-21T12:00:00Z,-7.609444,112.595556,-0.0033981297165155,-0.0017032244941219,-9.932749526342376e-05
2024-07-21T15:00:00Z,-7.609444,112.595556,-0.003437100443989,-0.0016702018911018,-0.00013116272748447955
2024-07-21T18:00:00Z,-7.609444,112.595556,-0.0033337576314806,-0.0015753804473206,-5.579898424912244e-05
2024-07-21T21:00:00Z,-7.609444,112.595556,-0.00328812119551,-0.0016577342757955,-0.000255308928899467
2024-07-22T00:00:00Z,-7.609444,112.595556,-0.0030625739600509,-0.001766426838003,-0.0003030502703040838
2024-07-22T03:00:00Z,-7.609444,112.595556,-0.0026942854747176,-0.0017115895170718,-0.0002255695580970496
2024-07-22T06:00:00Z,-7.609444,112.595556,-0.0022293492220342,-0.0015604835934937,-4.424223152454943e-05
2024-07-22T09:00:00Z,-7.609444,112.595556,-0.0017418182687833,-0.0014438995858654,-0.0003769455070141703
2024-07-22T12:00:00Z,-7.609444,112.595556,-0.0010603890987113,-0.0015035162214189,-0.000974129361566156
2024-07-22T15:00:00Z,-7.609444,112.595556,-0.0003620178904384375,-0.001529837376438,-0.0013861891347914
2024-07-22T18:00:00Z,-7.609444,112.595556,0.0003143190988339484,-0.0015211214777082,-0.0016253446228802
2024-07-22T21:00:00Z,-7.609444,112.595556,0.0008797735790722072,-0.0014266144717112,-0.001744195818901
2024-07-23T00:00:00Z,-7.609444,112.595556,0.001477557234466,-0.0013651404296979,-0.0016267420724034
2024-07-23T03:00:00Z,-7.609444,112.595556,0.0021280825603753,-0.0013291080249473,-0.0014956342056393
2024-07-23T06:00:00Z,-7.609444,112.595556,0.002710570115596,-0.0013423371128737,-0.0010772383539006
2024-07-23T09:00:00Z,-7.609444,112.595556,0.0030284316744655,-0.0013844467466697,-0.0005643150652758777
2024-07-23T12:00:00Z,-7.609444,112.595556,0.0031995140016078,-0.001535277464427,0.00015072668611537665
2024-07-23T15:00:00Z,-7.609444,112.595556,0.0032942090183496,-0.0016431245021522,0.000600559520535171
2024-07-23T18:00:00Z,-7.609444,112.595556,0.0035022213123738,-0.001631703460589,0.0008003695402294397
2024-07-23T21:00:00Z,-7.609444,112.595556,0.0035689617507159,-0.0015367893502116,0.001198892830871
2024-07-24T00:00:00Z,-7.609444,112.595556,0.0035389817785471,-0.0014725063228979,0.0016411268152296
2024-07-24T03:00:00Z,-7.609444,112.595556,0.0033966568298637,-0.0014226133935153,0.0018314828630536
2024-07-24T06:00:00Z,-7.609444,112.595556,0.0032804377842694,-0.0014034294290468,0.0018888509366661
2024-07-24T09:00:00Z,-7.609444,112.595556,0.0031670765019953,-0.0013949058484286,0.0019357957644388
2024-07-24T12:00:00Z,-7.609444,112.595556,0.0030151600949466,-0.0012945511844009,0.0023130469489842
2024-07-24T15:00:00Z,-7.609444,112.595556,0.0028392041567713,-0.0009714695625007151,0.0026016640476882
2024-07-24T18:00:00Z,-7.609444,112.595556,0.0026485722046345,-0.0007263154839165509,0.0024572818074375
2024-07-24T21:00:00Z,-7.609444,112.595556,0.002443327801302,-0.0006358841783367097,0.0021439150441437
2024-07-25T00:00:00Z,-7.609444,112.595556,0.0021400242112576,-0.0006983188795857131,0.0019744208548218
2024-07-25T03:00:00Z,-7.609444,112.595556,0.0016873595304787,-0.0007797160651534796,0.0017891146708279
2024-07-25T06:00:00Z,-7.609444,112.595556,0.0011014081537723,-0.000824459595605731,0.0014192216331139
2024-07-25T09:00:00Z,-7.609444,112.595556,0.0004303922760300338,-0.0009052252280525864,0.0008884172420948744
2024-07-25T12:00:00Z,-7.609444,112.595556,-0.00017868127906695008,-0.0010632646735757,0.0004979235818609595
2024-07-25T15:00:00Z,-7.609444,112.595556,-0.0008050464675761759,-0.0011941149132326,0.0004748330684378743
2024-07-25T18:00:00Z,-7.609444,112.595556,-0.0013415075372904,-0.0012968133669346,0.0005715132574550807
2024-07-25T21:00:00Z,-7.609444,112.595556,-0.0018005428137257,-0.0013144888216629,0.0006584650254808366
2024-07-26T00:00:00Z,-7.609444,112.595556,-0.002024934394285,-0.0012941139284521,0.0007090209401212633
2024-07-26T03:00:00Z,-7.609444,112.595556,-0.0020272457040846,-0.00113327417057,0.000693756272085011
2024-07-26T06:00:00Z,-7.609444,112.595556,-0.001963377231732,-0.0007847525994293392,0.000679117685649544
2024-07-26T09:00:00Z,-7.609444,112.595556,-0.0017540088156238,-0.0005652629770338535,0.0004350422823335976
2024-07-26T12:00:00Z,-7.609444,112.595556,-0.0014190400252118,-0.0004985956475138664,0.0005017637740820646
2024-07-26T15:00:00Z,-7.609444,112.595556,-0.0011190585792064,-0.0005089461337774992,0.0008489194442518055
2024-07-26T18:00:00Z,-7.609444,112.595556,-0.0008786363177932799,-0.0006090529495850205,0.0010775817791
2024-07-26T21:00:00Z,-7.609444,112.595556,-0.0006489138468168676,-0.0006862075533717871,0.0006272384780459106
2024-07-27T00:00:00Z,-7.609444,112.595556,-0.0002000808744924143,-0.0008596961270086467,0.00024002122518140823
2024-07-27T03:00:00Z,-7.609444,112.595556,7.201122934930027e-05,-0.0010543464450165,0.00021087407367303967
2024-07-27T06:00:00Z,-7.609444,112.595556,0.00022709954646416008,-0.0012221781071275,0.00023345362569671124
2024-07-27T09:00:00Z,-7.609444,112.595556,0.0003847424231935293,-0.0014764949446544,-9.60097022471018e-05
2024-07-27T12:00:00Z,-7.609444,112.595556,0.0007401665206998587,-0.0015680036740377,0.00012547409278340638
2024-07-27T15:00:00Z,-7.609444,112.595556,0.0011641411110758,-0.001394216902554,0.0005683685303665698
2024-07-27T18:00:00Z,-7.609444,112.595556,0.0014997131656855,-0.0011684849159792,0.001065005431883
2024-07-27T21:00:00Z,-7.609444,112.595556,0.0015556190628558,-0.000984967453405261,0.0012510911328718
2024-07-28T00:00:00Z,-7.609444,112.595556,0.0016988342395052,-0.0009581782505847514,0.0013135689077898
2024-07-28T03:00:00Z,-7.609444,112.595556,0.0017132518114522,-0.0010534959146752,0.0016153374454006
2024-07-28T06:00:00Z,-7.609444,112.595556,0.0015010137576609,-0.0013722513103857,0.0018907645717263
2024-07-28T09:00:00Z,-7.609444,112.595556,0.0011530314804986,-0.0017129410989582,0.0019363755127415
2024-07-28T12:00:00Z,-7.609444,112.595556,0.0008335172315128148,-0.0018567228689789,0.0024400961119681
2024-07-28T15:00:00Z,-7.609444,112.595556,0.0005490349722094834,-0.0018545495113357,0.0030959832947701
2024-07-28T18:00:00Z,-7.609444,112.595556,0.0002130154462065548,-0.0019359426805749,0.0035813236609101
2024-07-28T21:00:00Z,-7.609444,112.595556,-0.0003689305449370295,-0.002191083272919,0.0035011756699532
2024-07-29T00:00:00Z,-7.609444,112.595556,-0.0009359470568597316,-0.0023984818253666,0.0033384538255631
2024-07-29T03:00:00Z,-7.609444,112.595556,-0.001356117776595,-0.0025176245253533,0.0033132322132587
2024-07-29T06:00:00Z,-7.609444,112.595556,-0.001704013091512,-0.0025501225609332,0.0032583472784608
2024-07-29T09:00:00Z,-7.609444,112.595556,-0.0020303281489759,-0.0025201144162565,0.0029827426187694
2024-07-29T12:00:00Z,-7.609444,112.595556,-0.0022682803682982,-0.0024125492200255,0.003105527954176
2024-07-29T15:00:00Z,-7.609444,112.595556,-0.0024107135832309,-0.0023974736686795,0.0029762173071503
2024-07-29T18:00:00Z,-7.609444,112.595556,-0.0024029500782489,-0.0024867327883839,0.002671884605661
2024-07-29T21:00:00Z,-7.609444,112.595556,-0.0024294178001582,-0.0025932451244443,0.0021102344617247
2024-07-30T00:00:00Z,-7.609444,112.595556,-0.0024440647102892,-0.0027441354468464,0.0015701798256486
2024-07-30T03:00:00Z,-7.609444,112.595556,-0.0023955530487,-0.0029137514065951,0.000997467199340463
2024-07-30T06:00:00Z,-7.609444,112.595556,-0.0022510129492729,-0.002995372749865,0.0005014548078179359
2024-07-30T09:00:00Z,-7.609444,112.595556,-0.002128119347617,-0.0030293245799839,-9.389605838805436e-05
2024-07-30T12:00:00Z,-7.609444,112.595556,-0.0019767733756452,-0.0029793276917189,-0.0004055532335769385
2024-07-30T15:00:00Z,-7.609444,112.595556,-0.0017854571342468,-0.0028866534121334,-0.0006113249692134559
2024-07-30T18:00:00Z,-7.609444,112.595556,-0.0014956892700865,-0.0026502022519707,-0.0010633285855874
2024-07-30T21:00:00Z,-7.609444,112.595556,-0.0011952474014833,-0.0023810849525034,-0.0015413004439324
2024-07-31T00:00:00Z,-7.609444,112.595556,-0.0008777381735853851,-0.0020919819362461,-0.0013725630706176
2024-07-31T03:00:00Z,-7.609444,112.595556,-0.0006867729243822396,-0.0019495401065796,-0.0012526391074061
2024-07-31T06:00:00Z,-7.609444,112.595556,-0.0005576230469159782,-0.0018750873859971,-0.0012733227340504
2024-07-31T09:00:00Z,-7.609444,112.595556,-0.0003264930855948478,-0.0018501493614166,-0.0012813970679417
2024-07-31T12:00:00Z,-7.609444,112.595556,4.515399268711917e-05,-0.0018137845909222,-0.000939329678658396
2024-07-31T15:00:00Z,-7.609444,112.595556,0.0003822220023721457,-0.0017431714804843,-0.0005351323052309453
2024-07-31T18:00:00Z,-7.609444,112.595556,0.0007402804912999272,-0.0016858911840245,-0.0005473991041071713
2024-07-31T21:00:00Z,-7.609444,112.595556,0.0010176659561693,-0.0016081205103546,-0.0007590755703859031
2024-08-01T00:00:00Z,-7.609444,112.595556,0.0012593410210683,-0.0014949325704947,-0.00045473556383512914
2024-08-01T03:00:00Z,-7.609444,112.595556,0.0011834586039185,-0.0014014448970556,-0.00042519759153947234
2024-08-01T06:00:00Z,-7.609444,112.595556,0.0009361219708807766,-0.0012747892178595,-0.0006101958570070565
2024-08-01T09:00:00Z,-7.609444,112.595556,0.0007333678076975048,-0.0011162083828821,-0.0008200868032872677
2024-08-01T12:00:00Z,-7.609444,112.595556,0.0006528352969326079,-0.0009692722815088928,-0.0004007299430668354
2024-08-01T15:00:00Z,-7.609444,112.595556,0.000418984069256112,-0.0010148286819458,-0.00012420392886269838
2024-08-01T18:00:00Z,-7.609444,112.595556,5.229208181845024e-05,-0.0011859370861202,6.322118861135095e-05
2024-08-01T21:00:00Z,-7.609444,112.595556,-0.00042343171662651,-0.0013419584138318,4.928821726934984e-05
2024-08-02T00:00:00Z,-7.609444,112.595556,-0.0007026639068499207,-0.001411204226315,0.0002592469390947372
2024-08-02T03:00:00Z,-7.609444,112.595556,-0.0009274521144106984,-0.0013851302210241,0.0003360277332831174
2024-08-02T06:00:00Z,-7.609444,112.595556,-0.0012231891741976,-0.0013032467104494,0.0001872146676760167
2024-08-02T09:00:00Z,-7.609444,112.595556,-0.0014484096318483,-0.0010627618758007,-7.996999192982912e-05
2024-08-02T12:00:00Z,-7.609444,112.595556,-0.0016259046969935,-0.0007645018631592393,-4.893687946605496e-05
2024-08-02T15:00:00Z,-7.609444,112.595556,-0.0018679369240999,-0.0005077272653579712,-0.00025964100495912135
2024-08-02T18:00:00Z,-7.609444,112.595556,-0.0022092522121965,-0.0003325401630718261,-0.0006331318872980773
2024-08-02T21:00:00Z,-7.609444,112.595556,-0.0026775717269629,-0.0002650897949934006,-0.0012342747068032
2024-08-03T00:00:00Z,-7.609444,112.595556,-0.0029113180935382,-0.00023130173212848604,-0.0013310499489307
2024-08-03T03:00:00Z,-7.609444,112.595556,-0.0030504663009196,-0.00023095788492355496,-0.0011992768850177
2024-08-03T06:00:00Z,-7.609444,112.595556,-0.0031394239049404,-0.0001897811162052676,-0.0005625252379104495
2024-08-03T09:00:00Z,-7.609444,112.595556,-0.0033078819978982,-5.397573113441467e-05,4.919130515190773e-05
2024-08-03T12:00:00Z,-7.609444,112.595556,-0.0033968528732657,0.00015168199024628848,0.0003457360726315528
2024-08-03T15:00:00Z,-7.609444,112.595556,-0.0033651555422693,0.0003128623648080975,0.0002496244851499796
2024-08-03T18:00:00Z,-7.609444,112.595556,-0.0032865994144231,0.0004732797096949071,9.578259050613268e-05
2024-08-03T21:00:00Z,-7.609444,112.595556,-0.0033591540995985,0.0004158946685492992,-6.117367593105882e-05
2024-08-04T00:00:00Z,-7.609444,112.595556,-0.0033246732782572,0.0001990611053770408,0.00025609228760004044
2024-08-04T03:00:00Z,-7.609444,112.595556,-0.0032955205533653,-4.543529939837754e-05,0.0008573866216465831
2024-08-04T06:00:00Z,-7.609444,112.595556,-0.0032387657556682,-0.00025233946507796645,0.001537803094834
2024-08-04T09:00:00Z,-7.609444,112.595556,-0.003167534712702,-0.0002513611107133329,0.0021557426080107
2024-08-04T12:00:00Z,-7.609444,112.595556,-0.0030522758606821,-0.0002417742944089696,0.0028781911823898
2024-08-04T15:00:00Z,-7.609444,112.595556,-0.0028453432023525,-0.0002499094989616424,0.0032162335701286
2024-08-04T18:00:00Z,-7.609444,112.595556,-0.0025588939897716,-0.00036155388806946576,0.0035322313196957
2024-08-04T21:00:00Z,-7.609444,112.595556,-0.0022538532502949,-0.0005714889848604798,0.0035395117010921
2024-08-05T00:00:00Z,-7.609444,112.595556,-0.0019483098294585,-0.0007664720178581774,0.0034527366515249
2024-08-05T03:00:00Z,-7.609444,112.595556,-0.0017528805183246,-0.00095819792477414,0.0034770804923027
2024-08-05T06:00:00Z,-7.609444,112.595556,-0.0016067299293354,-0.0009929982479661703,0.0034022482577711
2024-08-05T09:00:00Z,-7.609444,112.595556,-0.0014479140518233,-0.0009516701684333384,0.0030954657122492
2024-08-05T12:00:00Z,-7.609444,112.595556,-0.0013605559943243,-0.0009208989213220776,0.0029496913775801
2024-08-05T15:00:00Z,-7.609444,112.595556,-0.0015822356799617,-0.0008079016115516424,0.0028300469275563
2024-08-05T18:00:00Z,-7.609444,112.595556,-0.0017955340445041,-0.0008034149650484324,0.0025362914893776
2024-08-05T21:00:00Z,-7.609444,112.595556,-0.0019766497425734,-0.0007884980877861381,0.0020295826252549
2024-08-06T00:00:00Z,-7.609444,112.595556,-0.0021043573506176,-0.0008031758479773998,0.0017804930685088
2024-08-06T03:00:00Z,-7.609444,112.595556,-0.002356611425057,-0.0008008896256797016,0.0017424551770091
2024-08-06T06:00:00Z,-7.609444,112.595556,-0.0027127040084451,-0.0008807426202110946,0.0015224532689899
2024-08-06T09:00:00Z,-7.609444,112.595556,-0.0030047812033444,-0.0009554949356243014,0.001241648918949
2024-08-06T12:00:00Z,-7.609444,112.595556,-0.0032042998354882,-0.0009761707624420524,0.001278429874219
2024-08-06T15:00:00Z,-7.609444,112.595556,-0.0035469587892293,-0.0009234494646079838,0.0013563152169808
2024-08-06T18:00:00Z,-7.609444,112.595556,-0.0038892072625458,-0.0007926441030576825,0.0011045889696106
2024-08-06T21:00:00Z,-7.609444,112.595556,-0.0041869413107633,-0.0006018706480972469,0.0004107568529434502
2024-08-07T00:00:00Z,-7.609444,112.595556,-0.0042900713160634,-0.0005640973686240613,-0.0002711399574764073
2024-08-07T03:00:00Z,-7.609444,112.595556,-0.0044287284836173,-0.000583321088925004,-0.0004557026259135455
2024-08-07T06:00:00Z,-7.609444,112.595556,-0.0045374790206551,-0.0006961824838072062,-0.0005646313657052815
2024-08-07T09:00:00Z,-7.609444,112.595556,-0.0044832904823124,-0.0008562916773371398,-0.0009995094733312726
2024-08-07T12:00:00Z,-7.609444,112.595556,-0.0041917553171515,-0.0009796685772016644,-0.0010173356859013
2024-08-07T15:00:00Z,-7.609444,112.595556,-0.0038835548330098,-0.0009949442464858294,-0.0008413763134740293
2024-08-07T18:00:00Z,-7.609444,112.595556,-0.0035364618524909,-0.0010042793583124,-0.000977755873464048
2024-08-07T21:00:00Z,-7.609444,112.595556,-0.003299138508737,-0.0009841134306043386,-0.001431964454241
2024-08-08T00:00:00Z,-7.609444,112.595556,-0.0031023367773741,-0.0010016417363658,-0.0016056731110438
2024-08-08T03:00:00Z,-7.609444,112.595556,-0.0028837155550718,-0.0011213114485144,-0.00135526410304
2024-08-08T06:00:00Z,-7.609444,112.595556,-0.0027058818377554,-0.0011937884846702,-0.0007664241129532456
2024-08-08T09:00:00Z,-7.609444,112.595556,-0.0025664924178272,-0.0012720930390059,-0.0004950786824338138
2024-08-08T12:00:00Z,-7.609444,112.595556,-0.0022916623856872,-0.0013175352942198,-0.000185697092092596
2024-08-08T15:00:00Z,-7.609444,112.595556,-0.0020441503729671,-0.00138899567537,6.033052704879083e-05
2024-08-08T18:00:00Z,-7.609444,112.595556,-0.0017738664755597,-0.0014112530043348,5.483209315571003e-05
2024-08-08T21:00:00Z,-7.609444,112.595556,-0.001603796496056,-0.0014332646969705,-0.00033541611628606915
2024-08-09T00:00:00Z,-7.609444,112.595556,-0.0012708320282399,-0.0014953350182622,-0.0006719158263877034
2024-08-09T03:00:00Z,-7.609444,112.595556,-0.0008522361749783158,-0.0015765362186357,-0.0008496332447975874
2024-08-09T06:00:00Z,-7.609444,112.595556,-0.0004971365560777485,-0.0016172704054042,-0.0009349803440272808
2024-08-09T09:00:00Z,-7.609444,112.595556,-0.00039863548590801656,-0.0015676266048103,-0.0011653853580355
2024-08-09T12:00:00Z,-7.609444,112.595556,-0.0002920389815699309,-0.0015025094617158,-0.0015352152986451
2024-08-09T15:00:00Z,-7.609444,112.595556,-0.00012837226677220315,-0.0013446288648992,-0.0020654548425227
2024-08-09T18:00:00Z,-7.609444,112.595556,-1.898055597848725e-05,-0.0012038581771776,-0.0023662336170673
2024-08-09T21:00:00Z,-7.609444,112.595556,-0.0002589036012068391,-0.0011601827573031,-0.0025898092426359
2024-08-10T00:00:00Z,-7.609444,112.595556,-0.0005110627971589565,-0.0012869526399299,-0.0025975808966904
2024-08-10T03:00:00Z,-7.609444,112.595556,-0.0007764510810375214,-0.0014468126464635,-0.0024939170107245
2024-08-10T06:00:00Z,-7.609444,112.595556,-0.0010804124176502,-0.0015315779019147,-0.0020223008468747
2024-08-10T09:00:00Z,-7.609444,112.595556,-0.001457542181015,-0.0015974901616573,-0.0017999351257458
2024-08-10T12:00:00Z,-7.609444,112.595556,-0.001774085802026,-0.0017468879232183,-0.0016379979206249
2024-08-10T15:00:00Z,-7.609444,112.595556,-0.0019585394766181,-0.0016985213151201,-0.0015833609504625
2024-08-10T18:00:00Z,-7.609444,112.595556,-0.0020776821766048,-0.0015282430686056,-0.0014524891739711
2024-08-10T21:00:00Z,-7.609444,112.595556,-0.0022007301449775,-0.0013056729221716,-0.0013490427518263
2024-08-11T00:00:00Z,-7.609444,112.595556,-0.0022640705574303,-0.0011257246369495,-0.0008607749477960169
2024-08-11T03:00:00Z,-7.609444,112.595556,-0.0024382087867707,-0.0010582633549347,-0.0003963028721045703
2024-08-11T06:00:00Z,-7.609444,112.595556,-0.002704580547288,-0.0010765009792521,-4.037194594275206e-05
2024-08-11T09:00:00Z,-7.609444,112.595556,-0.0029345608782023,-0.0010550674051046,0.00013257387035991997
2024-08-11T12:00:00Z,-7.609444,112.595556,-0.0029258197173476,-0.0009542757761664688,0.0006426851614378393
2024-08-11T15:00:00Z,-7.609444,112.595556,-0.0027811599429696,-0.0007724890601821244,0.000937433447688818
2024-08-11T18:00:00Z,-7.609444,112.595556,-0.0026959984097629,-0.0005762263317592442,0.0010559448273852
2024-08-11T21:00:00Z,-7.609444,112.595556,-0.0026936850044876,-0.0005103194853290915,0.0007801124593243003
2024-08-12T00:00:00Z,-7.609444,112.595556,-0.0025142922531813,-0.000499980931635946,0.0006018736166879535
2024-08-12T03:00:00Z,-7.609444,112.595556,-0.0025553035084158,-0.0004886266542598605,0.0004918624181300402
2024-08-12T06:00:00Z,-7.609444,112.595556,-0.0027268866542726,-0.00040554036968387663,0.0001634897053008899
2024-08-12T09:00:00Z,-7.609444,112.595556,-0.0028884692583233,-0.0002507729222998023,-0.0004336170386523008
2024-08-12T12:00:00Z,-7.609444,112.595556,-0.0028542671352624,-0.00011554545926628634,-0.0006487753125838935
2024-08-12T15:00:00Z,-7.609444,112.595556,-0.0027222419157624,3.784886575886048e-05,-0.0008442200487479568
2024-08-12T18:00:00Z,-7.609444,112.595556,-0.0026380030903965,0.0001019841802190058,-0.000966574705671519
2024-08-12T21:00:00Z,-7.609444,112.595556,-0.002642560750246,0.00018140822066925463,-0.0012607109965756
2024-08-13T00:00:00Z,-7.609444,112.595556,-0.0024528838694095,0.00020598099217750127,-0.0014483912382274
2024-08-13T03:00:00Z,-7.609444,112.595556,-0.00231629377231,0.00023355484881903976,-0.0014732806012034
2024-08-13T06:00:00Z,-7.609444,112.595556,-0.0023002685047686,0.00021226251556072384,-0.0015917014097794
2024-08-13T09:00:00Z,-7.609444,112.595556,-0.0023386110551655,0.00018231953436043116,-0.0019221383845433
2024-08-13T12:00:00Z,-7.609444,112.595556,-0.0021461548749357,0.00012210877321194855,-0.0019359099678695
2024-08-13T15:00:00Z,-7.609444,112.595556,-0.0018699803622439,9.888364002108574e-05,-0.0018096331041306
2024-08-13T18:00:00Z,-7.609444,112.595556,-0.0017400374636054,-1.505196723883273e-05,-0.0015234543243423
2024-08-13T21:00:00Z,-7.609444,112.595556,-0.0017860784428194,-0.00018837118113879117,-0.0016060034977272
2024-08-14T00:00:00Z,-7.609444,112.595556,-0.0015703446697443,-0.0003978361201006919,-0.0017186821205541
2024-08-14T03:00:00Z,-7.609444,112.595556,-0.0013591996394097,-0.0005477372324094176,-0.0019867930095642
2024-08-14T06:00:00Z,-7.609444,112.595556,-0.0011753514409065,-0.0007773744291625917,-0.0021651755087077
2024-08-14T09:00:00Z,-7.609444,112.595556,-0.0010574456537142,-0.001137473154813,-0.0027621714398264
2024-08-14T12:00:00Z,-7.609444,112.595556,-0.0007440444896928966,-0.0013680055271834,-0.0030313855968415
2024-08-14T15:00:00Z,-7.609444,112.595556,-0.00037935678847134113,-0.0013934719609096,-0.0030750774312764
2024-08-14T18:00:00Z,-7.609444,112.595556,-0.00013229910109657794,-0.0014172615483403,-0.0030777002684772
2024-08-14T21:00:00Z,-7.609444,112.595556,-0.00010268807818647474,-0.0015699154464527,-0.0032458391506224
2024-08-15T00:00:00Z,-7.609444,112.595556,-1.7739987015374936e-05,-0.0017676060087978,-0.0033508883789181
2024-08-15T03:00:00Z,-7.609444,112.595556,9.27350192796439e-05,-0.0018929587677121,-0.0033614190760999
2024-08-15T06:00:00Z,-7.609444,112.595556,0.0001065848773578182,-0.0018401162233203,-0.003033653832972
2024-08-15T09:00:00Z,-7.609444,112.595556,6.70751032885164e-05,-0.0015944623155519,-0.0025797395501285
2024-08-15T12:00:00Z,-7.609444,112.595556,0.00011220957094337793,-0.0012965323403477,-0.0019546910189092
2024-08-15T15:00:00Z,-7.609444,112.595556,0.0002205115742981434,-0.001131307799369,-0.001730014453642
2024-08-15T18:00:00Z,-7.609444,112.595556,0.00034544404479674995,-0.001152736833319,-0.0016151083400472
2024-08-15T21:00:00Z,-7.609444,112.595556,0.00040230253944173455,-0.0012407029280439,-0.0014529316686093
2024-08-16T00:00:00Z,-7.609444,112.595556,0.0005426552961580455,-0.0013071071589365,-0.0011476221261546
2024-08-16T03:00:00Z,-7.609444,112.595556,0.0006095477729104459,-0.0012923170579597,-0.000901335501112044
2024-08-16T06:00:00Z,-7.609444,112.595556,0.0006485377089120448,-0.0011303239734843,-0.0009638216579332948
2024-08-16T09:00:00Z,-7.609444,112.595556,0.0006419560522772372,-0.000943246006499976,-0.0011304332874715
2024-08-16T12:00:00Z,-7.609444,112.595556,0.000686903833411634,-0.0007617699448019266,-0.000897155434358865
2024-08-16T15:00:00Z,-7.609444,112.595556,0.0006265654228627682,-0.000700458069331944,-0.0008057042141444981
2024-08-16T18:00:00Z,-7.609444,112.595556,0.0005178269348107278,-0.0008300520712509751,-0.0010971524752676
2024-08-16T21:00:00Z,-7.609444,112.595556,0.0004347727808635682,-0.0009597688913345336,-0.001558156334795
2024-08-17T00:00:00Z,-7.609444,112.595556,0.000407088635256514,-0.0009755995706655084,-0.0016597223002463
2024-08-17T03:00:00Z,-7.609444,112.595556,0.00030586024513468146,-0.000995285459794104,-0.0017141915159299
2024-08-17T06:00:00Z,-7.609444,112.595556,4.422789061209187e-05,-0.0010089492425322,-0.0017913480987772
2024-08-17T09:00:00Z,-7.609444,112.595556,-0.00025127187836915255,-0.0010512663284316,-0.0021516638807952
2024-08-17T12:00:00Z,-7.609444,112.595556,-0.00029247047496028244,-0.0010332097299396,-0.0021617515012621
2024-08-17T15:00:00Z,-7.609444,112.595556,-0.00034755587694235146,-0.000870568968821317,-0.0021871412172913
2024-08-17T18:00:00Z,-7.609444,112.595556,-0.00035319282324053347,-0.0008878075168468058,-0.0024510181974619
2024-08-17T21:00:00Z,-7.609444,112.595556,-0.00023258841247297823,-0.0009624240337871016,-0.002994657959789
2024-08-18T00:00:00Z,-7.609444,112.595556,6.3015402702149e-05,-0.0009852558141574264,-0.00300955446437
2024-08-18T03:00:00Z,-7.609444,112.595556,0.0001843074860516936,-0.0009260273072868586,-0.0030169589444994
2024-08-18T06:00:00Z,-7.609444,112.595556,9.597135795047508e-05,-0.0008855602936819196,-0.0030576442368328
2024-08-18T09:00:00Z,-7.609444,112.595556,-4.9968981329584494e-05,-0.0009286670247092844,-0.0032140961848199
2024-08-18T12:00:00Z,-7.609444,112.595556,-4.269704731996171e-05,-0.0009640430216677488,-0.0030201349873095
2024-08-18T15:00:00Z,-7.609444,112.595556,1.8205611240773576e-06,-0.0008900167304091156,-0.0026095963548868
2024-08-18T18:00:00Z,-7.609444,112.595556,-0.0001839312462834641,-0.0007848353125154972,-0.0019924615044146
2024-08-18T21:00:00Z,-7.609444,112.595556,-0.0004744991019833833,-0.0007714071543887258,-0.0016471096314489
2024-08-19T00:00:00Z,-7.609444,112.595556,-0.0006213433225639164,-0.0007475867168977857,-0.0013310579815879
2024-08-19T03:00:00Z,-7.609444,112.595556,-0.0006723909173160791,-0.0005386654520407319,-0.0009886818006634712
2024-08-19T06:00:00Z,-7.609444,112.595556,-0.0007507350528612733,-0.0003127526433672756,-0.0006035282276570797
2024-08-19T09:00:00Z,-7.609444,112.595556,-0.0008363830274902284,-0.00015591576811857522,-0.0003930059028789401
2024-08-19T12:00:00Z,-7.609444,112.595556,-0.000980638200417161,-0.00016288043116219342,-8.163972961483523e-05
2024-08-19T15:00:00Z,-7.609444,112.595556,-0.0011064029531553,-0.00018458653357811272,0.00018557226576376704
2024-08-19T18:00:00Z,-7.609444,112.595556,-0.0012458935379981,-0.00011162667215103284,0.0003546814841683954
2024-08-19T21:00:00Z,-7.609444,112.595556,-0.0014863403048366,-4.321670712670311e-05,0.0005093736690469086
2024-08-20T00:00:00Z,-7.609444,112.595556,-0.0016575951594859,-5.0234880291100126e-06,0.0007636023801751435
2024-08-20T03:00:00Z,-7.609444,112.595556,-0.0017972725909203,-3.604168523452245e-05,0.0007909043342806399
2024-08-20T06:00:00Z,-7.609444,112.595556,-0.0017355779418721,-0.00013246352318674326,0.0006603928050026298
2024-08-20T09:00:00Z,-7.609444,112.595556,-0.0015990200918167,-0.0001985523267649114,0.0007770570227876306
2024-08-20T12:00:00Z,-7.609444,112.595556,-0.0014485544525086,-0.00027370944735594094,0.0011883024126291
2024-08-20T15:00:00Z,-7.609444,112.595556,-0.0014307262608781,-0.00032839414780028164,0.0012401159619912
2024-08-20T18:00:00Z,-7.609444,112.595556,-0.0014687317889183,-0.0004476475587580353,0.0010113723110407
2024-08-20T21:00:00Z,-7.609444,112.595556,-0.0016155338380485,-0.0005682313349097967,0.000519321474712342
2024-08-21T00:00:00Z,-7.609444,112.595556,-0.0017035849159583,-0.0007404041243717074,0.0003545501094777137
2024-08-21T03:00:00Z,-7.609444,112.595556,-0.0018334534252062,-0.0008498110109940171,0.0004678227414842695
2024-08-21T06:00:00Z,-7.609444,112.595556,-0.0020447017159312,-0.0010786388302221,0.0004019199986942112
2024-08-21T09:00:00Z,-7.609444,112.595556,-0.002301804954186,-0.0012647695839405,0.0004845277289859951
2024-08-21T12:00:00Z,-7.609444,112.595556,-0.0024274953175336,-0.0013924976810812,0.0007457455503754318
2024-08-21T15:00:00Z,-7.609444,112.595556,-0.0026293222326785,-0.0014386596158146,0.0008668766240589321
2024-08-21T18:00:00Z,-7.609444,112.595556,-0.0027382113039493,-0.0015987334772944,0.0008103367872536182
2024-08-21T21:00:00Z,-7.609444,112.595556,-0.0028971263673156,-0.0018140472238883,0.0005128960474394262
2024-08-22T00:00:00Z,-7.609444,112.595556,-0.0028849218506366,-0.002136368304491,8.019508823053911e-05
2024-08-22T03:00:00Z,-7.609444,112.595556,-0.002805158495903,-0.0022578383795917,-0.0002543989394325763
2024-08-22T06:00:00Z,-7.609444,112.595556,-0.0029491861350834,-0.0022557387128472,-0.0002733200090005994
2024-08-22T09:00:00Z,-7.609444,112.595556,-0.0031653170008212,-0.0021017577964812,-0.0002726794918999076
2024-08-22T12:00:00Z,-7.609444,112.595556,-0.0031236154027283,-0.0019017107551917,-0.00033333341707475483
2024-08-22T15:00:00Z,-7.609444,112.595556,-0.0029518639203161,-0.001692704972811,-0.0002980222925543785
2024-08-22T18:00:00Z,-7.609444,112.595556,-0.0028125892858952,-0.0016314436215907,-0.0001325239718426019
2024-08-22T21:00:00Z,-7.609444,112.595556,-0.0027920755092054,-0.0015621497295796,-0.00010639597894623876
2024-08-23T00:00:00Z,-7.609444,112.595556,-0.0025921561755239,-0.0015144099015742,-7.858394383220002e-05
2024-08-23T03:00:00Z,-7.609444,112.595556,-0.0023012130986899,-0.0014575665118172,8.915492799133062e-05
2024-08-23T06:00:00Z,-7.609444,112.595556,-0.0020557036623358,-0.0013637416996061,0.00021481217117980125
2024-08-23T09:00:00Z,-7.609444,112.595556,-0.0018139311578124,-0.0012470254441723,0.00023687562497798356
2024-08-23T12:00:00Z,-7.609444,112.595556,-0.0015075920382514,-0.0012179190525785,0.000241164569160901
2024-08-23T15:00:00Z,-7.609444,112.595556,-0.0012610123958438,-0.0011579337297007,0.00021992054826114327
2024-08-23T18:00:00Z,-7.609444,112.595556,-0.001139415311627,-0.0011293746065348,0.000496637134347111
2024-08-23T21:00:00Z,-7.609444,112.595556,-0.0010645308066159,-0.0011859263759106,0.0004863858339376748
2024-08-24T00:00:00Z,-7.609444,112.595556,-0.0007559983641840518,-0.0012620660709217,0.00023008206335362047
2024-08-24T03:00:00Z,-7.609444,112.595556,-0.0004764394834637642,-0.0013081498909741,7.560583617305383e-05
2024-08-24T06:00:00Z,-7.609444,112.595556,-0.0002648294612299651,-0.001393477898091,1.4143385669740384e-05
2024-08-24T09:00:00Z,-7.609444,112.595556,-7.408330566249788e-05,-0.0014565150486305,-2.0971645426470783e-05
2024-08-24T12:00:00Z,-7.609444,112.595556,0.00015699419600423423,-0.0014649159274995,0.00012667174451053145
2024-08-24T15:00:00Z,-7.609444,112.595556,0.0003983820788562298,-0.001492126379162,6.859516724944115e-05
2024-08-24T18:00:00Z,-7.609444,112.595556,0.0005397554486989975,-0.0016268321778625,-0.00021912662487011403
2024-08-24T21:00:00Z,-7.609444,112.595556,0.0005422039539553225,-0.0018384356517344,-0.0006593359867110848
2024-08-25T00:00:00Z,-7.609444,112.595556,0.0005040820688009262,-0.0020820284262299,-0.0011874802876263
2024-08-25T03:00:00Z,-7.609444,112.595556,0.0003276628849562257,-0.0021903163287788,-0.0015241969376802
2024-08-25T06:00:00Z,-7.609444,112.595556,4.810151949641295e-05,-0.0022406356874853,-0.001658066175878
2024-08-25T09:00:00Z,-7.609444,112.595556,-0.0002288016548845917,-0.0022592055611312,-0.0017226298805326
2024-08-25T12:00:00Z,-7.609444,112.595556,-0.00032379190088249743,-0.0021951317321509,-0.001355820801109
2024-08-25T15:00:00Z,-7.609444,112.595556,-0.0005254249554127455,-0.0021052819211035,-0.0007630746113136411
2024-08-25T18:00:00Z,-7.609444,112.595556,-0.0008407697314396501,-0.0019770381040871,-9.549657988827676e-05
2024-08-25T21:00:00Z,-7.609444,112.595556,-0.0010413423879072,-0.0019475505687296,0.00031937105813995004
2024-08-26T00:00:00Z,-7.609444,112.595556,-0.0009890439687296748,-0.0019242195412516,0.0006072719115763903
2024-08-26T03:00:00Z,-7.609444,112.595556,-0.0010541793890297,-0.0019470991101115,0.000551199191249907
2024-08-26T06:00:00Z,-7.609444,112.595556,-0.0011996526736766,-0.0020630052313208,0.00027004635194316506
2024-08-26T09:00:00Z,-7.609444,112.595556,-0.0013355497503653,-0.0021544613409787,-0.0001992096658796072
2024-08-26T12:00:00Z,-7.609444,112.595556,-0.0013113137101754,-0.0020987812895327,-0.0005078092217445374
2024-08-26T15:00:00Z,-7.609444,112.595556,-0.001370035810396,-0.0018818650860339,-0.0003909543447662145
2024-08-26T18:00:00Z,-7.609444,112.595556,-0.0016637430526316,-0.0017467131838202,5.765009700553492e-05
2024-08-26T21:00:00Z,-7.609444,112.595556,-0.0019483212381601,-0.0018948488868772,8.868745499057695e-05
2024-08-27T00:00:00Z,-7.609444,112.595556,-0.0019181835232302,-0.0020100644323974,0.0002745145175140351
2024-08-27T03:00:00Z,-7.609444,112.595556,-0.0018775475909933,-0.0020261777099221,0.0007515952456742525
2024-08-27T06:00:00Z,-7.609444,112.595556,-0.0018604174256324,-0.0020534829236567,0.0012047946220263
2024-08-27T09:00:00Z,-7.609444,112.595556,-0.0018655231688171,-0.0020083852577954,0.0011529157636687
2024-08-27T12:00:00Z,-7.609444,112.595556,-0.0017389809945598,-0.0019743291195482,0.0009908512001857162
2024-08-27T15:00:00Z,-7.609444,112.595556,-0.0016702251741662,-0.0019903362262994,0.0010303435847163
2024-08-27T18:00:00Z,-7.609444,112.595556,-0.0017663410399109,-0.0020027738064527,0.0013079521013423
2024-08-27T21:00:00Z,-7.609444,112.595556,-0.0019227139418944,-0.0021244967356324,0.0013219612883403
2024-08-28T00:00:00Z,-7.609444,112.595556,-0.0019345754990354,-0.0022044444922357,0.0012040426954627
2024-08-28T03:00:00Z,-7.609444,112.595556,-0.0019864323548972,-0.0022341527510434,0.0014346778625622
2024-08-28T06:00:00Z,-7.609444,112.595556,-0.0020303546916693,-0.0024684485979378,0.0019169464940205
2024-08-28T09:00:00Z,-7.609444,112.595556,-0.00204499787651,-0.0027005746960639,0.0022037958260625
2024-08-28T12:00:00Z,-7.609444,112.595556,-0.0019516635220497,-0.0029566483572125,0.002362135099247
2024-08-28T15:00:00Z,-7.609444,112.595556,-0.0018398758256807,-0.0032351012341678,0.0023716499563306
2024-08-28T18:00:00Z,-7.609444,112.595556,-0.0017726371297612,-0.0034631579183042,0.0025146307889372
2024-08-28T21:00:00Z,-7.609444,112.595556,-0.0017671372042968,-0.0037184921093285,0.0025593212340027
2024-08-29T00:00:00Z,-7.609444,112.595556,-0.0017797397449612,-0.0039308434352278,0.0028956530150026
2024-08-29T03:00:00Z,-7.609444,112.595556,-0.0018283873796463,-0.0040359366685152,0.0030548439826816
2024-08-29T06:00:00Z,-7.609444,112.595556,-0.0018064072355628,-0.004078465513885,0.0035600073169916
2024-08-29T09:00:00Z,-7.609444,112.595556,-0.0017362585058435,-0.0040354812517762,0.0039241979829967
2024-08-29T12:00:00Z,-7.609444,112.595556,-0.001553381094709,-0.0039953533560037,0.0039837062358856
2024-08-29T15:00:00Z,-7.609444,112.595556,-0.0014238116564229,-0.0038159373216331,0.0041847685351967
2024-08-29T18:00:00Z,-7.609444,112.595556,-0.0013608088484033,-0.0037803470622748,0.0043217604979872
2024-08-29T21:00:00Z,-7.609444,112.595556,-0.0012554212007671,-0.0039189006201922,0.003950725775212
2024-08-30T00:00:00Z,-7.609444,112.595556,-0.0010849793907254,-0.004099269863218,0.0036697639152407
2024-08-30T03:00:00Z,-7.609444,112.595556,-0.000965731916949153,-0.0041590891778469,0.0031480840407311
2024-08-30T06:00:00Z,-7.609444,112.595556,-0.001001589349471,-0.0041391113772988,0.0026029988657683
2024-08-30T09:00:00Z,-7.609444,112.595556,-0.0011692323023453,-0.003990308381617,0.0020601670257747
2024-08-30T12:00:00Z,-7.609444,112.595556,-0.0014130616327747,-0.0039083524607121,0.0017082687700167
2024-08-30T15:00:00Z,-7.609444,112.595556,-0.0017076667863875,-0.0039376108907163,0.0014635340776294
2024-08-30T18:00:00Z,-7.609444,112.595556,-0.0020281122997403,-0.0039501967839896,0.0013950509019196
2024-08-30T21:00:00Z,-7.609444,112.595556,-0.0023359735496342,-0.0039380579255521,0.0013539579231292
2024-08-31T00:00:00Z,-7.609444,112.595556,-0.0025253910571336,-0.0040128957480192,0.0014905447605997
2024-08-31T03:00:00Z,-7.609444,112.595556,-0.0026687972713261,-0.0039915591478347,0.0015673639718443
2024-08-31T06:00:00Z,-7.609444,112.595556,-0.0027382993139326,-0.0039142966270446,0.0016340898582711
2024-08-31T09:00:00Z,-7.609444,112.595556,-0.0028850231319665,-0.0037908777594566,0.0016670119948685
2024-08-31T12:00:00Z,-7.609444,112.595556,-0.0030232907738536,-0.003815348027274,0.0016772384988144
2024-08-31T15:00:00Z,-7.609444,112.595556,-0.0030372790060937,-0.0038354329299181,0.0015875158132985
2024-08-31T18:00:00Z,-7.609444,112.595556,-0.00315310084261,-0.0038337181322276,0.0015902086161077
2024-08-31T21:00:00Z,-7.609444,112.595556,-0.0035484358668327,-0.0039659943431615,0.0014198548160493
2024-09-01T00:00:00Z,-7.609444,112.595556,-0.0037838742136955,-0.0041606086306273,0.0013957305345684
2024-09-01T03:00:00Z,-7.609444,112.595556,-0.0038271860685199,-0.0044096666388213,0.0011651627719402
2024-09-01T06:00:00Z,-7.609444,112.595556,-0.0038221906870603,-0.0045947493053972,0.0012032258091494
2024-09-01T09:00:00Z,-7.609444,112.595556,-0.0040035331621766,-0.0045627858489751,0.0012577349552884
2024-09-01T12:00:00Z,-7.609444,112.595556,-0.0041025499813258,-0.0045185489580035,0.0011923257261514
2024-09-01T15:00:00Z,-7.609444,112.595556,-0.0040051103569567,-0.0043907132931053,0.0008442379767075181
2024-09-01T18:00:00Z,-7.609444,112.595556,-0.0038357551675289,-0.0042902454733848,0.0004660047125071287
2024-09-01T21:00:00Z,-7.609444,112.595556,-0.0037611832376569,-0.0042689330875873,6.395854143192992e-05
2024-09-02T00:00:00Z,-7.609444,112.595556,-0.0038011819124221,-0.004221674054861,-0.0002227668010164052
2024-09-02T03:00:00Z,-7.609444,112.595556,-0.0038035314064472,-0.0040246187709271,-0.0004193441709503532
2024-09-02T06:00:00Z,-7.609444,112.595556,-0.0037677164655178,-0.0038128425367176,-0.0003671383601613343
2024-09-02T09:00:00Z,-7.609444,112.595556,-0.0037440354935824,-0.0037507500965148,-0.0004750713706016541
2024-09-02T12:00:00Z,-7.609444,112.595556,-0.0035878892522305,-0.0037840723525732,-0.0004038190527353436
2024-09-02T15:00:00Z,-7.609444,112.595556,-0.0034433118999004,-0.0037551224231719,-0.0002384472609264776
2024-09-02T18:00:00Z,-7.609444,112.595556,-0.003327113110572,-0.0037732422351837,0.00010694851516745985
2024-09-02T21:00:00Z,-7.609444,112.595556,-0.0030684375669807,-0.0038061095401644,0.0005385152180679142
2024-09-03T00:00:00Z,-7.609444,112.595556,-0.0024988623335957,-0.0037458965089172,0.0008651915704831481
2024-09-03T03:00:00Z,-7.609444,112.595556,-0.001861224649474,-0.0033420578110963,0.001247787149623
2024-09-03T06:00:00Z,-7.609444,112.595556,-0.0013319158460944,-0.0030430359765887,0.0015033987583592
2024-09-03T09:00:00Z,-7.609444,112.595556,-0.0009318201337009668,-0.0030224951915442,0.0013705039164051
2024-09-03T12:00:00Z,-7.609444,112.595556,-0.0005280784680508077,-0.003141691442579,0.0014422431122511
2024-09-03T15:00:00Z,-7.609444,112.595556,-0.0001726721238810569,-0.0031276764348149,0.0019362748134881
2024-09-03T18:00:00Z,-7.609444,112.595556,3.5108601878164336e-05,-0.0030702636577188,0.0023701260797679
2024-09-03T21:00:00Z,-7.609444,112.595556,0.00017021913663484156,-0.0030245524831116,0.0022899450268596
2024-09-04T00:00:00Z,-7.609444,112.595556,0.000361471698852256,-0.0029874979518353,0.0021289763972163
2024-09-04T03:00:00Z,-7.609444,112.595556,0.0004260564164724201,-0.0028384767938405,0.0023039411753416
2024-09-04T06:00:00Z,-7.609444,112.595556,0.0003872379020322114,-0.0027064960449934,0.0028608369175344
2024-09-04T09:00:00Z,-7.609444,112.595556,0.0004331389209255576,-0.0025499665644019,0.0032558008097112
2024-09-04T12:00:00Z,-7.609444,112.595556,0.0006147394888103008,-0.0024065647739917,0.0032781474292278
2024-09-04T15:00:00Z,-7.609444,112.595556,0.0007097583147697151,-0.0021154270507395,0.0032062029931694
2024-09-04T18:00:00Z,-7.609444,112.595556,0.0005895838839933276,-0.0018651222344487,0.0030638694297522
2024-09-04T21:00:00Z,-7.609444,112.595556,0.00028514908626675606,-0.0016657004598528,0.0026603259611874
2024-09-05T00:00:00Z,-7.609444,112.595556,-2.7467540348879996e-05,-0.0017404351383447,0.0020201168954372
2024-09-05T03:00:00Z,-7.609444,112.595556,-0.0003360370465088636,-0.0019096452742815,0.0015314801130443
2024-09-05T06:00:00Z,-7.609444,112.595556,-0.000735107169020921,-0.0021697508636862,0.0016132511664181
2024-09-05T09:00:00Z,-7.609444,112.595556,-0.0011139480629935,-0.0023410683497786,0.0017273621633648
2024-09-05T12:00:00Z,-7.609444,112.595556,-0.0013360151788219,-0.0024660208728164,0.0016797551652416
2024-09-05T15:00:00Z,-7.609444,112.595556,-0.0016380894230678,-0.0023962617851793,0.0017207330092787
2024-09-05T18:00:00Z,-7.609444,112.595556,-0.001922664232552,-0.0024543367326259,0.0017522635171189
2024-09-05T21:00:00Z,-7.609444,112.595556,-0.0022006270010024,-0.0026064373087137,0.0014260751195251
2024-09-06T00:00:00Z,-7.609444,112.595556,-0.002363949548453,-0.0027872563805431,0.0011627342319115
2024-09-06T03:00:00Z,-7.609444,112.595556,-0.0024974981788545,-0.002844795351848,0.0011225033085793
2024-09-06T06:00:00Z,-7.609444,112.595556,-0.0025777693372219,-0.0027410804759711,0.0013140703085809
2024-09-06T09:00:00Z,-7.609444,112.595556,-0.0026402291841804,-0.0025529160629957,0.0012249368010088
2024-09-06T12:00:00Z,-7.609444,112.595556,-0.0026340652257204,-0.0024564352352172,0.0009128434467129408
2024-09-06T15:00:00Z,-7.609444,112.595556,-0.0025721075944602,-0.002207429613918,0.0008943462162278593
2024-09-06T18:00:00Z,-7.609444,112.595556,-0.0023613225203007,-0.002111975569278,0.0010193800553679
2024-09-06T21:00:00Z,-7.609444,112.595556,-0.0020220323931425,-0.0021675957832485,0.000956461881287396
2024-09-07T00:00:00Z,-7.609444,112.595556,-0.0015721860108897,-0.0021314809564501,0.000914311851374805
2024-09-07T03:00:00Z,-7.609444,112.595556,-0.0009453781531192362,-0.0018515263218432,0.0008448148146271706
2024-09-07T06:00:00Z,-7.609444,112.595556,-0.00014401371299754828,-0.0014558343682438,0.0010859019821509
2024-09-07T09:00:00Z,-7.609444,112.595556,0.0005614811088889837,-0.0011935919756069,0.001086272415705
2024-09-07T12:00:00Z,-7.609444,112.595556,0.001199213671498,-0.0012394979130476,0.000697710202075541
2024-09-07T15:00:00Z,-7.609444,112.595556,0.001693156780675,-0.0011106607271358,0.000384586863219738
2024-09-07T18:00:00Z,-7.609444,112.595556,0.0021416319068521,-0.0009536765865050256,0.00030995591077953577
2024-09-07T21:00:00Z,-7.609444,112.595556,0.0023428581189364,-0.0007978039211593568,0.0003515902499202639
2024-09-08T00:00:00Z,-7.609444,112.595556,0.0025956633035093,-0.0008437055512331426,0.0004723837482742965
2024-09-08T03:00:00Z,-7.609444,112.595556,0.0028216219507157,-0.000995969050563872,0.0007733868551440537
2024-09-08T06:00:00Z,-7.609444,112.595556,0.0029334800783544,-0.0013377465074881,0.001644775038585
2024-09-08T09:00:00Z,-7.609444,112.595556,0.0027362725231796,-0.0017947914311662,0.0021765199489891
2024-09-08T12:00:00Z,-7.609444,112.595556,0.0025791784282773,-0.0021448861807584,0.0022121251095086
2024-09-08T15:00:00Z,-7.609444,112.595556,0.0024744130205363,-0.0022361427545547,0.0022469905670732
2024-09-08T18:00:00Z,-7.609444,112.595556,0.0024429012555629,-0.0021888050250709,0.0024419713299721
2024-09-08T21:00:00Z,-7.609444,112.595556,0.0022173628676682,-0.0021554355043917,0.0026209896896034
2024-09-09T00:00:00Z,-7.609444,112.595556,0.001914337859489,-0.0023178090341389,0.0027642662171274
2024-09-09T03:00:00Z,-7.609444,112.595556,0.0015218326589092,-0.0023819298949092,0.002812672406435
2024-09-09T06:00:00Z,-7.609444,112.595556,0.0010406215442344,-0.002407748484984,0.0030342107638716
2024-09-09T09:00:00Z,-7.609444,112.595556,0.0005747620016336441,-0.0024281693622469,0.0028949538245797
2024-09-09T12:00:00Z,-7.609444,112.595556,0.00025040635955519974,-0.0023313551209867,0.0026695565320551
2024-09-09T15:00:00Z,-7.609444,112.595556,-2.5938548787962645e-05,-0.0021226454991847,0.0028509818948805
2024-09-09T18:00:00Z,-7.609444,112.595556,-0.0003548067470546812,-0.0020844424143433,0.0031041707843542
2024-09-09T21:00:00Z,-7.609444,112.595556,-0.000833619327750057,-0.0021782477851957,0.0029407802503556
2024-09-10T00:00:00Z,-7.609444,112.595556,-0.0011611441150307,-0.0022354130633175,0.0026446159463375
2024-09-10T03:00:00Z,-7.609444,112.595556,-0.0013997273053973,-0.0021027147304266,0.0022496206220239
2024-09-10T06:00:00Z,-7.609444,112.595556,-0.0016582814278081,-0.0020892622414976,0.0017487693112343
2024-09-10T09:00:00Z,-7.609444,112.595556,-0.001951960613951,-0.0021291922312229,0.0009892294183373451
2024-09-10T12:00:00Z,-7.609444,112.595556,-0.0021177399903535,-0.0021493877284228,0.0005860166274942458
2024-09-10T15:00:00Z,-7.609444,112.595556,-0.0022218890953809,-0.0020642250310629,0.0008163775783032179
2024-09-10T18:00:00Z,-7.609444,112.595556,-0.0022204569540917,-0.0019678929820656,0.0012391770724207
2024-09-10T21:00:00Z,-7.609444,112.595556,-0.0021982395555824,-0.0017897713696584,0.0012930538505315
2024-09-11T00:00:00Z,-7.609444,112.595556,-0.0020148260518908,-0.0015552847180515,0.0012256067711859
2024-09-11T03:00:00Z,-7.609444,112.595556,-0.0017604244640097,-0.0010891642887145,0.0013072664150968
2024-09-11T06:00:00Z,-7.609444,112.595556,-0.0014598938869312,-0.0007723909802734852,0.0015404598088935
2024-09-11T09:00:00Z,-7.609444,112.595556,-0.0011180466972291,-0.0007495082099922001,0.0013875010190531
2024-09-11T12:00:00Z,-7.609444,112.595556,-0.0006865769391879439,-0.0008683269843459129,0.0013375004054978
2024-09-11T15:00:00Z,-7.609444,112.595556,-0.00015970811364240944,-0.0009384118602611125,0.0012407621834427
2024-09-11T18:00:00Z,-7.609444,112.595556,0.0002262770576635376,-0.0009745825664140284,0.0011796448379755
2024-09-11T21:00:00Z,-7.609444,112.595556,0.0003652969026006758,-0.0009027907508425416,0.0010934442980214
2024-09-12T00:00:00Z,-7.609444,112.595556,0.00044645642628893256,-0.0008821220835670829,0.0009563389467075468
2024-09-12T03:00:00Z,-7.609444,112.595556,0.0006541407783515751,-0.0008984682499431074,0.0008915399084798992
2024-09-12T06:00:00Z,-7.609444,112.595556,0.0007233880460262299,-0.0011211882811039,0.0007387122022919357
2024-09-12T09:00:00Z,-7.609444,112.595556,0.0006946551729924977,-0.0015311664901673,0.0003509488597046584
2024-09-12T12:00:00Z,-7.609444,112.595556,0.000708280538674444,-0.0019313293742015,0.00044285066542215645
2024-09-12T15:00:00Z,-7.609444,112.595556,0.0007353239925578237,-0.0020896450150758,0.0006963785854168236
2024-09-12T18:00:00Z,-7.609444,112.595556,0.0007865410880185664,-0.0022713022772222,0.0008754387381486595
2024-09-12T21:00:00Z,-7.609444,112.595556,0.0007373166736215353,-0.0022124568931758,0.0009727202705107628
2024-09-13T00:00:00Z,-7.609444,112.595556,0.0006742672994732857,-0.002170764375478,0.0013226721202954
2024-09-13T03:00:00Z,-7.609444,112.595556,0.0006575938314199448,-0.0021731585729867,0.0015772903570905
2024-09-13T06:00:00Z,-7.609444,112.595556,0.0006033434183336794,-0.0022647930309176,0.001453828648664
2024-09-13T09:00:00Z,-7.609444,112.595556,0.000537873012945056,-0.0023611770011484,0.0010099386563524
2024-09-13T12:00:00Z,-7.609444,112.595556,0.0005842379759997129,-0.0024219339247792,0.0010863470379263
2024-09-13T15:00:00Z,-7.609444,112.595556,0.0005952255451120436,-0.0024835607036948,0.0014142633881419
2024-09-13T18:00:00Z,-7.609444,112.595556,0.0007132148020900786,-0.0027950697112828,0.001342108938843
2024-09-13T21:00:00Z,-7.609444,112.595556,0.0007802486652508378,-0.003073510248214,0.0010402066400274
2024-09-14T00:00:00Z,-7.609444,112.595556,0.0008532616775482893,-0.0031256354413926,0.000980708166025579
2024-09-14T03:00:00Z,-7.609444,112.595556,0.0009780110558494923,-0.0029591494239866,0.0005745287053287029
2024-09-14T06:00:00Z,-7.609444,112.595556,0.0011540499981492,-0.0027933684177696,0.00016030773986130953
2024-09-14T09:00:00Z,-7.609444,112.595556,0.0011081332340836,-0.0026531068142503,-0.00031400041189044714
2024-09-14T12:00:00Z,-7.609444,112.595556,0.0010049372212961,-0.0026731225661933,-0.00023121145204640925
2024-09-14T15:00:00Z,-7.609444,112.595556,0.0008376869955100119,-0.0028180356603115,-5.7881690736394376e-05
2024-09-14T18:00:00Z,-7.609444,112.595556,0.0008430774323642254,-0.0030559219885617,-5.6784163461998105e-05
2024-09-14T21:00:00Z,-7.609444,112.595556,0.0007852931739762425,-0.0030145458877086,-4.819548121304251e-05
2024-09-15T00:00:00Z,-7.609444,112.595556,0.0007493013399653137,-0.0028051834087818,0.0001936831104103476
2024-09-15T03:00:00Z,-7.609444,112.595556,0.0007410371908918023,-0.002402022248134,0.00039630942046642303
2024-09-15T06:00:00Z,-7.609444,112.595556,0.0008552754297852516,-0.0020357118919491,0.0006738824886269867
2024-09-15T09:00:00Z,-7.609444,112.595556,0.0008982418803498149,-0.0018397596431896,0.0005958065739832819
2024-09-15T12:00:00Z,-7.609444,112.595556,0.0010577709181234,-0.0017655675765126,0.000705640995875001
2024-09-15T15:00:00Z,-7.609444,112.595556,0.0012076606508344,-0.0017093447968363,0.0006398700643330812
2024-09-15T18:00:00Z,-7.609444,112.595556,0.0013559005456045,-0.0016948066186159,0.0002712231071200222
2024-09-15T21:00:00Z,-7.609444,112.595556,0.0013319852296262,-0.0015782301779836,-7.140671368688345e-05
2024-09-16T00:00:00Z,-7.609444,112.595556,0.0012345917057245,-0.0014142742147669,9.816634474191233e-07
2024-09-16T03:00:00Z,-7.609444,112.595556,0.0012629268458113,-0.0013437542365863,1.916364453791175e-05
2024-09-16T06:00:00Z,-7.609444,112.595556,0.0013413516571745,-0.0014091735938563,5.044994395575486e-05
2024-09-16T09:00:00Z,-7.609444,112.595556,0.0012942104367539,-0.0014811326982453,-0.000161174320965074
2024-09-16T12:00:00Z,-7.609444,112.595556,0.0011298398021608,-0.0015213184524327,0.0002113273221766576
2024-09-16T15:00:00Z,-7.609444,112.595556,0.000864770554471761,-0.0014223016332834,0.0008809992577880621
2024-09-16T18:00:00Z,-7.609444,112.595556,0.0006010215729475021,-0.0013687226455658,0.0014708245871588
2024-09-16T21:00:00Z,-7.609444,112.595556,0.00020520783436950296,-0.0014254465932026,0.0018697684863582
2024-09-17T00:00:00Z,-7.609444,112.595556,-3.694081533467397e-05,-0.0016686874441802,0.0025999583303928
2024-09-17T03:00:00Z,-7.609444,112.595556,-0.0003007264749612659,-0.0018788358429446,0.0031755331438034
2024-09-17T06:00:00Z,-7.609444,112.595556,-0.000588138063903898,-0.0019549620337784,0.003537057666108
2024-09-17T09:00:00Z,-7.609444,112.595556,-0.0010519211646169,-0.0018827397143468,0.0035468083806335
2024-09-17T12:00:00Z,-7.609444,112.595556,-0.0013395634014159,-0.001808346947655,0.0035292890388518
2024-09-17T15:00:00Z,-7.609444,112.595556,-0.0014604965690523,-0.0017493095947429,0.0036239454057067
2024-09-17T18:00:00Z,-7.609444,112.595556,-0.0015267159324139,-0.0017802336951717,0.0039355773478746
2024-09-17T21:00:00Z,-7.609444,112.595556,-0.0017043736297637,-0.002001485787332,0.0040841200388967
2024-09-18T00:00:00Z,-7.609444,112.595556,-0.001720726955682,-0.0022045029327273,0.0043678707443177
2024-09-18T03:00:00Z,-7.609444,112.595556,-0.0015619554324075,-0.002106323139742,0.0046832296065986
2024-09-18T06:00:00Z,-7.609444,112.595556,-0.0011779445922002,-0.0019400365417823,0.0048232395201921
2024-09-18T09:00:00Z,-7.609444,112.595556,-0.0009164494695141912,-0.0017977099632844,0.0046352269127964
2024-09-18T12:00:00Z,-7.609444,112.595556,-0.0006816461100243032,-0.0019041195046156,0.0046211695298552
2024-09-18T15:00:00Z,-7.609444,112.595556,-0.00040030470700003207,-0.0021202685311436,0.0044865817762911
2024-09-18T18:00:00Z,-7.609444,112.595556,-8.560350397601724e-05,-0.0021503525786101,0.0046505355276167
2024-09-18T21:00:00Z,-7.609444,112.595556,4.7383568016812205e-05,-0.0020034092012792,0.0049150083214044
2024-09-19T00:00:00Z,-7.609444,112.595556,0.0003118992317467928,-0.0018060912843793,0.0053003644570708
2024-09-19T03:00:00Z,-7.609444,112.595556,0.0006537293083965778,-0.001606355770491,0.0054271668195724
2024-09-19T06:00:00Z,-7.609444,112.595556,0.0008787488332018256,-0.0016959047643467,0.0051690828986465
2024-09-19T09:00:00Z,-7.609444,112.595556,0.0008658473379909992,-0.0017706988146528,0.0047496519982814
2024-09-19T12:00:00Z,-7.609444,112.595556,0.0010044174268841,-0.0017840295331552,0.0044879908673465
2024-09-19T15:00:00Z,-7.609444,112.595556,0.0012581462506204,-0.0017042940016835,0.0040947198867797
2024-09-19T18:00:00Z,-7.609444,112.595556,0.001560125965625,-0.0017192441737279,0.0034739365801215
2024-09-19T21:00:00Z,-7.609444,112.595556,0.0017151682404801,-0.0017282876651734,0.0028689594473689
2024-09-20T00:00:00Z,-7.609444,112.595556,0.0017825941322371,-0.0018617325695231,0.0022531927097588
2024-09-20T03:00:00Z,-7.609444,112.595556,0.0018984946655109,-0.0020011148881167,0.0014568523038178
2024-09-20T06:00:00Z,-7.609444,112.595556,0.0019154859473928,-0.0021222836803644,0.0010905377566814
2024-09-20T09:00:00Z,-7.609444,112.595556,0.0017797558102756,-0.0021753748878836,0.0007362947217188776
2024-09-20T12:00:00Z,-7.609444,112.595556,0.0017158148111775,-0.0021603766363114,0.000503425661008805
2024-09-20T15:00:00Z,-7.609444,112.595556,0.0015560269821435,-0.002015808597207,0.0005621158052235842
2024-09-20T18:00:00Z,-7.609444,112.595556,0.001361021422781,-0.0019011293770745,0.0007466510287486017
2024-09-20T21:00:00Z,-7.609444,112.595556,0.0010898897890001,-0.0019403108162805,0.0010865019867196
2024-09-21T00:00:00Z,-7.609444,112.595556,0.0009772030171006918,-0.0021536143030971,0.0013829089002683
2024-09-21T03:00:00Z,-7.609444,112.595556,0.0010330881923437,-0.0022926784586161,0.0016387389041483
2024-09-21T06:00:00Z,-7.609444,112.595556,0.0011006211861968,-0.0023805715609341,0.001864043646492
2024-09-21T09:00:00Z,-7.609444,112.595556,0.0011164109455421,-0.0023243001196533,0.0017449270235374
2024-09-21T12:00:00Z,-7.609444,112.595556,0.0012398777762427,-0.0022075548768043,0.001562452642247
2024-09-21T15:00:00Z,-7.609444,112.595556,0.0011299561010673,-0.0020495383068919,0.0016731220530346
2024-09-21T18:00:00Z,-7.609444,112.595556,0.0008259688038378954,-0.0021312364842742,0.0016446338267996
2024-09-21T21:00:00Z,-7.609444,112.595556,0.0005790889845229685,-0.0023464870173484,0.0016600908711552
2024-09-22T00:00:00Z,-7.609444,112.595556,0.0005123982555232942,-0.0026200856082141,0.0019028324168175
2024-09-22T03:00:00Z,-7.609444,112.595556,0.0004857863823417574,-0.0026855799369513,0.0021797362715005
2024-09-22T06:00:00Z,-7.609444,112.595556,0.0005295862210914493,-0.0025408896617591,0.0025316691026091
2024-09-22T09:00:00Z,-7.609444,112.595556,0.0004933120799250901,-0.0023781119380146,0.0026083579286932
2024-09-22T12:00:00Z,-7.609444,112.595556,0.000469686376163736,-0.0022847151849418,0.0022673557978123
2024-09-22T15:00:00Z,-7.609444,112.595556,0.0004594686033669859,-0.0021257814951241,0.0019763109739869
2024-09-22T18:00:00Z,-7.609444,112.595556,0.0004078362544532865,-0.0020371482241898,0.0017167527694255
2024-09-22T21:00:00Z,-7.609444,112.595556,0.00030708458507433534,-0.0019184052944183,0.0015050608199089
2024-09-23T00:00:00Z,-7.609444,112.595556,0.000391750450944528,-0.001864762394689,0.0013405096251517
2024-09-23T03:00:00Z,-7.609444,112.595556,0.0004883614601567388,-0.0018088031793013,0.0012421070132404
2024-09-23T06:00:00Z,-7.609444,112.595556,0.0004943013773299754,-0.0019245387520641,0.0014063066337257
2024-09-23T09:00:00Z,-7.609444,112.595556,0.0003977186570409685,-0.0020022019743919,0.0012771378969773
2024-09-23T12:00:00Z,-7.609444,112.595556,0.0002822460955940187,-0.0020976660307496,0.001018141512759
2024-09-23T15:00:00Z,-7.609444,112.595556,0.00023503106785938144,-0.0020050066523253,0.0007318402640521526
2024-09-23T18:00:00Z,-7.609444,112.595556,0.00029623560840263963,-0.0018148234812542,0.0004318576538935304
2024-09-23T21:00:00Z,-7.609444,112.595556,0.00031649693846702576,-0.0015685242833569,0.00012311406317166984
2024-09-24T00:00:00Z,-7.609444,112.595556,0.0003670209844131023,-0.0014040552778169,-0.00011200490553164856
2024-09-24T03:00:00Z,-7.609444,112.595556,0.00029779213946312666,-0.0012750646565109,-0.00016653565398883077
2024-09-24T06:00:00Z,-7.609444,112.595556,0.00016533520829398185,-0.0012724270345643,-0.00012026578042423353
2024-09-24T09:00:00Z,-7.609444,112.595556,2.8359143470879644e-05,-0.0012252929154783,-0.00033301100484095514
2024-09-24T12:00:00Z,-7.609444,112.595556,-7.50795443309471e-05,-0.0011992563959211,-0.0002976380637846887
2024-09-24T15:00:00Z,-7.609444,112.595556,-0.0001864961814135313,-0.0011631278321146,-0.0001219536570715718
2024-09-24T18:00:00Z,-7.609444,112.595556,-0.0002576236438471824,-0.001161012914963,0.00032668974017724395
2024-09-24T21:00:00Z,-7.609444,112.595556,-0.0004233614599797874,-0.0011160932481288,0.0005968156619928777
2024-09-25T00:00:00Z,-7.609444,112.595556,-0.0004765242629218847,-0.0010722441365942,0.0006226562545634806
2024-09-25T03:00:00Z,-7.609444,112.595556,-0.0005422558169811964,-0.0008910298929549754,0.0005582713056355715
2024-09-25T06:00:00Z,-7.609444,112.595556,-0.0005690865218639374,-0.0007851312984712422,0.000421087461290881
2024-09-25T09:00:00Z,-7.609444,112.595556,-0.0005183917237445712,-0.0006469853105954826,0.0003134103608317673
2024-09-25T12:00:00Z,-7.609444,112.595556,-0.0004426986270118505,-0.0005534840165637434,0.0004513669991865754
2024-09-25T15:00:00Z,-7.609444,112.595556,-0.0004651702765841037,-0.0004321786982472986,0.0007526743574999273
2024-09-25T18:00:00Z,-7.609444,112.595556,-0.0003264500410296023,-0.000286696944385767,0.0013681708369404
2024-09-25T21:00:00Z,-7.609444,112.595556,-0.0001843826030381024,-0.00015326557331718504,0.0017500122776255
2024-09-26T00:00:00Z,-7.609444,112.595556,0.00010278668924001975,-6.815434608142823e-05,0.0020093598868697
2024-09-26T03:00:00Z,-7.609444,112.595556,0.00022969249403104183,4.023056681035087e-05,0.0020271646790206
2024-09-26T06:00:00Z,-7.609444,112.595556,0.0001862157805589959,-5.543863153434359e-06,0.0020402737427502
2024-09-26T09:00:00Z,-7.609444,112.595556,6.54461546218954e-05,-9.559182944940404e-05,0.0019009561510756
2024-09-26T12:00:00Z,-7.609444,112.595556,0.0001842198835220188,-0.0001893684529932216,0.0018107938813045
2024-09-26T15:00:00Z,-7.609444,112.595556,0.0002770199498627335,-0.00015704527322668582,0.001975912367925
2024-09-26T18:00:00Z,-7.609444,112.595556,0.00023592551588080823,-0.0001330750237684697,0.0021581519395112
2024-09-26T21:00:00Z,-7.609444,112.595556,0.00012156623415648936,-1.860166594269685e-05,0.0021729457657784
2024-09-27T00:00:00Z,-7.609444,112.595556,6.135273724794388e-05,0.00015007720503490418,0.0019444419303908
2024-09-27T03:00:00Z,-7.609444,112.595556,5.895456069993088e-07,0.000441275245975703,0.0017420477233827
2024-09-27T06:00:00Z,-7.609444,112.595556,-0.00012217965559102595,0.0007805819041095674,0.0018831711495295
2024-09-27T09:00:00Z,-7.609444,112.595556,-0.0002006086870096624,0.0010530147701501,0.0016871099360287
2024-09-27T12:00:00Z,-7.609444,112.595556,-5.871470057172701e-05,0.0012913418468087,0.0013781402958557
2024-09-27T15:00:00Z,-7.609444,112.595556,5.681646507582627e-05,0.0015961761819198,0.0011627619387581
2024-09-27T18:00:00Z,-7.609444,112.595556,0.00010653106437530369,0.0018653513398021,0.0012091351673007
2024-09-27T21:00:00Z,-7.609444,112.595556,0.00010057467443402857,0.0020370539277791,0.0012911022640764
2024-09-28T00:00:00Z,-7.609444,112.595556,0.0002881279506254941,0.0020970089826732,0.0012256073532626
2024-09-28T03:00:00Z,-7.609444,112.595556,0.0004824080970138312,0.0022006987128406,0.0010728925699368
2024-09-28T06:00:00Z,-7.609444,112.595556,0.0005221653264015913,0.0023372094146907,0.0010892681311815
2024-09-28T09:00:00Z,-7.609444,112.595556,0.0004522397939581424,0.0025024914648383,0.0006492381799034774
2024-09-28T12:00:00Z,-7.609444,112.595556,0.0006172680296003819,0.0025642395485192,0.00015713034372311083
2024-09-28T15:00:00Z,-7.609444,112.595556,0.000731366453692317,0.002597487764433,-0.00018359048408456147
2024-09-28T18:00:00Z,-7.609444,112.595556,0.0006403630250133574,0.0024679235648363,-0.0002507812750991434
2024-09-28T21:00:00Z,-7.609444,112.595556,0.00036348708090372384,0.0021930274087935,-0.0004326431662775576
2024-09-29T00:00:00Z,-7.609444,112.595556,0.00017395635950379074,0.0019161510281264,-0.0005795483011752367
2024-09-29T03:00:00Z,-7.609444,112.595556,8.773674926487729e-05,0.0017521796980872,-0.0005388462450355291
2024-09-29T06:00:00Z,-7.609444,112.595556,-9.689365106169134e-05,0.0015825945883989,-0.00021176019799895585
2024-09-29T09:00:00Z,-7.609444,112.595556,-0.00039750459836795926,0.0013041894417256,6.090520400903188e-05
2024-09-29T12:00:00Z,-7.609444,112.595556,-0.0006170356064103544,0.0010223854333162,0.00017970112094189972
2024-09-29T15:00:00Z,-7.609444,112.595556,-0.0007481079082936049,0.0009839959675446153,0.0005510231712833047
2024-09-29T18:00:00Z,-7.609444,112.595556,-0.0008487944724038243,0.000950452173128724,0.0011575856478884
2024-09-29T21:00:00Z,-7.609444,112.595556,-0.0010685230372473,0.0008834605687297881,0.0013950589345768
2024-09-30T00:00:00Z,-7.609444,112.595556,-0.0011724622454494,0.0008693438139744103,0.0015764989657327
2024-09-30T03:00:00Z,-7.609444,112.595556,-0.0012466681655496,0.0009433840750716628,0.0018396559171378
2024-09-30T06:00:00Z,-7.609444,112.595556,-0.0013781950110569,0.0007782288012094796,0.0023393067531287
2024-09-30T09:00:00Z,-7.609444,112.595556,-0.0016863528871908,0.0005781147629022598,0.0024587432853877
2024-09-30T12:00:00Z,-7.609444,112.595556,-0.0017547747120261,0.0005621481686830521,0.0024330692831426
2024-09-30T15:00:00Z,-7.609444,112.595556,-0.0018157154554501,0.0007541988743469119,0.0025418160948902
2024-09-30T18:00:00Z,-7.609444,112.595556,-0.0018457474652677,0.0009357566596008836,0.0026970438193529
2024-09-30T21:00:00Z,-7.609444,112.595556,-0.0020552643109112,0.0010896268067881,0.0026263436302542
2024-10-01T00:00:00Z,-7.609444,112.595556,-0.0021986616775393,0.0010635118233039,0.002638776320964
2024-10-01T03:00:00Z,-7.609444,112.595556,-0.0024548151995986,0.0008177743293344975,0.0027288000565022
2024-10-01T06:00:00Z,-7.609444,112.595556,-0.0027879609260708,0.00034721766132861376,0.0027036787942051
2024-10-01T09:00:00Z,-7.609444,112.595556,-0.0030692920554429,-2.218126837760792e-06,0.002585616428405
2024-10-01T12:00:00Z,-7.609444,112.595556,-0.0031942285131663,-0.00014122707943897694,0.0023700955789536
2024-10-01T15:00:00Z,-7.609444,112.595556,-0.0032800259068608,-0.0001563916157465428,0.0020449701696634
2024-10-01T18:00:00Z,-7.609444,112.595556,-0.0032697457354515,-0.00029857721528969705,0.0016951382858678
2024-10-01T21:00:00Z,-7.609444,112.595556,-0.0032321743201464,-0.0003639282949734479,0.0013183273840695
2024-10-02T00:00:00Z,-7.609444,112.595556,-0.0030276020988821,-0.0003210627182852477,0.0011821208754554
2024-10-02T03:00:00Z,-7.609444,112.595556,-0.0028442225884646,-0.0001529264118289575,0.0013125025434419
2024-10-02T06:00:00Z,-7.609444,112.595556,-0.0026164466980844,-0.00013083122030366212,0.0014739410253241
2024-10-02T09:00:00Z,-7.609444,112.595556,-0.002393529517576,-0.0002318602637387812,0.0014773678267374
2024-10-02T12:00:00Z,-7.609444,112.595556,-0.0021110966335982,-0.0005059402901679277,0.0012114961864426
2024-10-02T15:00:00Z,-7.609444,112.595556,-0.0018032686784863,-0.0008766232058405876,0.0008569868514314294
2024-10-02T18:00:00Z,-7.609444,112.595556,-0.001403744216077,-0.0012068485375493,0.0006149822729639709
2024-10-02T21:00:00Z,-7.609444,112.595556,-0.0010872496059164,-0.0013211524346843,0.0003260689845774323
2024-10-03T00:00:00Z,-7.609444,112.595556,-0.0005223947227932513,-0.001227920060046,-5.306396269588731e-05
2024-10-03T03:00:00Z,-7.609444,112.595556,4.115533010917716e-05,-0.0010318261338397,-0.000293913297355175
2024-10-03T06:00:00Z,-7.609444,112.595556,0.0006707949214614928,-0.0009359585237689316,-0.0004619628598447889
2024-10-03T09:00:00Z,-7.609444,112.595556,0.0010804227786138,-0.0007843229686841369,-0.0004539329966064543
2024-10-03T12:00:00Z,-7.609444,112.595556,0.0013761994196102,-0.0006781448610126972,-0.000385224906494841
2024-10-03T15:00:00Z,-7.609444,112.595556,0.0017469938611611,-0.0006740926182828844,-0.0001181617408292368
2024-10-03T18:00:00Z,-7.609444,112.595556,0.0021340160164982,-0.0006688176654279232,0.0004802088951691985
2024-10-03T21:00:00Z,-7.609444,112.595556,0.0023028827272355,-0.000785413954872638,0.0007202914566732943
2024-10-04T00:00:00Z,-7.609444,112.595556,0.002391166286543,-0.000963082246016711,0.0006731943576596677
2024-10-04T03:00:00Z,-7.609444,112.595556,0.0023709721863269,-0.0010002565104514,0.0004990418674424291
2024-10-04T06:00:00Z,-7.609444,112.595556,0.0024699144996702,-0.0010107284178957,0.0002037304948316887
2024-10-04T09:00:00Z,-7.609444,112.595556,0.0025574208702892,-0.0009686776902526616,5.708113530999981e-05
2024-10-04T12:00:00Z,-7.609444,112.595556,0.0025604758411645,-0.0010746086481958,-6.408107583411038e-05
2024-10-04T15:00:00Z,-7.609444,112.595556,0.0025234147906303,-0.0011676216963678,-0.00011570558126550168
2024-10-04T18:00:00Z,-7.609444,112.595556,0.0024175737053155,-0.0013253680663183,0.0001666113967075944
2024-10-04T21:00:00Z,-7.609444,112.595556,0.0021305084228515,-0.0014274666318669,0.0004474067245610058
2024-10-05T00:00:00Z,-7.609444,112.595556,0.0018748313887044,-0.0015424629673361,0.0007791022653691471
2024-10-05T03:00:00Z,-7.609444,112.595556,0.001531176152639,-0.0015585197834298,0.0008962485590018332
2024-10-05T06:00:00Z,-7.609444,112.595556,0.0013608740409836,-0.0015121625037863,0.0008485807338729501
2024-10-05T09:00:00Z,-7.609444,112.595556,0.0010773121612146,-0.001455953810364,0.0007883624639362097
2024-10-05T12:00:00Z,-7.609444,112.595556,0.0007306636543944478,-0.0015048737404868,0.000784723786637187
2024-10-05T15:00:00Z,-7.609444,112.595556,0.0004078340425621718,-0.0013925485545769,0.0010934999445453
2024-10-05T18:00:00Z,-7.609444,112.595556,0.00017786565877031535,-0.0013015484437346,0.0013317260891199
2024-10-05T21:00:00Z,-7.609444,112.595556,-7.154212653404102e-05,-0.0012711035087704,0.0012312587350606
2024-10-06T00:00:00Z,-7.609444,112.595556,-0.0002522124268580228,-0.0011724557261914,0.000998336123302579
2024-10-06T03:00:00Z,-7.609444,112.595556,-0.0003928423975594342,-0.0008394261240027845,0.0007760392036288977
2024-10-06T06:00:00Z,-7.609444,112.595556,-0.0005037852097302675,-0.000534297723788768,0.0005453240009956062
2024-10-06T09:00:00Z,-7.609444,112.595556,-0.0005982369766570628,-0.0003030582738574594,0.00012836830865126103
2024-10-06T12:00:00Z,-7.609444,112.595556,-0.0005289932014420629,-0.0002951273345388472,-0.0005274674040265381
2024-10-06T15:00:00Z,-7.609444,112.595556,-0.0005225897184573114,-0.0002915370569098741,-0.0008437825017608702
2024-10-06T18:00:00Z,-7.609444,112.595556,-0.0006428893539123237,-0.00022976701438892635,-0.0008544052252545953
2024-10-06T21:00:00Z,-7.609444,112.595556,-0.0008504194556735456,-0.00014826688857283443,-0.0011429522419348
2024-10-07T00:00:00Z,-7.609444,112.595556,-0.0008127317414619029,-0.0001524896069895476,-0.0015040289144963
2024-10-07T03:00:00Z,-7.609444,112.595556,-0.0007548171561211348,-0.0001088886201614514,-0.0014380794018507
2024-10-07T06:00:00Z,-7.609444,112.595556,-0.0007905598031356931,-0.00019638010417111215,-0.0014303399948403
2024-10-07T09:00:00Z,-7.609444,112.595556,-0.0007818148005753756,-0.0003061045426875353,-0.0016850043321028
2024-10-07T12:00:00Z,-7.609444,112.595556,-0.0005570105277001858,-0.0004261373542249202,-0.0017612214433029
2024-10-07T15:00:00Z,-7.609444,112.595556,-0.0003896637354046106,-0.0005087294848635793,-0.0017570571508258
2024-10-07T18:00:00Z,-7.609444,112.595556,-0.0002465516154188663,-0.0006040563457645476,-0.0017706021899357
2024-10-07T21:00:00Z,-7.609444,112.595556,-0.00015756467473693192,-0.0007672743522562087,-0.0018632287392392
2024-10-08T00:00:00Z,-7.609444,112.595556,0.0001334070402663201,-0.0009440506109967828,-0.0018791431793943
2024-10-08T03:00:00Z,-7.609444,112.595556,0.00044286821503192186,-0.0010534251341596,-0.0014935162616893
2024-10-08T06:00:00Z,-7.609444,112.595556,0.0006438805139623582,-0.0012254480971023,-0.0010211361804977
2024-10-08T09:00:00Z,-7.609444,112.595556,0.0007020981283858418,-0.0014616718981415,-0.0009383403230458498
2024-10-08T12:00:00Z,-7.609444,112.595556,0.0008631987147964537,-0.0015792205231264,-0.0008118114201352
2024-10-08T15:00:00Z,-7.609444,112.595556,0.0010301597649231,-0.0015040197176858,-0.0004082855011802167
2024-10-08T18:00:00Z,-7.609444,112.595556,0.001134870108217,-0.0015305527485907,-0.0001710849319351837
2024-10-08T21:00:00Z,-7.609444,112.595556,0.001122553483583,-0.0015617825556546,5.336021786206402e-05
2024-10-09T00:00:00Z,-7.609444,112.595556,0.0012826555175706,-0.0014858313370496,0.0001977236679522321
2024-10-09T03:00:00Z,-7.609444,112.595556,0.0013559397775679,-0.0013455905718728,0.000434908113675192
2024-10-09T06:00:00Z,-7.609444,112.595556,0.0012822248972952,-0.0013383687473833,0.0004601643013302237
2024-10-09T09:00:00Z,-7.609444,112.595556,0.0011111540952697,-0.0013081857468932,0.0003286725550424308
2024-10-09T12:00:00Z,-7.609444,112.595556,0.0010328885400667,-0.0012375805526971,0.0004894313751719892
2024-10-09T15:00:00Z,-7.609444,112.595556,0.0009786550654098392,-0.0010850820690393,0.0006174896261654794
2024-10-09T18:00:00Z,-7.609444,112.595556,0.0008789858547970653,-0.0010859087342396,0.000402776466216892
2024-10-09T21:00:00Z,-7.609444,112.595556,0.0006637538317590952,-0.001097752363421,3.533506242092699e-05
2024-10-10T00:00:00Z,-7.609444,112.595556,0.0005054933717474341,-0.0010792621178552,-0.0003017926646862179
2024-10-10T03:00:00Z,-7.609444,112.595556,0.00024369379389099777,-0.0009779480751603842,-0.0006582006462849677
2024-10-10T06:00:00Z,-7.609444,112.595556,-9.597258758731186e-05,-0.0009341224213130772,-0.001044753822498
2024-10-10T09:00:00Z,-7.609444,112.595556,-0.0005124690942466259,-0.0008822947274893522,-0.0013652149355039
2024-10-10T12:00:00Z,-7.609444,112.595556,-0.0008082693093456328,-0.00091973424423486,-0.0015515600098297
2024-10-10T15:00:00Z,-7.609444,112.595556,-0.0010530115105211,-0.0008178504067473114,-0.0014452470932155
2024-10-10T18:00:00Z,-7.609444,112.595556,-0.0013396870344877,-0.000658230681437999,-0.0013418255839496
2024-10-10T21:00:00Z,-7.609444,112.595556,-0.0016119754873216,-0.0004221127601340413,-0.0013601143145933
2024-10-11T00:00:00Z,-7.609444,112.595556,-0.0018173299031332,-0.00025032987468875945,-0.001284365192987
2024-10-11T03:00:00Z,-7.609444,112.595556,-0.0020265921484678,-0.00010106885019922628,-0.001280365511775
2024-10-11T06:00:00Z,-7.609444,112.595556,-0.002036107936874,-0.0001084882824216038,-0.0012187807587906
2024-10-11T09:00:00Z,-7.609444,112.595556,-0.002027278766036,-0.00018780781829264012,-0.0013665534788742
2024-10-11T12:00:00Z,-7.609444,112.595556,-0.0019553105812519,-0.0002927043824456632,-0.0014216693816706
2024-10-11T15:00:00Z,-7.609444,112.595556,-0.001877826754935,-0.0003486761124804616,-0.0014363101217895
2024-10-11T18:00:00Z,-7.609444,112.595556,-0.0017893920885398,-0.0003954862768296152,-0.0014931811019778
2024-10-11T21:00:00Z,-7.609444,112.595556,-0.0016522934893146,-0.00035112936166115105,-0.0016710481140762
2024-10-12T00:00:00Z,-7.609444,112.595556,-0.0013064153026789,-0.00028474853024818003,-0.0016329629579558
2024-10-12T03:00:00Z,-7.609444,112.595556,-0.0010201394325122,-9.407815377926454e-05,-0.0014640565495938
2024-10-12T06:00:00Z,-7.609444,112.595556,-0.0008128193439915776,9.401327406521888e-05,-0.0011970470659434
2024-10-12T09:00:00Z,-7.609444,112.595556,-0.000596576021052897,0.0003768107562791556,-0.000919024634640664
2024-10-12T12:00:00Z,-7.609444,112.595556,-0.0002842877875082195,0.0006268725264817476,-0.0006877228734083474
2024-10-12T15:00:00Z,-7.609444,112.595556,0.0001920649956446141,0.0007496459875255823,-0.0007125255651772022
2024-10-12T18:00:00Z,-7.609444,112.595556,0.0005954306107014418,0.0008018722874112427,-0.0007170370081439614
2024-10-12T21:00:00Z,-7.609444,112.595556,0.0007687052711844444,0.0008357823244296014,-0.0007725852192379534
2024-10-13T00:00:00Z,-7.609444,112.595556,0.0009705072152428328,0.0007839571917429566,-0.0006781701813451946
2024-10-13T03:00:00Z,-7.609444,112.595556,0.001230283640325,0.0006593269063159823,-0.0005495201330631971
2024-10-13T06:00:00Z,-7.609444,112.595556,0.0014059154782444,0.0004427294188644737,-0.0004714271635748446
2024-10-13T09:00:00Z,-7.609444,112.595556,0.0014588320627808,0.0003310700703877956,-0.0004849115794058889
2024-10-13T12:00:00Z,-7.609444,112.595556,0.0016032048733904,0.000165276593179442,-0.0005027871229685843
2024-10-13T15:00:00Z,-7.609444,112.595556,0.0016547424020245,-9.818817488849164e-05,-0.00042503379518166174
2024-10-13T18:00:00Z,-7.609444,112.595556,0.0016374965198338,-0.00034357025288045406,-0.00018638042092788965
2024-10-13T21:00:00Z,-7.609444,112.595556,0.001605840283446,-0.000491587386932224,7.39266979508102e-05
2024-10-14T00:00:00Z,-7.609444,112.595556,0.001627649879083,-0.000576515740249306,0.0002477987145539373
2024-10-14T03:00:00Z,-7.609444,112.595556,0.0015912262024357,-0.0007088927668519318,0.00013823375047650188
2024-10-14T06:00:00Z,-7.609444,112.595556,0.0014993438962846,-0.0010188397718593,-8.223003533203155e-05
2024-10-14T09:00:00Z,-7.609444,112.595556,0.0013699770206585,-0.0013104026438668,-0.0003706503775902093
2024-10-14T12:00:00Z,-7.609444,112.595556,0.0012523854384198,-0.0015540689928457,-0.0005785443354398012
2024-10-14T15:00:00Z,-7.609444,112.595556,0.0011888747103512,-0.0016215740470215,-0.0008784702513366938
2024-10-14T18:00:00Z,-7.609444,112.595556,0.0011112720239907,-0.001636297092773,-0.0011549753835424
2024-10-14T21:00:00Z,-7.609444,112.595556,0.0010345161426812,-0.0016007110243663,-0.0014952331548556
2024-10-15T00:00:00Z,-7.609444,112.595556,0.0010185600258409,-0.0014950342010706,-0.0016993791796267
2024-10-15T03:00:00Z,-7.609444,112.595556,0.0010091783478856,-0.001366694108583,-0.0015010656788945
2024-10-15T06:00:00Z,-7.609444,112.595556,0.0010844233911484,-0.0015156597364693,-0.0011489081662148
2024-10-15T09:00:00Z,-7.609444,112.595556,0.0010899227345362,-0.001779550104402,-0.0011251481482759
2024-10-15T12:00:00Z,-7.609444,112.595556,0.0011073128553107,-0.0018910547951236,-0.0011993816588073
2024-10-15T15:00:00Z,-7.609444,112.595556,0.0010162987746298,-0.0018281404627487,-0.001421857276
2024-10-15T18:00:00Z,-7.609444,112.595556,0.0010209687752649,-0.001682152505964,-0.001605967641808
2024-10-15T21:00:00Z,-7.609444,112.595556,0.0009862848091870546,-0.0015460210852324,-0.0019249499309808
2024-10-16T00:00:00Z,-7.609444,112.595556,0.0010013342835009,-0.0014275477733463,-0.0019989390857517
2024-10-16T03:00:00Z,-7.609444,112.595556,0.001010688021779,-0.0013455357402563,-0.0017502073897048
2024-10-16T06:00:00Z,-7.609444,112.595556,0.000997842405922711,-0.0012952338438481,-0.0011705714277923
2024-10-16T09:00:00Z,-7.609444,112.595556,0.0009027207270264626,-0.001304643577896,-0.0006661448860540986
2024-10-16T12:00:00Z,-7.609444,112.595556,0.0008989273919723928,-0.0012921856250613,-0.00014282154734246433
2024-10-16T15:00:00Z,-7.609444,112.595556,0.0009659967618063092,-0.0012278377544134,0.000249575765337795
2024-10-16T18:00:00Z,-7.609444,112.595556,0.0010771836386993,-0.0012804365251213,0.0006590786506421864
2024-10-16T21:00:00Z,-7.609444,112.595556,0.0010718922130763,-0.0013885744847357,0.0005873560439795256
2024-10-17T00:00:00Z,-7.609444,112.595556,0.0011997208930552,-0.0015461528673768,0.00022107794939074665
2024-10-17T03:00:00Z,-7.609444,112.595556,0.0013763478491455,-0.001500237849541,0.00026496569626033306
2024-10-17T06:00:00Z,-7.609444,112.595556,0.0013500459026545,-0.0013658960815519,0.0006259666988626122
2024-10-17T09:00:00Z,-7.609444,112.595556,0.0011915431823581,-0.0013082197401672,0.000842108391225338
2024-10-17T12:00:00Z,-7.609444,112.595556,0.0010242551798,-0.0013307288754731,0.001098467502743
2024-10-17T15:00:00Z,-7.609444,112.595556,0.0008270490216091275,-0.0015182979404926,0.0012252071173861
2024-10-17T18:00:00Z,-7.609444,112.595556,0.000551707053091377,-0.0017983793513849,0.0015072837704792
2024-10-17T21:00:00Z,-7.609444,112.595556,0.0002840452652890235,-0.0019585820846259,0.0015943814069032
2024-10-18T00:00:00Z,-7.609444,112.595556,0.0003626976395025849,-0.0019723908044397,0.0017533022910356
2024-10-18T03:00:00Z,-7.609444,112.595556,0.0003970449906773865,-0.0017518596723675,0.002086933935061
2024-10-18T06:00:00Z,-7.609444,112.595556,0.00028984140953980386,-0.0016218983801081,0.0019942475482821
2024-10-18T09:00:00Z,-7.609444,112.595556,0.00015868573973421007,-0.0015017644036561,0.0014752164715901
2024-10-18T12:00:00Z,-7.609444,112.595556,0.00014333506987895817,-0.0013586983550339,0.0013914620503783
2024-10-18T15:00:00Z,-7.609444,112.595556,8.556344255339354e-05,-0.0012769459281116,0.001404044101946
2024-10-18T18:00:00Z,-7.609444,112.595556,-5.906257138121873e-05,-0.001258451025933,0.0014569432241842
2024-10-18T21:00:00Z,-7.609444,112.595556,-0.00028703463613055646,-0.0012493644608184,0.0011438437504693
2024-10-19T00:00:00Z,-7.609444,112.595556,-0.00028546099201776087,-0.0014196924166753,0.0005892741028219461
2024-10-19T03:00:00Z,-7.609444,112.595556,-0.00028029101667925715,-0.0015890001086518,0.00010988755821017548
2024-10-19T06:00:00Z,-7.609444,112.595556,-0.00044455015449784696,-0.001850837492384,-0.0003607954422477633
2024-10-19T09:00:00Z,-7.609444,112.595556,-0.0006128544337116182,-0.0021496741101145,-0.0011690628016367
2024-10-19T12:00:00Z,-7.609444,112.595556,-0.0005828324356116354,-0.0022630072198808,-0.001632792991586
2024-10-19T15:00:00Z,-7.609444,112.595556,-0.0005593787645921111,-0.0021641976200044,-0.0018070780206471
2024-10-19T18:00:00Z,-7.609444,112.595556,-0.0005918414681218565,-0.0020450470037758,-0.0017094773938879
2024-10-19T21:00:00Z,-7.609444,112.595556,-0.000844556896481663,-0.0019541601650416,-0.0016082733636721
2024-10-20T00:00:00Z,-7.609444,112.595556,-0.0009675613837316632,-0.0020326199010014,-0.0014283620985224
2024-10-20T03:00:00Z,-7.609444,112.595556,-0.0008892683545127511,-0.0020473340991884,-0.0009683869429863988
2024-10-20T06:00:00Z,-7.609444,112.595556,-0.0007043295190669596,-0.0021059578284621,-0.0006469987565651536
2024-10-20T09:00:00Z,-7.609444,112.595556,-0.000462617288576439,-0.0020529439207166,-0.0003460460575297475
2024-10-20T12:00:00Z,-7.609444,112.595556,-5.828098437632434e-05,-0.0019757463596761,6.584175571333617e-05
2024-10-20T15:00:00Z,-7.609444,112.595556,0.0003954849671572447,-0.0018060090951621,0.0006601514178328216
2024-10-20T18:00:00Z,-7.609444,112.595556,0.0008101026760414243,-0.0016962987137958,0.001152996905148
2024-10-20T21:00:00Z,-7.609444,112.595556,0.000991525244899094,-0.001506985281594,0.0013295945245772
2024-10-21T00:00:00Z,-7.609444,112.595556,0.0011761105852201,-0.0014003849355503,0.0011580970603972
2024-10-21T03:00:00Z,-7.609444,112.595556,0.0014107129536569,-0.0012292122701182,0.0007429640390910208
2024-10-21T06:00:00Z,-7.609444,112.595556,0.0017223540926352,-0.0010382232721894,0.0003217231424059719
2024-10-21T09:00:00Z,-7.609444,112.595556,0.0019580828957259,-0.0008970293565653265,0.00011185591574758293
2024-10-21T12:00:00Z,-7.609444,112.595556,0.002011826261878,-0.000854605226777494,0.00014810028369538486
2024-10-21T15:00:00Z,-7.609444,112.595556,0.0019329047063365,-0.0008573434315621853,0.0004445678205229342
2024-10-21T18:00:00Z,-7.609444,112.595556,0.0018037257250398,-0.0009925058111548424,0.0007241524872370064
2024-10-21T21:00:00Z,-7.609444,112.595556,0.0015976974973455,-0.0010055504972115,0.0007470396813005209
2024-10-22T00:00:00Z,-7.609444,112.595556,0.0015121257165446,-0.0009585748193785548,0.0009081956231966616
2024-10-22T03:00:00Z,-7.609444,112.595556,0.0013159860391169,-0.0008709118701517582,0.0009849824709817767
2024-10-22T06:00:00Z,-7.609444,112.595556,0.0010521083604544,-0.0008081451524049044,0.0009020728175528347
2024-10-22T09:00:00Z,-7.609444,112.595556,0.0007994090556167066,-0.0008774620364420116,0.0005064851720817387
2024-10-22T12:00:00Z,-7.609444,112.595556,0.000601410458330065,-0.0009570662514306604,0.0003003784804604948
2024-10-22T15:00:00Z,-7.609444,112.595556,0.0003888710925821215,-0.0008480178075842559,0.0001918706548167393
2024-10-22T18:00:00Z,-7.609444,112.595556,0.00013192911865189672,-0.000889322254806757,5.398100620368496e-05
2024-10-22T21:00:00Z,-7.609444,112.595556,-0.00014885299606248736,-0.0009732377948239446,-0.00015669260756112635
2024-10-23T00:00:00Z,-7.609444,112.595556,-0.0002822670212481171,-0.0009848016779869797,-9.649266576161608e-05
2024-10-23T03:00:00Z,-7.609444,112.595556,-0.0005151440273039043,-0.0008951495983637869,9.341147233499214e-05
2024-10-23T06:00:00Z,-7.609444,112.595556,-0.0008275439031422138,-0.0008093243814073503,0.0003244959225412458
2024-10-23T09:00:00Z,-7.609444,112.595556,-0.0011744091752916,-0.0008372231386601925,0.00020446277630981055
2024-10-23T12:00:00Z,-7.609444,112.595556,-0.0014230068773031,-0.0010190821485593,0.0002171515516238287
2024-10-23T15:00:00Z,-7.609444,112.595556,-0.0015520058805122,-0.0011703198542818,0.00029628354241140187
2024-10-23T18:00:00Z,-7.609444,112.595556,-0.0016888347454369,-0.0013578899670392,0.0005352289299480617
2024-10-23T21:00:00Z,-7.609444,112.595556,-0.0018995724385604,-0.001603607670404,0.0006645543617196381
2024-10-24T00:00:00Z,-7.609444,112.595556,-0.0020194575190544,-0.0018204285297542,0.0009518851875327528
2024-10-24T03:00:00Z,-7.609444,112.595556,-0.001965187722817,-0.0018556294962763,0.0011812874581664
2024-10-24T06:00:00Z,-7.609444,112.595556,-0.0018691468285396,-0.0019366858759894,0.001070137717761
2024-10-24T09:00:00Z,-7.609444,112.595556,-0.0017328162211924,-0.0020278603769838,0.000909200811292976
2024-10-24T12:00:00Z,-7.609444,112.595556,-0.0016490507405251,-0.0022046491503715,0.0009901789017021656
2024-10-24T15:00:00Z,-7.609444,112.595556,-0.0014964926522225,-0.0023419826757162,0.0010643554851412
2024-10-24T18:00:00Z,-7.609444,112.595556,-0.0013651198241859,-0.0023372378200292,0.0015461338916793
2024-10-24T21:00:00Z,-7.609444,112.595556,-0.001316215028055,-0.0022604528348892,0.0019451536936685
2024-10-25T00:00:00Z,-7.609444,112.595556,-0.001298539689742,-0.0021612730342894,0.0022492643911391
2024-10-25T03:00:00Z,-7.609444,112.595556,-0.0011956708040088,-0.0018825564766302,0.0025398740544915
2024-10-25T06:00:00Z,-7.609444,112.595556,-0.0010569709120318,-0.0014890895690768,0.0028303295839577
2024-10-25T09:00:00Z,-7.609444,112.595556,-0.0008474991773255169,-0.0010066990507766,0.003117196727544
2024-10-25T12:00:00Z,-7.609444,112.595556,-0.0006530272075906396,-0.0004984635743312538,0.0034329697955399
2024-10-25T15:00:00Z,-7.609444,112.595556,-0.00041100208181887865,-3.937571091228165e-05,0.0034657607320696
2024-10-25T18:00:00Z,-7.609444,112.595556,-0.00018655559688340875,0.0002349649439565837,0.003622424788773
2024-10-25T21:00:00Z,-7.609444,112.595556,-5.82369975745678e-05,0.0002945454907603562,0.0036011475604027
2024-10-26T00:00:00Z,-7.609444,112.595556,0.00012762725236825645,0.0001361294271191582,0.003400337183848
2024-10-26T03:00:00Z,-7.609444,112.595556,0.0002660637255758047,-0.0001651974889682606,0.0031452274415642
2024-10-26T06:00:00Z,-7.609444,112.595556,0.0003506171051412821,-0.0005773120792582631,0.002980395918712
2024-10-26T09:00:00Z,-7.609444,112.595556,0.0003523669729474932,-0.00090537266805768,0.0027678760234266
2024-10-26T12:00:00Z,-7.609444,112.595556,0.0001579349918756634,-0.0012292024912312,0.0026344202924519
2024-10-26T15:00:00Z,-7.609444,112.595556,2.982774458359927e-05,-0.0013798574218526,0.0025636139325797
2024-10-26T18:00:00Z,-7.609444,112.595556,-0.00010300437133992092,-0.0014410462463274,0.002634550910443
2024-10-26T21:00:00Z,-7.609444,112.595556,-0.0003015639667864889,-0.0015379356918856,0.0027130036614835
2024-10-27T00:00:00Z,-7.609444,112.595556,-0.0004113022587262094,-0.0017339455662295,0.0028288576286286
2024-10-27T03:00:00Z,-7.609444,112.595556,-0.0004969677538610995,-0.0018153225537389,0.0032374081201851
2024-10-27T06:00:00Z,-7.609444,112.595556,-0.0005749861593358219,-0.0017917250515893,0.003787996713072
2024-10-27T09:00:00Z,-7.609444,112.595556,-0.0006059639272280037,-0.0016772822709754,0.0039756838232278
2024-10-27T12:00:00Z,-7.609444,112.595556,-0.0004981439560651779,-0.0016637843800708,0.0042193746194243
2024-10-27T15:00:00Z,-7.609444,112.595556,-0.00024810837930999696,-0.0015795910730957,0.0044280719012022
2024-10-27T18:00:00Z,-7.609444,112.595556,0.00011358952906448394,-0.0016015304718166,0.0044310754165053
2024-10-27T21:00:00Z,-7.609444,112.595556,0.0004441891796886921,-0.0017100949771702,0.0038091582246124
2024-10-28T00:00:00Z,-7.609444,112.595556,0.0007440222543664277,-0.001759749604389,0.0032847891561686
2024-10-28T03:00:00Z,-7.609444,112.595556,0.0009718667715787888,-0.0017324112122878,0.002945247804746
2024-10-28T06:00:00Z,-7.609444,112.595556,0.0011922336416319,-0.0016611613100394,0.0027228514663875
2024-10-28T09:00:00Z,-7.609444,112.595556,0.0013128806604072,-0.0015432182699441,0.0020094837527722
2024-10-28T12:00:00Z,-7.609444,112.595556,0.0014418083010241,-0.0014002876123413,0.0017288841772824
2024-10-28T15:00:00Z,-7.609444,112.595556,0.0016262136632576,-0.0011708091478794,0.0016890204278752
2024-10-28T18:00:00Z,-7.609444,112.595556,0.0019339190330356,-0.0009463184396736324,0.0016641458496451
2024-10-28T21:00:00Z,-7.609444,112.595556,0.0022729206830263,-0.0008168095955625176,0.001350246137008
2024-10-29T00:00:00Z,-7.609444,112.595556,0.0025777148548513,-0.0008189087966457009,0.0012213805457577
2024-10-29T03:00:00Z,-7.609444,112.595556,0.0028062248602509,-0.0009219248895533384,0.000943173246923834
2024-10-29T06:00:00Z,-7.609444,112.595556,0.0029805495869368,-0.001168874790892,0.0003362211282365024
2024-10-29T09:00:00Z,-7.609444,112.595556,0.0031004424672573,-0.0014038638910278,-0.0005568919004872441
2024-10-29T12:00:00Z,-7.609444,112.595556,0.003166657872498,-0.0014930772595107,-0.00101307220757
2024-10-29T15:00:00Z,-7.609444,112.595556,0.003212897805497,-0.0015077947173267,-0.0009939104784280062
2024-10-29T18:00:00Z,-7.609444,112.595556,0.0033011867199093,-0.0015821503475308,-0.000855518679600209
2024-10-29T21:00:00Z,-7.609444,112.595556,0.003279713448137,-0.0016242122510448,-0.000985834514722228
2024-10-30T00:00:00Z,-7.609444,112.595556,0.0033035450614988,-0.0014333730796352,-0.0005894179921597242
2024-10-30T03:00:00Z,-7.609444,112.595556,0.0032214184757322,-0.0012078011641278,-0.0003367546887602657
2024-10-30T06:00:00Z,-7.609444,112.595556,0.0031357367988675,-0.0011953336652368,-0.00031579885398969054
2024-10-30T09:00:00Z,-7.609444,112.595556,0.0030757263302803,-0.001292064669542,-0.00024020674754865468
2024-10-30T12:00:00Z,-7.609444,112.595556,0.003020126838237,-0.0014782666694372,-4.711512156063691e-05
2024-10-30T15:00:00Z,-7.609444,112.595556,0.0029656717088073,-0.0017180792056024,-0.0001679395354585722
2024-10-30T18:00:00Z,-7.609444,112.595556,0.0028872692491859,-0.0020111952908337,-0.00029870489379391074
2024-10-30T21:00:00Z,-7.609444,112.595556,0.002620117040351,-0.0022916274610906,-0.000707223080098629
2024-10-31T00:00:00Z,-7.609444,112.595556,0.0023879681248217,-0.0024177269078791,-0.00091364118270576
2024-10-31T03:00:00Z,-7.609444,112.595556,0.0020604620222002,-0.0022624167613685,-0.0011704144999384
2024-10-31T06:00:00Z,-7.609444,112.595556,0.0016265488229691,-0.0021918632555752,-0.0017116540111601
2024-10-31T09:00:00Z,-7.609444,112.595556,0.00120734074153,-0.0023189098574221,-0.002077289391309
2024-10-31T12:00:00Z,-7.609444,112.595556,0.0008788553532212973,-0.0025157225318253,-0.0021132915280759
2024-10-31T15:00:00Z,-7.609444,112.595556,0.000613614683970809,-0.0026062775868922,-0.0014530445914715
2024-10-31T18:00:00Z,-7.609444,112.595556,0.0001383630296913907,-0.0026506027206778,-0.0003431215591263026
2024-10-31T21:00:00Z,-7.609444,112.595556,-0.0003690606390591711,-0.0026438075583428,0.0004625356814358384
2024-11-01T00:00:00Z,-7.609444,112.595556,-0.0005666662473231554,-0.002584588015452,0.0011958791874349
2024-11-01T03:00:00Z,-7.609444,112.595556,-0.0006286419811658561,-0.0023772565182298,0.0016632676124572
2024-11-01T06:00:00Z,-7.609444,112.595556,-0.0006094890995882452,-0.0021691992878913,0.0018849050393328
2024-11-01T09:00:00Z,-7.609444,112.595556,-0.0005542382714338601,-0.0019882046617567,0.002134044189006
2024-11-01T12:00:00Z,-7.609444,112.595556,-0.0002985259925480932,-0.0019280237611383,0.0022947895340621
2024-11-01T15:00:00Z,-7.609444,112.595556,-3.5222499718656763e-05,-0.001884582452476,0.0021177227608859
2024-11-01T18:00:00Z,-7.609444,112.595556,0.00023350135597866029,-0.0019059790065512,0.0021942050661891
2024-11-01T21:00:00Z,-7.609444,112.595556,0.0003726900613401085,-0.0019693202339112,0.0021003449801355
2024-11-02T00:00:00Z,-7.609444,112.595556,0.0005242080660536885,-0.0018980763852596,0.0018181306077167
2024-11-02T03:00:00Z,-7.609444,112.595556,0.0006331981276161969,-0.0017930744215846,0.0018354607746005
2024-11-02T06:00:00Z,-7.609444,112.595556,0.000733450404368341,-0.0017462014220654,0.0017929873429238
2024-11-02T09:00:00Z,-7.609444,112.595556,0.0008095670491456985,-0.0016380120068788,0.0017166543984785
2024-11-02T12:00:00Z,-7.609444,112.595556,0.0009161902125924826,-0.0016238602111116,0.0016581389354541
2024-11-02T15:00:00Z,-7.609444,112.595556,0.0009555371361784636,-0.0017880591331049,0.0012850399361923
2024-11-02T18:00:00Z,-7.609444,112.595556,0.0009959975723177197,-0.0020697719883173,0.0011972123757004
2024-11-02T21:00:00Z,-7.609444,112.595556,0.0010733391391113,-0.0023265643976628,0.001028207829222
2024-11-03T00:00:00Z,-7.609444,112.595556,0.0011946158483624,-0.002575583057478,0.0007092517917044461
2024-11-03T03:00:00Z,-7.609444,112.595556,0.0013094478053972,-0.0027040231507271,0.0003768181195482612
2024-11-03T06:00:00Z,-7.609444,112.595556,0.0014118157560005,-0.0027648170944303,0.00011325936793582514
2024-11-03T09:00:00Z,-7.609444,112.595556,0.0013951385626569,-0.002721635159105,-0.00012341368710622191
2024-11-03T12:00:00Z,-7.609444,112.595556,0.0013248530449345,-0.0026802006177604,-0.0002351420262129977
2024-11-03T15:00:00Z,-7.609444,112.595556,0.0011995654786005,-0.0026012316811829,-2.628500442369841e-05
2024-11-03T18:00:00Z,-7.609444,112.595556,0.0010108624119311,-0.0027026976458728,0.0002929607580881566
2024-11-03T21:00:00Z,-7.609444,112.595556,0.0007202184060588479,-0.0028493823483586,0.000665262050461024
2024-11-04T00:00:00Z,-7.609444,112.595556,0.0004248797486070544,-0.0028659349773079,0.0012533117551356
2024-11-04T03:00:00Z,-7.609444,112.595556,0.00012825557496398687,-0.0027562761679291,0.0020263099577277
2024-11-04T06:00:00Z,-7.609444,112.595556,-6.801622657803819e-05,-0.0026682734023779,0.0030095560941845
2024-11-04T09:00:00Z,-7.609444,112.595556,-8.113371586659923e-05,-0.0025926297530531,0.0035455543547868
2024-11-04T12:00:00Z,-7.609444,112.595556,2.310002673766576e-05,-0.0025075171142816,0.0039389920420944
2024-11-04T15:00:00Z,-7.609444,112.595556,5.480129038915038e-05,-0.0023358161561191,0.003906755708158
2024-11-04T18:00:00Z,-7.609444,112.595556,5.012173915019957e-06,-0.0021833691280335,0.0033530190121382
2024-11-04T21:00:00Z,-7.609444,112.595556,-8.704111678525805e-06,-0.0020019386429339,0.0026310682296752
2024-11-05T00:00:00Z,-7.609444,112.595556,9.567297638568562e-06,-0.0018795047653838,0.0019584060646593
2024-11-05T03:00:00Z,-7.609444,112.595556,-0.00011175826512044296,-0.0018527769716456,0.0017828177660703
2024-11-05T06:00:00Z,-7.609444,112.595556,-0.000358328630682081,-0.0019778367131948,0.0017094573704525
2024-11-05T09:00:00Z,-7.609444,112.595556,-0.0004919121856801212,-0.0022194772027432,0.001775316777639
2024-11-05T12:00:00Z,-7.609444,112.595556,-0.0004018850740976632,-0.00243412097916,0.0018232965376228
2024-11-05T15:00:00Z,-7.609444,112.595556,-0.00019185699056833985,-0.0023628526832908,0.0018599373288452
2024-11-05T18:00:00Z,-7.609444,112.595556,-0.00011467015428934246,-0.0022007306106388,0.0019226510776206
2024-11-05T21:00:00Z,-7.609444,112.595556,-0.00014219396689441055,-0.0021266529802232,0.0012909662909805
2024-11-06T00:00:00Z,-7.609444,112.595556,-1.4134420780465009e-05,-0.0021111173555254,0.0002575599937699735
2024-11-06T03:00:00Z,-7.609444,112.595556,0.00024350319290533665,-0.0019862037152051,-0.0005783156375400722
2024-11-06T06:00:00Z,-7.609444,112.595556,0.0003784957807511091,-0.0018026204779744,-0.0013300779974088
2024-11-06T09:00:00Z,-7.609444,112.595556,0.0003760827821679413,-0.0015882689040154,-0.0019670973997563
2024-11-06T12:00:00Z,-7.609444,112.595556,0.0004853481659665704,-0.0014409489231184,-0.0024590988177806
2024-11-06T15:00:00Z,-7.609444,112.595556,0.0006398702971637249,-0.001408290467225,-0.0026053998153656
2024-11-06T18:00:00Z,-7.609444,112.595556,0.0006823910516686738,-0.0015655297320336,-0.0024815995711833
2024-11-06T21:00:00Z,-7.609444,112.595556,0.0006303003174252808,-0.0017232145182788,-0.0021248143166303
2024-11-07T00:00:00Z,-7.609444,112.595556,0.0005973350489512086,-0.0018878862028941,-0.0017981192795559
2024-11-07T03:00:00Z,-7.609444,112.595556,0.0007578154909424484,-0.0019295704551041,-0.001580320415087
2024-11-07T06:00:00Z,-7.609444,112.595556,0.0009432303486391902,-0.0017936632502824,-0.0015458007110282
2024-11-07T09:00:00Z,-7.609444,112.595556,0.0010869242250919,-0.0015156588051468,-0.0013386163627728
2024-11-07T12:00:00Z,-7.609444,112.595556,0.0010413351701572,-0.0013802493922412,-0.0009878533892333508
2024-11-07T15:00:00Z,-7.609444,112.595556,0.000940074329264462,-0.0014911906328052,-0.0008524705190211535
2024-11-07T18:00:00Z,-7.609444,112.595556,0.0008808457641862333,-0.0017254274571314,-0.0005990758654661477
2024-11-07T21:00:00Z,-7.609444,112.595556,0.000649286899715662,-0.0018005678430199,-0.00015218404587358236
2024-11-08T00:00:00Z,-7.609444,112.595556,0.00026310989051125944,-0.0017924164421856,0.0004758588911499828
2024-11-08T03:00:00Z,-7.609444,112.595556,-7.600475510116667e-05,-0.0017413620371371,0.0010251962812617
2024-11-08T06:00:00Z,-7.609444,112.595556,-0.00015008704212959856,-0.0017538899555802,0.000950816145632416
2024-11-08T09:00:00Z,-7.609444,112.595556,-1.4641784218838438e-05,-0.0018392568454146,0.0008858105866238475
2024-11-08T12:00:00Z,-7.609444,112.595556,-5.485889414558187e-05,-0.0020063670817762,0.0009831563802435994
2024-11-08T15:00:00Z,-7.609444,112.595556,-0.000139884723466821,-0.0021797951776534,0.0008696556906215847
2024-11-08T18:00:00Z,-7.609444,112.595556,-9.348885214421898e-05,-0.0023187750484794,0.0007033690344542265
2024-11-08T21:00:00Z,-7.609444,112.595556,-1.1058008567488288e-05,-0.00238230638206,0.00038849745760671794
2024-11-09T00:00:00Z,-7.609444,112.595556,-5.212223186390474e-05,-0.00245430204086,0.00013718270929530263
2024-11-09T03:00:00Z,-7.609444,112.595556,-0.00020721404871437696,-0.0025480720214545,3.165748552191872e-08
2024-11-09T06:00:00Z,-7.609444,112.595556,-0.0003012869565282017,-0.002617945196107,-0.00014578331320080906
2024-11-09T09:00:00Z,-7.609444,112.595556,-0.00029370360425673425,-0.0026023762766271,-0.00022617394279222933
2024-11-09T12:00:00Z,-7.609444,112.595556,-0.00030754756880924106,-0.0024455341044813,-9.721292008180173e-05
2024-11-09T15:00:00Z,-7.609444,112.595556,-0.00032456842018291354,-0.0022392894607037,-7.049059786368161e-05
2024-11-09T18:00:00Z,-7.609444,112.595556,-0.00024060829309746623,-0.002222777577117,-0.00012776821677107364
2024-11-09T21:00:00Z,-7.609444,112.595556,-0.00013198278611525893,-0.0023860987275838,-0.000459577509900555
2024-11-10T00:00:00Z,-7.609444,112.595556,6.094795753597282e-05,-0.0025886876974254,-0.000673428934533149
2024-11-10T03:00:00Z,-7.609444,112.595556,0.00023137788230087608,-0.0027200998738408,-0.000433897104812786
2024-11-10T06:00:00Z,-7.609444,112.595556,0.0004311715601943433,-0.0026853401213884,-0.00017957606178242713
2024-11-10T09:00:00Z,-7.609444,112.595556,0.0007065237150527537,-0.002521404530853,-2.3546315787825733e-05
2024-11-10T12:00:00Z,-7.609444,112.595556,0.0008835510816425085,-0.0024626848753541,0.00016977443010546267
2024-11-10T15:00:00Z,-7.609444,112.595556,0.0009546931833028792,-0.00237124459818,0.00030462199356406927
2024-11-10T18:00:00Z,-7.609444,112.595556,0.000966304971370846,-0.0023802409414201,0.000481987081002444
2024-11-10T21:00:00Z,-7.609444,112.595556,0.0009761371184140444,-0.0025352099910378,0.00027104647597298026
2024-11-11T00:00:00Z,-7.609444,112.595556,0.0011483501875773,-0.0027384574059396,0.00011063867714256048
2024-11-11T03:00:00Z,-7.609444,112.595556,0.0013481103815138,-0.0028819020371884,0.0003087397199124098
2024-11-11T06:00:00Z,-7.609444,112.595556,0.0014448970323428,-0.0029791409615427,0.0004817722656298429
2024-11-11T09:00:00Z,-7.609444,112.595556,0.0014613589737564,-0.0030945385806262,0.0004695602401625365
2024-11-11T12:00:00Z,-7.609444,112.595556,0.0014461014652624,-0.0031740798149257,0.0005447245785035193
2024-11-11T15:00:00Z,-7.609444,112.595556,0.001445488887839,-0.0031518649775534,0.000393739523133263
2024-11-11T18:00:00Z,-7.609444,112.595556,0.0014590838691219,-0.0031228878069669,0.0002991336223203689
2024-11-11T21:00:00Z,-7.609444,112.595556,0.0013016666052863,-0.0029258683789521,6.87153878971003e-05
2024-11-12T00:00:00Z,-7.609444,112.595556,0.0011099504772573,-0.0026931031607091,0.00016040579066611826
2024-11-12T03:00:00Z,-7.609444,112.595556,0.0009625722304917872,-0.0024243916850537,0.0007121146772988141
2024-11-12T06:00:00Z,-7.609444,112.595556,0.000771576538681984,-0.0022511512506753,0.0015059469733387
2024-11-12T09:00:00Z,-7.609444,112.595556,0.0005678518791683018,-0.0021888751070946,0.0020080064423382
2024-11-12T12:00:00Z,-7.609444,112.595556,0.00037990399869158864,-0.0020002136006951,0.002336929552257
2024-11-12T15:00:00Z,-7.609444,112.595556,0.0003495034179650247,-0.0018586360383778,0.0022234446369111
2024-11-12T18:00:00Z,-7.609444,112.595556,0.0004201932461000979,-0.0018745943671092,0.001992737641558
2024-11-12T21:00:00Z,-7.609444,112.595556,0.0003999221662525088,-0.0019660163670778,0.0015837269602343
2024-11-13T00:00:00Z,-7.609444,112.595556,0.0004255786479916424,-0.0020620089489966,0.0011929037282243
2024-11-13T03:00:00Z,-7.609444,112.595556,0.0004282834706827998,-0.0020662660244852,0.0010093639139086
2024-11-13T06:00:00Z,-7.609444,112.595556,0.0003651253064163029,-0.0021172522101551,0.0004685471358243376
2024-11-13T09:00:00Z,-7.609444,112.595556,0.00024720688816159964,-0.0021560438908636,-0.0001446569076506421
2024-11-13T12:00:00Z,-7.609444,112.595556,0.00015487693599425256,-0.0020745252259075,-0.0001438293547835201
2024-11-13T15:00:00Z,-7.609444,112.595556,3.758151433430612e-05,-0.0019402597099542,-6.2172098296287e-06
2024-11-13T18:00:00Z,-7.609444,112.595556,-8.999526471598074e-05,-0.0019890572875738,0.0003008234780281782
2024-11-13T21:00:00Z,-7.609444,112.595556,-0.00015639733464922756,-0.0021229670383036,0.0006700576050207019
2024-11-14T00:00:00Z,-7.609444,112.595556,-3.849119821097702e-05,-0.0022485917434096,0.0012996793957427
2024-11-14T03:00:00Z,-7.609444,112.595556,-2.775413349809241e-06,-0.0022255305666476,0.0017213367391377
2024-11-14T06:00:00Z,-7.609444,112.595556,-3.2114812142935996e-08,-0.00204743957147,0.0016332265222445
2024-11-14T09:00:00Z,-7.609444,112.595556,0.00011194382386747748,-0.0018566601211205,0.0011429546866565
2024-11-14T12:00:00Z,-7.609444,112.595556,0.0003643149393610656,-0.0016457735328003,0.000764298252761364
2024-11-14T15:00:00Z,-7.609444,112.595556,0.0005734807928092778,-0.0015357856173068,0.0003856332041323185
2024-11-14T18:00:00Z,-7.609444,112.595556,0.0007532171439379454,-0.0016020743642002,0.00025734049268066883
2024-11-14T21:00:00Z,-7.609444,112.595556,0.000900637882295996,-0.0016783534083515,0.00011938910029130057
2024-11-15T00:00:00Z,-7.609444,112.595556,0.0010582819813862,-0.001827425439842,-0.00028461989131756127
2024-11-15T03:00:00Z,-7.609444,112.595556,0.0011498596286401,-0.0019010253017768,-0.0004982497193850577
2024-11-15T06:00:00Z,-7.609444,112.595556,0.0011745080118998,-0.00188657885883,-0.0007532997988164425
2024-11-15T09:00:00Z,-7.609444,112.595556,0.0012063712347298,-0.0019946510437875,-0.0012983710039407
2024-11-15T12:00:00Z,-7.609444,112.595556,0.0013629487948492,-0.0021580420434474,-0.0017174433451145
2024-11-15T15:00:00Z,-7.609444,112.595556,0.001483607571572,-0.0023125244770199,-0.002024823334068
2024-11-15T18:00:00Z,-7.609444,112.595556,0.0013372271787375,-0.0023870209697633,-0.0018081197049468
2024-11-15T21:00:00Z,-7.609444,112.595556,0.0010274294763803,-0.0023338512983173,-0.0016925241798162
2024-11-16T00:00:00Z,-7.609444,112.595556,0.0008705608197487891,-0.0022583382669836,-0.0019380316371098
2024-11-16T03:00:00Z,-7.609444,112.595556,0.0006005592877045274,-0.002105348277837,-0.0018544178456068
2024-11-16T06:00:00Z,-7.609444,112.595556,0.00013215845683589578,-0.0019979733042418,-0.0014970557531341
2024-11-16T09:00:00Z,-7.609444,112.595556,-0.0002506937016732991,-0.0018577447626739,-0.0007961765513755381
2024-11-16T12:00:00Z,-7.609444,112.595556,-0.00035647614276967943,-0.0016273107612505,0.0001403170172125101
2024-11-16T15:00:00Z,-7.609444,112.595556,-0.000318836304359138,-0.0012860724236816,0.0009620846249163152
2024-11-16T18:00:00Z,-7.609444,112.595556,-0.0002632934192661196,-0.000993832480162382,0.0015116974245756
2024-11-16T21:00:00Z,-7.609444,112.595556,-0.00023473009059671315,-0.0006639398052357137,0.0015728494618088
2024-11-17T00:00:00Z,-7.609444,112.595556,-6.957566802157089e-05,-0.0004552325699478388,0.0013164703268557
2024-11-17T03:00:00Z,-7.609444,112.595556,-1.622815034352243e-05,-0.0004478816990740597,0.0006938830483704805
2024-11-17T06:00:00Z,-7.609444,112.595556,-1.6979072825051844e-05,-0.0004603257402777672,-0.00011922333214897662
2024-11-17T09:00:00Z,-7.609444,112.595556,-0.0001474155142204836,-0.00042285092058591545,-0.0006757266819477081
2024-11-17T12:00:00Z,-7.609444,112.595556,-0.00030487525509670377,-0.0004464375379029661,-0.0010882180649787
2024-11-17T15:00:00Z,-7.609444,112.595556,-0.00043355824891477823,-0.0004716219555120915,-0.0012354787904769
2024-11-17T18:00:00Z,-7.609444,112.595556,-0.0006399574340321124,-0.0006378178368322551,-0.0015450606588274
2024-11-17T21:00:00Z,-7.609444,112.595556,-0.0009071803651750088,-0.0007591191679239273,-0.0018313492182642
2024-11-18T00:00:00Z,-7.609444,112.595556,-0.0009960845345631242,-0.0008360304636880755,-0.0020831837318837
2024-11-18T03:00:00Z,-7.609444,112.595556,-0.0010057593462988,-0.0008285425719805062,-0.0024104858748614
2024-11-18T06:00:00Z,-7.609444,112.595556,-0.0009388455655425788,-0.000874928489793092,-0.0028163557872176
2024-11-18T09:00:00Z,-7.609444,112.595556,-0.0008579746354371309,-0.0009336408111266792,-0.0030039455741643
2024-11-18T12:00:00Z,-7.609444,112.595556,-0.0007620556862093508,-0.000994003377854824,-0.0030820399988442
2024-11-18T15:00:00Z,-7.609444,112.595556,-0.0007195368525572121,-0.0010143095860257,-0.0033598982263356
2024-11-18T18:00:00Z,-7.609444,112.595556,-0.0007213056087493896,-0.0010174256749451,-0.0037590898573398
2024-11-18T21:00:00Z,-7.609444,112.595556,-0.0006160509074106812,-0.0009240824729204178,-0.0039939805865287
2024-11-19T00:00:00Z,-7.609444,112.595556,-0.00022512754367198795,-0.0007744744070805609,-0.0036126496270298
2024-11-19T03:00:00Z,-7.609444,112.595556,9.403131844010204e-05,-0.000574546109419316,-0.0028867330402135
2024-11-19T06:00:00Z,-7.609444,112.595556,0.0003434564277995378,-0.0004587917646858841,-0.0023590468335896
2024-11-19T09:00:00Z,-7.609444,112.595556,0.0007505466928705573,-0.0003878346178680658,-0.0019814411643892
2024-11-19T12:00:00Z,-7.609444,112.595556,0.0013520250795409,-0.00034770468482747674,-0.0015335668576881
2024-11-19T15:00:00Z,-7.609444,112.595556,0.0019850768148899,-0.0001873934525065124,-0.0015063703758642
2024-11-19T18:00:00Z,-7.609444,112.595556,0.0024393168278038,-8.388129936065525e-05,-0.0016443157801404
2024-11-19T21:00:00Z,-7.609444,112.595556,0.0027629139367491,4.892719152849168e-05,-0.0020839828066527
2024-11-20T00:00:00Z,-7.609444,112.595556,0.0030713290907442,0.00010857814049813896,-0.0027942177839577
2024-11-20T03:00:00Z,-7.609444,112.595556,0.003137218998745,0.00016323637100867927,-0.0030292936135083
2024-11-20T06:00:00Z,-7.609444,112.595556,0.0030395260546356,0.000147918559378013,-0.002782137831673
2024-11-20T09:00:00Z,-7.609444,112.595556,0.0029043171089142,4.238574547343888e-05,-0.0024681561626493
2024-11-20T12:00:00Z,-7.609444,112.595556,0.0029345627408474,-3.930923776351847e-05,-0.0024330427404493
2024-11-20T15:00:00Z,-7.609444,112.595556,0.0030761184170842,5.654765845974907e-05,-0.0025246609002351
2024-11-20T18:00:00Z,-7.609444,112.595556,0.0030778117943555,0.0002977652184199542,-0.002457303693518
2024-11-20T21:00:00Z,-7.609444,112.595556,0.0029600949492305,0.0007037825998850167,-0.0025663699489086
2024-11-21T00:00:00Z,-7.609444,112.595556,0.0028767904732376,0.0010319595457985,-0.0030766406562179
2024-11-21T03:00:00Z,-7.609444,112.595556,0.0026826756075024,0.0011774805607274,-0.0036267316900193
2024-11-21T06:00:00Z,-7.609444,112.595556,0.0024371787440031,0.0011593664530664,-0.0036050705239176
2024-11-21T09:00:00Z,-7.609444,112.595556,0.0020974890794605,0.0011159549467265,-0.0035398041363805
2024-11-21T12:00:00Z,-7.609444,112.595556,0.0017903693951666,0.000950417947024107,-0.0035220819991081
2024-11-21T15:00:00Z,-7.609444,112.595556,0.0015959502197802,0.0008738344185985625,-0.0033831582404673
2024-11-21T18:00:00Z,-7.609444,112.595556,0.0013957860646769,0.000863913563080132,-0.0028672935441136
2024-11-21T21:00:00Z,-7.609444,112.595556,0.0011670312378555,0.0008636905695311725,-0.0025048304814845
2024-11-22T00:00:00Z,-7.609444,112.595556,0.000978464842773974,0.0007484884117729962,-0.0025330265052616
2024-11-22T03:00:00Z,-7.609444,112.595556,0.0008334550075232983,0.0006293323240242898,-0.0025244983844459
2024-11-22T06:00:00Z,-7.609444,112.595556,0.0008142674341797829,0.000579325424041599,-0.0022166557610034
2024-11-22T09:00:00Z,-7.609444,112.595556,0.0007752105593681335,0.000662964943330735,-0.001911343075335
2024-11-22T12:00:00Z,-7.609444,112.595556,0.0007678251713514328,0.0006700870580971241,-0.0018534992123022
2024-11-22T15:00:00Z,-7.609444,112.595556,0.0007889543776400387,0.0007219152757897973,-0.0017187951598316
2024-11-22T18:00:00Z,-7.609444,112.595556,0.0007330312510021031,0.0006171503337100148,-0.001446338254027
2024-11-22T21:00:00Z,-7.609444,112.595556,0.0006569559336639941,0.00047050282591953874,-0.0013103984529152
2024-11-23T00:00:00Z,-7.609444,112.595556,0.0006051677628420293,0.0003860431897919625,-0.0013861649204045
2024-11-23T03:00:00Z,-7.609444,112.595556,0.0005842825630679727,0.0002449561143293977,-0.0013860333710908
2024-11-23T06:00:00Z,-7.609444,112.595556,0.0006016644765622914,0.00010811821994138882,-0.0012474932009354
2024-11-23T09:00:00Z,-7.609444,112.595556,0.0006756376824341714,4.202200943836942e-05,-0.001012333901599
2024-11-23T12:00:00Z,-7.609444,112.595556,0.000717804825399071,-0.00013643666170537472,-0.0008489632164128125
2024-11-23T15:00:00Z,-7.609444,112.595556,0.0007291945512406528,-0.0002212844556197524,-0.0008917883387766778
2024-11-23T18:00:00Z,-7.609444,112.595556,0.0006510495441034436,-0.0003802143619395793,-0.0010444448562338
2024-11-23T21:00:00Z,-7.609444,112.595556,0.0006502660107798874,-0.00046186288818717,-0.00147088652011
2024-11-24T00:00:00Z,-7.609444,112.595556,0.0006683907704427838,-0.0005058920942246914,-0.0019514251034706
2024-11-24T03:00:00Z,-7.609444,112.595556,0.0005963630392216146,-0.0005950823542661965,-0.002131492132321
2024-11-24T06:00:00Z,-7.609444,112.595556,0.0005647400394082069,-0.0006740926764905453,-0.0020319875329732
2024-11-24T09:00:00Z,-7.609444,112.595556,0.0006034841062501073,-0.0007059781928546727,-0.0017891611205413
2024-11-24T12:00:00Z,-7.609444,112.595556,0.0006471405504271388,-0.0007776236161589622,-0.0015555556165054
2024-11-24T15:00:00Z,-7.609444,112.595556,0.0007414136780425906,-0.0007911326247267425,-0.0013241388369351
2024-11-24T18:00:00Z,-7.609444,112.595556,0.0006673582247458398,-0.0008891152683645487,-0.0011096931993961
2024-11-24T21:00:00Z,-7.609444,112.595556,0.0006352483760565519,-0.0009299724479205906,-0.000975741830188781
2024-11-25T00:00:00Z,-7.609444,112.595556,0.0007838726742193103,-0.0010421116603538,-0.0008165030740201473
2024-11-25T03:00:00Z,-7.609444,112.595556,0.0009518188307993114,-0.0010867390083149,-0.0004508896672632545
2024-11-25T06:00:00Z,-7.609444,112.595556,0.000881086743902415,-0.001193635398522,-0.0003202433290425688
2024-11-25T09:00:00Z,-7.609444,112.595556,0.000752128369640559,-0.0011815523030236,-0.0005764543311670423
2024-11-25T12:00:00Z,-7.609444,112.595556,0.0006502136820927262,-0.0009483682224527,-0.0007968210848048329
2024-11-25T15:00:00Z,-7.609444,112.595556,0.00059528584824875,-0.0006972306873649359,-0.0010389672825112
2024-11-25T18:00:00Z,-7.609444,112.595556,0.00031271562329493463,-0.0006427300395444036,-0.0009873530361801386
2024-11-25T21:00:00Z,-7.609444,112.595556,0.0001426350063411519,-0.0006129418034106493,-0.0009224764653481544
2024-11-26T00:00:00Z,-7.609444,112.595556,0.00022239217651076612,-0.0006085521308705211,-0.0005355634493753314
2024-11-26T03:00:00Z,-7.609444,112.595556,0.00030943818273954093,-0.0005600895965471864,-5.323341974872165e-05
2024-11-26T06:00:00Z,-7.609444,112.595556,0.0002734836016315967,-0.0005261685000732541,5.541964856092818e-05
2024-11-26T09:00:00Z,-7.609444,112.595556,0.0001415412698406726,-0.0005784023087471724,-0.00023144393344409764
2024-11-26T12:00:00Z,-7.609444,112.595556,0.00016777898417785764,-0.0007236176752485335,-0.0007350980886258185
2024-11-26T15:00:00Z,-7.609444,112.595556,0.000332439667545259,-0.0008205199846997857,-0.0011403963435441
2024-11-26T18:00:00Z,-7.609444,112.595556,0.0002704851794987917,-0.0009541030158288776,-0.0013529572170227
2024-11-26T21:00:00Z,-7.609444,112.595556,-1.4272173757490236e-05,-0.0011926753213629,-0.0017910542665049
2024-11-27T00:00:00Z,-7.609444,112.595556,-0.000320679770084098,-0.0014264578931033,-0.0021327338181436
2024-11-27T03:00:00Z,-7.609444,112.595556,-0.000528865261003375,-0.0014770383713766,-0.0024265258107334
2024-11-27T06:00:00Z,-7.609444,112.595556,-0.0006613280274905264,-0.0014231513487175,-0.0025507651735097
2024-11-27T09:00:00Z,-7.609444,112.595556,-0.0008294081198982894,-0.0014940940309315,-0.0025724601000547
2024-11-27T12:00:00Z,-7.609444,112.595556,-0.0008082722779363394,-0.0015829345211386,-0.0026284849736839
2024-11-27T15:00:00Z,-7.609444,112.595556,-0.0004847473464906216,-0.0015672273002564,-0.0026043262332677
2024-11-27T18:00:00Z,-7.609444,112.595556,-0.0001169959214166738,-0.0015373560599982,-0.0022495060693472
2024-11-27T21:00:00Z,-7.609444,112.595556,0.0001921795046655461,-0.0014357627369463,-0.0019669795874506
2024-11-28T00:00:00Z,-7.609444,112.595556,0.00045460331602953374,-0.001472114236094,-0.0017877260688692
2024-11-28T03:00:00Z,-7.609444,112.595556,0.0006271089077927172,-0.001661179237999,-0.0017473978223279
2024-11-28T06:00:00Z,-7.609444,112.595556,0.0008008835720829666,-0.0019187270663678,-0.0015513945836573
2024-11-28T09:00:00Z,-7.609444,112.595556,0.0009955071145668626,-0.0019750066567212,-0.0009391207131557168
2024-11-28T12:00:00Z,-7.609444,112.595556,0.001292080967687,-0.0018294841283932,-0.00022038290626369417
2024-11-28T15:00:00Z,-7.609444,112.595556,0.0016051965067163,-0.0016101239016279,0.00020064631826244292
2024-11-28T18:00:00Z,-7.609444,112.595556,0.0019063968211412,-0.0014146048342809,0.0005220709717832506
2024-11-28T21:00:00Z,-7.609444,112.595556,0.0022299271076917,-0.0012911849189549,0.0006109567475505173
2024-11-29T00:00:00Z,-7.609444,112.595556,0.0025355238467454,-0.0013419105671346,0.0008300699410028756
2024-11-29T03:00:00Z,-7.609444,112.595556,0.0027568477671593,-0.001526765525341,0.000947279331739992
2024-11-29T06:00:00Z,-7.609444,112.595556,0.0029527260921895,-0.0017257360741496,0.0006494842236861587
2024-11-29T09:00:00Z,-7.609444,112.595556,0.0031560203060507,-0.0019003330962732,5.788065755041316e-05
2024-11-29T12:00:00Z,-7.609444,112.595556,0.0033429267350584,-0.0019941974896937,-0.00025484070647507906
2024-11-29T15:00:00Z,-7.609444,112.595556,0.0034161056391894,-0.001926704775542,-0.0004435520968399942
2024-11-29T18:00:00Z,-7.609444,112.595556,0.0032913081813603,-0.0018697291379794,-0.000576493504922837
2024-11-29T21:00:00Z,-7.609444,112.595556,0.003103386145085,-0.0018850318156182,-0.0008253243286162615
2024-11-30T00:00:00Z,-7.609444,112.595556,0.0030018538236618,-0.001987227005884,-0.0009652545559220016
2024-11-30T03:00:00Z,-7.609444,112.595556,0.0028224112465977,-0.0020611758809536,-0.0009101198520511388
2024-11-30T06:00:00Z,-7.609444,112.595556,0.0025465097278356,-0.0021344937849789,-0.0007260083802975714
2024-11-30T09:00:00Z,-7.609444,112.595556,0.0023338720202445,-0.0021565612405538,-0.000709676940459758
2024-11-30T12:00:00Z,-7.609444,112.595556,0.0021044013556092,-0.001957319676876,-0.00034829170908778906
2024-11-30T15:00:00Z,-7.609444,112.595556,0.0018791374750435,-0.0016881761839613,-1.273791440326022e-05
2024-11-30T18:00:00Z,-7.609444,112.595556,0.0016642463160678,-0.0014932713238522,0.00021567106887232512
2024-11-30T21:00:00Z,-7.609444,112.595556,0.0014649607473984,-0.0013882173225283,0.0002679016615729779
2024-12-01T00:00:00Z,-7.609444,112.595556,0.0012443765299394,-0.0013323327293619,0.00046754893264733255
2024-12-01T03:00:00Z,-7.609444,112.595556,0.00097602850291878,-0.0012679341016337,0.0006370868068188429
2024-12-01T06:00:00Z,-7.609444,112.595556,0.000620957522187382,-0.0011788046685978,0.0010617189109325
2024-12-01T09:00:00Z,-7.609444,112.595556,0.00021701675723306835,-0.0011307824170216,0.0015912409871816
2024-12-01T12:00:00Z,-7.609444,112.595556,-1.580370189913083e-05,-0.0010238405084237,0.0020676141139119
2024-12-01T15:00:00Z,-7.609444,112.595556,-5.413365579443053e-05,-0.0007419969188049436,0.0025733911897987
2024-12-01T18:00:00Z,-7.609444,112.595556,-0.00011517558596096932,-0.0004057827754877508,0.0031218121293932
2024-12-01T21:00:00Z,-7.609444,112.595556,-0.0002194082917412743,-0.00015076730051077902,0.0032352826092392
2024-12-02T00:00:00Z,-7.609444,112.595556,-0.00032705202465876937,5.046726073487662e-05,0.0029251994565129
2024-12-02T03:00:00Z,-7.609444,112.595556,-0.0003407011681701988,0.00019331913790665567,0.0027947477065026
2024-12-02T06:00:00Z,-7.609444,112.595556,-0.0003898325376212597,0.00023341321502812207,0.0023920603562146
2024-12-02T09:00:00Z,-7.609444,112.595556,-0.00047140498645603657,0.0001666701427893713,0.002136978553608
2024-12-02T12:00:00Z,-7.609444,112.595556,-0.0006322627305053174,7.761983579257503e-05,0.0019447534577921
2024-12-02T15:00:00Z,-7.609444,112.595556,-0.0006852868827991188,0.00015943541075102985,0.0018730763113126
2024-12-02T18:00:00Z,-7.609444,112.595556,-0.0009236498735845088,0.00034404805046506226,0.0020588799379765
2024-12-02T21:00:00Z,-7.609444,112.595556,-0.0011829553404822,0.000324264750815928,0.0018259863136336
2024-12-03T00:00:00Z,-7.609444,112.595556,-0.0011810957221314,0.0002253591665066779,0.0013260372215881
2024-12-03T03:00:00Z,-7.609444,112.595556,-0.0011711963452398,0.0002209755766671151,0.0012516677379608
2024-12-03T06:00:00Z,-7.609444,112.595556,-0.001342641422525,0.00031152396695688367,0.0011564077576622
2024-12-03T09:00:00Z,-7.609444,112.595556,-0.0014658218715339,0.0003552412672434002,0.0010274854721501
2024-12-03T12:00:00Z,-7.609444,112.595556,-0.0014316898304969,0.00024974087136797607,0.0010231609921902
2024-12-03T15:00:00Z,-7.609444,112.595556,-0.0013895095326006,0.00010957405174849556,0.0011733478168025
2024-12-03T18:00:00Z,-7.609444,112.595556,-0.0015379111282527,-5.626864731311798e-05,0.0014919163659214
2024-12-03T21:00:00Z,-7.609444,112.595556,-0.001828936394304,-0.00024695933097973466,0.0016120459185913
2024-12-04T00:00:00Z,-7.609444,112.595556,-0.0019432704430073,-0.00031085769296623766,0.001759331789799
2024-12-04T03:00:00Z,-7.609444,112.595556,-0.001952685881406,-0.0002949132467620075,0.002121296711266
2024-12-04T06:00:00Z,-7.609444,112.595556,-0.0020390725694596,-0.00017987795581575483,0.0023502770345658
2024-12-04T09:00:00Z,-7.609444,112.595556,-0.0020933460909873,-9.803222201298922e-05,0.0022313306108117
2024-12-04T12:00:00Z,-7.609444,112.595556,-0.0019369053188711,1.674491613812279e-05,0.0020889085717499
2024-12-04T15:00:00Z,-7.609444,112.595556,-0.001658568973653,0.0002052271011052653,0.0020641419105231
2024-12-04T18:00:00Z,-7.609444,112.595556,-0.0014794855378568,0.00028926730738021433,0.0019049145048484
2024-12-04T21:00:00Z,-7.609444,112.595556,-0.0015160824405029,0.0003166153619531542,0.0017260535387322
2024-12-05T00:00:00Z,-7.609444,112.595556,-0.001454371260479,0.00025031506083905697,0.0013766360934823
2024-12-05T03:00:00Z,-7.609444,112.595556,-0.0012303105322644,0.00023706733190920204,0.0012544880155473
2024-12-05T06:00:00Z,-7.609444,112.595556,-0.0010154111078009,0.00039032581844367087,0.0012414676602929
2024-12-05T09:00:00Z,-7.609444,112.595556,-0.000976190611254424,0.0005575713003054261,0.0010654607322067
2024-12-05T12:00:00Z,-7.609444,112.595556,-0.0009965525241568685,0.000754075008444488,0.0008693598210811615
2024-12-05T15:00:00Z,-7.609444,112.595556,-0.0009385871235281228,0.0009831673232838511,0.0003007942286785692
2024-12-05T18:00:00Z,-7.609444,112.595556,-0.000832904246635735,0.0009870878420770168,-0.00044824930955655873
2024-12-05T21:00:00Z,-7.609444,112.595556,-0.0008665226632729173,0.0007613794296048582,-0.0008492295746691525
2024-12-06T00:00:00Z,-7.609444,112.595556,-0.0009288002620451152,0.0004068651760462672,-0.0012031140504404
2024-12-06T03:00:00Z,-7.609444,112.595556,-0.0009292830945923924,4.646146044251509e-05,-0.0012034858809784
2024-12-06T06:00:00Z,-7.609444,112.595556,-0.0008547110483050346,-0.00013026886153966188,-0.0011889009037986
2024-12-06T09:00:00Z,-7.609444,112.595556,-0.000862498302012682,-0.0002594429242890328,-0.0010256035020574
2024-12-06T12:00:00Z,-7.609444,112.595556,-0.0009414482628926636,-0.0002682852209545672,-0.0006723836995661259
2024-12-06T15:00:00Z,-7.609444,112.595556,-0.0008918262901715934,1.2218693882459776e-05,-0.0003634496533777565
2024-12-06T18:00:00Z,-7.609444,112.595556,-0.0007631408516317606,0.00038558620144613087,-0.0002548198099248111
2024-12-06T21:00:00Z,-7.609444,112.595556,-0.0006575445295311511,0.0006927401991561055,-0.00037091781268827617
2024-12-07T00:00:00Z,-7.609444,112.595556,-0.0006188058177940547,0.000938426877837628,-0.0005181980668567121
2024-12-07T03:00:00Z,-7.609444,112.595556,-0.0006823244038969278,0.0010509382700547,-0.000735208741389215
2024-12-07T06:00:00Z,-7.609444,112.595556,-0.0007872603018768132,0.0010077379411086,-0.001216588076204
2024-12-07T09:00:00Z,-7.609444,112.595556,-0.0008595946710556746,0.0008300935733132064,-0.0014518153620883
2024-12-07T12:00:00Z,-7.609444,112.595556,-0.0009206857066601516,0.0007476201863028109,-0.0014340949710458
2024-12-07T15:00:00Z,-7.609444,112.595556,-0.0008951820782385767,0.0009007806656882168,-0.0013507694238796
2024-12-07T18:00:00Z,-7.609444,112.595556,-0.0008673756383359432,0.0011008870787918,-0.0015841216081753
2024-12-07T21:00:00Z,-7.609444,112.595556,-0.0007923003868199885,0.0013257027603685,-0.0019973400048911
2024-12-08T00:00:00Z,-7.609444,112.595556,-0.0006630785646848381,0.0014950054464861,-0.0022264029830694
2024-12-08T03:00:00Z,-7.609444,112.595556,-0.0007617847295477986,0.001533523434773,-0.0020268256776034
2024-12-08T06:00:00Z,-7.609444,112.595556,-0.0009156092419289052,0.0013789178337901,-0.0018484273459762
2024-12-08T09:00:00Z,-7.609444,112.595556,-0.0009807517053559422,0.0009634855668991804,-0.0016350620426237
2024-12-08T12:00:00Z,-7.609444,112.595556,-0.0009320865501649678,0.000525576644577086,-0.0010156693169847
2024-12-08T15:00:00Z,-7.609444,112.595556,-0.0008486091392114758,0.0002598764549475163,-0.0002890147443395108
2024-12-08T18:00:00Z,-7.609444,112.595556,-0.0007467608666047454,-4.192298365524039e-05,3.77738251700066e-05
2024-12-08T21:00:00Z,-7.609444,112.595556,-0.0005919346585869789,-0.0003671833837870509,-0.00011499960237415507
2024-12-09T00:00:00Z,-7.609444,112.595556,-0.00032590742921456695,-0.0006997653981670737,-0.00028204364934936166
2024-12-09T03:00:00Z,-7.609444,112.595556,-0.0001051141953212209,-0.0008884032140485942,-0.0002647823712322861
2024-12-09T06:00:00Z,-7.609444,112.595556,-1.0279144362357329e-06,-0.0010659218532964,-0.0004399633035063744
2024-12-09T09:00:00Z,-7.609444,112.595556,5.325804158928804e-05,-0.0014000962255522,-0.0007905752863734961
2024-12-09T12:00:00Z,-7.609444,112.595556,0.0001925455580931157,-0.0016500444617122,-0.0009172513382509352
2024-12-09T15:00:00Z,-7.609444,112.595556,0.00029775375151075423,-0.0016807296779006,-0.0006976139848120511
2024-12-09T18:00:00Z,-7.609444,112.595556,0.00014110254414845258,-0.0017364349914714,-0.0003618924820329994
2024-12-09T21:00:00Z,-7.609444,112.595556,-4.984438783139922e-05,-0.001850428758189,-0.00040196478948928416
2024-12-10T00:00:00Z,-7.609444,112.595556,4.261088542989455e-05,-0.0019234812352806,-0.0005761442007496953
2024-12-10T03:00:00Z,-7.609444,112.595556,0.00028667759033851326,-0.0017270571552217,-0.0005990068311803043
2024-12-10T06:00:00Z,-7.609444,112.595556,0.0004897098406217992,-0.0015046918997541,-0.0005339428898878396
2024-12-10T09:00:00Z,-7.609444,112.595556,0.0005739472107961774,-0.0014973818324506,-0.0004410387482494116
2024-12-10T12:00:00Z,-7.609444,112.595556,0.0006489648949354887,-0.0016183925326913,-0.00035821780329570174
2024-12-10T15:00:00Z,-7.609444,112.595556,0.0008809771970845759,-0.0016181378159672,-0.00040551682468503714
2024-12-10T18:00:00Z,-7.609444,112.595556,0.0009947337675839665,-0.0013933117734268,-0.0001656192762311548
2024-12-10T21:00:00Z,-7.609444,112.595556,0.0008960755076259375,-0.001256258576177,-0.00010500848293304443
2024-12-11T00:00:00Z,-7.609444,112.595556,0.0008205898921005428,-0.0011694938875734,-0.00012308555596973747
2024-12-11T03:00:00Z,-7.609444,112.595556,0.0007858221651986241,-0.0010199244134128,-0.0004238127439748496
2024-12-11T06:00:00Z,-7.609444,112.595556,0.0006397537072189152,-0.000949573703110218,-0.0005518007674254477
2024-12-11T09:00:00Z,-7.609444,112.595556,0.0004529583384282887,-0.0011125681921839,-1.910385071823839e-05
2024-12-11T12:00:00Z,-7.609444,112.595556,0.00021555849525611848,-0.0013452077982947,0.0005779112689197063
2024-12-11T15:00:00Z,-7.609444,112.595556,0.00020229083020240068,-0.0015232710866257,0.0007269305060617626
2024-12-11T18:00:00Z,-7.609444,112.595556,0.00024438026593998075,-0.0015841402346268,0.0008905591093935072
2024-12-11T21:00:00Z,-7.609444,112.595556,0.00020823912927880883,-0.0016329264035448,0.0010759275173768
2024-12-12T00:00:00Z,-7.609444,112.595556,0.00012505380436778069,-0.0016606552526354,0.0011090511688962
2024-12-12T03:00:00Z,-7.609444,112.595556,-7.963039388414472e-05,-0.0016232804628089,0.000982310506515205
2024-12-12T06:00:00Z,-7.609444,112.595556,-0.00035643039154820144,-0.0015930656809359,0.0008475808426737785
2024-12-12T09:00:00Z,-7.609444,112.595556,-0.0006523793563246727,-0.0015890677459537,0.0007905540405772626
2024-12-12T12:00:00Z,-7.609444,112.595556,-0.000864410016220063,-0.0014834881294518,0.0007008778629824519
2024-12-12T15:00:00Z,-7.609444,112.595556,-0.0010428392561152,-0.0013087330153211,0.0004883534857071936
2024-12-12T18:00:00Z,-7.609444,112.595556,-0.0013368957443162,-0.0012328129960224,0.0003871099906973541
2024-12-12T21:00:00Z,-7.609444,112.595556,-0.0016444631619378,-0.0012473134556785,3.052667307201773e-05
2024-12-13T00:00:00Z,-7.609444,112.595556,-0.0017317465972155,-0.0012238298077136,-0.0005535836098715663
2024-12-13T03:00:00Z,-7.609444,112.595556,-0.0018351689213886,-0.0009805758018046618,-0.0006483273464255035
2024-12-13T06:00:00Z,-7.609444,112.595556,-0.0019231978803873,-0.0006994989817030728,-0.0006009585922583938
2024-12-13T09:00:00Z,-7.609444,112.595556,-0.0018894067034125,-0.0007308176136575639,-0.0008016732754185796
2024-12-13T12:00:00Z,-7.609444,112.595556,-0.0017632705857977,-0.0008148914785124362,-0.0010539398062974
2024-12-13T15:00:00Z,-7.609444,112.595556,-0.0016033140709623,-0.0007575253839604557,-0.0011031103786081
2024-12-13T18:00:00Z,-7.609444,112.595556,-0.0016661409754306,-0.0005910126492381096,-0.0008079727413132787
2024-12-13T21:00:00Z,-7.609444,112.595556,-0.0019010710529983,-0.0005327763501554728,-0.0006495124544017017
2024-12-14T00:00:00Z,-7.609444,112.595556,-0.0018798047676682,-0.0004738824791274965,-0.0006657899357378483
2024-12-14T03:00:00Z,-7.609444,112.595556,-0.0018929855432361,-0.00027168606175109744,-0.00028105726232752204
2024-12-14T06:00:00Z,-7.609444,112.595556,-0.0020560880657285,-0.0001892007712740451,0.0002852666366379708
2024-12-14T09:00:00Z,-7.609444,112.595556,-0.0022115809842944,-0.0002300150808878243,0.0007470257114619017
2024-12-14T12:00:00Z,-7.609444,112.595556,-0.0021411280613392,-0.0002135403628926724,0.0009042922756634652
2024-12-14T15:00:00Z,-7.609444,112.595556,-0.0018538407748565,-4.501771400100552e-05,0.0008513896609656513
2024-12-14T18:00:00Z,-7.609444,112.595556,-0.0015886231558397,8.683933992870152e-05,0.000765398028306663
2024-12-14T21:00:00Z,-7.609444,112.595556,-0.0014847415732219,2.1351323084672916e-05,0.0003490440431050956
2024-12-15T00:00:00Z,-7.609444,112.595556,-0.0013273479416966,-4.223698488203809e-05,-0.000234333798289299
2024-12-15T03:00:00Z,-7.609444,112.595556,-0.0013653348432853,-7.0605974542559125e-06,-0.0005395673797465861
2024-12-15T06:00:00Z,-7.609444,112.595556,-0.0014311452396214,0.0001758330618031323,-0.0006465315818786621
2024-12-15T09:00:00Z,-7.609444,112.595556,-0.0014830725267529,0.00034731696359813213,-0.0006179068586789072
2024-12-15T12:00:00Z,-7.609444,112.595556,-0.0013799099251627,0.0005986940814182162,-0.0004817128938157112
2024-12-15T15:00:00Z,-7.609444,112.595556,-0.0011169776553288,0.0008334855083376169,-0.0005005949060432613
2024-12-15T18:00:00Z,-7.609444,112.595556,-0.0009261909290216864,0.0008492237539030612,-0.0004225252487231046
2024-12-15T21:00:00Z,-7.609444,112.595556,-0.000692407542373985,0.0005970431375317276,-0.0002658626763150096
2024-12-16T00:00:00Z,-7.609444,112.595556,-0.0004825694777537137,0.00027573719853535295,-0.0002949138870462775
2024-12-16T03:00:00Z,-7.609444,112.595556,-0.0005009984597563744,4.8085199523484334e-05,-0.00032066600397229195
2024-12-16T06:00:00Z,-7.609444,112.595556,-0.0005160513101145625,-7.907576218713075e-06,-0.0009059211588464676
2024-12-16T09:00:00Z,-7.609444,112.595556,-0.0004365392669569701,0.00010168758308282122,-0.0016815527342259
2024-12-16T12:00:00Z,-7.609444,112.595556,-0.0004745075711980462,0.00028822620515711606,-0.001979305408895
2024-12-16T15:00:00Z,-7.609444,112.595556,-0.0006365327863022685,0.0004434342845343053,-0.0020354082807898
2024-12-16T18:00:00Z,-7.609444,112.595556,-0.0008854612242430449,0.0004844673385377973,-0.0018046700861304
2024-12-16T21:00:00Z,-7.609444,112.595556,-0.0010891186539083,0.0003559421165846288,-0.0013691773638129
2024-12-17T00:00:00Z,-7.609444,112.595556,-0.0012492520036175,0.00015252000594045967,-0.0006329796742647886
2024-12-17T03:00:00Z,-7.609444,112.595556,-0.0014862691750749,2.9494478440028612e-05,6.87099527567625e-05
2024-12-17T06:00:00Z,-7.609444,112.595556,-0.0016549049178138,-2.761652649496682e-05,6.816053064540029e-05
2024-12-17T09:00:00Z,-7.609444,112.595556,-0.0016074231825768,-0.0001665788295213133,-0.00026337988674640656
2024-12-17T12:00:00Z,-7.609444,112.595556,-0.0015759083908051,-0.0003023709577973932,-0.0005922630080021918
2024-12-17T15:00:00Z,-7.609444,112.595556,-0.0016182203544303,-0.00022006357903592288,-0.0009609650587663054
2024-12-17T18:00:00Z,-7.609444,112.595556,-0.0017823765520006,-0.00017800775822252035,-0.0014206856722012
2024-12-17T21:00:00Z,-7.609444,112.595556,-0.0020577132236212,-0.00028633768670260906,-0.0021354174241423
2024-12-18T00:00:00Z,-7.609444,112.595556,-0.0022427702788263,-0.0004471901338547468,-0.00245928671211
2024-12-18T03:00:00Z,-7.609444,112.595556,-0.0025703266728669,-0.0005609181243926287,-0.0018315486377105
2024-12-18T06:00:00Z,-7.609444,112.595556,-0.0030885336454957,-0.0008247982477769256,-0.0012707019923254
2024-12-18T09:00:00Z,-7.609444,112.595556,-0.0034947751555591,-0.0012315098429098,-0.0010647148592397
2024-12-18T12:00:00Z,-7.609444,112.595556,-0.00358143215999,-0.0014219250297173,-0.0011846963316202
2024-12-18T15:00:00Z,-7.609444,112.595556,-0.0033954107202589,-0.0013496947940438,-0.0011466552969068
2024-12-18T18:00:00Z,-7.609444,112.595556,-0.0032952600158751,-0.0013573882170021,-0.0011464838171377
2024-12-18T21:00:00Z,-7.609444,112.595556,-0.0033698887564241,-0.0014208109350875,-0.0012471241643652
2024-12-19T00:00:00Z,-7.609444,112.595556,-0.0032708579674363,-0.0015369091415777,-0.0014182300074025
2024-12-19T03:00:00Z,-7.609444,112.595556,-0.0030775144696235,-0.0016089433338493,-0.0013172028120607
2024-12-19T06:00:00Z,-7.609444,112.595556,-0.0030226972885429,-0.0017004631226882,-0.0010545933619141
2024-12-19T09:00:00Z,-7.609444,112.595556,-0.0029805584345012,-0.001769256661646,-0.0007250492344610393
2024-12-19T12:00:00Z,-7.609444,112.595556,-0.0026923310942947,-0.00164388155099,-0.0004141218960285187
2024-12-19T15:00:00Z,-7.609444,112.595556,-0.0022977346088737,-0.0014506670413538,-4.234203515807167e-05
2024-12-19T18:00:00Z,-7.609444,112.595556,-0.0018870179774239,-0.0013353654649108,0.00017656158888712523
2024-12-19T21:00:00Z,-7.609444,112.595556,-0.0015785704599693,-0.0013969027204439,-5.350944775273092e-05
2024-12-20T00:00:00Z,-7.609444,112.595556,-0.0012021353468298,-0.0014660203596577,-0.0006656943005509675
2024-12-20T03:00:00Z,-7.609444,112.595556,-0.000951955677010119,-0.0013572060270234,-0.0013159099034965
2024-12-20T06:00:00Z,-7.609444,112.595556,-0.0006491919048130512,-0.0012104515917599,-0.0023335681762546
2024-12-20T09:00:00Z,-7.609444,112.595556,-0.0004490229766815901,-0.0010775368427857,-0.0030612607952207
2024-12-20T12:00:00Z,-7.609444,112.595556,-0.000417952163843438,-0.0009689548751339316,-0.0036167332436889
2024-12-20T15:00:00Z,-7.609444,112.595556,-0.0004094873438589275,-0.000941548845730722,-0.0037579250056296
2024-12-20T18:00:00Z,-7.609444,112.595556,-0.0004851859994232655,-0.0010078775230795,-0.0037743838038295
2024-12-20T21:00:00Z,-7.609444,112.595556,-0.000470125931315124,-0.0010171959875151,-0.0037402091547846
2024-12-21T00:00:00Z,-7.609444,112.595556,-0.0002041807310888544,-0.0007028158870525658,-0.0037737917155027
2024-12-21T03:00:00Z,-7.609444,112.595556,4.843678107135929e-05,-0.0002375616604695097,-0.0036245847586542
2024-12-21T06:00:00Z,-7.609444,112.595556,0.00015161345072556287,0.00011505836300784722,-0.0034624997060745
2024-12-21T09:00:00Z,-7.609444,112.595556,0.00030333452741615474,0.00029506837017834187,-0.0032572506461292
2024-12-21T12:00:00Z,-7.609444,112.595556,0.0004376191063784063,0.0004213011416140944,-0.0027499604038894
2024-12-21T15:00:00Z,-7.609444,112.595556,0.0006034013349562883,0.0006172644789330661,-0.0021134321577847
2024-12-21T18:00:00Z,-7.609444,112.595556,0.000764911703299731,0.0008084610453806818,-0.00150327605661
2024-12-21T21:00:00Z,-7.609444,112.595556,0.0007818086305633187,0.000956155883613974,-0.0008178610005415976
2024-12-22T00:00:00Z,-7.609444,112.595556,0.000867165217641741,0.001114020938985,-0.00021486790501512587
2024-12-22T03:00:00Z,-7.609444,112.595556,0.0010170533787459,0.0012620413908734,0.0002676435688044876
2024-12-22T06:00:00Z,-7.609444,112.595556,0.0011344614904373,0.0013033004943281,0.0006088184309192002
2024-12-22T09:00:00Z,-7.609444,112.595556,0.0013721272116526,0.0011601398000493,0.0007213417557068169
2024-12-22T12:00:00Z,-7.609444,112.595556,0.0016642654081806,0.0010240182746201,0.0004569594166241586
2024-12-22T15:00:00Z,-7.609444,112.595556,0.0019649351015686,0.0011340078199282,-1.708371019049082e-05
2024-12-22T18:00:00Z,-7.609444,112.595556,0.0020898533985018,0.0013959995703771,-0.00046776956878602505
2024-12-22T21:00:00Z,-7.609444,112.595556,0.002019565552473,0.0014580809511244,-0.0009832774521782994
2024-12-23T00:00:00Z,-7.609444,112.595556,0.001922727911733,0.0014772104332223,-0.0013113889144733
2024-12-23T03:00:00Z,-7.609444,112.595556,0.001700380933471,0.0014926939038559,-0.0016181682003661
2024-12-23T06:00:00Z,-7.609444,112.595556,0.0012680980144068,0.0015569304814562,-0.0017666231142356
2024-12-23T09:00:00Z,-7.609444,112.595556,0.0009403881849721074,0.0016825895290821,-0.0016874623252078
2024-12-23T12:00:00Z,-7.609444,112.595556,0.000799820467364043,0.0017892541363835,-0.0017366942483931
2024-12-23T15:00:00Z,-7.609444,112.595556,0.0007833894342184067,0.0018322742544114,-0.0016153096221387
2024-12-23T18:00:00Z,-7.609444,112.595556,0.0005553891533054411,0.0017200479051098,-0.0013921766076236
2024-12-23T21:00:00Z,-7.609444,112.595556,0.00030891719507053494,0.0015480554429814,-0.0014913319610059
2024-12-24T00:00:00Z,-7.609444,112.595556,0.00021788421145174647,0.0015362508129328,-0.0017088460735976
2024-12-24T03:00:00Z,-7.609444,112.595556,0.00026092882035300136,0.0016696619568392,-0.001907026162371
2024-12-24T06:00:00Z,-7.609444,112.595556,0.00017447341815568507,0.0017032094765454,-0.0020222712773829
2024-12-24T09:00:00Z,-7.609444,112.595556,-1.9292869183118452e-05,0.0015498985303565,-0.0021372616756707
2024-12-24T12:00:00Z,-7.609444,112.595556,-0.0001831609406508505,0.0011121116112917,-0.0020279341842979
2024-12-24T15:00:00Z,-7.609444,112.595556,-0.0002708352403715253,0.0004964485415257514,-0.0018419914413243
2024-12-24T18:00:00Z,-7.609444,112.595556,-0.0004043845983687788,3.075613858527504e-05,-0.0017028946895152
2024-12-24T21:00:00Z,-7.609444,112.595556,-0.0005536223179660738,-0.0002664818603079766,-0.0017593413358554
2024-12-25T00:00:00Z,-7.609444,112.595556,-0.0005628407234326005,-0.00038762023905292153,-0.0018173779826611
2024-12-25T03:00:00Z,-7.609444,112.595556,-0.0004866443341597914,-0.000391561770811677,-0.0019334672251716
2024-12-25T06:00:00Z,-7.609444,112.595556,-0.0004138373478781432,-0.00045301136560738087,-0.0019489703699946
2024-12-25T09:00:00Z,-7.609444,112.595556,-0.0003201735380571336,-0.0005847019492648542,-0.0016311884392052
2024-12-25T12:00:00Z,-7.609444,112.595556,-0.0002012579643633217,-0.0006581590860150754,-0.0012701081577688
2024-12-25T15:00:00Z,-7.609444,112.595556,7.896776514826342e-05,-0.0004746883059851825,-0.0011621683370321
2024-12-25T18:00:00Z,-7.609444,112.595556,0.00026138400426134467,-0.00013668528117705137,-0.0011400290532037
2024-12-25T21:00:00Z,-7.609444,112.595556,0.0004027910763397813,0.0001247824402526021,-0.0015847567701712
2024-12-26T00:00:00Z,-7.609444,112.595556,0.0006290393066592515,0.0003141511988360435,-0.0021354518830776
2024-12-26T03:00:00Z,-7.609444,112.595556,0.0008552278741262853,0.000311584648443386,-0.0024823728017508
2024-12-26T06:00:00Z,-7.609444,112.595556,0.000946089334320277,0.00015089401858858764,-0.0022819119039922
2024-12-26T09:00:00Z,-7.609444,112.595556,0.0011118531692773,-3.3488235203549266e-05,-0.0021431394852697
2024-12-26T12:00:00Z,-7.609444,112.595556,0.0014180303551256,-9.587665408616886e-05,-0.002104916376993
2024-12-26T15:00:00Z,-7.609444,112.595556,0.0017509621102362,6.217811460373923e-05,-0.0022471307311207
2024-12-26T18:00:00Z,-7.609444,112.595556,0.0018235219176858,0.00014331417332869023,-0.0023276633583009
2024-12-26T21:00:00Z,-7.609444,112.595556,0.001815477036871,-3.158127219649032e-05,-0.0026490218006074
2024-12-27T00:00:00Z,-7.609444,112.595556,0.0018159380415454,-0.0003307750739622861,-0.002795212669298
2024-12-27T03:00:00Z,-7.609444,112.595556,0.0016975537873804,-0.0005386223783716559,-0.0028839057777076
2024-12-27T06:00:00Z,-7.609444,112.595556,0.0015338533557951,-0.000624308711849153,-0.0026353974826633
2024-12-27T09:00:00Z,-7.609444,112.595556,0.0014170702779665,-0.0006156394956633449,-0.0019627530127763
2024-12-27T12:00:00Z,-7.609444,112.595556,0.0013012728886678,-0.0006240996299311519,-0.0010426064254716
2024-12-27T15:00:00Z,-7.609444,112.595556,0.0010571283055469,-0.0006902557797729969,-0.00028155266772955656
2024-12-27T18:00:00Z,-7.609444,112.595556,0.0006946792709641159,-0.0008815866895020008,0.00016314561071339995
2024-12-27T21:00:00Z,-7.609444,112.595556,0.0005101915448904037,-0.0011159380665048,2.2515647287946194e-05
2024-12-28T00:00:00Z,-7.609444,112.595556,0.0006216961774043739,-0.0012099368032068,-0.00025173783069476485
2024-12-28T03:00:00Z,-7.609444,112.595556,0.0006922643515281379,-0.0010831073159351,-0.000653369992505759
2024-12-28T06:00:00Z,-7.609444,112.595556,0.0006374750519171357,-0.000829932396300137,-0.0010648542083799
2024-12-28T09:00:00Z,-7.609444,112.595556,0.0005445463466458023,-0.0006774549838155508,-0.0016268764156848
2024-12-28T12:00:00Z,-7.609444,112.595556,0.0003998439060524106,-0.0006304416456259787,-0.0020370564889162
2024-12-28T15:00:00Z,-7.609444,112.595556,0.00023563404101878405,-0.0005726265953853726,-0.0023740720935165
2024-12-28T18:00:00Z,-7.609444,112.595556,-1.5543895642622374e-05,-0.0006986649823375046,-0.0024210505653172
2024-12-28T21:00:00Z,-7.609444,112.595556,-0.00013966357801109552,-0.0009550153044983744,-0.0025512115098536
2024-12-29T00:00:00Z,-7.609444,112.595556,-5.76952843402978e-05,-0.0012857734691351,-0.0028126682154834
2024-12-29T03:00:00Z,-7.609444,112.595556,-5.766682807006873e-05,-0.0014370178105309,-0.0027744607068598
2024-12-29T06:00:00Z,-7.609444,112.595556,-0.00020089896861463785,-0.0016209898749366,-0.0027129196096211
2024-12-29T09:00:00Z,-7.609444,112.595556,-0.00033036863896995783,-0.0019168651197105,-0.0028468300588428
2024-12-29T12:00:00Z,-7.609444,112.595556,-0.00029291847022250295,-0.002038313774392,-0.0027905020397156
2024-12-29T15:00:00Z,-7.609444,112.595556,-0.00030934589449316263,-0.0019200550159439,-0.0030792953912168
2024-12-29T18:00:00Z,-7.609444,112.595556,-0.00033930267090909183,-0.0018555491697043,-0.0034097819589078
2024-12-29T21:00:00Z,-7.609444,112.595556,-0.000414098089095205,-0.0018062888411805,-0.0036783823743462
2024-12-30T00:00:00Z,-7.609444,112.595556,-0.0004110597947146744,-0.0017352104187011,-0.003737277816981
2024-12-30T03:00:00Z,-7.609444,112.595556,-0.0004537740896921605,-0.0017358178738504,-0.0035227194894105
2024-12-30T06:00:00Z,-7.609444,112.595556,-0.0005990606732666492,-0.001961711095646,-0.003409048076719
2024-12-30T09:00:00Z,-7.609444,112.595556,-0.0006268065189942718,-0.0021866294555366,-0.0035003256052732
2024-12-30T12:00:00Z,-7.609444,112.595556,-0.0004327613569330424,-0.0023224686738103,-0.0034447009675204
2024-12-30T15:00:00Z,-7.609444,112.595556,-0.00019089426496066156,-0.0023048932198435,-0.0032514084596186
2024-12-30T18:00:00Z,-7.609444,112.595556,-0.00011872665345435962,-0.0023158281110227,-0.0025988267734646
2024-12-30T21:00:00Z,-7.609444,112.595556,-7.978995563462377e-05,-0.0024796836078166,-0.001943236333318
2024-12-31T00:00:00Z,-7.609444,112.595556,0.0001394472928950563,-0.0026510334573686,-0.0015825142618268
2024-12-31T03:00:00Z,-7.609444,112.595556,0.0003004517056979239,-0.0027158679440617,-0.00136770948302
2024-12-31T06:00:00Z,-7.609444,112.595556,0.00022456487931776792,-0.0027420157566666,-0.0011695214780047
2024-12-31T09:00:00Z,-7.609444,112.595556,1.631906798138516e-06,-0.0027734420727938,-0.0009126915247179568
2024-12-31T12:00:00Z,-7.609444,112.595556,-0.00011499615357024596,-0.0028783108573406,-0.0004626316076610237
2024-12-31T15:00:00Z,-7.609444,112.595556,-0.0002186230412917212,-0.0028755739331245,-0.00019153501489199695
2024-12-31T18:00:00Z,-7.609444,112.595556,-0.000439889554399997,-0.0029282076284289,0.00015483461902476847
2024-12-31T21:00:00Z,-7.609444,112.595556,-0.0006764684803783894,-0.0028429420199245,0.0005424947594292462
2025-01-01T00:00:00Z,-7.609444,112.595556,-0.0006498977309092879,-0.0026474674232304,0.0006763242417946458
2025-01-01T03:00:00Z,-7.609444,112.595556,-0.0005709371762350202,-0.0023646724876016,0.0004018584731966257
2025-01-01T06:00:00Z,-7.609444,112.595556,-0.0005722188507206738,-0.0021759520750492,4.184933641226962e-05
2025-01-01T09:00:00Z,-7.609444,112.595556,-0.0006189378909766674,-0.0020261630415916,-0.000170233310200274
2025-01-01T12:00:00Z,-7.609444,112.595556,-0.0005187073838897049,-0.0020163692533969,-0.00029986072331666946
2025-01-01T15:00:00Z,-7.609444,112.595556,-0.00033710035495460033,-0.0019619665108621,-0.0006814328953623772
2025-01-01T18:00:00Z,-7.609444,112.595556,-0.00022679209359921515,-0.001817446318455,-0.0009662939701229334
2025-01-01T21:00:00Z,-7.609444,112.595556,-0.0001771475508576259,-0.0016327057965099,-0.0012513818219304
2025-01-02T00:00:00Z,-7.609444,112.595556,-8.137283657561056e-06,-0.0015271913725882,-0.0013808960793539
2025-01-02T03:00:00Z,-7.609444,112.595556,-1.866717320808675e-05,-0.0014219364384189,-0.0016260386910289
2025-01-02T06:00:00Z,-7.609444,112.595556,-2.541408321121708e-05,-0.0014699278399348,-0.0019665146246552
2025-01-02T09:00:00Z,-7.609444,112.595556,-1.4263775483414063e-05,-0.0015041882870718,-0.0021613535936921
2025-01-02T12:00:00Z,-7.609444,112.595556,7.661294512217864e-05,-0.0014450818998739,-0.002291910815984
2025-01-02T15:00:00Z,-7.609444,112.595556,0.00014966836897656322,-0.0012011249782517,-0.0023522633127868
2025-01-02T18:00:00Z,-7.609444,112.595556,0.00013162703544367105,-0.0010260996641591,-0.0021900951396673
2025-01-02T21:00:00Z,-7.609444,112.595556,3.533370318109519e-06,-0.0009036616538651288,-0.0020363084040582
2025-01-03T00:00:00Z,-7.609444,112.595556,-6.086152097850572e-06,-0.0007030069828033447,-0.0017255452694371
2025-01-03T03:00:00Z,-7.609444,112.595556,-7.244476000778377e-05,-0.000484645803226158,-0.0014064966235309
2025-01-03T06:00:00Z,-7.609444,112.595556,-0.0001739185827318579,-0.00030693234293721616,-0.0011139038251712
2025-01-03T09:00:00Z,-7.609444,112.595556,-0.0002684907231014222,-8.089814218692482e-05,-0.0008361377404071391
2025-01-03T12:00:00Z,-7.609444,112.595556,-0.0002881026885006577,0.00012096873251721264,-0.0008306350209750235
2025-01-03T15:00:00Z,-7.609444,112.595556,-0.00022580070071853697,0.0003102960472460836,-0.0006666508852504194
2025-01-03T18:00:00Z,-7.609444,112.595556,-0.00026400864589959383,0.0003464008623268455,-0.0001870409032562748
2025-01-03T21:00:00Z,-7.609444,112.595556,-0.0003375586529728025,0.0001995642523979768,0.0001562310935696587
2025-01-04T00:00:00Z,-7.609444,112.595556,-0.0002327793336007744,5.1134036766598e-05,6.311800825642422e-05
2025-01-04T03:00:00Z,-7.609444,112.595556,-0.0002009862073464319,3.328637103550136e-05,-1.4373266822076404e-05
2025-01-04T06:00:00Z,-7.609444,112.595556,-0.00035248277708888054,-4.291292498237453e-05,-0.00010528520942898469
2025-01-04T09:00:00Z,-7.609444,112.595556,-0.0005568041233345866,-0.00018516862473916265,-0.0003623638476710767
2025-01-04T12:00:00Z,-7.609444,112.595556,-0.0006740221870131791,-0.0002673614944797009,-0.0008448309381492436
2025-01-04T15:00:00Z,-7.609444,112.595556,-0.0008227596408687532,-0.00034202393726445735,-0.0010717165423557
2025-01-04T18:00:00Z,-7.609444,112.595556,-0.0010812631808221,-0.000518214947078377,-0.0011680546449497
2025-01-04T21:00:00Z,-7.609444,112.595556,-0.001380112953484,-0.00080234365304932,-0.0013269918272271
2025-01-05T00:00:00Z,-7.609444,112.595556,-0.0013844448840245,-0.0010503191733732,-0.0014562404248863
2025-01-05T03:00:00Z,-7.609444,112.595556,-0.0013973820023238,-0.0011339647462591,-0.0014107081806287
2025-01-05T06:00:00Z,-7.609444,112.595556,-0.0015169648686423,-0.0011002596002072,-0.0011440331581979
2025-01-05T09:00:00Z,-7.609444,112.595556,-0.001626078155823,-0.0009741462417878212,-0.0011268905363976
2025-01-05T12:00:00Z,-7.609444,112.595556,-0.0014277134323492,-0.0007346580387093127,-0.0015774377388879
2025-01-05T15:00:00Z,-7.609444,112.595556,-0.0011059471871703,-0.0003604528319556266,-0.0020986283197999
2025-01-05T18:00:00Z,-7.609444,112.595556,-0.0008043338893912733,-4.1164526919601485e-05,-0.0024612380657345
2025-01-05T21:00:00Z,-7.609444,112.595556,-0.0006303783156909049,2.464069984853268e-05,-0.0028449343517422
2025-01-06T00:00:00Z,-7.609444,112.595556,-0.0002873193006962538,6.717889482388273e-05,-0.00330993370153
2025-01-06T03:00:00Z,-7.609444,112.595556,-2.699099604797084e-05,8.632246317574754e-05,-0.0037516024895012
2025-01-06T06:00:00Z,-7.609444,112.595556,0.00023675789998378605,6.458394636865705e-05,-0.003960090689361
2025-01-06T09:00:00Z,-7.609444,112.595556,0.0004996652714908123,0.00010522042430238798,-0.0039764721877872
2025-01-06T12:00:00Z,-7.609444,112.595556,0.0008554327650927007,0.0001833464775700122,-0.0039732884615659
2025-01-06T15:00:00Z,-7.609444,112.595556,0.0012083433102816,0.0003562837664503604,-0.0038436660543084
2025-01-06T18:00:00Z,-7.609444,112.595556,0.0013689008774235,0.00046865310287103057,-0.0036341897211968
2025-01-06T21:00:00Z,-7.609444,112.595556,0.0015027412446215,0.0005092722713015974,-0.003653717925772
2025-01-07T00:00:00Z,-7.609444,112.595556,0.0018392760539427,0.0005617982242256403,-0.0037450869567692
2025-01-07T03:00:00Z,-7.609444,112.595556,0.0019855278078466,0.0005953276413492858,-0.0034579092171043
2025-01-07T06:00:00Z,-7.609444,112.595556,0.0017983316211029,0.0005785655812360346,-0.0031056231819093
2025-01-07T09:00:00Z,-7.609444,112.595556,0.0016334870597347,0.0006292762700468302,-0.0029076898936182
2025-01-07T12:00:00Z,-7.609444,112.595556,0.0017207867931574,0.0007462814683094621,-0.0028295912779867
2025-01-07T15:00:00Z,-7.609444,112.595556,0.0018084611510857,0.0008479008101858199,-0.002742025302723
2025-01-07T18:00:00Z,-7.609444,112.595556,0.0018131822580471,0.0008306840318255126,-0.0024708060082048
2025-01-07T21:00:00Z,-7.609444,112.595556,0.0017256767023354,0.0006339404499158263,-0.0024896734394133
2025-01-08T00:00:00Z,-7.609444,112.595556,0.0018404645379632,0.0005738360923714936,-0.0025786983314901
2025-01-08T03:00:00Z,-7.609444,112.595556,0.0018434305675327,0.0006638197228312492,-0.0023302950430661
2025-01-08T06:00:00Z,-7.609444,112.595556,0.0016644957941025,0.0006603222573176026,-0.0022227878216654
2025-01-08T09:00:00Z,-7.609444,112.595556,0.001439364394173,0.0005649413797073066,-0.0023747135419398
2025-01-08T12:00:00Z,-7.609444,112.595556,0.001270851236768,0.0004967157146893442,-0.0023771731648594
2025-01-08T15:00:00Z,-7.609444,112.595556,0.0009644624078646302,0.0004993740585632622,-0.0021019836422055
2025-01-08T18:00:00Z,-7.609444,112.595556,0.0005521106068044901,0.00044000998605042696,-0.0019107870757579
2025-01-08T21:00:00Z,-7.609444,112.595556,0.00010651113552739844,0.0003961943439207971,-0.0019333693198859
2025-01-09T00:00:00Z,-7.609444,112.595556,-0.0001035055611282587,0.0004054096061736345,-0.0022597783245146
2025-01-09T03:00:00Z,-7.609444,112.595556,-0.0001567838480696082,0.00050187180750072,-0.0025026574730873
2025-01-09T06:00:00Z,-7.609444,112.595556,-0.0002268875687150285,0.0004901955253444612,-0.0027070781216025
2025-01-09T09:00:00Z,-7.609444,112.595556,-0.00028295451193116605,0.00036081732832826674,-0.003124259179458
2025-01-09T12:00:00Z,-7.609444,112.595556,-0.0001561140816193074,0.0002857657673303038,-0.0034817301202565
2025-01-09T15:00:00Z,-7.609444,112.595556,3.437803752603941e-05,0.00029607443138957024,-0.0035977906081825
2025-01-09T18:00:00Z,-7.609444,112.595556,0.0001836697483668104,0.00031660168315283954,-0.003352963598445
2025-01-09T21:00:00Z,-7.609444,112.595556,0.0002196508285123855,0.0003684583061840385,-0.0030080243013799
2025-01-10T00:00:00Z,-7.609444,112.595556,0.0003578714386094361,0.0003579209151212126,-0.0027371135074645
2025-01-10T03:00:00Z,-7.609444,112.595556,0.0004304396570660174,0.00010438201570650564,-0.0023735179565846
2025-01-10T06:00:00Z,-7.609444,112.595556,0.00039224265492521226,-0.0003333757340442389,-0.0022979700006544
2025-01-10T09:00:00Z,-7.609444,112.595556,0.0003385362506378442,-0.0008118499536067247,-0.0025548278354108
2025-01-10T12:00:00Z,-7.609444,112.595556,0.0005148343043401837,-0.001135335303843,-0.0027072064112871
2025-01-10T15:00:00Z,-7.609444,112.595556,0.0009320107637904584,-0.0012994761345908,-0.0028278573881834
2025-01-10T18:00:00Z,-7.609444,112.595556,0.0013045559171587,-0.0014469675952568,-0.0030473903752863
2025-01-10T21:00:00Z,-7.609444,112.595556,0.0015278684441,-0.0015421336283907,-0.0030972680542618
2025-01-11T00:00:00Z,-7.609444,112.595556,0.001737453858368,-0.0015847783070057,-0.0032024660613387
2025-01-11T03:00:00Z,-7.609444,112.595556,0.0017929332097992,-0.0015827182214707,-0.0034977700561285
2025-01-11T06:00:00Z,-7.609444,112.595556,0.0018282099626958,-0.0014759877230972,-0.0038464567624032
2025-01-11T09:00:00Z,-7.609444,112.595556,0.0018679511267691,-0.001277016242966,-0.0039482833817601
2025-01-11T12:00:00Z,-7.609444,112.595556,0.0019005668582394,-0.0010236232774332,-0.0037920053582638
2025-01-11T15:00:00Z,-7.609444,112.595556,0.0020648587960749,-0.0007354392437264323,-0.0037143391091376
2025-01-11T18:00:00Z,-7.609444,112.595556,0.0020518456585705,-0.000597696634940803,-0.0034641297534108
2025-01-11T21:00:00Z,-7.609444,112.595556,0.0018761709798127,-0.0007304985192604363,-0.003043990349397
2025-01-12T00:00:00Z,-7.609444,112.595556,0.0017117557581514,-0.0009251126321032644,-0.0027861627750098
2025-01-12T03:00:00Z,-7.609444,112.595556,0.0014884916599839,-0.0009986795485019684,-0.0028311926871538
2025-01-12T06:00:00Z,-7.609444,112.595556,0.0012283097021281,-0.0010481887729838,-0.0031154821626842
2025-01-12T09:00:00Z,-7.609444,112.595556,0.0008970769122242928,-0.0011387586127966,-0.0034363649319857
2025-01-12T12:00:00Z,-7.609444,112.595556,0.0005197612335905433,-0.0012366055743768,-0.0035995217040181
2025-01-12T15:00:00Z,-7.609444,112.595556,0.0001118448781198822,-0.0012742764083668,-0.0035991962067782
2025-01-12T18:00:00Z,-7.609444,112.595556,-0.0003555474686436355,-0.0014352289726957,-0.0032603985164314
2025-01-12T21:00:00Z,-7.609444,112.595556,-0.00083112099673599,-0.0016403724439442,-0.0029301098547875
2025-01-13T00:00:00Z,-7.609444,112.595556,-0.0010343118337914,-0.0016013928689062,-0.0023967754095792
2025-01-13T03:00:00Z,-7.609444,112.595556,-0.0010731001384556,-0.0014398237690329,-0.0015415509697049
2025-01-13T06:00:00Z,-7.609444,112.595556,-0.0009287715656682848,-0.00144124252256,-0.0009437159169465305
2025-01-13T09:00:00Z,-7.609444,112.595556,-0.000625806802418083,-0.0014842125819996,-0.0006850388017483056
2025-01-13T12:00:00Z,-7.609444,112.595556,-0.0002845883718691766,-0.0014079118845984,-0.0008100076229311526
2025-01-13T15:00:00Z,-7.609444,112.595556,6.948444934096187e-05,-0.0012226889375597,-0.0012203627265989
2025-01-13T18:00:00Z,-7.609444,112.595556,0.00019251911726314572,-0.0011623514583334,-0.0014713123673573
2025-01-13T21:00:00Z,-7.609444,112.595556,0.00013689868501387537,-0.0012443891027942,-0.0016323499148711
2025-01-14T00:00:00Z,-7.609444,112.595556,0.0001623318821657449,-0.0014511795016005,-0.0018071954837068
2025-01-14T03:00:00Z,-7.609444,112.595556,0.00014374530292116106,-0.0015451797517016,-0.0016290151979774
2025-01-14T06:00:00Z,-7.609444,112.595556,0.00014463414845522493,-0.001638937741518,-0.0013777804560959
2025-01-14T09:00:00Z,-7.609444,112.595556,0.00024579986347816885,-0.0017293960554525,-0.0015667050611227
2025-01-14T12:00:00Z,-7.609444,112.595556,0.000415611284552142,-0.0016443076310679,-0.0017455858178436
2025-01-14T15:00:00Z,-7.609444,112.595556,0.0007335509289987385,-0.0014675089623779,-0.0019456568406894
2025-01-14T18:00:00Z,-7.609444,112.595556,0.0010095216566696,-0.0014087866293266,-0.0022789284121245
2025-01-14T21:00:00Z,-7.609444,112.595556,0.0011484052520245,-0.001428002375178,-0.0027586540672928
2025-01-15T00:00:00Z,-7.609444,112.595556,0.0014441702514886,-0.0013528926065191,-0.0029286323115229
2025-01-15T03:00:00Z,-7.609444,112.595556,0.0015844649169594,-0.0010831074323505,-0.0026257028803229
2025-01-15T06:00:00Z,-7.609444,112.595556,0.0015203317161649,-0.0008971449569799006,-0.0024726644624024
2025-01-15T09:00:00Z,-7.609444,112.595556,0.0014326574746519,-0.0007839157478883862,-0.0024776747450232
2025-01-15T12:00:00Z,-7.609444,112.595556,0.0013140288647264,-0.0005683089257217944,-0.0024102171882987
2025-01-15T15:00:00Z,-7.609444,112.595556,0.0012491859961301,-0.00043909865780733526,-0.0019656454678624
2025-01-15T18:00:00Z,-7.609444,112.595556,0.0011097419774159,-0.0004702254082076252,-0.0014216409763321
2025-01-15T21:00:00Z,-7.609444,112.595556,0.0010567472781985,-0.00068855588324368,-0.0012814236106351
2025-01-16T00:00:00Z,-7.609444,112.595556,0.0011491368059068,-0.000879775732755661,-0.0011151365470141
2025-01-16T03:00:00Z,-7.609444,112.595556,0.0012904293835163,-0.0009937768336385489,-0.0009518585284240544
2025-01-16T06:00:00Z,-7.609444,112.595556,0.0013929514680057,-0.001182728796266,-0.0010211600456386
2025-01-16T09:00:00Z,-7.609444,112.595556,0.001568439300172,-0.0013144974363967,-0.0012191561982035
2025-01-16T12:00:00Z,-7.609444,112.595556,0.0018901609582826,-0.0012454640818759,-0.0016670821933075
2025-01-16T15:00:00Z,-7.609444,112.595556,0.0022004500497132,-0.0010258863912895,-0.0016992070013657
2025-01-16T18:00:00Z,-7.609444,112.595556,0.0022753025405108,-0.0009581237682141364,-0.0016145901754498
2025-01-16T21:00:00Z,-7.609444,112.595556,0.0021494717802852,-0.0011037269141525,-0.0017927007284015
2025-01-17T00:00:00Z,-7.609444,112.595556,0.0021632362622767,-0.0013531328877434,-0.0018833852373063
2025-01-17T03:00:00Z,-7.609444,112.595556,0.0022088927216827,-0.0016090435674414,-0.0016461465274915
2025-01-17T06:00:00Z,-7.609444,112.595556,0.0022996484767645,-0.0019861061591655,-0.0015972479013726
2025-01-17T09:00:00Z,-7.609444,112.595556,0.0023842267692089,-0.0023873422760516,-0.0018927728524431
2025-01-17T12:00:00Z,-7.609444,112.595556,0.0025096139870584,-0.0025833435356616,-0.0023407023400068
2025-01-17T15:00:00Z,-7.609444,112.595556,0.0027398597449064,-0.0024977233260869,-0.0026516816578805
2025-01-17T18:00:00Z,-7.609444,112.595556,0.0028245695866644,-0.0023720473982393,-0.0029806392267346
2025-01-17T21:00:00Z,-7.609444,112.595556,0.002680922858417,-0.0022535223979502,-0.0033313245512545
2025-01-18T00:00:00Z,-7.609444,112.595556,0.0026495698839426,-0.0022298609837889,-0.0038636554963886
2025-01-18T03:00:00Z,-7.609444,112.595556,0.0026454767212271,-0.0021507663186639,-0.003918825648725
2025-01-18T06:00:00Z,-7.609444,112.595556,0.0025804457254707,-0.0021751408930867,-0.0038019197527319
2025-01-18T09:00:00Z,-7.609444,112.595556,0.0025889773387461,-0.0021977329161018,-0.003552357899025
2025-01-18T12:00:00Z,-7.609444,112.595556,0.0026496562641113,-0.0022119276691228,-0.0030185631476342
2025-01-18T15:00:00Z,-7.609444,112.595556,0.0027692336589097,-0.0022075904998928,-0.0022476718295365
2025-01-18T18:00:00Z,-7.609444,112.595556,0.0028332830406725,-0.0021445262245833,-0.0015904107131063
2025-01-18T21:00:00Z,-7.609444,112.595556,0.0028262143023312,-0.0021732116583734,-0.0014990358613431
2025-01-19T00:00:00Z,-7.609444,112.595556,0.0029532657936215,-0.0021150193642824,-0.0020032797474414
2025-01-19T03:00:00Z,-7.609444,112.595556,0.0030444739386439,-0.0020269670058041,-0.0026871361769735
2025-01-19T06:00:00Z,-7.609444,112.595556,0.0030033690854907,-0.0019554733298718,-0.0031803678721189
2025-01-19T09:00:00Z,-7.609444,112.595556,0.0027797252405434,-0.0019001978216692,-0.0033023552969098
2025-01-19T12:00:00Z,-7.609444,112.595556,0.0025770359206944,-0.0019356898264959,-0.0035008310806006
2025-01-19T15:00:00Z,-7.609444,112.595556,0.0023477440699934,-0.0019765242468565,-0.0036552101373672
2025-01-19T18:00:00Z,-7.609444,112.595556,0.0021316069178283,-0.0020663728937506,-0.0036281729117035
2025-01-19T21:00:00Z,-7.609444,112.595556,0.0019325158791616,-0.0021110782399773,-0.003640602575615
2025-01-20T00:00:00Z,-7.609444,112.595556,0.0020320015028119,-0.0019474489381536,-0.0036243901122361
2025-01-20T03:00:00Z,-7.609444,112.595556,0.0020974855870008,-0.0017509487224742,-0.0036375499330461
2025-01-20T06:00:00Z,-7.609444,112.595556,0.0021780265960842,-0.0016611200990155,-0.0039649722166359
2025-01-20T09:00:00Z,-7.609444,112.595556,0.0020749466493725,-0.0015832742210477,-0.0042901686392724
2025-01-20T12:00:00Z,-7.609444,112.595556,0.001885226345621,-0.0015073417453095,-0.0045493845827877
2025-01-20T15:00:00Z,-7.609444,112.595556,0.0016549917636439,-0.0013223576825112,-0.0047155208885669
2025-01-20T18:00:00Z,-7.609444,112.595556,0.0012691563460975,-0.0011462067486718,-0.0048365322872996
2025-01-20T21:00:00Z,-7.609444,112.595556,0.0007988107390701771,-0.0010607400909066,-0.0051459656096994
2025-01-21T00:00:00Z,-7.609444,112.595556,0.0004525500698946416,-0.0009621487115509808,-0.0050471648573875
2025-01-21T03:00:00Z,-7.609444,112.595556,0.00010667381138773636,-0.0007747015333734453,-0.0047286618500947
2025-01-21T06:00:00Z,-7.609444,112.595556,-0.0002339403872611001,-0.0007265971507877111,-0.0042850943282246
2025-01-21T09:00:00Z,-7.609444,112.595556,-0.0004976267227903008,-0.0006357645033858716,-0.0038144188001751
2025-01-21T12:00:00Z,-7.609444,112.595556,-0.0005275707226246595,-0.00042380322702229023,-0.0034971870481967
2025-01-21T15:00:00Z,-7.609444,112.595556,-0.0004155724891461432,-0.00017395723261870444,-0.0032507558353245
2025-01-21T18:00:00Z,-7.609444,112.595556,-0.0003651561564765871,9.07279463717714e-05,-0.0026615257374942
2025-01-21T21:00:00Z,-7.609444,112.595556,-0.0005147253978066146,0.00021299003856256604,-0.0022675688378512
2025-01-22T00:00:00Z,-7.609444,112.595556,-0.0005068227183073759,0.00028235375066287816,-0.0020803606603294
2025-01-22T03:00:00Z,-7.609444,112.595556,-0.0004811680701095611,0.0004299631400499493,-0.001875502988696
2025-01-22T06:00:00Z,-7.609444,112.595556,-0.0005733470898121595,0.0006131468107923865,-0.0018708704737946
2025-01-22T09:00:00Z,-7.609444,112.595556,-0.0006489071529358625,0.000785323150921613,-0.0019136392511427
2025-01-22T12:00:00Z,-7.609444,112.595556,-0.0005874035996384919,0.0009435921674594284,-0.0017138823168352
2025-01-22T15:00:00Z,-7.609444,112.595556,-0.0004610611940734088,0.0010549261933192,-0.0015283433021977
2025-01-22T18:00:00Z,-7.609444,112.595556,-0.00033947144402191043,0.0011626573977991,-0.0013148703146725
2025-01-22T21:00:00Z,-7.609444,112.595556,-0.0003749640891328454,0.0010642592096701,-0.0015191598795354
2025-01-23T00:00:00Z,-7.609444,112.595556,-0.0003296575741842389,0.0009611011482775212,-0.0019967581611126
2025-01-23T03:00:00Z,-7.609444,112.595556,-0.0004166685102973133,0.000994060537777841,-0.0022812651004642
2025-01-23T06:00:00Z,-7.609444,112.595556,-0.0007524757529608905,0.0010048492113128,-0.0024746449198573
2025-01-23T09:00:00Z,-7.609444,112.595556,-0.0010504866950213,0.000918302743230015,-0.00255116680637
2025-01-23T12:00:00Z,-7.609444,112.595556,-0.0011514547513797,0.0007847714005038142,-0.0027862673159688
2025-01-23T15:00:00Z,-7.609444,112.595556,-0.0011867913417518,0.0005857557989656925,-0.0031435969285666
2025-01-23T18:00:00Z,-7.609444,112.595556,-0.001341171329841,0.0003813380317296833,-0.0031600464135408
2025-01-23T21:00:00Z,-7.609444,112.595556,-0.0014934404753148,0.0001253183581866324,-0.0031573832966387
2025-01-24T00:00:00Z,-7.609444,112.595556,-0.0013800329761579,-5.123839946463704e-05,-0.0033273498993366
2025-01-24T03:00:00Z,-7.609444,112.595556,-0.0012457027332857,-0.0001698210689937696,-0.0036873884964734
2025-01-24T06:00:00Z,-7.609444,112.595556,-0.0012080566957592,-0.0004289709613658488,-0.003995593637228
2025-01-24T09:00:00Z,-7.609444,112.595556,-0.0012888255296275,-0.0007043230580165982,-0.0041943620890378
2025-01-24T12:00:00Z,-7.609444,112.595556,-0.0012896845582872,-0.00086245994316414,-0.0042285919189453
2025-01-24T15:00:00Z,-7.609444,112.595556,-0.0012282726820558,-0.000875626690685749,-0.004179885610938
2025-01-24T18:00:00Z,-7.609444,112.595556,-0.0012984381755813,-0.0008763157529756427,-0.0038983449339866
2025-01-24T21:00:00Z,-7.609444,112.595556,-0.001328783808276,-0.0009484070469625294,-0.0036641990300267
2025-01-25T00:00:00Z,-7.609444,112.595556,-0.0011252124095335,-0.0009511790703982116,-0.0036270015407353
2025-01-25T03:00:00Z,-7.609444,112.595556,-0.0008532308856956661,-0.0010097944177687,-0.003476784331724
2025-01-25T06:00:00Z,-7.609444,112.595556,-0.0005033449269831181,-0.0011073122732341,-0.0029495193157345
2025-01-25T09:00:00Z,-7.609444,112.595556,-0.0001484611420892179,-0.0010853363201022,-0.0025482173077762
2025-01-25T12:00:00Z,-7.609444,112.595556,0.00025948454276658595,-0.0008979166741482913,-0.0023778765462338
2025-01-25T15:00:00Z,-7.609444,112.595556,0.0007066426333039999,-0.0005551678477786481,-0.0023347751703113
2025-01-25T18:00:00Z,-7.609444,112.595556,0.0008167807827703655,-0.00022590805019717664,-0.0021468808408826
2025-01-25T21:00:00Z,-7.609444,112.595556,0.000779279856942594,-0.0001231291244039312,-0.0019712157081812
2025-01-26T00:00:00Z,-7.609444,112.595556,0.0007700528367422521,-5.112905637361109e-05,-0.0015566835645586
2025-01-26T03:00:00Z,-7.609444,112.595556,0.0008239014423452318,-5.021201286581345e-05,-0.0011179065331816
2025-01-26T06:00:00Z,-7.609444,112.595556,0.0008701644837856293,-0.0002007540169870481,-0.0008338571642525494
2025-01-26T09:00:00Z,-7.609444,112.595556,0.0008327386458404362,-0.00036086406907998025,-0.0007239440456032753
2025-01-26T12:00:00Z,-7.609444,112.595556,0.0007827389636076987,-0.000523951486684382,-0.000787688244599849
2025-01-26T15:00:00Z,-7.609444,112.595556,0.000799414177890867,-0.0005712644197046757,-0.0010161251993849
2025-01-26T18:00:00Z,-7.609444,112.595556,0.0007115326006896794,-0.0006469134241342545,-0.0011940278345718
2025-01-26T21:00:00Z,-7.609444,112.595556,0.0005753583973273635,-0.0008708991808816791,-0.0014710441464558
2025-01-27T00:00:00Z,-7.609444,112.595556,0.0005267438828013837,-0.000913736643269658,-0.0018563532503321
2025-01-27T03:00:00Z,-7.609444,112.595556,0.000343268271535635,-0.0007896022871136665,-0.0022006605286151
2025-01-27T06:00:00Z,-7.609444,112.595556,0.0001272365334443748,-0.0007097540074028075,-0.0023867380805313
2025-01-27T09:00:00Z,-7.609444,112.595556,-5.398397843237035e-05,-0.0006871907971799374,-0.0023992548231035
2025-01-27T12:00:00Z,-7.609444,112.595556,-0.00022531652939505875,-0.0007227018941193819,-0.0023529254831373
2025-01-27T15:00:00Z,-7.609444,112.595556,-0.0001856378512457013,-0.0008347074035555124,-0.0025121213402599
2025-01-27T18:00:00Z,-7.609444,112.595556,-0.0002059945254586637,-0.0008362055523321033,-0.002825699513778
2025-01-27T21:00:00Z,-7.609444,112.595556,-0.00015394901856780052,-0.0008351693395525217,-0.0029926099814474
2025-01-28T00:00:00Z,-7.609444,112.595556,6.506088539026678e-05,-0.0007326468476094306,-0.0029943431727588
2025-01-28T03:00:00Z,-7.609444,112.595556,0.000458459195215255,-0.0006286173011176288,-0.003347088349983
2025-01-28T06:00:00Z,-7.609444,112.595556,0.0009361134725622832,-0.0005587037303484976,-0.0036169309169054
2025-01-28T09:00:00Z,-7.609444,112.595556,0.0013136996421962,-0.0005505757289938629,-0.003632039995864
2025-01-28T12:00:00Z,-7.609444,112.595556,0.0015138557646423,-0.0006116885342635214,-0.0038029626011848
2025-01-28T15:00:00Z,-7.609444,112.595556,0.0018072040984407,-0.0005543178995139897,-0.0041886111721396
2025-01-28T18:00:00Z,-7.609444,112.595556,0.002106251893565,-0.0005521734128706157,-0.0042840610258281
2025-01-28T21:00:00Z,-7.609444,112.595556,0.002457215450704,-0.000820991990622133,-0.0040479791350662
2025-01-29T00:00:00Z,-7.609444,112.595556,0.002881855238229,-0.0010918439365923,-0.0037475703284144
2025-01-29T03:00:00Z,-7.609444,112.595556,0.0032054686453193,-0.001253142603673,-0.0035973552148789
2025-01-29T06:00:00Z,-7.609444,112.595556,0.0034189722500741,-0.0012648176634684,-0.0032204668968915
2025-01-29T09:00:00Z,-7.609444,112.595556,0.0036421546246856,-0.0013506822288036,-0.002704860176891
2025-01-29T12:00:00Z,-7.609444,112.595556,0.0039178575389087,-0.0014698543818667,-0.0023176549002528
2025-01-29T15:00:00Z,-7.609444,112.595556,0.0042017623782157,-0.001483442960307,-0.0020435196347534
2025-01-29T18:00:00Z,-7.609444,112.595556,0.0041849398985505,-0.001567775150761,-0.0015989048406481
2025-01-29T21:00:00Z,-7.609444,112.595556,0.0039899707771837,-0.0018629316473379,-0.0012741814134642
2025-01-30T00:00:00Z,-7.609444,112.595556,0.0040180729702115,-0.0021606716327369,-0.0013216953957453
2025-01-30T03:00:00Z,-7.609444,112.595556,0.0039671757258474,-0.0022474559955298,-0.0009975511347875
2025-01-30T06:00:00Z,-7.609444,112.595556,0.003602476324886,-0.0023427391424775,-0.0004312821547500789
2025-01-30T09:00:00Z,-7.609444,112.595556,0.003103905590251,-0.0026049201842397,-0.0002162757737096399
2025-01-30T12:00:00Z,-7.609444,112.595556,0.0028304276056587,-0.0028274501673877,-0.0002700378827285021
2025-01-30T15:00:00Z,-7.609444,112.595556,0.0027541441377252,-0.002705642953515,-0.0001062064548023045
2025-01-30T18:00:00Z,-7.609444,112.595556,0.0025996356271207,-0.0024373757187277,0.00024581197067163885
2025-01-30T21:00:00Z,-7.609444,112.595556,0.0023878288920968,-0.0021696267649531,0.0003985680523328483
2025-01-31T00:00:00Z,-7.609444,112.595556,0.0022918230388313,-0.001922549912706,-1.0092405773320934e-06
2025-01-31T03:00:00Z,-7.609444,112.595556,0.0021817479282617,-0.0018011340871453,-0.0004242904542479664
2025-01-31T06:00:00Z,-7.609444,112.595556,0.0020207741763442,-0.0018767697038128,-0.0008980791899375618
2025-01-31T09:00:00Z,-7.609444,112.595556,0.0016980031505227,-0.0020638753194361,-0.0013265643501654
2025-01-31T12:00:00Z,-7.609444,112.595556,0.0015137868467718,-0.0022285152226686,-0.0015064006438478
2025-01-31T15:00:00Z,-7.609444,112.595556,0.001425834139809,-0.0022209919989109,-0.0011125315213575
2025-01-31T18:00:00Z,-7.609444,112.595556,0.0012060827575623,-0.0021933089010417,-0.0005745003581978381
2025-01-31T21:00:00Z,-7.609444,112.595556,0.0009830781491473315,-0.0021380647085607,-8.18375192466192e-05
2025-02-01T00:00:00Z,-7.609444,112.595556,0.0009344288264401256,-0.0019441666081547,0.00019977166084572676
2025-02-01T03:00:00Z,-7.609444,112.595556,0.0008415799238719046,-0.0018264235695824,0.0003491811803542077
2025-02-01T06:00:00Z,-7.609444,112.595556,0.0006662212545052171,-0.0018693826859816,0.0003719328669831157
2025-02-01T09:00:00Z,-7.609444,112.595556,0.000485482974909246,-0.0019728729967027,2.0319061150075868e-05
2025-02-01T12:00:00Z,-7.609444,112.595556,0.000415370799601078,-0.0019820518791675,-0.00035744288470596075
2025-02-01T15:00:00Z,-7.609444,112.595556,0.00042775546899065375,-0.0019095299066975,-0.0003026026824954897
2025-02-01T18:00:00Z,-7.609444,112.595556,0.00032943018595688045,-0.0020154830999672,4.6350851334864274e-05
2025-02-01T21:00:00Z,-7.609444,112.595556,1.42706167025608e-05,-0.0021419478580355,0.00034189075813628733
2025-02-02T00:00:00Z,-7.609444,112.595556,-0.00021414745424408463,-0.0020995053928345,0.0007647366146557033
2025-02-02T03:00:00Z,-7.609444,112.595556,-0.0004837221931666136,-0.0018796332878991,0.0012668047565966
2025-02-02T06:00:00Z,-7.609444,112.595556,-0.0005282957572489977,-0.0018688595155254,0.0013245510635897
2025-02-02T09:00:00Z,-7.609444,112.595556,-0.0004590078897308558,-0.0018662791699171,0.0012750785099342
2025-02-02T12:00:00Z,-7.609444,112.595556,-0.0004155077622272074,-0.0018535145791247,0.0011482570553198
2025-02-02T15:00:00Z,-7.609444,112.595556,-0.0004235878004692495,-0.0017305561341345,0.0009352643392048776
2025-02-02T18:00:00Z,-7.609444,112.595556,-0.00046851884690113366,-0.0015729094156995,0.0006889479118399322
2025-02-02T21:00:00Z,-7.609444,112.595556,-0.0005555516690947115,-0.0014700511237606,0.00017050854512490332
2025-02-03T00:00:00Z,-7.609444,112.595556,-0.0004441726196091622,-0.0012858099071308,-0.0002970308996737004
2025-02-03T03:00:00Z,-7.609444,112.595556,-0.0003646676777862013,-0.0010964246466755,-0.0005568240885622799
2025-02-03T06:00:00Z,-7.609444,112.595556,-0.00029396903119049966,-0.0010935264872387,-0.0008456348441541195
2025-02-03T09:00:00Z,-7.609444,112.595556,-0.00020985593437217176,-0.0011558780679479,-0.0010666318703442
2025-02-03T12:00:00Z,-7.609444,112.595556,-3.342375566717237e-05,-0.0010458113392814,-0.0008950040792115033
2025-02-03T15:00:00Z,-7.609444,112.595556,0.00023144377337303013,-0.0007363991462625563,-0.000775352178607136
2025-02-03T18:00:00Z,-7.609444,112.595556,0.0004522436938714236,-0.0004707527987193316,-0.0008362326771020889
2025-02-03T21:00:00Z,-7.609444,112.595556,0.0005515818484127522,-0.0004246222088113427,-0.0007708598277531564
2025-02-04T00:00:00Z,-7.609444,112.595556,0.0006325912545435131,-0.0005921630654484034,-0.0005538967670872808
2025-02-04T03:00:00Z,-7.609444,112.595556,0.0006277353968471289,-0.0007378046866506338,-0.0001195280856336467
2025-02-04T06:00:00Z,-7.609444,112.595556,0.0005317260511219501,-0.0009600273333489896,0.0002970398345496505
2025-02-04T09:00:00Z,-7.609444,112.595556,0.0003940517199225724,-0.0010253034997731,0.0004308841307647526
2025-02-04T12:00:00Z,-7.609444,112.595556,0.0003630577120929957,-0.0008490078616887331,0.0007127495482563972
2025-02-04T15:00:00Z,-7.609444,112.595556,0.000291862350422889,-0.0006269266596063972,0.0005983057781122625
2025-02-04T18:00:00Z,-7.609444,112.595556,0.00015041987353470176,-0.0007101371302269399,0.0004742027958855033
2025-02-04T21:00:00Z,-7.609444,112.595556,-1.6147624819495832e-06,-0.000987691106274724,0.0005872031906619668
2025-02-05T00:00:00Z,-7.609444,112.595556,6.398394179996103e-05,-0.0012352329213172,0.0007857896853238344
2025-02-05T03:00:00Z,-7.609444,112.595556,0.00017707989900372922,-0.0012775270733982,0.001165771158412
2025-02-05T06:00:00Z,-7.609444,112.595556,0.000291066913632676,-0.0013065797975286,0.0010606377618387
2025-02-05T09:00:00Z,-7.609444,112.595556,0.0004835205909330398,-0.0013670894550159,0.0006030070944689214
2025-02-05T12:00:00Z,-7.609444,112.595556,0.0006817792309448123,-0.0014258029405027,1.6624042473267764e-05
2025-02-05T15:00:00Z,-7.609444,112.595556,0.0009150217520073056,-0.0015115437563508,-0.0007316670380532742
2025-02-05T18:00:00Z,-7.609444,112.595556,0.0009473238606005908,-0.0015646165702491,-0.0014599681599065
2025-02-05T21:00:00Z,-7.609444,112.595556,0.0008156445110216737,-0.0018042442388832,-0.0020825834944844
2025-02-06T00:00:00Z,-7.609444,112.595556,0.0006745776045136154,-0.0019768218044191,-0.0024347347207367
2025-02-06T03:00:00Z,-7.609444,112.595556,0.0005006436840631068,-0.0020615032408386,-0.002575100865215
2025-02-06T06:00:00Z,-7.609444,112.595556,0.0003903565229848027,-0.0020991854835301,-0.0023496991489082
2025-02-06T09:00:00Z,-7.609444,112.595556,0.00035978772211819887,-0.0021953594405204,-0.0018830741755664
2025-02-06T12:00:00Z,-7.609444,112.595556,0.0004768691724166274,-0.0021941661834716,-0.0011970874620601
2025-02-06T15:00:00Z,-7.609444,112.595556,0.0007178905652835965,-0.0020297560840845,-0.0009131606202572584
2025-02-06T18:00:00Z,-7.609444,112.595556,0.000935130927246064,-0.0016843141056597,-0.0010227352613583
2025-02-06T21:00:00Z,-7.609444,112.595556,0.0010487188119441,-0.0013565401313826,-0.0012807523598894
2025-02-07T00:00:00Z,-7.609444,112.595556,0.0013431347906589,-0.0010324013419449,-0.001497009769082
2025-02-07T03:00:00Z,-7.609444,112.595556,0.0017131512286141,-0.0008444355335086584,-0.0016954137245193
2025-02-07T06:00:00Z,-7.609444,112.595556,0.0018272884190082,-0.0008569845813326538,-0.0017015105113387
2025-02-07T09:00:00Z,-7.609444,112.595556,0.0017751106061041,-0.0009255722397938372,-0.0018142461776733
2025-02-07T12:00:00Z,-7.609444,112.595556,0.0017384814564138,-0.0007378803566098213,-0.0015264434041455
2025-02-07T15:00:00Z,-7.609444,112.595556,0.0018184868386015,-0.0005260108737275004,-0.0008256403380073607
2025-02-07T18:00:00Z,-7.609444,112.595556,0.0018260208889842,-0.0004926241235807538,-0.00011352833826094866
2025-02-07T21:00:00Z,-7.609444,112.595556,0.0018884768942371,-0.0008473778725601733,0.0007060769130475819
2025-02-08T00:00:00Z,-7.609444,112.595556,0.0020677230786532,-0.0013456302694976,0.0014536218950524
2025-02-08T03:00:00Z,-7.609444,112.595556,0.0022770683281123,-0.0018454390810802,0.0015111761167645
2025-02-08T06:00:00Z,-7.609444,112.595556,0.0024923663586378,-0.0021232462022453,0.0011463263072073
2025-02-08T09:00:00Z,-7.609444,112.595556,0.0026316849980503,-0.0024581754114478,0.00026268366491422057
2025-02-08T12:00:00Z,-7.609444,112.595556,0.0027948110364377,-0.0027095496188849,-0.0005380071233958006
2025-02-08T15:00:00Z,-7.609444,112.595556,0.0028732891660183,-0.0028783606830984,-0.0010742096928879
2025-02-08T18:00:00Z,-7.609444,112.595556,0.0026489787269383,-0.0031302869319915,-0.0013291504001244
2025-02-08T21:00:00Z,-7.609444,112.595556,0.0023659805301576,-0.0033697308972477,-0.0011377953924238
2025-02-09T00:00:00Z,-7.609444,112.595556,0.0021761371754109,-0.0033538779243826,-0.0004074081080034375
2025-02-09T03:00:00Z,-7.609444,112.595556,0.0021186398807913,-0.0031689913012087,6.86298735672608e-05
2025-02-09T06:00:00Z,-7.609444,112.595556,0.0022507272660732,-0.0029279633890837,9.032557863974944e-05
2025-02-09T09:00:00Z,-7.609444,112.595556,0.0022919389884918,-0.0028614751063287,-0.00014854186156298965
2025-02-09T12:00:00Z,-7.609444,112.595556,0.0022367548663169,-0.0029969769529998,-0.0003519542224239558
2025-02-09T15:00:00Z,-7.609444,112.595556,0.0023096688091754,-0.0030913008376955,-0.0007705074967816472
2025-02-09T18:00:00Z,-7.609444,112.595556,0.002176777459681,-0.0030622715130448,-0.0009046612540259956
2025-02-09T21:00:00Z,-7.609444,112.595556,0.0018478950951248,-0.0029736694414168,-0.0007463606307283044
2025-02-10T00:00:00Z,-7.609444,112.595556,0.0015728757716715,-0.0026499952655285,-0.0003453507670201361
2025-02-10T03:00:00Z,-7.609444,112.595556,0.0013132637832313,-0.0022152492310851,8.208634972106665e-05
2025-02-10T06:00:00Z,-7.609444,112.595556,0.0011046774452552,-0.0020461101084947,0.00033203474595211446
2025-02-10T09:00:00Z,-7.609444,112.595556,0.0009337732335552572,-0.0020446747075766,0.000428676197770983
2025-02-10T12:00:00Z,-7.609444,112.595556,0.0008770611020736396,-0.0019862945191562,0.0006804498843848705
2025-02-10T15:00:00Z,-7.609444,112.595556,0.0010244795121252,-0.001751612056978,0.00037723215064033866
2025-02-10T18:00:00Z,-7.609444,112.595556,0.0010249733459204,-0.0017090210458263,6.951716932235286e-05
2025-02-10T21:00:00Z,-7.609444,112.595556,0.0009264039108529688,-0.0019294035155326,-0.0001701731962384656
2025-02-11T00:00:00Z,-7.609444,112.595556,0.000798191933427006,-0.0019643534906208,-0.00016031226550694555
2025-02-11T03:00:00Z,-7.609444,112.595556,0.00062522356165573,-0.0018843183061107,4.016824095742777e-05
2025-02-11T06:00:00Z,-7.609444,112.595556,0.0003651858423836529,-0.0019865736830979,9.536336438031869e-05
2025-02-11T09:00:00Z,-7.609444,112.595556,0.00014965790614951402,-0.0021444810554385,8.027507647057064e-06
2025-02-11T12:00:00Z,-7.609444,112.595556,9.200158092426136e-05,-0.0021836152300238,0.0002179756120312959
2025-02-11T15:00:00Z,-7.609444,112.595556,0.0001844880753196776,-0.002105483552441,0.0005026627331972122
2025-02-11T18:00:00Z,-7.609444,112.595556,0.00010940657375613227,-0.0021015566308051,0.0010534174507483
2025-02-11T21:00:00Z,-7.609444,112.595556,-5.349304774426855e-05,-0.0022468161769211,0.0015105160418897
2025-02-12T00:00:00Z,-7.609444,112.595556,4.854176586377434e-05,-0.0022568635176867,0.0019885820802301
2025-02-12T03:00:00Z,-7.609444,112.595556,0.00025083034415729344,-0.0020241064485162,0.0024489145725965
2025-02-12T06:00:00Z,-7.609444,112.595556,0.0003612856380641461,-0.0016904270742088,0.0028614851180464
2025-02-12T09:00:00Z,-7.609444,112.595556,0.0004755151167046279,-0.0013948496198281,0.0030097819399088
2025-02-12T12:00:00Z,-7.609444,112.595556,0.0008224663906730711,-0.0011989051708951,0.0030977407004684
2025-02-12T15:00:00Z,-7.609444,112.595556,0.0012947876239195,-0.0010961503721773,0.0028454596176743
2025-02-12T18:00:00Z,-7.609444,112.595556,0.001587874838151,-0.0011551954085007,0.0028085219673812
2025-02-12T21:00:00Z,-7.609444,112.595556,0.0017297365702688,-0.00125053524971,0.0029683026950806
2025-02-13T00:00:00Z,-7.609444,112.595556,0.0019765647593885,-0.001268928986974,0.0033104682806879
2025-02-13T03:00:00Z,-7.609444,112.595556,0.0022738992702215,-0.0011662347242236,0.0032971550244838
2025-02-13T06:00:00Z,-7.609444,112.595556,0.0026778022293001,-0.001011062064208,0.0030886470340192
2025-02-13T09:00:00Z,-7.609444,112.595556,0.0029672132804989,-0.0008766703540459275,0.0025594411417841
2025-02-13T12:00:00Z,-7.609444,112.595556,0.0032892590388655,-0.0008721988997422159,0.0019003255292773
2025-02-13T15:00:00Z,-7.609444,112.595556,0.0035156887024641,-0.0009270301088690758,0.0012122121406719
2025-02-13T18:00:00Z,-7.609444,112.595556,0.0034032170660793,-0.0012596347369253,0.0006317614461295307
2025-02-13T21:00:00Z,-7.609444,112.595556,0.0030263077933341,-0.0015648988774046,0.0005763525259681046
2025-02-14T00:00:00Z,-7.609444,112.595556,0.002595504745841,-0.0017515202052891,0.0009581336053088308
2025-02-14T03:00:00Z,-7.609444,112.595556,0.0021789688616991,-0.0018515579868108,0.0011529031908139
2025-02-14T06:00:00Z,-7.609444,112.595556,0.0017782232025638,-0.0018866201862692,0.0012260775547474
2025-02-14T09:00:00Z,-7.609444,112.595556,0.001319772331044,-0.0017520061228424,0.0012458357959985
2025-02-14T12:00:00Z,-7.609444,112.595556,0.0008532217470929027,-0.0015677901683375,0.0013093737652525
2025-02-14T15:00:00Z,-7.609444,112.595556,0.0005303096841089427,-0.001422036672011,0.0009353457135148346
2025-02-14T18:00:00Z,-7.609444,112.595556,0.0002776843321043998,-0.0011997683905065,0.0006190691492520273
2025-02-14T21:00:00Z,-7.609444,112.595556,-0.00017235532868653536,-0.0010727383196353,0.00035698883584700525
2025-02-15T00:00:00Z,-7.609444,112.595556,-0.0006294201593846083,-0.0010695131495594,0.0001319989823969081
2025-02-15T03:00:00Z,-7.609444,112.595556,-0.0011410342995077,-0.0011240191524848,1.4310397091321647e-05
2025-02-15T06:00:00Z,-7.609444,112.595556,-0.0015696372138336,-0.0011906183790415,7.409334648400545e-05
2025-02-15T09:00:00Z,-7.609444,112.595556,-0.001944291871041,-0.0012266759295016,0.00010127880523214115
2025-02-15T12:00:00Z,-7.609444,112.595556,-0.0020735613070428,-0.0012293759500607,0.00029243281460367143
2025-02-15T15:00:00Z,-7.609444,112.595556,-0.0020735636353492,-0.0012613247381523,0.0003039310104213655
2025-02-15T18:00:00Z,-7.609444,112.595556,-0.0020350476261228,-0.0012441435828804,0.0005265167565084994
2025-02-15T21:00:00Z,-7.609444,112.595556,-0.0021011689677834,-0.0011221201857551,0.0004611829645000398
2025-02-16T00:00:00Z,-7.609444,112.595556,-0.0020920215174555,-0.0009337365045212208,0.00018820574041455984
2025-02-16T03:00:00Z,-7.609444,112.595556,-0.0020307183731347,-0.0006148421089164913,0.0003139590844511986
2025-02-16T06:00:00Z,-7.609444,112.595556,-0.0020188256166875,-0.00033580197487026453,0.0005045418511144817
2025-02-16T09:00:00Z,-7.609444,112.595556,-0.0019479097099974,-0.0002352988813072443,0.0002251809783047065
2025-02-16T12:00:00Z,-7.609444,112.595556,-0.0015962896868586,-7.911901047918946e-05,-9.478822903474791e-05
2025-02-16T15:00:00Z,-7.609444,112.595556,-0.0011353804729878,0.00013928378757555038,-0.00015290264855138958
2025-02-16T18:00:00Z,-7.609444,112.595556,-0.0007384745986200869,0.000268686591880396,-2.1111952719365945e-06
2025-02-16T21:00:00Z,-7.609444,112.595556,-0.0004716180264949799,0.0003497562429402024,-0.000377618707716465
2025-02-17T00:00:00Z,-7.609444,112.595556,-8.677360165165737e-05,0.0004844670474994928,-0.0008658995502628386
2025-02-17T03:00:00Z,-7.609444,112.595556,0.0002795739565044641,0.0006458660936914384,-0.0011644334299489
2025-02-17T06:00:00Z,-7.609444,112.595556,0.0005133176455274224,0.0005810859729535878,-0.0013874882133677
2025-02-17T09:00:00Z,-7.609444,112.595556,0.0006819001864641905,0.0004633883072528988,-0.0018513980321586
2025-02-17T12:00:00Z,-7.609444,112.595556,0.0009423867450095712,0.0004507926350925118,-0.0023496439680457
2025-02-17T15:00:00Z,-7.609444,112.595556,0.001043968135491,0.0004972082679159939,-0.0025680537801235
2025-02-17T18:00:00Z,-7.609444,112.595556,0.0008708268869668245,0.00050270528299734,-0.0025633093900978
2025-02-17T21:00:00Z,-7.609444,112.595556,0.0006739883101545274,0.0005103136645630002,-0.0029189886990934
2025-02-18T00:00:00Z,-7.609444,112.595556,0.0007068963022902608,0.0005333538283593953,-0.0033170375972986
2025-02-18T03:00:00Z,-7.609444,112.595556,0.0006478421855717897,0.000566722359508276,-0.0033815703354775
2025-02-18T06:00:00Z,-7.609444,112.595556,0.0005160592845641077,0.000523452355992049,-0.0031446400098502
2025-02-18T09:00:00Z,-7.609444,112.595556,0.0002980447607114911,0.000559891399461776,-0.0030579254962503
2025-02-18T12:00:00Z,-7.609444,112.595556,0.0001589739986229688,0.0006153919384814799,-0.0028688656166195
2025-02-18T15:00:00Z,-7.609444,112.595556,8.979737322079018e-05,0.0006305751740001142,-0.0028683359269052
2025-02-18T18:00:00Z,-7.609444,112.595556,-8.725502266315743e-05,0.0006018003914505243,-0.0026281995233148
2025-02-18T21:00:00Z,-7.609444,112.595556,-0.0003701770328916609,0.0006288770237006247,-0.0023360184859484
2025-02-19T00:00:00Z,-7.609444,112.595556,-0.0005556039977818727,0.0007514613680541515,-0.0019324606982991
2025-02-19T03:00:00Z,-7.609444,112.595556,-0.0005588071653619409,0.0010062030050903,-0.0013766472693532
2025-02-19T06:00:00Z,-7.609444,112.595556,-0.0005090259946882725,0.0012623674701899,-0.0007928385748527944
2025-02-19T09:00:00Z,-7.609444,112.595556,-0.0004689667548518628,0.0014342559734359,-0.0005807977868244052
2025-02-19T12:00:00Z,-7.609444,112.595556,-0.0003649481222964823,0.0014108319301158,-0.000493587285745889
2025-02-19T15:00:00Z,-7.609444,112.595556,-0.0002248538949061185,0.0010986715788021,-0.00043594068847596645
2025-02-19T18:00:00Z,-7.609444,112.595556,-9.296987991547212e-05,0.0006600029882974923,-0.0001918413763632998
2025-02-19T21:00:00Z,-7.609444,112.595556,4.041152715217322e-05,0.0003644754469860345,0.0002883360139094293
2025-02-20T00:00:00Z,-7.609444,112.595556,0.00028227054281160235,0.00024471760843880475,0.0007109091966412961
2025-02-20T03:00:00Z,-7.609444,112.595556,0.0005516167148016393,0.00019339771824888885,0.0009147237287834288
2025-02-20T06:00:00Z,-7.609444,112.595556,0.0006915577105246484,0.0001485347020206973,0.0008817777852527797
2025-02-20T09:00:00Z,-7.609444,112.595556,0.0007443389622494578,0.00014826869301032275,0.0008110826602205634
2025-02-20T12:00:00Z,-7.609444,112.595556,0.000863338413182646,0.00014614599058404565,0.0007500441279262304
2025-02-20T15:00:00Z,-7.609444,112.595556,0.0010451823472976,0.00016525296086911112,0.0006882072193548083
2025-02-20T18:00:00Z,-7.609444,112.595556,0.0012274369364604,0.00015669547428842634,0.0005051586194895208
2025-02-20T21:00:00Z,-7.609444,112.595556,0.0013979143695905,0.000267894210992381,6.628515257034451e-05
2025-02-21T00:00:00Z,-7.609444,112.595556,0.001685444265604,0.0004743085883092135,-0.0005149755743332207
2025-02-21T03:00:00Z,-7.609444,112.595556,0.002056207275018,0.0008016128558665514,-0.0013291131472215
2025-02-21T06:00:00Z,-7.609444,112.595556,0.0023264763876795,0.0010076949838548,-0.0021793362684547
2025-02-21T09:00:00Z,-7.609444,112.595556,0.0024776025675237,0.001120924251154,-0.0031332774087786
2025-02-21T12:00:00Z,-7.609444,112.595556,0.0025825670454651,0.0013356526615098,-0.0038888361304998
2025-02-21T15:00:00Z,-7.609444,112.595556,0.0026626950129866,0.0015879983548074,-0.0042064185254275
2025-02-21T18:00:00Z,-7.609444,112.595556,0.0026110811159014,0.0017615410033613,-0.0042485920712351
2025-02-21T21:00:00Z,-7.609444,112.595556,0.0025129409041255,0.0018873481312766,-0.0040020127780735
2025-02-22T00:00:00Z,-7.609444,112.595556,0.0024617256131023,0.0018271204316988,-0.0033965157344937
2025-02-22T03:00:00Z,-7.609444,112.595556,0.0023973870556801,0.0015948070213198,-0.0029477956704795
2025-02-22T06:00:00Z,-7.609444,112.595556,0.0022368242498487,0.001238161814399,-0.0025509633123874
2025-02-22T09:00:00Z,-7.609444,112.595556,0.0021401117555797,0.0009224471868947148,-0.0023296321742236
2025-02-22T12:00:00Z,-7.609444,112.595556,0.0021545665804296,0.0006992045673541725,-0.0021745425183326
2025-02-22T15:00:00Z,-7.609444,112.595556,0.002101917983964,0.0005706664524041116,-0.0021269689314067
2025-02-22T18:00:00Z,-7.609444,112.595556,0.0018886619945988,0.0004817572189494968,-0.0020137773826718
2025-02-22T21:00:00Z,-7.609444,112.595556,0.0015150409890338,0.00020362381474114957,-0.001913016079925
2025-02-23T00:00:00Z,-7.609444,112.595556,0.0012455327669158,-0.00013125174154993147,-0.0017302633496001
2025-02-23T03:00:00Z,-7.609444,112.595556,0.0011325974483042,-0.00033041532151401043,-0.0013127027777954
2025-02-23T06:00:00Z,-7.609444,112.595556,0.0011633830145001,-0.00025775792892090976,-0.0006149825640022755
2025-02-23T09:00:00Z,-7.609444,112.595556,0.0011762556387111,-0.0001230045745614916,-0.00017044534615706652
2025-02-23T12:00:00Z,-7.609444,112.595556,0.0012861044378951,-0.00010478701733518392,-0.00011659422307275236
2025-02-23T15:00:00Z,-7.609444,112.595556,0.0015991680556908,-3.3534844988025725e-05,-0.00011803300731116906
2025-02-23T18:00:00Z,-7.609444,112.595556,0.0017292876727879,-0.00010487548570381476,-2.2292615540209223e-05
2025-02-23T21:00:00Z,-7.609444,112.595556,0.001734631252475,-0.00024944700999185443,-9.995789150707424e-05
2025-02-24T00:00:00Z,-7.609444,112.595556,0.0017822826048359,-0.0003822194994427264,-0.0001993537007365376
2025-02-24T03:00:00Z,-7.609444,112.595556,0.0019815557170659,-0.0005128432530909777,-0.00048063171561807394
2025-02-24T06:00:00Z,-7.609444,112.595556,0.0022011285182088,-0.0005715982988476753,-0.0005479896208271384
2025-02-24T09:00:00Z,-7.609444,112.595556,0.0022563892416656,-0.0007151595200411975,-0.0006631454452872276
2025-02-24T12:00:00Z,-7.609444,112.595556,0.002335350960493,-0.0009481069864705204,-0.0009818761609494686
2025-02-24T15:00:00Z,-7.609444,112.595556,0.0024639256298542,-0.000997498631477356,-0.0011963841971009
2025-02-24T18:00:00Z,-7.609444,112.595556,0.0025577386841177,-0.0009781155968084931,-0.000825855415314436
2025-02-24T21:00:00Z,-7.609444,112.595556,0.0026398801710456,-0.0008960010600276291,-0.000597315956838429
2025-02-25T00:00:00Z,-7.609444,112.595556,0.0027744269464164,-0.000803233589977026,-0.0003766713780350983
2025-02-25T03:00:00Z,-7.609444,112.595556,0.0028447299264371,-0.0007634305511601269,-0.0001899407361634076
2025-02-25T06:00:00Z,-7.609444,112.595556,0.0029319068416953,-0.0008732455316931009,0.00015440152492374182
2025-02-25T09:00:00Z,-7.609444,112.595556,0.0029975858051329,-0.000923455459997058,0.00046650500735268
2025-02-25T12:00:00Z,-7.609444,112.595556,0.0029448580462485,-0.000996652408502996,0.0006843248847872019
2025-02-25T15:00:00Z,-7.609444,112.595556,0.0028558380436152,-0.0011179629946127,0.00033695113961584866
2025-02-25T18:00:00Z,-7.609444,112.595556,0.0028169476427137,-0.0011807245900854,0.0002320642670383677
2025-02-25T21:00:00Z,-7.609444,112.595556,0.0027827757876366,-0.0012760775862261,0.0001056901310221292
2025-02-26T00:00:00Z,-7.609444,112.595556,0.0028553586453199,-0.0013948597479611,0.0003418723354116082
2025-02-26T03:00:00Z,-7.609444,112.595556,0.0028145648539066,-0.001462975051254,0.0008359416387975216
2025-02-26T06:00:00Z,-7.609444,112.595556,0.0027043030131608,-0.0016239247051998,0.0015927403001114
2025-02-26T09:00:00Z,-7.609444,112.595556,0.0026342798955738,-0.0017302329652011,0.0019405928906053
2025-02-26T12:00:00Z,-7.609444,112.595556,0.0027531448286026,-0.0016983109526336,0.0020024443510919
2025-02-26T15:00:00Z,-7.609444,112.595556,0.0029093928169459,-0.0015673362649977,0.0019846761133521
2025-02-26T18:00:00Z,-7.609444,112.595556,0.0028386164922267,-0.0014829171122983,0.0021244089584797
2025-02-26T21:00:00Z,-7.609444,112.595556,0.0025807123165577,-0.0015385032165795,0.0017782290233299
2025-02-27T00:00:00Z,-7.609444,112.595556,0.0024030951317399,-0.0015362260164692,0.0015354705974459
2025-02-27T03:00:00Z,-7.609444,112.595556,0.0022052961867302,-0.001453683944419,0.0011823932873085
2025-02-27T06:00:00Z,-7.609444,112.595556,0.0018456901889294,-0.0012511188397184,0.0010342793539166
2025-02-27T09:00:00Z,-7.609444,112.595556,0.0014350401470437,-0.0009963578777387738,0.000547042116522789
2025-02-27T12:00:00Z,-7.609444,112.595556,0.0012611704878509,-0.0008628338691778481,-0.00012626100215129554
2025-02-27T15:00:00Z,-7.609444,112.595556,0.001258956734091,-0.0007999544613994658,-0.0004891065182164311
2025-02-27T18:00:00Z,-7.609444,112.595556,0.001130772056058,-0.0007054840680211782,-0.0003631281142588705
2025-02-27T21:00:00Z,-7.609444,112.595556,0.000933658331632614,-0.0006840780843049288,-0.0005020925891585648
2025-02-28T00:00:00Z,-7.609444,112.595556,0.0008928969618864357,-0.00069325981894508,-0.0007926783873699605
2025-02-28T03:00:00Z,-7.609444,112.595556,0.0008001709938980639,-0.0008313384605571628,-0.0011315427254885
2025-02-28T06:00:00Z,-7.609444,112.595556,0.0008377351332455873,-0.0009331951150670648,-0.0011421249946579
2025-02-28T09:00:00Z,-7.609444,112.595556,0.0009255530312657356,-0.00097472604829818,-0.0009847090113908052
2025-02-28T12:00:00Z,-7.609444,112.595556,0.000973981514107436,-0.0010231104679405,-0.0004944520187564194
2025-02-28T15:00:00Z,-7.609444,112.595556,0.0010116811608895,-0.0010755461407825,0.00025744488812051713
2025-02-28T18:00:00Z,-7.609444,112.595556,0.0009997402084991336,-0.0012281510280445,0.0009271649178117514
2025-02-28T21:00:00Z,-7.609444,112.595556,0.0011369993444532,-0.0014906638534739,0.0012335119536146
2025-03-01T00:00:00Z,-7.609444,112.595556,0.0014377326006069,-0.0015539948362857,0.0016357994172722
2025-03-01T03:00:00Z,-7.609444,112.595556,0.0017056588549166,-0.0014995652018114,0.002091604983434
2025-03-01T06:00:00Z,-7.609444,112.595556,0.0019129996653646,-0.0014524343423545,0.0022521826904267
2025-03-01T09:00:00Z,-7.609444,112.595556,0.002205476630479,-0.0015786178410053,0.0017176277469843
2025-03-01T12:00:00Z,-7.609444,112.595556,0.0026258633006364,-0.0017066223081201,0.0011950859334319
2025-03-01T15:00:00Z,-7.609444,112.595556,0.0029497765935957,-0.0017560218693688,0.0008157793199643493
2025-03-01T18:00:00Z,-7.609444,112.595556,0.0030399167444556,-0.0017727767117321,0.0005308088730089366
2025-03-01T21:00:00Z,-7.609444,112.595556,0.0028988886624574,-0.0017498451052233,0.00016025723016355187
2025-03-02T00:00:00Z,-7.609444,112.595556,0.0028386616613715,-0.0016811634413897,-0.0001748132926877588
2025-03-02T03:00:00Z,-7.609444,112.595556,0.0027993365656584,-0.0016414250712841,-0.0004333450342528522
2025-03-02T06:00:00Z,-7.609444,112.595556,0.0026640940923243,-0.0016913859872147,-0.0006109926616773009
2025-03-02T09:00:00Z,-7.609444,112.595556,0.002566811395809,-0.0017970419721677,-0.000959894503466785
2025-03-02T12:00:00Z,-7.609444,112.595556,0.002587754977867,-0.0019270026823505,-0.0010600627865642
2025-03-02T15:00:00Z,-7.609444,112.595556,0.0025821439921855,-0.0018150084652006,-0.0011809767456725
2025-03-02T18:00:00Z,-7.609444,112.595556,0.0023617139086127,-0.0015782791888341,-0.0014775355812162
2025-03-02T21:00:00Z,-7.609444,112.595556,0.0020214023534208,-0.0014739072648808,-0.0022495270241051
2025-03-03T00:00:00Z,-7.609444,112.595556,0.0017651286907494,-0.0014994527446106,-0.0030691921710968
2025-03-03T03:00:00Z,-7.609444,112.595556,0.0014797806506976,-0.0013892514398321,-0.003166823182255
2025-03-03T06:00:00Z,-7.609444,112.595556,0.0012115993304178,-0.0011951784836128,-0.0027037363033741
2025-03-03T09:00:00Z,-7.609444,112.595556,0.0008778718183748424,-0.0010571456514298,-0.0020619910210371
2025-03-03T12:00:00Z,-7.609444,112.595556,0.0005089419428259134,-0.0009987441590055823,-0.0015037792036309
2025-03-03T15:00:00Z,-7.609444,112.595556,0.000182649091584608,-0.0010775278788059,-0.0012490457156673
2025-03-03T18:00:00Z,-7.609444,112.595556,-2.626879177114461e-05,-0.0012244898825883,-0.0011254528071731
2025-03-03T21:00:00Z,-7.609444,112.595556,-0.00014050205936655402,-0.0013556143967434,-0.001170236733742
2025-03-04T00:00:00Z,-7.609444,112.595556,-7.038859166641487e-07,-0.0014162419829517,-0.000953559239860624
2025-03-04T03:00:00Z,-7.609444,112.595556,0.0001601216063136235,-0.0013602828839793,-0.0008787024999037385
2025-03-04T06:00:00Z,-7.609444,112.595556,0.0003047295322176069,-0.0013562366366386,-0.0009790987242013216
2025-03-04T09:00:00Z,-7.609444,112.595556,0.0002905292494688183,-0.0012153125135228,-0.0010899890912696
2025-03-04T12:00:00Z,-7.609444,112.595556,0.0002999664284288883,-0.0010164200793951,-0.0012204932281747
2025-03-04T15:00:00Z,-7.609444,112.595556,0.0003146376693621278,-0.0008955881930887699,-0.0015281223459169
2025-03-04T18:00:00Z,-7.609444,112.595556,0.0003102215996477753,-0.0010447559179738,-0.0020024799741804
2025-03-04T21:00:00Z,-7.609444,112.595556,0.0003267849388066679,-0.0013383966870605,-0.0024674423038959
2025-03-05T00:00:00Z,-7.609444,112.595556,0.0003232696617487818,-0.0015967995859682,-0.0025669813621789
2025-03-05T03:00:00Z,-7.609444,112.595556,0.0002581340086180717,-0.0017663205508142,-0.0026199717540293
2025-03-05T06:00:00Z,-7.609444,112.595556,0.000305676570860669,-0.001807993161492,-0.0026996245142072
2025-03-05T09:00:00Z,-7.609444,112.595556,0.0003506079374346882,-0.0018707314739003,-0.0029714759439229
2025-03-05T12:00:00Z,-7.609444,112.595556,0.0005564186722040176,-0.0018531274981796,-0.0031612215097993
2025-03-05T15:00:00Z,-7.609444,112.595556,0.0008670074166730046,-0.0016828578663989,-0.0036025473382323
2025-03-05T18:00:00Z,-7.609444,112.595556,0.0010726543841883,-0.0015130864921957,-0.0041526975110173
2025-03-05T21:00:00Z,-7.609444,112.595556,0.0011240502353757,-0.0013927250402048,-0.0047525824047625
2025-03-06T00:00:00Z,-7.609444,112.595556,0.0013205222785472,-0.0012034646933898,-0.0047073122113943
2025-03-06T03:00:00Z,-7.609444,112.595556,0.0014404853573068,-0.0009687969577498734,-0.0043953265994787
2025-03-06T06:00:00Z,-7.609444,112.595556,0.0015433058142662,-0.000901116174645722,-0.0038887257687747
2025-03-06T09:00:00Z,-7.609444,112.595556,0.0015645907260477,-0.000939218793064356,-0.0035206449683755
2025-03-06T12:00:00Z,-7.609444,112.595556,0.0016825558850541,-0.0009402116993442178,-0.0032200783025473
2025-03-06T15:00:00Z,-7.609444,112.595556,0.0019558011554181,-0.0008004466071724892,-0.0028502598870545
2025-03-06T18:00:00Z,-7.609444,112.595556,0.0021702956873923,-0.0007224603905342519,-0.0025689471513032
2025-03-06T21:00:00Z,-7.609444,112.595556,0.0021521989256143,-0.0008638012805022299,-0.0026106624864041
2025-03-07T00:00:00Z,-7.609444,112.595556,0.0022111756261438,-0.0009564884239807724,-0.0026432999875396
2025-03-07T03:00:00Z,-7.609444,112.595556,0.0022976368200033,-0.0008647945942357183,-0.0027161079924553
2025-03-07T06:00:00Z,-7.609444,112.595556,0.0023348988033831,-0.00079963484313339,-0.0025810287334024
2025-03-07T09:00:00Z,-7.609444,112.595556,0.0022802189923822,-0.0006784147117286921,-0.0024560331366956
2025-03-07T12:00:00Z,-7.609444,112.595556,0.0022317629773169,-0.0005477585946209729,-0.0021804475691169
2025-03-07T15:00:00Z,-7.609444,112.595556,0.0022363753523677,-0.000355489959474653,-0.0019353601383045
2025-03-07T18:00:00Z,-7.609444,112.595556,0.0020538580138236,-7.952830492286012e-05,-0.0014581783907487
2025-03-07T21:00:00Z,-7.609444,112.595556,0.0017049692105501,4.760215961141512e-05,-0.0013648828025907
2025-03-08T00:00:00Z,-7.609444,112.595556,0.0014885385753586,3.443739115027711e-05,-0.0012254988541826
2025-03-08T03:00:00Z,-7.609444,112.595556,0.0013353135436773,6.539261812577024e-05,-0.0011066319420933
2025-03-08T06:00:00Z,-7.609444,112.595556,0.0011971887433901,0.00011610088404268026,-0.0011920474935323
2025-03-08T09:00:00Z,-7.609444,112.595556,0.00091371318558231,0.00016131294250953945,-0.0014768696855753
2025-03-08T12:00:00Z,-7.609444,112.595556,0.000639736361335963,0.00014869816368445754,-0.0017793893348425
2025-03-08T15:00:00Z,-7.609444,112.595556,0.0005330826970748603,9.7694450232666e-05,-0.0025718328543007
2025-03-08T18:00:00Z,-7.609444,112.595556,0.0005545408930629492,5.849567605764605e-05,-0.0030712408479303
2025-03-08T21:00:00Z,-7.609444,112.595556,0.00042977501288987696,3.584679143386893e-05,-0.0033565992489457
2025-03-09T00:00:00Z,-7.609444,112.595556,0.00030786611023359,-5.718522515962832e-05,-0.0034198586363345
2025-03-09T03:00:00Z,-7.609444,112.595556,0.0002651199465617537,-0.00014121901767794043,-0.0035600604023784
2025-03-09T06:00:00Z,-7.609444,112.595556,0.0003664967953227461,-0.0001666676253080368,-0.003909739665687
2025-03-09T09:00:00Z,-7.609444,112.595556,0.0005616022972390056,-0.00026139485999010503,-0.0044126654975116
2025-03-09T12:00:00Z,-7.609444,112.595556,0.0007852409617044032,-0.0004247971228323877,-0.0046577388420701
2025-03-09T15:00:00Z,-7.609444,112.595556,0.000977488001808524,-0.0006393031217157841,-0.0051608057692646
2025-03-09T18:00:00Z,-7.609444,112.595556,0.0011070105247199,-0.0008009659359231591,-0.00534074800089
2025-03-09T21:00:00Z,-7.609444,112.595556,0.0012279492802917,-0.00091173144755885,-0.0052325362339615
2025-03-10T00:00:00Z,-7.609444,112.595556,0.0013658463722094,-0.0010031424462795,-0.004941645078361
2025-03-10T03:00:00Z,-7.609444,112.595556,0.0015413924120366,-0.0009448379860259593,-0.0046354755759239
2025-03-10T06:00:00Z,-7.609444,112.595556,0.0016411857213824,-0.0007535318727605045,-0.0042702662758529
2025-03-10T09:00:00Z,-7.609444,112.595556,0.0017212962266057,-0.0006360443076118827,-0.0041075772605836
2025-03-10T12:00:00Z,-7.609444,112.595556,0.0019780003931373,-0.00048781224177218974,-0.003769583068788
2025-03-10T15:00:00Z,-7.609444,112.595556,0.0023464316036552,-0.0003984617942478508,-0.0035724132321774
2025-03-10T18:00:00Z,-7.609444,112.595556,0.0026535985525697,-0.0004500477225519717,-0.0034423382021486
2025-03-10T21:00:00Z,-7.609444,112.595556,0.0029272404499351,-0.0005491759511642158,-0.0032388032414019
2025-03-11T00:00:00Z,-7.609444,112.595556,0.003386205760762,-0.0007139826193451881,-0.0031506766099482
2025-03-11T03:00:00Z,-7.609444,112.595556,0.0038783466443419,-0.0007346734055317938,-0.0029388477560132
2025-03-11T06:00:00Z,-7.609444,112.595556,0.004174156114459,-0.0006314169731922448,-0.0025238825473934
2025-03-11T09:00:00Z,-7.609444,112.595556,0.0042935851961374,-0.0005763523513451219,-0.0026850283611565
2025-03-11T12:00:00Z,-7.609444,112.595556,0.0044291410595178,-0.0005912317428737879,-0.0027405102737247
2025-03-11T15:00:00Z,-7.609444,112.595556,0.0046306909061968,-0.0005553766968660057,-0.0026553585194051
2025-03-11T18:00:00Z,-7.609444,112.595556,0.0047545838169753,-0.0006116711883805692,-0.0021288068965077
2025-03-11T21:00:00Z,-7.609444,112.595556,0.0046038799919188,-0.0008083356660790741,-0.0015106127830222
2025-03-12T00:00:00Z,-7.609444,112.595556,0.0044864774681627,-0.0011386618716642,-0.000871603493578732
2025-03-12T03:00:00Z,-7.609444,112.595556,0.0044688377529382,-0.0013764982577413,-0.0001935074687935412
2025-03-12T06:00:00Z,-7.609444,112.595556,0.0044435700401663,-0.0013586974237114,0.0006708846194669604
2025-03-12T09:00:00Z,-7.609444,112.595556,0.0043232487514615,-0.0013089987915009,0.0007058085175231099
2025-03-12T12:00:00Z,-7.609444,112.595556,0.0043020695447921,-0.0012961582979187,0.000474507367471233
2025-03-12T15:00:00Z,-7.609444,112.595556,0.0043774554505944,-0.0010829066159203,0.0004604850837495178
2025-03-12T18:00:00Z,-7.609444,112.595556,0.0043270546011626,-0.0008496655500493944,0.0002540087734814733
2025-03-12T21:00:00Z,-7.609444,112.595556,0.0040665701963007,-0.0007173928897827864,-0.00028134314925409853
2025-03-13T00:00:00Z,-7.609444,112.595556,0.0038293607067316,-0.0006228418787941337,-0.000766504614148289
2025-03-13T03:00:00Z,-7.609444,112.595556,0.0036242164205759,-0.00042087899055331945,-0.0008900965331122279
2025-03-13T06:00:00Z,-7.609444,112.595556,0.0034671695902943,-0.00027716541080735624,-0.0006138348253443837
2025-03-13T09:00:00Z,-7.609444,112.595556,0.003198150312528,-0.0003132586134597659,-0.000650803791359067
2025-03-13T12:00:00Z,-7.609444,112.595556,0.003035613335669,-0.000450840889243409,-0.0007402339833788574
2025-03-13T15:00:00Z,-7.609444,112.595556,0.0030438797548413,-0.0005760109052062035,-0.0007301770383492112
2025-03-13T18:00:00Z,-7.609444,112.595556,0.0031976690515875,-0.0005771021824330091,-0.0007369829691015184
2025-03-13T21:00:00Z,-7.609444,112.595556,0.003164114896208,-0.0005581620498560369,-0.0011940349359065
2025-03-14T00:00:00Z,-7.609444,112.595556,0.002908127149567,-0.0004771534295286983,-0.0017314911819994
2025-03-14T03:00:00Z,-7.609444,112.595556,0.0025909673422574,-0.0003879148280248046,-0.0023106664884835
2025-03-14T06:00:00Z,-7.609444,112.595556,0.0023306445218622,-0.0003933794214390218,-0.0025639745872467
2025-03-14T09:00:00Z,-7.609444,112.595556,0.001960399094969,-0.0005859460798092186,-0.0025553577579557
2025-03-14T12:00:00Z,-7.609444,112.595556,0.0016742087900638,-0.0008111712522804737,-0.0018593666609376
2025-03-14T15:00:00Z,-7.609444,112.595556,0.0014609927311539,-0.0009352498454973102,-0.0011078465031459
2025-03-14T18:00:00Z,-7.609444,112.595556,0.0013918592594563,-0.0010601250687614,-0.0007527572452090681
2025-03-14T21:00:00Z,-7.609444,112.595556,0.0013814100529998,-0.0011418086942285,-0.0008983835577964783
2025-03-15T00:00:00Z,-7.609444,112.595556,0.0015619238838553,-0.001101215253584,-0.0010246982565149
2025-03-15T03:00:00Z,-7.609444,112.595556,0.0019272338831797,-0.0009993031853809953,-0.0011200427543371
2025-03-15T06:00:00Z,-7.609444,112.595556,0.0024706737603992,-0.000913722498808056,-0.0010788316139951
2025-03-15T09:00:00Z,-7.609444,112.595556,0.0029139833059161,-0.0008312173886224627,-0.0010335069382563
2025-03-15T12:00:00Z,-7.609444,112.595556,0.0034342091530561,-0.0007068823324516416,-0.0007989253499545157
2025-03-15T15:00:00Z,-7.609444,112.595556,0.0038985547143965,-0.00044823900680057694,-0.0003523043706081808
2025-03-15T18:00:00Z,-7.609444,112.595556,0.0042908783070743,-0.00032175835804082453,0.0001621297124074772
2025-03-15T21:00:00Z,-7.609444,112.595556,0.0044942451640963,-0.0003849068016279489,0.0001660209964029491
2025-03-16T00:00:00Z,-7.609444,112.595556,0.0047490554861724,-0.0005400482914410532,0.00020865378610324117
2025-03-16T03:00:00Z,-7.609444,112.595556,0.0049804379232227,-0.000661646481603384,0.00026348346727900207
2025-03-16T06:00:00Z,-7.609444,112.595556,0.0053210062906146,-0.0007813695701770484,0.00019787272321991625
2025-03-16T09:00:00Z,-7.609444,112.595556,0.0056668440811336,-0.0008627974893897772,-0.00013898294128011912
2025-03-16T12:00:00Z,-7.609444,112.595556,0.0058935731649398,-0.0009027051855809988,-0.0004231546772643924
2025-03-16T15:00:00Z,-7.609444,112.595556,0.0059151686728,-0.001009284867905,-0.0008989507332444191
2025-03-16T18:00:00Z,-7.609444,112.595556,0.0057252827100455,-0.0011861791135743,-0.0016068988479673
2025-03-16T21:00:00Z,-7.609444,112.595556,0.0053787948563694,-0.0014204245526343,-0.0024073647800832
2025-03-17T00:00:00Z,-7.609444,112.595556,0.0051146554760634,-0.0016553220339119,-0.0028701778501272
2025-03-17T03:00:00Z,-7.609444,112.595556,0.0047975229099392,-0.0016830068780109,-0.0032266324851661
2025-03-17T06:00:00Z,-7.609444,112.595556,0.004412134643644,-0.001635868102312,-0.0031814461108297
2025-03-17T09:00:00Z,-7.609444,112.595556,0.0037598570343106,-0.0017007851274684,-0.0032534920610487
2025-03-17T12:00:00Z,-7.609444,112.595556,0.0030363027472049,-0.0018401534762233,-0.0030019870027899
2025-03-17T15:00:00Z,-7.609444,112.595556,0.0024701775982975,-0.0019223787821829,-0.0030867697205394
2025-03-17T18:00:00Z,-7.609444,112.595556,0.001993614481762,-0.0020436358172446,-0.003523573745042
2025-03-17T21:00:00Z,-7.609444,112.595556,0.0015639142366126,-0.002190030645579,-0.0041476455517113
2025-03-18T00:00:00Z,-7.609444,112.595556,0.0013559145154431,-0.0022159032523632,-0.0046071838587522
2025-03-18T03:00:00Z,-7.609444,112.595556,0.0012826434103772,-0.0019984752871096,-0.0045035402290523
2025-03-18T06:00:00Z,-7.609444,112.595556,0.0010868285316973,-0.0018981008324772,-0.0040560769848525
2025-03-18T09:00:00Z,-7.609444,112.595556,0.000606051879003644,-0.0018173125572502,-0.0038038773927837
2025-03-18T12:00:00Z,-7.609444,112.595556,0.0002853047917596996,-0.0016469983384013,-0.0035617400426417
2025-03-18T15:00:00Z,-7.609444,112.595556,0.0001450486306566745,-0.0012817798415198,-0.0034384140744805
2025-03-18T18:00:00Z,-7.609444,112.595556,0.00015703508688602597,-0.0007818380836397409,-0.0030837983358651
2025-03-18T21:00:00Z,-7.609444,112.595556,1.6468504327349365e-05,-0.0005303710931912065,-0.0028712064959108
2025-03-19T00:00:00Z,-7.609444,112.595556,7.413465937133878e-05,-0.0005947615136392415,-0.003034763270989
2025-03-19T03:00:00Z,-7.609444,112.595556,0.0003195673925802112,-0.0007914132438600063,-0.0030753023456782
2025-03-19T06:00:00Z,-7.609444,112.595556,0.000691718771122396,-0.0010301227448508,-0.0030956219416111
2025-03-19T09:00:00Z,-7.609444,112.595556,0.0008715010480955243,-0.0009510416421107948,-0.002841352019459
2025-03-19T12:00:00Z,-7.609444,112.595556,0.0011233737459406,-0.0006742228870280087,-0.0026066172868013
2025-03-19T15:00:00Z,-7.609444,112.595556,0.0015104266349226,-0.00016432868142146617,-0.0027360566891729
2025-03-19T18:00:00Z,-7.609444,112.595556,0.0019852446857839,0.00031679627136327326,-0.0031316138338297
2025-03-19T21:00:00Z,-7.609444,112.595556,0.00219286698848,0.000474410189781338,-0.0035507029388099
2025-03-20T00:00:00Z,-7.609444,112.595556,0.0021866424940526,0.00028520586783997715,-0.0037203412503004
2025-03-20T03:00:00Z,-7.609444,112.595556,0.0021996824070811,-4.928328780806624e-05,-0.0037434531841427
2025-03-20T06:00:00Z,-7.609444,112.595556,0.0022816658020019,-0.00029365718364715576,-0.0030405563302338
2025-03-20T09:00:00Z,-7.609444,112.595556,0.0022576474584639,-0.0005962755531072617,-0.002128308173269
2025-03-20T12:00:00Z,-7.609444,112.595556,0.0022142818197607,-0.0009376723319292068,-0.0014042037073522
2025-03-20T15:00:00Z,-7.609444,112.595556,0.0022598076611757,-0.0012198698241263,-0.0011660222662612
2025-03-20T18:00:00Z,-7.609444,112.595556,0.0022625620476901,-0.0013691935455426,-0.0010554145555943
2025-03-20T21:00:00Z,-7.609444,112.595556,0.0021096786949783,-0.0014365792740136,-0.0008448655134998262
2025-03-21T00:00:00Z,-7.609444,112.595556,0.0019591737072914,-0.0014905509306117,-0.0007746181217953563
2025-03-21T03:00:00Z,-7.609444,112.595556,0.0017964411526918,-0.0016048343386501,-0.0010565692791715
2025-03-21T06:00:00Z,-7.609444,112.595556,0.0015689868014305,-0.0017711032414808,-0.0011017294600605
2025-03-21T09:00:00Z,-7.609444,112.595556,0.0011416741181164,-0.0020874058827757,-0.0009060772717930377
2025-03-21T12:00:00Z,-7.609444,112.595556,0.0007058620103634894,-0.0024207201786339,-0.0004178538802079856
2025-03-21T15:00:00Z,-7.609444,112.595556,0.0003364105650689453,-0.002503459341824,5.2926021453458816e-05
2025-03-21T18:00:00Z,-7.609444,112.595556,8.169522516254801e-06,-0.0025446447543799,0.0003682750684674829
2025-03-21T21:00:00Z,-7.609444,112.595556,-0.00024007234605960548,-0.0024784533306956,0.00039031048072502017
2025-03-22T00:00:00Z,-7.609444,112.595556,-0.0002848837757483125,-0.0022358153946697,0.0005515959928743541
2025-03-22T03:00:00Z,-7.609444,112.595556,-0.00017475550703238696,-0.0020566568709909,0.0004545263655018061
2025-03-22T06:00:00Z,-7.609444,112.595556,-1.8539603843237277e-05,-0.0020000864751636,0.0005157975829206407
2025-03-22T09:00:00Z,-7.609444,112.595556,8.670572424307466e-05,-0.0021291847806423,0.000450571154942736
2025-03-22T12:00:00Z,-7.609444,112.595556,0.0003215778269805014,-0.0023269583471119,0.0003316131478641182
2025-03-22T15:00:00Z,-7.609444,112.595556,0.0005755518795922399,-0.0024603088386356,0.00015669407730456442
2025-03-22T18:00:00Z,-7.609444,112.595556,0.0007257193210534751,-0.0025840452872216,-5.704072827938944e-05
2025-03-22T21:00:00Z,-7.609444,112.595556,0.000677755509968847,-0.0027213387656956,-0.00024576057330705225
2025-03-23T00:00:00Z,-7.609444,112.595556,0.000706906954292208,-0.0028310862835496,-0.00021248690609354529
2025-03-23T03:00:00Z,-7.609444,112.595556,0.0009585610823705792,-0.0028595307376235,-0.0002928780158981681
2025-03-23T06:00:00Z,-7.609444,112.595556,0.0012748397421091,-0.0029343429487198,-0.0005545701715163887
2025-03-23T09:00:00Z,-7.609444,112.595556,0.0013043147046118,-0.0029566837474703,-0.0009903962491080165
2025-03-23T12:00:00Z,-7.609444,112.595556,0.001295089488849,-0.0028545691166073,-0.0012541688047349
2025-03-23T15:00:00Z,-7.609444,112.595556,0.0014114392688497,-0.0027258347254246,-0.0015769004821777
2025-03-23T18:00:00Z,-7.609444,112.595556,0.0015385495498776,-0.0026748094242066,-0.0017853345489129
2025-03-23T21:00:00Z,-7.609444,112.595556,0.0013527025002986,-0.0026801154017448,-0.0022247303277254
2025-03-24T00:00:00Z,-7.609444,112.595556,0.0010257461108267,-0.0026066219434142,-0.0026493906043469
2025-03-24T03:00:00Z,-7.609444,112.595556,0.0008620620355941355,-0.00237757852301,-0.002819042187184
2025-03-24T06:00:00Z,-7.609444,112.595556,0.0009314632625319064,-0.0021044199820607,-0.002738173585385
2025-03-24T09:00:00Z,-7.609444,112.595556,0.000731840671505779,-0.001997435465455,-0.0024862869177013
2025-03-24T12:00:00Z,-7.609444,112.595556,0.0002754112356342376,-0.0019182129763066,-0.0018041813746094
2025-03-24T15:00:00Z,-7.609444,112.595556,-4.452183929970488e-05,-0.0019200622336938,-0.0012436469551175
2025-03-24T18:00:00Z,-7.609444,112.595556,-7.81532799010165e-05,-0.0020614308305084,-0.0006021039444021881
2025-03-24T21:00:00Z,-7.609444,112.595556,-9.000197314890102e-05,-0.0020300734322518,0.00013916872558183968
2025-03-25T00:00:00Z,-7.609444,112.595556,-9.238033271685708e-06,-0.0019202805124223,0.000730251835193485
2025-03-25T03:00:00Z,-7.609444,112.595556,0.00014846716658212245,-0.0017669774824753,0.0010827888036146
2025-03-25T06:00:00Z,-7.609444,112.595556,0.00048728473484516144,-0.0017145507736131,0.0011854458134621
2025-03-25T09:00:00Z,-7.609444,112.595556,0.0007352198008447886,-0.001870259293355,0.0008495280053466558
2025-03-25T12:00:00Z,-7.609444,112.595556,0.0007545455591753125,-0.001944089308381,0.000723788165487349
2025-03-25T15:00:00Z,-7.609444,112.595556,0.0006497720023617148,-0.0019428244559094,0.00033383339177817106
2025-03-25T18:00:00Z,-7.609444,112.595556,0.0007708916673436761,-0.0019581590313464,-6.90522720105946e-05
2025-03-25T21:00:00Z,-7.609444,112.595556,0.0009032701491378248,-0.0019967602565884,-0.00022238842211663723
2025-03-26T00:00:00Z,-7.609444,112.595556,0.000896461249794811,-0.0021293424069881,-9.940598829416558e-05
2025-03-26T03:00:00Z,-7.609444,112.595556,0.00084105966379866,-0.0021966735366731,0.00013959496573079375
2025-03-26T06:00:00Z,-7.609444,112.595556,0.0008321477798745036,-0.0022675683721899,0.00022582638484891504
2025-03-26T09:00:00Z,-7.609444,112.595556,0.0008425726555287838,-0.0023650401271879,-0.0003203229862265289
2025-03-26T12:00:00Z,-7.609444,112.595556,0.0009101838804781436,-0.0022629797458648,-0.0005145455943420529
2025-03-26T15:00:00Z,-7.609444,112.595556,0.0009919600561261177,-0.0019218793604522,-0.0006702605751343071
2025-03-26T18:00:00Z,-7.609444,112.595556,0.0010566598502919,-0.0016466398956254,-0.001077723223716
2025-03-26T21:00:00Z,-7.609444,112.595556,0.00091833301121369,-0.0014357692562043,-0.0015024261083453
2025-03-27T00:00:00Z,-7.609444,112.595556,0.0008410956361331046,-0.0012275197077542,-0.0015929248183965
2025-03-27T03:00:00Z,-7.609444,112.595556,0.0007909447303973138,-0.0008910154574550688,-0.0013245473382994
2025-03-27T06:00:00Z,-7.609444,112.595556,0.0007167194853536785,-0.0005774198798462749,-0.000904702756088227
2025-03-27T09:00:00Z,-7.609444,112.595556,0.00047840343904681504,-0.0004260073474142701,-0.0006746573490090668
2025-03-27T12:00:00Z,-7.609444,112.595556,0.00043696138891391456,-0.0004537879431154579,-0.0003575539158191532
2025-03-27T15:00:00Z,-7.609444,112.595556,0.0006990686524659395,-0.00028164658579044044,-5.764722118328791e-06
2025-03-27T18:00:00Z,-7.609444,112.595556,0.0008396879420615733,5.2329269237816334e-05,0.0002101067511830479
2025-03-27T21:00:00Z,-7.609444,112.595556,0.0007551245507784188,0.0003391960053704679,8.80411098478362e-05
2025-03-28T00:00:00Z,-7.609444,112.595556,0.0006947945803403854,0.0005557117401622236,-1.5439774870174006e-05
2025-03-28T03:00:00Z,-7.609444,112.595556,0.0008339713676832616,0.0006593216676265001,-0.0002564838796388358
2025-03-28T06:00:00Z,-7.609444,112.595556,0.0009164080838672816,0.0006987188244238496,-0.0001460612256778404
2025-03-28T09:00:00Z,-7.609444,112.595556,0.0006057364516891539,0.0004982051905244589,-0.00017355111776851118
2025-03-28T12:00:00Z,-7.609444,112.595556,0.0003259555669501424,0.00018756583449430764,0.00011172811355208978
2025-03-28T15:00:00Z,-7.609444,112.595556,0.000261156470514834,7.102682866388932e-05,0.0004869869735557586
2025-03-28T18:00:00Z,-7.609444,112.595556,0.0002562982845120132,-1.6626459910185076e-05,0.0007104502292349935
2025-03-28T21:00:00Z,-7.609444,112.595556,2.509382102289237e-05,-5.7420696975896135e-05,0.0008229039958678186
2025-03-29T00:00:00Z,-7.609444,112.595556,-7.882340287324041e-05,-7.805191853549331e-05,0.0009957090951502323
2025-03-29T03:00:00Z,-7.609444,112.595556,9.239764767698944e-05,-0.00019248736498411745,0.0009912265231832862
2025-03-29T06:00:00Z,-7.609444,112.595556,0.0003280835226178169,-0.0003408689226489514,0.0010098228231072
2025-03-29T09:00:00Z,-7.609444,112.595556,0.00046483773621730506,-0.0004436720919329673,0.0008474609930999577
2025-03-29T12:00:00Z,-7.609444,112.595556,0.0006408717017620802,-0.000427822262281552,0.0006945864297449589
2025-03-29T15:00:00Z,-7.609444,112.595556,0.0008320715860463679,-0.00035971892066299915,0.00044414217700250447
2025-03-29T18:00:00Z,-7.609444,112.595556,0.0009447156335227193,-0.0003092352708335966,9.79070391622372e-05
2025-03-29T21:00:00Z,-7.609444,112.595556,0.0010339340660721,-0.00034726306330412626,-0.00037097607855685055
2025-03-30T00:00:00Z,-7.609444,112.595556,0.0011409858707338,-0.0003207220579497516,-0.0005076972884126008
2025-03-30T03:00:00Z,-7.609444,112.595556,0.0012768523301929,-0.00011505586735438555,-0.0006005914183333516
2025-03-30T06:00:00Z,-7.609444,112.595556,0.001554584596306,-5.062449054094032e-05,-0.0008087498717941344
2025-03-30T09:00:00Z,-7.609444,112.595556,0.001854020403698,-9.862520528258756e-05,-0.0006974286516197026
2025-03-30T12:00:00Z,-7.609444,112.595556,0.0021198841277509,-0.00022842950420454144,-0.0007747111958451569
2025-03-30T15:00:00Z,-7.609444,112.595556,0.0023732658009976,-0.0004599914245773107,-0.0010642795823514
2025-03-30T18:00:00Z,-7.609444,112.595556,0.0024823599960654,-0.0007811572286300361,-0.0013933897716924
2025-03-30T21:00:00Z,-7.609444,112.595556,0.0024561802856624,-0.0007765572518110275,-0.0016678201500326
2025-03-31T00:00:00Z,-7.609444,112.595556,0.0024688220582902,-0.00038973797927610576,-0.0018122983165085
2025-03-31T03:00:00Z,-7.609444,112.595556,0.0023099158424884,0.00013406324433162808,-0.0018079653382301
2025-03-31T06:00:00Z,-7.609444,112.595556,0.002145780948922,0.0004082130326423794,-0.0018122432520613
2025-03-31T09:00:00Z,-7.609444,112.595556,0.0019994578324258,0.00034809164935722947,-0.0016119432402774
2025-03-31T12:00:00Z,-7.609444,112.595556,0.0018632636638358,0.00018782568804454056,-0.00106552161742
2025-03-31T15:00:00Z,-7.609444,112.595556,0.0017582048894837,7.106699922587723e-05,-0.00017112599743995816
2025-03-31T18:00:00Z,-7.609444,112.595556,0.001679339678958,3.082552211708389e-05,0.0004980317316949368
2025-03-31T21:00:00Z,-7.609444,112.595556,0.0015549252275377,4.815726060769521e-05,0.0006916605052538216
2025-04-01T00:00:00Z,-7.609444,112.595556,0.0015377830713987,0.0001915552711579949,0.0007644052384421229
2025-04-01T03:00:00Z,-7.609444,112.595556,0.0013893784489482,0.000448236387455836,0.0006007408956065774
2025-04-01T06:00:00Z,-7.609444,112.595556,0.0011066948063671,0.0006108011002652347,0.0005242709303274751
2025-04-01T09:00:00Z,-7.609444,112.595556,0.0006640658830292523,0.0006808351026847959,0.000325166096445173
2025-04-01T12:00:00Z,-7.609444,112.595556,0.0003928136429749429,0.0007293819217011333,-8.827920100884512e-05
2025-04-01T15:00:00Z,-7.609444,112.595556,0.00022659613750875,0.0008376955520361662,-0.0003212619631085545
2025-04-01T18:00:00Z,-7.609444,112.595556,2.568281524872873e-05,0.000836441176943481,-0.00031352898804470897
2025-04-01T21:00:00Z,-7.609444,112.595556,-0.00026906951097771525,0.0006444018799811602,-0.0004367083893157542
2025-04-02T00:00:00Z,-7.609444,112.595556,-0.0003654017054941505,0.00036287863622419536,-0.0005041396943852305
2025-04-02T03:00:00Z,-7.609444,112.595556,-0.0002865020069293678,9.444675379199909e-05,-0.0005687804659828544
2025-04-02T06:00:00Z,-7.609444,112.595556,3.617052925619646e-06,-7.183487468864769e-05,-0.0007878111791796982
2025-04-02T09:00:00Z,-7.609444,112.595556,0.0001985994022106752,4.061550134792924e-05,-0.0013308702036738
2025-04-02T12:00:00Z,-7.609444,112.595556,0.0004936829791404307,0.0002481891424395144,-0.0016589912120252
2025-04-02T15:00:00Z,-7.609444,112.595556,0.0007924333331175148,0.000440911331679672,-0.001888470374979
2025-04-02T18:00:00Z,-7.609444,112.595556,0.0011579203419387,0.0004941317602060735,-0.0019304450834169
2025-04-02T21:00:00Z,-7.609444,112.595556,0.0013664378784596,0.0003904255281668157,-0.0020537103991955
2025-04-03T00:00:00Z,-7.609444,112.595556,0.0016278396360576,0.0002851653262041509,-0.0019720373675227
2025-04-03T03:00:00Z,-7.609444,112.595556,0.001937533961609,0.0002747613179963082,-0.00163769593928
2025-04-03T06:00:00Z,-7.609444,112.595556,0.0023776283487677,0.0002255204744869843,-0.0012411122443154
2025-04-03T09:00:00Z,-7.609444,112.595556,0.0028052325360476,0.00011109086335636675,-0.0007838080637156963
2025-04-03T12:00:00Z,-7.609444,112.595556,0.0032841947395354,-0.00014102815475780517,-0.0003289767191745341
2025-04-03T15:00:00Z,-7.609444,112.595556,0.0037140005733817,-0.000446504564024508,-8.224274642998353e-05
2025-04-03T18:00:00Z,-7.609444,112.595556,0.004159125033766,-0.0008266727672889829,-0.00013648832100443542
2025-04-03T21:00:00Z,-7.609444,112.595556,0.0044379094615578,-0.001085674855858,-0.0005504867294803262
2025-04-04T00:00:00Z,-7.609444,112.595556,0.0047058803029358,-0.0011187873315066,-0.0008775042952038348
2025-04-04T03:00:00Z,-7.609444,112.595556,0.0047720316797494,-0.0010030994890257,-0.0010508162667974
2025-04-04T06:00:00Z,-7.609444,112.595556,0.0046621393412351,-0.0010318846907466,-0.0009983549825847149
2025-04-04T09:00:00Z,-7.609444,112.595556,0.0045004896819591,-0.0013675797963514,-0.0010124470572918
2025-04-04T12:00:00Z,-7.609444,112.595556,0.0043862285092473,-0.001689008786343,-0.0010143741965293
2025-04-04T15:00:00Z,-7.609444,112.595556,0.0042803967371582,-0.0017340159974992,-0.0008762177312746644
2025-04-04T18:00:00Z,-7.609444,112.595556,0.0041279518045485,-0.0016224744031205,-0.0007722859154455364
2025-04-04T21:00:00Z,-7.609444,112.595556,0.0039464784786105,-0.0015024757012724,-0.000840434746351093
2025-04-05T00:00:00Z,-7.609444,112.595556,0.0038097242359071,-0.0016354868421331,-0.0008235673303715885
2025-04-05T03:00:00Z,-7.609444,112.595556,0.0034467519726604,-0.0018830846529453,-0.000919705955311656
2025-04-05T06:00:00Z,-7.609444,112.595556,0.0029637154657393,-0.0022212103940546,-0.0009513517143204808
2025-04-05T09:00:00Z,-7.609444,112.595556,0.0023866053670644,-0.002646141918376,-0.0011293183779343
2025-04-05T12:00:00Z,-7.609444,112.595556,0.0019861976616084,-0.0029684596229344,-0.0010455072624608
2025-04-05T15:00:00Z,-7.609444,112.595556,0.001481311279349,-0.0030638971365988,-0.0007146670250222087
2025-04-05T18:00:00Z,-7.609444,112.595556,0.0008256305009126663,-0.0031215795315802,-0.0005076779634691775
2025-04-05T21:00:00Z,-7.609444,112.595556,0.0002061859267996624,-0.0032888238783925,-0.0003696100611705333
2025-04-06T00:00:00Z,-7.609444,112.595556,-0.00024346447025891396,-0.0035724798217415,-0.000249063188675791
2025-04-06T03:00:00Z,-7.609444,112.595556,-0.0005741220084019005,-0.0037082876078784,-0.00017218619177583605
2025-04-06T06:00:00Z,-7.609444,112.595556,-0.0008022256079129875,-0.0035440477076917,0.00010426932567497715
2025-04-06T09:00:00Z,-7.609444,112.595556,-0.0009651424479670824,-0.0032450798898935,0.00020804446830879897
2025-04-06T12:00:00Z,-7.609444,112.595556,-0.0009640886564739048,-0.0031555108726024,0.00041816264274530113
2025-04-06T15:00:00Z,-7.609444,112.595556,-0.0008759474731050432,-0.0031459357123821,0.0003753593482542783
2025-04-06T18:00:00Z,-7.609444,112.595556,-0.0008429777808487415,-0.0031596214976161,0.00022611772874370217
2025-04-06T21:00:00Z,-7.609444,112.595556,-0.000797743909060955,-0.003138116095215,-0.00012092642282368617
2025-04-07T00:00:00Z,-7.609444,112.595556,-0.0005539536359719932,-0.0031172693707048,-0.0008221487514674664
2025-04-07T03:00:00Z,-7.609444,112.595556,-0.00019215721113141623,-0.0030743817333132,-0.0018901054281741
2025-04-07T06:00:00Z,-7.609444,112.595556,0.00022021013137418777,-0.0030351309105753,-0.0029013499151915
2025-04-07T09:00:00Z,-7.609444,112.595556,0.0005349453422240913,-0.0030571583192795,-0.0035449042916297
2025-04-07T12:00:00Z,-7.609444,112.595556,0.0008430451853200793,-0.0031299379188567,-0.003623001743108
2025-04-07T15:00:00Z,-7.609444,112.595556,0.001023470191285,-0.0032367422245442,-0.004027466289699
2025-04-07T18:00:00Z,-7.609444,112.595556,0.0012315950589254,-0.0034281394910067,-0.0043829809874296
2025-04-07T21:00:00Z,-7.609444,112.595556,0.0013559062499552,-0.003519230755046,-0.0048259194009006
2025-04-08T00:00:00Z,-7.609444,112.595556,0.0015563712222501,-0.0035117277875542,-0.0050729536451399
2025-04-08T03:00:00Z,-7.609444,112.595556,0.0018261921359226,-0.0034195375628769,-0.0050701568834483
2025-04-08T06:00:00Z,-7.609444,112.595556,0.0020551281049847,-0.0033966877963393,-0.0045871967449784
2025-04-08T09:00:00Z,-7.609444,112.595556,0.0022084328811615,-0.0034442159812897,-0.0039864191785454
2025-04-08T12:00:00Z,-7.609444,112.595556,0.0022882395423948,-0.0033402049448341,-0.0032008022535592
2025-04-08T15:00:00Z,-7.609444,112.595556,0.0023040855303406,-0.0032077522482722,-0.0024709703866392
2025-04-08T18:00:00Z,-7.609444,112.595556,0.002353873103857,-0.0032125781290233,-0.0016217966331169
2025-04-08T21:00:00Z,-7.609444,112.595556,0.0023658548016101,-0.0031768756452947,-0.0006782422424294055
2025-04-09T00:00:00Z,-7.609444,112.595556,0.002496282570064,-0.0031781017314642,0.00019540279754437503
2025-04-09T03:00:00Z,-7.609444,112.595556,0.0025538131594657,-0.0030219350010156,0.0009151079575531184
2025-04-09T06:00:00Z,-7.609444,112.595556,0.0026295792777091,-0.0028864901978522,0.0016770082293078
2025-04-09T09:00:00Z,-7.609444,112.595556,0.0026670133229345,-0.0027795739006251,0.0019130314467474
2025-04-09T12:00:00Z,-7.609444,112.595556,0.0026338824536651,-0.0026425297837704,0.0020132274366915
2025-04-09T15:00:00Z,-7.609444,112.595556,0.0025734137743711,-0.0024172032717615,0.0020157273393124
2025-04-09T18:00:00Z,-7.609444,112.595556,0.0025571170262992,-0.002187960781157,0.0020158754196017
2025-04-09T21:00:00Z,-7.609444,112.595556,0.0023245806805789,-0.0021368751768022,0.0018652634462341
2025-04-10T00:00:00Z,-7.609444,112.595556,0.0020678893197327,-0.0022647147998213,0.0017304237699136
2025-04-10T03:00:00Z,-7.609444,112.595556,0.0018841305281966,-0.0022600765805691,0.0016663662390783
2025-04-10T06:00:00Z,-7.609444,112.595556,0.0017461348325014,-0.0021476487163454,0.0018425314920023
2025-04-10T09:00:00Z,-7.609444,112.595556,0.0015066836494952,-0.0019967060070484,0.0016024017240852
2025-04-10T12:00:00Z,-7.609444,112.595556,0.0011704682838171,-0.0018680455395951,0.0015254588797688
2025-04-10T15:00:00Z,-7.609444,112.595556,0.0007674177759326994,-0.0017154841916635,0.0013854672433808
2025-04-10T18:00:00Z,-7.609444,112.595556,0.0004175049543846399,-0.0015698621282353,0.0013691132189705
2025-04-10T21:00:00Z,-7.609444,112.595556,1.8666512914933264e-05,-0.0016111939912661,0.0011133452644571
2025-04-11T00:00:00Z,-7.609444,112.595556,-0.0002014381461776793,-0.0017186990007758,0.0007630448089912534
2025-04-11T03:00:00Z,-7.609444,112.595556,-0.00046439707512035966,-0.0016921028727665,0.0006198387127369642
2025-04-11T06:00:00Z,-7.609444,112.595556,-0.0006928772199898958,-0.0015816193772479,0.00033071445068344474
2025-04-11T09:00:00Z,-7.609444,112.595556,-0.0008359064231626689,-0.0015986649086698,-0.00033251126296818256
2025-04-11T12:00:00Z,-7.609444,112.595556,-0.0007857752498239279,-0.0016066703246906,-0.0006772139458917081
2025-04-11T15:00:00Z,-7.609444,112.595556,-0.0006316013168543577,-0.0013360673328861,-0.00045258685713633895
2025-04-11T18:00:00Z,-7.609444,112.595556,-0.0005867532454431057,-0.0010106506524607,-0.000305381283396855
2025-04-11T21:00:00Z,-7.609444,112.595556,-0.0006928594084456563,-0.0007457096944563091,-0.0005908547900617123
2025-04-12T00:00:00Z,-7.609444,112.595556,-0.000592122261878103,-0.0005964288720861077,-0.0010719108395278
2025-04-12T03:00:00Z,-7.609444,112.595556,-0.0004279965942259878,-0.00048776206676848233,-0.001365520292893
2025-04-12T06:00:00Z,-7.609444,112.595556,-0.0003299082745797932,-0.0005815531476400793,-0.0017941965488716
2025-04-12T09:00:00Z,-7.609444,112.595556,-0.0003252193855587393,-0.0008013416081666946,-0.0024524214677512
2025-04-12T12:00:00Z,-7.609444,112.595556,-0.00016870067338459194,-0.0009075910784304142,-0.0026574034709483
2025-04-12T15:00:00Z,-7.609444,112.595556,4.264058588887565e-05,-0.0006740690441802144,-0.0026984065771102
2025-04-12T18:00:00Z,-7.609444,112.595556,0.000118419251521118,-0.0002931685303337872,-0.0026658468414098
2025-04-12T21:00:00Z,-7.609444,112.595556,-3.8830858102301136e-05,4.432759669725783e-05,-0.0025834715925157
2025-04-13T00:00:00Z,-7.609444,112.595556,1.529657674836926e-05,0.00015314409392885864,-0.0023767866659909
2025-04-13T03:00:00Z,-7.609444,112.595556,0.00024117740395013243,6.729451706632972e-05,-0.0018442338332533
2025-04-13T06:00:00Z,-7.609444,112.595556,0.0004225388693157584,-4.5196167775429785e-05,-0.0009538931190036236
2025-04-13T09:00:00Z,-7.609444,112.595556,0.00040003631147556007,-0.00017962200217880309,-0.0004961973754689097
2025-04-13T12:00:00Z,-7.609444,112.595556,0.0005312553839758039,-0.00019573756435420364,-0.0004478338232729584
2025-04-13T15:00:00Z,-7.609444,112.595556,0.0007411357364617288,-0.00011976721725659444,-0.0004855286097154021
2025-04-13T18:00:00Z,-7.609444,112.595556,0.0008514993824064732,-0.00011295988952042536,-0.0006116137956269085
2025-04-13T21:00:00Z,-7.609444,112.595556,0.0006674535106867552,-0.00025250879116356373,-0.0007507759728468955
2025-04-14T00:00:00Z,-7.609444,112.595556,0.0005111728678457439,-0.000448593171313405,-0.0007307716296054423
2025-04-14T03:00:00Z,-7.609444,112.595556,0.00038495074841193855,-0.0006895762635394931,-0.0006090785027481616
2025-04-14T06:00:00Z,-7.609444,112.595556,0.00015930793597362936,-0.0008182062883861363,-0.0004770437080878765
2025-04-14T09:00:00Z,-7.609444,112.595556,-0.0002009292074944824,-0.0008963203290477395,-0.0005351965082809329
2025-04-14T12:00:00Z,-7.609444,112.595556,-0.0005333174485713243,-0.0008586177136749029,-0.000742957170587033
2025-04-14T15:00:00Z,-7.609444,112.595556,-0.0007262612925842404,-0.0008973266812972724,-0.0007970489677973092
2025-04-14T18:00:00Z,-7.609444,112.595556,-0.0007521352963522077,-0.0010161441750824,-0.000826476898510009
2025-04-14T21:00:00Z,-7.609444,112.595556,-0.0009526080102659762,-0.0012284008553251,-0.0007826433866284788
2025-04-15T00:00:00Z,-7.609444,112.595556,-0.0010574323823675,-0.0012795452494174,-0.000638683617580682
2025-04-15T03:00:00Z,-7.609444,112.595556,-0.001134879537858,-0.0009650192223489285,-0.0004415677394717932
2025-04-15T06:00:00Z,-7.609444,112.595556,-0.001133068697527,-0.0007151684840209782,-0.0005232059629634023
2025-04-15T09:00:00Z,-7.609444,112.595556,-0.0011783544905483,-0.0006602943176403642,-0.0009698263020254672
2025-04-15T12:00:00Z,-7.609444,112.595556,-0.0012169007677584,-0.0007902754005044699,-0.0013329554349184
2025-04-15T15:00:00Z,-7.609444,112.595556,-0.0010650133481249,-0.0009551995899528264,-0.0011935726506635
2025-04-15T18:00:00Z,-7.609444,112.595556,-0.0008746111998334527,-0.0011181229492649,-0.0008742791251279414
2025-04-15T21:00:00Z,-7.609444,112.595556,-0.000755398825276643,-0.001173578784801,-0.0006460369331762195
2025-04-16T00:00:00Z,-7.609444,112.595556,-0.0004990128218196332,-0.001255152397789,-0.0005842398386448622
2025-04-16T03:00:00Z,-7.609444,112.595556,-0.0003089692327193916,-0.0013012719573453,-0.0005472407792694867
2025-04-16T06:00:00Z,-7.609444,112.595556,-5.12457154400181e-05,-0.0014472184702754,-0.000489799480419606
2025-04-16T09:00:00Z,-7.609444,112.595556,0.00020464177941903472,-0.0016708269249647,-0.0004822504706680775
2025-04-16T12:00:00Z,-7.609444,112.595556,0.0005320199998095632,-0.0017682677134871,-0.0002461401163600385
2025-04-16T15:00:00Z,-7.609444,112.595556,0.0008136177202686667,-0.0016376957064494,0.0002859638771042228
2025-04-16T18:00:00Z,-7.609444,112.595556,0.0008777677430771291,-0.0014272386906668,0.0004721554578281939
2025-04-16T21:00:00Z,-7.609444,112.595556,0.0008282592170871794,-0.0013250674819573,0.0005688079982064664
2025-04-17T00:00:00Z,-7.609444,112.595556,0.0009950421517714858,-0.0013953017769381,0.0006262741517275572
2025-04-17T03:00:00Z,-7.609444,112.595556,0.0012701156083494,-0.0014720970066264,0.0004874468722846359
2025-04-17T06:00:00Z,-7.609444,112.595556,0.0016212697373703,-0.0016675117658451,0.0002765818790066988
2025-04-17T09:00:00Z,-7.609444,112.595556,0.0019261554116383,-0.0017101194243878,5.8536999858915806e-05
2025-04-17T12:00:00Z,-7.609444,112.595556,0.0022922800853848,-0.001604936318472,0.00019156459893565625
2025-04-17T15:00:00Z,-7.609444,112.595556,0.0027257073670625,-0.0013624576386064,0.0004121748497709632
2025-04-17T18:00:00Z,-7.609444,112.595556,0.002903722692281,-0.0010973471216857,0.0003369686019141227
2025-04-17T21:00:00Z,-7.609444,112.595556,0.0027235366869717,-0.0010792352259159,-2.697088530112524e-05
2025-04-18T00:00:00Z,-7.609444,112.595556,0.0026206586044281,-0.0011646097991615,-0.00022390052617993208
2025-04-18T03:00:00Z,-7.609444,112.595556,0.0026576805394142,-0.0011493780184537,-0.0004384854400996119
2025-04-18T06:00:00Z,-7.609444,112.595556,0.0025886625517159,-0.0010944734094664,-0.00038293079705908895
2025-04-18T09:00:00Z,-7.609444,112.595556,0.0023277676664292,-0.0011271465336903,2.74441008514259e-05
2025-04-18T12:00:00Z,-7.609444,112.595556,0.0021142959594726,-0.0012977679725736,0.0006791551713831723
2025-04-18T15:00:00Z,-7.609444,112.595556,0.0020902995020151,-0.0012797275558114,0.0010576157364994
2025-04-18T18:00:00Z,-7.609444,112.595556,0.0020440372172743,-0.0012358775129541,0.0012534002307802
2025-04-18T21:00:00Z,-7.609444,112.595556,0.0017902909312397,-0.0012196368770673,0.00122953846585
2025-04-19T00:00:00Z,-7.609444,112.595556,0.0017832750454545,-0.0012428913032636,0.0009353539790026844
2025-04-19T03:00:00Z,-7.609444,112.595556,0.0018346996512264,-0.0011086106533184,0.0003616622707340866
2025-04-19T06:00:00Z,-7.609444,112.595556,0.0018389695324003,-0.0010247963946312,3.360552727826871e-05
2025-04-19T09:00:00Z,-7.609444,112.595556,0.0016755006508901,-0.001103673945181,1.0003407624026296e-05
2025-04-19T12:00:00Z,-7.609444,112.595556,0.0014547609025612,-0.0012612936552613,0.00017773298895917833
2025-04-19T15:00:00Z,-7.609444,112.595556,0.0012921468587592,-0.001532967784442,0.00044731394154950976
2025-04-19T18:00:00Z,-7.609444,112.595556,0.0011535986559465,-0.0017919878009706,0.0005500244442373514
2025-04-19T21:00:00Z,-7.609444,112.595556,0.0009713865001685916,-0.001941172638908,0.0005137363914400339
2025-04-20T00:00:00Z,-7.609444,112.595556,0.0009178730542771518,-0.0020103841088712,0.0004357197612989694
2025-04-20T03:00:00Z,-7.609444,112.595556,0.0008015857310965657,-0.0021061454899609,8.312005957122892e-05
2025-04-20T06:00:00Z,-7.609444,112.595556,0.0006779597606509924,-0.0022864665370434,-0.00023542391136288643
2025-04-20T09:00:00Z,-7.609444,112.595556,0.0004235780506860465,-0.0024987338110804,-0.0005656479625031352
2025-04-20T12:00:00Z,-7.609444,112.595556,0.0001948285935213789,-0.0027667940594255,-0.0007935377070680261
2025-04-20T15:00:00Z,-7.609444,112.595556,-1.0451943808220676e-06,-0.0029658605344593,-0.0009087540092878044
2025-04-20T18:00:00Z,-7.609444,112.595556,-0.0001046589677571319,-0.0030570819508284,-0.0009437582921236752
2025-04-20T21:00:00Z,-7.609444,112.595556,-0.00026136505766771734,-0.0031638236250728,-0.0009031399968080224
2025-04-21T00:00:00Z,-7.609444,112.595556,-0.0003162306966260076,-0.0032400076743215,-0.0007390868267975748
2025-04-21T03:00:00Z,-7.609444,112.595556,-0.0004095699405297637,-0.0032393934670835,-0.0005197104765102267
2025-04-21T06:00:00Z,-7.609444,112.595556,-0.00026964579592458904,-0.0032177453394979,-0.00040071678813546896
2025-04-21T09:00:00Z,-7.609444,112.595556,-0.00010475252929609268,-0.003187962109223,-0.0004689118068199605
2025-04-21T12:00:00Z,-7.609444,112.595556,0.00015149149112403393,-0.0031552279833704,-0.0005413430044427514
2025-04-21T15:00:00Z,-7.609444,112.595556,0.0005776705802418292,-0.0030831315089017,-0.0004861376364715397
2025-04-21T18:00:00Z,-7.609444,112.595556,0.0009651638101786376,-0.0029237356502562,-0.00030484955641441047
2025-04-21T21:00:00Z,-7.609444,112.595556,0.0012033488601446,-0.0027955933474004,-0.0001344952470390126
2025-04-22T00:00:00Z,-7.609444,112.595556,0.001465510809794,-0.002692658919841,0.0001048080375767313
2025-04-22T03:00:00Z,-7.609444,112.595556,0.0018422132125124,-0.0026253892574459,0.0002263200149172917
2025-04-22T06:00:00Z,-7.609444,112.595556,0.0022098997142165,-0.0026212546508759,0.0003407872864045203
2025-04-22T09:00:00Z,-7.609444,112.595556,0.0025889838580042,-0.0026333490386605,0.000597173348069191
2025-04-22T12:00:00Z,-7.609444,112.595556,0.0029497977811843,-0.0026592430658638,0.0008425641572102904
2025-04-22T15:00:00Z,-7.609444,112.595556,0.0033439656253904,-0.0026566907763481,0.0009385282173752784
2025-04-22T18:00:00Z,-7.609444,112.595556,0.0034951090347021,-0.0027237383183091,0.0010637727100402
2025-04-22T21:00:00Z,-7.609444,112.595556,0.0033123411703854,-0.0029129467438906,0.0010653435019776
2025-04-23T00:00:00Z,-7.609444,112.595556,0.0031661030370742,-0.0030628798995167,0.0012211353750899
2025-04-23T03:00:00Z,-7.609444,112.595556,0.0029939075466245,-0.003234286326915,0.0013987448764964
2025-04-23T06:00:00Z,-7.609444,112.595556,0.0027825883589684,-0.003239928279072,0.001611562562175
2025-04-23T09:00:00Z,-7.609444,112.595556,0.0025687348097562,-0.003293887944892,0.0017360877245664
2025-04-23T12:00:00Z,-7.609444,112.595556,0.0023930585011839,-0.0032662013545632,0.0018249903805553
2025-04-23T15:00:00Z,-7.609444,112.595556,0.0023879071231931,-0.0031466302461922,0.0019137788331136
2025-04-23T18:00:00Z,-7.609444,112.595556,0.0024029240012168,-0.0030210309196263,0.0021683718077838
2025-04-23T21:00:00Z,-7.609444,112.595556,0.0021915705874562,-0.0029875070322304,0.002325281035155
2025-04-24T00:00:00Z,-7.609444,112.595556,0.0020635372493416,-0.0030437561217695,0.0022571745794266
2025-04-24T03:00:00Z,-7.609444,112.595556,0.0019918021280318,-0.0030819727107882,0.0019251871854066
2025-04-24T06:00:00Z,-7.609444,112.595556,0.0018719047075137,-0.0029983448330312,0.0017807715339586
2025-04-24T09:00:00Z,-7.609444,112.595556,0.0015772006008774,-0.0029144438449293,0.0013597791548818
2025-04-24T12:00:00Z,-7.609444,112.595556,0.001330497325398,-0.0028037973679602,0.0011158279376104
2025-04-24T15:00:00Z,-7.609444,112.595556,0.0011385870166122,-0.0026899012736976,0.0008415015763603151
2025-04-24T18:00:00Z,-7.609444,112.595556,0.0010864201467484,-0.0024790256284177,0.0009030208457261324
2025-04-24T21:00:00Z,-7.609444,112.595556,0.0008528126636520028,-0.0023600868880748,0.0008806043770164251
2025-04-25T00:00:00Z,-7.609444,112.595556,0.000452331209089607,-0.0023564030416309,0.0007435344741679728
2025-04-25T03:00:00Z,-7.609444,112.595556,7.526414992753416e-05,-0.0023832512088119,0.0006355080986395478
2025-04-25T06:00:00Z,-7.609444,112.595556,-0.0002062830317299813,-0.0023729943204671,0.0004315793339628726
2025-04-25T09:00:00Z,-7.609444,112.595556,-0.0005293371505104005,-0.0023673884570598,0.00042815922643058
2025-04-25T12:00:00Z,-7.609444,112.595556,-0.0008095540688373148,-0.0023877469357103,0.0006252790335565805
2025-04-25T15:00:00Z,-7.609444,112.595556,-0.001048551290296,-0.0023855546023696,0.0006541360053233802
2025-04-25T18:00:00Z,-7.609444,112.595556,-0.0011439935769885,-0.0023274465929716,0.0008436425123363733
2025-04-25T21:00:00Z,-7.609444,112.595556,-0.0011214794358238,-0.0021376616787165,0.0010455390438437
2025-04-26T00:00:00Z,-7.609444,112.595556,-0.0010457908501848,-0.0019186711870133,0.0013859214959666
2025-04-26T03:00:00Z,-7.609444,112.595556,-0.0009645034442655742,-0.0016402906039729,0.0016032935818657
2025-04-26T06:00:00Z,-7.609444,112.595556,-0.0007125078700482845,-0.0014244134072214,0.0017104691360145
2025-04-26T09:00:00Z,-7.609444,112.595556,-0.0005461823893710971,-0.0014739066828042,0.0013713528169319
2025-04-26T12:00:00Z,-7.609444,112.595556,-0.000396666961023584,-0.0015896160621196,0.0009595596347935498
2025-04-26T15:00:00Z,-7.609444,112.595556,-0.00020633013627957555,-0.0016946844989433,0.0005501058767549694
2025-04-26T18:00:00Z,-7.609444,112.595556,-2.9181681384216063e-05,-0.0017811534926295,0.0003319729585200548
2025-04-26T21:00:00Z,-7.609444,112.595556,5.688789678970352e-05,-0.0018014431698247,0.00026301381876692176
2025-04-27T00:00:00Z,-7.609444,112.595556,0.0002340643259231001,-0.0018113165860995,0.00027269116253592074
2025-04-27T03:00:00Z,-7.609444,112.595556,0.0004420006298460066,-0.0017795400926843,0.00035559257958084345
2025-04-27T06:00:00Z,-7.609444,112.595556,0.000554616388399154,-0.00179420679342,0.0005107240285724401
2025-04-27T09:00:00Z,-7.609444,112.595556,0.0005986852920614183,-0.0018812648486346,0.000335056334733963
2025-04-27T12:00:00Z,-7.609444,112.595556,0.0006427683401852846,-0.0018764557316899,0.00017792415746953338
2025-04-27T15:00:00Z,-7.609444,112.595556,0.0007878141477704048,-0.0018208737019449,0.00020828306151088327
2025-04-27T18:00:00Z,-7.609444,112.595556,0.0007793543627485633,-0.0018770560855045,0.0001543198013678193
2025-04-27T21:00:00Z,-7.609444,112.595556,0.0006599006592296064,-0.0019660829566419,5.835627598571591e-05
2025-04-28T00:00:00Z,-7.609444,112.595556,0.000694077112711966,-0.0021374172065407,0.00019519637862686068
2025-04-28T03:00:00Z,-7.609444,112.595556,0.0006783637800253928,-0.0023302561603486,0.0004468384431675077
2025-04-28T06:00:00Z,-7.609444,112.595556,0.0006129631656222045,-0.0023948673624545,0.0008064858266152442
2025-04-28T09:00:00Z,-7.609444,112.595556,0.00044825731310993433,-0.0024010762572288,0.0010708339978009
2025-04-28T12:00:00Z,-7.609444,112.595556,0.00032244290923699737,-0.0023136765230447,0.0012843349250033
2025-04-28T15:00:00Z,-7.609444,112.595556,0.0003722036490216851,-0.002185340039432,0.0012176085729151
2025-04-28T18:00:00Z,-7.609444,112.595556,0.0004386095097288489,-0.0021372430492192,0.0009653948363848032
2025-04-28T21:00:00Z,-7.609444,112.595556,0.0003804177977144718,-0.0022599522490054,0.0006566771771758795
2025-04-29T00:00:00Z,-7.609444,112.595556,0.00031367031624540687,-0.0024220610503107,0.0005200646119192243
2025-04-29T03:00:00Z,-7.609444,112.595556,0.00022461275511886925,-0.0024625442456454,0.0004096347547601909
2025-04-29T06:00:00Z,-7.609444,112.595556,0.00016948407574091107,-0.0023713412228971,-7.248959718708647e-06
2025-04-29T09:00:00Z,-7.609444,112.595556,1.185608925879933e-05,-0.0022666784934699,-0.000592511089053005
2025-04-29T12:00:00Z,-7.609444,112.595556,-0.00017258399748243392,-0.0020469282753765,-0.000902842788491398
2025-04-29T15:00:00Z,-7.609444,112.595556,-0.00015571263793390244,-0.0017670112429186,-0.0011710198596119
2025-04-29T18:00:00Z,-7.609444,112.595556,-5.941450581303798e-05,-0.0015257156919687,-0.0014199954457581
2025-04-29T21:00:00Z,-7.609444,112.595556,-0.00015515739505644888,-0.0015023424057289,-0.0016580108786001
2025-04-30T00:00:00Z,-7.609444,112.595556,-7.35102075850591e-05,-0.0015075260307639,-0.0018153310520574
2025-04-30T03:00:00Z,-7.609444,112.595556,0.00015852254000492394,-0.0013827057555317,-0.0019781230948865
2025-04-30T06:00:00Z,-7.609444,112.595556,0.0003335602523293346,-0.0012418027035892,-0.0022835861891508
2025-04-30T09:00:00Z,-7.609444,112.595556,0.00041138697997666895,-0.0012266407720744,-0.002615965437144
2025-04-30T12:00:00Z,-7.609444,112.595556,0.0004697417607530952,-0.0012150994734838,-0.0028135227039456
2025-04-30T15:00:00Z,-7.609444,112.595556,0.0005638957372866571,-0.0011048333253711,-0.0029509428422898
2025-04-30T18:00:00Z,-7.609444,112.595556,0.0006868167547509074,-0.0010621254332363,-0.0028213262557983
2025-04-30T21:00:00Z,-7.609444,112.595556,0.0006378301768563688,-0.0010335389524698,-0.0025467465166002
2025-05-01T00:00:00Z,-7.609444,112.595556,0.0007608237792737782,-0.0010481936624273,-0.0021573537960648
2025-05-01T03:00:00Z,-7.609444,112.595556,0.0007728572236374021,-0.0010285997996106,-0.0017791595309972
2025-05-01T06:00:00Z,-7.609444,112.595556,0.0007821419858373702,-0.0010299886344,-0.0015920717269182
2025-05-01T09:00:00Z,-7.609444,112.595556,0.0009250749717466532,-0.0011108786566182,-0.0015269616851583
2025-05-01T12:00:00Z,-7.609444,112.595556,0.0012051435187458,-0.0009495907579548656,-0.0013341894373297
2025-05-01T15:00:00Z,-7.609444,112.595556,0.0014847224811092,-0.0006670259172096848,-0.0011781542561948
2025-05-01T18:00:00Z,-7.609444,112.595556,0.0017066770233213,-0.0003759449173230678,-0.0011318027973175
2025-05-01T21:00:00Z,-7.609444,112.595556,0.0017709435196593,-9.211863653035834e-05,-0.0010422711493447
2025-05-02T00:00:00Z,-7.609444,112.595556,0.0019570500589907,-2.2494030417874452e-05,-0.0010081166401505
2025-05-02T03:00:00Z,-7.609444,112.595556,0.0020030534360557,-0.000116132760012988,-0.0008875142084434628
2025-05-02T06:00:00Z,-7.609444,112.595556,0.0019393847323954,-0.00043247354915365577,-0.0009300201199948788
2025-05-02T09:00:00Z,-7.609444,112.595556,0.0019343849271535,-0.0007090269937179983,-0.0008916282677091658
2025-05-02T12:00:00Z,-7.609444,112.595556,0.0020080946851521,-0.0007299210410565138,-0.00025511038256809115
2025-05-02T15:00:00Z,-7.609444,112.595556,0.0020171334035694,-0.0005870158202014863,0.0006369081092998385
2025-05-02T18:00:00Z,-7.609444,112.595556,0.0019795759581029,-0.0004570660239551216,0.0015097686555236
2025-05-02T21:00:00Z,-7.609444,112.595556,0.0017700134776532,-0.00043806157191284,0.0021001824643462
2025-05-03T00:00:00Z,-7.609444,112.595556,0.0016827951185405,-0.0005325413076207042,0.002244726056233
2025-05-03T03:00:00Z,-7.609444,112.595556,0.0014986598398536,-0.0005303122452460229,0.0022633387707173
2025-05-03T06:00:00Z,-7.609444,112.595556,0.0012211250141263,-0.0005961135611869395,0.002255632309243
2025-05-03T09:00:00Z,-7.609444,112.595556,0.0007872874266467988,-0.0006277058855630457,0.0024030790664255
2025-05-03T12:00:00Z,-7.609444,112.595556,0.0003821769787464291,-0.0006097364239394665,0.0028971100691705
2025-05-03T15:00:00Z,-7.609444,112.595556,4.541766247712076e-05,-0.00060391949955374,0.003488129703328
2025-05-03T18:00:00Z,-7.609444,112.595556,-0.00032613854273222387,-0.0006910907686688006,0.003956597764045
2025-05-03T21:00:00Z,-7.609444,112.595556,-0.0006561154150404036,-0.0008257934241555631,0.0039141792804002
2025-05-04T00:00:00Z,-7.609444,112.595556,-0.0007244488224387169,-0.0008847569697536528,0.0036332416348159
2025-05-04T03:00:00Z,-7.609444,112.595556,-0.0006668803398497403,-0.0008142702281475067,0.0032488869037479
2025-05-04T06:00:00Z,-7.609444,112.595556,-0.0006234526517800987,-0.0007744590402580798,0.00261533097364
2025-05-04T09:00:00Z,-7.609444,112.595556,-0.0006236240733414888,-0.0008004459086805582,0.0020684923510998
2025-05-04T12:00:00Z,-7.609444,112.595556,-0.0006787095335312188,-0.0009069755324162544,0.0016784596955403
2025-05-04T15:00:00Z,-7.609444,112.595556,-0.0007962909294292331,-0.0009911155793815851,0.0013329932698979
2025-05-04T18:00:00Z,-7.609444,112.595556,-0.0009702484821900724,-0.0009941786993294954,0.0015223490772768
2025-05-04T21:00:00Z,-7.609444,112.595556,-0.0012413613731041,-0.0009962746407836676,0.0018408976029604
2025-05-05T00:00:00Z,-7.609444,112.595556,-0.0013103105593472,-0.0011324569350108,0.0020929530728608
2025-05-05T03:00:00Z,-7.609444,112.595556,-0.0013112748274579,-0.0013727061450481,0.0024133827537298
2025-05-05T06:00:00Z,-7.609444,112.595556,-0.0013004441279917,-0.0015675465110689,0.0029038432985544
2025-05-05T09:00:00Z,-7.609444,112.595556,-0.001320272218436,-0.0018265341641381,0.0028765182942152
2025-05-05T12:00:00Z,-7.609444,112.595556,-0.0010014586150646,-0.001913322485052,0.0025626276619732
2025-05-05T15:00:00Z,-7.609444,112.595556,-0.000662468490190804,-0.0017624387983232,0.0022218155208975
2025-05-05T18:00:00Z,-7.609444,112.595556,-0.0004202979325782508,-0.0015380443073809,0.0017953943461179
2025-05-05T21:00:00Z,-7.609444,112.595556,-0.00045528169721364975,-0.0013110701693221,0.0013117908965796
2025-05-06T00:00:00Z,-7.609444,112.595556,-0.0005019060918129981,-0.0012703160755336,0.0006518331356346607
2025-05-06T03:00:00Z,-7.609444,112.595556,-0.0005359213100746274,-0.001389262615703,0.00016635113570373505
2025-05-06T06:00:00Z,-7.609444,112.595556,-0.0006654306780546904,-0.0015374408103525,0.00022720171546097845
2025-05-06T09:00:00Z,-7.609444,112.595556,-0.0008408044814132154,-0.0017315582372248,9.246828994946554e-05
2025-05-06T12:00:00Z,-7.609444,112.595556,-0.000930007838178426,-0.0018638109322637,-5.6433942518197e-05
2025-05-06T15:00:00Z,-7.609444,112.595556,-0.000942849088460207,-0.0019901737105101,-0.0002079064724966884
2025-05-06T18:00:00Z,-7.609444,112.595556,-0.00106768659316,-0.0020474272314459,-0.0002307965769432485
2025-05-06T21:00:00Z,-7.609444,112.595556,-0.0013216433580964,-0.0020740418694913,-0.0004954250180162489
2025-05-07T00:00:00Z,-7.609444,112.595556,-0.0015790163306519,-0.0021194014698266,-0.0008730501867830753
2025-05-07T03:00:00Z,-7.609444,112.595556,-0.001799956196919,-0.0021663231309503,-0.0014962457353249
2025-05-07T06:00:00Z,-7.609444,112.595556,-0.0019043319625779,-0.0022469081450253,-0.0016918837791308
2025-05-07T09:00:00Z,-7.609444,112.595556,-0.0021585852373391,-0.0023108134046196,-0.0016854718560352
2025-05-07T12:00:00Z,-7.609444,112.595556,-0.0025017890147864,-0.0024089142680168,-0.0013950180727988
2025-05-07T15:00:00Z,-7.609444,112.595556,-0.0027340482920408,-0.0024837388191372,-0.0011373197194188
2025-05-07T18:00:00Z,-7.609444,112.595556,-0.0027708292473107,-0.0024073037784546,-0.0007774925325065851
2025-05-07T21:00:00Z,-7.609444,112.595556,-0.0028483548667281,-0.0022753060329705,-0.0005372737650759518
2025-05-08T00:00:00Z,-7.609444,112.595556,-0.0027678883634507,-0.0020329903345555,-0.00014992893557064235
2025-05-08T03:00:00Z,-7.609444,112.595556,-0.0025516995228827,-0.0017065303400158,0.00016031853738240898
2025-05-08T06:00:00Z,-7.609444,112.595556,-0.0022597487550228,-0.0016782312886789,0.0002253085403935984
2025-05-08T09:00:00Z,-7.609444,112.595556,-0.0019672235939651,-0.0017859386280179,4.801626710104756e-05
2025-05-08T12:00:00Z,-7.609444,112.595556,-0.0017354338197037,-0.0018425235757604,-0.0002599824802018702
2025-05-08T15:00:00Z,-7.609444,112.595556,-0.0014657272258773,-0.0017529019387438,-0.0007156500942073762
2025-05-08T18:00:00Z,-7.609444,112.595556,-0.0012925683986395,-0.0014892889885231,-0.0010997238568961
2025-05-08T21:00:00Z,-7.609444,112.595556,-0.0012363732093945,-0.0012542948825284,-0.0017261923057958
2025-05-09T00:00:00Z,-7.609444,112.595556,-0.0011562062427401,-0.0011500209802761,-0.0021611177362501
2025-05-09T03:00:00Z,-7.609444,112.595556,-0.001057606190443,-0.0011717879679054,-0.0024211460258811
2025-05-09T06:00:00Z,-7.609444,112.595556,-0.0010765192564576,-0.0014915391802787,-0.0026094168424606
2025-05-09T09:00:00Z,-7.609444,112.595556,-0.0011111848289147,-0.0017292011762037,-0.0027840135153383
2025-05-09T12:00:00Z,-7.609444,112.595556,-0.0009674777975305916,-0.0016474376898258,-0.002721038646996
2025-05-09T15:00:00Z,-7.609444,112.595556,-0.0006923518376424909,-0.0012494733091443,-0.0025764426682144
2025-05-09T18:00:00Z,-7.609444,112.595556,-0.00023385272652376443,-0.0008061586995609105,-0.0022296300157904
2025-05-09T21:00:00Z,-7.609444,112.595556,0.00013062536891084164,-0.0006841755821369588,-0.0018840468255802
2025-05-10T00:00:00Z,-7.609444,112.595556,0.000460848561488092,-0.000804993265774101,-0.0013855204451829
2025-05-10T03:00:00Z,-7.609444,112.595556,0.0007018525502644479,-0.000974728085566312,-0.0010382498148828
2025-05-10T06:00:00Z,-7.609444,112.595556,0.0008182788151316345,-0.0011843150714412,-0.0010136507917195
2025-05-10T09:00:00Z,-7.609444,112.595556,0.0009151973063126206,-0.0013780050212517,-0.0011232011020183
2025-05-10T12:00:00Z,-7.609444,112.595556,0.0010692148935049,-0.0013225013390183,-0.0012708966387435
2025-05-10T15:00:00Z,-7.609444,112.595556,0.0012877560220658,-0.0012169887777417,-0.0012747811852023
2025-05-10T18:00:00Z,-7.609444,112.595556,0.0014490067260339,-0.0012232229346409,-0.0012365344446152
2025-05-10T21:00:00Z,-7.609444,112.595556,0.0015558896120637,-0.0014299105387181,-0.0013246249873191
2025-05-11T00:00:00Z,-7.609444,112.595556,0.0018095769919455,-0.0016244380967691,-0.0013999902876093
2025-05-11T03:00:00Z,-7.609444,112.595556,0.002086441963911,-0.0017005369300022,-0.0016035105800256
2025-05-11T06:00:00Z,-7.609444,112.595556,0.0022887061350047,-0.0018452195217832,-0.0017594216624274
2025-05-11T09:00:00Z,-7.609444,112.595556,0.0023237825371325,-0.0020111405756324,-0.0016374200349673
2025-05-11T12:00:00Z,-7.609444,112.595556,0.0022125791292637,-0.0021526990458369,-0.0015483297174796
2025-05-11T15:00:00Z,-7.609444,112.595556,0.002109243767336,-0.0022585673723369,-0.0012833203654736
2025-05-11T18:00:00Z,-7.609444,112.595556,0.0021516799461096,-0.0022863475605845,-0.0010793026303872
2025-05-11T21:00:00Z,-7.609444,112.595556,0.0021682733204215,-0.002316651167348,-0.0009680095827206968
2025-05-12T00:00:00Z,-7.609444,112.595556,0.0022011541295796,-0.0024391303304582,-0.0007911041029728949
2025-05-12T03:00:00Z,-7.609444,112.595556,0.0020176244433969,-0.0026007557753473,-0.0005767517723143101
2025-05-12T06:00:00Z,-7.609444,112.595556,0.0018986446084454,-0.0028762347064912,-0.00026080949464812875
2025-05-12T09:00:00Z,-7.609444,112.595556,0.0018427877221256,-0.0031587602570652,0.00020051638421136889
2025-05-12T12:00:00Z,-7.609444,112.595556,0.0018508972134441,-0.0033434708602726,0.000475333392387256
2025-05-12T15:00:00Z,-7.609444,112.595556,0.001820336212404,-0.00329788797535,0.0005746519891545177
2025-05-12T18:00:00Z,-7.609444,112.595556,0.0018206238746643,-0.0032108793966472,0.00017467107682023195
2025-05-12T21:00:00Z,-7.609444,112.595556,0.0017859955551102,-0.0031429794616997,-0.0007188928429968655
2025-05-13T00:00:00Z,-7.609444,112.595556,0.0018199002370238,-0.0030844958964735,-0.0013552019372582
2025-05-13T03:00:00Z,-7.609444,112.595556,0.0018119972664862,-0.0031418409198522,-0.0015117953298613
2025-05-13T06:00:00Z,-7.609444,112.595556,0.0017702699406072,-0.0032042337115854,-0.0014665710041299
2025-05-13T09:00:00Z,-7.609444,112.595556,0.0018247723346576,-0.0031529895495623,-0.0011762548238039
2025-05-13T12:00:00Z,-7.609444,112.595556,0.0018551630200818,-0.0029133525677025,-0.0010778940049931
2025-05-13T15:00:00Z,-7.609444,112.595556,0.0018231273861601,-0.0025547705590724,-0.0008693308336660266
2025-05-13T18:00:00Z,-7.609444,112.595556,0.0017907427391037,-0.0022297448012977,-0.0008460725657641888
2025-05-13T21:00:00Z,-7.609444,112.595556,0.0016496761236339,-0.0020928806625306,-0.00098725245334208
2025-05-14T00:00:00Z,-7.609444,112.595556,0.0015532718971371,-0.002006147056818,-0.0010408982634544
2025-05-14T03:00:00Z,-7.609444,112.595556,0.0013662739656865,-0.0019027974922209,-0.0012022512964904
2025-05-14T06:00:00Z,-7.609444,112.595556,0.001144130481407,-0.0019201482646167,-0.0016689533367753
2025-05-14T09:00:00Z,-7.609444,112.595556,0.0008631786331534386,-0.0020019435323774,-0.001881128293462
2025-05-14T12:00:00Z,-7.609444,112.595556,0.0006437771371565759,-0.0021433099173009,-0.0017387695843353
2025-05-14T15:00:00Z,-7.609444,112.595556,0.0004652627103496343,-0.0023102813865989,-0.001253240276128
2025-05-14T18:00:00Z,-7.609444,112.595556,0.0003101958136539906,-0.0024160193279385,-0.0005914324428886175
2025-05-14T21:00:00Z,-7.609444,112.595556,0.00018096878193318844,-0.0024987941142171,-0.0001602407282916829
2025-05-15T00:00:00Z,-7.609444,112.595556,0.0003591477579902857,-0.0023776115849614,0.0001143880290328525
2025-05-15T03:00:00Z,-7.609444,112.595556,0.00045746128307655454,-0.0020568878389894,0.00043205576366744936
2025-05-15T06:00:00Z,-7.609444,112.595556,0.0003024847828783095,-0.0019351890077814,0.0005216638091951609
2025-05-15T09:00:00Z,-7.609444,112.595556,-4.669547342928127e-05,-0.0020206274930387,0.0003025803016498685
2025-05-15T12:00:00Z,-7.609444,112.595556,-0.0002776256005745381,-0.0021780033130198,0.00021231771097518504
2025-05-15T15:00:00Z,-7.609444,112.595556,-0.00030515543767251074,-0.0024650949053466,0.00025717003154568374
2025-05-15T18:00:00Z,-7.609444,112.595556,-0.00027425630833022296,-0.0027169531676918,0.0006483460892923176
2025-05-15T21:00:00Z,-7.609444,112.595556,-0.0005071970517747104,-0.0028392856474965,0.0011923597194254
2025-05-16T00:00:00Z,-7.609444,112.595556,-0.0006336001097224653,-0.0028776228427886,0.0017439319053664
2025-05-16T03:00:00Z,-7.609444,112.595556,-0.0005199435981921852,-0.002835489809513,0.0020246049389243
2025-05-16T06:00:00Z,-7.609444,112.595556,-0.00034516872256062925,-0.0029920982196927,0.0018459445564076
2025-05-16T09:00:00Z,-7.609444,112.595556,-0.0002283948560943827,-0.0031220915261656,0.0011711980914697
2025-05-16T12:00:00Z,-7.609444,112.595556,-9.2108195531182e-05,-0.0031081943307071,0.000615989847574383
2025-05-16T15:00:00Z,-7.609444,112.595556,1.6462267012684606e-05,-0.0030684215016663,0.00016793185204733163
2025-05-16T18:00:00Z,-7.609444,112.595556,0.00013687620230484754,-0.0029513302724808,-0.00011406726844143122
2025-05-16T21:00:00Z,-7.609444,112.595556,2.5350846044602804e-05,-0.0027543646283447,-0.00010483028745511548
2025-05-17T00:00:00Z,-7.609444,112.595556,-0.00020453796605579555,-0.0026493105106055,8.72073505888693e-05
2025-05-17T03:00:00Z,-7.609444,112.595556,-0.00042869002209044993,-0.0026794385630637,0.0001825666113290936
2025-05-17T06:00:00Z,-7.609444,112.595556,-0.0004712798981927335,-0.002769183833152,0.00024151094839908185
2025-05-17T09:00:00Z,-7.609444,112.595556,-0.00045167451025918126,-0.0027275420725345,0.0003380351990927011
2025-05-17T12:00:00Z,-7.609444,112.595556,-0.00033945051836781204,-0.002476671943441,0.0002888496092054993
2025-05-17T15:00:00Z,-7.609444,112.595556,-0.00017849582945927978,-0.0021368823945522,-9.234528261004016e-05
2025-05-17T18:00:00Z,-7.609444,112.595556,-8.73262106324546e-05,-0.0019015803700312,-0.0005373298772610724
2025-05-17T21:00:00Z,-7.609444,112.595556,-0.000324324588291347,-0.0017297622980549,-0.0009557543089613318
2025-05-18T00:00:00Z,-7.609444,112.595556,-0.000645231397356838,-0.001668105716817,-0.0013171347090974
2025-05-18T03:00:00Z,-7.609444,112.595556,-0.000958526856265962,-0.001627376768738,-0.0014007391873747
2025-05-18T06:00:00Z,-7.609444,112.595556,-0.0012128389207646,-0.0015307141002267,-0.001133976271376
2025-05-18T09:00:00Z,-7.609444,112.595556,-0.0015038502169772,-0.0014125955058261,-0.0006621829234063625
2025-05-18T12:00:00Z,-7.609444,112.595556,-0.0017782560316845,-0.0012917079729959,-0.000263798312516883
2025-05-18T15:00:00Z,-7.609444,112.595556,-0.0019603034015744,-0.0012241009389981,3.09227630168607e-06
2025-05-18T18:00:00Z,-7.609444,112.595556,-0.0019337974954396,-0.0010542558738961,0.00010203145211562514
2025-05-18T21:00:00Z,-7.609444,112.595556,-0.0019520377973094,-0.0009044446633197368,0.00035883518285118043
2025-05-19T00:00:00Z,-7.609444,112.595556,-0.0019006652291864,-0.000934985582716763,0.0006375178345479071
2025-05-19T03:00:00Z,-7.609444,112.595556,-0.0019589741714298,-0.0011090472107753,0.0004752679378725588
2025-05-19T06:00:00Z,-7.609444,112.595556,-0.0019519079942256,-0.001258329139091,0.0003681775997392833
2025-05-19T09:00:00Z,-7.609444,112.595556,-0.0018811892950907,-0.0013243579305708,0.0005817280034534633
2025-05-19T12:00:00Z,-7.609444,112.595556,-0.0017985211452469,-0.0013473739381879,0.0008504079305566847
2025-05-19T15:00:00Z,-7.609444,112.595556,-0.0015646239044144,-0.0013116957852616,0.0012093167752027
2025-05-19T18:00:00Z,-7.609444,112.595556,-0.0011944820871576,-0.0011932430788874,0.0013003926724195
2025-05-19T21:00:00Z,-7.609444,112.595556,-0.0009394725784659386,-0.0012052576057612,0.0010187576990574
2025-05-20T00:00:00Z,-7.609444,112.595556,-0.000666946463752538,-0.0013077810872346,0.0008162086014635861
2025-05-20T03:00:00Z,-7.609444,112.595556,-0.0005065923905931413,-0.0015042115701362,0.0007089301943778992
2025-05-20T06:00:00Z,-7.609444,112.595556,-0.000226524643949233,-0.0017742849886417,0.0004861780034843832
2025-05-20T09:00:00Z,-7.609444,112.595556,6.227126868907362e-05,-0.0021234489977359,0.00016605023120064288
2025-05-20T12:00:00Z,-7.609444,112.595556,0.0004115514748264104,-0.0024273267481476,-0.00014172049122862518
2025-05-20T15:00:00Z,-7.609444,112.595556,0.0007184681016951799,-0.0025310835335403,3.187558149875258e-06
2025-05-20T18:00:00Z,-7.609444,112.595556,0.0010068805422633,-0.0023390157148241,0.000464748649392277
2025-05-20T21:00:00Z,-7.609444,112.595556,0.001179042737931,-0.0022007406223565,0.0005411608726717532
2025-05-21T00:00:00Z,-7.609444,112.595556,0.0015651659341529,-0.0020537378732115,0.0003485731431283057
2025-05-21T03:00:00Z,-7.609444,112.595556,0.0017902402905747,-0.0019073045114055,9.06883433344774e-05
2025-05-21T06:00:00Z,-7.609444,112.595556,0.0018812244525179,-0.001932130428031,-0.0002119862474501133
2025-05-21T09:00:00Z,-7.609444,112.595556,0.0019262211862951,-0.0020690914243459,-0.0005429216544143856
2025-05-21T12:00:00Z,-7.609444,112.595556,0.0020809213165193,-0.0020414341706782,-0.00022950652055442333
2025-05-21T15:00:00Z,-7.609444,112.595556,0.0021889496129006,-0.0018976391293108,0.00034897212754003704
2025-05-21T18:00:00Z,-7.609444,112.595556,0.0022565729450434,-0.0017963967984542,0.0007726288749836385
2025-05-21T21:00:00Z,-7.609444,112.595556,0.0022715164814144,-0.0018469276838004,0.0006091364193707705
2025-05-22T00:00:00Z,-7.609444,112.595556,0.0023436562623828,-0.001955488929525,0.0004220484697725624
2025-05-22T03:00:00Z,-7.609444,112.595556,0.002385682426393,-0.0019555164035409,0.0004162268014624715
2025-05-22T06:00:00Z,-7.609444,112.595556,0.0022240676917135,-0.0019007903756573,0.000361575948772952
2025-05-22T09:00:00Z,-7.609444,112.595556,0.0019423877820372,-0.0019114378374069,1.0970268959908937e-07
2025-05-22T12:00:00Z,-7.609444,112.595556,0.0016312171937897,-0.0020326636731624,-0.00011053372145397589
2025-05-22T15:00:00Z,-7.609444,112.595556,0.0012358466628938,-0.0021252986043691,3.6240642657503486e-05
2025-05-22T18:00:00Z,-7.609444,112.595556,0.0007516206824220717,-0.0021859011612832,0.0005373495514504611
2025-05-22T21:00:00Z,-7.609444,112.595556,0.0001762368920026347,-0.0023206525947898,0.0010170334717258
2025-05-23T00:00:00Z,-7.609444,112.595556,-0.00022185641864780337,-0.0024463266599923,0.0017219183500856
2025-05-23T03:00:00Z,-7.609444,112.595556,-0.0006503435433842242,-0.0025092016439884,0.0023252989631146
2025-05-23T06:00:00Z,-7.609444,112.595556,-0.000957493030000478,-0.0025669266469776,0.0023531932383775
2025-05-23T09:00:00Z,-7.609444,112.595556,-0.0010801568860188,-0.0025123604573309,0.0022244995925575
2025-05-23T12:00:00Z,-7.609444,112.595556,-0.0011420958908274,-0.0023246493656188,0.0025653487537056
2025-05-23T15:00:00Z,-7.609444,112.595556,-0.001222061808221,-0.0023093831259757,0.0028957312460988
2025-05-23T18:00:00Z,-7.609444,112.595556,-0.0011482605477795,-0.0023821776267141,0.0031437650322914
2025-05-23T21:00:00Z,-7.609444,112.595556,-0.001146339229308,-0.0024189725518226,0.0030328654684126
2025-05-24T00:00:00Z,-7.609444,112.595556,-0.0011137585388496,-0.0023721875622868,0.0029451467562466
2025-05-24T03:00:00Z,-7.609444,112.595556,-0.0010394735727459,-0.0023138890974223,0.0026887296698987
2025-05-24T06:00:00Z,-7.609444,112.595556,-0.000952123838942498,-0.0022289706394076,0.0022173027973622
2025-05-24T09:00:00Z,-7.609444,112.595556,-0.0009151544072665274,-0.0021879901178181,0.0017514037899672
2025-05-24T12:00:00Z,-7.609444,112.595556,-0.0008485931903123856,-0.0021314374171197,0.0016303764423355
2025-05-24T15:00:00Z,-7.609444,112.595556,-0.0007600506069138646,-0.0020173268858343,0.0015555990394204
2025-05-24T18:00:00Z,-7.609444,112.595556,-0.0006660700892098248,-0.0019876779988408,0.0013762172311544
2025-05-24T21:00:00Z,-7.609444,112.595556,-0.0006866833427920938,-0.0020521734841167,0.0011957992101088
2025-05-25T00:00:00Z,-7.609444,112.595556,-0.0006276119383983314,-0.0021488212514668,0.0008647625218145549
2025-05-25T03:00:00Z,-7.609444,112.595556,-0.0005727497045882046,-0.0022316661197692,0.0003871227672789246
2025-05-25T06:00:00Z,-7.609444,112.595556,-0.0004468030238058418,-0.0021719606593251,7.667767204111442e-05
2025-05-25T09:00:00Z,-7.609444,112.595556,-0.0003422866284381598,-0.002044353634119,-0.00017173927335534245
2025-05-25T12:00:00Z,-7.609444,112.595556,-0.00029901109519414604,-0.0018161532934755,-0.0003139454347547144
2025-05-25T15:00:00Z,-7.609444,112.595556,-0.000310395669657737,-0.0015748715959489,-0.0005697247106581926
2025-05-25T18:00:00Z,-7.609444,112.595556,-0.0002626153582241386,-0.001218649209477,-0.0007862139027565718
2025-05-25T21:00:00Z,-7.609444,112.595556,-0.00035951618338003755,-0.0010138652287423,-0.0010540216462686
2025-05-26T00:00:00Z,-7.609444,112.595556,-0.0004502858209889382,-0.0009690856677480042,-0.0012712895404547
2025-05-26T03:00:00Z,-7.609444,112.595556,-0.0005616330890916288,-0.0009421202703379096,-0.0015113645931705
2025-05-26T06:00:00Z,-7.609444,112.595556,-0.000612803443800658,-0.0009255451732315124,-0.0016548093408346
2025-05-26T09:00:00Z,-7.609444,112.595556,-0.0006986886728554964,-0.0008282777271233499,-0.0017682131147012
2025-05-26T12:00:00Z,-7.609444,112.595556,-0.0008543843869119883,-0.0006765454891137779,-0.0018086684867739
2025-05-26T15:00:00Z,-7.609444,112.595556,-0.0010467730462551,-0.0005234238342382014,-0.0016597731737419
2025-05-26T18:00:00Z,-7.609444,112.595556,-0.0012244704412296,-0.0004251221544109285,-0.0016519678756594
2025-05-26T21:00:00Z,-7.609444,112.595556,-0.0013406232465058,-0.0003776185621973127,-0.0017154347151517
2025-05-27T00:00:00Z,-7.609444,112.595556,-0.0013909982517361,-0.00042654931894503534,-0.0016712814103811
2025-05-27T03:00:00Z,-7.609444,112.595556,-0.0015081992605701,-0.000478997768368572,-0.0016245956066995
2025-05-27T06:00:00Z,-7.609444,112.595556,-0.0016230292385444,-0.0005063063581474125,-0.0015736444620415
2025-05-27T09:00:00Z,-7.609444,112.595556,-0.0016958487685769,-0.0005514801014214754,-0.0014547627652063
2025-05-27T12:00:00Z,-7.609444,112.595556,-0.0016055095475167,-0.000489395868498832,-0.0010999528458341
2025-05-27T15:00:00Z,-7.609444,112.595556,-0.0014619638677686,-0.0002842120302375406,-0.0006146684754639864
2025-05-27T18:00:00Z,-7.609444,112.595556,-0.0013395946007221,-0.00014480600657407194,-0.0004685530439019203
2025-05-27T21:00:00Z,-7.609444,112.595556,-0.0013070405693724,-9.894640243146569e-05,-0.0006564119830727577
2025-05-28T00:00:00Z,-7.609444,112.595556,-0.0011458387598395,1.8773205738398246e-05,-0.0007104356773197651
2025-05-28T03:00:00Z,-7.609444,112.595556,-0.0009660409414209424,0.0001285668258788064,-0.00033273169538006186
2025-05-28T06:00:00Z,-7.609444,112.595556,-0.0008867651922628284,5.338649862096645e-05,-0.00015635791351087391
2025-05-28T09:00:00Z,-7.609444,112.595556,-0.0008439921657554805,-0.00023270615201909092,-0.0005885208956897259
2025-05-28T12:00:00Z,-7.609444,112.595556,-0.000651548383757472,-0.00041798665188252926,-0.0008912445046007633
2025-05-28T15:00:00Z,-7.609444,112.595556,-0.0004456014139577746,-0.00037071070983074605,-0.0008855413761921227
2025-05-28T18:00:00Z,-7.609444,112.595556,-0.000386919011361897,-0.0001924698299262673,-0.0007111782906576991
2025-05-28T21:00:00Z,-7.609444,112.595556,-0.0005149064818397164,-9.759845852386206e-05,-0.0009234617464244366
2025-05-29T00:00:00Z,-7.609444,112.595556,-0.0005800212966278195,-6.101527469581925e-05,-0.0011124798329547
2025-05-29T03:00:00Z,-7.609444,112.595556,-0.00064672133885324,-1.8292808817932386e-05,-0.001051309867762
2025-05-29T06:00:00Z,-7.609444,112.595556,-0.0008216878050006926,-6.776172813260928e-05,-0.001088113291189
2025-05-29T09:00:00Z,-7.609444,112.595556,-0.0011764786904677,-0.00014258675219025463,-0.001380736590363
2025-05-29T12:00:00Z,-7.609444,112.595556,-0.0015097064897418,-0.00012966516078449786,-0.00177372188773
2025-05-29T15:00:00Z,-7.609444,112.595556,-0.0018658676417544,-6.310715980362147e-05,-0.0021102635655552
2025-05-29T18:00:00Z,-7.609444,112.595556,-0.0021168868988752,-8.930875628720969e-05,-0.002301812171936
2025-05-29T21:00:00Z,-7.609444,112.595556,-0.0025649764575064,-0.0002020852843998,-0.0022522255312651
2025-05-30T00:00:00Z,-7.609444,112.595556,-0.0029657350387424,-0.000279173138551414,-0.0017823268426582
2025-05-30T03:00:00Z,-7.609444,112.595556,-0.0032249477226287,-0.00012345498544164002,-0.0011287558590993
2025-05-30T06:00:00Z,-7.609444,112.595556,-0.0033047306351363,9.286098793381824e-05,-0.0005927064921706915
2025-05-30T09:00:00Z,-7.609444,112.595556,-0.0033515412360429,0.0002118843112839386,-0.000219430512515828
2025-05-30T12:00:00Z,-7.609444,112.595556,-0.0034181545488536,0.00017565750749781728,5.198358849156648e-05
2025-05-30T15:00:00Z,-7.609444,112.595556,-0.0034371647052466,0.00010239682160317898,0.0003504816850181669
2025-05-30T18:00:00Z,-7.609444,112.595556,-0.0033055434469133,2.986293111462146e-05,0.0010392107069492
2025-05-30T21:00:00Z,-7.609444,112.595556,-0.0032432973384857,-0.00012241069634910673,0.001495009753853
2025-05-31T00:00:00Z,-7.609444,112.595556,-0.0029351795092225,-0.00011782997898990288,0.0019156939815729
2025-05-31T03:00:00Z,-7.609444,112.595556,-0.0025937475729733,3.418134292587638e-05,0.0020418709609657
2025-05-31T06:00:00Z,-7.609444,112.595556,-0.0021202915813773,0.0001341365132248029,0.0017949930625036
2025-05-31T09:00:00Z,-7.609444,112.595556,-0.0016944296658039,0.00016414423589594662,0.0015910300426185
2025-05-31T12:00:00Z,-7.609444,112.595556,-0.001292779110372,7.949278369778767e-05,0.0014152759686112
2025-05-31T15:00:00Z,-7.609444,112.595556,-0.0009454304818063974,-0.00010402667248854414,0.0012486301129683
2025-05-31T18:00:00Z,-7.609444,112.595556,-0.0005808548885397613,-0.00033900653943419456,0.0011650113156065
2025-05-31T21:00:00Z,-7.609444,112.595556,-0.000260917964624241,-0.0004989258013665676,0.0012190910056233
2025-06-01T00:00:00Z,-7.609444,112.595556,0.00010041066707344726,-0.0005778865306638181,0.0013645080616697
2025-06-01T03:00:00Z,-7.609444,112.595556,0.0002584041503723711,-0.00061943253967911,0.0014401763910427
2025-06-01T06:00:00Z,-7.609444,112.595556,0.0002729637490119785,-0.0007868491229601204,0.0013456109445542
2025-06-01T09:00:00Z,-7.609444,112.595556,0.0004056177567690611,-0.0009562000632286072,0.0012124832719564
2025-06-01T12:00:00Z,-7.609444,112.595556,0.0006396844983100891,-0.0010451031848788,0.0013851472176611
2025-06-01T15:00:00Z,-7.609444,112.595556,0.000730744272004813,-0.0009739977540448308,0.0016971493605524
2025-06-01T18:00:00Z,-7.609444,112.595556,0.0007951984298415482,-0.0008132687653414905,0.0019041363848373
2025-06-01T21:00:00Z,-7.609444,112.595556,0.000772640691138804,-0.00071353540988639,0.0020249912049621
2025-06-02T00:00:00Z,-7.609444,112.595556,0.0008738169563002884,-0.0006963476771488786,0.0023519664537161
2025-06-02T03:00:00Z,-7.609444,112.595556,0.0007013487629592419,-0.0008117760880850255,0.0029362423811107
2025-06-02T06:00:00Z,-7.609444,112.595556,0.00035968711017630994,-0.0010813701665028,0.0030650289263576
2025-06-02T09:00:00Z,-7.609444,112.595556,0.0001027584876283072,-0.0011907204752787,0.0027512153610587
2025-06-02T12:00:00Z,-7.609444,112.595556,8.247159712482244e-05,-0.0010621292749419,0.0024246596731245
2025-06-02T15:00:00Z,-7.609444,112.595556,0.00012897477427031845,-0.0008119333651848137,0.0022577012423425
2025-06-02T18:00:00Z,-7.609444,112.595556,0.00010973236203426497,-0.0005968226469121873,0.0023430183064192
2025-06-02T21:00:00Z,-7.609444,112.595556,-0.00010286839096806943,-0.0005372822051867843,0.0020097137894481
2025-06-03T00:00:00Z,-7.609444,112.595556,-0.0002497677924111485,-0.0006283249822445214,0.0015219851629808
2025-06-03T03:00:00Z,-7.609444,112.595556,-0.0003559082397259772,-0.0006132425623945892,0.0014469932066276
2025-06-03T06:00:00Z,-7.609444,112.595556,-0.0004955831682309508,-0.0006190225831232965,0.0014689988456666
2025-06-03T09:00:00Z,-7.609444,112.595556,-0.0006450801156461239,-0.0007149181910790503,0.0010777964489534
2025-06-03T12:00:00Z,-7.609444,112.595556,-0.0006683004321530461,-0.0007328672800213099,0.0005476231453940272
2025-06-03T15:00:00Z,-7.609444,112.595556,-0.0005187200731597841,-0.0006103166961111128,0.0004556825151666999
2025-06-03T18:00:00Z,-7.609444,112.595556,-0.0003884320904035121,-0.0003995678562205285,0.0006158621399663389
2025-06-03T21:00:00Z,-7.609444,112.595556,-0.00031516479793936014,-0.00026838318444788456,0.0002919420367106796
2025-06-04T00:00:00Z,-7.609444,112.595556,-0.000136620452394709,-0.00010615318024065346,5.4963227739790455e-05
2025-06-04T03:00:00Z,-7.609444,112.595556,8.811087354843039e-06,7.711063517490402e-05,3.925757482647896e-05
2025-06-04T06:00:00Z,-7.609444,112.595556,0.00015190703561529517,0.0002526022435631603,3.17985141009558e-05
2025-06-04T09:00:00Z,-7.609444,112.595556,0.00022596139751840383,0.0003470331139396876,-0.0001046428005793132
2025-06-04T12:00:00Z,-7.609444,112.595556,0.0002607311180327088,0.00045999628491699696,-0.0001652407372603193
2025-06-04T15:00:00Z,-7.609444,112.595556,0.00030515523394569755,0.0006431596702896059,-4.115320189157501e-05
2025-06-04T18:00:00Z,-7.609444,112.595556,0.00040558978798799217,0.0008596256957389414,0.0003989342949353159
2025-06-04T21:00:00Z,-7.609444,112.595556,0.0005102180875837803,0.000948151806369424,0.0006153197609819472
2025-06-05T00:00:00Z,-7.609444,112.595556,0.0007208745228126645,0.0010225034784525,0.0005252182600088418
2025-06-05T03:00:00Z,-7.609444,112.595556,0.0009325091377831995,0.0010845703072845,0.00018614059081301093
2025-06-05T06:00:00Z,-7.609444,112.595556,0.0011194791877642,0.0010606871219351,-0.0001352628460153937
2025-06-05T09:00:00Z,-7.609444,112.595556,0.0012353762285783,0.0009411523933522404,-0.0004452861030586064
2025-06-05T12:00:00Z,-7.609444,112.595556,0.0012092072283849,0.0007992823957465589,-0.000584680587053299
2025-06-05T15:00:00Z,-7.609444,112.595556,0.0011030732421204,0.0006306355353444815,-0.0006058249855414033
2025-06-05T18:00:00Z,-7.609444,112.595556,0.000967442523688078,0.0005134712555445731,-0.00038232834776863456
2025-06-05T21:00:00Z,-7.609444,112.595556,0.0007467931718565524,0.0004952957388013601,-0.00010234495130134746
2025-06-06T00:00:00Z,-7.609444,112.595556,0.000587151269428432,0.000525186478625983,0.00019407794752623889
2025-06-06T03:00:00Z,-7.609444,112.595556,0.0004579654487315565,0.0005349839921109378,0.0003399847191758454
2025-06-06T06:00:00Z,-7.609444,112.595556,0.0004792326944880188,0.0004663771251216531,0.00033353277831338346
2025-06-06T09:00:00Z,-7.609444,112.595556,0.000623833853751421,0.00034477311419323087,0.0004018964827992022
2025-06-06T12:00:00Z,-7.609444,112.595556,0.0007046071114018559,0.00020880850206594917,0.0005121321883052588
2025-06-06T15:00:00Z,-7.609444,112.595556,0.0007803750922903419,0.000144580626511015,0.0004651669587474317
2025-06-06T18:00:00Z,-7.609444,112.595556,0.0008997421828098595,0.00011851020826725288,0.0002462889242451638
2025-06-06T21:00:00Z,-7.609444,112.595556,0.0010496074100956,8.053337660385296e-05,7.421122427331284e-05
2025-06-07T00:00:00Z,-7.609444,112.595556,0.0011797936167567,4.400542820803821e-05,0.00027780659729614854
2025-06-07T03:00:00Z,-7.609444,112.595556,0.0011102528078481,-6.455933908000588e-05,0.0003734797064680606
2025-06-07T06:00:00Z,-7.609444,112.595556,0.0010481394128873,-0.00021524526528082788,0.000535943079739809
2025-06-07T09:00:00Z,-7.609444,112.595556,0.000974426686298102,-0.0003561564080882817,0.0007553607574664056
2025-06-07T12:00:00Z,-7.609444,112.595556,0.0010371544631198,-0.0006095767021179199,0.000880254665389657
2025-06-07T15:00:00Z,-7.609444,112.595556,0.0012334742350503,-0.000815011968370527,0.0011189968790858
2025-06-07T18:00:00Z,-7.609444,112.595556,0.0013059535995125,-0.0010250076884403,0.0014200730947777
2025-06-07T21:00:00Z,-7.609444,112.595556,0.0012911023804917,-0.0013381842290982,0.0015214963350445
2025-06-08T00:00:00Z,-7.609444,112.595556,0.0014532404020428,-0.0015589505201205,0.0016607000725343
2025-06-08T03:00:00Z,-7.609444,112.595556,0.0016810153611004,-0.0015734680928289,0.0018437524558976
2025-06-08T06:00:00Z,-7.609444,112.595556,0.0018533974653109,-0.0014849087456241,0.0018758052028715
2025-06-08T09:00:00Z,-7.609444,112.595556,0.0019158390350639,-0.0014182953163981,0.0014546317979693
2025-06-08T12:00:00Z,-7.609444,112.595556,0.0020930329337716,-0.0014353308361023,0.000915175536647439
2025-06-08T15:00:00Z,-7.609444,112.595556,0.002247559139505,-0.0014722176128998,0.0006328647141344845
2025-06-08T18:00:00Z,-7.609444,112.595556,0.0022855300921946,-0.00152564921882,0.0006463382160291076
2025-06-08T21:00:00Z,-7.609444,112.595556,0.0021879512351006,-0.0015426523750647,0.0008242836338467896
2025-06-09T00:00:00Z,-7.609444,112.595556,0.0022707777097821,-0.001463652937673,0.0011083403369411
2025-06-09T03:00:00Z,-7.609444,112.595556,0.0023804365191608,-0.0013584301341325,0.0015136490110307
2025-06-09T06:00:00Z,-7.609444,112.595556,0.0023998757824301,-0.0011901161633431,0.0019886894151568
2025-06-09T09:00:00Z,-7.609444,112.595556,0.0023749065585434,-0.0011689164675772,0.0022597059141844
2025-06-09T12:00:00Z,-7.609444,112.595556,0.0024527036584913,-0.0012077627470716,0.002313663251698
2025-06-09T15:00:00Z,-7.609444,112.595556,0.0026147181633859,-0.0011832128511741,0.0022678410168737
2025-06-09T18:00:00Z,-7.609444,112.595556,0.0027295392937958,-0.0011747260577976,0.0024184819776564
2025-06-09T21:00:00Z,-7.609444,112.595556,0.0026417807675898,-0.0013023630017414,0.0025120351929217
2025-06-10T00:00:00Z,-7.609444,112.595556,0.0025281009729951,-0.0014437491772696,0.0027980497106909
2025-06-10T03:00:00Z,-7.609444,112.595556,0.0023890470620244,-0.0015603699721395,0.0032086404971778
2025-06-10T06:00:00Z,-7.609444,112.595556,0.002301036613062,-0.0015905917389318,0.0036575063131749
2025-06-10T09:00:00Z,-7.609444,112.595556,0.0021807737648487,-0.0015660974895581,0.0039605805650353
2025-06-10T12:00:00Z,-7.609444,112.595556,0.0020840659271925,-0.0014138604747131,0.0040158489719033
2025-06-10T15:00:00Z,-7.609444,112.595556,0.002061327220872,-0.0011383790988475,0.0039272480644285
2025-06-10T18:00:00Z,-7.609444,112.595556,0.0020845520775765,-0.000933440518565476,0.0040417946875095
2025-06-10T21:00:00Z,-7.609444,112.595556,0.0018334804335609,-0.0009100593160837888,0.0042645814828574
2025-06-11T00:00:00Z,-7.609444,112.595556,0.0015477611450478,-0.0010813163826242,0.0045008095912635
2025-06-11T03:00:00Z,-7.609444,112.595556,0.0012555832508951,-0.0013778680004179,0.0042533059604465
2025-06-11T06:00:00Z,-7.609444,112.595556,0.0009873795788735151,-0.0016262650024145,0.0038348303642123
2025-06-11T09:00:00Z,-7.609444,112.595556,0.0006859914865344763,-0.0018152066040784,0.0035425592213869
2025-06-11T12:00:00Z,-7.609444,112.595556,0.0002905573637690395,-0.0019774883985519,0.0030168835073709
2025-06-11T15:00:00Z,-7.609444,112.595556,-8.682369661983103e-05,-0.0021243933588266,0.0025077038444578
2025-06-11T18:00:00Z,-7.609444,112.595556,-0.000403023004764691,-0.0023648277856409,0.0021921265870332
2025-06-11T21:00:00Z,-7.609444,112.595556,-0.0007500348729081452,-0.0026646256446838,0.0017079970566555
2025-06-12T00:00:00Z,-7.609444,112.595556,-0.0010735293617472,-0.0027366990689188,0.0014683747431263
2025-06-12T03:00:00Z,-7.609444,112.595556,-0.0014489659806713,-0.0027492858935147,0.0011363890953361
2025-06-12T06:00:00Z,-7.609444,112.595556,-0.0015956073766574,-0.0026859685312956,0.0008083686116151512
2025-06-12T09:00:00Z,-7.609444,112.595556,-0.0016395094571635,-0.0026440026704221,0.0005879576201550663
2025-06-12T12:00:00Z,-7.609444,112.595556,-0.0017243638867512,-0.0026532667689025,0.0004448390973266214
2025-06-12T15:00:00Z,-7.609444,112.595556,-0.00173784524668,-0.0025745998136699,0.00046109268441796303
2025-06-12T18:00:00Z,-7.609444,112.595556,-0.0017684603808447,-0.0024672404397279,0.0004709552740678191
2025-06-12T21:00:00Z,-7.609444,112.595556,-0.0017986799357458,-0.0024931114166975,0.0003586310485843569
2025-06-13T00:00:00Z,-7.609444,112.595556,-0.001704936963506,-0.0025016118306666,0.0002998023701366037
2025-06-13T03:00:00Z,-7.609444,112.595556,-0.00150295952335,-0.0024423084687441,0.0004365344939287752
2025-06-13T06:00:00Z,-7.609444,112.595556,-0.0011268456000834,-0.0024008401669561,0.0002951514034066349
2025-06-13T09:00:00Z,-7.609444,112.595556,-0.0006688670837320387,-0.0024863029830157,0.0002561626315582544
2025-06-13T12:00:00Z,-7.609444,112.595556,-0.00027710862923413515,-0.0025558115448802,0.0004461931239347905
2025-06-13T15:00:00Z,-7.609444,112.595556,0.0001122867688536644,-0.0025054430589079,0.00046812882646918297
2025-06-13T18:00:00Z,-7.609444,112.595556,0.0005701363552361727,-0.0023296787403523,0.0004978603683412075
2025-06-13T21:00:00Z,-7.609444,112.595556,0.0008086520247161388,-0.0021666234824806,0.0007286898326128721
2025-06-14T00:00:00Z,-7.609444,112.595556,0.0008798459311947227,-0.0020864563994109,0.0008639814332127571
2025-06-14T03:00:00Z,-7.609444,112.595556,0.0008219613810069859,-0.0020815134048461,0.0010145561536774
2025-06-14T06:00:00Z,-7.609444,112.595556,0.0008697050507180393,-0.002122217323631,0.0008051799959503114
2025-06-14T09:00:00Z,-7.609444,112.595556,0.0009157998720183967,-0.0022782126907259,0.0005833132890984416
2025-06-14T12:00:00Z,-7.609444,112.595556,0.0008354514138773084,-0.0024292492307722,0.0003753933124244213
2025-06-14T15:00:00Z,-7.609444,112.595556,0.000805128482170403,-0.0023998783435672,0.00011068904859712347
2025-06-14T18:00:00Z,-7.609444,112.595556,0.0009073694236576556,-0.0022500057239085,0.00015939254080876708
2025-06-14T21:00:00Z,-7.609444,112.595556,0.0007523864624090493,-0.0021204045042395,0.0003037597343791276
2025-06-15T00:00:00Z,-7.609444,112.595556,0.0006024964968673885,-0.0020191939547657,0.0003799206751864404
2025-06-15T03:00:00Z,-7.609444,112.595556,0.00040197535417974,-0.0018663587979972,0.0003489491646178067
2025-06-15T06:00:00Z,-7.609444,112.595556,0.0001827222149586305,-0.001698876847513,4.8122299631359056e-05
2025-06-15T09:00:00Z,-7.609444,112.595556,7.324253601836972e-06,-0.0015915352851152,-0.00034779671113938093
2025-06-15T12:00:00Z,-7.609444,112.595556,-0.0002802568487823009,-0.0014871803577989,-0.0005025133723393083
2025-06-15T15:00:00Z,-7.609444,112.595556,-0.0005809307913295925,-0.0014433293836191,-0.0006297018844634295
2025-06-15T18:00:00Z,-7.609444,112.595556,-0.000726223923265934,-0.0015640610363334,-0.0006188208353705704
2025-06-15T21:00:00Z,-7.609444,112.595556,-0.00097350322175771,-0.0017943483544513,-0.0003689248987939209
2025-06-16T00:00:00Z,-7.609444,112.595556,-0.0012220935896039,-0.0020398781634867,-0.0001515643671154976
2025-06-16T03:00:00Z,-7.609444,112.595556,-0.0014682476175948,-0.0020979563705623,0.0001486155524617061
2025-06-16T06:00:00Z,-7.609444,112.595556,-0.0016044316580519,-0.0020406264811754,-1.838009302446153e-05
2025-06-16T09:00:00Z,-7.609444,112.595556,-0.0016251326305791,-0.0020452581811696,-0.0002513529325369745
2025-06-16T12:00:00Z,-7.609444,112.595556,-0.0016042802017182,-0.0019724760204553,-0.0002788408601190895
2025-06-16T15:00:00Z,-7.609444,112.595556,-0.0015937357675284,-0.001875523244962,-0.0003059550654143095
2025-06-16T18:00:00Z,-7.609444,112.595556,-0.0014719007303938,-0.0018221767386421,-0.0004465632955543697
2025-06-16T21:00:00Z,-7.609444,112.595556,-0.0013510818826034,-0.0018231789581477,-0.00042925402522087097
2025-06-17T00:00:00Z,-7.609444,112.595556,-0.001333461375907,-0.0018028998747467,-0.0002778274938464165
2025-06-17T03:00:00Z,-7.609444,112.595556,-0.0013471075799316,-0.0016404273919761,-2.7018777473131195e-06
2025-06-17T06:00:00Z,-7.609444,112.595556,-0.0011989347403869,-0.001564476173371,0.00010370653762947768
2025-06-17T09:00:00Z,-7.609444,112.595556,-0.0009017996490001678,-0.0016341668087989,0.0003486864152364433
2025-06-17T12:00:00Z,-7.609444,112.595556,-0.0006147724343463778,-0.0017199157737195,0.0008991017821244895
2025-06-17T15:00:00Z,-7.609444,112.595556,-0.00035167057649232447,-0.0017383999656885,0.0013281343271955
2025-06-17T18:00:00Z,-7.609444,112.595556,-0.00010109329741680996,-0.0017520430264994,0.0010536196641623
2025-06-17T21:00:00Z,-7.609444,112.595556,0.00017347224638797343,-0.001632704748772,0.0005615861737169325
2025-06-18T00:00:00Z,-7.609444,112.595556,0.000463266100268811,-0.0013400133466348,4.9812668294180185e-05
2025-06-18T03:00:00Z,-7.609444,112.595556,0.0005897333612665534,-0.001118135289289,-0.00021076637494843453
2025-06-18T06:00:00Z,-7.609444,112.595556,0.0006265792180784047,-0.0011603834573179,-0.0006147804670035839
2025-06-18T09:00:00Z,-7.609444,112.595556,0.0006819539121352136,-0.0013100593350827,-0.0008602450834587216
2025-06-18T12:00:00Z,-7.609444,112.595556,0.0007696964894421399,-0.0012666722759604,-0.0007625091238878667
2025-06-18T15:00:00Z,-7.609444,112.595556,0.000749225087929517,-0.0010328149655833,-0.0005923996795900166
2025-06-18T18:00:00Z,-7.609444,112.595556,0.0007065102108754218,-0.0009376787929795682,-0.0006886832998134196
2025-06-18T21:00:00Z,-7.609444,112.595556,0.0005627299542538822,-0.0010307898046448,-0.001073615043424
2025-06-19T00:00:00Z,-7.609444,112.595556,0.0004749992513097823,-0.0012219796190038,-0.0014097130624577
2025-06-19T03:00:00Z,-7.609444,112.595556,0.0003451144730206579,-0.0013553274329751,-0.0016988257411867
2025-06-19T06:00:00Z,-7.609444,112.595556,0.00010150167508982122,-0.0013866701629012,-0.0018172410782426
2025-06-19T09:00:00Z,-7.609444,112.595556,-7.183144771261141e-05,-0.0013013585703447,-0.0015006754547357
2025-06-19T12:00:00Z,-7.609444,112.595556,-0.0002924392174463719,-0.0012130828108638,-0.000999272218905389
2025-06-19T15:00:00Z,-7.609444,112.595556,-0.0005621972377412021,-0.0010529209394007,-0.0005903659039177
2025-06-19T18:00:00Z,-7.609444,112.595556,-0.0008776598842814565,-0.0010711665963754,-0.0002065310400212184
2025-06-19T21:00:00Z,-7.609444,112.595556,-0.0012718044454231,-0.0012106195790693,0.00011134575470350684
2025-06-20T00:00:00Z,-7.609444,112.595556,-0.0015260101063176,-0.0013607820728793,0.0004554361803457141
2025-06-20T03:00:00Z,-7.609444,112.595556,-0.0017180604627355,-0.0014904832933098,0.0006496605928987265
2025-06-20T06:00:00Z,-7.609444,112.595556,-0.0017856365302577,-0.0015595102449879,0.0008967928006313741
2025-06-20T09:00:00Z,-7.609444,112.595556,-0.0018182090716436,-0.0016309339553117,0.0012050884542986
2025-06-20T12:00:00Z,-7.609444,112.595556,-0.0018458953127264,-0.0016057392349466,0.0015379543183371
2025-06-20T15:00:00Z,-7.609444,112.595556,-0.0019157872302457,-0.0014238856965675,0.0015517926076427
2025-06-20T18:00:00Z,-7.609444,112.595556,-0.0018828242318704,-0.0012366251321509,0.0015339764067903
2025-06-20T21:00:00Z,-7.609444,112.595556,-0.0018765368731692,-0.0010112555464729,0.0012393266661092
2025-06-21T00:00:00Z,-7.609444,112.595556,-0.0017556288512423,-0.0007590733002871275,0.0010299141285941
2025-06-21T03:00:00Z,-7.609444,112.595556,-0.001783047337085,-0.0005631925305351615,0.0008694700081832707
2025-06-21T06:00:00Z,-7.609444,112.595556,-0.0017297177109867,-0.0005505651934072375,0.0006464922334998846
2025-06-21T09:00:00Z,-7.609444,112.595556,-0.001524984720163,-0.0005454709753394127,0.00043118183384649456
2025-06-21T12:00:00Z,-7.609444,112.595556,-0.0013598271179944,-0.0004885310190729797,0.0003490792296361178
2025-06-21T15:00:00Z,-7.609444,112.595556,-0.0013216417282819,-0.00042615539859980345,7.977649511303753e-05
2025-06-21T18:00:00Z,-7.609444,112.595556,-0.001233386923559,-0.0003166623937431723,-0.0001980426168302074
2025-06-21T21:00:00Z,-7.609444,112.595556,-0.0012453780509531,-0.0001961647940333933,-0.00045814894838258624
2025-06-22T00:00:00Z,-7.609444,112.595556,-0.0013376707211136,-0.00014861050294712186,-0.00037941132904961705
2025-06-22T03:00:00Z,-7.609444,112.595556,-0.00156791950576,-0.00024824586580507457,-0.00020759954350069165
2025-06-22T06:00:00Z,-7.609444,112.595556,-0.0016393777914345,-0.0003163584042340517,6.031419161445228e-06
2025-06-22T09:00:00Z,-7.609444,112.595556,-0.0016074553132057,-0.00028158322675153613,0.00021876374376006424
2025-06-22T12:00:00Z,-7.609444,112.595556,-0.0016321452567353,-0.00014142185682430863,0.0004535311600193381
2025-06-22T15:00:00Z,-7.609444,112.595556,-0.001734962221235,6.660059443674982e-05,0.0007253502844832838
2025-06-22T18:00:00Z,-7.609444,112.595556,-0.0017608129419386,0.00018529615772422403,0.0009024423197843134
2025-06-22T21:00:00Z,-7.609444,112.595556,-0.0017599504208192,0.00019814266124740243,0.0006244893302209675
2025-06-23T00:00:00Z,-7.609444,112.595556,-0.0015964646590873,8.948958566179499e-05,0.0002879188978113234
2025-06-23T03:00:00Z,-7.609444,112.595556,-0.0015332335606217,-2.675567202459206e-06,2.72813267656602e-05
2025-06-23T06:00:00Z,-7.609444,112.595556,-0.0015779746463522,-8.912550583772827e-06,-0.0002312056312803179
2025-06-23T09:00:00Z,-7.609444,112.595556,-0.0016323713352903,-1.899870767374523e-05,-0.0007947488338686526
2025-06-23T12:00:00Z,-7.609444,112.595556,-0.0016192394541576,8.89903458300978e-05,-0.0012475436087697
2025-06-23T15:00:00Z,-7.609444,112.595556,-0.0016536428593099,0.0002743836375884712,-0.0014722937485203
2025-06-23T18:00:00Z,-7.609444,112.595556,-0.0017763562500476,0.00034711998887360096,-0.0015823480207473
2025-06-23T21:00:00Z,-7.609444,112.595556,-0.0020508056040853,0.00028472780832089484,-0.001765759428963
2025-06-24T00:00:00Z,-7.609444,112.595556,-0.0023086240980774,0.00024270379799418151,-0.0015996916918084
2025-06-24T03:00:00Z,-7.609444,112.595556,-0.0025943540968,0.0003096357686445117,-0.0013656949158757
2025-06-24T06:00:00Z,-7.609444,112.595556,-0.0028693184722214,0.0004434462462086231,-0.0009834716329351068
2025-06-24T09:00:00Z,-7.609444,112.595556,-0.0031344559974968,0.0004022948269266635,-0.0007155452622100711
2025-06-24T12:00:00Z,-7.609444,112.595556,-0.0033099954016506,0.0003657945489976555,-0.0005268636159598827
2025-06-24T15:00:00Z,-7.609444,112.595556,-0.0034779752604663,0.0004782810865435749,-0.0002744625380728394
2025-06-24T18:00:00Z,-7.609444,112.595556,-0.0036008639726787,0.00067739631049335,0.0002701405610423535
2025-06-24T21:00:00Z,-7.609444,112.595556,-0.0037796080578118,0.0008272649720311165,0.0005163642927072942
2025-06-25T00:00:00Z,-7.609444,112.595556,-0.0038206030149012,0.0009115636348724364,0.0005564599414356053
2025-06-25T03:00:00Z,-7.609444,112.595556,-0.0038523459807038,0.000984688987955451,0.000854820478707552
2025-06-25T06:00:00Z,-7.609444,112.595556,-0.0038588040042668,0.0009590520639903844,0.001381610170938
2025-06-25T09:00:00Z,-7.609444,112.595556,-0.0039810272864997,0.0005950162303633988,0.0017554296646267
2025-06-25T12:00:00Z,-7.609444,112.595556,-0.0038905527908354,0.00019545313261915,0.0018938200082629
2025-06-25T15:00:00Z,-7.609444,112.595556,-0.0036578099243342,6.785432924516499e-05,0.0020496100187301
2025-06-25T18:00:00Z,-7.609444,112.595556,-0.0033662335481494,-5.7021221437025815e-05,0.001935476437211
2025-06-25T21:00:00Z,-7.609444,112.595556,-0.0031632699538022,-0.00021815369836986065,0.0015054383547976
2025-06-26T00:00:00Z,-7.609444,112.595556,-0.002841031178832,-0.0003685594128910452,0.0011055794311687
2025-06-26T03:00:00Z,-7.609444,112.595556,-0.002543068723753,-0.0003859862335957587,0.0008622545865364373
2025-06-26T06:00:00Z,-7.609444,112.595556,-0.0023943742271512,-0.00040092715062201023,0.0006255254265852273
2025-06-26T09:00:00Z,-7.609444,112.595556,-0.0023084110580384,-0.0005544114392250776,0.00033856253139674664
2025-06-26T12:00:00Z,-7.609444,112.595556,-0.0021130824461579,-0.0005301435012370348,0.00018456396355759352
2025-06-26T15:00:00Z,-7.609444,112.595556,-0.0018457886762917,-0.00035716439015232027,0.00042919779662042856
2025-06-26T18:00:00Z,-7.609444,112.595556,-0.0015829630428925,-0.0002768381091300398,0.0007400799659080803
2025-06-26T21:00:00Z,-7.609444,112.595556,-0.0013514504535123,-0.00031261437106877565,0.0010185892460867
2025-06-27T00:00:00Z,-7.609444,112.595556,-0.0009342455305159092,-0.00031411860254593194,0.0011747913667932
2025-06-27T03:00:00Z,-7.609444,112.595556,-0.0004963464452885091,-0.00018415882368572056,0.0013202290283516
2025-06-27T06:00:00Z,-7.609444,112.595556,-0.0001054855456459336,-0.00013198945089243352,0.0010827296646311
2025-06-27T09:00:00Z,-7.609444,112.595556,0.00015810398326721042,-0.0002989910717587918,0.000543473637662828
2025-06-27T12:00:00Z,-7.609444,112.595556,0.00029689952498301864,-0.000499922432936728,0.00011980363342445344
2025-06-27T15:00:00Z,-7.609444,112.595556,0.0003806199529208243,-0.0006855205283500254,-0.00010061433567898348
2025-06-27T18:00:00Z,-7.609444,112.595556,0.0004817807930521667,-0.0008545995224267244,-0.00016749945643823594
2025-06-27T21:00:00Z,-7.609444,112.595556,0.0004783461336046457,-0.001043286989443,-0.000265693903202191
2025-06-28T00:00:00Z,-7.609444,112.595556,0.0006015555700287223,-0.001143819768913,-0.0002556651015765965
2025-06-28T03:00:00Z,-7.609444,112.595556,0.000458460533991456,-0.0011396677000448,-2.0658098947023973e-05
2025-06-28T06:00:00Z,-7.609444,112.595556,0.0002897668455261737,-0.0012912873644381,-0.0003721269895322621
2025-06-28T09:00:00Z,-7.609444,112.595556,0.00018816726515069604,-0.0014512243214994,-0.0008531697676517069
2025-06-28T12:00:00Z,-7.609444,112.595556,0.00021479115821421144,-0.0013991078594699,-0.0006985757499933243
2025-06-28T15:00:00Z,-7.609444,112.595556,0.0003301498363725841,-0.0012098978040739,-0.0003181737847626209
2025-06-28T18:00:00Z,-7.609444,112.595556,0.00044560874812304974,-0.001057477435097,-0.0004315424303058535
2025-06-28T21:00:00Z,-7.609444,112.595556,0.00038539484376087785,-0.0009771252516657114,-0.0007632800843566656
2025-06-29T00:00:00Z,-7.609444,112.595556,0.0002618710568640381,-0.0009384763543494046,-0.000840863271150738
2025-06-29T03:00:00Z,-7.609444,112.595556,1.504917054262478e-05,-0.0008301881607621908,-0.0006466163322329521
2025-06-29T06:00:00Z,-7.609444,112.595556,-0.0002258622262161225,-0.0008248296217061579,-0.0007191494223661721
2025-06-29T09:00:00Z,-7.609444,112.595556,-0.00037616712506860495,-0.0009070506202988328,-0.0007390147657133639
2025-06-29T12:00:00Z,-7.609444,112.595556,-0.0004938463680446148,-0.0009725504205562174,-0.00030300713842734694
2025-06-29T15:00:00Z,-7.609444,112.595556,-0.0005344168748706579,-0.0009672811138443648,-2.954856063297484e-05
2025-06-29T18:00:00Z,-7.609444,112.595556,-0.0005023585981689394,-0.0008323593647219241,-0.00014288783131632954
2025-06-29T21:00:00Z,-7.609444,112.595556,-0.0005653838161379099,-0.0006119497120380402,-0.000240046952967532
2025-06-30T00:00:00Z,-7.609444,112.595556,-0.0005814504693262279,-0.0004047543043270707,0.0001550192246213555
2025-06-30T03:00:00Z,-7.609444,112.595556,-0.0007690384518355131,-0.00040145841194316745,0.0004125772684346885
2025-06-30T06:00:00Z,-7.609444,112.595556,-0.0007521603256464005,-0.000595582474488765,0.0003310461761429906
2025-06-30T09:00:00Z,-7.609444,112.595556,-0.0006625569658353925,-0.0007623103447258472,0.00018405189621262247
2025-06-30T12:00:00Z,-7.609444,112.595556,-0.000482911360450089,-0.0006935776327736676,0.00017938246310222894
2025-06-30T15:00:00Z,-7.609444,112.595556,-0.0002902576816268265,-0.00031196532654576004,0.0002332976437173784
2025-06-30T18:00:00Z,-7.609444,112.595556,-0.0001127745272242464,3.676804408314638e-05,0.0002672877162694931
2025-06-30T21:00:00Z,-7.609444,112.595556,-0.00010057035979116336,0.00021626983652822676,0.00015375985822174698
2025-07-01T00:00:00Z,-7.609444,112.595556,-3.717986692208797e-05,0.00030231382697820663,0.0002741757489275187
2025-07-01T03:00:00Z,-7.609444,112.595556,-1.7617110643186606e-05,0.0002178618306061253,0.00021039665443822744
2025-07-01T06:00:00Z,-7.609444,112.595556,0.00011291437840554865,7.155454659368843e-05,6.94730770192109e-05
2025-07-01T09:00:00Z,-7.609444,112.595556,0.0002362088271183893,-6.775759538868442e-05,-0.00010298888810211793
2025-07-01T12:00:00Z,-7.609444,112.595556,0.00032204014132730663,-0.00019069491827394813,-8.661037281854078e-05
2025-07-01T15:00:00Z,-7.609444,112.595556,0.000322078907629475,-0.00020184666209388524,-0.0001030389394145459
2025-07-01T18:00:00Z,-7.609444,112.595556,0.00032871682196855545,-0.0002319337509106845,-0.0002007338480325416
2025-07-01T21:00:00Z,-7.609444,112.595556,0.0002800708170980215,-0.00024253160518128425,-0.00034358337870799005
2025-07-02T00:00:00Z,-7.609444,112.595556,0.0004437812604010105,-0.0003056338173337281,-0.00027198847965337336
2025-07-02T03:00:00Z,-7.609444,112.595556,0.0004379119200166315,-0.00047848219401203096,-0.0003170622803736478
2025-07-02T06:00:00Z,-7.609444,112.595556,0.0003096824802923948,-0.000673040107358247,-0.0004981224192306399
2025-07-02T09:00:00Z,-7.609444,112.595556,6.594479054911062e-05,-0.0009148227400146424,-0.000700965931173414
2025-07-02T12:00:00Z,-7.609444,112.595556,-0.0001693643571343273,-0.0011967667378485,-0.0006874258979223669
2025-07-02T15:00:00Z,-7.609444,112.595556,-0.0003887690254487097,-0.0014344692463055,-0.0004229692567605525
2025-07-02T18:00:00Z,-7.609444,112.595556,-0.0005823965184390545,-0.0015988714294508,-9.462629532208666e-05
2025-07-02T21:00:00Z,-7.609444,112.595556,-0.0007830550312064588,-0.001680226996541,6.119470344856381e-05
2025-07-03T00:00:00Z,-7.609444,112.595556,-0.0006566382362507284,-0.0016594274202361,0.00024282898812089115
2025-07-03T03:00:00Z,-7.609444,112.595556,-0.0004881833447143436,-0.001618574373424,0.000236733234487474
2025-07-03T06:00:00Z,-7.609444,112.595556,-0.0003904073673766106,-0.001593408640474,0.00013022198982071131
2025-07-03T09:00:00Z,-7.609444,112.595556,-0.00033793930197134614,-0.0016896757297217,0.0002555113169364631
2025-07-03T12:00:00Z,-7.609444,112.595556,-0.00023812372819520533,-0.0017278114100918,0.0005341350333765149
2025-07-03T15:00:00Z,-7.609444,112.595556,-0.0001099417931982316,-0.0017739156028255,0.0007146730786189437
2025-07-03T18:00:00Z,-7.609444,112.595556,3.725280839717016e-05,-0.001819315017201,0.0008084455039352179
2025-07-03T21:00:00Z,-7.609444,112.595556,4.35410656791646e-05,-0.001978988526389,0.0004327887727413327
2025-07-04T00:00:00Z,-7.609444,112.595556,0.0002142908633686602,-0.0021573272533714,0.00023416223120875657
2025-07-04T03:00:00Z,-7.609444,112.595556,0.0003445027105044573,-0.0021682563237845,0.0002777810441330075
2025-07-04T06:00:00Z,-7.609444,112.595556,0.0005388112622313201,-0.0020534165669232,0.0003034693072549999
2025-07-04T09:00:00Z,-7.609444,112.595556,0.0007287611369974911,-0.001759547740221,0.0002603198809083551
2025-07-04T12:00:00Z,-7.609444,112.595556,0.0008442988037131727,-0.0014241448370739,0.0003461895394138992
2025-07-04T15:00:00Z,-7.609444,112.595556,0.0007608773303218186,-0.0011708735255524,0.0004057727637700737
2025-07-04T18:00:00Z,-7.609444,112.595556,0.0005447582807391882,-0.0010481048375368,0.0004117950156796724
2025-07-04T21:00:00Z,-7.609444,112.595556,0.00032767828088253736,-0.0012246922124177,0.00015810300828889012
2025-07-05T00:00:00Z,-7.609444,112.595556,0.00026147894095629454,-0.0014985920861363,-3.690311132231727e-05
2025-07-05T03:00:00Z,-7.609444,112.595556,0.00017028448928613216,-0.0016951246652752,-9.512307588011026e-05
2025-07-05T06:00:00Z,-7.609444,112.595556,4.765859921462834e-05,-0.0017064292915165,-0.00012805852747987956
2025-07-05T09:00:00Z,-7.609444,112.595556,-6.121319893281907e-05,-0.0016652609920129,-0.00022027629893273115
2025-07-05T12:00:00Z,-7.609444,112.595556,-0.00018987152725458145,-0.0015670417342334,0.00011515906953718512
2025-07-05T15:00:00Z,-7.609444,112.595556,-0.00033604580676183105,-0.0014107439201325,0.00031122087966650724
2025-07-05T18:00:00Z,-7.609444,112.595556,-0.00038232843508012593,-0.0014355784514918,0.0005017826915718615
2025-07-05T21:00:00Z,-7.609444,112.595556,-0.0005085518932901323,-0.0015191327547654,0.000580617634113878
2025-07-06T00:00:00Z,-7.609444,112.595556,-0.0006046929047442973,-0.0015338875818997,0.0010043308138847
2025-07-06T03:00:00Z,-7.609444,112.595556,-0.0006749929743818939,-0.001410452183336,0.0014383943052962
2025-07-06T06:00:00Z,-7.609444,112.595556,-0.0006873877719044685,-0.0012973801931366,0.0018357512308284
2025-07-06T09:00:00Z,-7.609444,112.595556,-0.0007516946643590927,-0.0012730044545605,0.0022509065456688
2025-07-06T12:00:00Z,-7.609444,112.595556,-0.0007330529624596238,-0.001306066988036,0.0026183652225881
2025-07-06T15:00:00Z,-7.609444,112.595556,-0.0006852744845673442,-0.0013633874477818,0.0027210630942136
2025-07-06T18:00:00Z,-7.609444,112.595556,-0.0005069980397820473,-0.0014858813956379,0.0026333790738135
2025-07-06T21:00:00Z,-7.609444,112.595556,-0.00031488988315686584,-0.0015600780025124,0.0022996170446276
2025-07-07T00:00:00Z,-7.609444,112.595556,-9.949465493264142e-06,-0.0015775740612298,0.0021882827859371
2025-07-07T03:00:00Z,-7.609444,112.595556,0.0001924998068716377,-0.0015788524178788,0.0019694177899509
2025-07-07T06:00:00Z,-7.609444,112.595556,0.0003408661868888885,-0.0016237412346526,0.0014749808469787
2025-07-07T09:00:00Z,-7.609444,112.595556,0.0005266853258945048,-0.0016260842094197,0.0009769417811185122
2025-07-07T12:00:00Z,-7.609444,112.595556,0.0007759031723253429,-0.0015114055713638,0.0008697279845364392
2025-07-07T15:00:00Z,-7.609444,112.595556,0.0009621387580409646,-0.001348263467662,0.0006221007206477225
2025-07-07T18:00:00Z,-7.609444,112.595556,0.0010961225489154,-0.0013619641540572,0.0003836315590888262
2025-07-07T21:00:00Z,-7.609444,112.595556,0.0010642067063599,-0.0015556650469079,0.0001995714264921844
2025-07-08T00:00:00Z,-7.609444,112.595556,0.0011749134864658,-0.0017561747226864,0.0003396637039259076
2025-07-08T03:00:00Z,-7.609444,112.595556,0.0011899974197149,-0.0019059638725593,0.0003596825117710978
2025-07-08T06:00:00Z,-7.609444,112.595556,0.001203640946187,-0.0019925476517528,4.522184099187143e-05
2025-07-08T09:00:00Z,-7.609444,112.595556,0.0012817154638469,-0.0020811199210584,-0.0004848680691793561
2025-07-08T12:00:00Z,-7.609444,112.595556,0.0014636354753747,-0.0020079787354916,-0.0009603197104297578
2025-07-08T15:00:00Z,-7.609444,112.595556,0.001594619359821,-0.0018543589394539,-0.0014412776799872
2025-07-08T18:00:00Z,-7.609444,112.595556,0.0015888141933828,-0.0017428834689781,-0.0015313614858314
2025-07-08T21:00:00Z,-7.609444,112.595556,0.0013228224124759,-0.0017588270129635,-0.0018799243262037
2025-07-09T00:00:00Z,-7.609444,112.595556,0.0010384493507444,-0.0018593620043247,-0.0021532562095671
2025-07-09T03:00:00Z,-7.609444,112.595556,0.0006691874004900455,-0.0019063334912061,-0.0022240448743104
2025-07-09T06:00:00Z,-7.609444,112.595556,0.0004171004984527826,-0.001901626586914,-0.0017948186723515
2025-07-09T09:00:00Z,-7.609444,112.595556,0.00014134414959698915,-0.0019310184288769,-0.0011431170860305
2025-07-09T12:00:00Z,-7.609444,112.595556,-1.4922756236046553e-05,-0.0020980709232389,-0.0004593419726006687
2025-07-09T15:00:00Z,-7.609444,112.595556,-7.665256271138787e-05,-0.0023677160497754,4.354124394012615e-05
2025-07-09T18:00:00Z,-7.609444,112.595556,-4.8757006879895926e-05,-0.0025056134909391,0.0007433128776028752
2025-07-09T21:00:00Z,-7.609444,112.595556,-0.00026460763183422387,-0.002511401195079,0.0012223785743117
2025-07-10T00:00:00Z,-7.609444,112.595556,-0.0004292811499908567,-0.0025815658736974,0.0013199555687606
2025-07-10T03:00:00Z,-7.609444,112.595556,-0.0005734546575695276,-0.0026322165504097,0.0011467885924503
2025-07-10T06:00:00Z,-7.609444,112.595556,-0.0008025587885640562,-0.0027546396013349,0.0009677698835730552
2025-07-10T09:00:00Z,-7.609444,112.595556,-0.0011255609570071,-0.0029686267953366,0.00087141920812428
2025-07-10T12:00:00Z,-7.609444,112.595556,-0.001504904590547,-0.0031487676315009,0.0010613172780722
2025-07-10T15:00:00Z,-7.609444,112.595556,-0.0019704801961779,-0.0032106204889714,0.0013253034558147
2025-07-10T18:00:00Z,-7.609444,112.595556,-0.002307737013325,-0.0031813906971365,0.0016188625013455
2025-07-10T21:00:00Z,-7.609444,112.595556,-0.0026044808328151,-0.0031278480309993,0.0016036563320085
2025-07-11T00:00:00Z,-7.609444,112.595556,-0.0027556477580219,-0.0030687781982123,0.0013878803001716
2025-07-11T03:00:00Z,-7.609444,112.595556,-0.0027755950577557,-0.0030428061727434,0.0007591480971314013
2025-07-11T06:00:00Z,-7.609444,112.595556,-0.0026359111070632,-0.0029635939281433,7.801425090292469e-05
2025-07-11T09:00:00Z,-7.609444,112.595556,-0.0025335897225886,-0.0028328499756753,-0.00031914515420794487
2025-07-11T12:00:00Z,-7.609444,112.595556,-0.002429510699585,-0.0026357194874435,-0.0006100503378547728
2025-07-11T15:00:00Z,-7.609444,112.595556,-0.0023943118285387,-0.0023351686540991,-0.0008042212575674057
2025-07-11T18:00:00Z,-7.609444,112.595556,-0.0022631846368312,-0.0022520704660564,-0.0008758560288697481
2025-07-11T21:00:00Z,-7.609444,112.595556,-0.0020763017237186,-0.0023376103490591,-0.0011267358204349
2025-07-12T00:00:00Z,-7.609444,112.595556,-0.0017550662159919,-0.0024049100466072,-0.0010085775284096
2025-07-12T03:00:00Z,-7.609444,112.595556,-0.0015560834435746,-0.0025966200046241,-0.0005409198929555714
2025-07-12T06:00:00Z,-7.609444,112.595556,-0.0013642717385664,-0.0029118433594703,-0.0008317850879393518
2025-07-12T09:00:00Z,-7.609444,112.595556,-0.0010530378203839,-0.0032177041284739,-0.0011911601759493
2025-07-12T12:00:00Z,-7.609444,112.595556,-0.0007823154446668923,-0.0033848795574158,-0.0015623943181708
2025-07-12T15:00:00Z,-7.609444,112.595556,-0.0004945721011608839,-0.0033749507274478,-0.0018893794622272
2025-07-12T18:00:00Z,-7.609444,112.595556,-0.00027717649936676025,-0.0033538383431732,-0.0022228704765439
2025-07-12T21:00:00Z,-7.609444,112.595556,-9.52894624788314e-05,-0.0034080704208463,-0.0025642754044383
2025-07-13T00:00:00Z,-7.609444,112.595556,0.00020891576423309743,-0.0033737642224878,-0.0027312468737363
2025-07-13T03:00:00Z,-7.609444,112.595556,0.00046508843661285937,-0.0032427087426185,-0.0028507958631962
2025-07-13T06:00:00Z,-7.609444,112.595556,0.0007057460607029498,-0.0030263608787208,-0.003118060529232
2025-07-13T09:00:00Z,-7.609444,112.595556,0.0009472084930166602,-0.0028247968293726,-0.0032136929221451
2025-07-13T12:00:00Z,-7.609444,112.595556,0.0013209459139034,-0.0026469971053302,-0.0030248819384723
2025-07-13T15:00:00Z,-7.609444,112.595556,0.0017118690302595,-0.0024402593262493,-0.0026664123870432
2025-07-13T18:00:00Z,-7.609444,112.595556,0.0020647768396884,-0.0022818322759121,-0.0025958965998142
2025-07-13T21:00:00Z,-7.609444,112.595556,0.0023359442129731,-0.0021326434798538,-0.0024935770779848
2025-07-14T00:00:00Z,-7.609444,112.595556,0.0027386585716158,-0.0021015226375311,-0.0023263422772288
2025-07-14T03:00:00Z,-7.609444,112.595556,0.0030082210432738,-0.00210562790744,-0.0022514320444315
2025-07-14T06:00:00Z,-7.609444,112.595556,0.0031319691333919,-0.0022058456670492,-0.0022841372992843
2025-07-14T09:00:00Z,-7.609444,112.595556,0.002980139106512,-0.0023096334189176,-0.0021675575990229
2025-07-14T12:00:00Z,-7.609444,112.595556,0.0026933620683848,-0.0023538118693977,-0.0017812186852097
2025-07-14T15:00:00Z,-7.609444,112.595556,0.0024616613518446,-0.0023984888102859,-0.0016884915530681
2025-07-14T18:00:00Z,-7.609444,112.595556,0.0022846690844744,-0.0024518412537872,-0.0015345251886174
2025-07-14T21:00:00Z,-7.609444,112.595556,0.0019847126677632,-0.0025881661567837,-0.0011125613236799
2025-07-15T00:00:00Z,-7.609444,112.595556,0.0015985345235094,-0.0028444873169064,-0.0007438770262524486
2025-07-15T03:00:00Z,-7.609444,112.595556,0.0011660171439871,-0.0031174409668892,-0.0005420991219580173
2025-07-15T06:00:00Z,-7.609444,112.595556,0.0008377672638744116,-0.0031981351785361,-0.00013961762306280434
2025-07-15T09:00:00Z,-7.609444,112.595556,0.0006594812148250639,-0.0030868253670632,0.00035769521491602063
2025-07-15T12:00:00Z,-7.609444,112.595556,0.0005392009043134749,-0.0029460203368216,0.000709694460965693
2025-07-15T15:00:00Z,-7.609444,112.595556,0.0004111937596462667,-0.0027690741699188,0.000758569105528295
2025-07-15T18:00:00Z,-7.609444,112.595556,0.0002927476307377219,-0.0026710885576903,0.0009954433189705014
2025-07-15T21:00:00Z,-7.609444,112.595556,0.0001025913516059518,-0.002492144703865,0.0015622226055711
2025-07-16T00:00:00Z,-7.609444,112.595556,-5.467154551297426e-05,-0.0023883513640612,0.0019612137693911
2025-07-16T03:00:00Z,-7.609444,112.595556,-0.0002112610818585381,-0.0023638801649212,0.0020619849674403
2025-07-16T06:00:00Z,-7.609444,112.595556,-0.00024371898325625807,-0.0024797862861305,0.0021300103981047
2025-07-16T09:00:00Z,-7.609444,112.595556,-0.0001626999001018703,-0.002763103460893,0.001979807857424
2025-07-16T12:00:00Z,-7.609444,112.595556,-5.415657869889401e-05,-0.0029785907827317,0.0019329761853441
2025-07-16T15:00:00Z,-7.609444,112.595556,-4.947961133439094e-05,-0.0031058869790285,0.001755105680786
2025-07-16T18:00:00Z,-7.609444,112.595556,0.00010021791240433232,-0.0031710155308246,0.0012297277571633
2025-07-16T21:00:00Z,-7.609444,112.595556,0.00024145006318576637,-0.0031996995676308,0.0007022914360277355
2025-07-17T00:00:00Z,-7.609444,112.595556,0.0004111175949219614,-0.0031151871662586,0.0003041821182705462
2025-07-17T03:00:00Z,-7.609444,112.595556,0.000375802832422778,-0.0028248380403965,0.0001804088387871161
2025-07-17T06:00:00Z,-7.609444,112.595556,0.0002529440098442137,-0.0026314985007047,0.00011238952720304952
2025-07-17T09:00:00Z,-7.609444,112.595556,0.0001848378306021914,-0.0025003729388117,3.938425652449951e-05
2025-07-17T12:00:00Z,-7.609444,112.595556,0.00029205629834905267,-0.002347958041355,0.0004623608256224543
2025-07-17T15:00:00Z,-7.609444,112.595556,0.00034712793421931565,-0.0020936101209372,0.0009599744225852193
2025-07-17T18:00:00Z,-7.609444,112.595556,0.0004139024531468749,-0.0018990128301084,0.0014060154790058
2025-07-17T21:00:00Z,-7.609444,112.595556,0.0005381650407798588,-0.0017066296422854,0.0015954157570376
2025-07-18T00:00:00Z,-7.609444,112.595556,0.0007692882791161537,-0.0016320076538249,0.0015153634594753
2025-07-18T03:00:00Z,-7.609444,112.595556,0.0007812015828676522,-0.0016224201535806,0.0014409624272957
2025-07-18T06:00:00Z,-7.609444,112.595556,0.0007189827738329768,-0.0017177843255922,0.0015034512616693
2025-07-18T09:00:00Z,-7.609444,112.595556,0.0005226581124588847,-0.0018612836720421,0.0013764625182375
2025-07-18T12:00:00Z,-7.609444,112.595556,0.0003615864843595773,-0.0020294140558689,0.0012136455625295
2025-07-18T15:00:00Z,-7.609444,112.595556,0.00014511277549900117,-0.002103526610881,0.0014088632306084
2025-07-18T18:00:00Z,-7.609444,112.595556,-0.00013071528519503772,-0.0021110293455421,0.0019707726314663
2025-07-18T21:00:00Z,-7.609444,112.595556,-0.0005163565510883927,-0.0021781250834465,0.0023989635519683
2025-07-19T00:00:00Z,-7.609444,112.595556,-0.0007570193847641349,-0.002300614491105,0.002958204364404
2025-07-19T03:00:00Z,-7.609444,112.595556,-0.0010917703621089,-0.002459101146087,0.003322266973555
2025-07-19T06:00:00Z,-7.609444,112.595556,-0.0013918181648477,-0.0025580707006156,0.0036101033911108
2025-07-19T09:00:00Z,-7.609444,112.595556,-0.0016355481930077,-0.0026047627907246,0.0037207319401204
2025-07-19T12:00:00Z,-7.609444,112.595556,-0.0019061479251831,-0.0027014350052922,0.0040059778839349
2025-07-19T15:00:00Z,-7.609444,112.595556,-0.0021968968212604,-0.0027738553471863,0.004372464492917
2025-07-19T18:00:00Z,-7.609444,112.595556,-0.0025137525517493,-0.0028784177266061,0.0045975088141858
2025-07-19T21:00:00Z,-7.609444,112.595556,-0.002820405177772,-0.0029939063824713,0.0045027323067188
2025-07-20T00:00:00Z,-7.609444,112.595556,-0.0028704956639558,-0.0031064874492585,0.0044173523783683
2025-07-20T03:00:00Z,-7.609444,112.595556,-0.002908315975219,-0.0030670766718685,0.0042739901691675
2025-07-20T06:00:00Z,-7.609444,112.595556,-0.0027843590360134,-0.0028488526586443,0.0037946398369967
2025-07-20T09:00:00Z,-7.609444,112.595556,-0.0025620446540415,-0.0025763544254004,0.0032954327762126
2025-07-20T12:00:00Z,-7.609444,112.595556,-0.0023148471955209,-0.0023513082414865,0.0032176789827644
2025-07-20T15:00:00Z,-7.609444,112.595556,-0.0021018278785049,-0.0022252351045608,0.0028644877020269
2025-07-20T18:00:00Z,-7.609444,112.595556,-0.0018758038058876,-0.0021259456407278,0.002510899445042
2025-07-20T21:00:00Z,-7.609444,112.595556,-0.0017073703929781,-0.0021025359164923,0.0019761782605201
2025-07-21T00:00:00Z,-7.609444,112.595556,-0.0014822840457782,-0.0021218147594481,0.0016911003040149
2025-07-21T03:00:00Z,-7.609444,112.595556,-0.0012401380809023,-0.002096883021295,0.001555728027597
2025-07-21T06:00:00Z,-7.609444,112.595556,-0.0008070293697528541,-0.0019317880505695,0.0012039832072332
2025-07-21T09:00:00Z,-7.609444,112.595556,-0.00035935238702222705,-0.0018484169850125,0.0005349528510123491
2025-07-21T12:00:00Z,-7.609444,112.595556,4.0466526115778834e-05,-0.0018461339641362,0.00042775567271746695
2025-07-21T15:00:00Z,-7.609444,112.595556,0.0003858507552649826,-0.0018266782863065,0.0002542272850405425
2025-07-21T18:00:00Z,-7.609444,112.595556,0.0006749697495251894,-0.0017139642732217,0.00011549540067790076
2025-07-21T21:00:00Z,-7.609444,112.595556,0.000976903480477631,-0.0015333270421251,-3.505374843371101e-05
2025-07-22T00:00:00Z,-7.609444,112.595556,0.0013588732108473,-0.0014038671506568,0.00023772315762471408
2025-07-22T03:00:00Z,-7.609444,112.595556,0.0017080308170989,-0.0014235274866223,0.00035295294946990907
2025-07-22T06:00:00Z,-7.609444,112.595556,0.0020201995503157,-0.0014213441172614,0.0005699103348888457
2025-07-22T09:00:00Z,-7.609444,112.595556,0.0021986309438943,-0.0014088319148868,0.0005704981158487499
2025-07-22T12:00:00Z,-7.609444,112.595556,0.0023379775229841,-0.0013900127960368,0.0008578721899539232
2025-07-22T15:00:00Z,-7.609444,112.595556,0.0024498794227838,-0.0013269275659695,0.0011378646595403
2025-07-22T18:00:00Z,-7.609444,112.595556,0.0026530125178396,-0.0012169061228632,0.0014068726450204
2025-07-22T21:00:00Z,-7.609444,112.595556,0.0028090607374906,-0.0012026787735521,0.001697119208984
2025-07-23T00:00:00Z,-7.609444,112.595556,0.0029026789125055,-0.0013471242273226,0.0020658150315284
2025-07-23T03:00:00Z,-7.609444,112.595556,0.0029316146392375,-0.0015162067720666,0.0022132222075015
2025-07-23T06:00:00Z,-7.609444,112.595556,0.0029884385876357,-0.0015894619282335,0.0025311091449111
2025-07-23T09:00:00Z,-7.609444,112.595556,0.0029742242768406,-0.0016537805786356,0.0025938230101019
2025-07-23T12:00:00Z,-7.609444,112.595556,0.0029429499991238,-0.0016720868879929,0.0026719176676124
2025-07-23T15:00:00Z,-7.609444,112.595556,0.002874243305996,-0.0016166436253115,0.0028431732207536
2025-07-23T18:00:00Z,-7.609444,112.595556,0.002720350632444,-0.0016309320926666,0.0029533028136938
2025-07-23T21:00:00Z,-7.609444,112.595556,0.0024785867426544,-0.001767746405676,0.0027432385832071
2025-07-24T00:00:00Z,-7.609444,112.595556,0.0022918067406862,-0.0019212069455534,0.0027694760356098
2025-07-24T03:00:00Z,-7.609444,112.595556,0.0019396463176235,-0.0020697307772934,0.0027525296900421
2025-07-24T06:00:00Z,-7.609444,112.595556,0.001603914424777,-0.0021758957300335,0.0027968529611825
2025-07-24T09:00:00Z,-7.609444,112.595556,0.0013134037144482,-0.0022375446278601,0.0025193078909069
2025-07-24T12:00:00Z,-7.609444,112.595556,0.0010855155996978,-0.0022379732690751,0.0022346023470163
2025-07-24T15:00:00Z,-7.609444,112.595556,0.0008668774971738458,-0.0021095729898661,0.0020015214104205
2025-07-24T18:00:00Z,-7.609444,112.595556,0.0005379854701459408,-0.0020133825019001,0.001762151136063
2025-07-24T21:00:00Z,-7.609444,112.595556,0.00016665132716298103,-0.0020264608319848,0.001272830995731
2025-07-25T00:00:00Z,-7.609444,112.595556,5.2293991757323965e-05,-0.0020459946244955,0.0009369218605570496
2025-07-25T03:00:00Z,-7.609444,112.595556,-0.0001858387404354289,-0.0020240014418959,0.000769275997299701
2025-07-25T06:00:00Z,-7.609444,112.595556,-0.00043470077798701823,-0.0020618843846023,0.0005954595399089158
2025-07-25T09:00:00Z,-7.609444,112.595556,-0.0006034985417500138,-0.0019913732539862,0.00030837583472020924
2025-07-25T12:00:00Z,-7.609444,112.595556,-0.0006738583324477077,-0.001813945826143,0.00032594052026979625
2025-07-25T15:00:00Z,-7.609444,112.595556,-0.0006702110404148698,-0.0017038714140653,0.0002496879023965448
2025-07-25T18:00:00Z,-7.609444,112.595556,-0.0006788850296288729,-0.0016806616913527,0.00012272156891413033
2025-07-25T21:00:00Z,-7.609444,112.595556,-0.0006448370986618102,-0.0016242880374193,2.39084165514214e-05
2025-07-26T00:00:00Z,-7.609444,112.595556,-0.0004491425352171064,-0.0015425629680976,1.5966241335263476e-05
2025-07-26T03:00:00Z,-7.609444,112.595556,-0.0002632128889672458,-0.0014361450448632,0.0003136193554382771
2025-07-26T06:00:00Z,-7.609444,112.595556,-9.64699574979022e-05,-0.0013537949416786,0.0005141712608747184
2025-07-26T09:00:00Z,-7.609444,112.595556,-1.1529898529261118e-06,-0.0013362691970542,0.0002094108785968274
2025-07-26T12:00:00Z,-7.609444,112.595556,0.00010514125460758804,-0.0014017121866345,0.00024680880596861243
2025-07-26T15:00:00Z,-7.609444,112.595556,0.0002144933387171477,-0.0014066743897274,0.000462688592961058
2025-07-26T18:00:00Z,-7.609444,112.595556,0.00030721421353518963,-0.0014819595962762,0.0009312466718256474
2025-07-26T21:00:00Z,-7.609444,112.595556,0.00031632286845706403,-0.0015118408482521,0.0014367384137585
2025-07-27T00:00:00Z,-7.609444,112.595556,0.000504114490468055,-0.0014305905206128,0.0019104951061308
2025-07-27T03:00:00Z,-7.609444,112.595556,0.0006405991152860224,-0.001342536881566,0.0022309334017336
2025-07-27T06:00:00Z,-7.609444,112.595556,0.0007888537948019803,-0.0013586099958047,0.0022320761345326
2025-07-27T09:00:00Z,-7.609444,112.595556,0.0008786797407083213,-0.0013774699764326,0.0019459697650745
2025-07-27T12:00:00Z,-7.609444,112.595556,0.0009825865272432566,-0.0013213470811024,0.0017485859571024
2025-07-27T15:00:00Z,-7.609444,112.595556,0.0010770806111395,-0.0013352922396734,0.0017120199045166
2025-07-27T18:00:00Z,-7.609444,112.595556,0.0011750437552109,-0.0015426208265125,0.0016386976931244
2025-07-27T21:00:00Z,-7.609444,112.595556,0.0011337371543049,-0.0017277691513299,0.0016662060515955
2025-07-28T00:00:00Z,-7.609444,112.595556,0.0010382165201008,-0.0018642403883859,0.0017066369764506
2025-07-28T03:00:00Z,-7.609444,112.595556,0.0009223772794939578,-0.0019581320229917,0.0015107849612832
2025-07-28T06:00:00Z,-7.609444,112.595556,0.000904636806808412,-0.002028961898759,0.0012018418638035
2025-07-28T09:00:00Z,-7.609444,112.595556,0.0008333054138347507,-0.0021466920152306,0.0008154448005370796
2025-07-28T12:00:00Z,-7.609444,112.595556,0.0006914710975252092,-0.0022862942423671,0.00043126638047397137
2025-07-28T15:00:00Z,-7.609444,112.595556,0.0006604272057302296,-0.0023768993560224,2.4302773454110135e-05
2025-07-28T18:00:00Z,-7.609444,112.595556,0.0007537949131801724,-0.0025526953395456,-0.0004386613727547228
2025-07-28T21:00:00Z,-7.609444,112.595556,0.0007550548762083054,-0.0025928991381078,-0.0007125965203158557
2025-07-29T00:00:00Z,-7.609444,112.595556,0.0006262636161409318,-0.0024646678939461,-0.0008878404041752219
2025-07-29T03:00:00Z,-7.609444,112.595556,0.0003610667772591114,-0.0022775549441576,-0.0012650017160922
2025-07-29T06:00:00Z,-7.609444,112.595556,0.0002594805264379829,-0.0020954376086592,-0.0015380248660221
2025-07-29T09:00:00Z,-7.609444,112.595556,0.00023669115034863355,-0.0019359457073733,-0.0016976736951619
2025-07-29T12:00:00Z,-7.609444,112.595556,0.00018287679995410144,-0.0017073961207643,-0.0016317353583872
2025-07-29T15:00:00Z,-7.609444,112.595556,0.00011936025111936031,-0.0014968286268413,-0.0013758684508502
2025-07-29T18:00:00Z,-7.609444,112.595556,0.000139319701702334,-0.0013802268076688,-0.0011720380280166
2025-07-29T21:00:00Z,-7.609444,112.595556,0.000141921904287301,-0.0012708171270787,-0.0011776167666539
2025-07-30T00:00:00Z,-7.609444,112.595556,0.00016496601165272295,-0.001172779360786,-0.0012575787259265
2025-07-30T03:00:00Z,-7.609444,112.595556,2.6384748707641847e-05,-0.0011562947183847,-0.001270315144211
2025-07-30T06:00:00Z,-7.609444,112.595556,4.271626676199958e-05,-0.001245068735443,-0.0013926901156082
2025-07-30T09:00:00Z,-7.609444,112.595556,0.00023393603623844683,-0.0012969680828973,-0.0014821478398516
2025-07-30T12:00:00Z,-7.609444,112.595556,0.0003788709291256964,-0.0012761424295604,-0.0013030086411163
2025-07-30T15:00:00Z,-7.609444,112.595556,0.0004363050102256239,-0.0012440891005098,-0.000992901506833732
2025-07-30T18:00:00Z,-7.609444,112.595556,0.0005614599795080721,-0.0011646965285763,-0.0006815750966779888
2025-07-30T21:00:00Z,-7.609444,112.595556,0.0006480718147940934,-0.0010435548610985,-0.0005832308088429272
2025-07-31T00:00:00Z,-7.609444,112.595556,0.0007051253342069685,-0.0009265307453460992,-6.685932748951018e-05
2025-07-31T03:00:00Z,-7.609444,112.595556,0.0005828514113090932,-0.0009818649850785732,0.0005441236426122487
2025-07-31T06:00:00Z,-7.609444,112.595556,0.00048416631761938334,-0.0011073739733546,0.0008559928392060101
2025-07-31T09:00:00Z,-7.609444,112.595556,0.0004928422276861966,-0.001217590062879,0.0010798801667988
2025-07-31T12:00:00Z,-7.609444,112.595556,0.000460119015770033,-0.0013006324879825,0.0015768619487062
2025-07-31T15:00:00Z,-7.609444,112.595556,0.0003534503048285842,-0.001297733047977,0.0020363188814371
2025-07-31T18:00:00Z,-7.609444,112.595556,0.00023752184642944485,-0.0012944996124133,0.0021502531599253
2025-07-31T21:00:00Z,-7.609444,112.595556,2.3073616830515675e-05,-0.0012408945476636,0.0017830290598794
2025-08-01T00:00:00Z,-7.609444,112.595556,-0.00014871412713546306,-0.0012027574703097,0.0016146601410582
2025-08-01T03:00:00Z,-7.609444,112.595556,-0.00033956789411604404,-0.0012689048890024,0.0014773322036489
2025-08-01T06:00:00Z,-7.609444,112.595556,-0.0005086841410957277,-0.0013479907065629,0.0012641247594729
2025-08-01T09:00:00Z,-7.609444,112.595556,-0.0007354158442467451,-0.0014160381397232,0.0010959064820781
2025-08-01T12:00:00Z,-7.609444,112.595556,-0.0010643025161698,-0.0012929430231451,0.0013645598664879
2025-08-01T15:00:00Z,-7.609444,112.595556,-0.0013300260761752,-0.001139995525591,0.0016975828912109
2025-08-01T18:00:00Z,-7.609444,112.595556,-0.0015374119393527,-0.0011841615196317,0.0016410729149356
2025-08-01T21:00:00Z,-7.609444,112.595556,-0.0018499749712646,-0.0012463218299672,0.0017496020300313
2025-08-02T00:00:00Z,-7.609444,112.595556,-0.0022209309972822,-0.001303763128817,0.0020037279464304
2025-08-02T03:00:00Z,-7.609444,112.595556,-0.0024625009391456,-0.0013789340155199,0.0022477835882455
2025-08-02T06:00:00Z,-7.609444,112.595556,-0.0025904541835188,-0.0015344596467912,0.0023819783236831
2025-08-02T09:00:00Z,-7.609444,112.595556,-0.0028162677772343,-0.0017246331553906,0.0022584355901926
2025-08-02T12:00:00Z,-7.609444,112.595556,-0.0030861520208418,-0.001871662447229,0.0021897400729358
2025-08-02T15:00:00Z,-7.609444,112.595556,-0.0032170612830668,-0.0018955681007355,0.0017063504783436
2025-08-02T18:00:00Z,-7.609444,112.595556,-0.0032162270508706,-0.0019903783686459,0.0013434319989755
2025-08-02T21:00:00Z,-7.609444,112.595556,-0.0033837484661489,-0.0019434380810707,0.0012820679694414
2025-08-03T00:00:00Z,-7.609444,112.595556,-0.0035364022478461,-0.0016814046539366,0.0014235016424208
2025-08-03T03:00:00Z,-7.609444,112.595556,-0.0036587517242878,-0.0014968790346756,0.0011639888398349
2025-08-03T06:00:00Z,-7.609444,112.595556,-0.003564114216715,-0.0013961280928924,0.0006454300601035357
2025-08-03T09:00:00Z,-7.609444,112.595556,-0.0034159065689891,-0.0013539496576413,0.0002315787132829428
2025-08-03T12:00:00Z,-7.609444,112.595556,-0.0032877102494239,-0.0012891489313915,-2.6980565962730907e-05
2025-08-03T15:00:00Z,-7.609444,112.595556,-0.0031860955059528,-0.0013106564292684,-0.0003675745392683893
2025-08-03T18:00:00Z,-7.609444,112.595556,-0.0029707639478147,-0.0014185468899086,-0.00041251580114476383
2025-08-03T21:00:00Z,-7.609444,112.595556,-0.002758156042546,-0.0013370572123676,-5.361720104701817e-05
2025-08-04T00:00:00Z,-7.609444,112.595556,-0.002437578048557,-0.0013197724474593,0.00010900171037064864
2025-08-04T03:00:00Z,-7.609444,112.595556,-0.0021799807436764,-0.0014830197906121,-0.00034871968091465533
2025-08-04T06:00:00Z,-7.609444,112.595556,-0.0018270916771143,-0.0016446629306301,-0.000762671057600528
2025-08-04T09:00:00Z,-7.609444,112.595556,-0.001534663257189,-0.0016688517061993,-0.0009095819550566376
2025-08-04T12:00:00Z,-7.609444,112.595556,-0.0013220639666542,-0.0017789382254704,-0.0006545388605445623
2025-08-04T15:00:00Z,-7.609444,112.595556,-0.0012093514669686,-0.0020820603240281,-0.00041955726919695735
2025-08-04T18:00:00Z,-7.609444,112.595556,-0.0010802600299939,-0.0023787785321474,4.575428465614095e-05
2025-08-04T21:00:00Z,-7.609444,112.595556,-0.0009304001578129828,-0.0025402521714568,0.000746827747207135
2025-08-05T00:00:00Z,-7.609444,112.595556,-0.0007062026998028159,-0.002739384304732,0.0016400035237893
2025-08-05T03:00:00Z,-7.609444,112.595556,-0.0006512905238196254,-0.0029173945076763,0.0023690350353717
2025-08-05T06:00:00Z,-7.609444,112.595556,-0.0004976122872903943,-0.0030875825323164,0.0027538330759853
2025-08-05T09:00:00Z,-7.609444,112.595556,-0.0003799180849455297,-0.0032647219486534,0.0030167833901941
2025-08-05T12:00:00Z,-7.609444,112.595556,-0.00031653852784074843,-0.0033467097673565,0.0034942917991429
2025-08-05T15:00:00Z,-7.609444,112.595556,-0.00022847045329399407,-0.0034004563931375,0.003754056058824
2025-08-05T18:00:00Z,-7.609444,112.595556,-0.0001715404068818316,-0.0035071012098342,0.0040291934274137
2025-08-05T21:00:00Z,-7.609444,112.595556,-0.000313008320517838,-0.0035930613521486,0.003995815757662
2025-08-06T00:00:00Z,-7.609444,112.595556,-0.0005707346135750413,-0.0037078338209539,0.003945515025407
2025-08-06T03:00:00Z,-7.609444,112.595556,-0.0010013352148234,-0.003803662257269,0.0039478675462305
2025-08-06T06:00:00Z,-7.609444,112.595556,-0.0013684130972251,-0.0039676236920058,0.0038398869801312
2025-08-06T09:00:00Z,-7.609444,112.595556,-0.00178067618981,-0.0041941995732486,0.0031695864163339
2025-08-06T12:00:00Z,-7.609444,112.595556,-0.0020132816862314,-0.0042493101209402,0.0025943582877516
2025-08-06T15:00:00Z,-7.609444,112.595556,-0.0020961908157914,-0.0041097193025052,0.0019726397003978
2025-08-06T18:00:00Z,-7.609444,112.595556,-0.002129801781848,-0.0040496354922652,0.0013506049290299
2025-08-06T21:00:00Z,-7.609444,112.595556,-0.0022468098904937,-0.0039742304943501,0.0005064482102170587
2025-08-07T00:00:00Z,-7.609444,112.595556,-0.0023089530877768,-0.0038340864703059,8.141650323523208e-05
2025-08-07T03:00:00Z,-7.609444,112.595556,-0.0025341329164803,-0.0036525216419249,0.000133069945150055
2025-08-07T06:00:00Z,-7.609444,112.595556,-0.0028516736347228,-0.0034691139589995,0.00012497395800892264
2025-08-07T09:00:00Z,-7.609444,112.595556,-0.003195087891072,-0.0034801666624844,-0.0004514935426414013
2025-08-07T12:00:00Z,-7.609444,112.595556,-0.0033989828079938,-0.0034008473157882,-0.00048127639456652105
2025-08-07T15:00:00Z,-7.609444,112.595556,-0.0035615165252238,-0.0032465113326907,-0.0003082760376855731
2025-08-07T18:00:00Z,-7.609444,112.595556,-0.0036548720672726,-0.0031585262622684,-0.00014290088438428938
2025-08-07T21:00:00Z,-7.609444,112.595556,-0.0036488480400294,-0.0031662650872021,-0.0003955478605348617
2025-08-08T00:00:00Z,-7.609444,112.595556,-0.0032307114452123,-0.003167865332216,-0.0006067219073884189
2025-08-08T03:00:00Z,-7.609444,112.595556,-0.0028396332636475,-0.0031177231576293,-0.0009403464500792323
2025-08-08T06:00:00Z,-7.609444,112.595556,-0.0024286068510264,-0.0029901205562055,-0.0013009121175855
2025-08-08T09:00:00Z,-7.609444,112.595556,-0.002040549647063,-0.0027848514728248,-0.001790496520698
2025-08-08T12:00:00Z,-7.609444,112.595556,-0.0016177259385585,-0.0025063178036361,-0.0020344066433608
2025-08-08T15:00:00Z,-7.609444,112.595556,-0.0010640134569257,-0.0021426307503134,-0.0021835546940565
2025-08-08T18:00:00Z,-7.609444,112.595556,-0.0005564003949984908,-0.0018959598382934,-0.0019044548971578
2025-08-08T21:00:00Z,-7.609444,112.595556,-0.00017621020379010588,-0.0017883180407807,-0.0014324416406452
2025-08-09T00:00:00Z,-7.609444,112.595556,0.0002598341670818627,-0.0018014700617641,-0.0007144031696952879
2025-08-09T03:00:00Z,-7.609444,112.595556,0.0006245493423193693,-0.0018726903945207,-5.5902477470226586e-05
2025-08-09T06:00:00Z,-7.609444,112.595556,0.0009552054689265788,-0.0019085577223449,0.00044422445353120565
2025-08-09T09:00:00Z,-7.609444,112.595556,0.0012381094275042,-0.0019342191517353,0.0005333850276656449
2025-08-09T12:00:00Z,-7.609444,112.595556,0.0016752023948356,-0.0018955535488203,0.0004206022131256759
2025-08-09T15:00:00Z,-7.609444,112.595556,0.0021313789766281,-0.0017103247810155,0.00034482861519791186
2025-08-09T18:00:00Z,-7.609444,112.595556,0.0024365114513784,-0.0015444929013028,0.0004663518047891557
2025-08-09T21:00:00Z,-7.609444,112.595556,0.0025422316975891,-0.0014678356237709,0.0006161354831419885
2025-08-10T00:00:00Z,-7.609444,112.595556,0.0026382419746369,-0.0016329302452504,0.0008479788666591048
2025-08-10T03:00:00Z,-7.609444,112.595556,0.0026378682814538,-0.0018465499160811,0.0011041157413274
2025-08-10T06:00:00Z,-7.609444,112.595556,0.0025540012866258,-0.0020623637828975,0.001444112509489
2025-08-10T09:00:00Z,-7.609444,112.595556,0.0023189294151961,-0.0022705607116222,0.0018093539401888
2025-08-10T12:00:00Z,-7.609444,112.595556,0.002131926594302,-0.0024327088613063,0.0021181683987379
2025-08-10T15:00:00Z,-7.609444,112.595556,0.0020520489197224,-0.0024728160351514,0.0021556641440838
2025-08-10T18:00:00Z,-7.609444,112.595556,0.0019174683839082,-0.0024779671803116,0.0018823449499905
2025-08-10T21:00:00Z,-7.609444,112.595556,0.0017119761323556,-0.0023933078628033,0.0017319067846983
2025-08-11T00:00:00Z,-7.609444,112.595556,0.0014407088747248,-0.0022629413288086,0.0015999074093997
2025-08-11T03:00:00Z,-7.609444,112.595556,0.0009237747290171684,-0.0022003729827702,0.0013108983403071
2025-08-11T06:00:00Z,-7.609444,112.595556,0.0003693530452437699,-0.0022095320746302,0.000795826141256839
2025-08-11T09:00:00Z,-7.609444,112.595556,-0.00016517494805157185,-0.0022762841545045,0.00012772130139637738
2025-08-11T12:00:00Z,-7.609444,112.595556,-0.0006097469595260918,-0.0022397513967007,-0.0003329571627546102
2025-08-11T15:00:00Z,-7.609444,112.595556,-0.0009663436794653536,-0.0020337202586233,-0.0005002645193599164
2025-08-11T18:00:00Z,-7.609444,112.595556,-0.0012584383366629,-0.001945677679032,-0.0003185895911883563
2025-08-11T21:00:00Z,-7.609444,112.595556,-0.0015494901454076,-0.0018637512112036,4.107176937395707e-05
2025-08-12T00:00:00Z,-7.609444,112.595556,-0.0016699095722287,-0.0017989892512559,0.0003200663195457309
2025-08-12T03:00:00Z,-7.609444,112.595556,-0.0020203469321131,-0.0017733495915308,0.0005784154054708779
2025-08-12T06:00:00Z,-7.609444,112.595556,-0.0023368876427412,-0.0018101716414093,0.0007774459081701934
2025-08-12T09:00:00Z,-7.609444,112.595556,-0.0024869041517376,-0.0017936576623469,0.0008900361717678607
2025-08-12T12:00:00Z,-7.609444,112.595556,-0.0025269258767366,-0.0018427153117954,0.0008909969474188983
2025-08-12T15:00:00Z,-7.609444,112.595556,-0.002568086143583,-0.0018687465926632,0.001138134393841
2025-08-12T18:00:00Z,-7.609444,112.595556,-0.0026120021939277,-0.0020097743254154,0.001679232227616
2025-08-12T21:00:00Z,-7.609444,112.595556,-0.0026650323998183,-0.0021491958759725,0.0021167437080293
2025-08-13T00:00:00Z,-7.609444,112.595556,-0.0024731322191655,-0.0022174147889018,0.0025243402924388
2025-08-13T03:00:00Z,-7.609444,112.595556,-0.0022881785407662,-0.0021935028489679,0.003003794234246
2025-08-13T06:00:00Z,-7.609444,112.595556,-0.0020790784619748,-0.0021846070885658,0.0032948225270956
2025-08-13T09:00:00Z,-7.609444,112.595556,-0.0016706945607438,-0.0021617677994072,0.0030913250520825
2025-08-13T12:00:00Z,-7.609444,112.595556,-0.0010383502813056,-0.0020948341116309,0.0026011590380221
2025-08-13T15:00:00Z,-7.609444,112.595556,-0.0004168418818153441,-0.0018827531021088,0.0021463001612573
2025-08-13T18:00:00Z,-7.609444,112.595556,5.426461939350702e-06,-0.0016580823576077,0.0018007653998211
2025-08-13T21:00:00Z,-7.609444,112.595556,0.0001858826435636729,-0.0015125969657674,0.0013772575184702
2025-08-14T00:00:00Z,-7.609444,112.595556,0.0003987136296927929,-0.0015466617187485,0.000967449275776744
2025-08-14T03:00:00Z,-7.609444,112.595556,0.000526757852640003,-0.0016324174357578,0.0006137800519354641
2025-08-14T06:00:00Z,-7.609444,112.595556,0.0006296859355643392,-0.0016680157277733,0.0005248573725111783
2025-08-14T09:00:00Z,-7.609444,112.595556,0.0006050764350220561,-0.0016958904452621,0.0005172404344193637
2025-08-14T12:00:00Z,-7.609444,112.595556,0.0006200550124049187,-0.0016726086614653,0.0005529262125492096
2025-08-14T15:00:00Z,-7.609444,112.595556,0.0006983046769164503,-0.0014870032900944,0.0007013336289674044
2025-08-14T18:00:00Z,-7.609444,112.595556,0.0007025343365967274,-0.0013810618547722,0.0010571413440629
2025-08-14T21:00:00Z,-7.609444,112.595556,0.0005978586850687861,-0.0012766511645168,0.0013386800419539
2025-08-15T00:00:00Z,-7.609444,112.595556,0.0006212187581695616,-0.0012006503529846,0.0016717514954507
2025-08-15T03:00:00Z,-7.609444,112.595556,0.00042242524796165526,-0.0012299179797992,0.0018869843333959
2025-08-15T06:00:00Z,-7.609444,112.595556,0.00022049195831641555,-0.0012849532067775,0.0019099876517429
2025-08-15T09:00:00Z,-7.609444,112.595556,-0.00016097642946988344,-0.0012765398714691,0.0017466789577156
2025-08-15T12:00:00Z,-7.609444,112.595556,-0.0006322868284769356,-0.001417226740159,0.0018456566613167
2025-08-15T15:00:00Z,-7.609444,112.595556,-0.0011736209271475,-0.0015305457636713,0.0021561577450484
2025-08-15T18:00:00Z,-7.609444,112.595556,-0.0015351626789197,-0.0017329207621514,0.0025784976314753
2025-08-15T21:00:00Z,-7.609444,112.595556,-0.0017738775350153,-0.0020409529097378,0.0027834419161081
2025-08-16T00:00:00Z,-7.609444,112.595556,-0.0017828171839937,-0.0023298903834074,0.002995888935402
2025-08-16T03:00:00Z,-7.609444,112.595556,-0.00180598301813,-0.0024832631461322,0.0029949175659567
2025-08-16T06:00:00Z,-7.609444,112.595556,-0.0017421534284949,-0.0024075603578239,0.0026459190994501
2025-08-16T09:00:00Z,-7.609444,112.595556,-0.0018114453414455,-0.0023627441842108,0.0019273122306913
2025-08-16T12:00:00Z,-7.609444,112.595556,-0.0018606843659654,-0.0024010622873902,0.000932539871428162
2025-08-16T15:00:00Z,-7.609444,112.595556,-0.0018862566212192,-0.0024263258092105,-8.688079105922952e-05
2025-08-16T18:00:00Z,-7.609444,112.595556,-0.0019383332692086,-0.0026624286547303,-0.0009255777695216238
2025-08-16T21:00:00Z,-7.609444,112.595556,-0.0020641318988054,-0.0029153598006814,-0.0016684064175933
2025-08-17T00:00:00Z,-7.609444,112.595556,-0.002102714497596,-0.0031617833301424,-0.0019406744977459
2025-08-17T03:00:00Z,-7.609444,112.595556,-0.0022065159864723,-0.0033090650103986,-0.0022383583709597
2025-08-17T06:00:00Z,-7.609444,112.595556,-0.0022177242208272,-0.0034060112666338,-0.0023688634391874
2025-08-17T09:00:00Z,-7.609444,112.595556,-0.0022084298543632,-0.003536649281159,-0.0026853373274207
2025-08-17T12:00:00Z,-7.609444,112.595556,-0.0020551336929202,-0.0036230955738574,-0.0028643491677939
2025-08-17T15:00:00Z,-7.609444,112.595556,-0.0018846074817702,-0.0034517475869506,-0.003014744259417
2025-08-17T18:00:00Z,-7.609444,112.595556,-0.0016196533106267,-0.0032200652640312,-0.0031542037613689
2025-08-17T21:00:00Z,-7.609444,112.595556,-0.0013645112048834,-0.0029578702524304,-0.0034041905310004
2025-08-18T00:00:00Z,-7.609444,112.595556,-0.0009782714769244194,-0.0027092858217656,-0.0034217904321849
2025-08-18T03:00:00Z,-7.609444,112.595556,-0.0008533657528460026,-0.002370856469497,-0.0031141464132815
2025-08-18T06:00:00Z,-7.609444,112.595556,-0.0008452415349893272,-0.0021258003544062,-0.0027475773822516
2025-08-18T09:00:00Z,-7.609444,112.595556,-0.0008991112699732184,-0.0021231744904071,-0.0025455756112933
2025-08-18T12:00:00Z,-7.609444,112.595556,-0.0008397970232181251,-0.002102171536535,-0.0021883803419768
2025-08-18T15:00:00Z,-7.609444,112.595556,-0.0007251393399201334,-0.0018367867451161,-0.0018259075004607
2025-08-18T18:00:00Z,-7.609444,112.595556,-0.0006430070498026907,-0.0015784663846716,-0.001809683162719
2025-08-18T21:00:00Z,-7.609444,112.595556,-0.0005850378074683249,-0.0013823098270222,-0.001833931193687
2025-08-19T00:00:00Z,-7.609444,112.595556,-0.0003411111538298428,-0.001144386944361,-0.0013741822913289
2025-08-19T03:00:00Z,-7.609444,112.595556,-0.0003327922604512424,-0.0009225169196724892,-0.000822331930976361
2025-08-19T06:00:00Z,-7.609444,112.595556,-0.0005279320175759494,-0.0008418860379606485,-0.00051050481852144
2025-08-19T09:00:00Z,-7.609444,112.595556,-0.0007185646682046354,-0.0008112989016808569,-0.0005219205049797893
2025-08-19T12:00:00Z,-7.609444,112.595556,-0.000952215341385454,-0.0006942889303900301,-0.00041665014578029513
2025-08-19T15:00:00Z,-7.609444,112.595556,-0.0011400770163163,-0.0005339536583051085,-0.00020324738579802212
2025-08-19T18:00:00Z,-7.609444,112.595556,-0.001372696715407,-0.0004266492032911629,0.0002008754381677136
2025-08-19T21:00:00Z,-7.609444,112.595556,-0.0017353462753817,-0.0005868096486665308,0.0006820185226388276
2025-08-20T00:00:00Z,-7.609444,112.595556,-0.0019472036510705,-0.0007851420668885112,0.0012021183501929
2025-08-20T03:00:00Z,-7.609444,112.595556,-0.0020482908003032,-0.0008073911303654313,0.00142525753472
2025-08-20T06:00:00Z,-7.609444,112.595556,-0.0020247676875442,-0.0008415828342549503,0.0013864251086488
2025-08-20T09:00:00Z,-7.609444,112.595556,-0.0020452749449759,-0.0008536038803867996,0.0012564868666231
2025-08-20T12:00:00Z,-7.609444,112.595556,-0.0021247582044452,-0.0008328139083459973,0.0012659337371587
2025-08-20T15:00:00Z,-7.609444,112.595556,-0.0022871869150549,-0.000917063793167472,0.0009283620747737586
2025-08-20T18:00:00Z,-7.609444,112.595556,-0.0023029106669127,-0.0008704634383320808,0.0007444551447406411
2025-08-20T21:00:00Z,-7.609444,112.595556,-0.0022982615046203,-0.0007633703062310815,0.0007591464091092348
2025-08-21T00:00:00Z,-7.609444,112.595556,-0.0021612530108541,-0.0005951972561888397,0.0009481552988290788
2025-08-21T03:00:00Z,-7.609444,112.595556,-0.0021140752360224,-0.0004861824563704431,0.0013782994356006
2025-08-21T06:00:00Z,-7.609444,112.595556,-0.0020871968008577,-0.0005043422570452094,0.0016550690634176
2025-08-21T09:00:00Z,-7.609444,112.595556,-0.0021367268636822,-0.0006259035435505211,0.0015319387894123
2025-08-21T12:00:00Z,-7.609444,112.595556,-0.0021036504767835,-0.0006885977345518768,0.0015573425916954
2025-08-21T15:00:00Z,-7.609444,112.595556,-0.0020448397845029,-0.0007365472847595811,0.0015425500459969
2025-08-21T18:00:00Z,-7.609444,112.595556,-0.0019573608878999,-0.0008271907572634518,0.00151478277985
2025-08-21T21:00:00Z,-7.609444,112.595556,-0.0018442490836605,-0.0008905946742743254,0.0012307409197092
2025-08-22T00:00:00Z,-7.609444,112.595556,-0.0017711921827867,-0.0009514918201602996,0.0007954199681989849
2025-08-22T03:00:00Z,-7.609444,112.595556,-0.0020532147027552,-0.0011669156374409,0.00033260066993534565
2025-08-22T06:00:00Z,-7.609444,112.595556,-0.0023916261270642,-0.0014651991659775,3.457638740655966e-05
2025-08-22T09:00:00Z,-7.609444,112.595556,-0.0026828001718968,-0.0017072026384994,-6.080284947529435e-05
2025-08-22T12:00:00Z,-7.609444,112.595556,-0.0029226352926343,-0.0018833084031939,0.0004855777078773826
2025-08-22T15:00:00Z,-7.609444,112.595556,-0.0031696155201643,-0.0019285469315946,0.0009394666412845254
2025-08-22T18:00:00Z,-7.609444,112.595556,-0.0032670840155333,-0.0018454693490639,0.0013249339535832
2025-08-22T21:00:00Z,-7.609444,112.595556,-0.0033436547964811,-0.0016723911976441,0.0015491808298975
2025-08-23T00:00:00Z,-7.609444,112.595556,-0.0033692505676299,-0.0015579665778204,0.0016397816361859
2025-08-23T03:00:00Z,-7.609444,112.595556,-0.0035381526686251,-0.0015962418401613,0.0012384729925543
2025-08-23T06:00:00Z,-7.609444,112.595556,-0.0036882786080241,-0.0017502187984064,0.0005417978391051292
2025-08-23T09:00:00Z,-7.609444,112.595556,-0.0037760154809802,-0.0019103015074506,-0.0004753057728521526
2025-08-23T12:00:00Z,-7.609444,112.595556,-0.0038041512016206,-0.0018987481016665,-0.0012093296973034
2025-08-23T15:00:00Z,-7.609444,112.595556,-0.0038240437861531,-0.0017279563471674,-0.0016483127838
2025-08-23T18:00:00Z,-7.609444,112.595556,-0.0038023872766643,-0.0015957893338054,-0.0018150979885831
2025-08-23T21:00:00Z,-7.609444,112.595556,-0.0038733312394469,-0.0015690344152972,-0.002180483425036
2025-08-24T00:00:00Z,-7.609444,112.595556,-0.0037481673061847,-0.0016996528720483,-0.0026249233633279
2025-08-24T03:00:00Z,-7.609444,112.595556,-0.0036629338283091,-0.0017747028032317,-0.0028535611927509
2025-08-24T06:00:00Z,-7.609444,112.595556,-0.0035113131161779,-0.0016717624384909,-0.0027543078176677
2025-08-24T09:00:00Z,-7.609444,112.595556,-0.0033073676750063,-0.0014207463245838,-0.0025506834499537
2025-08-24T12:00:00Z,-7.609444,112.595556,-0.0030412320047616,-0.0011174972169101,-0.002367123030126
2025-08-24T15:00:00Z,-7.609444,112.595556,-0.0028585256077349,-0.0007793655386194587,-0.002413825597614
2025-08-24T18:00:00Z,-7.609444,112.595556,-0.0025649955496191,-0.0005687336670234799,-0.0023636189289391
2025-08-24T21:00:00Z,-7.609444,112.595556,-0.0022954551968723,-0.00041765745845623314,-0.0022662340197712
2025-08-25T00:00:00Z,-7.609444,112.595556,-0.0019199962262064,-0.0004377898294478655,-0.0019169074948877
2025-08-25T03:00:00Z,-7.609444,112.595556,-0.0015885797329246,-0.0004249710764270276,-0.0013812100514769
2025-08-25T06:00:00Z,-7.609444,112.595556,-0.0012530219973996,-0.0004690101486630738,-0.0004846924857702106
2025-08-25T09:00:00Z,-7.609444,112.595556,-0.0010088543640449,-0.00060393160674721,0.0001492933661211282
2025-08-25T12:00:00Z,-7.609444,112.595556,-0.0006401078426279128,-0.0007983507239259779,0.00028869061497971416
2025-08-25T15:00:00Z,-7.609444,112.595556,-0.00019715435337275267,-0.0007617667433805764,0.0003445713664405048
2025-08-25T18:00:00Z,-7.609444,112.595556,0.00034144913661293685,-0.0005987631157040596,0.0006289581651799381
2025-08-25T21:00:00Z,-7.609444,112.595556,0.0006238559144549072,-0.00046728391316719353,0.0006061876192688942
2025-08-26T00:00:00Z,-7.609444,112.595556,0.000884557724930346,-0.0003655504260677844,0.00020259679877199235
2025-08-26T03:00:00Z,-7.609444,112.595556,0.00097380590159446,-0.0001611244078958407,-0.00016964416136033833
2025-08-26T06:00:00Z,-7.609444,112.595556,0.0009577696328051388,0.0001206624656333588,-0.00013527843111660331
2025-08-26T09:00:00Z,-7.609444,112.595556,0.0007696404936723411,0.0002839157823473215,-0.00017851212760433555
2025-08-26T12:00:00Z,-7.609444,112.595556,0.0006705686100758612,0.0003644039388746023,-6.356318772304803e-05
2025-08-26T15:00:00Z,-7.609444,112.595556,0.000744755903724581,0.0003973060811404139,-6.553565071953926e-06
2025-08-26T18:00:00Z,-7.609444,112.595556,0.0008380092913284898,0.0004027271934319288,0.0003884463221766055
2025-08-26T21:00:00Z,-7.609444,112.595556,0.0008738797623664141,0.0003117896558251232,0.0005758416373282671
2025-08-27T00:00:00Z,-7.609444,112.595556,0.0010753839742392,0.00013670312182512134,0.0004220818227622658
2025-08-27T03:00:00Z,-7.609444,112.595556,0.0011982055148109,6.074912744225003e-05,-9.13602070795605e-06
2025-08-27T06:00:00Z,-7.609444,112.595556,0.0012619647895917,9.139085886999963e-05,-0.000217840657569468
2025-08-27T09:00:00Z,-7.609444,112.595556,0.0012191876303404,1.1150027603434864e-05,-0.0007045157835818827
2025-08-27T12:00:00Z,-7.609444,112.595556,0.0011537082027643,-0.00013539224164560437,-0.0009180526831187308
2025-08-27T15:00:00Z,-7.609444,112.595556,0.0010235717054456,-0.0001524832332506776,-0.0005752530414611101
2025-08-27T18:00:00Z,-7.609444,112.595556,0.0007871215930208564,-0.0002682607446331531,0.0001123512993217446
2025-08-27T21:00:00Z,-7.609444,112.595556,0.0004297710838727653,-0.0005647951038554311,0.0006379780825227499
2025-08-28T00:00:00Z,-7.609444,112.595556,0.0002676608564797789,-0.0009432393708266318,0.0011106858728453
2025-08-28T03:00:00Z,-7.609444,112.595556,9.604670049156994e-05,-0.001140629639849,0.0013743233866989
2025-08-28T06:00:00Z,-7.609444,112.595556,5.102002251078375e-05,-0.0011965224985033,0.0014569230843335
2025-08-28T09:00:00Z,-7.609444,112.595556,9.402148134540766e-05,-0.0012888936325907,0.0011723597999662
2025-08-28T12:00:00Z,-7.609444,112.595556,0.0002837520441971719,-0.0012307649012655,0.0009973431006073952
2025-08-28T15:00:00Z,-7.609444,112.595556,0.0004345612542238087,-0.0010124202817678,0.0009748574811965228
2025-08-28T18:00:00Z,-7.609444,112.595556,0.0003737415827345103,-0.000917335390113294,0.0007767761126160622
2025-08-28T21:00:00Z,-7.609444,112.595556,0.00011529769835760816,-0.0009610754786990584,6.774322537239641e-05
2025-08-29T00:00:00Z,-7.609444,112.595556,5.210239032749087e-05,-0.0010811676038429,-0.00032120582181960344
2025-08-29T03:00:00Z,-7.609444,112.595556,4.099071156815626e-05,-0.001099728513509,-0.00027050284552387893
2025-08-29T06:00:00Z,-7.609444,112.595556,1.3291850109453662e-06,-0.0011302498169243,6.038986248313449e-05
2025-08-29T09:00:00Z,-7.609444,112.595556,-0.00014768356049899012,-0.0012546111829578,0.0001822256599552929
2025-08-29T12:00:00Z,-7.609444,112.595556,-0.0002294668811373413,-0.0013501292560249,0.00023679820878896865
2025-08-29T15:00:00Z,-7.609444,112.595556,-0.00020934318308718505,-0.0013567598070949,0.0001372901606373489
2025-08-29T18:00:00Z,-7.609444,112.595556,-8.418175275437534e-05,-0.0013028879184275,5.659766247845255e-05
2025-08-29T21:00:00Z,-7.609444,112.595556,9.995810250984503e-05,-0.0012752666370943,-9.8715303465724e-05
2025-08-30T00:00:00Z,-7.609444,112.595556,0.0004315478436183184,-0.0012325554853305,-2.943867684734869e-06
2025-08-30T03:00:00Z,-7.609444,112.595556,0.0006929869996383786,-0.0010890584671869,7.811381510691717e-05
2025-08-30T06:00:00Z,-7.609444,112.595556,0.0009300665697082876,-0.0010230388725176,-0.0001881759671960026
2025-08-30T09:00:00Z,-7.609444,112.595556,0.0010429573012515,-0.0010783260222524,-0.0008061558473855257
2025-08-30T12:00:00Z,-7.609444,112.595556,0.001190542941913,-0.0011305733351036,-0.0011572652729228
2025-08-30T15:00:00Z,-7.609444,112.595556,0.0013481911737471,-0.0010433121351525,-0.0011946602026
2025-08-30T18:00:00Z,-7.609444,112.595556,0.001518570468761,-0.0011013674084097,-0.001122799119912
2025-08-30T21:00:00Z,-7.609444,112.595556,0.0016447125235572,-0.0011264040367677,-0.0009542354382574558
2025-08-31T00:00:00Z,-7.609444,112.595556,0.0018694255268201,-0.0009569925023242832,-0.00047327965148724616
2025-08-31T03:00:00Z,-7.609444,112.595556,0.0018809615867212,-0.0006970787653699517,0.000240249268244952
2025-08-31T06:00:00Z,-7.609444,112.595556,0.0018125848146155,-0.0005676864529959857,0.000937247008550912
2025-08-31T09:00:00Z,-7.609444,112.595556,0.0017037976067513,-0.0005392057937569916,0.0012069880031049
2025-08-31T12:00:00Z,-7.609444,112.595556,0.0016686235321685,-0.0004972781171090901,0.0015305364504456
2025-08-31T15:00:00Z,-7.609444,112.595556,0.0017614380922168,-0.0004624754947144538,0.0016067988472059
2025-08-31T18:00:00Z,-7.609444,112.595556,0.0018384987488389,-0.000555817037820816,0.0014625211479142
2025-08-31T21:00:00Z,-7.609444,112.595556,0.0017753588035702,-0.00068589550210163,0.0012994343414902
2025-09-01T00:00:00Z,-7.609444,112.595556,0.0016815316630527,-0.0008386949775740504,0.0016306774923577
2025-09-01T03:00:00Z,-7.609444,112.595556,0.0014011103194206,-0.0009399522095918656,0.001839704811573
2025-09-01T06:00:00Z,-7.609444,112.595556,0.0010926687391474,-0.001096612191759,0.0017032129690051
2025-09-01T09:00:00Z,-7.609444,112.595556,0.0008049198077060282,-0.0012593269348144,0.0012846320169046
2025-09-01T12:00:00Z,-7.609444,112.595556,0.000579538696911186,-0.0014211881207302,0.0009030933724716306
2025-09-01T15:00:00Z,-7.609444,112.595556,0.00037878917646594346,-0.0015154073480516,0.0005394711042754352
2025-09-01T18:00:00Z,-7.609444,112.595556,0.00017559489060658962,-0.0014363166410475,0.00027166635845787823
2025-09-01T21:00:00Z,-7.609444,112.595556,-0.00011586085020098837,-0.0012297690846025,0.0003371750353835523
2025-09-02T00:00:00Z,-7.609444,112.595556,-0.0004212830390315503,-0.0010282440343871,0.0005408516153693199
2025-09-02T03:00:00Z,-7.609444,112.595556,-0.0006744961137883365,-0.0007604339043609798,0.0006169199477881193
2025-09-02T06:00:00Z,-7.609444,112.595556,-0.0008976039243862033,-0.0005025235004723072,0.0006588419200852513
2025-09-02T09:00:00Z,-7.609444,112.595556,-0.001225811894983,-0.0003916045534424484,0.0006517052534036338
2025-09-02T12:00:00Z,-7.609444,112.595556,-0.0016011865809559,-0.0003870096988976002,0.000916358781978488
2025-09-02T15:00:00Z,-7.609444,112.595556,-0.001888450118713,-0.00042967643821612,0.0009021912701427935
2025-09-02T18:00:00Z,-7.609444,112.595556,-0.0019430910469964,-0.0005077738896943629,0.0008849756559357047
2025-09-02T21:00:00Z,-7.609444,112.595556,-0.0020499357488006,-0.0005376713233999908,0.0009891500230878592
2025-09-03T00:00:00Z,-7.609444,112.595556,-0.0020900208037346,-0.0006069244700483978,0.0011077973758801
2025-09-03T03:00:00Z,-7.609444,112.595556,-0.0022040924523025,-0.0006890760851092637,0.0007901217322796583
2025-09-03T06:00:00Z,-7.609444,112.595556,-0.002188900951296,-0.0008488899911753833,0.0005538922268897295
2025-09-03T09:00:00Z,-7.609444,112.595556,-0.0022069728001952,-0.000964776671025902,0.0007103816606104374
2025-09-03T12:00:00Z,-7.609444,112.595556,-0.0022961576469242,-0.0011111716739833,0.0011547828326001
2025-09-03T15:00:00Z,-7.609444,112.595556,-0.0024482833687216,-0.0011847079731523,0.0012163072824478
2025-09-03T18:00:00Z,-7.609444,112.595556,-0.0025673359632492,-0.0011226405622437,0.0008679541060701013
2025-09-03T21:00:00Z,-7.609444,112.595556,-0.0025858653243631,-0.0010098529746755,0.0004037305479869247
2025-09-04T00:00:00Z,-7.609444,112.595556,-0.0024738013744354,-0.0008874653722159564,0.000470509025035426
2025-09-04T03:00:00Z,-7.609444,112.595556,-0.0024277134798467,-0.0007877570460550487,0.0005284238141030073
2025-09-04T06:00:00Z,-7.609444,112.595556,-0.0023403037339448,-0.0006974689895287156,0.00048054696526378393
2025-09-04T09:00:00Z,-7.609444,112.595556,-0.0022188406437635,-0.0006324845016933978,0.00015656584582757205
2025-09-04T12:00:00Z,-7.609444,112.595556,-0.0018779027741402,-0.0006385133019648492,-0.00022849207744002345
2025-09-04T15:00:00Z,-7.609444,112.595556,-0.0015457597328349,-0.000540700217243284,-0.0008099879487417638
2025-09-04T18:00:00Z,-7.609444,112.595556,-0.0012711544986814,-0.0004008639662060887,-0.0015145937213674
2025-09-04T21:00:00Z,-7.609444,112.595556,-0.0011506684822961,-0.0003517937147989869,-0.0024818254169076
2025-09-05T00:00:00Z,-7.609444,112.595556,-0.0009062635945156216,-0.0005101494607515633,-0.0035045507829636
2025-09-05T03:00:00Z,-7.609444,112.595556,-0.0006976143922656775,-0.0007042207289487123,-0.0039974986575543
2025-09-05T06:00:00Z,-7.609444,112.595556,-0.0004582171386573464,-0.0007867312524467707,-0.0035654697567224
2025-09-05T09:00:00Z,-7.609444,112.595556,-0.00036449168692342937,-0.0008407426648773253,-0.0029625841416418
2025-09-05T12:00:00Z,-7.609444,112.595556,-0.0001910568098537624,-0.000828789547085762,-0.0026228621136397
2025-09-05T15:00:00Z,-7.609444,112.595556,0.0001643309078644961,-0.0007005719817243516,-0.0026974948123097
2025-09-05T18:00:00Z,-7.609444,112.595556,0.0005150571232661605,-0.0006237834459170699,-0.0026928016450256
2025-09-05T21:00:00Z,-7.609444,112.595556,0.0007876252057030797,-0.0007176710059866309,-0.002934449352324
2025-09-06T00:00:00Z,-7.609444,112.595556,0.0011282452614977,-0.000978134456090629,-0.0031738467514514
2025-09-06T03:00:00Z,-7.609444,112.595556,0.001333623775281,-0.001245295163244,-0.0033320898655802
2025-09-06T06:00:00Z,-7.609444,112.595556,0.0014999359846115,-0.0013399859890341,-0.0028681345283985
2025-09-06T09:00:00Z,-7.609444,112.595556,0.0014687803341075,-0.001292351167649,-0.0024591654073446
2025-09-06T12:00:00Z,-7.609444,112.595556,0.0014883159892633,-0.0011291636619716,-0.0021635273005813
2025-09-06T15:00:00Z,-7.609444,112.595556,0.0015849828487262,-0.0008125317399390042,-0.0019932608120143
2025-09-06T18:00:00Z,-7.609444,112.595556,0.0017848566640168,-0.0006875906838104129,-0.0017482546390965
2025-09-06T21:00:00Z,-7.609444,112.595556,0.0019349503563717,-0.0008305752417072654,-0.001656602951698
2025-09-07T00:00:00Z,-7.609444,112.595556,0.0020116025116294,-0.0011126977624371,-0.0014381526270881
2025-09-07T03:00:00Z,-7.609444,112.595556,0.0019687872845679,-0.0012728958390653,-0.0015086469938978
2025-09-07T06:00:00Z,-7.609444,112.595556,0.0020026543643325,-0.0011978544062003,-0.0016143419779837
2025-09-07T09:00:00Z,-7.609444,112.595556,0.0018156680744141,-0.001058455905877,-0.0018911731895059
2025-09-07T12:00:00Z,-7.609444,112.595556,0.0015718353679403,-0.0010211485205218,-0.0023579350672662
2025-09-07T15:00:00Z,-7.609444,112.595556,0.0014822545927017,-0.0008887795847840607,-0.002681435085833
2025-09-07T18:00:00Z,-7.609444,112.595556,0.00138751254417,-0.000729837513063103,-0.0025134442839771
2025-09-07T21:00:00Z,-7.609444,112.595556,0.0011910841567441,-0.0006794649525545537,-0.0025131141301244
2025-09-08T00:00:00Z,-7.609444,112.595556,0.0010186515282839,-0.0006770917098037899,-0.0022903333883732
2025-09-08T03:00:00Z,-7.609444,112.595556,0.0007641162956133485,-0.0005660050082951784,-0.0023064278066158
2025-09-08T06:00:00Z,-7.609444,112.595556,0.0008045710274018347,-0.0004270619829185307,-0.0022048817481845
2025-09-08T09:00:00Z,-7.609444,112.595556,0.0008675862918607891,-0.000376529322238639,-0.0020669552031904
2025-09-08T12:00:00Z,-7.609444,112.595556,0.00092050974490121,-0.0004336964339017868,-0.002010028809309
2025-09-08T15:00:00Z,-7.609444,112.595556,0.0009889351204037666,-0.0004480485804378986,-0.0020490062888711
2025-09-08T18:00:00Z,-7.609444,112.595556,0.0011214803671464,-0.0005108321201987565,-0.0020801571663469
2025-09-08T21:00:00Z,-7.609444,112.595556,0.0012430304195731,-0.0005400573718361557,-0.0020779890473932
2025-09-09T00:00:00Z,-7.609444,112.595556,0.0014233373804017,-0.0006564492941834033,-0.0019011463737115
2025-09-09T03:00:00Z,-7.609444,112.595556,0.0014186279149726,-0.0008328222902491689,-0.0015853367513045
2025-09-09T06:00:00Z,-7.609444,112.595556,0.001406563911587,-0.0010141839738935,-0.0010608580196276
2025-09-09T09:00:00Z,-7.609444,112.595556,0.0015130373649299,-0.0012736490461975,-0.0009229761781170964
2025-09-09T12:00:00Z,-7.609444,112.595556,0.0018510827794671,-0.0014429095899686,-0.0010237904498353
2025-09-09T15:00:00Z,-7.609444,112.595556,0.0023122255224734,-0.0014269042294472,-0.0009415331296622752
2025-09-09T18:00:00Z,-7.609444,112.595556,0.0025377806741744,-0.001384399831295,-0.0008209672523662448
2025-09-09T21:00:00Z,-7.609444,112.595556,0.0025493525899946,-0.0013230039039626,-0.0009129121317528188
2025-09-10T00:00:00Z,-7.609444,112.595556,0.0026294651906937,-0.0013417492154985,-0.000972513109445572
2025-09-10T03:00:00Z,-7.609444,112.595556,0.0026601715944707,-0.0013174071209505,-0.0009005077881738544
2025-09-10T06:00:00Z,-7.609444,112.595556,0.0027004666626453,-0.0012052793754264,-0.0006271617603488266
2025-09-10T09:00:00Z,-7.609444,112.595556,0.002668438013643,-0.0011466654250398,-0.0006420844583772123
2025-09-10T12:00:00Z,-7.609444,112.595556,0.002606020309031,-0.0010183919221162,-0.0006296496139839292
2025-09-10T15:00:00Z,-7.609444,112.595556,0.0026392198633402,-0.0008017118088901043,-0.0007005302468314767
2025-09-10T18:00:00Z,-7.609444,112.595556,0.0026106061413884,-0.0006349871400743723,-0.0006975220167078078
2025-09-10T21:00:00Z,-7.609444,112.595556,0.0024460619315505,-0.0005219147424213588,-0.0006766939186491072
2025-09-11T00:00:00Z,-7.609444,112.595556,0.0023367227986454,-0.0005957903922535479,-0.0006719485390931368
2025-09-11T03:00:00Z,-7.609444,112.595556,0.0021384062711149,-0.0006448390195146203,-0.0005897016962990165
2025-09-11T06:00:00Z,-7.609444,112.595556,0.0019590910524129,-0.0007724405149929225,-0.0004552680475171656
2025-09-11T09:00:00Z,-7.609444,112.595556,0.0015988156665116,-0.0010499154450371,-0.0007326870691031218
2025-09-11T12:00:00Z,-7.609444,112.595556,0.0012227294500917,-0.0013367148349061,-0.0008398321806453168
2025-09-11T15:00:00Z,-7.609444,112.595556,0.000966956780757755,-0.001551708439365,-0.0007466016104444861
2025-09-11T18:00:00Z,-7.609444,112.595556,0.0007264451123774052,-0.0017061630496755,-0.00046034122351557016
2025-09-11T21:00:00Z,-7.609444,112.595556,0.00026011481531895697,-0.0017280613537877,-0.00010754238610388712
2025-09-12T00:00:00Z,-7.609444,112.595556,-9.155189104603778e-07,-0.0016665736911818,0.00031737092649564147
2025-09-12T03:00:00Z,-7.609444,112.595556,-0.0002773368323687464,-0.0014331548009067,0.0008697580196894705
2025-09-12T06:00:00Z,-7.609444,112.595556,-0.00039019741234369576,-0.0014142809668555,0.001420083339326
2025-09-12T09:00:00Z,-7.609444,112.595556,-0.0005569052882492542,-0.0015636553289368,0.001556055736728
2025-09-12T12:00:00Z,-7.609444,112.595556,-0.0006768594612367451,-0.0018502858001738,0.0016865077195689
2025-09-12T15:00:00Z,-7.609444,112.595556,-0.0007535354234278202,-0.002032530028373,0.0018856126116588
2025-09-12T18:00:00Z,-7.609444,112.595556,-0.0006830724305473268,-0.002083599101752,0.0020694129634648
2025-09-12T21:00:00Z,-7.609444,112.595556,-0.0006877550622448325,-0.0021307973656803,0.0020717827137559
2025-09-13T00:00:00Z,-7.609444,112.595556,-0.0006224598037078977,-0.0022980056237429,0.0019273185171186
2025-09-13T03:00:00Z,-7.609444,112.595556,-0.0007550495793111622,-0.0024035854730755,0.0017093988135457
2025-09-13T06:00:00Z,-7.609444,112.595556,-0.0008234064443968236,-0.002567435381934,0.0015961714088916
2025-09-13T09:00:00Z,-7.609444,112.595556,-0.0008553634979762137,-0.0027013516519218,0.0013504036469385
2025-09-13T12:00:00Z,-7.609444,112.595556,-0.0007437649182975292,-0.002695077098906,0.0012590526603162
2025-09-13T15:00:00Z,-7.609444,112.595556,-0.0006049974472261965,-0.0025842024479061,0.0012587045785039
2025-09-13T18:00:00Z,-7.609444,112.595556,-0.0004958041827194393,-0.002674967283383,0.001139264088124
2025-09-13T21:00:00Z,-7.609444,112.595556,-0.0004096601333003491,-0.002837497042492,0.0011896789073944
2025-09-14T00:00:00Z,-7.609444,112.595556,-0.0002192951360484585,-0.0029558141250163,0.0014470416354015
2025-09-14T03:00:00Z,-7.609444,112.595556,-0.00013796503480989486,-0.0029223321471363,0.0016915211454033
2025-09-14T06:00:00Z,-7.609444,112.595556,-0.00018774722411762923,-0.0028742398135364,0.0016693695215508
2025-09-14T09:00:00Z,-7.609444,112.595556,-0.00018509240180719644,-0.0027842896524816,0.001082339673303
2025-09-14T12:00:00Z,-7.609444,112.595556,-9.231333388015628e-05,-0.0026446226984262,0.0006755306967534125
2025-09-14T15:00:00Z,-7.609444,112.595556,-0.00011146956239826976,-0.0024865178856998,0.000670932640787214
2025-09-14T18:00:00Z,-7.609444,112.595556,-0.00026831607101485133,-0.0024208072572946,0.0007162402616813779
2025-09-14T21:00:00Z,-7.609444,112.595556,-0.00045404210686683655,-0.0023972613271325,0.0003323471755720675
2025-09-15T00:00:00Z,-7.609444,112.595556,-0.0004078874480910599,-0.0023669619113206,0.00020252088143024596
2025-09-15T03:00:00Z,-7.609444,112.595556,-0.0004170971515122801,-0.0022509091068059,0.00023067599977366624
2025-09-15T06:00:00Z,-7.609444,112.595556,-0.00038942464743740857,-0.0021120198071002,0.0004128427535761148
2025-09-15T09:00:00Z,-7.609444,112.595556,-0.0003575285372789949,-0.0019895860459655,0.0005784225650131702
2025-09-15T12:00:00Z,-7.609444,112.595556,-0.0002572933444753289,-0.0018680291250348,0.0007197363302111626
2025-09-15T15:00:00Z,-7.609444,112.595556,-0.0001676930842222646,-0.0016656711231917,0.0009248446440324188
2025-09-15T18:00:00Z,-7.609444,112.595556,-0.00016131059965118766,-0.0014959066174924,0.0009543421911075712
2025-09-15T21:00:00Z,-7.609444,112.595556,-0.000310732692014426,-0.0014920393005013,0.0006505034980364144
2025-09-16T00:00:00Z,-7.609444,112.595556,-0.0003764190769288689,-0.001536872354336,0.0003502650070004165
2025-09-16T03:00:00Z,-7.609444,112.595556,-0.0005290162516757846,-0.0016572509193792,0.0002746815735008568
2025-09-16T06:00:00Z,-7.609444,112.595556,-0.0007762896711938083,-0.0017845747061073,0.0004795289132744074
2025-09-16T09:00:00Z,-7.609444,112.595556,-0.0010687488829717,-0.0018106347415596,0.0006626116810366511
2025-09-16T12:00:00Z,-7.609444,112.595556,-0.0012660128995776,-0.0016677805688232,0.0005047473823651671
2025-09-16T15:00:00Z,-7.609444,112.595556,-0.0013400627067312,-0.0013525177491828,0.0002545138995628804
2025-09-16T18:00:00Z,-7.609444,112.595556,-0.0013544235844165,-0.0011309329420328,0.0001433510478818789
2025-09-16T21:00:00Z,-7.609444,112.595556,-0.0014587943442165,-0.0010406873188912,-8.814007742330432e-05
2025-09-17T00:00:00Z,-7.609444,112.595556,-0.0014229665976017,-0.0011743149952962,-0.0003475096309557557
2025-09-17T03:00:00Z,-7.609444,112.595556,-0.0015604957006871,-0.0012922056484967,-0.0004698436532635242
2025-09-17T06:00:00Z,-7.609444,112.595556,-0.0016077060718089,-0.0013585092965513,-0.00045990460785105824
2025-09-17T09:00:00Z,-7.609444,112.595556,-0.0017225024057552,-0.0013777533313259,-0.0006526390789076686
2025-09-17T12:00:00Z,-7.609444,112.595556,-0.0017926781438291,-0.0013737112749367,-0.0008149089990183711
2025-09-17T15:00:00Z,-7.609444,112.595556,-0.0019224212737753,-0.0012598695466294,-0.0009450474753975868
2025-09-17T18:00:00Z,-7.609444,112.595556,-0.0020144006703048,-0.0012710359878838,-0.0010035288287326
2025-09-17T21:00:00Z,-7.609444,112.595556,-0.0020190998911857,-0.0014040009118616,-0.000917545286938548
2025-09-18T00:00:00Z,-7.609444,112.595556,-0.0018353138584643,-0.0015633224975317,-0.0006438433192670345
2025-09-18T03:00:00Z,-7.609444,112.595556,-0.0016769600333645,-0.001525955973193,-0.00032457211636938155
2025-09-18T06:00:00Z,-7.609444,112.595556,-0.0013952312292531,-0.0014903551200404,2.630841481732205e-05
2025-09-18T09:00:00Z,-7.609444,112.595556,-0.0010235194349661,-0.0015105210477486,-9.230893920175733e-05
2025-09-18T12:00:00Z,-7.609444,112.595556,-0.0006890692748129368,-0.0015221644425764,1.575671740283724e-05
2025-09-18T15:00:00Z,-7.609444,112.595556,-0.0004117096832487732,-0.0013389975065365,0.0001945768453879282
2025-09-18T18:00:00Z,-7.609444,112.595556,-0.00017084898718167096,-0.001082313247025,0.00036417777300812304
2025-09-18T21:00:00Z,-7.609444,112.595556,0.00010424669744679704,-0.0008581111906096339,-7.706805627094582e-05
2025-09-19T00:00:00Z,-7.609444,112.595556,0.0005020960234105587,-0.0006287067662924528,-0.0003997785097453743
2025-09-19T03:00:00Z,-7.609444,112.595556,0.0006314317579381168,-0.0003214868193026632,-0.0006931693060323596
2025-09-19T06:00:00Z,-7.609444,112.595556,0.0006539433961734176,-0.00011827061825897545,-0.0009246185654774308
2025-09-19T09:00:00Z,-7.609444,112.595556,0.0007481650682166219,-0.00012830618652515113,-0.0014664941700175
2025-09-19T12:00:00Z,-7.609444,112.595556,0.0009434873354621232,-0.00025906588416546583,-0.001489664777182
2025-09-19T15:00:00Z,-7.609444,112.595556,0.0010446576634421,-0.00027210937696509063,-0.0013042432256042
2025-09-19T18:00:00Z,-7.609444,112.595556,0.0010440397309139,-0.00026048682047985494,-0.0013401849428191
2025-09-19T21:00:00Z,-7.609444,112.595556,0.0010082069784402,-0.0002322106738574803,-0.0015639800112694
2025-09-20T00:00:00Z,-7.609444,112.595556,0.001053737825714,-0.00028298498364165425,-0.0014616672415286
2025-09-20T03:00:00Z,-7.609444,112.595556,0.0009389038314111532,-0.0003907789068762213,-0.0012824488803744
2025-09-20T06:00:00Z,-7.609444,112.595556,0.0007433364517055452,-0.0005582013982348144,-0.0010961696971207
2025-09-20T09:00:00Z,-7.609444,112.595556,0.0004485757963266224,-0.000924236315768212,-0.001203286810778
2025-09-20T12:00:00Z,-7.609444,112.595556,0.0002280236512888223,-0.0012453763047233,-0.0010740497382357
2025-09-20T15:00:00Z,-7.609444,112.595556,2.905995870605693e-06,-0.0012922725873067,-0.00037283319397829473
2025-09-20T18:00:00Z,-7.609444,112.595556,-0.0003857617266476154,-0.0012475746916607,-3.2409284358436707e-06
2025-09-20T21:00:00Z,-7.609444,112.595556,-0.000749292375985533,-0.0012377493549138,-0.00016859243623912334
2025-09-21T00:00:00Z,-7.609444,112.595556,-0.0009322252008132635,-0.0012781115947291,-0.0004106582491658628
2025-09-21T03:00:00Z,-7.609444,112.595556,-0.0010424004867672,-0.0013051403220742,-0.0006408183253370225
2025-09-21T06:00:00Z,-7.609444,112.595556,-0.0010670111514627,-0.0013480316847562,-0.0009241029038093984
2025-09-21T09:00:00Z,-7.609444,112.595556,-0.0011383943492546,-0.0015503969043493,-0.0014787397813051
2025-09-21T12:00:00Z,-7.609444,112.595556,-0.0011889338493347,-0.0017317752353847,-0.0017431179294362
2025-09-21T15:00:00Z,-7.609444,112.595556,-0.0010833434062078,-0.0015818697866052,-0.0018178924219682
2025-09-21T18:00:00Z,-7.609444,112.595556,-0.0010955905308946,-0.001383661176078,-0.0019820516463369
2025-09-21T21:00:00Z,-7.609444,112.595556,-0.0012278051581233,-0.0012255269102752,-0.0023231545928865
2025-09-22T00:00:00Z,-7.609444,112.595556,-0.0011757089523598,-0.0009639376658014952,-0.002194199245423
2025-09-22T03:00:00Z,-7.609444,112.595556,-0.0009706327691674232,-0.0007557807257398963,-0.0017283916240558
2025-09-22T06:00:00Z,-7.609444,112.595556,-0.0007813542615622282,-0.0007179395179264247,-0.0013366568600758
2025-09-22T09:00:00Z,-7.609444,112.595556,-0.000664016290102154,-0.0008359019993804395,-0.0012759210076183
2025-09-22T12:00:00Z,-7.609444,112.595556,-0.0005053144413977861,-0.000991045730188489,-0.0014355691382661
2025-09-22T15:00:00Z,-7.609444,112.595556,-0.0002092950016958639,-0.0010059647029265,-0.0015726337442174
2025-09-22T18:00:00Z,-7.609444,112.595556,5.98772348894272e-05,-0.0007979406509548426,-0.0018771751783788
2025-09-22T21:00:00Z,-7.609444,112.595556,0.00017493308405391872,-0.000451713363872841,-0.0022229012101888
2025-09-23T00:00:00Z,-7.609444,112.595556,0.00044613471254706383,-0.0001364309136988595,-0.002121162135154
2025-09-23T03:00:00Z,-7.609444,112.595556,0.0007086178520694375,0.0001918067573569715,-0.0016883695498108
2025-09-23T06:00:00Z,-7.609444,112.595556,0.0008516673697158694,0.000445036159362644,-0.0011132279178127
2025-09-23T09:00:00Z,-7.609444,112.595556,0.0009849168127402663,0.0003596567257773131,-0.0008283170172944665
2025-09-23T12:00:00Z,-7.609444,112.595556,0.0011743601644411,0.000151210100739263,-0.0003754622011911124
2025-09-23T15:00:00Z,-7.609444,112.595556,0.0013741960283368,0.00020412220328580588,0.00027167124790139496
2025-09-23T18:00:00Z,-7.609444,112.595556,0.0016072116559371,0.000309753610054031,0.0008824578835628927
2025-09-23T21:00:00Z,-7.609444,112.595556,0.001655455911532,0.00024088956706691533,0.0012084998888894
2025-09-24T00:00:00Z,-7.609444,112.595556,0.001767017878592,7.57520729166572e-06,0.001876660506241
2025-09-24T03:00:00Z,-7.609444,112.595556,0.0017349707195535,-0.00022071089188102635,0.0022815803531557
2025-09-24T06:00:00Z,-7.609444,112.595556,0.0015796340303495,-0.00042319350177422166,0.0023847960401326
2025-09-24T09:00:00Z,-7.609444,112.595556,0.00127311819233,-0.0006777817034162581,0.0020015933550894
2025-09-24T12:00:00Z,-7.609444,112.595556,0.0010294978274032,-0.0009267121786251664,0.0016806999919936
2025-09-24T15:00:00Z,-7.609444,112.595556,0.0006498476141132414,-0.0009598216856829822,0.0018794805509969
2025-09-24T18:00:00Z,-7.609444,112.595556,0.00025773319066502154,-0.0008967097382992506,0.0021084405016154
2025-09-24T21:00:00Z,-7.609444,112.595556,-2.5728961190907285e-05,-0.0008082574931904674,0.0022808983922004
2025-09-25T00:00:00Z,-7.609444,112.595556,-7.145220297388732e-05,-0.0007911994471214712,0.0024502710439264
2025-09-25T03:00:00Z,-7.609444,112.595556,-0.0003746091388165951,-0.0006193042499944568,0.002538175554946
2025-09-25T06:00:00Z,-7.609444,112.595556,-0.0007836532895453274,-0.0006157413590699434,0.0023611558135598
2025-09-25T09:00:00Z,-7.609444,112.595556,-0.0011764076771214,-0.0006802683928981423,0.0019488100660964
2025-09-25T12:00:00Z,-7.609444,112.595556,-0.001422042842023,-0.0008042298723012209,0.0017951760673895
2025-09-25T15:00:00Z,-7.609444,112.595556,-0.0017229681834578,-0.0009271925082430243,0.0018123795744031
2025-09-25T18:00:00Z,-7.609444,112.595556,-0.0018845814047381,-0.001091014011763,0.0015920425066724
2025-09-25T21:00:00Z,-7.609444,112.595556,-0.0019809228833764,-0.0011366087710484,0.0010661414125934
2025-09-26T00:00:00Z,-7.609444,112.595556,-0.0018587727099657,-0.0011612871894612,0.0005762836080975831
2025-09-26T03:00:00Z,-7.609444,112.595556,-0.0017384423408657,-0.001049104030244,0.0003328216844238341
2025-09-26T06:00:00Z,-7.609444,112.595556,-0.0016501225763931,-0.0010925263632088,6.170012784423307e-05
2025-09-26T09:00:00Z,-7.609444,112.595556,-0.0017060441896319,-0.0013024813961237,-0.0005380231305025518
2025-09-26T12:00:00Z,-7.609444,112.595556,-0.0018026120960712,-0.0016171158058568,-0.0009075968409888446
2025-09-26T15:00:00Z,-7.609444,112.595556,-0.0020064923446625,-0.0017920976970344,-0.0011666702339425
2025-09-26T18:00:00Z,-7.609444,112.595556,-0.0020271362736821,-0.0019292146898806,-0.0011535340454429
2025-09-26T21:00:00Z,-7.609444,112.595556,-0.0020647821947932,-0.001886298879981,-0.0012448618654161
2025-09-27T00:00:00Z,-7.609444,112.595556,-0.0020183871965855,-0.001804758911021,-0.0013321633450686
2025-09-27T03:00:00Z,-7.609444,112.595556,-0.0019057496683672,-0.0017767680110409,-0.001349969417788
2025-09-27T06:00:00Z,-7.609444,112.595556,-0.001642599585466,-0.001821102341637,-0.0013726332690566
2025-09-27T09:00:00Z,-7.609444,112.595556,-0.0013291226932778,-0.0018233568407595,-0.0015065512852743
2025-09-27T12:00:00Z,-7.609444,112.595556,-0.001016259775497,-0.001787829445675,-0.0014511082554236
2025-09-27T15:00:00Z,-7.609444,112.595556,-0.0008118561818264425,-0.001732760341838,-0.0012656726175919
2025-09-27T18:00:00Z,-7.609444,112.595556,-0.0006607081741094589,-0.0017862947424873,-0.0012532508699223
2025-09-27T21:00:00Z,-7.609444,112.595556,-0.000521568232215941,-0.0017590533243492,-0.0012137894518673
2025-09-28T00:00:00Z,-7.609444,112.595556,-0.0002808391291182488,-0.0017862347885966,-0.0009311600006185472
2025-09-28T03:00:00Z,-7.609444,112.595556,-0.00018785531574394557,-0.0017519812099635,-0.00048768770648166537
2025-09-28T06:00:00Z,-7.609444,112.595556,-8.339739724760875e-05,-0.0015819591935724,0.00022845716739539057
2025-09-28T09:00:00Z,-7.609444,112.595556,-4.086963235749863e-05,-0.0012668136041611,0.000535098894033581
2025-09-28T12:00:00Z,-7.609444,112.595556,0.00012425660679582506,-0.0009949662489816546,0.0003210269496776164
2025-09-28T15:00:00Z,-7.609444,112.595556,0.0003106465737801045,-0.0007851030677556992,0.0001846743834903464
2025-09-28T18:00:00Z,-7.609444,112.595556,0.00035847496474161744,-0.0007351124077104032,0.00015561882173642516
2025-09-28T21:00:00Z,-7.609444,112.595556,0.00043588990229181945,-0.000844874361064285,8.018250809982419e-05
2025-09-29T00:00:00Z,-7.609444,112.595556,0.000597979873418808,-0.0010594978230074,-4.898695260635577e-05
2025-09-29T03:00:00Z,-7.609444,112.595556,0.0007713615777902305,-0.0011077878298237,-0.0004102352249901742
2025-09-29T06:00:00Z,-7.609444,112.595556,0.0009823845466598868,-0.0010732943192124,-0.0008147810585796833
2025-09-29T09:00:00Z,-7.609444,112.595556,0.0009471511002629996,-0.0010031972778961,-0.0014127694303169
2025-09-29T12:00:00Z,-7.609444,112.595556,0.0008635232225060463,-0.0011502773268148,-0.001933432649821
2025-09-29T15:00:00Z,-7.609444,112.595556,0.0008063976420089602,-0.0013022572966292,-0.0023388091940432
2025-09-29T18:00:00Z,-7.609444,112.595556,0.0006849157507531345,-0.0014170946087688,-0.0021180456969887
2025-09-29T21:00:00Z,-7.609444,112.595556,0.00045264497748576105,-0.0015590261900797,-0.0016619805246591
2025-09-30T00:00:00Z,-7.609444,112.595556,0.0003837239637505263,-0.0016368649667128,-0.001123852096498
2025-09-30T03:00:00Z,-7.609444,112.595556,0.00035202185972593725,-0.0015800008550286,-0.0006705077248625457
2025-09-30T06:00:00Z,-7.609444,112.595556,0.000454551714938134,-0.00157188589219,-0.00015510074445046484
2025-09-30T09:00:00Z,-7.609444,112.595556,0.0005462459521368146,-0.0017702680779621,-4.085861655767076e-05
2025-09-30T12:00:00Z,-7.609444,112.595556,0.0005996219115331769,-0.002060015220195,-0.0001656125532463193
2025-09-30T15:00:00Z,-7.609444,112.595556,0.0008470870088785887,-0.0020870459266006,-0.0005163716850802302
2025-09-30T18:00:00Z,-7.609444,112.595556,0.0011667781509459,-0.001902520423755,-0.0006056546117179096
2025-09-30T21:00:00Z,-7.609444,112.595556,0.0013758471468463,-0.0016465802909806,-0.0006311635952442884
2025-10-01T00:00:00Z,-7.609444,112.595556,0.0016139562940225,-0.0013902786886319,-0.0004497298505157232
2025-10-01T03:00:00Z,-7.609444,112.595556,0.0017704126657918,-0.001105882693082,-0.0001883758814074099
2025-10-01T06:00:00Z,-7.609444,112.595556,0.0019617397338151,-0.0009775222279131413,-7.565042324131355e-05
2025-10-01T09:00:00Z,-7.609444,112.595556,0.0021614162251353,-0.0008636867860332131,-0.00015843308938201517
2025-10-01T12:00:00Z,-7.609444,112.595556,0.0023085009306669,-0.0007396771106868982,-1.3401322576100938e-05
2025-10-01T15:00:00Z,-7.609444,112.595556,0.0023828202392905,-0.0005328200059011579,0.000189547601621598
2025-10-01T18:00:00Z,-7.609444,112.595556,0.002399498829618,-0.0004607778391800821,0.0001407881936756894
2025-10-01T21:00:00Z,-7.609444,112.595556,0.002372944029048,-0.0005496149533428252,-0.00039721038774587214
2025-10-02T00:00:00Z,-7.609444,112.595556,0.0023595371749252,-0.00069602852454409,-0.00042374726035632193
2025-10-02T03:00:00Z,-7.609444,112.595556,0.0022042728960514,-0.0008610404329374433,-0.00042544849566183984
2025-10-02T06:00:00Z,-7.609444,112.595556,0.0020083650015294,-0.0010698699625208,-0.0007282696897163987
2025-10-02T09:00:00Z,-7.609444,112.595556,0.0018185329390689,-0.0011235940037295,-0.0011311410926282
2025-10-02T12:00:00Z,-7.609444,112.595556,0.0016388799995183,-0.0010556402849033,-0.0010596194770187
2025-10-02T15:00:00Z,-7.609444,112.595556,0.0013516227481886,-0.0007997583015821874,-0.000883772736415267
2025-10-02T18:00:00Z,-7.609444,112.595556,0.0011618026765063,-0.0006777776870876551,-0.0007297323318198323
2025-10-02T21:00:00Z,-7.609444,112.595556,0.0009694018517620862,-0.0007819400052540004,-0.0007720381836406887
2025-10-03T00:00:00Z,-7.609444,112.595556,0.000868624250870198,-0.0010405908105894,-0.0004499998176470399
2025-10-03T03:00:00Z,-7.609444,112.595556,0.0007965714321471751,-0.0012292496394366,5.357443660614081e-05
2025-10-03T06:00:00Z,-7.609444,112.595556,0.0006950105889700353,-0.001241160207428,0.0003438458952587098
2025-10-03T09:00:00Z,-7.609444,112.595556,0.0004951324081048369,-0.0011457449290901,0.00021469635248649863
2025-10-03T12:00:00Z,-7.609444,112.595556,0.0003363099240232259,-0.0010110602015629,0.0002510661433916539
2025-10-03T15:00:00Z,-7.609444,112.595556,0.00021647810353897512,-0.0009121939074248075,0.0004696749383583665
2025-10-03T18:00:00Z,-7.609444,112.595556,0.0001048354897648096,-0.0009413363295607268,0.0008869370212778449
2025-10-03T21:00:00Z,-7.609444,112.595556,-6.676052726106718e-05,-0.000956690520979464,0.0010976343182846
2025-10-04T00:00:00Z,-7.609444,112.595556,-6.543441122630611e-05,-0.0009709984296932817,0.0015998370945453
2025-10-04T03:00:00Z,-7.609444,112.595556,4.635738878278062e-05,-0.0008568292832933366,0.0019844607450067
2025-10-04T06:00:00Z,-7.609444,112.595556,0.00019343213352840396,-0.0008052278426475823,0.0021677354816347
2025-10-04T09:00:00Z,-7.609444,112.595556,0.00027105503249913454,-0.0008321789791807532,0.001840136363171
2025-10-04T12:00:00Z,-7.609444,112.595556,0.0003709947341121733,-0.000906550500076264,0.0017562203574925
2025-10-04T15:00:00Z,-7.609444,112.595556,0.0005085634766146541,-0.0008200031006708741,0.0019939837511628
2025-10-04T18:00:00Z,-7.609444,112.595556,0.0007442558999173343,-0.0007252977811731398,0.0018989243544638
2025-10-04T21:00:00Z,-7.609444,112.595556,0.0010733404196798,-0.0006009510834701359,0.0014664483023807
2025-10-05T00:00:00Z,-7.609444,112.595556,0.0014980516862124,-0.00032065188861452043,0.0013254140503704
2025-10-05T03:00:00Z,-7.609444,112.595556,0.0016882286872714,-8.81273444974795e-05,0.0012293854961171
2025-10-05T06:00:00Z,-7.609444,112.595556,0.001628998783417,-6.517802103189752e-05,0.0009291665628552436
2025-10-05T09:00:00Z,-7.609444,112.595556,0.0015343459090217,-0.00019060360500589013,0.0004643653519451618
2025-10-05T12:00:00Z,-7.609444,112.595556,0.0014947439776733,-0.00042628878145478666,0.0002799407520797104
2025-10-05T15:00:00Z,-7.609444,112.595556,0.0015404793666675,-0.0005695600993931293,0.00023007266281638292
2025-10-05T18:00:00Z,-7.609444,112.595556,0.0014681207248941,-0.0006842038128525019,4.469546911423095e-05
2025-10-05T21:00:00Z,-7.609444,112.595556,0.0012994303833693,-0.0007515432662330568,-0.0005902654957026243
2025-10-06T00:00:00Z,-7.609444,112.595556,0.0012257565977051,-0.0007549666916020215,-0.001209168578498
2025-10-06T03:00:00Z,-7.609444,112.595556,0.0009538630838505924,-0.000714859226718545,-0.0020274254493415
2025-10-06T06:00:00Z,-7.609444,112.595556,0.0006737036746926606,-0.0008470367756672204,-0.0027879828121513
2025-10-06T09:00:00Z,-7.609444,112.595556,0.0002883421257138252,-0.0010977635392919,-0.0032371880952268
2025-10-06T12:00:00Z,-7.609444,112.595556,-2.2942062059883028e-05,-0.0013724263990297,-0.0032530457247048
2025-10-06T15:00:00Z,-7.609444,112.595556,-0.00025447667576372623,-0.001385020208545,-0.0027675062883645
2025-10-06T18:00:00Z,-7.609444,112.595556,-0.0004628899332601577,-0.0012319694506004,-0.0019095285097137
2025-10-06T21:00:00Z,-7.609444,112.595556,-0.0007250938797369599,-0.0010798078728839,-0.0013169276062399
2025-10-07T00:00:00Z,-7.609444,112.595556,-0.0008580581634305418,-0.0009002769947983325,-0.0008761301869526505
2025-10-07T03:00:00Z,-7.609444,112.595556,-0.0009528343798592688,-0.0006964661879464984,-0.0007092739106155932
2025-10-07T06:00:00Z,-7.609444,112.595556,-0.0010358615545555,-0.0005362991942092776,-0.00046405120519921184
2025-10-07T09:00:00Z,-7.609444,112.595556,-0.0011503713903948,-0.000407600513426587,-8.981485734693706e-05
2025-10-07T12:00:00Z,-7.609444,112.595556,-0.0011364908423274,-0.0005344436503946781,0.0003098334127571434
2025-10-07T15:00:00Z,-7.609444,112.595556,-0.0011411410523578,-0.00075112609192729,0.0007363543263636529
2025-10-07T18:00:00Z,-7.609444,112.595556,-0.0013430985854938,-0.0010692649520933,0.0015378212556242
2025-10-07T21:00:00Z,-7.609444,112.595556,-0.0018042263109236,-0.0014984852168709,0.0020238640718162
2025-10-08T00:00:00Z,-7.609444,112.595556,-0.001995607279241,-0.001895279274322,0.0022034673020243
2025-10-08T03:00:00Z,-7.609444,112.595556,-0.0018835933879017,-0.001953529426828,0.0022682247217744
2025-10-08T06:00:00Z,-7.609444,112.595556,-0.0015554073033854,-0.0017429480794817,0.002221705392003
2025-10-08T09:00:00Z,-7.609444,112.595556,-0.0012528928928077,-0.0015114828711375,0.0020629148930311
2025-10-08T12:00:00Z,-7.609444,112.595556,-0.001062229508534,-0.0014931035693734,0.0018100171582773
2025-10-08T15:00:00Z,-7.609444,112.595556,-0.0010130603332072,-0.0015451286453753,0.0013157805660739
2025-10-08T18:00:00Z,-7.609444,112.595556,-0.0008716259617358446,-0.001601893804036,0.0008912986377254128
2025-10-08T21:00:00Z,-7.609444,112.595556,-0.0007663622382096946,-0.0016249207546934,0.0005555417737923563
2025-10-09T00:00:00Z,-7.609444,112.595556,-0.0006720126839354634,-0.0017359494231641,0.0002810966980177909
2025-10-09T03:00:00Z,-7.609444,112.595556,-0.0006149581749923527,-0.0017010652227327,-0.00013425573706626892
2025-10-09T06:00:00Z,-7.609444,112.595556,-0.0006149038090370595,-0.0015784705756232,-0.0003622749645728618
2025-10-09T09:00:00Z,-7.609444,112.595556,-0.000566689355764538,-0.0015522354515269,-0.0004730902146548033
2025-10-09T12:00:00Z,-7.609444,112.595556,-0.0003882730670738965,-0.0016009829705581,-0.00011540370906004682
2025-10-09T15:00:00Z,-7.609444,112.595556,-0.00013937171024736017,-0.0015767605509608,0.00038728874642401934
2025-10-09T18:00:00Z,-7.609444,112.595556,0.00011477024236228316,-0.0016037464374676,0.0007255036034621298
2025-10-09T21:00:00Z,-7.609444,112.595556,0.0002580167492851615,-0.001638107933104,0.0008267960511147976
2025-10-10T00:00:00Z,-7.609444,112.595556,0.00045505844173021615,-0.0016151374438777,0.0012169466353952
2025-10-10T03:00:00Z,-7.609444,112.595556,0.0006089965463615954,-0.0016959911445155,0.0017455234192311
2025-10-10T06:00:00Z,-7.609444,112.595556,0.0007618797826580703,-0.0018792839255183,0.0019946948159486
2025-10-10T09:00:00Z,-7.609444,112.595556,0.0008562952280044556,-0.0021057724952697,0.0020806482061743
2025-10-10T12:00:00Z,-7.609444,112.595556,0.0010387392248958,-0.0023709177039563,0.0025017019361257
2025-10-10T15:00:00Z,-7.609444,112.595556,0.0012215392198413,-0.0023413682356476,0.0028154526371508
2025-10-10T18:00:00Z,-7.609444,112.595556,0.0013025336666032,-0.0022808583453297,0.0028108770493417
2025-10-10T21:00:00Z,-7.609444,112.595556,0.0012725216802209,-0.0023142977152019,0.0023356587626039
2025-10-11T00:00:00Z,-7.609444,112.595556,0.0013162931427359,-0.0024425690062344,0.001862084143795
2025-10-11T03:00:00Z,-7.609444,112.595556,0.0013247171882539,-0.0026107265148311,0.0014694329584017
2025-10-11T06:00:00Z,-7.609444,112.595556,0.0012842868454754,-0.002772606909275,0.0010453795548528
2025-10-11T09:00:00Z,-7.609444,112.595556,0.0011762825306504,-0.0027957893908023,0.00033980057924054563
2025-10-11T12:00:00Z,-7.609444,112.595556,0.0011407249839976,-0.0026197452098131,-0.000109853244794067
2025-10-11T15:00:00Z,-7.609444,112.595556,0.0012610348640009,-0.0022774515673518,-0.000293923047138378
2025-10-11T18:00:00Z,-7.609444,112.595556,0.0012611842248588,-0.0021144340280443,-0.00042131482041440893
2025-10-11T21:00:00Z,-7.609444,112.595556,0.0011139773996546,-0.0020820493809878,-0.0006513930857181549
2025-10-12T00:00:00Z,-7.609444,112.595556,0.0012298208894208,-0.0019930773414671,-0.0008534149383194745
2025-10-12T03:00:00Z,-7.609444,112.595556,0.0014606058830395,-0.0018581924960017,-0.0006689721485599875
2025-10-12T06:00:00Z,-7.609444,112.595556,0.0016802835743874,-0.0017913806950673,-0.0004613240307662636
2025-10-12T09:00:00Z,-7.609444,112.595556,0.0017771966522559,-0.0018775460775941,-0.0005807057023048401
2025-10-12T12:00:00Z,-7.609444,112.595556,0.0019426376093178,-0.0019524689996615,-0.0006988761597312987
2025-10-12T15:00:00Z,-7.609444,112.595556,0.0022395660635083,-0.0019152796594426,-0.0010289036436006
2025-10-12T18:00:00Z,-7.609444,112.595556,0.0025662947446107,-0.0018009905470535,-0.0016480187186971
2025-10-12T21:00:00Z,-7.609444,112.595556,0.002822752809152,-0.0014958883402869,-0.0022688433527946
2025-10-13T00:00:00Z,-7.609444,112.595556,0.0031695938669145,-0.0010311244986951,-0.0026865866966545
2025-10-13T03:00:00Z,-7.609444,112.595556,0.0034094366710633,-0.0005823216633871198,-0.0028213304467499
2025-10-13T06:00:00Z,-7.609444,112.595556,0.0035435394383966,-0.0003022515447810292,-0.0023594447411596
2025-10-13T09:00:00Z,-7.609444,112.595556,0.0034126278478652,-0.00035303301410749555,-0.0017078737728297
2025-10-13T12:00:00Z,-7.609444,112.595556,0.0033210290130227,-0.0005519722471944988,-0.000982093159109354
2025-10-13T15:00:00Z,-7.609444,112.595556,0.0033066624309867,-0.0006188109400682151,-0.0004511237784754485
2025-10-13T18:00:00Z,-7.609444,112.595556,0.0033869477920234,-0.0007962323143146932,-0.0002747208927758038
2025-10-13T21:00:00Z,-7.609444,112.595556,0.0035393247380852,-0.0008681813487783074,-0.000431039952673018
2025-10-14T00:00:00Z,-7.609444,112.595556,0.0036116135306656,-0.0008299872279167175,-0.0001523163664387539
2025-10-14T03:00:00Z,-7.609444,112.595556,0.0033722855150699,-0.0008175142575055361,0.00016032098210416734
2025-10-14T06:00:00Z,-7.609444,112.595556,0.0031043302733451,-0.0008312217541970313,0.0004688681801781058
2025-10-14T09:00:00Z,-7.609444,112.595556,0.0028247172012925,-0.0008507819729857147,0.000560646818485111
2025-10-14T12:00:00Z,-7.609444,112.595556,0.0025670828763395,-0.0008398947538807988,0.0008975171949714422
2025-10-14T15:00:00Z,-7.609444,112.595556,0.0022708419710397,-0.0007021809578873217,0.0014217325951904
2025-10-14T18:00:00Z,-7.609444,112.595556,0.0018143997294828,-0.0006121958140283823,0.0019588333088904
2025-10-14T21:00:00Z,-7.609444,112.595556,0.0013888170942664,-0.0006564277573488653,0.0022865289356559
2025-10-15T00:00:00Z,-7.609444,112.595556,0.0012457208940759,-0.0008212517714127898,0.0027912745717912
2025-10-15T03:00:00Z,-7.609444,112.595556,0.0012130242539569,-0.0010792833054438,0.0029566744342446
2025-10-15T06:00:00Z,-7.609444,112.595556,0.0012276897905394,-0.0013567376881837,0.0028216212522238
2025-10-15T09:00:00Z,-7.609444,112.595556,0.0011634908150881,-0.001553162233904,0.0022717446554452
2025-10-15T12:00:00Z,-7.609444,112.595556,0.0009202356450259686,-0.0017486530123278,0.0017956017982214
2025-10-15T15:00:00Z,-7.609444,112.595556,0.0005526958266273141,-0.0018958622822538,0.0010095643810927
2025-10-15T18:00:00Z,-7.609444,112.595556,0.00023604689340572804,-0.0020975563675165,0.0003533481794875115
2025-10-15T21:00:00Z,-7.609444,112.595556,-4.790000821230933e-05,-0.0022223456762731,-0.00018887642363552004
2025-10-16T00:00:00Z,-7.609444,112.595556,-0.00019775540567934516,-0.0022100205533206,-8.146829350152984e-05
2025-10-16T03:00:00Z,-7.609444,112.595556,-0.0003994186117779464,-0.0021067035850137,8.972576324595138e-05
2025-10-16T06:00:00Z,-7.609444,112.595556,-0.0005488468450494111,-0.0020341710187494,0.0002106399188051
2025-10-16T09:00:00Z,-7.609444,112.595556,-0.0006869884091429412,-0.0020135873928666,2.614827099023387e-05
2025-10-16T12:00:00Z,-7.609444,112.595556,-0.0006575604202225804,-0.0020139093976467,6.042617678758688e-05
2025-10-16T15:00:00Z,-7.609444,112.595556,-0.0005605859914794564,-0.0019899362232536,-0.00012997737212572247
2025-10-16T18:00:00Z,-7.609444,112.595556,-0.0004267508920747787,-0.0020725599024444,-0.0004449991683941335
2025-10-16T21:00:00Z,-7.609444,112.595556,-0.0003180196217726916,-0.0021735941991209,-0.000994382193312049
2025-10-17T00:00:00Z,-7.609444,112.595556,-8.906579023459926e-05,-0.002180058741942,-0.0014489539898931
2025-10-17T03:00:00Z,-7.609444,112.595556,0.00022278091637417677,-0.0021545062772929,-0.0016909680562093
2025-10-17T06:00:00Z,-7.609444,112.595556,0.0004377388977445662,-0.0021682048682123,-0.0015680430224165
2025-10-17T09:00:00Z,-7.609444,112.595556,0.0006775634828954935,-0.0022274376824498,-0.0015471134101971
2025-10-17T12:00:00Z,-7.609444,112.595556,0.0009747677831910552,-0.0023032745812088,-0.0013432850828394
2025-10-17T15:00:00Z,-7.609444,112.595556,0.0013129623839631,-0.0022795049007982,-0.0013001129264011
2025-10-17T18:00:00Z,-7.609444,112.595556,0.0017210314981639,-0.0021604339126497,-0.000864927307702601
2025-10-17T21:00:00Z,-7.609444,112.595556,0.0020559793338179,-0.0020312529522925,-0.0007302038720808923
2025-10-18T00:00:00Z,-7.609444,112.595556,0.0023167643230408,-0.0021792796906083,-0.0006924602203071117
2025-10-18T03:00:00Z,-7.609444,112.595556,0.0025124666281044,-0.0025806473568081,-0.0008960603736341
2025-10-18T06:00:00Z,-7.609444,112.595556,0.0026189666241407,-0.0029692153912037,-0.0007842094055376947
2025-10-18T09:00:00Z,-7.609444,112.595556,0.0026059269439429,-0.0032290960662066,-0.000559033767785877
2025-10-18T12:00:00Z,-7.609444,112.595556,0.0027241751085966,-0.0033061914145946,-0.00032812965218909085
2025-10-18T15:00:00Z,-7.609444,112.595556,0.0030294246971607,-0.0031131324358284,-5.446371687867213e-06
2025-10-18T18:00:00Z,-7.609444,112.595556,0.0031992178410291,-0.002822067355737,0.0004958537174388766
2025-10-18T21:00:00Z,-7.609444,112.595556,0.0032950376626104,-0.0026616628747433,0.0003691679157782346
2025-10-19T00:00:00Z,-7.609444,112.595556,0.0034977123141288,-0.0026745048817247,0.00020192355441395196
2025-10-19T03:00:00Z,-7.609444,112.595556,0.0036527523770928,-0.0028132318984717,-0.0004918971681036055
2025-10-19T06:00:00Z,-7.609444,112.595556,0.0037064193747937,-0.0028462810441851,-0.0009981474140658977
2025-10-19T09:00:00Z,-7.609444,112.595556,0.0034444904886186,-0.0028528131078928,-0.0013527600094676
2025-10-19T12:00:00Z,-7.609444,112.595556,0.0030850756447762,-0.0029388705734163,-0.0014255116693675
2025-10-19T15:00:00Z,-7.609444,112.595556,0.0027977083809673,-0.0029937410727143,-0.0014992383075878
2025-10-19T18:00:00Z,-7.609444,112.595556,0.0024405589792877,-0.0030789414886385,-0.0011942135170102
2025-10-19T21:00:00Z,-7.609444,112.595556,0.0021433427464216,-0.0032080835662782,-0.0008427450666204095
2025-10-20T00:00:00Z,-7.609444,112.595556,0.0020888056606054,-0.0033484334126114,-0.0003134642611257732
2025-10-20T03:00:00Z,-7.609444,112.595556,0.0021401038393378,-0.0034077204763889,-0.0002269036922371015
2025-10-20T06:00:00Z,-7.609444,112.595556,0.0022425609640777,-0.0033370512537658,-0.0002977468247991055
2025-10-20T09:00:00Z,-7.609444,112.595556,0.0022722012363374,-0.0033200380858033,-0.0005250943941064179
2025-10-20T12:00:00Z,-7.609444,112.595556,0.0022154189646244,-0.0033273182343691,-0.0006460070726461709
2025-10-20T15:00:00Z,-7.609444,112.595556,0.0022211540490388,-0.0031760330311954,-0.000886682712007314
2025-10-20T18:00:00Z,-7.609444,112.595556,0.0022127730771899,-0.003039181465283,-0.0009360346011817456
2025-10-20T21:00:00Z,-7.609444,112.595556,0.0021446989849209,-0.0029989837203174,-0.0011667971266433
2025-10-21T00:00:00Z,-7.609444,112.595556,0.0021725217811763,-0.0028920639306306,-0.0012293498730286
2025-10-21T03:00:00Z,-7.609444,112.595556,0.0022818287834525,-0.0026839273050427,-0.0013331845402717
2025-10-21T06:00:00Z,-7.609444,112.595556,0.0024949861690402,-0.002433646004647,-0.0014613618841394
2025-10-21T09:00:00Z,-7.609444,112.595556,0.0026646845508366,-0.0022219058591872,-0.0016596248606219
2025-10-21T12:00:00Z,-7.609444,112.595556,0.0028439403977245,-0.0020939987152814,-0.0017902102554216
2025-10-21T15:00:00Z,-7.609444,112.595556,0.0031179818324744,-0.0017935259966179,-0.0018883966840803
2025-10-21T18:00:00Z,-7.609444,112.595556,0.0033384994603693,-0.0014968699542805,-0.0018080680165439
2025-10-21T21:00:00Z,-7.609444,112.595556,0.003517662640661,-0.0013034514850005,-0.0020531094633042
2025-10-22T00:00:00Z,-7.609444,112.595556,0.0037094762083142,-0.0011170036159455,-0.0022335231769829
2025-10-22T03:00:00Z,-7.609444,112.595556,0.0037179547362029,-0.0009302924736402928,-0.0022511582355946
2025-10-22T06:00:00Z,-7.609444,112.595556,0.0037052524276077,-0.0007814260898157954,-0.0023526542354375
2025-10-22T09:00:00Z,-7.609444,112.595556,0.003571517765522,-0.0006560090114362538,-0.0025517093017697
2025-10-22T12:00:00Z,-7.609444,112.595556,0.003442054381594,-0.0006957035511732101,-0.0024244624655693
2025-10-22T15:00:00Z,-7.609444,112.595556,0.0033224211074411,-0.0005507614696398377,-0.0018702294910326
2025-10-22T18:00:00Z,-7.609444,112.595556,0.0032045633997768,-0.0004847655654884875,-0.0013008285313844
2025-10-22T21:00:00Z,-7.609444,112.595556,0.0031087796669453,-0.000603358494117856,-0.0013475101441144
2025-10-23T00:00:00Z,-7.609444,112.595556,0.0031243721023201,-0.0006343069835565984,-0.0012187149841338
2025-10-23T03:00:00Z,-7.609444,112.595556,0.0031504926737397,-0.0004478635382838547,-0.0011350727872923
2025-10-23T06:00:00Z,-7.609444,112.595556,0.003039488568902,-0.00026094939676113427,-0.001208379631862
2025-10-23T09:00:00Z,-7.609444,112.595556,0.0028042972553521,-0.0002846667193807661,-0.001482451451011
2025-10-23T12:00:00Z,-7.609444,112.595556,0.0025667448062449,-0.0004791219253093004,-0.0016408333322033
2025-10-23T15:00:00Z,-7.609444,112.595556,0.0025075203739106,-0.0005556606338359416,-0.0016415456775575
2025-10-23T18:00:00Z,-7.609444,112.595556,0.0024291968438774,-0.0005586500046774745,-0.0012066857889294
2025-10-23T21:00:00Z,-7.609444,112.595556,0.0021799243986606,-0.0004927002592012286,-0.0009470079676248132
2025-10-24T00:00:00Z,-7.609444,112.595556,0.0020739280153065,-0.0004157585499342531,-0.0009288943256251514
2025-10-24T03:00:00Z,-7.609444,112.595556,0.0021350218448787,-0.0003212792507838458,-0.001076846034266
2025-10-24T06:00:00Z,-7.609444,112.595556,0.0023973416537046,-0.0003893894318025559,-0.0013574144104495
2025-10-24T09:00:00Z,-7.609444,112.595556,0.0023347956594079,-0.00048804556718096137,-0.0017209136858582
2025-10-24T12:00:00Z,-7.609444,112.595556,0.0020168533083051,-0.0006323196575976908,-0.0018896062392741
2025-10-24T15:00:00Z,-7.609444,112.595556,0.001758178579621,-0.0007125271949917078,-0.0023118392564356
2025-10-24T18:00:00Z,-7.609444,112.595556,0.0015967520885169,-0.0005796346231363714,-0.0023912189062684
2025-10-24T21:00:00Z,-7.609444,112.595556,0.0013092254521325,-0.00024096667766571045,-0.0020723324269056
2025-10-25T00:00:00Z,-7.609444,112.595556,0.0009655161993578076,4.991247988073155e-05,-0.0018400899134576
2025-10-25T03:00:00Z,-7.609444,112.595556,0.0007752201636321843,0.0004025506787002087,-0.0016288632759824
2025-10-25T06:00:00Z,-7.609444,112.595556,0.0007666447199881077,0.0006456263363361359,-0.0012034580577164
2025-10-25T09:00:00Z,-7.609444,112.595556,0.0006063056644052267,0.0009204137604683638,-0.0008130268543027341
2025-10-25T12:00:00Z,-7.609444,112.595556,0.0004034448938909918,0.0011429146397858,-0.00034536331077106297
2025-10-25T15:00:00Z,-7.609444,112.595556,0.0004695523530244827,0.0013104911195114,-0.0001206396336783655
2025-10-25T18:00:00Z,-7.609444,112.595556,0.0006417898694053292,0.0015139108290895,-5.611290907836519e-05
2025-10-25T21:00:00Z,-7.609444,112.595556,0.0007441280758939683,0.0018276420887559,-0.0005569229833781719
2025-10-26T00:00:00Z,-7.609444,112.595556,0.0009036783594638108,0.0021555742714554,-0.00097674538847059
2025-10-26T03:00:00Z,-7.609444,112.595556,0.0010155081981793,0.0023641278967261,-0.001402129069902
2025-10-26T06:00:00Z,-7.609444,112.595556,0.0012056336272507,0.0023970946203917,-0.0019450180698186
2025-10-26T09:00:00Z,-7.609444,112.595556,0.0012862520525231,0.0024001663550734,-0.0025911070406436
2025-10-26T12:00:00Z,-7.609444,112.595556,0.0012058705324307,0.0024142395704984,-0.0027039851993322
2025-10-26T15:00:00Z,-7.609444,112.595556,0.000975635542999953,0.0024655265733599,-0.0027761908713728
2025-10-26T18:00:00Z,-7.609444,112.595556,0.0007723537855781615,0.0023763312492519,-0.0026883943937718
2025-10-26T21:00:00Z,-7.609444,112.595556,0.0006771002081222832,0.0021451422944664,-0.0028427334036678
2025-10-27T00:00:00Z,-7.609444,112.595556,0.0007758428109809756,0.0018405056325718,-0.0024678532499819
2025-10-27T03:00:00Z,-7.609444,112.595556,0.0008613754180260003,0.0015924448380246,-0.0018773012561723
2025-10-27T06:00:00Z,-7.609444,112.595556,0.0009880522266030312,0.0013805759372189,-0.0015003415755927
2025-10-27T09:00:00Z,-7.609444,112.595556,0.0011389720020815,0.0012631204444915,-0.0016515931347385
2025-10-27T12:00:00Z,-7.609444,112.595556,0.0013991007581353,0.0012566955992951,-0.0018391869962215
2025-10-27T15:00:00Z,-7.609444,112.595556,0.00148401921615,0.0013155447086319,-0.0019165832782164
2025-10-27T18:00:00Z,-7.609444,112.595556,0.0013718388509005,0.0012165384832769,-0.001653867540881
2025-10-27T21:00:00Z,-7.609444,112.595556,0.0012426011962816,0.0009953161934390664,-0.0017781254136934
2025-10-28T00:00:00Z,-7.609444,112.595556,0.0013678508112207,0.0007966987323015928,-0.0014405832625925
2025-10-28T03:00:00Z,-7.609444,112.595556,0.0014967183815315,0.0007204624707810581,-0.0005540985730476677
2025-10-28T06:00:00Z,-7.609444,112.595556,0.0015651567373424,0.0006103254272602499,0.0001817983138607815
2025-10-28T09:00:00Z,-7.609444,112.595556,0.0015818782849237,0.0005148097989149392,0.0005506123416125774
2025-10-28T12:00:00Z,-7.609444,112.595556,0.0016478819306939,0.0004108292050659657,0.0006421220605261624
2025-10-28T15:00:00Z,-7.609444,112.595556,0.001832460402511,0.0003950659593101591,0.0006536868750117719
2025-10-28T18:00:00Z,-7.609444,112.595556,0.0019739882554858,0.0003590252890717238,0.0013489805860444
2025-10-28T21:00:00Z,-7.609444,112.595556,0.0019367197528481,0.0003476669080555439,0.0017672789981588
2025-10-29T00:00:00Z,-7.609444,112.595556,0.0020410018041729,0.0002201058086939156,0.0018871799111366
2025-10-29T03:00:00Z,-7.609444,112.595556,0.0020199955906718,0.00011918687960132957,0.0019007348455488
2025-10-29T06:00:00Z,-7.609444,112.595556,0.0019136680057272,-8.694850112078711e-05,0.0018765160348266
2025-10-29T09:00:00Z,-7.609444,112.595556,0.0017546432791277,-0.000216725718928501,0.001597925205715
2025-10-29T12:00:00Z,-7.609444,112.595556,0.0014942127745598,-0.00035074236802756786,0.0012929743388667
2025-10-29T15:00:00Z,-7.609444,112.595556,0.001306913793087,-0.0005252985283732414,0.0007861960912123322
2025-10-29T18:00:00Z,-7.609444,112.595556,0.0010535398032516,-0.0006775287329219282,0.0004973456379957497
2025-10-29T21:00:00Z,-7.609444,112.595556,0.0006563322385773063,-0.0007278473931364715,0.0002785910037346184
2025-10-30T00:00:00Z,-7.609444,112.595556,0.000290235853753984,-0.0007133366307243705,0.00026997164241038263
2025-10-30T03:00:00Z,-7.609444,112.595556,4.50926017947495e-06,-0.0005808769492432475,0.00010500008647795768
2025-10-30T06:00:00Z,-7.609444,112.595556,-0.0002212848630733788,-0.0004653554642572999,-0.0002553716767579317
2025-10-30T09:00:00Z,-7.609444,112.595556,-0.0005233498523011804,-0.00033434072975069284,-0.00077078677713871
2025-10-30T12:00:00Z,-7.609444,112.595556,-0.000874734076205641,-0.00015473297389689833,-0.0009961635805666449
2025-10-30T15:00:00Z,-7.609444,112.595556,-0.0011593628441914,3.928773367078975e-05,-0.0010960130020976
2025-10-30T18:00:00Z,-7.609444,112.595556,-0.0014509193133562,-6.135682610874937e-07,-0.0011719274334609
2025-10-30T21:00:00Z,-7.609444,112.595556,-0.0017408626154065,-0.00022281175188254565,-0.0014643404865637
2025-10-31T00:00:00Z,-7.609444,112.595556,-0.0020546191371977,-0.00034622306702658534,-0.001280013937503
2025-10-31T03:00:00Z,-7.609444,112.595556,-0.0024181741755455,-0.00035582928103394806,-0.001343859010376
2025-10-31T06:00:00Z,-7.609444,112.595556,-0.0026842164807021,-0.00040474647539667785,-0.0015864479355514
2025-10-31T09:00:00Z,-7.609444,112.595556,-0.0029249873477965,-0.0004162591649219394,-0.0017669346416369
2025-10-31T12:00:00Z,-7.609444,112.595556,-0.0030645839869976,-0.0004185703292023391,-0.00158468761947
2025-10-31T15:00:00Z,-7.609444,112.595556,-0.0030382075347006,-0.00020690084784291685,-0.0010707766050472
2025-10-31T18:00:00Z,-7.609444,112.595556,-0.002902616513893,8.078343853412662e-06,-0.000548717041965574
2025-10-31T21:00:00Z,-7.609444,112.595556,-0.0027952515520155,5.573059024754912e-05,-0.0006426596664823592
2025-11-01T00:00:00Z,-7.609444,112.595556,-0.0026698533911257,0.00014337840548250824,-0.0005294826696626842
2025-11-01T03:00:00Z,-7.609444,112.595556,-0.0024078006390482,0.0003067856887355447,-0.0006000442081131041
2025-11-01T06:00:00Z,-7.609444,112.595556,-0.0021159439347684,0.0004423080827109516,-0.0010622204281389
2025-11-01T09:00:00Z,-7.609444,112.595556,-0.0017474791966378,0.0004207391466479749,-0.0017740412149578
2025-11-01T12:00:00Z,-7.609444,112.595556,-0.0014397108461707,0.0002898029051721096,-0.0021253789309412
2025-11-01T15:00:00Z,-7.609444,112.595556,-0.0011538252001628,0.0002914693614002317,-0.0022141044028103
2025-11-01T18:00:00Z,-7.609444,112.595556,-0.0009542456245981156,0.00024768381263129413,-0.0020633575040847
2025-11-01T21:00:00Z,-7.609444,112.595556,-0.0008460730314254761,0.0001714617246761918,-0.0023078063968569
2025-11-02T00:00:00Z,-7.609444,112.595556,-0.0006552974809892476,0.0001702404406387359,-0.0024608876556158
2025-11-02T03:00:00Z,-7.609444,112.595556,-0.0004265985626261681,0.00014564028242602944,-0.0027610035613179
2025-11-02T06:00:00Z,-7.609444,112.595556,-0.0002421820972813293,0.0001922328665386885,-0.002935696626082
2025-11-02T09:00:00Z,-7.609444,112.595556,-5.536386743187904e-05,0.0001963855320354924,-0.0028160570655018
2025-11-02T12:00:00Z,-7.609444,112.595556,6.885296170366928e-05,0.0001629177131690085,-0.0024869861081242
2025-11-02T15:00:00Z,-7.609444,112.595556,0.00020960354595445096,0.00021156008006073532,-0.0022263086866587
2025-11-02T18:00:00Z,-7.609444,112.595556,0.0003300507378298789,0.00031851051608100533,-0.0019380307057872
2025-11-02T21:00:00Z,-7.609444,112.595556,0.0002603415341582149,0.00047586028813384473,-0.0018886710749939
2025-11-03T00:00:00Z,-7.609444,112.595556,0.0002911388291977346,0.0006677599740214646,-0.0017547638854011
2025-11-03T03:00:00Z,-7.609444,112.595556,0.0005166056798771024,0.0010049025295302,-0.001572880311869
2025-11-03T06:00:00Z,-7.609444,112.595556,0.0008317364263348281,0.0013579368824139,-0.0013301274739205
2025-11-03T09:00:00Z,-7.609444,112.595556,0.0010529545834288,0.0015627164393663,-0.0012471108930185
2025-11-03T12:00:00Z,-7.609444,112.595556,0.0012901833979412,0.0016739593120291,-0.0011770215351134
2025-11-03T15:00:00Z,-7.609444,112.595556,0.0015423545846715,0.0019272731151431,-0.0012660346692427
2025-11-03T18:00:00Z,-7.609444,112.595556,0.0017322923522442,0.002059063874185,-0.0013343458995223
2025-11-03T21:00:00Z,-7.609444,112.595556,0.0017876519123092,0.0021368952002376,-0.0016026790253818
2025-11-04T00:00:00Z,-7.609444,112.595556,0.0018450510688126,0.002302904613316,-0.0016452979762107
2025-11-04T03:00:00Z,-7.609444,112.595556,0.001834824681282,0.002533251652494,-0.0015078261494636
2025-11-04T06:00:00Z,-7.609444,112.595556,0.0017328821122646,0.0026396301109343,-0.0009397816611453892
2025-11-04T09:00:00Z,-7.609444,112.595556,0.0015114148845896,0.0025798922870308,-0.0004584199050441384
2025-11-04T12:00:00Z,-7.609444,112.595556,0.0013459004694595,0.0024266266264021,0.0001625240547582507
2025-11-04T15:00:00Z,-7.609444,112.595556,0.0012987847439944,0.0023404923267662,0.0007717862026765943
2025-11-04T18:00:00Z,-7.609444,112.595556,0.0012955411802977,0.0021133469417691,0.0013233951758593
2025-11-04T21:00:00Z,-7.609444,112.595556,0.0012914940016344,0.0018872747896239,0.0015913397073745
2025-11-05T00:00:00Z,-7.609444,112.595556,0.0014567134203389,0.0017154887318611,0.0021616902668029
2025-11-05T03:00:00Z,-7.609444,112.595556,0.0015187757089734,0.0015946438070386,0.0026997807435691
2025-11-05T06:00:00Z,-7.609444,112.595556,0.0015141488984227,0.0015356328804045,0.002926955698058
2025-11-05T09:00:00Z,-7.609444,112.595556,0.0014169795904308,0.001515167648904,0.0029736910946667
2025-11-05T12:00:00Z,-7.609444,112.595556,0.0013907036045566,0.0014343645889312,0.0029728789813816
2025-11-05T15:00:00Z,-7.609444,112.595556,0.0012990946415811,0.0014156630495563,0.0029169116169214
2025-11-05T18:00:00Z,-7.609444,112.595556,0.0011401191586628,0.0013957427581772,0.0031305290758609
2025-11-05T21:00:00Z,-7.609444,112.595556,0.0009073569090105592,0.0012678914936259,0.0031305539887398
2025-11-06T00:00:00Z,-7.609444,112.595556,0.0006609306437894702,0.0010579128284007,0.003100071568042
2025-11-06T03:00:00Z,-7.609444,112.595556,0.0004315786645747721,0.0009141244809143244,0.0028254459612071
2025-11-06T06:00:00Z,-7.609444,112.595556,0.00024342323013115677,0.0008392345625907183,0.0025051431730389
2025-11-06T09:00:00Z,-7.609444,112.595556,-6.637972091994016e-06,0.0007093348540365696,0.0020613633096218
2025-11-06T12:00:00Z,-7.609444,112.595556,-0.0001964734256034717,0.00047330494271591306,0.0016140401130542
2025-11-06T15:00:00Z,-7.609444,112.595556,-0.0002668436791282147,0.0002968676562886685,0.0011086610611528
2025-11-06T18:00:00Z,-7.609444,112.595556,-0.0003746701404452324,0.0001476140459999442,0.0010264726588502
2025-11-06T21:00:00Z,-7.609444,112.595556,-0.0006740569951944053,0.00010769577784230933,0.0009732113103382288
2025-11-07T00:00:00Z,-7.609444,112.595556,-0.0009025855106301606,0.00013934785965830088,0.000988506362773478
2025-11-07T03:00:00Z,-7.609444,112.595556,-0.0010039939079433,0.00014606172044295818,0.001155840116553
2025-11-07T06:00:00Z,-7.609444,112.595556,-0.0009487891220487654,8.550100028514862e-05,0.001521031721495
2025-11-07T09:00:00Z,-7.609444,112.595556,-0.0008960491977632046,-0.00016068891272880137,0.0017426440026611
2025-11-07T12:00:00Z,-7.609444,112.595556,-0.000698177726007998,-0.0005419229273684323,0.0020057060755789
2025-11-07T15:00:00Z,-7.609444,112.595556,-0.00017695152200758457,-0.0007385624921880662,0.0023014489561319
2025-11-07T18:00:00Z,-7.609444,112.595556,0.00033528319909237325,-0.0008581780130043626,0.00264687044546
2025-11-07T21:00:00Z,-7.609444,112.595556,0.0006673563038930297,-0.0008608624921180308,0.0027261248324066
2025-11-08T00:00:00Z,-7.609444,112.595556,0.0009572638664394616,-0.0008720617042854428,0.0023232290986925
2025-11-08T03:00:00Z,-7.609444,112.595556,0.0013363152975216,-0.0009134788997471331,0.0016025200020521
2025-11-08T06:00:00Z,-7.609444,112.595556,0.0017149524064734,-0.00076857372187078,0.0011671278625726
2025-11-08T09:00:00Z,-7.609444,112.595556,0.0020538386888802,-0.0006053104880265892,0.0011083850404247
2025-11-08T12:00:00Z,-7.609444,112.595556,0.0023635306861251,-0.0005215790006332099,0.0012283670948818
2025-11-08T15:00:00Z,-7.609444,112.595556,0.0026418440975248,-0.00044338530278764665,0.0015087986830621
2025-11-08T18:00:00Z,-7.609444,112.595556,0.0027455415111035,-0.0003202067455276847,0.001942626084201
2025-11-08T21:00:00Z,-7.609444,112.595556,0.0026668792124837,-0.00021824853320140392,0.0019535033497959
2025-11-09T00:00:00Z,-7.609444,112.595556,0.0026163798756897,-0.0002253779530292377,0.0019675944931805
2025-11-09T03:00:00Z,-7.609444,112.595556,0.0025557694025337,-0.00012553441047202796,0.0018392937490716
2025-11-09T06:00:00Z,-7.609444,112.595556,0.0026113560888916,-0.00010461967758601531,0.0014474953059107
2025-11-09T09:00:00Z,-7.609444,112.595556,0.0025902804918587,-8.957309182733297e-05,0.0011633175890892
2025-11-09T12:00:00Z,-7.609444,112.595556,0.0024071501102298,6.579259206773713e-05,0.0010961367515847
2025-11-09T15:00:00Z,-7.609444,112.595556,0.0020951887127012,0.00025920808548107743,0.0009968547383323312
2025-11-09T18:00:00Z,-7.609444,112.595556,0.0017519133398309,0.0004089709254913032,0.0009650256833992898
2025-11-09T21:00:00Z,-7.609444,112.595556,0.0013380959862843,0.0004174952919129282,0.0006792491767555475
2025-11-10T00:00:00Z,-7.609444,112.595556,0.0010066023096442,0.0002640131569933146,0.00046358315739780654
2025-11-10T03:00:00Z,-7.609444,112.595556,0.00064256222685799,0.00027213015710003674,0.000370430905604735
2025-11-10T06:00:00Z,-7.609444,112.595556,0.0003585968806874007,0.00035762484185397625,0.0002904704597312957
2025-11-10T09:00:00Z,-7.609444,112.595556,6.601584027521312e-05,0.0002155385445803404,-3.886165359290317e-05
2025-11-10T12:00:00Z,-7.609444,112.595556,-0.000129440231830813,-5.7728342653717846e-05,0.00018324714619666335
2025-11-10T15:00:00Z,-7.609444,112.595556,-0.0003608858969528228,-0.0002820619265548885,0.0006266642594709992
2025-11-10T18:00:00Z,-7.609444,112.595556,-0.0006150630069896579,-0.0005858400836586952,0.0008649934316053987
2025-11-10T21:00:00Z,-7.609444,112.595556,-0.0008748142863623798,-0.0008234258857555687,0.0005904838326387107
2025-11-11T00:00:00Z,-7.609444,112.595556,-0.0009767614537850022,-0.0009672556770965456,-2.0486468201852404e-05
2025-11-11T03:00:00Z,-7.609444,112.595556,-0.0010599789675325,-0.0009764490532688797,-0.0005428997683338821
2025-11-11T06:00:00Z,-7.609444,112.595556,-0.0011414564214646,-0.0007947033736854792,-0.0008433546172454953
2025-11-11T09:00:00Z,-7.609444,112.595556,-0.0012612357968464,-0.0007832051487639546,-0.0012512549292296
2025-11-11T12:00:00Z,-7.609444,112.595556,-0.0012786983279511,-0.0009052486857399344,-0.0013087780680507
2025-11-11T15:00:00Z,-7.609444,112.595556,-0.0012935288250446,-0.0009579850011505188,-0.0012780431425198
2025-11-11T18:00:00Z,-7.609444,112.595556,-0.0013175751082599,-0.001005612895824,-0.0013653968926519
2025-11-11T21:00:00Z,-7.609444,112.595556,-0.0013203215785324,-0.0010120611405,-0.0017029874725267
2025-11-12T00:00:00Z,-7.609444,112.595556,-0.0012130646500736,-0.0009553604759275912,-0.0016885767690837
2025-11-12T03:00:00Z,-7.609444,112.595556,-0.0009892050875350833,-0.0008775059832260013,-0.0014603878371417
2025-11-12T06:00:00Z,-7.609444,112.595556,-0.0007962476229295135,-0.0008782861405052245,-0.0010795113630592
2025-11-12T09:00:00Z,-7.609444,112.595556,-0.0005706268711946905,-0.0009550770628266037,-0.0008793161250650883
2025-11-12T12:00:00Z,-7.609444,112.595556,-0.00021795553038828075,-0.0010474798036739,-0.0006454812828451395
2025-11-12T15:00:00Z,-7.609444,112.595556,0.00019776912813540548,-0.0009041419834829868,-0.0003469052317086607
2025-11-12T18:00:00Z,-7.609444,112.595556,0.0004483655502554029,-0.0005025210557505488,0.0003478456637822092
2025-11-12T21:00:00Z,-7.609444,112.595556,0.00047088932478800416,-0.00011325864034006372,0.0008322240901179612
2025-11-13T00:00:00Z,-7.609444,112.595556,0.0005053401691839099,4.784664997714572e-05,0.0013830721145495
2025-11-13T03:00:00Z,-7.609444,112.595556,0.0006026238552294672,4.6099106839392334e-05,0.0015742954565212
2025-11-13T06:00:00Z,-7.609444,112.595556,0.000807346950750798,4.475285459193401e-05,0.0016219287645071
2025-11-13T09:00:00Z,-7.609444,112.595556,0.0009102214244194328,0.00010446616215631366,0.0019815140403807
2025-11-13T12:00:00Z,-7.609444,112.595556,0.0008972131763584912,6.86073544784449e-05,0.0022580893710255
2025-11-13T15:00:00Z,-7.609444,112.595556,0.0009376384550705552,6.350385774567258e-06,0.0020681344904005
2025-11-13T18:00:00Z,-7.609444,112.595556,0.0008981817518360913,-0.00010007798846345396,0.0018510095542296
2025-11-13T21:00:00Z,-7.609444,112.595556,0.0007860472542233765,-0.00021736734197475016,0.0015017713885754
2025-11-14T00:00:00Z,-7.609444,112.595556,0.0007598245283588767,-0.00027399000828154385,0.001137894229032
2025-11-14T03:00:00Z,-7.609444,112.595556,0.0007216944941319525,-0.00016473510186187923,0.0008008966688066721
2025-11-14T06:00:00Z,-7.609444,112.595556,0.000526739691849798,3.178669430781156e-05,0.0005601212033070624
2025-11-14T09:00:00Z,-7.609444,112.595556,0.00010403359920019284,0.0003505718777887523,0.00024670118000358343
2025-11-14T12:00:00Z,-7.609444,112.595556,-0.0002005280839512125,0.0004784182237926871,-0.00015141248877625912
2025-11-14T15:00:00Z,-7.609444,112.595556,-0.000400541175622493,0.0005162236629985273,-0.0008282394264824688
2025-11-14T18:00:00Z,-7.609444,112.595556,-0.0006105848588049412,0.0004653740907087922,-0.0013798346044495
2025-11-14T21:00:00Z,-7.609444,112.595556,-0.0009386709425598384,0.0003690524899866432,-0.0018776280339807
2025-11-15T00:00:00Z,-7.609444,112.595556,-0.0012052594684064,0.0004189500177744776,-0.0022148918360471
2025-11-15T03:00:00Z,-7.609444,112.595556,-0.0014030240708962,0.0005778555641882122,-0.0026669434737414
2025-11-15T06:00:00Z,-7.609444,112.595556,-0.0015291393501684,0.00074957829201594,-0.0031744660809636
2025-11-15T09:00:00Z,-7.609444,112.595556,-0.0017358345212414,0.0007976064807735384,-0.0037680563982576
2025-11-15T12:00:00Z,-7.609444,112.595556,-0.0017953638453036,0.0007429438410326838,-0.0040717930532991
2025-11-15T15:00:00Z,-7.609444,112.595556,-0.0016102553345263,0.0008287269156426191,-0.0043678483925759
2025-11-15T18:00:00Z,-7.609444,112.595556,-0.001475382130593,0.0008884788258001208,-0.0043875705450773
2025-11-15T21:00:00Z,-7.609444,112.595556,-0.0012830521445721,0.0008316835155710578,-0.0044106068089604
2025-11-16T00:00:00Z,-7.609444,112.595556,-0.0010119081707671,0.0007917327457107604,-0.0040276511572301
2025-11-16T03:00:00Z,-7.609444,112.595556,-0.0007242371211759746,0.0007271167705766857,-0.0034404832404106
2025-11-16T06:00:00Z,-7.609444,112.595556,-0.00047736670239828527,0.0006412480724975467,-0.0025831963866949
2025-11-16T09:00:00Z,-7.609444,112.595556,-0.0003390737983863801,0.0004658340476453304,-0.0018607750535011
2025-11-16T12:00:00Z,-7.609444,112.595556,-7.567369721073192e-06,0.00021408183965831995,-0.0011683573247864
2025-11-16T15:00:00Z,-7.609444,112.595556,0.0003370498598087579,0.00023687188513576984,-0.0005083354189991951
2025-11-16T18:00:00Z,-7.609444,112.595556,0.0006315054488368332,0.0003493448894005269,0.0002846265851985663
2025-11-16T21:00:00Z,-7.609444,112.595556,0.0007556461496278644,0.0003423525777179748,0.0007810714305378497
2025-11-17T00:00:00Z,-7.609444,112.595556,0.0009634871385060252,0.00019402899488341063,0.0014460399979725
2025-11-17T03:00:00Z,-7.609444,112.595556,0.0010674484074115,7.474709855159745e-05,0.0020241104066371
2025-11-17T06:00:00Z,-7.609444,112.595556,0.0011958988616243,-2.3135458832257427e-05,0.0025305629242211
2025-11-17T09:00:00Z,-7.609444,112.595556,0.0012834552908316,-9.964514174498618e-05,0.0027934815734624
2025-11-17T12:00:00Z,-7.609444,112.595556,0.0012235356261953,-0.0002030336763709784,0.0029025124385952
2025-11-17T15:00:00Z,-7.609444,112.595556,0.0010786643251776,-0.00010705762542784214,0.0025400752201676
2025-11-17T18:00:00Z,-7.609444,112.595556,0.0008737239404581487,0.00021897103579249236,0.0020781150087714
2025-11-17T21:00:00Z,-7.609444,112.595556,0.0005907512968406081,0.0006437036790885031,0.00159160757903
2025-11-18T00:00:00Z,-7.609444,112.595556,0.00039098126580938697,0.0009685936383903028,0.0015180902555584
2025-11-18T03:00:00Z,-7.609444,112.595556,0.00012803860590793192,0.0012441616272553,0.0016088139964267
2025-11-18T06:00:00Z,-7.609444,112.595556,-7.106147677404806e-05,0.0014550846535712,0.0014448221772909
2025-11-18T09:00:00Z,-7.609444,112.595556,-0.00010550385195529088,0.0017255750717595,0.0011972897918894
2025-11-18T12:00:00Z,-7.609444,112.595556,-0.0001263159210793674,0.0022127616684883,0.0012424017768353
2025-11-18T15:00:00Z,-7.609444,112.595556,-0.00017426599515601993,0.0027872412465512,0.0012248456478118
2025-11-18T18:00:00Z,-7.609444,112.595556,-0.0004414018476381898,0.0031027181539684,0.0008454878116026521
2025-11-18T21:00:00Z,-7.609444,112.595556,-0.0006710882298648357,0.0031773038208484,0.00019532206351868808
2025-11-19T00:00:00Z,-7.609444,112.595556,-0.0007224859436973929,0.0031888477969914,-8.254223212134093e-05
2025-11-19T03:00:00Z,-7.609444,112.595556,-0.000602114771027118,0.0031174451578408,-0.0002406989224255085
2025-11-19T06:00:00Z,-7.609444,112.595556,-0.0003701198438648135,0.0030772844329476,-0.0003409388882573694
2025-11-19T09:00:00Z,-7.609444,112.595556,-0.0001925757096614689,0.0030580272432416,-0.0004015870799776167
2025-11-19T12:00:00Z,-7.609444,112.595556,-0.0001582107215654105,0.0029971285257488,-0.0003911350504495204
2025-11-19T15:00:00Z,-7.609444,112.595556,-0.0001726649352349341,0.0029926202259957,-0.0004375296703074128
2025-11-19T18:00:00Z,-7.609444,112.595556,-0.00013135556946508586,0.0027912193909287,-0.0005189444054849446
2025-11-19T21:00:00Z,-7.609444,112.595556,-0.0001246980536961928,0.0024071964435279,-0.0007332031964324415
2025-11-20T00:00:00Z,-7.609444,112.595556,-1.6408259398303926e-05,0.0021126931533217,-0.00082497822586447
2025-11-20T03:00:00Z,-7.609444,112.595556,4.724682366941124e-05,0.0019063993822783,-0.000928529363591224
2025-11-20T06:00:00Z,-7.609444,112.595556,0.00023245954071171584,0.0018344197887927,-0.0014796373434364
2025-11-20T09:00:00Z,-7.609444,112.595556,0.0004159256932325661,0.0018312945030629,-0.002259979955852
2025-11-20T12:00:00Z,-7.609444,112.595556,0.0005654328851960599,0.0017685801722109,-0.0025875756982713
2025-11-20T15:00:00Z,-7.609444,112.595556,0.0006270356825552881,0.0016775542171671,-0.0027602354530245
2025-11-20T18:00:00Z,-7.609444,112.595556,0.0006000848370604217,0.0015178398462012,-0.002811609301716
2025-11-20T21:00:00Z,-7.609444,112.595556,0.0005107472534291446,0.0013045764062553,-0.0028792102821171
2025-11-21T00:00:00Z,-7.609444,112.595556,0.0005852436297573149,0.001146959955804,-0.0027903071604669
2025-11-21T03:00:00Z,-7.609444,112.595556,0.0007447380339726806,0.0011882339604198,-0.0024118332657963
2025-11-21T06:00:00Z,-7.609444,112.595556,0.0008845417760312557,0.001229278394021,-0.0023279448505491
2025-11-21T09:00:00Z,-7.609444,112.595556,0.0009148175013251604,0.0010718106059357,-0.0026243089232593
2025-11-21T12:00:00Z,-7.609444,112.595556,0.0009023830643855036,0.0008274905849248171,-0.002931605791673
2025-11-21T15:00:00Z,-7.609444,112.595556,0.0010207804152742,0.0007450333214364946,-0.0033744694665074
2025-11-21T18:00:00Z,-7.609444,112.595556,0.0011348284315317,0.0008159956196323037,-0.0034914000425487
2025-11-21T21:00:00Z,-7.609444,112.595556,0.00123270181939,0.0010355042759329,-0.0032143162097781
2025-11-22T00:00:00Z,-7.609444,112.595556,0.0013855047291144,0.0011348195839673,-0.0027948408387601
2025-11-22T03:00:00Z,-7.609444,112.595556,0.0014069053577259,0.0010967877460643,-0.0024401161354035
2025-11-22T06:00:00Z,-7.609444,112.595556,0.0014327670214697,0.0010686119785532,-0.0024547481443732
2025-11-22T09:00:00Z,-7.609444,112.595556,0.001469187089242,0.0011576822726055,-0.002531879581511
2025-11-22T12:00:00Z,-7.609444,112.595556,0.0016019770409911,0.0014077647356316,-0.0023100017569959
2025-11-22T15:00:00Z,-7.609444,112.595556,0.0018158456077799,0.0016795534174889,-0.0021223095245659
2025-11-22T18:00:00Z,-7.609444,112.595556,0.0020936171058565,0.0017150129424408,-0.0020000250078737
2025-11-22T21:00:00Z,-7.609444,112.595556,0.0023091975599527,0.0015668008709326,-0.0016976189799606
2025-11-23T00:00:00Z,-7.609444,112.595556,0.002390561858192,0.0012894212268292,-0.0014968219911679
2025-11-23T03:00:00Z,-7.609444,112.595556,0.0023683854378759,0.0010122552048414,-0.0013290789211168
2025-11-23T06:00:00Z,-7.609444,112.595556,0.0023680035956203,0.0008223532931879163,-0.0013335505500435
2025-11-23T09:00:00Z,-7.609444,112.595556,0.00229073013179,0.0006230965373106301,-0.0016106944531202
2025-11-23T12:00:00Z,-7.609444,112.595556,0.002359950216487,0.000400090153561905,-0.0016132895834743
2025-11-23T15:00:00Z,-7.609444,112.595556,0.0023248447105288,0.0002547113108448684,-0.001638819114305
2025-11-23T18:00:00Z,-7.609444,112.595556,0.0021474561654031,-7.964969699969515e-05,-0.0015694247558712
2025-11-23T21:00:00Z,-7.609444,112.595556,0.0019087683176621,-0.0004693061928264797,-0.0013988313730806
2025-11-24T00:00:00Z,-7.609444,112.595556,0.001717226114124,-0.0006500542513094842,-0.0010446486994624
2025-11-24T03:00:00Z,-7.609444,112.595556,0.0015050378860905,-0.0006583594949916005,-0.000492243911139667
2025-11-24T06:00:00Z,-7.609444,112.595556,0.0013343158643692,-0.0005556718097068369,-0.0002664315397851169
2025-11-24T09:00:00Z,-7.609444,112.595556,0.0011771797435358,-0.0005268398090265691,-0.0002684292267076671
2025-11-24T12:00:00Z,-7.609444,112.595556,0.0011096691014245,-0.0005773315788246691,0.00013705626770388335
2025-11-24T15:00:00Z,-7.609444,112.595556,0.001128225470893,-0.0004685757157858461,0.0006366929737851024
2025-11-24T18:00:00Z,-7.609444,112.595556,0.0010605996940284,-0.0003491419192869216,0.000768106896430254
2025-11-24T21:00:00Z,-7.609444,112.595556,0.0009533449192531408,-0.00028278667014092207,0.0006713910843245685
2025-11-25T00:00:00Z,-7.609444,112.595556,0.0009260523365810512,-0.00016460244660265744,0.0006526631186716259
2025-11-25T03:00:00Z,-7.609444,112.595556,0.000999516691081226,5.76627571717836e-05,0.0006378032267093658
2025-11-25T06:00:00Z,-7.609444,112.595556,0.0011787047842517,0.0003245691186748445,0.0006097392179071903
2025-11-25T09:00:00Z,-7.609444,112.595556,0.001244229148142,0.00046982255298644304,0.000677853764500469
2025-11-25T12:00:00Z,-7.609444,112.595556,0.0013101033400744,0.00035424373345449567,0.0008058573585003614
2025-11-25T15:00:00Z,-7.609444,112.595556,0.0013310250360518,0.00032890273723751307,0.0010811118409037
2025-11-25T18:00:00Z,-7.609444,112.595556,0.0012418038677424,0.00026405113749206066,0.0009665425750426948
2025-11-25T21:00:00Z,-7.609444,112.595556,0.0011992506915703,8.796813926892355e-05,0.0007943722303025424
2025-11-26T00:00:00Z,-7.609444,112.595556,0.0013047005049884,2.327354013687e-05,0.0008149786735884845
2025-11-26T03:00:00Z,-7.609444,112.595556,0.0013825460337102,3.968242526752874e-05,0.0009546257788315416
2025-11-26T06:00:00Z,-7.609444,112.595556,0.0014610418584197,0.00016525521641597152,0.0007946461555548012
2025-11-26T09:00:00Z,-7.609444,112.595556,0.0014661367749795,0.0002905161527451128,0.0005711078993044794
2025-11-26T12:00:00Z,-7.609444,112.595556,0.0014149327762424,0.0003958080196753144,0.0002700422774069011
2025-11-26T15:00:00Z,-7.609444,112.595556,0.0014378865016624,0.0004865614173468202,-0.00025949085829779506
2025-11-26T18:00:00Z,-7.609444,112.595556,0.0013439350295811,0.00042662714258767664,-0.0008791281143203378
2025-11-26T21:00:00Z,-7.609444,112.595556,0.0011498244712129,0.0003182727377861738,-0.0014632113743573
2025-11-27T00:00:00Z,-7.609444,112.595556,0.000943050894420594,0.0002936265373136848,-0.001352381426841
2025-11-27T03:00:00Z,-7.609444,112.595556,0.0008151732617989182,0.0005057431408204138,-0.000886234047356993
2025-11-27T06:00:00Z,-7.609444,112.595556,0.0008054593927226961,0.0008814249304123223,-0.0005587168852798641
2025-11-27T09:00:00Z,-7.609444,112.595556,0.0008557784021832049,0.0012276077177375,-0.0003634853637777269
2025-11-27T12:00:00Z,-7.609444,112.595556,0.0008670628303661942,0.001334337866865,-0.0002444541023578495
2025-11-27T15:00:00Z,-7.609444,112.595556,0.0007939206552691758,0.001286928076297,-0.00027272800798527896
2025-11-27T18:00:00Z,-7.609444,112.595556,0.0007017436437308788,0.0010627745650708,-0.0003356153902132064
2025-11-27T21:00:00Z,-7.609444,112.595556,0.0004617444647010416,0.0006515848799608648,-0.0004698581760749221
2025-11-28T00:00:00Z,-7.609444,112.595556,0.00017855915939435363,0.00035185596789233387,-0.0004558253276627511
2025-11-28T03:00:00Z,-7.609444,112.595556,6.111589027568698e-05,0.00028254318749532104,-0.00018637148605193943
2025-11-28T06:00:00Z,-7.609444,112.595556,6.387452594935894e-05,0.0003677370259538293,-5.415733903646469e-05
2025-11-28T09:00:00Z,-7.609444,112.595556,5.37359228474088e-05,0.0003873654350172728,6.588752148672938e-05
2025-11-28T12:00:00Z,-7.609444,112.595556,-2.033760665653972e-06,0.0003441128064878285,0.0002556427498348057
2025-11-28T15:00:00Z,-7.609444,112.595556,1.1398008609830867e-05,0.000380301964469254,0.0001955468469532207
2025-11-28T18:00:00Z,-7.609444,112.595556,0.0001489848073106259,0.00044372177217155695,0.0001254500966751948
2025-11-28T21:00:00Z,-7.609444,112.595556,0.00025775679387152195,0.0005586030893027782,0.0002471589541528374
2025-11-29T00:00:00Z,-7.609444,112.595556,0.000318247068207711,0.0006644765380769968,0.0005604710313491523
2025-11-29T03:00:00Z,-7.609444,112.595556,0.0004060518112964928,0.0007793818367645144,0.0010375957936048
2025-11-29T06:00:00Z,-7.609444,112.595556,0.0005021867691539228,0.00099608744494617,0.0010428420500829
2025-11-29T09:00:00Z,-7.609444,112.595556,0.00047989547601901,0.0011670406674966,0.0009679766953922808
2025-11-29T12:00:00Z,-7.609444,112.595556,0.0005560786812566221,0.0012977096484974,0.0011253012344241
2025-11-29T15:00:00Z,-7.609444,112.595556,0.0006633479497395456,0.0014420739607885,0.0009377968963235616
2025-11-29T18:00:00Z,-7.609444,112.595556,0.0009098791051656008,0.0014598550042137,0.0006910777883604169
2025-11-29T21:00:00Z,-7.609444,112.595556,0.0011146912584081,0.001432511373423,0.00029823402292095125
2025-11-30T00:00:00Z,-7.609444,112.595556,0.001334719127044,0.0014421528903767,-0.0002150211948901415
2025-11-30T03:00:00Z,-7.609444,112.595556,0.0015672503504902,0.0014922197442501,-0.000477215216960758
2025-11-30T06:00:00Z,-7.609444,112.595556,0.001690802979283,0.0015753973275423,-0.0007678750553168356
2025-11-30T09:00:00Z,-7.609444,112.595556,0.0018296829657629,0.0015478702262043,-0.0013902311911806
2025-11-30T12:00:00Z,-7.609444,112.595556,0.001975520979613,0.0015698763309046,-0.0016188961453735
2025-11-30T15:00:00Z,-7.609444,112.595556,0.0019214123021811,0.0015934885013848,-0.0015472779050469
2025-11-30T18:00:00Z,-7.609444,112.595556,0.0017337094759568,0.0014816847397014,-0.0014255449641495
2025-11-30T21:00:00Z,-7.609444,112.595556,0.0014249839587137,0.0013209989992901,-0.0012981242034584
2025-12-01T00:00:00Z,-7.609444,112.595556,0.0012176597956568,0.0012309803860262,-0.0007794766570441425
2025-12-01T03:00:00Z,-7.609444,112.595556,0.0011809499701485,0.0012449452187865,-8.948027812039072e-07
2025-12-01T06:00:00Z,-7.609444,112.595556,0.0012171454727649,0.0012844551820307,0.0006991706322878599
2025-12-01T09:00:00Z,-7.609444,112.595556,0.0014070604229345,0.0011564617743715,0.0008750424021854997
2025-12-01T12:00:00Z,-7.609444,112.595556,0.0016584454569965,0.0010177433723583,0.0008681138860993087
2025-12-01T15:00:00Z,-7.609444,112.595556,0.001803629216738,0.000947138760238886,0.0004122132377233356
2025-12-01T18:00:00Z,-7.609444,112.595556,0.0017572488868609,0.000931119138840586,-0.000230476725846529
2025-12-01T21:00:00Z,-7.609444,112.595556,0.0017390435095876,0.0009553346317261456,-0.0009900412987917662
2025-12-02T00:00:00Z,-7.609444,112.595556,0.0017393749440088,0.0009414442465640604,-0.0015177711611613
2025-12-02T03:00:00Z,-7.609444,112.595556,0.0017114753136411,0.000893019197974354,-0.00166291592177
2025-12-02T06:00:00Z,-7.609444,112.595556,0.0015130513347685,0.0008615033584646881,-0.0012796174269169
2025-12-02T09:00:00Z,-7.609444,112.595556,0.0012777396477758,0.0006836233660578728,-0.0010700753191486
2025-12-02T12:00:00Z,-7.609444,112.595556,0.0012230656575411,0.0005225896020419896,-0.0003851059009321034
2025-12-02T15:00:00Z,-7.609444,112.595556,0.0014199810102581,0.0005689605604857206,8.579545101383701e-05
2025-12-02T18:00:00Z,-7.609444,112.595556,0.0016685692826285,0.0006071497919037938,0.0002912398776970804
2025-12-02T21:00:00Z,-7.609444,112.595556,0.0017827940173447,0.0005057097878307104,0.00034049630630761385
2025-12-03T00:00:00Z,-7.609444,112.595556,0.0018904469907283,0.00025762352743186057,0.0001846434024628252
2025-12-03T03:00:00Z,-7.609444,112.595556,0.0020273495465517,0.00015599586185999215,0.00010570799349807204
2025-12-03T06:00:00Z,-7.609444,112.595556,0.0020814430899918,0.00019505103409755972,0.00016039828187786043
2025-12-03T09:00:00Z,-7.609444,112.595556,0.0019840544555336,0.0001969886070583016,1.2371160664770288e-05
2025-12-03T12:00:00Z,-7.609444,112.595556,0.0018436533864587,0.00017802498769015074,8.284279465442523e-05
2025-12-03T15:00:00Z,-7.609444,112.595556,0.001890784362331,0.00012151055125286804,0.00018109686789102847
2025-12-03T18:00:00Z,-7.609444,112.595556,0.0019156958442181,0.00013374368427321315,0.0004974700859747827
2025-12-03T21:00:00Z,-7.609444,112.595556,0.0019413589034229,9.05070555745624e-05,0.0007607577135786414
2025-12-04T00:00:00Z,-7.609444,112.595556,0.0020560210105031,2.5631868993514217e-05,0.0006760710966773331
2025-12-04T03:00:00Z,-7.609444,112.595556,0.0022031657863408,7.987804565345868e-05,0.0003883826720993966
2025-12-04T06:00:00Z,-7.609444,112.595556,0.0023742113262414,0.0003028963110409677,-8.719060861039907e-05
2025-12-04T09:00:00Z,-7.609444,112.595556,0.002402936341241,0.0005222882027737796,-0.0006161201163195074
2025-12-04T12:00:00Z,-7.609444,112.595556,0.0022976375184953,0.0005196063430048525,-0.0011298781028017
2025-12-04T15:00:00Z,-7.609444,112.595556,0.0022129490971565,0.00036510376958176494,-0.0016967047704383
2025-12-04T18:00:00Z,-7.609444,112.595556,0.0020337926689535,0.00014031873433850706,-0.0019652179908007
2025-12-04T21:00:00Z,-7.609444,112.595556,0.0017058434896171,-0.0002244754432467744,-0.001912971958518
2025-12-05T00:00:00Z,-7.609444,112.595556,0.001343261799775,-0.0004924580571241677,-0.0013306481996551
2025-12-05T03:00:00Z,-7.609444,112.595556,0.0011009741574525,-0.000687735213432461,-0.0008377737831324339
2025-12-05T06:00:00Z,-7.609444,112.595556,0.0010824307100847,-0.0007469147676602006,-0.00046072687837295234
2025-12-05T09:00:00Z,-7.609444,112.595556,0.0012435184326022,-0.0007835014257580042,3.912909596692771e-05
2025-12-05T12:00:00Z,-7.609444,112.595556,0.0015569264069199,-0.0007849300163798034,0.000232061036513187
2025-12-05T15:00:00Z,-7.609444,112.595556,0.0019355226540938,-0.0006192615255713463,0.00019343978783581409
2025-12-05T18:00:00Z,-7.609444,112.595556,0.0022189037408679,-0.0004069670394528657,-4.874015212408267e-05
2025-12-05T21:00:00Z,-7.609444,112.595556,0.0023821115028113,-0.0003849070053547621,-0.0009105699136853218
2025-12-06T00:00:00Z,-7.609444,112.595556,0.0024804638233035,-0.0004915852914564312,-0.0014179900754243
2025-12-06T03:00:00Z,-7.609444,112.595556,0.0025294106453657,-0.0006211200379766524,-0.0013554539764299
2025-12-06T06:00:00Z,-7.609444,112.595556,0.0025285910815,-0.0007530031725764275,-0.0012432972434908
2025-12-06T09:00:00Z,-7.609444,112.595556,0.0026139225810766,-0.0009489653166383504,-0.0011784909293055
2025-12-06T12:00:00Z,-7.609444,112.595556,0.0028620343655347,-0.001074192347005,-0.0010964297689497
2025-12-06T15:00:00Z,-7.609444,112.595556,0.0030835992656648,-0.0010604361305013,-0.0011085098376497
2025-12-06T18:00:00Z,-7.609444,112.595556,0.003276951611042,-0.0009136985754594208,-0.0009402710711583496
2025-12-06T21:00:00Z,-7.609444,112.595556,0.0033463342115283,-0.0008079125545918941,-0.0009929939405992627
2025-12-07T00:00:00Z,-7.609444,112.595556,0.0034703130368143,-0.0007497586193494499,-0.0011368956184014
2025-12-07T03:00:00Z,-7.609444,112.595556,0.0035211846698075,-0.0005833517643623054,-0.001006981357932
2025-12-07T06:00:00Z,-7.609444,112.595556,0.0034442297182977,-0.0003493922122288496,-0.0010450246045365
2025-12-07T09:00:00Z,-7.609444,112.595556,0.0032877584453672,-0.000230202786042355,-0.0011821817606687
2025-12-07T12:00:00Z,-7.609444,112.595556,0.0033230148255825,-6.527208461193368e-05,-0.000789916783105582
2025-12-07T15:00:00Z,-7.609444,112.595556,0.0032869474962353,0.0002047809539362788,-5.978568879072554e-05
2025-12-07T18:00:00Z,-7.609444,112.595556,0.0031846244819462,0.0004499974602367729,0.0003765018191188574
2025-12-07T21:00:00Z,-7.609444,112.595556,0.003031235653907,0.0004688893386628479,0.00025105616077780724
2025-12-08T00:00:00Z,-7.609444,112.595556,0.0030282195657491,0.0003780612605623901,-0.00027020511333830655
2025-12-08T03:00:00Z,-7.609444,112.595556,0.0030358543153852,0.0003559401957318187,-0.0006809437763877213
2025-12-08T06:00:00Z,-7.609444,112.595556,0.0029947035945951,0.0001843218778958544,-0.0010183788836002
2025-12-08T09:00:00Z,-7.609444,112.595556,0.0028470421675592,-0.0002212634135503322,-0.0013240561820566
2025-12-08T12:00:00Z,-7.609444,112.595556,0.0026528018061071,-0.0006154014845378697,-0.0012374283978715
2025-12-08T15:00:00Z,-7.609444,112.595556,0.0023259813897311,-0.0008554330561310053,-0.0013593707699328
2025-12-08T18:00:00Z,-7.609444,112.595556,0.0019474665168672,-0.0009751616162247956,-0.0016377929132431
2025-12-08T21:00:00Z,-7.609444,112.595556,0.0014831676380708,-0.0010735621908679,-0.0019327756017446
2025-12-09T00:00:00Z,-7.609444,112.595556,0.0011178739368915,-0.0010790672386065,-0.0020842878147959
2025-12-09T03:00:00Z,-7.609444,112.595556,0.0009016284020617604,-0.0010350125376135,-0.0020432486198842
2025-12-09T06:00:00Z,-7.609444,112.595556,0.0008511733612976968,-0.0011959612602367,-0.0020488731097429
2025-12-09T09:00:00Z,-7.609444,112.595556,0.0007272238144651055,-0.001615754677914,-0.0021170154213905
2025-12-09T12:00:00Z,-7.609444,112.595556,0.0005285145598463714,-0.0020110036712139,-0.0019095049938187
2025-12-09T15:00:00Z,-7.609444,112.595556,0.0002789274731185287,-0.0022181051317602,-0.0017419450450688
2025-12-09T18:00:00Z,-7.609444,112.595556,0.00012345499999355525,-0.002193953609094,-0.0016198478406295
2025-12-09T21:00:00Z,-7.609444,112.595556,2.3969159883563407e-05,-0.0020418514031916,-0.0015592334093526
2025-12-10T00:00:00Z,-7.609444,112.595556,6.08717673458159e-05,-0.0017217545537278,-0.0017010784940794
2025-12-10T03:00:00Z,-7.609444,112.595556,0.00020348242833279076,-0.0013664982980117,-0.0014539749827235
2025-12-10T06:00:00Z,-7.609444,112.595556,0.00044155868818052113,-0.0010807777289301,-0.000783307827077806
2025-12-10T09:00:00Z,-7.609444,112.595556,0.0006461457815021276,-0.0009685250115580856,7.234505574160721e-06
2025-12-10T12:00:00Z,-7.609444,112.595556,0.00088378885993734,-0.0009353032219223678,0.0004408259701449424
2025-12-10T15:00:00Z,-7.609444,112.595556,0.0011089462786912,-0.0009202949586324394,0.000396307063056156
2025-12-10T18:00:00Z,-7.609444,112.595556,0.0013461763737723,-0.0010401194449514,0.0001811105612432584
2025-12-10T21:00:00Z,-7.609444,112.595556,0.001594596542418,-0.0011777321342378,-0.00026854933821596205
2025-12-11T00:00:00Z,-7.609444,112.595556,0.0017678954172879,-0.0012733170296996,-0.0005696450243704021
2025-12-11T03:00:00Z,-7.609444,112.595556,0.0017945792060345,-0.0012879321584478,-0.0005028113373555243
2025-12-11T06:00:00Z,-7.609444,112.595556,0.001756714656949,-0.001229967107065,-0.00045161982416175306
2025-12-11T09:00:00Z,-7.609444,112.595556,0.0016759821446612,-0.0012725713895633,-0.0001413576101185754
2025-12-11T12:00:00Z,-7.609444,112.595556,0.0015530498931184,-0.0014264060882851,0.000493970699608326
2025-12-11T15:00:00Z,-7.609444,112.595556,0.0013494266895577,-0.0016155324410647,0.0011510768672451
2025-12-11T18:00:00Z,-7.609444,112.595556,0.0011804355308413,-0.0016736694378778,0.0016285569872707
2025-12-11T21:00:00Z,-7.609444,112.595556,0.0011158066336065,-0.0015234631719067,0.0017360408091917
2025-12-12T00:00:00Z,-7.609444,112.595556,0.0012435540556907,-0.0010767093626782,0.0015457144472748
2025-12-12T03:00:00Z,-7.609444,112.595556,0.0014427005080506,-0.0005631820531561971,0.0012135920114815
2025-12-12T06:00:00Z,-7.609444,112.595556,0.0015484713949263,-0.0002721346099860966,0.0005372160230763257
2025-12-12T09:00:00Z,-7.609444,112.595556,0.0014947453746572,-0.0003597140312194824,-8.533176151104271e-05
2025-12-12T12:00:00Z,-7.609444,112.595556,0.0013662796700373,-0.000589578237850219,-0.0006375255761668086
2025-12-12T15:00:00Z,-7.609444,112.595556,0.0012548172380775,-0.0006833524676039815,-0.0011999984271824
2025-12-12T18:00:00Z,-7.609444,112.595556,0.0010603081900626,-0.0005816190387122333,-0.001389737939462
2025-12-12T21:00:00Z,-7.609444,112.595556,0.0009318767697550356,-0.00041323842015117407,-0.0015848292969167
2025-12-13T00:00:00Z,-7.609444,112.595556,0.0009303648839704692,-0.00026807840913534164,-0.0017887311987578
2025-12-13T03:00:00Z,-7.609444,112.595556,0.0010070215212181,-0.0002800573129206896,-0.0018445751629769
2025-12-13T06:00:00Z,-7.609444,112.595556,0.0011238128645345,-0.0003300563548691571,-0.0019613963086158
2025-12-13T09:00:00Z,-7.609444,112.595556,0.0011954146903008,-0.00035406986717134714,-0.0016905507072806
2025-12-13T12:00:00Z,-7.609444,112.595556,0.0012655161553993,-0.0002201836323365569,-0.0012828528415411
2025-12-13T15:00:00Z,-7.609444,112.595556,0.0012828190810978,-3.318310700706206e-05,-0.0010614097118377
2025-12-13T18:00:00Z,-7.609444,112.595556,0.0012567061930894,-1.9358772988198325e-05,-0.000978195806965232
2025-12-13T21:00:00Z,-7.609444,112.595556,0.0011753240833058,-0.00019027185044251385,-0.0010409490205347
2025-12-14T00:00:00Z,-7.609444,112.595556,0.0010796762071549,-0.00021874590311199427,-0.0007949299179017544
2025-12-14T03:00:00Z,-7.609444,112.595556,0.001107029384002,-0.00015913414245005697,-7.398521847790107e-05
2025-12-14T06:00:00Z,-7.609444,112.595556,0.0012496130075305,-5.861794306838419e-06,0.0003987767267972231
2025-12-14T09:00:00Z,-7.609444,112.595556,0.001580489333719,0.00029036690830253065,0.0009093102999031544
2025-12-14T12:00:00Z,-7.609444,112.595556,0.0019521663198247,0.0006341823027469218,0.0015865608584135
2025-12-14T15:00:00Z,-7.609444,112.595556,0.0022756068501621,0.0009072258835658432,0.0017080147517845
2025-12-14T18:00:00Z,-7.609444,112.595556,0.0026038580108433,0.0010045368690043,0.0015055562835186
2025-12-14T21:00:00Z,-7.609444,112.595556,0.0028622462414205,0.0011156847467646,0.0015688082203269
2025-12-15T00:00:00Z,-7.609444,112.595556,0.0030025783926248,0.0012052883394062,0.0014893882907927
2025-12-15T03:00:00Z,-7.609444,112.595556,0.0030763160903006,0.0013225452275946,0.0010080001084133
2025-12-15T06:00:00Z,-7.609444,112.595556,0.0031598592177033,0.0013151107123121,0.00023900637461338192
2025-12-15T09:00:00Z,-7.609444,112.595556,0.0031910496763885,0.0011005370179191,-0.00022502827050630003
2025-12-15T12:00:00Z,-7.609444,112.595556,0.0030186288058757,0.0008500959374941885,-0.0004703617887571454
2025-12-15T15:00:00Z,-7.609444,112.595556,0.0027146344073116,0.0007136604399420321,-0.0006436285329982638
2025-12-15T18:00:00Z,-7.609444,112.595556,0.0023999365512281,0.0006929085939191282,-0.0007371283718384802
2025-12-15T21:00:00Z,-7.609444,112.595556,0.0020774158183485,0.000769160978961736,-0.0006975921569392085
2025-12-16T00:00:00Z,-7.609444,112.595556,0.0018418674590066,0.0006791194318793714,-0.0007733057136647403
2025-12-16T03:00:00Z,-7.609444,112.595556,0.0015746208373457,0.00047319798613898456,-0.0010135712800547
2025-12-16T06:00:00Z,-7.609444,112.595556,0.0012524756602942,0.00014993092918302864,-0.0013288536574691
2025-12-16T09:00:00Z,-7.609444,112.595556,0.0009330876637250184,-0.0002099574048770592,-0.0016215671785175
2025-12-16T12:00:00Z,-7.609444,112.595556,0.0005372098530642688,-0.0005115167587064207,-0.0018967221258208
2025-12-16T15:00:00Z,-7.609444,112.595556,0.00030530692311003804,-0.0006253661122173071,-0.0024028921034187
2025-12-16T18:00:00Z,-7.609444,112.595556,0.00020257644064258784,-0.0005229309317655861,-0.0026488243602216
2025-12-16T21:00:00Z,-7.609444,112.595556,0.0001897305774036795,-0.0003607726248446852,-0.0024240782950073
2025-12-17T00:00:00Z,-7.609444,112.595556,0.00018702991656027732,-0.0003608688130043447,-0.0019865508656948
2025-12-17T03:00:00Z,-7.609444,112.595556,0.0001043039737851359,-0.0005475026555359364,-0.0017632340313866
2025-12-17T06:00:00Z,-7.609444,112.595556,7.288063352461904e-05,-0.0006107879453338683,-0.0017067058943212
2025-12-17T09:00:00Z,-7.609444,112.595556,0.000224887058720924,-0.0004300273139961064,-0.0018010984640568
2025-12-17T12:00:00Z,-7.609444,112.595556,0.0005114794475957751,-0.0002163410536013544,-0.0020034543704241
2025-12-17T15:00:00Z,-7.609444,112.595556,0.0009019698482006788,-0.0001021592106553726,-0.0022711337078362
2025-12-17T18:00:00Z,-7.609444,112.595556,0.0011975620873272,-0.00016337375564035028,-0.00218295189552
2025-12-17T21:00:00Z,-7.609444,112.595556,0.0014828111743554,-0.0003101686888840049,-0.0020250419620424
2025-12-18T00:00:00Z,-7.609444,112.595556,0.0018194302683696,-0.0003981400805059821,-0.0019633951596915
2025-12-18T03:00:00Z,-7.609444,112.595556,0.0022137954365462,-0.0003750270407181233,-0.0018609063699841
2025-12-18T06:00:00Z,-7.609444,112.595556,0.002557031577453,-0.0002643383340910077,-0.0019060589838773
2025-12-18T09:00:00Z,-7.609444,112.595556,0.0027957169804722,-0.00017662806203588843,-0.0016641613328829
2025-12-18T12:00:00Z,-7.609444,112.595556,0.0030730927828699,-0.0003213099844288081,-0.0011968812905251
2025-12-18T15:00:00Z,-7.609444,112.595556,0.003356623230502,-0.000640823389403522,-0.0006977415760047734
2025-12-18T18:00:00Z,-7.609444,112.595556,0.0035327167715877,-0.000963690341450274,-0.0002585205365903676
2025-12-18T21:00:00Z,-7.609444,112.595556,0.0036020532716065,-0.0011135794920846,-0.00011144590098410843
2025-12-19T00:00:00Z,-7.609444,112.595556,0.0036123185418546,-0.0010369768133386,-4.895450547337532e-05
2025-12-19T03:00:00Z,-7.609444,112.595556,0.0036506836768239,-0.0007098964415490627,-9.385851444676518e-05
2025-12-19T06:00:00Z,-7.609444,112.595556,0.0037367118056863,-0.00032874391763471067,-8.927204180508852e-05
2025-12-19T09:00:00Z,-7.609444,112.595556,0.0036934576928615,-0.00023995757510419932,0.00035555404610931873
2025-12-19T12:00:00Z,-7.609444,112.595556,0.0036350600421428,-0.0004988018772564828,0.0006084316992200911
2025-12-19T15:00:00Z,-7.609444,112.595556,0.0036330444272607,-0.0006935028359293938,0.0008323820075020194
2025-12-19T18:00:00Z,-7.609444,112.595556,0.0037141151260584,-0.000619445345364511,0.0010042007779702
2025-12-19T21:00:00Z,-7.609444,112.595556,0.0038429072592407,-0.0003745934518519789,0.0007864842773415148
2025-12-20T00:00:00Z,-7.609444,112.595556,0.0038829525001347,-9.173496073344722e-05,0.00017875642515718937
2025-12-20T03:00:00Z,-7.609444,112.595556,0.0038877842016518,7.706073665758595e-05,-0.000439923198428005
2025-12-20T06:00:00Z,-7.609444,112.595556,0.0039432733319699,-6.46340413368307e-05,-0.0011015988420695
2025-12-20T09:00:00Z,-7.609444,112.595556,0.0037607131525874,-0.00023708093794994056,-0.0012026609620079
2025-12-20T12:00:00Z,-7.609444,112.595556,0.0035180589184165,-0.0003038690774701536,-0.0012562848860397
2025-12-20T15:00:00Z,-7.609444,112.595556,0.0033418228849768,-0.00016739757847972214,-0.0016288897022604
2025-12-20T18:00:00Z,-7.609444,112.595556,0.0031449228990823,2.137823321390897e-05,-0.002113684779033
2025-12-20T21:00:00Z,-7.609444,112.595556,0.0028572950977832,5.160299042472616e-05,-0.0028032946866005
2025-12-21T00:00:00Z,-7.609444,112.595556,0.0026176997926086,-2.9370508855208755e-05,-0.0031210421584546
2025-12-21T03:00:00Z,-7.609444,112.595556,0.0023540251422673,-3.179044506396167e-05,-0.0028730914928019
2025-12-21T06:00:00Z,-7.609444,112.595556,0.0022494706790894,0.0001573566405568272,-0.002372077666223
2025-12-21T09:00:00Z,-7.609444,112.595556,0.0022567450068891,0.0006794126238673925,-0.0015300826635211
2025-12-21T12:00:00Z,-7.609444,112.595556,0.0022936214227229,0.0012010517530143,-0.000535259023308754
2025-12-21T15:00:00Z,-7.609444,112.595556,0.0023943288251757,0.0015634138835594,0.0001014365698210895
2025-12-21T18:00:00Z,-7.609444,112.595556,0.0024164165370166,0.0015832022763788,0.0005573565140366554
2025-12-21T21:00:00Z,-7.609444,112.595556,0.0023221867159008,0.0013258493272587,0.0007150705205276608
2025-12-22T00:00:00Z,-7.609444,112.595556,0.0023453123867511,0.0009819417027756572,0.0007367389043793082
2025-12-22T03:00:00Z,-7.609444,112.595556,0.0024473227094858,0.0007208154420368373,0.0006196092581376433
2025-12-22T06:00:00Z,-7.609444,112.595556,0.0025576401967555,0.0005391770973801613,0.00030394986970350146
2025-12-22T09:00:00Z,-7.609444,112.595556,0.0027276980690658,0.0004452634311746806,0.00012714858166873455
2025-12-22T12:00:00Z,-7.609444,112.595556,0.0029403087683022,0.0003601840871851892,4.376958895591088e-05
2025-12-22T15:00:00Z,-7.609444,112.595556,0.0029643343295902,0.0002601512533146888,-0.0001829012035159394
2025-12-22T18:00:00Z,-7.609444,112.595556,0.0029351187404245,0.00022462611377704889,-0.0005400584195740521
2025-12-22T21:00:00Z,-7.609444,112.595556,0.0028191204182803,0.00025854099658317864,-0.0007165799615904689
2025-12-23T00:00:00Z,-7.609444,112.595556,0.0028349012136459,0.000257412699284032,-0.0008890609024092555
2025-12-23T03:00:00Z,-7.609444,112.595556,0.0028540033381432,0.00014915638894308358,-0.0007605773862451315
2025-12-23T06:00:00Z,-7.609444,112.595556,0.0028223185800015,-0.00014883869152981788,-0.0005544183077290654
2025-12-23T09:00:00Z,-7.609444,112.595556,0.0027131077367812,-0.0004977089702151716,0.0001465381938032806
2025-12-23T12:00:00Z,-7.609444,112.595556,0.0027015039231628,-0.0007301230216398835,0.0009668163838796318
2025-12-23T15:00:00Z,-7.609444,112.595556,0.0026825587265193,-0.000740089628379792,0.001548274885863
2025-12-23T18:00:00Z,-7.609444,112.595556,0.0028229686431586,-0.0005396830965764821,0.0017376823816448
2025-12-23T21:00:00Z,-7.609444,112.595556,0.0030110923107713,-0.00012980573228560388,0.0015920810401439
2025-12-24T00:00:00Z,-7.609444,112.595556,0.0032921801321208,0.00028357308474369347,0.0013228652533143
2025-12-24T03:00:00Z,-7.609444,112.595556,0.0034006943460553,0.00041156489169225097,0.0012527185026556
2025-12-24T06:00:00Z,-7.609444,112.595556,0.0032909146975725,0.0001827852538553998,0.0008914601639844477
2025-12-24T09:00:00Z,-7.609444,112.595556,0.0030944964382797,-0.000114722344733309,0.0007760519511066377
2025-12-24T12:00:00Z,-7.609444,112.595556,0.0029586246237158,-0.000408319232519716,0.0007554609328508377
2025-12-24T15:00:00Z,-7.609444,112.595556,0.0028717450331896,-0.0005658171139657497,0.000860652478877455
2025-12-24T18:00:00Z,-7.609444,112.595556,0.0026995404623448,-0.0006481436430476606,0.0006547584780491889
2025-12-24T21:00:00Z,-7.609444,112.595556,0.0025820091832429,-0.0006704707629978657,0.00027780121308751404
2025-12-25T00:00:00Z,-7.609444,112.595556,0.0025933545548468,-0.0007109972066245973,0.00011242703476455064
2025-12-25T03:00:00Z,-7.609444,112.595556,0.0026035460177809,-0.0007891103741712868,4.7494173486484215e-05
2025-12-25T06:00:00Z,-7.609444,112.595556,0.0025285680312663,-0.000929028436075896,-8.014515333343297e-05
2025-12-25T09:00:00Z,-7.609444,112.595556,0.0023814593441784,-0.0010270125931128,-1.8043250747723505e-05
2025-12-25T12:00:00Z,-7.609444,112.595556,0.0020708898082375,-0.0011302501661702,1.873553446785081e-05
2025-12-25T15:00:00Z,-7.609444,112.595556,0.0016270385822281,-0.0012424597516655,4.013227589894086e-05
2025-12-25T18:00:00Z,-7.609444,112.595556,0.0012185357045382,-0.001319944858551,0.0001755379344103858
2025-12-25T21:00:00Z,-7.609444,112.595556,0.0009538712911307812,-0.0013563949614763,0.0004259238485246897
2025-12-26T00:00:00Z,-7.609444,112.595556,0.0009747321018949152,-0.0013271842617541,0.0006904159672558308
2025-12-26T03:00:00Z,-7.609444,112.595556,0.0011004378320649,-0.001241760328412,0.0008421061793342233
2025-12-26T06:00:00Z,-7.609444,112.595556,0.0013084964593872,-0.0011551640927791,0.0006789383478462696
2025-12-26T09:00:00Z,-7.609444,112.595556,0.0015489013167098,-0.0009763276320882142,0.0005709593533538282
2025-12-26T12:00:00Z,-7.609444,112.595556,0.0017225525807589,-0.0008482177508994937,0.0002923691354226321
2025-12-26T15:00:00Z,-7.609444,112.595556,0.0018564991187304,-0.0007675300003029406,-8.486364095006138e-05
2025-12-26T18:00:00Z,-7.609444,112.595556,0.0019680117256939,-0.0007388515514321625,-0.0003936612920369953
2025-12-26T21:00:00Z,-7.609444,112.595556,0.0020994257647544,-0.0006582792266272008,-0.0006519026355817914
2025-12-27T00:00:00Z,-7.609444,112.595556,0.0022961059585213,-0.0007167533040046692,-0.0008862948161549866
2025-12-27T03:00:00Z,-7.609444,112.595556,0.0024753352627158,-0.0006773406057618558,-0.0008751277346163988
2025-12-27T06:00:00Z,-7.609444,112.595556,0.0025288821198046,-0.000585174304433167,-0.0010844800854101
2025-12-27T09:00:00Z,-7.609444,112.595556,0.00261483900249,-0.0003941360046155751,-0.001141169690527
2025-12-27T12:00:00Z,-7.609444,112.595556,0.0027522547170519,-0.00029366399394348264,-0.0012264068936929
2025-12-27T15:00:00Z,-7.609444,112.595556,0.0028637701179832,-0.0002575428516138345,-0.0013824733905494
2025-12-27T18:00:00Z,-7.609444,112.595556,0.0029584881849586,-0.00023266013886313883,-0.0015996069414541
2025-12-27T21:00:00Z,-7.609444,112.595556,0.003153784899041,-0.000194640553672798,-0.0019135886104777
2025-12-28T00:00:00Z,-7.609444,112.595556,0.0035253968089818,-0.0001435991289326921,-0.0020387498661875
2025-12-28T03:00:00Z,-7.609444,112.595556,0.0037332095671445,-5.996377876726911e-05,-0.0020299898460507
2025-12-28T06:00:00Z,-7.609444,112.595556,0.003646730678156,-2.7156844225828536e-05,-0.0021911365911364
2025-12-28T09:00:00Z,-7.609444,112.595556,0.0035266114864498,2.539605475249118e-06,-0.0024817327503114
2025-12-28T12:00:00Z,-7.609444,112.595556,0.0035854405723512,-0.0001842960191424936,-0.0026606314349919
2025-12-28T15:00:00Z,-7.609444,112.595556,0.0037053630221635,-0.000428699713665992,-0.0026431260630488
2025-12-28T18:00:00Z,-7.609444,112.595556,0.0038103638216853,-0.0007549612782895565,-0.0024502302985638
2025-12-28T21:00:00Z,-7.609444,112.595556,0.0039401305839419,-0.0010207997402176,-0.0023036876227706
2025-12-29T00:00:00Z,-7.609444,112.595556,0.0042123971506953,-0.0010196302318945,-0.0019620349630713
2025-12-29T03:00:00Z,-7.609444,112.595556,0.0044428217224776,-0.0009705634438432752,-0.0017231922829523
2025-12-29T06:00:00Z,-7.609444,112.595556,0.0046227755956351,-0.0010333599057048,-0.0020326850935816
2025-12-29T09:00:00Z,-7.609444,112.595556,0.0048141712322831,-0.0009849360212683678,-0.0022431942634284
2025-12-29T12:00:00Z,-7.609444,112.595556,0.0048571527004241,-0.0009159664623439312,-0.0022356065455824
2025-12-29T15:00:00Z,-7.609444,112.595556,0.0048050670884549,-0.0008979435660876334,-0.0021385261788964
2025-12-29T18:00:00Z,-7.609444,112.595556,0.004695707000792,-0.0008402892271988094,-0.0018032040679827
2025-12-29T21:00:00Z,-7.609444,112.595556,0.0046112015843391,-0.0008062472916208208,-0.00165508443024
2025-12-30T00:00:00Z,-7.609444,112.595556,0.0046175452880561,-0.0006614531157538295,-0.0013247393071651
2025-12-30T03:00:00Z,-7.609444,112.595556,0.0045618559233844,-0.00042081624269485474,-0.0008213130640797317
2025-12-30T06:00:00Z,-7.609444,112.595556,0.0044289180077612,-0.000234491060837172,-0.0008252329425886273
2025-12-30T09:00:00Z,-7.609444,112.595556,0.0043755322694778,-3.7268535379553214e-05,-0.0008471144828945398
2025-12-30T12:00:00Z,-7.609444,112.595556,0.0042286636307835,1.6651907571940683e-05,-0.0007090080180205405
2025-12-30T15:00:00Z,-7.609444,112.595556,0.0040508355014026,-0.00014002103125676513,-0.0007048722472973168
2025-12-30T18:00:00Z,-7.609444,112.595556,0.0037419816944748,-0.0002651818795129657,-0.0005668713129125535
2025-12-30T21:00:00Z,-7.609444,112.595556,0.003371336730197,-0.00039025762816891074,-0.0003255564079154283
2025-12-31T00:00:00Z,-7.609444,112.595556,0.0030661404598504,-0.0005569359054788947,8.215017442125827e-05
2025-12-31T03:00:00Z,-7.609444,112.595556,0.0027946757618337,-0.0005690443213097751,0.0005568022024817765
2025-12-31T06:00:00Z,-7.609444,112.595556,0.0024651254061609,-0.000570146192330867,0.0007215779623948038
2025-12-31T09:00:00Z,-7.609444,112.595556,0.0021944467443972,-0.0005306049133650959,0.0009676304180175066
2025-12-31T12:00:00Z,-7.609444,112.595556,0.0019789503421634,-0.0006134592113085091,0.0016241476405411
2025-12-31T15:00:00Z,-7.609444,112.595556,0.001814795890823,-0.0008099187980405986,0.0022463535424321
2025-12-31T18:00:00Z,-7.609444,112.595556,0.0016649502795189,-0.0008637614664621651,0.0025678088422864
2025-12-31T21:00:00Z,-7.609444,112.595556,0.0014593333471566,-0.0008772934088483453,0.0028268811292946
2026-01-01T00:00:00Z,-7.609444,112.595556,0.0012103378639379,-0.000948481757801393,0.0028945352780609
2026-01-01T03:00:00Z,-7.609444,112.595556,0.0009371108779836684,-0.0010014851712965,0.002364814258889
2026-01-01T06:00:00Z,-7.609444,112.595556,0.0007950610156411245,-0.0009719839338264032,0.0015484778716723
2026-01-01T09:00:00Z,-7.609444,112.595556,0.0006672871950328901,-0.0008266994549177174,0.000952206318831895
2026-01-01T12:00:00Z,-7.609444,112.595556,0.0005260984578730826,-0.0006810380784070653,0.000915048259480409
2026-01-01T15:00:00Z,-7.609444,112.595556,0.0004840947346397825,-0.0003938441787544989,0.000996723120506266
2026-01-01T18:00:00Z,-7.609444,112.595556,0.0003975042730634965,-4.355443966514832e-05,0.0010166043762604
2026-01-01T21:00:00Z,-7.609444,112.595556,0.00027444091955121185,0.0002642644056185888,0.0009597417626491648
2026-01-02T00:00:00Z,-7.609444,112.595556,0.00026417854082491323,0.0005702175336869232,0.0010620535121355
2026-01-02T03:00:00Z,-7.609444,112.595556,0.0002114730831406432,0.0008883766684800196,0.0007566189432583025
2026-01-02T06:00:00Z,-7.609444,112.595556,0.0002398561482259708,0.0011395220764973,-1.2722166956630762e-05
2026-01-02T09:00:00Z,-7.609444,112.595556,0.00033395419970386485,0.0013466931865493,-0.0006287928423044042
2026-01-02T12:00:00Z,-7.609444,112.595556,0.0004978463159691389,0.0014358740814082,-0.000990762204478916
2026-01-02T15:00:00Z,-7.609444,112.595556,0.0005592687708392325,0.0013987416122272,-0.0011746409045562
2026-01-02T18:00:00Z,-7.609444,112.595556,0.00037887473423074496,0.0013597665276398,-0.0011774457886566
2026-01-02T21:00:00Z,-7.609444,112.595556,0.00024803594055793754,0.0013738555502713,-0.0009491408580661756
2026-01-03T00:00:00Z,-7.609444,112.595556,0.0004166386991809853,0.0014407860207224,-0.0007147659912373385
2026-01-03T03:00:00Z,-7.609444,112.595556,0.0007195065436938419,0.0014816231292259,-0.0008172721134431399
2026-01-03T06:00:00Z,-7.609444,112.595556,0.0009759068471695704,0.0014337925905463,-0.0009221564887017133
2026-01-03T09:00:00Z,-7.609444,112.595556,0.0011141516631257,0.0012944339464232,-0.0007364912930557359
2026-01-03T12:00:00Z,-7.609444,112.595556,0.0013455074299187,0.0009490349061396204,-0.0004632414312710376
2026-01-03T15:00:00Z,-7.609444,112.595556,0.0016534368430454,0.0007459298951258211,-0.0002819048627083576
2026-01-03T18:00:00Z,-7.609444,112.595556,0.0018331798058952,0.0008343020682424125,-6.868031868189386e-05
2026-01-03T21:00:00Z,-7.609444,112.595556,0.0019244579866241,0.00096474025277815,0.0001721022727915702
2026-01-04T00:00:00Z,-7.609444,112.595556,0.0020047229751876,0.0009069873753475064,0.0002881781245594906
2026-01-04T03:00:00Z,-7.609444,112.595556,0.0020392325416121,0.0007375135690986592,4.2159018862999325e-05
2026-01-04T06:00:00Z,-7.609444,112.595556,0.0019301436601287,0.0005697258711273639,-0.0001788159685318267
2026-01-04T09:00:00Z,-7.609444,112.595556,0.0017433418163193,0.0004175364843954811,-0.00017865146034834987
2026-01-04T12:00:00Z,-7.609444,112.595556,0.0018054734739934,0.0002702478581615579,-7.99410103830341e-05
2026-01-04T15:00:00Z,-7.609444,112.595556,0.002071915605118,0.0003410192724906674,0.00010335727278769303
2026-01-04T18:00:00Z,-7.609444,112.595556,0.0023247685217332,0.0004431550495689414,0.00012595710313638442
2026-01-04T21:00:00Z,-7.609444,112.595556,0.0023698119273481,0.00041923119866615937,8.05272498248322e-05
2026-01-05T00:00:00Z,-7.609444,112.595556,0.0024077111107022,0.00035661147282332835,-5.759264437895273e-05
2026-01-05T03:00:00Z,-7.609444,112.595556,0.0023984060911398,0.0002821402524148236,-0.0004048755164803206
2026-01-05T06:00:00Z,-7.609444,112.595556,0.00245017411137,0.0001463872958952895,-0.0008934579639076776
2026-01-05T09:00:00Z,-7.609444,112.595556,0.0024010554234758,-3.490525619071925e-05,-0.0011690320850197
2026-01-05T12:00:00Z,-7.609444,112.595556,0.0022357865652221,-0.0001872362125372581,-0.0014577406909057
2026-01-05T15:00:00Z,-7.609444,112.595556,0.001994242658365,-9.969190843131744e-05,-0.0016001163527521
2026-01-05T18:00:00Z,-7.609444,112.595556,0.0016553592700241,2.939266864399715e-05,-0.0016941101024018
2026-01-05T21:00:00Z,-7.609444,112.595556,0.0012979253237975,0.00011929653768610608,-0.0018225862714624
2026-01-06T00:00:00Z,-7.609444,112.595556,0.0011960830657746,0.00016833005630739314,-0.0019185050801165
2026-01-06T03:00:00Z,-7.609444,112.595556,0.0012952835819332,0.0002757240965789946,-0.0019111597078872
2026-01-06T06:00:00Z,-7.609444,112.595556,0.0014290646093907,0.0003742315159628125,-0.001878655212118
2026-01-06T09:00:00Z,-7.609444,112.595556,0.0014073777733959,0.0005812618461051404,-0.001958891171875
2026-01-06T12:00:00Z,-7.609444,112.595556,0.0012569762618811,0.0008192416605128041,-0.0021331779670846
2026-01-06T15:00:00Z,-7.609444,112.595556,0.0011103731535829,0.0011727701069812,-0.0023637277591988
2026-01-06T18:00:00Z,-7.609444,112.595556,0.0010595920008905,0.0015115555039286,-0.0026904469475785
2026-01-06T21:00:00Z,-7.609444,112.595556,0.0009914849098593842,0.0017022591133591,-0.0029596996913186
2026-01-07T00:00:00Z,-7.609444,112.595556,0.0010383150772072,0.0017382607713505,-0.0030348077821802
2026-01-07T03:00:00Z,-7.609444,112.595556,0.0010642191650231,0.0018910353619363,-0.0026950137282739
2026-01-07T06:00:00Z,-7.609444,112.595556,0.0011248005860166,0.0020254580375374,-0.0024424018995768
2026-01-07T09:00:00Z,-7.609444,112.595556,0.0011924411378852,0.0021083393063563,-0.0022388181528885
2026-01-07T12:00:00Z,-7.609444,112.595556,0.001358803291363,0.002150704640778,-0.002434436407438
2026-01-07T15:00:00Z,-7.609444,112.595556,0.0015277918606571,0.0021669861949979,-0.0028398012199198
2026-01-07T18:00:00Z,-7.609444,112.595556,0.0017475441218652,0.0020557185351729,-0.0033594621772798
2026-01-07T21:00:00Z,-7.609444,112.595556,0.0019788534157769,0.0019529463701977,-0.0038602392522348
2026-01-08T00:00:00Z,-7.609444,112.595556,0.0021016049898333,0.0019006446097698,-0.004325955581374
2026-01-08T03:00:00Z,-7.609444,112.595556,0.0021285042743779,0.0019179151382003,-0.004685024727666
2026-01-08T06:00:00Z,-7.609444,112.595556,0.0020920620582854,0.001785640641083,-0.0048592995127305
2026-01-08T09:00:00Z,-7.609444,112.595556,0.0019423616394265,0.0015094472600195,-0.0049121249002337
2026-01-08T12:00:00Z,-7.609444,112.595556,0.0017932457078538,0.0011474381315051,-0.0048715626613675
2026-01-08T15:00:00Z,-7.609444,112.595556,0.0016450156806057,0.0008650117830533873,-0.0046138326091012
2026-01-08T18:00:00Z,-7.609444,112.595556,0.0015983627925915,0.0006126129602256576,-0.0043106242674432
2026-01-08T21:00:00Z,-7.609444,112.595556,0.0015429292898626,0.00040290194604726624,-0.004104223461899
2026-01-09T00:00:00Z,-7.609444,112.595556,0.0015630387529954,0.0002824212312273777,-0.0036225101113468
2026-01-09T03:00:00Z,-7.609444,112.595556,0.0015105606264135,9.156688134648108e-05,-0.0033428327883696
2026-01-09T06:00:00Z,-7.609444,112.595556,0.0014265298274999,-0.00020286204620780684,-0.0034372665916849
2026-01-09T09:00:00Z,-7.609444,112.595556,0.0012362587564886,-0.0004293957868774026,-0.0037276442978041
2026-01-09T12:00:00Z,-7.609444,112.595556,0.0012190139478298,-0.0006089936625975662,-0.0033827205340179
2026-01-09T15:00:00Z,-7.609444,112.595556,0.0012051152687068,-0.0006327382644981696,-0.0027971528918966
2026-01-09T18:00:00Z,-7.609444,112.595556,0.0011083578619176,-0.0005803652451061073,-0.0023521417347123
2026-01-09T21:00:00Z,-7.609444,112.595556,0.0009367208679555224,-0.0006504927306844625,-0.0019403898233979
2026-01-10T00:00:00Z,-7.609444,112.595556,0.0008088023953839339,-0.000779114206232414,-0.0014352906114787
2026-01-10T03:00:00Z,-7.609444,112.595556,0.0008247551197554874,-0.0007997452117425661,-0.001449466962829
2026-01-10T06:00:00Z,-7.609444,112.595556,0.0009038605586664898,-0.0006881347091887147,-0.0019326878377266
2026-01-10T09:00:00Z,-7.609444,112.595556,0.0008480780822065876,-0.0006571160455479694,-0.0022476810407744
2026-01-10T12:00:00Z,-7.609444,112.595556,0.0007421192070982571,-0.00072811875683936,-0.0022658105024858
2026-01-10T15:00:00Z,-7.609444,112.595556,0.0007820959816417221,-0.0007785851583815304,-0.0022918799200913
2026-01-10T18:00:00Z,-7.609444,112.595556,0.0008745183374323404,-0.0006880470209729929,-0.0021808038116643
2026-01-10T21:00:00Z,-7.609444,112.595556,0.0008521005842516245,-0.0005689539318733026,-0.0018153432374183
2026-01-11T00:00:00Z,-7.609444,112.595556,0.0007497942153853077,-0.0003622967553581309,-0.0013406675810168
2026-01-11T03:00:00Z,-7.609444,112.595556,0.0006750526862446304,-2.3850196366581968e-05,-0.0013105230004841
2026-01-11T06:00:00Z,-7.609444,112.595556,0.0007884676471701689,0.00024361562798987788,-0.0015861131839809
2026-01-11T09:00:00Z,-7.609444,112.595556,0.0010191152641695,0.0003565668849974387,-0.0015967444973321
2026-01-11T12:00:00Z,-7.609444,112.595556,0.0013698964046932,0.00030036056315539607,-0.0012599814679182
2026-01-11T15:00:00Z,-7.609444,112.595556,0.0016244846264543,0.0002530185994300656,-0.0010248627711854
2026-01-11T18:00:00Z,-7.609444,112.595556,0.0016636520810777,0.00022074550494116711,-0.0010609692623955
2026-01-11T21:00:00Z,-7.609444,112.595556,0.0016418864846206,0.00012208115911667157,-0.0013187134058367
2026-01-12T00:00:00Z,-7.609444,112.595556,0.0017411198257934,0.00022992872891456216,-0.0013828320180468
2026-01-12T03:00:00Z,-7.609444,112.595556,0.0018654800972515,0.0004144972283725965,-0.0016780314841073
2026-01-12T06:00:00Z,-7.609444,112.595556,0.0019089828116941,0.0004818300667069862,-0.0023207575633427
2026-01-12T09:00:00Z,-7.609444,112.595556,0.0018461219487659,0.0004267304068767704,-0.00287161396264
2026-01-12T12:00:00Z,-7.609444,112.595556,0.0018396536929499,0.00028375880711247446,-0.0029565476807375
2026-01-12T15:00:00Z,-7.609444,112.595556,0.0019170395948802,0.0002661976333615967,-0.0029499116006032
2026-01-12T18:00:00Z,-7.609444,112.595556,0.001907364361344,0.0003481803046179821,-0.002954780740664
2026-01-12T21:00:00Z,-7.609444,112.595556,0.001936277103612,0.00033418187109987,-0.0027712271948928
2026-01-13T00:00:00Z,-7.609444,112.595556,0.0019418993799243,0.000298261389170157,-0.0021304511976213
2026-01-13T03:00:00Z,-7.609444,112.595556,0.0019096576190802,0.0001907643044129728,-0.0017267346900127
2026-01-13T06:00:00Z,-7.609444,112.595556,0.0018238207153611,3.5667660130174125e-05,-0.0014554353329558
2026-01-13T09:00:00Z,-7.609444,112.595556,0.0016285915784591,-0.00015454194254010397,-0.0011371037445667
2026-01-13T12:00:00Z,-7.609444,112.595556,0.0014865309750274,-0.00022402371208380705,-0.000672520826253805
2026-01-13T15:00:00Z,-7.609444,112.595556,0.0014242269263805,-0.000183288147389826,-0.0004601343240791854
2026-01-13T18:00:00Z,-7.609444,112.595556,0.0012044297191449,-0.0001970519169667418,-0.0002872338989065906
2026-01-13T21:00:00Z,-7.609444,112.595556,0.0010166612472474,-0.000274260822405006,-0.0002534470129735524
2026-01-14T00:00:00Z,-7.609444,112.595556,0.0009721370946392356,-0.00019981909796364697,-0.00016571685351045122
2026-01-14T03:00:00Z,-7.609444,112.595556,0.0009452346474256968,-0.00015761217755863572,-9.37641729912186e-05
2026-01-14T06:00:00Z,-7.609444,112.595556,0.0008835506490956655,-0.00030113867397261074,6.643769263046543e-05
2026-01-14T09:00:00Z,-7.609444,112.595556,0.0008771821566823539,-0.0003506136477280297,9.877928032079584e-05
2026-01-14T12:00:00Z,-7.609444,112.595556,0.0009202611812129526,-0.00020502855267255228,0.0003397429285846631
2026-01-14T15:00:00Z,-7.609444,112.595556,0.0009779018040927262,-7.922448860390411e-05,0.0002897941837761864
2026-01-14T18:00:00Z,-7.609444,112.595556,0.0010730079898239,-6.220990996568562e-05,0.00012550222340385406
2026-01-14T21:00:00Z,-7.609444,112.595556,0.0012654598302212,-2.307986459616044e-05,0.00010822650613462646
2026-01-15T00:00:00Z,-7.609444,112.595556,0.001411793449479,0.00015842957377672332,0.0004749248570499517
2026-01-15T03:00:00Z,-7.609444,112.595556,0.0013728921963233,0.00018040134328028005,0.0008750274327481557
2026-01-15T06:00:00Z,-7.609444,112.595556,0.001449431147241,0.00018483108659893643,0.0013796649223894
2026-01-15T09:00:00Z,-7.609444,112.595556,0.0015845613666153,0.00013578935331952922,0.0019530952732863
2026-01-15T12:00:00Z,-7.609444,112.595556,0.0017137351198165,-2.0699368560314645e-05,0.0025097068288823
2026-01-15T15:00:00Z,-7.609444,112.595556,0.0018013804307778,-0.00015276602472604113,0.0025818996734265
2026-01-15T18:00:00Z,-7.609444,112.595556,0.0017969515045192,-0.0003305109121019619,0.0022495777172209
2026-01-15T21:00:00Z,-7.609444,112.595556,0.0018248983111707,-0.0005064254669204161,0.0018098202035225
2026-01-16T00:00:00Z,-7.609444,112.595556,0.0018900101321143,-0.0006002907257159942,0.0018644566596163
2026-01-16T03:00:00Z,-7.609444,112.595556,0.0018532694596929,-0.0007967934894305643,0.0017443029378691
2026-01-16T06:00:00Z,-7.609444,112.595556,0.0017259685677231,-0.0010392982992479,0.0016067884498741
2026-01-16T09:00:00Z,-7.609444,112.595556,0.0016015050783814,-0.00112998319775,0.0017277946842823
2026-01-16T12:00:00Z,-7.609444,112.595556,0.0014294278961135,-0.001133142557086,0.0024336332311081
2026-01-16T15:00:00Z,-7.609444,112.595556,0.001206706665047,-0.0010377704396753,0.00318890073815
2026-01-16T18:00:00Z,-7.609444,112.595556,0.0009546419718242828,-0.0009864722212882477,0.003707289007667
2026-01-16T21:00:00Z,-7.609444,112.595556,0.0008008954821874045,-0.000959254556613608,0.0037122709802683
2026-01-17T00:00:00Z,-7.609444,112.595556,0.000843449374421742,-0.0010575782846626,0.0035779067392637
2026-01-17T03:00:00Z,-7.609444,112.595556,0.0007375981944520016,-0.0013064907924544,0.0032792063781726
2026-01-17T06:00:00Z,-7.609444,112.595556,0.00059130875290854,-0.0013839536526518,0.002877239427336
2026-01-17T09:00:00Z,-7.609444,112.595556,0.0004657731437621895,-0.0012457081701295,0.0026099218616061
2026-01-17T12:00:00Z,-7.609444,112.595556,0.00044208390093073867,-0.0011500698266204,0.0026290053323957
2026-01-17T15:00:00Z,-7.609444,112.595556,0.0004428638962433931,-0.0011916812083624,0.0023547566637143
2026-01-17T18:00:00Z,-7.609444,112.595556,0.00047224106734116415,-0.0012528588072328,0.0018781315772275
2026-01-17T21:00:00Z,-7.609444,112.595556,0.0004978004637644296,-0.0013545576797613,0.0015054951707773
2026-01-18T00:00:00Z,-7.609444,112.595556,0.0006607869555059923,-0.0015776120209604,0.0015840699651732
2026-01-18T03:00:00Z,-7.609444,112.595556,0.0007828359594593311,-0.0018166730460995,0.0017790835353001
2026-01-18T06:00:00Z,-7.609444,112.595556,0.0008032769436107973,-0.0020231599361422,0.0016874177148376
2026-01-18T09:00:00Z,-7.609444,112.595556,0.0008430467787902037,-0.0022278239866986,0.0013181880518752
2026-01-18T12:00:00Z,-7.609444,112.595556,0.0009764793233975736,-0.002476257895576,0.0013629354134384
2026-01-18T15:00:00Z,-7.609444,112.595556,0.0010879712485464,-0.0026529781554463,0.0015568873877141
2026-01-18T18:00:00Z,-7.609444,112.595556,0.0010728606844741,-0.0027255329918533,0.0016978291283541
2026-01-18T21:00:00Z,-7.609444,112.595556,0.0009597659784413452,-0.0027264951652676,0.0019206549903516
2026-01-19T00:00:00Z,-7.609444,112.595556,0.0010079528904346,-0.0026161647891299,0.0024958460888184
2026-01-19T03:00:00Z,-7.609444,112.595556,0.0010548563740242,-0.0025351322943154,0.0029636716344476
2026-01-19T06:00:00Z,-7.609444,112.595556,0.0011356728448167,-0.0025005090673584,0.0034487524879697
2026-01-19T09:00:00Z,-7.609444,112.595556,0.0012352734586708,-0.0024675284245764,0.0036963601924269
2026-01-19T12:00:00Z,-7.609444,112.595556,0.0015281015316677,-0.0025421328382446,0.0036462644035891
2026-01-19T15:00:00Z,-7.609444,112.595556,0.0019899838075827,-0.0026649949227003,0.0034046630354048
2026-01-19T18:00:00Z,-7.609444,112.595556,0.0024318835947994,-0.0027226461773534,0.0029717505100478
2026-01-19T21:00:00Z,-7.609444,112.595556,0.0026819873753432,-0.0026720351987943,0.0024769244287409
2026-01-20T00:00:00Z,-7.609444,112.595556,0.0027941787410831,-0.0026630152708654,0.0021085731410162
2026-01-20T03:00:00Z,-7.609444,112.595556,0.0028269693457036,-0.0027553940238132,0.0016834005180179
2026-01-20T06:00:00Z,-7.609444,112.595556,0.0028548266529878,-0.0028309624445279,0.0015155584721923
2026-01-20T09:00:00Z,-7.609444,112.595556,0.0026906490014591,-0.0029154683134613,0.0013452890386856
2026-01-20T12:00:00Z,-7.609444,112.595556,0.0025084031680688,-0.0032126826506911,0.0013178884548546
2026-01-20T15:00:00Z,-7.609444,112.595556,0.0024724416041686,-0.0035003012885788,0.0015210709865459
2026-01-20T18:00:00Z,-7.609444,112.595556,0.0023744374140895,-0.0037258672167385,0.0018121363914283
2026-01-20T21:00:00Z,-7.609444,112.595556,0.001983273078404,-0.0038851908685321,0.0021693129027615
2026-01-21T00:00:00Z,-7.609444,112.595556,0.0017179755152877,-0.0039706771220841,0.002322370634949
2026-01-21T03:00:00Z,-7.609444,112.595556,0.0014845473279761,-0.0039633452084401,0.0020633292359388
2026-01-21T06:00:00Z,-7.609444,112.595556,0.0012143554735237,-0.0038637610405946,0.0019515591482841
2026-01-21T09:00:00Z,-7.609444,112.595556,0.0008040492116293272,-0.0037033923997181,0.0018250992775621
2026-01-21T12:00:00Z,-7.609444,112.595556,0.0005754901125433284,-0.0034803201208738,0.0019645058474541
2026-01-21T15:00:00Z,-7.609444,112.595556,0.0003758457106183191,-0.0031995611376433,0.0022175320022278
2026-01-21T18:00:00Z,-7.609444,112.595556,0.0001860182978615264,-0.0028159443960906,0.0024876958857647
2026-01-21T21:00:00Z,-7.609444,112.595556,-2.2425970388037668e-05,-0.0025617935343591,0.0024910589273321
2026-01-22T00:00:00Z,-7.609444,112.595556,3.661419720182383e-05,-0.0024125704750391,0.0021818839824809
2026-01-22T03:00:00Z,-7.609444,112.595556,0.00017061888324093505,-0.0022472446550988,0.0015153215026208
2026-01-22T06:00:00Z,-7.609444,112.595556,0.0002522267831682104,-0.0020585195754613,0.000775133651260116
2026-01-22T09:00:00Z,-7.609444,112.595556,0.00028207962686393714,-0.0018739677319571,-0.00014976044071831815
2026-01-22T12:00:00Z,-7.609444,112.595556,0.0004165047465500187,-0.0017110295646658,-0.0007949138013812131
2026-01-22T15:00:00Z,-7.609444,112.595556,0.0006090475459322037,-0.0014494237125723,-0.0011809790115888
2026-01-22T18:00:00Z,-7.609444,112.595556,0.0005390421532579878,-0.001214259198898,-0.0013571590146353
2026-01-22T21:00:00Z,-7.609444,112.595556,0.0002542514096256879,-0.0011373430037327,-0.0016903033187903
2026-01-23T00:00:00Z,-7.609444,112.595556,0.00018748977449075464,-0.001118942118816,-0.0020126636940479
2026-01-23T03:00:00Z,-7.609444,112.595556,0.0001711505798821109,-0.0011328902663593,-0.00224825399999
2026-01-23T06:00:00Z,-7.609444,112.595556,0.0001396417727438804,-0.001071068231416,-0.0021307563596356
2026-01-23T09:00:00Z,-7.609444,112.595556,9.8526551605403e-05,-0.0008383643152476539,-0.0017389460913799
2026-01-23T12:00:00Z,-7.609444,112.595556,0.00026022211586038493,-0.0005724158439593284,-0.0010591787781361
2026-01-23T15:00:00Z,-7.609444,112.595556,0.0005862635215441814,-0.00031940842866023695,-0.00024081383930264907
2026-01-23T18:00:00Z,-7.609444,112.595556,0.0008560594938631625,-0.00013442963281005613,0.0003513630669446571
2026-01-23T21:00:00Z,-7.609444,112.595556,0.0010531122682151,-6.039705414666937e-05,0.0004262400163914429
2026-01-24T00:00:00Z,-7.609444,112.595556,0.0013027797488065,4.3976412622481525e-05,0.000503629840253025
2026-01-24T03:00:00Z,-7.609444,112.595556,0.0015316755965959,0.000126909164152075,0.0004036400260296316
2026-01-24T06:00:00Z,-7.609444,112.595556,0.0017339904209653,0.00014701226612047285,0.0002611190072505232
2026-01-24T09:00:00Z,-7.609444,112.595556,0.0017506063532674,0.00016077471842636178,0.00012965917809400088
2026-01-24T12:00:00Z,-7.609444,112.595556,0.0017606246431191,-4.487233475631311e-05,0.00014749167863817823
2026-01-24T15:00:00Z,-7.609444,112.595556,0.0016771268061964,-0.00035688903036070884,0.0001989423390208237
2026-01-24T18:00:00Z,-7.609444,112.595556,0.0016255467229044,-0.0005930789808234944,0.0003925723123077728
2026-01-24T21:00:00Z,-7.609444,112.595556,0.0016883603433935,-0.0006307877325926522,0.0004813201541310551
2026-01-25T00:00:00Z,-7.609444,112.595556,0.0018309407361535,-0.000609580118883573,0.000683257692310811
2026-01-25T03:00:00Z,-7.609444,112.595556,0.0018551444642756,-0.0008178746478427067,0.0008443886673637897
2026-01-25T06:00:00Z,-7.609444,112.595556,0.0019038638672791,-0.0012142566168182,0.0005636277123210031
2026-01-25T09:00:00Z,-7.609444,112.595556,0.0019421223309671,-0.0014452178771426,0.00021655489304496143
2026-01-25T12:00:00Z,-7.609444,112.595556,0.0019956257340546,-0.0015924919978859,1.017794231547353e-05
2026-01-25T15:00:00Z,-7.609444,112.595556,0.0018187160811761,-0.0016677399243199,6.475298938568596e-05
2026-01-25T18:00:00Z,-7.609444,112.595556,0.0015014491343002,-0.0016922024321698,-5.318115857293052e-05
2026-01-25T21:00:00Z,-7.609444,112.595556,0.0012870476811669,-0.0017264842517841,-0.0005196594154407791
2026-01-26T00:00:00Z,-7.609444,112.595556,0.0012381225501293,-0.001690334764102,-0.0005246009280153705
2026-01-26T03:00:00Z,-7.609444,112.595556,0.0011551986941936,-0.0017014570190863,-0.00019143809160207664
2026-01-26T06:00:00Z,-7.609444,112.595556,0.0011740754796697,-0.001786590179,-5.875026798393397e-05
2026-01-26T09:00:00Z,-7.609444,112.595556,0.0013075031095268,-0.0017002704202364,-0.00019205360742756297
2026-01-26T12:00:00Z,-7.609444,112.595556,0.001609637645769,-0.0014175784138494,-0.00030989134817679715
2026-01-26T15:00:00Z,-7.609444,112.595556,0.0018365165644068,-0.0011382800921619,-0.0002784877786240742
2026-01-26T18:00:00Z,-7.609444,112.595556,0.0019145246807114,-0.0010074228947404,-0.0004607479756597285
2026-01-26T21:00:00Z,-7.609444,112.595556,0.0019897640174109,-0.0009730673630517278,-0.0010485770286375
2026-01-27T00:00:00Z,-7.609444,112.595556,0.0021344557442313,-0.0008249039875289164,-0.0012532068698742
2026-01-27T03:00:00Z,-7.609444,112.595556,0.0022012306720302,-0.0007414707883074772,-0.001218881435482
2026-01-27T06:00:00Z,-7.609444,112.595556,0.0021226558635112,-0.00066638292638167,-0.0011500484066834
2026-01-27T09:00:00Z,-7.609444,112.595556,0.0020456693421286,-0.0004054099845275472,-0.000904891038914322
2026-01-27T12:00:00Z,-7.609444,112.595556,0.002028519261196,-0.0002494595533379232,-0.0007944356014829303
2026-01-27T15:00:00Z,-7.609444,112.595556,0.0020223120199873,-0.0002153150107828356,-0.0004546047946483197
2026-01-27T18:00:00Z,-7.609444,112.595556,0.0019101068798825,-0.000223026414489456,-9.051517364402927e-05
2026-01-27T21:00:00Z,-7.609444,112.595556,0.0017202658593405,-0.0002648398220375326,-0.0001752619847458026
2026-01-28T00:00:00Z,-7.609444,112.595556,0.0015819147650394,-0.00025188255608477034,-0.0004184589912616448
2026-01-28T03:00:00Z,-7.609444,112.595556,0.001593162884211,-0.00032608649455617103,-0.0008932781953823045
2026-01-28T06:00:00Z,-7.609444,112.595556,0.0016221970358967,-0.00033991368787596285,-0.0014024719319556
2026-01-28T09:00:00Z,-7.609444,112.595556,0.0016138214004306,-0.0003272172314343172,-0.0015726920275882
2026-01-28T12:00:00Z,-7.609444,112.595556,0.0016771551316824,-0.0004756999872653661,-0.0016216059624457
2026-01-28T15:00:00Z,-7.609444,112.595556,0.0017412421054402,-0.0005988130012678768,-0.0015661417105606
2026-01-28T18:00:00Z,-7.609444,112.595556,0.0017724760019549,-0.0006133708733171639,-0.0013711894282382
2026-01-28T21:00:00Z,-7.609444,112.595556,0.0017174914927226,-0.0006374509994766691,-0.0012866663927473
2026-01-29T00:00:00Z,-7.609444,112.595556,0.0016791026423403,-0.0006504082248697885,-0.0010665713528441
2026-01-29T03:00:00Z,-7.609444,112.595556,0.0017751874731726,-0.0008175500788304782,-0.0010274286680254
2026-01-29T06:00:00Z,-7.609444,112.595556,0.0019890421075237,-0.0010443822972573,-0.0011782401812811
2026-01-29T09:00:00Z,-7.609444,112.595556,0.0021208432063504,-0.0012465681286955,-0.0013754149148529
2026-01-29T12:00:00Z,-7.609444,112.595556,0.0021369050412827,-0.0014938645914108,-0.0013894921648804
2026-01-29T15:00:00Z,-7.609444,112.595556,0.0020991941392314,-0.0016039326492583,-0.0015407972111326
2026-01-29T18:00:00Z,-7.609444,112.595556,0.0020118034315998,-0.0017186924948306,-0.0019161710713964
2026-01-29T21:00:00Z,-7.609444,112.595556,0.0018425011218534,-0.0017738268654164,-0.002066686155829
2026-01-30T00:00:00Z,-7.609444,112.595556,0.0017497402910201,-0.0016958892541854,-0.001948967141734
2026-01-30T03:00:00Z,-7.609444,112.595556,0.0018086629771116,-0.0015483720250778,-0.0014799134598981
2026-01-30T06:00:00Z,-7.609444,112.595556,0.001830341592086,-0.0014265369890728,-0.0011693199242589
2026-01-30T09:00:00Z,-7.609444,112.595556,0.0018284012516613,-0.0013283191415489,-0.0007888724112443189
2026-01-30T12:00:00Z,-7.609444,112.595556,0.0019962695277647,-0.0011467484949203,-0.00017511262930366674
2026-01-30T15:00:00Z,-7.609444,112.595556,0.002131443877251,-0.0009121530067998804,0.0006263028610162531
2026-01-30T18:00:00Z,-7.609444,112.595556,0.0021112273648083,-0.0008481670960444276,0.0010392731884134
2026-01-30T21:00:00Z,-7.609444,112.595556,0.0020862308256899,-0.000909086218235099,0.0007682044003458318
2026-01-31T00:00:00Z,-7.609444,112.595556,0.0022019027417781,-0.0008701708142102721,0.00032239842782276555
2026-01-31T03:00:00Z,-7.609444,112.595556,0.0022666973449154,-0.0007210493224392542,-6.282214103243413e-06
2026-01-31T06:00:00Z,-7.609444,112.595556,0.0021641435388008,-0.000511158595632046,-0.0001417545564039302
2026-01-31T09:00:00Z,-7.609444,112.595556,0.0018511571997506,-0.00031251582997141253,-0.00030573460969432
2026-01-31T12:00:00Z,-7.609444,112.595556,0.0016379084319353,-0.0002554740478354887,-0.0003851727102335049
2026-01-31T15:00:00Z,-7.609444,112.595556,0.0013957300520221,-0.00028881143221332723,-0.0007019357356343556
2026-01-31T18:00:00Z,-7.609444,112.595556,0.0010867963535346,-0.0003073283012900165,-0.000986035751618491
2026-01-31T21:00:00Z,-7.609444,112.595556,0.0008009603696869296,-0.0002791979513728912,-0.0010362101492691
2026-02-01T00:00:00Z,-7.609444,112.595556,0.0007218380788544107,-0.00010908003023383068,-0.0011421211526412
2026-02-01T03:00:00Z,-7.609444,112.595556,0.0007502668592957375,0.0001899846631656652,-0.0012577697657364
2026-02-01T06:00:00Z,-7.609444,112.595556,0.0007146091813003226,0.0004919969393972017,-0.0015770255464744
2026-02-01T09:00:00Z,-7.609444,112.595556,0.0004990610217235148,0.0008070241429322565,-0.0019676721313897
2026-02-01T12:00:00Z,-7.609444,112.595556,0.0002795071976244432,0.0009109109260506206,-0.0022187696917709
2026-02-01T15:00:00Z,-7.609444,112.595556,2.1697469674727115e-05,0.0008610418438834539,-0.0022675940921411
2026-02-01T18:00:00Z,-7.609444,112.595556,-0.00035287051168425966,0.0007586975651667255,-0.002270791590786
2026-02-01T21:00:00Z,-7.609444,112.595556,-0.000712239103903501,0.0007650410478013368,-0.0021832772816879
2026-02-02T00:00:00Z,-7.609444,112.595556,-0.0008639454048051108,0.0009024801694572973,-0.0018719795175464
2026-02-02T03:00:00Z,-7.609444,112.595556,-0.00085487070161639,0.0009953965857977451,-0.0013882676526721
2026-02-02T06:00:00Z,-7.609444,112.595556,-0.0006530019211783196,0.0010919220780474,-0.001193860777593
2026-02-02T09:00:00Z,-7.609444,112.595556,-0.0005030959659908694,0.0011667309153077,-0.0009344519056745512
2026-02-02T12:00:00Z,-7.609444,112.595556,-0.00027488389642752267,0.0011985952601942,-0.0008438431938797225
2026-02-02T15:00:00Z,-7.609444,112.595556,1.232456473679044e-06,0.0013257589038729,-0.0008896886676701483
2026-02-02T18:00:00Z,-7.609444,112.595556,0.00019863476671326652,0.0013442501790404,-0.0010217564665739
2026-02-02T21:00:00Z,-7.609444,112.595556,9.736980662004812e-05,0.0012763844839485,-0.0011063194610863
2026-02-03T00:00:00Z,-7.609444,112.595556,9.212534624439336e-06,0.001154307746829,-0.000875887233942771
2026-02-03T03:00:00Z,-7.609444,112.595556,-7.038807329435007e-05,0.001045730671692,-0.0003466112834056598
2026-02-03T06:00:00Z,-7.609444,112.595556,5.336935806283127e-05,0.000975141057761446,-7.202085689193328e-05
2026-02-03T09:00:00Z,-7.609444,112.595556,0.00010107558754444352,0.0009631889059590658,0.00010204985304820156
2026-02-03T12:00:00Z,-7.609444,112.595556,0.00013242876601100116,0.0008344887367556755,0.0002327414024236521
2026-02-03T15:00:00Z,-7.609444,112.595556,0.00027304941784649534,0.0006312402986181637,0.00034132155328637094
2026-02-03T18:00:00Z,-7.609444,112.595556,0.0004947931601412495,0.0004123350379015808,0.00010896705755902756
2026-02-03T21:00:00Z,-7.609444,112.595556,0.0005850879140882142,0.00033592888096196336,-0.00029353653263779254
2026-02-04T00:00:00Z,-7.609444,112.595556,0.0005660223340031095,0.00038175875430295793,-0.0002825872350903359
2026-02-04T03:00:00Z,-7.609444,112.595556,0.0004526065476846365,0.0004962090851510631,-0.0001966512240150045
2026-02-04T06:00:00Z,-7.609444,112.595556,0.0004075846008908495,0.0005654034321464186,-0.00037160867019038967
2026-02-04T09:00:00Z,-7.609444,112.595556,0.0003098459966398018,0.0004762471227378735,-0.0005692835413882869
2026-02-04T12:00:00Z,-7.609444,112.595556,0.00020559818130377915,0.0002110344570663561,-0.0006519902814762589
2026-02-04T15:00:00Z,-7.609444,112.595556,0.00014076891850634834,-0.00021376778858370852,-0.0008055926675589957
2026-02-04T18:00:00Z,-7.609444,112.595556,0.00014302295438490804,-0.0005702335955031178,-0.0009440931926524148
2026-02-04T21:00:00Z,-7.609444,112.595556,0.0002127196599697158,-0.0006423958371127069,-0.0010314193859714
2026-02-05T00:00:00Z,-7.609444,112.595556,0.00043002541052378576,-0.0004596043931825881,-0.0008306416747710814
2026-02-05T03:00:00Z,-7.609444,112.595556,0.0005284410624994092,-0.0003582573155945583,-0.0008296464289222981
2026-02-05T06:00:00Z,-7.609444,112.595556,0.0005812804040158867,-0.0004142262266355669,-0.0013663933491571
2026-02-05T09:00:00Z,-7.609444,112.595556,0.0005889540691096221,-0.00049273931156181,-0.0020505817532386
2026-02-05T12:00:00Z,-7.609444,112.595556,0.0006161528085721732,-0.0004980514794091427,-0.0023344218656162
2026-02-05T15:00:00Z,-7.609444,112.595556,0.0005613110619012529,-0.00042882463874561647,-0.0023918297066076
2026-02-05T18:00:00Z,-7.609444,112.595556,0.0005496103680175168,-0.0003575506453097168,-0.0023112463530275
2026-02-05T21:00:00Z,-7.609444,112.595556,0.0005642255004175929,-0.0002474074366051028,-0.0022712804868041
2026-02-06T00:00:00Z,-7.609444,112.595556,0.0007176005265315176,-0.00014794029641535967,-0.0017985814075873
2026-02-06T03:00:00Z,-7.609444,112.595556,0.0009420895924078467,-0.00012166686549735714,-0.0010063065471223
2026-02-06T06:00:00Z,-7.609444,112.595556,0.0011454814464601,-0.0001565064743811509,-0.0003742633694497891
2026-02-06T09:00:00Z,-7.609444,112.595556,0.0012757815692765,-4.436127128822263e-05,3.996572839273717e-05
2026-02-06T12:00:00Z,-7.609444,112.595556,0.0016425677589206,1.5035411814672472e-05,0.0001552222755402442
2026-02-06T15:00:00Z,-7.609444,112.595556,0.0020059192508685,9.67207468843454e-05,1.1343957201020137e-05
2026-02-06T18:00:00Z,-7.609444,112.595556,0.00217808199408,0.00019955600754819743,2.9190677722033997e-05
2026-02-06T21:00:00Z,-7.609444,112.595556,0.0020914435690243,0.0002818717157598472,-0.00010374563682708318
2026-02-07T00:00:00Z,-7.609444,112.595556,0.0020527019489449,0.00026928997760488043,-5.148887773072413e-05
2026-02-07T03:00:00Z,-7.609444,112.595556,0.0020302083884206,8.063459921779436e-05,0.0003425571919277604
2026-02-07T06:00:00Z,-7.609444,112.595556,0.0020128743571373,-7.788923865728146e-05,0.0006401330530454085
2026-02-07T09:00:00Z,-7.609444,112.595556,0.0019476638831787,-0.00019426121930825972,0.0008934991042943171
2026-02-07T12:00:00Z,-7.609444,112.595556,0.001971250236338,-0.00036280979089394513,0.0012737014106942
2026-02-07T15:00:00Z,-7.609444,112.595556,0.0020021277874254,-0.0004998277591381985,0.0014138539673927
2026-02-07T18:00:00Z,-7.609444,112.595556,0.0019650500366271,-0.0006481360857524218,0.0014424160724764
2026-02-07T21:00:00Z,-7.609444,112.595556,0.0019254246458373,-0.0007989012746796398,0.0008614226016497239
2026-02-08T00:00:00Z,-7.609444,112.595556,0.0019605934575425,-0.0008368278251485872,0.0003207759686302685
2026-02-08T03:00:00Z,-7.609444,112.595556,0.001847117731611,-0.0009153674200427776,-0.00016797858320263245
2026-02-08T06:00:00Z,-7.609444,112.595556,0.0016065758162904,-0.0010198458893139,-0.0006274805412009357
2026-02-08T09:00:00Z,-7.609444,112.595556,0.0013266887587115,-0.0012419067860867,-0.0009276681872149944
2026-02-08T12:00:00Z,-7.609444,112.595556,0.0010669580764287,-0.00135202365801,-0.000490167715574186
2026-02-08T15:00:00Z,-7.609444,112.595556,0.0008224801050836942,-0.0012913522055932,0.00013957663547670612
2026-02-08T18:00:00Z,-7.609444,112.595556,0.000655152133769966,-0.0012458296756661,0.00026636186984727364
2026-02-08T21:00:00Z,-7.609444,112.595556,0.0006134584058746817,-0.0011153143613126,-7.516027620381547e-05
2026-02-09T00:00:00Z,-7.609444,112.595556,0.0007591409963022084,-0.0008139543628243843,-0.0002024514198617559
2026-02-09T03:00:00Z,-7.609444,112.595556,0.0008853963408983626,-0.00035365420509364466,-0.00019479465090632643
2026-02-09T06:00:00Z,-7.609444,112.595556,0.0010054672466928,-8.334250752116765e-05,-0.00036535067620924806
2026-02-09T09:00:00Z,-7.609444,112.595556,0.0010721043848584,4.70514919417323e-05,-0.0010601061528648
2026-02-09T12:00:00Z,-7.609444,112.595556,0.0011893731693118,5.446004233796586e-05,-0.0015206727152375
2026-02-09T15:00:00Z,-7.609444,112.595556,0.0011752849602687,2.0010868118012365e-05,-0.0019425613493274
2026-02-09T18:00:00Z,-7.609444,112.595556,0.001014642876816,-6.085206043430043e-05,-0.0023586434077792
2026-02-09T21:00:00Z,-7.609444,112.595556,0.0010453665695674,-3.52296762715506e-05,-0.0028587792064107
2026-02-10T00:00:00Z,-7.609444,112.595556,0.0012897963559352,9.25640670992691e-05,-0.0027551830432769
2026-02-10T03:00:00Z,-7.609444,112.595556,0.0014618766631686,0.00028744417521866,-0.0023565061293393
2026-02-10T06:00:00Z,-7.609444,112.595556,0.0016958937104979,0.0004244397364801329,-0.0021603542158153
2026-02-10T09:00:00Z,-7.609444,112.595556,0.0019098906770556,0.0005166204063241597,-0.0020734601448618
2026-02-10T12:00:00Z,-7.609444,112.595556,0.0021841970037147,0.0006613180614575087,-0.0013175724229812
2026-02-10T15:00:00Z,-7.609444,112.595556,0.0022590326180206,0.000913958663493836,-0.0006417213962113383
2026-02-10T18:00:00Z,-7.609444,112.595556,0.0022800732038339,0.0010731272389047,-0.000645498297963789
2026-02-10T21:00:00Z,-7.609444,112.595556,0.0023429004686399,0.0011697889955753,-0.0009564450422160144
2026-02-11T00:00:00Z,-7.609444,112.595556,0.0023930360883251,0.0013215421898829,-0.0007051148723288844
2026-02-11T03:00:00Z,-7.609444,112.595556,0.0022894236190743,0.0012840913869498,-0.0006771616511640135
2026-02-11T06:00:00Z,-7.609444,112.595556,0.0023200132583762,0.0012675725453201,-0.0008473586960375133
2026-02-11T09:00:00Z,-7.609444,112.595556,0.0022879941769864,0.0013417742382514,-0.0014322372605729
2026-02-11T12:00:00Z,-7.609444,112.595556,0.0022395396168163,0.0014850659610271,-0.0016503090586547
2026-02-11T15:00:00Z,-7.609444,112.595556,0.0021994934158752,0.001657372559797,-0.0016466063206674
2026-02-11T18:00:00Z,-7.609444,112.595556,0.0020059034880125,0.0016693044840159,-0.0018552224056002
2026-02-11T21:00:00Z,-7.609444,112.595556,0.0017280763958669,0.0015252608730511,-0.0023026717142784
2026-02-12T00:00:00Z,-7.609444,112.595556,0.001549665520505,0.0014395057027186,-0.0023859771081001
2026-02-12T03:00:00Z,-7.609444,112.595556,0.0012789118711782,0.0013851921544199,-0.0021851347348514
2026-02-12T06:00:00Z,-7.609444,112.595556,0.0009002932897696009,0.0013802995029815,-0.0018700572982661
2026-02-12T09:00:00Z,-7.609444,112.595556,0.0002958662594013675,0.0013807141292985,-0.0015897049322036
2026-02-12T12:00:00Z,-7.609444,112.595556,-0.00024764841741548016,0.0012618231288877,-0.0012710056331355
2026-02-12T15:00:00Z,-7.609444,112.595556,-0.000626484907150431,0.0010508365634723,-0.0011882060779351
2026-02-12T18:00:00Z,-7.609444,112.595556,-0.0008931595169238917,0.000842772060432944,-0.0010677654169204
2026-02-12T21:00:00Z,-7.609444,112.595556,-0.0009620073969030704,0.0006960237904672615,-0.0011398482025851
2026-02-13T00:00:00Z,-7.609444,112.595556,-0.000866150815709831,0.0005126432688643502,-0.0010323490183381
2026-02-13T03:00:00Z,-7.609444,112.595556,-0.0006738738982592433,0.00018409528467472263,-0.0009641538901767696
2026-02-13T06:00:00Z,-7.609444,112.595556,-0.0005314204713499431,-0.00016427928170131145,-0.0010549870440459
2026-02-13T09:00:00Z,-7.609444,112.595556,-0.0003824048529755123,-0.0004453353584008303,-0.001096261278715
2026-02-13T12:00:00Z,-7.609444,112.595556,-0.000254030235119554,-0.0007204946477749129,-0.000681694983561636
2026-02-13T15:00:00Z,-7.609444,112.595556,-0.00022274960864159449,-0.0008044167543302513,-0.000588066234138235
2026-02-13T18:00:00Z,-7.609444,112.595556,-0.00019798212359814144,-0.0006931948521493311,-0.0006839666937987927
2026-02-13T21:00:00Z,-7.609444,112.595556,-0.00016021329562123038,-0.0005200861382544179,-0.000948788255906259
2026-02-14T00:00:00Z,-7.609444,112.595556,6.794157374801206e-05,-0.0004265001457784997,-0.0009199479165339916
2026-02-14T03:00:00Z,-7.609444,112.595556,0.000286713238722392,-0.000481274323856162,-0.0009444311455020352
2026-02-14T06:00:00Z,-7.609444,112.595556,0.0005034999677154867,-0.000621670671270857,-0.0011163424252496
2026-02-14T09:00:00Z,-7.609444,112.595556,0.0006792092150349236,-0.0008105169924889865,-0.0018564353213149
2026-02-14T12:00:00Z,-7.609444,112.595556,0.0007909652752919608,-0.0008571867065869899,-0.0023567141408002
2026-02-14T15:00:00Z,-7.609444,112.595556,0.000925949705387302,-0.0007286119691789563,-0.0030127157236944
2026-02-14T18:00:00Z,-7.609444,112.595556,0.0011567290243736,-0.0005820519560010027,-0.0037430370069293
2026-02-14T21:00:00Z,-7.609444,112.595556,0.0013697419509483,-0.0003864410285204265,-0.004417433730106
2026-02-15T00:00:00Z,-7.609444,112.595556,0.0016405019181935,-0.0002497138122041695,-0.0045783476450742
2026-02-15T03:00:00Z,-7.609444,112.595556,0.0017539109776262,-0.000153318039077651,-0.0043912057499185
2026-02-15T06:00:00Z,-7.609444,112.595556,0.0017230698990582,-0.00011087221389959626,-0.0039683936694462
2026-02-15T09:00:00Z,-7.609444,112.595556,0.0015880359808494,-0.00013365211482788128,-0.0037873504019485
2026-02-15T12:00:00Z,-7.609444,112.595556,0.0016331290958214,-6.310039865931941e-05,-0.0031299541175695
2026-02-15T15:00:00Z,-7.609444,112.595556,0.0017120841955665,0.00013370490581872505,-0.0022001107401002
2026-02-15T18:00:00Z,-7.609444,112.595556,0.0017083842014076,0.00022559539466493437,-0.0013312581119361
2026-02-15T21:00:00Z,-7.609444,112.595556,0.0017314774515792,0.0003106422725578275,-0.0006514746154041178
2026-02-16T00:00:00Z,-7.609444,112.595556,0.0018806581410185,0.0002942165488702972,3.638629268018818e-05
2026-02-16T03:00:00Z,-7.609444,112.595556,0.002028147032554,0.00019960238598260152,0.0004387195782622303
2026-02-16T06:00:00Z,-7.609444,112.595556,0.0021739183025772,8.139417918587981e-05,0.0006344376738217515
2026-02-16T09:00:00Z,-7.609444,112.595556,0.0022652239401582,-1.0226881681331404e-05,0.0005259687951629048
2026-02-16T12:00:00Z,-7.609444,112.595556,0.0023939917331905,-0.00015067603485866696,0.0009818897973262505
2026-02-16T15:00:00Z,-7.609444,112.595556,0.0024350987573574,-0.0003321471347056261,0.0011786914292665
2026-02-16T18:00:00Z,-7.609444,112.595556,0.0024386741094252,-0.0005085349756925873,0.0013802447801739
2026-02-16T21:00:00Z,-7.609444,112.595556,0.002465406928062,-0.000464665646249768,0.0016856414094693
2026-02-17T00:00:00Z,-7.609444,112.595556,0.0024777187686094,-0.0002491169479605277,0.0020680964125698
2026-02-17T03:00:00Z,-7.609444,112.595556,0.0023984486124289,5.147862013637015e-05,0.0020395621384593
2026-02-17T06:00:00Z,-7.609444,112.595556,0.0023832905855915,0.0002578835974202923,0.0015418072156014
2026-02-17T09:00:00Z,-7.609444,112.595556,0.0023084372638216,0.00046224334374420767,0.0007680865040032043
2026-02-17T12:00:00Z,-7.609444,112.595556,0.0021910144046428,0.000525909227064835,0.0005330563111949301
2026-02-17T15:00:00Z,-7.609444,112.595556,0.0020254110329762,0.0004227614544622171,0.00026127272008731004
2026-02-17T18:00:00Z,-7.609444,112.595556,0.0018816922035556,0.0003021931835852222,5.9639965295428825e-05
2026-02-17T21:00:00Z,-7.609444,112.595556,0.0016488238446694,0.00018928401846469165,8.471102974027156e-05
2026-02-18T00:00:00Z,-7.609444,112.595556,0.0012796719484228,2.796023401013613e-05,0.0005290854390549279
2026-02-18T03:00:00Z,-7.609444,112.595556,0.0009640847024567686,-0.0002293255836377206,0.0006815352174617199
2026-02-18T06:00:00Z,-7.609444,112.595556,0.00089528018710106,-0.00042021302202950367,0.0003693332849113656
2026-02-18T09:00:00Z,-7.609444,112.595556,0.0008146322999871682,-0.000514436651880337,0.00011956064406497486
2026-02-18T12:00:00Z,-7.609444,112.595556,0.0006558707622741835,-0.0006054635340291404,0.00011646220816274798
2026-02-18T15:00:00Z,-7.609444,112.595556,0.0004345017897329445,-0.0006682726105186567,-0.0002060908137359885
2026-02-18T18:00:00Z,-7.609444,112.595556,0.00031404925633618926,-0.0006450373585459407,-0.0007916784643038263
2026-02-18T21:00:00Z,-7.609444,112.595556,0.00015501963252628808,-0.0007294482708690719,-0.0014337191939579
2026-02-19T00:00:00Z,-7.609444,112.595556,-4.2205535059821085e-06,-0.0009941454174629632,-0.0016922403170992
2026-02-19T03:00:00Z,-7.609444,112.595556,-0.0001681430406360881,-0.001202013220522,-0.0018276048782067
2026-02-19T06:00:00Z,-7.609444,112.595556,-0.0003205141864281773,-0.0012339787416882,-0.0019920202153949
2026-02-19T09:00:00Z,-7.609444,112.595556,-0.0003564797960896583,-0.0012025259172282,-0.0019095809410197
2026-02-19T12:00:00Z,-7.609444,112.595556,-0.00015190236467936864,-0.0012041231584436,-0.001571412366464
2026-02-19T15:00:00Z,-7.609444,112.595556,0.00012134987442220082,-0.0012345109875668,-0.0015390925858823
2026-02-19T18:00:00Z,-7.609444,112.595556,0.0005098577652715811,-0.0011712585369208,-0.0017022783710532
2026-02-19T21:00:00Z,-7.609444,112.595556,0.0009268662701910858,-0.0010286079212829,-0.0018529898436455
2026-02-20T00:00:00Z,-7.609444,112.595556,0.0014298439390637,-0.0008822290822829391,-0.0019086297554673
2026-02-20T03:00:00Z,-7.609444,112.595556,0.0018277221403788,-0.0008107124841550003,-0.0018083866200159
2026-02-20T06:00:00Z,-7.609444,112.595556,0.0021550210474249,-0.0008826048995345043,-0.0017583637127388
2026-02-20T09:00:00Z,-7.609444,112.595556,0.0023005092401132,-0.001126567907148,-0.0016663836811129
2026-02-20T12:00:00Z,-7.609444,112.595556,0.0024433831959529,-0.0013736201103473,-0.0013698213647056
2026-02-20T15:00:00Z,-7.609444,112.595556,0.0026104720589007,-0.0015194226889318,-0.0011510429984192
2026-02-20T18:00:00Z,-7.609444,112.595556,0.0027639034997372,-0.0014781350764445,-0.0008299123705574948
2026-02-20T21:00:00Z,-7.609444,112.595556,0.0030203820062776,-0.0014121242538819,-0.0003350473728430509
2026-02-21T00:00:00Z,-7.609444,112.595556,0.0034246284864324,-0.0014029551279988,9.188094132359331e-05
2026-02-21T03:00:00Z,-7.609444,112.595556,0.0039141992689692,-0.0013685799244919,0.0002979170636776574
2026-02-21T06:00:00Z,-7.609444,112.595556,0.0042337195856126,-0.001299702653785,0.0005544430544138523
2026-02-21T09:00:00Z,-7.609444,112.595556,0.0042351091224676,-0.0012588125140074,0.0006876463575143912
2026-02-21T12:00:00Z,-7.609444,112.595556,0.0042574603885041,-0.0013187695019407,0.0007456923592706146
2026-02-21T15:00:00Z,-7.609444,112.595556,0.0041905423629981,-0.0014341543966316,0.0005856925042210582
2026-02-21T18:00:00Z,-7.609444,112.595556,0.0040172711824649,-0.0014942301000343,0.0003475311509908622
2026-02-21T21:00:00Z,-7.609444,112.595556,0.0037554015482588,-0.0013736089320241,0.0004413849622457485
2026-02-22T00:00:00Z,-7.609444,112.595556,0.0034822559726656,-0.0012652704273342,0.0007736762797707907
2026-02-22T03:00:00Z,-7.609444,112.595556,0.0030858893699586,-0.0012367457005801,0.0010713618788927
2026-02-22T06:00:00Z,-7.609444,112.595556,0.0027309421906071,-0.0011719484798651,0.0012153539198336
2026-02-22T09:00:00Z,-7.609444,112.595556,0.0023480133543483,-0.0011104208086351,0.0011396745825539
2026-02-22T12:00:00Z,-7.609444,112.595556,0.0020142025911557,-0.0011614304382544,0.0013563442770715
2026-02-22T15:00:00Z,-7.609444,112.595556,0.0016242037036049,-0.0011847604342602,0.0014812932422398
2026-02-22T18:00:00Z,-7.609444,112.595556,0.0011160946749359,-0.0011447211843728,0.0014731657904676
2026-02-22T21:00:00Z,-7.609444,112.595556,0.0007193899801606029,-0.0011460441914552,0.0011866593782402
2026-02-23T00:00:00Z,-7.609444,112.595556,0.000403148454889249,-0.0010813011147603,0.0007535718188782886
2026-02-23T03:00:00Z,-7.609444,112.595556,4.099759380598071e-05,-0.001048935595072,0.0004646096344041845
2026-02-23T06:00:00Z,-7.609444,112.595556,-0.00038087256051573087,-0.0009754544626336608,0.0005320410234489453
2026-02-23T09:00:00Z,-7.609444,112.595556,-0.0009161265039242908,-0.0010232931450325,0.0003898880919593834
2026-02-23T12:00:00Z,-7.609444,112.595556,-0.0014255960436804,-0.0013523675414184,0.0004178415018291682
2026-02-23T15:00:00Z,-7.609444,112.595556,-0.001785885427044,-0.0015792526202603,0.0006237727033321617
2026-02-23T18:00:00Z,-7.609444,112.595556,-0.0020481189123468,-0.0016748443487719,0.0006755007343741703
2026-02-23T21:00:00Z,-7.609444,112.595556,-0.002182486832627,-0.0017829525537102,0.0004895193415971823
2026-02-24T00:00:00Z,-7.609444,112.595556,-0.0021905684130689,-0.0018346963081632,0.0003827106774044769
2026-02-24T03:00:00Z,-7.609444,112.595556,-0.0021424588443213,-0.0019071982533945,6.655154134561876e-05
2026-02-24T06:00:00Z,-7.609444,112.595556,-0.0019514545974029,-0.0018757317787826,-0.00015593587029740443
2026-02-24T09:00:00Z,-7.609444,112.595556,-0.0017890093893235,-0.0018391228384274,-0.0006627498293094488
2026-02-24T12:00:00Z,-7.609444,112.595556,-0.0016039246438819,-0.0018821802658921,-0.0010423984886067
2026-02-24T15:00:00Z,-7.609444,112.595556,-0.001431352750321,-0.0017920222661775,-0.0010769821939076
2026-02-24T18:00:00Z,-7.609444,112.595556,-0.0012623185871284,-0.0017197963332838,-0.0009849471091482544
2026-02-24T21:00:00Z,-7.609444,112.595556,-0.000969742873687562,-0.0017582874558469,-0.0010604842117593
2026-02-25T00:00:00Z,-7.609444,112.595556,-0.0005644397101019176,-0.0019210147503322,-0.0012609587435025
2026-02-25T03:00:00Z,-7.609444,112.595556,2.0139320331056363e-05,-0.0020504763072852,-0.0014417405167988
2026-02-25T06:00:00Z,-7.609444,112.595556,0.0007188373578792156,-0.0019491405570504,-0.0017220023427893
2026-02-25T09:00:00Z,-7.609444,112.595556,0.0013426807827092,-0.0018684405395396,-0.0023322553246491
2026-02-25T12:00:00Z,-7.609444,112.595556,0.0018252296044507,-0.0018944337300355,-0.0027055455457651
2026-02-25T15:00:00Z,-7.609444,112.595556,0.0022419570138727,-0.0019595508462756,-0.0031978588233758
2026-02-25T18:00:00Z,-7.609444,112.595556,0.0025505866889449,-0.0019987531194779,-0.0036453969048615
2026-02-25T21:00:00Z,-7.609444,112.595556,0.0026693763376752,-0.0021730347168662,-0.0037659572573085
2026-02-26T00:00:00Z,-7.609444,112.595556,0.0026860638233934,-0.0024084575018397,-0.0031338895632807
2026-02-26T03:00:00Z,-7.609444,112.595556,0.0026964709949664,-0.0025786429724188,-0.0022217289647984
2026-02-26T06:00:00Z,-7.609444,112.595556,0.0027467968552163,-0.0026609877884631,-0.0013367549439775
2026-02-26T09:00:00Z,-7.609444,112.595556,0.0028170525364437,-0.002837728557959,-0.0006485574077705841
2026-02-26T12:00:00Z,-7.609444,112.595556,0.0028585238061732,-0.0030523956219054,8.233306873319305e-07
2026-02-26T15:00:00Z,-7.609444,112.595556,0.0029946267224295,-0.0030200765924107,0.00024849026471326864
2026-02-26T18:00:00Z,-7.609444,112.595556,0.0029558903475948,-0.0027543540782837,0.00039541465313874905
2026-02-26T21:00:00Z,-7.609444,112.595556,0.0027786587888672,-0.0025366753115181,0.0002304931802870891
2026-02-27T00:00:00Z,-7.609444,112.595556,0.0025368847913909,-0.0023964102622527,1.613318843378934e-05
2026-02-27T03:00:00Z,-7.609444,112.595556,0.0023007107416996,-0.002306085303644,-0.00029944009809574506
2026-02-27T06:00:00Z,-7.609444,112.595556,0.0020288346085483,-0.0021736851818942,-0.000412045852753414
2026-02-27T09:00:00Z,-7.609444,112.595556,0.0016584540195613,-0.0022134262805305,-0.0004880077316898824
2026-02-27T12:00:00Z,-7.609444,112.595556,0.0012818568212758,-0.0023063886454959,9.521175970106176e-05
2026-02-27T15:00:00Z,-7.609444,112.595556,0.0010656580799832,-0.0023633233436286,0.0006365345884523303
2026-02-27T18:00:00Z,-7.609444,112.595556,0.000977054569360765,-0.00213821776747,0.0011277983982358
2026-02-27T21:00:00Z,-7.609444,112.595556,0.0010125584868962,-0.0017395255110906,0.0016476078491348
2026-02-28T00:00:00Z,-7.609444,112.595556,0.0011587066758255,-0.0013162695462113,0.0021257335861245
2026-02-28T03:00:00Z,-7.609444,112.595556,0.0014071814381516,-0.0009129371448240738,0.0022046647556623
2026-02-28T06:00:00Z,-7.609444,112.595556,0.001673351154319,-0.0005418653511165563,0.0021611947082915
2026-02-28T09:00:00Z,-7.609444,112.595556,0.0018243229759891,-0.00032859750492576794,0.0017064719813705
2026-02-28T12:00:00Z,-7.609444,112.595556,0.0019337140099626,-0.00018880838939490448,0.0014840414835391
2026-02-28T15:00:00Z,-7.609444,112.595556,0.002086679627634,9.892492063338053e-07,0.0014334810903578
2026-02-28T18:00:00Z,-7.609444,112.595556,0.0021447072304924,0.00012177879479454708,0.0018589001627574
2026-02-28T21:00:00Z,-7.609444,112.595556,0.0021850715470829,0.0002273916754836658,0.0022314267255687
2026-03-01T00:00:00Z,-7.609444,112.595556,0.0023267104992701,0.00030524302779762387,0.0024096578700946
2026-03-01T03:00:00Z,-7.609444,112.595556,0.0025293729185365,0.00033462662779992064,0.00229917812069
2026-03-01T06:00:00Z,-7.609444,112.595556,0.0026480289433955,0.0004258819526891281,0.0019007983164874
2026-03-01T09:00:00Z,-7.609444,112.595556,0.0025770607810296,0.0004393381873222486,0.0010541666297726
2026-03-01T12:00:00Z,-7.609444,112.595556,0.0025652930538987,0.00030625424218603343,0.0003831353552462576
2026-03-01T15:00:00Z,-7.609444,112.595556,0.0025040601892659,0.00017882031930997508,-0.00010368116351019594
2026-03-01T18:00:00Z,-7.609444,112.595556,0.0022693068939263,-7.824630961688687e-05,-0.00017996645698175478
2026-03-01T21:00:00Z,-7.609444,112.595556,0.001819343666559,-0.0003133990924966281,-0.0001401229113737287
2026-03-02T00:00:00Z,-7.609444,112.595556,0.0014008967029277,-0.0004878048735576848,0.0002972207783474584
2026-03-02T03:00:00Z,-7.609444,112.595556,0.0011255215369153,-0.0005470261536627588,0.0008177329308869146
2026-03-02T06:00:00Z,-7.609444,112.595556,0.0007941312629346892,-0.000461737134108283,0.0011935425810735
2026-03-02T09:00:00Z,-7.609444,112.595556,0.00041144097849610094,-0.0004146388754526212,0.0009901103396230064
2026-03-02T12:00:00Z,-7.609444,112.595556,0.00018982516010133228,-0.0003801048540664536,0.0010285075885004
2026-03-02T15:00:00Z,-7.609444,112.595556,-3.686430932116056e-05,-0.0003153594183287857,0.0011661061436292
2026-03-02T18:00:00Z,-7.609444,112.595556,-0.00023036217323576768,-0.0003123975877470559,0.0013149977003234
2026-03-02T21:00:00Z,-7.609444,112.595556,-0.0004109041823031114,-0.0002785611024291207,0.0015356980975572
2026-03-03T00:00:00Z,-7.609444,112.595556,-0.0004650143644012237,-0.0003436931494333779,0.0021050463180069
2026-03-03T03:00:00Z,-7.609444,112.595556,-0.0003865360174574268,-0.0004158935333532817,0.002302420586251
2026-03-03T06:00:00Z,-7.609444,112.595556,-0.0003256197712628535,-0.0003617582202001665,0.0023095133181047
2026-03-03T09:00:00Z,-7.609444,112.595556,-0.0002624490540015375,-0.0002856594162919349,0.0020669841043789
2026-03-03T12:00:00Z,-7.609444,112.595556,-0.00013670119210569895,-0.00025677655748364254,0.0018205481067947
2026-03-03T15:00:00Z,-7.609444,112.595556,-3.704143587246434e-05,-0.0001973258045355684,0.0013230960520188
2026-03-03T18:00:00Z,-7.609444,112.595556,9.457136959424728e-05,-6.583915645608495e-05,0.0011389559619494
2026-03-03T21:00:00Z,-7.609444,112.595556,0.000124245343224118,-4.235848095878847e-06,0.0012212880432163
2026-03-04T00:00:00Z,-7.609444,112.595556,0.0001610330832568398,-2.477363081882929e-05,0.001615830914766
2026-03-04T03:00:00Z,-7.609444,112.595556,0.00027368421809665137,-9.252199286414038e-05,0.001578304769774
2026-03-04T06:00:00Z,-7.609444,112.595556,0.0004329458209576541,-0.0001867945368592792,0.0013292925003304
2026-03-04T09:00:00Z,-7.609444,112.595556,0.0004340532888537098,-0.0003502279805689862,0.0009213407134958968
2026-03-04T12:00:00Z,-7.609444,112.595556,0.0003184324020581347,-0.00037993581775624887,0.0006979208124335552
2026-03-04T15:00:00Z,-7.609444,112.595556,0.00027705468442301294,-0.000429441762416784,0.0002992468783536153
2026-03-04T18:00:00Z,-7.609444,112.595556,0.00029090694609103923,-0.0004803055687761723,0.00018217786632360785
2026-03-04T21:00:00Z,-7.609444,112.595556,0.00021858154055341103,-0.0005151589256327115,0.000367613025283328
2026-03-05T00:00:00Z,-7.609444,112.595556,-2.7886822391459837e-06,-0.0006353688460795161,0.000969509933987122
2026-03-05T03:00:00Z,-7.609444,112.595556,-0.0004378957947008547,-0.0008825656840171656,0.0014766207826579
2026-03-05T06:00:00Z,-7.609444,112.595556,-0.0008782284125576828,-0.001148480769082,0.0018724447961251
2026-03-05T09:00:00Z,-7.609444,112.595556,-0.0012136103535935,-0.0013248430152051,0.0022094704235781
2026-03-05T12:00:00Z,-7.609444,112.595556,-0.00137979621668,-0.0013787991473871,0.0024603633979987
2026-03-05T15:00:00Z,-7.609444,112.595556,-0.0014728555656498,-0.0012191122810261,0.002441227860312
2026-03-05T18:00:00Z,-7.609444,112.595556,-0.0014875084051505,-0.0009805700161279191,0.0026035050770058
2026-03-05T21:00:00Z,-7.609444,112.595556,-0.0015672478803896,-0.0008263315649923962,0.0029256263143102
2026-03-06T00:00:00Z,-7.609444,112.595556,-0.0016834435341873,-0.0008758934227232754,0.0030598410488833
2026-03-06T03:00:00Z,-7.609444,112.595556,-0.0016666821476157,-0.0009578994608089411,0.0024732799632314
2026-03-06T06:00:00Z,-7.609444,112.595556,-0.0014571177349898,-0.00091343513119468,0.0018272361897826
2026-03-06T09:00:00Z,-7.609444,112.595556,-0.001212028647024,-0.0007587150314702363,0.0013064213646692
2026-03-06T12:00:00Z,-7.609444,112.595556,-0.0009071916728849688,-0.0005252667055985578,0.0006730527661555482
2026-03-06T15:00:00Z,-7.609444,112.595556,-0.0007980286664791723,-0.0003824893666590788,-0.00010703883328513096
2026-03-06T18:00:00Z,-7.609444,112.595556,-0.0008480760025873159,-0.000472878854705829,-0.000692980599300703
2026-03-06T21:00:00Z,-7.609444,112.595556,-0.0009779601657550854,-0.0006416891050182572,-0.0011430629102847
2026-03-07T00:00:00Z,-7.609444,112.595556,-0.0009846452006999195,-0.0008606928151794915,-0.0015120793175403
2026-03-07T03:00:00Z,-7.609444,112.595556,-0.000895343975167761,-0.0010200232570491,-0.0021864322890569
2026-03-07T06:00:00Z,-7.609444,112.595556,-0.0008920809735079629,-0.0012162189645016,-0.0027203704878426
2026-03-07T09:00:00Z,-7.609444,112.595556,-0.0010524204618863,-0.0014083234741582,-0.0032194288504872
2026-03-07T12:00:00Z,-7.609444,112.595556,-0.0011425054685551,-0.001514101240607,-0.0038407240343349
2026-03-07T15:00:00Z,-7.609444,112.595556,-0.0013621669177793,-0.0015225941749227,-0.0044407707081735
2026-03-07T18:00:00Z,-7.609444,112.595556,-0.0015440711540866,-0.001664025699006,-0.0050419883853492
2026-03-07T21:00:00Z,-7.609444,112.595556,-0.0017031322492755,-0.0017997476647638,-0.0054312004786483
2026-03-08T00:00:00Z,-7.609444,112.595556,-0.0018244369685067,-0.0019170411228008,-0.0055221525097341
2026-03-08T03:00:00Z,-7.609444,112.595556,-0.0018643666663946,-0.0019245231147904,-0.0052796107545167
2026-03-08T06:00:00Z,-7.609444,112.595556,-0.0018636499820905,-0.0018141843675588,-0.0046793408127912
2026-03-08T09:00:00Z,-7.609444,112.595556,-0.0018962333280233,-0.0016485984892072,-0.0041930237338329
2026-03-08T12:00:00Z,-7.609444,112.595556,-0.0018551486733179,-0.0015404143245589,-0.0038415814332075
2026-03-08T15:00:00Z,-7.609444,112.595556,-0.0018016052181753,-0.0013927346099939,-0.003678570228698
2026-03-08T18:00:00Z,-7.609444,112.595556,-0.0016471571980957,-0.0013603288939304,-0.0034763553840086
2026-03-08T21:00:00Z,-7.609444,112.595556,-0.0016036946506613,-0.0013712966045815,-0.003078561890731
2026-03-09T00:00:00Z,-7.609444,112.595556,-0.0015078605762352,-0.0013908145776114,-0.0022175401494002
2026-03-09T03:00:00Z,-7.609444,112.595556,-0.0013431470580058,-0.0012899102317241,-0.0011463696654877
2026-03-09T06:00:00Z,-7.609444,112.595556,-0.0011162828144115,-0.00120874740689,-4.6776129208998536e-05
2026-03-09T09:00:00Z,-7.609444,112.595556,-0.0009135498542009636,-0.0010572924496696,0.0006268939149239645
2026-03-09T12:00:00Z,-7.609444,112.595556,-0.0006858082411791243,-0.0008686367227334632,0.000569435059696017
2026-03-09T15:00:00Z,-7.609444,112.595556,-0.0003879555190439364,-0.0005908177410258605,0.0001213803862388092
2026-03-09T18:00:00Z,-7.609444,112.595556,-0.00010907248554772108,-0.0004026776134835553,-0.0002905533138081084
2026-03-09T21:00:00Z,-7.609444,112.595556,6.39230421504788e-05,-0.00042327431291625466,-0.0005832181420522206
2026-03-10T00:00:00Z,-7.609444,112.595556,0.00020037627382743105,-0.0005405928275770424,-0.0006190516821924257
2026-03-10T03:00:00Z,-7.609444,112.595556,0.0002765055372227033,-0.0007440218887882166,-0.0009367199780851104
2026-03-10T06:00:00Z,-7.609444,112.595556,0.00028608058501124005,-0.001017851825038,-0.001320523974357
2026-03-10T09:00:00Z,-7.609444,112.595556,0.00011942224349101662,-0.0011431889744263,-0.0015804790882483
2026-03-10T12:00:00Z,-7.609444,112.595556,-0.00013472693717585802,-0.0012819828425513,-0.0015556368007994
2026-03-10T15:00:00Z,-7.609444,112.595556,-0.00017937705775086763,-0.0014200962000182,-0.0014455265053619
2026-03-10T18:00:00Z,-7.609444,112.595556,-0.0001495974586362682,-0.0015691798721119,-0.0013654540618585
2026-03-10T21:00:00Z,-7.609444,112.595556,-0.00018724664648518392,-0.0019039682754098,-0.001194063975837
2026-03-11T00:00:00Z,-7.609444,112.595556,-0.00019727420410072056,-0.0021372619324218,-0.0009458619782713144
2026-03-11T03:00:00Z,-7.609444,112.595556,-8.363569198016754e-05,-0.0020439235156877,-0.0010624537136639
2026-03-11T06:00:00Z,-7.609444,112.595556,6.731979050928151e-05,-0.0017292809030229,-0.000994720194516974
2026-03-11T09:00:00Z,-7.609444,112.595556,2.810430139854384e-05,-0.0013711288643354,-0.0007183589587474427
2026-03-11T12:00:00Z,-7.609444,112.595556,2.5683459724470004e-05,-0.0011575740582803,-0.0003370596479970827
2026-03-11T15:00:00Z,-7.609444,112.595556,9.240078042386484e-05,-0.0011248625120113,1.0682991441782979e-07
2026-03-11T18:00:00Z,-7.609444,112.595556,0.00026948142113512386,-0.0012214868466157,0.0004234619614675449
2026-03-11T21:00:00Z,-7.609444,112.595556,0.0003172053770536128,-0.0013709854115468,0.0010922215774939
2026-03-12T00:00:00Z,-7.609444,112.595556,0.0002533056666198289,-0.001410638893644,0.0015616235664193
2026-03-12T03:00:00Z,-7.609444,112.595556,0.0003403300096487513,-0.0012625261601377,0.0012529273892151
2026-03-12T06:00:00Z,-7.609444,112.595556,0.0005782852860362198,-0.0011144713032199,0.00045906081043392815
2026-03-12T09:00:00Z,-7.609444,112.595556,0.0007468509154761719,-0.0010472690889371,-0.0001826740905791663
2026-03-12T12:00:00Z,-7.609444,112.595556,0.0007762697590104102,-0.0011071226246157,-0.000580387840249177
2026-03-12T15:00:00Z,-7.609444,112.595556,0.0006847278843790622,-0.0011843879465671,-0.0011105161879616
2026-03-12T18:00:00Z,-7.609444,112.595556,0.0003955420172744559,-0.0013251554895959,-0.0014735186441364
2026-03-12T21:00:00Z,-7.609444,112.595556,8.178661029080612e-05,-0.0013289767514733,-0.0017269098327494
2026-03-13T00:00:00Z,-7.609444,112.595556,-0.00019841037853211613,-0.001169300001412,-0.0017417620343504
2026-03-13T03:00:00Z,-7.609444,112.595556,-0.0005054247025383846,-0.000997322167131578,-0.0018107183539629
2026-03-13T06:00:00Z,-7.609444,112.595556,-0.0007930956213241607,-0.00096257799190411,-0.0017184001678589
2026-03-13T09:00:00Z,-7.609444,112.595556,-0.0009326821753036432,-0.0010815125677895,-0.0016696641692532
2026-03-13T12:00:00Z,-7.609444,112.595556,-0.0008661053584506758,-0.001215204469402,-0.0014688081120671
2026-03-13T15:00:00Z,-7.609444,112.595556,-0.0007800625320794316,-0.0012111587338046,-0.0012830943623425
2026-03-13T18:00:00Z,-7.609444,112.595556,-0.0007035123028440985,-0.0012438382391405,-0.0015476323561348
2026-03-13T21:00:00Z,-7.609444,112.595556,-0.0006363170432193057,-0.0012189784306044,-0.0022764059050455
2026-03-14T00:00:00Z,-7.609444,112.595556,-0.0004362229300904189,-0.00104673481775,-0.0027983123816426
2026-03-14T03:00:00Z,-7.609444,112.595556,-0.0002769972578892019,-0.0008276927879003213,-0.0032081205123775
2026-03-14T06:00:00Z,-7.609444,112.595556,-0.00029742455368613705,-0.0005241255352307002,-0.0032322777658647
2026-03-14T09:00:00Z,-7.609444,112.595556,-0.00035723841364115145,-0.0001947242513118323,-0.0033257050963508
2026-03-14T12:00:00Z,-7.609444,112.595556,-0.00027173904620640546,0.00015237346776805896,-0.0032161056734693
2026-03-14T15:00:00Z,-7.609444,112.595556,-9.109763285672116e-05,0.0004601537101396818,-0.0030244185943322
2026-03-14T18:00:00Z,-7.609444,112.595556,1.2077081075441662e-05,0.0005812460464994706,-0.0025688699397001
2026-03-14T21:00:00Z,-7.609444,112.595556,-2.9226362455077868e-05,0.0006048612200626633,-0.0020442399627525
2026-03-15T00:00:00Z,-7.609444,112.595556,6.530597590713177e-05,0.0007445141316794028,-0.0015549513161573
2026-03-15T03:00:00Z,-7.609444,112.595556,0.00019698350438152368,0.0009671486526122608,-0.0014441396305607
2026-03-15T06:00:00Z,-7.609444,112.595556,0.00030537598348689575,0.0011995949996854,-0.001339525723148
2026-03-15T09:00:00Z,-7.609444,112.595556,0.00026014825498107524,0.0013821745128682,-0.0015168180064002
2026-03-15T12:00:00Z,-7.609444,112.595556,0.0002440229176321444,0.0013924486462878,-0.0014356363974916
2026-03-15T15:00:00Z,-7.609444,112.595556,0.0002149321423626892,0.001257542208016,-0.0012586835016649
2026-03-15T18:00:00Z,-7.609444,112.595556,0.00015422482115432198,0.0011107560210935,-0.000715447442416977
2026-03-15T21:00:00Z,-7.609444,112.595556,7.567651480082328e-05,0.0011310248317231,-0.0003437211462836371
2026-03-16T00:00:00Z,-7.609444,112.595556,0.00018253633318699328,0.0014252132806667,0.00017329787947375125
2026-03-16T03:00:00Z,-7.609444,112.595556,0.00032195689499228843,0.0016837751084406,0.0002836574319600236
2026-03-16T06:00:00Z,-7.609444,112.595556,0.0005798109725467476,0.001692999605374,0.0001990032026552178
2026-03-16T09:00:00Z,-7.609444,112.595556,0.0006063312244349174,0.001602227866035,0.00021525918327823176
2026-03-16T12:00:00Z,-7.609444,112.595556,0.0005232305427718342,0.0014281447072765,0.000579964517278201
2026-03-16T15:00:00Z,-7.609444,112.595556,0.0003502456623855688,0.0012016458946574,0.0005721029466682181
2026-03-16T18:00:00Z,-7.609444,112.595556,0.0003621910919398737,0.0010666598587405,0.0005776026634948493
2026-03-16T21:00:00Z,-7.609444,112.595556,0.00029452122407429163,0.0010963892451828,0.0006960897357366684
2026-03-17T00:00:00Z,-7.609444,112.595556,0.00021043771981294417,0.0011512162777096,0.0008170703711992328
2026-03-17T03:00:00Z,-7.609444,112.595556,0.00015621390157520806,0.0011701047618343,0.0007469831365732425
2026-03-17T06:00:00Z,-7.609444,112.595556,0.0002007200972867629,0.0011524202152442,0.0008517663770538484
2026-03-17T09:00:00Z,-7.609444,112.595556,0.00029356490643120793,0.0010876058533755,0.000710496694863668
2026-03-17T12:00:00Z,-7.609444,112.595556,0.00034237451487874164,0.000982781267748315,0.0006424145794883238
2026-03-17T15:00:00Z,-7.609444,112.595556,0.0003474151907102303,0.0008710102044371369,0.000197531223986414
2026-03-17T18:00:00Z,-7.609444,112.595556,0.00042149792353566,0.0006692636034477379,-0.0003247087697424994
2026-03-17T21:00:00Z,-7.609444,112.595556,0.0004300432051826337,0.0005123407560575835,-0.0009245640220422762
2026-03-18T00:00:00Z,-7.609444,112.595556,0.00035649199436592924,0.0003774950280431007,-0.001382912140468
2026-03-18T03:00:00Z,-7.609444,112.595556,0.0003429246705188453,0.00020315054391675065,-0.0017840168121714
2026-03-18T06:00:00Z,-7.609444,112.595556,0.00045515085461223024,0.00018505865280277875,-0.0017252937515277
2026-03-18T09:00:00Z,-7.609444,112.595556,0.000509517753437935,0.00029846127257224144,-0.001543832263587
2026-03-18T12:00:00Z,-7.609444,112.595556,0.0004033406968251426,0.0005265915117664072,-0.00096362896559474
2026-03-18T15:00:00Z,-7.609444,112.595556,0.00021337276991833688,0.000751404041491241,-0.0004555996255822865
2026-03-18T18:00:00Z,-7.609444,112.595556,1.2682169131885734e-05,0.0008035365495073858,-0.00025471217491411383
2026-03-18T21:00:00Z,-7.609444,112.595556,-0.00013963187311386566,0.0008459487628795842,-0.0002130819576353482
2026-03-19T00:00:00Z,-7.609444,112.595556,-3.64506315947654e-06,0.0008376848765883145,5.023440531733928e-05
2026-03-19T03:00:00Z,-7.609444,112.595556,0.0002505717438805751,0.0008249653682396782,0.00018627884228497889
2026-03-19T06:00:00Z,-7.609444,112.595556,0.0003902123152175599,0.0008785482049005556,0.0005442574589585248
2026-03-19T09:00:00Z,-7.609444,112.595556,0.0002245731643530498,0.0009126798571614808,0.0005513718301621315
2026-03-19T12:00:00Z,-7.609444,112.595556,-3.5642204633433295e-05,0.0009512760932195942,0.0002787511777287771
2026-03-19T15:00:00Z,-7.609444,112.595556,-0.00013872180956400369,0.0010055068147985,1.784857618989923e-05
2026-03-19T18:00:00Z,-7.609444,112.595556,-0.00018926173753505267,0.0009440209720090453,-0.00018685500619289452
2026-03-19T21:00:00Z,-7.609444,112.595556,-0.0003361628413502454,0.0008406044943258833,-0.00011071112822651272
2026-03-20T00:00:00Z,-7.609444,112.595556,-0.00043448527431070753,0.0007175515201561929,3.787922166250768e-05
2026-03-20T03:00:00Z,-7.609444,112.595556,-0.00034995246820180984,0.000666300372855901,0.00017741674980772742
2026-03-20T06:00:00Z,-7.609444,112.595556,-0.00040592377031799807,0.0006170495774974812,0.0004972705733630952
2026-03-20T09:00:00Z,-7.609444,112.595556,-0.0006343539196633084,0.0004198715197625712,0.0005339226517562663
2026-03-20T12:00:00Z,-7.609444,112.595556,-0.0008883857173866321,0.00026977494518410207,0.0003807218206770012
2026-03-20T15:00:00Z,-7.609444,112.595556,-0.0009548005041757004,0.00031099959706974245,3.188719301278967e-05
2026-03-20T18:00:00Z,-7.609444,112.595556,-0.000897068505660574,0.0004109154427467016,-6.865625135319786e-05
2026-03-20T21:00:00Z,-7.609444,112.595556,-0.0008851068211212193,0.0004940570740186931,0.0001486591015101152
2026-03-21T00:00:00Z,-7.609444,112.595556,-0.0008138605541461811,0.0006557250589555996,0.0006042595836524724
2026-03-21T03:00:00Z,-7.609444,112.595556,-0.0006943892407704358,0.0008633444858194564,0.0006984132690767573
2026-03-21T06:00:00Z,-7.609444,112.595556,-0.0006364025924461618,0.0010239291981605,0.0008944188669351167
2026-03-21T09:00:00Z,-7.609444,112.595556,-0.0006224628000985128,0.000984823346112993,0.0009440483988791042
2026-03-21T12:00:00Z,-7.609444,112.595556,-0.000538332838179426,0.0009923928641401,0.0009518346231127088
2026-03-21T15:00:00Z,-7.609444,112.595556,-0.0003122121621366661,0.0011722422930584,0.0008957003870747755
2026-03-21T18:00:00Z,-7.609444,112.595556,-4.081054322138137e-05,0.0013241215413623,0.0008332114060022184
2026-03-21T21:00:00Z,-7.609444,112.595556,0.0001961927198497348,0.0014534572289815,0.000934165051014306
2026-03-22T00:00:00Z,-7.609444,112.595556,0.0003456572467836838,0.0015634656120042,0.0010774104446064
2026-03-22T03:00:00Z,-7.609444,112.595556,0.0004506042962036122,0.0016409997814004,0.0007972124764446688
2026-03-22T06:00:00Z,-7.609444,112.595556,0.0005126700464095944,0.0016193057566726,0.00018012987393854605
2026-03-22T09:00:00Z,-7.609444,112.595556,0.00047820638273552,0.0014072767752609,-0.0007231655198263749
2026-03-22T12:00:00Z,-7.609444,112.595556,0.0004618326835356412,0.001237789451689,-0.0011907668391182
2026-03-22T15:00:00Z,-7.609444,112.595556,0.0003911923021813069,0.0012857192507541,-0.0010522820952074
2026-03-22T18:00:00Z,-7.609444,112.595556,0.00037162644281244026,0.0012068936154011,-0.0008820535889338855
2026-03-22T21:00:00Z,-7.609444,112.595556,0.00034504207995139955,0.0012268711061829,-0.0005821568204784693
2026-03-23T00:00:00Z,-7.609444,112.595556,0.00035215661996247985,0.0015056978474462,4.1335506187164114e-05
2026-03-23T03:00:00Z,-7.609444,112.595556,0.0002583256025822174,0.0017544271741677,0.0002578846896537124
2026-03-23T06:00:00Z,-7.609444,112.595556,0.00021908123761580796,0.0018697681847962,0.0002828849529558329
2026-03-23T09:00:00Z,-7.609444,112.595556,0.00011197371583698254,0.0017479629912501,0.000361909373168034
2026-03-23T12:00:00Z,-7.609444,112.595556,4.787404329647305e-05,0.0014880113019479,0.0007872677923259889
2026-03-23T15:00:00Z,-7.609444,112.595556,-0.00019921848612110743,0.0012219327425118,0.0011260624244902
2026-03-23T18:00:00Z,-7.609444,112.595556,-0.0005440441640922484,0.0009314770000888602,0.0009620877275837188
2026-03-23T21:00:00Z,-7.609444,112.595556,-0.0008937276090164952,0.0008068561814753943,0.0008357686866551675
2026-03-24T00:00:00Z,-7.609444,112.595556,-0.0010711596461151,0.0008496298782366904,0.0010304523696617
2026-03-24T03:00:00Z,-7.609444,112.595556,-0.001056221615531,0.0008631653301584317,0.0010376605310381
2026-03-24T06:00:00Z,-7.609444,112.595556,-0.0010561821839796,0.0006743996028936896,0.0010415004915092
2026-03-24T09:00:00Z,-7.609444,112.595556,-0.0012189970796628,0.00039252571603696254,0.000985775417991352
2026-03-24T12:00:00Z,-7.609444,112.595556,-0.0012436655463757,0.00014264114401549548,0.0012678669369851
2026-03-24T15:00:00Z,-7.609444,112.595556,-0.0012009550369038,4.40310779621564e-05,0.001606322223384
2026-03-24T18:00:00Z,-7.609444,112.595556,-0.0012108992692331,8.979602039616604e-05,0.0019048951855109
2026-03-24T21:00:00Z,-7.609444,112.595556,-0.0014296214399965,0.00014728430262183752,0.0019878141665728
2026-03-25T00:00:00Z,-7.609444,112.595556,-0.0014882196221901,0.0001826427129034727,0.0019126777881471
2026-03-25T03:00:00Z,-7.609444,112.595556,-0.0012911054851524,0.00017275274594467962,0.0015876378003992
2026-03-25T06:00:00Z,-7.609444,112.595556,-0.0009334970083851342,0.0002177472334884745,0.0010468359871658
2026-03-25T09:00:00Z,-7.609444,112.595556,-0.0005831463866135255,0.0004201867260729104,0.0006172052850155452
2026-03-25T12:00:00Z,-7.609444,112.595556,-0.00018087605013476316,0.0007005622743714166,0.0008047457262239518
2026-03-25T15:00:00Z,-7.609444,112.595556,0.0001374165498811709,0.0008729913006385281,0.0008097941712986652
2026-03-25T18:00:00Z,-7.609444,112.595556,0.0004139153858162213,0.0008851209384002538,0.00033852524641973954
2026-03-25T21:00:00Z,-7.609444,112.595556,0.0007826104059352346,0.0009162077587124804,-0.00021609321763747528
2026-03-26T00:00:00Z,-7.609444,112.595556,0.0013387326275126,0.00100982423697,-0.0004361238120213536
2026-03-26T03:00:00Z,-7.609444,112.595556,0.0018145410023104,0.001067491034266,-0.0009361036003575
2026-03-26T06:00:00Z,-7.609444,112.595556,0.0021722192249133,0.001064662572383,-0.0016320896767163
2026-03-26T09:00:00Z,-7.609444,112.595556,0.0024886656128943,0.0011138745115415,-0.0025413687527053
2026-03-26T12:00:00Z,-7.609444,112.595556,0.0027423405245739,0.0012287175230323,-0.0030727451715324
2026-03-26T15:00:00Z,-7.609444,112.595556,0.0028996592370123,0.0013887138594089,-0.0036730283845572
2026-03-26T18:00:00Z,-7.609444,112.595556,0.0030250118286275,0.0013499909720569,-0.0044263096577471
2026-03-26T21:00:00Z,-7.609444,112.595556,0.0031010700114391,0.001327846251806,-0.0048072959313384
2026-03-27T00:00:00Z,-7.609444,112.595556,0.0031673893889864,0.0014878842898162,-0.0043383550114912
2026-03-27T03:00:00Z,-7.609444,112.595556,0.0032710031226808,0.0015937456303773,-0.003882955122202
2026-03-27T06:00:00Z,-7.609444,112.595556,0.0033120561627966,0.0015939957522871,-0.0033717906942718
2026-03-27T09:00:00Z,-7.609444,112.595556,0.0032029603872078,0.0013986715883284,-0.003293332134765
2026-03-27T12:00:00Z,-7.609444,112.595556,0.003092140410541,0.0011576888750298,-0.0034473149097329
2026-03-27T15:00:00Z,-7.609444,112.595556,0.0029313385247846,0.0010214137752865,-0.0037363286201743
2026-03-27T18:00:00Z,-7.609444,112.595556,0.0026688950727794,0.0009244247351159742,-0.0038538825655953
2026-03-27T21:00:00Z,-7.609444,112.595556,0.0023978437446497,0.0009433710739315078,-0.0038344334278687
2026-03-28T00:00:00Z,-7.609444,112.595556,0.0021914351442019,0.0010849080588017,-0.0031444905293875
2026-03-28T03:00:00Z,-7.609444,112.595556,0.0018389665761386,0.0011476867510664,-0.0024034106944831
2026-03-28T06:00:00Z,-7.609444,112.595556,0.001484417389421,0.0010026749281399,-0.0015312199615358
2026-03-28T09:00:00Z,-7.609444,112.595556,0.0012779672192829,0.0007652678244607164,-0.0007302967318825186
2026-03-28T12:00:00Z,-7.609444,112.595556,0.001364356167406,0.0005484998482052231,0.0002336701641931361
2026-03-28T15:00:00Z,-7.609444,112.595556,0.0015306216044149,0.0003918678053078449,0.0005388716252634519
2026-03-28T18:00:00Z,-7.609444,112.595556,0.0017515966801236,0.0002705684392680075,0.00020342382102019432
2026-03-28T21:00:00Z,-7.609444,112.595556,0.0019812525658901,0.0003322940555029771,-0.0001324643382339073
2026-03-29T00:00:00Z,-7.609444,112.595556,0.0022495221506057,0.0006670371030516699,-0.00019436773167619864
2026-03-29T03:00:00Z,-7.609444,112.595556,0.0025959962521356,0.0010674150671063,-0.0005400865774610062
2026-03-29T06:00:00Z,-7.609444,112.595556,0.0029439866183353,0.0012528447990242,-0.0009093847821207352
2026-03-29T09:00:00Z,-7.609444,112.595556,0.0032072410008395,0.0012396342938036,-0.001575588476222
2026-03-29T12:00:00Z,-7.609444,112.595556,0.0035017813353215,0.0011471457922594,-0.0017932295167169
2026-03-29T15:00:00Z,-7.609444,112.595556,0.0037406842199805,0.0008529508625870945,-0.0020192191574675
2026-03-29T18:00:00Z,-7.609444,112.595556,0.0038951819683371,0.0005940112086249943,-0.0019364755363725
2026-03-29T21:00:00Z,-7.609444,112.595556,0.0040012696397245,0.000484561827561709,-0.0018209774360768
2026-03-30T00:00:00Z,-7.609444,112.595556,0.0041849657151435,0.0005301159169333433,-0.0015655408494427
2026-03-30T03:00:00Z,-7.609444,112.595556,0.0043214940514663,0.0005854215493887425,-0.0018290884210613
2026-03-30T06:00:00Z,-7.609444,112.595556,0.0044436195677345,0.0005089215887087781,-0.0023119044877457
2026-03-30T09:00:00Z,-7.609444,112.595556,0.004402251742786,0.0004445642354861073,-0.0025988045784195
2026-03-30T12:00:00Z,-7.609444,112.595556,0.0042724229780882,0.0004630150089864199,-0.0021966199178572
2026-03-30T15:00:00Z,-7.609444,112.595556,0.0039913629416079,0.0004716529608073878,-0.001659308714576
2026-03-30T18:00:00Z,-7.609444,112.595556,0.0036308063696832,0.0003572767456376369,-0.0008948830285208298
2026-03-30T21:00:00Z,-7.609444,112.595556,0.0032054316891568,0.00019664897710365727,-8.765911774767974e-05
2026-03-31T00:00:00Z,-7.609444,112.595556,0.002884319116567,9.383628563946943e-05,0.0008934715489465008
2026-03-31T03:00:00Z,-7.609444,112.595556,0.0026633276962523,6.927507657682527e-06,0.0014819053903249
2026-03-31T06:00:00Z,-7.609444,112.595556,0.0025937025103743,-2.2307757427215432e-05,0.0018936806866075
2026-03-31T09:00:00Z,-7.609444,112.595556,0.0026238774730424,5.386457018777483e-06,0.0020020524760591
2026-03-31T12:00:00Z,-7.609444,112.595556,0.0025705403606653,0.00018626829803723333,0.0021650148718233
2026-03-31T15:00:00Z,-7.609444,112.595556,0.0023147248005991,0.00033436888232185515,0.0019329975850111
2026-03-31T18:00:00Z,-7.609444,112.595556,0.0019682553449736,0.00035133253028037136,0.0015278225643672
2026-03-31T21:00:00Z,-7.609444,112.595556,0.0016318529813708,0.00024239784919487977,0.0010169146263657
2026-04-01T00:00:00Z,-7.609444,112.595556,0.0014630208937034,0.00014927561139146348,0.0006973108315981792
2026-04-01T03:00:00Z,-7.609444,112.595556,0.0012084107893353,0.0001288028011877975,0.0003826257055320728
2026-04-01T06:00:00Z,-7.609444,112.595556,0.0010349293530384,0.00021975833802866248,0.0002415290089143173
2026-04-01T09:00:00Z,-7.609444,112.595556,0.0008205648165039917,0.00021620035984744204,0.0001810771112453408
2026-04-01T12:00:00Z,-7.609444,112.595556,0.000712682714304508,0.00019518500832319924,-4.382781427984697e-06
2026-04-01T15:00:00Z,-7.609444,112.595556,0.0006180581813132594,0.00011997623477884164,-0.0003448782856280248
2026-04-01T18:00:00Z,-7.609444,112.595556,0.0007431100694144314,0.00011526810215576025,-0.0005035394609374761
2026-04-01T21:00:00Z,-7.609444,112.595556,0.0008736520171597762,0.0003115164763229051,-0.0003888952251295151
2026-04-02T00:00:00Z,-7.609444,112.595556,0.0010640189984551,0.0004987008392050658,6.706132466230533e-05
2026-04-02T03:00:00Z,-7.609444,112.595556,0.0011961786480824,0.0006259696398170088,0.000562684714582002
2026-04-02T06:00:00Z,-7.609444,112.595556,0.0013035394776111,0.0005889462963182919,0.0011491828667586
2026-04-02T09:00:00Z,-7.609444,112.595556,0.0014358480971467,0.0003989416526486488,0.0014447041696025
2026-04-02T12:00:00Z,-7.609444,112.595556,0.001657454074911,0.00011218599239495056,0.0014811337487566
2026-04-02T15:00:00Z,-7.609444,112.595556,0.0019485807626618,-0.0002672196502729083,0.001382438709834
2026-04-02T18:00:00Z,-7.609444,112.595556,0.0022491326248946,-0.0004823329982448557,0.0013882195200956
2026-04-02T21:00:00Z,-7.609444,112.595556,0.0023846102220593,-0.0006574276299163806,0.0014521131284977
2026-04-03T00:00:00Z,-7.609444,112.595556,0.0025573059344126,-0.0008800257910893576,0.0014311239149952
2026-04-03T03:00:00Z,-7.609444,112.595556,0.0025604250003003,-0.0012000532920827,0.0013849057294324
2026-04-03T06:00:00Z,-7.609444,112.595556,0.0023012265276208,-0.0015667569956136,0.0013604866408757
2026-04-03T09:00:00Z,-7.609444,112.595556,0.0019245622564119,-0.0018844633820443,0.0010853245960345
2026-04-03T12:00:00Z,-7.609444,112.595556,0.0016245292215748,-0.0020420043018252,0.0007917096469936896
2026-04-03T15:00:00Z,-7.609444,112.595556,0.0013899784554463,-0.0020012842279937,0.0006958663342148234
2026-04-03T18:00:00Z,-7.609444,112.595556,0.0011960761383989,-0.0019228212817455,0.0007001288331238564
2026-04-03T21:00:00Z,-7.609444,112.595556,0.0009191043376592868,-0.0017591072478266,0.0006291783633794767
2026-04-04T00:00:00Z,-7.609444,112.595556,0.0008041372328321563,-0.0015249062970587,0.0011453768586896
2026-04-04T03:00:00Z,-7.609444,112.595556,0.0007335032417168481,-0.0013597905617161,0.0013532529901915
2026-04-04T06:00:00Z,-7.609444,112.595556,0.000800012192296235,-0.0014346327279419,0.0011067439298673
2026-04-04T09:00:00Z,-7.609444,112.595556,0.0008633058103931436,-0.0016222627303927,0.000602519030139467
2026-04-04T12:00:00Z,-7.609444,112.595556,0.000923556510904616,-0.0016410745576339,0.0003363622549246431
2026-04-04T15:00:00Z,-7.609444,112.595556,0.0009115223427729244,-0.0015458758444532,0.00035847654578286464
2026-04-04T18:00:00Z,-7.609444,112.595556,0.0009061728153149592,-0.0016381752047717,0.00022113157090240893
2026-04-04T21:00:00Z,-7.609444,112.595556,0.0009714446301072278,-0.0020105424707726,-0.0001822457638208519
2026-04-05T00:00:00Z,-7.609444,112.595556,0.0012038202494545,-0.002304479458427,-0.0003316347237745271
2026-04-05T03:00:00Z,-7.609444,112.595556,0.001225963051515,-0.0024791612207201,-0.0004522300302294831
2026-04-05T06:00:00Z,-7.609444,112.595556,0.0012338503087191,-0.0026725655472088,-0.0009569372315074972
2026-04-05T09:00:00Z,-7.609444,112.595556,0.0014575060187961,-0.0027548125542007,-0.0017200256606447
2026-04-05T12:00:00Z,-7.609444,112.595556,0.0018937803869188,-0.0025855043306881,-0.0019173263241367
2026-04-05T15:00:00Z,-7.609444,112.595556,0.0023319103262695,-0.00220074705708,-0.0017382872534178
2026-04-05T18:00:00Z,-7.609444,112.595556,0.0024448846025318,-0.0018462385770164,-0.0016256719139445
2026-04-05T21:00:00Z,-7.609444,112.595556,0.0025043368254274,-0.0016258498787097,-0.0018615136989994
2026-04-06T00:00:00Z,-7.609444,112.595556,0.0027239818300092,-0.001399950619982,-0.0017476904815329
2026-04-06T03:00:00Z,-7.609444,112.595556,0.0029119993631305,-0.0011748331426823,-0.0011929158814743
2026-04-06T06:00:00Z,-7.609444,112.595556,0.0029660233462207,-0.0010497148677265,-0.0005637843419714459
2026-04-06T09:00:00Z,-7.609444,112.595556,0.0028756090306215,-0.0011847370297837,-0.0004811878474559489
2026-04-06T12:00:00Z,-7.609444,112.595556,0.0028396205311796,-0.0014467028074372,-0.0006530617803753609
2026-04-06T15:00:00Z,-7.609444,112.595556,0.0029335247255785,-0.0015580641855625,-0.0008690216465125247
2026-04-06T18:00:00Z,-7.609444,112.595556,0.0029521385653828,-0.0015544243817967,-0.0008030071310969221
2026-04-06T21:00:00Z,-7.609444,112.595556,0.0029123217117883,-0.0016455933076216,-0.0004855416761955411
2026-04-07T00:00:00Z,-7.609444,112.595556,0.0029295646862643,-0.0017782605297704,-1.6262850083371806e-05
2026-04-07T03:00:00Z,-7.609444,112.595556,0.0028406069149327,-0.0019968280897603,0.0003644699220131136
2026-04-07T06:00:00Z,-7.609444,112.595556,0.0026619982370492,-0.0021755197479151,0.0008222381207279837
2026-04-07T09:00:00Z,-7.609444,112.595556,0.0023687180208152,-0.0023823154783636,0.0012869469659278
2026-04-07T12:00:00Z,-7.609444,112.595556,0.0021281361274453,-0.0024899143494962,0.0019175117301303
2026-04-07T15:00:00Z,-7.609444,112.595556,0.0020342678774315,-0.0026015155457506,0.0023063246734306
2026-04-07T18:00:00Z,-7.609444,112.595556,0.0018822793133734,-0.0026464188560997,0.0022845531144867
2026-04-07T21:00:00Z,-7.609444,112.595556,0.0017034443887173,-0.0025822252079202,0.0025987112325541
2026-04-08T00:00:00Z,-7.609444,112.595556,0.0016644941237797,-0.0024265564827162,0.0029935895309594
2026-04-08T03:00:00Z,-7.609444,112.595556,0.001616792447684,-0.0021943667151525,0.0031317576397188
2026-04-08T06:00:00Z,-7.609444,112.595556,0.0015085418896993,-0.0018970382953165,0.0033703416757597
2026-04-08T09:00:00Z,-7.609444,112.595556,0.0013517968024422,-0.0016877473740771,0.002984674851129
2026-04-08T12:00:00Z,-7.609444,112.595556,0.0013011922480739,-0.0014665698464711,0.0022897507850947
2026-04-08T15:00:00Z,-7.609444,112.595556,0.0014605490380515,-0.0012197017109658,0.0016771113932581
2026-04-08T18:00:00Z,-7.609444,112.595556,0.0015192831758315,-0.0009688600624346348,0.0012773225859786
2026-04-08T21:00:00Z,-7.609444,112.595556,0.0014279380355824,-0.0007450384521158092,0.001137185631511
2026-04-09T00:00:00Z,-7.609444,112.595556,0.0014177161331595,-0.0006169618680566947,0.0012554392324949
2026-04-09T03:00:00Z,-7.609444,112.595556,0.0014659589354432,-0.0006375890821405793,0.0010815889036318
2026-04-09T06:00:00Z,-7.609444,112.595556,0.0014552252701006,-0.0007290001352209016,0.0010695267130957
2026-04-09T09:00:00Z,-7.609444,112.595556,0.0012158441506872,-0.0008070412428320126,0.0006337265150491216
2026-04-09T12:00:00Z,-7.609444,112.595556,0.0010735965698692,-0.0007867747441057742,0.0002153355005810929
2026-04-09T15:00:00Z,-7.609444,112.595556,0.0011928831049598,-0.0007123462550201607,4.615973758442189e-05
2026-04-09T18:00:00Z,-7.609444,112.595556,0.0013970943830997,-0.0007438084664627149,0.0002436606160707817
2026-04-09T21:00:00Z,-7.609444,112.595556,0.001397380876215,-0.0008526042852571559,0.00034458553234685937
2026-04-10T00:00:00Z,-7.609444,112.595556,0.0012930409050892,-0.0009419565392552848,0.00014948230512601104
2026-04-10T03:00:00Z,-7.609444,112.595556,0.0012400921149155,-0.0010323905486673,-0.0002069469785874944
2026-04-10T06:00:00Z,-7.609444,112.595556,0.0014120202823792,-0.0009813616709595597,-0.0001354222300789944
2026-04-10T09:00:00Z,-7.609444,112.595556,0.0016570688040985,-0.0008511180895740796,0.00014248596607466726
2026-04-10T12:00:00Z,-7.609444,112.595556,0.0017857586468799,-0.0007580079106277509,0.0006133232101151011
2026-04-10T15:00:00Z,-7.609444,112.595556,0.0020319344117357,-0.0008206188993296554,0.0009581343096906788
2026-04-10T18:00:00Z,-7.609444,112.595556,0.0024061915060746,-0.0010880381542575,0.0014188413764482
2026-04-10T21:00:00Z,-7.609444,112.595556,0.0026400251958005,-0.0013666001346252,0.0017259137445816
2026-04-11T00:00:00Z,-7.609444,112.595556,0.0027714670021366,-0.0015201823793283,0.0020374216735793
2026-04-11T03:00:00Z,-7.609444,112.595556,0.0029428082748946,-0.0016358067130229,0.002014515974471
2026-04-11T06:00:00Z,-7.609444,112.595556,0.0032089197801618,-0.0017710462364087,0.0017731323607562
2026-04-11T09:00:00Z,-7.609444,112.595556,0.0034144117382949,-0.0020691121306916,0.0013571805107537
2026-04-11T12:00:00Z,-7.609444,112.595556,0.0033509062759263,-0.002400435793469,0.000917083872002942
2026-04-11T15:00:00Z,-7.609444,112.595556,0.0031900173733003,-0.0026184774406946,0.0003922797084494702
2026-04-11T18:00:00Z,-7.609444,112.595556,0.0029959308503443,-0.0027872359640966,0.00015709448943187644
2026-04-11T21:00:00Z,-7.609444,112.595556,0.0027696801992853,-0.0029588333504331,0.00012989948450080417
2026-04-12T00:00:00Z,-7.609444,112.595556,0.0024972028955819,-0.0029860844301754,0.0003960584623757713
2026-04-12T03:00:00Z,-7.609444,112.595556,0.0022771724623614,-0.0029192473187479,0.0006581830299366418
2026-04-12T06:00:00Z,-7.609444,112.595556,0.0022199851803782,-0.0028416031687301,0.0008252720496724194
2026-04-12T09:00:00Z,-7.609444,112.595556,0.0022347899645356,-0.0029443686219249,0.0006814419268511779
2026-04-12T12:00:00Z,-7.609444,112.595556,0.0022528393305269,-0.0029924026675677,0.0007455272727619176
2026-04-12T15:00:00Z,-7.609444,112.595556,0.0020943097043389,-0.0028922663288362,0.0004549041580927841
2026-04-12T18:00:00Z,-7.609444,112.595556,0.0018835904549538,-0.0029049149155792,-0.0001826837336374029
2026-04-12T21:00:00Z,-7.609444,112.595556,0.0017251939720233,-0.0028711083921503,-0.0007863843004185095
2026-04-13T00:00:00Z,-7.609444,112.595556,0.0017148165794378,-0.0027668087276476,-0.0007836478375399554
2026-04-13T03:00:00Z,-7.609444,112.595556,0.0017590868042615,-0.0027444265106342,-0.0005762838031468699
2026-04-13T06:00:00Z,-7.609444,112.595556,0.0017452626148163,-0.0028265054270856,-0.00033173769452443387
2026-04-13T09:00:00Z,-7.609444,112.595556,0.0017396690768902,-0.0029982726627048,-0.0005164604666489946
2026-04-13T12:00:00Z,-7.609444,112.595556,0.0018568907196388,-0.0029851846690771,-0.00046001858016669536
2026-04-13T15:00:00Z,-7.609444,112.595556,0.0020987296752302,-0.0028247393956467,-0.0004962774951038695
2026-04-13T18:00:00Z,-7.609444,112.595556,0.002405027868907,-0.0027429679090373,-0.0005562794395794061
2026-04-13T21:00:00Z,-7.609444,112.595556,0.0026191844741881,-0.0027445276602106,-0.0007195572830087289
2026-04-14T00:00:00Z,-7.609444,112.595556,0.0027897483974222,-0.0028246381796466,-0.0005608746994797071
2026-04-14T03:00:00Z,-7.609444,112.595556,0.0029617721100243,-0.0027573166931328,-0.00023215312584375265
2026-04-14T06:00:00Z,-7.609444,112.595556,0.0030023925468873,-0.0026349094593695,1.960592091039575e-05
2026-04-14T09:00:00Z,-7.609444,112.595556,0.0028010372841304,-0.0026220773857993,-1.4430590502781829e-06
2026-04-14T12:00:00Z,-7.609444,112.595556,0.0026257142970613,-0.0025757430050991,0.00015553964081439938
2026-04-14T15:00:00Z,-7.609444,112.595556,0.0027295155651771,-0.0024748478997322,0.0004251872272847706
2026-04-14T18:00:00Z,-7.609444,112.595556,0.0028330886647851,-0.0025013693638963,0.000917292074706493
2026-04-14T21:00:00Z,-7.609444,112.595556,0.0027657077967027,-0.0024667240010885,0.0014652423454227
2026-04-15T00:00:00Z,-7.609444,112.595556,0.0027686768022973,-0.0021722734548955,0.0021561349528583
2026-04-15T03:00:00Z,-7.609444,112.595556,0.0030047427010311,-0.0017349072529522,0.002468488754383
2026-04-15T06:00:00Z,-7.609444,112.595556,0.0033596850800749,-0.0013589351701405,0.0027476094084527
2026-04-15T09:00:00Z,-7.609444,112.595556,0.0035788104588996,-0.0012085098491948,0.0030518494756594
2026-04-15T12:00:00Z,-7.609444,112.595556,0.0035896810956206,-0.0010789100030734,0.0036104278702756
2026-04-15T15:00:00Z,-7.609444,112.595556,0.0035409821628078,-0.0010682884362352,0.0037272228867292
2026-04-15T18:00:00Z,-7.609444,112.595556,0.0034709613455799,-0.0012328849095652,0.0036147255069383
2026-04-15T21:00:00Z,-7.609444,112.595556,0.0032517043748034,-0.0014677237438149,0.0036843122711744
2026-04-16T00:00:00Z,-7.609444,112.595556,0.0029736483413878,-0.0015283393210993,0.0039151021298286
2026-04-16T03:00:00Z,-7.609444,112.595556,0.0027277536182574,-0.0015568719836924,0.0037161985351302
2026-04-16T06:00:00Z,-7.609444,112.595556,0.0025954668868477,-0.0015262792615249,0.0034727681597058
2026-04-16T09:00:00Z,-7.609444,112.595556,0.0024160892158476,-0.0014831921790336,0.0033559170360118
2026-04-16T12:00:00Z,-7.609444,112.595556,0.002156982363114,-0.0012026888065434,0.0036829638684921
2026-04-16T15:00:00Z,-7.609444,112.595556,0.0019205240091426,-0.0008790371902807546,0.0035907460125831
2026-04-16T18:00:00Z,-7.609444,112.595556,0.00180167605667,-0.0007855206015442374,0.0032603045575235
2026-04-16T21:00:00Z,-7.609444,112.595556,0.0018143680046871,-0.0008491903207141786,0.0029669819951682
2026-04-17T00:00:00Z,-7.609444,112.595556,0.0017836904788088,-0.0007034451784016474,0.0029760707091888
2026-04-17T03:00:00Z,-7.609444,112.595556,0.0016449363115284,-0.00038151233294037056,0.0029566689954346
2026-04-17T06:00:00Z,-7.609444,112.595556,0.0015335431846567,-8.430036621388519e-05,0.0029257942907524
2026-04-17T09:00:00Z,-7.609444,112.595556,0.0014622313639781,0.00015658810518388462,0.0030380746018554
2026-04-17T12:00:00Z,-7.609444,112.595556,0.0015548170909388,0.000447342144920558,0.0034576757559576
2026-04-17T15:00:00Z,-7.609444,112.595556,0.0016304978539498,0.0006085198135458767,0.0037276629767478
2026-04-17T18:00:00Z,-7.609444,112.595556,0.0015899341487224,0.0004840725266383024,0.0037183694418989
2026-04-17T21:00:00Z,-7.609444,112.595556,0.0015855976821754,0.0002878930194645177,0.0035733240664533
2026-04-18T00:00:00Z,-7.609444,112.595556,0.0018572306919447,0.00026481022411139457,0.0038241584292846
2026-04-18T03:00:00Z,-7.609444,112.595556,0.0020653952052707,0.00030850255281496253,0.0039221415177216
2026-04-18T06:00:00Z,-7.609444,112.595556,0.0021138828695057,0.0002937021668277087,0.0035402569141559
2026-04-18T09:00:00Z,-7.609444,112.595556,0.0020991135762591,0.0001953303078184348,0.0029668046678982
2026-04-18T12:00:00Z,-7.609444,112.595556,0.0022625385273606,0.00010315525723072768,0.0024631963800615
2026-04-18T15:00:00Z,-7.609444,112.595556,0.0023323278412503,0.00010432929414008171,0.0020506607256185
2026-04-18T18:00:00Z,-7.609444,112.595556,0.0021594638583515,0.00011786538762780672,0.0019512704432681
2026-04-18T21:00:00Z,-7.609444,112.595556,0.0020101784032808,0.00010663065195322167,0.0015739772068248
2026-04-19T00:00:00Z,-7.609444,112.595556,0.0022497097296723,0.00012803078723788605,0.0015472977379596
2026-04-19T03:00:00Z,-7.609444,112.595556,0.0025837904524707,0.0002128032938717503,0.001658897448644
2026-04-19T06:00:00Z,-7.609444,112.595556,0.0027314210624442,0.0001494527576206847,0.001685275118243
2026-04-19T09:00:00Z,-7.609444,112.595556,0.0027662803395613,5.894107811238897e-05,0.0014069344646605
2026-04-19T12:00:00Z,-7.609444,112.595556,0.0029646661245994,0.00014228929650330268,0.0010126704443325
2026-04-19T15:00:00Z,-7.609444,112.595556,0.0032607552465435,0.0003765301243005351,0.0006655086791866326
2026-04-19T18:00:00Z,-7.609444,112.595556,0.0032771147314479,0.000627564160776415,0.0005465981469552924
2026-04-19T21:00:00Z,-7.609444,112.595556,0.0029121994370473,0.0007382205414223744,0.0004532138730663006
2026-04-20T00:00:00Z,-7.609444,112.595556,0.0027084558224193,0.0006585498374464451,0.0004504578905094094
2026-04-20T03:00:00Z,-7.609444,112.595556,0.0027194133321174,0.0003902279442501439,0.0005324032213760483
2026-04-20T06:00:00Z,-7.609444,112.595556,0.0026452143333773,-7.360370914073517e-06,0.0009891929323034637
2026-04-20T09:00:00Z,-7.609444,112.595556,0.0023675541717341,-0.0003500185150628029,0.0011753797926999
2026-04-20T12:00:00Z,-7.609444,112.595556,0.0022180212271073,-0.0004544879428921748,0.0011396178449204
2026-04-20T15:00:00Z,-7.609444,112.595556,0.002287687339294,-0.0004418190271517324,0.0008598694008646809
2026-04-20T18:00:00Z,-7.609444,112.595556,0.002473373223022,-0.0004634680338906124,0.0006155718995819623
2026-04-20T21:00:00Z,-7.609444,112.595556,0.0025568650298455,-0.00054405440119078,0.0006937660353896549
2026-04-21T00:00:00Z,-7.609444,112.595556,0.0027671294672099,-0.0006790642617793216,0.0006977022298870006
2026-04-21T03:00:00Z,-7.609444,112.595556,0.0030400359097684,-0.0008204891016488279,0.0006051382740693482
2026-04-21T06:00:00Z,-7.609444,112.595556,0.0033660604559049,-0.000921654401688264,0.0008811602361839166
2026-04-21T09:00:00Z,-7.609444,112.595556,0.003529417368351,-0.0009987660943781924,0.0011547337242271
2026-04-21T12:00:00Z,-7.609444,112.595556,0.0037228807283724,-0.0010651573290333,0.0012438384069885
2026-04-21T15:00:00Z,-7.609444,112.595556,0.0039461944334915,-0.0010649095644288,0.0009441452549803542
2026-04-21T18:00:00Z,-7.609444,112.595556,0.0042077436523862,-0.0012402271435914,0.0005523577537519114
2026-04-21T21:00:00Z,-7.609444,112.595556,0.0042968367112716,-0.0014074983378836,0.0005859827089604937
2026-04-22T00:00:00Z,-7.609444,112.595556,0.0042663262040703,-0.0015302038587124,0.0005248277392340174
2026-04-22T03:00:00Z,-7.609444,112.595556,0.004247110536611,-0.0017945034277501,0.0003878172435603597
2026-04-22T06:00:00Z,-7.609444,112.595556,0.0042550938249057,-0.0021571489579295,0.0005834799812481244
2026-04-22T09:00:00Z,-7.609444,112.595556,0.0040306664891224,-0.0025704868604409,0.0008028900576066299
2026-04-22T12:00:00Z,-7.609444,112.595556,0.003713851638655,-0.0028654707670357,0.0009187570377597116
2026-04-22T15:00:00Z,-7.609444,112.595556,0.0034696464112478,-0.0027805372148349,0.0008941000757839895
2026-04-22T18:00:00Z,-7.609444,112.595556,0.0033083849738539,-0.0026532224581354,0.000878315595690791
2026-04-22T21:00:00Z,-7.609444,112.595556,0.0031775136990123,-0.0025472566495876,0.000839883966474597
2026-04-23T00:00:00Z,-7.609444,112.595556,0.0030252133659462,-0.0024353325789001,0.0011367729788639
2026-04-23T03:00:00Z,-7.609444,112.595556,0.002776343664225,-0.0026091113822678,0.0013839786918861
2026-04-23T06:00:00Z,-7.609444,112.595556,0.0024835608544392,-0.0029799170324225,0.0016118375400235
2026-04-23T09:00:00Z,-7.609444,112.595556,0.0021861041004741,-0.0033879928577721,0.0016755774288212
2026-04-23T12:00:00Z,-7.609444,112.595556,0.0019693905853443,-0.0035616429757285,0.0018444780052066
2026-04-23T15:00:00Z,-7.609444,112.595556,0.001662109835978,-0.0034936865464817,0.0022332349918769
2026-04-23T18:00:00Z,-7.609444,112.595556,0.0013576948219467,-0.0034645107798377,0.0023968980942261
2026-04-23T21:00:00Z,-7.609444,112.595556,0.001176119832363,-0.0034282776843802,0.0023087607790875
2026-04-24T00:00:00Z,-7.609444,112.595556,0.0011593691565199,-0.0032791839094338,0.0025189414067848
2026-04-24T03:00:00Z,-7.609444,112.595556,0.0010882419037211,-0.0031635764220888,0.0028976979112951
2026-04-24T06:00:00Z,-7.609444,112.595556,0.0009168345326489284,-0.0031315122288546,0.0028978077282377
2026-04-24T09:00:00Z,-7.609444,112.595556,0.0009109775949323612,-0.0031037848429705,0.0024966975345528
2026-04-24T12:00:00Z,-7.609444,112.595556,0.0012097423083307,-0.0029663677273521,0.0024265042137212
2026-04-24T15:00:00Z,-7.609444,112.595556,0.0016142621150134,-0.0027620931037943,0.0025636010926295
2026-04-24T18:00:00Z,-7.609444,112.595556,0.0017681640017403,-0.00266365346067,0.0023725003257493
2026-04-24T21:00:00Z,-7.609444,112.595556,0.0018646070015909,-0.0025714309085282,0.0016979548939151
2026-04-25T00:00:00Z,-7.609444,112.595556,0.0020522793555257,-0.0023707715042653,0.0013375740104982
2026-04-25T03:00:00Z,-7.609444,112.595556,0.0020742193948443,-0.0021824674988459,0.0013656784577112
2026-04-25T06:00:00Z,-7.609444,112.595556,0.0020121260283676,-0.0020197476649977,0.00130846088965
2026-04-25T09:00:00Z,-7.609444,112.595556,0.0019239016260076,-0.0018764762479433,0.0008530044460547261
2026-04-25T12:00:00Z,-7.609444,112.595556,0.001936083291589,-0.0018422903865954,0.0006865299581502232
2026-04-25T15:00:00Z,-7.609444,112.595556,0.0019865234230389,-0.0017519940532079,0.0009999934087787702
2026-04-25T18:00:00Z,-7.609444,112.595556,0.0019783019850036,-0.001585052721325,0.0013500981843308
2026-04-25T21:00:00Z,-7.609444,112.595556,0.0019009816004252,-0.001437876815454,0.0013274243623398
2026-04-26T00:00:00Z,-7.609444,112.595556,0.0019503192862574,-0.0013130187379455,0.00132240572562
2026-04-26T03:00:00Z,-7.609444,112.595556,0.001971189939939,-0.0011797187833965,0.0012557535437747
2026-04-26T06:00:00Z,-7.609444,112.595556,0.0020102112777352,-0.0009719125183583464,0.001605181127894
2026-04-26T09:00:00Z,-7.609444,112.595556,0.0019789848789197,-0.0007127009844330308,0.0019262483988843
2026-04-26T12:00:00Z,-7.609444,112.595556,0.0019290719489548,-0.0004899481804669437,0.0024243300366877
2026-04-26T15:00:00Z,-7.609444,112.595556,0.0019320741568809,-0.0003602172909229789,0.0025105492545703
2026-04-26T18:00:00Z,-7.609444,112.595556,0.0018924657643627,-0.00028379408710125544,0.0025074882194407
2026-04-26T21:00:00Z,-7.609444,112.595556,0.0016931686127508,-0.00033581541923223155,0.0025710347042647
2026-04-27T00:00:00Z,-7.609444,112.595556,0.001515622262746,-0.0003989375566485074,0.0028217982543104
2026-04-27T03:00:00Z,-7.609444,112.595556,0.0014709903110029,-0.0004804038749513456,0.0031215341303993
2026-04-27T06:00:00Z,-7.609444,112.595556,0.001503116740003,-0.0005656761404076548,0.003541326491831
2026-04-27T09:00:00Z,-7.609444,112.595556,0.0012965494990986,-0.000573396341737635,0.0036383283525224
2026-04-27T12:00:00Z,-7.609444,112.595556,0.0010659291915126,-0.0004744802150415454,0.0038744216429845
2026-04-27T15:00:00Z,-7.609444,112.595556,0.0008531487439640256,-0.0004253684310254309,0.003846614040885
2026-04-27T18:00:00Z,-7.609444,112.595556,0.0008075511155860834,-0.0004405359851744918,0.0035458079614788
2026-04-27T21:00:00Z,-7.609444,112.595556,0.0007082259994481471,-0.0007375534428970925,0.0031495204297928
2026-04-28T00:00:00Z,-7.609444,112.595556,0.0005623888771254041,-0.001198495316509,0.0028619378280547
2026-04-28T03:00:00Z,-7.609444,112.595556,0.0003557339938571223,-0.0015491520724521,0.0026436419457108
2026-04-28T06:00:00Z,-7.609444,112.595556,7.930145379179053e-05,-0.0016386116875432,0.0024467207290098
2026-04-28T09:00:00Z,-7.609444,112.595556,-0.00025948135769564566,-0.0016068615560133,0.002193642258332
2026-04-28T12:00:00Z,-7.609444,112.595556,-0.0005496664337256852,-0.0015105074189116,0.002304903688578
2026-04-28T15:00:00Z,-7.609444,112.595556,-0.0008456194675075984,-0.001450962607961,0.0018590266762999
2026-04-28T18:00:00Z,-7.609444,112.595556,-0.0011145238080586,-0.0015465579496402,0.0010973319410935
2026-04-28T21:00:00Z,-7.609444,112.595556,-0.001372021136168,-0.0015818951251491,0.0005177650164981984
2026-04-29T00:00:00Z,-7.609444,112.595556,-0.0015624638507141,-0.0014529531312608,0.0003525373668762326
2026-04-29T03:00:00Z,-7.609444,112.595556,-0.0017916304968679,-0.0012939224607481,0.0002736199435535579
2026-04-29T06:00:00Z,-7.609444,112.595556,-0.0020456834254568,-0.0013229117036873,8.510163923942452e-05
2026-04-29T09:00:00Z,-7.609444,112.595556,-0.0023280760573236,-0.0014017505664718,-0.0003431090498981668
2026-04-29T12:00:00Z,-7.609444,112.595556,-0.0024624716710523,-0.0012234554498076,-0.0005399804106151535
2026-04-29T15:00:00Z,-7.609444,112.595556,-0.0025548869775443,-0.0009046392009824706,-0.0005403981027644845
2026-04-29T18:00:00Z,-7.609444,112.595556,-0.0025790260943701,-0.0006381273327743218,-0.0005269228979273482
2026-04-29T21:00:00Z,-7.609444,112.595556,-0.0025304060487476,-0.0005172679151283501,-0.000312545742905176
2026-04-30T00:00:00Z,-7.609444,112.595556,-0.0024231225479493,-0.0004827110342600561,-2.3985120241675552e-05
2026-04-30T03:00:00Z,-7.609444,112.595556,-0.0023162988637984,-0.0005245495238527929,-0.00010191209055852044
2026-04-30T06:00:00Z,-7.609444,112.595556,-0.0021465342369113,-0.00064365606768983,-0.00043374273581101735
2026-04-30T09:00:00Z,-7.609444,112.595556,-0.0019381717491235,-0.0006373992204488265,-0.0006357820003738509
2026-04-30T12:00:00Z,-7.609444,112.595556,-0.0016734215552771,-0.0004448712151319132,-0.0003374340086240312
2026-04-30T15:00:00Z,-7.609444,112.595556,-0.0013305638258867,-0.00013996041922684368,-0.0001969569671346288
2026-04-30T18:00:00Z,-7.609444,112.595556,-0.0010751196502623,0.00011772138134509907,-0.0001871765303901379
2026-04-30T21:00:00Z,-7.609444,112.595556,-0.0007682056927788387,0.00030785397093011546,-0.0003127169482108228
2026-05-01T00:00:00Z,-7.609444,112.595556,-0.00031233270315661563,0.0004302653354220185,-0.0003147564848636869
2026-05-01T03:00:00Z,-7.609444,112.595556,0.00010790649361272964,0.00035350547678295887,-0.00017633324765532591
2026-05-01T06:00:00Z,-7.609444,112.595556,0.0004461974254699113,0.00018775650798083407,0.0002244438932209902
2026-05-01T09:00:00Z,-7.609444,112.595556,0.0006837894100005036,0.00011707157247475651,0.000482232142281378
2026-05-01T12:00:00Z,-7.609444,112.595556,0.0010119455653525,0.00022599751005209865,0.0007991035811510437
2026-05-01T15:00:00Z,-7.609444,112.595556,0.0014797233488278,0.0004973979854442907,0.000769205099084575
2026-05-01T18:00:00Z,-7.609444,112.595556,0.001918071071535,0.0006891731814836056,0.00048114525138663545
2026-05-01T21:00:00Z,-7.609444,112.595556,0.002114383626122,0.0006940688675051654,-5.224429079780161e-05
2026-05-02T00:00:00Z,-7.609444,112.595556,0.0022957471404375,0.0005954412551808257,-0.000520149157063339
2026-05-02T03:00:00Z,-7.609444,112.595556,0.0024067313649862,0.00043413289348423446,-0.0009449736438546358
2026-05-02T06:00:00Z,-7.609444,112.595556,0.0024148968104876,0.00027036676539209234,-0.0011968250522018
2026-05-02T09:00:00Z,-7.609444,112.595556,0.0023055413828679,0.0001305167191969735,-0.0014459895441023
2026-05-02T12:00:00Z,-7.609444,112.595556,0.0022210498591602,0.0001954746980658373,-0.0014459226046708
2026-05-02T15:00:00Z,-7.609444,112.595556,0.0021298605898717,0.0003247506131987225,-0.0016059076033551
2026-05-02T18:00:00Z,-7.609444,112.595556,0.0019447557155515,0.0004990759646144956,-0.0016293802901682
2026-05-02T21:00:00Z,-7.609444,112.595556,0.0017098416059835,0.0005292602855003513,-0.0018188898278151
2026-05-03T00:00:00Z,-7.609444,112.595556,0.0016023928076278,0.0005133687693669911,-0.0017650066332537
2026-05-03T03:00:00Z,-7.609444,112.595556,0.0014419109644811,0.0005141173142058834,-0.0017123726963369
2026-05-03T06:00:00Z,-7.609444,112.595556,0.0011644810624726,0.0005383921369723674,-0.0015182923157157
2026-05-03T09:00:00Z,-7.609444,112.595556,0.0007621188976535188,0.0004551423264683112,-0.0013918430520067
2026-05-03T12:00:00Z,-7.609444,112.595556,0.0003418021388611075,0.0003907946773890195,-0.0012509012012985
2026-05-03T15:00:00Z,-7.609444,112.595556,2.868636131622537e-05,0.0004236184677011252,-0.0010407657898657
2026-05-03T18:00:00Z,-7.609444,112.595556,-0.00017539665602750692,0.0005510806539402714,-0.0007617179663753675
2026-05-03T21:00:00Z,-7.609444,112.595556,-0.0003727441203925504,0.0005077105903223858,-0.0004950466723475194
2026-05-04T00:00:00Z,-7.609444,112.595556,-0.00040808008097086143,0.00031340513979458986,-0.0002817965982954636
2026-05-04T03:00:00Z,-7.609444,112.595556,-0.0005075810999172838,0.0001840878753829465,3.968786559393315e-05
2026-05-04T06:00:00Z,-7.609444,112.595556,-0.000675067247057266,0.00023893921976618105,0.0005321261093291362
2026-05-04T09:00:00Z,-7.609444,112.595556,-0.000821946810771232,0.0002409326289907184,0.0008218602636907032
2026-05-04T12:00:00Z,-7.609444,112.595556,-0.0008258298143895589,0.00022907573855811467,0.0010737413887623
2026-05-04T15:00:00Z,-7.609444,112.595556,-0.0006466616087385052,0.00016747536614796253,0.0015754847383976
2026-05-04T18:00:00Z,-7.609444,112.595556,-0.00048208552998767006,0.00012738179005938232,0.0018800560289583
2026-05-04T21:00:00Z,-7.609444,112.595556,-0.00030175261969920446,0.0001597019113796298,0.0020288137297527
2026-05-05T00:00:00Z,-7.609444,112.595556,0.00010245206527238271,0.0001709633898417837,0.0022487361999346
2026-05-05T03:00:00Z,-7.609444,112.595556,0.0005553805276111816,0.0003309908440675565,0.0024038856939066
2026-05-05T06:00:00Z,-7.609444,112.595556,0.000909640638108759,0.0005696798065678041,0.0026360844367149
2026-05-05T09:00:00Z,-7.609444,112.595556,0.0010585313260557,0.0005398158893346775,0.0025164941563406
2026-05-05T12:00:00Z,-7.609444,112.595556,0.0012441171552289,0.0003790898124141039,0.0022817200921255
2026-05-05T15:00:00Z,-7.609444,112.595556,0.0015803045480234,0.00027139382134987313,0.0022689214222259
2026-05-05T18:00:00Z,-7.609444,112.595556,0.0018342740459292,0.00026295922603446903,0.0025028785379942
2026-05-05T21:00:00Z,-7.609444,112.595556,0.0019336492308766,0.00033716810975576616,0.0026999920387205
2026-05-06T00:00:00Z,-7.609444,112.595556,0.0021259338732689,0.0003965522456911612,0.0029022863379568
2026-05-06T03:00:00Z,-7.609444,112.595556,0.0023177939901857,0.0003206058756436084,0.0029273176126051
2026-05-06T06:00:00Z,-7.609444,112.595556,0.002352772533641,0.00011051236966755097,0.0028287150706142
2026-05-06T09:00:00Z,-7.609444,112.595556,0.0021954777124111,-0.00011258307477925527,0.0026271457962219
2026-05-06T12:00:00Z,-7.609444,112.595556,0.002176977126571,-0.00016439015270980123,0.0023010513038642
2026-05-06T15:00:00Z,-7.609444,112.595556,0.0022815004637128,-9.20769504170021e-05,0.0020016289072646
2026-05-06T18:00:00Z,-7.609444,112.595556,0.0024527325179408,-1.5190933360974563e-05,0.00155574535253
2026-05-06T21:00:00Z,-7.609444,112.595556,0.0024581746799502,1.3387209047874711e-05,0.0010446772747734
2026-05-07T00:00:00Z,-7.609444,112.595556,0.0026647924331251,4.810127835824458e-05,0.0007779190897264112
2026-05-07T03:00:00Z,-7.609444,112.595556,0.0027659587956319,1.1458809939182316e-05,0.0006105712517487994
2026-05-07T06:00:00Z,-7.609444,112.595556,0.0026480092036945,-0.00016360602020160802,0.0002893725797950388
2026-05-07T09:00:00Z,-7.609444,112.595556,0.0023501590265445,-0.0004212375560361564,-0.00021791178118345768
2026-05-07T12:00:00Z,-7.609444,112.595556,0.002041151031368,-0.0005219084496351655,-0.0003931316881171698
2026-05-07T15:00:00Z,-7.609444,112.595556,0.0017421169924593,-0.0006297201243437982,-0.0007036958014655392
2026-05-07T18:00:00Z,-7.609444,112.595556,0.0015663367867543,-0.0007345547540601461,-0.0007196343490169644
2026-05-07T21:00:00Z,-7.609444,112.595556,0.001263635668131,-0.0007737660183437141,-0.0004104318491943936
2026-05-08T00:00:00Z,-7.609444,112.595556,0.0011473002056191,-0.0007350302737988137,2.822841560290428e-05
2026-05-08T03:00:00Z,-7.609444,112.595556,0.0010567002724433,-0.0006420206572199643,0.0004266274972276703
2026-05-08T06:00:00Z,-7.609444,112.595556,0.0008304294619152314,-0.0005744497017148591,0.0006337148068090008
2026-05-08T09:00:00Z,-7.609444,112.595556,0.0006466051973508819,-0.0005287725857728548,0.000495830925159141
2026-05-08T12:00:00Z,-7.609444,112.595556,0.0006902464864725662,-0.00032397404906233616,0.000690311820194516
2026-05-08T15:00:00Z,-7.609444,112.595556,0.0008138487208646617,-0.00012568170282708198,0.0009537311249676968
2026-05-08T18:00:00Z,-7.609444,112.595556,0.001029891149007,9.08543679352028e-05,0.0012209765645012
2026-05-08T21:00:00Z,-7.609444,112.595556,0.0010797790188895,0.0003281946043910226,0.0015784469592975
2026-05-09T00:00:00Z,-7.609444,112.595556,0.0011473571371341,0.0004382253640826087,0.0019603785718758
2026-05-09T03:00:00Z,-7.609444,112.595556,0.0011918876031986,0.0004080921531986839,0.0021394452887461
2026-05-09T06:00:00Z,-7.609444,112.595556,0.0012451010078666,0.0003869157592890437,0.0021425590137584
2026-05-09T09:00:00Z,-7.609444,112.595556,0.0013274104002309,0.000326348509485993,0.0019558927154837
2026-05-09T12:00:00Z,-7.609444,112.595556,0.0014526293282528,0.0003680822798239407,0.0018730225684034
2026-05-09T15:00:00Z,-7.609444,112.595556,0.0015655391866996,0.0004178412583139197,0.0018569413494791
2026-05-09T18:00:00Z,-7.609444,112.595556,0.0016158513059109,0.0005648463934334287,0.0017479922431092
2026-05-09T21:00:00Z,-7.609444,112.595556,0.0015902892407009,0.0007548954045797712,0.001588075843455
2026-05-10T00:00:00Z,-7.609444,112.595556,0.001574597202149,0.0009071812694924454,0.0014787721192711
2026-05-10T03:00:00Z,-7.609444,112.595556,0.0014093769512696,0.0010228839992439,0.0008820177840434796
2026-05-10T06:00:00Z,-7.609444,112.595556,0.0011083576928765,0.000944986532737206,0.0001937979325487674
2026-05-10T09:00:00Z,-7.609444,112.595556,0.000645109605787204,0.0008298818731180389,-0.0005608014035209565
2026-05-10T12:00:00Z,-7.609444,112.595556,0.0002976320780981275,0.0010015136719084,-0.0008455474177491157
2026-05-10T15:00:00Z,-7.609444,112.595556,0.00014140082871484024,0.0013860641181954,-0.0008965880296947012
2026-05-10T18:00:00Z,-7.609444,112.595556,7.332294163119422e-05,0.0019529753424923,-0.0007346154555008773
2026-05-10T21:00:00Z,-7.609444,112.595556,-2.078580001019744e-05,0.002458418407959,-0.0005987296350558256
2026-05-11T00:00:00Z,-7.609444,112.595556,-3.4613571122844623e-06,0.0027613217954378,-0.0008223027512623464
2026-05-11T03:00:00Z,-7.609444,112.595556,6.745555949232587e-05,0.0028146141144421,-0.0012689789837432
2026-05-11T06:00:00Z,-7.609444,112.595556,0.0001462980786713641,0.0026126551772033,-0.001682691746276
2026-05-11T09:00:00Z,-7.609444,112.595556,0.0001433771799452239,0.0023128547184948,-0.0019893419751322
2026-05-11T12:00:00Z,-7.609444,112.595556,9.771526869815124e-05,0.0022279790787026,-0.0016214385459282
2026-05-11T15:00:00Z,-7.609444,112.595556,6.307319051142895e-05,0.0022571545047856,-0.001089149674183
2026-05-11T18:00:00Z,-7.609444,112.595556,0.00015326584299131367,0.0021998635665298,-0.0007511824789545639
2026-05-11T21:00:00Z,-7.609444,112.595556,0.00024521091240477385,0.0019800934915048,-0.0002863108335425566
2026-05-12T00:00:00Z,-7.609444,112.595556,0.0003581460781906793,0.0016231286248728,0.00034157176107157863
2026-05-12T03:00:00Z,-7.609444,112.595556,0.0003558138576481603,0.0011575604654769,0.000871528593873527
2026-05-12T06:00:00Z,-7.609444,112.595556,0.00029339080380949394,0.0008349395901043406,0.0014019488053139
2026-05-12T09:00:00Z,-7.609444,112.595556,0.00029441617113298445,0.0005812630604847837,0.0017792031037368
2026-05-12T12:00:00Z,-7.609444,112.595556,0.0003489886488862184,0.000472467750416427,0.002286269257293
2026-05-12T15:00:00Z,-7.609444,112.595556,0.0003567055577266881,0.0004644371736654107,0.0025709538002289
2026-05-12T18:00:00Z,-7.609444,112.595556,0.000311448030631772,0.0005559827594586865,0.0024218934296562
2026-05-12T21:00:00Z,-7.609444,112.595556,0.00026979007025025944,0.0007545884267663892,0.0019085992630373
2026-05-13T00:00:00Z,-7.609444,112.595556,0.0003627496503047224,0.0010680153631296,0.0018182028366452
2026-05-13T03:00:00Z,-7.609444,112.595556,0.0005036852093448874,0.0012784002376504,0.0019804680182826
2026-05-13T06:00:00Z,-7.609444,112.595556,0.0007112574372674851,0.0013702803728319,0.0023366882294937
2026-05-13T09:00:00Z,-7.609444,112.595556,0.0008883821556437386,0.0012144785414869,0.0023427582740187
2026-05-13T12:00:00Z,-7.609444,112.595556,0.001019005108461,0.0009553672284731752,0.0020961913313326
2026-05-13T15:00:00Z,-7.609444,112.595556,0.0012660608323639,0.0007509301164858406,0.0018539472278264
2026-05-13T18:00:00Z,-7.609444,112.595556,0.0014457441447066,0.0006519861386244247,0.0014694917122821
2026-05-13T21:00:00Z,-7.609444,112.595556,0.0015206223432423,0.0004282311275340809,0.0007151234206740236
2026-05-14T00:00:00Z,-7.609444,112.595556,0.0016102952779183,-1.8477009378838637e-05,-4.627440211780163e-05
2026-05-14T03:00:00Z,-7.609444,112.595556,0.0015319645291002,-0.0005747439488952352,-0.000826434690114865
2026-05-14T06:00:00Z,-7.609444,112.595556,0.0013909680755961,-0.000999924999507173,-0.0012381784129824
2026-05-14T09:00:00Z,-7.609444,112.595556,0.0011374427327333,-0.0012884836160919,-0.0013304354256829
2026-05-14T12:00:00Z,-7.609444,112.595556,0.0007847520669417583,-0.001542137389375,-0.000982492634856563
2026-05-14T15:00:00Z,-7.609444,112.595556,0.0005986266718265041,-0.0018033859813525,-0.0003319591776306509
2026-05-14T18:00:00Z,-7.609444,112.595556,0.0003640277458638855,-0.0019194774945923,0.0004841041894047567
2026-05-14T21:00:00Z,-7.609444,112.595556,0.0001675800912578675,-0.0018370765016631,0.0013330131000399
2026-05-15T00:00:00Z,-7.609444,112.595556,0.0001693061097789412,-0.0016428290328325,0.0021541149469363
2026-05-15T03:00:00Z,-7.609444,112.595556,0.000283471527239895,-0.001544227937346,0.0026397996790962
2026-05-15T06:00:00Z,-7.609444,112.595556,0.0004631164302198655,-0.0012830449995453,0.0028018678396322
2026-05-15T09:00:00Z,-7.609444,112.595556,0.0006216555231574568,-0.0009765064402340266,0.0025943021516619
2026-05-15T12:00:00Z,-7.609444,112.595556,0.0007367220791981423,-0.0007791262157394481,0.0023099823919907
2026-05-15T15:00:00Z,-7.609444,112.595556,0.0010803552955885,-0.000638586323323785,0.0020866589615801
2026-05-15T18:00:00Z,-7.609444,112.595556,0.0012773539399974,-0.0004603128596639948,0.0020477113613328
2026-05-15T21:00:00Z,-7.609444,112.595556,0.001256654580324,-0.00026811442680672057,0.0019455685090436
2026-05-16T00:00:00Z,-7.609444,112.595556,0.0011958118909408,-0.0002447085845365181,0.0017524878063937
2026-05-16T03:00:00Z,-7.609444,112.595556,0.0011128044484189,-0.0004068309533588977,0.0014066976458651
2026-05-16T06:00:00Z,-7.609444,112.595556,0.000966956713283176,-0.0005951893152241644,0.0010518004214559
2026-05-16T09:00:00Z,-7.609444,112.595556,0.0007566155477694446,-0.0008871967895480281,0.000698123938356063
2026-05-16T12:00:00Z,-7.609444,112.595556,0.0006392538809403109,-0.0012282243899329,0.0008594814488616929
2026-05-16T15:00:00Z,-7.609444,112.595556,0.0006590171174452054,-0.0015838044293304,0.0008567972726781648
2026-05-16T18:00:00Z,-7.609444,112.595556,0.0006309773007827175,-0.0017579159020696,0.00095582680508209
2026-05-16T21:00:00Z,-7.609444,112.595556,0.0004431971225611551,-0.0016663930850805,0.0008375378784534282
2026-05-17T00:00:00Z,-7.609444,112.595556,0.0003082547137790842,-0.0016269960968109,0.0003817192942795821
2026-05-17T03:00:00Z,-7.609444,112.595556,0.00026701034723759787,-0.0017597587259298,0.00011773247266925178
2026-05-17T06:00:00Z,-7.609444,112.595556,0.0002518758122978835,-0.0018990481456331,0.0003001105036272376
2026-05-17T09:00:00Z,-7.609444,112.595556,0.00018712666512695595,-0.00204248219359,0.000573989645468132
2026-05-17T12:00:00Z,-7.609444,112.595556,0.00017517713153494742,-0.0021865212221467,0.0008835630515881915
2026-05-17T15:00:00Z,-7.609444,112.595556,0.0004088709494535768,-0.0022572590932201,0.0009573388765413696
2026-05-17T18:00:00Z,-7.609444,112.595556,0.0006081588720682183,-0.002200967996366,0.0012087667008822
2026-05-17T21:00:00Z,-7.609444,112.595556,0.000637855735306979,-0.0020966904318461,0.0014272485096636
2026-05-18T00:00:00Z,-7.609444,112.595556,0.0009149165623691822,-0.0020347952256939,0.0014589745937443
2026-05-18T03:00:00Z,-7.609444,112.595556,0.0012489094590779,-0.0019875954361523,0.0015087672178454
2026-05-18T06:00:00Z,-7.609444,112.595556,0.0014150239589474,-0.0019595024476672,0.0016684250228234
2026-05-18T09:00:00Z,-7.609444,112.595556,0.0014196237489339,-0.0020159986412936,0.0014753657209704
2026-05-18T12:00:00Z,-7.609444,112.595556,0.0014192377753993,-0.0021361839361806,0.0011882336283701
2026-05-18T15:00:00Z,-7.609444,112.595556,0.0015439850316135,-0.002182028616634,0.0008296402613396888
2026-05-18T18:00:00Z,-7.609444,112.595556,0.0015910788397682,-0.0021549250226072,0.0011163049017259
2026-05-18T21:00:00Z,-7.609444,112.595556,0.0013454150603906,-0.0020587713911327,0.00161789681824
2026-05-19T00:00:00Z,-7.609444,112.595556,0.0011656391376143,-0.0021094225601975,0.0019276947567829
2026-05-19T03:00:00Z,-7.609444,112.595556,0.0012089869132553,-0.0021892774849827,0.0023591915597815
2026-05-19T06:00:00Z,-7.609444,112.595556,0.0013911490623615,-0.0021664459100812,0.0031335017409774
2026-05-19T09:00:00Z,-7.609444,112.595556,0.0013093737691476,-0.0021851388443423,0.0036530336948079
2026-05-19T12:00:00Z,-7.609444,112.595556,0.0009891932959663144,-0.0023225259009387,0.0037204516795161
2026-05-19T15:00:00Z,-7.609444,112.595556,0.0008764518461333423,-0.0024943257701122,0.0033559417405955
2026-05-19T18:00:00Z,-7.609444,112.595556,0.0009122664989030308,-0.002503418576516,0.0032439079343465
2026-05-19T21:00:00Z,-7.609444,112.595556,0.0007299766291594266,-0.0023987268159711,0.0031955342496862
2026-05-20T00:00:00Z,-7.609444,112.595556,0.0004959479157367776,-0.002433559280527,0.0030662857868488
2026-05-20T03:00:00Z,-7.609444,112.595556,0.0002648090700124613,-0.0024549836448088,0.0030990544480883
2026-05-20T06:00:00Z,-7.609444,112.595556,6.867576345524746e-05,-0.0024950859839474,0.0032072121502965
2026-05-20T09:00:00Z,-7.609444,112.595556,-0.0002481493617146777,-0.0025499126192704,0.0030478488422472
2026-05-20T12:00:00Z,-7.609444,112.595556,-0.0005893037911340319,-0.0024967028227458,0.0029189122034698
2026-05-20T15:00:00Z,-7.609444,112.595556,-0.0006901263870839945,-0.0023461961960779,0.0026768478928437
2026-05-20T18:00:00Z,-7.609444,112.595556,-0.00075913676312832,-0.0022509586284273,0.002504629365692
2026-05-20T21:00:00Z,-7.609444,112.595556,-0.0009348709927148256,-0.0022180789469489,0.0023584963440839
2026-05-21T00:00:00Z,-7.609444,112.595556,-0.0010833004472712,-0.0021731899831025,0.0022364865778647
2026-05-21T03:00:00Z,-7.609444,112.595556,-0.0013425542703615,-0.0020815211487418,0.0020371541713883
2026-05-21T06:00:00Z,-7.609444,112.595556,-0.0015573594048403,-0.0019688087887004,0.0017016435691744
2026-05-21T09:00:00Z,-7.609444,112.595556,-0.0017160781256638,-0.0019221089061771,0.0012445600089372
2026-05-21T12:00:00Z,-7.609444,112.595556,-0.001792000426213,-0.0017604268390772,0.0013166338257783
2026-05-21T15:00:00Z,-7.609444,112.595556,-0.001701331026821,-0.0016041763404379,0.0014350135235071
2026-05-21T18:00:00Z,-7.609444,112.595556,-0.0015599149390716,-0.0016334848146801,0.0014163960627609
2026-05-21T21:00:00Z,-7.609444,112.595556,-0.001402266951498,-0.0017227723309829,0.0013302341684149
2026-05-22T00:00:00Z,-7.609444,112.595556,-0.0011870750695829,-0.0019319006662694,0.0012349739639461
2026-05-22T03:00:00Z,-7.609444,112.595556,-0.0010597728522322,-0.0021690117945483,0.0011926585566286
2026-05-22T06:00:00Z,-7.609444,112.595556,-0.0008878667548991064,-0.0025076487899708,0.001006590593331
2026-05-22T09:00:00Z,-7.609444,112.595556,-0.0006029072713487286,-0.0028629541576094,0.0005116364095429709
2026-05-22T12:00:00Z,-7.609444,112.595556,-0.00037796236934903445,-0.0030249987609699,0.0005931624328429893
2026-05-22T15:00:00Z,-7.609444,112.595556,-9.386586862066522e-05,-0.0032159621882419,0.0008653177155088705
2026-05-22T18:00:00Z,-7.609444,112.595556,3.2736320422958626e-05,-0.0033881737668948,0.00121594839144
2026-05-22T21:00:00Z,-7.609444,112.595556,-2.246383310495265e-05,-0.003524858648769,0.0013437222678028
2026-05-23T00:00:00Z,-7.609444,112.595556,6.39975958533732e-05,-0.0035742840734815,0.0012537605877124
2026-05-23T03:00:00Z,-7.609444,112.595556,0.0001793360618727248,-0.0036359024309567,0.001225933281502
2026-05-23T06:00:00Z,-7.609444,112.595556,0.00028974733040052354,-0.0037332085342914,0.0011655076267393
2026-05-23T09:00:00Z,-7.609444,112.595556,0.000459692161373581,-0.0036891754111328,0.0008016329478416404
2026-05-23T12:00:00Z,-7.609444,112.595556,0.0006533536897155452,-0.0035452534560999,0.0005826366410155897
2026-05-23T15:00:00Z,-7.609444,112.595556,0.00100111991277,-0.003385147454628,-3.034559191140366e-05
2026-05-23T18:00:00Z,-7.609444,112.595556,0.0011575826589754,-0.0032265524312864,-0.0005809195786750259
2026-05-23T21:00:00Z,-7.609444,112.595556,0.0011569855572099,-0.002964514010121,-0.0009902409822085097
2026-05-24T00:00:00Z,-7.609444,112.595556,0.0011612383551406,-0.0027663351621619,-0.0011575453599034
2026-05-24T03:00:00Z,-7.609444,112.595556,0.0011500070181382,-0.002696074527304,-0.0012932521106283
2026-05-24T06:00:00Z,-7.609444,112.595556,0.0011599010800438,-0.0025878611022959,-0.0013684928392302
2026-05-24T09:00:00Z,-7.609444,112.595556,0.001120344976669,-0.0024130126728885,-0.0016186560156346
2026-05-24T12:00:00Z,-7.609444,112.595556,0.000987770566318013,-0.0021075317532913,-0.0013138615067423
2026-05-24T15:00:00Z,-7.609444,112.595556,0.0009727625449364514,-0.0018835715495888,-0.0010103631259117
2026-05-24T18:00:00Z,-7.609444,112.595556,0.0008763928069457429,-0.0017540065834119,-0.000665207367983532
2026-05-24T21:00:00Z,-7.609444,112.595556,0.0005875149809004343,-0.0015809660491224,-0.00020416263858430225
2026-05-25T00:00:00Z,-7.609444,112.595556,0.0003184585256540039,-0.0014655093180118,0.00024720422940573107
2026-05-25T03:00:00Z,-7.609444,112.595556,0.00016889319221344488,-0.0014740256813523,0.0008965323248894576
2026-05-25T06:00:00Z,-7.609444,112.595556,7.898117977429408e-05,-0.0014607256432586,0.0016920753604486
2026-05-25T09:00:00Z,-7.609444,112.595556,-0.00010468905444474236,-0.0014260452201268,0.0021293540640802
2026-05-25T12:00:00Z,-7.609444,112.595556,-0.0003936977555163626,-0.0014912557800964,0.0025594499102153
2026-05-25T15:00:00Z,-7.609444,112.595556,-0.0004348327677879181,-0.0017675758439174,0.0027028105922039
2026-05-25T18:00:00Z,-7.609444,112.595556,-0.0004375336294407199,-0.0020104997433749,0.0031071255957853
2026-05-25T21:00:00Z,-7.609444,112.595556,-0.0005001319399959166,-0.0020291256774334,0.003874371403688
2026-05-26T00:00:00Z,-7.609444,112.595556,-0.0006701438859712804,-0.0020575242576918,0.004635388759436
2026-05-26T03:00:00Z,-7.609444,112.595556,-0.0008381070303613331,-0.0022567260018407,0.0049551345127941
2026-05-26T06:00:00Z,-7.609444,112.595556,-0.000887621138029466,-0.0023915594812384,0.0050005324558554
2026-05-26T09:00:00Z,-7.609444,112.595556,-0.0009451058937805029,-0.0025061340512315,0.0045615775345701
2026-05-26T12:00:00Z,-7.609444,112.595556,-0.0010488587905353,-0.002653639303098,0.0042892347114892
2026-05-26T15:00:00Z,-7.609444,112.595556,-0.0009537100893216732,-0.0027980741898296,0.0036367595824637
2026-05-26T18:00:00Z,-7.609444,112.595556,-0.0007979987982977785,-0.002855431052773,0.0031363085842843
2026-05-26T21:00:00Z,-7.609444,112.595556,-0.0007347836171043964,-0.0027058690027003,0.0027898794289979
2026-05-27T00:00:00Z,-7.609444,112.595556,-0.0006854432281293158,-0.0024792790814041,0.0025910086818772
2026-05-27T03:00:00Z,-7.609444,112.595556,-0.0006151024068958938,-0.0024461190548553,0.0022004340198514
2026-05-27T06:00:00Z,-7.609444,112.595556,-0.0005109718633587679,-0.0023781521924394,0.0016442788558518
2026-05-27T09:00:00Z,-7.609444,112.595556,-0.000377453834606651,-0.0022076233006594,0.0012033869040599
2026-05-27T12:00:00Z,-7.609444,112.595556,-0.00030905350562684687,-0.0019513309676982,0.0011348217750043
2026-05-27T15:00:00Z,-7.609444,112.595556,-0.0002401936925000327,-0.0017413230915965,0.00093062639771527
2026-05-27T18:00:00Z,-7.609444,112.595556,-0.00027364893997529425,-0.0015253318262133,0.0008663219699528037
2026-05-27T21:00:00Z,-7.609444,112.595556,-0.00034309572386706283,-0.0012861282768227,0.0009086997021260062
2026-05-28T00:00:00Z,-7.609444,112.595556,-0.0003414822783932432,-0.0010575216299078,0.001472648407155
2026-05-28T03:00:00Z,-7.609444,112.595556,-0.00039855209656755857,-0.0010210585914459,0.0021722805507427
2026-05-28T06:00:00Z,-7.609444,112.595556,-0.0004476724636701072,-0.0010042074055819,0.0027268746400033
2026-05-28T09:00:00Z,-7.609444,112.595556,-0.0005227539340372675,-0.0009635467959130328,0.0027266292334152
2026-05-28T12:00:00Z,-7.609444,112.595556,-0.0005821369525877657,-0.0008785737760148274,0.0027964205875116
2026-05-28T15:00:00Z,-7.609444,112.595556,-0.0005725471723431987,-0.0007693100016847688,0.0028413076305665
2026-05-28T18:00:00Z,-7.609444,112.595556,-0.0005787961697868337,-0.0007552272059739003,0.0030365116140788
2026-05-28T21:00:00Z,-7.609444,112.595556,-0.0006898716018015659,-0.0007967334049228747,0.0033149968189819
2026-05-29T00:00:00Z,-7.609444,112.595556,-0.0008266908094483558,-0.0008619191047578429,0.0037959728888335
2026-05-29T03:00:00Z,-7.609444,112.595556,-0.0010617151653184,-0.0009341543816329764,0.0043260696711922
2026-05-29T06:00:00Z,-7.609444,112.595556,-0.0011858010450517,-0.0008238774434002847,0.0048463843955795
2026-05-29T09:00:00Z,-7.609444,112.595556,-0.0013547774003499,-0.0006367765533050069,0.0048824428271049
2026-05-29T12:00:00Z,-7.609444,112.595556,-0.0016180250914598,-0.0005749637366587247,0.0047225953183719
2026-05-29T15:00:00Z,-7.609444,112.595556,-0.0017424972564483,-0.0008122561242627236,0.0042740611354396
2026-05-29T18:00:00Z,-7.609444,112.595556,-0.0018982398172641,-0.0011124121744662,0.0042010408429919
2026-05-29T21:00:00Z,-7.609444,112.595556,-0.0021188437234549,-0.0012828400595573,0.004278603853503
2026-05-30T00:00:00Z,-7.609444,112.595556,-0.0023188526598985,-0.0013226732552812,0.004426430129336
2026-05-30T03:00:00Z,-7.609444,112.595556,-0.0026153454991184,-0.0014078064228352,0.0044236747656229
2026-05-30T06:00:00Z,-7.609444,112.595556,-0.0026565259534817,-0.0013293013351709,0.0043451121510684
2026-05-30T09:00:00Z,-7.609444,112.595556,-0.0027044810851272,-0.0011065816648777,0.0039904210664502
2026-05-30T12:00:00Z,-7.609444,112.595556,-0.0028465578646129,-0.0009105309059731124,0.0036672540836276
2026-05-30T15:00:00Z,-7.609444,112.595556,-0.0028603745167133,-0.0008951074865658033,0.0030322733164363
2026-05-30T18:00:00Z,-7.609444,112.595556,-0.002786741041975,-0.0009070421601322912,0.0025914996751076
2026-05-30T21:00:00Z,-7.609444,112.595556,-0.00263876279492,-0.0009289355827444183,0.0024547532544872
2026-05-31T00:00:00Z,-7.609444,112.595556,-0.0024187031696453,-0.0008644086026650014,0.0023654018337076
2026-05-31T03:00:00Z,-7.609444,112.595556,-0.0022600900340697,-0.0008736181335660498,0.0022487121126562
2026-05-31T06:00:00Z,-7.609444,112.595556,-0.0020133211459448,-0.0008429887866393722,0.0017145540209861
2026-05-31T09:00:00Z,-7.609444,112.595556,-0.001796207866371,-0.0007477984557071871,0.0009190536561512782
2026-05-31T12:00:00Z,-7.609444,112.595556,-0.0017273900082302,-0.0007720802689483045,0.000434460598915494
2026-05-31T15:00:00Z,-7.609444,112.595556,-0.0015439565372395,-0.0009445990865234144,-0.00021851689631404564
2026-05-31T18:00:00Z,-7.609444,112.595556,-0.0014230012040603,-0.0010917929935143,-0.0005328491709802556
2026-05-31T21:00:00Z,-7.609444,112.595556,-0.0012853185562066,-0.0012824344595054,-0.0007121768673322563
2026-06-01T00:00:00Z,-7.609444,112.595556,-0.0010120068112729,-0.0015027840946074,-0.0007380963512944668
2026-06-01T03:00:00Z,-7.609444,112.595556,-0.0006484731048259127,-0.0016485363853505,-0.0003939863246989136
2026-06-01T06:00:00Z,-7.609444,112.595556,-0.0002643977509008559,-0.0017361156075147,-0.00022099826136908103
2026-06-01T09:00:00Z,-7.609444,112.595556,0.00017495473612746403,-0.0016820048737799,-0.00036562691244723113
2026-06-01T12:00:00Z,-7.609444,112.595556,0.0005622544834197011,-0.0015099674456171,-0.0003638867858299918
2026-06-01T15:00:00Z,-7.609444,112.595556,0.0009835884869966436,-0.0013992998322305,-0.00040249302118741377
2026-06-01T18:00:00Z,-7.609444,112.595556,0.0013817335312437,-0.0012357705007498,-0.00016063091029710095
2026-06-01T21:00:00Z,-7.609444,112.595556,0.0017630725668828,-0.0010267731586523,9.687713776773774e-05
2026-06-02T00:00:00Z,-7.609444,112.595556,0.0021037708956823,-0.0009161995310793202,0.0002534421133804056
2026-06-02T03:00:00Z,-7.609444,112.595556,0.0023530779242515,-0.0008787935197669924,0.0004562975137118128
2026-06-02T06:00:00Z,-7.609444,112.595556,0.0026190727288812,-0.0007856958968125106,0.0005082373538706382
2026-06-02T09:00:00Z,-7.609444,112.595556,0.0028702259505602,-0.0006046063874330835,0.0003399756263341378
2026-06-02T12:00:00Z,-7.609444,112.595556,0.0030281597098982,-0.0004991769130093417,0.0003754158680970362
2026-06-02T15:00:00Z,-7.609444,112.595556,0.003161936801823,-0.0004824644328091453,0.0005023075100919441
2026-06-02T18:00:00Z,-7.609444,112.595556,0.0030500719729988,-0.0005126159759916158,0.0010411244333845
2026-06-02T21:00:00Z,-7.609444,112.595556,0.002774672299899,-0.0006317763617835762,0.0015643793922549
2026-06-03T00:00:00Z,-7.609444,112.595556,0.002567738872236,-0.0007880263826676603,0.0019884550544833
2026-06-03T03:00:00Z,-7.609444,112.595556,0.0022951035454668,-0.0007451604972334238,0.0025883557576931
2026-06-03T06:00:00Z,-7.609444,112.595556,0.0020231168721464,-0.0006091464740308724,0.0031799093366727
2026-06-03T09:00:00Z,-7.609444,112.595556,0.0016281631681553,-0.000623568917218885,0.0032957952081151
2026-06-03T12:00:00Z,-7.609444,112.595556,0.0012437468704377,-0.0006787727864536789,0.0033773360355854
2026-06-03T15:00:00Z,-7.609444,112.595556,0.001121384924845,-0.0006657026778253171,0.0035119353991593
2026-06-03T18:00:00Z,-7.609444,112.595556,0.0009159095188214078,-0.0006142552342660911,0.0041049232975908
2026-06-03T21:00:00Z,-7.609444,112.595556,0.0005902173966574913,-0.0006030883127268731,0.0046058044758457
2026-06-04T00:00:00Z,-7.609444,112.595556,0.0004447459189758676,-0.0007306958657776939,0.0047935083845456
2026-06-04T03:00:00Z,-7.609444,112.595556,0.0003795516153691069,-0.0008225225981934354,0.0046855644213624
2026-06-04T06:00:00Z,-7.609444,112.595556,0.0004324812834397631,-0.0007300449345693643,0.0046870702173932
2026-06-04T09:00:00Z,-7.609444,112.595556,0.0003214112719406005,-0.0005948848425356097,0.0044166486200834
2026-06-04T12:00:00Z,-7.609444,112.595556,0.0001079070880807759,-0.0005579367342795239,0.0040854882349425
2026-06-04T15:00:00Z,-7.609444,112.595556,9.120583113929966e-05,-0.0005295142339314644,0.0035552606616878
2026-06-04T18:00:00Z,-7.609444,112.595556,-8.511117667536805e-05,-0.00040390290960984825,0.0034302444436606
2026-06-04T21:00:00Z,-7.609444,112.595556,-0.0005839180113363508,-0.0005281988220218123,0.0034361391741884
2026-06-05T00:00:00Z,-7.609444,112.595556,-0.0009110897040721998,-0.0008332853942950025,0.0033321435953434
2026-06-05T03:00:00Z,-7.609444,112.595556,-0.0011160092484998,-0.0011348745565973,0.0031630970839351
2026-06-05T06:00:00Z,-7.609444,112.595556,-0.0011755234689546,-0.0012475345234687,0.0030805058701931
2026-06-05T09:00:00Z,-7.609444,112.595556,-0.0013578659387944,-0.0011351072977633,0.002816610943726
2026-06-05T12:00:00Z,-7.609444,112.595556,-0.0015682985168484,-0.0010223814315778,0.0022732218790912
2026-06-05T15:00:00Z,-7.609444,112.595556,-0.0014503557670177,-0.000997737886542733,0.0013709275661109
2026-06-05T18:00:00Z,-7.609444,112.595556,-0.0013618897097393,-0.0008868626365013312,0.0009798297725837608
2026-06-05T21:00:00Z,-7.609444,112.595556,-0.0014422427888473,-0.0009015373039942312,0.0006950417797102961
2026-06-06T00:00:00Z,-7.609444,112.595556,-0.0014694704091762,-0.000998052884300782,0.0004771597175843715
2026-06-06T03:00:00Z,-7.609444,112.595556,-0.0014893984420229,-0.0011899468811585,0.0005029692848896244
2026-06-06T06:00:00Z,-7.609444,112.595556,-0.0013932698131327,-0.001344258346642,0.0005468330372095946
2026-06-06T09:00:00Z,-7.609444,112.595556,-0.0013923251312217,-0.0014037799788412,0.0005820189095340749
2026-06-06T12:00:00Z,-7.609444,112.595556,-0.0015103710065185,-0.0014921165062154,0.0007926987656999803
2026-06-06T15:00:00Z,-7.609444,112.595556,-0.0014144911088489,-0.001610714802449,0.0007180823774425352
2026-06-06T18:00:00Z,-7.609444,112.595556,-0.0011165560209053,-0.0016687573400973,0.0007263352122195203
2026-06-06T21:00:00Z,-7.609444,112.595556,-0.0007111130450512491,-0.0017195255652087,0.000731151790648214
2026-06-07T00:00:00Z,-7.609444,112.595556,-0.0002121355209560884,-0.0017395776956574,0.0009506505268447804
2026-06-07T03:00:00Z,-7.609444,112.595556,0.0001264781686310639,-0.0018820977655818,0.001365593795114
2026-06-07T06:00:00Z,-7.609444,112.595556,0.0004238655390506909,-0.002121305940962,0.0014698064787197
2026-06-07T09:00:00Z,-7.609444,112.595556,0.000574446919430492,-0.002306505029734,0.0014849492480282
2026-06-07T12:00:00Z,-7.609444,112.595556,0.00047843019509394806,-0.0023283538999297,0.0015928869214491
2026-06-07T15:00:00Z,-7.609444,112.595556,0.0005162445654519249,-0.0023630247074794,0.0014640737793073
2026-06-07T18:00:00Z,-7.609444,112.595556,0.0007064409373648936,-0.0023328344276166,0.0015311696168713
2026-06-07T21:00:00Z,-7.609444,112.595556,0.0009057862536924845,-0.0023371908743517,0.001877342812885
2026-06-08T00:00:00Z,-7.609444,112.595556,0.0010270846946229,-0.0023041346520167,0.002685680513558
2026-06-08T03:00:00Z,-7.609444,112.595556,0.0009358432211668556,-0.0022511655165858,0.0036265299740866
2026-06-08T06:00:00Z,-7.609444,112.595556,0.0008241949454424008,-0.0021603939986379,0.0038560830784956
2026-06-08T09:00:00Z,-7.609444,112.595556,0.0008983979438770279,-0.0020844674206646,0.0036152159363369
2026-06-08T12:00:00Z,-7.609444,112.595556,0.0008931404044608141,-0.0018807311897152,0.00356532837417
2026-06-08T15:00:00Z,-7.609444,112.595556,0.0009537166341778224,-0.0018332544752177,0.0032404560764439
2026-06-08T18:00:00Z,-7.609444,112.595556,0.0009269129109436368,-0.0018153633556879,0.0030224767889263
2026-06-08T21:00:00Z,-7.609444,112.595556,0.0006541542386482376,-0.0017931176010548,0.0032894488962646
2026-06-09T00:00:00Z,-7.609444,112.595556,0.00015291566680103645,-0.0017852653881126,0.0036881983547439
2026-06-09T03:00:00Z,-7.609444,112.595556,-0.0004261787393407502,-0.0019204042113862,0.0039883543127769
2026-06-09T06:00:00Z,-7.609444,112.595556,-0.0007210197429462276,-0.0021528721443235,0.0037411490479232
2026-06-09T09:00:00Z,-7.609444,112.595556,-0.0009188876702526524,-0.0023135640451039,0.0031332931548137
2026-06-09T12:00:00Z,-7.609444,112.595556,-0.0011641099093173,-0.0023776025215654,0.0027976833998476
2026-06-09T15:00:00Z,-7.609444,112.595556,-0.0012296189762724,-0.0024405636066087,0.0022475436071116
2026-06-09T18:00:00Z,-7.609444,112.595556,-0.0012506791438041,-0.002453847861133,0.0017898100166668
2026-06-09T21:00:00Z,-7.609444,112.595556,-0.0014617849493034,-0.0024786001159932,0.0013017459115154
2026-06-10T00:00:00Z,-7.609444,112.595556,-0.0016330866830972,-0.0024222615937389,0.0007924468416196604
2026-06-10T03:00:00Z,-7.609444,112.595556,-0.0018138584944421,-0.0023593951330429,0.0004307286250998391
2026-06-10T06:00:00Z,-7.609444,112.595556,-0.0018125842713124,-0.0022877921253359,0.00030999176008835794
2026-06-10T09:00:00Z,-7.609444,112.595556,-0.001888237067206,-0.0021093247678302,0.0003991809164491663
2026-06-10T12:00:00Z,-7.609444,112.595556,-0.0020279637432869,-0.0018371631919927,0.0006904984627166603
2026-06-10T15:00:00Z,-7.609444,112.595556,-0.0018460177974565,-0.0016835892053251,0.0007011223067106174
2026-06-10T18:00:00Z,-7.609444,112.595556,-0.0015826281369375,-0.0016240706096282,0.000869430006583327
2026-06-10T21:00:00Z,-7.609444,112.595556,-0.0014812472943911,-0.0016006775570907,0.0010173496982036
2026-06-11T00:00:00Z,-7.609444,112.595556,-0.0013411976280956,-0.0016277446151695,0.0010200907794807
2026-06-11T03:00:00Z,-7.609444,112.595556,-0.0010898617452276,-0.0016288665040216,0.0009479708521680206
2026-06-11T06:00:00Z,-7.609444,112.595556,-0.000757611361898402,-0.0016102259165615,0.0010188201653217
2026-06-11T09:00:00Z,-7.609444,112.595556,-0.0004790206735389968,-0.0015602433729064,0.0008635876861763072
2026-06-11T12:00:00Z,-7.609444,112.595556,-0.0002401775835794397,-0.0013866523679114,0.0006964146382425603
2026-06-11T15:00:00Z,-7.609444,112.595556,0.00011695511588257684,-0.0012414755181262,0.0004596296773174259
2026-06-11T18:00:00Z,-7.609444,112.595556,0.0004730422505869109,-0.0011907046033303,0.0002488664036337215
2026-06-11T21:00:00Z,-7.609444,112.595556,0.0007652953283820492,-0.0011528164162323,0.00012659347141539217
2026-06-12T00:00:00Z,-7.609444,112.595556,0.0011284961717814,-0.0011110473700682,0.0004948396743095014
2026-06-12T03:00:00Z,-7.609444,112.595556,0.001379410431327,-0.0011950874958589,0.0007652742233996025
2026-06-12T06:00:00Z,-7.609444,112.595556,0.0017043090307417,-0.0012495496320999,0.0007947908406808183
2026-06-12T09:00:00Z,-7.609444,112.595556,0.0020320417411888,-0.0012633744934438,0.000777719218500813
2026-06-12T12:00:00Z,-7.609444,112.595556,0.002205644640539,-0.0012136238491508,0.0006753086634992486
2026-06-12T15:00:00Z,-7.609444,112.595556,0.0024323972958815,-0.0011725206413426,0.0001930505195681314
2026-06-12T18:00:00Z,-7.609444,112.595556,0.0025053972077031,-0.0011300400482693,0.0001284429431222431
2026-06-12T21:00:00Z,-7.609444,112.595556,0.0024250539180704,-0.001068013394898,0.00011570043094411243
2026-06-13T00:00:00Z,-7.609444,112.595556,0.0023992197109611,-0.0011097281903272,-5.535266972526737e-05
2026-06-13T03:00:00Z,-7.609444,112.595556,0.0022089864673511,-0.0012868223931531,-8.496592531210737e-05
2026-06-13T06:00:00Z,-7.609444,112.595556,0.0020078835221851,-0.0014242114836255,0.00014235017115666075
2026-06-13T09:00:00Z,-7.609444,112.595556,0.0017057045752039,-0.0014220900392729,0.0004373149850780487
2026-06-13T12:00:00Z,-7.609444,112.595556,0.0013802230463943,-0.0013705697826859,0.0005760111962723192
2026-06-13T15:00:00Z,-7.609444,112.595556,0.001255388692407,-0.0012922967344242,0.0003846415773757842
2026-06-13T18:00:00Z,-7.609444,112.595556,0.0012310949057439,-0.001187230204623,0.0003037508430778336
2026-06-13T21:00:00Z,-7.609444,112.595556,0.0011137766895395,-0.0009801807547166492,0.00035628212112134334
2026-06-14T00:00:00Z,-7.609444,112.595556,0.0009336091417997568,-0.0008877845945497071,0.0005939564520236426
2026-06-14T03:00:00Z,-7.609444,112.595556,0.000509320747703026,-0.0009167091244666938,0.0008859674550456265
2026-06-14T06:00:00Z,-7.609444,112.595556,3.020949508703472e-05,-0.0009619576164287388,0.0011936986908076
2026-06-14T09:00:00Z,-7.609444,112.595556,-0.0003770296480416653,-0.0009485714251303832,0.0017183189960215
2026-06-14T12:00:00Z,-7.609444,112.595556,-0.0007428003127025963,-0.0010057364400565,0.0025611112038807
2026-06-14T15:00:00Z,-7.609444,112.595556,-0.000905574803908271,-0.0011671290892591,0.0029616297839813
2026-06-14T18:00:00Z,-7.609444,112.595556,-0.0009709845666396866,-0.0011411419344682,0.0031262480197748
2026-06-14T21:00:00Z,-7.609444,112.595556,-0.00101174814122,-0.0009957788317051263,0.0027230857726238
2026-06-15T00:00:00Z,-7.609444,112.595556,-0.0007817994898705596,-0.000821460093392888,0.0021993701110937
2026-06-15T03:00:00Z,-7.609444,112.595556,-0.0006328922768621776,-0.0006056286714446301,0.0017440132016024
2026-06-15T06:00:00Z,-7.609444,112.595556,-0.0005312543296441215,-0.0005138776118634031,0.0010693055919466
2026-06-15T09:00:00Z,-7.609444,112.595556,-0.0004450071101222239,-0.0005813978773471947,0.00015826105272520678
2026-06-15T12:00:00Z,-7.609444,112.595556,-0.0004797694845657184,-0.000702953592201396,-0.00032764725695615224
2026-06-15T15:00:00Z,-7.609444,112.595556,-0.0003855057663338957,-0.0008867122514966352,-0.0006387049714016637
2026-06-15T18:00:00Z,-7.609444,112.595556,-0.0003090147447629893,-0.0010632691860089,-0.00076299084024473
2026-06-15T21:00:00Z,-7.609444,112.595556,-0.0003488139109758821,-0.001242823209538,-0.0006875991953638
2026-06-16T00:00:00Z,-7.609444,112.595556,-0.00017375722657477126,-0.001572522807149,-0.0009472053978917832
2026-06-16T03:00:00Z,-7.609444,112.595556,9.116271117625168e-05,-0.0019317817339275,-0.0011484974555445
2026-06-16T06:00:00Z,-7.609444,112.595556,0.0005029009470873422,-0.0020379204254316,-0.0012043837151118
2026-06-16T09:00:00Z,-7.609444,112.595556,0.000823247499523946,-0.00188091710297,-0.0011426481543193
2026-06-16T12:00:00Z,-7.609444,112.595556,0.0009863756374030323,-0.0016968258556455,-0.0010738927929266
2026-06-16T15:00:00Z,-7.609444,112.595556,0.0012925802871013,-0.0015681632996778,-0.0011060430976398
2026-06-16T18:00:00Z,-7.609444,112.595556,0.001581139051768,-0.0015012939359612,-0.0009764183379878392
2026-06-16T21:00:00Z,-7.609444,112.595556,0.0016103366777515,-0.0014139127285053,-0.0005302702782013188
2026-06-17T00:00:00Z,-7.609444,112.595556,0.0017217205736243,-0.0014769922421913,1.614318940113063e-05
2026-06-17T03:00:00Z,-7.609444,112.595556,0.0018866278532782,-0.001657369462892,0.0004631196477091812
2026-06-17T06:00:00Z,-7.609444,112.595556,0.0022060690747842,-0.0016734595910275,0.001082585812381
2026-06-17T09:00:00Z,-7.609444,112.595556,0.0024523874306788,-0.0016109982465257,0.0014374478583144
2026-06-17T12:00:00Z,-7.609444,112.595556,0.0025782958095622,-0.0015710818027854,0.0013364560862621
2026-06-17T15:00:00Z,-7.609444,112.595556,0.0029169474493201,-0.0015896789772179,0.0010077934185765
2026-06-17T18:00:00Z,-7.609444,112.595556,0.0031790253637202,-0.0015203796594741,0.0007789530586062791
2026-06-17T21:00:00Z,-7.609444,112.595556,0.0032035253869388,-0.001333614688181,0.0008061750580454431
2026-06-18T00:00:00Z,-7.609444,112.595556,0.0030827091113795,-0.0011831110055217,0.0009531913705706532
2026-06-18T03:00:00Z,-7.609444,112.595556,0.0027443816601696,-0.0011414715572301,0.0011522109932527
2026-06-18T06:00:00Z,-7.609444,112.595556,0.0023551460563695,-0.001078831206511,0.001480791023637
2026-06-18T09:00:00Z,-7.609444,112.595556,0.0017513521676277,-0.0010905317347537,0.0018960802832388
2026-06-18T12:00:00Z,-7.609444,112.595556,0.0010730987401259,-0.0012834990654889,0.0023459940464085
2026-06-18T15:00:00Z,-7.609444,112.595556,0.0007594295035306636,-0.0016353844067119,0.0024305522767719
2026-06-18T18:00:00Z,-7.609444,112.595556,0.0006213162872483683,-0.0018777983523398,0.0023027604684033
2026-06-18T21:00:00Z,-7.609444,112.595556,0.0005352325378882545,-0.0018315355981232,0.0023026341854527
2026-06-19T00:00:00Z,-7.609444,112.595556,0.0004850223677427703,-0.0016497070327948,0.002389277331274
2026-06-19T03:00:00Z,-7.609444,112.595556,0.0002813869796262268,-0.0015276783004189,0.0024686474960812
2026-06-19T06:00:00Z,-7.609444,112.595556,1.7660612391044982e-05,-0.0015324315277079,0.0022216134673078
2026-06-19T09:00:00Z,-7.609444,112.595556,-0.0002877105471589755,-0.001631309215094,0.0014484496727052
2026-06-19T12:00:00Z,-7.609444,112.595556,-0.0006106744602910531,-0.0016764403705872,0.0007536966799475434
2026-06-19T15:00:00Z,-7.609444,112.595556,-0.0007449151774071656,-0.0016217458876017,0.0001096648609329328
2026-06-19T18:00:00Z,-7.609444,112.595556,-0.0009356482507242628,-0.0014818988011548,-0.00010171438317539056
2026-06-19T21:00:00Z,-7.609444,112.595556,-0.0012256536046495,-0.0013377216427058,-1.00842224438235e-06
2026-06-20T00:00:00Z,-7.609444,112.595556,-0.001479493416815,-0.0014181847661268,0.00024257073137974103
2026-06-20T03:00:00Z,-7.609444,112.595556,-0.0017263909537253,-0.001640176483241,0.0005483899117764378
2026-06-20T06:00:00Z,-7.609444,112.595556,-0.0017631961221437,-0.0016890070818264,0.0007081868758851495
2026-06-20T09:00:00Z,-7.609444,112.595556,-0.0016519325414176,-0.0016260692408588,0.0005081523378719919
2026-06-20T12:00:00Z,-7.609444,112.595556,-0.0015552729891295,-0.0015931892293317,0.00015691731209011418
2026-06-20T15:00:00Z,-7.609444,112.595556,-0.0011729647779673,-0.0015652100362367,-0.0003026238848537599
2026-06-20T18:00:00Z,-7.609444,112.595556,-0.0008711335288320638,-0.0015038840966966,-0.00022005588271046243
2026-06-20T21:00:00Z,-7.609444,112.595556,-0.0008620252980398166,-0.0014860487307389,6.935174195632027e-06
2026-06-21T00:00:00Z,-7.609444,112.595556,-0.0008002806225814442,-0.0015239364734808,0.0002822033930281798
2026-06-21T03:00:00Z,-7.609444,112.595556,-0.0006189847069165979,-0.0014894908000154,0.0007154952149555328
2026-06-21T06:00:00Z,-7.609444,112.595556,-0.00022192707407177027,-0.0013543048790478,0.0012006155467169
2026-06-21T09:00:00Z,-7.609444,112.595556,0.00015425197919109417,-0.001210038444003,0.0016010582163924
2026-06-21T12:00:00Z,-7.609444,112.595556,0.0004224774075367597,-0.0011279015893089,0.0019126573882578
2026-06-21T15:00:00Z,-7.609444,112.595556,0.0009475816050753645,-0.0011294166298864,0.001950047820331
2026-06-21T18:00:00Z,-7.609444,112.595556,0.0013524624044153,-0.0010990940388568,0.001979666250444
2026-06-21T21:00:00Z,-7.609444,112.595556,0.0014855798245297,-0.0010763446027298,0.0020804638034859
2026-06-22T00:00:00Z,-7.609444,112.595556,0.0015526234789792,-0.0011166081055931,0.0023083802777603
2026-06-22T03:00:00Z,-7.609444,112.595556,0.0015309625245094,-0.0012615217645675,0.0025408261289632
2026-06-22T06:00:00Z,-7.609444,112.595556,0.001554713148656,-0.0013621208002068,0.00275843252378
2026-06-22T09:00:00Z,-7.609444,112.595556,0.0015088216513273,-0.0013441559568978,0.0027757395315374
2026-06-22T12:00:00Z,-7.609444,112.595556,0.0012224207899947,-0.0012297523158989,0.0030042757140373
2026-06-22T15:00:00Z,-7.609444,112.595556,0.0011941297763158,-0.0011444921715678,0.0028686354185452
2026-06-22T18:00:00Z,-7.609444,112.595556,0.0011486526419364,-0.0010417461288366,0.0026000985725602
2026-06-22T21:00:00Z,-7.609444,112.595556,0.0009540940515275658,-0.000885838983971192,0.002192681813578
2026-06-23T00:00:00Z,-7.609444,112.595556,0.0008427114414375684,-0.0009113016625309304,0.0015404864462752
2026-06-23T03:00:00Z,-7.609444,112.595556,0.0007861274934401069,-0.0010025548530121,0.0009708106953534586
2026-06-23T06:00:00Z,-7.609444,112.595556,0.0006400894119132284,-0.0011219834539971,0.0006819191104994384
2026-06-23T09:00:00Z,-7.609444,112.595556,0.0003190001346090701,-0.0012245475374024,4.336410903857412e-05
2026-06-23T12:00:00Z,-7.609444,112.595556,-3.311243848575705e-05,-0.0012533245270988,-0.0006504685666084489
2026-06-23T15:00:00Z,-7.609444,112.595556,-0.0001653605991304347,-0.0012721046999547,-0.0014120314201296
2026-06-23T18:00:00Z,-7.609444,112.595556,-0.00018965004272382253,-0.0013074671018705,-0.0018574632723399
2026-06-23T21:00:00Z,-7.609444,112.595556,-0.0003618223724549301,-0.0014020523097146,-0.0018876677471882
2026-06-24T00:00:00Z,-7.609444,112.595556,-0.0005525895187792262,-0.0016457560530446,-0.0017737750639031
2026-06-24T03:00:00Z,-7.609444,112.595556,-0.000722130491714162,-0.0020416291295336,-0.0017773267194878
2026-06-24T06:00:00Z,-7.609444,112.595556,-0.0007297833360893258,-0.0023867750895295,-0.0018970154667915
2026-06-24T09:00:00Z,-7.609444,112.595556,-0.0007098429369008232,-0.0024297719039264,-0.0019796727767395
2026-06-24T12:00:00Z,-7.609444,112.595556,-0.0007729592029344592,-0.0023704044371156,-0.0017648272902071
2026-06-24T15:00:00Z,-7.609444,112.595556,-0.0006583599783000134,-0.0022535464401594,-0.0019210265154295
2026-06-24T18:00:00Z,-7.609444,112.595556,-0.000443157221508786,-0.0020537147843285,-0.0019648419613627
2026-06-24T21:00:00Z,-7.609444,112.595556,-0.00016555351912195227,-0.0017842315188186,-0.0017360752054422
2026-06-25T00:00:00Z,-7.609444,112.595556,0.00010930630951979577,-0.0016177530444578,-0.0011230174801688
2026-06-25T03:00:00Z,-7.609444,112.595556,0.00031925202716584223,-0.0016008072194194,-0.0002779555005163987
2026-06-25T06:00:00Z,-7.609444,112.595556,0.0005277407191077077,-0.0016896045554197,0.0006295608770518207
2026-06-25T09:00:00Z,-7.609444,112.595556,0.0007134999946654685,-0.0018077422859527,0.0012575479238721
2026-06-25T12:00:00Z,-7.609444,112.595556,0.0008791932042921212,-0.0019994143922493,0.0018961964506029
2026-06-25T15:00:00Z,-7.609444,112.595556,0.0012307433013965,-0.0021720578542573,0.0020777326897635
2026-06-25T18:00:00Z,-7.609444,112.595556,0.0015545379666705,-0.0022690441413678,0.0021590247948123
2026-06-25T21:00:00Z,-7.609444,112.595556,0.0016656236830548,-0.0023031811241304,0.0022393533340919
2026-06-26T00:00:00Z,-7.609444,112.595556,0.001786452671397,-0.0023177271744728,0.0022388890152508
2026-06-26T03:00:00Z,-7.609444,112.595556,0.0018261991274981,-0.0023998253272121,0.0020300477021864
2026-06-26T06:00:00Z,-7.609444,112.595556,0.0018299507339793,-0.0024364516268859,0.0019851402820024
2026-06-26T09:00:00Z,-7.609444,112.595556,0.0017090763922751,-0.00233307066197,0.0017699024624181
2026-06-26T12:00:00Z,-7.609444,112.595556,0.0014416810712483,-0.0022201822480839,0.0017155069083586
2026-06-26T15:00:00Z,-7.609444,112.595556,0.0014483165836002,-0.0021483383783964,0.0014319864001263
2026-06-26T18:00:00Z,-7.609444,112.595556,0.00146404004517,-0.0021459268315206,0.0013610607494934
2026-06-26T21:00:00Z,-7.609444,112.595556,0.0014049186007836,-0.0022266757823868,0.0013232104748316
2026-06-27T00:00:00Z,-7.609444,112.595556,0.0013646143789829,-0.0022978270629547,0.001535648316675
2026-06-27T03:00:00Z,-7.609444,112.595556,0.001204729937899,-0.0024051555123342,0.0014502320746538
2026-06-27T06:00:00Z,-7.609444,112.595556,0.0012338727879514,-0.0023752756645674,0.0009906471239084817
2026-06-27T09:00:00Z,-7.609444,112.595556,0.0012561002362319,-0.0022789802274151,0.00034700711688270586
2026-06-27T12:00:00Z,-7.609444,112.595556,0.0010904350310316,-0.0021226385167864,-4.579996899987528e-05
2026-06-27T15:00:00Z,-7.609444,112.595556,0.0011096503458241,-0.0020521745524348,-0.0006264859041014799
2026-06-27T18:00:00Z,-7.609444,112.595556,0.0011493685239356,-0.0020897125203855,-0.0010539812507909
2026-06-27T21:00:00Z,-7.609444,112.595556,0.0011029589827993,-0.0021211939995488,-0.0010958679554227
2026-06-28T00:00:00Z,-7.609444,112.595556,0.0010890890889066,-0.0020914650228984,-0.0008102880900748976
2026-06-28T03:00:00Z,-7.609444,112.595556,0.0010458829796888,-0.002008215908062,-0.0007786601518240308
2026-06-28T06:00:00Z,-7.609444,112.595556,0.0011155444395962,-0.001840527643323,-0.0009901249020700929
2026-06-28T09:00:00Z,-7.609444,112.595556,0.0011898351832098,-0.0016891647055367,-0.0013379887820163
2026-06-28T12:00:00Z,-7.609444,112.595556,0.001114848800954,-0.0015250191665923,-0.0011514071693551
2026-06-28T15:00:00Z,-7.609444,112.595556,0.0010876707640726,-0.0014726782375802,-0.0010865251659279
2026-06-28T18:00:00Z,-7.609444,112.595556,0.0010338438167146,-0.00153974098471,-0.0011242293223549
2026-06-28T21:00:00Z,-7.609444,112.595556,0.0009342361616825724,-0.0015488031292955,-0.0007729729233527644
2026-06-29T00:00:00Z,-7.609444,112.595556,0.0008537332790421282,-0.0014829844686614,-1.7755349545130825e-05
2026-06-29T03:00:00Z,-7.609444,112.595556,0.0006810543895688834,-0.0014730655125825,0.0006019233773050183
2026-06-29T06:00:00Z,-7.609444,112.595556,0.0005550756804239991,-0.0013481577462255,0.0011708611804282
2026-06-29T09:00:00Z,-7.609444,112.595556,0.0003974757782310108,-0.0011801929151916,0.0017709976805568
2026-06-29T12:00:00Z,-7.609444,112.595556,0.0001505083037616258,-0.0010049449931584,0.0022775000678421
2026-06-29T15:00:00Z,-7.609444,112.595556,8.563088957811933e-05,-0.0009330435265264566,0.0023239934059915
2026-06-29T18:00:00Z,-7.609444,112.595556,0.00017171372801765206,-0.0009847096072974682,0.0024802950279318
2026-06-29T21:00:00Z,-7.609444,112.595556,0.00021307242582671037,-0.0011436536631968,0.0027701255347664
2026-06-30T00:00:00Z,-7.609444,112.595556,0.000310339143882071,-0.0014091801384508,0.0031235917692077
2026-06-30T03:00:00Z,-7.609444,112.595556,0.00022530670434584235,-0.0017107730311712,0.0033807619616264
2026-06-30T06:00:00Z,-7.609444,112.595556,0.00013509155288266394,-0.0018725416139989,0.0033289554366083
2026-06-30T09:00:00Z,-7.609444,112.595556,0.0001244376992484544,-0.0018571760228761,0.0030075304990861
2026-06-30T12:00:00Z,-7.609444,112.595556,0.0001850836084067346,-0.0016628211217183,0.0029055612710659
2026-06-30T15:00:00Z,-7.609444,112.595556,0.0002846159704667516,-0.0014673559150337,0.0027057691383621
2026-06-30T18:00:00Z,-7.609444,112.595556,0.00016652874644236594,-0.001344533795934,0.0026717146481835
2026-06-30T21:00:00Z,-7.609444,112.595556,-3.437023842886135e-05,-0.0012515542146397,0.0027535180167429
2026-07-01T00:00:00Z,-7.609444,112.595556,-3.0652721040971976e-07,-0.0012573812806135,0.0030620833517423
2026-07-01T03:00:00Z,-7.609444,112.595556,-5.901396290940347e-05,-0.001249091224237,0.0034017131702961
2026-07-01T06:00:00Z,-7.609444,112.595556,-0.00013759908832736923,-0.0011667166663519,0.0035645040344538
2026-07-01T09:00:00Z,-7.609444,112.595556,-0.00024346308331275573,-0.0010003580383685,0.0033478360551968
2026-07-01T12:00:00Z,-7.609444,112.595556,-0.0002866792215918148,-0.000918565624587688,0.0031209483830431
2026-07-01T15:00:00Z,-7.609444,112.595556,-0.00014658022975872184,-0.0009032097359585669,0.0027368985834627
2026-07-01T18:00:00Z,-7.609444,112.595556,-5.143101333853937e-05,-0.0008493388704876201,0.0025996043241987
2026-07-01T21:00:00Z,-7.609444,112.595556,-8.292325128005134e-05,-0.000808405372104365,0.0024575501747382
2026-07-02T00:00:00Z,-7.609444,112.595556,-1.1153659527101602e-05,-0.0008314082777847371,0.0021401703886091
2026-07-02T03:00:00Z,-7.609444,112.595556,1.2586435126930765e-05,-0.0009280355651782354,0.0017895934342787
2026-07-02T06:00:00Z,-7.609444,112.595556,8.024794982685894e-05,-0.0009539474484262138,0.0013811811144161
2026-07-02T09:00:00Z,-7.609444,112.595556,1.1825840887516478e-05,-0.0009782315959763611,0.00096089024326524
2026-07-02T12:00:00Z,-7.609444,112.595556,-0.00013523134598496809,-0.0009786456860205544,0.0008200892732636304
2026-07-02T15:00:00Z,-7.609444,112.595556,-3.1366257763010884e-05,-0.0009449750376013704,0.0003302680456594225
2026-07-02T18:00:00Z,-7.609444,112.595556,0.00017962017324307756,-0.0009334782009089024,0.00012616274310572743
2026-07-02T21:00:00Z,-7.609444,112.595556,0.00026182226118101165,-0.0008516980837285928,0.00035057685103898376
2026-07-03T00:00:00Z,-7.609444,112.595556,0.0004152731294591697,-0.0009266522866507018,0.0006376863792170617
2026-07-03T03:00:00Z,-7.609444,112.595556,0.0005028514739732704,-0.001140852202932,0.0007874261572247749
2026-07-03T06:00:00Z,-7.609444,112.595556,0.0007153037067842525,-0.001436307304957,0.0007660923136230476
2026-07-03T09:00:00Z,-7.609444,112.595556,0.0009266272575632214,-0.0016806190239302,0.0005432795259346801
2026-07-03T12:00:00Z,-7.609444,112.595556,0.0010572145749701,-0.0018231718383055,0.00028870473023117504
2026-07-03T15:00:00Z,-7.609444,112.595556,0.0012139067971642,-0.0019823019405439,-0.00015559900687691866
2026-07-03T18:00:00Z,-7.609444,112.595556,0.0012086344746267,-0.0022031233978756,-0.00032410922641956284
2026-07-03T21:00:00Z,-7.609444,112.595556,0.0009873598445707995,-0.0023019728021334,-0.00017327825536239824
2026-07-04T00:00:00Z,-7.609444,112.595556,0.0007743861872745784,-0.0024386793504737,-5.458465796981832e-05
2026-07-04T03:00:00Z,-7.609444,112.595556,0.0004904975457741506,-0.0025811143196007,3.059953987253479e-05
2026-07-04T06:00:00Z,-7.609444,112.595556,0.0003178249157276859,-0.0027030394085035,-0.0001179591424642528
2026-07-04T09:00:00Z,-7.609444,112.595556,0.0002130804909178616,-0.0027820294890404,-0.0004189959916991127
2026-07-04T12:00:00Z,-7.609444,112.595556,1.69751316586184e-05,-0.0028103705377305,-0.0002216253639306496
2026-07-04T15:00:00Z,-7.609444,112.595556,-7.505999568632876e-05,-0.002840357394745,-0.00013226421145755323
2026-07-04T18:00:00Z,-7.609444,112.595556,-0.00010307654324169124,-0.002942201379616,-0.00037200125908613845
2026-07-04T21:00:00Z,-7.609444,112.595556,-2.1836506814650945e-05,-0.0029010372224691,-0.0006366054873706702
2026-07-05T00:00:00Z,-7.609444,112.595556,0.00030628487324215874,-0.0027702681047327,-0.0008975197340935145
2026-07-05T03:00:00Z,-7.609444,112.595556,0.0005883613589572616,-0.0025840157109175,-0.0010665481236992
2026-07-05T06:00:00Z,-7.609444,112.595556,0.0008466128351372426,-0.0024292199508911,-0.001550930415234
2026-07-05T09:00:00Z,-7.609444,112.595556,0.0009922158465885797,-0.002312836663562,-0.0022482569759525
2026-07-05T12:00:00Z,-7.609444,112.595556,0.0010333864908437,-0.0022153967180859,-0.0024214682972737
2026-07-05T15:00:00Z,-7.609444,112.595556,0.0011908772338666,-0.00224883615618,-0.0024931989399694
2026-07-05T18:00:00Z,-7.609444,112.595556,0.0013312612562245,-0.0022648903971188,-0.002468197667886
2026-07-05T21:00:00Z,-7.609444,112.595556,0.0015379779937001,-0.0021876591436211,-0.0021944177452118
2026-07-06T00:00:00Z,-7.609444,112.595556,0.0019033810869442,-0.0021452592213668,-0.0017761781833865
2026-07-06T03:00:00Z,-7.609444,112.595556,0.0021212587002609,-0.0022211140493134,-0.0015408179826548
2026-07-06T06:00:00Z,-7.609444,112.595556,0.0023292979257343,-0.0024104476098749,-0.0017699350102948
2026-07-06T09:00:00Z,-7.609444,112.595556,0.0024122977557312,-0.0025619700774893,-0.0021961006704879
2026-07-06T12:00:00Z,-7.609444,112.595556,0.0024286892102832,-0.0025622230082419,-0.0020174595714127
2026-07-06T15:00:00Z,-7.609444,112.595556,0.00259897667368,-0.0025613047410648,-0.0019422601332452
2026-07-06T18:00:00Z,-7.609444,112.595556,0.0027114932554643,-0.0024970424127893,-0.0016918248704785
2026-07-06T21:00:00Z,-7.609444,112.595556,0.0025835797680276,-0.0022313559318888,-0.0011428991460175
2026-07-07T00:00:00Z,-7.609444,112.595556,0.0024702495280217,-0.0020918693710693,-0.0003242334502773968
2026-07-07T03:00:00Z,-7.609444,112.595556,0.0022544044619424,-0.002169762832369,0.0003994478653721876
2026-07-07T06:00:00Z,-7.609444,112.595556,0.0021121595162629,-0.0022426185146953,0.0007453880524048295
2026-07-07T09:00:00Z,-7.609444,112.595556,0.001932922229866,-0.002233207853212,0.0012035818391656
2026-07-07T12:00:00Z,-7.609444,112.595556,0.0016649799494115,-0.0022239361699083,0.0016063213117062
2026-07-07T15:00:00Z,-7.609444,112.595556,0.0015806294355426,-0.0022816014319326,0.0016477975675116
2026-07-07T18:00:00Z,-7.609444,112.595556,0.0014743135780093,-0.0022944206379018,0.0018973588214287
2026-07-07T21:00:00Z,-7.609444,112.595556,0.0011215826440069,-0.0021843630120685,0.0025833213130805
2026-07-08T00:00:00Z,-7.609444,112.595556,0.000644317699043971,-0.002082840521177,0.0033429149713424
2026-07-08T03:00:00Z,-7.609444,112.595556,8.113987395804506e-05,-0.0021363490572052,0.0035574803958676
2026-07-08T06:00:00Z,-7.609444,112.595556,-0.00033046084519426167,-0.0021191857494274,0.0036249316122136
2026-07-08T09:00:00Z,-7.609444,112.595556,-0.0007071614970722285,-0.002003656438352,0.0037794954246832
2026-07-08T12:00:00Z,-7.609444,112.595556,-0.0011140879777716,-0.0020595890389542,0.0042740699016884
2026-07-08T15:00:00Z,-7.609444,112.595556,-0.0012717006180586,-0.0023499750698748,0.0043490040687185
2026-07-08T18:00:00Z,-7.609444,112.595556,-0.001265545523796,-0.0026974443107037,0.0043674237851983
2026-07-08T21:00:00Z,-7.609444,112.595556,-0.0014092498118681,-0.0027536167617767,0.0046597273814366
2026-07-09T00:00:00Z,-7.609444,112.595556,-0.0015690486048221,-0.0027585044626439,0.0049315764223623
2026-07-09T03:00:00Z,-7.609444,112.595556,-0.0017119784227205,-0.0028891649472462,0.004781197295743
2026-07-09T06:00:00Z,-7.609444,112.595556,-0.0017615172477166,-0.0030747645172122,0.0041508986251972
2026-07-09T09:00:00Z,-7.609444,112.595556,-0.0017116107667141,-0.0030953671416,0.0035283250440237
2026-07-09T12:00:00Z,-7.609444,112.595556,-0.0016237262835714,-0.0030547354356786,0.0035788454949641
2026-07-09T15:00:00Z,-7.609444,112.595556,-0.0013088200234293,-0.0031306748706013,0.0037371310403467
2026-07-09T18:00:00Z,-7.609444,112.595556,-0.000997944780782895,-0.0032092488344929,0.0038390239793508
2026-07-09T21:00:00Z,-7.609444,112.595556,-0.0007576794437419855,-0.0030361767650529,0.0039425955984115
2026-07-10T00:00:00Z,-7.609444,112.595556,-0.0004957839120713663,-0.0027274346798596,0.003916255373557
2026-07-10T03:00:00Z,-7.609444,112.595556,-0.00023577995765511328,-0.0026373880921554,0.0037059974288314
2026-07-10T06:00:00Z,-7.609444,112.595556,0.00013211070010791674,-0.0026420169667963,0.0033300531655588
2026-07-10T09:00:00Z,-7.609444,112.595556,0.00041103377470259374,-0.0024625804376002,0.0026245152705972
2026-07-10T12:00:00Z,-7.609444,112.595556,0.0004989390338236336,-0.0022990728364393,0.0025155649042371
2026-07-10T15:00:00Z,-7.609444,112.595556,0.0006873141205758009,-0.0023094509339608,0.0023039151760894
2026-07-10T18:00:00Z,-7.609444,112.595556,0.0009349302547551368,-0.0023745818595834,0.0022931796996506
2026-07-10T21:00:00Z,-7.609444,112.595556,0.0011980782593299,-0.0022364559780075,0.0023117044545068
2026-07-11T00:00:00Z,-7.609444,112.595556,0.0014984705884355,-0.0021559266919341,0.0025330601315963
2026-07-11T03:00:00Z,-7.609444,112.595556,0.0015911518475761,-0.0022358780883606,0.0027972984755524
2026-07-11T06:00:00Z,-7.609444,112.595556,0.0017670854403804,-0.0023203837992316,0.0028718499805819
2026-07-11T09:00:00Z,-7.609444,112.595556,0.0019073125549453,-0.0021721047917251,0.002745769627914
2026-07-11T12:00:00Z,-7.609444,112.595556,0.001858435275278,-0.0021107442014342,0.0026766754761292
2026-07-11T15:00:00Z,-7.609444,112.595556,0.0019932815540043,-0.0021622818850956,0.0022751006568835
2026-07-11T18:00:00Z,-7.609444,112.595556,0.0020882701889466,-0.0022068643432386,0.0022950368389041
2026-07-11T21:00:00Z,-7.609444,112.595556,0.0019295483160983,-0.0021730246130662,0.0024463475400901
2026-07-12T00:00:00Z,-7.609444,112.595556,0.0018140432898687,-0.0020864943397297,0.002761497743394
2026-07-12T03:00:00Z,-7.609444,112.595556,0.0015820414117292,-0.0020745541532244,0.0031060247004819
2026-07-12T06:00:00Z,-7.609444,112.595556,0.0013804063312012,-0.0021578028375493,0.0034517637892063
2026-07-12T09:00:00Z,-7.609444,112.595556,0.001147266343929,-0.0021632149095035,0.0035193621964623
2026-07-12T12:00:00Z,-7.609444,112.595556,0.0007638907675555738,-0.0021060413621128,0.0036930390664652
2026-07-12T15:00:00Z,-7.609444,112.595556,0.0006414776591448634,-0.0019886582021035,0.0033327458739599
2026-07-12T18:00:00Z,-7.609444,112.595556,0.0005907457332283709,-0.0017501961499497,0.0030041598278434
2026-07-12T21:00:00Z,-7.609444,112.595556,0.0004551800374952095,-0.0014904791395987,0.0028430809736179
2026-07-13T00:00:00Z,-7.609444,112.595556,0.0003238535901735106,-0.0014731472572813,0.0026395311931604
2026-07-13T03:00:00Z,-7.609444,112.595556,3.229819468030836e-06,-0.0016806764814887,0.0024914482559202
2026-07-13T06:00:00Z,-7.609444,112.595556,-0.0002919912744564101,-0.0019418964790317,0.002282508623676
2026-07-13T09:00:00Z,-7.609444,112.595556,-0.0006317481063621613,-0.0020629311715456,0.0018967278566775
2026-07-13T12:00:00Z,-7.609444,112.595556,-0.0010905843829408,-0.0021555848297069,0.0019471531099569
2026-07-13T15:00:00Z,-7.609444,112.595556,-0.0012826158286149,-0.0022707865676776,0.0015484361282177
2026-07-13T18:00:00Z,-7.609444,112.595556,-0.0013977643058281,-0.0023560358354543,0.0011275279464615
2026-07-13T21:00:00Z,-7.609444,112.595556,-0.0015077654796203,-0.002288034137931,0.0009792716006823952
2026-07-14T00:00:00Z,-7.609444,112.595556,-0.0015277192858885,-0.0022649774360234,0.0009722008256200712
2026-07-14T03:00:00Z,-7.609444,112.595556,-0.0016051617738196,-0.0022776716183286,0.0008618235184301964
2026-07-14T06:00:00Z,-7.609444,112.595556,-0.0016207553922848,-0.0023290755505081,0.0006215776268825818
2026-07-14T09:00:00Z,-7.609444,112.595556,-0.0017814848872556,-0.0022597429633707,0.0002695949191493217
2026-07-14T12:00:00Z,-7.609444,112.595556,-0.002023242376059,-0.0022803225697687,5.962500148670287e-05
2026-07-14T15:00:00Z,-7.609444,112.595556,-0.0019031238372612,-0.0024215703782592,-0.0005043126618556608
2026-07-14T18:00:00Z,-7.609444,112.595556,-0.0018019703307377,-0.0025394258166018,-0.0008920596341932541
2026-07-14T21:00:00Z,-7.609444,112.595556,-0.0017844497393458,-0.0025777753957323,-0.0008035020834663173
2026-07-15T00:00:00Z,-7.609444,112.595556,-0.0017504454211391,-0.0026249014740224,-0.0003910750685223361
2026-07-15T03:00:00Z,-7.609444,112.595556,-0.0016847535756887,-0.0027696713405943,2.8553996030208177e-07
2026-07-15T06:00:00Z,-7.609444,112.595556,-0.0014226563544228,-0.002989056547638,6.052859652377327e-05
2026-07-15T09:00:00Z,-7.609444,112.595556,-0.0010415682914163,-0.0030207994422636,9.975000820909587e-06
2026-07-15T12:00:00Z,-7.609444,112.595556,-0.0006762536475786343,-0.002966283592089,0.0004720120695431045
2026-07-15T15:00:00Z,-7.609444,112.595556,-0.00020421705087114868,-0.0029769327334507,0.000407885262299572
2026-07-15T18:00:00Z,-7.609444,112.595556,0.00016882225481295183,-0.0030155865126218,0.0001838505577470228
2026-07-15T21:00:00Z,-7.609444,112.595556,0.0003880597708832559,-0.0028534772098001,0.0003237637125434311
2026-07-16T00:00:00Z,-7.609444,112.595556,0.0005883338051495257,-0.0027264395285933,0.00047417089249703856
2026-07-16T03:00:00Z,-7.609444,112.595556,0.0006586713341422247,-0.0028521299669639,0.0004497402143789741
2026-07-16T06:00:00Z,-7.609444,112.595556,0.0006986074157454098,-0.0030706219402243,0.0005271448931299605
2026-07-16T09:00:00Z,-7.609444,112.595556,0.0006336732180113913,-0.0031694374024416,0.000498524559481827
2026-07-16T12:00:00Z,-7.609444,112.595556,0.0005959566744482967,-0.003155287951169,0.0004174195232611314
2026-07-16T15:00:00Z,-7.609444,112.595556,0.0007976522684633654,-0.0029417333017243,-3.3173865719332785e-05
2026-07-16T18:00:00Z,-7.609444,112.595556,0.0010208898760889,-0.0026712256158583,-0.0002986824496151846
2026-07-16T21:00:00Z,-7.609444,112.595556,0.0009681940466844532,-0.0022555417393274,6.40324236237252e-05
2026-07-17T00:00:00Z,-7.609444,112.595556,0.0008637232222354366,-0.0018746412667558,0.0003050390667136913
2026-07-17T03:00:00Z,-7.609444,112.595556,0.0007408497056404505,-0.0018450599458343,0.0002539518591755378
2026-07-17T06:00:00Z,-7.609444,112.595556,0.0007068250419470849,-0.0017744775172438,0.0003096708918410913
2026-07-17T09:00:00Z,-7.609444,112.595556,0.0006441338830084161,-0.0015836487400312,0.0004550218157842896
2026-07-17T12:00:00Z,-7.609444,112.595556,0.0005465635374569568,-0.0014582393208346,0.0006010248803382876
2026-07-17T15:00:00Z,-7.609444,112.595556,0.0005338874114571066,-0.0014165337995737,0.0003506350942703584
2026-07-17T18:00:00Z,-7.609444,112.595556,0.0004694604585401045,-0.0013445491605233,0.0002201128658602516
2026-07-17T21:00:00Z,-7.609444,112.595556,0.00023150562493690728,-0.0011266328243002,0.0001888710507345798
2026-07-18T00:00:00Z,-7.609444,112.595556,-3.397786430429891e-05,-0.0009157863355890606,-5.469889455325471e-06
2026-07-18T03:00:00Z,-7.609444,112.595556,-0.0002592005382734286,-0.0009602441260901868,-0.00045905627085202695
2026-07-18T06:00:00Z,-7.609444,112.595556,-0.00026580329159377707,-0.0010243160151001,-0.0005950005420783777
2026-07-18T09:00:00Z,-7.609444,112.595556,-0.00044505367383831934,-0.0009655474723127996,-0.00020428184950052212
2026-07-18T12:00:00Z,-7.609444,112.595556,-0.0007885299305939545,-0.0008334109685836917,0.00031020293281393285
2026-07-18T15:00:00Z,-7.609444,112.595556,-0.0009167365689691276,-0.0006968309708976926,0.0005414272806204799
2026-07-18T18:00:00Z,-7.609444,112.595556,-0.0008529263945433524,-0.0005538189689922095,0.000676331387250835
2026-07-18T21:00:00Z,-7.609444,112.595556,-0.000916300455867077,-0.0002933771898040088,0.0008559623920148621
