time,latitude[unit="degrees_north"],longitude[unit="degrees_east"],duEW[unit=""],duNS[unit=""],duV[unit=""]
2024-01-01T12:00:00Z,-7.609444,112.595556,0.00023799142218194905,-0.0009553933050483464,-0.0020081917755305
2024-01-02T12:00:00Z,-7.609444,112.595556,0.000270154036115855,-0.0009131290134973824,-0.0019385637715458
2024-01-03T12:00:00Z,-7.609444,112.595556,0.00018565147183835504,-0.0007425844087265432,-0.0019970214925706
2024-01-04T12:00:00Z,-7.609444,112.595556,0.0001926844852278009,-0.0007637296803295612,-0.0021268930286169
2024-01-05T12:00:00Z,-7.609444,112.595556,0.0001938226050697267,-0.0008944926667027175,-0.002268239390105
2024-01-06T12:00:00Z,-7.609444,112.595556,0.00036540234577842057,-0.0009306951542384924,-0.0023571220226585
2024-01-07T12:00:00Z,-7.609444,112.595556,0.0004442643839865923,-0.0008247881196439266,-0.002389274071902
2024-01-08T12:00:00Z,-7.609444,112.595556,0.0004514141473919153,-0.0008170496439561248,-0.0021828436292707
2024-01-09T12:00:00Z,-7.609444,112.595556,0.0005048642633482814,-0.0006628965493291616,-0.0020814873278141
2024-01-10T12:00:00Z,-7.609444,112.595556,0.0004306597984395921,-0.0006130868569016457,-0.0021463618613779
2024-01-11T12:00:00Z,-7.609444,112.595556,0.00030155901913531125,-0.0007857547607272863,-0.0019645562861114
2024-01-12T12:00:00Z,-7.609444,112.595556,0.0003085201315116137,-0.001004381920211,-0.0017947144806385
2024-01-13T12:00:00Z,-7.609444,112.595556,0.000323215703247115,-0.0009625116363167764,-0.001843387610279
2024-01-14T12:00:00Z,-7.609444,112.595556,0.0003689526347443461,-0.0008543853764422238,-0.0019081478239968
2024-01-15T12:00:00Z,-7.609444,112.595556,0.0004295986436773092,-0.0010965921683236,-0.0018214504234492
2024-01-16T12:00:00Z,-7.609444,112.595556,0.0004886023234575987,-0.0012872506631538,-0.0019082260550931
2024-01-17T12:00:00Z,-7.609444,112.595556,0.0005320080672390759,-0.0012658480554819,-0.002126530278474
2024-01-18T12:00:00Z,-7.609444,112.595556,0.0004374480049591512,-0.001588134211488,-0.0022818862926214
2024-01-19T12:00:00Z,-7.609444,112.595556,0.00042945778113789856,-0.0017129933694377,-0.0022540532518178
2024-01-20T12:00:00Z,-7.609444,112.595556,0.0006588362157344818,-0.0017483135452494,-0.0024196251761168
2024-01-21T12:00:00Z,-7.609444,112.595556,0.0008611503290012479,-0.0016483531799167,-0.0025042078923434
2024-01-22T12:00:00Z,-7.609444,112.595556,0.0010071157012134,-0.001403309055604,-0.0025656328070908
2024-01-23T12:00:00Z,-7.609444,112.595556,0.0011501580011099,-0.0012696041958406,-0.0025215048808604
2024-01-24T12:00:00Z,-7.609444,112.595556,0.0011138488771393,-0.0010983840329572,-0.0024932262022048
2024-01-25T12:00:00Z,-7.609444,112.595556,0.0010000033071264,-0.0012526160571724,-0.0025783537421375
2024-01-26T12:00:00Z,-7.609444,112.595556,0.000975016097072512,-0.00162226438988,-0.0024938848800957
2024-01-27T12:00:00Z,-7.609444,112.595556,0.000949709035921842,-0.001790823880583,-0.0023567108437418
2024-01-28T12:00:00Z,-7.609444,112.595556,0.0010266543831676,-0.0016271355561912,-0.0023104017600417
2024-01-29T12:00:00Z,-7.609444,112.595556,0.0011486689327284,-0.0013771371450275,-0.0022576814517378
2024-01-30T12:00:00Z,-7.609444,112.595556,0.0011957079404965,-0.0011479500681161,-0.002397095086053
2024-01-31T12:00:00Z,-7.609444,112.595556,0.0011623027967289,-0.0011966320453211,-0.0024790184106677
2024-02-01T12:00:00Z,-7.609444,112.595556,0.0011036024661734,-0.0011768658878281,-0.0023870640434324
2024-02-02T12:00:00Z,-7.609444,112.595556,0.0009538503945805132,-0.0012465673498809,-0.0023205422330647
2024-02-03T12:00:00Z,-7.609444,112.595556,0.0007841692422516644,-0.001263459213078,-0.0022489114198833
2024-02-04T12:00:00Z,-7.609444,112.595556,0.0007994968327693641,-0.0013986509293317,-0.0021918029524385
2024-02-05T12:00:00Z,-7.609444,112.595556,0.0008398517966270447,-0.0015028006164357,-0.0022871529217809
2024-02-06T12:00:00Z,-7.609444,112.595556,0.0008590613142587245,-0.0015183608047664,-0.0022876730654388
2024-02-07T12:00:00Z,-7.609444,112.595556,0.0008194597903639078,-0.0012668543495237,-0.0023497461806982
2024-02-08T12:00:00Z,-7.609444,112.595556,0.0006793071515858173,-0.0010506900725886,-0.0025156766641885
2024-02-09T12:00:00Z,-7.609444,112.595556,0.0005014758207835257,-0.000940530328080058,-0.0026966072618961
2024-02-10T12:00:00Z,-7.609444,112.595556,0.0006068309303373098,-0.0007402978953905404,-0.0026715018320828
2024-02-11T12:00:00Z,-7.609444,112.595556,0.0007598120137117803,-0.0007307537598535419,-0.0025447614025324
2024-02-12T12:00:00Z,-7.609444,112.595556,0.0007544355466961861,-0.0011003464460372,-0.0023476511705666
2024-02-13T12:00:00Z,-7.609444,112.595556,0.0007675605593249202,-0.0016840539174154,-0.0021031557116657
2024-02-14T12:00:00Z,-7.609444,112.595556,0.0007696877000853419,-0.0020145813468843,-0.0019158917712047
2024-02-15T12:00:00Z,-7.609444,112.595556,0.000778011220972985,-0.0020439291838556,-0.0018101375317201
2024-02-16T12:00:00Z,-7.609444,112.595556,0.000827981682959944,-0.0021026344038546,-0.0017947201849892
2024-02-17T12:00:00Z,-7.609444,112.595556,0.0008671536343172193,-0.002157466020435,-0.0018838429823517
2024-02-18T12:00:00Z,-7.609444,112.595556,0.0009275311604142188,-0.0020417177584022,-0.0020633181557059
2024-02-19T12:00:00Z,-7.609444,112.595556,0.0008829953148961067,-0.0020083142444491,-0.0019732469227164
2024-02-20T12:00:00Z,-7.609444,112.595556,0.0007522222585976124,-0.0020735336001962,-0.0019303546287119
2024-02-21T12:00:00Z,-7.609444,112.595556,0.0006248724530451,-0.0020565325394272,-0.0022106594406068
2024-02-22T12:00:00Z,-7.609444,112.595556,0.000513692619279027,-0.0018850204069167,-0.0026895198971033
2024-02-23T12:00:00Z,-7.609444,112.595556,0.0005909169558435678,-0.0017712246626615,-0.0027679875493049
2024-02-24T12:00:00Z,-7.609444,112.595556,0.0007957695052027702,-0.00185389269609,-0.0025072982534766
2024-02-25T12:00:00Z,-7.609444,112.595556,0.0007958053611218929,-0.0019656894728541,-0.0023414448369294
2024-02-26T12:00:00Z,-7.609444,112.595556,0.000626537308562547,-0.0020690371748059,-0.0024073424283415
2024-02-27T12:00:00Z,-7.609444,112.595556,0.00065682886634022,-0.0023058259394019,-0.0024834212381392
2024-02-28T12:00:00Z,-7.609444,112.595556,0.0006779488176107407,-0.0023987416643649,-0.002395489718765
2024-02-29T12:00:00Z,-7.609444,112.595556,0.0006685438565909863,-0.0023299371823668,-0.0021347424481064
2024-03-01T12:00:00Z,-7.609444,112.595556,0.0007133846520446241,-0.0021361298859119,-0.0019831079989671
2024-03-02T12:00:00Z,-7.609444,112.595556,0.0007687394972890615,-0.0017745243385434,-0.0018942598253488
2024-03-03T12:00:00Z,-7.609444,112.595556,0.000753345841076225,-0.0015658176271244,-0.0017217716667801
2024-03-04T12:00:00Z,-7.609444,112.595556,0.0007215043879114091,-0.0017990168416872,-0.0016946195391938
2024-03-05T12:00:00Z,-7.609444,112.595556,0.0007707456825301051,-0.0021127380896359,-0.0017942901467904
2024-03-06T12:00:00Z,-7.609444,112.595556,0.000783770636189729,-0.0022825296036899,-0.0019084644736722
2024-03-07T12:00:00Z,-7.609444,112.595556,0.0007610381580889225,-0.0021886054892092,-0.0019311672076582
2024-03-08T12:00:00Z,-7.609444,112.595556,0.0007121742819435894,-0.0020775708835572,-0.001907113357447
2024-03-09T12:00:00Z,-7.609444,112.595556,0.0006353528588078916,-0.0018247606931254,-0.0021421178244054
2024-03-10T12:00:00Z,-7.609444,112.595556,0.0007097329944372177,-0.0016410814132541,-0.0024897104594856
2024-03-11T12:00:00Z,-7.609444,112.595556,0.0010043841321021,-0.0016050543636083,-0.0023773007560521
2024-03-12T12:00:00Z,-7.609444,112.595556,0.001065430114977,-0.0015656120376661,-0.0022255780640989
2024-03-13T12:00:00Z,-7.609444,112.595556,0.0009319735108874738,-0.0016170528251677,-0.0021381727419793
2024-03-14T12:00:00Z,-7.609444,112.595556,0.000844716327264905,-0.001765789464116,-0.0020430397707968
2024-03-15T12:00:00Z,-7.609444,112.595556,0.000769020349252969,-0.0019722685683518,-0.002230729907751
2024-03-16T12:00:00Z,-7.609444,112.595556,0.00078995106741786,-0.0020464682020246,-0.0023112837225198
2024-03-17T12:00:00Z,-7.609444,112.595556,0.0007883488433435559,-0.0019951069261878,-0.0021421206183731
2024-03-18T12:00:00Z,-7.609444,112.595556,0.0005734591977670789,-0.0021184280049055,-0.0020940820686519
2024-03-19T12:00:00Z,-7.609444,112.595556,0.0004655991215258837,-0.0020973095670342,-0.0022953969892114
2024-03-20T12:00:00Z,-7.609444,112.595556,0.000531608413439244,-0.0018552584806457,-0.0024354816414415
2024-03-21T12:00:00Z,-7.609444,112.595556,0.0006470441585406661,-0.0016230035107582,-0.0018271069275215
2024-03-22T12:00:00Z,-7.609444,112.595556,0.0004293624951969832,-0.0017097971867769,-0.0015219836495816
2024-03-23T12:00:00Z,-7.609444,112.595556,0.00025421628379262984,-0.0018468350172042,-0.0018466089386492
2024-03-24T12:00:00Z,-7.609444,112.595556,0.0004472105938475579,-0.0017466408899053,-0.0021544548217207
2024-03-25T12:00:00Z,-7.609444,112.595556,0.0006331534241326153,-0.0015450611244887,-0.0022838460281491
2024-03-26T12:00:00Z,-7.609444,112.595556,0.0005886792787350714,-0.0015851546777412,-0.0024210773408412
2024-03-27T12:00:00Z,-7.609444,112.595556,0.0005780534702353179,-0.0018678220221772,-0.0023228405043482
2024-03-28T12:00:00Z,-7.609444,112.595556,0.0005986182950437069,-0.0020088632591068,-0.0018841077107936
2024-03-29T12:00:00Z,-7.609444,112.595556,0.00044585418072529137,-0.0020608340855687,-0.0018970745149999
2024-03-30T12:00:00Z,-7.609444,112.595556,0.0005060062976554036,-0.0020573353394865,-0.0021750913001596
2024-03-31T12:00:00Z,-7.609444,112.595556,0.0007813727133907378,-0.002043928252533,-0.0022057557944208
2024-04-01T12:00:00Z,-7.609444,112.595556,0.0007646350422874093,-0.0021159208845347,-0.0019728755578398
2024-04-02T12:00:00Z,-7.609444,112.595556,0.0005644959746859968,-0.0023491650354117,-0.0018568873638287
2024-04-03T12:00:00Z,-7.609444,112.595556,0.00043052402907051146,-0.002278845058754,-0.0020679123699665
2024-04-04T12:00:00Z,-7.609444,112.595556,0.000585271161980927,-0.0021522289607673,-0.0020164088346064
2024-04-05T12:00:00Z,-7.609444,112.595556,0.0007547519635409117,-0.0020762588828802,-0.0018240385688841
2024-04-06T12:00:00Z,-7.609444,112.595556,0.0007424749783240259,-0.0022382633760571,-0.00182650773786
2024-04-07T12:00:00Z,-7.609444,112.595556,0.0007240468985401094,-0.0023657409474253,-0.0018661938374862
2024-04-08T12:00:00Z,-7.609444,112.595556,0.000626917986664921,-0.002262920839712,-0.0021472617518156
2024-04-09T12:00:00Z,-7.609444,112.595556,0.0006463427562266588,-0.0020740730687975,-0.0021244673989713
2024-04-10T12:00:00Z,-7.609444,112.595556,0.0007273018127307296,-0.0020509618334472,-0.0020386481191962
2024-04-11T12:00:00Z,-7.609444,112.595556,0.0009171492420136927,-0.0019141521770507,-0.001928640413098
2024-04-12T12:00:00Z,-7.609444,112.595556,0.0009664944373071194,-0.0015698735369369,-0.0017855719197541
2024-04-13T12:00:00Z,-7.609444,112.595556,0.0008158937562257051,-0.0016080704517662,-0.0018481459701433
2024-04-14T12:00:00Z,-7.609444,112.595556,0.0007697531837038696,-0.0017992925131693,-0.0021268115378916
2024-04-15T12:00:00Z,-7.609444,112.595556,0.0008080066763795912,-0.0018434333615005,-0.0022076563909649
2024-04-16T12:00:00Z,-7.609444,112.595556,0.0006492296815849841,-0.0020278510637581,-0.0019382803002372
2024-04-17T12:00:00Z,-7.609444,112.595556,0.0004932095762342215,-0.0023817985784262,-0.0017340795602649
2024-04-18T12:00:00Z,-7.609444,112.595556,0.0005176628474146128,-0.0026581354904919,-0.001529368571937
2024-04-19T12:00:00Z,-7.609444,112.595556,0.0004047818656545133,-0.0026172611396759,-0.0015053693205118
2024-04-20T12:00:00Z,-7.609444,112.595556,0.00030504775349982083,-0.0025408880319446,-0.001650700927712
2024-04-21T12:00:00Z,-7.609444,112.595556,0.0003658721107058227,-0.0024743606336414,-0.0017682190518826
2024-04-22T12:00:00Z,-7.609444,112.595556,0.0005092307110317051,-0.0024812188930809,-0.0017599227139726
2024-04-23T12:00:00Z,-7.609444,112.595556,0.0005776023608632386,-0.0022582034580409,-0.0016558764036744
2024-04-24T12:00:00Z,-7.609444,112.595556,0.0005290352855809033,-0.0020392190199345,-0.0015347994631156
2024-04-25T12:00:00Z,-7.609444,112.595556,0.00044709330541081727,-0.0022610439918935,-0.0016231671907007
2024-04-26T12:00:00Z,-7.609444,112.595556,0.0004609138995874673,-0.0023580882698297,-0.0018007506150752
2024-04-27T12:00:00Z,-7.609444,112.595556,0.00049338344251737,-0.0022632046602666,-0.0018908459460362
2024-04-28T12:00:00Z,-7.609444,112.595556,0.0006374670774675906,-0.0023047353606671,-0.0019302431028336
2024-04-29T12:00:00Z,-7.609444,112.595556,0.0007174991187639534,-0.0023993144277483,-0.0018371194601058
2024-04-30T12:00:00Z,-7.609444,112.595556,0.0006230326252989471,-0.0023140462581068,-0.0016855166759341
2024-05-01T12:00:00Z,-7.609444,112.595556,0.000425397593062371,-0.0020849611610174,-0.0016286574536934
2024-05-02T12:00:00Z,-7.609444,112.595556,0.0003787601308431477,-0.0021092547103762,-0.001810151617974
2024-05-03T12:00:00Z,-7.609444,112.595556,0.0005251590046100318,-0.002076803939417,-0.0017400726210325
2024-05-04T12:00:00Z,-7.609444,112.595556,0.0006338783423416317,-0.0018852013163268,-0.0015809158794581
2024-05-05T12:00:00Z,-7.609444,112.595556,0.0004727288905996829,-0.0016684978036209,-0.0017614071257412
2024-05-06T12:00:00Z,-7.609444,112.595556,0.0003831757057923824,-0.0017198948189616,-0.0022540960926562
2024-05-07T12:00:00Z,-7.609444,112.595556,0.0005017654621042311,-0.0020351351704448,-0.0025539591442793
2024-05-08T12:00:00Z,-7.609444,112.595556,0.0005517402314580977,-0.0021208331454545,-0.0022623953409492
2024-05-09T12:00:00Z,-7.609444,112.595556,0.0004444869409780949,-0.0021097916178405,-0.0019393529510125
2024-05-10T12:00:00Z,-7.609444,112.595556,0.00035578093957155943,-0.0020744267385452,-0.002087919274345
2024-05-11T12:00:00Z,-7.609444,112.595556,0.0004638993705157191,-0.0019870353862643,-0.0022512236610054
2024-05-12T12:00:00Z,-7.609444,112.595556,0.0005109180347062647,-0.0018137202132493,-0.0021003014408051
2024-05-13T12:00:00Z,-7.609444,112.595556,0.0005145376198925078,-0.0015987219521775,-0.0018554658163338
2024-05-14T12:00:00Z,-7.609444,112.595556,0.0005231452523730695,-0.0015626917593181,-0.0018872483633458
2024-05-15T12:00:00Z,-7.609444,112.595556,0.0006147497333586216,-0.0016402812907472,-0.0019726476166397
2024-05-16T12:00:00Z,-7.609444,112.595556,0.0006392471841536462,-0.0017195342807099,-0.0019161331001669
2024-05-17T12:00:00Z,-7.609444,112.595556,0.0005213983822613955,-0.0019152360036969,-0.0018015102250501
2024-05-18T12:00:00Z,-7.609444,112.595556,0.0003871472436003387,-0.0020685344934463,-0.0015445488970726
2024-05-19T12:00:00Z,-7.609444,112.595556,0.0002745194942690432,-0.0020004792604595,-0.0015029106289148
2024-05-20T12:00:00Z,-7.609444,112.595556,0.000256676459684968,-0.0020376606844365,-0.0017991999629884
2024-05-21T12:00:00Z,-7.609444,112.595556,0.0003714548656716943,-0.0020534757059067,-0.0018973477417603
2024-05-22T12:00:00Z,-7.609444,112.595556,0.00033827472361736,-0.0020348981488496,-0.0017436724156141
2024-05-23T12:00:00Z,-7.609444,112.595556,0.000258165062405169,-0.0019963553640991,-0.0016831826651468
2024-05-24T12:00:00Z,-7.609444,112.595556,0.0003275983617641032,-0.0018250419525429,-0.0017491623293608
2024-05-25T12:00:00Z,-7.609444,112.595556,0.0003994707949459553,-0.0015654849121347,-0.0017415784532204
2024-05-26T12:00:00Z,-7.609444,112.595556,0.0004182592674624175,-0.0015495899133384,-0.0016589948209002
2024-05-27T12:00:00Z,-7.609444,112.595556,0.0004167899896856397,-0.0015541993780061,-0.001497647492215
2024-05-28T12:00:00Z,-7.609444,112.595556,0.00040903297485783696,-0.0014138685073703,-0.001360569964163
2024-05-29T12:00:00Z,-7.609444,112.595556,0.00031096802558749914,-0.0013362695463001,-0.0013416036963462
2024-05-30T12:00:00Z,-7.609444,112.595556,0.00021202335483394563,-0.0013324873289093,-0.0015705579426139
2024-05-31T12:00:00Z,-7.609444,112.595556,0.0002655608986970037,-0.0014991385396569,-0.0019106360850855
2024-06-01T12:00:00Z,-7.609444,112.595556,0.0002674024144653231,-0.0015846191672608,-0.0020323724020272
2024-06-02T12:00:00Z,-7.609444,112.595556,0.00017808751726988703,-0.0014806183753535,-0.0018981450702995
2024-06-03T12:00:00Z,-7.609444,112.595556,0.00019590818556025624,-0.0013877083547413,-0.0017880165250971
2024-06-04T12:00:00Z,-7.609444,112.595556,8.643263572594151e-05,-0.0014601257862523,-0.002077326644212
2024-06-05T12:00:00Z,-7.609444,112.595556,-2.938047327916138e-05,-0.0014650713419541,-0.0022559144999831
2024-06-06T12:00:00Z,-7.609444,112.595556,4.773449290951248e-06,-0.0014416774502024,-0.0021718610078096
2024-06-07T12:00:00Z,-7.609444,112.595556,0.00011039362289011478,-0.0014182259328663,-0.0018071153899654
2024-06-08T12:00:00Z,-7.609444,112.595556,1.784268897608854e-05,-0.0013219012180343,-0.0016449973918497
2024-06-09T12:00:00Z,-7.609444,112.595556,-3.812088834820315e-05,-0.0011976561509072,-0.0018538134172558
2024-06-10T12:00:00Z,-7.609444,112.595556,0.00012048433563904835,-0.0010322822490707,-0.0019940466154366
2024-06-11T12:00:00Z,-7.609444,112.595556,0.00019511183199938387,-0.0008926485315896571,-0.001982333138585
2024-06-12T12:00:00Z,-7.609444,112.595556,0.00015926279593259096,-0.0009383911965414882,-0.0021138624288141
2024-06-13T12:00:00Z,-7.609444,112.595556,3.756302612600848e-05,-0.0011352549772709,-0.0021337759681046
2024-06-14T12:00:00Z,-7.609444,112.595556,-4.652391726267524e-05,-0.0010590895544737,-0.0019589262083172
2024-06-15T12:00:00Z,-7.609444,112.595556,-5.126352698425762e-05,-0.0008119706762954593,-0.0017278946470469
2024-06-16T12:00:00Z,-7.609444,112.595556,6.051178934285417e-05,-0.0006300435634329915,-0.0019068366382271
2024-06-17T12:00:00Z,-7.609444,112.595556,0.0001054010572261177,-0.0006297662621363997,-0.0021296313498169
2024-06-18T12:00:00Z,-7.609444,112.595556,-2.055420191027224e-05,-0.0007105630356818438,-0.0020803476218134
2024-06-19T12:00:00Z,-7.609444,112.595556,-0.00016824304475449026,-0.0007669104961678386,-0.0017404315294697
2024-06-20T12:00:00Z,-7.609444,112.595556,-0.00024410386686213317,-0.0009271310991607606,-0.0015806764131411
2024-06-21T12:00:00Z,-7.609444,112.595556,-0.00032240705331787467,-0.0009325853898189962,-0.0017173954984173
2024-06-22T12:00:00Z,-7.609444,112.595556,-0.0003435043036006391,-0.0006823056610301137,-0.0019506693352013
2024-06-23T12:00:00Z,-7.609444,112.595556,-0.0002457813825458288,-0.0005110835190862417,-0.0020762318745255
2024-06-24T12:00:00Z,-7.609444,112.595556,-0.0002347328409086913,-0.0005404045805335045,-0.0019677388481795
2024-06-25T12:00:00Z,-7.609444,112.595556,-0.0002516504318919033,-0.0005031698965467513,-0.0018201239872723
2024-06-26T12:00:00Z,-7.609444,112.595556,-0.0003172207507304847,-0.0004793138359673321,-0.0018487382913008
2024-06-27T12:00:00Z,-7.609444,112.595556,-0.0002354294847464189,-0.0004444768710527569,-0.0020132481586188
2024-06-28T12:00:00Z,-7.609444,112.595556,-0.00016573180619161576,-0.000231942962273024,-0.0019452730193734
2024-06-29T12:00:00Z,-7.609444,112.595556,-0.0002052709460258484,0.00010329034557798876,-0.0018813392380252
2024-06-30T12:00:00Z,-7.609444,112.595556,-0.00022519659250974652,0.00023590524506289512,-0.0020512051414698
2024-07-01T12:00:00Z,-7.609444,112.595556,-0.00018514519615564493,0.0003391462960280478,-0.0020635004620999
2024-07-02T12:00:00Z,-7.609444,112.595556,-0.0003593138244468719,0.0001918137713801116,-0.0022125979885458
2024-07-03T12:00:00Z,-7.609444,112.595556,-0.0005103084840811789,-0.00019140745280310512,-0.0024756391067057
2024-07-04T12:00:00Z,-7.609444,112.595556,-0.0004305451875552535,-0.000322313338983804,-0.0024117799475789
2024-07-05T12:00:00Z,-7.609444,112.595556,-0.0003709677839651704,-0.00010270983329974116,-0.0020522642880678
2024-07-06T12:00:00Z,-7.609444,112.595556,-0.0004078911151736975,-0.00013717789261136204,-0.0019702143035829
2024-07-07T12:00:00Z,-7.609444,112.595556,-0.0004329654620960355,-0.00039685561205260456,-0.002052319003269
2024-07-08T12:00:00Z,-7.609444,112.595556,-0.0003773865173570812,-0.0004972592578269541,-0.0020225604530423
2024-07-09T12:00:00Z,-7.609444,112.595556,-0.0003507777291815728,-0.0004201798874419183,-0.00227159447968
2024-07-10T12:00:00Z,-7.609444,112.595556,-0.00025410778471268713,-0.00040337699465453625,-0.0024153778795152
2024-07-11T12:00:00Z,-7.609444,112.595556,-0.0003028556820936501,-0.0005235159769654274,-0.0021046104375272
2024-07-12T12:00:00Z,-7.609444,112.595556,-0.000438318180385977,-0.0005070323240943253,-0.0016467943787574
2024-07-13T12:00:00Z,-7.609444,112.595556,-0.0004867234965786338,-0.0005051486659795046,-0.001653017825447
2024-07-14T12:00:00Z,-7.609444,112.595556,-0.00038430996937677264,-0.0004046974936500192,-0.0018254878232255
2024-07-15T12:00:00Z,-7.609444,112.595556,-0.00026740599423646927,-0.00024335591297131032,-0.0019710496999323
2024-07-16T12:00:00Z,-7.609444,112.595556,-0.0002805328404065221,-0.0003046242636628449,-0.0020626264158636
2024-07-17T12:00:00Z,-7.609444,112.595556,-0.0001808427623473108,-0.00024765185662545264,-0.0020088166929781
2024-07-18T12:00:00Z,-7.609444,112.595556,-0.00014572686632163823,-0.00010786857455968855,-0.0019946147222071
2024-07-19T12:00:00Z,-7.609444,112.595556,-0.0002619946317281574,-1.812768687159405e-06,-0.0016952560981735
2024-07-20T12:00:00Z,-7.609444,112.595556,-0.00040488297236151993,5.2450130169745535e-05,-0.00196183193475
2024-07-21T12:00:00Z,-7.609444,112.595556,-0.00035352411214262247,8.455255738226697e-05,-0.0021785737480968
2024-07-22T12:00:00Z,-7.609444,112.595556,-0.0002108226908603683,0.00013763344031758606,-0.0022472273558378
2024-07-23T12:00:00Z,-7.609444,112.595556,-9.096083522308618e-05,0.000121756675071083,-0.0021060048602521
2024-07-24T12:00:00Z,-7.609444,112.595556,-0.0002480197581462562,0.0001561959070386365,-0.0017596222460269
2024-07-25T12:00:00Z,-7.609444,112.595556,-0.0005167587078176439,0.000283025176031515,-0.0018578617600724
2024-07-26T12:00:00Z,-7.609444,112.595556,-0.0005124285235069692,0.0003152506542392075,-0.0024490309879183
2024-07-27T12:00:00Z,-7.609444,112.595556,-0.000257466861512512,0.0004686183820012957,-0.002906673355028
2024-07-28T12:00:00Z,-7.609444,112.595556,-0.00010020630725193767,0.0007376199937425554,-0.0027260067872703
2024-07-29T12:00:00Z,-7.609444,112.595556,-0.00022059574257582423,0.0009162610513158144,-0.002594921272248
2024-07-30T12:00:00Z,-7.609444,112.595556,-0.0003183421795256436,0.0007772929384373128,-0.0028793807141482
2024-07-31T12:00:00Z,-7.609444,112.595556,-0.0002911478513851762,0.0005525638116523623,-0.0029604793526232
2024-08-01T12:00:00Z,-7.609444,112.595556,-0.0002548854099586606,0.000412675115512684,-0.0028607782442122
2024-08-02T12:00:00Z,-7.609444,112.595556,-0.0003860917640849948,0.0004742144956253469,-0.0028826955240219
2024-08-03T12:00:00Z,-7.609444,112.595556,-0.0004365992790553719,0.0005530742346309125,-0.0030505335889756
2024-08-04T12:00:00Z,-7.609444,112.595556,-0.0002673693816177547,0.0005469067837111652,-0.0029081504326313
2024-08-05T12:00:00Z,-7.609444,112.595556,-0.0002559379208832979,0.0005321892676874995,-0.002781986258924
2024-08-06T12:00:00Z,-7.609444,112.595556,-0.0003256239870097488,0.000589539937209338,-0.0027594801504164
2024-08-07T12:00:00Z,-7.609444,112.595556,-0.0004151250468567014,0.0006381740095093846,-0.0028267453890293
2024-08-08T12:00:00Z,-7.609444,112.595556,-0.000322496343869716,0.0005948078469373286,-0.0029861333314329
2024-08-09T12:00:00Z,-7.609444,112.595556,-0.0002011754259001464,0.0005973216611891985,-0.0027951730880886
2024-08-10T12:00:00Z,-7.609444,112.595556,-0.00020532032067421824,0.0006529016536660492,-0.002720518503338
2024-08-11T12:00:00Z,-7.609444,112.595556,-0.00029626660398207605,0.0008407957502640784,-0.0026560181286185
2024-08-12T12:00:00Z,-7.609444,112.595556,-0.0003527588560245931,0.0007593680056743324,-0.0026679455768316
2024-08-13T12:00:00Z,-7.609444,112.595556,-0.0003826527972705662,0.0004507200210355222,-0.0028357193805277
2024-08-14T12:00:00Z,-7.609444,112.595556,-0.0003366872842889279,0.00023679484729655087,-0.0028160219080746
2024-08-15T12:00:00Z,-7.609444,112.595556,-0.00027157823205925524,0.00017002933600451797,-0.002767335390672
2024-08-16T12:00:00Z,-7.609444,112.595556,-0.00034412488457746804,0.0001685346069280058,-0.0027138309087604
2024-08-17T12:00:00Z,-7.609444,112.595556,-0.0004335872945375741,0.00014351475692819804,-0.0027621791232377
2024-08-18T12:00:00Z,-7.609444,112.595556,-0.0003260848461650312,0.00016752065857872367,-0.0028324504382908
2024-08-19T12:00:00Z,-7.609444,112.595556,-0.00027518501156009734,7.090018334565684e-05,-0.0028945147059857
2024-08-20T12:00:00Z,-7.609444,112.595556,-0.0002475227229297161,0.00010802467295434326,-0.0029215840622782
2024-08-21T12:00:00Z,-7.609444,112.595556,-0.00033195098512806,4.932883530273102e-05,-0.0029412051662802
2024-08-22T12:00:00Z,-7.609444,112.595556,-0.00037833768874406815,2.2589822037843987e-05,-0.002988520078361
2024-08-23T12:00:00Z,-7.609444,112.595556,-0.00032189558260142803,6.736521754646674e-05,-0.0031236943323165
2024-08-24T12:00:00Z,-7.609444,112.595556,-0.00013062451034784317,0.00013542198576033115,-0.0030119682196527
2024-08-25T12:00:00Z,-7.609444,112.595556,-6.525320350192487e-05,0.00011255606659688056,-0.0028056206647306
2024-08-26T12:00:00Z,-7.609444,112.595556,-0.00016793698887340724,1.3768907592748292e-05,-0.0027969281654804
2024-08-27T12:00:00Z,-7.609444,112.595556,-0.00015631139103788882,3.5993976780446246e-05,-0.0029138149693608
2024-08-28T12:00:00Z,-7.609444,112.595556,-8.276282460428774e-05,2.745757046795916e-05,-0.0029625080060213
2024-08-29T12:00:00Z,-7.609444,112.595556,-5.075865192338824e-05,8.294461440527812e-05,-0.0027823655400425
2024-08-30T12:00:00Z,-7.609444,112.595556,-2.0705145288957283e-05,-1.0463782018632628e-06,-0.0029190555214881
2024-08-31T12:00:00Z,-7.609444,112.595556,3.9126458432292566e-05,-3.0335881092469208e-05,-0.0031056159641593
2024-09-01T12:00:00Z,-7.609444,112.595556,7.10030144546181e-05,6.759559619240463e-05,-0.0032370421104133
2024-09-02T12:00:00Z,-7.609444,112.595556,-4.449856351129711e-05,1.3435380424198227e-05,-0.003501939587295
2024-09-03T12:00:00Z,-7.609444,112.595556,-0.00013789259537588805,-0.000248800206463784,-0.003427505493164
2024-09-04T12:00:00Z,-7.609444,112.595556,-0.00016944552771747112,-0.0004158106166869402,-0.0029495528433471
2024-09-05T12:00:00Z,-7.609444,112.595556,-0.0002836525090970099,-0.0004062032967340201,-0.0028237979859113
2024-09-06T12:00:00Z,-7.609444,112.595556,-0.00026990624610334635,-0.00025241312687285244,-0.0032501898240298
2024-09-07T12:00:00Z,-7.609444,112.595556,-0.00010453972208779304,-0.0002100031269947067,-0.0034495121799409
2024-09-08T12:00:00Z,-7.609444,112.595556,-7.624679710716009e-05,-0.0002848659351002425,-0.0033815132919698
2024-09-09T12:00:00Z,-7.609444,112.595556,-0.00016870067338459194,-0.00024914744426496327,-0.0032224538736045
2024-09-10T12:00:00Z,-7.609444,112.595556,-0.0003267234133090824,-0.0003751058829948306,-0.0034736699890345
2024-09-11T12:00:00Z,-7.609444,112.595556,-0.0004024884256068617,-0.000485272437799722,-0.0038401298224925
2024-09-12T12:00:00Z,-7.609444,112.595556,-0.0002761511132121086,-0.00046131445560604334,-0.0037672193720936
2024-09-13T12:00:00Z,-7.609444,112.595556,-0.0002912541094701737,-0.0004205875447951257,-0.0034211799502372
2024-09-14T12:00:00Z,-7.609444,112.595556,-0.000261984154349193,-0.0004623033164534718,-0.003126228461042
2024-09-15T12:00:00Z,-7.609444,112.595556,-0.0002932280185632408,-0.0005079820402897894,-0.0032715131528675
2024-09-16T12:00:00Z,-7.609444,112.595556,-0.00022943352814763784,-0.0004201684205327183,-0.003436142578721
2024-09-17T12:00:00Z,-7.609444,112.595556,-0.00013585880515165627,-0.0004126913554500789,-0.0035051046870648
2024-09-18T12:00:00Z,-7.609444,112.595556,-0.00016417675942648202,-0.0004062984953634441,-0.0034979551564902
2024-09-19T12:00:00Z,-7.609444,112.595556,-0.0003239395737182349,-0.000590322189964354,-0.0035968269221484
2024-09-20T12:00:00Z,-7.609444,112.595556,-0.00033632435952313244,-0.0005423035472631454,-0.0035199359990656
2024-09-21T12:00:00Z,-7.609444,112.595556,-0.0003410482022445649,-0.000405486294766888,-0.0035182156134396
2024-09-22T12:00:00Z,-7.609444,112.595556,-0.0003715091152116656,-0.0003001149161718786,-0.0036030784249305
2024-09-23T12:00:00Z,-7.609444,112.595556,-0.00031862527248449624,-6.800051050959155e-05,-0.0036036141682416
2024-09-24T12:00:00Z,-7.609444,112.595556,-0.0002621397434268147,5.620762749458663e-05,-0.0035728903021663
2024-09-25T12:00:00Z,-7.609444,112.595556,-0.0002510809572413564,0.00014791543071623892,-0.0036989881191402
2024-09-26T12:00:00Z,-7.609444,112.595556,-0.0003021881857421249,0.00021751204621978104,-0.0036451721098273
2024-09-27T12:00:00Z,-7.609444,112.595556,-0.0003868407220579684,0.00011188875942025334,-0.0035935933701694
2024-09-28T12:00:00Z,-7.609444,112.595556,-0.00042879171087406576,-0.00014497512893285602,-0.0036357103381305
2024-09-29T12:00:00Z,-7.609444,112.595556,-0.00031017474248073995,-0.0002130071516148746,-0.0037476660218089
2024-09-30T12:00:00Z,-7.609444,112.595556,-0.0003782581479754299,-0.0002678947930689901,-0.0036472219508141
2024-10-01T12:00:00Z,-7.609444,112.595556,-0.0005379444919526577,-0.000142371587571688,-0.0033813186455518
2024-10-02T12:00:00Z,-7.609444,112.595556,-0.0005210820818319917,-7.106030534487218e-05,-0.0034715489018708
2024-10-03T12:00:00Z,-7.609444,112.595556,-0.0002859031956177205,-0.0002809110155794769,-0.0035401808563619
2024-10-04T12:00:00Z,-7.609444,112.595556,-0.00011726948287105188,-0.0004340083687566221,-0.0034132327418774
2024-10-05T12:00:00Z,-7.609444,112.595556,-0.0002212294057244435,-0.0004431713023222983,-0.0034253341145813
2024-10-06T12:00:00Z,-7.609444,112.595556,-0.0003944858617614954,-0.0004509051213972271,-0.0035235558170825
2024-10-07T12:00:00Z,-7.609444,112.595556,-0.0003666039265226573,-0.0003448174975346774,-0.0037940037436783
2024-10-08T12:00:00Z,-7.609444,112.595556,-0.00018850143533200023,-0.0002817173372022808,-0.0037497570738196
2024-10-09T12:00:00Z,-7.609444,112.595556,-0.0002761834184639156,-0.00019664515275508163,-0.0034333805087953
2024-10-10T12:00:00Z,-7.609444,112.595556,-0.0004707076004706323,-0.0002522198192309588,-0.0033767742570489
2024-10-11T12:00:00Z,-7.609444,112.595556,-0.0004564496339298785,-0.0004391789261717349,-0.0034730590414255
2024-10-12T12:00:00Z,-7.609444,112.595556,-0.0003134201397188008,-0.0005066906451247633,-0.0034675712231546
2024-10-13T12:00:00Z,-7.609444,112.595556,-0.00017644546460360289,-0.00036958878627046943,-0.0032115718349814
2024-10-14T12:00:00Z,-7.609444,112.595556,-0.0001828013482736424,-0.00024904898600652814,-0.0030210823751986
2024-10-15T12:00:00Z,-7.609444,112.595556,-0.00022880244068801403,-0.0003262249520048499,-0.0032538250088691
2024-10-16T12:00:00Z,-7.609444,112.595556,-9.87658349913545e-05,-0.0003437614068388939,-0.003377825487405
2024-10-17T12:00:00Z,-7.609444,112.595556,-1.1402345990063624e-05,-0.0003078202425967902,-0.0035544340498745
2024-10-18T12:00:00Z,-7.609444,112.595556,-0.00017652839596848935,-0.0004750101070385426,-0.0034890749957412
2024-10-19T12:00:00Z,-7.609444,112.595556,-0.0002868518349714577,-0.00047268514754250646,-0.0036250646226108
2024-10-20T12:00:00Z,-7.609444,112.595556,-0.0002536425308790058,-0.0002409106673439965,-0.0037288509774953
2024-10-21T12:00:00Z,-7.609444,112.595556,-0.00014562284923158586,-0.0001446644164388999,-0.0036366716958582
2024-10-22T12:00:00Z,-7.609444,112.595556,-0.0001190227412735112,-7.587112486362457e-05,-0.0033871596679091
2024-10-23T12:00:00Z,-7.609444,112.595556,-0.00017983019642997533,2.325065725017339e-05,-0.0034147652331739
2024-10-24T12:00:00Z,-7.609444,112.595556,-0.00023727485677227375,5.972190592729021e-06,-0.0036469667684286
2024-10-25T12:00:00Z,-7.609444,112.595556,-0.0003058043075725436,-0.00011216034909011796,-0.0036002008710056
2024-10-26T12:00:00Z,-7.609444,112.595556,-0.0002763036754913628,-0.00026281483587808907,-0.0032539546955376
2024-10-27T12:00:00Z,-7.609444,112.595556,-0.00028007294167764485,-0.00014184319297783077,-0.0031655633356422
2024-10-28T12:00:00Z,-7.609444,112.595556,-0.000336288328981027,0.00011951917986152694,-0.0033343129325658
2024-10-29T12:00:00Z,-7.609444,112.595556,-0.00030676202732138336,1.7100810509873554e-05,-0.0034677435178309
2024-10-30T12:00:00Z,-7.609444,112.595556,-0.0003280818928033113,-0.00013479526387527585,-0.0033795889467
2024-10-31T12:00:00Z,-7.609444,112.595556,-0.00038118971860967577,-0.00019259109103586525,-0.0035142903216183
2024-11-01T12:00:00Z,-7.609444,112.595556,-0.0004892793367616832,-0.000261668668827042,-0.0037353902589529
2024-11-02T12:00:00Z,-7.609444,112.595556,-0.0004395211290102452,-0.0002538133121561259,-0.0036415583454072
2024-11-03T12:00:00Z,-7.609444,112.595556,-0.0002826998243108392,-0.00031908348319120705,-0.003567618317902
2024-11-04T12:00:00Z,-7.609444,112.595556,-0.00038594973739236593,-0.0003647815901786089,-0.0035150675103068
2024-11-05T12:00:00Z,-7.609444,112.595556,-0.0004355298297014088,-0.0004375034477561712,-0.003439238294959
2024-11-06T12:00:00Z,-7.609444,112.595556,-0.0003216288750991225,-0.0004693345108535141,-0.0036152622196823
2024-11-07T12:00:00Z,-7.609444,112.595556,-0.00017417568597011268,-0.0004941831575706601,-0.0035342404153198
2024-11-08T12:00:00Z,-7.609444,112.595556,-0.00015788499149493873,-0.0004629983741324395,-0.0034114639274775
2024-11-09T12:00:00Z,-7.609444,112.595556,-0.0002566873154137284,-0.0003529457317199558,-0.0033129577059298
2024-11-10T12:00:00Z,-7.609444,112.595556,-0.00029812866705469787,-0.0003832766087725759,-0.0032834685407578
2024-11-11T12:00:00Z,-7.609444,112.595556,-0.00025799806462600827,-0.0003046176861971617,-0.0032438654452562
2024-11-12T12:00:00Z,-7.609444,112.595556,-0.0002455319045111537,-0.00024180090986192224,-0.0031637051142752
2024-11-13T12:00:00Z,-7.609444,112.595556,-0.0003468665527179837,-0.0004870419215876609,-0.0029985457658767
2024-11-14T12:00:00Z,-7.609444,112.595556,-0.0004812705446965993,-0.0005860617384314537,-0.0030663611833006
2024-11-15T12:00:00Z,-7.609444,112.595556,-0.0005205086199566722,-0.0008121110731735826,-0.0031211492605507
2024-11-16T12:00:00Z,-7.609444,112.595556,-0.0005007528234273195,-0.0006050189840607345,-0.0031740276608616
2024-11-17T12:00:00Z,-7.609444,112.595556,-0.0005735334707424045,-0.000361473357770592,-0.0033509624190628
2024-11-18T12:00:00Z,-7.609444,112.595556,-0.0005321470671333373,-0.0003684606635943055,-0.0034140904899686
2024-11-19T12:00:00Z,-7.609444,112.595556,-0.0004617201047949493,-0.0006251121521927416,-0.0032089361920952
2024-11-20T12:00:00Z,-7.609444,112.595556,-0.0005373688763938844,-0.0008445702842436731,-0.0028277565725147
2024-11-21T12:00:00Z,-7.609444,112.595556,-0.000654421339277178,-0.0009544247877784072,-0.002791897393763
2024-11-22T12:00:00Z,-7.609444,112.595556,-0.0006092192488722503,-0.0011125992750748,-0.0029647934716194
2024-11-23T12:00:00Z,-7.609444,112.595556,-0.0003069915110245347,-0.0011913472553715,-0.0032473017927259
2024-11-24T12:00:00Z,-7.609444,112.595556,-0.00020369820413179696,-0.0012284667463973,-0.0032961433753371
2024-11-25T12:00:00Z,-7.609444,112.595556,-0.00026455684565007687,-0.0012002694420516,-0.002961678430438
2024-11-26T12:00:00Z,-7.609444,112.595556,-0.0002310458658030257,-0.0011189648648723,-0.0027845664881169
2024-11-27T12:00:00Z,-7.609444,112.595556,-0.0001861099590314552,-0.0010708721820265,-0.0029289030935615
2024-11-28T12:00:00Z,-7.609444,112.595556,-8.184625767171383e-05,-0.001091411570087,-0.0029377567116171
2024-11-29T12:00:00Z,-7.609444,112.595556,0.00010712902439991012,-0.0010771879460662,-0.0025921037886291
2024-11-30T12:00:00Z,-7.609444,112.595556,0.0001735675905365497,-0.0009710803278721868,-0.0024236547760665
2024-12-01T12:00:00Z,-7.609444,112.595556,-6.336250953609124e-05,-0.000913123891223222,-0.0025039953179657
2024-12-02T12:00:00Z,-7.609444,112.595556,-0.00019464455544948575,-0.0006824861047789454,-0.0026477088686078
2024-12-03T12:00:00Z,-7.609444,112.595556,-0.00015076644194778055,-0.0005667653167620301,-0.0027515443507581
2024-12-04T12:00:00Z,-7.609444,112.595556,1.510134279669728e-05,-0.00045581735321320593,-0.0028359002899378
2024-12-05T12:00:00Z,-7.609444,112.595556,7.724353781668469e-05,-0.0004864766669925302,-0.0029452482704073
2024-12-06T12:00:00Z,-7.609444,112.595556,5.747939212596975e-05,-0.0005735436570830643,-0.0030673590954393
2024-12-07T12:00:00Z,-7.609444,112.595556,0.00022102054208517077,-0.00043855325202457607,-0.0032216922845691
2024-12-08T12:00:00Z,-7.609444,112.595556,0.00023080983373802155,-0.0003524667408782989,-0.0032385846134275
2024-12-09T12:00:00Z,-7.609444,112.595556,0.00014617820852436125,-0.0006375499651767313,-0.0030563541222363
2024-12-10T12:00:00Z,-7.609444,112.595556,3.091806502197869e-05,-0.00083792774239555,-0.0029155502561479
2024-12-11T12:00:00Z,-7.609444,112.595556,-6.865088653285056e-05,-0.0006073761614970863,-0.00285997800529
2024-12-12T12:00:00Z,-7.609444,112.595556,-0.0001336521381745115,-0.00025515243760310113,-0.0028818256687372
2024-12-13T12:00:00Z,-7.609444,112.595556,-9.84099751804024e-05,-0.0002175395202357322,-0.0028891793917864
2024-12-14T12:00:00Z,-7.609444,112.595556,-2.291405326104723e-05,-0.0002448912709951401,-0.0028629035223275
2024-12-15T12:00:00Z,-7.609444,112.595556,8.054792124312371e-05,-0.00036199091118760407,-0.0028672041371464
2024-12-16T12:00:00Z,-7.609444,112.595556,0.00010201856639469042,-0.0006187442922964692,-0.0028540736529976
2024-12-17T12:00:00Z,-7.609444,112.595556,-2.734545523708221e-05,-0.00074246886651963,-0.002787958830595
2024-12-18T12:00:00Z,-7.609444,112.595556,-0.00010530839062994346,-0.0008467915467917919,-0.0025834904517978
2024-12-19T12:00:00Z,-7.609444,112.595556,-0.00019378952856641263,-0.0006656654877588153,-0.0026143258437514
2024-12-20T12:00:00Z,-7.609444,112.595556,-9.082711767405272e-05,-0.0006282870308496058,-0.0026955159846693
2024-12-21T12:00:00Z,-7.609444,112.595556,1.7312686395598575e-05,-0.0005943629657849669,-0.0027502032462507
2024-12-22T12:00:00Z,-7.609444,112.595556,1.7039226804627106e-05,-0.0004688097396865487,-0.0027958012651652
2024-12-23T12:00:00Z,-7.609444,112.595556,-4.047753463964909e-06,-0.0004524592077359557,-0.0029370789416134
2024-12-24T12:00:00Z,-7.609444,112.595556,0.00015050849469844252,-0.000539574190042913,-0.0030054338276386
2024-12-25T12:00:00Z,-7.609444,112.595556,0.00038574618520215154,-0.0006189621635712683,-0.0032143478747457
2024-12-26T12:00:00Z,-7.609444,112.595556,0.0005196802667342126,-0.0006852680235169828,-0.003364551346749
2024-12-27T12:00:00Z,-7.609444,112.595556,0.0004772317770402879,-0.0005849087028764188,-0.0032587563619017
2024-12-28T12:00:00Z,-7.609444,112.595556,0.00035201600985601544,-0.0005683187628164887,-0.0028435895219445
2024-12-29T12:00:00Z,-7.609444,112.595556,0.00019713638175744563,-0.0007784944609738886,-0.0026662666350603
2024-12-30T12:00:00Z,-7.609444,112.595556,0.0001243573206011206,-0.0009201414650306106,-0.0028449962846934
2024-12-31T12:00:00Z,-7.609444,112.595556,8.595830877311528e-05,-0.001088278600946,-0.0026397467590868
2025-01-01T12:00:00Z,-7.609444,112.595556,-8.709193207323551e-05,-0.0012009345227852,-0.002576820552349
2025-01-02T12:00:00Z,-7.609444,112.595556,-0.00019147580314893275,-0.0012678134953603,-0.0025901370681822
2025-01-03T12:00:00Z,-7.609444,112.595556,-0.00015617592725902796,-0.0014358900953084,-0.0024019388947635
2025-01-04T12:00:00Z,-7.609444,112.595556,-0.00011247507063671948,-0.0014269261155277,-0.0023506823927164
2025-01-05T12:00:00Z,-7.609444,112.595556,-0.00019942857034038752,-0.0014148743357509,-0.0024443501606583
2025-01-06T12:00:00Z,-7.609444,112.595556,-0.0001776452554622665,-0.0014667261857539,-0.0025779088027775
2025-01-07T12:00:00Z,-7.609444,112.595556,5.512819916475564e-05,-0.0014398652128875,-0.0025003496557474
2025-01-08T12:00:00Z,-7.609444,112.595556,9.071534441318364e-05,-0.0013115059118717,-0.0025442256592214
2025-01-09T12:00:00Z,-7.609444,112.595556,3.404185918043368e-05,-0.0014203541213646,-0.0028624024707823
2025-01-10T12:00:00Z,-7.609444,112.595556,0.00024518929421901703,-0.0013470473932102,-0.0029516532085835
2025-01-11T12:00:00Z,-7.609444,112.595556,0.0003518287849146873,-0.0011430761078372,-0.0027967747300863
2025-01-12T12:00:00Z,-7.609444,112.595556,0.0003627417900133878,-0.0011969151673838,-0.0024827793240547
2025-01-13T12:00:00Z,-7.609444,112.595556,0.0002829288132488728,-0.001096899039112,-0.0024000550620257
2025-01-14T12:00:00Z,-7.609444,112.595556,0.0001312302192673087,-0.0009648271952755748,-0.0024967978242784
2025-01-15T12:00:00Z,-7.609444,112.595556,0.00014866200217511505,-0.0008793564629741013,-0.0024406698066741
2025-01-16T12:00:00Z,-7.609444,112.595556,0.0002855896018445492,-0.0006589440745301545,-0.0023727691732347
2025-01-17T12:00:00Z,-7.609444,112.595556,0.0003856557887047529,-0.0007015202427282929,-0.0022099609486758
2025-01-18T12:00:00Z,-7.609444,112.595556,0.0002506338350940496,-0.0007071648142300546,-0.0019091018475592
2025-01-19T12:00:00Z,-7.609444,112.595556,0.00013116543414071202,-0.0007671696948818862,-0.0016125162364915
2025-01-20T12:00:00Z,-7.609444,112.595556,0.00020012898312415928,-0.0007849266985431314,-0.001588104176335
2025-01-21T12:00:00Z,-7.609444,112.595556,0.000279514177236706,-0.0008914684294722974,-0.0017474248306825
2025-01-22T12:00:00Z,-7.609444,112.595556,0.0003513689443934709,-0.0010672525968402,-0.0018875774694606
2025-01-23T12:00:00Z,-7.609444,112.595556,0.0003164257504977286,-0.0012284877011552,-0.0020343356300145
2025-01-24T12:00:00Z,-7.609444,112.595556,0.00029691954841837287,-0.0014224315527826,-0.0024390828330069
2025-01-25T12:00:00Z,-7.609444,112.595556,0.000356366450432688,-0.0015601472696289,-0.0025395837146788
2025-01-26T12:00:00Z,-7.609444,112.595556,0.0003972909180447459,-0.0013842745684087,-0.0024164512287825
2025-01-27T12:00:00Z,-7.609444,112.595556,0.0002856144274119288,-0.001147981849499,-0.0026294444687664
2025-01-28T12:00:00Z,-7.609444,112.595556,0.0002764368837233633,-0.0010814644629135,-0.0029061860404908
2025-01-29T12:00:00Z,-7.609444,112.595556,0.00047295619151555,-0.0012436606921255,-0.0026715805288404
2025-01-30T12:00:00Z,-7.609444,112.595556,0.0004479184281080961,-0.0015001908177509,-0.0023070378229022
2025-01-31T12:00:00Z,-7.609444,112.595556,0.0003744760761037469,-0.0016972644953057,-0.0022364465985447
2025-02-01T12:00:00Z,-7.609444,112.595556,0.0004368547233752906,-0.0017052926123142,-0.0022134226746857
2025-02-02T12:00:00Z,-7.609444,112.595556,0.0004231851198710501,-0.0018011882202699,-0.0022579259239137
2025-02-03T12:00:00Z,-7.609444,112.595556,0.0004064224485773593,-0.0017090869368985,-0.0023575744125992
2025-02-04T12:00:00Z,-7.609444,112.595556,0.0004748580686282367,-0.0017172480002045,-0.0021483050659298
2025-02-05T12:00:00Z,-7.609444,112.595556,0.0005030486499890685,-0.001899495604448,-0.0020183562301099
2025-02-06T12:00:00Z,-7.609444,112.595556,0.0004707169428002089,-0.0021440100390464,-0.0022635594941675
2025-02-07T12:00:00Z,-7.609444,112.595556,0.0005915546789765358,-0.002371588954702,-0.0022565000690519
2025-02-08T12:00:00Z,-7.609444,112.595556,0.000660534540656954,-0.00231021665968,-0.0018270241562277
2025-02-09T12:00:00Z,-7.609444,112.595556,0.000579515122808516,-0.0021133900154381,-0.0013947510160505
2025-02-10T12:00:00Z,-7.609444,112.595556,0.0004110935260541737,-0.0021132458932697,-0.0012700583320111
2025-02-11T12:00:00Z,-7.609444,112.595556,0.0005310903652571142,-0.0019201938994228,-0.0015227288240566
2025-02-12T12:00:00Z,-7.609444,112.595556,0.0006755081121809781,-0.0015429444611072,-0.001663138042204
2025-02-13T12:00:00Z,-7.609444,112.595556,0.0007217327947728336,-0.0015240621287375,-0.0014330325648188
2025-02-14T12:00:00Z,-7.609444,112.595556,0.00061987858498469,-0.0017151527572423,-0.0012839258415624
2025-02-15T12:00:00Z,-7.609444,112.595556,0.0004032768483739346,-0.0020772975403815,-0.0014096543891355
2025-02-16T12:00:00Z,-7.609444,112.595556,0.0002499144175089896,-0.0022499025799334,-0.0017506079748272
2025-02-17T12:00:00Z,-7.609444,112.595556,0.0003002216981258244,-0.0024769250303506,-0.001945097814314
2025-02-18T12:00:00Z,-7.609444,112.595556,0.0003896699927281588,-0.0027131391689181,-0.0018540748860687
2025-02-19T12:00:00Z,-7.609444,112.595556,0.000439328548964113,-0.0027470476925373,-0.0017547946190461
2025-02-20T12:00:00Z,-7.609444,112.595556,0.0005346647812984884,-0.0024494971148669,-0.0019357339479029
2025-02-21T12:00:00Z,-7.609444,112.595556,0.000611195748206228,-0.002224828582257,-0.0019765920005738
2025-02-22T12:00:00Z,-7.609444,112.595556,0.0007696184911765158,-0.0018703070236369,-0.0021394335199147
2025-02-23T12:00:00Z,-7.609444,112.595556,0.00093446095706895,-0.0013870716793462,-0.0024056383408606
2025-02-24T12:00:00Z,-7.609444,112.595556,0.0009388865437358618,-0.0010811141692101,-0.0024992350954562
2025-02-25T12:00:00Z,-7.609444,112.595556,0.0008823706302791834,-0.0009170275880023836,-0.0023055132478475
2025-02-26T12:00:00Z,-7.609444,112.595556,0.0008588452474214137,-0.0010907932883128,-0.0017919273814186
2025-02-27T12:00:00Z,-7.609444,112.595556,0.0007682150462642312,-0.0014170708600431,-0.0016448792302981
2025-02-28T12:00:00Z,-7.609444,112.595556,0.0006181987700983882,-0.0015470351791009,-0.001794864423573
2025-03-01T12:00:00Z,-7.609444,112.595556,0.0005556251853704453,-0.0016803898615762,-0.0018096418352797
2025-03-02T12:00:00Z,-7.609444,112.595556,0.0005515802768059075,-0.0016943712253123,-0.0017248993972316
2025-03-03T12:00:00Z,-7.609444,112.595556,0.00045603635953739285,-0.001650666585192,-0.00173732615076
2025-03-04T12:00:00Z,-7.609444,112.595556,0.00030519335996359587,-0.0017483157571405,-0.0019450816325843
2025-03-05T12:00:00Z,-7.609444,112.595556,0.000292645680019632,-0.0019386381609365,-0.0021475907415151
2025-03-06T12:00:00Z,-7.609444,112.595556,0.0004529283905867487,-0.001661535934545,-0.0020527499727904
2025-03-07T12:00:00Z,-7.609444,112.595556,0.000531648809555918,-0.0014537478564307,-0.0016149883158504
2025-03-08T12:00:00Z,-7.609444,112.595556,0.0003579012700356543,-0.0013377955183386,-0.0014141153078526
2025-03-09T12:00:00Z,-7.609444,112.595556,0.0003778749378398061,-0.0013280677376314,-0.0015539181185886
2025-03-10T12:00:00Z,-7.609444,112.595556,0.0005491682095453143,-0.0014677414437755,-0.0017669775988906
2025-03-11T12:00:00Z,-7.609444,112.595556,0.0006283672410063446,-0.0015248098643496,-0.0017631315859034
2025-03-12T12:00:00Z,-7.609444,112.595556,0.0005471437470987439,-0.0015993691049516,-0.0015524358022958
2025-03-13T12:00:00Z,-7.609444,112.595556,0.0004337704158388078,-0.0017248571384698,-0.0017652041278779
2025-03-14T12:00:00Z,-7.609444,112.595556,0.0005452403565868735,-0.0017078288365155,-0.002166673541069
2025-03-15T12:00:00Z,-7.609444,112.595556,0.0008394584874622524,-0.0016727175097912,-0.0021426423918455
2025-03-16T12:00:00Z,-7.609444,112.595556,0.0008231574902310967,-0.0017453150358051,-0.0017459752270951
2025-03-17T12:00:00Z,-7.609444,112.595556,0.0007044553058221936,-0.0017965791048482,-0.0014329996192827
2025-03-18T12:00:00Z,-7.609444,112.595556,0.0006846042233519256,-0.0017230517696589,-0.0014510543551295
2025-03-19T12:00:00Z,-7.609444,112.595556,0.0008347427356056869,-0.0017970363842323,-0.0015603207284584
2025-03-20T12:00:00Z,-7.609444,112.595556,0.0011123300064355,-0.0016339289722964,-0.00162751134485
2025-03-21T12:00:00Z,-7.609444,112.595556,0.0011413298780098,-0.0015815282240509,-0.0016083437949419
2025-03-22T12:00:00Z,-7.609444,112.595556,0.0009703742107376456,-0.0016230039764195,-0.0016440318431705
2025-03-23T12:00:00Z,-7.609444,112.595556,0.0009408514597453176,-0.0017384018283337,-0.001496784389019
2025-03-24T12:00:00Z,-7.609444,112.595556,0.0010544839315116,-0.0017614606767892,-0.0012244270183146
2025-03-25T12:00:00Z,-7.609444,112.595556,0.0008734281291253865,-0.0019845608621835,-0.000805182964541018
2025-03-26T12:00:00Z,-7.609444,112.595556,0.0005631180829368532,-0.0023468038998544,-0.0008510011830367148
2025-03-27T12:00:00Z,-7.609444,112.595556,0.0004863107751589269,-0.0024549034424126,-0.0011657240102067
2025-03-28T12:00:00Z,-7.609444,112.595556,0.0005481787375174463,-0.002263982547447,-0.0013890749542042
2025-03-29T12:00:00Z,-7.609444,112.595556,0.0005567423067986965,-0.0021267086267471,-0.001490309019573
2025-03-30T12:00:00Z,-7.609444,112.595556,0.0005165283218957484,-0.0021170561667531,-0.0015994750428944
2025-03-31T12:00:00Z,-7.609444,112.595556,0.0006004777969792485,-0.0020821404177695,-0.0014022184768691
2025-04-01T12:00:00Z,-7.609444,112.595556,0.0006200335337780416,-0.0020202293526381,-0.0012929730582982
2025-04-02T12:00:00Z,-7.609444,112.595556,0.0005928313476033509,-0.0019456292502582,-0.0015433690277859
2025-04-03T12:00:00Z,-7.609444,112.595556,0.0006397463148459792,-0.0019642745610326,-0.0014143685111775
2025-04-04T12:00:00Z,-7.609444,112.595556,0.0005750902346335351,-0.0020709398668259,-0.0008702542399987578
2025-04-05T12:00:00Z,-7.609444,112.595556,0.0005302938516251743,-0.0020570154301822,-0.0006124321953393519
2025-04-06T12:00:00Z,-7.609444,112.595556,0.0005424617556855083,-0.0020476400386542,-0.0009253696771338582
2025-04-07T12:00:00Z,-7.609444,112.595556,0.0007103310199454427,-0.002221931470558,-0.0013094007736071
2025-04-08T12:00:00Z,-7.609444,112.595556,0.0009392001666128636,-0.0022907110396772,-0.0012961239553987
2025-04-09T12:00:00Z,-7.609444,112.595556,0.000847565766889602,-0.0020887937862426,-0.000919682439416647
2025-04-10T12:00:00Z,-7.609444,112.595556,0.0004915549070574343,-0.0021222119685262,-0.0006614812300540507
2025-04-11T12:00:00Z,-7.609444,112.595556,0.00031293966458179057,-0.0022015867289155,-0.0009662999655120076
2025-04-12T12:00:00Z,-7.609444,112.595556,0.0004325527988839895,-0.0022129914723336,-0.0012070566881448
2025-04-13T12:00:00Z,-7.609444,112.595556,0.0007275519892573357,-0.0021064488682895,-0.0011539398692548
2025-04-14T12:00:00Z,-7.609444,112.595556,0.000844756665173918,-0.0019911618437618,-0.0011871723691001
2025-04-15T12:00:00Z,-7.609444,112.595556,0.0007464188965968788,-0.0019385244231671,-0.0011334678856655
2025-04-16T12:00:00Z,-7.609444,112.595556,0.0007974794716574252,-0.0020209441427141,-0.0010131621966138
2025-04-17T12:00:00Z,-7.609444,112.595556,0.0008823519456200302,-0.0020226323977112,-0.00092436553677544
2025-04-18T12:00:00Z,-7.609444,112.595556,0.0008719515753909945,-0.0018694008467718,-0.0009320808458141984
2025-04-19T12:00:00Z,-7.609444,112.595556,0.0007187710143625736,-0.0018359929090365,-0.0009478984284214677
2025-04-20T12:00:00Z,-7.609444,112.595556,0.0005025247810408473,-0.0021513302344828,-0.001033864216879
2025-04-21T12:00:00Z,-7.609444,112.595556,0.0005479511455632746,-0.0023158870171755,-0.0012914264807477
2025-04-22T12:00:00Z,-7.609444,112.595556,0.0007379729649983346,-0.0023432641755789,-0.0013564769178628
2025-04-23T12:00:00Z,-7.609444,112.595556,0.000742528063710779,-0.0022682342678308,-0.0010874279541894
2025-04-24T12:00:00Z,-7.609444,112.595556,0.0006971059483475983,-0.0021396582014858,-0.0009962462354451418
2025-04-25T12:00:00Z,-7.609444,112.595556,0.0006431457004509866,-0.002034458797425,-0.0012322689872235
2025-04-26T12:00:00Z,-7.609444,112.595556,0.0006564088398590684,-0.0018664116505533,-0.001406256807968
2025-04-27T12:00:00Z,-7.609444,112.595556,0.000778324669227004,-0.0018219276098534,-0.0013829703675583
2025-04-28T12:00:00Z,-7.609444,112.595556,0.0007811479736119509,-0.0017554153455421,-0.0012713619507849
2025-04-29T12:00:00Z,-7.609444,112.595556,0.0006345880683511496,-0.0016428566304966,-0.0015092056710273
2025-04-30T12:00:00Z,-7.609444,112.595556,0.000575376208871603,-0.0018092789687216,-0.001629548263736
2025-05-01T12:00:00Z,-7.609444,112.595556,0.0006197802140377462,-0.0018671966390684,-0.0015353229828178
2025-05-02T12:00:00Z,-7.609444,112.595556,0.0007189103635028005,-0.0017187714111059,-0.001431287266314
2025-05-03T12:00:00Z,-7.609444,112.595556,0.0007487899856641889,-0.00155327655375,-0.0013060289202257
2025-05-04T12:00:00Z,-7.609444,112.595556,0.0006439605494961143,-0.0016202778788283,-0.0011955820955336
2025-05-05T12:00:00Z,-7.609444,112.595556,0.0006693232571706176,-0.0016656075604259,-0.0011441509705036
2025-05-06T12:00:00Z,-7.609444,112.595556,0.0007186841685324907,-0.0017349873669445,-0.0010989534202963
2025-05-07T12:00:00Z,-7.609444,112.595556,0.0006382890278473496,-0.0016418043524026,-0.001091567450203
2025-05-08T12:00:00Z,-7.609444,112.595556,0.0004577100044116378,-0.0016343515599146,-0.0012215268798172
2025-05-09T12:00:00Z,-7.609444,112.595556,0.00047157134395092726,-0.0017440449446439,-0.0012545782374218
2025-05-10T12:00:00Z,-7.609444,112.595556,0.000681989942677319,-0.0015311022289097,-0.0009401545394212008
2025-05-11T12:00:00Z,-7.609444,112.595556,0.000725103251170367,-0.0013467449462041,-0.000749779399484396
2025-05-12T12:00:00Z,-7.609444,112.595556,0.0006666086846962571,-0.0013539711944758,-0.0009913538815453649
2025-05-13T12:00:00Z,-7.609444,112.595556,0.0005753485602326691,-0.0014416625490412,-0.0013992434833198
2025-05-14T12:00:00Z,-7.609444,112.595556,0.00047672123764641583,-0.0015951313544064,-0.0015428143087774
2025-05-15T12:00:00Z,-7.609444,112.595556,0.0005338917253538966,-0.0017312171403318,-0.0015146947698667
2025-05-16T12:00:00Z,-7.609444,112.595556,0.0005723763024434447,-0.0017272613476961,-0.0015037253033369
2025-05-17T12:00:00Z,-7.609444,112.595556,0.000490605307277292,-0.0015910508809611,-0.0015720441006124
2025-05-18T12:00:00Z,-7.609444,112.595556,0.0004749130457639694,-0.0015091930981725,-0.0012910610530525
2025-05-19T12:00:00Z,-7.609444,112.595556,0.0004434872244019061,-0.0015769599704071,-0.0009672626620158552
2025-05-20T12:00:00Z,-7.609444,112.595556,0.0003235186159145087,-0.0017149597406387,-0.0009617325849831104
2025-05-21T12:00:00Z,-7.609444,112.595556,0.0003309819148853421,-0.0018852291395887,-0.0010375321144238
2025-05-22T12:00:00Z,-7.609444,112.595556,0.00046748245949856937,-0.0019575783517211,-0.0008972128853201866
2025-05-23T12:00:00Z,-7.609444,112.595556,0.0004047231050208211,-0.0018523792969062,-0.0009240577346645296
2025-05-24T12:00:00Z,-7.609444,112.595556,0.0003543941129464656,-0.001799197285436,-0.000956141739152372
2025-05-25T12:00:00Z,-7.609444,112.595556,0.0004736901610158384,-0.001778851961717,-0.000977893127128482
2025-05-26T12:00:00Z,-7.609444,112.595556,0.0005520697450265288,-0.0017215125262737,-0.0011046112049371
2025-05-27T12:00:00Z,-7.609444,112.595556,0.0005064578144811094,-0.0014954379294067,-0.0011872870381921
2025-05-28T12:00:00Z,-7.609444,112.595556,0.0006175065063871443,-0.0013669203035533,-0.0010988253634423
2025-05-29T12:00:00Z,-7.609444,112.595556,0.0007140901288948953,-0.0010377044091001,-0.0011037038639187
2025-05-30T12:00:00Z,-7.609444,112.595556,0.0005719357868656516,-0.0007687655161134899,-0.0012440051650628
2025-05-31T12:00:00Z,-7.609444,112.595556,0.0005452079931274056,-0.0007069807616062462,-0.0013750871876254
2025-06-01T12:00:00Z,-7.609444,112.595556,0.0006113487761467695,-0.0007223914726637304,-0.0013545654946938
2025-06-02T12:00:00Z,-7.609444,112.595556,0.0005099158152006567,-0.000798506720457226,-0.0011143491137772
2025-06-03T12:00:00Z,-7.609444,112.595556,0.00033713883021846414,-0.0008756539318710566,-0.0012279421789571
2025-06-04T12:00:00Z,-7.609444,112.595556,0.00025696170632727444,-0.0009238069760613145,-0.0014867867575958
2025-06-05T12:00:00Z,-7.609444,112.595556,0.00039964294410310686,-0.0008659673621878028,-0.0014447264838963
2025-06-06T12:00:00Z,-7.609444,112.595556,0.0004853574791923165,-0.0007606243016198277,-0.0014678109437227
2025-06-07T12:00:00Z,-7.609444,112.595556,0.0003807569155469537,-0.0008064401336014271,-0.0015872466610744
2025-06-08T12:00:00Z,-7.609444,112.595556,0.0003296193608548492,-0.0008609132491983473,-0.0015306288842111
2025-06-09T12:00:00Z,-7.609444,112.595556,0.00034064738429151475,-0.0007233696524053812,-0.0014381011715158
2025-06-10T12:00:00Z,-7.609444,112.595556,0.0003040824958588928,-0.0006174195441417396,-0.0012614512816071
2025-06-11T12:00:00Z,-7.609444,112.595556,0.00018120465392712504,-0.0006779141840524971,-0.0012099695159122
2025-06-12T12:00:00Z,-7.609444,112.595556,0.0001160363099188544,-0.0008644553599879146,-0.0014357473701238
2025-06-13T12:00:00Z,-7.609444,112.595556,0.00024047045735642317,-0.000955118506681174,-0.0014586873585358
2025-06-14T12:00:00Z,-7.609444,112.595556,0.000284816836938262,-0.0009658783674240112,-0.0011424550320953
2025-06-15T12:00:00Z,-7.609444,112.595556,0.00013985950499773026,-0.0009114125277847052,-0.0009759857202880085
2025-06-16T12:00:00Z,-7.609444,112.595556,1.8374954379396516e-05,-0.0007829845999367535,-0.00114607589785
2025-06-17T12:00:00Z,-7.609444,112.595556,2.216364737250842e-05,-0.0006235020700842142,-0.0013158936053514
2025-06-18T12:00:00Z,-7.609444,112.595556,2.926034903794061e-05,-0.0005525645101442933,-0.0013720149872824
2025-06-19T12:00:00Z,-7.609444,112.595556,1.910345235955901e-05,-0.0005270988331176341,-0.0014203562168404
2025-06-20T12:00:00Z,-7.609444,112.595556,1.236161551787518e-05,-0.0005792562151327729,-0.0014482579426839
2025-06-21T12:00:00Z,-7.609444,112.595556,2.269894594064681e-06,-0.0006027976050972939,-0.0016092718578875
2025-06-22T12:00:00Z,-7.609444,112.595556,-5.368906204239465e-05,-0.0004923908272758126,-0.0016273645451292
2025-06-23T12:00:00Z,-7.609444,112.595556,-0.00010468942491570488,-0.00027168673113919795,-0.0014404769754037
2025-06-24T12:00:00Z,-7.609444,112.595556,-0.0001705319300526753,-0.0001947526616277173,-0.0015342615079134
2025-06-25T12:00:00Z,-7.609444,112.595556,-0.00028060635668225586,-0.00026463254471309483,-0.0017347678076475
2025-06-26T12:00:00Z,-7.609444,112.595556,-0.00033060056739486754,-0.0003688683791551739,-0.001675360254012
2025-06-27T12:00:00Z,-7.609444,112.595556,-0.0002441427204757929,-0.0003746849251911044,-0.0015365482540801
2025-06-28T12:00:00Z,-7.609444,112.595556,-0.0002685532672330737,-0.0002565147296991199,-0.0014411504380404
2025-06-29T12:00:00Z,-7.609444,112.595556,-0.0004067978297825903,-0.00020361859060358256,-0.0012948267394676
2025-06-30T12:00:00Z,-7.609444,112.595556,-0.0004317335842642933,-0.0002359807986067608,-0.0012786518782377
2025-07-01T12:00:00Z,-7.609444,112.595556,-0.00027440994745120406,-0.0002520146663300693,-0.0013280885759741
2025-07-02T12:00:00Z,-7.609444,112.595556,-0.00015761892427690327,-0.00022937418543733656,-0.0012728698784485
2025-07-03T12:00:00Z,-7.609444,112.595556,-0.00015047121269162744,-0.0003683430841192603,-0.0011992941144853
2025-07-04T12:00:00Z,-7.609444,112.595556,-0.0001831726258387789,-0.0005544179584830999,-0.0011925005819648
2025-07-05T12:00:00Z,-7.609444,112.595556,-0.00025562840164639056,-0.0005224635824561119,-0.0011920832330361
2025-07-06T12:00:00Z,-7.609444,112.595556,-0.0004128490691073239,-0.0003568952961359173,-0.0013720809947699
2025-07-07T12:00:00Z,-7.609444,112.595556,-0.0003868148778565228,-0.00025167487910948694,-0.0013599920785054
2025-07-08T12:00:00Z,-7.609444,112.595556,-0.00024068103812169284,-0.0003624987439252436,-0.0013457860331982
2025-07-09T12:00:00Z,-7.609444,112.595556,-0.00010474931332282722,-0.0003820396959781647,-0.0014308126410469
2025-07-10T12:00:00Z,-7.609444,112.595556,-0.00011468277079984546,-0.00023540123947896063,-0.0015941099263727
2025-07-11T12:00:00Z,-7.609444,112.595556,-0.00019008631352335212,-0.00022052941494621336,-0.0017372408183291
2025-07-12T12:00:00Z,-7.609444,112.595556,-0.00011695027205860242,-0.0002415341296000406,-0.0018413951620459
2025-07-13T12:00:00Z,-7.609444,112.595556,8.084580258582719e-07,-0.00020317047892604023,-0.0015971375396475
2025-07-14T12:00:00Z,-7.609444,112.595556,1.5408768376801163e-05,-3.5928194847656414e-05,-0.0012078481959179
2025-07-15T12:00:00Z,-7.609444,112.595556,-0.00020673450489994136,2.558906635385938e-05,-0.0012426341418176
2025-07-16T12:00:00Z,-7.609444,112.595556,-0.0003159468760713935,5.887810402782634e-05,-0.001587564125657
2025-07-17T12:00:00Z,-7.609444,112.595556,-0.0001974221813725308,7.408311648759991e-05,-0.0017843212699517
2025-07-18T12:00:00Z,-7.609444,112.595556,-0.00012075951235601678,1.5929659639368765e-05,-0.0017421031370759
2025-07-19T12:00:00Z,-7.609444,112.595556,-0.00024282561207655817,8.238894952228293e-05,-0.0015712269814684
2025-07-20T12:00:00Z,-7.609444,112.595556,-0.0005012205801904202,0.00018419965635985136,-0.001546237966977
2025-07-21T12:00:00Z,-7.609444,112.595556,-0.0005118690896779299,0.0001915001921588555,-0.0017474697669968
2025-07-22T12:00:00Z,-7.609444,112.595556,-0.00040637573692947626,0.0002107901818817481,-0.0017870042938739
2025-07-23T12:00:00Z,-7.609444,112.595556,-0.0004878802865277976,0.0003056821587961167,-0.0015403433935716
2025-07-24T12:00:00Z,-7.609444,112.595556,-0.0006109432433731854,0.00030530456569977105,-0.0015574658755213
2025-07-25T12:00:00Z,-7.609444,112.595556,-0.0005711287376470864,0.00029051763704046607,-0.0018256875919178
2025-07-26T12:00:00Z,-7.609444,112.595556,-0.00038016459438949823,0.00022198969963938,-0.0019762855954468
2025-07-27T12:00:00Z,-7.609444,112.595556,-0.00029463868122547865,0.00015352360787801445,-0.0017691698158159
2025-07-28T12:00:00Z,-7.609444,112.595556,-0.00035191106144338846,0.0001440742489648983,-0.0014838902279734
2025-07-29T12:00:00Z,-7.609444,112.595556,-0.0004031381104141474,8.522025018464774e-05,-0.0015036249533295
2025-07-30T12:00:00Z,-7.609444,112.595556,-0.00037275045178830624,-4.454844747669995e-05,-0.0017684751655906
2025-07-31T12:00:00Z,-7.609444,112.595556,-0.000384361541364342,-0.0001944499963428825,-0.0018625955563038
2025-08-01T12:00:00Z,-7.609444,112.595556,-0.00044586951844394207,-0.00012055270053679124,-0.0016875094734132
2025-08-02T12:00:00Z,-7.609444,112.595556,-0.0004522992530837655,-0.0001533218310214579,-0.0016186138382181
2025-08-03T12:00:00Z,-7.609444,112.595556,-0.0003816437965724617,-0.000227077238378115,-0.0017614436801522
2025-08-04T12:00:00Z,-7.609444,112.595556,-0.0002868084702640772,-0.0002326422545593232,-0.001886207377538
2025-08-05T12:00:00Z,-7.609444,112.595556,-0.00032980157993733883,-0.00028904780629090965,-0.0018658597255125
2025-08-06T12:00:00Z,-7.609444,112.595556,-0.00040056710713543,-0.00021365517750382423,-0.0018925003241747
2025-08-07T12:00:00Z,-7.609444,112.595556,-0.0004942371742799878,-4.974456533091143e-05,-0.0021010474301874
2025-08-08T12:00:00Z,-7.609444,112.595556,-0.0004702491860371083,3.511688191792928e-05,-0.0023151375353336
2025-08-09T12:00:00Z,-7.609444,112.595556,-0.00031313500949181616,8.961535786511377e-05,-0.0023633353412151
2025-08-10T12:00:00Z,-7.609444,112.595556,-0.0003246398700866848,0.00015785808500368148,-0.0021793060004711
2025-08-11T12:00:00Z,-7.609444,112.595556,-0.0004979054210707545,-1.1760010238504036e-05,-0.0022004584316164
2025-08-12T12:00:00Z,-7.609444,112.595556,-0.0005747744580730796,-2.3612128643435423e-05,-0.0025147108826786
2025-08-13T12:00:00Z,-7.609444,112.595556,-0.0004987623542547226,0.0001950335863512009,-0.0025248504243791
2025-08-14T12:00:00Z,-7.609444,112.595556,-0.0003747916198335588,0.0002685709623619914,-0.0023376983590424
2025-08-15T12:00:00Z,-7.609444,112.595556,-0.00041940173832699656,0.00017113611102104187,-0.0020787180401384
2025-08-16T12:00:00Z,-7.609444,112.595556,-0.0006446275510825217,0.0001597612426849082,-0.0021772820036858
2025-08-17T12:00:00Z,-7.609444,112.595556,-0.0006138661992736161,9.316339856013656e-05,-0.002441321266815
2025-08-18T12:00:00Z,-7.609444,112.595556,-0.00045723828952759504,1.6888396203285083e-05,-0.0024330753367394
2025-08-19T12:00:00Z,-7.609444,112.595556,-0.0005519477417692542,2.8326594474492595e-05,-0.002307090209797
2025-08-20T12:00:00Z,-7.609444,112.595556,-0.0007193679921329021,5.20380272064358e-05,-0.0023074354976415
2025-08-21T12:00:00Z,-7.609444,112.595556,-0.0006943866610527039,1.6923275325098075e-05,-0.002569432137534
2025-08-22T12:00:00Z,-7.609444,112.595556,-0.0006446520565077662,0.00013152197061572224,-0.0026194660458713
2025-08-23T12:00:00Z,-7.609444,112.595556,-0.0006845053867436945,0.0003707015712279826,-0.0024490796495229
2025-08-24T12:00:00Z,-7.609444,112.595556,-0.0005520996637642384,0.0004709527129307389,-0.0025061147753149
2025-08-25T12:00:00Z,-7.609444,112.595556,-0.0003772646014112979,0.0004839136090595275,-0.0024884704034775
2025-08-26T12:00:00Z,-7.609444,112.595556,-0.0002703883801586926,0.0003878510324284434,-0.0024997093714773
2025-08-27T12:00:00Z,-7.609444,112.595556,-0.0002360746293561533,0.00035587852471508086,-0.0024796235375106
2025-08-28T12:00:00Z,-7.609444,112.595556,-0.0003140395856462419,0.0004406962252687663,-0.002532459096983
2025-08-29T12:00:00Z,-7.609444,112.595556,-0.0005096291424706578,0.0003998913161922246,-0.0029479854274541
2025-08-30T12:00:00Z,-7.609444,112.595556,-0.0004955470794811845,0.00037366230390034616,-0.0031154479365795
2025-08-31T12:00:00Z,-7.609444,112.595556,-0.00048369902651757,0.0002896358200814575,-0.0027978783473372
2025-09-01T12:00:00Z,-7.609444,112.595556,-0.0006181005155667663,0.0003016386181116104,-0.00249506207183
2025-09-02T12:00:00Z,-7.609444,112.595556,-0.0006929948576726019,0.0001778264995664358,-0.0025550464633852
2025-09-03T12:00:00Z,-7.609444,112.595556,-0.0006831453647464514,0.00011567646288312972,-0.0026640584692358
2025-09-04T12:00:00Z,-7.609444,112.595556,-0.0006590085104107857,0.00010877620661631228,-0.0026348754763603
2025-09-05T12:00:00Z,-7.609444,112.595556,-0.0005712815327569842,-2.304574081790633e-05,-0.0025923755019903
2025-09-06T12:00:00Z,-7.609444,112.595556,-0.0003675439511425793,6.878343265270814e-05,-0.0025602895766496
2025-09-07T12:00:00Z,-7.609444,112.595556,-0.0003408174670767039,0.00016817821597214788,-0.0025291224010288
2025-09-08T12:00:00Z,-7.609444,112.595556,-0.0004365677887108177,0.00021958975412417203,-0.0026585003361105
2025-09-09T12:00:00Z,-7.609444,112.595556,-0.0003263983235228807,0.00028719889814965427,-0.0028634525369852
2025-09-10T12:00:00Z,-7.609444,112.595556,-0.00024243988445959985,0.0002648028894327581,-0.0029296539723873
2025-09-11T12:00:00Z,-7.609444,112.595556,-0.0002704375656321645,0.00020699755987152457,-0.0028846722561866
2025-09-12T12:00:00Z,-7.609444,112.595556,-0.00032867633854039013,1.945433541550301e-05,-0.0030504344031214
2025-09-13T12:00:00Z,-7.609444,112.595556,-0.000299315492156893,-2.2023243218427524e-05,-0.0031424055341631
2025-09-14T12:00:00Z,-7.609444,112.595556,-0.00029227964114397764,-3.383932198630646e-05,-0.0030328144785016
2025-09-15T12:00:00Z,-7.609444,112.595556,-0.00043865450425073504,-0.0002073102514259517,-0.002900575986132
2025-09-16T12:00:00Z,-7.609444,112.595556,-0.0005375894834287465,-0.0003585226077120751,-0.0028168503195047
2025-09-17T12:00:00Z,-7.609444,112.595556,-0.000586359528824687,-0.00019634139607660472,-0.0029498741496354
2025-09-18T12:00:00Z,-7.609444,112.595556,-0.0005612672539427876,-0.00014848053979221731,-0.0030888407491147
2025-09-19T12:00:00Z,-7.609444,112.595556,-0.0004293863021302968,-0.0001411234843544662,-0.0030590463429689
2025-09-20T12:00:00Z,-7.609444,112.595556,-0.00040758526301942766,0.000183008931344375,-0.0030713973101228
2025-09-21T12:00:00Z,-7.609444,112.595556,-0.0005533068906515837,0.00036662592901848257,-0.003477324033156
2025-09-22T12:00:00Z,-7.609444,112.595556,-0.0005203323089517653,0.0005006892024539411,-0.0036633338313549
2025-09-23T12:00:00Z,-7.609444,112.595556,-0.0003894181863870472,0.000519080669619143,-0.0033013084903359
2025-09-24T12:00:00Z,-7.609444,112.595556,-0.0003406537289265543,0.0005476500373333693,-0.0026860190555453
2025-09-25T12:00:00Z,-7.609444,112.595556,-0.0003900251467712224,0.0004698218544945121,-0.0027686720713973
2025-09-26T12:00:00Z,-7.609444,112.595556,-0.00034867902286350727,0.0004236875392962247,-0.0032482054084539
2025-09-27T12:00:00Z,-7.609444,112.595556,-0.0002760403440333903,0.0003678241919260472,-0.0033789027947932
2025-09-28T12:00:00Z,-7.609444,112.595556,-0.00030605061328969896,0.00018387570162303743,-0.0031473934650421
2025-09-29T12:00:00Z,-7.609444,112.595556,-0.0003530769608914852,0.0002087075699819252,-0.0028205008711665
2025-09-30T12:00:00Z,-7.609444,112.595556,-0.0003025671758223325,0.0003243808459956199,-0.0026580737903714
2025-10-01T12:00:00Z,-7.609444,112.595556,-0.0002899102692026645,0.0004199369577690959,-0.002677007112652
2025-10-02T12:00:00Z,-7.609444,112.595556,-0.0003525146748870611,0.00027822668198496103,-0.0029409730341285
2025-10-03T12:00:00Z,-7.609444,112.595556,-0.000396530085708946,-1.4324637049867306e-05,-0.0034159370698034
2025-10-04T12:00:00Z,-7.609444,112.595556,-0.0004731830267701298,-0.00021359592210501432,-0.0035734488628804
2025-10-05T12:00:00Z,-7.609444,112.595556,-0.0005769137642346323,-0.00032560148974880576,-0.0034683309495449
2025-10-06T12:00:00Z,-7.609444,112.595556,-0.0005185625050216913,-0.00035971496254205704,-0.0034268624149262
2025-10-07T12:00:00Z,-7.609444,112.595556,-0.000400353892473504,-0.0002710552653297782,-0.0032560140825808
2025-10-08T12:00:00Z,-7.609444,112.595556,-0.0004214462533127517,-0.00020886222773697227,-0.0031920417677611
2025-10-09T12:00:00Z,-7.609444,112.595556,-0.0004077565972693265,-0.00043681738316081453,-0.0031866836361587
2025-10-10T12:00:00Z,-7.609444,112.595556,-0.000450434279628098,-0.0004074255411978811,-0.0030411374755203
2025-10-11T12:00:00Z,-7.609444,112.595556,-0.0005627137725241482,-7.273470691870898e-05,-0.0032524964772164
2025-10-12T12:00:00Z,-7.609444,112.595556,-0.0005776113830506802,0.00010891605779761449,-0.00329474452883
2025-10-13T12:00:00Z,-7.609444,112.595556,-0.0004975042538717389,-2.468264210619964e-05,-0.0032871784642338
2025-10-14T12:00:00Z,-7.609444,112.595556,-0.0004143680853303522,-0.00013952211884316057,-0.0030727065168321
2025-10-15T12:00:00Z,-7.609444,112.595556,-0.0004909777780994773,-0.00023252048413269224,-0.0030112853273749
2025-10-16T12:00:00Z,-7.609444,112.595556,-0.0005901860422454774,-8.070208423305303e-05,-0.0032274320255964
2025-10-17T12:00:00Z,-7.609444,112.595556,-0.0004984319675713778,-5.300035991240293e-05,-0.0033576705027371
2025-10-18T12:00:00Z,-7.609444,112.595556,-0.0004047462716698647,-0.00012294018233660609,-0.003134143538773
2025-10-19T12:00:00Z,-7.609444,112.595556,-0.0004986366839148104,-0.00019242083362769336,-0.00294183450751
2025-10-20T12:00:00Z,-7.609444,112.595556,-0.000697097391821444,-0.00019413180416449904,-0.0030206986702978
2025-10-21T12:00:00Z,-7.609444,112.595556,-0.0007209244649857283,-0.00022685974545311183,-0.0031226731371134
2025-10-22T12:00:00Z,-7.609444,112.595556,-0.0006006185431033373,-0.00017563583969604224,-0.0032431175932288
2025-10-23T12:00:00Z,-7.609444,112.595556,-0.000623547297436744,7.545850530732423e-05,-0.0032245062757283
2025-10-24T12:00:00Z,-7.609444,112.595556,-0.0006409038323909044,0.00023717533622402695,-0.0031530156265944
2025-10-25T12:00:00Z,-7.609444,112.595556,-0.000732181768398732,0.00031308431061916053,-0.0030574132688343
2025-10-26T12:00:00Z,-7.609444,112.595556,-0.0008321259520016611,0.0002529914490878582,-0.0028654062189161
2025-10-27T12:00:00Z,-7.609444,112.595556,-0.0008738454198464751,0.00015894795069471002,-0.0027524465695023
2025-10-28T12:00:00Z,-7.609444,112.595556,-0.0008382956148125231,-1.3053861948719714e-05,-0.002520095789805
2025-10-29T12:00:00Z,-7.609444,112.595556,-0.0007674868102185428,2.739709452725947e-05,-0.0024145634379237
2025-10-30T12:00:00Z,-7.609444,112.595556,-0.0006769007886759937,6.967056106077507e-05,-0.0027282200753688
2025-10-31T12:00:00Z,-7.609444,112.595556,-0.0005708621465601027,0.0001936994376592338,-0.0030103998724371
2025-11-01T12:00:00Z,-7.609444,112.595556,-0.000500574242323637,0.0003401715366635472,-0.0031008278019726
2025-11-02T12:00:00Z,-7.609444,112.595556,-0.0004597170045599341,0.0004095229378435761,-0.0030263399239629
2025-11-03T12:00:00Z,-7.609444,112.595556,-0.0004632048949133605,0.0003441130102146417,-0.003003294346854
2025-11-04T12:00:00Z,-7.609444,112.595556,-0.00044317595893517137,0.0001718519488349557,-0.002942576771602
2025-11-05T12:00:00Z,-7.609444,112.595556,-0.00047031050780788064,7.136408385122195e-06,-0.002671226626262
2025-11-06T12:00:00Z,-7.609444,112.595556,-0.000654255913104862,-1.6220472389250062e-05,-0.0027573043480515
2025-11-07T12:00:00Z,-7.609444,112.595556,-0.0007048632251098752,-5.303993384586647e-05,-0.0030680065974593
2025-11-08T12:00:00Z,-7.609444,112.595556,-0.000570217496715486,-7.256865501403809e-05,-0.0029961862601339
2025-11-09T12:00:00Z,-7.609444,112.595556,-0.0005043710698373616,-3.86639148928225e-05,-0.0024733019527047
2025-11-10T12:00:00Z,-7.609444,112.595556,-0.0004996823845431209,0.00020662578754127023,-0.0024087447673082
2025-11-11T12:00:00Z,-7.609444,112.595556,-0.000590150710195303,0.00031004525953903794,-0.0028983615338802
2025-11-12T12:00:00Z,-7.609444,112.595556,-0.0005236772703938186,0.00021494961401913315,-0.0030346263665705
2025-11-13T12:00:00Z,-7.609444,112.595556,-0.00030249328119680285,0.00014086464943829924,-0.0028996486216783
2025-11-14T12:00:00Z,-7.609444,112.595556,-0.0002521648711990565,0.000188132471521385,-0.0028663070406764
2025-11-15T12:00:00Z,-7.609444,112.595556,-0.00041839000186882913,0.0001074916435754858,-0.0032262636814266
2025-11-16T12:00:00Z,-7.609444,112.595556,-0.00038930398295633495,3.0674935260321945e-05,-0.0035876703914254
2025-11-17T12:00:00Z,-7.609444,112.595556,-0.00014872336760163307,0.00014693419507239014,-0.0034596263431012
2025-11-18T12:00:00Z,-7.609444,112.595556,-0.0002822789247147739,0.0002469154424034059,-0.0031042471528053
2025-11-19T12:00:00Z,-7.609444,112.595556,-0.0004768019716721028,0.00024119521549437195,-0.0029200376011431
2025-11-20T12:00:00Z,-7.609444,112.595556,-0.00030639240867458284,0.0003347307210788131,-0.003126619150862
2025-11-21T12:00:00Z,-7.609444,112.595556,-0.0001010563355521299,0.0005056423833593726,-0.0030960047151893
2025-11-22T12:00:00Z,-7.609444,112.595556,-9.497975406702608e-05,0.0004143153491895646,-0.0028426765929907
2025-11-23T12:00:00Z,-7.609444,112.595556,-0.00020749728719238192,0.00018268046551384032,-0.0027678955812007
2025-11-24T12:00:00Z,-7.609444,112.595556,-0.0003262161335442215,0.00017296556325163692,-0.0027837795205414
2025-11-25T12:00:00Z,-7.609444,112.595556,-0.0004714590613730252,2.164248689950909e-05,-0.0027232237625867
2025-11-26T12:00:00Z,-7.609444,112.595556,-0.0005588285275734961,-0.00015555211575701833,-0.0027267870027571
2025-11-27T12:00:00Z,-7.609444,112.595556,-0.0005324584781192243,-0.00010178475349675864,-0.0025113497395068
2025-11-28T12:00:00Z,-7.609444,112.595556,-0.0004967529675923288,-3.4518889151513577e-05,-0.00238937465474
2025-11-29T12:00:00Z,-7.609444,112.595556,-0.0006999856559559703,-0.00017037527868524194,-0.0026031641755253
2025-11-30T12:00:00Z,-7.609444,112.595556,-0.0007402602350339293,-0.0002361014630878344,-0.0028289384208619
2025-12-01T12:00:00Z,-7.609444,112.595556,-0.0006711005698889494,-8.933782373787835e-05,-0.0029060349334031
2025-12-02T12:00:00Z,-7.609444,112.595556,-0.0006776089430786669,6.890813529025763e-05,-0.0030172707047313
2025-12-03T12:00:00Z,-7.609444,112.595556,-0.0005793867167085409,0.0001226768217748031,-0.0028973997104912
2025-12-04T12:00:00Z,-7.609444,112.595556,-0.000424280995503068,0.00017174244567286223,-0.0027393996715545
2025-12-05T12:00:00Z,-7.609444,112.595556,-0.0002722964563872665,0.0002757483744062484,-0.0026410210411995
2025-12-06T12:00:00Z,-7.609444,112.595556,-0.00019832825637422505,0.00012455577962100506,-0.0027352159377187
2025-12-07T12:00:00Z,-7.609444,112.595556,-0.0002216706343460828,-0.0002769815910141915,-0.0025674102362245
2025-12-08T12:00:00Z,-7.609444,112.595556,-0.0002208438818342984,-0.0004090194997843355,-0.0024212694261223
2025-12-09T12:00:00Z,-7.609444,112.595556,-0.0002295392914675176,-0.00019536123727448285,-0.0027238447219133
2025-12-10T12:00:00Z,-7.609444,112.595556,-0.0003041153831873089,-0.00011733640712918714,-0.0029005003161728
2025-12-11T12:00:00Z,-7.609444,112.595556,-0.0004673122020903975,-0.00023973165662027893,-0.0028107138350605
2025-12-12T12:00:00Z,-7.609444,112.595556,-0.0006747175939381123,-0.0003583352954592556,-0.0027316736523061
2025-12-13T12:00:00Z,-7.609444,112.595556,-0.000616630248259753,-0.00015236760373227298,-0.002667733002454
2025-12-14T12:00:00Z,-7.609444,112.595556,-0.0005367008270695806,-1.813646304071881e-05,-0.0024628506507724
2025-12-15T12:00:00Z,-7.609444,112.595556,-0.0004807032237295061,-5.648471778840758e-05,-0.0025840634480118
2025-12-16T12:00:00Z,-7.609444,112.595556,-0.0003986486990470439,8.336409518960863e-05,-0.0027900421991944
2025-12-17T12:00:00Z,-7.609444,112.595556,-0.00030654584406875074,0.00014381596702151,-0.0029453083407133
2025-12-18T12:00:00Z,-7.609444,112.595556,-8.445690764347091e-05,-0.00020461138046812263,-0.0027716918848454
2025-12-19T12:00:00Z,-7.609444,112.595556,-5.485461224452592e-05,-0.00030830889591015875,-0.0027266833931207
2025-12-20T12:00:00Z,-7.609444,112.595556,-0.00038247357588261366,-0.0003339732647873461,-0.0025720330886542
2025-12-21T12:00:00Z,-7.609444,112.595556,-0.000494397128932178,-0.0003728112787939608,-0.0024870228953659
2025-12-22T12:00:00Z,-7.609444,112.595556,-0.0003930711245629937,-0.0005328834522515535,-0.0024545136839151
2025-12-23T12:00:00Z,-7.609444,112.595556,-0.0002605117333587259,-0.0005395505577325821,-0.0024784412235021
2025-12-24T12:00:00Z,-7.609444,112.595556,-0.00022920536866877228,-0.0007140611996874213,-0.0024323617108166
2025-12-25T12:00:00Z,-7.609444,112.595556,-0.000191422674106434,-0.000455718400189653,-0.0023690580856055
2025-12-26T12:00:00Z,-7.609444,112.595556,-0.0002120563731295988,-0.00017001757805701345,-0.0022083676885813
2025-12-27T12:00:00Z,-7.609444,112.595556,-0.0002500934642739594,5.591507215285674e-05,-0.0021515472326427
2025-12-28T12:00:00Z,-7.609444,112.595556,-0.0003247888816986233,-0.00014641961024608463,-0.0019825426861643
2025-12-29T12:00:00Z,-7.609444,112.595556,-0.00031277365633286536,-0.0004527021083049476,-0.0019367850618436
2025-12-30T12:00:00Z,-7.609444,112.595556,-0.00025106826797127724,-0.0007135836640372872,-0.0019062121864408
2025-12-31T12:00:00Z,-7.609444,112.595556,-0.00027573585975915194,-0.0006311463075689971,-0.0019363077590242
2026-01-01T12:00:00Z,-7.609444,112.595556,-3.133942304548955E-4,-4.7935729510204135E-4,-0.002399938268446245
2026-01-02T12:00:00Z,-7.609444,112.595556,-1.6123339615745777E-4,-4.7869672168551465E-4,-0.002800846056363699
2026-01-03T12:00:00Z,-7.609444,112.595556,-8.237546244301655E-5,-5.217938932231823E-4,-0.0027292389761483056
2026-01-04T12:00:00Z,-7.609444,112.595556,4.016847328287101E-5,-4.349159261164168E-4,-0.002680361359030951
2026-01-05T12:00:00Z,-7.609444,112.595556,1.7424417963921197E-4,-3.321887725621464E-4,-0.002803785506877963
2026-01-06T12:00:00Z,-7.609444,112.595556,2.1515125023785787E-4,-1.2427239907466598E-4,-0.0029306429799312397
2026-01-07T12:00:00Z,-7.609444,112.595556,2.990945132858594E-4,-9.501986639870103E-5,-0.0029072047057745526
2026-01-08T12:00:00Z,-7.609444,112.595556,3.3127614209431497E-4,-5.166601146089879E-4,-0.002560134854775058
2026-01-09T12:00:00Z,-7.609444,112.595556,3.7982552176462774E-5,-8.282200534328157E-4,-0.0021273929559148053
2026-01-10T12:00:00Z,-7.609444,112.595556,-1.349148593883398E-4,-9.09025475277164E-4,-0.001997790263527031
2026-01-11T12:00:00Z,-7.609444,112.595556,-2.7887661508720244E-5,-0.0010240716029776649,-0.0020234670966164507
2026-01-12T12:00:00Z,-7.609444,112.595556,8.743212038786504E-5,-0.0010394758766202276,-0.0020124884767032418
2026-01-13T12:00:00Z,-7.609444,112.595556,6.398129798587229E-5,-0.0011854667846395819,-0.0020072030064447726
2026-01-14T12:00:00Z,-7.609444,112.595556,4.723796507667997E-6,-0.0013945912510765796,-0.0020103663385773432
2026-01-15T12:00:00Z,-7.609444,112.595556,5.624242499165297E-6,-0.0016667967651444729,-0.002030689350080133
2026-01-16T12:00:00Z,-7.609444,112.595556,1.3473551480499906E-4,-0.0018307703201540112,-0.0019204309197335687
2026-01-17T12:00:00Z,-7.609444,112.595556,5.06629064203567E-5,-0.0019593265019916596,-0.001750170718024142
2026-01-18T12:00:00Z,-7.609444,112.595556,-8.747450890124449E-5,-0.001964695548638314,-0.0018221176890747337
2026-01-19T12:00:00Z,-7.609444,112.595556,-7.920293259454857E-5,-0.001954245614478566,-0.001911449021190662
2026-01-20T12:00:00Z,-7.609444,112.595556,-7.063472280720622E-5,-0.0019588338547944987,-0.001840502698077521
2026-01-21T12:00:00Z,-7.609444,112.595556,-6.941955082214249E-5,-0.001856358731726212,-0.001867844082816288
2026-01-22T12:00:00Z,-7.609444,112.595556,-6.543176353429436E-5,-0.0017311664335273418,-0.00182237218489516
2026-01-23T12:00:00Z,-7.609444,112.595556,-6.664922793398927E-5,-0.0017025907795038945,-0.0017554409304191762
2026-01-24T12:00:00Z,-7.609444,112.595556,8.980864380635216E-5,-0.0017007992215602881,-0.0016502573817435238
2026-01-25T12:00:00Z,-7.609444,112.595556,1.9081971056686173E-4,-0.0016947176056106854,-0.0017027004083798468
2026-01-26T12:00:00Z,-7.609444,112.595556,1.7397188967023346E-4,-0.0017453199663479803,-0.0016993200826265023
2026-01-27T12:00:00Z,-7.609444,112.595556,1.3423001319405177E-4,-0.001759556625695331,-0.0016953971615997242
2026-01-28T12:00:00Z,-7.609444,112.595556,8.806842447084103E-5,-0.0017596093359089568,-0.001637218165401408
2026-01-29T12:00:00Z,-7.609444,112.595556,5.259852576045241E-5,-0.001913556813855468,-0.0016608751164890966
2026-01-30T12:00:00Z,-7.609444,112.595556,-2.7098355746477416E-5,-0.0019071839463839723,-0.0016269657750897382
2026-01-31T12:00:00Z,-7.609444,112.595556,-3.446785908707802E-5,-0.0018241229723578607,-0.0016312066090495695
2026-02-01T12:00:00Z,-7.609444,112.595556,9.991892009714954E-5,-0.001789466208165441,-0.0017980032907286517
2026-02-02T12:00:00Z,-7.609444,112.595556,1.1822928829148798E-4,-0.0016860616871884448,-0.0019391147602081987
2026-02-03T12:00:00Z,-7.609444,112.595556,8.672839232761423E-5,-0.0017354487567079215,-0.0017402510267519927
2026-02-04T12:00:00Z,-7.609444,112.595556,1.590382944918086E-5,-0.0016655350597694608,-0.0016385162550722325
2026-02-05T12:00:00Z,-7.609444,112.595556,-6.771442881650801E-5,-0.0014645714197486868,-0.0018460223478094704
2026-02-06T12:00:00Z,-7.609444,112.595556,9.627607869441056E-5,-0.0013639820494549218,-0.0018917952044345601
2026-02-07T12:00:00Z,-7.609444,112.595556,2.5632544805723396E-4,-0.0013423476028143681,-0.0016326310019652618
2026-02-08T12:00:00Z,-7.609444,112.595556,1.7296303345036806E-4,-0.001119393095674602,-0.0013294962638263044
2026-02-09T12:00:00Z,-7.609444,112.595556,7.153610166185721E-5,-8.828995426759324E-4,-0.001347931923375281
2026-02-10T12:00:00Z,-7.609444,112.595556,1.457168128613569E-4,-8.093463306034612E-4,-0.0016371080347491913
2026-02-11T12:00:00Z,-7.609444,112.595556,3.0507895744050516E-4,-7.695591702323052E-4,-0.0017374430646836599
2026-02-12T12:00:00Z,-7.609444,112.595556,2.516474420560061E-4,-8.731632801106227E-4,-0.0015470578336159893
2026-02-13T12:00:00Z,-7.609444,112.595556,-8.569946377647005E-6,-0.0010056433665488929,-0.0014483982444922084
2026-02-14T12:00:00Z,-7.609444,112.595556,1.903346755836795E-5,-0.0013177416633336175,-0.0015839572966955123
2026-02-15T12:00:00Z,-7.609444,112.595556,3.513953025491576E-4,-0.0015770908670762504,-0.0016055559473161015
2026-02-16T12:00:00Z,-7.609444,112.595556,4.1944278522309034E-4,-0.0014735935409777058,-0.001552341300885489
2026-02-17T12:00:00Z,-7.609444,112.595556,4.412758968930534E-4,-0.001237351054104996,-0.0015810855235680473
2026-02-18T12:00:00Z,-7.609444,112.595556,4.6266581786551854E-4,-9.562542537283723E-4,-0.0016979657785570615
2026-02-19T12:00:00Z,-7.609444,112.595556,5.442435781308019E-4,-9.641988248914157E-4,-0.0018577453704632313
2026-02-20T12:00:00Z,-7.609444,112.595556,8.12291640388559E-4,-0.0012725305622091653,-0.001739983060862108
2026-02-21T12:00:00Z,-7.609444,112.595556,6.53212275090251E-4,-0.0019984828486912074,-0.0011053503869524308
2026-02-22T12:00:00Z,-7.609444,112.595556,3.8092571865153574E-4,-0.00230957464957957,-7.36580982911892E-4
2026-02-23T12:00:00Z,-7.609444,112.595556,2.4097950204712327E-4,-0.002199003759400832,-0.0010954131713841603
2026-02-24T12:00:00Z,-7.609444,112.595556,3.345348095903162E-4,-0.0019217919131892783,-0.0017966047869558317
2026-02-25T12:00:00Z,-7.609444,112.595556,5.38733743154157E-4,-0.0017980524561219218,-0.0021582029105125934
2026-02-26T12:00:00Z,-7.609444,112.595556,5.981780427487994E-4,-0.0019154461790597973,-0.0018522522371423387
2026-02-27T12:00:00Z,-7.609444,112.595556,4.35968848005308E-4,-0.0020777708335582854,-0.0015296680115963119
2026-02-28T12:00:00Z,-7.609444,112.595556,3.286478045563338E-4,-0.0021737361501873035,-0.001529426727610327
2026-03-01T12:00:00Z,-7.609444,112.595556,3.7590039997140097E-4,-0.0023777923469370634,-0.0015456841605735565
2026-03-02T12:00:00Z,-7.609444,112.595556,4.1599219865067074E-4,-0.0024139625102313302,-0.0018046666001802344
2026-03-03T12:00:00Z,-7.609444,112.595556,4.7642802210325655E-4,-0.0023291647002672386,-0.0019190639926410533
2026-03-04T12:00:00Z,-7.609444,112.595556,6.194268944661365E-4,-0.0021083466037499356,-0.0018777661878366548
2026-03-05T12:00:00Z,-7.609444,112.595556,7.264012702685976E-4,-0.001837930234902074,-0.001723893339492368
2026-03-06T12:00:00Z,-7.609444,112.595556,6.88760164580815E-4,-0.001741561878729149,-0.0016267055687177387
2026-03-07T12:00:00Z,-7.609444,112.595556,7.214234558563629E-4,-0.0015354629718201647,-0.0019870901699037026
2026-03-08T12:00:00Z,-7.609444,112.595556,7.556135843177751E-4,-0.0015759172333489,-0.002210720767483283
2026-03-09T12:00:00Z,-7.609444,112.595556,6.674176884468835E-4,-0.001665597412185425,-0.002001856477522994
2026-03-10T12:00:00Z,-7.609444,112.595556,6.958758664313079E-4,-0.001834034199322635,-0.0017835076253663513
2026-03-11T12:00:00Z,-7.609444,112.595556,7.164132612988362E-4,-0.002192849113397341,-0.001794729050081737
2026-03-12T12:00:00Z,-7.609444,112.595556,5.801104493609099E-4,-0.0023821935414934663,-0.0017878507669797264
2026-03-13T12:00:00Z,-7.609444,112.595556,3.427254931079785E-4,-0.0023603693352715646,-0.001926639828072667
2026-03-14T12:00:00Z,-7.609444,112.595556,2.1615848915872973E-4,-0.0023419655813238767,-0.0021279467052655703
2026-03-15T12:00:00Z,-7.609444,112.595556,2.77755159084431E-4,-0.0025115465856160586,-0.0019665985472401195
2026-03-16T12:00:00Z,-7.609444,112.595556,3.936846804453218E-4,-0.002310799031231938,-0.0017361110015221665
2026-03-17T12:00:00Z,-7.609444,112.595556,3.7857650527745956E-4,-0.0019483642831167782,-0.0019083970682257415
2026-03-18T12:00:00Z,-7.609444,112.595556,4.408331013318065E-4,-0.0018237347693669287,-0.0017817711625058613
2026-03-19T12:00:00Z,-7.609444,112.595556,4.6119596112701377E-4,-0.0017602406954483553,-0.001646727116567369
2026-03-20T12:00:00Z,-7.609444,112.595556,2.4249759741208114E-4,-0.0017848268764100886,-0.0017040512595861003
2026-03-21T12:00:00Z,-7.609444,112.595556,2.40724105885202E-4,-0.0018071601213951775,-0.0017723292906217743
2026-03-22T12:00:00Z,-7.609444,112.595556,3.2392708116149485E-4,-0.0018197366178385424,-0.0016712364297009508
2026-03-23T12:00:00Z,-7.609444,112.595556,3.8556109413388616E-4,-0.0018976280622965038,-0.0014112551535026524
2026-03-24T12:00:00Z,-7.609444,112.595556,4.2979423011214906E-4,-0.0018198489348462403,-0.0011928028523703926
2026-03-25T12:00:00Z,-7.609444,112.595556,3.2616222430728364E-4,-0.0017259076433344006,-0.0013267878096447632
2026-03-26T12:00:00Z,-7.609444,112.595556,4.111384341564854E-4,-0.0018273800530226366,-0.0015568151663714709
2026-03-27T12:00:00Z,-7.609444,112.595556,5.586015099164187E-4,-0.0020107415413864473,-0.0014135711210211514
2026-03-28T12:00:00Z,-7.609444,112.595556,5.867921603570064E-4,-0.0016893468760093007,-0.0010817375546323838
2026-03-29T12:00:00Z,-7.609444,112.595556,5.845075169454029E-4,-0.001392524500580236,-0.001174905032830077
2026-03-30T12:00:00Z,-7.609444,112.595556,6.11887841424845E-4,-0.0013870368988103856,-0.0013778654074688302
2026-03-31T12:00:00Z,-7.609444,112.595556,6.847278814591986E-4,-0.0014339830910897028,-0.0014975859480172203
2026-04-01T12:00:00Z,-7.609444,112.595556,7.965824695040325E-4,-0.001356535060582803,-0.0015574709840819215
2026-04-02T12:00:00Z,-7.609444,112.595556,8.631606531787265E-4,-0.0015193310438408074,-0.00154532803160232
2026-04-03T12:00:00Z,-7.609444,112.595556,8.621431726699895E-4,-0.0016777673578924743,-0.0011605852170462666
2026-04-04T12:00:00Z,-7.609444,112.595556,7.956493862322973E-4,-0.0017779907786771158,-6.290248720917037E-4
2026-04-05T12:00:00Z,-7.609444,112.595556,8.053510145273982E-4,-0.0017602559815928253,-7.201839302132917E-4
2026-04-06T12:00:00Z,-7.609444,112.595556,0.001013399575198607,-0.0016438730589036997,-8.950652431865824E-4
2026-04-07T12:00:00Z,-7.609444,112.595556,0.0012011509968526545,-0.0013700676021745528,-9.500847258769208E-4
2026-04-08T12:00:00Z,-7.609444,112.595556,0.0012213256166225283,-0.0012329270779874743,-9.149699881293953E-4
2026-04-09T12:00:00Z,-7.609444,112.595556,0.0011617526399982751,-0.001441728971080279,-0.0010297895825232628
2026-04-10T12:00:00Z,-7.609444,112.595556,0.0011490688406271812,-0.001709745508891259,-0.001185363367055822
2026-04-11T12:00:00Z,-7.609444,112.595556,0.0011089845742139398,-0.001850536139582259,-0.0012864537418533501
2026-04-12T12:00:00Z,-7.609444,112.595556,9.825803749924057E-4,-0.001789759415557907,-0.0014190784646499952
2026-04-13T12:00:00Z,-7.609444,112.595556,8.55997748659946E-4,-0.0017074251222934714,-0.0017045520039880022
2026-04-14T12:00:00Z,-7.609444,112.595556,9.259133167981823E-4,-0.0017376174566240646,-0.0017504800876458886
2026-04-15T12:00:00Z,-7.609444,112.595556,9.282012154956763E-4,-0.001696693581940758,-0.0015334801651354592
2026-04-16T12:00:00Z,-7.609444,112.595556,6.91628803490565E-4,-0.0017939244955526563,-0.001482555032707538
2026-04-17T12:00:00Z,-7.609444,112.595556,5.905501119075006E-4,-0.001861060262159998,-0.0015064157484123012
2026-04-18T12:00:00Z,-7.609444,112.595556,5.336071888509909E-4,-0.002012935137032167,-0.0015477807682884436
2026-04-19T12:00:00Z,-7.609444,112.595556,5.24438831037362E-4,-0.0018828090759538379,-0.0014204761843517487
2026-04-20T12:00:00Z,-7.609444,112.595556,5.996417949132309E-4,-0.0016506707941705942,-0.0012357368262974247
2026-04-21T12:00:00Z,-7.609444,112.595556,5.584360245831165E-4,-0.0017402443010733637,-0.0011301397292619397
2026-04-22T12:00:00Z,-7.609444,112.595556,5.395208418521097E-4,-0.0017787854773888725,-0.0011103784767579124
2026-04-23T12:00:00Z,-7.609444,112.595556,5.181641736498504E-4,-0.001835788372141287,-0.0011082280920210075
2026-04-24T12:00:00Z,-7.609444,112.595556,4.149801645534915E-4,-0.001939434536084397,-0.0011894412266194607
2026-04-25T12:00:00Z,-7.609444,112.595556,5.0062737290976E-4,-0.002038390306398466,-0.0012974508018149982
2026-04-26T12:00:00Z,-7.609444,112.595556,6.116190627145173E-4,-0.0021821088087544092,-0.0012298702929196966
2026-04-27T12:00:00Z,-7.609444,112.595556,6.271366820748494E-4,-0.002133024424053631,-0.0011067218766091676
2026-04-28T12:00:00Z,-7.609444,112.595556,5.822269263958207E-4,-0.0020565137286226404,-0.0011872885303799686
2026-04-29T12:00:00Z,-7.609444,112.595556,5.65577992698558E-4,-0.0021962577559357615,-0.0012884058199585113
2026-04-30T12:00:00Z,-7.609444,112.595556,6.897349577209208E-4,-0.002209358539845679,-0.0012243492411774005
2026-05-01T12:00:00Z,-7.609444,112.595556,7.385829249201069E-4,-0.0019694645715865357,-0.0011005569704973337
2026-05-02T12:00:00Z,-7.609444,112.595556,7.135472785563844E-4,-0.0016411035778364615,-8.147583258419413E-4
2026-05-03T12:00:00Z,-7.609444,112.595556,6.903332952985841E-4,-0.001504185143542208,-9.65380472700695E-4
2026-05-04T12:00:00Z,-7.609444,112.595556,6.131061631937575E-4,-0.0013663438765116676,-0.0012950138056907186
2026-05-05T12:00:00Z,-7.609444,112.595556,5.154317711558514E-4,-0.0012458701075474723,-0.0013620646164202196
2026-05-06T12:00:00Z,-7.609444,112.595556,4.242880096211698E-4,-0.0014257298820604472,-0.0013774380359377846
2026-05-07T12:00:00Z,-7.609444,112.595556,4.083524515482979E-4,-0.0015929616779116955,-0.0015443102667512336
2026-05-08T12:00:00Z,-7.609444,112.595556,5.292787185568197E-4,-0.0015311185690661889,-0.0016488052155371696
2026-05-09T12:00:00Z,-7.609444,112.595556,6.703052594898577E-4,-0.0012499213057967724,-0.0015140930057023088
2026-05-10T12:00:00Z,-7.609444,112.595556,7.274450089411692E-4,-0.0010061386171540496,-0.0012266496872973993
2026-05-11T12:00:00Z,-7.609444,112.595556,6.833081248848287E-4,-0.0010731404537457573,-0.0011645239149952996
2026-05-12T12:00:00Z,-7.609444,112.595556,6.491406299945756E-4,-0.0012896359433285584,-9.473300667373695E-4
2026-05-13T12:00:00Z,-7.609444,112.595556,4.8257889948532346E-4,-0.0012326817281762671,-0.0010488907092458882
2026-05-14T12:00:00Z,-7.609444,112.595556,3.9902728176098866E-4,-0.0010667374648364648,-0.0012866339372318292
2026-05-15T12:00:00Z,-7.609444,112.595556,3.816280150422435E-4,-9.807822022768749E-4,-0.0012902234517787568
2026-05-16T12:00:00Z,-7.609444,112.595556,3.173197214001084E-4,-0.001141407985590084,-0.0012946097899535494
2026-05-17T12:00:00Z,-7.609444,112.595556,4.386747990420372E-4,-0.0013117770911006666,-0.0012418471043464927
2026-05-18T12:00:00Z,-7.609444,112.595556,5.332404095861464E-4,-0.0013318056658300273,-0.0010506820142650857
2026-05-19T12:00:00Z,-7.609444,112.595556,5.823951245645469E-4,-0.0013148922440703933,-8.564826169043725E-4
2026-05-20T12:00:00Z,-7.609444,112.595556,5.835115913297882E-4,-0.0015186032499866261,-7.841759699429312E-4
2026-05-21T12:00:00Z,-7.609444,112.595556,6.378484042669218E-4,-0.0016740743061280092,-7.754596434636076E-4
2026-05-22T12:00:00Z,-7.609444,112.595556,7.555991023217002E-4,-0.0016079783750316216,-8.002679654559387E-4
2026-05-23T12:00:00Z,-7.609444,112.595556,7.741205024854193E-4,-0.0015068250387943896,-8.637027358651911E-4
2026-05-24T12:00:00Z,-7.609444,112.595556,6.850095916303881E-4,-0.0015284899505618452,-0.00111416930364744
2026-05-25T12:00:00Z,-7.609444,112.595556,6.691320356526293E-4,-0.0015596962484303422,-0.0011471118878411094
2026-05-26T12:00:00Z,-7.609444,112.595556,5.50607320470607E-4,-0.0013968968182274171,-0.0010731361471096894
2026-05-27T12:00:00Z,-7.609444,112.595556,4.561383314311341E-4,-0.0014185512955770289,-0.001155431570868617
2026-05-28T12:00:00Z,-7.609444,112.595556,4.6711824580120934E-4,-0.001558366012711053,-0.0011054881378739678
2026-05-29T12:00:00Z,-7.609444,112.595556,4.756370674545172E-4,-0.0016624339971715886,-0.0010331236146717416
2026-05-30T12:00:00Z,-7.609444,112.595556,3.2565296100788737E-4,-0.0017251436589071115,-7.904342494309108E-4
2026-05-31T12:00:00Z,-7.609444,112.595556,1.8203457316335158E-4,-0.0017526757828971004,-7.183381197442885E-4
2026-06-01T12:00:00Z,-7.609444,112.595556,1.7605811051815465E-4,-0.0017588008127697667,-7.538829842239147E-4
2026-06-02T12:00:00Z,-7.609444,112.595556,2.5195047085024684E-4,-0.0016894123390560412,-7.178969681827078E-4
2026-06-03T12:00:00Z,-7.609444,112.595556,1.901082658410622E-4,-0.0014739398982685302,-7.850071287980118E-4
2026-06-04T12:00:00Z,-7.609444,112.595556,1.2475817660476536E-4,-0.001215093331971654,-9.824472453516186E-4
2026-06-05T12:00:00Z,-7.609444,112.595556,1.153421974389384E-4,-0.0010396601987894417,-0.0012545776382341888
2026-06-06T12:00:00Z,-7.609444,112.595556,2.4480866429896496E-4,-9.433792130231408E-4,-0.0016425295919655465
2026-06-07T12:00:00Z,-7.609444,112.595556,3.905060138293532E-4,-0.001026131471715995,-0.0016228360033419796
2026-06-08T12:00:00Z,-7.609444,112.595556,3.0546077370686883E-4,-0.0011378096632889073,-0.0012010492076824529
2026-06-09T12:00:00Z,-7.609444,112.595556,7.854953988811431E-5,-0.001025143145382579,-0.001171238178286795
2026-06-10T12:00:00Z,-7.609444,112.595556,-7.927855219622683E-6,-9.80049962076965E-4,-0.0015770075896401625
2026-06-11T12:00:00Z,-7.609444,112.595556,2.308485795124448E-6,-0.0012083192988004122,-0.0015756802584444007
2026-06-12T12:00:00Z,-7.609444,112.595556,-1.29686682290203E-6,-0.0012979925417796539,-0.0015122297949233033
2026-06-13T12:00:00Z,-7.609444,112.595556,1.1228912597288088E-5,-0.0011727853013766745,-0.001253045877100118
2026-06-14T12:00:00Z,-7.609444,112.595556,-8.518298283225686E-5,-0.001015128521545942,-0.0010862453720809225
2026-06-15T12:00:00Z,-7.609444,112.595556,-1.160994709480989E-4,-8.896152301996711E-4,-0.0011434524827706135
2026-06-16T12:00:00Z,-7.609444,112.595556,8.910735285174678E-5,-8.118049468989992E-4,-0.0014353145759575994
2026-06-17T12:00:00Z,-7.609444,112.595556,2.473241488153018E-4,-8.331702756746436E-4,-0.0014783537112259318
2026-06-18T12:00:00Z,-7.609444,112.595556,4.120765955736766E-5,-0.0010476486407560717,-0.0013709684331752391
2026-06-19T12:00:00Z,-7.609444,112.595556,-2.0787618870380805E-4,-0.0012414764950780593,-0.001411618262356934
2026-06-20T12:00:00Z,-7.609444,112.595556,-2.0312505527004992E-4,-0.0013990744672395207,-0.0016863410272081416
2026-06-21T12:00:00Z,-7.609444,112.595556,-1.1261155240345163E-4,-0.0013684158052413608,-0.0016695528180068898
2026-06-22T12:00:00Z,-7.609444,112.595556,-1.5427312695704066E-4,-0.0011854204613689129,-0.0012932499461260668
2026-06-23T12:00:00Z,-7.609444,112.595556,-3.102627784306485E-4,-0.0010714064181847709,-0.0011614005828994847
2026-06-24T12:00:00Z,-7.609444,112.595556,-3.736578072897301E-4,-0.0010922459369579291,-0.001301915889133508
2026-06-25T12:00:00Z,-7.609444,112.595556,-2.568277599245666E-4,-9.756020262151608E-4,-0.0013524868389985776
2026-06-26T12:00:00Z,-7.609444,112.595556,-1.4041241352163178E-4,-7.744776850579277E-4,-0.0012280958638991408
2026-06-27T12:00:00Z,-7.609444,112.595556,-1.9445774105459552E-4,-6.221600409475656E-4,-0.0011586274751278632
2026-06-28T12:00:00Z,-7.609444,112.595556,-3.1197082130900936E-4,-6.211339643024238E-4,-0.0013088797949384358
2026-06-29T12:00:00Z,-7.609444,112.595556,-3.1336707915428246E-4,-5.250489061316217E-4,-0.001284080432004884
2026-06-30T12:00:00Z,-7.609444,112.595556,-3.050448055749706E-4,-3.590614409849616E-4,-0.0013126932095121199
2026-07-01T12:00:00Z,-7.609444,112.595556,-4.0574515485348247E-4,-3.251830927076184E-4,-0.001359941094121903
2026-07-02T12:00:00Z,-7.609444,112.595556,-3.819489595481012E-4,-2.7349150676062934E-4,-0.0013870352154093616
2026-07-03T12:00:00Z,-7.609444,112.595556,-2.7999907465594583E-4,-1.2712236350417562E-4,-0.0015072084979548613
2026-07-04T12:00:00Z,-7.609444,112.595556,-3.474010376010969E-4,6.0730090969799384E-6,-0.0014253824032280633
2026-07-05T12:00:00Z,-7.609444,112.595556,-4.807921580454412E-4,3.83933194549932E-5,-0.0014827642923462361
2026-07-06T12:00:00Z,-7.609444,112.595556,-3.405964338780826E-4,-3.6197281263945056E-5,-0.0016289105031148808
2026-07-07T12:00:00Z,-7.609444,112.595556,-2.157641721688115E-4,-2.2715996832111533E-5,-0.0016558705387488902
2026-07-08T12:00:00Z,-7.609444,112.595556,-3.5140573470181593E-4,5.3214603193392515E-5,-0.0016339540603748715
2026-07-09T12:00:00Z,-7.609444,112.595556,-5.619926322362697E-4,9.433317172996393E-5,-0.0018482341424563536
2026-07-10T12:00:00Z,-7.609444,112.595556,-5.013396736041107E-4,1.358484024624319E-5,-0.001949841840070536
2026-07-11T12:00:00Z,-7.609444,112.595556,-4.038871553789337E-4,3.644585138436934E-5,-0.001701843517917291
2026-07-12T12:00:00Z,-7.609444,112.595556,-4.8202935535186407E-4,9.501671796190544E-5,-0.0014539363052919546
2026-07-13T12:00:00Z,-7.609444,112.595556,-6.234107699342267E-4,1.5500415229643086E-5,-0.0014807115717441136
2026-07-14T12:00:00Z,-7.609444,112.595556,-6.699873630554999E-4,-4.494271284448608E-6,-0.0016860977722812306
2026-07-15T12:00:00Z,-7.609444,112.595556,-6.036361832058129E-4,-6.609164482943642E-5,-0.0018977421086834242
2026-07-16T12:00:00Z,-7.609444,112.595556,-5.835143769480659E-4,-2.849901033645745E-4,-0.0018954562962796128
2026-07-17T12:00:00Z,-7.609444,112.595556,-6.984345506889138E-4,-1.8871993060255525E-4,-0.0018229722674024025
2026-07-18T12:00:00Z,-7.609444,112.595556,-7.5602388103807E-4,2.4777561760516956E-5,-0.0019665129550805738
2026-07-19T12:00:00Z,-7.609444,112.595556,-7.9542524889236E-4,9.27924448688704E-5,-0.0020672140124293682
2026-07-20T12:00:00Z,-7.609444,112.595556,-8.199342242913134E-4,1.350867391629155E-4,-0.001991171594937554
2026-07-21T12:00:00Z,-7.609444,112.595556,-8.408384758025656E-4,2.3126908925263755E-4,-0.001969987019025461
2026-07-22T12:00:00Z,-7.609444,112.595556,-7.800704365520278E-4,3.677731465092649E-4,-0.0019715737704562035
2026-07-23T12:00:00Z,-7.609444,112.595556,-7.908462566592213E-4,4.265165526492058E-4,-0.0019798145486886972
2026-07-24T12:00:00Z,-7.609444,112.595556,-8.284129590494552E-4,3.589869977199573E-4,-0.002077166245742531
2026-07-25T12:00:00Z,-7.609444,112.595556,-8.035027733722624E-4,3.2827478617213773E-4,-0.0020180265819916225
2026-07-26T12:00:00Z,-7.609444,112.595556,-7.858828549568336E-4,3.598225665716906E-4,-0.0019491063948859457
2026-07-27T12:00:00Z,-7.609444,112.595556,-8.321631745807547E-4,3.420019227752754E-4,-0.002099579678464471
2026-07-28T12:00:00Z,-7.609444,112.595556,-7.316943661878991E-4,3.8380868156698956E-4,-0.002156304336295804
2026-07-29T12:00:00Z,-7.609444,112.595556,-6.102506112098506E-4,5.25878820865471E-4,-0.002101418722594757
2026-07-30T12:00:00Z,-7.609444,112.595556,-5.893702625701504E-4,5.717106238242532E-4,-0.002004762545119786
2026-07-31T12:00:00Z,-7.609444,112.595556,-7.112952189489575E-4,4.6423064509147025E-4,-0.0019512946232609176
2026-08-01T12:00:00Z,-7.609444,112.595556,-7.991080782634811E-4,4.953895644367718E-4,-0.0019387062107008685
2026-08-02T12:00:00Z,-7.609444,112.595556,-7.569444900782904E-4,5.38968906888795E-4,-0.0020795917454437037
2026-08-03T12:00:00Z,-7.609444,112.595556,-6.74010021837592E-4,5.71804841153899E-4,-0.002140467693955591
2026-08-04T12:00:00Z,-7.609444,112.595556,-6.078491638399513E-4,5.117029906579607E-4,-0.0021385968645783746
2026-08-05T12:00:00Z,-7.609444,112.595556,-7.570782889607435E-4,3.3302894337671417E-4,-0.0020398542231271632
2026-08-06T12:00:00Z,-7.609444,112.595556,-8.127001690445016E-4,2.533576812973697E-4,-0.0020418548595955424
2026-08-07T12:00:00Z,-7.609444,112.595556,-8.747346577967011E-4,2.0795623168681294E-4,-0.0018659304208837383
2026-08-08T12:00:00Z,-7.609444,112.595556,-8.791381731121002E-4,3.0697049168578746E-4,-0.0018971812714734988
2026-08-09T12:00:00Z,-7.609444,112.595556,-8.16383749366516E-4,4.7900942884572246E-4,-0.0017682772780390538
2026-08-10T12:00:00Z,-7.609444,112.595556,-7.729650710093139E-4,4.664626098981803E-4,-0.0014783797488467703
2026-08-11T12:00:00Z,-7.609444,112.595556,-7.558444196825396E-4,3.641783394402807E-4,-0.0015220476020172235
2026-08-12T12:00:00Z,-7.609444,112.595556,-6.947478148712062E-4,2.952196628940291E-4,-0.001994905800198969
2026-08-13T12:00:00Z,-7.609444,112.595556,-5.67911935699221E-4,3.740141864339142E-4,-0.0020741286246413904
2026-08-14T12:00:00Z,-7.609444,112.595556,-6.617787819247712E-4,4.55983757002564E-4,-0.0020067722761706666
2026-08-15T12:00:00Z,-7.609444,112.595556,-8.039030122109778E-4,4.106382920579927E-4,-0.00214487209151992
2026-08-16T12:00:00Z,-7.609444,112.595556,-8.36207001721341E-4,4.715033181556142E-4,-0.00222952833343447
2026-08-17T12:00:00Z,-7.609444,112.595556,-9.124238618241152E-4,5.265548180248072E-4,-0.002262552724835235
2026-08-18T12:00:00Z,-7.609444,112.595556,-9.258842730385435E-4,5.583320781724865E-4,-0.002241066399787127
2026-08-19T12:00:00Z,-7.609444,112.595556,-9.020603833243672E-4,4.928266809245104E-4,-0.002266902353109206
2026-08-20T12:00:00Z,-7.609444,112.595556,-8.906772758589058E-4,3.58730165085328E-4,-0.0022367815545144463
2026-08-21T12:00:00Z,-7.609444,112.595556,-8.977397220754587E-4,4.20249244130488E-4,-0.0020246677291897676
2026-08-22T12:00:00Z,-7.609444,112.595556,-8.572079603939028E-4,4.6358376563833924E-4,-0.0019416245490244532
2026-08-23T12:00:00Z,-7.609444,112.595556,-8.08280481194176E-4,4.585661691947948E-4,-0.001945110980505448
2026-08-24T12:00:00Z,-7.609444,112.595556,-8.313441283634637E-4,3.652544789900556E-4,-0.0020029830912131675
2026-08-25T12:00:00Z,-7.609444,112.595556,-9.81947655118565E-4,2.293434100267534E-4,-0.0021879823124443605
2026-08-26T12:00:00Z,-7.609444,112.595556,-0.0010346062833482207,2.707454519225164E-4,-0.0023740879846913822
2026-08-27T12:00:00Z,-7.609444,112.595556,-9.881992937032145E-4,3.6255979186526215E-4,-0.002509534216804653
2026-08-28T12:00:00Z,-7.609444,112.595556,-9.500061938353644E-4,4.5871478349033976E-4,-0.0025280239699244766
2026-08-29T12:00:00Z,-7.609444,112.595556,-9.972946645250098E-4,5.345266137131778E-4,-0.0025573390899568545
2026-08-30T12:00:00Z,-7.609444,112.595556,-0.001045962866838362,5.786732950005662E-4,-0.0026170762209666103
2026-08-31T12:00:00Z,-7.609444,112.595556,-0.0010133465288496735,6.865538578099877E-4,-0.002667712496448114
