time,latitude[unit="degrees_north"],longitude[unit="degrees_east"],duEW[unit=""],duNS[unit=""],duV[unit=""]
2024-01-01T00:00:00Z,-7.609444,112.595556,0.0008622247842140496,-0.0007593664340674877,-0.00010919974010903388
2024-01-01T03:00:00Z,-7.609444,112.595556,0.0008899954846128821,-0.000802691385615617,-0.00011732036364264786
2024-01-01T06:00:00Z,-7.609444,112.595556,0.0008612207602709532,-0.000831536715850234,-8.767978215473704e-06
2024-01-01T09:00:00Z,-7.609444,112.595556,0.0008642009343020618,-0.0008524475269950926,0.0001462943764636293
2024-01-01T12:00:00Z,-7.609444,112.595556,0.0008871215977706015,-0.0008651991956867278,0.0002646785869728774
2024-01-01T15:00:00Z,-7.609444,112.595556,0.0008373464224860072,-0.0008727554231882095,0.00024594212300144136
2024-01-01T18:00:00Z,-7.609444,112.595556,0.000852297933306545,-0.0009709097212180496,0.000366921623935923
2024-01-01T21:00:00Z,-7.609444,112.595556,0.000928534718696028,-0.0010154353221878,0.0004947916604578495
2024-01-02T00:00:00Z,-7.609444,112.595556,0.0009152076672762632,-0.0009602115023881196,0.0005752601427957416
2024-01-02T03:00:00Z,-7.609444,112.595556,0.0009699713555164636,-0.0008395148324780166,0.0005307381507009268
2024-01-02T06:00:00Z,-7.609444,112.595556,0.00094956427346915,-0.0007748299976810813,0.0005241733160801232
2024-01-02T09:00:00Z,-7.609444,112.595556,0.0009403092553839087,-0.0007216292433440685,0.0005899881944060326
2024-01-02T12:00:00Z,-7.609444,112.595556,0.0009095084969885648,-0.0006657654303126037,0.0005189146031625569
2024-01-02T15:00:00Z,-7.609444,112.595556,0.0007987312856130302,-0.0005537003744393587,0.000362562743248418
2024-01-02T18:00:00Z,-7.609444,112.595556,0.0006897858111187816,-0.000410129054216668,0.00028936643502675
2024-01-02T21:00:00Z,-7.609444,112.595556,0.0006237548077479005,-0.0002726268721744418,0.00020643095194827765
2024-01-03T00:00:00Z,-7.609444,112.595556,0.0005158862913958728,-0.00011400601943023504,0.00016022416821215302
2024-01-03T03:00:00Z,-7.609444,112.595556,0.0004449061816558242,3.1960448723111767e-06,8.886843716027215e-06
2024-01-03T06:00:00Z,-7.609444,112.595556,0.00038182330899871886,2.866720933525357e-05,5.14894891239237e-05
2024-01-03T09:00:00Z,-7.609444,112.595556,0.0003481969179119915,6.092618787079118e-05,6.089927046559751e-05
2024-01-03T12:00:00Z,-7.609444,112.595556,0.00030667928513139486,0.0001359132002107799,6.061899694032036e-05
2024-01-03T15:00:00Z,-7.609444,112.595556,0.0003256687487009913,0.00024703677627258003,2.166255217161961e-05
2024-01-03T18:00:00Z,-7.609444,112.595556,0.0003567186067812145,0.00021484987519215792,-4.974612693331437e-06
2024-01-03T21:00:00Z,-7.609444,112.595556,0.0004378514422569424,0.0001699798012850806,-9.636787581257522e-05
2024-01-04T00:00:00Z,-7.609444,112.595556,0.0004595632490236312,7.445295341312885e-05,-0.0002251421246910468
2024-01-04T03:00:00Z,-7.609444,112.595556,0.0004542311071418226,1.7194897736771964e-05,-0.00035330341779626906
2024-01-04T06:00:00Z,-7.609444,112.595556,0.0004043185035698116,1.511511618446093e-05,-0.0004164263664279133
2024-01-04T09:00:00Z,-7.609444,112.595556,0.0003648277197498828,5.138072447152808e-05,-0.0005263402126729488
2024-01-04T12:00:00Z,-7.609444,112.595556,0.0003344666911289096,6.512560503324494e-05,-0.0005659391172230244
2024-01-04T15:00:00Z,-7.609444,112.595556,0.0002930716145783663,7.216412632260472e-05,-0.0005909678293392062
2024-01-04T18:00:00Z,-7.609444,112.595556,0.000248952565016225,-1.5371428162325174e-05,-0.0005250448011793196
2024-01-04T21:00:00Z,-7.609444,112.595556,0.00034550551208667457,-0.00018245680257678032,-0.0006088304216973484
2024-01-05T00:00:00Z,-7.609444,112.595556,0.00041391621925868094,-0.0003273090987931937,-0.0005658054142259061
2024-01-05T03:00:00Z,-7.609444,112.595556,0.0004591671458911151,-0.0003035413392353803,-0.0005890344618819654
2024-01-05T06:00:00Z,-7.609444,112.595556,0.0003967210650444031,-0.0003336724766995758,-0.0007623276324011385
2024-01-05T09:00:00Z,-7.609444,112.595556,0.00035795438452623785,-0.0003789325710386038,-0.0009700830560177564
2024-01-05T12:00:00Z,-7.609444,112.595556,0.0004030934942420572,-0.00048101370339281857,-0.0009633104200474918
2024-01-05T15:00:00Z,-7.609444,112.595556,0.000441262120148167,-0.0005493460921570659,-0.0008495734073221684
2024-01-05T18:00:00Z,-7.609444,112.595556,0.0004111854359507561,-0.0005843400140292943,-0.0008654950652271509
2024-01-05T21:00:00Z,-7.609444,112.595556,0.0004769664665218442,-0.000659898912999779,-0.0008605470648035407
2024-01-06T00:00:00Z,-7.609444,112.595556,0.0005750861018896103,-0.0006876972620375454,-0.0007224500295706093
2024-01-06T03:00:00Z,-7.609444,112.595556,0.0007522986852563918,-0.0006691037560813129,-0.0006245372933335602
2024-01-06T06:00:00Z,-7.609444,112.595556,0.0008484977297484875,-0.0006832449580542743,-0.0005206415080465376
2024-01-06T09:00:00Z,-7.609444,112.595556,0.0009726050193421544,-0.0006896894774399698,-0.0005988237098790705
2024-01-06T12:00:00Z,-7.609444,112.595556,0.0011447927681729,-0.0007306936895474792,-0.000684716971591115
2024-01-06T15:00:00Z,-7.609444,112.595556,0.001244637183845,-0.0006914636469446123,-0.0007452231948263943
2024-01-06T18:00:00Z,-7.609444,112.595556,0.0012246075784787,-0.0005312387947924435,-0.0008403927786275744
2024-01-06T21:00:00Z,-7.609444,112.595556,0.0011745156953111,-0.0004193289205431938,-0.0009985914221033454
2024-01-07T00:00:00Z,-7.609444,112.595556,0.0011708432575687,-0.0003827959590125829,-0.0009893419919535518
2024-01-07T03:00:00Z,-7.609444,112.595556,0.0012334354687482,-0.00039546171319670975,-0.000986740575172007
2024-01-07T06:00:00Z,-7.609444,112.595556,0.0011908956803381,-0.00034856534330174327,-0.0009286136482842268
2024-01-07T09:00:00Z,-7.609444,112.595556,0.0011327968677505,-0.0002558280539233237,-0.0007929748389869928
2024-01-07T12:00:00Z,-7.609444,112.595556,0.0011065964354202,-0.00020011082233395427,-0.0007456112653017044
2024-01-07T15:00:00Z,-7.609444,112.595556,0.001170523581095,-9.72692942013964e-05,-0.0006260435911826789
2024-01-07T18:00:00Z,-7.609444,112.595556,0.0011691349791362,9.458552085561678e-06,-0.0005494703655131161
2024-01-07T21:00:00Z,-7.609444,112.595556,0.0011334746377542,1.3275843230076134e-05,-0.0005056080408394337
2024-01-08T00:00:00Z,-7.609444,112.595556,0.0011089950567111,-1.678382068348583e-05,-0.0005821874365210533
2024-01-08T03:00:00Z,-7.609444,112.595556,0.0011467488948255,-4.5584973122458905e-05,-0.0006254800828173757
2024-01-08T06:00:00Z,-7.609444,112.595556,0.0010926672257483,1.2836236237490084e-05,-0.0005502725834958255
2024-01-08T09:00:00Z,-7.609444,112.595556,0.0009961978066712618,5.985621100990102e-05,-0.0005304065416567028
2024-01-08T12:00:00Z,-7.609444,112.595556,0.0009272379102185369,4.613516284734942e-05,-0.00039928549085743725
2024-01-08T15:00:00Z,-7.609444,112.595556,0.0009592342539690436,7.180318789323792e-05,-0.0002041901316260919
2024-01-08T18:00:00Z,-7.609444,112.595556,0.0009025585604831576,0.0001561278768349439,-7.274590461747721e-05
2024-01-08T21:00:00Z,-7.609444,112.595556,0.0008880359819158912,0.00022504250227939335,-4.183493444998021e-07
2024-01-09T00:00:00Z,-7.609444,112.595556,0.0009186146198771894,0.00034225237322971225,6.408954504877329e-05
2024-01-09T03:00:00Z,-7.609444,112.595556,0.000979942036792636,0.0005578657146543264,0.0001533689210191369
2024-01-09T06:00:00Z,-7.609444,112.595556,0.0009919313015416265,0.000742012111004442,0.00016146170673891902
2024-01-09T09:00:00Z,-7.609444,112.595556,0.0009970980463549497,0.0008363298838958144,-3.4557280741864815e-05
2024-01-09T12:00:00Z,-7.609444,112.595556,0.0010424605570733,0.0009122639312408864,-0.0001299909345107153
2024-01-09T15:00:00Z,-7.609444,112.595556,0.0011262027546763,0.0009553050622344016,-0.0001912873995024711
2024-01-09T18:00:00Z,-7.609444,112.595556,0.001089702011086,0.0010681755375117,-0.000319380167638883
2024-01-09T21:00:00Z,-7.609444,112.595556,0.001037536887452,0.0011086410377174,-0.0004674344090744853
2024-01-10T00:00:00Z,-7.609444,112.595556,0.0009882395388558507,0.0011292765848338,-0.0004166381258983165
2024-01-10T03:00:00Z,-7.609444,112.595556,0.0009414447704330088,0.0011504066642373,-0.0004334590630605817
2024-01-10T06:00:00Z,-7.609444,112.595556,0.0008267777157016098,0.0012231484288349,-0.0003871526860166341
2024-01-10T09:00:00Z,-7.609444,112.595556,0.0007213320932351053,0.0012118669692426,-0.0004260156711097807
2024-01-10T12:00:00Z,-7.609444,112.595556,0.000669027678668499,0.0011761700734496,-0.0003893185930792242
2024-01-10T15:00:00Z,-7.609444,112.595556,0.0006454010144807398,0.0011822066735476,-0.0003646144177764654
2024-01-10T18:00:00Z,-7.609444,112.595556,0.0005500618135556579,0.0011864795815199,-0.0002550212957430631
2024-01-10T21:00:00Z,-7.609444,112.595556,0.0004401142941787839,0.00113581714686,-0.00033104917383752763
2024-01-11T00:00:00Z,-7.609444,112.595556,0.0003925589262507856,0.0010566274868324,-0.0003309883177280426
2024-01-11T03:00:00Z,-7.609444,112.595556,0.00038454984314739693,0.0009684926480986178,-0.0002424118429189548
2024-01-11T06:00:00Z,-7.609444,112.595556,0.0003107847587671131,0.0009048320353031158,-0.0001243117731064558
2024-01-11T09:00:00Z,-7.609444,112.595556,0.0001989053416764364,0.0007998026558198035,-6.820853741373867e-05
2024-01-11T12:00:00Z,-7.609444,112.595556,0.00012001529830740763,0.0007177376537583768,-9.39122310228413e-06
2024-01-11T15:00:00Z,-7.609444,112.595556,0.00010770779044833034,0.0006439175340346992,0.00021161368931643665
2024-01-11T18:00:00Z,-7.609444,112.595556,0.00010112796007888392,0.0005992740043438971,0.0003977325977757573
2024-01-11T21:00:00Z,-7.609444,112.595556,0.0001625672448426485,0.0004228539182804525,0.0005404542898759246
2024-01-12T00:00:00Z,-7.609444,112.595556,0.00018583085329737517,0.00024694844614714384,0.0006530631799250841
2024-01-12T03:00:00Z,-7.609444,112.595556,0.000243423884967342,8.746083767618984e-05,0.0006710097077302635
2024-01-12T06:00:00Z,-7.609444,112.595556,0.00021721451776102185,2.530303936509881e-05,0.0006875157123431563
2024-01-12T09:00:00Z,-7.609444,112.595556,0.00016922310169320554,-2.772248080873396e-06,0.0007372270920313895
2024-01-12T12:00:00Z,-7.609444,112.595556,0.00010970322909997776,-1.3647034393216018e-05,0.0006985553191043437
2024-01-12T15:00:00Z,-7.609444,112.595556,0.00011128823825856672,6.552712147822604e-05,0.0007616732036694884
2024-01-12T18:00:00Z,-7.609444,112.595556,3.730565003934316e-05,0.00022164892288856208,0.0007695360691286623
2024-01-12T21:00:00Z,-7.609444,112.595556,-4.392133632791229e-06,0.0002734011504799128,0.0007726515759713948
2024-01-13T00:00:00Z,-7.609444,112.595556,-1.5881303170317551e-06,0.0002929342444986105,0.0007990840240381658
2024-01-13T03:00:00Z,-7.609444,112.595556,9.30151727516204e-05,0.00030324148247018456,0.0008290356490761042
2024-01-13T06:00:00Z,-7.609444,112.595556,0.0001257193653145805,0.0003304989368189126,0.0008438251097686589
2024-01-13T09:00:00Z,-7.609444,112.595556,0.0001467190304538235,0.0003374941006768495,0.0007550879963673651
2024-01-13T12:00:00Z,-7.609444,112.595556,0.0001157081060227938,0.0003309314197394997,0.0006229180144146085
2024-01-13T15:00:00Z,-7.609444,112.595556,0.00013012335693929344,0.0003657874767668545,0.000599809514824301
2024-01-13T18:00:00Z,-7.609444,112.595556,7.391563849523664e-05,0.0004044802626594901,0.0005470301257446408
2024-01-13T21:00:00Z,-7.609444,112.595556,3.736142753041349e-05,0.00042610985110513866,0.0004434951406437904
2024-01-14T00:00:00Z,-7.609444,112.595556,-3.6003424611408263e-05,0.0005333435838110745,0.000345079752150923
2024-01-14T03:00:00Z,-7.609444,112.595556,4.17303635913413e-05,0.0006690375157631934,0.0004847353557124734
2024-01-14T06:00:00Z,-7.609444,112.595556,0.00014429469592869282,0.0008184783509932458,0.0006032784003764391
2024-01-14T09:00:00Z,-7.609444,112.595556,0.0002302667562616989,0.0008165688486769795,0.000559713167604059
2024-01-14T12:00:00Z,-7.609444,112.595556,0.000296380661893636,0.00078628771007061,0.0005426520947366953
2024-01-14T15:00:00Z,-7.609444,112.595556,0.00041254740790463984,0.0007024501683190465,0.0005896725924685597
2024-01-14T18:00:00Z,-7.609444,112.595556,0.0004593264020513743,0.0006144340732134879,0.0006926494534127414
2024-01-14T21:00:00Z,-7.609444,112.595556,0.0004639450053218752,0.0004728563653770834,0.0006203228258527815
2024-01-15T00:00:00Z,-7.609444,112.595556,0.00043330134940333664,0.0003377836546860636,0.0006466025370173156
2024-01-15T03:00:00Z,-7.609444,112.595556,0.0005310012493282557,0.000194156906218268,0.0008261992479674518
2024-01-15T06:00:00Z,-7.609444,112.595556,0.0005564327584579587,2.491075429134071e-05,0.0009379968396387994
2024-01-15T09:00:00Z,-7.609444,112.595556,0.0005724334623664618,-0.00022663547133561224,0.001012957887724
2024-01-15T12:00:00Z,-7.609444,112.595556,0.000595246849115938,-0.00045904971193522215,0.0011425742413848
2024-01-15T15:00:00Z,-7.609444,112.595556,0.0006647946429438889,-0.0006345497677102685,0.0013200375251471
2024-01-15T18:00:00Z,-7.609444,112.595556,0.0007392961415462196,-0.0007859141333028674,0.00141875538975
2024-01-15T21:00:00Z,-7.609444,112.595556,0.0008328577969223261,-0.0009356082300655544,0.0013905577361583
2024-01-16T00:00:00Z,-7.609444,112.595556,0.0008558510453440249,-0.0010481735225766,0.0014214988332241
2024-01-16T03:00:00Z,-7.609444,112.595556,0.0009280266240239144,-0.0011282139457762,0.0014022901887074
2024-01-16T06:00:00Z,-7.609444,112.595556,0.000952662609051913,-0.0011636237613856,0.0012921226443722
2024-01-16T09:00:00Z,-7.609444,112.595556,0.0009001812431961298,-0.0011636692797765,0.0011890898458659
2024-01-16T12:00:00Z,-7.609444,112.595556,0.0008566477918066084,-0.0011668228544294,0.0011415615445002
2024-01-16T15:00:00Z,-7.609444,112.595556,0.000864892266690731,-0.0011418224312365,0.0011041020043194
2024-01-16T18:00:00Z,-7.609444,112.595556,0.0008363217348232865,-0.0011286690132692,0.0011919370153918
2024-01-16T21:00:00Z,-7.609444,112.595556,0.0008441183599643409,-0.0011500710388645,0.0012121555628255
2024-01-17T00:00:00Z,-7.609444,112.595556,0.000847218616399914,-0.0011359571944922,0.0012259710347279
2024-01-17T03:00:00Z,-7.609444,112.595556,0.000928634370211512,-0.0010838814778253,0.0012389309704303
2024-01-17T06:00:00Z,-7.609444,112.595556,0.0009805680019780991,-0.0010503436205908,0.0012033761013299
2024-01-17T09:00:00Z,-7.609444,112.595556,0.0010413161944597,-0.0011188603239133,0.001110442681238
2024-01-17T12:00:00Z,-7.609444,112.595556,0.0010889911791309,-0.0012366826413199,0.0009894792456179855
2024-01-17T15:00:00Z,-7.609444,112.595556,0.0011511984048411,-0.0013850380200892,0.0008641289896331728
2024-01-17T18:00:00Z,-7.609444,112.595556,0.0011413329048082,-0.0015938627766445,0.0009254952892661096
2024-01-17T21:00:00Z,-7.609444,112.595556,0.0010505612008273,-0.0018141089240089,0.0008249270031228662
2024-01-18T00:00:00Z,-7.609444,112.595556,0.0009476065752096474,-0.0019985397811979,0.0008445257553830743
2024-01-18T03:00:00Z,-7.609444,112.595556,0.0009003987070173025,-0.0021300658117979,0.0008877606596797705
2024-01-18T06:00:00Z,-7.609444,112.595556,0.0008210231317207217,-0.0022430182434618,0.0010440461337566
2024-01-18T09:00:00Z,-7.609444,112.595556,0.0007620701799169183,-0.0024035603273659,0.0011464384151622
2024-01-18T12:00:00Z,-7.609444,112.595556,0.0007380018359981477,-0.0025536268949508,0.0011622186284512
2024-01-18T15:00:00Z,-7.609444,112.595556,0.0007579211960546672,-0.0026741297915577,0.0012778836535289
2024-01-18T18:00:00Z,-7.609444,112.595556,0.0006958731100894511,-0.0027678851038217,0.0014429666334763
2024-01-18T21:00:00Z,-7.609444,112.595556,0.0006589267286472023,-0.0028556082397699,0.0013554525794461
2024-01-19T00:00:00Z,-7.609444,112.595556,0.0006429742788895965,-0.0029284285847097,0.0013671327615156
2024-01-19T03:00:00Z,-7.609444,112.595556,0.0007160507375374436,-0.0029092412441968,0.001351646031253
2024-01-19T06:00:00Z,-7.609444,112.595556,0.000690435350406915,-0.0028456163126975,0.0013721591094508
2024-01-19T09:00:00Z,-7.609444,112.595556,0.0006413161172531545,-0.0028313959483057,0.0013522584922611
2024-01-19T12:00:00Z,-7.609444,112.595556,0.0007007617386989295,-0.0029058069922029,0.0012668467825278
2024-01-19T15:00:00Z,-7.609444,112.595556,0.0008055109647102654,-0.0029523763805627,0.0013083915691822
2024-01-19T18:00:00Z,-7.609444,112.595556,0.0008477346273139119,-0.0029952311888337,0.0014103554422035
2024-01-19T21:00:00Z,-7.609444,112.595556,0.0009695402113720776,-0.0030654973816126,0.0013697234680876
2024-01-20T00:00:00Z,-7.609444,112.595556,0.0011051503242924,-0.0031669496092945,0.0012422957224771
2024-01-20T03:00:00Z,-7.609444,112.595556,0.0013230984332039,-0.0031835522968322,0.0011335761519148
2024-01-20T06:00:00Z,-7.609444,112.595556,0.0014635982224717,-0.003226215718314,0.0009660408250056208
2024-01-20T09:00:00Z,-7.609444,112.595556,0.0015709266299381,-0.0032682325690984,0.0008872629841789603
2024-01-20T12:00:00Z,-7.609444,112.595556,0.0017359661869704,-0.0033110473304986,0.00086724798893556
2024-01-20T15:00:00Z,-7.609444,112.595556,0.0019491114653646,-0.0033846707083284,0.0008478487725369632
2024-01-20T18:00:00Z,-7.609444,112.595556,0.0019843890331685,-0.0033788455184549,0.0008162753074429929
2024-01-20T21:00:00Z,-7.609444,112.595556,0.0019997642375528,-0.0033348139841109,0.0006808984326198697
2024-01-21T00:00:00Z,-7.609444,112.595556,0.0020722795743495,-0.0032977832015603,0.00065892084967345
2024-01-21T03:00:00Z,-7.609444,112.595556,0.0022331392392516,-0.0032337373122572,0.000666944426484406
2024-01-21T06:00:00Z,-7.609444,112.595556,0.0022510034032166,-0.0031700499821454,0.0006040048901923001
2024-01-21T09:00:00Z,-7.609444,112.595556,0.0022730161435902,-0.0030896004755049,0.000567727955058217
2024-01-21T12:00:00Z,-7.609444,112.595556,0.0023829236160963,-0.0030197675805538,0.0005576965631917119
2024-01-21T15:00:00Z,-7.609444,112.595556,0.0024825180880725,-0.0029077227227389,0.0005736115272156894
2024-01-21T18:00:00Z,-7.609444,112.595556,0.002451327163726,-0.0027868195902556,0.0004735953116323799
2024-01-21T21:00:00Z,-7.609444,112.595556,0.0024461774155497,-0.0026360363699495,0.0003348317986819893
2024-01-22T00:00:00Z,-7.609444,112.595556,0.0024993072729557,-0.0024887162726372,0.00032834132434800267
2024-01-22T03:00:00Z,-7.609444,112.595556,0.0025779933203011,-0.0023709021043032,0.0003453282115515321
2024-01-22T06:00:00Z,-7.609444,112.595556,0.0025968677364289,-0.002232996514067,0.00018050218932330608
2024-01-22T09:00:00Z,-7.609444,112.595556,0.002638267353177,-0.002154195215553,0.000105893166619353
2024-01-22T12:00:00Z,-7.609444,112.595556,0.0027635181322693,-0.002042043255642,9.981655603041872e-05
2024-01-22T15:00:00Z,-7.609444,112.595556,0.0028407340869307,-0.0018979631131514,0.00012528176011983305
2024-01-22T18:00:00Z,-7.609444,112.595556,0.0027830300386995,-0.0018046458717435,4.370158785604872e-05
2024-01-22T21:00:00Z,-7.609444,112.595556,0.0027902622241526,-0.0017056600190699,-0.0002378325443714857
2024-01-23T00:00:00Z,-7.609444,112.595556,0.002853856422007,-0.0016498325858265,-0.0001637570676393807
2024-01-23T03:00:00Z,-7.609444,112.595556,0.0028825511690229,-0.0015487112104892,-5.420323577709496e-05
2024-01-23T06:00:00Z,-7.609444,112.595556,0.0028462826739996,-0.0014446306740865,-5.987921031191945e-05
2024-01-23T09:00:00Z,-7.609444,112.595556,0.0028923356439918,-0.001423169625923,7.545176049461588e-05
2024-01-23T12:00:00Z,-7.609444,112.595556,0.0030131489038467,-0.0013824937632307,0.00013224821304902434
2024-01-23T15:00:00Z,-7.609444,112.595556,0.0030982359312474,-0.0013131848536431,0.0002448670275043696
2024-01-23T18:00:00Z,-7.609444,112.595556,0.0030372664332389,-0.0012364975409582,0.00023620827414561063
2024-01-23T21:00:00Z,-7.609444,112.595556,0.0030040217097848,-0.0011791291180998,1.459561099181883e-05
2024-01-24T00:00:00Z,-7.609444,112.595556,0.0029643115121871,-0.0010737301781773,-2.54503629548708e-05
2024-01-24T03:00:00Z,-7.609444,112.595556,0.0028955703601241,-0.0009000558056868613,-5.232642433838919e-05
2024-01-24T06:00:00Z,-7.609444,112.595556,0.0027382236439734,-0.0006929636583663523,-0.0001596476067788899
2024-01-24T09:00:00Z,-7.609444,112.595556,0.002608565846458,-0.0005162267480045557,-0.0001895189197966829
2024-01-24T12:00:00Z,-7.609444,112.595556,0.002518301596865,-0.0003680908994283527,-0.0001923574454849586
2024-01-24T15:00:00Z,-7.609444,112.595556,0.0024887071922421,-0.00028880592435598373,-0.00021238562476355585
2024-01-24T18:00:00Z,-7.609444,112.595556,0.0023983602877706,-0.00024084180768113583,-0.00020619078713934869
2024-01-24T21:00:00Z,-7.609444,112.595556,0.0023745195940136,-0.00021030024799983948,-0.0002856797946151346
2024-01-25T00:00:00Z,-7.609444,112.595556,0.0023425207473337,-0.00031099526677280664,-0.0004047765105497092
2024-01-25T03:00:00Z,-7.609444,112.595556,0.0023348401300609,-0.000421813630964607,-0.0004448966355994344
2024-01-25T06:00:00Z,-7.609444,112.595556,0.0022965020034462,-0.0005407938733696938,-0.0005722202477045357
2024-01-25T09:00:00Z,-7.609444,112.595556,0.002241117414087,-0.0007573674083687365,-0.0006957685691304505
2024-01-25T12:00:00Z,-7.609444,112.595556,0.0021687154658138,-0.0009815278463065624,-0.0007262805011123419
2024-01-25T15:00:00Z,-7.609444,112.595556,0.0021413015201687,-0.0011953556677326,-0.0007314487593248487
2024-01-25T18:00:00Z,-7.609444,112.595556,0.0020752078853547,-0.0013555504847317,-0.0006265658303163946
2024-01-25T21:00:00Z,-7.609444,112.595556,0.0020902119576931,-0.0015158656751736,-0.0006423345184884965
2024-01-26T00:00:00Z,-7.609444,112.595556,0.0021719622891396,-0.0017656726995483,-0.0004696802352555096
2024-01-26T03:00:00Z,-7.609444,112.595556,0.0022792876698076,-0.0019345427863299,-0.000374373747035861
2024-01-26T06:00:00Z,-7.609444,112.595556,0.0023641276638954,-0.0020621321164071,-0.000336195866111666
2024-01-26T09:00:00Z,-7.609444,112.595556,0.0024041007272899,-0.00221279845573,-0.00027843061252497137
2024-01-26T12:00:00Z,-7.609444,112.595556,0.0023845587857067,-0.0022888076491653,-0.0002552831720095128
2024-01-26T15:00:00Z,-7.609444,112.595556,0.0023403777740895,-0.0024351752363145,-0.00026233470998704433
2024-01-26T18:00:00Z,-7.609444,112.595556,0.0022815829142928,-0.0026210788637399,-0.0001697791594779119
2024-01-26T21:00:00Z,-7.609444,112.595556,0.0022908879909664,-0.0027960750740021,-0.0001264060992980376
2024-01-27T00:00:00Z,-7.609444,112.595556,0.0022550751455128,-0.0029455409385263,2.680499164853245e-05
2024-01-27T03:00:00Z,-7.609444,112.595556,0.002236328087747,-0.0029978970997035,0.0001607412559678778
2024-01-27T06:00:00Z,-7.609444,112.595556,0.0022689655888825,-0.0029673085082322,0.0002215683343820274
2024-01-27T09:00:00Z,-7.609444,112.595556,0.00235450360924,-0.0029952959157526,0.00039397645741701126
2024-01-27T12:00:00Z,-7.609444,112.595556,0.0023861217778176,-0.0029927776195108,0.0003302866534795612
2024-01-27T15:00:00Z,-7.609444,112.595556,0.0024016145616769,-0.0029695010744035,0.0003004522295668721
2024-01-27T18:00:00Z,-7.609444,112.595556,0.0024341163225471,-0.0028889398090541,0.0003343853750266135
2024-01-27T21:00:00Z,-7.609444,112.595556,0.0024892056826502,-0.002815100364387,0.0002659362799022347
2024-01-28T00:00:00Z,-7.609444,112.595556,0.0024783969856798,-0.0027571010868996,0.0002999423595611006
2024-01-28T03:00:00Z,-7.609444,112.595556,0.0024645193479955,-0.0026059772353619,0.00026557306409813464
2024-01-28T06:00:00Z,-7.609444,112.595556,0.0024722989182919,-0.002470007399097,0.0002666077925823629
2024-01-28T09:00:00Z,-7.609444,112.595556,0.0025245405267924,-0.002421191195026,0.0003504333144519478
2024-01-28T12:00:00Z,-7.609444,112.595556,0.0025423390325158,-0.0023362145293504,0.0003251618763897568
2024-01-28T15:00:00Z,-7.609444,112.595556,0.0025731711648404,-0.0022301624994724,0.00029662842280231416
2024-01-28T18:00:00Z,-7.609444,112.595556,0.002568895695731,-0.0021021994762122,0.00039073973312042654
2024-01-28T21:00:00Z,-7.609444,112.595556,0.0026372883003205,-0.0020325181540101,0.00037730802432633936
2024-01-29T00:00:00Z,-7.609444,112.595556,0.0026648349594324,-0.0019774823449552,0.000328697293298319
2024-01-29T03:00:00Z,-7.609444,112.595556,0.0027782337274402,-0.0018756156787276,0.000456967914942652
2024-01-29T06:00:00Z,-7.609444,112.595556,0.0028106302488595,-0.0017299093306064,0.0005268106469884515
2024-01-29T09:00:00Z,-7.609444,112.595556,0.0028110016137361,-0.0016047549434006,0.0004591307078953832
2024-01-29T12:00:00Z,-7.609444,112.595556,0.0028847819194197,-0.0014277498703449,0.000393367517972365
2024-01-29T15:00:00Z,-7.609444,112.595556,0.0029562015552073,-0.0012833455111831,0.0003367355384398252
2024-01-29T18:00:00Z,-7.609444,112.595556,0.0029676491394639,-0.0011952500790357,0.00033749433350749314
2024-01-29T21:00:00Z,-7.609444,112.595556,0.0030233797151595,-0.0010981288505718,0.000349457492120564
2024-01-30T00:00:00Z,-7.609444,112.595556,0.0030180590692907,-0.0010064392117783,0.0002511164057068527
2024-01-30T03:00:00Z,-7.609444,112.595556,0.0030274926684796,-0.0008638844010420144,0.00011576865654205903
2024-01-30T06:00:00Z,-7.609444,112.595556,0.0030068466439843,-0.0006952212424948812,9.308916196459904e-05
2024-01-30T09:00:00Z,-7.609444,112.595556,0.0029382612556219,-0.0005774142337031662,-3.690247831400484e-05
2024-01-30T12:00:00Z,-7.609444,112.595556,0.0028851006645709,-0.0005055509973317385,-0.00013888755347579718
2024-01-30T15:00:00Z,-7.609444,112.595556,0.0028745047748088,-0.0005091663915663958,-0.0002257017767988145
2024-01-30T18:00:00Z,-7.609444,112.595556,0.0028562247753143,-0.0005761292413808405,-0.000246280716964975
2024-01-30T21:00:00Z,-7.609444,112.595556,0.0028691035695374,-0.0006271466263569891,-0.0002571158984210342
2024-01-31T00:00:00Z,-7.609444,112.595556,0.0028603042010217,-0.0006463659228757024,-0.0002844658447429538
2024-01-31T03:00:00Z,-7.609444,112.595556,0.0028782724402844,-0.0006625102832913399,-0.00028754211962223053
2024-01-31T06:00:00Z,-7.609444,112.595556,0.0028545297682285,-0.0006755077047273517,-0.0003097152221016586
2024-01-31T09:00:00Z,-7.609444,112.595556,0.0028407792560756,-0.0007231835043057799,-0.000347334222169593
2024-01-31T12:00:00Z,-7.609444,112.595556,0.0028172205202281,-0.0007896079332567751,-0.00036012305645272136
2024-01-31T15:00:00Z,-7.609444,112.595556,0.002792228013277,-0.0008322952198795974,-0.0003791597846429795
2024-01-31T18:00:00Z,-7.609444,112.595556,0.00271469168365,-0.0008322041248902678,-0.00040325341979041696
2024-01-31T21:00:00Z,-7.609444,112.595556,0.0026900509838014,-0.0007720846333540976,-0.000583370216190815
2024-02-01T00:00:00Z,-7.609444,112.595556,0.0026510073803365,-0.0006815779488533735,-0.0005431068129837513
2024-02-01T03:00:00Z,-7.609444,112.595556,0.0026133791543543,-0.0005555373500101268,-0.0004769744700752199
2024-02-01T06:00:00Z,-7.609444,112.595556,0.0024875102099031,-0.0004831239930354059,-0.000440130039351061
2024-02-01T09:00:00Z,-7.609444,112.595556,0.0024589451495558,-0.0004097331839147955,-0.0003921214083675295
2024-02-01T12:00:00Z,-7.609444,112.595556,0.0024353400804102,-0.0003475331177469343,-0.0003419328131712973
2024-02-01T15:00:00Z,-7.609444,112.595556,0.0023391670547425,-0.00028817763086408377,-0.00033421095577068627
2024-02-01T18:00:00Z,-7.609444,112.595556,0.00222974922508,-0.00027535328990779817,-0.0003402949951123446
2024-02-01T21:00:00Z,-7.609444,112.595556,0.002219856949523,-0.00024935160763561726,-0.000269357580691576
2024-02-02T00:00:00Z,-7.609444,112.595556,0.0021808333694934,-0.00033329715370200574,-0.00018459036073181775
2024-02-02T03:00:00Z,-7.609444,112.595556,0.0020873937755823,-0.0003957694862037897,-0.0001786001375876367
2024-02-02T06:00:00Z,-7.609444,112.595556,0.0019930184353142,-0.00045230897376313806,-0.00019935415184590968
2024-02-02T09:00:00Z,-7.609444,112.595556,0.0019838479347527,-0.0005021279212087393,-0.00021353874763008207
2024-02-02T12:00:00Z,-7.609444,112.595556,0.0018491032533347,-0.0004810199607163668,-0.000234426130191423
2024-02-02T15:00:00Z,-7.609444,112.595556,0.0016902732895687,-0.0004805785429198295,-0.00024490398936904967
2024-02-02T18:00:00Z,-7.609444,112.595556,0.0015228337142616,-0.00042900937842205167,-0.00034374778624624014
2024-02-02T21:00:00Z,-7.609444,112.595556,0.001440534251742,-0.00029829860432073474,-0.0004999826196581125
2024-02-03T00:00:00Z,-7.609444,112.595556,0.0012958726147189,-0.0002288976975250989,-0.0004605460853781551
2024-02-03T03:00:00Z,-7.609444,112.595556,0.0011404362739995,-9.52025584410876e-05,-0.0004527797282207757
2024-02-03T06:00:00Z,-7.609444,112.595556,0.0010285370517522,-1.2519994015747216e-05,-0.0004892487777397037
2024-02-03T09:00:00Z,-7.609444,112.595556,0.00110276741907,4.462126162252389e-05,-0.0003403869923204184
2024-02-03T12:00:00Z,-7.609444,112.595556,0.0011219944572076,2.472397500241641e-05,-0.00017276145808864385
2024-02-03T15:00:00Z,-7.609444,112.595556,0.0011086267186328,-1.352582603431074e-05,-9.487672650720924e-05
2024-02-03T18:00:00Z,-7.609444,112.595556,0.0010838118614628,-3.112776903435588e-05,-7.41549301892519e-05
2024-02-03T21:00:00Z,-7.609444,112.595556,0.0011965753510594,-3.655047112260945e-05,-9.327352745458484e-05
2024-02-04T00:00:00Z,-7.609444,112.595556,0.0012143177445977,-7.947792619233951e-05,-2.3435273760696876e-05
2024-02-04T03:00:00Z,-7.609444,112.595556,0.0012049595825374,-0.0001326289784628898,-5.920995681663044e-05
2024-02-04T06:00:00Z,-7.609444,112.595556,0.0011310318950563,-0.00017109305190388113,-0.0001406165538355708
2024-02-04T09:00:00Z,-7.609444,112.595556,0.0011379360221326,-0.0002645250060595572,-0.00027218449395149946
2024-02-04T12:00:00Z,-7.609444,112.595556,0.0010977244237437,-0.00037496426375582814,-0.0003073231491725892
2024-02-04T15:00:00Z,-7.609444,112.595556,0.0010524678509682,-0.0004455220769159496,-0.0002888940507546067
2024-02-04T18:00:00Z,-7.609444,112.595556,0.001031493069604,-0.0004584995622280985,-0.00025292643113061786
2024-02-04T21:00:00Z,-7.609444,112.595556,0.0011034093331545,-0.00047970289597287774,-0.0002984475577250123
2024-02-05T00:00:00Z,-7.609444,112.595556,0.0011662514880299,-0.000550616648979485,-0.00029020695365034044
2024-02-05T03:00:00Z,-7.609444,112.595556,0.0012252829037606,-0.0005659963353537023,-0.00031647252035327256
2024-02-05T06:00:00Z,-7.609444,112.595556,0.0012295095948502,-0.0005321583012118936,-0.0004211582709103823
2024-02-05T09:00:00Z,-7.609444,112.595556,0.0012662634253501,-0.0005371225415728986,-0.0005192963872104883
2024-02-05T12:00:00Z,-7.609444,112.595556,0.0013052081922069,-0.0005872625042684376,-0.0005571026704274118
2024-02-05T15:00:00Z,-7.609444,112.595556,0.0012895084219053,-0.0006480121519416571,-0.0006885324255563319
2024-02-05T18:00:00Z,-7.609444,112.595556,0.0012820595875382,-0.0006833510124124587,-0.000784111674875021
2024-02-05T21:00:00Z,-7.609444,112.595556,0.0013202661648392,-0.0006873998790979385,-0.0008793617598712444
2024-02-06T00:00:00Z,-7.609444,112.595556,0.0013421240728348,-0.0007577718934044242,-0.0007724111783318222
2024-02-06T03:00:00Z,-7.609444,112.595556,0.0013374517438933,-0.0007263188017532229,-0.000680080964230001
2024-02-06T06:00:00Z,-7.609444,112.595556,0.0012730829184874,-0.0006096455617807806,-0.0006152053829282522
2024-02-06T09:00:00Z,-7.609444,112.595556,0.001286550424993,-0.0005906719015911222,-0.0006051972159184515
2024-02-06T12:00:00Z,-7.609444,112.595556,0.0013375199632719,-0.0006543585914187133,-0.0004893540753982961
2024-02-06T15:00:00Z,-7.609444,112.595556,0.0013546514092013,-0.0006409214693121612,-0.0004250445635989309
2024-02-06T18:00:00Z,-7.609444,112.595556,0.0013119127834215,-0.0005401475355029106,-0.0005357497138902545
2024-02-06T21:00:00Z,-7.609444,112.595556,0.0013735202373936,-0.0003890152147505432,-0.0007060091011226177
2024-02-07T00:00:00Z,-7.609444,112.595556,0.0013938678894191,-0.0002785729884635657,-0.0007336040143854916
2024-02-07T03:00:00Z,-7.609444,112.595556,0.0013600212987512,-0.00011826778063550591,-0.0007834695279598236
2024-02-07T06:00:00Z,-7.609444,112.595556,0.0012388724135234,9.896399569697678e-05,-0.0008975325035862625
2024-02-07T09:00:00Z,-7.609444,112.595556,0.001161154359579,0.0002142670127796009,-0.0008670142269693315
2024-02-07T12:00:00Z,-7.609444,112.595556,0.0011227617505937,0.0002909527102019638,-0.0007502640946768224
2024-02-07T15:00:00Z,-7.609444,112.595556,0.001042395713739,0.0005131346988491714,-0.0007983925752341747
2024-02-07T18:00:00Z,-7.609444,112.595556,0.0009393717045895756,0.0006834121304564178,-0.0008115958189591765
2024-02-07T21:00:00Z,-7.609444,112.595556,0.0009917983552441,0.0008398457430303097,-0.0009044876787811518
2024-02-08T00:00:00Z,-7.609444,112.595556,0.0010193443158641,0.0008855201303958893,-0.0009359664982184768
2024-02-08T03:00:00Z,-7.609444,112.595556,0.0010368729708716,0.0008680715109221637,-0.0008961489074863493
2024-02-08T06:00:00Z,-7.609444,112.595556,0.00095785828307271,0.0008665756322443485,-0.0010525026591494
2024-02-08T09:00:00Z,-7.609444,112.595556,0.0008970790077000856,0.0008648165967315435,-0.0011847595451399
2024-02-08T12:00:00Z,-7.609444,112.595556,0.0007787032518535852,0.0009541602921672164,-0.0013103220844641
2024-02-08T15:00:00Z,-7.609444,112.595556,0.0005698218010365963,0.0011154671665281,-0.001560982200317
2024-02-08T18:00:00Z,-7.609444,112.595556,0.0003332830674480647,0.0012234961614012,-0.0016974607715383
2024-02-08T21:00:00Z,-7.609444,112.595556,0.0002380727819399908,0.0012697607744485,-0.0017711292020976
2024-02-09T00:00:00Z,-7.609444,112.595556,0.00016835670976433903,0.0012554876739159,-0.0018151645781472
2024-02-09T03:00:00Z,-7.609444,112.595556,0.0001343705371255055,0.0012960612075403,-0.0018732766620814
2024-02-09T06:00:00Z,-7.609444,112.595556,8.477773371851072e-05,0.0013919173507019,-0.0019257829990237
2024-02-09T09:00:00Z,-7.609444,112.595556,0.00011832434392999858,0.0014471212634816,-0.0019254551734775
2024-02-09T12:00:00Z,-7.609444,112.595556,8.601683657616377e-05,0.0015172782586887,-0.0021063897293061
2024-02-09T15:00:00Z,-7.609444,112.595556,4.586519571603276e-05,0.0016684962902218,-0.00225715409033
2024-02-09T18:00:00Z,-7.609444,112.595556,1.7468486475991085e-05,0.001740870415233,-0.002325038658455
2024-02-09T21:00:00Z,-7.609444,112.595556,5.286507439450361e-05,0.0017873622709885,-0.0023577283136546
2024-02-10T00:00:00Z,-7.609444,112.595556,5.564145249081776e-05,0.001888275379315,-0.0024067081976681
2024-02-10T03:00:00Z,-7.609444,112.595556,9.424869494978338e-05,0.002039693063125,-0.0024496288970112
2024-02-10T06:00:00Z,-7.609444,112.595556,0.0001417764724465087,0.002173718297854,-0.0024200924672186
2024-02-10T09:00:00Z,-7.609444,112.595556,0.00024101660528685895,0.0022384044714272,-0.0023015905171632
2024-02-10T12:00:00Z,-7.609444,112.595556,0.0003269403241574764,0.0022690026089549,-0.0022847109939903
2024-02-10T15:00:00Z,-7.609444,112.595556,0.0003925765922758728,0.0023808707483112,-0.0023115058429539
2024-02-10T18:00:00Z,-7.609444,112.595556,0.0004362172912806273,0.0023903606925159,-0.0021592045668512
2024-02-10T21:00:00Z,-7.609444,112.595556,0.0005703202332369983,0.0024307672865688,-0.0020842249505221
2024-02-11T00:00:00Z,-7.609444,112.595556,0.0006325091817416251,0.0024533476680517,-0.0020189322531223
2024-02-11T03:00:00Z,-7.609444,112.595556,0.0006784850847907364,0.0024592082481831,-0.0020246319472789
2024-02-11T06:00:00Z,-7.609444,112.595556,0.0006962477928027511,0.002431744011119,-0.0019707360770553
2024-02-11T09:00:00Z,-7.609444,112.595556,0.0007976487395353615,0.0023355088196694,-0.00184558914043
2024-02-11T12:00:00Z,-7.609444,112.595556,0.0008314466685988009,0.0022232648916542,-0.001847346778959
2024-02-11T15:00:00Z,-7.609444,112.595556,0.0008281055488623679,0.0021835134830325,-0.0017828535055741
2024-02-11T18:00:00Z,-7.609444,112.595556,0.0008481451077386737,0.0020645828917622,-0.0015437785768881
2024-02-11T21:00:00Z,-7.609444,112.595556,0.0009580550249665976,0.001898878137581,-0.0014391974546015
2024-02-12T00:00:00Z,-7.609444,112.595556,0.000954439165070653,0.0017186779296025,-0.0013191539328545
2024-02-12T03:00:00Z,-7.609444,112.595556,0.00094979238929227,0.0015384393045678,-0.0013115630717948
2024-02-12T06:00:00Z,-7.609444,112.595556,0.0009329122840426862,0.0013194534694775,-0.0012402724241837
2024-02-12T09:00:00Z,-7.609444,112.595556,0.0009586734813638031,0.0010708570480346,-0.0011537715326994
2024-02-12T12:00:00Z,-7.609444,112.595556,0.0009246247354894876,0.0008032554178498685,-0.0011584028834477
2024-02-12T15:00:00Z,-7.609444,112.595556,0.000884801265783608,0.00056118966313079,-0.0012522742617875
2024-02-12T18:00:00Z,-7.609444,112.595556,0.0008714522118680179,0.0002216494467575103,-0.0010265060700476
2024-02-12T21:00:00Z,-7.609444,112.595556,0.000931723217945546,-9.550831600790843e-05,-0.0009214377496391536
2024-02-13T00:00:00Z,-7.609444,112.595556,0.000922765233553946,-0.0003823334700427949,-0.0007913908921182156
2024-02-13T03:00:00Z,-7.609444,112.595556,0.0010318075073882,-0.0006395558011718094,-0.0006513902335427701
2024-02-13T06:00:00Z,-7.609444,112.595556,0.0011013107141479,-0.000887382950168103,-0.0004429836990311742
2024-02-13T09:00:00Z,-7.609444,112.595556,0.0011131176725029,-0.001151094213128,-0.0003501155006233603
2024-02-13T12:00:00Z,-7.609444,112.595556,0.0010923873633146,-0.0013995309127494,-0.00029059030930511653
2024-02-13T15:00:00Z,-7.609444,112.595556,0.0011361929355189,-0.0016521817306056,-0.0002902293927036226
2024-02-13T18:00:00Z,-7.609444,112.595556,0.0011413922766223,-0.0019056891323998,-0.00012553117994684726
2024-02-13T21:00:00Z,-7.609444,112.595556,0.0011721173068508,-0.0020383805967867,-0.00011043583072023466
2024-02-14T00:00:00Z,-7.609444,112.595556,0.0011410950683057,-0.0021815395448356,-5.692612467100844e-05
2024-02-14T03:00:00Z,-7.609444,112.595556,0.0011877403594553,-0.0022440848406404,3.013628884218633e-06
2024-02-14T06:00:00Z,-7.609444,112.595556,0.0012026311596855,-0.0023164788726717,0.00019320423598401248
2024-02-14T09:00:00Z,-7.609444,112.595556,0.0011973165674135,-0.0024134970735758,0.00028556110919453204
2024-02-14T12:00:00Z,-7.609444,112.595556,0.0011634390102699,-0.0025304004084318,0.0002613968390505761
2024-02-14T15:00:00Z,-7.609444,112.595556,0.0012198890326544,-0.0025449537206441,0.00031989405397325754
2024-02-14T18:00:00Z,-7.609444,112.595556,0.0012068983633071,-0.0025507307145744,0.0004605512076523155
2024-02-14T21:00:00Z,-7.609444,112.595556,0.0012163129867985,-0.0024978688452392,0.0004037218459416181
2024-02-15T00:00:00Z,-7.609444,112.595556,0.001218537450768,-0.0024663221556693,0.0003472621610853821
2024-02-15T03:00:00Z,-7.609444,112.595556,0.0012997675221413,-0.0024510673247277,0.00040908140363171697
2024-02-15T06:00:00Z,-7.609444,112.595556,0.0013200351968407,-0.0024042471777647,0.000478056026622653
2024-02-15T09:00:00Z,-7.609444,112.595556,0.0012926819035783,-0.00234408932738,0.0004406552470754832
2024-02-15T12:00:00Z,-7.609444,112.595556,0.0012210151180624,-0.0022805663757026,0.00032259279396384954
2024-02-15T15:00:00Z,-7.609444,112.595556,0.0011705753859132,-0.00219242204912,0.0003886477497871965
2024-02-15T18:00:00Z,-7.609444,112.595556,0.0011782565852627,-0.0021966742351651,0.0005440828390419483
2024-02-15T21:00:00Z,-7.609444,112.595556,0.0013022178318351,-0.0022440864704549,0.0005528341862373054
2024-02-16T00:00:00Z,-7.609444,112.595556,0.0013948142295703,-0.0023296019062399,0.0005932960193604231
2024-02-16T03:00:00Z,-7.609444,112.595556,0.0015036026015877,-0.002397425705567,0.0006878752610646188
2024-02-16T06:00:00Z,-7.609444,112.595556,0.0015260877553373,-0.0024824095889925,0.0007346909260377288
2024-02-16T09:00:00Z,-7.609444,112.595556,0.0016385088674724,-0.0025822741445153,0.0006956506404094398
2024-02-16T12:00:00Z,-7.609444,112.595556,0.0017234236001968,-0.0027037241961807,0.0006882299203425646
2024-02-16T15:00:00Z,-7.609444,112.595556,0.0017168869962915,-0.0027902254369109,0.0006977562443353236
2024-02-16T18:00:00Z,-7.609444,112.595556,0.0016217549564316,-0.0028874615672975,0.0007389045786112547
2024-02-16T21:00:00Z,-7.609444,112.595556,0.001668601646088,-0.0029592008795589,0.0006793700740672648
2024-02-17T00:00:00Z,-7.609444,112.595556,0.0017571679782122,-0.0030297206249088,0.0007476754835806787
2024-02-17T03:00:00Z,-7.609444,112.595556,0.0018047186313197,-0.0030231208074837,0.0007377068977802992
2024-02-17T06:00:00Z,-7.609444,112.595556,0.0017814695602282,-0.0029724680352956,0.0007330860826186836
2024-02-17T09:00:00Z,-7.609444,112.595556,0.0018348569283261,-0.0030387856531888,0.0006478017312474549
2024-02-17T12:00:00Z,-7.609444,112.595556,0.0018981384346261,-0.0031103873625397,0.000565101858228445
2024-02-17T15:00:00Z,-7.609444,112.595556,0.0019109223503619,-0.0031391941010951,0.000519388762768358
2024-02-17T18:00:00Z,-7.609444,112.595556,0.0018570355605334,-0.0031091864220798,0.0004687758337240666
2024-02-17T21:00:00Z,-7.609444,112.595556,0.0018891660729423,-0.0030379821546375,0.0002862671681214124
2024-02-18T00:00:00Z,-7.609444,112.595556,0.0019743421580642,-0.0029499074444174,0.00027079894789494574
2024-02-18T03:00:00Z,-7.609444,112.595556,0.0020188547205179,-0.0028893845155835,0.00021886236208956689
2024-02-18T06:00:00Z,-7.609444,112.595556,0.001958159962669,-0.0027696539182215,0.00018060795264318583
2024-02-18T09:00:00Z,-7.609444,112.595556,0.0019285739399492,-0.0026721027679741,4.03563171857968e-05
2024-02-18T12:00:00Z,-7.609444,112.595556,0.0019862821791321,-0.0026350079569965,1.5398980394820683e-05
2024-02-18T15:00:00Z,-7.609444,112.595556,0.0020118483807891,-0.0025858804583549,-1.3455777434501217e-06
2024-02-18T18:00:00Z,-7.609444,112.595556,0.0018895347602665,-0.0024985175114125,-2.3420225261361335e-05
2024-02-18T21:00:00Z,-7.609444,112.595556,0.0018415066879242,-0.0024369449820369,-0.0001963351824088022
2024-02-19T00:00:00Z,-7.609444,112.595556,0.0018335210625082,-0.0024356986396014,-0.00021048836060799656
2024-02-19T03:00:00Z,-7.609444,112.595556,0.0018307977588847,-0.0024417906533926,-0.0001602860284037888
2024-02-19T06:00:00Z,-7.609444,112.595556,0.0017308753449469,-0.0024216712918132,-4.696173709817231e-05
2024-02-19T09:00:00Z,-7.609444,112.595556,0.0016737737460061,-0.0023930524475872,5.199304359848611e-05
2024-02-19T12:00:00Z,-7.609444,112.595556,0.0016527231782674,-0.0024197571910917,0.0001580469834152609
2024-02-19T15:00:00Z,-7.609444,112.595556,0.0016687156166881,-0.0023888256400823,0.0002596332342363894
2024-02-19T18:00:00Z,-7.609444,112.595556,0.0015919073484838,-0.0024047037586569,0.0003356419329065829
2024-02-19T21:00:00Z,-7.609444,112.595556,0.0016082329675555,-0.0024155608844012,0.0003461163432803005
2024-02-20T00:00:00Z,-7.609444,112.595556,0.0016003189375624,-0.0025092461146414,0.00034431382664479315
2024-02-20T03:00:00Z,-7.609444,112.595556,0.00157055654563,-0.0025438475422561,0.00030467534088529646
2024-02-20T06:00:00Z,-7.609444,112.595556,0.0015079247532412,-0.0025944293010979,0.0003202747320756316
2024-02-20T09:00:00Z,-7.609444,112.595556,0.0014157281257212,-0.0026834504678845,0.00023407948901876807
2024-02-20T12:00:00Z,-7.609444,112.595556,0.0012912898091599,-0.0027435526717454,0.0002383073442615569
2024-02-20T15:00:00Z,-7.609444,112.595556,0.0012197386240586,-0.0027349754236638,0.00015546246140729636
2024-02-20T18:00:00Z,-7.609444,112.595556,0.0011262943735346,-0.0027323402464389,0.0001504247193224728
2024-02-20T21:00:00Z,-7.609444,112.595556,0.0010842258343473,-0.0027322848327457,8.474611968267709e-05
2024-02-21T00:00:00Z,-7.609444,112.595556,0.0010805774945765,-0.0027503627352416,0.0001738721039146185
2024-02-21T03:00:00Z,-7.609444,112.595556,0.0010810596868395,-0.0026859804056584,5.488362148753368e-05
2024-02-21T06:00:00Z,-7.609444,112.595556,0.0010610742028802,-0.0026691216044127,-3.27640118484851e-05
2024-02-21T09:00:00Z,-7.609444,112.595556,0.0010771348606795,-0.0026699549052864,-0.00025821247254498303
2024-02-21T12:00:00Z,-7.609444,112.595556,0.0010689822956919,-0.0027133377734571,-0.0004096886841580272
2024-02-21T15:00:00Z,-7.609444,112.595556,0.001005892525427,-0.0026268628425896,-0.0006970299873501062
2024-02-21T18:00:00Z,-7.609444,112.595556,0.0008376753539778292,-0.0024971878156065,-0.0008871167083270848
2024-02-21T21:00:00Z,-7.609444,112.595556,0.0007742909947410226,-0.0023398571647703,-0.0011341162025928
2024-02-22T00:00:00Z,-7.609444,112.595556,0.0007283680606633425,-0.0022741167340427,-0.0011935220099985
2024-02-22T03:00:00Z,-7.609444,112.595556,0.000619776954408735,-0.0021700032521039,-0.0013518390478566
2024-02-22T06:00:00Z,-7.609444,112.595556,0.0004865729715675116,-0.0020393026061356,-0.0014117035316303
2024-02-22T09:00:00Z,-7.609444,112.595556,0.0004698413249570877,-0.0019510820275172,-0.0014394104946404
2024-02-22T12:00:00Z,-7.609444,112.595556,0.0004907810362055898,-0.0019315609242767,-0.0015332595212385
2024-02-22T15:00:00Z,-7.609444,112.595556,0.0005174457328394055,-0.0018038048874586,-0.0016622454859316
2024-02-22T18:00:00Z,-7.609444,112.595556,0.0004022290231660008,-0.0016973764868453,-0.0017433115281164
2024-02-22T21:00:00Z,-7.609444,112.595556,0.000395423179725185,-0.0015873552765697,-0.0019018540624529
2024-02-23T00:00:00Z,-7.609444,112.595556,0.0004835305735468864,-0.0015906231710687,-0.0019142552046105
2024-02-23T03:00:00Z,-7.609444,112.595556,0.0005517314421012998,-0.0015829256735742,-0.0018590961117297
2024-02-23T06:00:00Z,-7.609444,112.595556,0.0005409298464655876,-0.0015178007306531,-0.0018688979325816
2024-02-23T09:00:00Z,-7.609444,112.595556,0.0005371832521632314,-0.0014649229124188,-0.0018304125405848
2024-02-23T12:00:00Z,-7.609444,112.595556,0.0006318475934676826,-0.0015320302918553,-0.0017533720238134
2024-02-23T15:00:00Z,-7.609444,112.595556,0.0008467911393381655,-0.0016200782265514,-0.0015103683108463
2024-02-23T18:00:00Z,-7.609444,112.595556,0.0008938037790358067,-0.0016482276841998,-0.0013100900687277
2024-02-23T21:00:00Z,-7.609444,112.595556,0.0009694003965705632,-0.0016234373906627,-0.0012982847401872
2024-02-24T00:00:00Z,-7.609444,112.595556,0.001110469456762,-0.0017145174788311,-0.0011690182145684
2024-02-24T03:00:00Z,-7.609444,112.595556,0.0012541719479486,-0.0017863269895315,-0.0010953914606943
2024-02-24T06:00:00Z,-7.609444,112.595556,0.00133185274899,-0.0018030727514997,-0.0010172803886234
2024-02-24T09:00:00Z,-7.609444,112.595556,0.0013506802497431,-0.001837451942265,-0.0010017488384619
2024-02-24T12:00:00Z,-7.609444,112.595556,0.0013833612902089,-0.0019758674316108,-0.000982960220426321
2024-02-24T15:00:00Z,-7.609444,112.595556,0.0015061851590871,-0.0021139052696526,-0.0008807281847111881
2024-02-24T18:00:00Z,-7.609444,112.595556,0.0014808735577389,-0.0021342998370528,-0.0006771015468984842
2024-02-24T21:00:00Z,-7.609444,112.595556,0.0014419059734791,-0.0021279577631503,-0.000664723280351609
2024-02-25T00:00:00Z,-7.609444,112.595556,0.0014417634811252,-0.0021809376776218,-0.0005623391480185091
2024-02-25T03:00:00Z,-7.609444,112.595556,0.0014784100931137,-0.0022524651139974,-0.0005412562168203294
2024-02-25T06:00:00Z,-7.609444,112.595556,0.0014797811163589,-0.0022735882084816,-0.0005259181489236653
2024-02-25T09:00:00Z,-7.609444,112.595556,0.0014437272911891,-0.0022990880534052,-0.0006337020895443857
2024-02-25T12:00:00Z,-7.609444,112.595556,0.0013626280706375,-0.0023665174376219,-0.0007701667491346598
2024-02-25T15:00:00Z,-7.609444,112.595556,0.0013238154351711,-0.0023513250052928,-0.0008518673130311072
2024-02-25T18:00:00Z,-7.609444,112.595556,0.0012066961498931,-0.00230767368339,-0.0009755493374541402
2024-02-25T21:00:00Z,-7.609444,112.595556,0.0011081756092607,-0.0022558257915079,-0.0010304036550223
2024-02-26T00:00:00Z,-7.609444,112.595556,0.0009811240015551448,-0.0023019374348223,-0.0011181407608091
2024-02-26T03:00:00Z,-7.609444,112.595556,0.0008819046779535711,-0.0023549862671643,-0.0011175613617524
2024-02-26T06:00:00Z,-7.609444,112.595556,0.0007781616877764463,-0.002364050829783,-0.0011467431904748
2024-02-26T09:00:00Z,-7.609444,112.595556,0.000774551706854254,-0.0023704844061285,-0.0011281874030828
2024-02-26T12:00:00Z,-7.609444,112.595556,0.0006742277764715254,-0.0024169557727873,-0.0011297744931653
2024-02-26T15:00:00Z,-7.609444,112.595556,0.0006272779428400099,-0.0024469362106174,-0.0010565317934378
2024-02-26T18:00:00Z,-7.609444,112.595556,0.0006353319040499628,-0.0025203148834407,-0.0009209709241986276
2024-02-26T21:00:00Z,-7.609444,112.595556,0.000751142855733633,-0.0026706012431532,-0.0009578081662766637
2024-02-27T00:00:00Z,-7.609444,112.595556,0.0008346757967956364,-0.0028811474330723,-0.000912103452719748
2024-02-27T03:00:00Z,-7.609444,112.595556,0.0009152289130724968,-0.0030618833843618,-0.0009427808108739556
2024-02-27T06:00:00Z,-7.609444,112.595556,0.000952628266531974,-0.0031299507245421,-0.000981000019237399
2024-02-27T09:00:00Z,-7.609444,112.595556,0.0009610884007997812,-0.0031906266231089,-0.0010632532648742
2024-02-27T12:00:00Z,-7.609444,112.595556,0.000945056730415672,-0.0032841977663338,-0.0010707472683861
2024-02-27T15:00:00Z,-7.609444,112.595556,0.0009520111489109696,-0.0033825749997049,-0.000978295924142003
2024-02-27T18:00:00Z,-7.609444,112.595556,0.0008877715445123613,-0.0034405456390231,-0.0009132250561378896
2024-02-27T21:00:00Z,-7.609444,112.595556,0.0009846983011811972,-0.0035175762604922,-0.0009450201177969576
2024-02-28T00:00:00Z,-7.609444,112.595556,0.0010593568440526,-0.0035951922181993,-0.0009686682606115936
2024-02-28T03:00:00Z,-7.609444,112.595556,0.0010543609969317,-0.0036078989505767,-0.0009077091235667468
2024-02-28T06:00:00Z,-7.609444,112.595556,0.0010112661402672,-0.0035480605438351,-0.000802783586550504
2024-02-28T09:00:00Z,-7.609444,112.595556,0.0010361789027228,-0.0035088739823549,-0.000783370400313288
2024-02-28T12:00:00Z,-7.609444,112.595556,0.000999945099465549,-0.0035237539559602,-0.0007827149820514023
2024-02-28T15:00:00Z,-7.609444,112.595556,0.0009619222255423664,-0.0034916847944259,-0.0006951224058866501
2024-02-28T18:00:00Z,-7.609444,112.595556,0.0008283497882075608,-0.0033669895492494,-0.0007231073686853051
2024-02-28T21:00:00Z,-7.609444,112.595556,0.0007718111155554652,-0.0032715993002057,-0.0006926206406205893
2024-02-29T00:00:00Z,-7.609444,112.595556,0.0007444536895491183,-0.0032089452724903,-0.0005709650577045977
2024-02-29T03:00:00Z,-7.609444,112.595556,0.0007904702797532082,-0.0031461787875741,-0.0005562290316447616
2024-02-29T06:00:00Z,-7.609444,112.595556,0.0007443476933985949,-0.0030905504245311,-0.0003974309947807342
2024-02-29T09:00:00Z,-7.609444,112.595556,0.000777278677560389,-0.003068124409765,-0.0003331863845232874
2024-02-29T12:00:00Z,-7.609444,112.595556,0.0007916378672234714,-0.0030497414991259,-0.00037137436447665095
2024-02-29T15:00:00Z,-7.609444,112.595556,0.0007663231808692217,-0.0029376749880611,-0.0004149655869696289
2024-02-29T18:00:00Z,-7.609444,112.595556,0.0006760790129192173,-0.0027820349205285,-0.0003852813970297575
2024-02-29T21:00:00Z,-7.609444,112.595556,0.0006747828447259963,-0.0027009586337953,-0.0003863151359837502
2024-03-01T00:00:00Z,-7.609444,112.595556,0.0006828134064562619,-0.0025861598551273,-0.00036612682742998
2024-03-01T03:00:00Z,-7.609444,112.595556,0.0007300024735741317,-0.002455566311255,-0.00034685528953559697
2024-03-01T06:00:00Z,-7.609444,112.595556,0.0007362905307672918,-0.0022999013308435,-0.0002637194702401757
2024-03-01T09:00:00Z,-7.609444,112.595556,0.0007381170871667564,-0.0021578238811343,-0.00031841659802012146
2024-03-01T12:00:00Z,-7.609444,112.595556,0.000720574869774282,-0.0019991726148873,-0.00023262453032657504
2024-03-01T15:00:00Z,-7.609444,112.595556,0.0007306907791644335,-0.0017397706396877,-0.0002585681213531643
2024-03-01T18:00:00Z,-7.609444,112.595556,0.0006840440328232944,-0.0015478366985917,-0.00018101745808962733
2024-03-01T21:00:00Z,-7.609444,112.595556,0.0007260012207552791,-0.001384716364555,-0.00014529410691466182
2024-03-02T00:00:00Z,-7.609444,112.595556,0.0007186143193393946,-0.0011859161313623,-0.0001960773952305317
2024-03-02T03:00:00Z,-7.609444,112.595556,0.0007013232097961009,-0.0009613322908990084,-0.00024353039043489844
2024-03-02T06:00:00Z,-7.609444,112.595556,0.0006483301403932273,-0.0007358457078225911,-0.00019580706430133432
2024-03-02T09:00:00Z,-7.609444,112.595556,0.000662759761326015,-0.0005165362963452935,-0.00010598450899124146
2024-03-02T12:00:00Z,-7.609444,112.595556,0.0006258614594116807,-0.00033007943420670927,-8.989102934719995e-05
2024-03-02T15:00:00Z,-7.609444,112.595556,0.0006086112698540092,-0.00014193951210472733,-0.00020115442748647183
2024-03-02T18:00:00Z,-7.609444,112.595556,0.0004833795828744769,2.5008221200550903e-05,-0.00021755433408543468
2024-03-02T21:00:00Z,-7.609444,112.595556,0.0004552135360427201,0.000177826703293249,-0.00025162097881548107
2024-03-03T00:00:00Z,-7.609444,112.595556,0.0004347564827185124,0.0003575500741135329,-0.00021354267664719373
2024-03-03T03:00:00Z,-7.609444,112.595556,0.0004245247400831431,0.0004858521569985896,-0.00013986874546390027
2024-03-03T06:00:00Z,-7.609444,112.595556,0.00037234104820527136,0.0005630371742881835,-5.805157343274914e-05
2024-03-03T09:00:00Z,-7.609444,112.595556,0.0003929495578631759,0.0005307995597831905,9.171259443974122e-05
2024-03-03T12:00:00Z,-7.609444,112.595556,0.0004000724002253264,0.00041291886009275913,0.00015196703316178173
2024-03-03T15:00:00Z,-7.609444,112.595556,0.00037357397377491,0.0003593136789277196,0.00018201816419605168
2024-03-03T18:00:00Z,-7.609444,112.595556,0.00025016377912834287,0.0003030289663001895,0.000197603163542226
2024-03-03T21:00:00Z,-7.609444,112.595556,0.0001875222660601139,0.0002747635589912534,0.0001966576965060085
2024-03-04T00:00:00Z,-7.609444,112.595556,0.00018744770204648376,0.0002085892338072881,0.0002676215081010014
2024-03-04T03:00:00Z,-7.609444,112.595556,0.00026113231433555484,6.343402492348105e-05,0.00028007893706671894
2024-03-04T06:00:00Z,-7.609444,112.595556,0.00021154510613996536,-0.000108842650661245,0.0002847395371645689
2024-03-04T09:00:00Z,-7.609444,112.595556,0.00026333730784244835,-0.0003001412842422724,0.0003298155788797885
2024-03-04T12:00:00Z,-7.609444,112.595556,0.0003140165063086897,-0.0005086390301585197,0.00031329161720350385
2024-03-04T15:00:00Z,-7.609444,112.595556,0.0003213403979316354,-0.0006657715421169996,0.00026273945695720613
2024-03-04T18:00:00Z,-7.609444,112.595556,0.0002112538059009239,-0.0007720146677456796,0.00027670105919241905
2024-03-04T21:00:00Z,-7.609444,112.595556,0.0002220742317149416,-0.0008918007952161133,0.0002015200007008389
2024-03-05T00:00:00Z,-7.609444,112.595556,0.0003340465482324362,-0.0010140517260879,0.00026318043819628656
2024-03-05T03:00:00Z,-7.609444,112.595556,0.0004495429166126996,-0.0012220693752169,0.0003832880756817758
2024-03-05T06:00:00Z,-7.609444,112.595556,0.0004865695082116872,-0.0013698448892682,0.0004684708255808801
2024-03-05T09:00:00Z,-7.609444,112.595556,0.0005585812614299357,-0.0014952350175008,0.0004533232131507248
2024-03-05T12:00:00Z,-7.609444,112.595556,0.0006302769761532545,-0.0016468539834022,0.0003845656174235046
2024-03-05T15:00:00Z,-7.609444,112.595556,0.0006953851552680135,-0.0017563106957823,0.0003406804462429136
2024-03-05T18:00:00Z,-7.609444,112.595556,0.0006247021956369281,-0.0018065714975818,0.00041704365867190063
2024-03-05T21:00:00Z,-7.609444,112.595556,0.0006241234950721264,-0.0018481147708371,0.0003351854393258691
2024-03-06T00:00:00Z,-7.609444,112.595556,0.0007191429613158107,-0.0019255531951785,0.00035247066989541054
2024-03-06T03:00:00Z,-7.609444,112.595556,0.0007871112320572138,-0.002027872018516,0.00030661519849672914
2024-03-06T06:00:00Z,-7.609444,112.595556,0.0007409726968035102,-0.002076412551105,0.0002849940210580826
2024-03-06T09:00:00Z,-7.609444,112.595556,0.0007230301853269339,-0.0020764875225722,0.0002289546246174723
2024-03-06T12:00:00Z,-7.609444,112.595556,0.000727134698536247,-0.002138482639566,0.00019232637714594605
2024-03-06T15:00:00Z,-7.609444,112.595556,0.0006843296578153968,-0.0021285710390657,0.0002278357569593936
2024-03-06T18:00:00Z,-7.609444,112.595556,0.0005387150449678302,-0.0020520228426903,0.00015062993043102324
2024-03-06T21:00:00Z,-7.609444,112.595556,0.000539286935236305,-0.0019424090860411,0.00015052210073918104
2024-03-07T00:00:00Z,-7.609444,112.595556,0.0005824965774081647,-0.0018895904067903,0.00022330446518026287
2024-03-07T03:00:00Z,-7.609444,112.595556,0.0006291294121183455,-0.0018033443484455,0.00029347455711103976
2024-03-07T06:00:00Z,-7.609444,112.595556,0.00056666653836146,-0.0016321041621267,0.00023685276391915977
2024-03-07T09:00:00Z,-7.609444,112.595556,0.0005190732190385461,-0.0015176988672465,0.00019271258497610688
2024-03-07T12:00:00Z,-7.609444,112.595556,0.0005106729222461581,-0.0014625921612605,0.00019182555843144653
2024-03-07T15:00:00Z,-7.609444,112.595556,0.0004692760412581265,-0.0013721929863095,0.0002168364881072193
2024-03-07T18:00:00Z,-7.609444,112.595556,0.0003800319391302765,-0.0012811956694349,0.00024953504907898605
2024-03-07T21:00:00Z,-7.609444,112.595556,0.00034867131034843624,-0.0011762466747313,0.00018983668996952477
2024-03-08T00:00:00Z,-7.609444,112.595556,0.0003099727910012007,-0.0011379657080397,0.00034744568984024227
2024-03-08T03:00:00Z,-7.609444,112.595556,0.0003043522883672267,-0.0010781452292576,0.0003187748952768743
2024-03-08T06:00:00Z,-7.609444,112.595556,0.00022463010100182143,-0.00096152228070423,0.00030559871811419725
2024-03-08T09:00:00Z,-7.609444,112.595556,0.00014802583609707654,-0.0009085285128094256,0.00034342065919190645
2024-03-08T12:00:00Z,-7.609444,112.595556,0.0001504577521700412,-0.0009076049318537116,0.0003330537292640656
2024-03-08T15:00:00Z,-7.609444,112.595556,0.00012838667316827923,-0.0008355109021067619,0.00039793257019482553
2024-03-08T18:00:00Z,-7.609444,112.595556,-2.3237913410412148e-05,-0.0007456775056198239,0.0003023679309990257
2024-03-08T21:00:00Z,-7.609444,112.595556,-3.085414209635928e-05,-0.0005953731015324593,0.0002394273033132777
2024-03-09T00:00:00Z,-7.609444,112.595556,-7.895018643466756e-05,-0.00046714054769836366,0.00012454134412109852
2024-03-09T03:00:00Z,-7.609444,112.595556,-9.79175601969473e-05,-0.00032463803654536605,-3.2490028388565406e-05
2024-03-09T06:00:00Z,-7.609444,112.595556,-0.00018774326599668711,-0.00019243631686549636,-0.00015881775470916182
2024-03-09T09:00:00Z,-7.609444,112.595556,-0.000213485152926296,-7.530086440965533e-05,-0.0003429045609664172
2024-03-09T12:00:00Z,-7.609444,112.595556,-0.00019059260375797749,-2.654864510986954e-05,-0.0005421186797320843
2024-03-09T15:00:00Z,-7.609444,112.595556,-0.00012196521856822072,8.054043428273872e-05,-0.0005995788960717618
2024-03-09T18:00:00Z,-7.609444,112.595556,-0.0001756224810378626,0.00019857553706970063,-0.000656044518109411
2024-03-09T21:00:00Z,-7.609444,112.595556,-0.00015443269512616098,0.000306837260723114,-0.0008435381460003555
2024-03-10T00:00:00Z,-7.609444,112.595556,-7.213419303297997e-05,0.0003348205063957721,-0.0009719344670884312
2024-03-10T03:00:00Z,-7.609444,112.595556,7.936789188534021e-06,0.0003495264099910856,-0.0011991335777565
2024-03-10T06:00:00Z,-7.609444,112.595556,6.868002674309537e-05,0.0003476721467450261,-0.0012631349964067
2024-03-10T09:00:00Z,-7.609444,112.595556,0.0001552022440591827,0.0003586690581869334,-0.001329249702394
2024-03-10T12:00:00Z,-7.609444,112.595556,0.00024298689095303416,0.00038714491529390216,-0.0014598318375647
2024-03-10T15:00:00Z,-7.609444,112.595556,0.00036744572571478784,0.0004321332671679557,-0.001408701762557
2024-03-10T18:00:00Z,-7.609444,112.595556,0.000466286379378289,0.0004644774307962507,-0.0012968508526682
2024-03-10T21:00:00Z,-7.609444,112.595556,0.0006425162428058684,0.00044802072807215154,-0.0013007244560867
2024-03-11T00:00:00Z,-7.609444,112.595556,0.0008447107975371182,0.00040090110269375145,-0.001155728008598
2024-03-11T03:00:00Z,-7.609444,112.595556,0.0010647539747878,0.0003587859682738781,-0.0010637149680405
2024-03-11T06:00:00Z,-7.609444,112.595556,0.0011299111647531,0.0003830867353826761,-0.0008864850387908518
2024-03-11T09:00:00Z,-7.609444,112.595556,0.0012254721950739,0.0003855038958135992,-0.0007399970781989396
2024-03-11T12:00:00Z,-7.609444,112.595556,0.0013587318826466,0.0003210577997379005,-0.0006196736358106136
2024-03-11T15:00:00Z,-7.609444,112.595556,0.0014394329627975,0.0003051503445021808,-0.0003932714753318578
2024-03-11T18:00:00Z,-7.609444,112.595556,0.0014162887819111,0.0003523309133015573,-0.00023549252364318815
2024-03-11T21:00:00Z,-7.609444,112.595556,0.0014528343454003,0.0003846820327453315,-0.00018210273992735893
2024-03-12T00:00:00Z,-7.609444,112.595556,0.0014745205407962,0.0003977413580287248,-0.00016780596342869103
2024-03-12T03:00:00Z,-7.609444,112.595556,0.0014752899296581,0.0004307615745346993,-0.0001188070309581235
2024-03-12T06:00:00Z,-7.609444,112.595556,0.0014817685587331,0.0005130599602125585,-7.374972483376041e-05
2024-03-12T09:00:00Z,-7.609444,112.595556,0.0014779256889596,0.0005796519690193236,-7.809681846993044e-05
2024-03-12T12:00:00Z,-7.609444,112.595556,0.0014220807934179,0.0005669253878295422,-0.00015004418673925102
2024-03-12T15:00:00Z,-7.609444,112.595556,0.0013663106365129,0.0006333215278573334,-1.975223858607933e-05
2024-03-12T18:00:00Z,-7.609444,112.595556,0.0012371168704703,0.000712521665263921,3.838365955743939e-05
2024-03-12T21:00:00Z,-7.609444,112.595556,0.0011771040735766,0.0008002063841558993,4.1697479900904e-05
2024-03-13T00:00:00Z,-7.609444,112.595556,0.001107289455831,0.0007834256393834949,6.757688970537856e-05
2024-03-13T03:00:00Z,-7.609444,112.595556,0.0010571732418611,0.0007428088574670255,0.00015220393834169954
2024-03-13T06:00:00Z,-7.609444,112.595556,0.0009607923566363752,0.00073448900366202,7.569071021862328e-05
2024-03-13T09:00:00Z,-7.609444,112.595556,0.0009401070419698954,0.0006447326741181314,0.00018750352319329977
2024-03-13T12:00:00Z,-7.609444,112.595556,0.0008430638117715716,0.0005507578607648611,0.00014378417108673602
2024-03-13T15:00:00Z,-7.609444,112.595556,0.0008173440000973642,0.0004639076360035688,0.0002559300628490746
2024-03-13T18:00:00Z,-7.609444,112.595556,0.0007173535996116698,0.000437268492532894,0.0003080864262301475
2024-03-13T21:00:00Z,-7.609444,112.595556,0.0007236140081658959,0.0004391952243167907,0.0002696105802897364
2024-03-14T00:00:00Z,-7.609444,112.595556,0.0006642868975177407,0.00037413876270875335,0.0003479874576441944
2024-03-14T03:00:00Z,-7.609444,112.595556,0.0006756508955731988,0.0003173171426169574,0.000412841298384592
2024-03-14T06:00:00Z,-7.609444,112.595556,0.00069987348979339,0.0002164523466490209,0.0004209920589346439
2024-03-14T09:00:00Z,-7.609444,112.595556,0.0007262800936587155,0.0001275269314646721,0.0004124441184103489
2024-03-14T12:00:00Z,-7.609444,112.595556,0.0006920723826624453,-2.2872782210470177e-05,0.0004935907782055438
2024-03-14T15:00:00Z,-7.609444,112.595556,0.0006730257300660014,-0.0001222675637109205,0.0005309670814312994
2024-03-14T18:00:00Z,-7.609444,112.595556,0.0005738614127039909,-0.0001933318708324805,0.0004754081601276994
2024-03-14T21:00:00Z,-7.609444,112.595556,0.0005893647903576493,-0.0002945119340438396,0.0004074215248692781
2024-03-15T00:00:00Z,-7.609444,112.595556,0.0005780915962532163,-0.0004217758250888437,0.0003678315260913223
2024-03-15T03:00:00Z,-7.609444,112.595556,0.0006348374881781638,-0.0005717650637961924,0.0003137656021863222
2024-03-15T06:00:00Z,-7.609444,112.595556,0.0006007280899211764,-0.0007010368863120675,0.00019235415675211695
2024-03-15T09:00:00Z,-7.609444,112.595556,0.0006079775048419833,-0.0007833326235413551,0.00011593693488975988
2024-03-15T12:00:00Z,-7.609444,112.595556,0.0005779459606856108,-0.0008993619121611118,-2.8833219403168187e-06
2024-03-15T15:00:00Z,-7.609444,112.595556,0.0006528978701680899,-0.0009400564013049006,-3.902219032170251e-05
2024-03-15T18:00:00Z,-7.609444,112.595556,0.0005846855929121375,-0.000955666066147387,-0.00012124540808144955
2024-03-15T21:00:00Z,-7.609444,112.595556,0.0005929112667217851,-0.0009303462575189768,-0.0002250388788525015
2024-03-16T00:00:00Z,-7.609444,112.595556,0.0005845263367518783,-0.0009680611547082664,-0.0001833751302910969
2024-03-16T03:00:00Z,-7.609444,112.595556,0.0006786198355257511,-0.0010162462713196,-0.0002140224678441882
2024-03-16T06:00:00Z,-7.609444,112.595556,0.0006770289037376642,-0.001005757250823,-0.00013079436030238867
2024-03-16T09:00:00Z,-7.609444,112.595556,0.0007226292509585619,-0.0010274673113599,-6.290026067290455e-05
2024-03-16T12:00:00Z,-7.609444,112.595556,0.0007583475671708584,-0.0010673411889001,-4.021079803351313e-05
2024-03-16T15:00:00Z,-7.609444,112.595556,0.0008367320406250656,-0.001086275326088,4.500260911299847e-05
2024-03-16T18:00:00Z,-7.609444,112.595556,0.0007480999920517206,-0.0010034620063379,0.00015889399219304323
2024-03-16T21:00:00Z,-7.609444,112.595556,0.0007286433828994632,-0.0009116652072407304,0.00012319159577600658
2024-03-17T00:00:00Z,-7.609444,112.595556,0.0007219259277917445,-0.0008531170315109193,0.00020933515042997897
2024-03-17T03:00:00Z,-7.609444,112.595556,0.0008155780378729105,-0.000776826636865735,0.0003126651281490922
2024-03-17T06:00:00Z,-7.609444,112.595556,0.0008012292091734707,-0.000739102833904326,0.0005305979284457862
2024-03-17T09:00:00Z,-7.609444,112.595556,0.0007066042744554579,-0.0007196914521045983,0.0005269054090604186
2024-03-17T12:00:00Z,-7.609444,112.595556,0.0006570615223608911,-0.0007750964141450822,0.000586993177421391
2024-03-17T15:00:00Z,-7.609444,112.595556,0.0006616642931476235,-0.0007859889883548021,0.0005066957673989236
2024-03-17T18:00:00Z,-7.609444,112.595556,0.0005322516080923378,-0.0007941307849250734,0.0005336310132406652
2024-03-17T21:00:00Z,-7.609444,112.595556,0.0004122172249481082,-0.000798393099103123,0.0003383068251423538
2024-03-18T00:00:00Z,-7.609444,112.595556,0.0003116520529147237,-0.0008410042501054704,0.0003414535312913358
2024-03-18T03:00:00Z,-7.609444,112.595556,0.0002534604864194989,-0.0008912046323530376,0.0001974661136046052
2024-03-18T06:00:00Z,-7.609444,112.595556,0.0001583986304467544,-0.0009674602188169956,0.0001952582388184965
2024-03-18T09:00:00Z,-7.609444,112.595556,6.352015043376014e-05,-0.0010124117834493,0.00023948584566824135
2024-03-18T12:00:00Z,-7.609444,112.595556,-9.095491259358825e-05,-0.0010343547910451,0.0001444839872419834
2024-03-18T15:00:00Z,-7.609444,112.595556,-0.00016061091446317732,-0.001040386618115,3.7616296140186014e-06
2024-03-18T18:00:00Z,-7.609444,112.595556,-0.00027989668888039887,-0.0010392998810857,-9.160807530861348e-05
2024-03-18T21:00:00Z,-7.609444,112.595556,-0.00036965860635973513,-0.0009879905264824629,-0.00032436157925985754
2024-03-19T00:00:00Z,-7.609444,112.595556,-0.0003756582736968994,-0.0009451184887439013,-0.00032997503876686096
2024-03-19T03:00:00Z,-7.609444,112.595556,-0.00038772792322561145,-0.0008939507533796132,-0.0004453890724107623
2024-03-19T06:00:00Z,-7.609444,112.595556,-0.0003655234177131206,-0.0008661132887937129,-0.00044364400673657656
2024-03-19T09:00:00Z,-7.609444,112.595556,-0.000347020395565778,-0.0008304532384499907,-0.0005314144655130804
2024-03-19T12:00:00Z,-7.609444,112.595556,-0.000350906077073887,-0.0007623224519193172,-0.0006776262889616191
2024-03-19T15:00:00Z,-7.609444,112.595556,-0.000336909870384261,-0.0006936848512850702,-0.0008838601061142981
2024-03-19T18:00:00Z,-7.609444,112.595556,-0.0003854642272926867,-0.0005961350398138165,-0.0009886047337204218
2024-03-19T21:00:00Z,-7.609444,112.595556,-0.00035120118991471827,-0.00046642188681289554,-0.0011896139476448
2024-03-20T00:00:00Z,-7.609444,112.595556,-0.0002791453734971583,-0.00036183639895170927,-0.0012159511679783
2024-03-20T03:00:00Z,-7.609444,112.595556,-0.0002797334745991975,-0.00019210120080970228,-0.0012567719677463
2024-03-20T06:00:00Z,-7.609444,112.595556,-0.0003146959643345326,-5.85119123570621e-05,-0.0013575579505413
2024-03-20T09:00:00Z,-7.609444,112.595556,-0.00027820232207886875,0.00011132498912047596,-0.0013677222887054
2024-03-20T12:00:00Z,-7.609444,112.595556,-0.00020142621360719204,0.00022145977709442377,-0.0012321831891313
2024-03-20T15:00:00Z,-7.609444,112.595556,-0.0001359823945676908,0.00037854741094633937,-0.0010956968180835
2024-03-20T18:00:00Z,-7.609444,112.595556,-0.00018783469568006692,0.0005318236071616411,-0.000989518710412085
2024-03-20T21:00:00Z,-7.609444,112.595556,-0.0001514156610937789,0.0007169499876908958,-0.0008204573532566428
2024-03-21T00:00:00Z,-7.609444,112.595556,-8.902795525500551e-05,0.0008432194590568542,-0.0005682477494701743
2024-03-21T03:00:00Z,-7.609444,112.595556,-6.332987686619163e-05,0.0009775161743164062,-0.00026718928711488843
2024-03-21T06:00:00Z,-7.609444,112.595556,-7.86965320003219e-05,0.0011050759349018,-6.274539191508666e-05
2024-03-21T09:00:00Z,-7.609444,112.595556,-3.712714169523679e-05,0.0011292183771729,0.0001993264741031453
2024-03-21T12:00:00Z,-7.609444,112.595556,2.1027051843702797e-05,0.0010628118179738,0.0003254658658988774
2024-03-21T15:00:00Z,-7.609444,112.595556,-4.467267353902571e-05,0.0010763064492493,0.0005072817439213395
2024-03-21T18:00:00Z,-7.609444,112.595556,-0.0002286275994265452,0.0010706402827054,0.0005238231387920678
2024-03-21T21:00:00Z,-7.609444,112.595556,-0.0003631772997323424,0.0011011770693585,0.0005344435921870172
2024-03-22T00:00:00Z,-7.609444,112.595556,-0.0004711010551545769,0.001054277876392,0.0006424332386814058
2024-03-22T03:00:00Z,-7.609444,112.595556,-0.0006584507646039128,0.0010276805842295,0.0006812983774580061
2024-03-22T06:00:00Z,-7.609444,112.595556,-0.0008121831342577934,0.0009701474336907268,0.0007738510030321777
2024-03-22T09:00:00Z,-7.609444,112.595556,-0.0009469011565670372,0.0009692076710052788,0.0007703982992097735
2024-03-22T12:00:00Z,-7.609444,112.595556,-0.0011186130577698,0.0009467400959692896,0.0006620126077905297
2024-03-22T15:00:00Z,-7.609444,112.595556,-0.0011620012810453,0.0009115113643929362,0.0005937197129242122
2024-03-22T18:00:00Z,-7.609444,112.595556,-0.0012835351517423,0.0008774215239100158,0.00047359158634208143
2024-03-22T21:00:00Z,-7.609444,112.595556,-0.0013641797704622,0.0008023166446946561,0.0002756165631581098
2024-03-23T00:00:00Z,-7.609444,112.595556,-0.0013915586750954,0.0007168484153226018,7.436184387188405e-05
2024-03-23T03:00:00Z,-7.609444,112.595556,-0.0014287403319031,0.0006233603344298899,-0.0001935860491357744
2024-03-23T06:00:00Z,-7.609444,112.595556,-0.0015086393104866,0.0006261802627705038,-0.000374869821825996
2024-03-23T09:00:00Z,-7.609444,112.595556,-0.0015409401385113,0.0006563254864886403,-0.0005494016804732382
2024-03-23T12:00:00Z,-7.609444,112.595556,-0.0016202573897317,0.0006131879636086524,-0.0007107742130756378
2024-03-23T15:00:00Z,-7.609444,112.595556,-0.001581477583386,0.0005581420264206827,-0.0008007497526705265
2024-03-23T18:00:00Z,-7.609444,112.595556,-0.0015479462454095,0.0005225110216997564,-0.0008355940226465464
2024-03-23T21:00:00Z,-7.609444,112.595556,-0.0014361563371494,0.0005281007615849376,-0.000960017670877278
2024-03-24T00:00:00Z,-7.609444,112.595556,-0.0013059974880889,0.000593930424656719,-0.0011150349164381
2024-03-24T03:00:00Z,-7.609444,112.595556,-0.0011273849522694,0.0006219756905920804,-0.0012104717316105
2024-03-24T06:00:00Z,-7.609444,112.595556,-0.0009910851949825885,0.0007244984153658152,-0.0013278829865157
2024-03-24T09:00:00Z,-7.609444,112.595556,-0.0008695043507032096,0.0007599467062391341,-0.0014877623179927
2024-03-24T12:00:00Z,-7.609444,112.595556,-0.0008182984311133623,0.0007903617224656045,-0.0016030499245971
2024-03-24T15:00:00Z,-7.609444,112.595556,-0.0007095533073879778,0.0008580791181884706,-0.0015769014135003
2024-03-24T18:00:00Z,-7.609444,112.595556,-0.0006826737080700696,0.0009648135746829212,-0.0014831773005425
2024-03-24T21:00:00Z,-7.609444,112.595556,-0.000612391741015017,0.001104861497879,-0.0014301792252808
2024-03-25T00:00:00Z,-7.609444,112.595556,-0.0005617871065624058,0.001221808604896,-0.0013374406844377
2024-03-25T03:00:00Z,-7.609444,112.595556,-0.0005033703055232763,0.0012717407662421,-0.0013710708590224
2024-03-25T06:00:00Z,-7.609444,112.595556,-0.0004513542226050049,0.0012980735627934,-0.0013164804549887
2024-03-25T09:00:00Z,-7.609444,112.595556,-0.00030855723889544606,0.0012857837136834,-0.0014265378704294
2024-03-25T12:00:00Z,-7.609444,112.595556,-0.0001965406263479963,0.0013599876547232,-0.0015374433714896
2024-03-25T15:00:00Z,-7.609444,112.595556,-0.0002219288289779797,0.0014664400368928,-0.0016076206229627
2024-03-25T18:00:00Z,-7.609444,112.595556,-0.0003828264598269016,0.0016144271939992,-0.0017754009459167
2024-03-25T21:00:00Z,-7.609444,112.595556,-0.0004489890998229384,0.0016880907351151,-0.0019533026497811
2024-03-26T00:00:00Z,-7.609444,112.595556,-0.0004709948261734098,0.0016726949252188,-0.0019731547217816
2024-03-26T03:00:00Z,-7.609444,112.595556,-0.0004611751646734774,0.0015894577372819,-0.0019552079029381
2024-03-26T06:00:00Z,-7.609444,112.595556,-0.0005117093096487224,0.0015146259684115,-0.0018906483892351
2024-03-26T09:00:00Z,-7.609444,112.595556,-0.00047898138291202486,0.0014631964731961,-0.0019157436909154
2024-03-26T12:00:00Z,-7.609444,112.595556,-0.00046647523413412273,0.0013200426474213,-0.0019909178372472
2024-03-26T15:00:00Z,-7.609444,112.595556,-0.0005000441451556981,0.0012206679675728,-0.0020121610723435
2024-03-26T18:00:00Z,-7.609444,112.595556,-0.0005621911841444671,0.0011023516999557,-0.0020568137988448
2024-03-26T21:00:00Z,-7.609444,112.595556,-0.0005195197882130742,0.0009179802727885544,-0.0021010146010667
2024-03-27T00:00:00Z,-7.609444,112.595556,-0.0004850999102927744,0.0007271203212440014,-0.0020559821277856
2024-03-27T03:00:00Z,-7.609444,112.595556,-0.0005192189128138125,0.0006160258781164885,-0.0021024672314524
2024-03-27T06:00:00Z,-7.609444,112.595556,-0.0005899439565837383,0.0005875601782463491,-0.0019962540827691
2024-03-27T09:00:00Z,-7.609444,112.595556,-0.0005197267746552825,0.0005268888780847192,-0.0018725645495578
2024-03-27T12:00:00Z,-7.609444,112.595556,-0.0005039708339609206,0.000411025364883244,-0.0017566690221428
2024-03-27T15:00:00Z,-7.609444,112.595556,-0.0004487430269364268,0.0003181243664585054,-0.0016069156117737
2024-03-27T18:00:00Z,-7.609444,112.595556,-0.0004615252837538719,0.0002700422774069011,-0.0013678520917892
2024-03-27T21:00:00Z,-7.609444,112.595556,-0.0004064935783389956,0.0003011139342561364,-0.0010961403604596
2024-03-28T00:00:00Z,-7.609444,112.595556,-0.0004374406998977065,0.0003273917536716908,-0.0010183585109189
2024-03-28T03:00:00Z,-7.609444,112.595556,-0.0004390509275253862,0.0003356790402904153,-0.000917030090931803
2024-03-28T06:00:00Z,-7.609444,112.595556,-0.00038795528234913945,0.00027060401043854654,-0.0008279512403532863
2024-03-28T09:00:00Z,-7.609444,112.595556,-0.0003926032513845712,0.00017813990416470915,-0.0007859640754759312
2024-03-28T12:00:00Z,-7.609444,112.595556,-0.0004601790278684348,8.64379690028727e-05,-0.0008648569346405566
2024-03-28T15:00:00Z,-7.609444,112.595556,-0.0005272650741972029,0.00010505440150154756,-0.0008741058991290629
2024-03-28T18:00:00Z,-7.609444,112.595556,-0.0006665957625955343,0.0001676569227129221,-0.0008785146055743098
2024-03-28T21:00:00Z,-7.609444,112.595556,-0.0007372754625976086,0.00022171380987856537,-0.0008271817350760102
2024-03-29T00:00:00Z,-7.609444,112.595556,-0.0008299278561025858,0.0002103008737321943,-0.0008558626868762076
2024-03-29T03:00:00Z,-7.609444,112.595556,-0.0008888302836567163,0.00010814311099238694,-0.000873119046445936
2024-03-29T06:00:00Z,-7.609444,112.595556,-0.000888634123839438,3.972244667238556e-05,-0.0009192470461130142
2024-03-29T09:00:00Z,-7.609444,112.595556,-0.0009416287066414952,2.7891886929864995e-05,-0.0009654344175942242
2024-03-29T12:00:00Z,-7.609444,112.595556,-0.0010165458079427,5.980305286357179e-05,-0.0011312292190268
2024-03-29T15:00:00Z,-7.609444,112.595556,-0.0010767772328108,0.00017945248691830784,-0.0013001518091186
2024-03-29T18:00:00Z,-7.609444,112.595556,-0.0011045093415305,0.00018929851648863405,-0.0014678963925689
2024-03-29T21:00:00Z,-7.609444,112.595556,-0.0010651729535311,0.00012553093256428838,-0.0016172266332432
2024-03-30T00:00:00Z,-7.609444,112.595556,-0.0010978679638355,8.73986427905038e-05,-0.0016479592304676
2024-03-30T03:00:00Z,-7.609444,112.595556,-0.0010921246139332,9.903289173962548e-05,-0.001689460244961
2024-03-30T06:00:00Z,-7.609444,112.595556,-0.001050314400345,0.0001629840407986194,-0.0017821082146838
2024-03-30T09:00:00Z,-7.609444,112.595556,-0.00082483293954283,0.00017464403936173767,-0.0017752274870872
2024-03-30T12:00:00Z,-7.609444,112.595556,-0.0006634258315898478,0.0001249844062840566,-0.0017705833306536
2024-03-30T15:00:00Z,-7.609444,112.595556,-0.0005571388755925,8.858291403157637e-05,-0.0017588982591405
2024-03-30T18:00:00Z,-7.609444,112.595556,-0.0004277159168850631,-4.354158227215521e-05,-0.0017429263098165
2024-03-30T21:00:00Z,-7.609444,112.595556,-0.00014129269402474165,-0.00018778469529934227,-0.0017640064470469
2024-03-31T00:00:00Z,-7.609444,112.595556,5.3243024012772366e-05,-0.00025414148694835603,-0.0016942027723416
2024-03-31T03:00:00Z,-7.609444,112.595556,0.00017246587958652526,-0.0001848925749072805,-0.0016591192688792
2024-03-31T06:00:00Z,-7.609444,112.595556,0.00021267190459184349,-0.00015568191884085536,-0.0016526010585948
2024-03-31T09:00:00Z,-7.609444,112.595556,0.0003493091207928956,-0.00019262345449533316,-0.0016029736725613
2024-03-31T12:00:00Z,-7.609444,112.595556,0.0004242554132360965,-0.0002190880186390132,-0.0015696206828579
2024-03-31T15:00:00Z,-7.609444,112.595556,0.0004581817192956805,-0.0001952234306372702,-0.0013979617506265
2024-03-31T18:00:00Z,-7.609444,112.595556,0.0003584837249945849,-0.00017996388487517834,-0.0013376746792346
2024-03-31T21:00:00Z,-7.609444,112.595556,0.00035136734368279576,-0.000138930045068264,-0.0012336989166215
2024-04-01T00:00:00Z,-7.609444,112.595556,0.0003987113304901868,-0.00014936362276785076,-0.0010880545014515
2024-04-01T03:00:00Z,-7.609444,112.595556,0.0004093110328540206,-0.00017781050701159984,-0.0010529032442718
2024-04-01T06:00:00Z,-7.609444,112.595556,0.0003536381700541824,-0.0002516830572858453,-0.000902050465811044
2024-04-01T09:00:00Z,-7.609444,112.595556,0.00032407365506514907,-0.0003686506533995271,-0.0008721156045794487
2024-04-01T12:00:00Z,-7.609444,112.595556,0.0002668143424671144,-0.0005080951959826052,-0.0008762056240811944
2024-04-01T15:00:00Z,-7.609444,112.595556,0.0001766237837728113,-0.0005189295043237507,-0.0008882676484063268
2024-04-01T18:00:00Z,-7.609444,112.595556,-4.208525297144661e-06,-0.000604154251050204,-0.0007667283643968403
2024-04-01T21:00:00Z,-7.609444,112.595556,-9.03855252545327e-05,-0.0006848316988907754,-0.0006333048804663122
2024-04-02T00:00:00Z,-7.609444,112.595556,-0.0001761392632033676,-0.0007765982882119715,-0.0005213639233261347
2024-04-02T03:00:00Z,-7.609444,112.595556,-0.00020975293591618535,-0.0009081122698262334,-0.0003794885706156492
2024-04-02T06:00:00Z,-7.609444,112.595556,-0.00029730360256508,-0.0009600166813470424,-0.0003273598267696798
2024-04-02T09:00:00Z,-7.609444,112.595556,-0.0003973612037952989,-0.000961769896093756,-0.00035683473106473684
2024-04-02T12:00:00Z,-7.609444,112.595556,-0.000472685118438676,-0.0009868463966995478,-0.0005279889446683228
2024-04-02T15:00:00Z,-7.609444,112.595556,-0.0005716753657907248,-0.0010016148444265,-0.0007236167439259589
2024-04-02T18:00:00Z,-7.609444,112.595556,-0.0007018126198090613,-0.0010007040109485,-0.0008187228231690824
2024-04-02T21:00:00Z,-7.609444,112.595556,-0.0007449944387190044,-0.0009708715369924904,-0.0008767769322730601
2024-04-03T00:00:00Z,-7.609444,112.595556,-0.000902906758710742,-0.0008837519562803209,-0.000993971596471965
2024-04-03T03:00:00Z,-7.609444,112.595556,-0.0010372302494943,-0.0007380181923508644,-0.0011566708562895
2024-04-03T06:00:00Z,-7.609444,112.595556,-0.0010833666892722,-0.0005774060846306384,-0.0011924706632271
2024-04-03T09:00:00Z,-7.609444,112.595556,-0.0010262334253638,-0.0004631071933545172,-0.0011046265717595
2024-04-03T12:00:00Z,-7.609444,112.595556,-0.0009699213551357388,-0.0004210888000670821,-0.0011026562424376
2024-04-03T15:00:00Z,-7.609444,112.595556,-0.0009017788106575608,-0.000429044826887548,-0.001079554669559
2024-04-03T18:00:00Z,-7.609444,112.595556,-0.0008627704810351133,-0.0004325247136875987,-0.0010185709688812
2024-04-03T21:00:00Z,-7.609444,112.595556,-0.0007685408345423639,-0.0003906821366399527,-0.0009965907083824277
2024-04-04T00:00:00Z,-7.609444,112.595556,-0.0006866731564514339,-0.000354384770616889,-0.000863809313159436
2024-04-04T03:00:00Z,-7.609444,112.595556,-0.0006170140113681555,-0.0003211556759197265,-0.0008448322187177837
2024-04-04T06:00:00Z,-7.609444,112.595556,-0.0005616602138616145,-0.0003015550610143692,-0.00084149488247931
2024-04-04T09:00:00Z,-7.609444,112.595556,-0.00044290689402259886,-0.0002801755035761744,-0.0008318036561831832
2024-04-04T12:00:00Z,-7.609444,112.595556,-0.00037496755248866975,-0.0002628463553264737,-0.0008839771617203951
2024-04-04T15:00:00Z,-7.609444,112.595556,-0.0003274015907663852,-0.0002236611326225102,-0.000698284653481096
2024-04-04T18:00:00Z,-7.609444,112.595556,-0.0002970980713143945,-0.00013932959700468928,-0.0005666852230206132
2024-04-04T21:00:00Z,-7.609444,112.595556,-0.0001729685754980892,-4.884883310296573e-05,-0.000488458841573447
2024-04-05T00:00:00Z,-7.609444,112.595556,-1.2230344509589486e-05,-3.1874362321104854e-05,-0.00028841287712566555
2024-04-05T03:00:00Z,-7.609444,112.595556,2.290066004206892e-05,-5.144371607457288e-05,-0.0001508249551989138
2024-04-05T06:00:00Z,-7.609444,112.595556,4.612723932950757e-05,-0.00010025312803918496,-7.829867536202073e-05
2024-04-05T09:00:00Z,-7.609444,112.595556,0.00011428285506553948,-0.0001307215861743316,-0.00015753801562823355
2024-04-05T12:00:00Z,-7.609444,112.595556,0.000164789569680579,-0.00020242552272975445,-0.00012649195559788495
2024-04-05T15:00:00Z,-7.609444,112.595556,0.00019046690431423485,-0.00020995842351112515,-0.00013363215839490294
2024-04-05T18:00:00Z,-7.609444,112.595556,0.0001413832069374621,-0.0002473417262081057,-0.000116488263302017
2024-04-05T21:00:00Z,-7.609444,112.595556,0.00015586095105390996,-0.0002944966545328498,-4.338640064815991e-05
2024-04-06T00:00:00Z,-7.609444,112.595556,0.00017023089458234608,-0.0004052959266118705,-0.00010196025687037036
2024-04-06T03:00:00Z,-7.609444,112.595556,0.00016026481171138585,-0.0005308051477186382,-6.962259067222476e-05
2024-04-06T06:00:00Z,-7.609444,112.595556,7.673944492125884e-05,-0.0006331366021186113,-8.001505921129137e-05
2024-04-06T09:00:00Z,-7.609444,112.595556,8.929862087825313e-05,-0.0006899373256601393,1.8118984371540137e-05
2024-04-06T12:00:00Z,-7.609444,112.595556,8.371570584131405e-05,-0.0007803824846632779,-8.339239343513327e-07
2024-04-06T15:00:00Z,-7.609444,112.595556,6.812441279180348e-05,-0.0008349365671165287,7.756524428259581e-05
2024-04-06T18:00:00Z,-7.609444,112.595556,1.995741513383109e-05,-0.0008765150560066104,0.000109724685898982
2024-04-06T21:00:00Z,-7.609444,112.595556,6.170133565319702e-05,-0.000917683821171522,0.00020183344895485789
2024-04-07T00:00:00Z,-7.609444,112.595556,6.920444866409525e-05,-0.0009893865790218117,0.000210345970117487
2024-04-07T03:00:00Z,-7.609444,112.595556,9.916369890561327e-05,-0.0011152906809002,0.00018061205628328025
2024-04-07T06:00:00Z,-7.609444,112.595556,5.4173171520233154e-05,-0.0011674964334815,0.00016895677254069597
2024-04-07T09:00:00Z,-7.609444,112.595556,2.617992322484497e-05,-0.001217097043991,7.534051837865263e-05
2024-04-07T12:00:00Z,-7.609444,112.595556,5.714544386137277e-05,-0.0013291526120156,-3.1983050575945526e-05
2024-04-07T15:00:00Z,-7.609444,112.595556,-5.099513600725913e-06,-0.0013582373503595,-0.00015976306167431176
2024-04-07T18:00:00Z,-7.609444,112.595556,-0.0001036147223203443,-0.0013738180277869,-0.0003048792714253068
2024-04-07T21:00:00Z,-7.609444,112.595556,-0.00016466312808915973,-0.0012750453315675,-0.0005096531822346151
2024-04-08T00:00:00Z,-7.609444,112.595556,-0.00022814077965449545,-0.0011863358085975,-0.0006880323053337634
2024-04-08T03:00:00Z,-7.609444,112.595556,-0.00021149867097847164,-0.0011351901339367,-0.0007437944295816123
2024-04-08T06:00:00Z,-7.609444,112.595556,-0.0002739634073805064,-0.0010862636845558,-0.0008922452107071877
2024-04-08T09:00:00Z,-7.609444,112.595556,-0.0002762932563200593,-0.0009496799320913852,-0.0010523670352995
2024-04-08T12:00:00Z,-7.609444,112.595556,-0.00031789063359610736,-0.0008170994115062058,-0.0011975993402302
2024-04-08T15:00:00Z,-7.609444,112.595556,-0.0004453051660675556,-0.0006042125169187784,-0.0012420378625392
2024-04-08T18:00:00Z,-7.609444,112.595556,-0.0005536453681997955,-0.0003931880346499384,-0.0013155655469745
2024-04-08T21:00:00Z,-7.609444,112.595556,-0.0005631638341583312,-0.00018017724505625665,-0.0013063426595181
2024-04-09T00:00:00Z,-7.609444,112.595556,-0.0005904070567339659,-8.47937844810076e-05,-0.0013691681670024
2024-04-09T03:00:00Z,-7.609444,112.595556,-0.0005410785088315606,-9.12680770852603e-05,-0.0013073928421363
2024-04-09T06:00:00Z,-7.609444,112.595556,-0.0004899183986708522,-0.00011498772801132871,-0.0013097652699798
2024-04-09T09:00:00Z,-7.609444,112.595556,-0.0003663132665678859,4.791210699295334e-07,-0.0013721539871767
2024-04-09T12:00:00Z,-7.609444,112.595556,-0.00028482062043622136,2.254259561595973e-05,-0.0012604519724845
2024-04-09T15:00:00Z,-7.609444,112.595556,-0.0002831229066941887,5.648941805702634e-05,-0.0011475514620542
2024-04-09T18:00:00Z,-7.609444,112.595556,-0.00028266856679692864,3.6546513001667336e-05,-0.0011823646491393
2024-04-09T21:00:00Z,-7.609444,112.595556,-0.00015508499927818775,1.016392729979998e-06,-0.0011361070210114
2024-04-10T00:00:00Z,-7.609444,112.595556,-0.0001513305469416082,1.12265324787586e-05,-0.0011210817610844
2024-04-10T03:00:00Z,-7.609444,112.595556,-0.0001693978119874373,-3.863099482259713e-05,-0.001123928814195
2024-04-10T06:00:00Z,-7.609444,112.595556,-0.000186370758456178,3.858075069729239e-05,-0.0011413259198889
2024-04-10T09:00:00Z,-7.609444,112.595556,-0.00014765351079404354,0.00012557650916278362,-0.0011094022775068
2024-04-10T12:00:00Z,-7.609444,112.595556,-0.00011738184548448773,0.00010626747825881466,-0.0010342944879084
2024-04-10T15:00:00Z,-7.609444,112.595556,-0.00011222944158362223,0.00012553567648865285,-0.0010065587703138
2024-04-10T18:00:00Z,-7.609444,112.595556,-2.717572726851359e-07,7.190184260252863e-05,-0.0008505884325131774
2024-04-10T21:00:00Z,-7.609444,112.595556,0.00023163891455624253,8.111735951388255e-05,-0.0007856051670387387
2024-04-11T00:00:00Z,-7.609444,112.595556,0.0002983521844726056,9.822785068536176e-05,-0.0007855136063881218
2024-04-11T03:00:00Z,-7.609444,112.595556,0.00034178575151599944,0.00017458433285355568,-0.0006439976277761161
2024-04-11T06:00:00Z,-7.609444,112.595556,0.00035010662395507097,0.0003026660706382245,-0.0007159039378166199
2024-04-11T09:00:00Z,-7.609444,112.595556,0.000478624104289338,0.00039885283331386745,-0.0008162779849953949
2024-04-11T12:00:00Z,-7.609444,112.595556,0.0005268203094601631,0.0004600606043823064,-0.0007913399022072554
2024-04-11T15:00:00Z,-7.609444,112.595556,0.0005083007272332907,0.0005739164771512151,-0.0007805856293998659
2024-04-11T18:00:00Z,-7.609444,112.595556,0.000380747951567173,0.0008192952373065054,-0.000769463658798486
2024-04-11T21:00:00Z,-7.609444,112.595556,0.0003980518085882068,0.0011176478583365,-0.0006308112642727792
2024-04-12T00:00:00Z,-7.609444,112.595556,0.0004085762484464794,0.0013189155142754,-0.0004967867862433195
2024-04-12T03:00:00Z,-7.609444,112.595556,0.00042604716145433486,0.0014595683896914,-0.00036236748564988375
2024-04-12T06:00:00Z,-7.609444,112.595556,0.0004315669648349285,0.0016384839545935,-0.0003114169812761247
2024-04-12T09:00:00Z,-7.609444,112.595556,0.0004056092002429068,0.001787687651813,-0.00033143357723020017
2024-04-12T12:00:00Z,-7.609444,112.595556,0.00031490609399043024,0.0018993869889527,-0.0004610354662872851
2024-04-12T15:00:00Z,-7.609444,112.595556,0.0002445690624881536,0.0020423443056643,-0.0005105516174808145
2024-04-12T18:00:00Z,-7.609444,112.595556,8.452476322418079e-05,0.0021371273323893,-0.0004973293980583549
2024-04-12T21:00:00Z,-7.609444,112.595556,-1.7678821677691303e-05,0.0021866434253752,-0.0005214278353378177
2024-04-13T00:00:00Z,-7.609444,112.595556,-8.982200233731419e-05,0.0021042011212557,-0.0004631199699360877
2024-04-13T03:00:00Z,-7.609444,112.595556,-0.00016663584392517805,0.0019728788174688,-0.0005088766338303685
2024-04-13T06:00:00Z,-7.609444,112.595556,-0.00025389951770193875,0.0019433583365753,-0.0005547513137571514
2024-04-13T09:00:00Z,-7.609444,112.595556,-0.0002943315193988383,0.0019236849620938,-0.0006229010759852827
2024-04-13T12:00:00Z,-7.609444,112.595556,-0.00033693481236696243,0.0018460868159309,-0.0007526641129516065
2024-04-13T15:00:00Z,-7.609444,112.595556,-0.00032942058169282973,0.0017753933789208,-0.0008484848658554256
2024-04-13T18:00:00Z,-7.609444,112.595556,-0.00040111830458045006,0.0016630467725917,-0.0008956859819591045
2024-04-13T21:00:00Z,-7.609444,112.595556,-0.0004055330064147711,0.0015684613026678,-0.001008408726193
2024-04-14T00:00:00Z,-7.609444,112.595556,-0.0003916134010069072,0.0014262335607782,-0.0011427634162828
2024-04-14T03:00:00Z,-7.609444,112.595556,-0.0004188237653579563,0.0013392368564382,-0.0012935562990605
2024-04-14T06:00:00Z,-7.609444,112.595556,-0.0003949308593291789,0.0012762615224346,-0.0013918651966378
2024-04-14T09:00:00Z,-7.609444,112.595556,-0.00039258686592802405,0.0012397565878927,-0.0014802545774728
2024-04-14T12:00:00Z,-7.609444,112.595556,-0.00040681977407075465,0.0011566519970074,-0.0015719583025202
2024-04-14T15:00:00Z,-7.609444,112.595556,-0.0003346764133311808,0.0010709072230383,-0.0015966665232554
2024-04-14T18:00:00Z,-7.609444,112.595556,-0.0002757591428235173,0.0010045539820566,-0.001463774126023
2024-04-14T21:00:00Z,-7.609444,112.595556,-0.0001574670895934105,0.0009283305844292044,-0.0014256745344027
2024-04-15T00:00:00Z,-7.609444,112.595556,-0.00012847143807448447,0.0009214740712195636,-0.0014652597019448
2024-04-15T03:00:00Z,-7.609444,112.595556,-0.0001676958054304123,0.0009625706588849424,-0.0016193946357816
2024-04-15T06:00:00Z,-7.609444,112.595556,-0.00021155578724574295,0.0010167340515181,-0.001768130226992
2024-04-15T09:00:00Z,-7.609444,112.595556,-0.0001893351727630943,0.0010469503467902,-0.0017151118954643
2024-04-15T12:00:00Z,-7.609444,112.595556,-0.0002100128185702488,0.0010255664819851,-0.001641982467845
2024-04-15T15:00:00Z,-7.609444,112.595556,-0.000296979647828266,0.0010542034870013,-0.001536015770398
2024-04-15T18:00:00Z,-7.609444,112.595556,-0.0004008298856206238,0.0010693073272705,-0.0013850157847627
2024-04-15T21:00:00Z,-7.609444,112.595556,-0.0004651984781958163,0.0010497622424736,-0.0013260480482131
2024-04-16T00:00:00Z,-7.609444,112.595556,-0.0005532145733013749,0.0010131658054888,-0.0011390122817829
2024-04-16T03:00:00Z,-7.609444,112.595556,-0.0006364495493471622,0.000885290966834873,-0.0009529176168143748
2024-04-16T06:00:00Z,-7.609444,112.595556,-0.0007524594548158348,0.0007619012612849474,-0.0008791220607236028
2024-04-16T09:00:00Z,-7.609444,112.595556,-0.000762813666369766,0.0005765074165537953,-0.0008414287003688514
2024-04-16T12:00:00Z,-7.609444,112.595556,-0.0007594305207021534,0.000318531587254256,-0.0006257347413338721
2024-04-16T15:00:00Z,-7.609444,112.595556,-0.0008059567771852016,0.00015111097309272736,-0.00048765933024697006
2024-04-16T18:00:00Z,-7.609444,112.595556,-0.0009328530868515372,1.430219617759576e-05,-0.0004335518169682473
2024-04-16T21:00:00Z,-7.609444,112.595556,-0.0010451936395838,-9.358682291349396e-05,-0.0004345740599092096
2024-04-17T00:00:00Z,-7.609444,112.595556,-0.0010940043721348,-0.00028737550019286573,-0.0003853092784993351
2024-04-17T03:00:00Z,-7.609444,112.595556,-0.0011342966463416,-0.0004759854637086392,-0.0003514327690936625
2024-04-17T06:00:00Z,-7.609444,112.595556,-0.0012411058414727,-0.0005665354547090828,-0.00033900473499670625
2024-04-17T09:00:00Z,-7.609444,112.595556,-0.0012534138513728,-0.0007014084840193391,-0.00036280936910770833
2024-04-17T12:00:00Z,-7.609444,112.595556,-0.0011880504898726,-0.0008870495948940516,-0.0002994256501551717
2024-04-17T15:00:00Z,-7.609444,112.595556,-0.0010710479691624,-0.001046159537509,-0.00014692655531689525
2024-04-17T18:00:00Z,-7.609444,112.595556,-0.0010651457123458,-0.0011624880135059,1.5965006241458468e-05
2024-04-17T21:00:00Z,-7.609444,112.595556,-0.0010653274366632,-0.0012800740078091,-5.310249616741203e-05
2024-04-18T00:00:00Z,-7.609444,112.595556,-0.0010224796133115,-0.0014848784776404,3.67457905667834e-05
2024-04-18T03:00:00Z,-7.609444,112.595556,-0.0009482401655986904,-0.001628310768865,0.00014916477084625512
2024-04-18T06:00:00Z,-7.609444,112.595556,-0.0009755260543897748,-0.001657894346863,0.00027456460520625114
2024-04-18T09:00:00Z,-7.609444,112.595556,-0.0009656487382017076,-0.0017303343629464,0.00023318623425439
2024-04-18T12:00:00Z,-7.609444,112.595556,-0.0009453714010305704,-0.0018089815275743,0.00031536113237962127
2024-04-18T15:00:00Z,-7.609444,112.595556,-0.0009095449931919576,-0.0018975487910211,0.0004086278495378792
2024-04-18T18:00:00Z,-7.609444,112.595556,-0.000969038053881377,-0.0019278378458693,0.0005723845097236335
2024-04-18T21:00:00Z,-7.609444,112.595556,-0.0009809392504394054,-0.0019347674679011,0.0005670026293955743
2024-04-19T00:00:00Z,-7.609444,112.595556,-0.0010366928763687,-0.0019164637196809,0.0006355736404657364
2024-04-19T03:00:00Z,-7.609444,112.595556,-0.0011055829236283,-0.001819429686293,0.0005554204690270126
2024-04-19T06:00:00Z,-7.609444,112.595556,-0.0011596865952014,-0.0017499985406175,0.0005037946393713355
2024-04-19T09:00:00Z,-7.609444,112.595556,-0.0012167594395577,-0.0016395371640101,0.00029987713787704706
2024-04-19T12:00:00Z,-7.609444,112.595556,-0.0012796698138117,-0.0015697124181315,0.00028000198653899133
2024-04-19T15:00:00Z,-7.609444,112.595556,-0.0012857711408287,-0.0014972380595281,0.00025296412059105933
2024-04-19T18:00:00Z,-7.609444,112.595556,-0.0013716908870264,-0.0014116301899775,0.00019061022612731904
2024-04-19T21:00:00Z,-7.609444,112.595556,-0.0013967009726911,-0.0013625400606542,0.00015977915609255433
2024-04-20T00:00:00Z,-7.609444,112.595556,-0.0014038579538464,-0.0013966653496026,0.00019248551689088345
2024-04-20T03:00:00Z,-7.609444,112.595556,-0.0014221249148249,-0.0014716968871653,0.00012301639071665704
2024-04-20T06:00:00Z,-7.609444,112.595556,-0.0014351014979183,-0.0015098322182893,3.289112282800488e-05
2024-04-20T09:00:00Z,-7.609444,112.595556,-0.0013572389725595,-0.0015836477978155,-5.4057774832472205e-05
2024-04-20T12:00:00Z,-7.609444,112.595556,-0.0012933909893035,-0.0016604008851572,-7.698340050410479e-05
2024-04-20T15:00:00Z,-7.609444,112.595556,-0.0012492339592427,-0.0016655463259667,-0.0001014441149891354
2024-04-20T18:00:00Z,-7.609444,112.595556,-0.0012615368468686,-0.0016692453064024,-0.0001508563436800614
2024-04-20T21:00:00Z,-7.609444,112.595556,-0.0012646230170503,-0.0016666785813868,-0.0001278063136851415
2024-04-21T00:00:00Z,-7.609444,112.595556,-0.0012102518230676,-0.0016636663349345,-0.00015853402146603912
2024-04-21T03:00:00Z,-7.609444,112.595556,-0.0011558866826817,-0.0016362448222935,-0.00021209134138189256
2024-04-21T06:00:00Z,-7.609444,112.595556,-0.0011737553868442,-0.0015318294754251,-0.0003311106702312827
2024-04-21T09:00:00Z,-7.609444,112.595556,-0.0011375559261068,-0.0015094768023118,-0.00048125459579750896
2024-04-21T12:00:00Z,-7.609444,112.595556,-0.0010589451994746,-0.0015061942394822,-0.0004597798979375512
2024-04-21T15:00:00Z,-7.609444,112.595556,-0.0009106912184506656,-0.001441552536562,-0.00035405735252425075
2024-04-21T18:00:00Z,-7.609444,112.595556,-0.0008857844513840973,-0.0014135437086224,-0.00028397003188729286
2024-04-21T21:00:00Z,-7.609444,112.595556,-0.0008673976408317685,-0.001444608788006,-0.00015334904310293496
2024-04-22T00:00:00Z,-7.609444,112.595556,-0.0007879602489992976,-0.0014845127006992,-0.00020440352091100067
2024-04-22T03:00:00Z,-7.609444,112.595556,-0.0006253725150600076,-0.0015143930213525,-0.0002473127096891403
2024-04-22T06:00:00Z,-7.609444,112.595556,-0.0006087094079703093,-0.0015468172496184,-0.0001515442709205672
2024-04-22T09:00:00Z,-7.609444,112.595556,-0.0005860062083229423,-0.0016016572481021,-0.0002344673412153497
2024-04-22T12:00:00Z,-7.609444,112.595556,-0.0005015821079723537,-0.0016678059473633,-0.0002989065833389759
2024-04-22T15:00:00Z,-7.609444,112.595556,-0.0003678257635328919,-0.0016697674291208,-0.0002784864045679569
2024-04-22T18:00:00Z,-7.609444,112.595556,-0.0003772482159547508,-0.0015549823874607,-0.00022965228708926588
2024-04-22T21:00:00Z,-7.609444,112.595556,-0.0004398342280182988,-0.0014368564588949,-0.0001413631980540231
2024-04-23T00:00:00Z,-7.609444,112.595556,-0.000453125307103619,-0.0013177096843719,-0.00012753905321005732
2024-04-23T03:00:00Z,-7.609444,112.595556,-0.0003692896862048656,-0.0011495683575049,-0.00014584462041966617
2024-04-23T06:00:00Z,-7.609444,112.595556,-0.0004494568274822086,-0.0010165534913539,-5.372735904529691e-05
2024-04-23T09:00:00Z,-7.609444,112.595556,-0.0004900585627183318,-0.0008804003591649234,-6.213857659531641e-07
2024-04-23T12:00:00Z,-7.609444,112.595556,-0.0005118139670230448,-0.0007261076825670898,-3.289033338660374e-05
2024-04-23T15:00:00Z,-7.609444,112.595556,-0.0004610959149431437,-0.0004984594415873289,1.9678171156556346e-05
2024-04-23T18:00:00Z,-7.609444,112.595556,-0.000497981149237603,-0.0003123950446024537,0.0001593598281033337
2024-04-23T21:00:00Z,-7.609444,112.595556,-0.000560581567697227,-0.0001332343090325594,0.00025424183695577085
2024-04-24T00:00:00Z,-7.609444,112.595556,-0.000624464766588062,3.6443751014303416e-05,0.0002126092440448701
2024-04-24T03:00:00Z,-7.609444,112.595556,-0.0006696833879686892,0.0001739648578222841,0.00010867404489545152
2024-04-24T06:00:00Z,-7.609444,112.595556,-0.0008079385734163225,0.0002592187374830246,-3.9062138966983184e-05
2024-04-24T09:00:00Z,-7.609444,112.595556,-0.000831390789244324,0.00027164979837834835,4.650394475902431e-05
2024-04-24T12:00:00Z,-7.609444,112.595556,-0.000824218092020601,0.00018908402125816792,5.4967353207757697e-05
2024-04-24T15:00:00Z,-7.609444,112.595556,-0.000838429550640285,0.0001359456655336544,8.046045695664361e-05
2024-04-24T18:00:00Z,-7.609444,112.595556,-0.0009652822045609356,1.934630199684761e-05,1.4234929039957931e-05
2024-04-24T21:00:00Z,-7.609444,112.595556,-0.0009341717814095318,-8.525684097548947e-05,6.82598547427915e-05
2024-04-25T00:00:00Z,-7.609444,112.595556,-0.0009422003640793264,-0.00021673718583770096,-7.050896965665743e-05
2024-04-25T03:00:00Z,-7.609444,112.595556,-0.0010256372625008,-0.00032684116740711033,-0.00028412905521690845
2024-04-25T06:00:00Z,-7.609444,112.595556,-0.0010945198591798,-0.0004474501183722168,-0.0003517843724694103
2024-04-25T09:00:00Z,-7.609444,112.595556,-0.0010615182109177,-0.0005489478935487568,-0.00035117080551572144
2024-04-25T12:00:00Z,-7.609444,112.595556,-0.0010501140495762,-0.0006946871872060001,-0.00035189869231544435
2024-04-25T15:00:00Z,-7.609444,112.595556,-0.0010202853009104,-0.0007770476513542235,-0.0003777731326408684
2024-04-25T18:00:00Z,-7.609444,112.595556,-0.0010255411034449,-0.0008396884077228606,-0.0004144241393078119
2024-04-25T21:00:00Z,-7.609444,112.595556,-0.0009234516182914376,-0.0008826839621178806,-0.0004043595399707556
2024-04-26T00:00:00Z,-7.609444,112.595556,-0.0008759410120546818,-0.000948206870816648,-0.0004738871066365391
2024-04-26T03:00:00Z,-7.609444,112.595556,-0.000855663325637579,-0.0010238501708954,-0.000546227500308305
2024-04-26T06:00:00Z,-7.609444,112.595556,-0.0008680495666339993,-0.0010714930249378,-0.0006296356441453099
2024-04-26T09:00:00Z,-7.609444,112.595556,-0.000813815335277468,-0.0010968128917738,-0.0006261842208914459
2024-04-26T12:00:00Z,-7.609444,112.595556,-0.000797967950347811,-0.0011191006051376,-0.0006485299672931433
2024-04-26T15:00:00Z,-7.609444,112.595556,-0.0008435615454800427,-0.0010930484859272,-0.0007263495936058462
2024-04-26T18:00:00Z,-7.609444,112.595556,-0.000945614418014884,-0.0010269341291859,-0.0007030497654341161
2024-04-26T21:00:00Z,-7.609444,112.595556,-0.0009113462292589248,-0.000959318014793098,-0.0006114461575634778
2024-04-27T00:00:00Z,-7.609444,112.595556,-0.0009072137181647122,-0.0009183252113871276,-0.0007376092253252864
2024-04-27T03:00:00Z,-7.609444,112.595556,-0.0008081056294031441,-0.0009328780579380692,-0.0006937519065104425
2024-04-27T06:00:00Z,-7.609444,112.595556,-0.0007549303700216115,-0.0009115179418586196,-0.0006571912090294063
2024-04-27T09:00:00Z,-7.609444,112.595556,-0.0006712715839967132,-0.0008823129464872181,-0.0006252869497984648
2024-04-27T12:00:00Z,-7.609444,112.595556,-0.0006221941439434886,-0.0008646325441077352,-0.0007703849114477634
2024-04-27T15:00:00Z,-7.609444,112.595556,-0.0005656321300193667,-0.0007823920459486544,-0.0008040181710384786
2024-04-27T18:00:00Z,-7.609444,112.595556,-0.0005454556085169315,-0.0007360949530266225,-0.0007573275361210108
2024-04-27T21:00:00Z,-7.609444,112.595556,-0.0004364519845694304,-0.0007280981517396867,-0.000728185405023396
2024-04-28T00:00:00Z,-7.609444,112.595556,-0.00038050251896493137,-0.0008074661600403488,-0.000728875573258847
2024-04-28T03:00:00Z,-7.609444,112.595556,-0.0002576875267550349,-0.0008774845045991242,-0.0007741773733869195
2024-04-28T06:00:00Z,-7.609444,112.595556,-0.0002047692250926048,-0.0009263102547265588,-0.0008165836334228516
2024-04-28T09:00:00Z,-7.609444,112.595556,-7.713190279901028e-05,-0.0010153212351724,-0.0007344844052568078
2024-04-28T12:00:00Z,-7.609444,112.595556,1.5395697118947282e-05,-0.0011506098089739,-0.0007754957769066095
2024-04-28T15:00:00Z,-7.609444,112.595556,6.318033410934731e-05,-0.0011922514531761,-0.0007919173804111779
2024-04-28T18:00:00Z,-7.609444,112.595556,7.813451520632952e-05,-0.0012462130980566,-0.0008015867788344622
2024-04-28T21:00:00Z,-7.609444,112.595556,0.00012299293302930892,-0.001300667761825,-0.0007463670335710049
2024-04-29T00:00:00Z,-7.609444,112.595556,0.00011052652553189546,-0.0013083992525935,-0.0008025523857213557
2024-04-29T03:00:00Z,-7.609444,112.595556,0.00014557846589013934,-0.0012837988324463,-0.0007387694204226136
2024-04-29T06:00:00Z,-7.609444,112.595556,0.0002027584268944338,-0.0013115182518959,-0.0006141135236248374
2024-04-29T09:00:00Z,-7.609444,112.595556,0.00029331486439332366,-0.0013667065650224,-0.0004441930504981429
2024-04-29T12:00:00Z,-7.609444,112.595556,0.00034817971754819155,-0.0014273250708356,-0.00036886101588606834
2024-04-29T15:00:00Z,-7.609444,112.595556,0.000355379655957222,-0.0013992268359288,-0.0003854046226479113
2024-04-29T18:00:00Z,-7.609444,112.595556,0.0002944887382909656,-0.0013099181232973,-0.0002584226313047111
2024-04-29T21:00:00Z,-7.609444,112.595556,0.0003334386565256864,-0.0012047830969095,-0.0002548808988649398
2024-04-30T00:00:00Z,-7.609444,112.595556,0.0002956761163659394,-0.0011811254080384,-0.00022704007278662172
2024-04-30T03:00:00Z,-7.609444,112.595556,0.0002029968600254506,-0.0011417925124987,-0.0002304157824255526
2024-04-30T06:00:00Z,-7.609444,112.595556,7.290812936844304e-05,-0.0010403681080788,-0.0002116909745382145
2024-04-30T09:00:00Z,-7.609444,112.595556,-2.6180996428593065e-05,-0.000990835833363235,-0.0002104981249431148
2024-04-30T12:00:00Z,-7.609444,112.595556,-0.0001686024625087157,-0.0009241937659680844,-0.0001208681642310694
2024-04-30T15:00:00Z,-7.609444,112.595556,-0.0003363260184414685,-0.0007034855661913753,-6.189884152263403e-05
2024-04-30T18:00:00Z,-7.609444,112.595556,-0.0005369957652874291,-0.00042499086703173816,-1.891231477202382e-05
2024-04-30T21:00:00Z,-7.609444,112.595556,-0.0006316278595477343,-0.0002089840272674337,8.135685493471101e-05
2024-05-01T00:00:00Z,-7.609444,112.595556,-0.0007090006256476045,-5.4416865168605e-05,0.00020410981960594651
2024-05-01T03:00:00Z,-7.609444,112.595556,-0.0007944839890114963,9.854965901467948e-05,0.00017656003183219582
2024-05-01T06:00:00Z,-7.609444,112.595556,-0.0009055272093974054,0.0002002230321522802,0.00018869881751015785
2024-05-01T09:00:00Z,-7.609444,112.595556,-0.0009617605828680098,0.00019948456611018628,0.00020905658311676237
2024-05-01T12:00:00Z,-7.609444,112.595556,-0.0010107182897627,0.0001797871373128146,0.00010462149657541886
2024-05-01T15:00:00Z,-7.609444,112.595556,-0.0010524907847866,0.0002629710361361504,-7.060853022267111e-06
2024-05-01T18:00:00Z,-7.609444,112.595556,-0.001187166548334,0.0002993254456669092,-0.00011910893954336645
2024-05-01T21:00:00Z,-7.609444,112.595556,-0.0012345352442935,0.0002889104944188148,-0.0002520789857953787
2024-05-02T00:00:00Z,-7.609444,112.595556,-0.0012231321306899,0.0002382922830292955,-0.0003223171806894243
2024-05-02T03:00:00Z,-7.609444,112.595556,-0.0012330388417467,0.00019637402147054672,-0.00036491043283604085
2024-05-02T06:00:00Z,-7.609444,112.595556,-0.0013282729778438,0.00020727922674268484,-0.0004453044675756246
2024-05-02T09:00:00Z,-7.609444,112.595556,-0.0013406481593847,0.00018425873713567853,-0.0004830606339965016
2024-05-02T12:00:00Z,-7.609444,112.595556,-0.0012647713301703,0.000101366953458637,-0.00043339302646927536
2024-05-02T15:00:00Z,-7.609444,112.595556,-0.0011464648414403,0.0001191817718790844,-0.000278169201919809
2024-05-02T18:00:00Z,-7.609444,112.595556,-0.0011450790334492,0.00012384731962811202,-0.0001940858201123774
2024-05-02T21:00:00Z,-7.609444,112.595556,-0.0010879419278353,0.0001056680630426854,-0.00021753610053565356
2024-05-03T00:00:00Z,-7.609444,112.595556,-0.000994982081465423,0.00012026762851746752,-0.00014742104394827038
2024-05-03T03:00:00Z,-7.609444,112.595556,-0.0009118160814978182,0.00016378803411498666,-0.00016452051931992173
2024-05-03T06:00:00Z,-7.609444,112.595556,-0.0009182760259136558,0.0002402002428425476,-0.00019575470651034263
2024-05-03T09:00:00Z,-7.609444,112.595556,-0.0009090373641811312,0.00023265494382940235,-0.00022950186394155023
2024-05-03T12:00:00Z,-7.609444,112.595556,-0.0008415118209086359,0.0002122753503499553,-0.00020025183039251715
2024-05-03T15:00:00Z,-7.609444,112.595556,-0.0007226351299323142,0.0002595913247205317,-6.482744356617332e-05
2024-05-03T18:00:00Z,-7.609444,112.595556,-0.0007339568110182881,0.0003482983447611332,2.437736293359194e-05
2024-05-03T21:00:00Z,-7.609444,112.595556,-0.0007233861833810806,0.000493808591272682,6.435150862671435e-05
2024-05-04T00:00:00Z,-7.609444,112.595556,-0.0006445611361414194,0.0005991720245219767,0.00018764709238894284
2024-05-04T03:00:00Z,-7.609444,112.595556,-0.0005046051228418946,0.0007189205498434603,0.0002840982342604548
2024-05-04T06:00:00Z,-7.609444,112.595556,-0.0005257324664853513,0.0007565119885839522,0.0002218308363808319
2024-05-04T09:00:00Z,-7.609444,112.595556,-0.0005150139331817627,0.0007481388747692108,0.00027096233679912984
2024-05-04T12:00:00Z,-7.609444,112.595556,-0.000462171679828316,0.0007282740552909672,0.00023095695360098037
2024-05-04T15:00:00Z,-7.609444,112.595556,-0.0004315301484894008,0.0008201905293390155,0.0002709112595766783
2024-05-04T18:00:00Z,-7.609444,112.595556,-0.0005506366142071784,0.0009617722244001924,0.00022736309620086104
2024-05-04T21:00:00Z,-7.609444,112.595556,-0.0006434536189772189,0.0011687364894896,0.00012459671415854243
2024-05-05T00:00:00Z,-7.609444,112.595556,-0.0006957723526284099,0.0012989469105377,-3.949403981096111e-05
2024-05-05T03:00:00Z,-7.609444,112.595556,-0.0006992381531745195,0.0013670604676008,-0.00030891390633769333
2024-05-05T06:00:00Z,-7.609444,112.595556,-0.0007873106515035033,0.0014321515336632,-0.00047098868526518345
2024-05-05T09:00:00Z,-7.609444,112.595556,-0.0008179417927749455,0.0014603779418393,-0.0006094255950301886
2024-05-05T12:00:00Z,-7.609444,112.595556,-0.0008830869919620454,0.0014849446015432,-0.0007861729827709496
2024-05-05T15:00:00Z,-7.609444,112.595556,-0.00096479628700763,0.0014750565169379,-0.0009610995184630156
2024-05-05T18:00:00Z,-7.609444,112.595556,-0.0010489621199667,0.001460674451664,-0.0011321519268676
2024-05-05T21:00:00Z,-7.609444,112.595556,-0.0010245830053463,0.0014571525389328,-0.0012525886995717
2024-05-06T00:00:00Z,-7.609444,112.595556,-0.0009532758267596364,0.0013570453738793,-0.0014161096187308
2024-05-06T03:00:00Z,-7.609444,112.595556,-0.0008881780668161809,0.0012674677418544,-0.0016162686515599
2024-05-06T06:00:00Z,-7.609444,112.595556,-0.0009346531005576252,0.0011698713060468,-0.0017904572887346
2024-05-06T09:00:00Z,-7.609444,112.595556,-0.0008814057218842208,0.0011257507139816,-0.0020192386582493
2024-05-06T12:00:00Z,-7.609444,112.595556,-0.0007871691486798227,0.0009948646184056995,-0.0020442635286599
2024-05-06T15:00:00Z,-7.609444,112.595556,-0.0006782317068427801,0.0007541637751273811,-0.0020255686249583
2024-05-06T18:00:00Z,-7.609444,112.595556,-0.0006738075171597302,0.0005630218074657023,-0.0020966045558452
2024-05-06T21:00:00Z,-7.609444,112.595556,-0.0006260488298721611,0.0004188979510217905,-0.0023285374045372
2024-05-07T00:00:00Z,-7.609444,112.595556,-0.000531923258677125,0.0002523492439649999,-0.0024125217460095
2024-05-07T03:00:00Z,-7.609444,112.595556,-0.0004112024907954037,7.040076161501929e-05,-0.0024487432092428
2024-05-07T06:00:00Z,-7.609444,112.595556,-0.0003769647446461022,-5.109290941618383e-05,-0.0024488370399922
2024-05-07T09:00:00Z,-7.609444,112.595556,-0.00024797365767881274,-0.00016876043810043484,-0.0025028330273926
2024-05-07T12:00:00Z,-7.609444,112.595556,-0.00012482468446251005,-0.0003686904965434224,-0.0024939021095633
2024-05-07T15:00:00Z,-7.609444,112.595556,-4.3320582335582e-05,-0.0005227219080552459,-0.0023990948684513
2024-05-07T18:00:00Z,-7.609444,112.595556,-2.9368040486588143e-05,-0.0006020069704391062,-0.0023845180403441
2024-05-07T21:00:00Z,-7.609444,112.595556,-7.563954568468034e-06,-0.000588570605032146,-0.0023445058614015
2024-05-08T00:00:00Z,-7.609444,112.595556,-2.234849671367556e-05,-0.0006032566307112575,-0.0021997736766934
2024-05-08T03:00:00Z,-7.609444,112.595556,-8.236676512751728e-05,-0.0005914776120334864,-0.0021640532650053
2024-05-08T06:00:00Z,-7.609444,112.595556,-0.0002214507694588974,-0.0004823007911909372,-0.002067745430395
2024-05-08T09:00:00Z,-7.609444,112.595556,-0.00023318530293181536,-0.0004352356190793216,-0.0018888714257627
2024-05-08T12:00:00Z,-7.609444,112.595556,-0.00017217059212271124,-0.0004268911143299192,-0.001759506878443
2024-05-08T15:00:00Z,-7.609444,112.595556,-7.915564492577687e-05,-0.0003553878632374108,-0.0015455924440175
2024-05-08T18:00:00Z,-7.609444,112.595556,-0.00017196417320519686,-0.0002155616821255535,-0.001322956290096
2024-05-08T21:00:00Z,-7.609444,112.595556,-0.0002622618048917502,-0.00010767474304884672,-0.0013527560513466
2024-05-09T00:00:00Z,-7.609444,112.595556,-0.0002508770849090069,-0.00017806937103159726,-0.0013072626898065
2024-05-09T03:00:00Z,-7.609444,112.595556,-0.0002657335717231035,-0.0002174114779336378,-0.0012116965372115
2024-05-09T06:00:00Z,-7.609444,112.595556,-0.0004237440298311412,-0.00017541114357300103,-0.0010496039176359
2024-05-09T09:00:00Z,-7.609444,112.595556,-0.0005534302908927202,-0.00017251484678126872,-0.0011628597276285
2024-05-09T12:00:00Z,-7.609444,112.595556,-0.0006426107720471919,-0.0002949993941001594,-0.001108044409193
2024-05-09T15:00:00Z,-7.609444,112.595556,-0.0007007818203419447,-0.0002304581430507824,-0.0011192433303222
2024-05-09T18:00:00Z,-7.609444,112.595556,-0.0008137953118421137,-0.0001985357812372968,-0.0010456586023792
2024-05-09T21:00:00Z,-7.609444,112.595556,-0.0008006661082617939,-0.00022033698041923344,-0.0011270843679085
2024-05-10T00:00:00Z,-7.609444,112.595556,-0.0006703491089865565,-0.0003487954090815037,-0.0011249114759266
2024-05-10T03:00:00Z,-7.609444,112.595556,-0.0006408804911188781,-0.00036587793147191405,-0.0011038543889299
2024-05-10T06:00:00Z,-7.609444,112.595556,-0.0007077757618390024,-0.00023403274826705456,-0.0010872739367187
2024-05-10T09:00:00Z,-7.609444,112.595556,-0.0007161516114138067,-0.0001725229958537966,-0.001297932351008
2024-05-10T12:00:00Z,-7.609444,112.595556,-0.0006552775739692152,-0.000261599023360759,-0.0014493141788989
2024-05-10T15:00:00Z,-7.609444,112.595556,-0.0005476067308336496,-0.00028233262128196657,-0.0015233196318149
2024-05-10T18:00:00Z,-7.609444,112.595556,-0.0006098483572714031,-0.0002354196476517245,-0.0015467061894014
2024-05-10T21:00:00Z,-7.609444,112.595556,-0.0005448128213174641,-0.00026378119946457446,-0.0018184006912633
2024-05-11T00:00:00Z,-7.609444,112.595556,-0.0004424392827786505,-0.0003380900307092816,-0.0019051276613026
2024-05-11T03:00:00Z,-7.609444,112.595556,-0.00037602969678118825,-0.00020016079361084849,-0.0018819704419001
2024-05-11T06:00:00Z,-7.609444,112.595556,-0.00034967056126333773,-0.00010416664008516818,-0.0018149971729144
2024-05-11T09:00:00Z,-7.609444,112.595556,-0.00026282560429535806,-9.015008981805296e-05,-0.0018784649437293
2024-05-11T12:00:00Z,-7.609444,112.595556,-0.0001518252829555422,-0.000180995135451667,-0.0018004261655732
2024-05-11T15:00:00Z,-7.609444,112.595556,-1.981765490199905e-05,-0.00014099915279075503,-0.0018088411306962
2024-05-11T18:00:00Z,-7.609444,112.595556,-0.0001826615771278739,3.647224366432056e-05,-0.0017930533504113
2024-05-11T21:00:00Z,-7.609444,112.595556,-0.0002299432089785114,0.00013900561316404492,-0.0018432462820783
2024-05-12T00:00:00Z,-7.609444,112.595556,-0.000177185662323609,0.00015767657896503806,-0.001869419356808
2024-05-12T03:00:00Z,-7.609444,112.595556,-0.0001374694547848776,0.00023628855706192556,-0.0017150756902992
2024-05-12T06:00:00Z,-7.609444,112.595556,-0.0002325483364984393,0.0003593112051021308,-0.0015604185173287
2024-05-12T09:00:00Z,-7.609444,112.595556,-0.0002569585922174156,0.0004309199284762144,-0.0014858484501019
2024-05-12T12:00:00Z,-7.609444,112.595556,-0.00020828726701438427,0.0004485541139729321,-0.0014008047292008
2024-05-12T15:00:00Z,-7.609444,112.595556,-0.00012171504204161464,0.0006107414956204593,-0.0011473620543256
2024-05-12T18:00:00Z,-7.609444,112.595556,-0.0002042715932475403,0.0008186745690181851,-0.0010132037568837
2024-05-12T21:00:00Z,-7.609444,112.595556,-0.00026271279784850776,0.0009640392381697892,-0.0009981581242755055
2024-05-13T00:00:00Z,-7.609444,112.595556,-0.0002318454789929092,0.000976144743617624,-0.00105839187745
2024-05-13T03:00:00Z,-7.609444,112.595556,-0.00017687355284579098,0.0010761498706415,-0.0009452280355617404
2024-05-13T06:00:00Z,-7.609444,112.595556,-0.00022808415815234184,0.0011833865428343,-0.0007049981504678726
2024-05-13T09:00:00Z,-7.609444,112.595556,-0.00031841715099290013,0.0012494880938902,-0.0007076458423398435
2024-05-13T12:00:00Z,-7.609444,112.595556,-0.00034237216459587216,0.0013025170192122,-0.0007611162145622075
2024-05-13T15:00:00Z,-7.609444,112.595556,-0.00033300844370387495,0.0013909480767324,-0.0007162104011513293
2024-05-13T18:00:00Z,-7.609444,112.595556,-0.0004158324154559523,0.0014807033585384,-0.0007749157957732677
2024-05-13T21:00:00Z,-7.609444,112.595556,-0.00046168130938895047,0.0015420225681737,-0.0008388917776755989
2024-05-14T00:00:00Z,-7.609444,112.595556,-0.0004154075286351144,0.0014920743415132,-0.0008867350989021361
2024-05-14T03:00:00Z,-7.609444,112.595556,-0.0003438467683736235,0.0015024832682684,-0.0007980162627063692
2024-05-14T06:00:00Z,-7.609444,112.595556,-0.0003303934936411679,0.0014857045607641,-0.0008076781523413956
2024-05-14T09:00:00Z,-7.609444,112.595556,-0.0002677040174603462,0.0014109560288488,-0.0009676514891907572
2024-05-14T12:00:00Z,-7.609444,112.595556,-0.00013384253543335944,0.0011967414757236,-0.001124408445321
2024-05-14T15:00:00Z,-7.609444,112.595556,-1.833599162637256e-05,0.0011245006462559,-0.0011370471911504
2024-05-14T18:00:00Z,-7.609444,112.595556,-9.586982923792676e-05,0.0011060906108468,-0.0011014735791832
2024-05-14T21:00:00Z,-7.609444,112.595556,-7.521694351453334e-05,0.0009498489671386778,-0.0012924480251967
2024-05-15T00:00:00Z,-7.609444,112.595556,5.208607035456225e-05,0.0008236206485889852,-0.0015024044550955
2024-05-15T03:00:00Z,-7.609444,112.595556,0.0001672192447585985,0.0007691097562201321,-0.0014434290351346
2024-05-15T06:00:00Z,-7.609444,112.595556,0.0002214493288192898,0.000831323501188308,-0.0013411436229944
2024-05-15T09:00:00Z,-7.609444,112.595556,0.00031120883068069816,0.0008741936762817204,-0.0013031560229137
2024-05-15T12:00:00Z,-7.609444,112.595556,0.0004707483167294413,0.0007682266877964139,-0.0011727379169315
2024-05-15T15:00:00Z,-7.609444,112.595556,0.0005552421207539737,0.0007639157120138407,-0.0011382616357877
2024-05-15T18:00:00Z,-7.609444,112.595556,0.0005875799106433988,0.0007112750317901373,-0.0011045692954212
2024-05-15T21:00:00Z,-7.609444,112.595556,0.0006579390028491616,0.0006632127915509045,-0.0010846253717318
2024-05-16T00:00:00Z,-7.609444,112.595556,0.0007171921897679567,0.0005846864078193903,-0.0010280979331582
2024-05-16T03:00:00Z,-7.609444,112.595556,0.000725582882296294,0.0005063157295808196,-0.0010388010414317
2024-05-16T06:00:00Z,-7.609444,112.595556,0.0006340044201351702,0.0005348189151845872,-0.001083796378225
2024-05-16T09:00:00Z,-7.609444,112.595556,0.0005888463347218931,0.0005557767581194639,-0.0010906237876042
2024-05-16T12:00:00Z,-7.609444,112.595556,0.0005505156586878002,0.0004723583988379687,-0.0009752711630426348
2024-05-16T15:00:00Z,-7.609444,112.595556,0.0005332691362127662,0.0004070279246661812,-0.0009561050101183356
2024-05-16T18:00:00Z,-7.609444,112.595556,0.00045317146577872336,0.00035792417475022376,-0.0009610695415176452
2024-05-16T21:00:00Z,-7.609444,112.595556,0.0004233778454363346,0.00029976072255522013,-0.0009334066999144852
2024-05-17T00:00:00Z,-7.609444,112.595556,0.0004306197224650532,0.00017103237041737884,-0.0008828833815641701
2024-05-17T03:00:00Z,-7.609444,112.595556,0.0004094522446393967,8.195272675948218e-05,-0.0008434787741862237
2024-05-17T06:00:00Z,-7.609444,112.595556,0.0002913392672780901,5.193421020521782e-05,-0.0008279293542727828
2024-05-17T09:00:00Z,-7.609444,112.595556,0.0003003498131874949,-4.230034028296359e-05,-0.0008175477851182222
2024-05-17T12:00:00Z,-7.609444,112.595556,0.00031084983493201435,-0.00022633548360317943,-0.0007793899858370423
2024-05-17T15:00:00Z,-7.609444,112.595556,0.00026857139891944826,-0.0003479323349893093,-0.000788095232564956
2024-05-17T18:00:00Z,-7.609444,112.595556,0.00013994872278999537,-0.00039417718653567135,-0.0008107873727567494
2024-05-17T21:00:00Z,-7.609444,112.595556,4.532200546236709e-05,-0.00045619087177328765,-0.0008056379156187177
2024-05-18T00:00:00Z,-7.609444,112.595556,-1.0545511031523349e-05,-0.000498986046295613,-0.0006570987170562148
2024-05-18T03:00:00Z,-7.609444,112.595556,-4.199264003545977e-05,-0.0005576233961619437,-0.0005227456567808986
2024-05-18T06:00:00Z,-7.609444,112.595556,-0.00010910668788710608,-0.0006080472958274186,-0.00028698425740003586
2024-05-18T09:00:00Z,-7.609444,112.595556,-0.00013673093053512275,-0.0006531380931846797,-0.00016418514132965356
2024-05-18T12:00:00Z,-7.609444,112.595556,-0.00022501226339954883,-0.0007154816994443536,-7.905816164566204e-05
2024-05-18T15:00:00Z,-7.609444,112.595556,-0.00026653174427337945,-0.0006284782430157065,-2.5500092306174334e-05
2024-05-18T18:00:00Z,-7.609444,112.595556,-0.00031911328551359475,-0.0005462307017296553,4.161646938882768e-05
2024-05-18T21:00:00Z,-7.609444,112.595556,-0.0003459141589701176,-0.0004697013355325908,2.6845242246054116e-05
2024-05-19T00:00:00Z,-7.609444,112.595556,-0.0003857084375340492,-0.0004668975016102195,5.298790711094625e-05
2024-05-19T03:00:00Z,-7.609444,112.595556,-0.0003645065589807928,-0.00047692796215415,9.234133176505566e-05
2024-05-19T06:00:00Z,-7.609444,112.595556,-0.000457869959063828,-0.0004389287205412984,6.178943294798955e-05
2024-05-19T09:00:00Z,-7.609444,112.595556,-0.0005253052804619074,-0.00039854494389146566,6.909966032253578e-05
2024-05-19T12:00:00Z,-7.609444,112.595556,-0.0005700940964743495,-0.0003645532997325063,7.945804100017995e-05
2024-05-19T15:00:00Z,-7.609444,112.595556,-0.0006213054875843227,-0.00025679694954305887,9.512431279290468e-05
2024-05-19T18:00:00Z,-7.609444,112.595556,-0.0006825667805969715,-0.00021154931164346635,-3.766174813790713e-06
2024-05-19T21:00:00Z,-7.609444,112.595556,-0.0006582569913007319,-0.0002990768989548087,-0.00011506662849569692
2024-05-20T00:00:00Z,-7.609444,112.595556,-0.000556034327019006,-0.0004432359128259122,-0.00016968660929705948
2024-05-20T03:00:00Z,-7.609444,112.595556,-0.00046441744780167937,-0.0005426275893114507,-0.00032005677348934114
2024-05-20T06:00:00Z,-7.609444,112.595556,-0.0004884996451437473,-0.0005822174716740847,-0.0005003250553272665
2024-05-20T09:00:00Z,-7.609444,112.595556,-0.0004390296235214919,-0.0005871868343092501,-0.0006295066559687257
2024-05-20T12:00:00Z,-7.609444,112.595556,-0.0004022900830022991,-0.0006354929064400494,-0.0007485130336135626
2024-05-20T15:00:00Z,-7.609444,112.595556,-0.0003264467522967607,-0.000675323826726526,-0.0007890987326391041
2024-05-20T18:00:00Z,-7.609444,112.595556,-0.00033899315167218447,-0.0006892475066706538,-0.0008368518901988864
2024-05-20T21:00:00Z,-7.609444,112.595556,-0.00026265563792549074,-0.0007896083407104015,-0.0008967281901277602
2024-05-21T00:00:00Z,-7.609444,112.595556,-0.00013425771612673998,-0.0008580865687690675,-0.0008596976986154914
2024-05-21T03:00:00Z,-7.609444,112.595556,-8.451218491245527e-06,-0.0008550113998353481,-0.0007492521544918418
2024-05-21T06:00:00Z,-7.609444,112.595556,1.8933873434434645e-05,-0.0008248080848716199,-0.0007396902074106038
2024-05-21T09:00:00Z,-7.609444,112.595556,0.00012191553832963108,-0.0008434442570433021,-0.0006376701639965177
2024-05-21T12:00:00Z,-7.609444,112.595556,0.00019937416072934863,-0.0009106287616305052,-0.0006090286769904196
2024-05-21T15:00:00Z,-7.609444,112.595556,0.0002290923148393631,-0.000893041433300823,-0.0006805246230214834
2024-05-21T18:00:00Z,-7.609444,112.595556,0.00018588945385999975,-0.0008604286122135818,-0.0006667569978162646
2024-05-21T21:00:00Z,-7.609444,112.595556,0.00018860274576582012,-0.0008494798094034195,-0.00061681994702667
2024-05-22T00:00:00Z,-7.609444,112.595556,0.00015586652443744242,-0.0008916537626646459,-0.0005985584575682878
2024-05-22T03:00:00Z,-7.609444,112.595556,0.00015016266843304038,-0.0009189177653752268,-0.0004592835030052811
2024-05-22T06:00:00Z,-7.609444,112.595556,8.363923552678898e-05,-0.0009341409895569086,-0.00036492643994279206
2024-05-22T09:00:00Z,-7.609444,112.595556,5.2128583774901927e-05,-0.000935716147068888,-0.0002522421709727496
2024-05-22T12:00:00Z,-7.609444,112.595556,4.077106132172048e-05,-0.0009537055739201604,-0.000291503471089527
2024-05-22T15:00:00Z,-7.609444,112.595556,1.4728505448147187e-05,-0.0009274602052755654,-0.00031338827102445066
2024-05-22T18:00:00Z,-7.609444,112.595556,-5.90462404943537e-05,-0.0009045018814504148,-0.0002971415233332664
2024-05-22T21:00:00Z,-7.609444,112.595556,-7.979948713909835e-05,-0.0009269719594158232,-0.0002453202905599028
2024-05-23T00:00:00Z,-7.609444,112.595556,-6.232678424566984e-05,-0.0010106610134243,-0.00020272278925403955
2024-05-23T03:00:00Z,-7.609444,112.595556,-3.638442285591736e-05,-0.0010520126670598,-0.00013830669922754169
2024-05-23T06:00:00Z,-7.609444,112.595556,-0.00011122921569040044,-0.0010543620446696,-0.0001366195792797953
2024-05-23T09:00:00Z,-7.609444,112.595556,-0.00014388981799129397,-0.0009792317869141698,-5.1097416871925816e-05
2024-05-23T12:00:00Z,-7.609444,112.595556,-0.0001626851299079135,-0.0009508850052952766,-0.00014725803339388222
2024-05-23T15:00:00Z,-7.609444,112.595556,-0.00013224025315139443,-0.0008863035473041236,-0.0001136882565333508
2024-05-23T18:00:00Z,-7.609444,112.595556,-0.0001590191968716681,-0.0008594505488872528,-4.341739622759633e-05
2024-05-23T21:00:00Z,-7.609444,112.595556,-9.422915172763167e-05,-0.0008789200219325721,6.300226232269779e-05
2024-05-24T00:00:00Z,-7.609444,112.595556,-3.753013879759237e-05,-0.0009162088390439748,6.704909901600331e-05
2024-05-24T03:00:00Z,-7.609444,112.595556,-1.562723446113523e-05,-0.0008492296328768134,-4.116489890293451e-06
2024-05-24T06:00:00Z,-7.609444,112.595556,3.0736823646293487e-06,-0.0006855407846160233,7.093434305716073e-06
2024-05-24T09:00:00Z,-7.609444,112.595556,8.18534244899638e-05,-0.0005233279662206769,-4.289687785785645e-05
2024-05-24T12:00:00Z,-7.609444,112.595556,0.0001321024028584361,-0.0004129603039473295,-0.0002093241782858968
2024-05-24T15:00:00Z,-7.609444,112.595556,0.000187709549209103,-0.00030758712091483176,-0.00027420674450695515
2024-05-24T18:00:00Z,-7.609444,112.595556,0.00015897922276053578,-0.00024700179346837103,-0.0002961241116281599
2024-05-24T21:00:00Z,-7.609444,112.595556,0.00020613678498193624,-0.00014779924822505563,-0.0002339711063541472
2024-05-25T00:00:00Z,-7.609444,112.595556,0.0002344591339351609,-6.186559039633721e-05,-0.00026688288198783994
2024-05-25T03:00:00Z,-7.609444,112.595556,0.00025251004262827337,6.149732507765293e-05,-0.0002596085541881621
2024-05-25T06:00:00Z,-7.609444,112.595556,0.00021898942941334096,0.00022120912035461515,-0.00025505200028419495
2024-05-25T09:00:00Z,-7.609444,112.595556,0.0002440414682496339,0.0003924991760868579,-0.0002800573129206896
2024-05-25T12:00:00Z,-7.609444,112.595556,0.0002654820855241269,0.000468008074676618,-0.00038581923581659794
2024-05-25T15:00:00Z,-7.609444,112.595556,0.000300479237921536,0.0004797067958861589,-0.0003282483958173543
2024-05-25T18:00:00Z,-7.609444,112.595556,0.00026285278727300465,0.0004985476261936128,-0.0003109665121883154
2024-05-25T21:00:00Z,-7.609444,112.595556,0.00029597911634482443,0.0005045896396040916,-0.0003632547450251877
2024-05-26T00:00:00Z,-7.609444,112.595556,0.0003210592840332538,0.0004611541226040572,-0.0003735036298166961
2024-05-26T03:00:00Z,-7.609444,112.595556,0.00033007620368152857,0.0004368310328572989,-0.000347837049048394
2024-05-26T06:00:00Z,-7.609444,112.595556,0.0002715421724133193,0.0004293264937587082,-0.000331513409037143
2024-05-26T09:00:00Z,-7.609444,112.595556,0.00034969730768352747,0.00044639885891228914,-0.00012724964471999556
2024-05-26T12:00:00Z,-7.609444,112.595556,0.0003843170416075736,0.000368766050087288,-6.514522829093039e-05
2024-05-26T15:00:00Z,-7.609444,112.595556,0.0004250080673955381,0.0003109294339083135,6.541299808304757e-05
2024-05-26T18:00:00Z,-7.609444,112.595556,0.0004030960844829679,0.0002772489679045975,0.0002214981068391353
2024-05-26T21:00:00Z,-7.609444,112.595556,0.0004450237029232085,0.00023175605747383088,0.0003050892846658826
2024-05-27T00:00:00Z,-7.609444,112.595556,0.0004143342666793615,0.00019136365153826773,0.000353055918822065
2024-05-27T03:00:00Z,-7.609444,112.595556,0.0003984660725109279,0.00023286769283004105,0.0003961006586905569
2024-05-27T06:00:00Z,-7.609444,112.595556,0.0003326850419398397,0.0003385437012184412,0.0003802745195571333
2024-05-27T09:00:00Z,-7.609444,112.595556,0.00033840115065686405,0.0004438577452674508,0.0003862768353428692
2024-05-27T12:00:00Z,-7.609444,112.595556,0.0003089614037889987,0.0005105467280372977,0.0005123715964145958
2024-05-27T15:00:00Z,-7.609444,112.595556,0.0002329980197828263,0.0006311555625870824,0.000612944713793695
2024-05-27T18:00:00Z,-7.609444,112.595556,0.00015254440950229764,0.0007105044205673039,0.0006433908129110932
2024-05-27T21:00:00Z,-7.609444,112.595556,0.0001795334683265537,0.0007849850226193666,0.0006924037588760257
2024-05-28T00:00:00Z,-7.609444,112.595556,0.00018485273176338524,0.0008378223865292966,0.0008041759137995541
2024-05-28T03:00:00Z,-7.609444,112.595556,0.00019910282571800053,0.0009972904808819294,0.0009342206758446993
2024-05-28T06:00:00Z,-7.609444,112.595556,0.0001408163516316563,0.0010966248810291,0.0010179475648328
2024-05-28T09:00:00Z,-7.609444,112.595556,0.00016367669741157442,0.0011575899552553,0.0010913909645751
2024-05-28T12:00:00Z,-7.609444,112.595556,0.0001627315068617463,0.0011897379299625,0.0011049903696402
2024-05-28T15:00:00Z,-7.609444,112.595556,0.00014667138748336583,0.00120946590323,0.0011187490308657
2024-05-28T18:00:00Z,-7.609444,112.595556,0.00011592832743190228,0.0012098774313926,0.0012133175041526
2024-05-28T21:00:00Z,-7.609444,112.595556,0.00011800065112765878,0.0011894287308678,0.0011426898417994
2024-05-29T00:00:00Z,-7.609444,112.595556,6.442615267587826e-05,0.0011364549864083,0.0010855724103748
2024-05-29T03:00:00Z,-7.609444,112.595556,6.211177969817072e-05,0.0012328900629654,0.0010789654916152
2024-05-29T06:00:00Z,-7.609444,112.595556,-6.494590343208984e-05,0.0013022723142057,0.000998142408207059
2024-05-29T09:00:00Z,-7.609444,112.595556,-0.00014266431389842182,0.0013420889154076,0.001029816456139
2024-05-29T12:00:00Z,-7.609444,112.595556,-0.0001905101671582088,0.0013062374200671,0.0010680623818188
2024-05-29T15:00:00Z,-7.609444,112.595556,-0.0002267769887112081,0.0012800667900592,0.0010187492007389
2024-05-29T18:00:00Z,-7.609444,112.595556,-0.000346471177181229,0.0012895197141915,0.0009543899795971812
2024-05-29T21:00:00Z,-7.609444,112.595556,-0.00039120676228776574,0.0012846208410337,0.0009112987318076192
2024-05-30T00:00:00Z,-7.609444,112.595556,-0.0003516265715006739,0.0011595463147386,0.0008273829007521272
2024-05-30T03:00:00Z,-7.609444,112.595556,-0.0003286637656856328,0.0011602132581174,0.0006961870822124183
2024-05-30T06:00:00Z,-7.609444,112.595556,-0.0004073794407304376,0.0011555184610188,0.0005902216653339565
2024-05-30T09:00:00Z,-7.609444,112.595556,-0.0004138366202823818,0.0011510803597047,0.0005224508931860328
2024-05-30T12:00:00Z,-7.609444,112.595556,-0.0003714175254572183,0.0010649909963831,0.00036431438638828695
2024-05-30T15:00:00Z,-7.609444,112.595556,-0.0003310004831291735,0.0010162562830373,0.00029913289472460747
2024-05-30T18:00:00Z,-7.609444,112.595556,-0.00034495105501264334,0.000981185003183782,0.00032729480881243944
2024-05-30T21:00:00Z,-7.609444,112.595556,-0.0003014871617779136,0.000896130281034857,0.0002542280126363039
2024-05-31T00:00:00Z,-7.609444,112.595556,-0.0002277518797200173,0.0007548584835603833,0.00011784608068410309
2024-05-31T03:00:00Z,-7.609444,112.595556,-5.576032344833948e-05,0.0006166477687656879,1.9857267034240067e-05
2024-05-31T06:00:00Z,-7.609444,112.595556,6.169880634843139e-06,0.0004594061174429953,-3.054755870834924e-05
2024-05-31T09:00:00Z,-7.609444,112.595556,6.153272988740355e-05,0.0003806673921644688,-0.00020467898866627365
2024-05-31T12:00:00Z,-7.609444,112.595556,0.000101345511211548,0.00020316228619776663,-0.0003388090990483761
2024-05-31T15:00:00Z,-7.609444,112.595556,0.00014074252976570278,0.00011105490557383746,-0.0004497860791161656
2024-05-31T18:00:00Z,-7.609444,112.595556,8.229396189562976e-05,7.6069709393777885e-06,-0.0004336632846388966
2024-05-31T21:00:00Z,-7.609444,112.595556,0.00010204957652604207,-9.969023813027889e-05,-0.00039139765431173146
2024-06-01T00:00:00Z,-7.609444,112.595556,0.00015005543536972257,-0.00016912409046199173,-0.0004545830015558749
2024-06-01T03:00:00Z,-7.609444,112.595556,0.0002102687576552853,-0.00022909136896487323,-0.0005795813631266356
2024-06-01T06:00:00Z,-7.609444,112.595556,0.00018580509640742093,-0.00018059773719869557,-0.0006350994226522744
2024-06-01T09:00:00Z,-7.609444,112.595556,0.00017952019697986543,-8.700085891177878e-05,-0.0007625396829098463
2024-06-01T12:00:00Z,-7.609444,112.595556,0.0001756071433192119,-5.634353874484077e-05,-0.0007470410200767219
2024-06-01T15:00:00Z,-7.609444,112.595556,0.00020185686298646036,-3.190546340192668e-05,-0.0006595798186026514
2024-06-01T18:00:00Z,-7.609444,112.595556,0.00012069245713064448,-1.8832932255463675e-05,-0.0006005328032188118
2024-06-01T21:00:00Z,-7.609444,112.595556,6.792624481022358e-05,0.00010411674156785013,-0.0005536224925890565
2024-06-02T00:00:00Z,-7.609444,112.595556,3.854317401419394e-05,0.00011874122719746084,-0.0005587934283539653
2024-06-02T03:00:00Z,-7.609444,112.595556,9.936969945556484e-06,0.00016060016059782356,-0.0005013850750401616
2024-06-02T06:00:00Z,-7.609444,112.595556,-9.223834058502688e-05,0.0002648694207891822,-0.0004367890651337802
2024-06-02T09:00:00Z,-7.609444,112.595556,-0.00016378315922338516,0.0003212651645299047,-0.0005201034364290535
2024-06-02T12:00:00Z,-7.609444,112.595556,-0.00018249267304781824,0.0003155919548589736,-0.0004327676724642515
2024-06-02T15:00:00Z,-7.609444,112.595556,-0.0002195415290771052,0.00026937611983157694,-0.000360293808626011
2024-06-02T18:00:00Z,-7.609444,112.595556,-0.0003212371375411749,0.0003268756554462016,-0.0002432375476928428
2024-06-02T21:00:00Z,-7.609444,112.595556,-0.0003332615306135267,0.00037269742460921407,-0.0001960308727575466
2024-06-03T00:00:00Z,-7.609444,112.595556,-0.0002814090403262526,0.000412548310123384,-7.510443538194522e-05
2024-06-03T03:00:00Z,-7.609444,112.595556,-0.0002334272430744022,0.0004880271735601127,-4.572823308990337e-05
2024-06-03T06:00:00Z,-7.609444,112.595556,-0.00022366752091329545,0.0005722168134525418,-0.0001089562865672633
2024-06-03T09:00:00Z,-7.609444,112.595556,-0.00016099194181151688,0.0006285486160777509,-0.00021278807253111157
2024-06-03T12:00:00Z,-7.609444,112.595556,-8.363291271962225e-05,0.0005962417926639318,-0.00032167142489925027
2024-06-03T15:00:00Z,-7.609444,112.595556,-5.49253418284934e-05,0.0006082059699110687,-0.0003401173453312367
2024-06-03T18:00:00Z,-7.609444,112.595556,-0.00014120880223345011,0.0006240745424292982,-0.0004646120360121131
2024-06-03T21:00:00Z,-7.609444,112.595556,-0.00011297524179099128,0.0006093592382967472,-0.0006323711713775992
2024-06-04T00:00:00Z,-7.609444,112.595556,-0.00016382179455831647,0.0005124434246681631,-0.0007775018457323313
2024-06-04T03:00:00Z,-7.609444,112.595556,-0.0002289831027155742,0.0004121078818570823,-0.0010711814975365
2024-06-04T06:00:00Z,-7.609444,112.595556,-0.0003707952855620533,0.0003679548390209675,-0.0013249856419861
2024-06-04T09:00:00Z,-7.609444,112.595556,-0.0004344870976638049,0.0003465723420958966,-0.0014962799614295
2024-06-04T12:00:00Z,-7.609444,112.595556,-0.0004774751723743975,0.000248879921855405,-0.0015450688078999
2024-06-04T15:00:00Z,-7.609444,112.595556,-0.0005618025898002088,0.00023711788526270536,-0.0015387467574328
2024-06-04T18:00:00Z,-7.609444,112.595556,-0.000662240490783006,0.00024121337628457693,-0.0016389597440138
2024-06-04T21:00:00Z,-7.609444,112.595556,-0.0006232908926904202,0.0002621942257974297,-0.0016784276813268
2024-06-05T00:00:00Z,-7.609444,112.595556,-0.0005921280826441944,0.0002047118032351136,-0.0017249316442757
2024-06-05T03:00:00Z,-7.609444,112.595556,-0.0005687582888640463,0.0001775304408511147,-0.0017964693251997
2024-06-05T06:00:00Z,-7.609444,112.595556,-0.0006531769759021699,0.0002362243103561923,-0.0019174152985215
2024-06-05T09:00:00Z,-7.609444,112.595556,-0.0006520198658108711,0.0003412834776099771,-0.0019991982262581
2024-06-05T12:00:00Z,-7.609444,112.595556,-0.0006765032303519547,0.0003336839727126062,-0.0020545443985611
2024-06-05T15:00:00Z,-7.609444,112.595556,-0.0007399149471893907,0.00036765338154509664,-0.0020156071987003
2024-06-05T18:00:00Z,-7.609444,112.595556,-0.0008247813675552607,0.0004353437980171293,-0.0020025926642119
2024-06-05T21:00:00Z,-7.609444,112.595556,-0.0007936031906865537,0.0004688072658609599,-0.0019518610788509
2024-06-06T00:00:00Z,-7.609444,112.595556,-0.0007274592644535005,0.000414485257351771,-0.0018178763566538
2024-06-06T03:00:00Z,-7.609444,112.595556,-0.0006527114892378449,0.0004205240984447301,-0.001680179964751
2024-06-06T06:00:00Z,-7.609444,112.595556,-0.000610443705227226,0.0004496921028476208,-0.001578441588208
2024-06-06T09:00:00Z,-7.609444,112.595556,-0.0004977815551683307,0.00042887747986242175,-0.0014445596607401
2024-06-06T12:00:00Z,-7.609444,112.595556,-0.0004599196836352348,0.0003530209942255169,-0.0014044628478586
2024-06-06T15:00:00Z,-7.609444,112.595556,-0.0004394983989186585,0.0003680424124468118,-0.0013778802240267
2024-06-06T18:00:00Z,-7.609444,112.595556,-0.0004497201007325202,0.0003958087181672454,-0.0012021000729873
2024-06-06T21:00:00Z,-7.609444,112.595556,-0.0003684247494675219,0.0004456536553334445,-0.0009714772459119558
2024-06-07T00:00:00Z,-7.609444,112.595556,-0.0003339524264447391,0.0004154070338699967,-0.0008422932005487382
2024-06-07T03:00:00Z,-7.609444,112.595556,-0.00030885590240359306,0.00041202481952495873,-0.0007137652137316763
2024-06-07T06:00:00Z,-7.609444,112.595556,-0.0002984428720083088,0.0004320997686591,-0.0004949858412146568
2024-06-07T09:00:00Z,-7.609444,112.595556,-0.0002409534645266831,0.0004582054680213332,-0.0003133747086394578
2024-06-07T12:00:00Z,-7.609444,112.595556,-0.000220889545744285,0.0004285088798496872,-0.00022544297098647803
2024-06-07T15:00:00Z,-7.609444,112.595556,-0.00016694937949068844,0.0004940718645229936,-6.493202090496197e-05
2024-06-07T18:00:00Z,-7.609444,112.595556,-0.00022159088985063136,0.0005578782875090837,-4.967766290064901e-05
2024-06-07T21:00:00Z,-7.609444,112.595556,-0.0002584661415312439,0.0005687595694325864,-9.450881407246923e-06
2024-06-08T00:00:00Z,-7.609444,112.595556,-0.0003600907220970839,0.0005539986304938793,-2.7320918889017776e-05
2024-06-08T03:00:00Z,-7.609444,112.595556,-0.00042687522363848973,0.0005833720788359642,-4.019923289888538e-05
2024-06-08T06:00:00Z,-7.609444,112.595556,-0.0005527318571694195,0.0007285437895916402,1.9254835933679715e-05
2024-06-08T09:00:00Z,-7.609444,112.595556,-0.000666983425617218,0.0008967702742666006,0.00012440139835234731
2024-06-08T12:00:00Z,-7.609444,112.595556,-0.0008208381477743387,0.0010069655254483,7.908653788035735e-05
2024-06-08T15:00:00Z,-7.609444,112.595556,-0.0008700824109837413,0.0011331286514177,3.734013444045559e-05
2024-06-08T18:00:00Z,-7.609444,112.595556,-0.0008899001986719668,0.0011844875989481,1.6035177395679057e-05
2024-06-08T21:00:00Z,-7.609444,112.595556,-0.0008543211733922362,0.0011968982871621,2.245075120299589e-05
2024-06-09T00:00:00Z,-7.609444,112.595556,-0.0008725613006390631,0.0011675395071506,-4.179051029495895e-05
2024-06-09T03:00:00Z,-7.609444,112.595556,-0.0008625903283245862,0.0012304293923079,-0.0002966340689454228
2024-06-09T06:00:00Z,-7.609444,112.595556,-0.00094681722112,0.0013258499093353,-0.0005800251965411007
2024-06-09T09:00:00Z,-7.609444,112.595556,-0.0009492216049693524,0.0013736414257436,-0.0006940139573998749
2024-06-09T12:00:00Z,-7.609444,112.595556,-0.0009757035295479,0.0013884401414543,-0.0006920264568179846
2024-06-09T15:00:00Z,-7.609444,112.595556,-0.0009178005857393146,0.0013743648305535,-0.0007458418258465827
2024-06-09T18:00:00Z,-7.609444,112.595556,-0.0008718262542970479,0.0013630458852276,-0.0008080605766735971
2024-06-09T21:00:00Z,-7.609444,112.595556,-0.0007500358042307198,0.001358057372272,-0.00077380973380059
2024-06-10T00:00:00Z,-7.609444,112.595556,-0.0006640321225859225,0.0014355926541611,-0.000713871733751148
2024-06-10T03:00:00Z,-7.609444,112.595556,-0.00052803591825068,0.0015596218872815,-0.0007385658682323992
2024-06-10T06:00:00Z,-7.609444,112.595556,-0.00044790899846702814,0.0016487978864461,-0.0008019760134629905
2024-06-10T09:00:00Z,-7.609444,112.595556,-0.0003014826506841928,0.0016318579437211,-0.000792335660662502
2024-06-10T12:00:00Z,-7.609444,112.595556,-0.00018259818898513916,0.0015500951558351,-0.0008639121660962701
2024-06-10T15:00:00Z,-7.609444,112.595556,-8.962200081441551e-05,0.0015433764783665,-0.0009168141987174748
2024-06-10T18:00:00Z,-7.609444,112.595556,-0.00012317602522671223,0.001560756820254,-0.0009449521894566716
2024-06-10T21:00:00Z,-7.609444,112.595556,-0.00010728669440140948,0.001604736666195,-0.0009470623917877674
2024-06-11T00:00:00Z,-7.609444,112.595556,-9.66537045314908e-05,0.0016560159856453,-0.0009738834341987967
2024-06-11T03:00:00Z,-7.609444,112.595556,-6.279540684772655e-05,0.0017076979856938,-0.0009198812185786664
2024-06-11T06:00:00Z,-7.609444,112.595556,-9.88772080745548e-05,0.0017519990215077,-0.0008324465597979724
2024-06-11T09:00:00Z,-7.609444,112.595556,-7.893110887380317e-05,0.0017692373367026,-0.0007005042280070484
2024-06-11T12:00:00Z,-7.609444,112.595556,-1.8343989722779952e-06,0.0018017806578427,-0.0007166457362473011
2024-06-11T15:00:00Z,-7.609444,112.595556,0.00013321786536835134,0.0018973802216351,-0.0007181883556768298
2024-06-11T18:00:00Z,-7.609444,112.595556,0.00014043867122381926,0.0019099848577752,-0.0006690759910270572
2024-06-11T21:00:00Z,-7.609444,112.595556,0.00018863131117541343,0.0019064663210883,-0.0007180614629760385
2024-06-12T00:00:00Z,-7.609444,112.595556,0.00020584469893947244,0.0018388655735179,-0.0009737562504597008
2024-06-12T03:00:00Z,-7.609444,112.595556,0.0002236743166577071,0.0017492715269327,-0.0010225779842585
2024-06-12T06:00:00Z,-7.609444,112.595556,8.147049811668694e-05,0.0016852591652423,-0.0009597132448107004
2024-06-12T09:00:00Z,-7.609444,112.595556,-1.0228549399471376e-05,0.0016651108162477,-0.0009755326900631188
2024-06-12T12:00:00Z,-7.609444,112.595556,-6.925919296918437e-05,0.0016031811246648,-0.0010433972347527
2024-06-12T15:00:00Z,-7.609444,112.595556,-9.240495273843408e-05,0.0014929004246369,-0.000890219584107399
2024-06-12T18:00:00Z,-7.609444,112.595556,-0.00014289270620793104,0.0013285987079143,-0.0006882974994368851
2024-06-12T21:00:00Z,-7.609444,112.595556,-0.00011157192784594372,0.0011858633952215,-0.000667233660351485
2024-06-13T00:00:00Z,-7.609444,112.595556,-5.126206815475598e-05,0.001051303348504,-0.0006193742156028748
2024-06-13T03:00:00Z,-7.609444,112.595556,-3.7262929254211485e-05,0.0009856198448687792,-0.0006765408907085657
2024-06-13T06:00:00Z,-7.609444,112.595556,-0.00010659891268005596,0.0009368709870614113,-0.0006980554317124188
2024-06-13T09:00:00Z,-7.609444,112.595556,-0.00016242035781033337,0.0009337621158920228,-0.0007762470631860197
2024-06-13T12:00:00Z,-7.609444,112.595556,-0.0002851113385986537,0.0008681571343913674,-0.0007619251264259219
2024-06-13T15:00:00Z,-7.609444,112.595556,-0.00040221179369837046,0.0007972041494213045,-0.0006448201602324843
2024-06-13T18:00:00Z,-7.609444,112.595556,-0.0004976727650500834,0.0007516822661273181,-0.00058141746558249
2024-06-13T21:00:00Z,-7.609444,112.595556,-0.0005410900921560824,0.0008404421387240291,-0.0005165511975064874
2024-06-14T00:00:00Z,-7.609444,112.595556,-0.0006142408819869161,0.000915578450076282,-0.00037361704744398594
2024-06-14T03:00:00Z,-7.609444,112.595556,-0.0006316465442068875,0.0010395442368462,-0.0003688238502945751
2024-06-14T06:00:00Z,-7.609444,112.595556,-0.0006343206623569131,0.0011362514924257,-0.0002365067775826901
2024-06-14T09:00:00Z,-7.609444,112.595556,-0.0005705021903850138,0.0012161014601588,-0.0001299020368605852
2024-06-14T12:00:00Z,-7.609444,112.595556,-0.0005953056970611215,0.0012094656703993,-0.00011224149056943132
2024-06-14T15:00:00Z,-7.609444,112.595556,-0.0006403248407877982,0.0012798778479918,-8.599759894423187e-05
2024-06-14T18:00:00Z,-7.609444,112.595556,-0.0007466694805771112,0.0013844835339114,-0.0002205409691669047
2024-06-14T21:00:00Z,-7.609444,112.595556,-0.0008217576541937888,0.0015994005370885,-0.00010486489190952852
2024-06-15T00:00:00Z,-7.609444,112.595556,-0.0009180755005218088,0.0017786774551495,-7.392246516246814e-06
2024-06-15T03:00:00Z,-7.609444,112.595556,-0.000978183001279831,0.0019174820045009,0.00011368779087206347
2024-06-15T06:00:00Z,-7.609444,112.595556,-0.0010114691685885,0.0020239753648638,0.0001765201595844701
2024-06-15T09:00:00Z,-7.609444,112.595556,-0.000952400907408446,0.0020480318926274,0.00023491994943469763
2024-06-15T12:00:00Z,-7.609444,112.595556,-0.0008811624138616025,0.0020419950596988,0.00031708183814771473
2024-06-15T15:00:00Z,-7.609444,112.595556,-0.0007848664536140859,0.0021173395216464,0.00030962101300247014
2024-06-15T18:00:00Z,-7.609444,112.595556,-0.0007316377013921738,0.0021664348896592,0.0001970313605852425
2024-06-15T21:00:00Z,-7.609444,112.595556,-0.0006376071833074093,0.0022123937960714,9.274241892853752e-05
2024-06-16T00:00:00Z,-7.609444,112.595556,-0.0005863534170202911,0.0022097749169915,9.309593224315904e-06
2024-06-16T03:00:00Z,-7.609444,112.595556,-0.0005285784136503935,0.0022444617934525,-6.345602014334872e-05
2024-06-16T06:00:00Z,-7.609444,112.595556,-0.0005618283175863326,0.0023021386004984,-0.00018370668112766
2024-06-16T09:00:00Z,-7.609444,112.595556,-0.0005263625062070787,0.0023909176234155,-0.00020370027050375936
2024-06-16T12:00:00Z,-7.609444,112.595556,-0.0004658566031139344,0.0024517541751265,-0.00015450104547198862
2024-06-16T15:00:00Z,-7.609444,112.595556,-0.00038142892299219966,0.0025271200574934,-0.00014890880265738815
2024-06-16T18:00:00Z,-7.609444,112.595556,-0.00034915097057819366,0.0025474322028458,-0.0001881989446701482
2024-06-16T21:00:00Z,-7.609444,112.595556,-0.0002553296508267522,0.0025077708996832,-0.0002442894037812948
2024-06-17T00:00:00Z,-7.609444,112.595556,-0.0001414250145899132,0.002379055134952,-0.00020640750881284475
2024-06-17T03:00:00Z,-7.609444,112.595556,-2.595592150100856e-06,0.0022894016001373,-0.0002804372343234718
2024-06-17T06:00:00Z,-7.609444,112.595556,-3.82946127501782e-05,0.0022396810818463,-0.0004056825709994882
2024-06-17T09:00:00Z,-7.609444,112.595556,-6.165209924802184e-05,0.0022140142973512,-0.000533658021595329
2024-06-17T12:00:00Z,-7.609444,112.595556,-7.082306547090411e-05,0.0021077031269669,-0.000697313982527703
2024-06-17T15:00:00Z,-7.609444,112.595556,-0.00011592496593948454,0.0020550042390823,-0.0007630300242453814
2024-06-17T18:00:00Z,-7.609444,112.595556,-0.0002430842869216576,0.0020593819208443,-0.0007832280243746936
2024-06-17T21:00:00Z,-7.609444,112.595556,-0.00028719400870613754,0.0020717210136353,-0.0007252229261212051
2024-06-18T00:00:00Z,-7.609444,112.595556,-0.0002970164059661329,0.0020081913098692,-0.0006550339749082923
2024-06-18T03:00:00Z,-7.609444,112.595556,-0.0002820317749865353,0.0019468370592221,-0.0006385312881320715
2024-06-18T06:00:00Z,-7.609444,112.595556,-0.0003247282875236124,0.0019576791673898,-0.0005614133551716805
2024-06-18T09:00:00Z,-7.609444,112.595556,-0.000360273290425539,0.0019382707541808,-0.0003993643913418055
2024-06-18T12:00:00Z,-7.609444,112.595556,-0.0004024019290227443,0.0018738762009888,-0.000499861256685108
2024-06-18T15:00:00Z,-7.609444,112.595556,-0.0004892028518952429,0.00189078762196,-0.00047965371049940586
2024-06-18T18:00:00Z,-7.609444,112.595556,-0.0006510022794827819,0.0019004350760951,-0.0004938799538649619
2024-06-18T21:00:00Z,-7.609444,112.595556,-0.0007682029972784221,0.0019397739088162,-0.0004610501928254962
2024-06-19T00:00:00Z,-7.609444,112.595556,-0.0008721114718355238,0.0019168927101418,-0.00030384911224246025
2024-06-19T03:00:00Z,-7.609444,112.595556,-0.0009342000121250748,0.0019094484159722,-0.00019473963766358795
2024-06-19T06:00:00Z,-7.609444,112.595556,-0.0009923442266881466,0.0019126391271129,-7.497670139855472e-06
2024-06-19T09:00:00Z,-7.609444,112.595556,-0.0010064261732622,0.001899987575598,0.0002312514989171177
2024-06-19T12:00:00Z,-7.609444,112.595556,-0.0010327567579224,0.0018018429400399,0.0004590100725181401
2024-06-19T15:00:00Z,-7.609444,112.595556,-0.0010455205338075,0.0017313155112788,0.0005227299407124519
2024-06-19T18:00:00Z,-7.609444,112.595556,-0.0010688649490475,0.0016561185475438,0.0004854572762269527
2024-06-19T21:00:00Z,-7.609444,112.595556,-0.001037269597873,0.0016088390257209,0.00047636026283726096
2024-06-20T00:00:00Z,-7.609444,112.595556,-0.0010385322384536,0.0015026747714728,0.0004893862060271204
2024-06-20T03:00:00Z,-7.609444,112.595556,-0.0010713485535234,0.0014610612997785,0.0004665839078370482
2024-06-20T06:00:00Z,-7.609444,112.595556,-0.001204171217978,0.0014571199426427,0.0004137225041631609
2024-06-20T09:00:00Z,-7.609444,112.595556,-0.0012114960700273,0.0013244363944977,0.00033564664772711694
2024-06-20T12:00:00Z,-7.609444,112.595556,-0.0012651216238737,0.0011922114063054,0.0003484569024294615
2024-06-20T15:00:00Z,-7.609444,112.595556,-0.0013336752308532,0.0011403696844354,0.0004083556996192783
2024-06-20T18:00:00Z,-7.609444,112.595556,-0.0013816625578328,0.0011472208425402,0.0002692611888051033
2024-06-20T21:00:00Z,-7.609444,112.595556,-0.0013521731598302,0.001181551720947,0.0001223478466272354
2024-06-21T00:00:00Z,-7.609444,112.595556,-0.001320497249253,0.0012079681036993,8.44799869810231e-05
2024-06-21T03:00:00Z,-7.609444,112.595556,-0.0013064263621345,0.0012457298580557,-3.126362798866466e-06
2024-06-21T06:00:00Z,-7.609444,112.595556,-0.0013605771819129,0.0012707747519016,-4.709511995315552e-05
2024-06-21T09:00:00Z,-7.609444,112.595556,-0.0013534995960071,0.0012462751474231,-0.0001830719702411443
2024-06-21T12:00:00Z,-7.609444,112.595556,-0.0013816178543493,0.0012154240394011,-0.0003127144882455468
2024-06-21T15:00:00Z,-7.609444,112.595556,-0.0014244706835597,0.0013197096996009,-0.0003948894736822695
2024-06-21T18:00:00Z,-7.609444,112.595556,-0.0015517636202275,0.0014883750118315,-0.0005371037987060845
2024-06-21T21:00:00Z,-7.609444,112.595556,-0.0016088996781036,0.0016877062153071,-0.0006092580733820796
2024-06-22T00:00:00Z,-7.609444,112.595556,-0.0016126884147524,0.0017910733586177,-0.000609401089604944
2024-06-22T03:00:00Z,-7.609444,112.595556,-0.0015484362374991,0.0018755143973976,-0.0006046004127711058
2024-06-22T06:00:00Z,-7.609444,112.595556,-0.0015575407305732,0.0019977681804448,-0.000599820981733501
2024-06-22T09:00:00Z,-7.609444,112.595556,-0.0015117691364139,0.0020345153752714,-0.0006262435344979167
2024-06-22T12:00:00Z,-7.609444,112.595556,-0.0014881849056109,0.002077619312331,-0.0007499493658542633
2024-06-22T15:00:00Z,-7.609444,112.595556,-0.0014319593319669,0.0021419157274067,-0.0008790469728410244
2024-06-22T18:00:00Z,-7.609444,112.595556,-0.0014215020928531,0.0022314838133752,-0.0010172668844461
2024-06-22T21:00:00Z,-7.609444,112.595556,-0.001362343202345,0.0023132152855396,-0.0009707174613140525
2024-06-23T00:00:00Z,-7.609444,112.595556,-0.0013202580157667,0.0023290426470339,-0.0010080174542963
2024-06-23T03:00:00Z,-7.609444,112.595556,-0.0012734959600493,0.0023830188438296,-0.0010937287006527
2024-06-23T06:00:00Z,-7.609444,112.595556,-0.0012692109448835,0.0024452737998217,-0.000998962321318686
2024-06-23T09:00:00Z,-7.609444,112.595556,-0.0011763938236981,0.0024826801382005,-0.0007979351212270558
2024-06-23T12:00:00Z,-7.609444,112.595556,-0.001159360166639,0.0025140035431832,-0.0007449008408002555
2024-06-23T15:00:00Z,-7.609444,112.595556,-0.0010612090118229,0.0024344602134078,-0.0007658835966140032
2024-06-23T18:00:00Z,-7.609444,112.595556,-0.0010461619822308,0.002385038184002,-0.0007672602660022676
2024-06-23T21:00:00Z,-7.609444,112.595556,-0.0010268669575452,0.0023298820015043,-0.0007145022391341627
2024-06-24T00:00:00Z,-7.609444,112.595556,-0.0010539392242208,0.0022733188234269,-0.0008322357898578048
2024-06-24T03:00:00Z,-7.609444,112.595556,-0.001031648600474,0.0022560660727322,-0.000751592218875885
2024-06-24T06:00:00Z,-7.609444,112.595556,-0.0010822695912793,0.0022780168801546,-0.0007750935619696975
2024-06-24T09:00:00Z,-7.609444,112.595556,-0.0010854030260816,0.0022696759551763,-0.0006632793229073286
2024-06-24T12:00:00Z,-7.609444,112.595556,-0.0011232905089855,0.0021959114819765,-0.0005520578706637025
2024-06-24T15:00:00Z,-7.609444,112.595556,-0.0010996969649568,0.0021755651105195,-0.0003902952303178608
2024-06-24T18:00:00Z,-7.609444,112.595556,-0.0010878123575821,0.0021567817311733,-0.00022947994875721636
2024-06-24T21:00:00Z,-7.609444,112.595556,-0.0009982167975977063,0.0021164105273783,-8.55226389830932e-05
2024-06-25T00:00:00Z,-7.609444,112.595556,-0.0009683336829766632,0.0021483991295099,-7.535581244155765e-05
2024-06-25T03:00:00Z,-7.609444,112.595556,-0.0009667006088420748,0.002208650810644,-7.511474450438982e-06
2024-06-25T06:00:00Z,-7.609444,112.595556,-0.001032474450767,0.002276947023347,-6.02327345404774e-05
2024-06-25T09:00:00Z,-7.609444,112.595556,-0.0010497755138203,0.0022850513923913,-5.3637722885468975e-05
2024-06-25T12:00:00Z,-7.609444,112.595556,-0.0010911413701251,0.0022613785695284,-0.00012301361130084842
2024-06-25T15:00:00Z,-7.609444,112.595556,-0.0011374267050996,0.0022857824806123,-3.931477476726286e-05
2024-06-25T18:00:00Z,-7.609444,112.595556,-0.0013389730593189,0.0023363057989627,-7.66194862080738e-05
2024-06-25T21:00:00Z,-7.609444,112.595556,-0.0014379830099642,0.0023924931883811,-3.232446761103347e-05
2024-06-26T00:00:00Z,-7.609444,112.595556,-0.0014595270622521,0.0023949653841555,-1.5647503460058942e-05
2024-06-26T03:00:00Z,-7.609444,112.595556,-0.001438049133867,0.0024098688736557,7.018240285106003e-05
2024-06-26T06:00:00Z,-7.609444,112.595556,-0.0014543260913342,0.0023975886870175,0.00010745701001724228
2024-06-26T09:00:00Z,-7.609444,112.595556,-0.001380682690069,0.0023462793324142,0.00015092473768163472
2024-06-26T12:00:00Z,-7.609444,112.595556,-0.0013545141555368,0.0022942649666219,-6.38966157566756e-05
2024-06-26T15:00:00Z,-7.609444,112.595556,-0.0012970834504812,0.0023162432480603,-0.00018111165263690052
2024-06-26T18:00:00Z,-7.609444,112.595556,-0.0013395668938755,0.0023368413094431,-0.0002863765985239297
2024-06-26T21:00:00Z,-7.609444,112.595556,-0.001290088519454,0.0023083302658051,-0.0002797226479742676
2024-06-27T00:00:00Z,-7.609444,112.595556,-0.0012334551429376,0.0022505079396069,-0.0002783552627079189
2024-06-27T03:00:00Z,-7.609444,112.595556,-0.0011507854796946,0.0022667560260742,-0.00022198256920091808
2024-06-27T06:00:00Z,-7.609444,112.595556,-0.001151910983026,0.0023134232033044,-0.00026451857411302626
2024-06-27T09:00:00Z,-7.609444,112.595556,-0.0011277811136096,0.0023742087651044,-0.00030205023358576
2024-06-27T12:00:00Z,-7.609444,112.595556,-0.0010525266407057,0.0023920882958918,-0.0003903723554685712
2024-06-27T15:00:00Z,-7.609444,112.595556,-0.000907708250451833,0.0024469713680446,-0.0003642185765784234
2024-06-27T18:00:00Z,-7.609444,112.595556,-0.0008968948968686163,0.0024625638034194,-0.0005065465229563415
2024-06-27T21:00:00Z,-7.609444,112.595556,-0.0008484834688715637,0.0024746712297201,-0.000553531979676336
2024-06-28T00:00:00Z,-7.609444,112.595556,-0.0008568941848352551,0.0025406768545508,-0.0006457020062953234
2024-06-28T03:00:00Z,-7.609444,112.595556,-0.0008377490448765457,0.0027191573753952,-0.0005435633356682956
2024-06-28T06:00:00Z,-7.609444,112.595556,-0.0009185513481497764,0.0028739960398525,-0.0004394245333969593
2024-06-28T09:00:00Z,-7.609444,112.595556,-0.000901874853298068,0.0029518390074372,-0.00022195660858415067
2024-06-28T12:00:00Z,-7.609444,112.595556,-0.0008909107418730855,0.0030238388571888,-0.00012905157927889377
2024-06-28T15:00:00Z,-7.609444,112.595556,-0.0008405226981267333,0.0031668853480368,6.641712388955057e-05
2024-06-28T18:00:00Z,-7.609444,112.595556,-0.0009001688449643552,0.0033038270194083,8.291094127343968e-05
2024-06-28T21:00:00Z,-7.609444,112.595556,-0.0009150662808679044,0.003449076320976,0.00010775390546768904
2024-06-29T00:00:00Z,-7.609444,112.595556,-0.0009754404309205712,0.0036400251556187,7.400336471619084e-05
2024-06-29T03:00:00Z,-7.609444,112.595556,-0.0009731600875966252,0.0038556430954486,5.048299499321729e-05
2024-06-29T06:00:00Z,-7.609444,112.595556,-0.0010721324943006,0.0040224054828286,-3.269810258643702e-05
2024-06-29T09:00:00Z,-7.609444,112.595556,-0.001144400681369,0.0041499584913253,-0.0001296099799219519
2024-06-29T12:00:00Z,-7.609444,112.595556,-0.0012279424117878,0.0042469399049878,-0.00018285871192347256
2024-06-29T15:00:00Z,-7.609444,112.595556,-0.0013142130337655,0.0044038007035851,-0.00021967702195979652
2024-06-29T18:00:00Z,-7.609444,112.595556,-0.0014265427598729,0.0045090829953551,-0.0002649486996233464
2024-06-29T21:00:00Z,-7.609444,112.595556,-0.0013976270565763,0.0045527485199272,-0.00022798069403506813
2024-06-30T00:00:00Z,-7.609444,112.595556,-0.0014121377607807,0.0045724851079285,-0.0002359002537559718
2024-06-30T03:00:00Z,-7.609444,112.595556,-0.0013541813241317,0.0045876665972173,-0.00030185614014044404
2024-06-30T06:00:00Z,-7.609444,112.595556,-0.0013405694626271,0.0045686890371143,-0.00021687487605959177
2024-06-30T09:00:00Z,-7.609444,112.595556,-0.0012806880986317,0.0045852637849748,-0.0001430030242772773
2024-06-30T12:00:00Z,-7.609444,112.595556,-0.0012302214745432,0.004630587529391,-0.0001723273890092969
2024-06-30T15:00:00Z,-7.609444,112.595556,-0.0011865375563502,0.004747818224132,-0.00020197127014398572
2024-06-30T18:00:00Z,-7.609444,112.595556,-0.0012016992550343,0.0047889975830912,-0.0002795389445964247
2024-06-30T21:00:00Z,-7.609444,112.595556,-0.0011546891182661,0.0048538283444941,-0.00023167159815784544
2024-07-01T00:00:00Z,-7.609444,112.595556,-0.0011021245736628,0.0048711420968174,-0.0002608193608466536
2024-07-01T03:00:00Z,-7.609444,112.595556,-0.0010470913257449,0.0049115144647657,-0.00026948045706376433
2024-07-01T06:00:00Z,-7.609444,112.595556,-0.0010849026730284,0.0049817473627626,-0.0001932409213623032
2024-07-01T09:00:00Z,-7.609444,112.595556,-0.0010902262292802,0.0050394390709698,-0.00016807210340630263
2024-07-01T12:00:00Z,-7.609444,112.595556,-0.0011341837234795,0.0050732200033962,-0.00023911584867164493
2024-07-01T15:00:00Z,-7.609444,112.595556,-0.0011939433170482,0.0050801956094801,-0.00021405114966910327
2024-07-01T18:00:00Z,-7.609444,112.595556,-0.0012940143933519,0.0050973799079656,-0.00029156674281693995
2024-07-01T21:00:00Z,-7.609444,112.595556,-0.0013008053647354,0.0050666690804064,-0.0003439788706600666
2024-07-02T00:00:00Z,-7.609444,112.595556,-0.0013498539337888,0.0049458406865596,-0.000472528045065701
2024-07-02T03:00:00Z,-7.609444,112.595556,-0.001410107826814,0.0048719276674091,-0.000648455461487174
2024-07-02T06:00:00Z,-7.609444,112.595556,-0.0015387686435133,0.0047606085427105,-0.0008206472848542035
2024-07-02T09:00:00Z,-7.609444,112.595556,-0.0015956305433064,0.0046761492267251,-0.0009839854901656508
2024-07-02T12:00:00Z,-7.609444,112.595556,-0.0016884178621694,0.0045198881998658,-0.001069038407877
2024-07-02T15:00:00Z,-7.609444,112.595556,-0.0017528752796351,0.0043867193162441,-0.0010967927519232
2024-07-02T18:00:00Z,-7.609444,112.595556,-0.0018359180539846,0.004211388528347,-0.0011017436627298
2024-07-02T21:00:00Z,-7.609444,112.595556,-0.0018717054044827,0.0040319669060409,-0.0013115982292219
2024-07-03T00:00:00Z,-7.609444,112.595556,-0.0018953750841319,0.0037830895744264,-0.0014354671584442
2024-07-03T03:00:00Z,-7.609444,112.595556,-0.0018911018269136,0.0035786656662821,-0.0016021713381633
2024-07-03T06:00:00Z,-7.609444,112.595556,-0.0019180233357474,0.0033772885799407,-0.0017444636905565
2024-07-03T09:00:00Z,-7.609444,112.595556,-0.0018837004899978,0.0031839527655392,-0.0018792062764987
2024-07-03T12:00:00Z,-7.609444,112.595556,-0.0018916672561317,0.0029783505015075,-0.0018956414423882
2024-07-03T15:00:00Z,-7.609444,112.595556,-0.0018688555574044,0.002803387818858,-0.001836612354964
2024-07-03T18:00:00Z,-7.609444,112.595556,-0.0018988136434927,0.0026396422181278,-0.0018601462943479
2024-07-03T21:00:00Z,-7.609444,112.595556,-0.0018164094071835,0.002542192582041,-0.0017937498632818
2024-07-04T00:00:00Z,-7.609444,112.595556,-0.0017067497828975,0.0023865629918873,-0.0016228943131864
2024-07-04T03:00:00Z,-7.609444,112.595556,-0.0016122837550938,0.0023169359192252,-0.0015103979967534
2024-07-04T06:00:00Z,-7.609444,112.595556,-0.001571872504428,0.0022978950291872,-0.001479308004491
2024-07-04T09:00:00Z,-7.609444,112.595556,-0.0014788587577641,0.0023349921684712,-0.0014168504858389
2024-07-04T12:00:00Z,-7.609444,112.595556,-0.0014280044706538,0.0023275800049304,-0.001250184723176
2024-07-04T15:00:00Z,-7.609444,112.595556,-0.0013995076296851,0.0024431613273918,-0.0009873021626845002
2024-07-04T18:00:00Z,-7.609444,112.595556,-0.0013954242458567,0.0025963885709643,-0.0008093701908364892
2024-07-04T21:00:00Z,-7.609444,112.595556,-0.0013281370047479,0.0027132572140544,-0.0006273844628594816
2024-07-05T00:00:00Z,-7.609444,112.595556,-0.0012786048464477,0.0027732872404158,-0.0004092257004231215
2024-07-05T03:00:00Z,-7.609444,112.595556,-0.0012757030781358,0.0028907724190503,-0.00018933447427116332
2024-07-05T06:00:00Z,-7.609444,112.595556,-0.001352657447569,0.0029881638474762,-0.00014404967078007758
2024-07-05T09:00:00Z,-7.609444,112.595556,-0.0013299441197887,0.003081566421315,-6.570169352926314e-05
2024-07-05T12:00:00Z,-7.609444,112.595556,-0.0013727254699915,0.0031337453983724,7.603812264278531e-05
2024-07-05T15:00:00Z,-7.609444,112.595556,-0.0013899942860007,0.0032547246664762,0.0002516338136047125
2024-07-05T18:00:00Z,-7.609444,112.595556,-0.0014799389755353,0.0033183272462338,0.00027022886206395924
2024-07-05T21:00:00Z,-7.609444,112.595556,-0.0014867587015032,0.0033137646969407,0.0002674926654435694
2024-07-06T00:00:00Z,-7.609444,112.595556,-0.0014851100277155,0.0031758763361722,0.000356192234903574
2024-07-06T03:00:00Z,-7.609444,112.595556,-0.0014392253942787,0.0030907597392797,0.0003684481489472091
2024-07-06T06:00:00Z,-7.609444,112.595556,-0.0015190234407782,0.0030811622273176,0.00030333889299072325
2024-07-06T09:00:00Z,-7.609444,112.595556,-0.0014971399214118,0.0030427214223891,0.00024064502213150263
2024-07-06T12:00:00Z,-7.609444,112.595556,-0.0015219737542793,0.002953311195597,0.00015240923676174134
2024-07-06T15:00:00Z,-7.609444,112.595556,-0.0015306947752833,0.0029066833667457,0.00021502010349649936
2024-07-06T18:00:00Z,-7.609444,112.595556,-0.0016034650616347,0.0027863790746778,0.00014545186422765255
2024-07-06T21:00:00Z,-7.609444,112.595556,-0.0015817397506907,0.0025664146523922,0.00017989074694924057
2024-07-07T00:00:00Z,-7.609444,112.595556,-0.0015236084582284,0.0022996061015874,0.00015595271543134004
2024-07-07T03:00:00Z,-7.609444,112.595556,-0.0014261538162827,0.0021524592302739,0.00014040633686818182
2024-07-07T06:00:00Z,-7.609444,112.595556,-0.0014991037314757,0.002063246211037,2.7742858037527185e-06
2024-07-07T09:00:00Z,-7.609444,112.595556,-0.0015139867318794,0.0019682899583131,-4.1584357859392185e-06
2024-07-07T12:00:00Z,-7.609444,112.595556,-0.001442039036192,0.001821867423132,-1.0004576324718071e-05
2024-07-07T15:00:00Z,-7.609444,112.595556,-0.0013801731402054,0.0017431080341339,0.0001300159638049081
2024-07-07T18:00:00Z,-7.609444,112.595556,-0.0014057802036404,0.0016026655212044,0.00025781363365240395
2024-07-07T21:00:00Z,-7.609444,112.595556,-0.0013471230631694,0.0015009213238954,0.00028716446831822395
2024-07-08T00:00:00Z,-7.609444,112.595556,-0.0012746648862957,0.0013886636588722,0.0004012329154647887
2024-07-08T03:00:00Z,-7.609444,112.595556,-0.001177150174044,0.0013910625129938,0.0005120576824992895
2024-07-08T06:00:00Z,-7.609444,112.595556,-0.0011943657882511,0.0013407801743596,0.00043381593422964215
2024-07-08T09:00:00Z,-7.609444,112.595556,-0.0011311421403661,0.0012284608092159,0.0004681565915234387
2024-07-08T12:00:00Z,-7.609444,112.595556,-0.0011099911062046,0.001127773663029,0.0003952810366172344
2024-07-08T15:00:00Z,-7.609444,112.595556,-0.0011116446694359,0.0011883716797456,0.0003349365433678031
2024-07-08T18:00:00Z,-7.609444,112.595556,-0.0011672616237774,0.0011902656406164,0.00018722043023444712
2024-07-08T21:00:00Z,-7.609444,112.595556,-0.001093674567528,0.0011760359629988,0.0001607487938599661
2024-07-09T00:00:00Z,-7.609444,112.595556,-0.0010503833182156,0.0011285023065283,8.879768574843183e-05
2024-07-09T03:00:00Z,-7.609444,112.595556,-0.000984128564596176,0.0011478213127702,2.939220166808809e-06
2024-07-09T06:00:00Z,-7.609444,112.595556,-0.0010026356903836,0.0011593919480219,-0.00017274539277423173
2024-07-09T09:00:00Z,-7.609444,112.595556,-0.0009127285447902976,0.0011970592895522,-0.0003014494723174721
2024-07-09T12:00:00Z,-7.609444,112.595556,-0.0008743829093873501,0.0012935835402458,-0.0004190278996247798
2024-07-09T15:00:00Z,-7.609444,112.595556,-0.00082858168752864,0.0014015634078532,-0.0004331161908339709
2024-07-09T18:00:00Z,-7.609444,112.595556,-0.0008395256591029465,0.0014203322352841,-0.0005341531941667199
2024-07-09T21:00:00Z,-7.609444,112.595556,-0.0006949935341253877,0.0014107768656685,-0.0005092901410534978
2024-07-10T00:00:00Z,-7.609444,112.595556,-0.0006135336006991565,0.0013463124632835,-0.000616544799413532
2024-07-10T03:00:00Z,-7.609444,112.595556,-0.0005008236621506512,0.0013243373250588,-0.0005489795003086329
2024-07-10T06:00:00Z,-7.609444,112.595556,-0.0005277387681417167,0.001275438000448,-0.0005035783397033811
2024-07-10T09:00:00Z,-7.609444,112.595556,-0.00046877903514541686,0.0012965376954525,-0.0005625692429021001
2024-07-10T12:00:00Z,-7.609444,112.595556,-0.00046141623170115054,0.0012409560149535,-0.0007131388410925865
2024-07-10T15:00:00Z,-7.609444,112.595556,-0.0004926538094878197,0.0011912430636584,-0.0006355952937155962
2024-07-10T18:00:00Z,-7.609444,112.595556,-0.0004948460846208036,0.0011039430974051,-0.0006237360066734254
2024-07-10T21:00:00Z,-7.609444,112.595556,-0.00044094305485486973,0.000998112023808062,-0.0005906654405407608
2024-07-11T00:00:00Z,-7.609444,112.595556,-0.0004734217945951968,0.000929260510019958,-0.0004947776324115694
2024-07-11T03:00:00Z,-7.609444,112.595556,-0.0005228871596045792,0.0009334421483799816,-0.00034250476164743304
2024-07-11T06:00:00Z,-7.609444,112.595556,-0.0006308589945547283,0.0009495782433077692,-0.00020304594363551587
2024-07-11T09:00:00Z,-7.609444,112.595556,-0.0006763793644495308,0.000968635082244873,1.2813804914912907e-06
2024-07-11T12:00:00Z,-7.609444,112.595556,-0.000773574982304126,0.0009246135596185924,0.00019926131062675267
2024-07-11T15:00:00Z,-7.609444,112.595556,-0.0007951577426865697,0.000958112650550902,0.0004531379963736981
2024-07-11T18:00:00Z,-7.609444,112.595556,-0.0008736973395571113,0.000949724984820932,0.0006076586432754993
2024-07-11T21:00:00Z,-7.609444,112.595556,-0.0009140625479631126,0.0010115484474226,0.0007455696468241513
2024-07-12T00:00:00Z,-7.609444,112.595556,-0.0010412252740934,0.0010380009189248,0.0008593678940087557
2024-07-12T03:00:00Z,-7.609444,112.595556,-0.0010864062933251,0.0010941342916339,0.0009977155132219195
2024-07-12T06:00:00Z,-7.609444,112.595556,-0.0011705986689776,0.0011109566548839,0.0010908429976552
2024-07-12T09:00:00Z,-7.609444,112.595556,-0.0012151373084634,0.0011289152316749,0.0011377983028069
2024-07-12T12:00:00Z,-7.609444,112.595556,-0.0012997688027098,0.0011019923258572,0.0012101947795599
2024-07-12T15:00:00Z,-7.609444,112.595556,-0.0013305357424542,0.0011256934376433,0.0012945133494213
2024-07-12T18:00:00Z,-7.609444,112.595556,-0.0014578023692592,0.0011796584585681,0.0011976566165685
2024-07-12T21:00:00Z,-7.609444,112.595556,-0.0015015054959803,0.0012432981748133,0.0012081715976819
2024-07-13T00:00:00Z,-7.609444,112.595556,-0.0015419067349284,0.0012126382207497,0.0011620975565165
2024-07-13T03:00:00Z,-7.609444,112.595556,-0.0014605510514229,0.0011664016637951,0.0012402267893776
2024-07-13T06:00:00Z,-7.609444,112.595556,-0.0014347078977152,0.0011020919773727,0.001169636962004
2024-07-13T09:00:00Z,-7.609444,112.595556,-0.0013984218239784,0.0011124581797048,0.0010301286820322
2024-07-13T12:00:00Z,-7.609444,112.595556,-0.0014563706936314,0.001076843123883,0.0009756192448548972
2024-07-13T15:00:00Z,-7.609444,112.595556,-0.001415756996721,0.0010847180383279,0.0010637909872457
2024-07-13T18:00:00Z,-7.609444,112.595556,-0.001396847423166,0.0010907201794907,0.0009581848862580956
2024-07-13T21:00:00Z,-7.609444,112.595556,-0.0013496549800038,0.0010984843829646,0.0008618423016741872
2024-07-14T00:00:00Z,-7.609444,112.595556,-0.001301938900724,0.0010666924063116,0.000964961713179946
2024-07-14T03:00:00Z,-7.609444,112.595556,-0.0012119734892621,0.0010900498600676,0.0009916111594066024
2024-07-14T06:00:00Z,-7.609444,112.595556,-0.0011864770203828,0.0011747427051886,0.0009741629473865032
2024-07-14T09:00:00Z,-7.609444,112.595556,-0.0010990517912432,0.0012946565402671,0.0008436160860583186
2024-07-14T12:00:00Z,-7.609444,112.595556,-0.0010345928603783,0.00134892470669,0.0008479190291836858
2024-07-14T15:00:00Z,-7.609444,112.595556,-0.0009491820237599312,0.001376864966005,0.0008697580778971314
2024-07-14T18:00:00Z,-7.609444,112.595556,-0.0009237907361239196,0.0014293156564235,0.0007211292395368218
2024-07-14T21:00:00Z,-7.609444,112.595556,-0.0008731036796234548,0.0014660421293228,0.0006132362759672105
2024-07-15T00:00:00Z,-7.609444,112.595556,-0.0008159478893503547,0.0014662572648376,0.0006516159046441317
2024-07-15T03:00:00Z,-7.609444,112.595556,-0.0006685061962343752,0.0015166426310315,0.0006913623656146228
2024-07-15T06:00:00Z,-7.609444,112.595556,-0.0006518500158563256,0.0015457425033673,0.0006775731453672051
2024-07-15T09:00:00Z,-7.609444,112.595556,-0.0005868636071681976,0.0015719988150522,0.0005875460337847471
2024-07-15T12:00:00Z,-7.609444,112.595556,-0.0005843838443979621,0.0015307022258639,0.0005289393593557179
2024-07-15T15:00:00Z,-7.609444,112.595556,-0.0005635741399601102,0.0015573420096188,0.0005625462508760393
2024-07-15T18:00:00Z,-7.609444,112.595556,-0.0005617910646833479,0.0015177380992099,0.00041518983198329806
2024-07-15T21:00:00Z,-7.609444,112.595556,-0.000534099992364645,0.0014829923165962,0.00030834489734843373
2024-07-16T00:00:00Z,-7.609444,112.595556,-0.0005505487788468599,0.0013819308951497,0.00024183737696148452
2024-07-16T03:00:00Z,-7.609444,112.595556,-0.0005324456724338233,0.0013089870335534,0.00022438218002207577
2024-07-16T06:00:00Z,-7.609444,112.595556,-0.0005896695074625313,0.0012028157943859,0.000201758201001212
2024-07-16T09:00:00Z,-7.609444,112.595556,-0.0005824326071888208,0.0011618598364293,0.00013167751603759825
2024-07-16T12:00:00Z,-7.609444,112.595556,-0.0005935223889537156,0.0010904142400249,0.0002558360283728689
2024-07-16T15:00:00Z,-7.609444,112.595556,-0.000581329339183867,0.0011396709596738,0.0003733608464244753
2024-07-16T18:00:00Z,-7.609444,112.595556,-0.0006101392791606486,0.0011783821973949,0.0004485449753701687
2024-07-16T21:00:00Z,-7.609444,112.595556,-0.0005897143855690956,0.0012445005122572,0.0004331210511736572
2024-07-17T00:00:00Z,-7.609444,112.595556,-0.00056921795476228,0.0012510329252108,0.0004880149499513209
2024-07-17T03:00:00Z,-7.609444,112.595556,-0.0004351974930614233,0.0013249167241156,0.0006073254626244307
2024-07-17T06:00:00Z,-7.609444,112.595556,-0.0003580273478291929,0.0013580670347437,0.0006446074694395065
2024-07-17T09:00:00Z,-7.609444,112.595556,-0.0003134105063509196,0.0014460587408393,0.000603932945523411
2024-07-17T12:00:00Z,-7.609444,112.595556,-0.00037000729935243726,0.0015340259997174,0.0006013871170580387
2024-07-17T15:00:00Z,-7.609444,112.595556,-0.000376805110136047,0.0016686498420313,0.0005783133674412966
2024-07-17T18:00:00Z,-7.609444,112.595556,-0.00039531488437205553,0.0017680393066257,0.0004886668757535517
2024-07-17T21:00:00Z,-7.609444,112.595556,-0.0003933539264835417,0.0019035381264984,0.0004432614368852228
2024-07-18T00:00:00Z,-7.609444,112.595556,-0.00042619294254109263,0.0019859177991747,0.0004286816983949393
2024-07-18T03:00:00Z,-7.609444,112.595556,-0.0004006903036497533,0.0020919491071254,0.0004499904171098024
2024-07-18T06:00:00Z,-7.609444,112.595556,-0.00039775235927663743,0.0021852180361747,0.0004809540114365518
2024-07-18T09:00:00Z,-7.609444,112.595556,-0.00040393913513980806,0.0022800103761255,0.0005302540957927704
2024-07-18T12:00:00Z,-7.609444,112.595556,-0.000498186273034662,0.0022948896512389,0.000584298511967063
2024-07-18T15:00:00Z,-7.609444,112.595556,-0.0005195169360376894,0.002308135619387,0.0007223868742585182
2024-07-18T18:00:00Z,-7.609444,112.595556,-0.0005870662280358374,0.0023104271385818,0.0007546187262050807
2024-07-18T21:00:00Z,-7.609444,112.595556,-0.0006575784063898027,0.0023972124326974,0.0008461166289635003
2024-07-19T00:00:00Z,-7.609444,112.595556,-0.0007346464553847909,0.0023864032700657,0.000998584320768714
2024-07-19T03:00:00Z,-7.609444,112.595556,-0.000782020331826061,0.0024856955278664,0.0012375626247376
2024-07-19T06:00:00Z,-7.609444,112.595556,-0.00091671192785725,0.0025532103609293,0.0013522225199267
2024-07-19T09:00:00Z,-7.609444,112.595556,-0.000996903283521533,0.0026303662452846,0.0013299759011715
2024-07-19T12:00:00Z,-7.609444,112.595556,-0.0010809102095663,0.0026105353608727,0.0013576808851212
2024-07-19T15:00:00Z,-7.609444,112.595556,-0.0011203957255929,0.0026544043794274,0.0014008292928338
2024-07-19T18:00:00Z,-7.609444,112.595556,-0.0012190237175673,0.0027238128241151,0.0012551971012726
2024-07-19T21:00:00Z,-7.609444,112.595556,-0.0012976094149053,0.0027839627582579,0.0011855798074975
2024-07-20T00:00:00Z,-7.609444,112.595556,-0.0013866276713088,0.0027631698176264,0.0009968867525458336
2024-07-20T03:00:00Z,-7.609444,112.595556,-0.0014403053792193,0.0027652143035084,0.0008691321709193289
2024-07-20T06:00:00Z,-7.609444,112.595556,-0.0014984478475525,0.0027738541830331,0.0007372861728072166
2024-07-20T09:00:00Z,-7.609444,112.595556,-0.0015412159264087,0.0027638468891382,0.0005378689966164529
2024-07-20T12:00:00Z,-7.609444,112.595556,-0.0015745088458061,0.002729746280238,0.00040941304177977145
2024-07-20T15:00:00Z,-7.609444,112.595556,-0.0015603785868734,0.0027655765879899,0.00038021200452931225
2024-07-20T18:00:00Z,-7.609444,112.595556,-0.0015439608832821,0.002762974705547,0.0003515043354127556
2024-07-20T21:00:00Z,-7.609444,112.595556,-0.001467598369345,0.0027575870044529,0.00031879707239568233
2024-07-21T00:00:00Z,-7.609444,112.595556,-0.001412117970176,0.002672858769074,0.00027070718351751566
2024-07-21T03:00:00Z,-7.609444,112.595556,-0.0013151640305295,0.0026245298795402,0.0003179108607582748
2024-07-21T06:00:00Z,-7.609444,112.595556,-0.0012736775679513,0.0026301622856408,0.0003412931982893497
2024-07-21T09:00:00Z,-7.609444,112.595556,-0.0012382871937006,0.0026935436762869,0.00033565066405572
2024-07-21T12:00:00Z,-7.609444,112.595556,-0.0012320796959102,0.0027115680277347,0.00021888461196795103
2024-07-21T15:00:00Z,-7.609444,112.595556,-0.0011347726685926,0.0027344305999577,0.00025619269581511617
2024-07-21T18:00:00Z,-7.609444,112.595556,-0.0011601452715694,0.0027821348048746,0.0002111414505634457
2024-07-21T21:00:00Z,-7.609444,112.595556,-0.0010970197618007,0.0027753594331443,0.00016959384083747864
2024-07-22T00:00:00Z,-7.609444,112.595556,-0.0010056679602712,0.0027604198548942,0.00020420404325705024
2024-07-22T03:00:00Z,-7.609444,112.595556,-0.0008998694247566164,0.0027640855405479,0.0002985313767567277
2024-07-22T06:00:00Z,-7.609444,112.595556,-0.0008960335981100798,0.0028240957763046,0.0003838230622932315
2024-07-22T09:00:00Z,-7.609444,112.595556,-0.0007729624630883336,0.0028014227282255,0.0004312923119869083
2024-07-22T12:00:00Z,-7.609444,112.595556,-0.0006796113448217511,0.0026953993365168,0.00039260133053176105
2024-07-22T15:00:00Z,-7.609444,112.595556,-0.0005298852338455617,0.0026490190066397,0.0005616234848275781
2024-07-22T18:00:00Z,-7.609444,112.595556,-0.0004711882211267948,0.0026149256154894,0.0006221018848009408
2024-07-22T21:00:00Z,-7.609444,112.595556,-0.0003931243845727295,0.0026207466144114,0.0006197667680680752
2024-07-23T00:00:00Z,-7.609444,112.595556,-0.00033881462877616286,0.0026138736866414,0.0007123488467186689
2024-07-23T03:00:00Z,-7.609444,112.595556,-0.0002787452831398696,0.0026747998781502,0.0009027445921674372
2024-07-23T06:00:00Z,-7.609444,112.595556,-0.0003082052862737328,0.0026874444447457,0.0010716923279687
2024-07-23T09:00:00Z,-7.609444,112.595556,-0.0002625149500090629,0.0026135689113289,0.0012013298692181
2024-07-23T12:00:00Z,-7.609444,112.595556,-0.000299391511362046,0.0025478852912783,0.0012836474925279
2024-07-23T15:00:00Z,-7.609444,112.595556,-0.0002965250168927014,0.0025338979903608,0.0015125931240618
2024-07-23T18:00:00Z,-7.609444,112.595556,-0.0003794427902903408,0.0025401164311915,0.0015016325050964
2024-07-23T21:00:00Z,-7.609444,112.595556,-0.0004619201354216784,0.0025952758733183,0.0016424328787252
2024-07-24T00:00:00Z,-7.609444,112.595556,-0.0005949679180048406,0.0026322263292968,0.0017963047139346
2024-07-24T03:00:00Z,-7.609444,112.595556,-0.0006733735790476203,0.0027183888014405,0.0019185355631634
2024-07-24T06:00:00Z,-7.609444,112.595556,-0.0008395232143811882,0.0027535837143659,0.0019807170610874
2024-07-24T09:00:00Z,-7.609444,112.595556,-0.0009495815611444414,0.0028151993174105,0.0020627060439437
2024-07-24T12:00:00Z,-7.609444,112.595556,-0.0011124747106805,0.0028697894886136,0.0021451234351843
2024-07-24T15:00:00Z,-7.609444,112.595556,-0.0012212988222017,0.0029619089327752,0.0022736818064004
2024-07-24T18:00:00Z,-7.609444,112.595556,-0.0013968872372061,0.0030975306872278,0.0022166143171489
2024-07-24T21:00:00Z,-7.609444,112.595556,-0.0015148116508498,0.0031683109700679,0.0021866208408027
2024-07-25T00:00:00Z,-7.609444,112.595556,-0.0016182370018213,0.0031871404498815,0.0021735387854278
2024-07-25T03:00:00Z,-7.609444,112.595556,-0.0016821518074721,0.0032340686302632,0.0020754071883857
2024-07-25T06:00:00Z,-7.609444,112.595556,-0.0018107077339664,0.0032791695557534,0.0019569592550396
2024-07-25T09:00:00Z,-7.609444,112.595556,-0.0018539347220212,0.0033459707628935,0.0017047483706846
2024-07-25T12:00:00Z,-7.609444,112.595556,-0.0019563976675271,0.0033460527192801,0.0014225761406123
2024-07-25T15:00:00Z,-7.609444,112.595556,-0.0019962741062045,0.0034011993557214,0.0013400468742474
2024-07-25T18:00:00Z,-7.609444,112.595556,-0.0020648371428251,0.003375181229785,0.0011032983893528
2024-07-25T21:00:00Z,-7.609444,112.595556,-0.0020121440757066,0.0033291103318333,0.0009237389313057064
2024-07-26T00:00:00Z,-7.609444,112.595556,-0.0020342345815151,0.0032593987416476,0.0007369447266682982
2024-07-26T03:00:00Z,-7.609444,112.595556,-0.0019744720775634,0.0032649138011038,0.0005643988843075931
2024-07-26T06:00:00Z,-7.609444,112.595556,-0.0019383879844099,0.0033137972932308,0.0003910117957275361
2024-07-26T09:00:00Z,-7.609444,112.595556,-0.0018066802294924,0.0033198897726833,0.00014706641377415508
2024-07-26T12:00:00Z,-7.609444,112.595556,-0.001672611455433,0.0032169867772608,-0.0001417277817381546
2024-07-26T15:00:00Z,-7.609444,112.595556,-0.0014767745742574,0.0031696462538093,-0.0001915016327984631
2024-07-26T18:00:00Z,-7.609444,112.595556,-0.0013473754515871,0.0031164025422185,-0.0003488162474241108
2024-07-26T21:00:00Z,-7.609444,112.595556,-0.001174897653982,0.0031268699094653,-0.0006282518152147532
2024-07-27T00:00:00Z,-7.609444,112.595556,-0.0011136679677292,0.0031225103884935,-0.0008573596714995801
2024-07-27T03:00:00Z,-7.609444,112.595556,-0.000965152110438794,0.003226370550692,-0.0009160118061117828
2024-07-27T06:00:00Z,-7.609444,112.595556,-0.0008859469089657068,0.0032971268519759,-0.0009425768512301148
2024-07-27T09:00:00Z,-7.609444,112.595556,-0.0007661301060579717,0.0034039239399135,-0.001074350439012
2024-07-27T12:00:00Z,-7.609444,112.595556,-0.0006978713208809495,0.0034255078062415,-0.0011105453595519
2024-07-27T15:00:00Z,-7.609444,112.595556,-0.0005592047236859798,0.0035512973554432,-0.0009192292927764356
2024-07-27T18:00:00Z,-7.609444,112.595556,-0.0004892832948826253,0.0036682446952909,-0.0009265828412026168
2024-07-27T21:00:00Z,-7.609444,112.595556,-0.00037089770194143057,0.0038181946147233,-0.0009081924217753112
2024-07-28T00:00:00Z,-7.609444,112.595556,-0.0003009747597388923,0.0038543702103197,-0.0008839332149364054
2024-07-28T03:00:00Z,-7.609444,112.595556,-0.00016388556105084717,0.0039014022331684,-0.0006393353105522692
2024-07-28T06:00:00Z,-7.609444,112.595556,-0.000164145152666606,0.0039720516651868,-0.00045299524208530784
2024-07-28T09:00:00Z,-7.609444,112.595556,-0.00021013044170103967,0.0041250097565352,-0.0004393661511130631
2024-07-28T12:00:00Z,-7.609444,112.595556,-0.0003052106767427176,0.0042388853617012,-0.0004368358931969851
2024-07-28T15:00:00Z,-7.609444,112.595556,-0.0003149702970404178,0.0044176126830279,-0.00022817793069407344
2024-07-28T18:00:00Z,-7.609444,112.595556,-0.0004358589358162135,0.0045700115151703,-0.00010788083454826848
2024-07-28T21:00:00Z,-7.609444,112.595556,-0.000552440294995904,0.0047401660121977,-6.852822116343305e-05
2024-07-29T00:00:00Z,-7.609444,112.595556,-0.000601583335082978,0.0047246343456208,-2.483646312612109e-05
2024-07-29T03:00:00Z,-7.609444,112.595556,-0.0006225915858522058,0.0047993259504437,-1.9613888071035035e-05
2024-07-29T06:00:00Z,-7.609444,112.595556,-0.000702780787833035,0.0048840511590242,3.552923953975551e-05
2024-07-29T09:00:00Z,-7.609444,112.595556,-0.0007678614929318428,0.0050299540162086,-0.0001257180265383795
2024-07-29T12:00:00Z,-7.609444,112.595556,-0.0008973495569080114,0.0050406823866069,-0.0002390119625488296
2024-07-29T15:00:00Z,-7.609444,112.595556,-0.0009229471324943006,0.0050513981841504,-0.00027782819233834743
2024-07-29T18:00:00Z,-7.609444,112.595556,-0.001044810633175,0.0050298776477575,-0.0004959470243193209
2024-07-29T21:00:00Z,-7.609444,112.595556,-0.0011118643451482,0.0050012958236038,-0.000694447779096663
2024-07-30T00:00:00Z,-7.609444,112.595556,-0.0011497172527015,0.0048455609939992,-0.0007685822783969343
2024-07-30T03:00:00Z,-7.609444,112.595556,-0.0011398952919989,0.0047772754915058,-0.0008885833667591214
2024-07-30T06:00:00Z,-7.609444,112.595556,-0.0011678823502734,0.0046758730895817,-0.0010282467119395
2024-07-30T09:00:00Z,-7.609444,112.595556,-0.0011225610505789,0.0046527814120054,-0.001201877486892
2024-07-30T12:00:00Z,-7.609444,112.595556,-0.0011586848413571,0.0045540393330156,-0.0013023449573665
2024-07-30T15:00:00Z,-7.609444,112.595556,-0.0011270431568846,0.0044745272025465,-0.0013093741144984
2024-07-30T18:00:00Z,-7.609444,112.595556,-0.001123611931689,0.0043996507301926,-0.0013733940431848
2024-07-30T21:00:00Z,-7.609444,112.595556,-0.0010662726126611,0.0043478431180119,-0.0014516187366098
2024-07-31T00:00:00Z,-7.609444,112.595556,-0.0010356695856899,0.0041627646423876,-0.0013609760208055
2024-07-31T03:00:00Z,-7.609444,112.595556,-0.0010304762981832,0.0040490315295755,-0.0013934718444943
2024-07-31T06:00:00Z,-7.609444,112.595556,-0.0010708601912483,0.0039866976439952,-0.0014117910759523
2024-07-31T09:00:00Z,-7.609444,112.595556,-0.0010218999814242,0.0039194757118821,-0.0013914213050156
2024-07-31T12:00:00Z,-7.609444,112.595556,-0.0010070543503388,0.0038001758512109,-0.0012607387034222
2024-07-31T15:00:00Z,-7.609444,112.595556,-0.000977146322838962,0.0037710098549723,-0.0010050170822069
2024-07-31T18:00:00Z,-7.609444,112.595556,-0.0010116421617567,0.0037342505529522,-0.0009628029074519872
2024-07-31T21:00:00Z,-7.609444,112.595556,-0.0009503759793005884,0.0037119225598871,-0.0009410303318873048
2024-08-01T00:00:00Z,-7.609444,112.595556,-0.0008969424525275826,0.003568201791495,-0.0007166594150476158
2024-08-01T03:00:00Z,-7.609444,112.595556,-0.0008782352088019252,0.0035583295393735,-0.0006185032543726265
2024-08-01T06:00:00Z,-7.609444,112.595556,-0.000933135801460594,0.0035388313699513,-0.0006170462584123015
2024-08-01T09:00:00Z,-7.609444,112.595556,-0.0009317679214291276,0.0035293721593916,-0.0006287149735726416
2024-08-01T12:00:00Z,-7.609444,112.595556,-0.000987531617283821,0.0034707868471741,-0.0004884327063336968
2024-08-01T15:00:00Z,-7.609444,112.595556,-0.0010176636278629,0.0034802672453224,-0.0003615782188717276
2024-08-01T18:00:00Z,-7.609444,112.595556,-0.0011122178984805,0.0035343621857464,-0.0003164215013384819
2024-08-01T21:00:00Z,-7.609444,112.595556,-0.0011207418283447,0.0035730076488107,-0.00024739172658883035
2024-08-02T00:00:00Z,-7.609444,112.595556,-0.001167562091723,0.0035371598787605,-0.00013868079986423254
2024-08-02T03:00:00Z,-7.609444,112.595556,-0.0012247723061591,0.0036279987543821,-0.0001622626296011731
2024-08-02T06:00:00Z,-7.609444,112.595556,-0.0013801674358546,0.0038073677569627,-0.00015935067494865507
2024-08-02T09:00:00Z,-7.609444,112.595556,-0.0014941506087779,0.0039042569696903,-0.00027478887932375073
2024-08-02T12:00:00Z,-7.609444,112.595556,-0.0015731247840449,0.0038610997144132,-0.0003390039491932839
2024-08-02T15:00:00Z,-7.609444,112.595556,-0.0015973028494045,0.0039023207500576,-0.0004140216042287648
2024-08-02T18:00:00Z,-7.609444,112.595556,-0.0017017701175063,0.0039714998565614,-0.0005036995280534029
2024-08-02T21:00:00Z,-7.609444,112.595556,-0.0017583384178578,0.00406798068434,-0.0005557606345973909
2024-08-03T00:00:00Z,-7.609444,112.595556,-0.0018410991178825,0.0040734712965786,-0.0006390345515683293
2024-08-03T03:00:00Z,-7.609444,112.595556,-0.0018072940874844,0.0041260314173996,-0.0007094633765518665
2024-08-03T06:00:00Z,-7.609444,112.595556,-0.0017929995665326,0.0041267229244112,-0.0007078435155563056
2024-08-03T09:00:00Z,-7.609444,112.595556,-0.0017050326569005,0.004044400062412,-0.0006731310277245939
2024-08-03T12:00:00Z,-7.609444,112.595556,-0.0016509880078956,0.0039037177339196,-0.0007008484681136906
2024-08-03T15:00:00Z,-7.609444,112.595556,-0.001496636075899,0.0038997570518404,-0.0006840158021077514
2024-08-03T18:00:00Z,-7.609444,112.595556,-0.001428308780305,0.0039033370558172,-0.0007278187549673021
2024-08-03T21:00:00Z,-7.609444,112.595556,-0.0013020628830417,0.0039183502085506,-0.0005972151411697268
2024-08-04T00:00:00Z,-7.609444,112.595556,-0.0012132233241572,0.0038321078754961,-0.000508111494127661
2024-08-04T03:00:00Z,-7.609444,112.595556,-0.0011038855882361,0.0037931376136839,-0.0003976525622420013
2024-08-04T06:00:00Z,-7.609444,112.595556,-0.0011075884103775,0.0038090844172984,-0.0003841434081550688
2024-08-04T09:00:00Z,-7.609444,112.595556,-0.0011404600227251,0.0038183154538273,-0.000300353771308437
2024-08-04T12:00:00Z,-7.609444,112.595556,-0.0011549806222319,0.0038025458343327,-0.00019596118363551795
2024-08-04T15:00:00Z,-7.609444,112.595556,-0.0010893186554312,0.0038445033133029,-3.624508462962695e-05
2024-08-04T18:00:00Z,-7.609444,112.595556,-0.0010853057028725,0.003855530405417,4.821646143682301e-05
2024-08-04T21:00:00Z,-7.609444,112.595556,-0.0010514368768781,0.0038245934993028,4.5881650294177234e-05
2024-08-05T00:00:00Z,-7.609444,112.595556,-0.0010370600502938,0.0037349606864154,7.251751230796799e-05
2024-08-05T03:00:00Z,-7.609444,112.595556,-0.0009610988781787456,0.0037377027329057,4.943448584526777e-05
2024-08-05T06:00:00Z,-7.609444,112.595556,-0.0010274783708155,0.0037442725151777,8.296494343085214e-05
2024-08-05T09:00:00Z,-7.609444,112.595556,-0.0010677396785467,0.0037429616786539,3.412591468077153e-05
2024-08-05T12:00:00Z,-7.609444,112.595556,-0.0010957582853734,0.0036884029395878,1.7254640624742024e-05
2024-08-05T15:00:00Z,-7.609444,112.595556,-0.0010403107153251,0.0036472675856202,8.408597932429984e-05
2024-08-05T18:00:00Z,-7.609444,112.595556,-0.0010661031119525,0.0035965389106422,0.00011643001926131546
2024-08-05T21:00:00Z,-7.609444,112.595556,-0.001074414118193,0.0036030635237693,0.00011515246296767144
2024-08-06T00:00:00Z,-7.609444,112.595556,-0.0011130933417007,0.0036221034824848,0.00010846985242096709
2024-08-06T03:00:00Z,-7.609444,112.595556,-0.0011226667556911,0.003730782540515,9.809764742385596e-05
2024-08-06T06:00:00Z,-7.609444,112.595556,-0.0012253958266228,0.0038318855222314,5.62412133149337e-05
2024-08-06T09:00:00Z,-7.609444,112.595556,-0.0012914276449009,0.0038603304419666,5.451187462313101e-06
2024-08-06T12:00:00Z,-7.609444,112.595556,-0.0013707629404962,0.003857466392219,3.8718594623787794e-06
2024-08-06T15:00:00Z,-7.609444,112.595556,-0.001335650216788,0.0038812807761132,0.00015889908536337316
2024-08-06T18:00:00Z,-7.609444,112.595556,-0.0013889729743823,0.0038764285854995,0.0001054091626428999
2024-08-06T21:00:00Z,-7.609444,112.595556,-0.0014230940723791,0.0038757526781409,8.374283788725734e-05
2024-08-07T00:00:00Z,-7.609444,112.595556,-0.0015091814566403,0.0038942622486501,7.107942110451404e-06
2024-08-07T03:00:00Z,-7.609444,112.595556,-0.0015128371305763,0.0039479383267462,-4.526491102296859e-05
2024-08-07T06:00:00Z,-7.609444,112.595556,-0.0015697067137807,0.0039396546781063,-9.347344894194975e-05
2024-08-07T09:00:00Z,-7.609444,112.595556,-0.001530886394903,0.0038545038551092,-0.0001876649766927585
2024-08-07T12:00:00Z,-7.609444,112.595556,-0.0014808155829086,0.003792968345806,-0.0002475688816048205
2024-08-07T15:00:00Z,-7.609444,112.595556,-0.0013771740486845,0.0037621099036186,-0.0001999305241042748
2024-08-07T18:00:00Z,-7.609444,112.595556,-0.0013703098520636,0.0037776737008243,-0.00025731444475241005
2024-08-07T21:00:00Z,-7.609444,112.595556,-0.0013200244866311,0.0037341988645493,-0.0003744537243619561
2024-08-08T00:00:00Z,-7.609444,112.595556,-0.001236607437022,0.0036700863856822,-0.000449379556812346
2024-08-08T03:00:00Z,-7.609444,112.595556,-0.0011273112613707,0.0036666563246399,-0.0005107702454552054
2024-08-08T06:00:00Z,-7.609444,112.595556,-0.0011438421206548,0.0035928850993514,-0.0005409238510765135
2024-08-08T09:00:00Z,-7.609444,112.595556,-0.0010924454545602,0.0034679169766604,-0.000576716149225831
2024-08-08T12:00:00Z,-7.609444,112.595556,-0.0010204248828813,0.0033662528730928,-0.0006389416521415114
2024-08-08T15:00:00Z,-7.609444,112.595556,-0.0009129532845690846,0.0033937422558665,-0.0004236536333337426
2024-08-08T18:00:00Z,-7.609444,112.595556,-0.0009551153634674848,0.0034094117581844,-0.000319119164487347
2024-08-08T21:00:00Z,-7.609444,112.595556,-0.0008940850966610014,0.0034362722653895,-0.00025588416610844433
2024-08-09T00:00:00Z,-7.609444,112.595556,-0.0008160844445228577,0.0033960584551095,-0.00018827582243829968
2024-08-09T03:00:00Z,-7.609444,112.595556,-0.0006752555491402745,0.0033590216189622,-1.2309088560868986e-05
2024-08-09T06:00:00Z,-7.609444,112.595556,-0.0006579420296475291,0.0033511852379888,0.00011546252062544228
2024-08-09T09:00:00Z,-7.609444,112.595556,-0.0005846049170941114,0.0033301515504717,0.00022344694298226384
2024-08-09T12:00:00Z,-7.609444,112.595556,-0.0005491322372108698,0.0033104547765105,0.0002959060075227171
2024-08-09T15:00:00Z,-7.609444,112.595556,-0.000460082374047488,0.0033537542913109,0.0004554303304757923
2024-08-09T18:00:00Z,-7.609444,112.595556,-0.0004930905415676534,0.0033622903283685,0.0004609621537383646
2024-08-09T21:00:00Z,-7.609444,112.595556,-0.000455600384157151,0.0033775081392377,0.000449424231192097
2024-08-10T00:00:00Z,-7.609444,112.595556,-0.0004799118905793876,0.003387541277334,0.0004194047069177032
2024-08-10T03:00:00Z,-7.609444,112.595556,-0.0004389141395222396,0.003395153209567,0.0003808623878285289
2024-08-10T06:00:00Z,-7.609444,112.595556,-0.0004913352895528078,0.0033777803182601,0.0004460487107280642
2024-08-10T09:00:00Z,-7.609444,112.595556,-0.0005409430013969541,0.0034275280777364,0.0005050653126090765
2024-08-10T12:00:00Z,-7.609444,112.595556,-0.0005908125312998891,0.0034685262944549,0.00048737236647866666
2024-08-10T15:00:00Z,-7.609444,112.595556,-0.0006341311964206398,0.0035713764373213,0.0006007344927638769
2024-08-10T18:00:00Z,-7.609444,112.595556,-0.0006715779309161007,0.0036676733288913,0.0005692759295925498
2024-08-10T21:00:00Z,-7.609444,112.595556,-0.0006584249786101282,0.0038271234370768,0.0005007521249353886
2024-08-11T00:00:00Z,-7.609444,112.595556,-0.0007597540970891714,0.003938446752727,0.0004698134725913405
2024-08-11T03:00:00Z,-7.609444,112.595556,-0.0007879644399508834,0.0040149693377316,0.0004449564148671925
2024-08-11T06:00:00Z,-7.609444,112.595556,-0.0008819508948363364,0.0040844534523785,0.000442639458924532
2024-08-11T09:00:00Z,-7.609444,112.595556,-0.0008710715919733047,0.0041764141060411,0.0004455212620086968
2024-08-11T12:00:00Z,-7.609444,112.595556,-0.0009205134701915084,0.004218942951411,0.0004691006615757942
2024-08-11T15:00:00Z,-7.609444,112.595556,-0.0009650407009758056,0.0043208114802837,0.0005613358225673437
2024-08-11T18:00:00Z,-7.609444,112.595556,-0.0010781610617414,0.0043602208606898,0.0005156053230166435
2024-08-11T21:00:00Z,-7.609444,112.595556,-0.0010195099748671,0.0043836017139256,0.0005259328754618764
2024-08-12T00:00:00Z,-7.609444,112.595556,-0.0010251521598547,0.0042557474225759,0.0004448425897862762
2024-08-12T03:00:00Z,-7.609444,112.595556,-0.0010551783489063,0.0041738031432032,0.0004392707487568259
2024-08-12T06:00:00Z,-7.609444,112.595556,-0.001138984109275,0.0040522878989577,0.0003465902991592884
2024-08-12T09:00:00Z,-7.609444,112.595556,-0.0011011901078745,0.0039220876060426,0.00024057846167124808
2024-08-12T12:00:00Z,-7.609444,112.595556,-0.0011155579704791,0.0037535903975367,0.00014026177814230323
2024-08-12T15:00:00Z,-7.609444,112.595556,-0.0011299111647531,0.0036367620341479,0.00020294199930503964
2024-08-12T18:00:00Z,-7.609444,112.595556,-0.0011644354090094,0.0035058194771409,0.0001523135433671996
2024-08-12T21:00:00Z,-7.609444,112.595556,-0.0010478062322363,0.0033541170414537,1.7996080714510754e-05
2024-08-13T00:00:00Z,-7.609444,112.595556,-0.001006971928291,0.0031159440986812,-1.984700065804645e-05
2024-08-13T03:00:00Z,-7.609444,112.595556,-0.0010033737635239,0.0029471961315721,-9.717236935102846e-06
2024-08-13T06:00:00Z,-7.609444,112.595556,-0.0010481132194399,0.0027943414170295,-0.00012031303776893763
2024-08-13T09:00:00Z,-7.609444,112.595556,-0.000988983316347003,0.0026773188728839,-0.00012398383114486933
2024-08-13T12:00:00Z,-7.609444,112.595556,-0.000986680155619979,0.0024957947898656,-9.881978621706368e-05
2024-08-13T15:00:00Z,-7.609444,112.595556,-0.0009736830252222716,0.0023724206257611,-9.16407680051634e-06
2024-08-13T18:00:00Z,-7.609444,112.595556,-0.0010249711340293,0.0022734643425792,5.464718924486078e-05
2024-08-13T21:00:00Z,-7.609444,112.595556,-0.0009047823841683568,0.0022068871185183,0.00017913132614921778
2024-08-14T00:00:00Z,-7.609444,112.595556,-0.00088260299526155,0.0020472614560276,0.0002163246390409768
2024-08-14T03:00:00Z,-7.609444,112.595556,-0.0008456986979581416,0.0019095966126769,0.00025771488435566425
2024-08-14T06:00:00Z,-7.609444,112.595556,-0.0008356644539162517,0.0018661124631762,0.00028465711511671543
2024-08-14T09:00:00Z,-7.609444,112.595556,-0.000729269115254283,0.0018305503763258,0.0004079147183801979
2024-08-14T12:00:00Z,-7.609444,112.595556,-0.0007048161351121962,0.0017123774159699,0.0004425043298397213
2024-08-14T15:00:00Z,-7.609444,112.595556,-0.0006811044877395034,0.0016951363068073,0.0004660024715121836
2024-08-14T18:00:00Z,-7.609444,112.595556,-0.0006674675387330353,0.001689777476713,0.00047519218060188
2024-08-14T21:00:00Z,-7.609444,112.595556,-0.0005843497347086668,0.0016722490545362,0.0006007427582517266
2024-08-15T00:00:00Z,-7.609444,112.595556,-0.0005652286345139146,0.0015582226915284,0.000671530666295439
2024-08-15T03:00:00Z,-7.609444,112.595556,-0.0005195556441321969,0.0015350012108683,0.0007344043115153909
2024-08-15T06:00:00Z,-7.609444,112.595556,-0.000522695598192513,0.0015498428838327,0.0007277103723026812
2024-08-15T09:00:00Z,-7.609444,112.595556,-0.0004763833130709827,0.0016124040121212,0.000778075132984668
2024-08-15T12:00:00Z,-7.609444,112.595556,-0.0005319800111465156,0.0015851012431085,0.0007859949837438762
2024-08-15T15:00:00Z,-7.609444,112.595556,-0.0005476349615491927,0.0016011812258511,0.0007872981950640678
2024-08-15T18:00:00Z,-7.609444,112.595556,-0.0005765704554505646,0.0016078405315056,0.0007410385878756642
2024-08-15T21:00:00Z,-7.609444,112.595556,-0.000544162408914417,0.0016549774445593,0.0008145818719640374
2024-08-16T00:00:00Z,-7.609444,112.595556,-0.0005975468666292727,0.0016225518193095,0.0007538962527178228
2024-08-16T03:00:00Z,-7.609444,112.595556,-0.0006424175226129591,0.0016739591956138,0.0007021625060588121
2024-08-16T06:00:00Z,-7.609444,112.595556,-0.0007265773019753397,0.0017420464428141,0.0006294536287896335
2024-08-16T09:00:00Z,-7.609444,112.595556,-0.0007644155411981046,0.0017820085631683,0.0005300228367559612
2024-08-16T12:00:00Z,-7.609444,112.595556,-0.0008640585001558065,0.0017261354951187,0.0004105352854821831
2024-08-16T15:00:00Z,-7.609444,112.595556,-0.0009069553925655782,0.0016916492022573,0.0003893163520842791
2024-08-16T18:00:00Z,-7.609444,112.595556,-0.0009312074398621916,0.0016412393888458,0.0003379246045369655
2024-08-16T21:00:00Z,-7.609444,112.595556,-0.0008866749703884125,0.0016264088917523,0.0002974766830448061
2024-08-17T00:00:00Z,-7.609444,112.595556,-0.0009575774893164636,0.0015548164956271,0.0002597070997580886
2024-08-17T03:00:00Z,-7.609444,112.595556,-0.0010157391661778,0.0015796581283211,0.0001979241205845028
2024-08-17T06:00:00Z,-7.609444,112.595556,-0.0010713000083342,0.0016401996836066,0.00019786851771641523
2024-08-17T09:00:00Z,-7.609444,112.595556,-0.0010809847153723,0.0016904316144064,0.00016243163554463536
2024-08-17T12:00:00Z,-7.609444,112.595556,-0.0011470245663076,0.0016437934245914,0.00019087512919213623
2024-08-17T15:00:00Z,-7.609444,112.595556,-0.0011296967277303,0.0016610986785963,0.0002355637843720615
2024-08-17T18:00:00Z,-7.609444,112.595556,-0.0011169339995831,0.0017186778131872,0.0002270926343044266
2024-08-17T21:00:00Z,-7.609444,112.595556,-0.001006263657473,0.0017651619855314,0.00017072149785235524
2024-08-18T00:00:00Z,-7.609444,112.595556,-0.0009351962944492698,0.0017266867216676,0.00018594443099573252
2024-08-18T03:00:00Z,-7.609444,112.595556,-0.000799783447291702,0.0017446130514144,0.0002548774646129459
2024-08-18T06:00:00Z,-7.609444,112.595556,-0.0007808404043316841,0.0017829824937507,0.00023688819783274084
2024-08-18T09:00:00Z,-7.609444,112.595556,-0.0007451797719113529,0.0018060939619317,0.0001835148432292044
2024-08-18T12:00:00Z,-7.609444,112.595556,-0.0007304974715225399,0.001753476797603,0.00013395505084190518
2024-08-18T15:00:00Z,-7.609444,112.595556,-0.0007077667978592217,0.0017053863266482,0.00012921834422741085
2024-08-18T18:00:00Z,-7.609444,112.595556,-0.0006823131116107106,0.0016272630309686,0.0001909391430672258
2024-08-18T21:00:00Z,-7.609444,112.595556,-0.0006493791588582098,0.0015433158259838,0.00020734511781483889
2024-08-19T00:00:00Z,-7.609444,112.595556,-0.0006404084851965308,0.0014360486529767,0.00019015629368368536
2024-08-19T03:00:00Z,-7.609444,112.595556,-0.0006370116607286036,0.0014266512589529,0.00014767756510991603
2024-08-19T06:00:00Z,-7.609444,112.595556,-0.0006222043302841485,0.0014188579516485,0.00013625080464407802
2024-08-19T09:00:00Z,-7.609444,112.595556,-0.0005213714321143925,0.0013386758510023,8.268425881396979e-05
2024-08-19T12:00:00Z,-7.609444,112.595556,-0.000468224665382877,0.0012030560756102,7.678425754420459e-05
2024-08-19T15:00:00Z,-7.609444,112.595556,-0.0003939496818929911,0.0011420557275414,0.00011529076437000184
2024-08-19T18:00:00Z,-7.609444,112.595556,-0.0004091655719093978,0.0011076853843405,-1.075928048521746e-05
2024-08-19T21:00:00Z,-7.609444,112.595556,-0.0003619518247433007,0.001148750539869,-1.725575202726759e-05
2024-08-20T00:00:00Z,-7.609444,112.595556,-0.0004241841961629689,0.0011692696716636,-4.652146162698045e-05
2024-08-20T03:00:00Z,-7.609444,112.595556,-0.0004796846187673509,0.0013271908974274,-2.616908932395745e-05
2024-08-20T06:00:00Z,-7.609444,112.595556,-0.0004930113209411502,0.0014125428861007,-6.680215301457793e-05
2024-08-20T09:00:00Z,-7.609444,112.595556,-0.0004074270254932344,0.0014320641057565,-1.972535528693697e-06
2024-08-20T12:00:00Z,-7.609444,112.595556,-0.0004082930099684745,0.001434959238395,-6.415995449060574e-05
2024-08-20T15:00:00Z,-7.609444,112.595556,-0.0004463127115741372,0.0014799112686887,-0.00017698935698717833
2024-08-20T18:00:00Z,-7.609444,112.595556,-0.0005114259547553957,0.0015104888007044,-0.000316016492433846
2024-08-20T21:00:00Z,-7.609444,112.595556,-0.0004760103183798492,0.0015175035223364,-0.00032533632474951446
2024-08-21T00:00:00Z,-7.609444,112.595556,-0.0005870236200280488,0.0015030227368697,-0.000364226900273934
2024-08-21T03:00:00Z,-7.609444,112.595556,-0.0007201713742688298,0.0015181141206994,-0.0003223567036911845
2024-08-21T06:00:00Z,-7.609444,112.595556,-0.0008776182658039033,0.0014895960921421,-0.0004200971743557602
2024-08-21T09:00:00Z,-7.609444,112.595556,-0.0008943821303546429,0.0014278430026024,-0.00031541191856376827
2024-08-21T12:00:00Z,-7.609444,112.595556,-0.0009328685700893402,0.0013533530291169,-0.0002135604445356876
2024-08-21T15:00:00Z,-7.609444,112.595556,-0.0009113140986301004,0.0013386284699663,-0.00013887260865885764
2024-08-21T18:00:00Z,-7.609444,112.595556,-0.0009615057497285306,0.001347139943391,-0.00010462750651640818
2024-08-21T21:00:00Z,-7.609444,112.595556,-0.0009122740011662244,0.0013184535782784,-2.4714579922147092e-05
2024-08-22T00:00:00Z,-7.609444,112.595556,-0.000923874496947974,0.0012628305703401,-9.092890832107514e-05
2024-08-22T03:00:00Z,-7.609444,112.595556,-0.0009857318364083767,0.0012796717928722,-0.0001710170035948977
2024-08-22T06:00:00Z,-7.609444,112.595556,-0.0010614655911922,0.0013205334544181,-0.0002135324466507882
2024-08-22T09:00:00Z,-7.609444,112.595556,-0.0010031323181465,0.0013490240089595,-0.00020781841885764152
2024-08-22T12:00:00Z,-7.609444,112.595556,-0.0010221519041806,0.0012921796878799,-0.00034656529896892607
2024-08-22T15:00:00Z,-7.609444,112.595556,-0.0010334014659747,0.0013715259265154,-0.0004483668599277735
2024-08-22T18:00:00Z,-7.609444,112.595556,-0.0010732262162491,0.0014111833879724,-0.00046601452049799263
2024-08-22T21:00:00Z,-7.609444,112.595556,-0.0010150345042347,0.0014043292030692,-0.0005027140723541379
2024-08-23T00:00:00Z,-7.609444,112.595556,-0.0009900552686303854,0.001342526404187,-0.0005832008318975568
2024-08-23T03:00:00Z,-7.609444,112.595556,-0.0009383765864185988,0.0013173380866646,-0.0005331789725460112
2024-08-23T06:00:00Z,-7.609444,112.595556,-0.0008995362441055477,0.0013019745238125,-0.000535706989467144
2024-08-23T09:00:00Z,-7.609444,112.595556,-0.0008015185012482107,0.0012806053273379,-0.0005656483699567616
2024-08-23T12:00:00Z,-7.609444,112.595556,-0.0007420822512358427,0.0012247485574334,-0.0005409882287494838
2024-08-23T15:00:00Z,-7.609444,112.595556,-0.0006495455163531005,0.0012558964081108,-0.000580865831580013
2024-08-23T18:00:00Z,-7.609444,112.595556,-0.000620942038949579,0.0012096569407731,-0.0005529879708774388
2024-08-23T21:00:00Z,-7.609444,112.595556,-0.0005261192563921213,0.0012083187466487,-0.00040966010419651866
2024-08-24T00:00:00Z,-7.609444,112.595556,-0.0004616656806319952,0.0011380410287529,-0.0004148767329752445
2024-08-24T03:00:00Z,-7.609444,112.595556,-0.00038914577453397214,0.0012020060094073,-0.0003291471803095192
2024-08-24T06:00:00Z,-7.609444,112.595556,-0.00034276879159733653,0.0012557886075228,-0.00023584140581078827
2024-08-24T09:00:00Z,-7.609444,112.595556,-0.00021472835214808583,0.0013446201337501,-7.209902832983062e-05
2024-08-24T12:00:00Z,-7.609444,112.595556,-0.00013452590792439878,0.0013856929726898,5.574509123107418e-05
2024-08-24T15:00:00Z,-7.609444,112.595556,-6.316971848718822e-05,0.001431495998986,9.469765791436656e-05
2024-08-24T18:00:00Z,-7.609444,112.595556,-2.707227940845769e-05,0.0014142140280455,0.0001370790705550462
2024-08-24T21:00:00Z,-7.609444,112.595556,7.182448462117463e-05,0.0013893416617065,0.0001967576827155426
2024-08-25T00:00:00Z,-7.609444,112.595556,8.478428208036348e-05,0.0013581773964688,0.0002560956927482039
2024-08-25T03:00:00Z,-7.609444,112.595556,0.00010073788143927231,0.0013123280368745,0.0003235194308217615
2024-08-25T06:00:00Z,-7.609444,112.595556,3.6569555959431455e-05,0.0012857014080509,0.0003458188730292022
2024-08-25T09:00:00Z,-7.609444,112.595556,3.3764859836082906e-05,0.0012486557243391,0.0004189685278106481
2024-08-25T12:00:00Z,-7.609444,112.595556,-4.959634316037409e-05,0.001198481186293,0.0004776142013724893
2024-08-25T15:00:00Z,-7.609444,112.595556,-0.0001247613545274362,0.0012238229392096,0.0006220899522304535
2024-08-25T18:00:00Z,-7.609444,112.595556,-0.00018522572645451876,0.0012172936694696,0.0007690282072871923
2024-08-25T21:00:00Z,-7.609444,112.595556,-0.0001496640179539099,0.0012290418380871,0.0008220759336836636
2024-08-26T00:00:00Z,-7.609444,112.595556,-0.00017227293574251237,0.001100807217881,0.0008571216021664441
2024-08-26T03:00:00Z,-7.609444,112.595556,-0.00017741290503181517,0.000968488457147032,0.0008367346599698067
2024-08-26T06:00:00Z,-7.609444,112.595556,-0.0002243955386802554,0.0008729887777008116,0.0007764808833599091
2024-08-26T09:00:00Z,-7.609444,112.595556,-0.00018695728795137256,0.0008153950911946595,0.0007522926316596568
2024-08-26T12:00:00Z,-7.609444,112.595556,-0.0002525651652831584,0.0008157457341440022,0.0006234779139049351
2024-08-26T15:00:00Z,-7.609444,112.595556,-0.00031492370180785656,0.0008991727372631431,0.0005228951340541244
2024-08-26T18:00:00Z,-7.609444,112.595556,-0.0003936550638172776,0.0009392164065502584,0.0005441043758764863
2024-08-26T21:00:00Z,-7.609444,112.595556,-0.0003119054017588496,0.0009783122222870588,0.0005070631159469485
2024-08-27T00:00:00Z,-7.609444,112.595556,-0.0002988730266224593,0.0009240101207979025,0.0004712152003776282
2024-08-27T03:00:00Z,-7.609444,112.595556,-0.00021324987756088376,0.0008785118698142469,0.0005397559143602848
2024-08-27T06:00:00Z,-7.609444,112.595556,-0.00018274439207743853,0.0008716558804735541,0.00059127202257514
2024-08-27T09:00:00Z,-7.609444,112.595556,-7.656202069483697e-05,0.0008665142813697457,0.0005306568928062916
2024-08-27T12:00:00Z,-7.609444,112.595556,-4.495448592933826e-05,0.0008201206219382584,0.0003674775070976466
2024-08-27T15:00:00Z,-7.609444,112.595556,-2.9382995307969395e-06,0.0008160545257851481,0.0002467000449541956
2024-08-27T18:00:00Z,-7.609444,112.595556,-1.9166631318512373e-05,0.0007579605444334447,0.0002442518889438361
2024-08-27T21:00:00Z,-7.609444,112.595556,5.730169141315855e-05,0.0007501456420868635,0.00024604061036370695
2024-08-28T00:00:00Z,-7.609444,112.595556,8.25546303531155e-05,0.0006777030066587031,0.00019710880587808788
2024-08-28T03:00:00Z,-7.609444,112.595556,0.0001547882566228509,0.0006166617968119681,0.0001975893683265895
2024-08-28T06:00:00Z,-7.609444,112.595556,0.000150754363858141,0.0006513416301459074,0.0002564055030234158
2024-08-28T09:00:00Z,-7.609444,112.595556,0.00018788286251947284,0.000723852775990963,0.0003069944796152413
2024-08-28T12:00:00Z,-7.609444,112.595556,0.000232328093261458,0.0007174062775447965,0.0004531904123723507
2024-08-28T15:00:00Z,-7.609444,112.595556,0.0003060473536606878,0.0007190381875261664,0.0005375214386731386
2024-08-28T18:00:00Z,-7.609444,112.595556,0.0002720051270443946,0.0007630684995092452,0.0006390511989593506
2024-08-28T21:00:00Z,-7.609444,112.595556,0.0002850089513231069,0.0008474189671687782,0.0006100036553107202
2024-08-29T00:00:00Z,-7.609444,112.595556,0.0002652572875376791,0.0008568459306843579,0.0006710973684675992
2024-08-29T03:00:00Z,-7.609444,112.595556,0.00026855719625018537,0.0008278804598376155,0.0006378301186487079
2024-08-29T06:00:00Z,-7.609444,112.595556,0.00022195724886842072,0.0008861692622303963,0.0007178589003160596
2024-08-29T09:00:00Z,-7.609444,112.595556,0.00019981943478342143,0.0009769443422555923,0.0009066782658919692
2024-08-29T12:00:00Z,-7.609444,112.595556,0.00012980643077753484,0.0009847424225881696,0.0009158559842035174
2024-08-29T15:00:00Z,-7.609444,112.595556,0.00014820432988926768,0.0010169922607019,0.0009331644396297634
2024-08-29T18:00:00Z,-7.609444,112.595556,0.00015115455607883632,0.0010305700125172,0.0010533682070672
2024-08-29T21:00:00Z,-7.609444,112.595556,0.00023695400159340352,0.0009956647409126165,0.0010289625497534
2024-08-30T00:00:00Z,-7.609444,112.595556,0.00026918636285699904,0.0008625240880064666,0.0010434547439217
2024-08-30T03:00:00Z,-7.609444,112.595556,0.0003233308962080628,0.0007559610530734062,0.0009350804029963912
2024-08-30T06:00:00Z,-7.609444,112.595556,0.0003522425831761211,0.0006914926343597472,0.0008551421342417598
2024-08-30T09:00:00Z,-7.609444,112.595556,0.0003945607168134302,0.0006283999537117779,0.0007947538397274911
2024-08-30T12:00:00Z,-7.609444,112.595556,0.0003920089802704752,0.0005501569248735905,0.0006185539532452822
2024-08-30T15:00:00Z,-7.609444,112.595556,0.0003788268659263849,0.0005275994190014899,0.0004438320465851575
2024-08-30T18:00:00Z,-7.609444,112.595556,0.00032375482260249555,0.0004903217195533216,0.00034512727870605886
2024-08-30T21:00:00Z,-7.609444,112.595556,0.0003236553748138249,0.00047233185614459217,0.0002910685143433511
2024-08-31T00:00:00Z,-7.609444,112.595556,0.00033444107975810766,0.0004548658907879144,0.0003832163056358695
2024-08-31T03:00:00Z,-7.609444,112.595556,0.0004370383976493031,0.0004342062748037279,0.0005250563845038414
2024-08-31T06:00:00Z,-7.609444,112.595556,0.0004795748391188681,0.0004708563501480967,0.000619543599896133
2024-08-31T09:00:00Z,-7.609444,112.595556,0.0006016514380462468,0.0004585024726111442,0.0006632950389757752
2024-08-31T12:00:00Z,-7.609444,112.595556,0.0007118878420442343,0.0003671117010526359,0.0005889565218240023
2024-08-31T15:00:00Z,-7.609444,112.595556,0.0007867430686019361,0.00040798040572553873,0.00043179470230825245
2024-08-31T18:00:00Z,-7.609444,112.595556,0.0007193738711066544,0.00040860584704205394,0.0003789829788729549
2024-08-31T21:00:00Z,-7.609444,112.595556,0.0008017743821255863,0.00042384094558656216,0.0003530529502313584
2024-09-01T00:00:00Z,-7.609444,112.595556,0.0008257378940470517,0.0004188431776128709,0.0003494998090900481
2024-09-01T03:00:00Z,-7.609444,112.595556,0.0007985184201970696,0.0004685988242272288,0.00028188852593302727
2024-09-01T06:00:00Z,-7.609444,112.595556,0.0007442630012519658,0.0005493261269293725,0.00023291718389373275
2024-09-01T09:00:00Z,-7.609444,112.595556,0.0008064089342951775,0.0005966410390101373,0.0002823706017807126
2024-09-01T12:00:00Z,-7.609444,112.595556,0.0008566180476918817,0.0006495154229924083,0.0002110727218678221
2024-09-01T15:00:00Z,-7.609444,112.595556,0.0008605133043602109,0.0007902029901742935,5.98937040194869e-05
2024-09-01T18:00:00Z,-7.609444,112.595556,0.0007993595791049302,0.000842904846649617,-4.456448368728161e-05
2024-09-01T21:00:00Z,-7.609444,112.595556,0.000851751770824194,0.000790584075730294,-0.00022344954777508971
2024-09-02T00:00:00Z,-7.609444,112.595556,0.0008881594403646886,0.0007077190675772727,-0.00038608876639045775
2024-09-02T03:00:00Z,-7.609444,112.595556,0.0008848186698742211,0.0006702521932311356,-0.0005036873044446111
2024-09-02T06:00:00Z,-7.609444,112.595556,0.0007832949631847441,0.000587911403272301,-0.0005110937636345625
2024-09-02T09:00:00Z,-7.609444,112.595556,0.0007036578608676791,0.0005569021450355649,-0.0005330348503775895
2024-09-02T12:00:00Z,-7.609444,112.595556,0.0005608712672255933,0.0004660387639887631,-0.0007052794098854065
2024-09-02T15:00:00Z,-7.609444,112.595556,0.0004462038050405681,0.0004057208134327084,-0.0008397066849283874
2024-09-02T18:00:00Z,-7.609444,112.595556,0.0003563808277249336,0.00026131304912269115,-0.0008982587605714798
2024-09-02T21:00:00Z,-7.609444,112.595556,0.00040965902735479176,0.00013277640391606838,-0.0008253066334873438
2024-09-03T00:00:00Z,-7.609444,112.595556,0.00043614357127808034,4.685448857344454e-06,-0.0007170196040533483
2024-09-03T03:00:00Z,-7.609444,112.595556,0.00046664985711686313,-0.00014283716154750437,-0.0006293405313044786
2024-09-03T06:00:00Z,-7.609444,112.595556,0.00042373014730401337,-0.00019415256974752992,-0.0005312971770763397
2024-09-03T09:00:00Z,-7.609444,112.595556,0.00040976089076139033,-0.0003203825035598129,-0.0004763285396620631
2024-09-03T12:00:00Z,-7.609444,112.595556,0.0004284286114852876,-0.0004905865644104779,-0.0004033675941172987
2024-09-03T15:00:00Z,-7.609444,112.595556,0.0004679916892200709,-0.0005733962170779705,-0.000336614582920447
2024-09-03T18:00:00Z,-7.609444,112.595556,0.000431461347034201,-0.0006734828930348158,-0.0001543237449368462
2024-09-03T21:00:00Z,-7.609444,112.595556,0.00044740427983924747,-0.0006701103411614895,-1.5150120816542769e-05
2024-09-04T00:00:00Z,-7.609444,112.595556,0.0003989105462096632,-0.0007309651700779796,0.0001701602159300819
2024-09-04T03:00:00Z,-7.609444,112.595556,0.00032834382727742195,-0.0007586250430904329,0.0004212169151287526
2024-09-04T06:00:00Z,-7.609444,112.595556,0.0002756525645963848,-0.0008042468689382076,0.0007177473162300885
2024-09-04T09:00:00Z,-7.609444,112.595556,0.0002547769108787179,-0.0009135998552665114,0.0009737964137457312
2024-09-04T12:00:00Z,-7.609444,112.595556,0.00022705653100274503,-0.00096858327742666,0.0010832182597368
2024-09-04T15:00:00Z,-7.609444,112.595556,0.00017485393618699163,-0.0009079488809220492,0.0011539078550413
2024-09-04T18:00:00Z,-7.609444,112.595556,5.780663923360408e-05,-0.0008372487500309944,0.0012425037566572
2024-09-04T21:00:00Z,-7.609444,112.595556,4.712029476650059e-05,-0.000827878771815449,0.0012403002474457
2024-09-05T00:00:00Z,-7.609444,112.595556,2.639432750584092e-05,-0.00082822993863374,0.001217789016664
2024-09-05T03:00:00Z,-7.609444,112.595556,-3.2410123822046444e-05,-0.0008744770311750472,0.0011448194272816
2024-09-05T06:00:00Z,-7.609444,112.595556,-0.00015643030928913504,-0.0008424273109994829,0.0010846767108887
2024-09-05T09:00:00Z,-7.609444,112.595556,-0.0002475260407663882,-0.0007891562418080866,0.001040636212565
2024-09-05T12:00:00Z,-7.609444,112.595556,-0.0003124785434920341,-0.0007610722677782178,0.000834696227684617
2024-09-05T15:00:00Z,-7.609444,112.595556,-0.0002571125805843621,-0.0005953051149845123,0.0007212550844997168
2024-09-05T18:00:00Z,-7.609444,112.595556,-0.00032144482247531414,-0.0005483833374455571,0.0005964193260297179
2024-09-05T21:00:00Z,-7.609444,112.595556,-0.0002888935268856585,-0.0005153966485522687,0.00035520471283234656
2024-09-06T00:00:00Z,-7.609444,112.595556,-0.0002560435386840254,-0.0004912401200272143,9.780096297618002e-05
2024-09-06T03:00:00Z,-7.609444,112.595556,-0.00015485497715417296,-0.0004507338162511587,-9.609913104213774e-05
2024-09-06T06:00:00Z,-7.609444,112.595556,-0.0001900228817248717,-0.0003561227349564433,-0.00024581426987424493
2024-09-06T09:00:00Z,-7.609444,112.595556,-0.00014795421157032251,-0.0002201969618909061,-0.000328258698573336
2024-09-06T12:00:00Z,-7.609444,112.595556,-8.214142144424841e-05,-9.63122511166148e-05,-0.0004878402396570891
2024-09-06T15:00:00Z,-7.609444,112.595556,1.5411165804835036e-05,-2.2775206161895767e-05,-0.0006238466594368219
2024-09-06T18:00:00Z,-7.609444,112.595556,4.605368303600699e-05,-2.4590914108557627e-05,-0.000770458544138819
2024-09-06T21:00:00Z,-7.609444,112.595556,0.00012354938371572644,-2.9595583328045905e-05,-0.0008621136657893658
2024-09-07T00:00:00Z,-7.609444,112.595556,0.0002641120518092066,-2.2331103536998853e-05,-0.0008551516802981496
2024-09-07T03:00:00Z,-7.609444,112.595556,0.00044681027065962553,-3.480168015812524e-05,-0.00091300078202039
2024-09-07T06:00:00Z,-7.609444,112.595556,0.0004923176020383835,-8.623952453490347e-05,-0.0008993240189738572
2024-09-07T09:00:00Z,-7.609444,112.595556,0.0005655981367453933,-0.00017213386308867484,-0.0008373880409635603
2024-09-07T12:00:00Z,-7.609444,112.595556,0.0006156512536108494,-0.0002972405927721411,-0.0009132216800935566
2024-09-07T15:00:00Z,-7.609444,112.595556,0.0007233648793771863,-0.000475329696200788,-0.0009262727689929308
2024-09-07T18:00:00Z,-7.609444,112.595556,0.0006963291671127081,-0.0005982375587336719,-0.0008588731288909912
2024-09-07T21:00:00Z,-7.609444,112.595556,0.0007407102384604514,-0.0005949258920736611,-0.0008324062800966203
2024-09-08T00:00:00Z,-7.609444,112.595556,0.0007114306790754199,-0.0005683522904291749,-0.0009079704177565872
2024-09-08T03:00:00Z,-7.609444,112.595556,0.0007134272600524127,-0.0006041870801709592,-0.0009991888655349612
2024-09-08T06:00:00Z,-7.609444,112.595556,0.000658026896417141,-0.0006627574912272394,-0.000835997168906033
2024-09-08T09:00:00Z,-7.609444,112.595556,0.0006786793819628656,-0.000701418612152338,-0.0007058430928736925
2024-09-08T12:00:00Z,-7.609444,112.595556,0.0006734294584020972,-0.0007177242659963667,-0.0006596952443942428
2024-09-08T15:00:00Z,-7.609444,112.595556,0.0006315443315543234,-0.0006059777806513011,-0.0005687521770596504
2024-09-08T18:00:00Z,-7.609444,112.595556,0.0004829504468943924,-0.0005198540748097003,-0.0004000464687123895
2024-09-08T21:00:00Z,-7.609444,112.595556,0.0004997819778509438,-0.0004105584230273962,-0.00029701253515668213
2024-09-09T00:00:00Z,-7.609444,112.595556,0.0004869675904046744,-0.0003478035214357078,-0.00021644472144544125
2024-09-09T03:00:00Z,-7.609444,112.595556,0.00048347326810471714,-0.0004045112582389265,-0.00021782064868602904
2024-09-09T06:00:00Z,-7.609444,112.595556,0.0003932771214749664,-0.0004179279785603285,-0.00010647757881088182
2024-09-09T09:00:00Z,-7.609444,112.595556,0.0002931587223429233,-0.000392377027310431,-7.697445835219696e-05
2024-09-09T12:00:00Z,-7.609444,112.595556,0.00017381833458784968,-0.00033152406103909016,-0.0001988794101634994
2024-09-09T15:00:00Z,-7.609444,112.595556,9.854239033302292e-05,-0.0002510878548491746,-0.00016451519331894815
2024-09-09T18:00:00Z,-7.609444,112.595556,-1.2370283911877776e-05,-0.00029549014288932085,-6.711131572956219e-05
2024-09-09T21:00:00Z,-7.609444,112.595556,1.783305015123915e-05,-0.00033854637877084315,-3.1980936910258606e-05
2024-09-10T00:00:00Z,-7.609444,112.595556,2.9309267119970173e-06,-0.0004635255609173328,-0.00014425306289922446
2024-09-10T03:00:00Z,-7.609444,112.595556,2.055930053757038e-05,-0.0006582100177183747,-0.00018400191038381308
2024-09-10T06:00:00Z,-7.609444,112.595556,-7.691307837376371e-05,-0.000704188656527549,-0.0003388506011106074
2024-09-10T09:00:00Z,-7.609444,112.595556,-0.00014503327838610858,-0.0007102909148670733,-0.0005874590715393424
2024-09-10T12:00:00Z,-7.609444,112.595556,-0.0002179292787332088,-0.0007680007256567478,-0.000871752854436636
2024-09-10T15:00:00Z,-7.609444,112.595556,-0.0002657533623278141,-0.0008767201798036695,-0.0011025760322809
2024-09-10T18:00:00Z,-7.609444,112.595556,-0.0003892102977260947,-0.001024886732921,-0.0012482036836445
2024-09-10T21:00:00Z,-7.609444,112.595556,-0.0004343295004218817,-0.0010713741648942,-0.0014060585526749
2024-09-11T00:00:00Z,-7.609444,112.595556,-0.0004408842651173472,-0.0011224673362448,-0.00159141945187
2024-09-11T03:00:00Z,-7.609444,112.595556,-0.0003904469194822013,-0.0011997947003692,-0.0016535490285605
2024-09-11T06:00:00Z,-7.609444,112.595556,-0.0003526925283949822,-0.0012526223435997,-0.0016011461848393
2024-09-11T09:00:00Z,-7.609444,112.595556,-0.0002562668523751199,-0.0013053470756858,-0.0015833192737773
2024-09-11T12:00:00Z,-7.609444,112.595556,-0.00020545427105389533,-0.0014264333294704,-0.0016319529386237
2024-09-11T15:00:00Z,-7.609444,112.595556,-0.000129172345623374,-0.0015187995741143,-0.0017333643045276
2024-09-11T18:00:00Z,-7.609444,112.595556,-8.78705905051902e-05,-0.0015636377502232,-0.0017655147239565
2024-09-11T21:00:00Z,-7.609444,112.595556,9.8347909442964e-06,-0.0014923880808055,-0.0018015757668763
2024-09-12T00:00:00Z,-7.609444,112.595556,6.763491546735168e-05,-0.0014565149322152,-0.0017619718564674
2024-09-12T03:00:00Z,-7.609444,112.595556,0.00012827311002183706,-0.0014760363847017,-0.0016492600552737
2024-09-12T06:00:00Z,-7.609444,112.595556,0.00016972633602563292,-0.0014663395704701,-0.0015375189250335
2024-09-12T09:00:00Z,-7.609444,112.595556,0.0002532337384764105,-0.0014602007577195,-0.0015454720705747
2024-09-12T12:00:00Z,-7.609444,112.595556,0.0003040714946109801,-0.0014734173892065,-0.0014558640541508
2024-09-12T15:00:00Z,-7.609444,112.595556,0.000390563189284876,-0.0014483737759292,-0.0014257298316806
2024-09-12T18:00:00Z,-7.609444,112.595556,0.0002974726667162031,-0.0013613266637548,-0.0013565170811489
2024-09-12T21:00:00Z,-7.609444,112.595556,0.0002718670293688774,-0.001220453181304,-0.001324595301412
2024-09-13T00:00:00Z,-7.609444,112.595556,0.00027062647859565914,-0.0012195251183584,-0.0011785815004259
2024-09-13T03:00:00Z,-7.609444,112.595556,0.00029792854911647737,-0.001292785978876,-0.0008866232237778604
2024-09-13T06:00:00Z,-7.609444,112.595556,0.00021286006085574627,-0.0012640248751267,-0.0007547531859017909
2024-09-13T09:00:00Z,-7.609444,112.595556,0.00016343241441063583,-0.0011991161154583,-0.0006833691732026637
2024-09-13T12:00:00Z,-7.609444,112.595556,0.00011366215767338872,-0.0011760179186239,-0.0005512403440661728
2024-09-13T15:00:00Z,-7.609444,112.595556,0.0001227538741659373,-0.0011246516369283,-0.00035049213329330087
2024-09-13T18:00:00Z,-7.609444,112.595556,4.638400787371211e-05,-0.0010503702796995,-0.00024823579587973654
2024-09-13T21:00:00Z,-7.609444,112.595556,9.396739915246144e-05,-0.0010390318930149,-8.14330269349739e-05
2024-09-14T00:00:00Z,-7.609444,112.595556,0.00013208574091549963,-0.0011386830592527,0.00013430428225547075
2024-09-14T03:00:00Z,-7.609444,112.595556,0.0001905855897348374,-0.0011930508771911,0.0002897936792578548
2024-09-14T06:00:00Z,-7.609444,112.595556,0.00014419924991670996,-0.0011691461550071,0.0002978154516313225
2024-09-14T09:00:00Z,-7.609444,112.595556,0.0002293606667080894,-0.0011568362824618,0.000289649935439229
2024-09-14T12:00:00Z,-7.609444,112.595556,0.00027798203518614173,-0.0012420592829585,0.0003174356825184077
2024-09-14T15:00:00Z,-7.609444,112.595556,0.000358470919309184,-0.0013586302520707,0.000289830582914874
2024-09-14T18:00:00Z,-7.609444,112.595556,0.00031187955755740404,-0.0014095136430114,0.00018036749679595232
2024-09-14T21:00:00Z,-7.609444,112.595556,0.0002862432738766074,-0.0014873192412778,0.0001065192700480111
2024-09-15T00:00:00Z,-7.609444,112.595556,0.00024770235177129507,-0.0015135806752368,0.00014479237142950296
2024-09-15T03:00:00Z,-7.609444,112.595556,0.00027278545894660056,-0.0015411330386996,0.0002863733097910881
2024-09-15T06:00:00Z,-7.609444,112.595556,0.00019849730597343296,-0.0015293260803446,0.00025010088575072587
2024-09-15T09:00:00Z,-7.609444,112.595556,0.00023014719772618264,-0.0015451482031494,0.00020573934307321903
2024-09-15T12:00:00Z,-7.609444,112.595556,0.00025088503025472164,-0.0016580123919993,0.00014393527817446738
2024-09-15T15:00:00Z,-7.609444,112.595556,0.0003146289964206517,-0.0017068233573809,8.090715709840879e-05
2024-09-15T18:00:00Z,-7.609444,112.595556,0.0002929025795310736,-0.0016505138482898,-3.161279164487496e-05
2024-09-15T21:00:00Z,-7.609444,112.595556,0.0003355002554599196,-0.0015833543147891,-9.292837785324082e-05
2024-09-16T00:00:00Z,-7.609444,112.595556,0.0004178617964498698,-0.0015405508456751,-0.0001379049354000017
2024-09-16T03:00:00Z,-7.609444,112.595556,0.0005000443197786808,-0.0015524515183642,-9.47829321376048e-05
2024-09-16T06:00:00Z,-7.609444,112.595556,0.0004768575017806143,-0.001545168692246,-0.00012630595301743597
2024-09-16T09:00:00Z,-7.609444,112.595556,0.0005357721820473671,-0.0015055240364745,-0.0002608352224342525
2024-09-16T12:00:00Z,-7.609444,112.595556,0.000623960979282856,-0.0015651466092094,-0.0002723869984038174
2024-09-16T15:00:00Z,-7.609444,112.595556,0.000763846910558641,-0.0015848324401304,-0.0002089946356136352
2024-09-16T18:00:00Z,-7.609444,112.595556,0.0007807883666828275,-0.0015980669995769,-0.0001882103242678568
2024-09-16T21:00:00Z,-7.609444,112.595556,0.0008597725536674261,-0.00158698821906,-0.00017879848019219935
2024-09-17T00:00:00Z,-7.609444,112.595556,0.0009152857237495482,-0.0016911495476961,-0.00010909383854595944
2024-09-17T03:00:00Z,-7.609444,112.595556,0.0010515165049582,-0.0018219122430309,1.9061642888118516e-05
2024-09-17T06:00:00Z,-7.609444,112.595556,0.0010794955305755,-0.001849866239354,0.00010949027637252584
2024-09-17T09:00:00Z,-7.609444,112.595556,0.0011273032287135,-0.0017868183786049,0.00011353386798873544
2024-09-17T12:00:00Z,-7.609444,112.595556,0.001116523053497,-0.0017177686095237,0.00010985804692609236
2024-09-17T15:00:00Z,-7.609444,112.595556,0.001137385261245,-0.0016395930433645,8.140879799611866e-05
2024-09-17T18:00:00Z,-7.609444,112.595556,0.0010780221782624,-0.0015937165590003,6.501600000774488e-05
2024-09-17T21:00:00Z,-7.609444,112.595556,0.0010830332757905,-0.0015770276077091,4.712820373242721e-05
2024-09-18T00:00:00Z,-7.609444,112.595556,0.001091178972274,-0.0015732859028503,0.00011267406080150975
2024-09-18T03:00:00Z,-7.609444,112.595556,0.0011251018149778,-0.0015808563912287,0.0002157502603949979
2024-09-18T06:00:00Z,-7.609444,112.595556,0.001051856437698,-0.0015632928116247,0.0002483873104210943
2024-09-18T09:00:00Z,-7.609444,112.595556,0.001030976534821,-0.0015521600143983,0.0001945119583979249
2024-09-18T12:00:00Z,-7.609444,112.595556,0.0010179822565987,-0.0016413207631558,0.0001581213582539931
2024-09-18T15:00:00Z,-7.609444,112.595556,0.0009954612469300628,-0.0017679823795333,1.1797202205343638e-05
2024-09-18T18:00:00Z,-7.609444,112.595556,0.0008535920642316341,-0.001838763942942,-6.171082350192592e-05
2024-09-18T21:00:00Z,-7.609444,112.595556,0.0007910252315923572,-0.0018792352639138,-0.0002046338486252353
2024-09-19T00:00:00Z,-7.609444,112.595556,0.0006835156818851829,-0.0019382741302251,-0.00024283899983856827
2024-09-19T03:00:00Z,-7.609444,112.595556,0.0005765651003457606,-0.0020152877550572,-0.00022844386694487184
2024-09-19T06:00:00Z,-7.609444,112.595556,0.000468088430352509,-0.0020656406413763,-0.00018720653315540403
2024-09-19T09:00:00Z,-7.609444,112.595556,0.0004539496439974755,-0.0020961798727512,-0.00015988950326573104
2024-09-19T12:00:00Z,-7.609444,112.595556,0.0004125860577914864,-0.002192310988903,-0.00022143269598018375
2024-09-19T15:00:00Z,-7.609444,112.595556,0.0004060353094246239,-0.0022289853077381,-0.0002896769728977233
2024-09-19T18:00:00Z,-7.609444,112.595556,0.00033241085475310683,-0.0021795551292598,-0.00026061758399009705
2024-09-19T21:00:00Z,-7.609444,112.595556,0.0003444258763920516,-0.0020892496686428,-0.00024827627930790186
2024-09-20T00:00:00Z,-7.609444,112.595556,0.0003807246393989772,-0.002049894304946,-0.0002628272923175245
2024-09-20T03:00:00Z,-7.609444,112.595556,0.0004076841869391501,-0.0020657402928918,-0.0002162092423532158
2024-09-20T06:00:00Z,-7.609444,112.595556,0.0003673543396871537,-0.0020298270974308,-0.00018581433687359092
2024-09-20T09:00:00Z,-7.609444,112.595556,0.0003704749688040465,-0.001923105912283,-0.00015827122842893004
2024-09-20T12:00:00Z,-7.609444,112.595556,0.000319315236993134,-0.0018053264357149,-0.00020158618281129748
2024-09-20T15:00:00Z,-7.609444,112.595556,0.0003274722839705646,-0.0016011679545044,-0.00020512404444161805
2024-09-20T18:00:00Z,-7.609444,112.595556,0.00024713456514291465,-0.0014668807853013,-0.00024288232089020312
2024-09-20T21:00:00Z,-7.609444,112.595556,0.0002629937953315675,-0.0013234169455245,-0.00022985017858445644
2024-09-21T00:00:00Z,-7.609444,112.595556,0.0002407403808319941,-0.0012627575779333,-0.0002462777483742684
2024-09-21T03:00:00Z,-7.609444,112.595556,0.000233341459534131,-0.0012555792927742,-0.0002471434127073735
2024-09-21T06:00:00Z,-7.609444,112.595556,0.0002202781615778804,-0.0012162387138232,-0.0002647270157467574
2024-09-21T09:00:00Z,-7.609444,112.595556,0.0002095524687319994,-0.0010556521592661,-0.0002637311117723584
2024-09-21T12:00:00Z,-7.609444,112.595556,0.0001346670906059444,-0.000954932300373912,-0.000376703857909888
2024-09-21T15:00:00Z,-7.609444,112.595556,0.00011228903895244002,-0.000884519366081804,-0.0003812010399997234
2024-09-21T18:00:00Z,-7.609444,112.595556,8.13246369943954e-05,-0.000864701287355274,-0.0003998999600298703
2024-09-21T21:00:00Z,-7.609444,112.595556,0.00011576780525501816,-0.0008457231451757252,-0.0004791225073859096
2024-09-22T00:00:00Z,-7.609444,112.595556,6.324859714368358e-05,-0.0007978280773386359,-0.0005348378326743841
2024-09-22T03:00:00Z,-7.609444,112.595556,9.153464634437114e-05,-0.00074087327811867,-0.0005552336806431413
2024-09-22T06:00:00Z,-7.609444,112.595556,5.405368938227184e-05,-0.0006442658486776054,-0.0006044111214578152
2024-09-22T09:00:00Z,-7.609444,112.595556,-7.072202151903184e-06,-0.0005015830975025892,-0.000523444265127182
2024-09-22T12:00:00Z,-7.609444,112.595556,-2.7377249352866784e-05,-0.000473071268061176,-0.0005526996101252735
2024-09-22T15:00:00Z,-7.609444,112.595556,-8.385175533476286e-06,-0.0003800602862611413,-0.0006297454820014536
2024-09-22T18:00:00Z,-7.609444,112.595556,-3.967735392507166e-05,-0.0002988884225487709,-0.0006609827978536487
2024-09-22T21:00:00Z,-7.609444,112.595556,-1.5991321561159566e-05,-0.00017718826711643487,-0.0007241256535053253
2024-09-23T00:00:00Z,-7.609444,112.595556,-2.457459049765021e-05,-5.825655534863472e-06,-0.0008440571837127209
2024-09-23T03:00:00Z,-7.609444,112.595556,2.6902846002485603e-05,0.00010307255433872342,-0.0009262723033316432
2024-09-23T06:00:00Z,-7.609444,112.595556,5.914524444960989e-05,0.0002604305045679212,-0.0008685298962518573
2024-09-23T09:00:00Z,-7.609444,112.595556,4.485913450480439e-05,0.00029020881629548967,-0.0008234174456447363
2024-09-23T12:00:00Z,-7.609444,112.595556,7.222699787234887e-05,0.0002960611309390515,-0.0006833960069343448
2024-09-23T15:00:00Z,-7.609444,112.595556,0.00012424182204995304,0.00035736249992623925,-0.0006389031186699867
2024-09-23T18:00:00Z,-7.609444,112.595556,0.00011148391786264256,0.0004168925224803388,-0.0006014240789227188
2024-09-23T21:00:00Z,-7.609444,112.595556,0.000149671541294083,0.000496210646815598,-0.000610525778029114
2024-09-24T00:00:00Z,-7.609444,112.595556,0.0001754469703882933,0.0005365630495361984,-0.0006417492986656725
2024-09-24T03:00:00Z,-7.609444,112.595556,0.0002889685274567455,0.0005184733308851719,-0.0005685044452548027
2024-09-24T06:00:00Z,-7.609444,112.595556,0.0002930756309069693,0.0005915204528719187,-0.0005780360661447048
2024-09-24T09:00:00Z,-7.609444,112.595556,0.0002135411050403491,0.0005902816192246974,-0.0005905078141950071
2024-09-24T12:00:00Z,-7.609444,112.595556,0.0002305416128365323,0.0005664046038873494,-0.0005138952401466668
2024-09-24T15:00:00Z,-7.609444,112.595556,0.0002524520386941731,0.0006447114865295589,-0.0005312461871653795
2024-09-24T18:00:00Z,-7.609444,112.595556,0.00021609722170978785,0.0006715910858474672,-0.000482012692373246
2024-09-24T21:00:00Z,-7.609444,112.595556,0.0002683611237443984,0.0006614433950744569,-0.0005042947013862431
2024-09-25T00:00:00Z,-7.609444,112.595556,0.00027518230490386486,0.0006906769121997058,-0.0006295560742728412
2024-09-25T03:00:00Z,-7.609444,112.595556,0.0003259183431509882,0.0007481404463760555,-0.0007792937103658915
2024-09-25T06:00:00Z,-7.609444,112.595556,0.0003192988224327564,0.0008240552851930261,-0.000902915431652218
2024-09-25T09:00:00Z,-7.609444,112.595556,0.0002971017092932016,0.0008224035263992846,-0.0010315697873011
2024-09-25T12:00:00Z,-7.609444,112.595556,0.000330660812323913,0.0008176722330972552,-0.0010296045802533
2024-09-25T15:00:00Z,-7.609444,112.595556,0.00037692757905460894,0.000907243404071778,-0.0009931898675858974
2024-09-25T18:00:00Z,-7.609444,112.595556,0.000259138410910964,0.0009268790599890052,-0.0009890450164675713
2024-09-25T21:00:00Z,-7.609444,112.595556,0.0002561607689131052,0.000998284202069044,-0.0009950685780495403
2024-09-26T00:00:00Z,-7.609444,112.595556,0.0002350584545638412,0.0010736200492829,-0.0010006669908761
2024-09-26T03:00:00Z,-7.609444,112.595556,0.00021290400763973596,0.0011470376048237,-0.0009939306182786822
2024-09-26T06:00:00Z,-7.609444,112.595556,0.00013520488573703915,0.0011788154952228,-0.0010148020228371
2024-09-26T09:00:00Z,-7.609444,112.595556,0.0001295006222790107,0.0011600281577557,-0.0009972653351724148
2024-09-26T12:00:00Z,-7.609444,112.595556,0.0001289945503231138,0.0010712512303143,-0.0008629853837192059
2024-09-26T15:00:00Z,-7.609444,112.595556,0.00010365738853579388,0.0010192091576755,-0.0008215631823986769
2024-09-26T18:00:00Z,-7.609444,112.595556,1.3328573004400823e-05,0.0009652621229179204,-0.0007900218479335308
2024-09-26T21:00:00Z,-7.609444,112.595556,2.4574517738074064e-05,0.000920061022043228,-0.0007423720671795309
2024-09-27T00:00:00Z,-7.609444,112.595556,4.5359818614088e-05,0.0009089731611311436,-0.0007759018335491419
2024-09-27T03:00:00Z,-7.609444,112.595556,3.563748759916052e-05,0.0009078153525479138,-0.000790062069427222
2024-09-27T06:00:00Z,-7.609444,112.595556,-2.597962702566292e-05,0.0008431618916802108,-0.000858510727994144
2024-09-27T09:00:00Z,-7.609444,112.595556,-4.0214705222751945e-05,0.0007752100937068462,-0.0009223491651937366
2024-09-27T12:00:00Z,-7.609444,112.595556,-6.343882705550641e-05,0.0006602869834750891,-0.0009420650312677026
2024-09-27T15:00:00Z,-7.609444,112.595556,-0.00011121068382635713,0.0005715676816180348,-0.0010255754459649
2024-09-27T18:00:00Z,-7.609444,112.595556,-0.0002045225846813992,0.00040203952812589705,-0.0009953961707651615
2024-09-27T21:00:00Z,-7.609444,112.595556,-0.00017484427371528,0.00023888942087069156,-0.0010054291924461
2024-09-28T00:00:00Z,-7.609444,112.595556,-0.0001869099505711347,0.00010199450480286032,-0.000993591733276844
2024-09-28T03:00:00Z,-7.609444,112.595556,-0.00013000017497688532,-9.824032167671248e-05,-0.0008992297225631773
2024-09-28T06:00:00Z,-7.609444,112.595556,-0.00010315849067410454,-0.00030166699434630573,-0.0008483163546770811
2024-09-28T09:00:00Z,-7.609444,112.595556,5.812548351968872e-06,-0.0004477668553590775,-0.0008074106299318373
2024-09-28T12:00:00Z,-7.609444,112.595556,4.719094795291312e-05,-0.0006416353862732649,-0.0008783015073277056
2024-09-28T15:00:00Z,-7.609444,112.595556,0.00011192924284841864,-0.0007473074947483838,-0.000897014862857759
2024-09-28T18:00:00Z,-7.609444,112.595556,0.00016915216110646725,-0.0008800160139799118,-0.000822739559225738
2024-09-28T21:00:00Z,-7.609444,112.595556,0.0002959920384455472,-0.0009135378058999776,-0.0007565473206341267
2024-09-29T00:00:00Z,-7.609444,112.595556,0.0003804336010944098,-0.00091047293972224,-0.0008386934641748667
2024-09-29T03:00:00Z,-7.609444,112.595556,0.0004528542922344059,-0.0009372919448651372,-0.0009193079313263296
2024-09-29T06:00:00Z,-7.609444,112.595556,0.0004844802606385201,-0.0008892851765267551,-0.0009690295555628836
2024-09-29T09:00:00Z,-7.609444,112.595556,0.000535376078914851,-0.0008261882467195392,-0.0010352723766118
2024-09-29T12:00:00Z,-7.609444,112.595556,0.000554989674128592,-0.0008298182510770857,-0.0011243181070312
2024-09-29T15:00:00Z,-7.609444,112.595556,0.0005903828423470259,-0.0008307687239721417,-0.0011666124919429
2024-09-29T18:00:00Z,-7.609444,112.595556,0.0005502027343027294,-0.0008020125678740442,-0.0010996408527716
2024-09-29T21:00:00Z,-7.609444,112.595556,0.0005657455767504871,-0.0006906486232765019,-0.0010890080593526
2024-09-30T00:00:00Z,-7.609444,112.595556,0.0005320023628883064,-0.0007127780700102448,-0.0011646898929029
2024-09-30T03:00:00Z,-7.609444,112.595556,0.0005383728421293199,-0.0008054124773479998,-0.0011687856167554
2024-09-30T06:00:00Z,-7.609444,112.595556,0.0004645148001145572,-0.0008508437895216048,-0.0010377885773777
2024-09-30T09:00:00Z,-7.609444,112.595556,0.0004029496922157705,-0.0008884494309313595,-0.0009510575328022242
2024-09-30T12:00:00Z,-7.609444,112.595556,0.0002786931290756911,-0.000913076743017882,-0.0009551100665703416
2024-09-30T15:00:00Z,-7.609444,112.595556,0.00023183760640677065,-0.0008860388770699501,-0.0008151223883032799
2024-09-30T18:00:00Z,-7.609444,112.595556,0.00010433883289806543,-0.0007437427993863821,-0.0006267910939641297
2024-09-30T21:00:00Z,-7.609444,112.595556,1.3904763363825625e-05,-0.0005637104623019695,-0.0005795511533506215
2024-10-01T00:00:00Z,-7.609444,112.595556,-0.00011096718662884086,-0.00047714944230392575,-0.0005738929030485451
2024-10-01T03:00:00Z,-7.609444,112.595556,-0.00014254599227569997,-0.0003715374332387,-0.0005376311019062996
2024-10-01T06:00:00Z,-7.609444,112.595556,-0.00024092652893159536,-0.0002083494619000703,-0.0005385313997976482
2024-10-01T09:00:00Z,-7.609444,112.595556,-0.00035140663385391235,3.5017113987123594e-05,-0.0005398162757046521
2024-10-01T12:00:00Z,-7.609444,112.595556,-0.00046724051935598254,0.00019048666581511495,-0.0006589906406588852
2024-10-01T15:00:00Z,-7.609444,112.595556,-0.000516415573656559,0.0003276541829109192,-0.0006925942725501955
2024-10-01T18:00:00Z,-7.609444,112.595556,-0.0006015928229317069,0.000467317207949236,-0.000752032850869
2024-10-01T21:00:00Z,-7.609444,112.595556,-0.0005613174289464951,0.000565658207051456,-0.0007568785804323852
2024-10-02T00:00:00Z,-7.609444,112.595556,-0.0005370547296479344,0.000598729238845408,-0.0007755121914669871
2024-10-02T03:00:00Z,-7.609444,112.595556,-0.00045549083733931184,0.0005643090698868036,-0.0008271387778222561
2024-10-02T06:00:00Z,-7.609444,112.595556,-0.00043860700679942966,0.000615520344581455,-0.0008964745793491602
2024-10-02T09:00:00Z,-7.609444,112.595556,-0.0003919790033251047,0.000532517209649086,-0.000985184102319181
2024-10-02T12:00:00Z,-7.609444,112.595556,-0.0003296365321148187,0.0003717511717695743,-0.0011066568549722
2024-10-02T15:00:00Z,-7.609444,112.595556,-0.0001842762721935287,0.0002724260266404599,-0.0011365971295163
2024-10-02T18:00:00Z,-7.609444,112.595556,-0.00015065020124893636,0.00013663011486642063,-0.0011737653985619
2024-10-02T21:00:00Z,-7.609444,112.595556,-1.98998623091029e-05,2.912783384090289e-05,-0.0011233935365453
2024-10-03T00:00:00Z,-7.609444,112.595556,7.740506407571957e-05,-9.202377987094223e-05,-0.0011502316920086
2024-10-03T03:00:00Z,-7.609444,112.595556,0.00022811685630586,-0.00023982845596037805,-0.0010571259772405
2024-10-03T06:00:00Z,-7.609444,112.595556,0.0002743695513345301,-0.00033570712548680604,-0.0009728553122840822
2024-10-03T09:00:00Z,-7.609444,112.595556,0.0004294915124773979,-0.0004704981110990048,-0.0007485842215828598
2024-10-03T12:00:00Z,-7.609444,112.595556,0.0006035153637640178,-0.0006809923215769231,-0.0007139496738091111
2024-10-03T15:00:00Z,-7.609444,112.595556,0.000785778509452939,-0.0008421636885032058,-0.0006126492517068982
2024-10-03T18:00:00Z,-7.609444,112.595556,0.0007824054919183254,-0.0009357327944599092,-0.0005140318535268307
2024-10-03T21:00:00Z,-7.609444,112.595556,0.0008828004356473684,-0.0010295993415638,-0.0004183950659353286
2024-10-04T00:00:00Z,-7.609444,112.595556,0.0009793200297281146,-0.0011316690361127,-0.0003233179450035095
2024-10-04T03:00:00Z,-7.609444,112.595556,0.001068869838491,-0.0012449244968593,-0.00021075454424135387
2024-10-04T06:00:00Z,-7.609444,112.595556,0.0010477902833372,-0.0012824309524148,-0.0002514822699595243
2024-10-04T09:00:00Z,-7.609444,112.595556,0.0010460272897034,-0.0013290748465806,-0.000130191765492782
2024-10-04T12:00:00Z,-7.609444,112.595556,0.0010367867071181,-0.0013276491081342,-0.00015093882393557578
2024-10-04T15:00:00Z,-7.609444,112.595556,0.0010923774680122,-0.0013355315895751,-0.00017747774836607275
2024-10-04T18:00:00Z,-7.609444,112.595556,0.0010414093267172,-0.001379974768497,-8.839454676490277e-05
2024-10-04T21:00:00Z,-7.609444,112.595556,0.0010558676440268,-0.001421048422344,-4.972895840182901e-05
2024-10-05T00:00:00Z,-7.609444,112.595556,0.0010193762136623,-0.0014221620513126,-7.256599928950891e-05
2024-10-05T03:00:00Z,-7.609444,112.595556,0.0010237557580694,-0.0014432165771722,-6.974691495997831e-05
2024-10-05T06:00:00Z,-7.609444,112.595556,0.0009566993685439228,-0.0014523941790685,-0.00015811545017641038
2024-10-05T09:00:00Z,-7.609444,112.595556,0.0009037412237375976,-0.0013976682676002,-0.00014273321721702814
2024-10-05T12:00:00Z,-7.609444,112.595556,0.0008058990933932364,-0.0013839716557413,-0.0003397680993657559
2024-10-05T15:00:00Z,-7.609444,112.595556,0.0007291663787327707,-0.001375060994178,-0.00046634627506136894
2024-10-05T18:00:00Z,-7.609444,112.595556,0.0005649460363201797,-0.0013786358758807,-0.0004517293709795922
2024-10-05T21:00:00Z,-7.609444,112.595556,0.0004955414915457368,-0.0013699019327759,-0.0004463244404178113
2024-10-06T00:00:00Z,-7.609444,112.595556,0.0004441087949089706,-0.0013511726865544,-0.0005314083537086844
2024-10-06T03:00:00Z,-7.609444,112.595556,0.0004071584262419492,-0.0013914357405155,-0.0005406424752436578
2024-10-06T06:00:00Z,-7.609444,112.595556,0.00034980697091668844,-0.0013905604137107,-0.0005592027446255088
2024-10-06T09:00:00Z,-7.609444,112.595556,0.000356561184162274,-0.0013793287798762,-0.000557294231839478
2024-10-06T12:00:00Z,-7.609444,112.595556,0.0002820599765982479,-0.0013918299227952,-0.0007678683032281697
2024-10-06T15:00:00Z,-7.609444,112.595556,0.0002752598957158625,-0.0013583380496129,-0.00086967897368595
2024-10-06T18:00:00Z,-7.609444,112.595556,0.00021936121629551053,-0.0013103913515806,-0.0009260039078071712
2024-10-06T21:00:00Z,-7.609444,112.595556,0.0002635224082041532,-0.0012436507968232,-0.0011432112660259
2024-10-07T00:00:00Z,-7.609444,112.595556,0.0002660149184521288,-0.0011286858934909,-0.001424936694093
2024-10-07T03:00:00Z,-7.609444,112.595556,0.0002836496278177947,-0.0010882280766963,-0.0014738129684701
2024-10-07T06:00:00Z,-7.609444,112.595556,0.0003320772375445813,-0.0010341100860387,-0.0015209884149953
2024-10-07T09:00:00Z,-7.609444,112.595556,0.00045363488607108593,-0.001013035303913,-0.0015413019573315
2024-10-07T12:00:00Z,-7.609444,112.595556,0.0005144834285601974,-0.0010019523324444,-0.0016765664331614
2024-10-07T15:00:00Z,-7.609444,112.595556,0.000573769910261035,-0.0009818571852520108,-0.0016178889200091
2024-10-07T18:00:00Z,-7.609444,112.595556,0.000566407514270395,-0.0009477132698521018,-0.001604784396477
2024-10-07T21:00:00Z,-7.609444,112.595556,0.0006935977144166827,-0.00090375094441697,-0.0016411886317655
2024-10-08T00:00:00Z,-7.609444,112.595556,0.0007617514347657561,-0.0008908486925065517,-0.0016652283957228
2024-10-08T03:00:00Z,-7.609444,112.595556,0.0008674780838191509,-0.0009017577976919712,-0.0014972173376008
2024-10-08T06:00:00Z,-7.609444,112.595556,0.0009084151824936272,-0.0008667662623338401,-0.0013518221676349
2024-10-08T09:00:00Z,-7.609444,112.595556,0.0009855173993855717,-0.0008009326411411166,-0.0012621799251064
2024-10-08T12:00:00Z,-7.609444,112.595556,0.0010104473913088,-0.0008139773854054511,-0.0012262051459401
2024-10-08T15:00:00Z,-7.609444,112.595556,0.0010189686436206,-0.0007028962136246264,-0.0011607402702793
2024-10-08T18:00:00Z,-7.609444,112.595556,0.0009268236462958156,-0.0005717852618545294,-0.0010779750300571
2024-10-08T21:00:00Z,-7.609444,112.595556,0.0009098030859604478,-0.0004328816139604896,-0.000998169998638332
2024-10-09T00:00:00Z,-7.609444,112.595556,0.0008318678592331707,-0.0004050360294058919,-0.0009002479491755366
2024-10-09T03:00:00Z,-7.609444,112.595556,0.0007710739155299962,-0.00035682364250533283,-0.0007285922765731812
2024-10-09T06:00:00Z,-7.609444,112.595556,0.0005755394231528044,-0.0002085633313981816,-0.0006752651534043252
2024-10-09T09:00:00Z,-7.609444,112.595556,0.00047213779180310667,-0.0001723531458992511,-0.0005693687708117068
2024-10-09T12:00:00Z,-7.609444,112.595556,0.00038179094553925097,-0.00019582192180678248,-0.0005483663408085704
2024-10-09T15:00:00Z,-7.609444,112.595556,0.00024398430832661688,-0.00014263456978369504,-0.0005077431560494006
2024-10-09T18:00:00Z,-7.609444,112.595556,8.688241359777749e-05,-9.351154585601762e-05,-0.00053172477055341
2024-10-09T21:00:00Z,-7.609444,112.595556,4.785099372384138e-05,-7.083403033902869e-05,-0.0005376553745009005
2024-10-10T00:00:00Z,-7.609444,112.595556,-2.7647351089399308e-05,-8.652838732814416e-05,-0.0005070606130175292
2024-10-10T03:00:00Z,-7.609444,112.595556,-5.531636634259485e-05,-0.00011763350630644708,-0.0004470653657335788
2024-10-10T06:00:00Z,-7.609444,112.595556,-0.00019472373242024327,-0.00011357132461853324,-0.000484172604046762
2024-10-10T09:00:00Z,-7.609444,112.595556,-0.0002520798589102924,-0.00017047891742549837,-0.0005468999152071774
2024-10-10T12:00:00Z,-7.609444,112.595556,-0.0002756784961093217,-0.0003470594820100814,-0.0005528833135031164
2024-10-10T15:00:00Z,-7.609444,112.595556,-0.0002707240346353501,-0.00046425856999121606,-0.0004180360992904753
2024-10-10T18:00:00Z,-7.609444,112.595556,-0.0003079319722019136,-0.0005435850471258163,-0.0004089916474185884
2024-10-10T21:00:00Z,-7.609444,112.595556,-0.0002576234401203692,-0.000620759732555598,-0.00032666465267539024
2024-10-11T00:00:00Z,-7.609444,112.595556,-0.0002357110206503421,-0.0007607108564116061,-0.0003417469270061701
2024-10-11T03:00:00Z,-7.609444,112.595556,-0.0001439943298464641,-0.0008682282059453428,-0.0003533415147103369
2024-10-11T06:00:00Z,-7.609444,112.595556,-7.08086445229128e-05,-0.0009609769331291318,-0.000374201568774879
2024-10-11T09:00:00Z,-7.609444,112.595556,8.241530849772971e-06,-0.001137203653343,-0.000315752811729908
2024-10-11T12:00:00Z,-7.609444,112.595556,7.344900950556621e-05,-0.0013200031826272,-0.0002741087519098073
2024-10-11T15:00:00Z,-7.609444,112.595556,0.0001835821458371356,-0.0014489074237644,-0.00026968930615112185
2024-10-11T18:00:00Z,-7.609444,112.595556,0.00023226205667015165,-0.0015320329694077,-0.00029576648375950754
2024-10-11T21:00:00Z,-7.609444,112.595556,0.0003266660787630826,-0.0015882465522736,-0.00027629744727164507
2024-10-12T00:00:00Z,-7.609444,112.595556,0.0003759113606065512,-0.0016552470624446,-0.0003054668486583978
2024-10-12T03:00:00Z,-7.609444,112.595556,0.000493159459438175,-0.001754127559252,-0.00020238160504959524
2024-10-12T06:00:00Z,-7.609444,112.595556,0.0006014559767208993,-0.001802762853913,-0.00016472965944558382
2024-10-12T09:00:00Z,-7.609444,112.595556,0.0006841531721875072,-0.0018420472042635,-6.416304677259177e-05
2024-10-12T12:00:00Z,-7.609444,112.595556,0.0007764840265735984,-0.0019277071114629,-3.928337264369475e-06
2024-10-12T15:00:00Z,-7.609444,112.595556,0.000866458285599947,-0.0018783811246976,3.208822090527974e-05
2024-10-12T18:00:00Z,-7.609444,112.595556,0.0008908603340387344,-0.0017967892345041,8.531689672963694e-05
2024-10-12T21:00:00Z,-7.609444,112.595556,0.0010002529015764,-0.0017742095515131,0.00014257096336223185
2024-10-13T00:00:00Z,-7.609444,112.595556,0.0010637030936777,-0.001710764830932,0.0001837010058807209
2024-10-13T03:00:00Z,-7.609444,112.595556,0.0011264889035373,-0.0016411485848948,0.0002935033990070224
2024-10-13T06:00:00Z,-7.609444,112.595556,0.0011016991920769,-0.0015325683634728,0.0003534760035108775
2024-10-13T09:00:00Z,-7.609444,112.595556,0.0010841531911864,-0.0014229068765416,0.0004246267781127244
2024-10-13T12:00:00Z,-7.609444,112.595556,0.0010598618537187,-0.0013484042137861,0.00048714232980273664
2024-10-13T15:00:00Z,-7.609444,112.595556,0.0010451846756041,-0.0012058821739628,0.0005541034042835236
2024-10-13T18:00:00Z,-7.609444,112.595556,0.0010100507643073,-0.0010899853659793,0.0006897511193528771
2024-10-13T21:00:00Z,-7.609444,112.595556,0.0010482294019311,-0.0010016366140916,0.0008285299991257489
2024-10-14T00:00:00Z,-7.609444,112.595556,0.0010511024156585,-0.000918575911782682,0.0008916741353459656
2024-10-14T03:00:00Z,-7.609444,112.595556,0.0010440712794661,-0.0008213137625716627,0.0009062596363946795
2024-10-14T06:00:00Z,-7.609444,112.595556,0.000960655277594924,-0.0007450138218700886,0.0008806344703771174
2024-10-14T09:00:00Z,-7.609444,112.595556,0.0009196855826303364,-0.0007406835211440921,0.0008084017899818718
2024-10-14T12:00:00Z,-7.609444,112.595556,0.0008687007939442992,-0.0007467872928828001,0.000770874205045402
2024-10-14T15:00:00Z,-7.609444,112.595556,0.0008330053533427417,-0.0006970273097977042,0.0006863001617603004
2024-10-14T18:00:00Z,-7.609444,112.595556,0.0007339767180383205,-0.0006903838366270065,0.0006541039911098778
2024-10-14T21:00:00Z,-7.609444,112.595556,0.0007023114012554288,-0.0006267635617405176,0.0005200579762458801
2024-10-15T00:00:00Z,-7.609444,112.595556,0.0007009936380200088,-0.0006394701777026057,0.0004307060153223574
2024-10-15T03:00:00Z,-7.609444,112.595556,0.0007490063435398042,-0.0007428274839185178,0.00035170564660802484
2024-10-15T06:00:00Z,-7.609444,112.595556,0.0007196665392257273,-0.0008559630368836224,0.00028821450541727245
2024-10-15T09:00:00Z,-7.609444,112.595556,0.0007445568335242569,-0.0009818573016673326,0.0002419969532638788
2024-10-15T12:00:00Z,-7.609444,112.595556,0.000769249105360359,-0.0011171633377671,0.00014790671411901712
2024-10-15T15:00:00Z,-7.609444,112.595556,0.0008672195835970342,-0.0011684302007779,0.00013968006533104926
2024-10-15T18:00:00Z,-7.609444,112.595556,0.0008485255530104041,-0.0011744617950171,0.00011588729830691592
2024-10-15T21:00:00Z,-7.609444,112.595556,0.0009137538145296276,-0.0011469780001789,1.6601774404989555e-05
2024-10-16T00:00:00Z,-7.609444,112.595556,0.0009974561398848891,-0.0011691278778016,1.970023549802136e-05
2024-10-16T03:00:00Z,-7.609444,112.595556,0.0010851812548935,-0.0011888697044923,1.1319469194859266e-05
2024-10-16T06:00:00Z,-7.609444,112.595556,0.0011465558782219,-0.0012049891520291,0.00014344316150527447
2024-10-16T09:00:00Z,-7.609444,112.595556,0.0012661567889153,-0.0011800329666584,0.0002221421600552276
2024-10-16T12:00:00Z,-7.609444,112.595556,0.0013538944767788,-0.0012030496727675,0.00015900336438789964
2024-10-16T15:00:00Z,-7.609444,112.595556,0.0015004756860435,-0.0012059008004143,0.0001511614682385698
2024-10-16T18:00:00Z,-7.609444,112.595556,0.0015524596674367,-0.0012166153173893,7.793149416102096e-05
2024-10-16T21:00:00Z,-7.609444,112.595556,0.0016795916017144,-0.0012351184850558,4.47912716481369e-05
2024-10-17T00:00:00Z,-7.609444,112.595556,0.0017415758920833,-0.0012447615154087,-0.00011047634325223044
2024-10-17T03:00:00Z,-7.609444,112.595556,0.0017930736066773,-0.0012950879754498,-0.0002330256102140993
2024-10-17T06:00:00Z,-7.609444,112.595556,0.0017918335506692,-0.0013532667653635,-0.0002994746610056609
2024-10-17T09:00:00Z,-7.609444,112.595556,0.0017977426759898,-0.0013418543385341,-0.00035224491148255765
2024-10-17T12:00:00Z,-7.609444,112.595556,0.001725293463096,-0.0013830597745254,-0.0003540345060173422
2024-10-17T15:00:00Z,-7.609444,112.595556,0.0016272509237751,-0.001420822343789,-0.0003570593544282019
2024-10-17T18:00:00Z,-7.609444,112.595556,0.001516425400041,-0.0014557647518813,-0.00027151560061611235
2024-10-17T21:00:00Z,-7.609444,112.595556,0.0015234688762575,-0.0015043469611555,-0.00013625311839859933
2024-10-18T00:00:00Z,-7.609444,112.595556,0.0014370031422004,-0.0015938145807012,-8.203298784792423e-05
2024-10-18T03:00:00Z,-7.609444,112.595556,0.0014084223657846,-0.0017067063599824,3.628060585469939e-05
2024-10-18T06:00:00Z,-7.609444,112.595556,0.0013163816183805,-0.0017884570406749,4.968883513356559e-05
2024-10-18T09:00:00Z,-7.609444,112.595556,0.0012179407058283,-0.001854667905718,-8.335821621585637e-05
2024-10-18T12:00:00Z,-7.609444,112.595556,0.0010679003316909,-0.0019413988338783,-0.00019780424190685156
2024-10-18T15:00:00Z,-7.609444,112.595556,0.0010114726610481,-0.0019907050300389,-0.0001187407979159616
2024-10-18T18:00:00Z,-7.609444,112.595556,0.0008899171953089535,-0.0019792362581938,-0.0001558809744892642
2024-10-18T21:00:00Z,-7.609444,112.595556,0.0008620375883765519,-0.001908840611577,-0.00020966489682905376
2024-10-19T00:00:00Z,-7.609444,112.595556,0.0008375397883355618,-0.0018381242407485,-0.00029425640241242945
2024-10-19T03:00:00Z,-7.609444,112.595556,0.0008484763675369322,-0.0018335928907617,-0.00034859744482673705
2024-10-19T06:00:00Z,-7.609444,112.595556,0.0008168193162418902,-0.0017495363717898,-0.000396934716263786
2024-10-19T09:00:00Z,-7.609444,112.595556,0.0008534622611477971,-0.00165494333487,-0.0006330413743853569
2024-10-19T12:00:00Z,-7.609444,112.595556,0.0008195165428332984,-0.0016060227062553,-0.0008183176978491247
2024-10-19T15:00:00Z,-7.609444,112.595556,0.0008412869647145271,-0.0014492012560367,-0.0007964763208292425
2024-10-19T18:00:00Z,-7.609444,112.595556,0.0007547580753453076,-0.001255533657968,-0.000933295872528106
2024-10-19T21:00:00Z,-7.609444,112.595556,0.0007654209621250629,-0.0010457755997776,-0.0009726540884003044
2024-10-20T00:00:00Z,-7.609444,112.595556,0.0007470455020666122,-0.000908532354515046,-0.0010922546498477
2024-10-20T03:00:00Z,-7.609444,112.595556,0.0007659666007384658,-0.0008535499218851328,-0.0010871380800381
2024-10-20T06:00:00Z,-7.609444,112.595556,0.0007702041766606271,-0.0006894565303809941,-0.0010936782928183
2024-10-20T09:00:00Z,-7.609444,112.595556,0.000813664635643363,-0.0005753081059083343,-0.0011875877389684
2024-10-20T12:00:00Z,-7.609444,112.595556,0.0008384881657548249,-0.00047553214244544506,-0.001173238037154
2024-10-20T15:00:00Z,-7.609444,112.595556,0.0008916997467167675,-0.0004088717105332762,-0.0010433344868943
2024-10-20T18:00:00Z,-7.609444,112.595556,0.0009372330387122928,-0.00031718541868031025,-0.0010622789850458
2024-10-20T21:00:00Z,-7.609444,112.595556,0.0010633182246237,-0.00025348126655444503,-0.0009609674452804028
2024-10-21T00:00:00Z,-7.609444,112.595556,0.0010812872787937,-0.0002862073306459933,-0.0009442904265597464
2024-10-21T03:00:00Z,-7.609444,112.595556,0.0011235569836571,-0.0003084093623328954,-0.0009374903747811912
2024-10-21T06:00:00Z,-7.609444,112.595556,0.0011242077453061,-0.0002848093281500041,-0.0009035682887770236
2024-10-21T09:00:00Z,-7.609444,112.595556,0.001142218708992,-0.00027399262762628496,-0.0008998346165753901
2024-10-21T12:00:00Z,-7.609444,112.595556,0.001122513320297,-0.00031649775337427855,-0.0007634604116901755
2024-10-21T15:00:00Z,-7.609444,112.595556,0.0011429520091041,-0.00036673268186859787,-0.000609693001024425
2024-10-21T18:00:00Z,-7.609444,112.595556,0.0011219482403248,-0.000343086663633585,-0.0005262608174234629
2024-10-21T21:00:00Z,-7.609444,112.595556,0.0011424500262364,-0.00026526357396505773,-0.0004719708813354373
2024-10-22T00:00:00Z,-7.609444,112.595556,0.0011089470935985,-0.00022147285926621407,-0.0003430652141105384
2024-10-22T03:00:00Z,-7.609444,112.595556,0.0011466074502095,-0.0002167572820326313,-0.00028423615731298923
2024-10-22T06:00:00Z,-7.609444,112.595556,0.0011441758833825,-0.00012886954937130213,-0.00017136454698629677
2024-10-22T09:00:00Z,-7.609444,112.595556,0.0011221069144085,-5.247892113402486e-05,-0.0001794526760932058
2024-10-22T12:00:00Z,-7.609444,112.595556,0.001083793817088,-4.3514801291166805e-06,-0.00015551317483186722
2024-10-22T15:00:00Z,-7.609444,112.595556,0.0011073087807744,9.084349585464224e-05,-0.000123204430565238
2024-10-22T18:00:00Z,-7.609444,112.595556,0.0010648889001458,0.00020911602769047025,-0.0001892073778435588
2024-10-22T21:00:00Z,-7.609444,112.595556,0.0010870231781154,0.00031305759330280125,-0.00021788591402582824
2024-10-23T00:00:00Z,-7.609444,112.595556,0.0010909943375736,0.0003394671075511724,-0.00024521653540432453
2024-10-23T03:00:00Z,-7.609444,112.595556,0.0011105999583378,0.00036272770375944674,-0.0002169956278521568
2024-10-23T06:00:00Z,-7.609444,112.595556,0.0010567877907305,0.000415864895330742,-0.00013119309733156115
2024-10-23T09:00:00Z,-7.609444,112.595556,0.0010296289110556,0.00040563344373367727,-0.00021658698096871376
2024-10-23T12:00:00Z,-7.609444,112.595556,0.0009824336739256978,0.00032311322866007686,-0.0002567697665654123
2024-10-23T15:00:00Z,-7.609444,112.595556,0.0009625761886127292,0.00029293206171132624,-0.00031422069878317416
2024-10-23T18:00:00Z,-7.609444,112.595556,0.0008827931014820933,0.0002677785523701459,-0.0003557384479790926
2024-10-23T21:00:00Z,-7.609444,112.595556,0.0008885733550414443,0.0001959288347279653,-0.0004409870889503509
2024-10-24T00:00:00Z,-7.609444,112.595556,0.0009700587252154946,0.00012923937174491584,-0.0004755484114866704
2024-10-24T03:00:00Z,-7.609444,112.595556,0.0009909645887091756,0.00010969478898914532,-0.0004392914706841111
2024-10-24T06:00:00Z,-7.609444,112.595556,0.0010009316029027,9.343821875518188e-05,-0.0004741989832837135
2024-10-24T09:00:00Z,-7.609444,112.595556,0.0010400731116533,0.00011371137225069106,-0.0005837319768033922
2024-10-24T12:00:00Z,-7.609444,112.595556,0.0010148180881515,3.753853161470033e-05,-0.0006418939447030425
2024-10-24T15:00:00Z,-7.609444,112.595556,0.0010195388458669,3.21751504088752e-05,-0.000693526235409081
2024-10-24T18:00:00Z,-7.609444,112.595556,0.000965750718023628,5.340645657270216e-05,-0.0006992727285251021
2024-10-24T21:00:00Z,-7.609444,112.595556,0.000907408306375146,5.585733015323058e-05,-0.0007420114707201719
2024-10-25T00:00:00Z,-7.609444,112.595556,0.0008341217180714011,2.7125170163344592e-05,-0.0007339947624132037
2024-10-25T03:00:00Z,-7.609444,112.595556,0.0008163813035935163,6.995250259933528e-06,-0.0006618828047066927
2024-10-25T06:00:00Z,-7.609444,112.595556,0.0007827762165106833,-9.000935824587941e-05,-0.0005403594695962965
2024-10-25T09:00:00Z,-7.609444,112.595556,0.0007580072851851583,-0.0002215198037447408,-0.000436454894952476
2024-10-25T12:00:00Z,-7.609444,112.595556,0.0007691512582823634,-0.000434086483437568,-0.0003372227947693318
2024-10-25T15:00:00Z,-7.609444,112.595556,0.0007611901964992285,-0.0005611494998447597,-0.00026656975387595594
2024-10-25T18:00:00Z,-7.609444,112.595556,0.0007398883462883532,-0.0006657030899077654,-0.00013880910410080105
2024-10-25T21:00:00Z,-7.609444,112.595556,0.0007832510746084154,-0.0007276808610185981,6.744468555552885e-05
2024-10-26T00:00:00Z,-7.609444,112.595556,0.0007946646073833108,-0.0007656175293959677,0.0002358788769925013
2024-10-26T03:00:00Z,-7.609444,112.595556,0.0008907488081604242,-0.0008271612459793687,0.00044397806050255895
2024-10-26T06:00:00Z,-7.609444,112.595556,0.000921760976780206,-0.0008705822983756661,0.0005808728164993227
2024-10-26T09:00:00Z,-7.609444,112.595556,0.0009467246709391476,-0.0009458513814024628,0.0006377827376127243
2024-10-26T12:00:00Z,-7.609444,112.595556,0.0010098543716594,-0.0009982367046177387,0.0006533684208989143
2024-10-26T15:00:00Z,-7.609444,112.595556,0.0010231926571577,-0.0009763377602212132,0.0006689596339128911
2024-10-26T18:00:00Z,-7.609444,112.595556,0.0009729578741826116,-0.0009873417438939214,0.0006483770557679236
2024-10-26T21:00:00Z,-7.609444,112.595556,0.0009693242609500884,-0.0009523318149149418,0.0006692165625281632
2024-10-27T00:00:00Z,-7.609444,112.595556,0.0009692629682831466,-0.0008696374134160578,0.0006712554022669792
2024-10-27T03:00:00Z,-7.609444,112.595556,0.0009716441854834555,-0.0008185126353055239,0.0006637849728576839
2024-10-27T06:00:00Z,-7.609444,112.595556,0.0009388107573613524,-0.000765622069593519,0.0007026756647974253
2024-10-27T09:00:00Z,-7.609444,112.595556,0.0009845029562711716,-0.0006432828959077597,0.0006256122142076492
2024-10-27T12:00:00Z,-7.609444,112.595556,0.0009978370508179069,-0.0005015038186684251,0.0005776323960162699
2024-10-27T15:00:00Z,-7.609444,112.595556,0.0010006329976022,-0.0002693391870707273,0.0005331704742275178
2024-10-27T18:00:00Z,-7.609444,112.595556,0.00098160479683429,-0.00010377037688158453,0.0005036085494793952
2024-10-27T21:00:00Z,-7.609444,112.595556,0.0009547971421852708,9.764957940205932e-05,0.00033391499891877174
2024-10-28T00:00:00Z,-7.609444,112.595556,0.0009144195355474948,0.00026479738880880177,0.00017959537217393515
2024-10-28T03:00:00Z,-7.609444,112.595556,0.0008543338626623154,0.0003656547632999718,7.193619239842519e-05
2024-10-28T06:00:00Z,-7.609444,112.595556,0.0007555569754913449,0.0004893119912594557,-1.6684105048625495e-06
2024-10-28T09:00:00Z,-7.609444,112.595556,0.0007231520721688867,0.0005738017498515546,-0.0002119114942615852
2024-10-28T12:00:00Z,-7.609444,112.595556,0.0006910493248142302,0.0005877378862351179,-0.0003678131615743041
2024-10-28T15:00:00Z,-7.609444,112.595556,0.0006654330645687878,0.0006460453732870519,-0.000481690454762429
2024-10-28T18:00:00Z,-7.609444,112.595556,0.0006556380540132523,0.0006387720350176096,-0.0005352834123186767
2024-10-28T21:00:00Z,-7.609444,112.595556,0.0007280033314600587,0.0006106144865043461,-0.0006782328709959984
2024-10-29T00:00:00Z,-7.609444,112.595556,0.0008229849627241492,0.00047158863162621856,-0.0006482626777142286
2024-10-29T03:00:00Z,-7.609444,112.595556,0.000923690851777792,0.00033643280039541423,-0.0006429863278754056
2024-10-29T06:00:00Z,-7.609444,112.595556,0.0009481841698288918,0.00018522249592933804,-0.0006434066453948617
2024-10-29T09:00:00Z,-7.609444,112.595556,0.000977825024165213,0.00010326349729439244,-0.0007035447051748633
2024-10-29T12:00:00Z,-7.609444,112.595556,0.0009920786833390594,4.3386753532104194e-05,-0.0007272101938724518
2024-10-29T15:00:00Z,-7.609444,112.595556,0.000960912846494466,-1.8816892406903207e-05,-0.0006618662737309933
2024-10-29T18:00:00Z,-7.609444,112.595556,0.0008876199717633426,-4.888208059128374e-05,-0.0006748461746610701
2024-10-29T21:00:00Z,-7.609444,112.595556,0.000902107683941722,-7.08722582203336e-05,-0.0007476985338144004
2024-10-30T00:00:00Z,-7.609444,112.595556,0.0008724662475287914,-0.00017782319628167895,-0.0006220266222953796
2024-10-30T03:00:00Z,-7.609444,112.595556,0.0008738550823181868,-0.0002879953244701028,-0.000448806444182992
2024-10-30T06:00:00Z,-7.609444,112.595556,0.0008947107126004994,-0.0003848620399367064,-0.00036071176873520017
2024-10-30T09:00:00Z,-7.609444,112.595556,0.0009513059630990028,-0.00042332158773206174,-0.0003394130908418447
2024-10-30T12:00:00Z,-7.609444,112.595556,0.000953946029767394,-0.0005062834243290126,-0.0002778290363494307
2024-10-30T15:00:00Z,-7.609444,112.595556,0.0009344453574158252,-0.000564489746466279,-0.0003252449387218803
2024-10-30T18:00:00Z,-7.609444,112.595556,0.0008444178965874016,-0.0005711146513931453,-0.000377535616280511
2024-10-30T21:00:00Z,-7.609444,112.595556,0.0008513153879903257,-0.0005382276140153408,-0.00044516316847875714
2024-10-31T00:00:00Z,-7.609444,112.595556,0.0008458099910058081,-0.0005569665809161961,-0.000378571217879653
2024-10-31T03:00:00Z,-7.609444,112.595556,0.000893667689524591,-0.0006154486327432096,-0.000352266535628587
2024-10-31T06:00:00Z,-7.609444,112.595556,0.0008832354214973748,-0.0006593828438781202,-0.0003765615401789546
2024-10-31T09:00:00Z,-7.609444,112.595556,0.0008519889670424163,-0.0006638042978011072,-0.0004421801131684333
2024-10-31T12:00:00Z,-7.609444,112.595556,0.000808441371191293,-0.000734182889573276,-0.0005831331363879144
2024-10-31T15:00:00Z,-7.609444,112.595556,0.0008137650438584387,-0.0007844321080483496,-0.0006496026180684566
2024-10-31T18:00:00Z,-7.609444,112.595556,0.000767512887250632,-0.0007809426751919091,-0.000749522412661463
2024-10-31T21:00:00Z,-7.609444,112.595556,0.0007033449946902692,-0.0007512857555411756,-0.0009157450986094772
2024-11-01T00:00:00Z,-7.609444,112.595556,0.0006181965582072735,-0.0007373940898105502,-0.0010418253950774
2024-11-01T03:00:00Z,-7.609444,112.595556,0.0005553660448640585,-0.0007430023397319019,-0.0011314249131828
2024-11-01T06:00:00Z,-7.609444,112.595556,0.0004798784211743623,-0.0007527021807618439,-0.0012745792046189
2024-11-01T09:00:00Z,-7.609444,112.595556,0.0005144090391695499,-0.000791452475823462,-0.0012534504057839
2024-11-01T12:00:00Z,-7.609444,112.595556,0.00047783393529243767,-0.0008687502122484148,-0.0012352768098935
2024-11-01T15:00:00Z,-7.609444,112.595556,0.000473630556371063,-0.0008278946625068784,-0.001281144679524
2024-11-01T18:00:00Z,-7.609444,112.595556,0.00045177637366577983,-0.0007575181080028415,-0.0012390119954943
2024-11-01T21:00:00Z,-7.609444,112.595556,0.0004748602514155209,-0.0006598532781936228,-0.0012164323125034
2024-11-02T00:00:00Z,-7.609444,112.595556,0.0004269109922461212,-0.000605811714194715,-0.0013309497153386
2024-11-02T03:00:00Z,-7.609444,112.595556,0.0004442912468221039,-0.0005686546210199594,-0.0012842298019677
2024-11-02T06:00:00Z,-7.609444,112.595556,0.0004644534492399544,-0.0005404413677752018,-0.0012694362085312
2024-11-02T09:00:00Z,-7.609444,112.595556,0.000524790259078145,-0.0005722853820770979,-0.001197844161652
2024-11-02T12:00:00Z,-7.609444,112.595556,0.0005449628224596381,-0.0006505519850179553,-0.0011161455186083
2024-11-02T15:00:00Z,-7.609444,112.595556,0.0006092801340855658,-0.0006684372201561928,-0.001073800958693
2024-11-02T18:00:00Z,-7.609444,112.595556,0.000711312866769731,-0.0006703304243274033,-0.0009621611097827554
2024-11-02T21:00:00Z,-7.609444,112.595556,0.0008680183673277497,-0.0007427427917718887,-0.0008170021465048194
2024-11-03T00:00:00Z,-7.609444,112.595556,0.0009595291339792312,-0.000802825263235718,-0.0007233117357827723
2024-11-03T03:00:00Z,-7.609444,112.595556,0.0010712586808949,-0.0007838613237254322,-0.0007561279344372451
2024-11-03T06:00:00Z,-7.609444,112.595556,0.0011119174305349,-0.0007719804998487234,-0.0008228017832152545
2024-11-03T09:00:00Z,-7.609444,112.595556,0.0011896000942215,-0.0007973257452249527,-0.00092527101514861
2024-11-03T12:00:00Z,-7.609444,112.595556,0.0012151153059676,-0.0008511199848726392,-0.0010733358794823
2024-11-03T15:00:00Z,-7.609444,112.595556,0.0011753267608582,-0.0009070460218936204,-0.0011652938555926
2024-11-03T18:00:00Z,-7.609444,112.595556,0.0010963359382003,-0.0009346193401142956,-0.0012625983217731
2024-11-03T21:00:00Z,-7.609444,112.595556,0.0010261187562718,-0.0009268479770980776,-0.0013032220304012
2024-11-04T00:00:00Z,-7.609444,112.595556,0.0009086019126698376,-0.0008991362992674112,-0.0012879251735284
2024-11-04T03:00:00Z,-7.609444,112.595556,0.0008281550835818052,-0.0008327971445396543,-0.0012825314188376
2024-11-04T06:00:00Z,-7.609444,112.595556,0.0007424946525134146,-0.0007928802515380085,-0.0012259271461516
2024-11-04T09:00:00Z,-7.609444,112.595556,0.0007224371656775475,-0.0007889592088758945,-0.0011931010521948
2024-11-04T12:00:00Z,-7.609444,112.595556,0.0007433766149915755,-0.000836566265206784,-0.0011412933235988
2024-11-04T15:00:00Z,-7.609444,112.595556,0.0007893468136899173,-0.0008678900194354355,-0.0010999107034876
2024-11-04T18:00:00Z,-7.609444,112.595556,0.0008082262356765568,-0.0008987185428850353,-0.0011057149386033
2024-11-04T21:00:00Z,-7.609444,112.595556,0.0008274723659269512,-0.0009066404309123756,-0.0010947842383757
2024-11-05T00:00:00Z,-7.609444,112.595556,0.0007697864202782512,-0.0009220128413289784,-0.0011439251247793
2024-11-05T03:00:00Z,-7.609444,112.595556,0.0007477797335013747,-0.000977771240286529,-0.0010856841690838
2024-11-05T06:00:00Z,-7.609444,112.595556,0.0007398423622362316,-0.0010690072085708,-0.0010698341066017
2024-11-05T09:00:00Z,-7.609444,112.595556,0.0007309407810680568,-0.0012203132500872,-0.0009718877845443784
2024-11-05T12:00:00Z,-7.609444,112.595556,0.0007017134339548647,-0.0012649467680603,-0.0011043304111808
2024-11-05T15:00:00Z,-7.609444,112.595556,0.000709494692273438,-0.001295406022109,-0.001172641874291
2024-11-05T18:00:00Z,-7.609444,112.595556,0.0007371827377937734,-0.001338715897873,-0.0012084061745554
2024-11-05T21:00:00Z,-7.609444,112.595556,0.0008426483254879713,-0.0013430637773126,-0.0013079270720481
2024-11-06T00:00:00Z,-7.609444,112.595556,0.0008859960944391787,-0.0013753323582932,-0.0014905626885592
2024-11-06T03:00:00Z,-7.609444,112.595556,0.0010009765392169,-0.0013929806882515,-0.0015592483105137
2024-11-06T06:00:00Z,-7.609444,112.595556,0.0011463118717074,-0.0014713436830788,-0.001576951239258
2024-11-06T09:00:00Z,-7.609444,112.595556,0.0012612730497494,-0.0015051158843562,-0.0015073720132932
2024-11-06T12:00:00Z,-7.609444,112.595556,0.0013034023577347,-0.0014633409446105,-0.0016344921896234
2024-11-06T15:00:00Z,-7.609444,112.595556,0.0013704363955184,-0.0014298313762992,-0.0015535452403128
2024-11-06T18:00:00Z,-7.609444,112.595556,0.0014381599612534,-0.0014184088213369,-0.0014587200712412
2024-11-06T21:00:00Z,-7.609444,112.595556,0.0015372805064544,-0.0014633806422352,-0.0013719866983592
2024-11-07T00:00:00Z,-7.609444,112.595556,0.0015907855704426,-0.0014978118706494,-0.0013317123521119
2024-11-07T03:00:00Z,-7.609444,112.595556,0.0016595227643847,-0.0015222097281366,-0.0012560095638036
2024-11-07T06:00:00Z,-7.609444,112.595556,0.0017299352912232,-0.0015542359324172,-0.0012218287447467
2024-11-07T09:00:00Z,-7.609444,112.595556,0.0017913714982569,-0.0016073019942268,-0.0011403050739318
2024-11-07T12:00:00Z,-7.609444,112.595556,0.001861223950982,-0.0016683250432834,-0.0011604917235672
2024-11-07T15:00:00Z,-7.609444,112.595556,0.0019037678139284,-0.0017065609572455,-0.0011630512308329
2024-11-07T18:00:00Z,-7.609444,112.595556,0.0019014063291251,-0.0017321668565273,-0.0011526253074407
2024-11-07T21:00:00Z,-7.609444,112.595556,0.0019657858647406,-0.0017310271505266,-0.0010853245621547
2024-11-08T00:00:00Z,-7.609444,112.595556,0.0019860898610204,-0.0017127734608948,-0.0009922684403136373
2024-11-08T03:00:00Z,-7.609444,112.595556,0.0019633106421679,-0.0016895689768716,-0.000940440339036286
2024-11-08T06:00:00Z,-7.609444,112.595556,0.0018983101472258,-0.0016625769203528,-0.0009167969110421836
2024-11-08T09:00:00Z,-7.609444,112.595556,0.0018901641014963,-0.0016200714744627,-0.000871662690769881
2024-11-08T12:00:00Z,-7.609444,112.595556,0.0019095010356977,-0.0016327714547514,-0.000788766541518271
2024-11-08T15:00:00Z,-7.609444,112.595556,0.0019146333215758,-0.001586471684277,-0.0007628240273334086
2024-11-08T18:00:00Z,-7.609444,112.595556,0.0018380761612206,-0.0014862846583127,-0.0007822769111953676
2024-11-08T21:00:00Z,-7.609444,112.595556,0.001768258283846,-0.0013734421227127,-0.0007794689736329019
2024-11-09T00:00:00Z,-7.609444,112.595556,0.0016998504288494,-0.0012545342324301,-0.0007916151662357152
2024-11-09T03:00:00Z,-7.609444,112.595556,0.0015957433497533,-0.0011222690809518,-0.0008627218776382506
2024-11-09T06:00:00Z,-7.609444,112.595556,0.001445569563657,-0.0010606657015159,-0.0009509481023997068
2024-11-09T09:00:00Z,-7.609444,112.595556,0.00135492044501,-0.0009569035028107464,-0.0009849799098446963
2024-11-09T12:00:00Z,-7.609444,112.595556,0.0013220263645052,-0.0008945901063270867,-0.0009601989295333624
2024-11-09T15:00:00Z,-7.609444,112.595556,0.0013290336355566,-0.0008381848456338048,-0.000973567832261324
2024-11-09T18:00:00Z,-7.609444,112.595556,0.0012655137106776,-0.0007807188667356968,-0.0009093836997635664
2024-11-09T21:00:00Z,-7.609444,112.595556,0.001255321316421,-0.0007584540289826691,-0.0008874275954440236
2024-11-10T00:00:00Z,-7.609444,112.595556,0.0013083859812468,-0.000800768262706697,-0.0008838143548928201
2024-11-10T03:00:00Z,-7.609444,112.595556,0.0013214186765253,-0.000841061060782522,-0.0009077773429453372
2024-11-10T06:00:00Z,-7.609444,112.595556,0.0013008444802835,-0.000914315111003816,-0.0008678402518853545
2024-11-10T09:00:00Z,-7.609444,112.595556,0.0012728302972391,-0.0009917690185829997,-0.0009606843814253808
2024-11-10T12:00:00Z,-7.609444,112.595556,0.0012615477899089,-0.0010749826906248,-0.0009925755439326167
2024-11-10T15:00:00Z,-7.609444,112.595556,0.0013068638509139,-0.0011425092816352,-0.0009955127025023105
2024-11-10T18:00:00Z,-7.609444,112.595556,0.0012886143522337,-0.0012202057987451,-0.0008825275581330061
2024-11-10T21:00:00Z,-7.609444,112.595556,0.0013068102998659,-0.0012631349964067,-0.0007861992344260216
2024-11-11T00:00:00Z,-7.609444,112.595556,0.0013343249447643,-0.0012447834014892,-0.0007852909620851278
2024-11-11T03:00:00Z,-7.609444,112.595556,0.0013894306030124,-0.0011593784438446,-0.0007869192049838603
2024-11-11T06:00:00Z,-7.609444,112.595556,0.0014255840796977,-0.0010880397167056,-0.0007390165701508522
2024-11-11T09:00:00Z,-7.609444,112.595556,0.001476485049352,-0.0009625951061025262,-0.0007656762027181685
2024-11-11T12:00:00Z,-7.609444,112.595556,0.0015607805689796,-0.0008683499763719738,-0.0007391912513412535
2024-11-11T15:00:00Z,-7.609444,112.595556,0.0016213631024584,-0.0007644863799214363,-0.0007926849066279829
2024-11-11T18:00:00Z,-7.609444,112.595556,0.0015713237226009,-0.0006444694590754807,-0.0007885180530138314
2024-11-11T21:00:00Z,-7.609444,112.595556,0.0015828916803002,-0.0005775938625447452,-0.0008396025514230132
2024-11-12T00:00:00Z,-7.609444,112.595556,0.0016020534094423,-0.0004824460484087467,-0.0008315172744914889
2024-11-12T03:00:00Z,-7.609444,112.595556,0.0015775731299072,-0.0004422880883794278,-0.0008706246153451502
2024-11-12T06:00:00Z,-7.609444,112.595556,0.0015058164717629,-0.0005218753358349204,-0.0007347940700128675
2024-11-12T09:00:00Z,-7.609444,112.595556,0.0015309107257053,-0.0005823382525704801,-0.000584782159421593
2024-11-12T12:00:00Z,-7.609444,112.595556,0.0015757968649268,-0.0007742206216789782,-0.0003605183446779847
2024-11-12T15:00:00Z,-7.609444,112.595556,0.0015515014529228,-0.0009424248710274696,-0.000266685092356056
2024-11-12T18:00:00Z,-7.609444,112.595556,0.0014514740323647,-0.0010440989863127,-0.0002667684748303145
2024-11-12T21:00:00Z,-7.609444,112.595556,0.0014532197965309,-0.0011823929380625,-0.0001954029285116121
2024-11-13T00:00:00Z,-7.609444,112.595556,0.0014723017811775,-0.0013297437690198,-0.0001354980922769755
2024-11-13T03:00:00Z,-7.609444,112.595556,0.0014108824543654,-0.0014637910062447,-7.493032171623781e-05
2024-11-13T06:00:00Z,-7.609444,112.595556,0.0012723508989438,-0.0014998317928984,-4.58404392702505e-05
2024-11-13T09:00:00Z,-7.609444,112.595556,0.0012081357417628,-0.0015151752158999,-2.6184054149780422e-05
2024-11-13T12:00:00Z,-7.609444,112.595556,0.0011605799663811,-0.0015005036257207,4.6155582822393626e-05
2024-11-13T15:00:00Z,-7.609444,112.595556,0.0010780130978673,-0.0014222032623365,-1.835844523156993e-05
2024-11-13T18:00:00Z,-7.609444,112.595556,0.0009600755874998868,-0.0012951754033565,-8.84257024154067e-05
2024-11-13T21:00:00Z,-7.609444,112.595556,0.0009556597797200084,-0.0012843054719269,-8.008380245883018e-05
2024-11-14T00:00:00Z,-7.609444,112.595556,0.0009551685652695596,-0.0013323633465915,-7.597865624120459e-05
2024-11-14T03:00:00Z,-7.609444,112.595556,0.0009024153696373104,-0.0013636922230944,-0.00018314023327548057
2024-11-14T06:00:00Z,-7.609444,112.595556,0.0007951738662086427,-0.0014226954663172,-0.0002965062449220568
2024-11-14T09:00:00Z,-7.609444,112.595556,0.0007474581361748278,-0.0015038339188322,-0.0003964463248848915
2024-11-14T12:00:00Z,-7.609444,112.595556,0.0006672177696600556,-0.0016333118546754,-0.00040115267620421946
2024-11-14T15:00:00Z,-7.609444,112.595556,0.0005696697044186294,-0.0017766704550012,-0.0004787361540365964
2024-11-14T18:00:00Z,-7.609444,112.595556,0.0004891246207989752,-0.0018609116086736,-0.0005278505268506706
2024-11-14T21:00:00Z,-7.609444,112.595556,0.0004277999396435917,-0.0019805443007498,-0.000459893315564841
2024-11-15T00:00:00Z,-7.609444,112.595556,0.000397554220398888,-0.0020651167724281,-0.0005233673145994544
2024-11-15T03:00:00Z,-7.609444,112.595556,0.000436714879469946,-0.0021786198485642,-0.0005127788172103465
2024-11-15T06:00:00Z,-7.609444,112.595556,0.00043423823080956936,-0.0022530849091708,-0.0004927595146000385
2024-11-15T09:00:00Z,-7.609444,112.595556,0.0005034290952607989,-0.0023231585510075,-0.0004788441874552518
2024-11-15T12:00:00Z,-7.609444,112.595556,0.0005893185152672231,-0.002423993544653,-0.0003896322741638869
2024-11-15T15:00:00Z,-7.609444,112.595556,0.0006985781947150826,-0.0024730772711336,-0.000350076676113531
2024-11-15T18:00:00Z,-7.609444,112.595556,0.0007025731028988957,-0.0023858696222305,-0.0003946258220821619
2024-11-15T21:00:00Z,-7.609444,112.595556,0.0007015503360889852,-0.0022750254720449,-0.0004657631798181683
2024-11-16T00:00:00Z,-7.609444,112.595556,0.0006570391706191003,-0.0021023177541792,-0.0006295148632489145
2024-11-16T03:00:00Z,-7.609444,112.595556,0.0006042381282895803,-0.0019064850639551,-0.000708695559296757
2024-11-16T06:00:00Z,-7.609444,112.595556,0.0005275000003166497,-0.0017120074480772,-0.0007811019895598292
2024-11-16T09:00:00Z,-7.609444,112.595556,0.0005165610928088427,-0.0015843852888792,-0.0006868041236884892
2024-11-16T12:00:00Z,-7.609444,112.595556,0.0004758658760692924,-0.0014390796422958,-0.0006835998501628637
2024-11-16T15:00:00Z,-7.609444,112.595556,0.0004103230021428317,-0.001254335977137,-0.0007169662276282907
2024-11-16T18:00:00Z,-7.609444,112.595556,0.000307575857732445,-0.0009783146670088172,-0.0007864871877245605
2024-11-16T21:00:00Z,-7.609444,112.595556,0.00030534554389305413,-0.0008506335434503853,-0.0008235182613134384
2024-11-17T00:00:00Z,-7.609444,112.595556,0.0002813437022268772,-0.0007583044352941215,-0.0009542429470457136
2024-11-17T03:00:00Z,-7.609444,112.595556,0.00026661870651878417,-0.0006634579040110111,-0.0011251688702031
2024-11-17T06:00:00Z,-7.609444,112.595556,0.0002234582789242268,-0.0005621995660476387,-0.0012445229804143
2024-11-17T09:00:00Z,-7.609444,112.595556,0.0002004992711590603,-0.0005027037113904953,-0.0014558770926669
2024-11-17T12:00:00Z,-7.609444,112.595556,0.00016128642891999334,-0.000486442178953439,-0.0015835034428164
2024-11-17T15:00:00Z,-7.609444,112.595556,6.629617564613e-05,-0.0004057423211634159,-0.0016442647902294
2024-11-17T18:00:00Z,-7.609444,112.595556,1.3335550647752823e-05,-0.00032143370481207967,-0.0017657853895798
2024-11-17T21:00:00Z,-7.609444,112.595556,9.709765436127782e-05,-0.0003353416977915913,-0.0016657566884532
2024-11-18T00:00:00Z,-7.609444,112.595556,0.00016262209101114422,-0.00032742178882472217,-0.0016549435677006
2024-11-18T03:00:00Z,-7.609444,112.595556,0.00017665054474491626,-0.0002957529795821756,-0.0016959004569798
2024-11-18T06:00:00Z,-7.609444,112.595556,0.0001910425053210929,-0.0002752890286501497,-0.0017749924445524
2024-11-18T09:00:00Z,-7.609444,112.595556,0.00032615932286717,-0.0003266934654675424,-0.0017580392304807
2024-11-18T12:00:00Z,-7.609444,112.595556,0.0004496331384871155,-0.0004544605908449739,-0.0016568069113418
2024-11-18T15:00:00Z,-7.609444,112.595556,0.0004548035212792456,-0.0004950494039803743,-0.0016441384796053
2024-11-18T18:00:00Z,-7.609444,112.595556,0.00046078921877779067,-0.0005901998956687748,-0.0016603837721049
2024-11-18T21:00:00Z,-7.609444,112.595556,0.0005540148704312742,-0.0007302906014956534,-0.0016737354453653
2024-11-19T00:00:00Z,-7.609444,112.595556,0.0005708231474272907,-0.0008397161145694554,-0.0014701480977237
2024-11-19T03:00:00Z,-7.609444,112.595556,0.0005930843763053417,-0.0009263926185667516,-0.0012571801198646
2024-11-19T06:00:00Z,-7.609444,112.595556,0.0005727976677007973,-0.0010447221575304,-0.0011801446089521
2024-11-19T09:00:00Z,-7.609444,112.595556,0.0005813849275000393,-0.0011861219536513,-0.0010666211601346
2024-11-19T12:00:00Z,-7.609444,112.595556,0.0006354495999403298,-0.0013672597706317,-0.0007882434292696416
2024-11-19T15:00:00Z,-7.609444,112.595556,0.000642871658783406,-0.0014860922237858,-0.0006185857928358018
2024-11-19T18:00:00Z,-7.609444,112.595556,0.0006762515404261649,-0.0015590153634548,-0.0004289502685423941
2024-11-19T21:00:00Z,-7.609444,112.595556,0.0006847202312201262,-0.0016286424361169,-0.0002500580158084631
2024-11-20T00:00:00Z,-7.609444,112.595556,0.0005888875457458198,-0.0016498357290402,-0.00014468663721345365
2024-11-20T03:00:00Z,-7.609444,112.595556,0.0005494531360454857,-0.0016883153002709,-3.136380109935999e-05
2024-11-20T06:00:00Z,-7.609444,112.595556,0.0004337198624853045,-0.0017601213185116,0.0001123848051065579
2024-11-20T09:00:00Z,-7.609444,112.595556,0.0003237589553464204,-0.0018441184656694,0.0002554231032263488
2024-11-20T12:00:00Z,-7.609444,112.595556,0.0002474777866154909,-0.0019692422356456,0.0004406972439028322
2024-11-20T15:00:00Z,-7.609444,112.595556,0.00019056959718000144,-0.0020516270305961,0.0006351085612550378
2024-11-20T18:00:00Z,-7.609444,112.595556,0.0001748071372276172,-0.0021032560616731,0.0007633455097675323
2024-11-20T21:00:00Z,-7.609444,112.595556,0.00014467492292169482,-0.0021756957285106,0.0008711699629202485
2024-11-21T00:00:00Z,-7.609444,112.595556,0.00012435972166713327,-0.0022546546533703,0.0008486491860821843
2024-11-21T03:00:00Z,-7.609444,112.595556,0.00012325918942224234,-0.0022655094508081,0.0007680966518819332
2024-11-21T06:00:00Z,-7.609444,112.595556,2.6291294489055872e-05,-0.0022693632636219,0.0006782527780160308
2024-11-21T09:00:00Z,-7.609444,112.595556,-2.8068216124665923e-05,-0.0023033139295876,0.0006316860672086477
2024-11-21T12:00:00Z,-7.609444,112.595556,-0.00012427773617673665,-0.002272916259244,0.0005039605894125998
2024-11-21T15:00:00Z,-7.609444,112.595556,-0.00022362539311870933,-0.0022364223841577,0.00038086570566520095
2024-11-21T18:00:00Z,-7.609444,112.595556,-0.00024118393776007,-0.0022777253761887,0.0003558483731467277
2024-11-21T21:00:00Z,-7.609444,112.595556,-0.0002182774915127084,-0.0024170684628188,0.0003582803183235228
2024-11-22T00:00:00Z,-7.609444,112.595556,-0.0002007609436986968,-0.002556504914537,0.0003970694378949702
2024-11-22T03:00:00Z,-7.609444,112.595556,-0.00010100075451191516,-0.0027011588681489,0.0003444379544816911
2024-11-22T06:00:00Z,-7.609444,112.595556,-1.2754885574395304e-05,-0.0028516701422631,0.00035962965921498835
2024-11-22T09:00:00Z,-7.609444,112.595556,0.0001386363583151251,-0.0030191775877028,0.0003429157368373126
2024-11-22T12:00:00Z,-7.609444,112.595556,0.0003088965604547411,-0.0031967819668352,0.0003215443866793066
2024-11-22T15:00:00Z,-7.609444,112.595556,0.0004945133114233613,-0.0033395362552255,0.00034239282831549644
2024-11-22T18:00:00Z,-7.609444,112.595556,0.0006704003899358213,-0.0034646987915039,0.00028936739545315504
2024-11-22T21:00:00Z,-7.609444,112.595556,0.0008652255637571216,-0.0036015335936099,0.00024980492889881134
2024-11-23T00:00:00Z,-7.609444,112.595556,0.0010207205777987,-0.0037265536375343,0.0001727287017274648
2024-11-23T03:00:00Z,-7.609444,112.595556,0.0011449535377323,-0.0037753924261778,5.9096451877849177e-05
2024-11-23T06:00:00Z,-7.609444,112.595556,0.0012491586385294,-0.0037811691872775,3.4675489587243646e-05
2024-11-23T09:00:00Z,-7.609444,112.595556,0.001394780119881,-0.0038202397990971,-5.3518073400482535e-05
2024-11-23T12:00:00Z,-7.609444,112.595556,0.0015444384189322,-0.0038470216095447,-1.8856981114367954e-05
2024-11-23T15:00:00Z,-7.609444,112.595556,0.0016670956974849,-0.0038819296751171,-5.814167161588557e-05
2024-11-23T18:00:00Z,-7.609444,112.595556,0.0017410711152479,-0.0038693484384566,-4.538629582384601e-05
2024-11-23T21:00:00Z,-7.609444,112.595556,0.001836119336076,-0.0038902484811842,-7.763171743135899e-05
2024-11-24T00:00:00Z,-7.609444,112.595556,0.0018915551481768,-0.0039249793626368,-0.0001516688207630068
2024-11-24T03:00:00Z,-7.609444,112.595556,0.0019312882795929,-0.0039498079568147,-0.00019490531121846288
2024-11-24T06:00:00Z,-7.609444,112.595556,0.0018540610326454,-0.0040298579260706,-0.00030056058312766254
2024-11-24T09:00:00Z,-7.609444,112.595556,0.0018390283221378,-0.0040954742580652,-0.0003137883613817394
2024-11-24T12:00:00Z,-7.609444,112.595556,0.0018321998650208,-0.0041177435778081,-0.0002115442766807973
2024-11-24T15:00:00Z,-7.609444,112.595556,0.001735629630275,-0.0040892888791859,1.4205637853592634e-05
2024-11-24T18:00:00Z,-7.609444,112.595556,0.0016217271331697,-0.0039845793507993,9.543220221530646e-05
2024-11-24T21:00:00Z,-7.609444,112.595556,0.0015922255115583,-0.0039390563033521,0.00017067149747163057
2024-11-25T00:00:00Z,-7.609444,112.595556,0.0015738391084596,-0.0039052080828696,0.0002738949842751026
2024-11-25T03:00:00Z,-7.609444,112.595556,0.0015471649821847,-0.0038602869026362,0.0004500963259488344
2024-11-25T06:00:00Z,-7.609444,112.595556,0.0014595384709537,-0.0038151813205331,0.0005317595787346363
2024-11-25T09:00:00Z,-7.609444,112.595556,0.0014354288578033,-0.0037071323022246,0.000604267988819629
2024-11-25T12:00:00Z,-7.609444,112.595556,0.0014300656039267,-0.0036127674393355,0.0006558851455338299
2024-11-25T15:00:00Z,-7.609444,112.595556,0.0012877122499048,-0.0034445247147232,0.000695022928994149
2024-11-25T18:00:00Z,-7.609444,112.595556,0.0012308934237807,-0.0033506681211292,0.0007424138020724058
2024-11-25T21:00:00Z,-7.609444,112.595556,0.0012741892132908,-0.0033511840738356,0.0007579770172014832
2024-11-26T00:00:00Z,-7.609444,112.595556,0.0012795778457075,-0.0033050894271582,0.0008161672740243375
2024-11-26T03:00:00Z,-7.609444,112.595556,0.0013068636180832,-0.0032411678694188,0.0009665352990850806
2024-11-26T06:00:00Z,-7.609444,112.595556,0.0012728370493277,-0.0031681882683187,0.0010214382782578
2024-11-26T09:00:00Z,-7.609444,112.595556,0.0013350925873965,-0.003061695722863,0.0010675356024876
2024-11-26T12:00:00Z,-7.609444,112.595556,0.0014087809249758,-0.0030084960162639,0.0009928332874551415
2024-11-26T15:00:00Z,-7.609444,112.595556,0.0013745250180363,-0.0029474368784576,0.0008276149746961892
2024-11-26T18:00:00Z,-7.609444,112.595556,0.0013941576471552,-0.002943875035271,0.0007128219003789127
2024-11-26T21:00:00Z,-7.609444,112.595556,0.0014523300342261,-0.0028973584994673,0.0007202131091617048
2024-11-27T00:00:00Z,-7.609444,112.595556,0.0014094398356974,-0.0028249900788068,0.0006457817507907748
2024-11-27T03:00:00Z,-7.609444,112.595556,0.0013581138337031,-0.0027413233183324,0.0004638399404939264
2024-11-27T06:00:00Z,-7.609444,112.595556,0.0013119600480422,-0.0026956275105476,0.0004635699442587793
2024-11-27T09:00:00Z,-7.609444,112.595556,0.0013696592068299,-0.0026790257543325,0.0005459478707052767
2024-11-27T12:00:00Z,-7.609444,112.595556,0.0014593104133382,-0.0027610710822045,0.000656606222037226
2024-11-27T15:00:00Z,-7.609444,112.595556,0.0015249357093125,-0.0028097096364945,0.0005536278476938605
2024-11-27T18:00:00Z,-7.609444,112.595556,0.0015850778436288,-0.0027904838789254,0.0005486098234541714
2024-11-27T21:00:00Z,-7.609444,112.595556,0.0017091418849304,-0.0027885208837687,0.0005325090023688972
2024-11-28T00:00:00Z,-7.609444,112.595556,0.0017464461270719,-0.0027959293220192,0.00042044909787364304
2024-11-28T03:00:00Z,-7.609444,112.595556,0.0017456900095567,-0.0027633812278509,0.0002624346525408328
2024-11-28T06:00:00Z,-7.609444,112.595556,0.0017059388337656,-0.0027649169787764,0.0002748568367678672
2024-11-28T09:00:00Z,-7.609444,112.595556,0.0016865900252014,-0.0027415093500167,0.00025172156165353954
2024-11-28T12:00:00Z,-7.609444,112.595556,0.0016981331864371,-0.002696405397728,0.0004197555535938591
2024-11-28T15:00:00Z,-7.609444,112.595556,0.0016958626220002,-0.0026448466815054,0.0005898341187275946
2024-11-28T18:00:00Z,-7.609444,112.595556,0.001779043348506,-0.002651352668181,0.0008762698853388429
2024-11-28T21:00:00Z,-7.609444,112.595556,0.0019252568017691,-0.0027367980219423,0.0011147438781335
2024-11-29T00:00:00Z,-7.609444,112.595556,0.0020381819922477,-0.0027864638250321,0.0013023188803344
2024-11-29T03:00:00Z,-7.609444,112.595556,0.0021867114119231,-0.0028099324554204,0.001476505305618
2024-11-29T06:00:00Z,-7.609444,112.595556,0.0022221561521291,-0.0028199949301779,0.0015838834224268
2024-11-29T09:00:00Z,-7.609444,112.595556,0.0022665390279144,-0.0027570792008191,0.0015986934304237
2024-11-29T12:00:00Z,-7.609444,112.595556,0.002349836518988,-0.0027424492873251,0.0018183523789048
2024-11-29T15:00:00Z,-7.609444,112.595556,0.00237637758255,-0.0026505242567509,0.0019632435869425
2024-11-29T18:00:00Z,-7.609444,112.595556,0.0023600819986313,-0.0025834706611931,0.002059772145003
2024-11-29T21:00:00Z,-7.609444,112.595556,0.0024077615235,-0.0025412999093532,0.0022157973144203
2024-11-30T00:00:00Z,-7.609444,112.595556,0.0024864773731678,-0.0025343142915517,0.0022886903025209
2024-11-30T03:00:00Z,-7.609444,112.595556,0.0025434403214603,-0.0025073520373553,0.0024164982605725
2024-11-30T06:00:00Z,-7.609444,112.595556,0.0025035270955413,-0.0024464330635964,0.0025122468359768
2024-11-30T09:00:00Z,-7.609444,112.595556,0.0024798701051622,-0.0024226636160165,0.0025189388543367
2024-11-30T12:00:00Z,-7.609444,112.595556,0.0025123280938714,-0.0024551367387175,0.0026654154062271
2024-11-30T15:00:00Z,-7.609444,112.595556,0.0024761329405009,-0.0023840849753469,0.0027127140201628
2024-11-30T18:00:00Z,-7.609444,112.595556,0.0023482793476432,-0.002384620020166,0.0027153897099196
2024-11-30T21:00:00Z,-7.609444,112.595556,0.0022039671894162,-0.0023638710845261,0.0025460340548306
2024-12-01T00:00:00Z,-7.609444,112.595556,0.002080088481307,-0.0023692925460636,0.0025049215182662
2024-12-01T03:00:00Z,-7.609444,112.595556,0.0019628028385341,-0.0023438965436071,0.0024467855691909
2024-12-01T06:00:00Z,-7.609444,112.595556,0.0017676753923296,-0.0022602977696806,0.0024456481914967
2024-12-01T09:00:00Z,-7.609444,112.595556,0.0016224753344431,-0.0022038868628442,0.0024595661088824
2024-12-01T12:00:00Z,-7.609444,112.595556,0.0015372191555798,-0.0021734186448156,0.0025929834228008
2024-12-01T15:00:00Z,-7.609444,112.595556,0.0014161182334646,-0.0020615125540643,0.0025163856334984
2024-12-01T18:00:00Z,-7.609444,112.595556,0.0012636997271329,-0.0019466294907033,0.0025736088864505
2024-12-01T21:00:00Z,-7.609444,112.595556,0.0012099458836019,-0.0018250321736559,0.0025347019545733
2024-12-02T00:00:00Z,-7.609444,112.595556,0.0011823852546513,-0.0016506002284586,0.0024056469555944
2024-12-02T03:00:00Z,-7.609444,112.595556,0.0011292224517092,-0.0015280205989256,0.0023561986163258
2024-12-02T06:00:00Z,-7.609444,112.595556,0.00109610252548,-0.001439161482267,0.0021791229955852
2024-12-02T09:00:00Z,-7.609444,112.595556,0.0010825198842212,-0.0013703330187126,0.0021243439987301
2024-12-02T12:00:00Z,-7.609444,112.595556,0.0010903154034167,-0.0013206533621996,0.002025039633736
2024-12-02T15:00:00Z,-7.609444,112.595556,0.0010565483244135,-0.0012080722954124,0.0019292023498564
2024-12-02T18:00:00Z,-7.609444,112.595556,0.0010099819628521,-0.0011517365928739,0.0018954894039779
2024-12-02T21:00:00Z,-7.609444,112.595556,0.0010285296011716,-0.0010989080183207,0.001833488815464
2024-12-03T00:00:00Z,-7.609444,112.595556,0.0010557965142652,-0.0010598192457109,0.0017956512747332
2024-12-03T03:00:00Z,-7.609444,112.595556,0.0010685205925256,-0.000974573427811265,0.001806708634831
2024-12-03T06:00:00Z,-7.609444,112.595556,0.0010712526272982,-0.0009867281187325716,0.0018374886130914
2024-12-03T09:00:00Z,-7.609444,112.595556,0.0011481813853606,-0.0010163596598431,0.0017144507728517
2024-12-03T12:00:00Z,-7.609444,112.595556,0.0012874632375314,-0.0011013952316716,0.0017225155606865
2024-12-03T15:00:00Z,-7.609444,112.595556,0.0013787086354568,-0.0011195874540135,0.0017466262215748
2024-12-03T18:00:00Z,-7.609444,112.595556,0.001417412655428,-0.0010885164374485,0.001698893494904
2024-12-03T21:00:00Z,-7.609444,112.595556,0.0015165965305641,-0.001001825556159,0.0016791637754067
2024-12-04T00:00:00Z,-7.609444,112.595556,0.0016024530632421,-0.000952652539126575,0.0016332896193489
2024-12-04T03:00:00Z,-7.609444,112.595556,0.0016855015419423,-0.0008468625601381063,0.0016478315228596
2024-12-04T06:00:00Z,-7.609444,112.595556,0.0016657650703564,-0.0007979581132531166,0.0015990443062037
2024-12-04T09:00:00Z,-7.609444,112.595556,0.0017541960114613,-0.000765163276810199,0.0015238795895129
2024-12-04T12:00:00Z,-7.609444,112.595556,0.0019197280053049,-0.0008057889644987881,0.0015252315206453
2024-12-04T15:00:00Z,-7.609444,112.595556,0.0019923592917621,-0.0007675192318856716,0.0016224338905885
2024-12-04T18:00:00Z,-7.609444,112.595556,0.0019632785115391,-0.0007037591421976686,0.0014953691279515
2024-12-04T21:00:00Z,-7.609444,112.595556,0.0020264179911464,-0.00071093684528023,0.0015184527728706
2024-12-05T00:00:00Z,-7.609444,112.595556,0.0020870636217296,-0.0007312230882234871,0.001458570593968
2024-12-05T03:00:00Z,-7.609444,112.595556,0.0020995009690523,-0.0007658738177269697,0.0014203180326148
2024-12-05T06:00:00Z,-7.609444,112.595556,0.0020496812649071,-0.0008256783476099372,0.00140770629514
2024-12-05T09:00:00Z,-7.609444,112.595556,0.0020876408088952,-0.0009181552450172604,0.0012793038040399
2024-12-05T12:00:00Z,-7.609444,112.595556,0.0021378381643444,-0.001043330063112,0.0013440549373626
2024-12-05T15:00:00Z,-7.609444,112.595556,0.0021395136136561,-0.0010569721926003,0.0012758783996105
2024-12-05T18:00:00Z,-7.609444,112.595556,0.0020997594110667,-0.0011188618373125,0.0012588828103616
2024-12-05T21:00:00Z,-7.609444,112.595556,0.0021311119198799,-0.0012139928294345,0.0012969383969902
2024-12-06T00:00:00Z,-7.609444,112.595556,0.0021156244911253,-0.0012836486566811,0.0012509248917922
2024-12-06T03:00:00Z,-7.609444,112.595556,0.0020687184296548,-0.0012476939009502,0.0010904321679845
2024-12-06T06:00:00Z,-7.609444,112.595556,0.0019654773641377,-0.0012342580594122,0.0008863481925800443
2024-12-06T09:00:00Z,-7.609444,112.595556,0.0019892163109034,-0.0012383740395307,0.000834009435493499
2024-12-06T12:00:00Z,-7.609444,112.595556,0.0020474994089454,-0.0012858797563239,0.000903977546840906
2024-12-06T15:00:00Z,-7.609444,112.595556,0.0021481704898178,-0.0013390560634434,0.0010696422541514
2024-12-06T18:00:00Z,-7.609444,112.595556,0.0022575303446501,-0.0013532682787626,0.0010228637838736
2024-12-06T21:00:00Z,-7.609444,112.595556,0.0023991256020963,-0.0013229988981038,0.0008986087632365525
2024-12-07T00:00:00Z,-7.609444,112.595556,0.0024908857885748,-0.0012855406384915,0.0008598392596468329
2024-12-07T03:00:00Z,-7.609444,112.595556,0.0025818543508648,-0.0011582152219489,0.000745551020372659
2024-12-07T06:00:00Z,-7.609444,112.595556,0.0025813665706664,-0.001059275935404,0.0006598693435080349
2024-12-07T09:00:00Z,-7.609444,112.595556,0.0026341776829212,-0.0009797957027330997,0.0006001327419653535
2024-12-07T12:00:00Z,-7.609444,112.595556,0.0027281793300062,-0.0009447017800994216,0.0005287667736411095
2024-12-07T15:00:00Z,-7.609444,112.595556,0.0027467170730233,-0.0008708240929991007,0.0005091226194053888
2024-12-07T18:00:00Z,-7.609444,112.595556,0.0027153242845088,-0.0007052517612464726,0.00044186392915435135
2024-12-07T21:00:00Z,-7.609444,112.595556,0.0027457657270133,-0.0005632149986922741,0.0003882357850670815
2024-12-08T00:00:00Z,-7.609444,112.595556,0.0027943607419729,-0.0005520080449059606,0.0004230345075484365
2024-12-08T03:00:00Z,-7.609444,112.595556,0.0028683536220341,-0.0005646813660860062,0.0005107306060381234
2024-12-08T06:00:00Z,-7.609444,112.595556,0.0027736411429941,-0.000536132778506726,0.0004861153138335794
2024-12-08T09:00:00Z,-7.609444,112.595556,0.0027005032170563,-0.0005954646039754152,0.00040536862798035145
2024-12-08T12:00:00Z,-7.609444,112.595556,0.0027157922741025,-0.0007483455119654536,0.0005311690620146692
2024-12-08T15:00:00Z,-7.609444,112.595556,0.0026670608203858,-0.0008302830392494798,0.0007618121453560889
2024-12-08T18:00:00Z,-7.609444,112.595556,0.0025011240504682,-0.0008721474441699684,0.0008347105467692018
2024-12-08T21:00:00Z,-7.609444,112.595556,0.0024757136125117,-0.0009959405288100245,0.0008981145219877362
2024-12-09T00:00:00Z,-7.609444,112.595556,0.0025606809649616,-0.0012020393041893,0.0010895746527239
2024-12-09T03:00:00Z,-7.609444,112.595556,0.0026313974522054,-0.0013494758168235,0.0011122269788756
2024-12-09T06:00:00Z,-7.609444,112.595556,0.0025405536871403,-0.00142836663872,0.0011360642965883
2024-12-09T09:00:00Z,-7.609444,112.595556,0.0024746609851717,-0.0015082664322108,0.0010735089890658
2024-12-09T12:00:00Z,-7.609444,112.595556,0.002499216934666,-0.0016921650385484,0.0012261645169928
2024-12-09T15:00:00Z,-7.609444,112.595556,0.0025048598181456,-0.0017907152650877,0.0013042880455031
2024-12-09T18:00:00Z,-7.609444,112.595556,0.0024089310318231,-0.0018721852684393,0.0014314455911517
2024-12-09T21:00:00Z,-7.609444,112.595556,0.0023364196531474,-0.0019617928192019,0.0015287402784451
2024-12-10T00:00:00Z,-7.609444,112.595556,0.0022871445398777,-0.0020182500593364,0.0016776936827227
2024-12-10T03:00:00Z,-7.609444,112.595556,0.0022369972430169,-0.0020029123406857,0.001565070124343
2024-12-10T06:00:00Z,-7.609444,112.595556,0.0020804849918931,-0.0019423349294811,0.001548055675812
2024-12-10T09:00:00Z,-7.609444,112.595556,0.001968155382201,-0.0018725155387073,0.0015634517185389
2024-12-10T12:00:00Z,-7.609444,112.595556,0.001942713279277,-0.0019472661660984,0.0015990115934982
2024-12-10T15:00:00Z,-7.609444,112.595556,0.0018918421119451,-0.0019264387665316,0.0014937565429136
2024-12-10T18:00:00Z,-7.609444,112.595556,0.0018235236639156,-0.0017993982182815,0.0014928821474313
2024-12-10T21:00:00Z,-7.609444,112.595556,0.0017858094070106,-0.0016067195683717,0.0015671814326196
2024-12-11T00:00:00Z,-7.609444,112.595556,0.0017165166791528,-0.0014061147812753,0.0015575786819681
2024-12-11T03:00:00Z,-7.609444,112.595556,0.0016428034286946,-0.0011606020852923,0.0013144463300704
2024-12-11T06:00:00Z,-7.609444,112.595556,0.0015382413985207,-0.0009624786325730384,0.001253101741895
2024-12-11T09:00:00Z,-7.609444,112.595556,0.0014395319158211,-0.0007808135123923421,0.0013051608111709
2024-12-11T12:00:00Z,-7.609444,112.595556,0.0013878133613616,-0.0006493075052276254,0.0013686552410945
2024-12-11T15:00:00Z,-7.609444,112.595556,0.0012873184168711,-0.00041683961171656847,0.0012718774378299
2024-12-11T18:00:00Z,-7.609444,112.595556,0.0011687423102557,-0.00010276837565470488,0.0012342837871983
2024-12-11T21:00:00Z,-7.609444,112.595556,0.0011396398767828,0.00012994032294955105,0.0012613472063094
2024-12-12T00:00:00Z,-7.609444,112.595556,0.00113030616194,0.00031182149541564286,0.0012375193182379
2024-12-12T03:00:00Z,-7.609444,112.595556,0.0010921043576672,0.0005019266973249614,0.0010479531483724
2024-12-12T06:00:00Z,-7.609444,112.595556,0.001001282595098,0.0006753207417204976,0.0009127569501288236
2024-12-12T09:00:00Z,-7.609444,112.595556,0.0009840581333264709,0.0008037666557356715,0.0008557334076613188
2024-12-12T12:00:00Z,-7.609444,112.595556,0.0009320392273366452,0.0009066985221579672,0.0007510748109780252
2024-12-12T15:00:00Z,-7.609444,112.595556,0.0008473566849716008,0.0010635833023115,0.000627807283308357
2024-12-12T18:00:00Z,-7.609444,112.595556,0.0007464682566933334,0.0011160559952259,0.0006003727903589606
2024-12-12T21:00:00Z,-7.609444,112.595556,0.0007982555544003844,0.0010772885289043,0.0007074567256495357
2024-12-13T00:00:00Z,-7.609444,112.595556,0.0008755247690714896,0.0010237244423478,0.0007287911721505225
2024-12-13T03:00:00Z,-7.609444,112.595556,0.0009654040331952274,0.001003217883408,0.0008316765306517482
2024-12-13T06:00:00Z,-7.609444,112.595556,0.0009672794258221984,0.0009805922163650391,0.0008068734896369278
2024-12-13T09:00:00Z,-7.609444,112.595556,0.0010371942771598,0.0010032599093392,0.0008069999748840928
2024-12-13T12:00:00Z,-7.609444,112.595556,0.0011733592255041,0.0009008758934214712,0.0008487087907269597
2024-12-13T15:00:00Z,-7.609444,112.595556,0.0012045118492096,0.0008736021700315177,0.0007822184707038105
2024-12-13T18:00:00Z,-7.609444,112.595556,0.0012021258007735,0.0008242772310040891,0.000740141374990344
2024-12-13T21:00:00Z,-7.609444,112.595556,0.001240182085894,0.0007800451712682843,0.0006840794230811298
2024-12-14T00:00:00Z,-7.609444,112.595556,0.0012459867866709,0.0007664557779207826,0.0005919181858189404
2024-12-14T03:00:00Z,-7.609444,112.595556,0.0012734628980979,0.0008357714978046715,0.0005218085716478527
2024-12-14T06:00:00Z,-7.609444,112.595556,0.0012383195571601,0.0008298115571960807,0.0005705459043383598
2024-12-14T09:00:00Z,-7.609444,112.595556,0.0012760101817548,0.0008292219717986882,0.0006998386234045029
2024-12-14T12:00:00Z,-7.609444,112.595556,0.0013579414226114,0.0008054014178924263,0.0007665575831197202
2024-12-14T15:00:00Z,-7.609444,112.595556,0.0013893451541662,0.000810203782748431,0.0007269427296705544
2024-12-14T18:00:00Z,-7.609444,112.595556,0.0014270641840994,0.0008310251869261265,0.0007217758102342486
2024-12-14T21:00:00Z,-7.609444,112.595556,0.0015456636901944,0.0007951688021421432,0.000668938853777945
2024-12-15T00:00:00Z,-7.609444,112.595556,0.0016362842870876,0.0007244535954669118,0.0006266199634410441
2024-12-15T03:00:00Z,-7.609444,112.595556,0.001707800081931,0.0006730734603479505,0.0005250076064839959
2024-12-15T06:00:00Z,-7.609444,112.595556,0.0016996847698464,0.0005217682337388396,0.0005795879987999797
2024-12-15T09:00:00Z,-7.609444,112.595556,0.0017702027689665,0.0003771776973735541,0.0006106465589255095
2024-12-15T12:00:00Z,-7.609444,112.595556,0.0017925915308296,0.000248725846176967,0.0007134288316592574
2024-12-15T15:00:00Z,-7.609444,112.595556,0.001769927679561,0.00017942751583177596,0.0007903260411694646
2024-12-15T18:00:00Z,-7.609444,112.595556,0.0017818317282944,7.621358963660896e-05,0.0008142795995809138
2024-12-15T21:00:00Z,-7.609444,112.595556,0.0018765478162094,-9.036312258103862e-05,0.0009317671647295356
2024-12-16T00:00:00Z,-7.609444,112.595556,0.0019616768695414,-0.00029570478363893926,0.0009452882222831248
2024-12-16T03:00:00Z,-7.609444,112.595556,0.0019934242591261,-0.0005024495767429471,0.0009437036933377384
2024-12-16T06:00:00Z,-7.609444,112.595556,0.0019960226491093,-0.0006547099910676479,0.0009374619112350048
2024-12-16T09:00:00Z,-7.609444,112.595556,0.0020254494156688,-0.0007749587530270219,0.0009409232879988848
2024-12-16T12:00:00Z,-7.609444,112.595556,0.0019905753433704,-0.0008172821835614741,0.0009293053299188614
2024-12-16T15:00:00Z,-7.609444,112.595556,0.0018425482558086,-0.0008318567415699363,0.000880090577993542
2024-12-16T18:00:00Z,-7.609444,112.595556,0.0017082145204767,-0.0008394194301217794,0.0007712708902545273
2024-12-16T21:00:00Z,-7.609444,112.595556,0.0017242649337276,-0.0008697981829755008,0.0007804866181686521
2024-12-17T00:00:00Z,-7.609444,112.595556,0.0016422107582911,-0.0008798224735073745,0.000852116325404495
2024-12-17T03:00:00Z,-7.609444,112.595556,0.0015655240276828,-0.0008463627309538424,0.0008485473226755857
2024-12-17T06:00:00Z,-7.609444,112.595556,0.0014824512181803,-0.0008440652163699269,0.0008906898437999189
2024-12-17T09:00:00Z,-7.609444,112.595556,0.0014609559439122,-0.0008673582342453301,0.0008146832697093487
2024-12-17T12:00:00Z,-7.609444,112.595556,0.0014421297237277,-0.0009619442862458528,0.000912987336050719
2024-12-17T15:00:00Z,-7.609444,112.595556,0.0014241413446143,-0.0011074978392571,0.0010724908206611
2024-12-17T18:00:00Z,-7.609444,112.595556,0.0013321717269718,-0.0011821108637377,0.0010918192565441
2024-12-17T21:00:00Z,-7.609444,112.595556,0.0013203318230807,-0.0012451993534341,0.001094858511351
2024-12-18T00:00:00Z,-7.609444,112.595556,0.0012528744991868,-0.001298299874179,0.0011673046974465
2024-12-18T03:00:00Z,-7.609444,112.595556,0.0012358906678855,-0.001287696766667,0.0013064282247796
2024-12-18T06:00:00Z,-7.609444,112.595556,0.0011747759999707,-0.0012537479633465,0.0014392788289114
2024-12-18T09:00:00Z,-7.609444,112.595556,0.0011459549423307,-0.0012273325119167,0.0015817574458196
2024-12-18T12:00:00Z,-7.609444,112.595556,0.0011269050883129,-0.0011649273801594,0.001549991313368
2024-12-18T15:00:00Z,-7.609444,112.595556,0.0011448028963059,-0.0010445603402331,0.0015516631538048
2024-12-18T18:00:00Z,-7.609444,112.595556,0.0010686269961297,-0.0008381446241401136,0.0015069672372192
2024-12-18T21:00:00Z,-7.609444,112.595556,0.0009904865873977542,-0.0006832215585745871,0.0013701824937015
2024-12-19T00:00:00Z,-7.609444,112.595556,0.0009220282663591206,-0.0005881356191821396,0.0012541892938315
2024-12-19T03:00:00Z,-7.609444,112.595556,0.0009295415366068482,-0.000487787852762267,0.0011570720234885
2024-12-19T06:00:00Z,-7.609444,112.595556,0.0008327713003382087,-0.0004154211783315986,0.0012365822913125
2024-12-19T09:00:00Z,-7.609444,112.595556,0.0007165582501329482,-0.0003479936858639121,0.0012745165731757
2024-12-19T12:00:00Z,-7.609444,112.595556,0.0006014592363499105,-0.0002737943723332137,0.001328062498942
2024-12-19T15:00:00Z,-7.609444,112.595556,0.0005710223922505975,-0.0001978729997063056,0.0013937368057668
2024-12-19T18:00:00Z,-7.609444,112.595556,0.0006279342342168093,-0.0001910726859932765,0.0014702108455821
2024-12-19T21:00:00Z,-7.609444,112.595556,0.000765056989621371,-0.0002608896465972066,0.0014843449462205
2024-12-20T00:00:00Z,-7.609444,112.595556,0.0008791775326244533,-0.0003505618078634143,0.0014569872291758
2024-12-20T03:00:00Z,-7.609444,112.595556,0.0011046123690903,-0.00041377931484021246,0.0014966721646487
2024-12-20T06:00:00Z,-7.609444,112.595556,0.0011507059680297,-0.00038299092557281256,0.0014105631271377
2024-12-20T09:00:00Z,-7.609444,112.595556,0.0011470328317955,-0.0003462109889369458,0.0012869936181232
2024-12-20T12:00:00Z,-7.609444,112.595556,0.0011149704223498,-0.0003777437377721071,0.0012187247630208
2024-12-20T15:00:00Z,-7.609444,112.595556,0.0011047832667827,-0.0004361617029644549,0.0012373031349852
2024-12-20T18:00:00Z,-7.609444,112.595556,0.0011395927285775,-0.0004614611680153757,0.00125514192041
2024-12-20T21:00:00Z,-7.609444,112.595556,0.0012292239116504,-0.0005377036286517978,0.0012811336200684
2024-12-21T00:00:00Z,-7.609444,112.595556,0.0012883647577837,-0.0005791105213575065,0.0012976136058568
2024-12-21T03:00:00Z,-7.609444,112.595556,0.0013926300453022,-0.000546138035133481,0.0013053910806775
2024-12-21T06:00:00Z,-7.609444,112.595556,0.0014669549418613,-0.0004970369045622647,0.0012684444664046
2024-12-21T09:00:00Z,-7.609444,112.595556,0.0015488135395571,-0.0004852828569710255,0.0011426921701058
2024-12-21T12:00:00Z,-7.609444,112.595556,0.0015905677573755,-0.0005524494335986674,0.0011933515779674
2024-12-21T15:00:00Z,-7.609444,112.595556,0.001636742381379,-0.0005464591085910797,0.001031132414937
2024-12-21T18:00:00Z,-7.609444,112.595556,0.0016067951219156,-0.0004532728635240346,0.0008576653781346977
2024-12-21T21:00:00Z,-7.609444,112.595556,0.0015905725304037,-0.0002877304796129465,0.0007760527660138905
2024-12-22T00:00:00Z,-7.609444,112.595556,0.0014950996264815,-0.00013566412962973118,0.0007214851793833077
2024-12-22T03:00:00Z,-7.609444,112.595556,0.0014545478625223,-1.9530085410224277e-05,0.0006765443249605596
2024-12-22T06:00:00Z,-7.609444,112.595556,0.0014413325116038,-3.802871651714668e-05,0.0007824038621038198
2024-12-22T09:00:00Z,-7.609444,112.595556,0.0014519580872729,-6.0405411204556e-05,0.0007869105320423841
2024-12-22T12:00:00Z,-7.609444,112.595556,0.001403861795552,-9.221435175277291e-05,0.0008076410740613937
2024-12-22T15:00:00Z,-7.609444,112.595556,0.0014135567471385,-9.32462207856588e-05,0.000773395411670208
2024-12-22T18:00:00Z,-7.609444,112.595556,0.0014685537898913,-7.865900261094794e-05,0.0006910082884132862
2024-12-22T21:00:00Z,-7.609444,112.595556,0.0014597964473068,-7.690668280702084e-05,0.0005859089433215559
2024-12-23T00:00:00Z,-7.609444,112.595556,0.0014255447313189,-9.411339851794764e-05,0.0005327066173776984
2024-12-23T03:00:00Z,-7.609444,112.595556,0.0014270042302086,-3.991649646195583e-05,0.0004081187362316996
2024-12-23T06:00:00Z,-7.609444,112.595556,0.0014340227935463,-3.489272057777271e-05,0.0003597597242332995
2024-12-23T09:00:00Z,-7.609444,112.595556,0.0014214640250429,5.6589483392599504e-06,0.0003044351760763675
2024-12-23T12:00:00Z,-7.609444,112.595556,0.0014011453604325,-2.1372226910898465e-05,0.0002762374933809042
2024-12-23T15:00:00Z,-7.609444,112.595556,0.0013516804901883,-1.7167049009003676e-05,0.00023798410256858915
2024-12-23T18:00:00Z,-7.609444,112.595556,0.0013732709921896,-9.289598528994249e-05,0.000318601232720539
2024-12-23T21:00:00Z,-7.609444,112.595556,0.0014392224838957,-0.0002542099973652512,0.00033355713821947575
2024-12-24T00:00:00Z,-7.609444,112.595556,0.0015387582825496,-0.0004003483918495476,0.0004190009203739464
2024-12-24T03:00:00Z,-7.609444,112.595556,0.0016065535601228,-0.00040637157508172095,0.0003705037815961987
2024-12-24T06:00:00Z,-7.609444,112.595556,0.0016960150096565,-0.00039066324825398624,0.0003927764191757888
2024-12-24T09:00:00Z,-7.609444,112.595556,0.0018754352349787,-0.0003777392557822168,0.00026689935475587845
2024-12-24T12:00:00Z,-7.609444,112.595556,0.0020446260459721,-0.0004933763993903995,0.0001588299492141232
2024-12-24T15:00:00Z,-7.609444,112.595556,0.0022404785268008,-0.0005720237968489528,9.725622658152132e-05
2024-12-24T18:00:00Z,-7.609444,112.595556,0.0023948550224304,-0.0006783100543543696,-9.005222636915278e-06
2024-12-24T21:00:00Z,-7.609444,112.595556,0.0025610451120883,-0.0007874412112869322,-6.781613774364814e-05
2024-12-25T00:00:00Z,-7.609444,112.595556,0.0026598656550049,-0.0008531354833394289,-0.0001641151902731508
2024-12-25T03:00:00Z,-7.609444,112.595556,0.0027446628082543,-0.000863963330630213,-0.0003064527118112892
2024-12-25T06:00:00Z,-7.609444,112.595556,0.0028022215701639,-0.0009183497750200332,-0.00044783519115298986
2024-12-25T09:00:00Z,-7.609444,112.595556,0.0029183074366301,-0.0010529677383601,-0.0004449609841685742
2024-12-25T12:00:00Z,-7.609444,112.595556,0.0030057444237172,-0.0012270390288904,-0.000442084827227518
2024-12-25T15:00:00Z,-7.609444,112.595556,0.0030757787171751,-0.001292674569413,-0.0005795149481855333
2024-12-25T18:00:00Z,-7.609444,112.595556,0.0031158155761659,-0.001298162038438,-0.0006930718664079905
2024-12-25T21:00:00Z,-7.609444,112.595556,0.0031884128693491,-0.0012934174155816,-0.0008006287971511483
2024-12-26T00:00:00Z,-7.609444,112.595556,0.0032351152040064,-0.0013303393498063,-0.000923853716813028
2024-12-26T03:00:00Z,-7.609444,112.595556,0.0033049618359655,-0.0013541367370635,-0.0011214796686545
2024-12-26T06:00:00Z,-7.609444,112.595556,0.0033961310982704,-0.001407750416547,-0.0011133129009976
2024-12-26T09:00:00Z,-7.609444,112.595556,0.0034815110266208,-0.0014365599490702,-0.0010339317377656
2024-12-26T12:00:00Z,-7.609444,112.595556,0.0034787287004292,-0.0013905010418966,-0.000990431639365852
2024-12-26T15:00:00Z,-7.609444,112.595556,0.0034137752372771,-0.0012260772055014,-0.0011531474301591
2024-12-26T18:00:00Z,-7.609444,112.595556,0.0033676056191325,-0.0010498480405658,-0.0012317829532548
2024-12-26T21:00:00Z,-7.609444,112.595556,0.0033507386688143,-0.0009939956944435837,-0.0012197064934298
2024-12-27T00:00:00Z,-7.609444,112.595556,0.0032990521285682,-0.0009809540351852777,-0.0011517830425873
2024-12-27T03:00:00Z,-7.609444,112.595556,0.0032427096739411,-0.0008925142465159297,-0.0012611236888915
2024-12-27T06:00:00Z,-7.609444,112.595556,0.0031982173677533,-0.0007778694853186607,-0.0011687442893162
2024-12-27T09:00:00Z,-7.609444,112.595556,0.0031320368871092,-0.0006170931155793369,-0.0010778680443763
2024-12-27T12:00:00Z,-7.609444,112.595556,0.0030307727865874,-0.00042401006794534624,-0.0010156016796827
2024-12-27T15:00:00Z,-7.609444,112.595556,0.0029004358220845,-0.00023484927078243345,-0.0009814125951379538
2024-12-27T18:00:00Z,-7.609444,112.595556,0.0027829392347484,-0.00013337003474589437,-0.0009417791152372956
2024-12-27T21:00:00Z,-7.609444,112.595556,0.002734734211117,-0.00012088601215509698,-0.0008286234806291759
2024-12-28T00:00:00Z,-7.609444,112.595556,0.0026715970598161,-0.00010842813208000734,-0.0006569838151335716
2024-12-28T03:00:00Z,-7.609444,112.595556,0.0025981455110013,-2.041419611487072e-05,-0.0005910824402235448
2024-12-28T06:00:00Z,-7.609444,112.595556,0.0025160363875329,8.406509732594714e-05,-0.0004868037067353725
2024-12-28T09:00:00Z,-7.609444,112.595556,0.0024845337029546,0.00013077195035293698,-0.00031829747604206204
2024-12-28T12:00:00Z,-7.609444,112.595556,0.0024629915133118,9.853499796008693e-05,-0.00016814246191643178
2024-12-28T15:00:00Z,-7.609444,112.595556,0.0023424881510436,5.301866985973902e-05,-0.00020939274691045284
2024-12-28T18:00:00Z,-7.609444,112.595556,0.0021947408095002,-1.1213715879421216e-05,-8.335062739206478e-05
2024-12-28T21:00:00Z,-7.609444,112.595556,0.0021438356488943,-0.000160197276272811,-5.231696195551194e-05
2024-12-29T00:00:00Z,-7.609444,112.595556,0.0020753543358296,-0.0002804620598908514,2.98054965242045e-05
2024-12-29T03:00:00Z,-7.609444,112.595556,0.0019893227145075,-0.0003273154725320637,0.00010066130198538303
2024-12-29T06:00:00Z,-7.609444,112.595556,0.0019146262202411,-0.0004140420933254063,0.00015215890016406777
2024-12-29T09:00:00Z,-7.609444,112.595556,0.0019482650095596,-0.0004948306013830006,0.00016561622032895684
2024-12-29T12:00:00Z,-7.609444,112.595556,0.001957225613296,-0.0005578388227149844,0.00014996054233051836
2024-12-29T15:00:00Z,-7.609444,112.595556,0.0019538265187293,-0.000539034663233906,6.485103949671611e-05
2024-12-29T18:00:00Z,-7.609444,112.595556,0.0018998101586475,-0.0005312585853971541,-5.9532329032663256e-05
2024-12-29T21:00:00Z,-7.609444,112.595556,0.0018986972281709,-0.0005681002512574196,-0.0002294947043992579
2024-12-30T00:00:00Z,-7.609444,112.595556,0.0018768990412354,-0.0006129017565399408,-0.0003582827339414507
2024-12-30T03:00:00Z,-7.609444,112.595556,0.0018492005765438,-0.0007139873341657221,-0.0004739162395708263
2024-12-30T06:00:00Z,-7.609444,112.595556,0.0017683296464383,-0.0007647649035789073,-0.0004315382393542677
2024-12-30T09:00:00Z,-7.609444,112.595556,0.0017302035121247,-0.0008500624098815024,-0.00045416707871481776
2024-12-30T12:00:00Z,-7.609444,112.595556,0.0016846660291776,-0.0008813241729512811,-0.00035700263106264174
2024-12-30T15:00:00Z,-7.609444,112.595556,0.001613663858734,-0.0008452555048279464,-0.0003632990119513124
2024-12-30T18:00:00Z,-7.609444,112.595556,0.0015802804846316,-0.0008683847263455391,-0.0002918363898061216
2024-12-30T21:00:00Z,-7.609444,112.595556,0.00161416339688,-0.0009515723213553428,-0.0001755838602548465
2024-12-31T00:00:00Z,-7.609444,112.595556,0.0016408042283728,-0.0011164929019287,-7.876376912463456e-06
2024-12-31T03:00:00Z,-7.609444,112.595556,0.001648266101256,-0.0011793165467679,2.7322257665218785e-05
2024-12-31T06:00:00Z,-7.609444,112.595556,0.0016212054761126,-0.0012149080866947,0.0001527961139800027
2024-12-31T09:00:00Z,-7.609444,112.595556,0.001616898109205,-0.0012664555106312,0.00023212903761304915
2024-12-31T12:00:00Z,-7.609444,112.595556,0.0015638004988431,-0.0013245561858639,0.0004200590483378619
2024-12-31T15:00:00Z,-7.609444,112.595556,0.0014440399827435,-0.0013915882445871,0.0003283905971329659
2024-12-31T18:00:00Z,-7.609444,112.595556,0.0013764904579147,-0.001442317967303,0.0003975751751568168
2024-12-31T21:00:00Z,-7.609444,112.595556,0.0013432649429887,-0.0015942088793963,0.000427493971074
2025-01-01T00:00:00Z,-7.609444,112.595556,0.0012301113456487,-0.0016668674070388,0.000474175059935078
2025-01-01T03:00:00Z,-7.609444,112.595556,0.0011629711370915,-0.0016675313236191,0.0004294705286156386
2025-01-01T06:00:00Z,-7.609444,112.595556,0.0010671889176592,-0.0016319506103172,0.0004379117162898183
2025-01-01T09:00:00Z,-7.609444,112.595556,0.0009880912257358432,-0.0016252457862719,0.0004342925385572016
2025-01-01T12:00:00Z,-7.609444,112.595556,0.0009033174719661474,-0.0016597028588876,0.0004694604722317308
2025-01-01T15:00:00Z,-7.609444,112.595556,0.0008016977808438241,-0.0016312827356159,0.00035433133598417044
2025-01-01T18:00:00Z,-7.609444,112.595556,0.0007161422981880605,-0.0016174053307622,0.0002589869836810976
2025-01-01T21:00:00Z,-7.609444,112.595556,0.0007220275583676994,-0.0016100397333502,0.0002050778130069375
2025-01-02T00:00:00Z,-7.609444,112.595556,0.0006166750681586564,-0.0015715614426881,0.0001447420072508976
2025-01-02T03:00:00Z,-7.609444,112.595556,0.0006029349751770496,-0.0015626263339072,9.502346802037208e-05
2025-01-02T06:00:00Z,-7.609444,112.595556,0.0005188744980841875,-0.0015519545413553,4.885714952251874e-05
2025-01-02T09:00:00Z,-7.609444,112.595556,0.000493297295179218,-0.0016234724316745,0.00012469654029700905
2025-01-02T12:00:00Z,-7.609444,112.595556,0.0004692391667049378,-0.0017101923003792,0.0002655302523635328
2025-01-02T15:00:00Z,-7.609444,112.595556,0.0004133328329771757,-0.0016787243075668,0.0002795367036014796
2025-01-02T18:00:00Z,-7.609444,112.595556,0.00038850767305120826,-0.0016688576433807,0.0003761828702408821
2025-01-02T21:00:00Z,-7.609444,112.595556,0.0004637113015633077,-0.0017667933134362,0.0004302897432353348
2025-01-03T00:00:00Z,-7.609444,112.595556,0.00048297803732566535,-0.0018843202851712,0.000542963098268956
2025-01-03T03:00:00Z,-7.609444,112.595556,0.0005350191495381296,-0.0019884947687387,0.0006456076516769826
2025-01-03T06:00:00Z,-7.609444,112.595556,0.0005377687630243599,-0.0020796917378902,0.0007677882094867527
2025-01-03T09:00:00Z,-7.609444,112.595556,0.0005493417847901583,-0.0022074861917644,0.0008768039988353848
2025-01-03T12:00:00Z,-7.609444,112.595556,0.0005276192678138614,-0.0022735348902642,0.0008497226517647505
2025-01-03T15:00:00Z,-7.609444,112.595556,0.0005199512816034257,-0.0021889309864491,0.0008171703666448593
2025-01-03T18:00:00Z,-7.609444,112.595556,0.000508305907715112,-0.0021577319130301,0.0008651994285173714
2025-01-03T21:00:00Z,-7.609444,112.595556,0.00059132109163329,-0.0022161775268614,0.0008795762551017106
2025-01-04T00:00:00Z,-7.609444,112.595556,0.0006449204520322382,-0.0022562253288924,0.0008725171210244298
2025-01-04T03:00:00Z,-7.609444,112.595556,0.0007092384621500969,-0.0022509454283863,0.0008657978032715619
2025-01-04T06:00:00Z,-7.609444,112.595556,0.0006595660815946758,-0.0021907400805503,0.0008624813635833561
2025-01-04T09:00:00Z,-7.609444,112.595556,0.0006517702131532133,-0.0021414938382804,0.0008694882853887975
2025-01-04T12:00:00Z,-7.609444,112.595556,0.0006425173487514257,-0.0021279640495777,0.0007685580058023334
2025-01-04T15:00:00Z,-7.609444,112.595556,0.0006324020214378834,-0.0020324806682765,0.0006889986107125878
2025-01-04T18:00:00Z,-7.609444,112.595556,0.0005427041323855519,-0.0020315411966294,0.0006838798872195184
2025-01-04T21:00:00Z,-7.609444,112.595556,0.0005216641584411263,-0.0020458933431655,0.0005968161858618259
2025-01-05T00:00:00Z,-7.609444,112.595556,0.000437036796938628,-0.0020496791694313,0.0004799538874067366
2025-01-05T03:00:00Z,-7.609444,112.595556,0.0004276476101949811,-0.0020496603101491,0.0004091589944437146
2025-01-05T06:00:00Z,-7.609444,112.595556,0.00034660883829928935,-0.0020612732041627,0.000504890747833997
2025-01-05T09:00:00Z,-7.609444,112.595556,0.0003015876864083112,-0.0020947388838976,0.000515289488248527
2025-01-05T12:00:00Z,-7.609444,112.595556,0.00025491934502497315,-0.0021136510185897,0.0004988092114217579
2025-01-05T15:00:00Z,-7.609444,112.595556,0.00023908080765977505,-0.0021100358571857,0.0003839329001493752
2025-01-05T18:00:00Z,-7.609444,112.595556,0.0002220007445430383,-0.0021807027515023,0.0004029147094115615
2025-01-05T21:00:00Z,-7.609444,112.595556,0.0002972819784190506,-0.002229913836345,0.00030272454023361206
2025-01-06T00:00:00Z,-7.609444,112.595556,0.00027734978357329965,-0.0022680824622511,0.0002566300972830504
2025-01-06T03:00:00Z,-7.609444,112.595556,0.00031392581877298653,-0.002297586761415,0.0002394061884842813
2025-01-06T06:00:00Z,-7.609444,112.595556,0.0003169451665598899,-0.0023754150606691,0.0002811382873915136
2025-01-06T09:00:00Z,-7.609444,112.595556,0.0003898668219335377,-0.0024481455329805,0.0002800585061777383
2025-01-06T12:00:00Z,-7.609444,112.595556,0.00047163956332951773,-0.002514426363632,0.0003391650679986924
2025-01-06T15:00:00Z,-7.609444,112.595556,0.0005344407400116324,-0.0025341182481497,0.0003821645805146545
2025-01-06T18:00:00Z,-7.609444,112.595556,0.0006547248922288418,-0.0026365704834461,0.0004921218496747315
2025-01-06T21:00:00Z,-7.609444,112.595556,0.0009248147252947092,-0.0027954804245382,0.00046698664664290845
2025-01-07T00:00:00Z,-7.609444,112.595556,0.0010781631572172,-0.0028612979222089,0.0005197228747420013
2025-01-07T03:00:00Z,-7.609444,112.595556,0.0012002356816083,-0.0028409301303327,0.000513544597197324
2025-01-07T06:00:00Z,-7.609444,112.595556,0.0012736554490402,-0.0028000990860164,0.0006467775092460215
2025-01-07T09:00:00Z,-7.609444,112.595556,0.0013722613221034,-0.0027224926743656,0.000706224178429693
2025-01-07T12:00:00Z,-7.609444,112.595556,0.0014023225521668,-0.0026806071400642,0.0008305191295221448
2025-01-07T15:00:00Z,-7.609444,112.595556,0.0014111227355897,-0.0025816340930759,0.0008565094321966171
2025-01-07T18:00:00Z,-7.609444,112.595556,0.0013907450484111,-0.0025399038568139,0.00090903602540493
2025-01-07T21:00:00Z,-7.609444,112.595556,0.0014841299271211,-0.002478078007698,0.0008848911384120584
2025-01-08T00:00:00Z,-7.609444,112.595556,0.0015690121799707,-0.0024743659887462,0.0009303228580392896
2025-01-08T03:00:00Z,-7.609444,112.595556,0.001616439782083,-0.0024240552447736,0.0008653926197439432
2025-01-08T06:00:00Z,-7.609444,112.595556,0.0015881964936852,-0.0023469033185392,0.0008391629671677947
2025-01-08T09:00:00Z,-7.609444,112.595556,0.0015395374502986,-0.0023025332484394,0.0007488765986636281
2025-01-08T12:00:00Z,-7.609444,112.595556,0.001450860640034,-0.002320262370631,0.0005357126938179135
2025-01-08T15:00:00Z,-7.609444,112.595556,0.0014055866049602,-0.0023357653990387,0.00041286321356892586
2025-01-08T18:00:00Z,-7.609444,112.595556,0.0013125380501151,-0.0023856367915868,0.0002233042469015345
2025-01-08T21:00:00Z,-7.609444,112.595556,0.00129072193522,-0.0024411918129771,5.756472091889009e-05
2025-01-09T00:00:00Z,-7.609444,112.595556,0.0012343713315203,-0.0025716784875839,-6.777463568141684e-05
2025-01-09T03:00:00Z,-7.609444,112.595556,0.0012512078974395,-0.0026773414574563,-0.0001925611140904948
2025-01-09T06:00:00Z,-7.609444,112.595556,0.0011878616642206,-0.0027055221144109,-0.00015856859681662172
2025-01-09T09:00:00Z,-7.609444,112.595556,0.0012159830657765,-0.0027386914007365,-0.0001730605581542477
2025-01-09T12:00:00Z,-7.609444,112.595556,0.001284672296606,-0.0028682362753897,-0.0003155402955599129
2025-01-09T15:00:00Z,-7.609444,112.595556,0.0013550095027312,-0.0029041781090199,-0.0004603300767485052
2025-01-09T18:00:00Z,-7.609444,112.595556,0.0013783520553261,-0.0028683058917522,-0.0005578781710937619
2025-01-09T21:00:00Z,-7.609444,112.595556,0.0015259796055033,-0.0028358756098896,-0.0007380374590866268
2025-01-10T00:00:00Z,-7.609444,112.595556,0.0016245114384219,-0.0028428989462554,-0.0008436362841166556
2025-01-10T03:00:00Z,-7.609444,112.595556,0.0017539960099384,-0.0027827620506286,-0.0008806700934655964
2025-01-10T06:00:00Z,-7.609444,112.595556,0.001786180306226,-0.0026828376576304,-0.0007803640910424292
2025-01-10T09:00:00Z,-7.609444,112.595556,0.0019069543341174,-0.0026128005702048,-0.0007766999187879264
2025-01-10T12:00:00Z,-7.609444,112.595556,0.0019925846718251,-0.0024868750479072,-0.0007100902730599046
2025-01-10T15:00:00Z,-7.609444,112.595556,0.0020217963028699,-0.0022384219337254,-0.0008521926938556135
2025-01-10T18:00:00Z,-7.609444,112.595556,0.0020606194157153,-0.0020268708467483,-0.0008989418274722993
2025-01-10T21:00:00Z,-7.609444,112.595556,0.0021751017775386,-0.0018186155939474,-0.0009015933028422296
2025-01-11T00:00:00Z,-7.609444,112.595556,0.0021782831754535,-0.0016968311974778,-0.0008892147452570498
2025-01-11T03:00:00Z,-7.609444,112.595556,0.0021616315934807,-0.0015736517962068,-0.0009632838773541152
2025-01-11T06:00:00Z,-7.609444,112.595556,0.0020905868150293,-0.0015154024586081,-0.0009091002866625786
2025-01-11T09:00:00Z,-7.609444,112.595556,0.0020701740868389,-0.0014350395649671,-0.0008379760547541082
2025-01-11T12:00:00Z,-7.609444,112.595556,0.0020642466843128,-0.0013744115130975,-0.0005453322664834559
2025-01-11T15:00:00Z,-7.609444,112.595556,0.0020156858954578,-0.0013459321344271,-0.0004941414808854461
2025-01-11T18:00:00Z,-7.609444,112.595556,0.0019595632329583,-0.0013787092175334,-0.0002586241462267936
2025-01-11T21:00:00Z,-7.609444,112.595556,0.0020622091833502,-0.0014337663305923,-0.00012301999959163368
2025-01-12T00:00:00Z,-7.609444,112.595556,0.0021191947162151,-0.0015107173239812,0.00011993605585303158
2025-01-12T03:00:00Z,-7.609444,112.595556,0.0021410856861621,-0.0015640560304746,0.00016160699306055903
2025-01-12T06:00:00Z,-7.609444,112.595556,0.0020840268116444,-0.0015380319673568,0.00019984133541584012
2025-01-12T09:00:00Z,-7.609444,112.595556,0.0020532261114567,-0.0015380288241431,0.0002163151220884174
2025-01-12T12:00:00Z,-7.609444,112.595556,0.002059310907498,-0.001608740654774,0.00030992316897027194
2025-01-12T15:00:00Z,-7.609444,112.595556,0.0020387980621308,-0.0016007173107936,0.0003996111045125872
2025-01-12T18:00:00Z,-7.609444,112.595556,0.0019304250599816,-0.001572998589836,0.0004383841587696225
2025-01-12T21:00:00Z,-7.609444,112.595556,0.0019285372691228,-0.0014961449196562,0.00048711500130593777
2025-01-13T00:00:00Z,-7.609444,112.595556,0.0019138243515044,-0.0014359866036102,0.0005390245351009071
2025-01-13T03:00:00Z,-7.609444,112.595556,0.0018448549089953,-0.0013295500539243,0.0005401932285167277
2025-01-13T06:00:00Z,-7.609444,112.595556,0.0017713423585519,-0.0011977760586887,0.0005714772269129753
2025-01-13T09:00:00Z,-7.609444,112.595556,0.0017649644287303,-0.0011624401668086,0.0006672570598311722
2025-01-13T12:00:00Z,-7.609444,112.595556,0.001745636225678,-0.0011705426732078,0.0007319683791138232
2025-01-13T15:00:00Z,-7.609444,112.595556,0.0016591058811172,-0.0011596261756494,0.0004987692809663713
2025-01-13T18:00:00Z,-7.609444,112.595556,0.0015052472008392,-0.0010792169487103,0.0003375882806722075
2025-01-13T21:00:00Z,-7.609444,112.595556,0.0014119448605924,-0.0010154210031032,0.0001644076983211562
2025-01-14T00:00:00Z,-7.609444,112.595556,0.0012954523554071,-0.0009211627184413372,8.392010204261169e-05
2025-01-14T03:00:00Z,-7.609444,112.595556,0.0011403067037463,-0.0007570296293124557,-7.330122753046453e-05
2025-01-14T06:00:00Z,-7.609444,112.595556,0.0009940203744918108,-0.0006030692020431161,-9.43630948313512e-05
2025-01-14T09:00:00Z,-7.609444,112.595556,0.0009043936734087764,-0.0004076234181411565,-0.00017890609160531312
2025-01-14T12:00:00Z,-7.609444,112.595556,0.0008415068150497973,-0.0002378700446570292,-0.0002812696038745344
2025-01-14T15:00:00Z,-7.609444,112.595556,0.0007893232395872474,-9.074591798707844e-05,-0.00034861837048083544
2025-01-14T18:00:00Z,-7.609444,112.595556,0.0007243240252137184,7.716169784544036e-05,-0.0002858513907995075
2025-01-14T21:00:00Z,-7.609444,112.595556,0.0007647903985343874,0.0001464363740524277,-0.000286499154753983
2025-01-15T00:00:00Z,-7.609444,112.595556,0.0007867476087994874,0.00012636810424737632,-0.00024445971939712763
2025-01-15T03:00:00Z,-7.609444,112.595556,0.0008161680889315903,7.262667350005358e-05,-0.00015873677330091596
2025-01-15T06:00:00Z,-7.609444,112.595556,0.0008212735410779715,7.236163219204172e-05,-5.166688879398862e-06
2025-01-15T09:00:00Z,-7.609444,112.595556,0.0008283313363790512,7.25740464986302e-05,0.0001440813357476145
2025-01-15T12:00:00Z,-7.609444,112.595556,0.0007942091906443238,8.722022903384641e-05,0.0001245805324288085
2025-01-15T15:00:00Z,-7.609444,112.595556,0.0008002934628166258,0.00013964384561404586,0.00014894238847773522
2025-01-15T18:00:00Z,-7.609444,112.595556,0.0008032720652408898,0.0002607926435302943,0.0002326435205759481
2025-01-15T21:00:00Z,-7.609444,112.595556,0.000833722879178822,0.0003739451349247247,0.00020750606199726465
2025-01-16T00:00:00Z,-7.609444,112.595556,0.0008613539976067841,0.0005035480135120451,0.00028348847990855575
2025-01-16T03:00:00Z,-7.609444,112.595556,0.000923305342439562,0.0006656355690211058,0.00032932215253822505
2025-01-16T06:00:00Z,-7.609444,112.595556,0.000986065482720733,0.0008679013699293137,0.0004121480451431125
2025-01-16T09:00:00Z,-7.609444,112.595556,0.0010695562232285,0.0010391311952844,0.0004607323498930782
2025-01-16T12:00:00Z,-7.609444,112.595556,0.0011596935801208,0.00113861693535,0.0004237409739289433
2025-01-16T15:00:00Z,-7.609444,112.595556,0.0012414086377248,0.0011995253153145,0.0003249832661822438
2025-01-16T18:00:00Z,-7.609444,112.595556,0.0013181294780224,0.0012045515468344,0.00040521571645513177
2025-01-16T21:00:00Z,-7.609444,112.595556,0.0013696687528863,0.001183433458209,0.00044019101187586784
2025-01-17T00:00:00Z,-7.609444,112.595556,0.0013692897045984,0.0011179953580722,0.0006009660428389907
2025-01-17T03:00:00Z,-7.609444,112.595556,0.0014171032235026,0.0009857165860012174,0.0007884805090725422
2025-01-17T06:00:00Z,-7.609444,112.595556,0.0014168788911774,0.0009083911427296698,0.0009536184370517732
2025-01-17T09:00:00Z,-7.609444,112.595556,0.0013551015872508,0.0008729546680115163,0.0010047999676316
2025-01-17T12:00:00Z,-7.609444,112.595556,0.001340961549431,0.0007742849993519485,0.0011552807409316
2025-01-17T15:00:00Z,-7.609444,112.595556,0.0013110666768625,0.0008195485570468009,0.0011037754593417
2025-01-17T18:00:00Z,-7.609444,112.595556,0.0012160154292359,0.0008526603342033923,0.0011228215880692
2025-01-17T21:00:00Z,-7.609444,112.595556,0.0011954075889661,0.0008681982872076333,0.0012385246809571
2025-01-18T00:00:00Z,-7.609444,112.595556,0.0010646797018125,0.0009023624006658792,0.0011755381710827
2025-01-18T03:00:00Z,-7.609444,112.595556,0.0009267833665944636,0.000967219239100814,0.0012440284481272
2025-01-18T06:00:00Z,-7.609444,112.595556,0.0007918439223431051,0.0011176954722031,0.00128213618882
2025-01-18T09:00:00Z,-7.609444,112.595556,0.0006660355138592422,0.0012253635795786,0.0014251349493861
2025-01-18T12:00:00Z,-7.609444,112.595556,0.0005252353730611503,0.0012884377501904,0.0015709996223449
2025-01-18T15:00:00Z,-7.609444,112.595556,0.0004612714401446283,0.0013514886377379,0.0016840045573189
2025-01-18T18:00:00Z,-7.609444,112.595556,0.0004324106848798692,0.0013346176128834,0.0018631315324455
2025-01-18T21:00:00Z,-7.609444,112.595556,0.00041055356268770993,0.0013100109063088,0.0020052916370332
2025-01-19T00:00:00Z,-7.609444,112.595556,0.0003344246360938996,0.0012517268769443,0.0020395086612552
2025-01-19T03:00:00Z,-7.609444,112.595556,0.0003110892721451819,0.0012291825842112,0.0020039917435497
2025-01-19T06:00:00Z,-7.609444,112.595556,0.0002573098463471979,0.0011971481144428,0.0019777622073888
2025-01-19T09:00:00Z,-7.609444,112.595556,0.0001987506402656436,0.0011659082956612,0.0020740218460559
2025-01-19T12:00:00Z,-7.609444,112.595556,7.884524529799819e-05,0.0011460677487775,0.0020579134579747
2025-01-19T15:00:00Z,-7.609444,112.595556,8.018010703381151e-06,0.0011607710039243,0.0020173236262053
2025-01-19T18:00:00Z,-7.609444,112.595556,-5.149690332473256e-05,0.0011963781435042,0.0021676206961274
2025-01-19T21:00:00Z,-7.609444,112.595556,3.944418131140992e-05,0.0012380155967548,0.0022336815018206
2025-01-20T00:00:00Z,-7.609444,112.595556,9.628605766920371e-05,0.0012449580244719,0.002215719083324
2025-01-20T03:00:00Z,-7.609444,112.595556,0.00017592964286450297,0.0012868883786723,0.002143562072888
2025-01-20T06:00:00Z,-7.609444,112.595556,0.00021456163085531443,0.0012686668196693,0.0020617330446839
2025-01-20T09:00:00Z,-7.609444,112.595556,0.0003362572169862688,0.0012154114665463,0.0019723924342542
2025-01-20T12:00:00Z,-7.609444,112.595556,0.00039174160338006914,0.0011158509878441,0.0019129579886794
2025-01-20T15:00:00Z,-7.609444,112.595556,0.00044921619701199234,0.0010554129257798,0.0017738313181325
2025-01-20T18:00:00Z,-7.609444,112.595556,0.000453457614639774,0.0009836048120632768,0.0017470757011324
2025-01-20T21:00:00Z,-7.609444,112.595556,0.000529022712726146,0.0009263269603252412,0.0016699418192729
2025-01-21T00:00:00Z,-7.609444,112.595556,0.0005647243233397603,0.0008328802650794387,0.0016214619390666
2025-01-21T03:00:00Z,-7.609444,112.595556,0.0005963831208646297,0.0007392567931674421,0.0015805209986865
2025-01-21T06:00:00Z,-7.609444,112.595556,0.0006034655380062759,0.0006820561829954386,0.0015930142253637
2025-01-21T09:00:00Z,-7.609444,112.595556,0.0006956059951335192,0.0006345498841255903,0.0015709825092926
2025-01-21T12:00:00Z,-7.609444,112.595556,0.0007646449375897646,0.0005866189603693783,0.0014939456013962
2025-01-21T15:00:00Z,-7.609444,112.595556,0.0008159094140864909,0.0005920272669754922,0.0013390517560765
2025-01-21T18:00:00Z,-7.609444,112.595556,0.0008048868621699512,0.0004738510178867728,0.0013259900733828
2025-01-21T21:00:00Z,-7.609444,112.595556,0.000965797109529376,0.000332436291500926,0.0012607916723936
2025-01-22T00:00:00Z,-7.609444,112.595556,0.0010517745977267,0.00014193491369951516,0.0012622840004041
2025-01-22T03:00:00Z,-7.609444,112.595556,0.0010954897152259,2.043032327492256e-05,0.0011701274197548
2025-01-22T06:00:00Z,-7.609444,112.595556,0.0010641951812431,-0.00010237757669528946,0.001117993844673
2025-01-22T09:00:00Z,-7.609444,112.595556,0.0011343533406034,-0.0002027821319643408,0.0011416643392294
2025-01-22T12:00:00Z,-7.609444,112.595556,0.0012324769049882,-0.0003700295346789062,0.0013016711454838
2025-01-22T15:00:00Z,-7.609444,112.595556,0.0012760395184159,-0.0004851731937378645,0.0012548964004963
2025-01-22T18:00:00Z,-7.609444,112.595556,0.001226364634931,-0.000652737042400986,0.0012263286625966
2025-01-22T21:00:00Z,-7.609444,112.595556,0.0013236280065029,-0.0008048646268434823,0.001213330659084
2025-01-23T00:00:00Z,-7.609444,112.595556,0.0013510728022083,-0.0009046747582033275,0.0012118431041017
2025-01-23T03:00:00Z,-7.609444,112.595556,0.0013512154109776,-0.0009712381870485842,0.0011136180255562
2025-01-23T06:00:00Z,-7.609444,112.595556,0.0013294569216668,-0.0010555722983554,0.0010661057895049
2025-01-23T09:00:00Z,-7.609444,112.595556,0.0013704636367037,-0.00113945256453,0.0010873951250687
2025-01-23T12:00:00Z,-7.609444,112.595556,0.0012943667825311,-0.0012823621509596,0.0011736757587641
2025-01-23T15:00:00Z,-7.609444,112.595556,0.0012291433522477,-0.0014163294108584,0.001131985685788
2025-01-23T18:00:00Z,-7.609444,112.595556,0.0012056607520207,-0.0015910204965621,0.0010828291997313
2025-01-23T21:00:00Z,-7.609444,112.595556,0.001289097010158,-0.0016884339274838,0.0010036937892436
2025-01-24T00:00:00Z,-7.609444,112.595556,0.0013526664115488,-0.0018313716864213,0.000978996278718114
2025-01-24T03:00:00Z,-7.609444,112.595556,0.0013968527782708,-0.001944090006873,0.0008252702536992729
2025-01-24T06:00:00Z,-7.609444,112.595556,0.0013562014792114,-0.0020102271810173,0.000694507616572082
2025-01-24T09:00:00Z,-7.609444,112.595556,0.0013986291596665,-0.0021276401821523,0.0005671229446306825
2025-01-24T12:00:00Z,-7.609444,112.595556,0.0014510517939925,-0.0022937126923352,0.0005755358142778277
2025-01-24T15:00:00Z,-7.609444,112.595556,0.0014613355742767,-0.0024411224294453,0.0003832181973848492
2025-01-24T18:00:00Z,-7.609444,112.595556,0.0014259231975302,-0.0025774906389415,0.0003507983055897057
2025-01-24T21:00:00Z,-7.609444,112.595556,0.0014095789520069,-0.0026521724648773,0.000324074033414945
2025-01-25T00:00:00Z,-7.609444,112.595556,0.0013989012222737,-0.0027779338415712,0.000265605456661433
2025-01-25T03:00:00Z,-7.609444,112.595556,0.0014702008338645,-0.0028138947673141,0.00030881151906214654
2025-01-25T06:00:00Z,-7.609444,112.595556,0.0014974800869822,-0.0028008797671645,0.0004606847069226205
2025-01-25T09:00:00Z,-7.609444,112.595556,0.0015579357277601,-0.0027812893968075,0.0006116147269494832
2025-01-25T12:00:00Z,-7.609444,112.595556,0.0015882269944995,-0.0027856489177793,0.0005724473739974201
2025-01-25T15:00:00Z,-7.609444,112.595556,0.0015734856715425,-0.0026518905069679,0.00042531933286227286
2025-01-25T18:00:00Z,-7.609444,112.595556,0.0015571902040392,-0.0025453639682382,0.0005012658657506108
2025-01-25T21:00:00Z,-7.609444,112.595556,0.0015973376575857,-0.002456268761307,0.0003945679636672139
2025-01-26T00:00:00Z,-7.609444,112.595556,0.0016243932768702,-0.0023704562336206,0.00048382594832219183
2025-01-26T03:00:00Z,-7.609444,112.595556,0.0016528205014765,-0.0022178101353347,0.0005423265974968672
2025-01-26T06:00:00Z,-7.609444,112.595556,0.0015630257548764,-0.0020406062249094,0.0006412686198018491
2025-01-26T09:00:00Z,-7.609444,112.595556,0.0015102182514965,-0.0018642476061359,0.0007004154613241553
2025-01-26T12:00:00Z,-7.609444,112.595556,0.001502372091636,-0.0017912003677338,0.0008269094978459179
2025-01-26T15:00:00Z,-7.609444,112.595556,0.0014874988701194,-0.0016289410414174,0.0008490445907227695
2025-01-26T18:00:00Z,-7.609444,112.595556,0.0014196549309417,-0.0016072063008323,0.0008277280139736831
2025-01-26T21:00:00Z,-7.609444,112.595556,0.0014741414925083,-0.0015429527265951,0.0007303989259526134
2025-01-27T00:00:00Z,-7.609444,112.595556,0.0014593920204788,-0.001472222735174,0.0005716287414543331
2025-01-27T03:00:00Z,-7.609444,112.595556,0.0013567236019298,-0.0012952944962307,0.00029989267932251096
2025-01-27T06:00:00Z,-7.609444,112.595556,0.0011971228523179,-0.0010679380502551,0.00011465921852504836
2025-01-27T09:00:00Z,-7.609444,112.595556,0.0011247966904193,-0.0009504109621047974,0.00013239348481874913
2025-01-27T12:00:00Z,-7.609444,112.595556,0.0010965447872877,-0.0008699588943272829,0.00010249334445688874
2025-01-27T15:00:00Z,-7.609444,112.595556,0.0009469139040447772,-0.0006934374687261879,-0.0002456299844197929
2025-01-27T18:00:00Z,-7.609444,112.595556,0.0007671070634387434,-0.0005576832918450236,-0.0005523633444681764
2025-01-27T21:00:00Z,-7.609444,112.595556,0.000828410848043859,-0.0004929574788548052,-0.0007357908762060106
2025-01-28T00:00:00Z,-7.609444,112.595556,0.0009236663463525474,-0.0005062578711658716,-0.0007656578673049808
2025-01-28T03:00:00Z,-7.609444,112.595556,0.0009273136383853852,-0.0004625709843821824,-0.0009227790287695824
2025-01-28T06:00:00Z,-7.609444,112.595556,0.0008322714711539447,-0.00042278069304302335,-0.0010999327059835
2025-01-28T09:00:00Z,-7.609444,112.595556,0.0008848413126543164,-0.0004689388733822853,-0.0011439411900937
2025-01-28T12:00:00Z,-7.609444,112.595556,0.000959222437813878,-0.0005294400616548955,-0.0011438112705945
2025-01-28T15:00:00Z,-7.609444,112.595556,0.000979358796030283,-0.0005517502431757748,-0.0011972760548815
2025-01-28T18:00:00Z,-7.609444,112.595556,0.0010169144952669,-0.000652569520752877,-0.0011595612158998
2025-01-28T21:00:00Z,-7.609444,112.595556,0.0012080876622349,-0.0007871673442423344,-0.0010541746160015
2025-01-29T00:00:00Z,-7.609444,112.595556,0.0013456649612635,-0.0009406993631273508,-0.0008832361781969666
2025-01-29T03:00:00Z,-7.609444,112.595556,0.0014671103563159,-0.0010214118519797,-0.0008106153691187501
2025-01-29T06:00:00Z,-7.609444,112.595556,0.0015195525484159,-0.0010859563481062,-0.0005855202325619757
2025-01-29T09:00:00Z,-7.609444,112.595556,0.0016740880673751,-0.001169141032733,-0.0003025908372364938
2025-01-29T12:00:00Z,-7.609444,112.595556,0.0017768152756616,-0.0012643192894756,-9.805017907638104e-05
2025-01-29T15:00:00Z,-7.609444,112.595556,0.0017811320722103,-0.0013107727281749,2.074414987873752e-05
2025-01-29T18:00:00Z,-7.609444,112.595556,0.0018253537127748,-0.0014758834149688,0.00019169284496456385
2025-01-29T21:00:00Z,-7.609444,112.595556,0.0019103751983493,-0.0016617060173302,0.00033608684316277504
2025-01-30T00:00:00Z,-7.609444,112.595556,0.0018983986228704,-0.0018191850977018,0.0004352225223556161
2025-01-30T03:00:00Z,-7.609444,112.595556,0.0018644699594005,-0.0019106861436739,0.0005161166773177683
2025-01-30T06:00:00Z,-7.609444,112.595556,0.0017739542527124,-0.0019979004282504,0.0006516275461763144
2025-01-30T09:00:00Z,-7.609444,112.595556,0.0017040887614712,-0.0021302045788615,0.0007789898663759232
2025-01-30T12:00:00Z,-7.609444,112.595556,0.0016414251876994,-0.0022656705696135,0.0008928148890845478
2025-01-30T15:00:00Z,-7.609444,112.595556,0.001599284238182,-0.0023565925657749,0.0009750468889251352
2025-01-30T18:00:00Z,-7.609444,112.595556,0.0015234925085678,-0.0024599069729447,0.0011471157195046
2025-01-30T21:00:00Z,-7.609444,112.595556,0.0015104169724509,-0.0025706670712679,0.0012629945995286
2025-01-31T00:00:00Z,-7.609444,112.595556,0.0014970881165936,-0.0026726075448095,0.0012128341477364
2025-01-31T03:00:00Z,-7.609444,112.595556,0.0015028526540845,-0.0027452963404357,0.0011361138895154
2025-01-31T06:00:00Z,-7.609444,112.595556,0.0014622237067669,-0.0027468032203614,0.0011452989419922
2025-01-31T09:00:00Z,-7.609444,112.595556,0.0014760539634153,-0.0027889150660485,0.0012417915277183
2025-01-31T12:00:00Z,-7.609444,112.595556,0.0014523864956572,-0.0027935437392443,0.0011258294107392
2025-01-31T15:00:00Z,-7.609444,112.595556,0.0014284641947597,-0.0027267122641205,0.0010721979197114
2025-01-31T18:00:00Z,-7.609444,112.595556,0.0013946223771199,-0.0026540076360106,0.0011176938423886
2025-01-31T21:00:00Z,-7.609444,112.595556,0.0014669764786958,-0.0026175098028033,0.0012075561098754
2025-02-01T00:00:00Z,-7.609444,112.595556,0.0015065224142745,-0.0026045371778309,0.0012545837089419
2025-02-01T03:00:00Z,-7.609444,112.595556,0.0015864825109019,-0.0026018479838967,0.0012548497179523
2025-02-01T06:00:00Z,-7.609444,112.595556,0.001656224951148,-0.0026142769493162,0.0013862507184967
2025-02-01T09:00:00Z,-7.609444,112.595556,0.0017184860771521,-0.0026966696605086,0.001468461472541
2025-02-01T12:00:00Z,-7.609444,112.595556,0.0017169388011097,-0.0028081482741981,0.0013707906473428
2025-02-01T15:00:00Z,-7.609444,112.595556,0.0016232328489422,-0.0028955300804227,0.001272709807381
2025-02-01T18:00:00Z,-7.609444,112.595556,0.0015518045984208,-0.002954465104267,0.0012399967527016
2025-02-01T21:00:00Z,-7.609444,112.595556,0.0015989873791113,-0.0029602961149066,0.0012394670629873
2025-02-02T00:00:00Z,-7.609444,112.595556,0.0015641088830307,-0.0029891061130911,0.0012605477822944
2025-02-02T03:00:00Z,-7.609444,112.595556,0.0015701713273301,-0.0030704885721206,0.0013057596515864
2025-02-02T06:00:00Z,-7.609444,112.595556,0.0015271321171894,-0.003081785980612,0.0013297916157171
2025-02-02T09:00:00Z,-7.609444,112.595556,0.0015406690072268,-0.0031574151944369,0.001311789965257
2025-02-02T12:00:00Z,-7.609444,112.595556,0.0015559073071926,-0.00320351193659,0.001282071811147
2025-02-02T15:00:00Z,-7.609444,112.595556,0.001550885499455,-0.0031988935079425,0.0011925207218155
2025-02-02T18:00:00Z,-7.609444,112.595556,0.0015530647942796,-0.0031700416002422,0.0011792319128289
2025-02-02T21:00:00Z,-7.609444,112.595556,0.0016077073523774,-0.0030356321949511,0.0010635660728439
2025-02-03T00:00:00Z,-7.609444,112.595556,0.0015576657606288,-0.0029373406432569,0.0009378503891639413
2025-02-03T03:00:00Z,-7.609444,112.595556,0.0014315579319372,-0.0028434805572032,0.0007875407463870943
2025-02-03T06:00:00Z,-7.609444,112.595556,0.0013795311097055,-0.0027663707733154,0.0008199133444577456
2025-02-03T09:00:00Z,-7.609444,112.595556,0.0013996289344504,-0.0027211953420192,0.0008492995984852314
2025-02-03T12:00:00Z,-7.609444,112.595556,0.0013660847907885,-0.0026509736198931,0.0008859287481755018
2025-02-03T15:00:00Z,-7.609444,112.595556,0.0013199603417888,-0.0025447648949921,0.0007270675851032138
2025-02-03T18:00:00Z,-7.609444,112.595556,0.0013260211562737,-0.0024545055348426,0.0007904094527475536
2025-02-03T21:00:00Z,-7.609444,112.595556,0.0014247163198888,-0.0023989933542907,0.0008480498800054193
2025-02-04T00:00:00Z,-7.609444,112.595556,0.0015085174236446,-0.0024004282895475,0.0009420549613423644
2025-02-04T03:00:00Z,-7.609444,112.595556,0.0015467143384739,-0.0024642143398523,0.0009505375055596232
2025-02-04T06:00:00Z,-7.609444,112.595556,0.0015366324223577,-0.0025391255039721,0.0010039259213954
2025-02-04T09:00:00Z,-7.609444,112.595556,0.0015867616748437,-0.0025994759052991,0.0011943223653361
2025-02-04T12:00:00Z,-7.609444,112.595556,0.0015825703740119,-0.0026784765068441,0.0013907892862334
2025-02-04T15:00:00Z,-7.609444,112.595556,0.0015806314768269,-0.0027686518151313,0.0014719723258167
2025-02-04T18:00:00Z,-7.609444,112.595556,0.0015396657399833,-0.0028878604061901,0.0015719812363386
2025-02-04T21:00:00Z,-7.609444,112.595556,0.0016096467152237,-0.0030240130145102,0.0016882716445252
2025-02-05T00:00:00Z,-7.609444,112.595556,0.0016895212465897,-0.0031900675967335,0.0018241934012621
2025-02-05T03:00:00Z,-7.609444,112.595556,0.0017245814669877,-0.0033040288835763,0.0019166816491633
2025-02-05T06:00:00Z,-7.609444,112.595556,0.001771924435161,-0.0033418866805732,0.0019560817163437
2025-02-05T09:00:00Z,-7.609444,112.595556,0.0018423732835799,-0.0033805922139436,0.0019348189234733
2025-02-05T12:00:00Z,-7.609444,112.595556,0.0018694698810577,-0.0034938179887831,0.001748030888848
2025-02-05T15:00:00Z,-7.609444,112.595556,0.0018645651871338,-0.0035948583390563,0.0015413833316415
2025-02-05T18:00:00Z,-7.609444,112.595556,0.0018490345682948,-0.0037720100954174,0.0014052056940272
2025-02-05T21:00:00Z,-7.609444,112.595556,0.0018891210202127,-0.0038814316503703,0.0012042190646752
2025-02-06T00:00:00Z,-7.609444,112.595556,0.0018594175344333,-0.0040388312190771,0.0011234403355047
2025-02-06T03:00:00Z,-7.609444,112.595556,0.0017928129527717,-0.0041284468024969,0.0009965141071006656
2025-02-06T06:00:00Z,-7.609444,112.595556,0.0017339123878628,-0.0042267888784408,0.0010369914816692
2025-02-06T09:00:00Z,-7.609444,112.595556,0.0018013169756159,-0.0043453024700284,0.0009992053965106606
2025-02-06T12:00:00Z,-7.609444,112.595556,0.0018455073004588,-0.0045558772981166,0.0011216928251087
2025-02-06T15:00:00Z,-7.609444,112.595556,0.0018965023336932,-0.0046925731003284,0.0010762651218101
2025-02-06T18:00:00Z,-7.609444,112.595556,0.0019129685824736,-0.0047721485607326,0.0010341968154534
2025-02-06T21:00:00Z,-7.609444,112.595556,0.002026978181675,-0.0048230225220322,0.0008743613143451512
2025-02-07T00:00:00Z,-7.609444,112.595556,0.0021450205240398,-0.004982172511518,0.000848724041134119
2025-02-07T03:00:00Z,-7.609444,112.595556,0.0022056445013731,-0.0050624464638531,0.0008010020828805864
2025-02-07T06:00:00Z,-7.609444,112.595556,0.0022037494927644,-0.0051528778858482,0.0008425869746133685
2025-02-07T09:00:00Z,-7.609444,112.595556,0.002242739778012,-0.0051777935586869,0.0007191687473095953
2025-02-07T12:00:00Z,-7.609444,112.595556,0.0022468797396868,-0.0052110492251813,0.0008379333885386586
2025-02-07T15:00:00Z,-7.609444,112.595556,0.0022138324566185,-0.0050969296135008,0.000989483785815537
2025-02-07T18:00:00Z,-7.609444,112.595556,0.0021635331213474,-0.0049866745248436,0.0012057743733748
2025-02-07T21:00:00Z,-7.609444,112.595556,0.0022110112477093,-0.0049190912395715,0.0012598352041095
2025-02-08T00:00:00Z,-7.609444,112.595556,0.0022657893132418,-0.0049186507239937,0.0014903228729963
2025-02-08T03:00:00Z,-7.609444,112.595556,0.0022778094280511,-0.0048269852995872,0.0016133121680468
2025-02-08T06:00:00Z,-7.609444,112.595556,0.002225306816399,-0.0046648010611534,0.0017212649108842
2025-02-08T09:00:00Z,-7.609444,112.595556,0.0022259172983467,-0.0044332328252494,0.0018574650166556
2025-02-08T12:00:00Z,-7.609444,112.595556,0.002162848599255,-0.0042292894795536,0.0019235935760661
2025-02-08T15:00:00Z,-7.609444,112.595556,0.0020231818780303,-0.0039737317711114,0.0018565974896773
2025-02-08T18:00:00Z,-7.609444,112.595556,0.0019102192018181,-0.0038052804302424,0.0018594291759654
2025-02-08T21:00:00Z,-7.609444,112.595556,0.0019013937562704,-0.003647064557299,0.0019836698193103
2025-02-09T00:00:00Z,-7.609444,112.595556,0.0018418717663735,-0.0035173415672034,0.0021975950803607
2025-02-09T03:00:00Z,-7.609444,112.595556,0.0017558364197611,-0.0033576835412532,0.002287013689056
2025-02-09T06:00:00Z,-7.609444,112.595556,0.0016580388182774,-0.003216685494408,0.0023567306343466
2025-02-09T09:00:00Z,-7.609444,112.595556,0.0016232498455792,-0.003101089503616,0.0024996858555823
2025-02-09T12:00:00Z,-7.609444,112.595556,0.001543692080304,-0.0030829170718789,0.0026120082475245
2025-02-09T15:00:00Z,-7.609444,112.595556,0.0014162935549393,-0.0029797863680869,0.0024295470211654
2025-02-09T18:00:00Z,-7.609444,112.595556,0.0012862075818702,-0.0029126110021024,0.0023739947937428
2025-02-09T21:00:00Z,-7.609444,112.595556,0.0011773890582844,-0.0028139562346041,0.0023226882331073
2025-02-10T00:00:00Z,-7.609444,112.595556,0.001018300303258,-0.0027725778054445,0.0023157810792326
2025-02-10T03:00:00Z,-7.609444,112.595556,0.0008578134584240615,-0.0027538903523236,0.0022660437971353
2025-02-10T06:00:00Z,-7.609444,112.595556,0.0007227003807201982,-0.0027523208409547,0.0021867346949875
2025-02-10T09:00:00Z,-7.609444,112.595556,0.0006967572844587266,-0.0027893253136426,0.0023395193275064
2025-02-10T12:00:00Z,-7.609444,112.595556,0.0007190203759819269,-0.0028677070513367,0.002430782886222
2025-02-10T15:00:00Z,-7.609444,112.595556,0.0007085270481184125,-0.0028352639637887,0.0022959597408771
2025-02-10T18:00:00Z,-7.609444,112.595556,0.0007544895634055138,-0.0028077496681362,0.0022175225894898
2025-02-10T21:00:00Z,-7.609444,112.595556,0.0008736317977309227,-0.0028093066066503,0.0020710222888737
2025-02-11T00:00:00Z,-7.609444,112.595556,0.0009733748156577348,-0.0028039060998708,0.0019523099763318
2025-02-11T03:00:00Z,-7.609444,112.595556,0.0010460134362801,-0.0027328305877745,0.0017526701558381
2025-02-11T06:00:00Z,-7.609444,112.595556,0.0010689031332731,-0.0026015285402536,0.0015890299109742
2025-02-11T09:00:00Z,-7.609444,112.595556,0.0011346793035045,-0.0024423848371952,0.0015014496166259
2025-02-11T12:00:00Z,-7.609444,112.595556,0.0011637383140623,-0.0022049727849662,0.001394088147208
2025-02-11T15:00:00Z,-7.609444,112.595556,0.0011976206442341,-0.0018949739169329,0.0011704879580065
2025-02-11T18:00:00Z,-7.609444,112.595556,0.0012249400606378,-0.0016337047563865,0.001034794957377
2025-02-11T21:00:00Z,-7.609444,112.595556,0.0012709482107311,-0.0014012567698955,0.0008102133288048208
2025-02-12T00:00:00Z,-7.609444,112.595556,0.0013199736131355,-0.0012215774040669,0.0008158129057846963
2025-02-12T03:00:00Z,-7.609444,112.595556,0.0013584577245637,-0.0010130072478204,0.0006517554284073412
2025-02-12T06:00:00Z,-7.609444,112.595556,0.0013276628451421,-0.0008210268570110202,0.00048176964628510177
2025-02-12T09:00:00Z,-7.609444,112.595556,0.0013321690494194,-0.000678820360917598,0.0004884431837126613
2025-02-12T12:00:00Z,-7.609444,112.595556,0.0013394325505942,-0.0005951892235316336,0.0005549579509533942
2025-02-12T15:00:00Z,-7.609444,112.595556,0.0013448355020955,-0.0004533178289420903,0.0005358698545023799
2025-02-12T18:00:00Z,-7.609444,112.595556,0.0013413660926744,-0.00043315536458976567,0.000585148751270026
2025-02-12T21:00:00Z,-7.609444,112.595556,0.0013333087554201,-0.0004256663087289781,0.0006132475100457668
2025-02-13T00:00:00Z,-7.609444,112.595556,0.001292749075219,-0.0004182611592113972,0.0007390528335236013
2025-02-13T03:00:00Z,-7.609444,112.595556,0.0013539672363549,-0.00040444335900247097,0.0008298008469864726
2025-02-13T06:00:00Z,-7.609444,112.595556,0.0013049641856923,-0.0004143129335716367,0.0009722353424876928
2025-02-13T09:00:00Z,-7.609444,112.595556,0.0012967368820682,-0.00046465444029308856,0.0010939588537439
2025-02-13T12:00:00Z,-7.609444,112.595556,0.0012942812172695,-0.0005298496107570827,0.0011498449603095
2025-02-13T15:00:00Z,-7.609444,112.595556,0.0013167192228138,-0.0005079020047560334,0.0012165174121037
2025-02-13T18:00:00Z,-7.609444,112.595556,0.0012495958944782,-0.0005197589052841067,0.0012087947688996
2025-02-13T21:00:00Z,-7.609444,112.595556,0.001250215456821,-0.0006048421491868794,0.0013046817621216
2025-02-14T00:00:00Z,-7.609444,112.595556,0.0011847127461805,-0.0006872734520584345,0.0014474026393145
2025-02-14T03:00:00Z,-7.609444,112.595556,0.0011085603618994,-0.0007678596884943545,0.0014716268051415
2025-02-14T06:00:00Z,-7.609444,112.595556,0.000998181290924549,-0.0008556140237487853,0.0014759585028514
2025-02-14T09:00:00Z,-7.609444,112.595556,0.0009724583360366524,-0.0010298528941348,0.0015838743420317
2025-02-14T12:00:00Z,-7.609444,112.595556,0.0009511284879408776,-0.0012191856512799,0.0016462819185107
2025-02-14T15:00:00Z,-7.609444,112.595556,0.0008826830890029669,-0.0013196237850934,0.0015648973640054
2025-02-14T18:00:00Z,-7.609444,112.595556,0.0007858071476221085,-0.001483718981035,0.0015788802411407
2025-02-14T21:00:00Z,-7.609444,112.595556,0.0008170318324118853,-0.0016596030909568,0.0015775706851854
2025-02-15T00:00:00Z,-7.609444,112.595556,0.0006817233515903354,-0.0018661190988495,0.0015329348389059
2025-02-15T03:00:00Z,-7.609444,112.595556,0.0005741355125792325,-0.0020008950959891,0.0014545074664056
2025-02-15T06:00:00Z,-7.609444,112.595556,0.0004573753976728767,-0.0021202443167567,0.0014198047574609
2025-02-15T09:00:00Z,-7.609444,112.595556,0.0003719425876624882,-0.0022744082380086,0.0013799082953482
2025-02-15T12:00:00Z,-7.609444,112.595556,0.0002477550588082522,-0.0024247299879789,0.0012661963701248
2025-02-15T15:00:00Z,-7.609444,112.595556,0.0001669102202868089,-0.0025150217115879,0.0011701590847223
2025-02-15T18:00:00Z,-7.609444,112.595556,5.685040014213882e-05,-0.0026092794723808,0.0011366392718628
2025-02-15T21:00:00Z,-7.609444,112.595556,3.986645970144309e-05,-0.0026753391139209,0.0010275683598592
2025-02-16T00:00:00Z,-7.609444,112.595556,-4.610928590409458e-05,-0.0027178761083632,0.0008138413541018963
2025-02-16T03:00:00Z,-7.609444,112.595556,-0.00011871133756358176,-0.0027399591635912,0.0006479209405370057
2025-02-16T06:00:00Z,-7.609444,112.595556,-0.00014480168465524912,-0.0027681989595294,0.0005871190223842859
2025-02-16T09:00:00Z,-7.609444,112.595556,-0.0001632924540899694,-0.002804807620123,0.0004141168901696801
2025-02-16T12:00:00Z,-7.609444,112.595556,-0.0001765500637702644,-0.002911714836955,0.00021993910195305943
2025-02-16T15:00:00Z,-7.609444,112.595556,-0.00011765837552957235,-0.0030377060174942,0.0001191358533105813
2025-02-16T18:00:00Z,-7.609444,112.595556,-7.264107262017205e-05,-0.0031773378141224,8.229642844526097e-05
2025-02-16T21:00:00Z,-7.609444,112.595556,-9.932723514793906e-06,-0.0033203079365193,-8.289849938591942e-05
2025-02-17T00:00:00Z,-7.609444,112.595556,1.5154906577663496e-05,-0.0034601010847836,-0.00016646404401399195
2025-02-17T03:00:00Z,-7.609444,112.595556,0.00010713427036534996,-0.0035979903768748,-0.00023155976668931544
2025-02-17T06:00:00Z,-7.609444,112.595556,0.00016835688438732177,-0.0037432720419019,-0.0002395481860730797
2025-02-17T09:00:00Z,-7.609444,112.595556,0.0002643511106725782,-0.0039270133711397,-0.0002622166939545423
2025-02-17T12:00:00Z,-7.609444,112.595556,0.0002983211015816778,-0.0041503785178065,-0.0003437451960053295
2025-02-17T15:00:00Z,-7.609444,112.595556,0.0003865716280415654,-0.0043188878335058,-0.000323295098496601
2025-02-17T18:00:00Z,-7.609444,112.595556,0.0004441132186912,-0.0044454466551542,-0.0002124653256032616
2025-02-17T21:00:00Z,-7.609444,112.595556,0.0005088182515464723,-0.0045657637529075,-0.0002445119898766279
2025-02-18T00:00:00Z,-7.609444,112.595556,0.0005153521778993309,-0.0046848691999912,-0.00015158913447521627
2025-02-18T03:00:00Z,-7.609444,112.595556,0.0006261016824282706,-0.0048251575790345,-1.22564124467317e-05
2025-02-18T06:00:00Z,-7.609444,112.595556,0.0006573101854883134,-0.0049062464386224,0.00013400308671407402
2025-02-18T09:00:00Z,-7.609444,112.595556,0.000681574922055006,-0.0049976725131273,0.00016999317449517548
2025-02-18T12:00:00Z,-7.609444,112.595556,0.0006835676613263786,-0.005102866794914,0.00022896190057508647
2025-02-18T15:00:00Z,-7.609444,112.595556,0.0007299185963347554,-0.0051677031442523,0.0002606223279144615
2025-02-18T18:00:00Z,-7.609444,112.595556,0.0007143383263610303,-0.0052093830890953,0.0004048908012919128
2025-02-18T21:00:00Z,-7.609444,112.595556,0.0007140274392440915,-0.0052589201368391,0.00039741687942296267
2025-02-19T00:00:00Z,-7.609444,112.595556,0.0006830076454207301,-0.0053319167345762,0.0005029523163102567
2025-02-19T03:00:00Z,-7.609444,112.595556,0.000682466255966574,-0.0053248796612024,0.0005533412913791835
2025-02-19T06:00:00Z,-7.609444,112.595556,0.0006938648293726146,-0.005266617052257,0.0006520303431898355
2025-02-19T09:00:00Z,-7.609444,112.595556,0.000727522128727287,-0.005169456358999,0.0006413589580915868
2025-02-19T12:00:00Z,-7.609444,112.595556,0.0007227390888147056,-0.0050854301080107,0.0006165666272863746
2025-02-19T15:00:00Z,-7.609444,112.595556,0.0007664650911465287,-0.0049066529609262,0.0005618523573502898
2025-02-19T18:00:00Z,-7.609444,112.595556,0.0007961763185448945,-0.0047676232643425,0.000512203318066895
2025-02-19T21:00:00Z,-7.609444,112.595556,0.0008948830654844642,-0.004665604326874,0.0003790025657508522
2025-02-20T00:00:00Z,-7.609444,112.595556,0.0009263934334740044,-0.0045770211145281,0.0003219417994841933
2025-02-20T03:00:00Z,-7.609444,112.595556,0.0009760336834006011,-0.0044342237524688,0.00020639847207348796
2025-02-20T06:00:00Z,-7.609444,112.595556,0.0009685172117315232,-0.0042789573781192,4.859157706960104e-05
2025-02-20T09:00:00Z,-7.609444,112.595556,0.0009878076380118728,-0.0041605248115956,6.473175744758919e-06
2025-02-20T12:00:00Z,-7.609444,112.595556,0.0010462270583957,-0.0041146758012473,-9.941747521224896e-06
2025-02-20T15:00:00Z,-7.609444,112.595556,0.0010989357251673,-0.0040166596882045,5.594250251306221e-05
2025-02-20T18:00:00Z,-7.609444,112.595556,0.0011061211116611,-0.0039305072277784,5.813652751385234e-05
2025-02-20T21:00:00Z,-7.609444,112.595556,0.0011728019453585,-0.0038515995256602,-1.0848613783309702e-05
2025-02-21T00:00:00Z,-7.609444,112.595556,0.0012283266987651,-0.0037731216289103,4.238990732119419e-05
2025-02-21T03:00:00Z,-7.609444,112.595556,0.001301709911786,-0.0036980980075895,-2.101878089888487e-05
2025-02-21T06:00:00Z,-7.609444,112.595556,0.0012632500147446,-0.0036319391801953,-5.9111138398293406e-05
2025-02-21T09:00:00Z,-7.609444,112.595556,0.0012470340589061,-0.0035745294298976,-7.641456613782793e-05
2025-02-21T12:00:00Z,-7.609444,112.595556,0.0012705737026408,-0.0035655656829476,-0.00013587063585873693
2025-02-21T15:00:00Z,-7.609444,112.595556,0.0012694537872448,-0.0034044524654746,-0.0001775633863871917
2025-02-21T18:00:00Z,-7.609444,112.595556,0.001216018688865,-0.0032357552554458,-0.0002717076276894659
2025-02-21T21:00:00Z,-7.609444,112.595556,0.001255533308722,-0.0030881376005709,-0.0003921386669389904
2025-02-22T00:00:00Z,-7.609444,112.595556,0.001331964158453,-0.002940509468317,-0.00032729958184063435
2025-02-22T03:00:00Z,-7.609444,112.595556,0.0014573669759556,-0.0027740020304918,-0.0003011082590091973
2025-02-22T06:00:00Z,-7.609444,112.595556,0.0015120021998882,-0.0026072442997246,-0.00040335487574338913
2025-02-22T09:00:00Z,-7.609444,112.595556,0.0016449956456199,-0.002474162960425,-0.0005373430904000998
2025-02-22T12:00:00Z,-7.609444,112.595556,0.0017419377109035,-0.0022860956378281,-0.0007302960730157793
2025-02-22T15:00:00Z,-7.609444,112.595556,0.0018173991702497,-0.0019742478616535,-0.0009433996165171266
2025-02-22T18:00:00Z,-7.609444,112.595556,0.0017851325683295,-0.0017910214373841,-0.0010852011619135
2025-02-22T21:00:00Z,-7.609444,112.595556,0.0018331325845792,-0.0015977883012965,-0.0013304031454026
2025-02-23T00:00:00Z,-7.609444,112.595556,0.0018998589366674,-0.0014032456092536,-0.0014096106169745
2025-02-23T03:00:00Z,-7.609444,112.595556,0.0019861450418829,-0.0011590784415602,-0.0015035597607493
2025-02-23T06:00:00Z,-7.609444,112.595556,0.001962351379916,-0.0008981910650618374,-0.001564989099279
2025-02-23T09:00:00Z,-7.609444,112.595556,0.001967758173123,-0.0005910893669351935,-0.0015886801993474
2025-02-23T12:00:00Z,-7.609444,112.595556,0.0019898570608347,-0.0003448813804425299,-0.0017055619973689
2025-02-23T15:00:00Z,-7.609444,112.595556,0.0020139024127274,-7.420508336508647e-05,-0.0018854897934943
2025-02-23T18:00:00Z,-7.609444,112.595556,0.0019796919077634,0.00010632711928337812,-0.0019169232109561
2025-02-23T21:00:00Z,-7.609444,112.595556,0.002009677933529,0.000181020048330538,-0.0019797484856098
2025-02-24T00:00:00Z,-7.609444,112.595556,0.0020250170491635,0.00032031649607233703,-0.0020105417352169
2025-02-24T03:00:00Z,-7.609444,112.595556,0.0020067805889993,0.0004938148777000606,-0.0020878589712083
2025-02-24T06:00:00Z,-7.609444,112.595556,0.0019154179608449,0.0006727189174853265,-0.0021368509624153
2025-02-24T09:00:00Z,-7.609444,112.595556,0.0018075049156323,0.0008217405411414802,-0.0022012065164744
2025-02-24T12:00:00Z,-7.609444,112.595556,0.0017212147358804,0.000910493778064847,-0.0022805423941463
2025-02-24T15:00:00Z,-7.609444,112.595556,0.0016533832531422,0.0010953140445053,-0.0024370029568672
2025-02-24T18:00:00Z,-7.609444,112.595556,0.0015700620133429,0.0011857351055368,-0.0023747845552861
2025-02-24T21:00:00Z,-7.609444,112.595556,0.0015275478363037,0.0013517222832888,-0.0024019251577556
2025-02-25T00:00:00Z,-7.609444,112.595556,0.0014230584492906,0.0015368005260825,-0.0023784474469721
2025-02-25T03:00:00Z,-7.609444,112.595556,0.0014047474833205,0.0016995281912386,-0.0023651842493563
2025-02-25T06:00:00Z,-7.609444,112.595556,0.0014016960049048,0.0017970839980989,-0.0022843538317829
2025-02-25T09:00:00Z,-7.609444,112.595556,0.0013956587063148,0.0018125716596841,-0.0021603000350296
2025-02-25T12:00:00Z,-7.609444,112.595556,0.00135220924858,0.0018223916413262,-0.0021353207994252
2025-02-25T15:00:00Z,-7.609444,112.595556,0.0012785361614078,0.0019152769818902,-0.0022520804777741
2025-02-25T18:00:00Z,-7.609444,112.595556,0.0011741266353055,0.0019295756937935,-0.0021198217291384
2025-02-25T21:00:00Z,-7.609444,112.595556,0.0011839617509394,0.0019220071844756,-0.0019962224178016
2025-02-26T00:00:00Z,-7.609444,112.595556,0.0011749415425583,0.001889583771117,-0.001764721237123
2025-02-26T03:00:00Z,-7.609444,112.595556,0.0011685726931318,0.0018118050647899,-0.0015600856859236
2025-02-26T06:00:00Z,-7.609444,112.595556,0.0011384583776816,0.0016485723899677,-0.001245369319804
2025-02-26T09:00:00Z,-7.609444,112.595556,0.0011652715038508,0.001477861427702,-0.000944731873460114
2025-02-26T12:00:00Z,-7.609444,112.595556,0.0012180811027064,0.0012827162863686,-0.0007396614528261125
2025-02-26T15:00:00Z,-7.609444,112.595556,0.001273651025258,0.0011733678402379,-0.0005578315467573702
2025-02-26T18:00:00Z,-7.609444,112.595556,0.0012889720965176,0.000969373679254204,-0.0004582491528708488
2025-02-26T21:00:00Z,-7.609444,112.595556,0.001338098431006,0.0007436659070663154,-0.0005302430945448577
2025-02-27T00:00:00Z,-7.609444,112.595556,0.0014004108961671,0.0004681275167968124,-0.0004225097363814712
2025-02-27T03:00:00Z,-7.609444,112.595556,0.0014138091355562,0.00031983799999579787,-0.0004002551140729338
2025-02-27T06:00:00Z,-7.609444,112.595556,0.0013079524505883,0.00015168818936217576,-0.0002872645854949951
2025-02-27T09:00:00Z,-7.609444,112.595556,0.0012387980241328,3.24824832205195e-05,-0.000298317288979888
2025-02-27T12:00:00Z,-7.609444,112.595556,0.0011265516513958,-7.652285421499982e-05,-0.0003455140395089984
2025-02-27T15:00:00Z,-7.609444,112.595556,0.0010326241608709,-4.990199886378832e-05,-0.0004071810399182141
2025-02-27T18:00:00Z,-7.609444,112.595556,0.0009311665198765696,-0.00012523819168563932,-0.0003687238786369562
2025-02-27T21:00:00Z,-7.609444,112.595556,0.0009585246443748474,-0.00022745724709238857,-0.00041101983515545726
2025-02-28T00:00:00Z,-7.609444,112.595556,0.0009876287076622248,-0.00032640653080306947,-0.0004732324159704149
2025-02-28T03:00:00Z,-7.609444,112.595556,0.0009836464887484908,-0.0003483316977508366,-0.0004735526454169303
2025-02-28T06:00:00Z,-7.609444,112.595556,0.0008945561130531132,-0.0003735004283953458,-0.0005331598222255707
2025-02-28T09:00:00Z,-7.609444,112.595556,0.0007861719932407141,-0.00037420637090690434,-0.0006631911383010447
2025-02-28T12:00:00Z,-7.609444,112.595556,0.0007544754771515727,-0.0004759992298204452,-0.0007152511388994753
2025-02-28T15:00:00Z,-7.609444,112.595556,0.0007249668706208467,-0.0005292252171784639,-0.0007874693255871534
2025-02-28T18:00:00Z,-7.609444,112.595556,0.0005900833639316261,-0.0006412932416424155,-0.0007345646736212075
2025-02-28T21:00:00Z,-7.609444,112.595556,0.0005499886465258896,-0.0007258831756189466,-0.0008373241871595383
2025-03-01T00:00:00Z,-7.609444,112.595556,0.0005665220669470727,-0.0008428534492850304,-0.000684725702740252
2025-03-01T03:00:00Z,-7.609444,112.595556,0.0006081496831029654,-0.0009043010650202632,-0.0005125132738612592
2025-03-01T06:00:00Z,-7.609444,112.595556,0.0006184598314575851,-0.0009726450080052018,-0.0002769594721030444
2025-03-01T09:00:00Z,-7.609444,112.595556,0.0006471871747635305,-0.0010697646066546,-0.00012197374599054456
2025-03-01T12:00:00Z,-7.609444,112.595556,0.0006960071041248739,-0.0012266814010217,-5.740969209000468e-05
2025-03-01T15:00:00Z,-7.609444,112.595556,0.0007723270100541413,-0.0012830733321607,-7.625133002875373e-05
2025-03-01T18:00:00Z,-7.609444,112.595556,0.0007461211062036455,-0.0012806000886484,-1.0743528946477454e-05
2025-03-01T21:00:00Z,-7.609444,112.595556,0.0007473724544979632,-0.0012424065498635,-0.00010303645103704184
2025-03-02T00:00:00Z,-7.609444,112.595556,0.0007354476838372648,-0.0011905966093763,-6.409880006685853e-05
2025-03-02T03:00:00Z,-7.609444,112.595556,0.0007040401687845588,-0.0011261897161602,-5.441421308205463e-05
2025-03-02T06:00:00Z,-7.609444,112.595556,0.0006444320315495133,-0.001080302754417,4.157069997745566e-05
2025-03-02T09:00:00Z,-7.609444,112.595556,0.0005996205727569759,-0.0010632456978783,0.00015972723485901952
2025-03-02T12:00:00Z,-7.609444,112.595556,0.0005332581931725144,-0.0010666934540495,0.00017125008162111044
2025-03-02T15:00:00Z,-7.609444,112.595556,0.000495990039780736,-0.000982325174845755,0.00014901025861036032
2025-03-02T18:00:00Z,-7.609444,112.595556,0.000434237445006147,-0.0009165412629954516,0.00013220035179983824
2025-03-02T21:00:00Z,-7.609444,112.595556,0.0004036803438793868,-0.0008543035946786404,-5.04282143083401e-05
2025-03-03T00:00:00Z,-7.609444,112.595556,0.0003318957751616836,-0.0008433143375441432,-0.00012256221089046448
2025-03-03T03:00:00Z,-7.609444,112.595556,0.00029829260893166065,-0.0007806584471836686,-0.00016378541477024555
2025-03-03T06:00:00Z,-7.609444,112.595556,0.00021574788843281567,-0.0007233241340145469,-0.0001620681578060612
2025-03-03T09:00:00Z,-7.609444,112.595556,0.0001710118813207373,-0.0006942764739505947,-0.00010189988825004548
2025-03-03T12:00:00Z,-7.609444,112.595556,7.503935194108635e-05,-0.0006254558684304357,-0.00012499626609496772
2025-03-03T15:00:00Z,-7.609444,112.595556,-1.4524674043059347e-05,-0.0005222160252742469,-0.0001784493069862947
2025-03-03T18:00:00Z,-7.609444,112.595556,-0.0001385438663419336,-0.0004502564261201769,-0.00018955286941491067
2025-03-03T21:00:00Z,-7.609444,112.595556,-0.00016382147441618145,-0.000407977873692289,-0.0004042080254293978
2025-03-04T00:00:00Z,-7.609444,112.595556,-0.00020320946350693703,-0.0004371478280518204,-0.0004911338328383863
2025-03-04T03:00:00Z,-7.609444,112.595556,-0.00020603630400728437,-0.0005366243422031403,-0.0006442776648327708
2025-03-04T06:00:00Z,-7.609444,112.595556,-0.00025652151089161634,-0.0006313566118478775,-0.0007325524929910898
2025-03-04T09:00:00Z,-7.609444,112.595556,-0.0002743751101661473,-0.0008455603965558112,-0.0008236381108872592
2025-03-04T12:00:00Z,-7.609444,112.595556,-0.0003083461197093129,-0.0010579216759651,-0.000931372109334916
2025-03-04T15:00:00Z,-7.609444,112.595556,-0.00034354437957517803,-0.0012553636915981,-0.0010730269132182
2025-03-04T18:00:00Z,-7.609444,112.595556,-0.00040837732376530766,-0.0014344525989145,-0.0011544955195859
2025-03-04T21:00:00Z,-7.609444,112.595556,-0.0003973962157033384,-0.001583295292221,-0.0013038113247603
2025-03-05T00:00:00Z,-7.609444,112.595556,-0.0004094739560969174,-0.0016889063408598,-0.001339053385891
2025-03-05T03:00:00Z,-7.609444,112.595556,-0.00035960611421614885,-0.0017008030554279,-0.0014243371551856
2025-03-05T06:00:00Z,-7.609444,112.595556,-0.0003034376713912934,-0.0016993996687233,-0.0014348471304401
2025-03-05T09:00:00Z,-7.609444,112.595556,-0.00024622472119517624,-0.0016739526763558,-0.0015060496516525
2025-03-05T12:00:00Z,-7.609444,112.595556,-0.00019249753677286208,-0.0016687406459823,-0.0015601026825606
2025-03-05T15:00:00Z,-7.609444,112.595556,-0.00015068108041305095,-0.0015834172954782,-0.0016574802575632
2025-03-05T18:00:00Z,-7.609444,112.595556,-0.0001651825150474906,-0.0014188536442816,-0.0017025812994688
2025-03-05T21:00:00Z,-7.609444,112.595556,-0.00014001192175783217,-0.0012191783171147,-0.0019498782930895
2025-03-06T00:00:00Z,-7.609444,112.595556,-0.00015887644258327782,-0.0010332078672945,-0.0019311950309202
2025-03-06T03:00:00Z,-7.609444,112.595556,-0.00011747609823942184,-0.0007844595820643008,-0.0018837829120457
2025-03-06T06:00:00Z,-7.609444,112.595556,-8.823690586723387e-05,-0.0005219096783548594,-0.0017846481641754
2025-03-06T09:00:00Z,-7.609444,112.595556,-4.7287150664487854e-05,-0.000316108315018937,-0.0016620192909613
2025-03-06T12:00:00Z,-7.609444,112.595556,-2.608296927064657e-05,-0.0001676822721492499,-0.0016169638838618
2025-03-06T15:00:00Z,-7.609444,112.595556,4.319685831433162e-05,3.827755426755175e-05,-0.0015288740396499
2025-03-06T18:00:00Z,-7.609444,112.595556,4.844298746320419e-05,0.00020915271306876093,-0.0013365240301936
2025-03-06T21:00:00Z,-7.609444,112.595556,7.902483048383147e-05,0.0003870648506563157,-0.0012042393209412
2025-03-07T00:00:00Z,-7.609444,112.595556,6.803523865528405e-05,0.000468230718979612,-0.0010081508662551
2025-03-07T03:00:00Z,-7.609444,112.595556,0.00012273724132683128,0.0005491437623277307,-0.0008421078091487288
2025-03-07T06:00:00Z,-7.609444,112.595556,7.240431295940652e-05,0.0006732721230946481,-0.0007406100048683584
2025-03-07T09:00:00Z,-7.609444,112.595556,4.579974756779848e-06,0.0007498086779378355,-0.0006743329577147961
2025-03-07T12:00:00Z,-7.609444,112.595556,-7.29884413885884e-05,0.0007847954402677715,-0.0005339984782040119
2025-03-07T15:00:00Z,-7.609444,112.595556,-0.00014884171832818538,0.0009517554426565766,-0.0005056223599240184
2025-03-07T18:00:00Z,-7.609444,112.595556,-0.00025079373153857887,0.0010614283382892,-0.0003130983968731016
2025-03-07T21:00:00Z,-7.609444,112.595556,-0.0003343860153108835,0.0011215842096135,-0.0002694976283237338
2025-03-08T00:00:00Z,-7.609444,112.595556,-0.0004945425316691399,0.0011118014808744,-0.00015138332673814148
2025-03-08T03:00:00Z,-7.609444,112.595556,-0.0005963941803202033,0.0011812304146587,-0.0001512535964138806
2025-03-08T06:00:00Z,-7.609444,112.595556,-0.0007050390704534948,0.0012922813184559,-0.0002355179749429226
2025-03-08T09:00:00Z,-7.609444,112.595556,-0.0007625980651937425,0.0013506638351827,-0.00032745880889706314
2025-03-08T12:00:00Z,-7.609444,112.595556,-0.0008274572901427746,0.0013851395342499,-0.00033160008024424314
2025-03-08T15:00:00Z,-7.609444,112.595556,-0.000916851742658764,0.0015232497826218,-0.0004974562325514853
2025-03-08T18:00:00Z,-7.609444,112.595556,-0.0010455442825332,0.0015733003383502,-0.0005584280006587505
2025-03-08T21:00:00Z,-7.609444,112.595556,-0.0010075849713757,0.0015418566763401,-0.000543656584341079
2025-03-09T00:00:00Z,-7.609444,112.595556,-0.0009982611518353224,0.0014796328032389,-0.00047842503408901393
2025-03-09T03:00:00Z,-7.609444,112.595556,-0.0009689314756542444,0.0015276060439646,-0.000703769619576633
2025-03-09T06:00:00Z,-7.609444,112.595556,-0.0009313903283327818,0.0015355865471065,-0.0009078957955352962
2025-03-09T09:00:00Z,-7.609444,112.595556,-0.0008216261630877852,0.0015143732307478,-0.0008861817186698318
2025-03-09T12:00:00Z,-7.609444,112.595556,-0.0007389991078525782,0.0014754481380805,-0.0009076283895410596
2025-03-09T15:00:00Z,-7.609444,112.595556,-0.0006327594164758921,0.0014984279405325,-0.0011413778411224
2025-03-09T18:00:00Z,-7.609444,112.595556,-0.0005793166346848011,0.0014300991315394,-0.0012044713366776
2025-03-09T21:00:00Z,-7.609444,112.595556,-0.0004791558894794434,0.0013068554690107,-0.0013221432454884
2025-03-10T00:00:00Z,-7.609444,112.595556,-0.00035537342773750424,0.0011765044182538,-0.0012752457987517
2025-03-10T03:00:00Z,-7.609444,112.595556,-0.00025613702018745244,0.0010697611141949,-0.001370801241137
2025-03-10T06:00:00Z,-7.609444,112.595556,-0.00019500927010085436,0.00090820190962404,-0.0014169255737215
2025-03-10T09:00:00Z,-7.609444,112.595556,-9.404240699950606e-05,0.0007542852545157075,-0.0014288494130596
2025-03-10T12:00:00Z,-7.609444,112.595556,2.029963070526719e-06,0.0005856235511600971,-0.0012750957394018
2025-03-10T15:00:00Z,-7.609444,112.595556,0.00012035421968903393,0.000494007661473006,-0.0012421727878972
2025-03-10T18:00:00Z,-7.609444,112.595556,0.00010575345368124545,0.0004240352427586913,-0.0011606410844251
2025-03-10T21:00:00Z,-7.609444,112.595556,0.00016301387222483754,0.00034644341212697327,-0.0012185072991997
2025-03-11T00:00:00Z,-7.609444,112.595556,0.0002499740803614259,0.0002602929016575217,-0.0010888746473938
2025-03-11T03:00:00Z,-7.609444,112.595556,0.00030576257267966866,0.00021737843053415415,-0.0010805395431816
2025-03-11T06:00:00Z,-7.609444,112.595556,0.0002812017919495702,0.00019371818052604797,-0.0010007328819483
2025-03-11T09:00:00Z,-7.609444,112.595556,0.00029711786191910505,0.00019581800734158605,-0.000935759104322642
2025-03-11T12:00:00Z,-7.609444,112.595556,0.0002855175698641688,0.00018813510541804132,-0.0008788083796389401
2025-03-11T15:00:00Z,-7.609444,112.595556,0.00025656921206973493,0.0002444543642923236,-0.000800038396846503
2025-03-11T18:00:00Z,-7.609444,112.595556,0.0001153859993792139,0.0002880000101868063,-0.0006563240312971175
2025-03-11T21:00:00Z,-7.609444,112.595556,5.228257941780612e-05,0.00024391266924794763,-0.0005805711844004691
2025-03-12T00:00:00Z,-7.609444,112.595556,1.1636181625362951e-05,0.00017748661048244685,-0.0004763867182191461
2025-03-12T03:00:00Z,-7.609444,112.595556,-7.685564014536794e-06,0.00012699680519290268,-0.00038950287853367627
2025-03-12T06:00:00Z,-7.609444,112.595556,-0.00010305702744517475,9.583884093444794e-05,-0.0001750120572978631
2025-03-12T09:00:00Z,-7.609444,112.595556,-0.00015756036737002432,8.083029388217255e-05,-0.0001964535185834393
2025-03-12T12:00:00Z,-7.609444,112.595556,-0.0002048228489002213,6.52217713650316e-05,-0.0002684973878785968
2025-03-12T15:00:00Z,-7.609444,112.595556,-0.0002520550915505737,1.2577156667248346e-05,-0.0002287795796291903
2025-03-12T18:00:00Z,-7.609444,112.595556,-0.0003168569237459451,-0.00010712759103626011,-0.00027001704438589513
2025-03-12T21:00:00Z,-7.609444,112.595556,-0.0003676614433061332,-0.00025864929193630815,-0.0002981612633448094
2025-03-13T00:00:00Z,-7.609444,112.595556,-0.0004220235859975219,-0.0003501017054077238,-0.0004310017393436283
2025-03-13T03:00:00Z,-7.609444,112.595556,-0.000426825339673087,-0.0004211691557429731,-0.0005248039960861206
2025-03-13T06:00:00Z,-7.609444,112.595556,-0.000503151211887598,-0.0003644086827989668,-0.0005921972333453596
2025-03-13T09:00:00Z,-7.609444,112.595556,-0.0005593090318143368,-0.00032870611175894737,-0.0007718162378296256
2025-03-13T12:00:00Z,-7.609444,112.595556,-0.0005974956438876688,-0.0003505836939439177,-0.0009693216416053474
2025-03-13T15:00:00Z,-7.609444,112.595556,-0.0005724141956306994,-0.0003541583428159356,-0.0010130185401067
2025-03-13T18:00:00Z,-7.609444,112.595556,-0.0005595448892563581,-0.0003886638733092696,-0.0011651098029688
2025-03-13T21:00:00Z,-7.609444,112.595556,-0.0004585888236761093,-0.0003964015340898186,-0.0013343289028853
2025-03-14T00:00:00Z,-7.609444,112.595556,-0.00033916893880814314,-0.0004186234436929226,-0.0015371151966974
2025-03-14T03:00:00Z,-7.609444,112.595556,-0.0002246438525617123,-0.0004785534692928195,-0.0017277261940762
2025-03-14T06:00:00Z,-7.609444,112.595556,-0.00020787978428415957,-0.0004554521583486349,-0.0019443013006821
2025-03-14T09:00:00Z,-7.609444,112.595556,-0.0001221099228132516,-0.0004495148896239698,-0.0021117674186825
2025-03-14T12:00:00Z,-7.609444,112.595556,-5.5248143326025456e-05,-0.0005015164497308433,-0.002078496851027
2025-03-14T15:00:00Z,-7.609444,112.595556,8.817675552563742e-05,-0.0005069723702035844,-0.0019515219610184
2025-03-14T18:00:00Z,-7.609444,112.595556,0.00012484347098506987,-0.0004710505018010736,-0.0019542030058801
2025-03-14T21:00:00Z,-7.609444,112.595556,0.00026570705813355744,-0.0003753013734240085,-0.0018953599501401
2025-03-15T00:00:00Z,-7.609444,112.595556,0.0004318530845921487,-0.00035610506893135607,-0.0018415240338072
2025-03-15T03:00:00Z,-7.609444,112.595556,0.0006156561430543661,-0.00036458278191275895,-0.0017221074085682
2025-03-15T06:00:00Z,-7.609444,112.595556,0.0007650269544683397,-0.0003363944997545332,-0.0017338673351332
2025-03-15T09:00:00Z,-7.609444,112.595556,0.000938042241614312,-0.00028418184956535697,-0.0017751242266967
2025-03-15T12:00:00Z,-7.609444,112.595556,0.0009796519298106432,-0.0002409118169452995,-0.0017776568420231
2025-03-15T15:00:00Z,-7.609444,112.595556,0.0010169171728193,-0.00017057781224139035,-0.0017091252375394
2025-03-15T18:00:00Z,-7.609444,112.595556,0.00096218689577654,-6.81209858157672e-05,-0.0016166124260053
2025-03-15T21:00:00Z,-7.609444,112.595556,0.000966302992310375,-4.214551518089138e-05,-0.0015667483676224
2025-03-16T00:00:00Z,-7.609444,112.595556,0.0008555580279789865,-0.00011028222070308402,-0.001411632518284
2025-03-16T03:00:00Z,-7.609444,112.595556,0.0008374300668947399,-0.0002013989724218845,-0.0012658890336751
2025-03-16T06:00:00Z,-7.609444,112.595556,0.0007738509448245168,-0.0002553970261942595,-0.0011305644875392
2025-03-16T09:00:00Z,-7.609444,112.595556,0.0006727874279022217,-0.0001719156134640798,-0.0012046264018863
2025-03-16T12:00:00Z,-7.609444,112.595556,0.0006043104222044349,-0.00010176296200370416,-0.0009891196386888623
2025-03-16T15:00:00Z,-7.609444,112.595556,0.0005897647934034467,-6.709302397212014e-05,-0.0007534406031481922
2025-03-16T18:00:00Z,-7.609444,112.595556,0.0005246606888249516,-3.949551683035679e-05,-0.0006887008785270154
2025-03-16T21:00:00Z,-7.609444,112.595556,0.0004950875299982727,-7.139086665119976e-05,-0.0006782261771149933
2025-03-17T00:00:00Z,-7.609444,112.595556,0.00038132324698381126,-0.00010638865933287887,-0.0006250326987355947
2025-03-17T03:00:00Z,-7.609444,112.595556,0.0002917459059972316,-5.7795728935161605e-05,-0.0005921699921600521
2025-03-17T06:00:00Z,-7.609444,112.595556,0.00012708631402347237,4.047515903948806e-05,-0.0005291028064675629
2025-03-17T09:00:00Z,-7.609444,112.595556,1.675111343502067e-05,0.00013552197196986526,-0.0005850913003087044
2025-03-17T12:00:00Z,-7.609444,112.595556,-6.225274410098791e-05,0.00011359398195054382,-0.0004924008389934897
2025-03-17T15:00:00Z,-7.609444,112.595556,-2.6306577638024464e-05,8.072411583270878e-05,-0.0004582078254316002
2025-03-17T18:00:00Z,-7.609444,112.595556,-4.8026016884250566e-05,0.00010260124690830708,-0.00039108673809096217
2025-03-17T21:00:00Z,-7.609444,112.595556,-5.758060069638304e-05,0.0001371465768897906,-0.0004447797546163201
2025-03-18T00:00:00Z,-7.609444,112.595556,-5.138982305652462e-05,0.00023498492373619229,-0.0005091936909593642
2025-03-18T03:00:00Z,-7.609444,112.595556,-5.172183227841742e-05,0.0002985613245982677,-0.0005506362649612129
2025-03-18T06:00:00Z,-7.609444,112.595556,-0.00011430607264628634,0.0004292435187380761,-0.0006149612599983811
2025-03-18T09:00:00Z,-7.609444,112.595556,-0.00013441135524772108,0.0004942019586451352,-0.0007431689300574362
2025-03-18T12:00:00Z,-7.609444,112.595556,-0.0001265418395632878,0.0004875855229329318,-0.000754800857976079
2025-03-18T15:00:00Z,-7.609444,112.595556,-2.2385600459529087e-05,0.0005387669079937041,-0.0007740760920569301
2025-03-18T18:00:00Z,-7.609444,112.595556,-3.545277286320925e-05,0.0005489580798894167,-0.0007980592781677842
2025-03-18T21:00:00Z,-7.609444,112.595556,3.379956615390256e-05,0.000508613302372396,-0.0007351579261012375
2025-03-19T00:00:00Z,-7.609444,112.595556,0.00010237535752821714,0.0003854178939945996,-0.0007871740963310003
2025-03-19T03:00:00Z,-7.609444,112.595556,0.00022891968546900896,0.00022520851052831856,-0.0008142587612383068
2025-03-19T06:00:00Z,-7.609444,112.595556,0.0003011524968314916,0.00011301656923023984,-0.0009007763583213092
2025-03-19T09:00:00Z,-7.609444,112.595556,0.0004239784611854702,8.623229223303497e-05,-0.000911056878976524
2025-03-19T12:00:00Z,-7.609444,112.595556,0.0005071352934464812,0.00012321668327786028,-0.0009071753011085092
2025-03-19T15:00:00Z,-7.609444,112.595556,0.0006321893888525665,0.0002077954559354112,-0.0008942980202846229
2025-03-19T18:00:00Z,-7.609444,112.595556,0.0007110771257430315,0.00024671421851962805,-0.0009240323561243712
2025-03-19T21:00:00Z,-7.609444,112.595556,0.0009059325675480068,0.0002510245540179312,-0.001007457380183
2025-03-20T00:00:00Z,-7.609444,112.595556,0.0010853837011381,0.0002421517128823325,-0.0009595455485396088
2025-03-20T03:00:00Z,-7.609444,112.595556,0.0012528422521427,0.0002868030278477818,-0.0010306765325367
2025-03-20T06:00:00Z,-7.609444,112.595556,0.0013702122960239,0.0003967000520788133,-0.0010062287328764
2025-03-20T09:00:00Z,-7.609444,112.595556,0.0014661744935438,0.0005791369476355612,-0.0010215198853984
2025-03-20T12:00:00Z,-7.609444,112.595556,0.0014725687215104,0.0006957986624911427,-0.0010450991103425
2025-03-20T15:00:00Z,-7.609444,112.595556,0.0014957766979932,0.0007999232038855553,-0.0011390827130526
2025-03-20T18:00:00Z,-7.609444,112.595556,0.001564786885865,0.0007263749139383435,-0.0010677346726879
2025-03-20T21:00:00Z,-7.609444,112.595556,0.0016963143134489,0.0006754588684998453,-0.000986353843472898
2025-03-21T00:00:00Z,-7.609444,112.595556,0.0017062952974811,0.0006437499541789293,-0.0009280643425881864
2025-03-21T03:00:00Z,-7.609444,112.595556,0.0017491111066192,0.0006352358032017946,-0.0010139055084437
2025-03-21T06:00:00Z,-7.609444,112.595556,0.0017371100839227,0.0006311919423751533,-0.000971142842900008
2025-03-21T09:00:00Z,-7.609444,112.595556,0.0017055565258488,0.000620742910541594,-0.0009518946753814816
2025-03-21T12:00:00Z,-7.609444,112.595556,0.0015809690812602,0.0005792943993583322,-0.0010088812559843
2025-03-21T15:00:00Z,-7.609444,112.595556,0.0014842173550277,0.0005517439567483962,-0.000995529117062688
2025-03-21T18:00:00Z,-7.609444,112.595556,0.0013537697959691,0.0005164369940757751,-0.0009152030688710512
2025-03-21T21:00:00Z,-7.609444,112.595556,0.0013199337990954,0.0005031126784160733,-0.0008396648918278515
2025-03-22T00:00:00Z,-7.609444,112.595556,0.0012398561229929,0.00047775686834938813,-0.0007820576429367065
2025-03-22T03:00:00Z,-7.609444,112.595556,0.0011686461511999,0.0005120663554407656,-0.000856862694490701
2025-03-22T06:00:00Z,-7.609444,112.595556,0.0010893553262576,0.0004955556942149997,-0.0008446741849184036
2025-03-22T09:00:00Z,-7.609444,112.595556,0.0010759683791548,0.0004592210170812905,-0.0009267863933928312
2025-03-22T12:00:00Z,-7.609444,112.595556,0.0010459793265908,0.00040194139000959694,-0.000971769099123776
2025-03-22T15:00:00Z,-7.609444,112.595556,0.0010122869862243,0.00043632753659039736,-0.0009186153183691204
2025-03-22T18:00:00Z,-7.609444,112.595556,0.0008933154749684036,0.0004811024409718812,-0.0009099973831325768
2025-03-22T21:00:00Z,-7.609444,112.595556,0.0008404514519497752,0.00044098508078604937,-0.0009735667263157666
2025-03-23T00:00:00Z,-7.609444,112.595556,0.0007721041911281645,0.0003758931707125157,-0.0008686233777552843
2025-03-23T03:00:00Z,-7.609444,112.595556,0.0007870792760513723,0.0002853534242603928,-0.0007884404039941728
2025-03-23T06:00:00Z,-7.609444,112.595556,0.0007601031102240086,0.0002851230965461582,-0.0005623188917525113
2025-03-23T09:00:00Z,-7.609444,112.595556,0.0007964718388393521,0.0002560889697633684,-0.00048244072240777314
2025-03-23T12:00:00Z,-7.609444,112.595556,0.0009058797731995584,0.0001883734221337363,-0.0003220536164008081
2025-03-23T15:00:00Z,-7.609444,112.595556,0.0010893496219068,0.00022053401335142556,-0.00011490099132061005
2025-03-23T18:00:00Z,-7.609444,112.595556,0.0011311084963381,0.0001964838738786057,-1.702432746242266e-05
2025-03-23T21:00:00Z,-7.609444,112.595556,0.0012250838335603,0.00016499703633598983,0.0001319222355959937
2025-03-24T00:00:00Z,-7.609444,112.595556,0.0013108574785292,0.0001252705551451072,0.00016248262545559555
2025-03-24T03:00:00Z,-7.609444,112.595556,0.0014238333096727,0.00013376447896007448,0.000223139111767523
2025-03-24T06:00:00Z,-7.609444,112.595556,0.0014168802881613,0.00021149204985704276,0.0003230978618375957
2025-03-24T09:00:00Z,-7.609444,112.595556,0.0013287612237036,0.00025573981110937893,0.0003387101169209928
2025-03-24T12:00:00Z,-7.609444,112.595556,0.0013290473725646,0.000214540254091844,0.0004766843921970576
2025-03-24T15:00:00Z,-7.609444,112.595556,0.0014156877296045,0.00016728081391192973,0.0006805292796343565
2025-03-24T18:00:00Z,-7.609444,112.595556,0.0012407475151121,0.00012119508028263226,0.0008493943023495376
2025-03-24T21:00:00Z,-7.609444,112.595556,0.0010957083432003,5.596485061687417e-05,0.0011299051111564
2025-03-25T00:00:00Z,-7.609444,112.595556,0.0010287258774042,-3.999787440989167e-05,0.001378227607347
2025-03-25T03:00:00Z,-7.609444,112.595556,0.0010262435534968,-0.00014039294910617173,0.0016741506988182
2025-03-25T06:00:00Z,-7.609444,112.595556,0.0009051072993315756,-0.0002520905982237309,0.0018871100619435
2025-03-25T09:00:00Z,-7.609444,112.595556,0.0007422690978273749,-0.00040825290489010513,0.0019155265763401
2025-03-25T12:00:00Z,-7.609444,112.595556,0.0006749895401299,-0.0006321233813650906,0.0019973029848188
2025-03-25T15:00:00Z,-7.609444,112.595556,0.0006691699381917715,-0.0008483896381221712,0.0019942501094192
2025-03-25T18:00:00Z,-7.609444,112.595556,0.00046354031655937433,-0.0009891103254631162,0.0020413175225257
2025-03-25T21:00:00Z,-7.609444,112.595556,0.00027408957248553634,-0.0011820377549156,0.0020360944326967
2025-03-26T00:00:00Z,-7.609444,112.595556,0.0001750605588313192,-0.0013453463325276,0.0020403624512255
2025-03-26T03:00:00Z,-7.609444,112.595556,9.330226021120323e-05,-0.0015172474086284,0.002047415357083
2025-03-26T06:00:00Z,-7.609444,112.595556,-0.00010407023364678024,-0.0016747575718909,0.0021437185350805
2025-03-26T09:00:00Z,-7.609444,112.595556,-0.0002506667806301266,-0.0018003792501986,0.0020429359283298
2025-03-26T12:00:00Z,-7.609444,112.595556,-0.00032582131098024547,-0.0019764069002121,0.001877786242403
2025-03-26T15:00:00Z,-7.609444,112.595556,-0.00033272994915023446,-0.0021131788380444,0.0017801928333938
2025-03-26T18:00:00Z,-7.609444,112.595556,-0.0004313367244321853,-0.0022166871931403,0.0017220254521816
2025-03-26T21:00:00Z,-7.609444,112.595556,-0.0004248817276675254,-0.0022848746739327,0.0016363014001399
2025-03-27T00:00:00Z,-7.609444,112.595556,-0.000380758079700172,-0.0023399642668664,0.0015110959066078
2025-03-27T03:00:00Z,-7.609444,112.595556,-0.00035357350134290755,-0.0023252926766872,0.0014354467857629
2025-03-27T06:00:00Z,-7.609444,112.595556,-0.000477850524475798,-0.0022719886619597,0.0012960854219272
2025-03-27T09:00:00Z,-7.609444,112.595556,-0.000516184198204428,-0.0022348107304424,0.001095533487387
2025-03-27T12:00:00Z,-7.609444,112.595556,-0.00047104392433539033,-0.0022267147433012,0.001108156167902
2025-03-27T15:00:00Z,-7.609444,112.595556,-0.0004045320965815336,-0.0021805290598422,0.0011413791216909
2025-03-27T18:00:00Z,-7.609444,112.595556,-0.0004490602586884052,-0.0021042616572231,0.0010961451334878
2025-03-27T21:00:00Z,-7.609444,112.595556,-0.0003588530234992504,-0.0019811927340924,0.0008854703046381474
2025-03-28T00:00:00Z,-7.609444,112.595556,-0.00024444470182061195,-0.0018183703068643,0.000771110353525728
2025-03-28T03:00:00Z,-7.609444,112.595556,-0.00022330503270495683,-0.0017166112083941,0.000628714042250067
2025-03-28T06:00:00Z,-7.609444,112.595556,-0.00031799686257727444,-0.0015816922532394,0.0005669344100169837
2025-03-28T09:00:00Z,-7.609444,112.595556,-0.0003229857247788459,-0.0014657212886959,0.0003761687548831105
2025-03-28T12:00:00Z,-7.609444,112.595556,-0.0003095144929829985,-0.0014146196190267,0.0003642636875156313
2025-03-28T15:00:00Z,-7.609444,112.595556,-0.00029947413713671267,-0.0012902882881462,0.0003035528352484107
2025-03-28T18:00:00Z,-7.609444,112.595556,-0.0004313676035962999,-0.0011573173105716,0.0002897638187278062
2025-03-28T21:00:00Z,-7.609444,112.595556,-0.00038484373362734914,-0.0010125010740011,0.00028891910915263
2025-03-29T00:00:00Z,-7.609444,112.595556,-0.000340398692060262,-0.0009273194009438156,0.00021364518033806237
2025-03-29T03:00:00Z,-7.609444,112.595556,-0.0003228237619623542,-0.0009159701876342296,0.0001470974093535915
2025-03-29T06:00:00Z,-7.609444,112.595556,-0.0003438214189372957,-0.0008819570648483932,7.705141615588218e-05
2025-03-29T09:00:00Z,-7.609444,112.595556,-0.0002876447979360819,-0.0008182743331417441,4.934356638841564e-07
2025-03-29T12:00:00Z,-7.609444,112.595556,-0.0003678432840388268,-0.0007631356129422784,-0.00010183547419728713
2025-03-29T15:00:00Z,-7.609444,112.595556,-0.00045954305096529424,-0.0006607511313632131,-0.0002028297167271376
2025-03-29T18:00:00Z,-7.609444,112.595556,-0.0005747132236137986,-0.0005739168846048415,-0.0003321401309221983
2025-03-29T21:00:00Z,-7.609444,112.595556,-0.0005840902449563146,-0.0004937330377288163,-0.0003937479923479259
2025-03-30T00:00:00Z,-7.609444,112.595556,-0.0006146299419924617,-0.00046624158858321607,-0.0004076536279171705
2025-03-30T03:00:00Z,-7.609444,112.595556,-0.0006518989102914929,-0.0004674011142924428,-0.0004751858359668404
2025-03-30T06:00:00Z,-7.609444,112.595556,-0.0007026339881122112,-0.0004501001967582852,-0.0006541688926517963
2025-03-30T09:00:00Z,-7.609444,112.595556,-0.0006673428579233587,-0.00046307159936986864,-0.0005509558250196278
2025-03-30T12:00:00Z,-7.609444,112.595556,-0.0006519778980873525,-0.0005133504164405167,-0.0004374066484160721
2025-03-30T15:00:00Z,-7.609444,112.595556,-0.0006504683988168836,-0.0005743882502429187,-0.0004464872181415558
2025-03-30T18:00:00Z,-7.609444,112.595556,-0.0006535453139804304,-0.00056271388893947,-0.0004936261102557182
2025-03-30T21:00:00Z,-7.609444,112.595556,-0.0005624337936751544,-0.0005557824624702334,-0.0004960457445122302
2025-03-31T00:00:00Z,-7.609444,112.595556,-0.0005722852074541152,-0.0005137366242706776,-0.0005162256420589983
2025-03-31T03:00:00Z,-7.609444,112.595556,-0.0005318747716955841,-0.0005070626502856612,-0.0004067811241839081
2025-03-31T06:00:00Z,-7.609444,112.595556,-0.0005039598327130079,-0.00047785701462998986,-0.0003326253790874034
2025-03-31T09:00:00Z,-7.609444,112.595556,-0.0004530597361736,-0.0004681342979893088,-0.0002536646497901529
2025-03-31T12:00:00Z,-7.609444,112.595556,-0.00044796281144954253,-0.0005190428346395493,-0.00010228591418126598
2025-03-31T15:00:00Z,-7.609444,112.595556,-0.0003655448381323368,-0.000499674875754863,5.875916758668609e-05
2025-03-31T18:00:00Z,-7.609444,112.595556,-0.00033824966521933675,-0.0004180290852673352,0.00014906455180607736
2025-03-31T21:00:00Z,-7.609444,112.595556,-0.0003064749180339277,-0.0002891389885917306,0.0001684125600149855
2025-04-01T00:00:00Z,-7.609444,112.595556,-0.00032039079815149307,-0.00023189910280052567,0.00012387243623379618
2025-04-01T03:00:00Z,-7.609444,112.595556,-0.0002859748201444745,-0.0002998013806063682,5.714427607017569e-05
2025-04-01T06:00:00Z,-7.609444,112.595556,-0.0003071707906201482,-0.0003252403403166681,-8.395122131332755e-05
2025-04-01T09:00:00Z,-7.609444,112.595556,-0.0002781563380267471,-0.0004102577222511172,-0.0001944055693456903
2025-04-01T12:00:00Z,-7.609444,112.595556,-0.00032817310420796275,-0.0004812306724488735,-0.0004087521228939295
2025-04-01T15:00:00Z,-7.609444,112.595556,-0.0003113318525720388,-0.000414329842897132,-0.0004697356489486992
2025-04-01T18:00:00Z,-7.609444,112.595556,-0.0004312907112762332,-0.00031654900521971285,-0.0006241606897674501
2025-04-01T21:00:00Z,-7.609444,112.595556,-0.00047612807247787714,-0.00022420271125156432,-0.0007692395593039691
2025-04-02T00:00:00Z,-7.609444,112.595556,-0.0005320984637364745,-0.0001928814745042473,-0.000928085471969098
2025-04-02T03:00:00Z,-7.609444,112.595556,-0.0004882780776824802,-0.00021268213458824903,-0.000900824088603258
2025-04-02T06:00:00Z,-7.609444,112.595556,-0.0005510380724444985,-6.568759999936447e-05,-0.000953301670961082
2025-04-02T09:00:00Z,-7.609444,112.595556,-0.0005350076244212687,6.255800690269098e-05,-0.0010515294270589
2025-04-02T12:00:00Z,-7.609444,112.595556,-0.000496084219776094,0.00015681146760471165,-0.0011400155490264
2025-04-02T15:00:00Z,-7.609444,112.595556,-0.00043472828110679984,0.0002633515687193721,-0.001221032696776
2025-04-02T18:00:00Z,-7.609444,112.595556,-0.0004883983638137579,0.0003400240675546229,-0.0012390291085466
2025-04-02T21:00:00Z,-7.609444,112.595556,-0.0004539345973171294,0.0003658967325463891,-0.0012794223148375
2025-04-03T00:00:00Z,-7.609444,112.595556,-0.0004394827410578728,0.0003327855083625764,-0.0012580977054312
2025-04-03T03:00:00Z,-7.609444,112.595556,-0.0003988465177826584,0.0003302063269075006,-0.0011554842349141
2025-04-03T06:00:00Z,-7.609444,112.595556,-0.0004541736270766705,0.00037654515472240746,-0.0010775483679026
2025-04-03T09:00:00Z,-7.609444,112.595556,-0.0005131448851898313,0.0003739790699910373,-0.0009923225734382868
2025-04-03T12:00:00Z,-7.609444,112.595556,-0.000502411334309727,0.00028350335196591914,-0.0008727124077267945
2025-04-03T15:00:00Z,-7.609444,112.595556,-0.0004330335650593042,0.00016522823716513813,-0.0007291023503057659
2025-04-03T18:00:00Z,-7.609444,112.595556,-0.0005396079504862428,0.0001205331936944276,-0.0006543233757838607
2025-04-03T21:00:00Z,-7.609444,112.595556,-0.0006003862945362926,0.00010965567344101146,-0.0005391775630414486
2025-04-04T00:00:00Z,-7.609444,112.595556,-0.0006979432073421776,0.0001258132397197187,-0.0003730968164745718
2025-04-04T03:00:00Z,-7.609444,112.595556,-0.000731168722268194,0.00014080721302889287,-0.0002795511099975556
2025-04-04T06:00:00Z,-7.609444,112.595556,-0.0007973730680532753,0.00018434527737554163,-5.132992737344466e-05
2025-04-04T09:00:00Z,-7.609444,112.595556,-0.0008508811588399112,0.00021137918520253152,0.0002081510319840163
2025-04-04T12:00:00Z,-7.609444,112.595556,-0.0009559515165165068,0.0002496652596164495,0.00034104398218914866
2025-04-04T15:00:00Z,-7.609444,112.595556,-0.0010690439958125,0.0003443591995164752,0.00032693849061615765
2025-04-04T18:00:00Z,-7.609444,112.595556,-0.0011642952449619,0.000431964173913002,0.0003856374823953957
2025-04-04T21:00:00Z,-7.609444,112.595556,-0.0011492318008095,0.0004887042450718582,0.0004400601610541344
2025-04-05T00:00:00Z,-7.609444,112.595556,-0.0011731256963685,0.0005557218682952225,0.0005745787639170885
2025-04-05T03:00:00Z,-7.609444,112.595556,-0.0011926748557016,0.0005534673109650612,0.0005880563985556364
2025-04-05T06:00:00Z,-7.609444,112.595556,-0.0012432249495759,0.0005602978053502738,0.0005771605647169054
2025-04-05T09:00:00Z,-7.609444,112.595556,-0.0012036567786708,0.0005614991532638669,0.0005824240506626666
2025-04-05T12:00:00Z,-7.609444,112.595556,-0.0012757368385791,0.000570926524233073,0.0005442342371679842
2025-04-05T15:00:00Z,-7.609444,112.595556,-0.00131861877162,0.0006679423386231065,0.00042421804391779006
2025-04-05T18:00:00Z,-7.609444,112.595556,-0.0013504807138815,0.0006708829314447939,0.00035251755616627634
2025-04-05T21:00:00Z,-7.609444,112.595556,-0.0013150256127119,0.0006488792132586241,0.0002596807316876948
2025-04-06T00:00:00Z,-7.609444,112.595556,-0.0012890674406662,0.0005844903644174337,0.00015669548884034157
2025-04-06T03:00:00Z,-7.609444,112.595556,-0.001289730076678,0.0005402328097261488,-5.0195354560855776e-05
2025-04-06T06:00:00Z,-7.609444,112.595556,-0.0012312002945691,0.0005583208403550088,-9.668414713814856e-05
2025-04-06T09:00:00Z,-7.609444,112.595556,-0.0010965978726744,0.0005072304047644138,-0.0002285169903188944
2025-04-06T12:00:00Z,-7.609444,112.595556,-0.0010574106127023,0.0004338666913099587,-0.000390807370422408
2025-04-06T15:00:00Z,-7.609444,112.595556,-0.000986789702437818,0.0003811467031482607,-0.0005804698448628187
2025-04-06T18:00:00Z,-7.609444,112.595556,-0.000919046811759472,0.0002641739556565881,-0.00079429114703089
2025-04-06T21:00:00Z,-7.609444,112.595556,-0.0007910518324933946,9.595802839612588e-05,-0.0008457523072138429
2025-04-07T00:00:00Z,-7.609444,112.595556,-0.0006818100227974355,-7.160538370953873e-05,-0.0008725799852982163
2025-04-07T03:00:00Z,-7.609444,112.595556,-0.000615455734077841,-0.00016632257029414177,-0.0009918991709128022
2025-04-07T06:00:00Z,-7.609444,112.595556,-0.0005084978765808046,-0.00028453636332415044,-0.0011092093773186
2025-04-07T09:00:00Z,-7.609444,112.595556,-0.0003140723565593362,-0.0004733501118607819,-0.0011040569515898
2025-04-07T12:00:00Z,-7.609444,112.595556,-0.0001746557536534965,-0.0006915838457643986,-0.0011594943935051
2025-04-07T15:00:00Z,-7.609444,112.595556,1.4706545698572882e-05,-0.0008447566069662571,-0.0012396164238452
2025-04-07T18:00:00Z,-7.609444,112.595556,9.931081876857206e-05,-0.0009559787577018142,-0.0012600846821442
2025-04-07T21:00:00Z,-7.609444,112.595556,0.00026246040943078697,-0.0010462388163432,-0.0012412082869559
2025-04-08T00:00:00Z,-7.609444,112.595556,0.00036155179259367287,-0.001102884649299,-0.0012430901406332
2025-04-08T03:00:00Z,-7.609444,112.595556,0.0004834926803596318,-0.0011108785402029,-0.0012441062135621
2025-04-08T06:00:00Z,-7.609444,112.595556,0.0005897138617001474,-0.0011394179891794,-0.0011147352633997
2025-04-08T09:00:00Z,-7.609444,112.595556,0.0006632333970628679,-0.001127878553234,-0.0010241016279906
2025-04-08T12:00:00Z,-7.609444,112.595556,0.0006779656978324056,-0.0010898053878918,-0.0009654343011789024
2025-04-08T15:00:00Z,-7.609444,112.595556,0.0007365888450294733,-0.000960982171818614,-0.0008893167250789702
2025-04-08T18:00:00Z,-7.609444,112.595556,0.00066129065817222,-0.0007437559543177485,-0.0007353129331022501
2025-04-08T21:00:00Z,-7.609444,112.595556,0.0006171397399157286,-0.0005837671924382448,-0.000587677292060107
2025-04-09T00:00:00Z,-7.609444,112.595556,0.0005624515470117331,-0.0004251820791978389,-0.0005202648462727666
2025-04-09T03:00:00Z,-7.609444,112.595556,0.0004964936524629593,-0.0002656481228768825,-0.0003925604978576303
2025-04-09T06:00:00Z,-7.609444,112.595556,0.00034498691093176603,-0.0001487139379605651,-0.00018622451170813287
2025-04-09T09:00:00Z,-7.609444,112.595556,0.0001992263423744589,-6.08595582889393e-05,-4.562579852063209e-05
2025-04-09T12:00:00Z,-7.609444,112.595556,5.582496669376269e-05,2.4023967853281647e-05,5.906952355871909e-05
2025-04-09T15:00:00Z,-7.609444,112.595556,-9.612599387764932e-05,0.00014584948075935245,0.00018253229791298509
2025-04-09T18:00:00Z,-7.609444,112.595556,-0.00028030434623360634,0.00014036973880138248,0.0003201283980160952
2025-04-09T21:00:00Z,-7.609444,112.595556,-0.0004017179016955197,0.0001051564613590017,0.0004510079743340612
2025-04-10T00:00:00Z,-7.609444,112.595556,-0.0005619924049824476,8.34186575957574e-05,0.00057669059606269
2025-04-10T03:00:00Z,-7.609444,112.595556,-0.0007264264859259129,4.067709596711211e-05,0.0006723949918523431
2025-04-10T06:00:00Z,-7.609444,112.595556,-0.001003865734674,7.408417877741158e-05,0.0007796260761097074
2025-04-10T09:00:00Z,-7.609444,112.595556,-0.0011842120438814,0.00010175122588407248,0.0007486364338546991
2025-04-10T12:00:00Z,-7.609444,112.595556,-0.0013160745147615,0.00011205769988009706,0.0006861650617793202
2025-04-10T15:00:00Z,-7.609444,112.595556,-0.0013845961075276,0.00011954457295360044,0.0007079372298903763
2025-04-10T18:00:00Z,-7.609444,112.595556,-0.0015291388845071,1.2308114492043389e-05,0.0007171711185947061
2025-04-10T21:00:00Z,-7.609444,112.595556,-0.0015209126286208,-4.662214632844552e-05,0.0005570598295889795
2025-04-11T00:00:00Z,-7.609444,112.595556,-0.0015647095860913,-3.016497976204846e-05,0.0003375441883690655
2025-04-11T03:00:00Z,-7.609444,112.595556,-0.0016194713534787,-2.865885562641779e-06,0.00020164863963145763
2025-04-11T06:00:00Z,-7.609444,112.595556,-0.0017313715070486,2.8279964681132697e-05,1.9662395061459392e-05
2025-04-11T09:00:00Z,-7.609444,112.595556,-0.0017603897722437,3.344580932207464e-07,-0.0002789328282233328
2025-04-11T12:00:00Z,-7.609444,112.595556,-0.0017660295125097,-9.28641966311261e-05,-0.0003874926478601992
2025-04-11T15:00:00Z,-7.609444,112.595556,-0.0017381608486175,-0.00016906661039683968,-0.00041630020132288337
2025-04-11T18:00:00Z,-7.609444,112.595556,-0.0017816933104768,-0.0002610654628369957,-0.0004352896357886493
2025-04-11T21:00:00Z,-7.609444,112.595556,-0.0016814115224406,-0.000281460554106161,-0.0005165943293832242
2025-04-12T00:00:00Z,-7.609444,112.595556,-0.0015421917196363,-0.00026455262559466064,-0.0006330712349154055
2025-04-12T03:00:00Z,-7.609444,112.595556,-0.0014842908130958,-0.0002635000564623624,-0.0007100268849171698
2025-04-12T06:00:00Z,-7.609444,112.595556,-0.0014438742073252,-0.0002726132224779576,-0.0007937607006169856
2025-04-12T09:00:00Z,-7.609444,112.595556,-0.0012756516225636,-0.0003199848579242825,-0.000976663432084024
2025-04-12T12:00:00Z,-7.609444,112.595556,-0.0011402332456782,-0.00028963846853002906,-0.0010488275438547
2025-04-12T15:00:00Z,-7.609444,112.595556,-0.0010548377176746,-0.00017546110029798,-0.0010385275818407
2025-04-12T18:00:00Z,-7.609444,112.595556,-0.0010630772449076,-3.3646661904640496e-05,-0.0010074182646349
2025-04-12T21:00:00Z,-7.609444,112.595556,-0.0009373488719575108,7.564617408206686e-05,-0.0009838896803557873
2025-04-13T00:00:00Z,-7.609444,112.595556,-0.0008026223513297737,6.129930989118293e-05,-0.0009235929464921356
2025-04-13T03:00:00Z,-7.609444,112.595556,-0.0006498861475847661,-1.615796827536542e-05,-0.0007781917811371386
2025-04-13T06:00:00Z,-7.609444,112.595556,-0.0004817916778847575,-0.0001451533753424883,-0.0005179201252758503
2025-04-13T09:00:00Z,-7.609444,112.595556,-0.00021680531790480015,-0.0002201579773100093,-0.00041601661359891295
2025-04-13T12:00:00Z,-7.609444,112.595556,-8.269341196864843e-05,-0.0002187858772231266,-0.0003630159189924598
2025-04-13T15:00:00Z,-7.609444,112.595556,1.212923052662518e-05,-0.00016978924395516515,-0.0003835545794572681
2025-04-13T18:00:00Z,-7.609444,112.595556,8.166269981302321e-05,-0.00015021221770439297,-0.0003470449009910226
2025-04-13T21:00:00Z,-7.609444,112.595556,0.00021907493646722287,-0.0001447347312932834,-0.00023583135043736547
2025-04-14T00:00:00Z,-7.609444,112.595556,0.00025022358749993145,-0.00017349590780213475,-0.0002896338701248169
2025-04-14T03:00:00Z,-7.609444,112.595556,0.00024479255080223083,-0.00016227771993726492,-0.0003110359539277852
2025-04-14T06:00:00Z,-7.609444,112.595556,0.00025599333457648754,-0.00010853970889002083,-0.00025011939578689635
2025-04-14T09:00:00Z,-7.609444,112.595556,0.0002980348072014749,4.600759348249994e-05,-0.0002570546930655837
2025-04-14T12:00:00Z,-7.609444,112.595556,0.00022214645287021997,0.00014186595217324793,-0.0003508247609715909
2025-04-14T15:00:00Z,-7.609444,112.595556,0.0002104365121340379,0.00021244706294965,-0.00030581888859160244
2025-04-14T18:00:00Z,-7.609444,112.595556,0.00017474954074714333,0.00018638776964508,-0.00027379029779694974
2025-04-14T21:00:00Z,-7.609444,112.595556,0.0001911436265800148,0.00020008576393593103,-0.0002372146991547197
2025-04-15T00:00:00Z,-7.609444,112.595556,9.75483562797308e-05,0.00022245764557737857,-0.0002843688416760415
2025-04-15T03:00:00Z,-7.609444,112.595556,2.38116681430256e-05,0.00024049458443187177,-0.0002880931715480983
2025-04-15T06:00:00Z,-7.609444,112.595556,-0.0001035519890137948,0.00030383342527784407,-0.0002999147109221667
2025-04-15T09:00:00Z,-7.609444,112.595556,-0.00014272000407800078,0.0003737942024599761,-0.00029153467039577663
2025-04-15T12:00:00Z,-7.609444,112.595556,-0.00018218226614408195,0.00033551809610798955,-0.00024166295770555732
2025-04-15T15:00:00Z,-7.609444,112.595556,-0.00018400918634142727,0.0003024734905920923,-0.000102960089861881
2025-04-15T18:00:00Z,-7.609444,112.595556,-0.0001887725811684504,0.00026257187710143626,6.94272648615879e-06
2025-04-15T21:00:00Z,-7.609444,112.595556,-7.563086546724662e-05,0.00023135391529649496,0.00012082484317943454
2025-04-16T00:00:00Z,-7.609444,112.595556,-4.037246981170029e-05,0.0002016472863033414,0.00010731541260611266
2025-04-16T03:00:00Z,-7.609444,112.595556,7.9467299656244e-06,0.0001656440581427887,0.0002179364819312468
2025-04-16T06:00:00Z,-7.609444,112.595556,-9.05728211364476e-06,0.00014533314970321953,0.0002779450442176312
2025-04-16T09:00:00Z,-7.609444,112.595556,5.557395707000978e-05,9.67744563240558e-05,0.00018476661352906376
2025-04-16T12:00:00Z,-7.609444,112.595556,9.098441660171376e-05,2.657627373992e-05,0.00028835629927925766
2025-04-16T15:00:00Z,-7.609444,112.595556,6.944262713659555e-05,5.158419298822992e-05,0.0002943442959804088
2025-04-16T18:00:00Z,-7.609444,112.595556,2.589878204162233e-05,0.00010151029709959404,0.0002663480117917061
2025-04-16T21:00:00Z,-7.609444,112.595556,7.444375660270452e-05,0.0001587282313266769,0.0002569567004684359
2025-04-17T00:00:00Z,-7.609444,112.595556,0.00010811787069542332,0.00010880678019020706,0.0003177245962433517
2025-04-17T03:00:00Z,-7.609444,112.595556,0.00015436527610290796,7.002986967563629e-05,0.0004490389837883413
2025-04-17T06:00:00Z,-7.609444,112.595556,0.00016845711797941476,0.00010422316699987276,0.0005370865692384541
2025-04-17T09:00:00Z,-7.609444,112.595556,0.0002466348232701421,0.00015959238226059824,0.0005953910294920206
2025-04-17T12:00:00Z,-7.609444,112.595556,0.00022739158885087815,0.0001872399443527684,0.0006505585042759776
2025-04-17T15:00:00Z,-7.609444,112.595556,0.00022242900740820917,0.0002447298902552575,0.000832761696074158
2025-04-17T18:00:00Z,-7.609444,112.595556,0.00024074246175587177,0.00029132282361388206,0.0007898964686319232
2025-04-17T21:00:00Z,-7.609444,112.595556,0.0003189847338944673,0.00031155580654740334,0.0007256680983118713
2025-04-18T00:00:00Z,-7.609444,112.595556,0.000268548057647422,0.00035690009826794267,0.0007155530038289726
2025-04-18T03:00:00Z,-7.609444,112.595556,0.00019393225375097245,0.00043492851546034217,0.0005506030865944922
2025-04-18T06:00:00Z,-7.609444,112.595556,9.4746814284008e-05,0.0006277189240790904,0.0004915757454000413
2025-04-18T09:00:00Z,-7.609444,112.595556,4.46050580649171e-05,0.0008106832392513752,0.0003715175553224981
2025-04-18T12:00:00Z,-7.609444,112.595556,-2.0615651010302827e-05,0.000916239048819989,0.0004928490379825234
2025-04-18T15:00:00Z,-7.609444,112.595556,-0.00011712106788763776,0.0010071285068988,0.0005334015586413443
2025-04-18T18:00:00Z,-7.609444,112.595556,-0.0002085972519125789,0.0011098372051492,0.0005424119299277663
2025-04-18T21:00:00Z,-7.609444,112.595556,-0.00016104558017104864,0.0010857154848054,0.0006522051990032196
2025-04-19T00:00:00Z,-7.609444,112.595556,-0.000243962203967385,0.001067851553671,0.00058544403873384
2025-04-19T03:00:00Z,-7.609444,112.595556,-0.0003044785698875785,0.0010752086527645,0.0004573930345941335
2025-04-19T06:00:00Z,-7.609444,112.595556,-0.0003753720957320184,0.0011228286894038,0.0003359520924277604
2025-04-19T09:00:00Z,-7.609444,112.595556,-0.00037109237746335566,0.0011194363469257,0.0002945793094113469
2025-04-19T12:00:00Z,-7.609444,112.595556,-0.0005036243819631636,0.0010090954601764,0.0003221994556952268
2025-04-19T15:00:00Z,-7.609444,112.595556,-0.0006325494032353163,0.0009092711843550204,0.0002936824457719922
2025-04-19T18:00:00Z,-7.609444,112.595556,-0.0007619157549925148,0.0007843523053452373,0.0003101095790043473
2025-04-19T21:00:00Z,-7.609444,112.595556,-0.0008582461159676313,0.0006763467099517584,0.00031219885568134487
2025-04-20T00:00:00Z,-7.609444,112.595556,-0.0010270420461893,0.0005161401932127774,0.0002473263011779636
2025-04-20T03:00:00Z,-7.609444,112.595556,-0.0010615631472319,0.0003565218357834965,0.00012431302457116544
2025-04-20T06:00:00Z,-7.609444,112.595556,-0.0010975437471643,0.0002187341306125745,7.056934919091873e-06
2025-04-20T09:00:00Z,-7.609444,112.595556,-0.0010283194715157,-1.800857535272371e-05,2.7418556783231907e-05
2025-04-20T12:00:00Z,-7.609444,112.595556,-0.0010516761103644,-0.0002716408926062286,2.024908462772146e-05
2025-04-20T15:00:00Z,-7.609444,112.595556,-0.0010489191627129,-0.0003986879310104996,-7.735736289760098e-05
2025-04-20T18:00:00Z,-7.609444,112.595556,-0.0011270601535215,-0.0004955189069733024,-0.00020049697195645424
2025-04-20T21:00:00Z,-7.609444,112.595556,-0.001099917688407,-0.0005565132014453411,-0.00029000468202866614
2025-04-21T00:00:00Z,-7.609444,112.595556,-0.0010942922672256,-0.0006288453005254269,-0.0003956215223297477
2025-04-21T03:00:00Z,-7.609444,112.595556,-0.0009686955017969012,-0.0006910758092999458,-0.000492018589284271
2025-04-21T06:00:00Z,-7.609444,112.595556,-0.0008817781344987452,-0.0007362666074186563,-0.0005499384133145213
2025-04-21T09:00:00Z,-7.609444,112.595556,-0.0007568852161057293,-0.0008274774882011116,-0.0006291501922532916
2025-04-21T12:00:00Z,-7.609444,112.595556,-0.0006425027968361974,-0.0009473345708101988,-0.0007911734865047038
2025-04-21T15:00:00Z,-7.609444,112.595556,-0.0005247290246188641,-0.0009347833693027496,-0.0008341179927811027
2025-04-21T18:00:00Z,-7.609444,112.595556,-0.0005062089185230434,-0.0009027160704135896,-0.0009074396803043784
2025-04-21T21:00:00Z,-7.609444,112.595556,-0.0004116483614780009,-0.0009251732844859362,-0.000922036648262292
2025-04-22T00:00:00Z,-7.609444,112.595556,-0.0003065387718379497,-0.000998373958282173,-0.0008280208567157388
2025-04-22T03:00:00Z,-7.609444,112.595556,-0.00018771385657601056,-0.001089765690267,-0.0007516504847444594
2025-04-22T06:00:00Z,-7.609444,112.595556,-0.00010676957026589662,-0.0011381324147805,-0.0006398913101293147
2025-04-22T09:00:00Z,-7.609444,112.595556,-1.6881800547707826e-05,-0.0011893163900822,-0.0006056074053049088
2025-04-22T12:00:00Z,-7.609444,112.595556,0.00011838456703117116,-0.0012795011280104,-0.0004894408630207181
2025-04-22T15:00:00Z,-7.609444,112.595556,0.00019118418276775628,-0.0012442319421097,-0.0004418679163791239
2025-04-22T18:00:00Z,-7.609444,112.595556,0.00017425308760721236,-0.0012108391383662,-0.00032839097548276186
2025-04-22T21:00:00Z,-7.609444,112.595556,0.0002148366475012153,-0.0012298685032874,-0.00026997679378837347
2025-04-23T00:00:00Z,-7.609444,112.595556,0.00018184793589171025,-0.0012480288278311,-0.00014091227785684168
2025-04-23T03:00:00Z,-7.609444,112.595556,0.0001025808451231569,-0.0011694522108882,1.1370091669959947e-05
2025-04-23T06:00:00Z,-7.609444,112.595556,-2.21016653085826e-05,-0.0010301650036126,0.0001431843265891075
2025-04-23T09:00:00Z,-7.609444,112.595556,-0.000116074486868456,-0.0009362774435430764,0.0002750438579823822
2025-04-23T12:00:00Z,-7.609444,112.595556,-0.0001913544547278434,-0.0008521188865415752,0.0003902591997757554
2025-04-23T15:00:00Z,-7.609444,112.595556,-0.00021649617701768875,-0.0007008815882727504,0.0005189194343984127
2025-04-23T18:00:00Z,-7.609444,112.595556,-0.0002982060832437128,-0.0005868114531040192,0.000555814360268414
2025-04-23T21:00:00Z,-7.609444,112.595556,-0.0003082260664086789,-0.000522689544595778,0.0006354879587888718
2025-04-24T00:00:00Z,-7.609444,112.595556,-0.000304291577776894,-0.0004925644025206566,0.0007103628595359623
2025-04-24T03:00:00Z,-7.609444,112.595556,-0.00034849299117922783,-0.0004336293204687536,0.0005396376946009696
2025-04-24T06:00:00Z,-7.609444,112.595556,-0.0004665593442041427,-0.0003210222057532519,0.0005243467749096453
2025-04-24T09:00:00Z,-7.609444,112.595556,-0.00046510956599377096,-0.0002780173381324857,0.0005369163700379431
2025-04-24T12:00:00Z,-7.609444,112.595556,-0.0005213824333623052,-0.00023774652800057083,0.000543578586075455
2025-04-24T15:00:00Z,-7.609444,112.595556,-0.0005207234644331038,-0.0001268932974198833,0.0004872563586104661
2025-04-24T18:00:00Z,-7.609444,112.595556,-0.000530852354131639,-0.00014480322715826333,0.0004519121430348605
2025-04-24T21:00:00Z,-7.609444,112.595556,-0.0005231754621490836,-7.749348151264712e-05,0.0004052327130921185
2025-04-25T00:00:00Z,-7.609444,112.595556,-0.0005556521355174482,-5.08607154188212e-05,0.00033528433414176106
2025-04-25T03:00:00Z,-7.609444,112.595556,-0.0005870778113603592,-1.571611392137129e-05,0.0002463468699716032
2025-04-25T06:00:00Z,-7.609444,112.595556,-0.0006541130715049803,4.450965570867993e-05,6.317609222605824e-05
2025-04-25T09:00:00Z,-7.609444,112.595556,-0.0006583455251529813,0.00012606136442627758,0.00010846406075870618
2025-04-25T12:00:00Z,-7.609444,112.595556,-0.0007137921638786793,0.00020299256721045825,9.535639037494548e-06
2025-04-25T15:00:00Z,-7.609444,112.595556,-0.0007776534766890109,0.0003245398693252355,-0.00017003982793539762
2025-04-25T18:00:00Z,-7.609444,112.595556,-0.0008567986078560352,0.0004411284753587097,-0.0002718072501011193
2025-04-25T21:00:00Z,-7.609444,112.595556,-0.000868247530888766,0.0005395060288719833,-0.00040140707278624177
2025-04-26T00:00:00Z,-7.609444,112.595556,-0.0008789281710051,0.000629395479336381,-0.00039527035551145673
2025-04-26T03:00:00Z,-7.609444,112.595556,-0.0008201454184018075,0.0007185707800090313,-0.0004759790899697691
2025-04-26T06:00:00Z,-7.609444,112.595556,-0.0007281283615157008,0.0007167512085288763,-0.0004250409547239542
2025-04-26T09:00:00Z,-7.609444,112.595556,-0.0006156061426736414,0.0006959493621252477,-0.0004451372951734811
2025-04-26T12:00:00Z,-7.609444,112.595556,-0.000537632207851857,0.0006460504955612123,-0.0004686847678385675
2025-04-26T15:00:00Z,-7.609444,112.595556,-0.00044666018220596015,0.0006442101439461112,-0.0004733579407911748
2025-04-26T18:00:00Z,-7.609444,112.595556,-0.0004561548703350127,0.0006687570130452514,-0.0005947091849520802
2025-04-26T21:00:00Z,-7.609444,112.595556,-0.0004268369229976088,0.0007259349804371595,-0.0006351590855047107
2025-04-27T00:00:00Z,-7.609444,112.595556,-0.00038662401493638754,0.00076615548459813,-0.0006302531692199409
2025-04-27T03:00:00Z,-7.609444,112.595556,-0.0003059410082641989,0.000726094061974436,-0.00046055723214522
2025-04-27T06:00:00Z,-7.609444,112.595556,-0.0002559905406087637,0.0007072940934449434,-0.0002785271790344268
2025-04-27T09:00:00Z,-7.609444,112.595556,-0.0001438107283320278,0.0006094161653891206,-0.00021503960306290537
2025-04-27T12:00:00Z,-7.609444,112.595556,-1.2716243873001076e-05,0.0005204848712310195,-0.0002355227043153718
2025-04-27T15:00:00Z,-7.609444,112.595556,8.737960160942748e-05,0.0005195100093260407,-0.00012885058822575957
2025-04-27T18:00:00Z,-7.609444,112.595556,8.589234494138509e-05,0.0005354959866963327,-0.0001915042957989499
2025-04-27T21:00:00Z,-7.609444,112.595556,0.0001243766164407134,0.0005789681454189122,-0.0002818875655066222
2025-04-28T00:00:00Z,-7.609444,112.595556,0.00010748796194093302,0.000626749184448272,-0.0002785557007882744
2025-04-28T03:00:00Z,-7.609444,112.595556,7.01503740856424e-05,0.0006590604898519814,-0.0001708449999568984
2025-04-28T06:00:00Z,-7.609444,112.595556,-3.171075877617113e-05,0.0007030213600955904,-0.00013665998994838446
2025-04-28T09:00:00Z,-7.609444,112.595556,-7.430150435538962e-05,0.0007724186289124191,-0.00015489412180613726
2025-04-28T12:00:00Z,-7.609444,112.595556,-7.445678784279153e-05,0.0008688903180882335,-0.00016374088590964675
2025-04-28T15:00:00Z,-7.609444,112.595556,-9.75054208538495e-05,0.0010275930399075,-0.00018431174976285547
2025-04-28T18:00:00Z,-7.609444,112.595556,-0.00017365929670631886,0.0011273834388703,-0.0004045428067911416
2025-04-28T21:00:00Z,-7.609444,112.595556,-0.000157421687617898,0.0011822205269709,-0.0005042497650720179
2025-04-29T00:00:00Z,-7.609444,112.595556,-0.00019782671006396413,0.0012149333488196,-0.000684728438500315
2025-04-29T03:00:00Z,-7.609444,112.595556,-0.0002699372998904437,0.001243416336365,-0.0007581311510875821
2025-04-29T06:00:00Z,-7.609444,112.595556,-0.00035284890327602625,0.0012826705351471,-0.0009248625137843192
2025-04-29T09:00:00Z,-7.609444,112.595556,-0.0004206577141303569,0.0013134705368429,-0.0010846009245142
2025-04-29T12:00:00Z,-7.609444,112.595556,-0.0004984511178918183,0.0012729130685329,-0.0011692786356434
2025-04-29T15:00:00Z,-7.609444,112.595556,-0.0005191293312236667,0.0012328680604696,-0.0012286042328923
2025-04-29T18:00:00Z,-7.609444,112.595556,-0.000594996614381671,0.001118695246987,-0.0013251992641016
2025-04-29T21:00:00Z,-7.609444,112.595556,-0.0005021169781684875,0.001006958191283,-0.0012912540696561
2025-04-30T00:00:00Z,-7.609444,112.595556,-0.0004504897224251181,0.0008205248159356415,-0.0013039187761023
2025-04-30T03:00:00Z,-7.609444,112.595556,-0.000398887146729976,0.0006369386683218181,-0.0013266640016809
2025-04-30T06:00:00Z,-7.609444,112.595556,-0.0003808672772720456,0.0005263970233500004,-0.0013761550653725
2025-04-30T09:00:00Z,-7.609444,112.595556,-0.00031321606365963817,0.0003878783609252423,-0.0013371011009439
2025-04-30T12:00:00Z,-7.609444,112.595556,-0.0002950274501927197,0.00027093858807347715,-0.0014047754229977
2025-04-30T15:00:00Z,-7.609444,112.595556,-0.00026901031378656626,0.0001895398017950356,-0.0014483475824818
2025-04-30T18:00:00Z,-7.609444,112.595556,-0.000345214968547225,0.0001703770103631541,-0.0015318355290219
2025-04-30T21:00:00Z,-7.609444,112.595556,-0.0003042288590222597,0.00019199632515665144,-0.0014799650525674
2025-05-01T00:00:00Z,-7.609444,112.595556,-0.00031913959537632763,0.00015249624266289177,-0.0014583480078727
2025-05-01T03:00:00Z,-7.609444,112.595556,-0.0002268516109324992,0.0001156325888587162,-0.0013164643896743
2025-05-01T06:00:00Z,-7.609444,112.595556,-0.0001735173718770966,6.081676110625267e-05,-0.0011852029711008
2025-05-01T09:00:00Z,-7.609444,112.595556,-0.00013225602742750198,5.630721716443077e-05,-0.0010883008362725
2025-05-01T12:00:00Z,-7.609444,112.595556,-0.00012031511141685768,4.100643491256051e-05,-0.001006550504826
2025-05-01T15:00:00Z,-7.609444,112.595556,-0.000123945195809938,0.000124905098346062,-0.000953707320149988
2025-05-01T18:00:00Z,-7.609444,112.595556,-0.00012681455700658262,0.0002262871857965365,-0.0009025948820635676
2025-05-01T21:00:00Z,-7.609444,112.595556,-6.533979330924922e-07,0.0002222265175078064,-0.0008036558283492923
2025-05-02T00:00:00Z,-7.609444,112.595556,3.673890751088038e-05,0.0002275127480970696,-0.0007926110993139446
2025-05-02T03:00:00Z,-7.609444,112.595556,7.629537140019238e-05,0.00023251889797393235,-0.0007338320137932897
2025-05-02T06:00:00Z,-7.609444,112.595556,8.076597441686317e-05,0.0003120741166640073,-0.0007316722767427564
2025-05-02T09:00:00Z,-7.609444,112.595556,0.00010841432958841324,0.00046625896356999874,-0.0007707353797741234
2025-05-02T12:00:00Z,-7.609444,112.595556,0.00011559835547814146,0.0005947013269178569,-0.0006742717232555151
2025-05-02T15:00:00Z,-7.609444,112.595556,0.00014802046644035727,0.0008009648881852627,-0.0005447472794912755
2025-05-02T18:00:00Z,-7.609444,112.595556,0.00012699227954726666,0.0009302828693762422,-0.0005175440455786884
2025-05-02T21:00:00Z,-7.609444,112.595556,0.00017899197700899094,0.0009948816150426865,-0.0005027529550716281
2025-05-03T00:00:00Z,-7.609444,112.595556,0.0002348189591430128,0.0010543228127062,-0.0005147482152096927
2025-05-03T03:00:00Z,-7.609444,112.595556,0.00026377965696156025,0.0011365667451173,-0.0004653756623156369
2025-05-03T06:00:00Z,-7.609444,112.595556,0.00018809462198987603,0.0012786987936124,-0.0004639760009013117
2025-05-03T09:00:00Z,-7.609444,112.595556,0.00014320640184450897,0.0013958193594589,-0.00046002352610230446
2025-05-03T12:00:00Z,-7.609444,112.595556,6.573972495971248e-05,0.0013961573131382,-0.00042515009408816695
2025-05-03T15:00:00Z,-7.609444,112.595556,-6.179502088343725e-05,0.0014095572987571,-0.00038819495239295065
2025-05-03T18:00:00Z,-7.609444,112.595556,-0.00018394181097391996,0.0014089621836319,-0.00031604472314938903
2025-05-03T21:00:00Z,-7.609444,112.595556,-0.000201372429728508,0.0013462409842759,-0.0002018174564000219
2025-05-04T00:00:00Z,-7.609444,112.595556,-0.0002450756437610835,0.0012694767210632,-0.00016126735135912895
2025-05-04T03:00:00Z,-7.609444,112.595556,-0.0002980667049996555,0.0012853303924202,-0.000131284847157076
2025-05-04T06:00:00Z,-7.609444,112.595556,-0.0003619218769017607,0.0013232097262516,-0.0002173885877709836
2025-05-04T09:00:00Z,-7.609444,112.595556,-0.0003689563891384751,0.0012845669407397,-0.0002709439140744508
2025-05-04T12:00:00Z,-7.609444,112.595556,-0.0003804817097261548,0.0012274514883756,-0.0002869025047402829
2025-05-04T15:00:00Z,-7.609444,112.595556,-0.0003652764135040343,0.0011960035189986,-0.0004321990127209574
2025-05-04T18:00:00Z,-7.609444,112.595556,-0.0003916995774488896,0.0012149626854807,-0.00048467505257576704
2025-05-04T21:00:00Z,-7.609444,112.595556,-0.00039574489346705377,0.0012510714586824,-0.0005126268952153623
2025-05-05T00:00:00Z,-7.609444,112.595556,-0.0004561945970635861,0.0012757602380588,-0.0005229584639891982
2025-05-05T03:00:00Z,-7.609444,112.595556,-0.0004556488711386919,0.001314714201726,-0.0004647613677661866
2025-05-05T06:00:00Z,-7.609444,112.595556,-0.00041712820529937744,0.001293807872571,-0.00033759637153707445
2025-05-05T09:00:00Z,-7.609444,112.595556,-0.000339582737069577,0.0012088161893188,-0.00024579139426350594
2025-05-05T12:00:00Z,-7.609444,112.595556,-0.00027794655761681497,0.0011254153214395,-0.0001898066257126629
2025-05-05T15:00:00Z,-7.609444,112.595556,-0.00018560216994956136,0.0010996211785823,-0.00021994285634718835
2025-05-05T18:00:00Z,-7.609444,112.595556,-0.00016946569667197764,0.001120151602663,-0.0002869710442610085
2025-05-05T21:00:00Z,-7.609444,112.595556,-0.00010994429612765089,0.0010760547593235,-0.0001904935052152723
2025-05-06T00:00:00Z,-7.609444,112.595556,-9.189153206534684e-05,0.0010489576961845,-0.00031478729215450585
2025-05-06T03:00:00Z,-7.609444,112.595556,-7.057255425024778e-05,0.0010196546791121,-0.0003669169673230499
2025-05-06T06:00:00Z,-7.609444,112.595556,-8.499870455125347e-05,0.0009488536743447183,-0.00024965585907921195
2025-05-06T09:00:00Z,-7.609444,112.595556,-0.00011384891695342958,0.000944539438933134,-0.000246668845647946
2025-05-06T12:00:00Z,-7.609444,112.595556,-0.0001408677635481581,0.0009471583180129528,-0.00017270979878958315
2025-05-06T15:00:00Z,-7.609444,112.595556,-0.00010253972141072154,0.0009741235408000648,-8.262631308753043e-05
2025-05-06T18:00:00Z,-7.609444,112.595556,-7.047645340207964e-05,0.000980166718363762,7.937287591630593e-05
2025-05-06T21:00:00Z,-7.609444,112.595556,-3.2531148463021964e-05,0.0009544319473206996,0.0001800703612389043
2025-05-07T00:00:00Z,-7.609444,112.595556,-7.128591096261516e-05,0.0010149420704692,0.00016358087304979563
2025-05-07T03:00:00Z,-7.609444,112.595556,-0.00010236357047688216,0.001086751348339,8.141990110743791e-05
2025-05-07T06:00:00Z,-7.609444,112.595556,-0.00016889447579160333,0.001174364471808,6.917870632605627e-05
2025-05-07T09:00:00Z,-7.609444,112.595556,-0.00014284129429142922,0.0012128001544624,-1.852199602581095e-05
2025-05-07T12:00:00Z,-7.609444,112.595556,-0.0001662933500483632,0.0011851858580484,1.338213769486174e-05
2025-05-07T15:00:00Z,-7.609444,112.595556,-0.0002465906727593392,0.001192906522192,1.620796501811128e-05
2025-05-07T18:00:00Z,-7.609444,112.595556,-0.0004194740322418511,0.0012169948313385,-0.00010271192149957642
2025-05-07T21:00:00Z,-7.609444,112.595556,-0.0005088073085062206,0.0013069947017356,-0.00016079546185210347
2025-05-08T00:00:00Z,-7.609444,112.595556,-0.0006230989238247275,0.0014001132221892,-0.00025501142954453826
2025-05-08T03:00:00Z,-7.609444,112.595556,-0.0006897698622196913,0.0014257745351642,-0.00021186583035159856
2025-05-08T06:00:00Z,-7.609444,112.595556,-0.0007931631407700479,0.001391204772517,-0.00027667806716635823
2025-05-08T09:00:00Z,-7.609444,112.595556,-0.000803176371846348,0.001255382085219,-0.0003220794314984232
2025-05-08T12:00:00Z,-7.609444,112.595556,-0.0007795014535076916,0.0011077054077759,-0.0003922366595361382
2025-05-08T15:00:00Z,-7.609444,112.595556,-0.0007606279104948044,0.0009876094991341231,-0.000454375083791092
2025-05-08T18:00:00Z,-7.609444,112.595556,-0.0007936606416478753,0.0009769079042598603,-0.0004772870452143252
2025-05-08T21:00:00Z,-7.609444,112.595556,-0.0008064457797445357,0.0009415352251380682,-0.0005837331991642714
2025-05-09T00:00:00Z,-7.609444,112.595556,-0.0008099511615000665,0.0008946374291554093,-0.0006041299784556031
2025-05-09T03:00:00Z,-7.609444,112.595556,-0.0008064755820669234,0.0007981072994880378,-0.0006887064082548022
2025-05-09T06:00:00Z,-7.609444,112.595556,-0.0007798236911185086,0.0006605777307413518,-0.0006167818210087717
2025-05-09T09:00:00Z,-7.609444,112.595556,-0.0006891329539939761,0.0005775151075795293,-0.0005580902798101306
2025-05-09T12:00:00Z,-7.609444,112.595556,-0.0005744353402405977,0.0005829044384881854,-0.00037511292612180114
2025-05-09T15:00:00Z,-7.609444,112.595556,-0.0004370514070615173,0.0006972259725444019,-0.00017689708329271525
2025-05-09T18:00:00Z,-7.609444,112.595556,-0.00038014136953279376,0.0008225509664043784,-5.442891506390879e-06
2025-05-09T21:00:00Z,-7.609444,112.595556,-0.0002452993649058044,0.0008767205872572958,6.848658085800707e-05
2025-05-10T00:00:00Z,-7.609444,112.595556,-0.00011713149433489888,0.0009178651380352676,0.00017407814448233694
2025-05-10T03:00:00Z,-7.609444,112.595556,5.748034891439602e-05,0.0009286563727073372,0.000344153173500672
2025-05-10T06:00:00Z,-7.609444,112.595556,0.00011775040184147656,0.001012991880998,0.0004551499441731721
2025-05-10T09:00:00Z,-7.609444,112.595556,0.00010707821638789028,0.0011713446583598,0.00041854113806039095
2025-05-10T12:00:00Z,-7.609444,112.595556,7.889416883699596e-05,0.0013499442720785,0.00040899295709095895
2025-05-10T15:00:00Z,-7.609444,112.595556,0.0001314492110395804,0.0015884260646998,0.0004749763174913824
2025-05-10T18:00:00Z,-7.609444,112.595556,0.00016722377040423453,0.0016987200360745,0.0006383152795024216
2025-05-10T21:00:00Z,-7.609444,112.595556,0.0002306054666405544,0.0017005956033244,0.0008462602854706347
2025-05-11T00:00:00Z,-7.609444,112.595556,0.0002705137303564697,0.0016745448810979,0.0008825276745483279
2025-05-11T03:00:00Z,-7.609444,112.595556,0.0003001149743795395,0.001731555443257,0.0009212770382873714
2025-05-11T06:00:00Z,-7.609444,112.595556,0.0002439825184410438,0.0018418731633573,0.0009237417252734303
2025-05-11T09:00:00Z,-7.609444,112.595556,0.00022733068908564744,0.0019110158318653,0.000902131258044392
2025-05-11T12:00:00Z,-7.609444,112.595556,0.0002411142340861261,0.0019398586591705,0.0009127939119935036
2025-05-11T15:00:00Z,-7.609444,112.595556,0.00025182822719216347,0.0019052433781325,0.0009008969645947218
2025-05-11T18:00:00Z,-7.609444,112.595556,0.00012935478298459202,0.0018938005669042,0.0008933270582929254
2025-05-11T21:00:00Z,-7.609444,112.595556,0.00013609127199742943,0.0018374753417447,0.0009196374448947608
2025-05-12T00:00:00Z,-7.609444,112.595556,0.00011894684575963764,0.0018033700762316,0.0008350207936018705
2025-05-12T03:00:00Z,-7.609444,112.595556,0.0001294649118790403,0.0018078254070132,0.0007914882735349238
2025-05-12T06:00:00Z,-7.609444,112.595556,6.813079380663112e-05,0.0017927724402397,0.0005802803789265454
2025-05-12T09:00:00Z,-7.609444,112.595556,8.449913002550602e-05,0.0017533333739265,0.0003883207973558456
2025-05-12T12:00:00Z,-7.609444,112.595556,0.00010156572534469888,0.0016924722585827,0.0002915379300247878
2025-05-12T15:00:00Z,-7.609444,112.595556,0.00013328474597074091,0.0016521248035132,0.00018839402764569968
2025-05-12T18:00:00Z,-7.609444,112.595556,6.398858386091888e-05,0.0016604820266366,7.299101071112091e-06
2025-05-12T21:00:00Z,-7.609444,112.595556,4.9259419029112905e-05,0.0016572658205404,-0.0002605479094199836
2025-05-13T00:00:00Z,-7.609444,112.595556,4.28521198045928e-05,0.0016280970303341,-0.0004061963118147105
2025-05-13T03:00:00Z,-7.609444,112.595556,5.052554843132384e-05,0.0015030063223093,-0.0004866319359280169
2025-05-13T06:00:00Z,-7.609444,112.595556,-2.204743395850528e-06,0.0014064754359424,-0.0006837109103798866
2025-05-13T09:00:00Z,-7.609444,112.595556,-5.867582876817323e-05,0.0013663977151736,-0.0007392331608571112
2025-05-13T12:00:00Z,-7.609444,112.595556,-0.00015712791355326772,0.0013495318125933,-0.0008611469529569149
2025-05-13T15:00:00Z,-7.609444,112.595556,-0.00021735875634476545,0.001384163275361,-0.0009729304583743216
2025-05-13T18:00:00Z,-7.609444,112.595556,-0.0003307898296043277,0.0013453585561364,-0.0010978309437632
2025-05-13T21:00:00Z,-7.609444,112.595556,-0.00034420855809003115,0.001217907294631,-0.0011058031814172
2025-05-14T00:00:00Z,-7.609444,112.595556,-0.0003242852690164,0.0010603790869936,-0.0011892181355506
2025-05-14T03:00:00Z,-7.609444,112.595556,-0.00029826120589859784,0.0009256701450794936,-0.0012255832552909
2025-05-14T06:00:00Z,-7.609444,112.595556,-0.0003509333764668554,0.000898757774848491,-0.0013177180662751
2025-05-14T09:00:00Z,-7.609444,112.595556,-0.00035639505949802697,0.0009241351508535444,-0.0013326713815331
2025-05-14T12:00:00Z,-7.609444,112.595556,-0.0003797972458414733,0.0009339259122498332,-0.0013318612473085
2025-05-14T15:00:00Z,-7.609444,112.595556,-0.0003329427563585341,0.0009060754091478884,-0.0012250961735844
2025-05-14T18:00:00Z,-7.609444,112.595556,-0.0003258241340517998,0.000839890621136874,-0.0011241099564358
2025-05-14T21:00:00Z,-7.609444,112.595556,-0.0002652822877280414,0.0006904894835315645,-0.0010190058965235
2025-05-15T00:00:00Z,-7.609444,112.595556,-0.00020378659246489408,0.0005759845371358097,-0.0009819321567192674
2025-05-15T03:00:00Z,-7.609444,112.595556,-0.00011342939251335338,0.0004886520910076797,-0.0009511730168014764
2025-05-15T06:00:00Z,-7.609444,112.595556,-8.33542289910838e-05,0.000458338123280555,-0.0009115179418586196
2025-05-15T09:00:00Z,-7.609444,112.595556,-3.243557512178086e-05,0.00035913893952965736,-0.0009102430194616318
2025-05-15T12:00:00Z,-7.609444,112.595556,-9.797061466088053e-06,0.00023514781787525865,-0.0009796955855563283
2025-05-15T15:00:00Z,-7.609444,112.595556,3.831870344583877e-05,0.00020727379887830463,-0.0010794401168823
2025-05-15T18:00:00Z,-7.609444,112.595556,9.935976777342148e-06,0.000200477777980268,-0.0010178675875067
2025-05-15T21:00:00Z,-7.609444,112.595556,2.538026365073165e-06,0.0001796727883629501,-0.0008882595575414598
2025-05-16T00:00:00Z,-7.609444,112.595556,3.423939779167995e-05,0.0001803093182388693,-0.0007853069109842181
2025-05-16T03:00:00Z,-7.609444,112.595556,9.206578397424892e-05,0.000160088631673716,-0.0007140147499740124
2025-05-16T06:00:00Z,-7.609444,112.595556,8.558184345019981e-05,0.0001865939848357812,-0.000690413755364716
2025-05-16T09:00:00Z,-7.609444,112.595556,0.00015185588563326746,0.00012789216998498887,-0.0006886401679366827
2025-05-16T12:00:00Z,-7.609444,112.595556,0.0002222137700300664,0.00010014166036853568,-0.0007509143906645477
2025-05-16T15:00:00Z,-7.609444,112.595556,0.0003109068493358791,0.00018970896780956537,-0.0007851879927329719
2025-05-16T18:00:00Z,-7.609444,112.595556,0.00021185279183555397,0.0003453211975283921,-0.0009495125850662588
2025-05-16T21:00:00Z,-7.609444,112.595556,9.90421322057955e-05,0.0004631084739230573,-0.0010030481498688
2025-05-17T00:00:00Z,-7.609444,112.595556,-1.723093373584561e-05,0.0005551278591156006,-0.0010562825482338
2025-05-17T03:00:00Z,-7.609444,112.595556,-8.678619633428752e-05,0.000669589324388653,-0.0010778011055663
2025-05-17T06:00:00Z,-7.609444,112.595556,-0.0001933659368660301,0.000762549287173897,-0.0011287936940789
2025-05-17T09:00:00Z,-7.609444,112.595556,-0.0002096183452522382,0.0007912712753750384,-0.0011485740542411
2025-05-17T12:00:00Z,-7.609444,112.595556,-0.00016551588487345725,0.0008469513268209994,-0.001132319914177
2025-05-17T15:00:00Z,-7.609444,112.595556,-0.0001267837651539594,0.0009556406293995678,-0.0011827837442979
2025-05-17T18:00:00Z,-7.609444,112.595556,-0.0001792485563782975,0.0010962432716041,-0.0012348814634606
2025-05-17T21:00:00Z,-7.609444,112.595556,-0.00019241371774114668,0.0011130210477858,-0.001162638538517
2025-05-18T00:00:00Z,-7.609444,112.595556,-0.0002214754786109552,0.0011172975646331,-0.0011554997181519
2025-05-18T03:00:00Z,-7.609444,112.595556,-0.0002471819461788982,0.0011581510771065,-0.0010871613631024
2025-05-18T06:00:00Z,-7.609444,112.595556,-0.0003057903959415853,0.0012420424027368,-0.0009680167422629892
2025-05-18T09:00:00Z,-7.609444,112.595556,-0.00029460323275998235,0.0012422995641827,-0.0007909584674052894
2025-05-18T12:00:00Z,-7.609444,112.595556,-0.0002754641755018383,0.0012850791681557,-0.0005710498662665486
2025-05-18T15:00:00Z,-7.609444,112.595556,-0.00025103456573560834,0.0013453230494633,-0.0004122133541386575
2025-05-18T18:00:00Z,-7.609444,112.595556,-0.0002579985302872956,0.0013362895697355,-0.00022270690533332527
2025-05-18T21:00:00Z,-7.609444,112.595556,-0.00019584049005061388,0.001302408054471,-3.186930189258419e-05
2025-05-19T00:00:00Z,-7.609444,112.595556,-0.00021564603957813236,0.0012452466180548,9.501643216935918e-05
2025-05-19T03:00:00Z,-7.609444,112.595556,-0.00023777720343787223,0.0011963252909481,0.00011493475903989749
2025-05-19T06:00:00Z,-7.609444,112.595556,-0.0002789077698253095,0.0011289541143923,6.657982157776132e-05
2025-05-19T09:00:00Z,-7.609444,112.595556,-0.00029850960709154606,0.0010303141316398,7.570983871119097e-05
2025-05-19T12:00:00Z,-7.609444,112.595556,-0.0003733343619387597,0.0009577948367223144,9.446417243452744e-05
2025-05-19T15:00:00Z,-7.609444,112.595556,-0.0004458082257770002,0.0009297931683249772,0.0001323983451584354
2025-05-19T18:00:00Z,-7.609444,112.595556,-0.000576710095629096,0.0009049222571775316,0.00015429682389367372
2025-05-19T21:00:00Z,-7.609444,112.595556,-0.0005523894215002656,0.0008362710941582918,0.0002258051099488512
2025-05-20T00:00:00Z,-7.609444,112.595556,-0.0005675509455613792,0.0007279968704096973,0.00021457427646964788
2025-05-20T03:00:00Z,-7.609444,112.595556,-0.0005519707920029759,0.0006024106405675411,0.00032960675889626145
2025-05-20T06:00:00Z,-7.609444,112.595556,-0.0006108124507591128,0.0005371277802623808,0.0002537842083256692
2025-05-20T09:00:00Z,-7.609444,112.595556,-0.0006325509166345,0.00045642792247235775,0.0002668059605639428
2025-05-20T12:00:00Z,-7.609444,112.595556,-0.0006816577515564859,0.0003879360447172076,0.0002998831041622907
2025-05-20T15:00:00Z,-7.609444,112.595556,-0.000709030544385314,0.00034605705877766013,0.0003402019792702049
2025-05-20T18:00:00Z,-7.609444,112.595556,-0.0008203287143260241,0.0003090633254032582,0.0003575597074814141
2025-05-20T21:00:00Z,-7.609444,112.595556,-0.0008123447769321501,0.00021814314823132008,0.00028354430105537176
2025-05-21T00:00:00Z,-7.609444,112.595556,-0.000773687323089689,0.00012193992006359622,0.00020602214499376717
2025-05-21T03:00:00Z,-7.609444,112.595556,-0.0006671458831988275,-2.8979384296690117e-05,0.0002816574415192008
2025-05-21T06:00:00Z,-7.609444,112.595556,-0.0006515528075397015,-0.00014666294737253338,0.0003273027832619846
2025-05-21T09:00:00Z,-7.609444,112.595556,-0.0005741250934079289,-0.00023900791711639613,0.00031959995976649225
2025-05-21T12:00:00Z,-7.609444,112.595556,-0.0005143180023878813,-0.00033700731000863016,0.0003549496177583933
2025-05-21T15:00:00Z,-7.609444,112.595556,-0.000459198170574382,-0.000390022003557533,0.0004910992574878037
2025-05-21T18:00:00Z,-7.609444,112.595556,-0.00044230534695088863,-0.00041922469972632825,0.0006576666492037475
2025-05-21T21:00:00Z,-7.609444,112.595556,-0.0003495429409667849,-0.00047038437332957983,0.0007039422052912414
2025-05-22T00:00:00Z,-7.609444,112.595556,-0.0002375793847022578,-0.0005221620085649192,0.0008294129511341453
2025-05-22T03:00:00Z,-7.609444,112.595556,-0.00018915040709543973,-0.0005874562193639576,0.0010635141516104
2025-05-22T06:00:00Z,-7.609444,112.595556,-0.0001548380241729319,-0.0006016941042616963,0.00109387061093
2025-05-22T09:00:00Z,-7.609444,112.595556,-6.604856753256172e-05,-0.0006288190488703549,0.0010161262471228
2025-05-22T12:00:00Z,-7.609444,112.595556,-6.055156700313091e-05,-0.0005911553162150085,0.001117559033446
2025-05-22T15:00:00Z,-7.609444,112.595556,-3.45306470990181e-05,-0.0006003031157888472,0.0012641174253076
2025-05-22T18:00:00Z,-7.609444,112.595556,-6.802727875765413e-05,-0.000540578446816653,0.0013367170467972
2025-05-22T21:00:00Z,-7.609444,112.595556,-8.255049033323303e-05,-0.000470821833005175,0.0013605293352156
2025-05-23T00:00:00Z,-7.609444,112.595556,-0.0001317646529059857,-0.0004578668449539691,0.0013621484395116
2025-05-23T03:00:00Z,-7.609444,112.595556,-0.0001977599022211507,-0.0003877059789374471,0.0013416800647974
2025-05-23T06:00:00Z,-7.609444,112.595556,-0.0003183344379067421,-0.0002365492400713265,0.001238971017301
2025-05-23T09:00:00Z,-7.609444,112.595556,-0.0003782456333283335,-0.00010848329111468048,0.0011409663129597
2025-05-23T12:00:00Z,-7.609444,112.595556,-0.0003769928007386625,-5.104285082779825e-05,0.0010640112450346
2025-05-23T15:00:00Z,-7.609444,112.595556,-0.000338308687787503,-1.9022420019609854e-05,0.0010665329173207
2025-05-23T18:00:00Z,-7.609444,112.595556,-0.0003745199355762452,-2.3175885871751237e-05,0.0010576283093541
2025-05-23T21:00:00Z,-7.609444,112.595556,-0.00038023656816221774,-2.151333865185734e-05,0.000904130341950804
2025-05-24T00:00:00Z,-7.609444,112.595556,-0.0003809779300354421,-5.836609852849506e-05,0.0008620868320576847
2025-05-24T03:00:00Z,-7.609444,112.595556,-0.00039130120421759773,-6.42431405140087e-05,0.0008769561536610126
2025-05-24T06:00:00Z,-7.609444,112.595556,-0.0004647108144126833,-1.8249749700771645e-05,0.0007541924132965505
2025-05-24T09:00:00Z,-7.609444,112.595556,-0.0005050325416959822,-2.2188425646163523e-05,0.0007722016889601946
2025-05-24T12:00:00Z,-7.609444,112.595556,-0.00047611858462914814,-2.3318918465520252e-05,0.000800920242909342
2025-05-24T15:00:00Z,-7.609444,112.595556,-0.0003849993518088013,-2.708101055759471e-05,0.0007931171567179263
2025-05-24T18:00:00Z,-7.609444,112.595556,-0.00032026355620473623,-1.2425073691701982e-05,0.0007783125038258731
2025-05-24T21:00:00Z,-7.609444,112.595556,-0.0002246377989649773,-1.694609750302334e-06,0.0009081761236302556
2025-05-25T00:00:00Z,-7.609444,112.595556,-0.0001475007738918066,-5.4910127801122144e-05,0.0009357273229397832
2025-05-25T03:00:00Z,-7.609444,112.595556,-8.966022141976282e-05,-4.216696106595919e-05,0.0008132898947224021
2025-05-25T06:00:00Z,-7.609444,112.595556,-3.550035762600601e-05,-4.022310167783871e-05,0.0007038103649392724
2025-05-25T09:00:00Z,-7.609444,112.595556,1.8193673895439133e-05,-5.957389294053428e-05,0.0006520965835079551
2025-05-25T12:00:00Z,-7.609444,112.595556,2.4284900064230897e-05,-5.689222962246277e-05,0.0006014388636685908
2025-05-25T15:00:00Z,-7.609444,112.595556,8.398503268836066e-05,-6.619723717449233e-05,0.0005690261605195701
2025-05-25T18:00:00Z,-7.609444,112.595556,0.0001226382446475327,-7.698963599978015e-05,0.00048581414739601314
2025-05-25T21:00:00Z,-7.609444,112.595556,0.00019918105681426823,-9.911794040817767e-05,0.0005810244474560022
2025-05-26T00:00:00Z,-7.609444,112.595556,0.0002507181488908828,-0.00012768880696967244,0.0006074715056456625
2025-05-26T03:00:00Z,-7.609444,112.595556,0.0003083540650550276,-0.0001368707889923826,0.0003818031691480428
2025-05-26T06:00:00Z,-7.609444,112.595556,0.000350501446519047,-0.00011925754370167851,0.0003242029051762074
2025-05-26T09:00:00Z,-7.609444,112.595556,0.0004368346417322755,-8.655338024254888e-05,0.0004116244963370264
2025-05-26T12:00:00Z,-7.609444,112.595556,0.000467224745079875,-4.480771895032376e-05,0.00036827242001891136
2025-05-26T15:00:00Z,-7.609444,112.595556,0.000450936408014968,3.4133818189729936e-06,0.0003255789924878627
2025-05-26T18:00:00Z,-7.609444,112.595556,0.0004281568981241435,3.410083081689663e-05,0.00030203067581169307
2025-05-26T21:00:00Z,-7.609444,112.595556,0.0004281273868400604,8.15154126030393e-05,0.0002715561131481081
2025-05-27T00:00:00Z,-7.609444,112.595556,0.000399145734263584,0.00015583103231620044,0.0002209168014815077
2025-05-27T03:00:00Z,-7.609444,112.595556,0.0003483542532194406,0.00034751801285892725,0.00013731025683227926
2025-05-27T06:00:00Z,-7.609444,112.595556,0.00028184958500787616,0.0004771947278641164,1.523189803265268e-05
2025-05-27T09:00:00Z,-7.609444,112.595556,0.0003136122249998152,0.0005677148583345115,4.610683754435741e-05
2025-05-27T12:00:00Z,-7.609444,112.595556,0.000335149554302916,0.0006676661432720721,0.00012934823462273926
2025-05-27T15:00:00Z,-7.609444,112.595556,0.0003165819798596204,0.0007208854076452553,0.00035228312481194735
2025-05-27T18:00:00Z,-7.609444,112.595556,0.0002504904696252197,0.0007846876396797597,0.0003545086656231433
2025-05-27T21:00:00Z,-7.609444,112.595556,0.0003156146558467299,0.0008313389262184501,0.000365501968190074
2025-05-28T00:00:00Z,-7.609444,112.595556,0.0004032313299831003,0.0008498002425767481,0.0003605288802646101
2025-05-28T03:00:00Z,-7.609444,112.595556,0.00048360531218349934,0.0008838764042593539,0.00043944420758634806
2025-05-28T06:00:00Z,-7.609444,112.595556,0.0004863211943302304,0.0008892861660569906,0.0004589811433106661
2025-05-28T09:00:00Z,-7.609444,112.595556,0.0006129455869086087,0.0008167610503733158,0.0004537900967989117
2025-05-28T12:00:00Z,-7.609444,112.595556,0.0007106916164048016,0.0008128125919029117,0.0004425700753927231
2025-05-28T15:00:00Z,-7.609444,112.595556,0.0007671901839785278,0.0008733820868656039,0.0005056006484664977
2025-05-28T18:00:00Z,-7.609444,112.595556,0.0007080245995894074,0.001051174593158,0.0004979631048627198
2025-05-28T21:00:00Z,-7.609444,112.595556,0.0007298822747543454,0.001262329169549,0.0003836157266050577
2025-05-29T00:00:00Z,-7.609444,112.595556,0.0007790823001414537,0.0014240362215787,0.00038108674925751984
2025-05-29T03:00:00Z,-7.609444,112.595556,0.0008443196420557797,0.0015669327694922,0.0004288750933483243
2025-05-29T06:00:00Z,-7.609444,112.595556,0.0008118338300846517,0.0017186218174174,0.0004067711415700615
2025-05-29T09:00:00Z,-7.609444,112.595556,0.0008216462447308004,0.0018784932326525,0.0004661061684601009
2025-05-29T12:00:00Z,-7.609444,112.595556,0.0007953571039251983,0.0020934478379786,0.0003524348430801183
2025-05-29T15:00:00Z,-7.609444,112.595556,0.0008267777739092708,0.0022373050451278,0.0003475928970146924
2025-05-29T18:00:00Z,-7.609444,112.595556,0.0007010117988102138,0.0024454272352159,0.0002050046168733388
2025-05-29T21:00:00Z,-7.609444,112.595556,0.0006256516790017486,0.0025948598049581,0.0001622580166440457
2025-05-30T00:00:00Z,-7.609444,112.595556,0.0005641239113174379,0.0027148472145199,9.299038356402888e-05
2025-05-30T03:00:00Z,-7.609444,112.595556,0.0005367776029743254,0.0028085047379136,4.523189636529423e-05
2025-05-30T06:00:00Z,-7.609444,112.595556,0.00041510231676511467,0.0029494580812752,-1.8904303942690603e-05
2025-05-30T09:00:00Z,-7.609444,112.595556,0.0003200378851033747,0.0030408368911594,-2.900301296904217e-05
2025-05-30T12:00:00Z,-7.609444,112.595556,0.00021027172624599189,0.0030851974152028,-7.525958790211007e-05
2025-05-30T15:00:00Z,-7.609444,112.595556,0.00016742465959396213,0.0030811359174549,-0.00015979443560354412
2025-05-30T18:00:00Z,-7.609444,112.595556,0.000109070839243941,0.0030315718613564,-0.00024533452233299613
2025-05-30T21:00:00Z,-7.609444,112.595556,0.00012510348460637033,0.0030440972186625,-0.0002089556510327384
2025-05-31T00:00:00Z,-7.609444,112.595556,0.0001350824168184772,0.0030593106057494,-0.00012511776003520936
2025-05-31T03:00:00Z,-7.609444,112.595556,0.00014698073209729046,0.0031114008743315,-0.00021196887246333063
2025-05-31T06:00:00Z,-7.609444,112.595556,0.00015278698992915452,0.0031366827897727,-0.0003360962145961821
2025-05-31T09:00:00Z,-7.609444,112.595556,0.00024996744468808174,0.0031190179288387,-0.0003679153160192072
2025-05-31T12:00:00Z,-7.609444,112.595556,0.0003313294146209955,0.0030540835577994,-0.0002377208147663623
2025-05-31T15:00:00Z,-7.609444,112.595556,0.000445409823441878,0.0030095523688942,-0.00019663787679746747
2025-05-31T18:00:00Z,-7.609444,112.595556,0.0004772685642819852,0.0030254342127591,-0.00019060602062381804
2025-05-31T21:00:00Z,-7.609444,112.595556,0.0005860676756128669,0.0030093200039118,-3.486547211650759e-05
2025-06-01T00:00:00Z,-7.609444,112.595556,0.0006247091805562377,0.0030108164064586,1.552038338559214e-05
2025-06-01T03:00:00Z,-7.609444,112.595556,0.0006111929542385042,0.0030243559740483,-2.599681101855822e-05
2025-06-01T06:00:00Z,-7.609444,112.595556,0.0005860822275280952,0.0030024799052625,-9.655193571234122e-05
2025-06-01T09:00:00Z,-7.609444,112.595556,0.0006123071652837098,0.0029500897508114,-3.194659439031966e-05
2025-06-01T12:00:00Z,-7.609444,112.595556,0.0005815671174786985,0.0029416349716484,3.615483728935942e-05
2025-06-01T15:00:00Z,-7.609444,112.595556,0.0005619353032670915,0.0029566301964223,0.00012929872900713235
2025-06-01T18:00:00Z,-7.609444,112.595556,0.0004391160036902874,0.0029905010014772,0.0002071157214231789
2025-06-01T21:00:00Z,-7.609444,112.595556,0.0004076517361681909,0.0029900609515607,0.000327577959978953
2025-06-02T00:00:00Z,-7.609444,112.595556,0.0004108877619728446,0.0029038491193205,0.0004737088165711612
2025-06-02T03:00:00Z,-7.609444,112.595556,0.0003951254475396127,0.0028364255558699,0.0005784803070127964
2025-06-02T06:00:00Z,-7.609444,112.595556,0.0003053189429920167,0.0028046693187206,0.0006911731907166541
2025-06-02T09:00:00Z,-7.609444,112.595556,0.00025185468257404864,0.0027958184946328,0.0007652309723198414
2025-06-02T12:00:00Z,-7.609444,112.595556,0.0001870004780357704,0.0027939458377659,0.0007698724512010813
2025-06-02T15:00:00Z,-7.609444,112.595556,0.00017360383935738355,0.0028520668856799,0.0007941784569993615
2025-06-02T18:00:00Z,-7.609444,112.595556,6.291744648478925e-05,0.0028562603984028,0.0008582003065384924
2025-06-02T21:00:00Z,-7.609444,112.595556,-8.523594260623213e-06,0.0027980697341263,0.0008957369136624038
2025-06-03T00:00:00Z,-7.609444,112.595556,-6.466724880738184e-05,0.0027251909486949,0.0007789916708134115
2025-06-03T03:00:00Z,-7.609444,112.595556,-0.00010950689465971664,0.0027017998509109,0.0006806674064137042
2025-06-03T06:00:00Z,-7.609444,112.595556,-0.00023393660376314077,0.0027072872035205,0.000642437138594687
2025-06-03T09:00:00Z,-7.609444,112.595556,-0.00031631780439056456,0.0027191904373466,0.0005356465699151158
2025-06-03T12:00:00Z,-7.609444,112.595556,-0.00037816015537828207,0.0026671427767723,0.0003855942049995065
2025-06-03T15:00:00Z,-7.609444,112.595556,-0.00036503630690276623,0.0026080005336552,0.00026650368818081915
2025-06-03T18:00:00Z,-7.609444,112.595556,-0.0004264612216502428,0.0025455271825194,0.0001379964960506186
2025-06-03T21:00:00Z,-7.609444,112.595556,-0.0004768366634380072,0.0024831099435687,-7.838605233700946e-05
2025-06-04T00:00:00Z,-7.609444,112.595556,-0.0004906771355308592,0.0024077084381133,-0.0002303945511812344
2025-06-04T03:00:00Z,-7.609444,112.595556,-0.000458226801129058,0.0023805347736924,-0.00029241415904834867
2025-06-04T06:00:00Z,-7.609444,112.595556,-0.0005074455984868109,0.0023722033947706,-0.0003350438200868666
2025-06-04T09:00:00Z,-7.609444,112.595556,-0.0005156770930625498,0.0023776250891387,-0.0004234483349137008
2025-06-04T12:00:00Z,-7.609444,112.595556,-0.0005069412291049957,0.0023509422317147,-0.0004268400080036372
2025-06-04T15:00:00Z,-7.609444,112.595556,-0.0004292413941584528,0.0023604256566613,-0.0004282422305550426
2025-06-04T18:00:00Z,-7.609444,112.595556,-0.0003674172912724316,0.0023343772627413,-0.00038908689748495817
2025-06-04T21:00:00Z,-7.609444,112.595556,-0.00027057199622504413,0.0022980626672506,-0.0003585538943298161
2025-06-05T00:00:00Z,-7.609444,112.595556,-0.0002050931070698425,0.002231026533991,-0.00024446743191219866
2025-06-05T03:00:00Z,-7.609444,112.595556,-9.59643512032926e-05,0.0022080093622207,-0.00021792850748170167
2025-06-05T06:00:00Z,-7.609444,112.595556,1.3487760952557435e-05,0.0022166543640196,-0.00016179634258151054
2025-06-05T09:00:00Z,-7.609444,112.595556,0.00015486804477404803,0.0022120128851383,-3.582749195629731e-05
2025-06-05T12:00:00Z,-7.609444,112.595556,0.0002552844234742224,0.00219536293298,4.797072688234039e-05
2025-06-05T15:00:00Z,-7.609444,112.595556,0.0003157258324790746,0.0021890816278755,-6.625743117183447e-05
2025-06-05T18:00:00Z,-7.609444,112.595556,0.0003220433136448264,0.0022019345778971,-0.00014512935013044626
2025-06-05T21:00:00Z,-7.609444,112.595556,0.00041163773857988417,0.0022118594497442,-0.00016516129835508764
2025-06-06T00:00:00Z,-7.609444,112.595556,0.0004628885362762958,0.0022000276949256,-7.468885451089591e-05
2025-06-06T03:00:00Z,-7.609444,112.595556,0.0005155100952833891,0.0021909871138632,3.367607860127464e-06
2025-06-06T06:00:00Z,-7.609444,112.595556,0.0005500519764609635,0.0022092955186963,4.8070128286781255e-06
2025-06-06T09:00:00Z,-7.609444,112.595556,0.0005792750744149089,0.0022075420711189,3.781874329433776e-05
2025-06-06T12:00:00Z,-7.609444,112.595556,0.0006318332743830979,0.0021858997642993,4.359470403869637e-05
2025-06-06T15:00:00Z,-7.609444,112.595556,0.0006980813923291862,0.0021459034178406,-4.964776599081233e-05
2025-06-06T18:00:00Z,-7.609444,112.595556,0.0006418476696126163,0.0021669326815754,-0.00021571862453129145
2025-06-06T21:00:00Z,-7.609444,112.595556,0.0006353385397233069,0.0021407818421721,-0.00033342151436954737
2025-06-07T00:00:00Z,-7.609444,112.595556,0.0006417578551918268,0.0020709389355033,-0.00035545285209082067
2025-06-07T03:00:00Z,-7.609444,112.595556,0.0006245155818760395,0.0020036094356328,-0.00037380828871391714
2025-06-07T06:00:00Z,-7.609444,112.595556,0.0004661626880988479,0.0019696000963449,-0.0004804615455213934
2025-06-07T09:00:00Z,-7.609444,112.595556,0.0004225484444759786,0.0018689231947064,-0.0004275789833627641
2025-06-07T12:00:00Z,-7.609444,112.595556,0.00038219624548219134,0.0017950049368664,-0.0003962260961998254
2025-06-07T15:00:00Z,-7.609444,112.595556,0.0003339399700053036,0.0017556570237502,-0.0002963714941870421
2025-06-07T18:00:00Z,-7.609444,112.595556,0.00023990016779862344,0.0017335703596472,-0.00025592875317670405
2025-06-07T21:00:00Z,-7.609444,112.595556,0.0002530523925088346,0.0016318185953423,-0.00018608338723424825
2025-06-08T00:00:00Z,-7.609444,112.595556,0.0003381146816536784,0.0015258954372256,-9.92262939689681e-05
2025-06-08T03:00:00Z,-7.609444,112.595556,0.0003824689774774015,0.0014881568495184,4.449085099622607e-05
2025-06-08T06:00:00Z,-7.609444,112.595556,0.00035211359499953687,0.0015137435402721,9.326993313152344e-05
2025-06-08T09:00:00Z,-7.609444,112.595556,0.0003722258552443236,0.0015498702414333,4.9808062613010406e-05
2025-06-08T12:00:00Z,-7.609444,112.595556,0.00036178334266878654,0.0015796477673575,-5.95345045439899e-05
2025-06-08T15:00:00Z,-7.609444,112.595556,0.0003762516134884208,0.0016017906600609,-6.237521301954985e-05
2025-06-08T18:00:00Z,-7.609444,112.595556,0.00028906165971420705,0.0016554264584556,-7.036724855424836e-05
2025-06-08T21:00:00Z,-7.609444,112.595556,0.0002641802711877972,0.0017193733947351,-7.533482130384073e-05
2025-06-09T00:00:00Z,-7.609444,112.595556,0.00025073965662159026,0.0017850804142653,-7.859969628043473e-05
2025-06-09T03:00:00Z,-7.609444,112.595556,0.0002924045838881284,0.0018611478153616,5.508741014637053e-05
2025-06-09T06:00:00Z,-7.609444,112.595556,0.00028286821907386184,0.0019365053158253,0.0001893319713417441
2025-06-09T09:00:00Z,-7.609444,112.595556,0.0003127747622784227,0.001990387449041,0.0003968467062804848
2025-06-09T12:00:00Z,-7.609444,112.595556,0.0003468169888947159,0.002036795951426,0.0004781938041560352
2025-06-09T15:00:00Z,-7.609444,112.595556,0.0004054714518133551,0.0020391358993947,0.0005235315766185522
2025-06-09T18:00:00Z,-7.609444,112.595556,0.00038948198198340833,0.002108336193487,0.0005875336937606335
2025-06-09T21:00:00Z,-7.609444,112.595556,0.0003772353229578584,0.0022277506068348,0.0006380898412317038
2025-06-10T00:00:00Z,-7.609444,112.595556,0.000321393454214558,0.0022750722710043,0.000651405833195895
2025-06-10T03:00:00Z,-7.609444,112.595556,0.00028590927831828594,0.002303808229044,0.0007138052606023848
2025-06-10T06:00:00Z,-7.609444,112.595556,0.0002379706565989181,0.0023557737004011,0.0007882504141889513
2025-06-10T09:00:00Z,-7.609444,112.595556,0.0001907233236124739,0.0024220682680606,0.0008919741958379745
2025-06-10T12:00:00Z,-7.609444,112.595556,8.051582699408755e-05,0.002479430520907,0.0009213571320287884
2025-06-10T15:00:00Z,-7.609444,112.595556,2.7108293579658493e-05,0.0025407117791473,0.0009154202416539192
2025-06-10T18:00:00Z,-7.609444,112.595556,-7.829542300896719e-05,0.002565300790593,0.0008743042126297951
2025-06-10T21:00:00Z,-7.609444,112.595556,-5.89632400078699e-05,0.0024891565553843,0.0008725531515665352
2025-06-11T00:00:00Z,-7.609444,112.595556,-7.910963176982477e-05,0.0023480665404349,0.0009279510122723876
2025-06-11T03:00:00Z,-7.609444,112.595556,-0.00011861647362820804,0.0022423733025789,0.0008438006043434143
2025-06-11T06:00:00Z,-7.609444,112.595556,-0.00020445254631340504,0.0022222453262656,0.0007741808658465743
2025-06-11T09:00:00Z,-7.609444,112.595556,-0.00020216923439875245,0.0022093905135989,0.0007942565134726465
2025-06-11T12:00:00Z,-7.609444,112.595556,-0.00024471827782690525,0.0021830527111887,0.0007450669072568417
2025-06-11T15:00:00Z,-7.609444,112.595556,-0.0002561790752224624,0.0021147294901311,0.0007280980935320258
2025-06-11T18:00:00Z,-7.609444,112.595556,-0.00030522479210048914,0.0019550670403987,0.0006975646829232574
2025-06-11T21:00:00Z,-7.609444,112.595556,-0.0003045792400371284,0.0017913649789988,0.0005487960879690945
2025-06-12T00:00:00Z,-7.609444,112.595556,-0.00030101669835858047,0.0016242399578914,0.0005162004963494837
2025-06-12T03:00:00Z,-7.609444,112.595556,-0.0002285313385073096,0.001518031116575,0.00039343771641142666
2025-06-12T06:00:00Z,-7.609444,112.595556,-0.0002362273080507293,0.0014649000950157,0.0002260447945445776
2025-06-12T09:00:00Z,-7.609444,112.595556,-0.00022782612359151244,0.0013943172525614,0.00015678178169764578
2025-06-12T12:00:00Z,-7.609444,112.595556,-0.0002200489543611184,0.0013357152929529,2.664760540938005e-05
2025-06-12T15:00:00Z,-7.609444,112.595556,-0.00013658743409905583,0.0012047276832163,-8.659292507218197e-05
2025-06-12T18:00:00Z,-7.609444,112.595556,-0.0001006198290269822,0.0011115296510979,-0.0002047582238446921
2025-06-12T21:00:00Z,-7.609444,112.595556,-3.099302193732001e-05,0.0010446170344948,-0.00018455392273608595
2025-06-13T00:00:00Z,-7.609444,112.595556,1.155153313447954e-05,0.0010158222867175,-0.0003278997610323131
2025-06-13T03:00:00Z,-7.609444,112.595556,0.00012840877752751112,0.0009969864040613174,-0.0003564122598618269
2025-06-13T06:00:00Z,-7.609444,112.595556,0.0002075096417684108,0.0009776250226423144,-0.0002358992787776515
2025-06-13T09:00:00Z,-7.609444,112.595556,0.0002897713566198945,0.0009301904356107116,-7.920440111774951e-05
2025-06-13T12:00:00Z,-7.609444,112.595556,0.0003652145969681442,0.0008626175113022327,-5.506743491423549e-06
2025-06-13T15:00:00Z,-7.609444,112.595556,0.00046184074017219245,0.0009036592673510312,5.063959179096855e-05
2025-06-13T18:00:00Z,-7.609444,112.595556,0.00044759453157894313,0.0009127719094976784,0.00010463195212651044
2025-06-13T21:00:00Z,-7.609444,112.595556,0.00048501661513000727,0.0009154410217888652,0.0002238945453427732
2025-06-14T00:00:00Z,-7.609444,112.595556,0.0004950232687406242,0.0009166215313598514,0.00026082133990712464
2025-06-14T03:00:00Z,-7.609444,112.595556,0.0005068962927907705,0.0009490425582043828,0.0002818380889948457
2025-06-14T06:00:00Z,-7.609444,112.595556,0.00042996456613764167,0.0009464612230658532,0.0003343380230944604
2025-06-14T09:00:00Z,-7.609444,112.595556,0.000364166044164449,0.0009402611176483332,0.0003700662055052817
2025-06-14T12:00:00Z,-7.609444,112.595556,0.00030305402469821274,0.0010236689122393,0.0005649151280522346
2025-06-14T15:00:00Z,-7.609444,112.595556,0.0002993208763655275,0.00112929509487,0.0006696213386021554
2025-06-14T18:00:00Z,-7.609444,112.595556,0.0001426004891982302,0.001205421751365,0.0006814536754973233
2025-06-14T21:00:00Z,-7.609444,112.595556,0.00010356804705224933,0.0012721404200419,0.0007426597294397652
2025-06-15T00:00:00Z,-7.609444,112.595556,5.530325142899528e-05,0.0012951196404173,0.0007601160905323923
2025-06-15T03:00:00Z,-7.609444,112.595556,5.886092822038336e-07,0.0013282893924042,0.0008107706089504063
2025-06-15T06:00:00Z,-7.609444,112.595556,-0.00010040728375315666,0.0013587505090981,0.0008228116203099489
2025-06-15T09:00:00Z,-7.609444,112.595556,-0.00013279757695272565,0.0013679931871592,0.0008465187856927514
2025-06-15T12:00:00Z,-7.609444,112.595556,-0.0002032160118687898,0.0014284346252679,0.0007688660407438874
2025-06-15T15:00:00Z,-7.609444,112.595556,-0.00026676515699364245,0.0015092102112248,0.000689321372192353
2025-06-15T18:00:00Z,-7.609444,112.595556,-0.0004180633113719523,0.0015470134094357,0.0006169170956127346
2025-06-15T21:00:00Z,-7.609444,112.595556,-0.000463698263047263,0.0015491229714825,0.0005728313117288053
2025-06-16T00:00:00Z,-7.609444,112.595556,-0.0005017139483243227,0.0015670607099309,0.0004956816555932164
2025-06-16T03:00:00Z,-7.609444,112.595556,-0.0005731168785132468,0.001676254090853,0.0004164308484178037
2025-06-16T06:00:00Z,-7.609444,112.595556,-0.0006678400095552206,0.0017602781299501,0.00031069573014974594
2025-06-16T09:00:00Z,-7.609444,112.595556,-0.0006142049678601325,0.0018752532778307,0.00019587251881603152
2025-06-16T12:00:00Z,-7.609444,112.595556,-0.0005768553237430751,0.0019757321570068,0.0001425507216481492
2025-06-16T15:00:00Z,-7.609444,112.595556,-0.0005324844387359917,0.0020515886135399,0.00012205541133880617
2025-06-16T18:00:00Z,-7.609444,112.595556,-0.0005945415468886495,0.0021073874086141,-2.7915109967580065e-05
2025-06-16T21:00:00Z,-7.609444,112.595556,-0.0005522033316083252,0.0021149727981537,-0.00020356675668153912
2025-06-17T00:00:00Z,-7.609444,112.595556,-0.000460099516203627,0.0021859901025891,-0.00018407526658847928
2025-06-17T03:00:00Z,-7.609444,112.595556,-0.0004929548595100641,0.0022298041731119,-0.0001601286930963397
2025-06-17T06:00:00Z,-7.609444,112.595556,-0.0006092715193517506,0.0023060736712068,-0.00022026813530828804
2025-06-17T09:00:00Z,-7.609444,112.595556,-0.0005414878251031041,0.0023085025604814,-0.0002026408183155581
2025-06-17T12:00:00Z,-7.609444,112.595556,-0.0004673986695706844,0.0022470448166131,-0.00017176066467072815
2025-06-17T15:00:00Z,-7.609444,112.595556,-0.00043568885303102434,0.0021589896641671,4.074965545441955e-05
2025-06-17T18:00:00Z,-7.609444,112.595556,-0.0005112593644298613,0.0021996924187988,-1.3149931874067988e-05
2025-06-17T21:00:00Z,-7.609444,112.595556,-0.0004952321178279817,0.0022534457966685,-4.3824918975587934e-05
2025-06-18T00:00:00Z,-7.609444,112.595556,-0.0004659386177081615,0.0022920526098459,-3.177056714775972e-05
2025-06-18T03:00:00Z,-7.609444,112.595556,-0.00044716038974002,0.0023020359221845,8.766997780185193e-06
2025-06-18T06:00:00Z,-7.609444,112.595556,-0.0005041210097260773,0.0023316107690334,1.763645741448272e-05
2025-06-18T09:00:00Z,-7.609444,112.595556,-0.0004511414445005357,0.0022930852137506,5.667854566127062e-06
2025-06-18T12:00:00Z,-7.609444,112.595556,-0.0004170708125457168,0.0022652971092611,2.661571670614649e-05
2025-06-18T15:00:00Z,-7.609444,112.595556,-0.0004041183565277606,0.0022999620996415,0.00011769415868911892
2025-06-18T18:00:00Z,-7.609444,112.595556,-0.0004679358389694244,0.0023746488150209,0.0001628306054044515
2025-06-18T21:00:00Z,-7.609444,112.595556,-0.0004646030720323324,0.0024474037345498,0.0001861219207057729
2025-06-19T00:00:00Z,-7.609444,112.595556,-0.0004807669320143759,0.0024533492978662,0.00018042154260911047
2025-06-19T03:00:00Z,-7.609444,112.595556,-0.0004873659636359662,0.0024346625432372,7.5018310781160835e-06
2025-06-19T06:00:00Z,-7.609444,112.595556,-0.00048266418161802,0.0024459667038172,-4.878799518337473e-05
2025-06-19T09:00:00Z,-7.609444,112.595556,-0.0004908603732474148,0.0024404053110629,-0.00013323590974323452
2025-06-19T12:00:00Z,-7.609444,112.595556,-0.0005158218555152416,0.002435378730297,-0.00015195262676570565
2025-06-19T15:00:00Z,-7.609444,112.595556,-0.0004905058303847909,0.0024006180465221,-0.0001028988408506848
2025-06-19T18:00:00Z,-7.609444,112.595556,-0.0004763576725963503,0.0023748450912535,-8.279395115096122e-05
2025-06-19T21:00:00Z,-7.609444,112.595556,-0.0004394605930428952,0.002339503262192,-3.891790038323961e-05
2025-06-20T00:00:00Z,-7.609444,112.595556,-0.0004276172840036452,0.0022846034262329,-7.505703979404643e-05
2025-06-20T03:00:00Z,-7.609444,112.595556,-0.0004057802725583315,0.0022461379412561,-0.0001945339317899197
2025-06-20T06:00:00Z,-7.609444,112.595556,-0.000432840286521241,0.0022401828318834,-0.00032055703923106194
2025-06-20T09:00:00Z,-7.609444,112.595556,-0.000430793734267354,0.0022122501395642,-0.0003053189138881862
2025-06-20T12:00:00Z,-7.609444,112.595556,-0.0004427677195053548,0.0021498627029359,-0.0003071691608056426
2025-06-20T15:00:00Z,-7.609444,112.595556,-0.0003711118188221008,0.0021251847501844,-0.000256872532190755
2025-06-20T18:00:00Z,-7.609444,112.595556,-0.0003926587523892522,0.0021154410205781,-0.0002671800320968032
2025-06-20T21:00:00Z,-7.609444,112.595556,-0.0003639435453806073,0.0020810491405427,-0.0003093101258855313
2025-06-21T00:00:00Z,-7.609444,112.595556,-0.0003769707982428372,0.0020302010234445,-0.0003410987264942378
2025-06-21T03:00:00Z,-7.609444,112.595556,-0.0003427142219152301,0.0020163329318165,-0.0003605611273087561
2025-06-21T06:00:00Z,-7.609444,112.595556,-0.0003620490897446871,0.002022122265771,-0.0004183283890597522
2025-06-21T09:00:00Z,-7.609444,112.595556,-0.0003347138117533177,0.0019750164356082,-0.0004679353442043066
2025-06-21T12:00:00Z,-7.609444,112.595556,-0.0003348590398672968,0.0019708182662725,-0.0005737203755415976
2025-06-21T15:00:00Z,-7.609444,112.595556,-0.00027198949828743935,0.0020075424108654,-0.0006270809681154788
2025-06-21T18:00:00Z,-7.609444,112.595556,-0.0003032824024558068,0.0020730164833366,-0.0006854088860563934
2025-06-21T21:00:00Z,-7.609444,112.595556,-0.0002902029955293983,0.0021154258865863,-0.0007889659027568996
2025-06-22T00:00:00Z,-7.609444,112.595556,-0.000310035451548174,0.0021268324926495,-0.0007464850204996765
2025-06-22T03:00:00Z,-7.609444,112.595556,-0.0003585437370929867,0.0021760030649602,-0.0007590432651340961
2025-06-22T06:00:00Z,-7.609444,112.595556,-0.000502531707752496,0.0022639988455921,-0.0007384527707472444
2025-06-22T09:00:00Z,-7.609444,112.595556,-0.0005448896554298699,0.0023453547619283,-0.000673930044285953
2025-06-22T12:00:00Z,-7.609444,112.595556,-0.0006192605942487717,0.0024804761633276,-0.0005512830684892833
2025-06-22T15:00:00Z,-7.609444,112.595556,-0.0006974715506657958,0.0026282400358468,-0.0003801834245678037
2025-06-22T18:00:00Z,-7.609444,112.595556,-0.0008356512989848852,0.0027709756977856,-0.00031333029619418085
2025-06-22T21:00:00Z,-7.609444,112.595556,-0.0008327494724653661,0.0028628713916987,-0.00023318568128161127
2025-06-23T00:00:00Z,-7.609444,112.595556,-0.0008208942599594593,0.002899209735915,-6.822416617069393e-05
2025-06-23T03:00:00Z,-7.609444,112.595556,-0.0008444487466476858,0.0030097085982561,-5.63786416023504e-05
2025-06-23T06:00:00Z,-7.609444,112.595556,-0.0009166782256215812,0.0031102122738957,5.108811456011608e-05
2025-06-23T09:00:00Z,-7.609444,112.595556,-0.0008684129570610821,0.003150182776153,9.717169450595976e-05
2025-06-23T12:00:00Z,-7.609444,112.595556,-0.0008578449487686157,0.0031960827764123,0.0001107910429709591
2025-06-23T15:00:00Z,-7.609444,112.595556,-0.000922622624784708,0.0032697634305804,0.00010571868187980726
2025-06-23T18:00:00Z,-7.609444,112.595556,-0.0010262328432872,0.003317505819723,3.940717579098418e-05
2025-06-23T21:00:00Z,-7.609444,112.595556,-0.0010301219299435,0.0033163442276418,-1.2112583135603929e-05
2025-06-24T00:00:00Z,-7.609444,112.595556,-0.0010405868524685,0.0033392640762031,1.1186774827365298e-05
2025-06-24T03:00:00Z,-7.609444,112.595556,-0.0010372807737439,0.0033718745689839,-0.00010137816570932046
2025-06-24T06:00:00Z,-7.609444,112.595556,-0.0011043642880395,0.0033543133176863,-0.00013697116810362786
2025-06-24T09:00:00Z,-7.609444,112.595556,-0.0010582737158983,0.0033158413134515,-0.00015724566765129566
2025-06-24T12:00:00Z,-7.609444,112.595556,-0.0010564464610069,0.0032574865035712,-0.00023007029085420072
2025-06-24T15:00:00Z,-7.609444,112.595556,-0.0010327361524105,0.0031568321865051,-0.00032057348289527
2025-06-24T18:00:00Z,-7.609444,112.595556,-0.001122192130424,0.0030490807257592,-0.00047235877718776464
2025-06-24T21:00:00Z,-7.609444,112.595556,-0.0011133418884128,0.0029988824389874,-0.0005730675184167922
2025-06-25T00:00:00Z,-7.609444,112.595556,-0.0011352864094078,0.0029704805929213,-0.0007425590301863849
2025-06-25T03:00:00Z,-7.609444,112.595556,-0.0011355519527569,0.0029416168108582,-0.0008455837960354984
2025-06-25T06:00:00Z,-7.609444,112.595556,-0.0012089811498299,0.0028671787586063,-0.0008790382416918874
2025-06-25T09:00:00Z,-7.609444,112.595556,-0.0011651938548311,0.0027749023865908,-0.0008693518466316164
2025-06-25T12:00:00Z,-7.609444,112.595556,-0.0011648104991763,0.0026744247879832,-0.0009271400631405412
2025-06-25T15:00:00Z,-7.609444,112.595556,-0.0011730362894013,0.0025860576424747,-0.0008669570670463145
2025-06-25T18:00:00Z,-7.609444,112.595556,-0.0012737279757857,0.0025684684514999,-0.000919006357435137
2025-06-25T21:00:00Z,-7.609444,112.595556,-0.0012419472914189,0.0025612984318286,-0.000983971171081066
2025-06-26T00:00:00Z,-7.609444,112.595556,-0.0012233504094183,0.0024975340347737,-0.001026350306347
2025-06-26T03:00:00Z,-7.609444,112.595556,-0.001194940530695,0.002376114251092,-0.0010523359524086
2025-06-26T06:00:00Z,-7.609444,112.595556,-0.001229298999533,0.0022557033225893,-0.0010048258118331
2025-06-26T09:00:00Z,-7.609444,112.595556,-0.0012083135079592,0.0021867447067052,-0.0009358020033687352
2025-06-26T12:00:00Z,-7.609444,112.595556,-0.0012185610830783,0.0021292592864483,-0.0008902784320525825
2025-06-26T15:00:00Z,-7.609444,112.595556,-0.0012280859518796,0.0020764218643307,-0.0008178490097634494
2025-06-26T18:00:00Z,-7.609444,112.595556,-0.0012182206846773,0.002053583972156,-0.0007773329271003604
2025-06-26T21:00:00Z,-7.609444,112.595556,-0.001126775983721,0.0020519760437309,-0.0007188349263742566
2025-06-27T00:00:00Z,-7.609444,112.595556,-0.0010522018419578,0.0020253665279597,-0.0006734579801559448
2025-06-27T03:00:00Z,-7.609444,112.595556,-0.0009595997398719192,0.001973234815523,-0.0005038012750446796
2025-06-27T06:00:00Z,-7.609444,112.595556,-0.0009274451876990496,0.0019950016867369,-0.0005018515512347221
2025-06-27T09:00:00Z,-7.609444,112.595556,-0.000872221717145294,0.0020508025772869,-0.0006169091211631894
2025-06-27T12:00:00Z,-7.609444,112.595556,-0.0008817419875413179,0.0020736760925501,-0.0006523077026940882
2025-06-27T15:00:00Z,-7.609444,112.595556,-0.0008274616557173431,0.0020890552550554,-0.0005218575242906809
2025-06-27T18:00:00Z,-7.609444,112.595556,-0.0008744391379877925,0.002174827735871,-0.0004888137336820364
2025-06-27T21:00:00Z,-7.609444,112.595556,-0.0008594148093834519,0.0022709756158292,-0.0004679880803450942
2025-06-28T00:00:00Z,-7.609444,112.595556,-0.0008824751130305231,0.0023112357594072,-0.00045474470243789256
2025-06-28T03:00:00Z,-7.609444,112.595556,-0.0008754709851928055,0.0023512372281402,-0.00029360465123318136
2025-06-28T06:00:00Z,-7.609444,112.595556,-0.0010108931455761,0.0024812880437821,-0.0003470070078037679
2025-06-28T09:00:00Z,-7.609444,112.595556,-0.0010280887363478,0.0026056128554046,-0.0003809763584285975
2025-06-28T12:00:00Z,-7.609444,112.595556,-0.0010808380320668,0.0025699213147163,-0.0003381336573511362
2025-06-28T15:00:00Z,-7.609444,112.595556,-0.0011127102188766,0.0025588106364011,-0.00011849150178022684
2025-06-28T18:00:00Z,-7.609444,112.595556,-0.0012607764219865,0.0026466117706149,-0.00010042927897302434
2025-06-28T21:00:00Z,-7.609444,112.595556,-0.0013128935825079,0.0027271348517388,-0.0001472891599405557
2025-06-29T00:00:00Z,-7.609444,112.595556,-0.0013483639340847,0.0027466770261526,-2.8109707272960804e-05
2025-06-29T03:00:00Z,-7.609444,112.595556,-0.0014728922396898,0.0028036411385983,5.267149754217826e-05
2025-06-29T06:00:00Z,-7.609444,112.595556,-0.0016046490054577,0.0029083758126944,-8.436013558821287e-06
2025-06-29T09:00:00Z,-7.609444,112.595556,-0.0016519237542524,0.0029027184937149,-5.606446575256996e-05
2025-06-29T12:00:00Z,-7.609444,112.595556,-0.0017344563966616,0.0028549751732498,4.00283133785706e-05
2025-06-29T15:00:00Z,-7.609444,112.595556,-0.0017258296720683,0.0028489888645708,0.00022379371512215585
2025-06-29T18:00:00Z,-7.609444,112.595556,-0.0018005007877945,0.0029035084880888,0.00016046907694544643
2025-06-29T21:00:00Z,-7.609444,112.595556,-0.0018483472522348,0.0029718112200498,-4.116723721381277e-05
2025-06-30T00:00:00Z,-7.609444,112.595556,-0.0018613033462315,0.0029142987914383,1.3619222954730503e-05
2025-06-30T03:00:00Z,-7.609444,112.595556,-0.0018167807720601,0.0028605000115931,1.3777527783531696e-05
2025-06-30T06:00:00Z,-7.609444,112.595556,-0.001846817554906,0.0028235141653567,-6.805461453041062e-05
2025-06-30T09:00:00Z,-7.609444,112.595556,-0.0017352844588458,0.0027559956070035,3.731061224243604e-05
2025-06-30T12:00:00Z,-7.609444,112.595556,-0.0016967202536761,0.0026677960995584,7.132079190341756e-05
2025-06-30T15:00:00Z,-7.609444,112.595556,-0.0016211875481531,0.002601739950478,0.0001254745729966089
2025-06-30T18:00:00Z,-7.609444,112.595556,-0.0015846228925511,0.0026306651998311,4.870731117989635e-06
2025-06-30T21:00:00Z,-7.609444,112.595556,-0.0014743752544745,0.0026118720415979,-0.00012683721433859318
2025-07-01T00:00:00Z,-7.609444,112.595556,-0.0013611763715744,0.0025027284864336,-8.388905553147197e-05
2025-07-01T03:00:00Z,-7.609444,112.595556,-0.0012212813599035,0.0024065640754997,-0.00011355191963957624
2025-07-01T06:00:00Z,-7.609444,112.595556,-0.0011834839824587,0.0024001270066946,-0.00021268855198286476
2025-07-01T09:00:00Z,-7.609444,112.595556,-0.0010870536789298,0.0024021749850362,-0.00016040292393881828
2025-07-01T12:00:00Z,-7.609444,112.595556,-0.0010427271481603,0.0024125182535499,-0.00019615222117863595
2025-07-01T15:00:00Z,-7.609444,112.595556,-0.000910320144612342,0.0024410742335021,-0.00012829649494960904
2025-07-01T18:00:00Z,-7.609444,112.595556,-0.0008475134964101017,0.0024721135850995,-0.00011254416313022376
2025-07-01T21:00:00Z,-7.609444,112.595556,-0.0007321959128603339,0.0024380171671509,-4.281455767340958e-05
2025-07-02T00:00:00Z,-7.609444,112.595556,-0.0006337366066873074,0.0023929218295961,2.015552126977127e-05
2025-07-02T03:00:00Z,-7.609444,112.595556,-0.0005365970428101718,0.0023335837759077,4.5394848712021485e-05
2025-07-02T06:00:00Z,-7.609444,112.595556,-0.0005121155409142375,0.002328552538529,3.50523587258067e-05
2025-07-02T09:00:00Z,-7.609444,112.595556,-0.0005028363084420562,0.0022658549714833,9.9557131761685e-05
2025-07-02T12:00:00Z,-7.609444,112.595556,-0.0005443815025500953,0.0022363706957548,0.0001030622879625298
2025-07-02T15:00:00Z,-7.609444,112.595556,-0.0005212170071899891,0.0021940376609563,0.00024635481531731784
2025-07-02T18:00:00Z,-7.609444,112.595556,-0.0005857525975443423,0.0021645994856953,0.00026428894489072263
2025-07-02T21:00:00Z,-7.609444,112.595556,-0.0005408425349742174,0.0021076314151287,0.0003638321941252798
2025-07-03T00:00:00Z,-7.609444,112.595556,-0.0004943253006786108,0.0020135852973908,0.0004463782825041562
2025-07-03T03:00:00Z,-7.609444,112.595556,-0.0004284776514396072,0.0018786391010507,0.0004663225845433772
2025-07-03T06:00:00Z,-7.609444,112.595556,-0.0004631078627426177,0.0017647128552198,0.0004303309542592615
2025-07-03T09:00:00Z,-7.609444,112.595556,-0.0004196686786599457,0.0016805212944746,0.0004503510135691613
2025-07-03T12:00:00Z,-7.609444,112.595556,-0.0003963691997341812,0.0015983880730345,0.0003906695346813649
2025-07-03T15:00:00Z,-7.609444,112.595556,-0.0003857811389025301,0.0015510008670389,0.00041227543260902166
2025-07-03T18:00:00Z,-7.609444,112.595556,-0.000445437035523355,0.0015309049049392,0.0004896908649243414
2025-07-03T21:00:00Z,-7.609444,112.595556,-0.0004107933200430125,0.0014246964128687,0.00047787255607545376
2025-07-04T00:00:00Z,-7.609444,112.595556,-0.0004209376056678593,0.0012608680408447,0.0004801370087079704
2025-07-04T03:00:00Z,-7.609444,112.595556,-0.0004522854869719594,0.0011050710454583,0.0005120525020174682
2025-07-04T06:00:00Z,-7.609444,112.595556,-0.0004896612372249365,0.000989373424090445,0.0005317516624927521
2025-07-04T09:00:00Z,-7.609444,112.595556,-0.0004425226361490786,0.000920897233299911,0.0005383585812523961
2025-07-04T12:00:00Z,-7.609444,112.595556,-0.0004943297244608402,0.0009133343701250852,0.0004972266033291817
2025-07-04T15:00:00Z,-7.609444,112.595556,-0.0005116904503665864,0.000945821520872414,0.0005534983356483281
2025-07-04T18:00:00Z,-7.609444,112.595556,-0.0005603354657068849,0.0009285470587201416,0.0005672068218700588
2025-07-04T21:00:00Z,-7.609444,112.595556,-0.000540140550583601,0.0009173720027320088,0.0006068339571356773
2025-07-05T00:00:00Z,-7.609444,112.595556,-0.0005346739199012518,0.000889473594725132,0.0006456034607253969
2025-07-05T03:00:00Z,-7.609444,112.595556,-0.0005930504412390292,0.000909537891857326,0.0006269660661928356
2025-07-05T06:00:00Z,-7.609444,112.595556,-0.0007331831729970872,0.0010121603263542,0.0005954226944595575
2025-07-05T09:00:00Z,-7.609444,112.595556,-0.0007699544075876474,0.0011516066733747,0.0005610120133496821
2025-07-05T12:00:00Z,-7.609444,112.595556,-0.0008420413359999657,0.0012525379424914,0.0006260678637772799
2025-07-05T15:00:00Z,-7.609444,112.595556,-0.0009050120715983212,0.0013083609519526,0.0006452115485444665
2025-07-05T18:00:00Z,-7.609444,112.595556,-0.0010165247367694,0.0013569671427831,0.0006182958604767919
2025-07-05T21:00:00Z,-7.609444,112.595556,-0.0010572742903605,0.0014114918885752,0.0004827598168049008
2025-07-06T00:00:00Z,-7.609444,112.595556,-0.0010870706755667,0.0014516371302306,0.0005000642850063741
2025-07-06T03:00:00Z,-7.609444,112.595556,-0.0011732135899364,0.0015235258033499,0.00032093943445943296
2025-07-06T06:00:00Z,-7.609444,112.595556,-0.0012772117042914,0.0016316453693434,0.00015509869263041764
2025-07-06T09:00:00Z,-7.609444,112.595556,-0.0012694053584709,0.001699823886156,0.0001059941278072074
2025-07-06T12:00:00Z,-7.609444,112.595556,-0.0013597120996564,0.0017525515286251,8.656422141939402e-05
2025-07-06T15:00:00Z,-7.609444,112.595556,-0.001450115116313,0.0018064941978082,0.0001721038861433044
2025-07-06T18:00:00Z,-7.609444,112.595556,-0.0015333835035562,0.0018809945322573,0.00018836090748663992
2025-07-06T21:00:00Z,-7.609444,112.595556,-0.0014771670103073,0.0019642447587102,0.00013017530727665871
2025-07-07T00:00:00Z,-7.609444,112.595556,-0.0014404926914721,0.0019568197894841,0.00025992339942604303
2025-07-07T03:00:00Z,-7.609444,112.595556,-0.0014234971022233,0.0019585054833441,0.0002614358381833881
2025-07-07T06:00:00Z,-7.609444,112.595556,-0.0013948158593848,0.0019660145044326,0.00024930646759457886
2025-07-07T09:00:00Z,-7.609444,112.595556,-0.0013065641978755,0.0019740648567676,0.00018174713477492327
2025-07-07T12:00:00Z,-7.609444,112.595556,-0.0012735187774524,0.0019329920178279,0.00025575797189958394
2025-07-07T15:00:00Z,-7.609444,112.595556,-0.0012328649172559,0.0018738325452432,0.0003685820265673101
2025-07-07T18:00:00Z,-7.609444,112.595556,-0.0012145632645115,0.0018272610614076,0.000351392402080819
2025-07-07T21:00:00Z,-7.609444,112.595556,-0.0011219620937481,0.001713300589472,0.0003603331570047885
2025-07-08T00:00:00Z,-7.609444,112.595556,-0.001061784569174,0.0015598165336996,0.00045102142030373216
2025-07-08T03:00:00Z,-7.609444,112.595556,-0.0009572660783305764,0.0014405992114916,0.00048670481191948056
2025-07-08T06:00:00Z,-7.609444,112.595556,-0.0009012845112010836,0.0013371760724112,0.0005032000481151044
2025-07-08T09:00:00Z,-7.609444,112.595556,-0.0007948548882268369,0.0012837707763537,0.0005483023705892265
2025-07-08T12:00:00Z,-7.609444,112.595556,-0.0007518985075876117,0.0012161054182797,0.000542455876711756
2025-07-08T15:00:00Z,-7.609444,112.595556,-0.0006617947365157306,0.001107980380766,0.0005991501966491342
2025-07-08T18:00:00Z,-7.609444,112.595556,-0.0005952405044808984,0.0010503538651391,0.0006466904887929559
2025-07-08T21:00:00Z,-7.609444,112.595556,-0.0005076119559817016,0.0009707388817332684,0.0005788145936094224
2025-07-09T00:00:00Z,-7.609444,112.595556,-0.00045460418914444745,0.0008870420861057937,0.0005868419539183378
2025-07-09T03:00:00Z,-7.609444,112.595556,-0.0004052349249832332,0.0009012239170260728,0.0005471631302498281
2025-07-09T06:00:00Z,-7.609444,112.595556,-0.000420269527239725,0.0009633137960918248,0.0005970443598926067
2025-07-09T09:00:00Z,-7.609444,112.595556,-0.0003279761294834316,0.0009983794298022983,0.0006660232320427895
2025-07-09T12:00:00Z,-7.609444,112.595556,-0.00030806424911133945,0.0009824277367442846,0.000708797131665051
2025-07-09T15:00:00Z,-7.609444,112.595556,-0.0002262259658891708,0.0010161274112761,0.0007815850549377501
2025-07-09T18:00:00Z,-7.609444,112.595556,-0.0002012118347920477,0.0011057157535105,0.0007539828075096011
2025-07-09T21:00:00Z,-7.609444,112.595556,-0.000130681466544047,0.0011819289065897,0.000760062481276691
2025-07-10T00:00:00Z,-7.609444,112.595556,-0.00014078474487178028,0.0012608942342922,0.0006668153218924999
2025-07-10T03:00:00Z,-7.609444,112.595556,-0.00018327328143641355,0.0013642574194818,0.0005505105946213007
2025-07-10T06:00:00Z,-7.609444,112.595556,-0.0002321463980479166,0.0014543012948706,0.0004976428463123739
2025-07-10T09:00:00Z,-7.609444,112.595556,-0.0002043350832536817,0.0014560897834599,0.0005689528770744801
2025-07-10T12:00:00Z,-7.609444,112.595556,-0.0002772141306195408,0.0014223379548639,0.0004918196937069297
2025-07-10T15:00:00Z,-7.609444,112.595556,-0.0002808739372994751,0.0013870520051568,0.0005899343523196876
2025-07-10T18:00:00Z,-7.609444,112.595556,-0.00035659095738083124,0.0014055607607588,0.0005883941776119173
2025-07-10T21:00:00Z,-7.609444,112.595556,-0.0003664630348794162,0.0013713147491216,0.0005292780115269125
2025-07-11T00:00:00Z,-7.609444,112.595556,-0.0003788081521634013,0.0013137703062966,0.0005593818495981395
2025-07-11T03:00:00Z,-7.609444,112.595556,-0.0003731671895366162,0.0012695975601673,0.0005012610927224159
2025-07-11T06:00:00Z,-7.609444,112.595556,-0.000373286718968302,0.0012157236924394,0.00040073657874017954
2025-07-11T09:00:00Z,-7.609444,112.595556,-0.00029557396192103624,0.0012112471740692,0.0003562586207408458
2025-07-11T12:00:00Z,-7.609444,112.595556,-0.0003034969267901033,0.0012062516761943,0.00020620814757421613
2025-07-11T15:00:00Z,-7.609444,112.595556,-0.0002464222779963165,0.0012300154194235,0.0001708337658783421
2025-07-11T18:00:00Z,-7.609444,112.595556,-0.0002470285107847303,0.0012959635350853,5.467759183375165e-05
2025-07-11T21:00:00Z,-7.609444,112.595556,-0.00021702020603697747,0.0012826459715142,-9.743825648911296e-05
2025-07-12T00:00:00Z,-7.609444,112.595556,-0.0001653575018281117,0.001170736271888,-0.0001985865383176133
2025-07-12T03:00:00Z,-7.609444,112.595556,-6.910478987265378e-05,0.0011091532651335,-0.0001398015592712909
2025-07-12T06:00:00Z,-7.609444,112.595556,-9.038521238835528e-05,0.0010892321588471,-0.00017402695084456354
2025-07-12T09:00:00Z,-7.609444,112.595556,-4.316857666708529e-05,0.0010563533287495,-0.00019966131367255
2025-07-12T12:00:00Z,-7.609444,112.595556,3.800949707510881e-05,0.001003302866593,-0.00011594341049203648
2025-07-12T15:00:00Z,-7.609444,112.595556,8.56479091453366e-05,0.0009935060515999794,2.532557846279815e-05
2025-07-12T18:00:00Z,-7.609444,112.595556,0.00011026719585061072,0.0009937010472640395,7.521046791225672e-05
2025-07-12T21:00:00Z,-7.609444,112.595556,0.0001962359092431143,0.0009679632494226098,0.0001286477636313066
2025-07-13T00:00:00Z,-7.609444,112.595556,0.0002231166290584952,0.0009265138651244342,0.0002427173894830048
2025-07-13T03:00:00Z,-7.609444,112.595556,0.0002938166435342282,0.000955133407842368,0.0003944406053051353
2025-07-13T06:00:00Z,-7.609444,112.595556,0.0002661248727235943,0.0010591614991426,0.000438407005276531
2025-07-13T09:00:00Z,-7.609444,112.595556,0.00030808753217570484,0.0011384055251255,0.0005507789901457727
2025-07-13T12:00:00Z,-7.609444,112.595556,0.00029387237736955285,0.0012260953662917,0.0006065535126253963
2025-07-13T15:00:00Z,-7.609444,112.595556,0.00032368613756261766,0.0013606820721179,0.0007846910739317536
2025-07-13T18:00:00Z,-7.609444,112.595556,0.000286293332464993,0.0014984565787017,0.0008334380690939724
2025-07-13T21:00:00Z,-7.609444,112.595556,0.0003276747593190521,0.0015901495935395,0.0010117650963366
2025-07-14T00:00:00Z,-7.609444,112.595556,0.0002640825987327844,0.0016826693899929,0.0011936143273487
2025-07-14T03:00:00Z,-7.609444,112.595556,0.0001967499702004716,0.0018269623396918,0.0012545383069664
2025-07-14T06:00:00Z,-7.609444,112.595556,0.00010898620530497284,0.0019571080338209,0.0012725668493658
2025-07-14T09:00:00Z,-7.609444,112.595556,0.00012858417176175865,0.002044218359515,0.0014486433938145
2025-07-14T12:00:00Z,-7.609444,112.595556,5.954324933554744e-06,0.0020881756208837,0.0015137335285544
2025-07-14T15:00:00Z,-7.609444,112.595556,-7.773881225148216e-05,0.00216880091466,0.0016138064675033
2025-07-14T18:00:00Z,-7.609444,112.595556,-0.00020551029592752457,0.0022612896282225,0.0015538174193352
2025-07-14T21:00:00Z,-7.609444,112.595556,-0.000267082272330299,0.0022323336452245,0.0016635473584756
2025-07-15T00:00:00Z,-7.609444,112.595556,-0.00037472337135113776,0.0022001890465617,0.0017001066589727
2025-07-15T03:00:00Z,-7.609444,112.595556,-0.0004695554380305112,0.0022140899673104,0.0016211210750043
2025-07-15T06:00:00Z,-7.609444,112.595556,-0.0006135885487310588,0.0022433593403548,0.0015188894467428
2025-07-15T09:00:00Z,-7.609444,112.595556,-0.0006882654852233827,0.0022887049708515,0.0014793161535635
2025-07-15T12:00:00Z,-7.609444,112.595556,-0.0008601690060459077,0.0023252177052199,0.0013255907688289
2025-07-15T15:00:00Z,-7.609444,112.595556,-0.0009668536949902772,0.0023522044066339,0.0011941125849261
2025-07-15T18:00:00Z,-7.609444,112.595556,-0.0010425833752378,0.0023883380927145,0.0010865192161872
2025-07-15T21:00:00Z,-7.609444,112.595556,-0.0010456746676936,0.0023256381973624,0.0010572801111266
2025-07-16T00:00:00Z,-7.609444,112.595556,-0.0010798298753798,0.0022916214074939,0.000949590641539544
2025-07-16T03:00:00Z,-7.609444,112.595556,-0.0011075045913457,0.0023283266928046,0.000824112503323704
2025-07-16T06:00:00Z,-7.609444,112.595556,-0.0011430447921156,0.0023190923966467,0.0007996991043910384
2025-07-16T09:00:00Z,-7.609444,112.595556,-0.0010550555307418,0.0023269788362085,0.0008281171903945506
2025-07-16T12:00:00Z,-7.609444,112.595556,-0.0010210464242845,0.002265443559736,0.000756594876293093
2025-07-16T15:00:00Z,-7.609444,112.595556,-0.0009278596844524144,0.0022574719041585,0.0007795285200700164
2025-07-16T18:00:00Z,-7.609444,112.595556,-0.0008996534161269665,0.0022082871291786,0.0005617908900603652
2025-07-16T21:00:00Z,-7.609444,112.595556,-0.0008131617214530706,0.0021296176128089,0.0005561843863688409
2025-07-17T00:00:00Z,-7.609444,112.595556,-0.0007554393378086388,0.0020985268056392,0.000527469499502331
2025-07-17T03:00:00Z,-7.609444,112.595556,-0.0006468734354712069,0.0020980972331017,0.0004826533840969205
2025-07-17T06:00:00Z,-7.609444,112.595556,-0.0005824773106724024,0.0021117466967552,0.0005045681609772146
2025-07-17T09:00:00Z,-7.609444,112.595556,-0.0004806257493328303,0.002073218114674,0.0004861262859776616
2025-07-17T12:00:00Z,-7.609444,112.595556,-0.0004414861905388534,0.0020242435857653,0.0004941863007843494
2025-07-17T15:00:00Z,-7.609444,112.595556,-0.00030540008447133005,0.00200259196572,0.0006153372814878821
2025-07-17T18:00:00Z,-7.609444,112.595556,-0.0002642122271936387,0.0019676170777529,0.0006496293353848159
2025-07-17T21:00:00Z,-7.609444,112.595556,-0.00023530193720944223,0.0019333175150677,0.0006230701110325754
2025-07-18T00:00:00Z,-7.609444,112.595556,-0.0001968312280951068,0.0018756432691588,0.0005875120405107737
2025-07-18T03:00:00Z,-7.609444,112.595556,-5.166680421098136e-05,0.001786139095202,0.0007583479746244848
2025-07-18T06:00:00Z,-7.609444,112.595556,-4.277316475054249e-05,0.0016858247108757,0.000877267390023917
2025-07-18T09:00:00Z,-7.609444,112.595556,-3.577597817638889e-05,0.0016377508873119,0.00095860636793077
2025-07-18T12:00:00Z,-7.609444,112.595556,-9.6625997684896e-05,0.0016021709889173,0.0009289346635341644
2025-07-18T15:00:00Z,-7.609444,112.595556,-7.685273885726929e-05,0.0016452688723802,0.0010645207948982
2025-07-18T18:00:00Z,-7.609444,112.595556,-0.00018058334535453469,0.0017049229936674,0.0011332710273563
2025-07-18T21:00:00Z,-7.609444,112.595556,-0.00022002079640515149,0.0017406168626621,0.0011368851410225
2025-07-19T00:00:00Z,-7.609444,112.595556,-0.00023914639314170927,0.0017191187944263,0.001209438079968
2025-07-19T03:00:00Z,-7.609444,112.595556,-0.00018990870739798996,0.0017361395293846,0.0012905682669952
2025-07-19T06:00:00Z,-7.609444,112.595556,-0.00027038718690164387,0.0017758551985025,0.0013654364738613
2025-07-19T09:00:00Z,-7.609444,112.595556,-0.00031700177351012826,0.0018607038073241,0.0013993710745126
2025-07-19T12:00:00Z,-7.609444,112.595556,-0.0004260500718373805,0.0019278448307886,0.0013391663087531
2025-07-19T15:00:00Z,-7.609444,112.595556,-0.0005455302889458835,0.0020155508536845,0.001421337830834
2025-07-19T18:00:00Z,-7.609444,112.595556,-0.0006824598531238735,0.002045554574579,0.0013177936198189
2025-07-19T21:00:00Z,-7.609444,112.595556,-0.000803450879175216,0.0020827839616686,0.0011809498537331
2025-07-20T00:00:00Z,-7.609444,112.595556,-0.000994030968286097,0.002132408786565,0.0012021837756037
2025-07-20T03:00:00Z,-7.609444,112.595556,-0.0010699559934437,0.0021700137294828,0.0012862355215474
2025-07-20T06:00:00Z,-7.609444,112.595556,-0.0011784727685153,0.002257814630866,0.0012387630995362
2025-07-20T09:00:00Z,-7.609444,112.595556,-0.0012205536477267,0.0023518456146121,0.0011842205421999
2025-07-20T12:00:00Z,-7.609444,112.595556,-0.0013181683607399,0.0023963062558323,0.0012473007664084
2025-07-20T15:00:00Z,-7.609444,112.595556,-0.0013581987004727,0.0024387284647673,0.0012219883501529
2025-07-20T18:00:00Z,-7.609444,112.595556,-0.0014290693216025,0.0024499942082911,0.0010139775695279
2025-07-20T21:00:00Z,-7.609444,112.595556,-0.0014488029992207,0.0024185304064303,0.000800513313151896
2025-07-21T00:00:00Z,-7.609444,112.595556,-0.0014794918242841,0.0023735638242214,0.0007115596672520041
2025-07-21T03:00:00Z,-7.609444,112.595556,-0.0014354758895933,0.0023867948912084,0.0006981861079111695
2025-07-21T06:00:00Z,-7.609444,112.595556,-0.0014137176331132,0.0023404913954436,0.0006496724672615528
2025-07-21T09:00:00Z,-7.609444,112.595556,-0.0013266362948343,0.0023275045678019,0.0005338252522051334
2025-07-21T12:00:00Z,-7.609444,112.595556,-0.001313058193773,0.0022360559087246,0.0006132759153842926
2025-07-21T15:00:00Z,-7.609444,112.595556,-0.0012312644394114,0.0022078468464314,0.0006583572248928249
2025-07-21T18:00:00Z,-7.609444,112.595556,-0.0011600017314776,0.0021922222804278,0.0006709739100188017
2025-07-21T21:00:00Z,-7.609444,112.595556,-0.0010815276764333,0.0021414675284177,0.0006509688100777566
2025-07-22T00:00:00Z,-7.609444,112.595556,-0.001032889005728,0.0020826405379921,0.0006921103340573609
2025-07-22T03:00:00Z,-7.609444,112.595556,-0.0009445915347896516,0.0020897078793495,0.0006716434145346284
2025-07-22T06:00:00Z,-7.609444,112.595556,-0.000904316024389118,0.0020981701090931,0.0007676190580241382
2025-07-22T09:00:00Z,-7.609444,112.595556,-0.0008549761842004955,0.0020970322657376,0.0008735940791666508
2025-07-22T12:00:00Z,-7.609444,112.595556,-0.0008747003739699721,0.0021079478319734,0.0009195316815748812
2025-07-22T15:00:00Z,-7.609444,112.595556,-0.0008503305143676698,0.0021785681601613,0.0010612829355522
2025-07-22T18:00:00Z,-7.609444,112.595556,-0.0009153506834991276,0.0022351406514644,0.0011035467032343
2025-07-22T21:00:00Z,-7.609444,112.595556,-0.00095614226302132,0.0023221424780786,0.001162388594821
2025-07-23T00:00:00Z,-7.609444,112.595556,-0.0010316288098692,0.0023432767484337,0.0013311917427927
2025-07-23T03:00:00Z,-7.609444,112.595556,-0.0010584309929981,0.0024003039579838,0.001385748386383
2025-07-23T06:00:00Z,-7.609444,112.595556,-0.001133618177846,0.0024493706878274,0.0015058236895129
2025-07-23T09:00:00Z,-7.609444,112.595556,-0.0011563275475054,0.0025481218472123,0.0015978269511833
2025-07-23T12:00:00Z,-7.609444,112.595556,-0.0012141451006755,0.0025969345588237,0.0015756818465888
2025-07-23T15:00:00Z,-7.609444,112.595556,-0.0012859760317951,0.0026218304410576,0.0016292199725285
2025-07-23T18:00:00Z,-7.609444,112.595556,-0.0014136787503957,0.0026980673428624,0.0016411665128543
2025-07-23T21:00:00Z,-7.609444,112.595556,-0.0014663717010989,0.0027196239680051,0.0015800091205164
2025-07-24T00:00:00Z,-7.609444,112.595556,-0.0015598026802763,0.0027096159756183,0.0015250280266627
2025-07-24T03:00:00Z,-7.609444,112.595556,-0.0016064398223534,0.0027007064782083,0.0014815531903877
2025-07-24T06:00:00Z,-7.609444,112.595556,-0.0016895270673558,0.0027312112506479,0.00141702813562
2025-07-24T09:00:00Z,-7.609444,112.595556,-0.0016721015563234,0.0027516221161931,0.0013437862507998
2025-07-24T12:00:00Z,-7.609444,112.595556,-0.0017053734045475,0.0026793933939188,0.0012244440149515
2025-07-24T15:00:00Z,-7.609444,112.595556,-0.0017064235871657,0.0026395923923701,0.001219083671458
2025-07-24T18:00:00Z,-7.609444,112.595556,-0.0017153974622488,0.0026089372113347,0.0011937904637306
2025-07-24T21:00:00Z,-7.609444,112.595556,-0.0016806570347398,0.0025747658219188,0.0010440960759297
2025-07-25T00:00:00Z,-7.609444,112.595556,-0.0016917273169383,0.0025572506710886,0.0008738075848668814
2025-07-25T03:00:00Z,-7.609444,112.595556,-0.001651523867622,0.0025419611483812,0.0007431510020978749
2025-07-25T06:00:00Z,-7.609444,112.595556,-0.0016477038152515,0.0025691648479551,0.0005729724070988595
2025-07-25T09:00:00Z,-7.609444,112.595556,-0.0015666219405829,0.0025577815249562,0.0004609439056366682
2025-07-25T12:00:00Z,-7.609444,112.595556,-0.0015011219074949,0.0024999037850648,0.0003455324622336775
2025-07-25T15:00:00Z,-7.609444,112.595556,-0.00139415578451,0.0024491080548614,0.0003982001217082143
2025-07-25T18:00:00Z,-7.609444,112.595556,-0.0013195674400776,0.0024081342853605,0.0003310966130811721
2025-07-25T21:00:00Z,-7.609444,112.595556,-0.0012092237593606,0.002339145168662,0.000235099287237972
2025-07-26T00:00:00Z,-7.609444,112.595556,-0.0011453097686171,0.0022586686536669,0.00015910121146589518
2025-07-26T03:00:00Z,-7.609444,112.595556,-0.0010986065026372,0.0022245042491704,0.0001035763052641414
2025-07-26T06:00:00Z,-7.609444,112.595556,-0.0010405660141259,0.0022259245160967,8.57857521623373e-05
2025-07-26T09:00:00Z,-7.609444,112.595556,-0.0008771634893491864,0.0021268862765282,3.952269253204577e-05
2025-07-26T12:00:00Z,-7.609444,112.595556,-0.0007762021268717945,0.0020123359281569,0.0001418139145243913
2025-07-26T15:00:00Z,-7.609444,112.595556,-0.0006732800393365324,0.0019149098079651,0.00021982852194923908
2025-07-26T18:00:00Z,-7.609444,112.595556,-0.000626104068942368,0.0018752729520201,0.000282119115581736
2025-07-26T21:00:00Z,-7.609444,112.595556,-0.0005692971171811223,0.0018281028605997,0.00040302876732312143
2025-07-27T00:00:00Z,-7.609444,112.595556,-0.0006166784442029893,0.0017879017395898,0.0004821847833227366
2025-07-27T03:00:00Z,-7.609444,112.595556,-0.0005992423975840211,0.0017991513013839,0.0005465204012580216
2025-07-27T06:00:00Z,-7.609444,112.595556,-0.0006310883327387273,0.0018491554073989,0.0005751197459176183
2025-07-27T09:00:00Z,-7.609444,112.595556,-0.0006075988640077412,0.0018332557519897,0.0007890397100709379
2025-07-27T12:00:00Z,-7.609444,112.595556,-0.000656196556519717,0.0018062968738377,0.000891706149559468
2025-07-27T15:00:00Z,-7.609444,112.595556,-0.000600568309891969,0.0018147098599001,0.0010809879750013
2025-07-27T18:00:00Z,-7.609444,112.595556,-0.0006028441130183637,0.0018367149168625,0.0011646847706288
2025-07-27T21:00:00Z,-7.609444,112.595556,-0.0006494843401014805,0.0018204391235485,0.0012691868469119
2025-07-28T00:00:00Z,-7.609444,112.595556,-0.0007700761780142784,0.0018184912623837,0.0013777678832411
2025-07-28T03:00:00Z,-7.609444,112.595556,-0.000778720248490572,0.0018308901926502,0.0013393827248364
2025-07-28T06:00:00Z,-7.609444,112.595556,-0.0008269880781881511,0.0018474280368536,0.0013891496928408
2025-07-28T09:00:00Z,-7.609444,112.595556,-0.0008232092368416488,0.0018002619035542,0.0014654407277703
2025-07-28T12:00:00Z,-7.609444,112.595556,-0.0008339580381289124,0.0017257235012948,0.001608844497241
2025-07-28T15:00:00Z,-7.609444,112.595556,-0.0007875408628024161,0.0016928488621488,0.0016815501730889
2025-07-28T18:00:00Z,-7.609444,112.595556,-0.0007851974223740399,0.0016847073566168,0.0017001862870529
2025-07-28T21:00:00Z,-7.609444,112.595556,-0.0008216158021241426,0.0016254551010206,0.0016809435328468
2025-07-29T00:00:00Z,-7.609444,112.595556,-0.0008961885469034314,0.0016002665506675,0.0016483305953443
2025-07-29T03:00:00Z,-7.609444,112.595556,-0.000846782058943063,0.0015642355429008,0.0015428358456119
2025-07-29T06:00:00Z,-7.609444,112.595556,-0.0008464610436931252,0.0015305135166272,0.001486511901021
2025-07-29T09:00:00Z,-7.609444,112.595556,-0.0008391839219257236,0.0014681383036077,0.0014503122074529
2025-07-29T12:00:00Z,-7.609444,112.595556,-0.000860085419844836,0.0013787443749606,0.001401002286002
2025-07-29T15:00:00Z,-7.609444,112.595556,-0.0007773528341203928,0.0013306369073688,0.0014500225661322
2025-07-29T18:00:00Z,-7.609444,112.595556,-0.000761991657782346,0.0013158934889361,0.0014111022464931
2025-07-29T21:00:00Z,-7.609444,112.595556,-0.0007511883159168065,0.001290621003136,0.001285272068344
2025-07-30T00:00:00Z,-7.609444,112.595556,-0.0007647968013770878,0.0012774607166647,0.0011628591455519
2025-07-30T03:00:00Z,-7.609444,112.595556,-0.0006841499707661569,0.0012429927010089,0.0010171001777052
2025-07-30T06:00:00Z,-7.609444,112.595556,-0.0006157686584629118,0.0011432559695094,0.0009037600830197334
2025-07-30T09:00:00Z,-7.609444,112.595556,-0.0005807837005704641,0.0009770691394805908,0.0007294461829587817
2025-07-30T12:00:00Z,-7.609444,112.595556,-0.0006086602224968374,0.0008590564248152077,0.0006427942425943911
2025-07-30T15:00:00Z,-7.609444,112.595556,-0.0005025060963816941,0.0007605553255416453,0.0006865898612886667
2025-07-30T18:00:00Z,-7.609444,112.595556,-0.0005371585721150041,0.0006973445415496826,0.0005772628355771303
2025-07-30T21:00:00Z,-7.609444,112.595556,-0.0005245814099907875,0.0006404989981092513,0.0004092313756700605
2025-07-31T00:00:00Z,-7.609444,112.595556,-0.0005311422282829881,0.0006122568738646805,0.00038435219903476536
2025-07-31T03:00:00Z,-7.609444,112.595556,-0.0005021252436563373,0.0004910890711471438,0.0003639764036051929
2025-07-31T06:00:00Z,-7.609444,112.595556,-0.0005234163836576045,0.0004063941305503249,0.0003552231064531952
2025-07-31T09:00:00Z,-7.609444,112.595556,-0.0005018320516683161,0.0002764754754025489,0.0003052105603273958
2025-07-31T12:00:00Z,-7.609444,112.595556,-0.00049963517813012,0.00020765249792020768,0.000378145108697936
2025-07-31T15:00:00Z,-7.609444,112.595556,-0.0004819748573936522,0.0002136622497346252,0.0005844927509315312
2025-07-31T18:00:00Z,-7.609444,112.595556,-0.0005710882833227515,0.0003161144268233329,0.0005987385520711541
2025-07-31T21:00:00Z,-7.609444,112.595556,-0.0006055377307347953,0.00042116219992749393,0.0006242550443857908
2025-08-01T00:00:00Z,-7.609444,112.595556,-0.0006562318885698915,0.0004749356012325734,0.0006924646440893412
2025-08-01T03:00:00Z,-7.609444,112.595556,-0.0007023228099569678,0.0005179513245820999,0.0007827708031982183
2025-08-01T06:00:00Z,-7.609444,112.595556,-0.0007608578307554126,0.0005467708106152713,0.0008493255008943379
2025-08-01T09:00:00Z,-7.609444,112.595556,-0.0007452904828824103,0.0005385748227126896,0.0008524281438440084
2025-08-01T12:00:00Z,-7.609444,112.595556,-0.0007743500755168498,0.0005098198889754713,0.0008882745751179755
2025-08-01T15:00:00Z,-7.609444,112.595556,-0.0007712976657785475,0.0005020592361688614,0.0009775327052921057
2025-08-01T18:00:00Z,-7.609444,112.595556,-0.0007926903781481087,0.0005505383596755564,0.0009500925079919398
2025-08-01T21:00:00Z,-7.609444,112.595556,-0.0008136664400808513,0.0005182193708606064,0.0010129179572686
2025-08-02T00:00:00Z,-7.609444,112.595556,-0.0008140616118907928,0.00045301104546524573,0.0011134957894682
2025-08-02T03:00:00Z,-7.609444,112.595556,-0.0007649271283298731,0.0003669952566269785,0.0010794337140396
2025-08-02T06:00:00Z,-7.609444,112.595556,-0.0007547926506958902,0.0003591851273085922,0.0010838346788659
2025-08-02T09:00:00Z,-7.609444,112.595556,-0.0006705119158141315,0.0002643977350089699,0.0011585224419832
2025-08-02T12:00:00Z,-7.609444,112.595556,-0.0006312599289231002,0.0001321373274549842,0.0012625865638256
2025-08-02T15:00:00Z,-7.609444,112.595556,-0.0005171353695914149,2.4479913918185048e-05,0.0012022895971313
2025-08-02T18:00:00Z,-7.609444,112.595556,-0.0004762879107147455,-5.25155192008242e-05,0.0011379229836165
2025-08-02T21:00:00Z,-7.609444,112.595556,-0.0004133465408813208,-0.0001203624706249684,0.0010843301424756
2025-08-03T00:00:00Z,-7.609444,112.595556,-0.00041074331966228783,-0.00022805719345342368,0.0010538818314671
2025-08-03T03:00:00Z,-7.609444,112.595556,-0.0003318549133837223,-0.0002786592813208699,0.0008913855417631567
2025-08-03T06:00:00Z,-7.609444,112.595556,-0.0003069600206799805,-0.0003419707645662129,0.0008031827164813876
2025-08-03T09:00:00Z,-7.609444,112.595556,-0.0002295992599101737,-0.00041598829557187855,0.0008526922902092338
2025-08-03T12:00:00Z,-7.609444,112.595556,-0.00019943654478993267,-0.00047687263577245176,0.0008142120204865932
2025-08-03T15:00:00Z,-7.609444,112.595556,-8.850437734508887e-05,-0.0005394226755015552,0.0007372629479505122
2025-08-03T18:00:00Z,-7.609444,112.595556,-4.14994137827307e-05,-0.0005469928728416562,0.000671094108838588
2025-08-03T21:00:00Z,-7.609444,112.595556,6.652730371570215e-05,-0.000586198118980974,0.000756224908400327
2025-08-04T00:00:00Z,-7.609444,112.595556,6.952117109904066e-05,-0.0005997946136631072,0.0007853542920202017
2025-08-04T03:00:00Z,-7.609444,112.595556,0.00012085250637028366,-0.000579344981815666,0.0006619872292503715
2025-08-04T06:00:00Z,-7.609444,112.595556,0.00015162186173256487,-0.0006098900339566171,0.000505445001181215
2025-08-04T09:00:00Z,-7.609444,112.595556,0.00021456742251757527,-0.0006459321011789143,0.0005147336632944643
2025-08-04T12:00:00Z,-7.609444,112.595556,0.00020612170919775963,-0.0006456019473262131,0.0004792061517946422
2025-08-04T15:00:00Z,-7.609444,112.595556,0.00023003372189123183,-0.000620006350800395,0.0004601605469360948
2025-08-04T18:00:00Z,-7.609444,112.595556,0.0001883449440356344,-0.0006012818193994462,0.000495320709887892
2025-08-04T21:00:00Z,-7.609444,112.595556,0.0001862767239799723,-0.0006114098941907287,0.0006173021974973381
2025-08-05T00:00:00Z,-7.609444,112.595556,0.00012451903603505343,-0.0006089714006520808,0.0006551934638991952
2025-08-05T03:00:00Z,-7.609444,112.595556,9.693693573353812e-05,-0.000628701236564666,0.0006147565436549485
2025-08-05T06:00:00Z,-7.609444,112.595556,1.7491893231635913e-05,-0.0006707183783873916,0.0006194985471665859
2025-08-05T09:00:00Z,-7.609444,112.595556,4.930461727781221e-06,-0.0007503759698010981,0.0006371296476572752
2025-08-05T12:00:00Z,-7.609444,112.595556,3.84997019864386e-06,-0.0008341513457708061,0.0006363605498336256
2025-08-05T15:00:00Z,-7.609444,112.595556,-4.332511707616504e-06,-0.0008054179488681257,0.000673247326631099
2025-08-05T18:00:00Z,-7.609444,112.595556,-0.00011626027844613418,-0.0007772831595502794,0.0007016741437837481
2025-08-05T21:00:00Z,-7.609444,112.595556,-0.0001450203126296401,-0.000717723451089114,0.0006897877319715917
2025-08-06T00:00:00Z,-7.609444,112.595556,-0.00016843818593770266,-0.0006846653413958848,0.0006714967312291265
2025-08-06T03:00:00Z,-7.609444,112.595556,-0.00017772483988665044,-0.0006409466150216758,0.0006832416984252632
2025-08-06T06:00:00Z,-7.609444,112.595556,-0.00029504444682970643,-0.0005469589377753437,0.0007853697752580047
2025-08-06T09:00:00Z,-7.609444,112.595556,-0.0002882731205318123,-0.0004959481302648783,0.0007898377371020615
2025-08-06T12:00:00Z,-7.609444,112.595556,-0.00028179772198200226,-0.0004724791506305337,0.0008132729562930763
2025-08-06T15:00:00Z,-7.609444,112.595556,-0.00028986221877858043,-0.0003901434247381985,0.0008497709641233087
2025-08-06T18:00:00Z,-7.609444,112.595556,-0.0003970827092416585,-0.0002547629992477596,0.0009207316325046122
2025-08-06T21:00:00Z,-7.609444,112.595556,-0.0004350228700786829,-0.00015567881928291172,0.0007649161270819604
2025-08-07T00:00:00Z,-7.609444,112.595556,-0.0004638631362468004,-0.0001246646570507437,0.0005807605339214206
2025-08-07T03:00:00Z,-7.609444,112.595556,-0.0004676118260249496,-5.4631625971524045e-05,0.0005135072278790176
2025-08-07T06:00:00Z,-7.609444,112.595556,-0.0006029808428138494,-2.086735185002908e-05,0.000433138688094914
2025-08-07T09:00:00Z,-7.609444,112.595556,-0.0006337059894576669,1.9731187421712093e-05,0.00023626840265933424
2025-08-07T12:00:00Z,-7.609444,112.595556,-0.0006763210403732955,2.7535399567568675e-05,0.00020595986279658973
2025-08-07T15:00:00Z,-7.609444,112.595556,-0.0006369569455273449,0.0001288974453927949,0.00025735676172189415
2025-08-07T18:00:00Z,-7.609444,112.595556,-0.0007495927275158465,0.00020372899598442015,0.00019128598796669396
2025-08-07T21:00:00Z,-7.609444,112.595556,-0.0007807635702192783,0.00027056573890149593,2.569415300968103e-05
2025-08-08T00:00:00Z,-7.609444,112.595556,-0.000763474905397743,0.0002909611212089658,-3.606778773246333e-05
2025-08-08T03:00:00Z,-7.609444,112.595556,-0.0007049971027299762,0.00028259545797482133,-0.00010310117068002
2025-08-08T06:00:00Z,-7.609444,112.595556,-0.0006729252636432648,0.0002858551451936364,-0.00020235446572769436
2025-08-08T09:00:00Z,-7.609444,112.595556,-0.0005302570061758161,0.00028883625054731965,-0.0003009683277923614
2025-08-08T12:00:00Z,-7.609444,112.595556,-0.0004306538903620094,0.0003152499266434461,-0.00031759130069985986
2025-08-08T15:00:00Z,-7.609444,112.595556,-0.0003710786404553801,0.0003744684509001672,-0.00034819653956219554
2025-08-08T18:00:00Z,-7.609444,112.595556,-0.00037633292959071696,0.0003617839829530567,-0.0004602202097885311
2025-08-08T21:00:00Z,-7.609444,112.595556,-0.000301045278320089,0.0003582226345315576,-0.0005500575643964112
2025-08-09T00:00:00Z,-7.609444,112.595556,-0.0002420270611764863,0.00030837132362648845,-0.0004626222653314471
2025-08-09T03:00:00Z,-7.609444,112.595556,-0.0001725058536976576,0.00031334321829490364,-0.000355568656232208
2025-08-09T06:00:00Z,-7.609444,112.595556,-0.00014617005945183337,0.0003363243013154716,-0.00029621704015880823
2025-08-09T09:00:00Z,-7.609444,112.595556,6.667763227596879e-05,0.00031964166555553675,-0.0001902074582176283
2025-08-09T12:00:00Z,-7.609444,112.595556,0.00014803498925175518,0.0003458751307334751,-0.00011749774421332404
2025-08-09T15:00:00Z,-7.609444,112.595556,0.000211598482565023,0.0004438839387148618,-7.04961303199525e-06
2025-08-09T18:00:00Z,-7.609444,112.595556,0.0002957963151857257,0.0004962397506460547,9.9771139502991e-05
2025-08-09T21:00:00Z,-7.609444,112.595556,0.000368512439308688,0.0004892580327577889,0.00013489426055457443
2025-08-10T00:00:00Z,-7.609444,112.595556,0.00030321741360239685,0.0004736226401291788,0.00018176209414377809
2025-08-10T03:00:00Z,-7.609444,112.595556,0.00024156569270417092,0.0005307450774125755,0.00028235401259735227
2025-08-10T06:00:00Z,-7.609444,112.595556,0.00013584889529738575,0.0005842719110660255,0.00026847259141504765
2025-08-10T09:00:00Z,-7.609444,112.595556,0.00013663747813552618,0.0005954887601546943,0.00034867649083025753
2025-08-10T12:00:00Z,-7.609444,112.595556,2.2631897081737407e-05,0.0005947197787463665,0.0003980601613875479
2025-08-10T15:00:00Z,-7.609444,112.595556,-5.348520789993927e-05,0.0006087920046411455,0.0005315133021213114
2025-08-10T18:00:00Z,-7.609444,112.595556,-0.00013195615611039102,0.0006180232740007341,0.0004832677950616926
2025-08-10T21:00:00Z,-7.609444,112.595556,-0.00010247254249406978,0.0005425383569672704,0.0005726141971535981
2025-08-11T00:00:00Z,-7.609444,112.595556,-0.00017247423238586634,0.0003778949903789908,0.000573732249904424
2025-08-11T03:00:00Z,-7.609444,112.595556,-0.0002219462039647624,0.00021732824097853157,0.0005296889576129615
2025-08-11T06:00:00Z,-7.609444,112.595556,-0.0003355819499120116,0.00010785153426695616,0.0004447181418072432
2025-08-11T09:00:00Z,-7.609444,112.595556,-0.0003701242385432124,-1.7908334484673105e-05,0.00039784490945748985
2025-08-11T12:00:00Z,-7.609444,112.595556,-0.0004982949467375875,-9.472591773374006e-05,0.00031699243118055165
2025-08-11T15:00:00Z,-7.609444,112.595556,-0.0005657889996655285,-0.00010033528815256432,0.00030185861396603286
2025-08-11T18:00:00Z,-7.609444,112.595556,-0.0006667980924248695,-6.553377897944301e-05,0.0002132426598109305
2025-08-11T21:00:00Z,-7.609444,112.595556,-0.0006565680960193276,-7.957479101605713e-05,0.00023368684924207628
2025-08-12T00:00:00Z,-7.609444,112.595556,-0.0006853002123534679,-0.00018316370551474392,0.00017605653556529433
2025-08-12T03:00:00Z,-7.609444,112.595556,-0.0006402246654033661,-0.00020472599135246128,2.87193433905486e-05
2025-08-12T06:00:00Z,-7.609444,112.595556,-0.000632341078016907,-0.00017815196770243347,-0.00015542720211669803
2025-08-12T09:00:00Z,-7.609444,112.595556,-0.0006087174988351762,-0.00012267606507521123,-0.0003205335233360529
2025-08-12T12:00:00Z,-7.609444,112.595556,-0.0006731593748554587,-2.844151458702981e-05,-0.0005341009818948805
2025-08-12T15:00:00Z,-7.609444,112.595556,-0.0006014066166244447,9.157010208582506e-05,-0.0005933166248723865
2025-08-12T18:00:00Z,-7.609444,112.595556,-0.000661591358948499,0.0002214531268691644,-0.0006635368918068707
2025-08-12T21:00:00Z,-7.609444,112.595556,-0.0006581954075954854,0.0002648597583174705,-0.0006647719419561327
2025-08-13T00:00:00Z,-7.609444,112.595556,-0.0006737777148373425,0.0002979259879793972,-0.0006877064006403089
2025-08-13T03:00:00Z,-7.609444,112.595556,-0.0005500337574630976,0.0003529514360707253,-0.0006021086010150611
2025-08-13T06:00:00Z,-7.609444,112.595556,-0.0004837710584979504,0.0004376673023216426,-0.0004697624535765499
2025-08-13T09:00:00Z,-7.609444,112.595556,-0.0004481691285036504,0.0005261018523015082,-0.0004067326663061976
2025-08-13T12:00:00Z,-7.609444,112.595556,-0.00042314114398323,0.0006039799191057682,-0.0003640846989583224
2025-08-13T15:00:00Z,-7.609444,112.595556,-0.00028478301828727126,0.000733596330974251,-0.00023902428802102804
2025-08-13T18:00:00Z,-7.609444,112.595556,-0.0002257600426673889,0.0007944114040583372,-0.00023635195975657552
2025-08-13T21:00:00Z,-7.609444,112.595556,-0.0001882559590740129,0.0008171567460522056,-0.0002854095073416829
2025-08-14T00:00:00Z,-7.609444,112.595556,-0.00018345957505516708,0.000805933028459549,-0.0002529578050598502
2025-08-14T03:00:00Z,-7.609444,112.595556,-0.00011123469448648392,0.0007960547227412462,-0.0002600937441457063
2025-08-14T06:00:00Z,-7.609444,112.595556,-0.0001071235164999962,0.00081930763553828,-0.00021821704285684973
2025-08-14T09:00:00Z,-7.609444,112.595556,-8.122769213514403e-05,0.0007581060635857284,-7.973353785928339e-05
2025-08-14T12:00:00Z,-7.609444,112.595556,-0.00011301149061182514,0.0007653174106962979,1.954519575519953e-05
2025-08-14T15:00:00Z,-7.609444,112.595556,-0.00010844376811292022,0.000811099074780941,0.00016229657921940088
2025-08-14T18:00:00Z,-7.609444,112.595556,-0.000108598978840746,0.0007772953249514103,0.0002889954193960876
2025-08-14T21:00:00Z,-7.609444,112.595556,-9.173847502097487e-06,0.000684173486661166,0.0004874575533904135
2025-08-15T00:00:00Z,-7.609444,112.595556,-2.4485032099619275e-06,0.0006048042559996247,0.0005872846231795847
2025-08-15T03:00:00Z,-7.609444,112.595556,-1.9101404177490625e-05,0.0005889817257411778,0.0007131550810299814
2025-08-15T06:00:00Z,-7.609444,112.595556,-0.00014341544010676444,0.000561822613235563,0.000658883829601109
2025-08-15T09:00:00Z,-7.609444,112.595556,-0.00017895179917104542,0.0005240810569375753,0.0005732448189519346
2025-08-15T12:00:00Z,-7.609444,112.595556,-0.0003442939487285912,0.0005645233322866261,0.0005365770775824785
2025-08-15T15:00:00Z,-7.609444,112.595556,-0.0004715017275884748,0.0006233761669136584,0.0005605797632597387
2025-08-15T18:00:00Z,-7.609444,112.595556,-0.0006577615858986974,0.0006449265638366342,0.0005347038386389613
2025-08-15T21:00:00Z,-7.609444,112.595556,-0.0007239446858875453,0.0006692379829473794,0.0005357575719244778
2025-08-16T00:00:00Z,-7.609444,112.595556,-0.0008757057366892695,0.0006598371546715498,0.0005249059177003801
2025-08-16T03:00:00Z,-7.609444,112.595556,-0.000976079551037401,0.0006967648514546454,0.0005053289351053536
2025-08-16T06:00:00Z,-7.609444,112.595556,-0.0010756416013464,0.0007029458647593856,0.00033990739029832184
2025-08-16T09:00:00Z,-7.609444,112.595556,-0.001049110549502,0.0007523679523728788,0.0002707789826672524
2025-08-16T12:00:00Z,-7.609444,112.595556,-0.0010957565391436,0.0007476317114196718,0.00011674432607833296
2025-08-16T15:00:00Z,-7.609444,112.595556,-0.0010846715886145,0.0007185300346463919,-7.986475338839227e-07
2025-08-16T18:00:00Z,-7.609444,112.595556,-0.0011136032408103,0.0006789733888581395,-0.00014368133270181715
2025-08-16T21:00:00Z,-7.609444,112.595556,-0.0010694507509469,0.0006384365842677653,-0.00032130038016475737
2025-08-17T00:00:00Z,-7.609444,112.595556,-0.0011356616159901,0.0005923914723098278,-0.00041343463817611337
2025-08-17T03:00:00Z,-7.609444,112.595556,-0.0011337982723489,0.0005611085216514766,-0.000510575482621789
2025-08-17T06:00:00Z,-7.609444,112.595556,-0.0011331726564094,0.0005460435058921576,-0.0005765366950072348
2025-08-17T09:00:00Z,-7.609444,112.595556,-0.0010388868395239,0.0005563028389587998,-0.0006011902005411685
2025-08-17T12:00:00Z,-7.609444,112.595556,-0.0009909721557050943,0.0004792329855263233,-0.0006114823627285659
2025-08-17T15:00:00Z,-7.609444,112.595556,-0.000796330685261637,0.0003638778580352664,-0.0005272070411592722
2025-08-17T18:00:00Z,-7.609444,112.595556,-0.0006883021560497582,0.00030112933018244803,-0.0005007127765566111
2025-08-17T21:00:00Z,-7.609444,112.595556,-0.000539530417881906,0.00028673975612036884,-0.0005851255846209824
2025-08-18T00:00:00Z,-7.609444,112.595556,-0.0004955235053785145,0.0002861391694750637,-0.0006668257992714643
2025-08-18T03:00:00Z,-7.609444,112.595556,-0.0004310160002205521,0.00023366056848317385,-0.0005809064605273306
2025-08-18T06:00:00Z,-7.609444,112.595556,-0.00038514318293891847,0.00021503640164155516,-0.0005482382257468998
2025-08-18T09:00:00Z,-7.609444,112.595556,-0.00034326169406995177,0.0001440501509932801,-0.0005490743205882609
2025-08-18T12:00:00Z,-7.609444,112.595556,-0.00034016321296803653,2.680716715985909e-05,-0.00047092075692489743
2025-08-18T15:00:00Z,-7.609444,112.595556,-0.0003086823271587491,-2.6581930796965025e-05,-0.0002260451874462888
2025-08-18T18:00:00Z,-7.609444,112.595556,-0.0004239953705109656,7.022550562396646e-05,-9.63683778536506e-05
2025-08-18T21:00:00Z,-7.609444,112.595556,-0.00045823073014616966,0.000179641239810735,-5.9676658565877005e-05
2025-08-19T00:00:00Z,-7.609444,112.595556,-0.0005705438670702279,0.00020790580310858783,-0.00010740155266830698
2025-08-19T03:00:00Z,-7.609444,112.595556,-0.0006022668094374239,0.0002072782517643645,-1.8677983462112024e-05
2025-08-19T06:00:00Z,-7.609444,112.595556,-0.0006850359495729208,0.0002275191363878548,-3.3804790291469544e-05
2025-08-19T09:00:00Z,-7.609444,112.595556,-0.0007792204851284623,0.0002804923860821873,-0.00021714107424486428
2025-08-19T12:00:00Z,-7.609444,112.595556,-0.0008474610513076186,0.00026551561313681304,-4.44949146185536e-05
2025-08-19T15:00:00Z,-7.609444,112.595556,-0.0009362819837406278,0.0003910649393219501,0.00014960899716243148
2025-08-19T18:00:00Z,-7.609444,112.595556,-0.0011196273844689,0.0005163456662558019,0.0001495266187703237
2025-08-19T21:00:00Z,-7.609444,112.595556,-0.0011851395247504,0.0005874705966562033,0.0001929485879372805
2025-08-20T00:00:00Z,-7.609444,112.595556,-0.00126185384579,0.0005988742923364043,0.0003312896878924221
2025-08-20T03:00:00Z,-7.609444,112.595556,-0.0013398439623415,0.0005854382761754096,0.000329814269207418
2025-08-20T06:00:00Z,-7.609444,112.595556,-0.0014605649048462,0.0006245648255571723,0.00016681857232470063
2025-08-20T09:00:00Z,-7.609444,112.595556,-0.0014525110600516,0.0006153213907964528,0.00011161958536831662
2025-08-20T12:00:00Z,-7.609444,112.595556,-0.0014784450177103,0.0005056469817645848,4.440015982254408e-05
2025-08-20T15:00:00Z,-7.609444,112.595556,-0.001461662701331,0.0004977500066161156,4.732402157969773e-05
2025-08-20T18:00:00Z,-7.609444,112.595556,-0.0015467572957277,0.0004637021047528833,-8.27220210339874e-05
2025-08-20T21:00:00Z,-7.609444,112.595556,-0.0014931296464055,0.0004387927474454045,-0.00015308905858546495
2025-08-21T00:00:00Z,-7.609444,112.595556,-0.0015085632912814,0.0003733211779035628,-0.00019855686696246264
2025-08-21T03:00:00Z,-7.609444,112.595556,-0.00154357671272,0.0004195176879875362,-0.00019855461141560227
2025-08-21T06:00:00Z,-7.609444,112.595556,-0.0015823154244571,0.0004944868269376457,-0.0003357044188305736
2025-08-21T09:00:00Z,-7.609444,112.595556,-0.0014484341954812,0.0004519132780842483,-0.0002958255063276738
2025-08-21T12:00:00Z,-7.609444,112.595556,-0.0013409861130639,0.00035313930129632354,-0.00018318690126761797
2025-08-21T15:00:00Z,-7.609444,112.595556,-0.001198758254759,0.00029236814589239657,-0.0001686855248408392
2025-08-21T18:00:00Z,-7.609444,112.595556,-0.0011210791999474,0.0002881351101677865,-0.0001867407117970288
2025-08-21T21:00:00Z,-7.609444,112.595556,-0.0009911543456837537,0.0002974836970679462,-0.00011431865277700126
2025-08-22T00:00:00Z,-7.609444,112.595556,-0.0010150753660127,0.00032777193700894713,-0.0001070877697202377
2025-08-22T03:00:00Z,-7.609444,112.595556,-0.001056382083334,0.0004003247595392168,-0.0002186160709243268
2025-08-22T06:00:00Z,-7.609444,112.595556,-0.0011766061652451,0.0005024445126764476,-0.0002448950835969299
2025-08-22T09:00:00Z,-7.609444,112.595556,-0.0012537750881165,0.0005596543196588755,-0.00022583438840229064
2025-08-22T12:00:00Z,-7.609444,112.595556,-0.0013005353976041,0.0006143851205706596,-7.087062670052546e-08
2025-08-22T15:00:00Z,-7.609444,112.595556,-0.0012555561261251,0.0007308380445465446,0.0001216902892338112
2025-08-22T18:00:00Z,-7.609444,112.595556,-0.0012923948233947,0.0008874809718690813,0.00022424195776693523
2025-08-22T21:00:00Z,-7.609444,112.595556,-0.0012761236866936,0.0010036451276391,0.0003867897321470082
2025-08-23T00:00:00Z,-7.609444,112.595556,-0.0013567791320383,0.0010976925259456,0.000521102745551616
2025-08-23T03:00:00Z,-7.609444,112.595556,-0.0013798417057842,0.0012247614795342,0.0005587819032371044
2025-08-23T06:00:00Z,-7.609444,112.595556,-0.0014178240671753,0.0013056544121354,0.0004614087229128927
2025-08-23T09:00:00Z,-7.609444,112.595556,-0.0014038223307579,0.0013345357729122,0.000460490002296865
2025-08-23T12:00:00Z,-7.609444,112.595556,-0.0014224189799278,0.0013481653295457,0.0005315532325766981
2025-08-23T15:00:00Z,-7.609444,112.595556,-0.0013617594959214,0.0014123079599812,0.0005193710094317794
2025-08-23T18:00:00Z,-7.609444,112.595556,-0.0013828369555994,0.0015175960725173,0.00046943826600909233
2025-08-23T21:00:00Z,-7.609444,112.595556,-0.0013390129897743,0.0014850588049739,0.000506698852404952
2025-08-24T00:00:00Z,-7.609444,112.595556,-0.0013062157668173,0.0014749666443094,0.0004557385691441596
2025-08-24T03:00:00Z,-7.609444,112.595556,-0.0011859596706926,0.0014886239077895,0.0005230474635027349
2025-08-24T06:00:00Z,-7.609444,112.595556,-0.0011008556466549,0.0015001787105575,0.0004943081294186413
2025-08-24T09:00:00Z,-7.609444,112.595556,-0.00093453424051404,0.0014563607983291,0.0005770949646830559
2025-08-24T12:00:00Z,-7.609444,112.595556,-0.00082640495384112,0.0014403475215658,0.0005434842314571142
2025-08-24T15:00:00Z,-7.609444,112.595556,-0.0006390940980054438,0.0015005273744463,0.0005692453123629093
2025-08-24T18:00:00Z,-7.609444,112.595556,-0.0005818498902954161,0.0014937707455828,0.0005725043592974544
2025-08-24T21:00:00Z,-7.609444,112.595556,-0.0004875149461440742,0.0014205037150532,0.0006161535275168717
2025-08-25T00:00:00Z,-7.609444,112.595556,-0.000433972803875804,0.001333242165856,0.000634760654065758
2025-08-25T03:00:00Z,-7.609444,112.595556,-0.00031510015833191574,0.0013185815187171,0.0006614027079194784
2025-08-25T06:00:00Z,-7.609444,112.595556,-0.0003321541880723089,0.0013304202584549,0.0006369358743540943
2025-08-25T09:00:00Z,-7.609444,112.595556,-0.0002486635639797896,0.0012870986247435,0.000688986387103796
2025-08-25T12:00:00Z,-7.609444,112.595556,-0.00017939248937182128,0.0012630453566089,0.0007299318094737828
2025-08-25T15:00:00Z,-7.609444,112.595556,-5.9785212215501815e-05,0.0012653872836381,0.0008300804765895009
2025-08-25T18:00:00Z,-7.609444,112.595556,-5.257939847069792e-05,0.0012092072283849,0.0008576823747716844
2025-08-25T21:00:00Z,-7.609444,112.595556,7.236061355797574e-05,0.0011350642889738,0.0008929261821322143
2025-08-26T00:00:00Z,-7.609444,112.595556,0.00011243807966820896,0.0010309056378901,0.0008447209256701171
2025-08-26T03:00:00Z,-7.609444,112.595556,0.00018047366756945848,0.0009946784703060985,0.0007902855868451297
2025-08-26T06:00:00Z,-7.609444,112.595556,0.00014776436728425324,0.0009500737069174648,0.0007408984238281846
2025-08-26T09:00:00Z,-7.609444,112.595556,0.00019262090791016817,0.0008664194028824568,0.0007456227322109044
2025-08-26T12:00:00Z,-7.609444,112.595556,0.00021665211534127596,0.0008115860400721431,0.0008357730694115162
2025-08-26T15:00:00Z,-7.609444,112.595556,0.00024244230007752776,0.0007587863365188241,0.0008617650019004941
2025-08-26T18:00:00Z,-7.609444,112.595556,0.00024222815409302711,0.0006673373281955719,0.0009038058342412114
2025-08-26T21:00:00Z,-7.609444,112.595556,0.0003682765527628362,0.0005844857660122216,0.00097145966719836
2025-08-27T00:00:00Z,-7.609444,112.595556,0.0003840480057988316,0.0005585199687629938,0.00092204479733482
2025-08-27T03:00:00Z,-7.609444,112.595556,0.00042604460031725466,0.0005739745683968067,0.0008461111574433744
2025-08-27T06:00:00Z,-7.609444,112.595556,0.0004156003415118903,0.0005560650024563074,0.0008836034685373306
2025-08-27T09:00:00Z,-7.609444,112.595556,0.0004416016163304448,0.0005734718288294971,0.0008432698668912053
2025-08-27T12:00:00Z,-7.609444,112.595556,0.00037640510709024966,0.0006175301386974752,0.0007731733494438231
2025-08-27T15:00:00Z,-7.609444,112.595556,0.0003960121830459684,0.0006929616210982203,0.0008457252406515181
2025-08-27T18:00:00Z,-7.609444,112.595556,0.0003182129003107548,0.0007496689213439822,0.0008810554281808436
2025-08-27T21:00:00Z,-7.609444,112.595556,0.00034357121330685914,0.00078956427751109,0.0009212932782247664
2025-08-28T00:00:00Z,-7.609444,112.595556,0.0002454985515214503,0.0008713505230844021,0.0008563961018808186
2025-08-28T03:00:00Z,-7.609444,112.595556,0.0002575372636783868,0.0008836896158754826,0.0007573113543912768
2025-08-28T06:00:00Z,-7.609444,112.595556,0.0002352330629946664,0.000918316305615008,0.0007448364049196243
2025-08-28T09:00:00Z,-7.609444,112.595556,0.0002362903906032443,0.000987031264230609,0.0007170599419623613
2025-08-28T12:00:00Z,-7.609444,112.595556,0.00011942257697228342,0.001025398611091,0.0005603177123703063
2025-08-28T15:00:00Z,-7.609444,112.595556,6.694786861771718e-05,0.0010498793562874,0.00042769243009388447
2025-08-28T18:00:00Z,-7.609444,112.595556,7.288365964086552e-07,0.0010165359126403,0.0002754954039119184
2025-08-28T21:00:00Z,-7.609444,112.595556,-2.424193917249795e-05,0.0009995310101658106,7.992600149009377e-05
2025-08-29T00:00:00Z,-7.609444,112.595556,-0.00017356264288537204,0.0009245382389053702,-0.0001709777134237811
2025-08-29T03:00:00Z,-7.609444,112.595556,-0.00021618709433823824,0.0008185474434867501,-0.0004377559234853834
2025-08-29T06:00:00Z,-7.609444,112.595556,-0.0002850636374205351,0.0008016930078156292,-0.0005319823394529521
2025-08-29T09:00:00Z,-7.609444,112.595556,-0.00029882209491916,0.0007955886540003121,-0.0006817705580033362
2025-08-29T12:00:00Z,-7.609444,112.595556,-0.0003684737312141806,0.0007694080704823136,-0.000784635660238564
2025-08-29T15:00:00Z,-7.609444,112.595556,-0.0003908012004103512,0.0007612524786964059,-0.0009245286928489804
2025-08-29T18:00:00Z,-7.609444,112.595556,-0.0004349990049377084,0.0007566763088107109,-0.0009847047040238976
2025-08-29T21:00:00Z,-7.609444,112.595556,-0.0003542124177329242,0.0007659929106011987,-0.0010562425013631
2025-08-30T00:00:00Z,-7.609444,112.595556,-0.000338572368491441,0.0007199040846899152,-0.0010722114238888
2025-08-30T03:00:00Z,-7.609444,112.595556,-0.00020508779562078416,0.0006849529454484582,-0.0009484445909038186
2025-08-30T06:00:00Z,-7.609444,112.595556,-0.0001693219819571823,0.0006911246455274522,-0.000948769215028733
2025-08-30T09:00:00Z,-7.609444,112.595556,-9.88820829661563e-05,0.0006654929020442069,-0.0009952712571248412
2025-08-30T12:00:00Z,-7.609444,112.595556,-8.948116737883538e-05,0.0005857542855665088,-0.0009558674646541476
2025-08-30T15:00:00Z,-7.609444,112.595556,-5.096050881547853e-05,0.0005356593756005168,-0.000917891098652035
2025-08-30T18:00:00Z,-7.609444,112.595556,-0.00011652067041723058,0.0005671995459124446,-0.0008072769269347191
2025-08-30T21:00:00Z,-7.609444,112.595556,-0.00010135626507690176,0.0005709053948521614,-0.0006872371304780245
2025-08-31T00:00:00Z,-7.609444,112.595556,-0.0001183303611469455,0.0005127975600771606,-0.0006350864423438907
2025-08-31T03:00:00Z,-7.609444,112.595556,-7.850603287806734e-05,0.000512327766045928,-0.0004784483171533793
2025-08-31T06:00:00Z,-7.609444,112.595556,-0.00011865873966598885,0.0005134648527018726,-0.000349701673258096
2025-08-31T09:00:00Z,-7.609444,112.595556,-0.00010661171836545692,0.0004871615383308381,-0.00022899318719282744
2025-08-31T12:00:00Z,-7.609444,112.595556,-0.00015776987129356712,0.0004278292180970311,-5.104368756292388e-05
2025-08-31T15:00:00Z,-7.609444,112.595556,-0.0001718712446745485,0.0004938695929013193,0.00011513508798088878
2025-08-31T18:00:00Z,-7.609444,112.595556,-0.0002802229719236493,0.0006215334869921207,0.0002175205299863592
2025-08-31T21:00:00Z,-7.609444,112.595556,-0.000368614331819117,0.0006729995948262513,0.00027202782803215086
2025-09-01T00:00:00Z,-7.609444,112.595556,-0.0005007791914977133,0.0007245197775773704,0.00034928659442812204
2025-09-01T03:00:00Z,-7.609444,112.595556,-0.0005694451974704862,0.0007657351088710129,0.0004475690075196326
2025-09-01T06:00:00Z,-7.609444,112.595556,-0.0007012136629782617,0.0008175423718057573,0.00047187533346004784
2025-09-01T09:00:00Z,-7.609444,112.595556,-0.0007595403003506362,0.00081682950258255,0.0004929861752316356
2025-09-01T12:00:00Z,-7.609444,112.595556,-0.0007986717973835766,0.0007708718767389655,0.000574281148146838
2025-09-01T15:00:00Z,-7.609444,112.595556,-0.0007614327478222549,0.0007856753654778004,0.000647364417091012
2025-09-01T18:00:00Z,-7.609444,112.595556,-0.0008206579950638115,0.0007632027845829725,0.000599829014390707
2025-09-01T21:00:00Z,-7.609444,112.595556,-0.000837387633509934,0.0007265981985256076,0.000582052452955395
2025-09-02T00:00:00Z,-7.609444,112.595556,-0.0008907454321160913,0.0006516013527289033,0.000483147450722754
2025-09-02T03:00:00Z,-7.609444,112.595556,-0.0008813615422695875,0.0006071410607546568,0.0003724732669070363
2025-09-02T06:00:00Z,-7.609444,112.595556,-0.0009364120778627694,0.0005540483398362994,0.0002698625030461699
2025-09-02T09:00:00Z,-7.609444,112.595556,-0.000968939741142094,0.0004674394731409848,0.00021833513164892795
2025-09-02T12:00:00Z,-7.609444,112.595556,-0.0009946085046976805,0.0003606894752010703,0.00019406845967751
2025-09-02T15:00:00Z,-7.609444,112.595556,-0.0009341114782728256,0.00024663543445058167,0.00016993175086099654
2025-09-02T18:00:00Z,-7.609444,112.595556,-0.0009204040397889912,0.00016613182378932834,4.37192247773055e-05
2025-09-02T21:00:00Z,-7.609444,112.595556,-0.000838383159134537,5.447533112601377e-05,0.00011684650962706657
2025-09-03T00:00:00Z,-7.609444,112.595556,-0.0008174350950866938,1.7208883946295828e-05,0.00011463268310762942
2025-09-03T03:00:00Z,-7.609444,112.595556,-0.0008119210251607001,3.9487633330281824e-05,-1.1389995961508248e-05
2025-09-03T06:00:00Z,-7.609444,112.595556,-0.000862541317474097,5.12704937136732e-05,-7.977101631695405e-05
2025-09-03T09:00:00Z,-7.609444,112.595556,-0.0007819791790097952,-1.881415846582968e-05,-5.470754331327044e-05
2025-09-03T12:00:00Z,-7.609444,112.595556,-0.0007423891220241785,-7.767463830532506e-05,3.639458373072557e-05
2025-09-03T15:00:00Z,-7.609444,112.595556,-0.0007084509707055986,-2.6160278139286675e-05,2.5102599465753883e-05
2025-09-03T18:00:00Z,-7.609444,112.595556,-0.0007651017513126135,-1.11707704490982e-05,2.5426897991565056e-05
2025-09-03T21:00:00Z,-7.609444,112.595556,-0.0007465432281605899,-5.566431354964152e-05,7.830510730855167e-05
2025-09-04T00:00:00Z,-7.609444,112.595556,-0.0007338227005675435,-5.1754454034380615e-05,6.421762373065576e-05
2025-09-04T03:00:00Z,-7.609444,112.595556,-0.0007024270016700029,-6.20485152467154e-05,7.927850674604997e-05
2025-09-04T06:00:00Z,-7.609444,112.595556,-0.0007528564310632646,-0.00012469227658584714,0.00010076978651341052
2025-09-04T09:00:00Z,-7.609444,112.595556,-0.0006801974377594888,-0.00021850477787666023,0.000130073880427517
2025-09-04T12:00:00Z,-7.609444,112.595556,-0.0005520893610082567,-0.0003358321846462786,0.00029276806162670255
2025-09-04T15:00:00Z,-7.609444,112.595556,-0.0003770489129237831,-0.0003618638147599995,0.00037032889667898417
2025-09-04T18:00:00Z,-7.609444,112.595556,-0.0003913317923434079,-0.0004349093360360712,0.00028846447821706533
2025-09-04T21:00:00Z,-7.609444,112.595556,-0.0004146682331338525,-0.000520861241966486,0.00025157193886116147
2025-09-05T00:00:00Z,-7.609444,112.595556,-0.0004240871057845652,-0.0006102073239162564,0.00016536856128368527
2025-09-05T03:00:00Z,-7.609444,112.595556,-0.00033326182165183127,-0.0006990428664721549,0.00014508271124213934
2025-09-05T06:00:00Z,-7.609444,112.595556,-0.0003180303901899606,-0.0008013116894289851,0.0002442989207338542
2025-09-05T09:00:00Z,-7.609444,112.595556,-0.0002201233437517658,-0.0008592142257839441,0.00035361992195248604
2025-09-05T12:00:00Z,-7.609444,112.595556,-0.00013931623834650964,-0.0008602050365880132,0.0004656280216295272
2025-09-05T15:00:00Z,-7.609444,112.595556,1.220739022755879e-06,-0.0007159555098041892,0.0004886399838142097
2025-09-05T18:00:00Z,-7.609444,112.595556,7.424555224133655e-05,-0.0006412481889128685,0.0005918691167607903
2025-09-05T21:00:00Z,-7.609444,112.595556,0.0002050156908808276,-0.0006272941245697439,0.0006502911564894021
2025-09-06T00:00:00Z,-7.609444,112.595556,0.0002745472302194685,-0.0006048857467249036,0.0005924955476075411
2025-09-06T03:00:00Z,-7.609444,112.595556,0.00041184137808158994,-0.0006153119611553848,0.0004617997328750789
2025-09-06T06:00:00Z,-7.609444,112.595556,0.0004369812668301165,-0.0005786294932477176,0.0004507788980845362
2025-09-06T09:00:00Z,-7.609444,112.595556,0.0004792727704625577,-0.0005391237791627645,0.0005299134063534439
2025-09-06T12:00:00Z,-7.609444,112.595556,0.0004807340446859598,-0.0004784545744769275,0.00052844756282866
2025-09-06T15:00:00Z,-7.609444,112.595556,0.0005717485910281539,-0.0003370596095919609,0.0005459149833768606
2025-09-06T18:00:00Z,-7.609444,112.595556,0.0005562223377637565,-0.000312653137370944,0.0006837531109340489
2025-09-06T21:00:00Z,-7.609444,112.595556,0.000595816527493298,-0.0003022815508302301,0.000757145753595978
2025-09-07T00:00:00Z,-7.609444,112.595556,0.0005487704765982926,-0.0003053191758226603,0.0007903451914899051
2025-09-07T03:00:00Z,-7.609444,112.595556,0.0005792846204712987,-0.0002719576004892588,0.0007323544705286622
2025-09-07T06:00:00Z,-7.609444,112.595556,0.0005190506926737726,-0.0001619322138139978,0.0006913036922924221
2025-09-07T09:00:00Z,-7.609444,112.595556,0.0005021424149163067,-0.00011637476563919336,0.0007447127718478441
2025-09-07T12:00:00Z,-7.609444,112.595556,0.0004288080963306129,-4.521571463556029e-05,0.0007134411134757102
2025-09-07T15:00:00Z,-7.609444,112.595556,0.00040765979792922735,1.0655650839908049e-05,0.000655064475722611
2025-09-07T18:00:00Z,-7.609444,112.595556,0.00031226855935528874,4.521938171819784e-05,0.0006759479874745011
2025-09-07T21:00:00Z,-7.609444,112.595556,0.0002333965385332704,5.3456817113328725e-05,0.0006282851099967957
2025-09-08T00:00:00Z,-7.609444,112.595556,8.712451381143183e-05,8.6077387095429e-05,0.0005756304017268121
2025-09-08T03:00:00Z,-7.609444,112.595556,2.0572349967551418e-05,0.00018189063121099025,0.0004840400360990316
2025-09-08T06:00:00Z,-7.609444,112.595556,-3.9404472772730514e-05,0.00023207641788758335,0.00042735665920190513
2025-09-08T09:00:00Z,-7.609444,112.595556,5.936179150012322e-06,0.000192727500689216,0.00038497327477671206
2025-09-08T12:00:00Z,-7.609444,112.595556,5.0582333642523736e-05,0.0001141130196629092,0.0003134092839900404
2025-09-08T15:00:00Z,-7.609444,112.595556,0.00012305979907978326,0.00010866730735870078,0.00024478425621055067
2025-09-08T18:00:00Z,-7.609444,112.595556,7.761041342746466e-05,0.00014397015911526978,0.0001966355775948614
2025-09-08T21:00:00Z,-7.609444,112.595556,9.677263733465225e-05,0.00021404238941613585,0.0001307295897277072
2025-09-09T00:00:00Z,-7.609444,112.595556,9.501645399723202e-05,0.0002729132538661361,7.263876614160836e-05
2025-09-09T03:00:00Z,-7.609444,112.595556,0.0001671791833359748,0.00035331264371052384,4.671273472922621e-06
2025-09-09T06:00:00Z,-7.609444,112.595556,0.0002161758457077667,0.00033356185304000974,2.8353779271128587e-05
2025-09-09T09:00:00Z,-7.609444,112.595556,0.000331391638610512,0.00030772952595725656,7.538397039752454e-05
2025-09-09T12:00:00Z,-7.609444,112.595556,0.0004366806533653289,0.00030005749431438744,3.2904641557252035e-05
2025-09-09T15:00:00Z,-7.609444,112.595556,0.0005811682203784585,0.0003116628504358232,8.606760820839554e-05
2025-09-09T18:00:00Z,-7.609444,112.595556,0.0006026714690960944,0.00032230475335381925,0.0001845921651693061
2025-09-09T21:00:00Z,-7.609444,112.595556,0.0006544359494000673,0.0002756664762273431,0.00015297328354790807
2025-09-10T00:00:00Z,-7.609444,112.595556,0.0007228220929391682,0.00023118242097552863,9.246506670024246e-05
2025-09-10T03:00:00Z,-7.609444,112.595556,0.0007889222470112145,0.00015807343879714608,5.085861630504951e-05
2025-09-10T06:00:00Z,-7.609444,112.595556,0.0007424645591527224,6.249181751627475e-05,1.699939093668945e-05
2025-09-10T09:00:00Z,-7.609444,112.595556,0.0007299087010324001,6.21310537098907e-05,7.738795829936862e-06
2025-09-10T12:00:00Z,-7.609444,112.595556,0.0007295446703210473,6.361409032251686e-05,3.1917130399961025e-05
2025-09-10T15:00:00Z,-7.609444,112.595556,0.0007559271762147546,8.579291898058727e-05,7.238776743179187e-05
2025-09-10T18:00:00Z,-7.609444,112.595556,0.0006686920532956719,9.07775101950392e-05,0.00021258533524814996
2025-09-10T21:00:00Z,-7.609444,112.595556,0.000700038974173367,1.365186744806124e-05,0.00028381118318066
2025-09-11T00:00:00Z,-7.609444,112.595556,0.0007035240996629,-9.577876198818558e-07,0.00024184219364542517
2025-09-11T03:00:00Z,-7.609444,112.595556,0.0007479620398953557,-4.103184983250685e-05,0.0002783050003927201
2025-09-11T06:00:00Z,-7.609444,112.595556,0.0007330343360081315,-8.053120109252632e-05,0.00028444381314329803
2025-09-11T09:00:00Z,-7.609444,112.595556,0.0008291396079584956,-0.00018869734776671976,0.00026772209093905985
2025-09-11T12:00:00Z,-7.609444,112.595556,0.0008259769529104233,-0.00031181081430986524,0.00019897727179341015
2025-09-11T15:00:00Z,-7.609444,112.595556,0.0008144192979671061,-0.0003797852259594947,4.835311847273261e-05
2025-09-11T18:00:00Z,-7.609444,112.595556,0.0007227971800602973,-0.0004474894376471639,1.993856130866334e-05
2025-09-11T21:00:00Z,-7.609444,112.595556,0.0007457806495949626,-0.0004584794223774225,6.928725269972347e-06
2025-09-12T00:00:00Z,-7.609444,112.595556,0.0006786416051909328,-0.0005020302487537265,-0.00012120221072109416
2025-09-12T03:00:00Z,-7.609444,112.595556,0.0006626453250646591,-0.0006335378857329488,-0.0002238291490357369
2025-09-12T06:00:00Z,-7.609444,112.595556,0.0006333533092401922,-0.000761596136726439,-0.0002721139753703028
2025-09-12T09:00:00Z,-7.609444,112.595556,0.000754244567360729,-0.0009315688512288034,-0.00024105152988340703
2025-09-12T12:00:00Z,-7.609444,112.595556,0.0007540080696344376,-0.0010359977604821,-0.0002610505616758019
2025-09-12T15:00:00Z,-7.609444,112.595556,0.0008547785691916943,-0.0010709919733926,-0.00021156160801183432
2025-09-12T18:00:00Z,-7.609444,112.595556,0.0009024174651131034,-0.0010802752804011,-0.00021269399439916012
2025-09-12T21:00:00Z,-7.609444,112.595556,0.0009884551400318742,-0.0010207095183432,-0.00024293949536513537
2025-09-13T00:00:00Z,-7.609444,112.595556,0.000957694894168526,-0.0010216963710263,-0.00030819873791188
2025-09-13T03:00:00Z,-7.609444,112.595556,0.0010112050222232,-0.0011114502558484,-0.0003513457195367664
2025-09-13T06:00:00Z,-7.609444,112.595556,0.0009991495171561835,-0.0011532321805134,-0.00036291879951022565
2025-09-13T09:00:00Z,-7.609444,112.595556,0.0010881363414227,-0.0011758885812014,-0.00033002844429574907
2025-09-13T12:00:00Z,-7.609444,112.595556,0.0010538526112213,-0.0011601812439039,-0.0002918138634413481
2025-09-13T15:00:00Z,-7.609444,112.595556,0.001015598536469,-0.001085398485884,-0.00025988812558352947
2025-09-13T18:00:00Z,-7.609444,112.595556,0.000976397073827684,-0.0010390661191195,-0.0002456872316543013
2025-09-13T21:00:00Z,-7.609444,112.595556,0.001050921739079,-0.0010424852371215,-0.00021305658447090536
2025-09-14T00:00:00Z,-7.609444,112.595556,0.0010456796735525,-0.0011078645475208,-0.00016836877330206337
2025-09-14T03:00:00Z,-7.609444,112.595556,0.0010884463554248,-0.0011401048395782,-2.2324096789816394e-05
2025-09-14T06:00:00Z,-7.609444,112.595556,0.0010855993023142,-0.0011314958101138,3.968515375163406e-05
2025-09-14T09:00:00Z,-7.609444,112.595556,0.0011034711496904,-0.0011501457775011,5.201411477173679e-05
2025-09-14T12:00:00Z,-7.609444,112.595556,0.0010188610758632,-0.0011350744171068,4.146997525822371e-05
2025-09-14T15:00:00Z,-7.609444,112.595556,0.0010057049803435,-0.0011082951677963,7.570011803181842e-05
2025-09-14T18:00:00Z,-7.609444,112.595556,0.0008700290927663445,-0.0011636987328529,8.814800821710378e-05
2025-09-14T21:00:00Z,-7.609444,112.595556,0.0008243281044997275,-0.0011744358344003,-5.693122147931717e-05
2025-09-15T00:00:00Z,-7.609444,112.595556,0.0007045612437650561,-0.0012630601413547,-7.857915625208989e-05
2025-09-15T03:00:00Z,-7.609444,112.595556,0.0006272323080338538,-0.0013255545636639,-1.912008156068623e-05
2025-09-15T06:00:00Z,-7.609444,112.595556,0.000535469560418278,-0.0013700544368475,2.048655915132258e-05
2025-09-15T09:00:00Z,-7.609444,112.595556,0.0004992281319573522,-0.001523982733488,0.00015810025797691196
2025-09-15T12:00:00Z,-7.609444,112.595556,0.0004247026226948946,-0.0016648729797452,0.00017023371765390038
2025-09-15T15:00:00Z,-7.609444,112.595556,0.0004397917364258319,-0.0017531426856294,0.0002574594982434064
2025-09-15T18:00:00Z,-7.609444,112.595556,0.0003861215664073825,-0.0018168482929468,0.0003234106698073447
2025-09-15T21:00:00Z,-7.609444,112.595556,0.0004296333063393831,-0.0018727524438872,0.00041706376941874623
2025-09-16T00:00:00Z,-7.609444,112.595556,0.0003573882859200239,-0.0019403180340304,0.0003667833807412535
2025-09-16T03:00:00Z,-7.609444,112.595556,0.00033892819192260504,-0.0020295605063438,0.000284770067082718
2025-09-16T06:00:00Z,-7.609444,112.595556,0.0002508496982045472,-0.0020762688945978,0.00026335244183428586
2025-09-16T09:00:00Z,-7.609444,112.595556,0.0002188436483265832,-0.0021079576108604,0.0003258294309489429
2025-09-16T12:00:00Z,-7.609444,112.595556,0.0001345776254311204,-0.0020872135646641,0.0002988915948662907
2025-09-16T15:00:00Z,-7.609444,112.595556,0.0001112040044972673,-0.0020136125385761,0.0003058156580664217
2025-09-16T18:00:00Z,-7.609444,112.595556,3.934527194360271e-05,-0.0018982278415933,0.0002973672526422888
2025-09-16T21:00:00Z,-7.609444,112.595556,6.749841122655198e-05,-0.0018401065608486,0.0003678101347759366
2025-09-17T00:00:00Z,-7.609444,112.595556,2.976463474624325e-05,-0.0017874942859634,0.0003121122135780752
2025-09-17T03:00:00Z,-7.609444,112.595556,4.215080116409808e-05,-0.0017047530272975,0.0001767019130056724
2025-09-17T06:00:00Z,-7.609444,112.595556,-1.1936232340303832e-06,-0.001589351799339,8.061536937020719e-05
2025-09-17T09:00:00Z,-7.609444,112.595556,6.952584499231307e-06,-0.0014353973092511,-5.8697114582173526e-05
2025-09-17T12:00:00Z,-7.609444,112.595556,-7.013764843577519e-05,-0.0012803304707631,-0.0001288404455408454
2025-09-17T15:00:00Z,-7.609444,112.595556,-4.751315282192081e-05,-0.0011572916992008,-0.0001867722166934982
2025-09-17T18:00:00Z,-7.609444,112.595556,-7.400489266728982e-05,-0.0010736767435446,-0.0002011417382163927
2025-09-17T21:00:00Z,-7.609444,112.595556,-3.33360985678155e-05,-0.0010331609519198,-0.00015689723659306765
2025-09-18T00:00:00Z,-7.609444,112.595556,-5.868251537322067e-05,-0.0010131879243999,-0.0002503904979676008
2025-09-18T03:00:00Z,-7.609444,112.595556,-1.8152923075831492e-05,-0.0010609764140099,-0.0003731602628249675
2025-09-18T06:00:00Z,-7.609444,112.595556,1.1509835530887358e-05,-0.001064057694748,-0.0003753187193069607
2025-09-18T09:00:00Z,-7.609444,112.595556,2.96573962259572e-05,-0.0011276409495621,-0.0005459518288262188
2025-09-18T12:00:00Z,-7.609444,112.595556,8.82551830727607e-05,-0.001253264141269,-0.0004767932114191353
2025-09-18T15:00:00Z,-7.609444,112.595556,0.0001835646980907768,-0.0013355612754821,-0.0004190704203210771
2025-09-18T18:00:00Z,-7.609444,112.595556,0.0001856729795690626,-0.0013900594785809,-0.0003630263963714242
2025-09-18T21:00:00Z,-7.609444,112.595556,0.0002655351418070495,-0.0014332929858937,-0.0004540750524029136
2025-09-19T00:00:00Z,-7.609444,112.595556,0.0002676204894669354,-0.001451144577004,-0.0004890688578598201
2025-09-19T03:00:00Z,-7.609444,112.595556,0.00035516798379831016,-0.0014342265203595,-0.00048344346578232944
2025-09-19T06:00:00Z,-7.609444,112.595556,0.000400994933443144,-0.001345008611679,-0.00043759142863564193
2025-09-19T09:00:00Z,-7.609444,112.595556,0.00044505303958430886,-0.0012853649677708,-0.0004413107817526906
2025-09-19T12:00:00Z,-7.609444,112.595556,0.0005206467467360198,-0.0012294340413063,-0.0003376466047484428
2025-09-19T15:00:00Z,-7.609444,112.595556,0.000654598290566355,-0.0011344846570864,-0.0002215636777691543
2025-09-19T18:00:00Z,-7.609444,112.595556,0.000622203981038183,-0.0009609390399418772,-0.00016349973157048223
2025-09-19T21:00:00Z,-7.609444,112.595556,0.000634897907730192,-0.0007879029144532979,-0.0001936625922098756
2025-09-20T00:00:00Z,-7.609444,112.595556,0.0006294138147495687,-0.0006102407351136208,-0.0002213782572653145
2025-09-20T03:00:00Z,-7.609444,112.595556,0.0006869519129395485,-0.0004119566292501986,-0.0002134260575985536
2025-09-20T06:00:00Z,-7.609444,112.595556,0.0006102860788814723,-0.00025302087306045,-0.00029413262382149696
2025-09-20T09:00:00Z,-7.609444,112.595556,0.0005722739151678979,-0.00017414354078937322,-0.0003661150694824755
2025-09-20T12:00:00Z,-7.609444,112.595556,0.0005564055754803121,-0.00015373495989479125,-0.00047057747724466026
2025-09-20T15:00:00Z,-7.609444,112.595556,0.0005082928691990674,-4.3405765609350055e-05,-0.000540031585842371
2025-09-20T18:00:00Z,-7.609444,112.595556,0.0003527140652295202,4.984915358363651e-05,-0.0007185742724686861
2025-09-20T21:00:00Z,-7.609444,112.595556,0.00025357105187140405,0.00012240107753314078,-0.0008925392758101225
2025-09-21T00:00:00Z,-7.609444,112.595556,0.00021440772979985925,0.00019900818006135523,-0.001052921405062
2025-09-21T03:00:00Z,-7.609444,112.595556,0.00020942707487847656,0.0002501721028238535,-0.0011491478653624
2025-09-21T06:00:00Z,-7.609444,112.595556,0.00014005367120262235,0.00033007495221681893,-0.0012789575848728
2025-09-21T09:00:00Z,-7.609444,112.595556,0.00012091250391677022,0.00035176530946046114,-0.0014789564302191
2025-09-21T12:00:00Z,-7.609444,112.595556,0.00017034573829732835,0.00035188818583264947,-0.0015222313813865
2025-09-21T15:00:00Z,-7.609444,112.595556,0.0002115918032359332,0.0003831566427834332,-0.0016619408270344
2025-09-21T18:00:00Z,-7.609444,112.595556,0.0001268103369511664,0.0004519175854511559,-0.0018115441780537
2025-09-21T21:00:00Z,-7.609444,112.595556,9.270165173802523e-05,0.0005739000043831766,-0.0019936566241085
2025-09-22T00:00:00Z,-7.609444,112.595556,6.459301221184433e-05,0.0006698645302094519,-0.0020718250889331
2025-09-22T03:00:00Z,-7.609444,112.595556,0.00011741900380002336,0.0007272274233400822,-0.002027335576713
2025-09-22T06:00:00Z,-7.609444,112.595556,0.0001640350528759882,0.000800242240075022,-0.0020037607755512
2025-09-22T09:00:00Z,-7.609444,112.595556,0.00022703729337081316,0.0007888958207331598,-0.0018725770059973
2025-09-22T12:00:00Z,-7.609444,112.595556,0.0003364586445968598,0.0007219684193842113,-0.0018289778381586
2025-09-22T15:00:00Z,-7.609444,112.595556,0.0004692200745921582,0.000746973673813045,-0.0016855193534865
2025-09-22T18:00:00Z,-7.609444,112.595556,0.0004477491893339902,0.0008065100992098451,-0.0016900511691346
2025-09-22T21:00:00Z,-7.609444,112.595556,0.000523547874763608,0.0008920470136217773,-0.0016726701287552
2025-09-23T00:00:00Z,-7.609444,112.595556,0.000579630199354142,0.0009172435966320336,-0.0015996397705748
2025-09-23T03:00:00Z,-7.609444,112.595556,0.0006638133199885488,0.0008873754995875061,-0.001409318530932
2025-09-23T06:00:00Z,-7.609444,112.595556,0.0007252416107803583,0.0008050489705055952,-0.0012370725162327
2025-09-23T09:00:00Z,-7.609444,112.595556,0.000737115740776062,0.0007594470516778529,-0.0010892726713791
2025-09-23T12:00:00Z,-7.609444,112.595556,0.0007530690636485815,0.0007204272551462054,-0.0008816343615762889
2025-09-23T15:00:00Z,-7.609444,112.595556,0.0007906447281129658,0.0008037483203224838,-0.0006241060909815133
2025-09-23T18:00:00Z,-7.609444,112.595556,0.0007484524394385517,0.0009101603063754736,-0.000404128892114386
2025-09-23T21:00:00Z,-7.609444,112.595556,0.0007858434692025185,0.0009948121150955558,-0.00021466275211423635
2025-09-24T00:00:00Z,-7.609444,112.595556,0.0008113642688840628,0.000999100273475051,-6.301299890765222e-06
2025-09-24T03:00:00Z,-7.609444,112.595556,0.0008944912115111947,0.0009570189286023378,0.0002573039964772761
2025-09-24T06:00:00Z,-7.609444,112.595556,0.0008634873665869236,0.00097642932087183,0.0004105372063349933
2025-09-24T09:00:00Z,-7.609444,112.595556,0.0008150988724082708,0.0010459205368533,0.00046253559412434697
2025-09-24T12:00:00Z,-7.609444,112.595556,0.0007060238276608288,0.0010369052179157,0.0005435409839265049
2025-09-24T15:00:00Z,-7.609444,112.595556,0.0007172500481829047,0.0010571472812443,0.0006908400682732463
2025-09-24T18:00:00Z,-7.609444,112.595556,0.0006718348595313728,0.0010401700856164,0.0007116773631423712
2025-09-24T21:00:00Z,-7.609444,112.595556,0.0007256949320435524,0.0009821162093430758,0.0006976971635594964
2025-09-25T00:00:00Z,-7.609444,112.595556,0.0007297963602468371,0.0008771127904765308,0.0005813565803691745
2025-09-25T03:00:00Z,-7.609444,112.595556,0.0007908368716016412,0.0007576393545605242,0.0005739756743423641
2025-09-25T06:00:00Z,-7.609444,112.595556,0.0007419622852467,0.0007199731771834195,0.0004546674026641994
2025-09-25T09:00:00Z,-7.609444,112.595556,0.0007307695341296494,0.0007078912458382547,0.0002095569798257202
2025-09-25T12:00:00Z,-7.609444,112.595556,0.000694685208145529,0.0005939106340520084,2.1447232938953675e-05
2025-09-25T15:00:00Z,-7.609444,112.595556,0.0008103320724330842,0.0005344650126062334,-3.564429425750859e-05
2025-09-25T18:00:00Z,-7.609444,112.595556,0.0008273005369119346,0.0004829485260415822,-9.193908044835553e-05
2025-09-25T21:00:00Z,-7.609444,112.595556,0.0008795137982815504,0.00048025159048847854,-0.00030396031797863543
2025-09-26T00:00:00Z,-7.609444,112.595556,0.0009274800540879368,0.0004081774968653917,-0.00044559608795680106
2025-09-26T03:00:00Z,-7.609444,112.595556,0.0010518983472138,0.0003480883897282183,-0.0005800885264761746
2025-09-26T06:00:00Z,-7.609444,112.595556,0.0011216908460482,0.0003022817545570433,-0.0006627887487411499
2025-09-26T09:00:00Z,-7.609444,112.595556,0.0011934286449104,0.0002484837605152279,-0.0007575557101517916
2025-09-26T12:00:00Z,-7.609444,112.595556,0.0011901138350367,0.0001270419743377715,-0.0008580865105614066
2025-09-26T15:00:00Z,-7.609444,112.595556,0.0012747233267873,4.50491497758776e-05,-0.0009285990381613374
2025-09-26T18:00:00Z,-7.609444,112.595556,0.0012576536973938,5.939582479186356e-05,-0.0009797153761610389
2025-09-26T21:00:00Z,-7.609444,112.595556,0.001308326376602,0.0001148834198829718,-0.0010729337809607
2025-09-27T00:00:00Z,-7.609444,112.595556,0.0012928241631016,6.926256173755974e-05,-0.0010874588042497
2025-09-27T03:00:00Z,-7.609444,112.595556,0.0013724743621423,2.9916860512457788e-05,-0.0010624659480527
2025-09-27T06:00:00Z,-7.609444,112.595556,0.0014736664015799,-5.117565524415113e-05,-0.0010058517800644
2025-09-27T09:00:00Z,-7.609444,112.595556,0.0015458053676411,-0.0001841930643422529,-0.0008588614291511476
2025-09-27T12:00:00Z,-7.609444,112.595556,0.0015807626768946,-0.000302178377751261,-0.0007595566567033529
2025-09-27T15:00:00Z,-7.609444,112.595556,0.0016570129664614,-0.0003943246556445956,-0.0007180026150308549
2025-09-27T18:00:00Z,-7.609444,112.595556,0.0016394975828006,-0.0004107784770894796,-0.0006455086404457688
2025-09-27T21:00:00Z,-7.609444,112.595556,0.0016315848333761,-0.0004822100745514035,-0.0005842261598445475
2025-09-28T00:00:00Z,-7.609444,112.595556,0.0015867019537836,-0.0005949424812570214,-0.000526062969584018
2025-09-28T03:00:00Z,-7.609444,112.595556,0.0016011948464438,-0.0007045397069305182,-0.0004802313924301416
2025-09-28T06:00:00Z,-7.609444,112.595556,0.0015082021709531,-0.0007935868925414979,-0.00034156368928961456
2025-09-28T09:00:00Z,-7.609444,112.595556,0.0014552545035257,-0.0008790803258307278,-0.0001902192598208785
2025-09-28T12:00:00Z,-7.609444,112.595556,0.0013747231569141,-0.0008704810170456767,-8.372262527700514e-05
2025-09-28T15:00:00Z,-7.609444,112.595556,0.0013562621315941,-0.000793176528532058,4.676436947192997e-05
2025-09-28T18:00:00Z,-7.609444,112.595556,0.0012678209459409,-0.0007441052002832294,0.000271383993094787
2025-09-28T21:00:00Z,-7.609444,112.595556,0.001212123199366,-0.0007590306922793388,0.0003923743788618594
2025-09-29T00:00:00Z,-7.609444,112.595556,0.0012160218320786,-0.0007518850616179407,0.0004945920081809163
2025-09-29T03:00:00Z,-7.609444,112.595556,0.0012891192454844,-0.0007138141081668437,0.0005877240910194814
2025-09-29T06:00:00Z,-7.609444,112.595556,0.0012243834789842,-0.0006312259356491268,0.0006299410597421229
2025-09-29T09:00:00Z,-7.609444,112.595556,0.0011473667109385,-0.000539420114364475,0.0005706209340132773
2025-09-29T12:00:00Z,-7.609444,112.595556,0.001045175595209,-0.0004792915424332023,0.0005710777477361262
2025-09-29T15:00:00Z,-7.609444,112.595556,0.0010950579307973,-0.00037184421671554446,0.0006297139916568995
2025-09-29T18:00:00Z,-7.609444,112.595556,0.0009967561345547438,-0.0002842110698111356,0.0007682137074880302
2025-09-29T21:00:00Z,-7.609444,112.595556,0.000958723365329206,-0.00019859963504131883,0.0008567427285015583
2025-09-30T00:00:00Z,-7.609444,112.595556,0.0009362947312183678,-5.985649477224797e-05,0.000937848468311131
2025-09-30T03:00:00Z,-7.609444,112.595556,0.0009470170480199158,9.723746916279195e-05,0.0008885646820999682
2025-09-30T06:00:00Z,-7.609444,112.595556,0.0009358302340842785,0.00018708573770709336,0.0008789498824626207
2025-09-30T09:00:00Z,-7.609444,112.595556,0.001014745561406,0.00019057329336646944,0.0007901566568762064
2025-09-30T12:00:00Z,-7.609444,112.595556,0.0010920220520347,0.00016431798576377332,0.0009220342035405338
2025-09-30T15:00:00Z,-7.609444,112.595556,0.0011942981509491,0.00018367960001342,0.0008902965928427875
2025-09-30T18:00:00Z,-7.609444,112.595556,0.001122425077483,0.00028135598404332995,0.0009034706745296716
2025-09-30T21:00:00Z,-7.609444,112.595556,0.001078235800378,0.0004433760768733919,0.0008202839526347816
2025-10-01T00:00:00Z,-7.609444,112.595556,0.0010213090572506,0.0006114786956459284,0.0008161409641616046
2025-10-01T03:00:00Z,-7.609444,112.595556,0.0010019778273999,0.0006812731153331697,0.0008441064856015146
2025-10-01T06:00:00Z,-7.609444,112.595556,0.0009586233645677568,0.0006757214432582259,0.0007333145476877689
2025-10-01T09:00:00Z,-7.609444,112.595556,0.0009928371291607618,0.0006275628693401814,0.000654366216622293
2025-10-01T12:00:00Z,-7.609444,112.595556,0.0010362793691456,0.0005206483765505254,0.0006703109247609973
2025-10-01T15:00:00Z,-7.609444,112.595556,0.0011381090153008,0.0004625067522283644,0.0007358194561675191
2025-10-01T18:00:00Z,-7.609444,112.595556,0.0010858918540179,0.0004630037874449045,0.0006608148687519133
2025-10-01T21:00:00Z,-7.609444,112.595556,0.0010797923896461,0.00045278429752215743,0.0005305547383613884
2025-10-02T00:00:00Z,-7.609444,112.595556,0.0010887666139751,0.0003242050297558308,0.0005143859307281673
2025-10-02T03:00:00Z,-7.609444,112.595556,0.0011140637798234,0.00012345603317953646,0.0004058485210407525
2025-10-02T06:00:00Z,-7.609444,112.595556,0.0010962618980556,-5.542072540265508e-05,0.00029617908876389265
2025-10-02T09:00:00Z,-7.609444,112.595556,0.0011328018736094,-0.0002127890329575166,0.0001379287423333153
2025-10-02T12:00:00Z,-7.609444,112.595556,0.001146089984104,-0.0003769806935451925,0.00010425128130009398
2025-10-02T15:00:00Z,-7.609444,112.595556,0.0012395519297569,-0.0004936473560519516,0.00010021531488746405
2025-10-02T18:00:00Z,-7.609444,112.595556,0.0011461685644462,-0.0005753570585511625,-3.332803680677898e-05
2025-10-02T21:00:00Z,-7.609444,112.595556,0.0011686902726069,-0.0007410473772324622,-0.00018672898295335472
2025-10-03T00:00:00Z,-7.609444,112.595556,0.0012380079133436,-0.0009454541141167284,-0.0003103993949480355
2025-10-03T03:00:00Z,-7.609444,112.595556,0.0013481437927111,-0.001170725445263,-0.00037639259244315326
2025-10-03T06:00:00Z,-7.609444,112.595556,0.0013938628835603,-0.0013470420381054,-0.0004797618312295526
2025-10-03T09:00:00Z,-7.609444,112.595556,0.0014270009705796,-0.0014905947027727,-0.0007836635340936482
2025-10-03T12:00:00Z,-7.609444,112.595556,0.0014216663548722,-0.0016659729881212,-0.0009478079155087472
2025-10-03T15:00:00Z,-7.609444,112.595556,0.0014515118673443,-0.001740492763929,-0.0010708993067964
2025-10-03T18:00:00Z,-7.609444,112.595556,0.0013514823513105,-0.0018052217783406,-0.0011142154689878
2025-10-03T21:00:00Z,-7.609444,112.595556,0.0013477813918143,-0.0019175772322341,-0.0012519743759185
2025-10-04T00:00:00Z,-7.609444,112.595556,0.001373802893795,-0.0020922294352203,-0.0012432715157046
2025-10-04T03:00:00Z,-7.609444,112.595556,0.0013748909113928,-0.0021975226700305,-0.0012023939052596
2025-10-04T06:00:00Z,-7.609444,112.595556,0.0012666297843679,-0.0021536229178309,-0.0012792778434231
2025-10-04T09:00:00Z,-7.609444,112.595556,0.0012214351445436,-0.002141366712749,-0.0013105418765917
2025-10-04T12:00:00Z,-7.609444,112.595556,0.0012201906647533,-0.0022011261899024,-0.0012255167821422
2025-10-04T15:00:00Z,-7.609444,112.595556,0.0011939643882215,-0.0022113600280135,-0.0011784343514591
2025-10-04T18:00:00Z,-7.609444,112.595556,0.0010663152206689,-0.0022041869815438,-0.001220203586854
2025-10-04T21:00:00Z,-7.609444,112.595556,0.0009720054222270846,-0.0022372144740074,-0.0013175099156796
2025-10-05T00:00:00Z,-7.609444,112.595556,0.0008838207577355206,-0.0023109533358365,-0.0012917297426611
2025-10-05T03:00:00Z,-7.609444,112.595556,0.0008238357841037214,-0.0023738285526633,-0.0012969030067324
2025-10-05T06:00:00Z,-7.609444,112.595556,0.0007863124483264983,-0.0023740350734442,-0.0012744039995595
2025-10-05T09:00:00Z,-7.609444,112.595556,0.0008151505026035011,-0.0024402681738138,-0.0012525714701041
2025-10-05T12:00:00Z,-7.609444,112.595556,0.0007942896336317062,-0.0025134454481303,-0.0011878133518621
2025-10-05T15:00:00Z,-7.609444,112.595556,0.0007752932142466307,-0.0025426200591027,-0.0011628671782091
2025-10-05T18:00:00Z,-7.609444,112.595556,0.0007463543443009257,-0.0025287757162004,-0.0011468442389741
2025-10-05T21:00:00Z,-7.609444,112.595556,0.0008136651595123112,-0.0025493439752608,-0.0010928461560979
2025-10-06T00:00:00Z,-7.609444,112.595556,0.0008553577354177833,-0.0026163822039961,-0.0010662146378308
2025-10-06T03:00:00Z,-7.609444,112.595556,0.0009024881874211133,-0.0026883273385465,-0.0011205171467736
2025-10-06T06:00:00Z,-7.609444,112.595556,0.000917400699108839,-0.0026575580704957,-0.0012131044641137
2025-10-06T09:00:00Z,-7.609444,112.595556,0.0009952780092135072,-0.0026509491726756,-0.0012650686549022
2025-10-06T12:00:00Z,-7.609444,112.595556,0.0010320962173864,-0.0026606693863868,-0.0012231592554599
2025-10-06T15:00:00Z,-7.609444,112.595556,0.0011483860434964,-0.0026536644436419,-0.0010766988852992
2025-10-06T18:00:00Z,-7.609444,112.595556,0.0010940989013761,-0.002583518391475,-0.0009550901595503092
2025-10-06T21:00:00Z,-7.609444,112.595556,0.0010764566250145,-0.0025037913583219,-0.0007871841080486774
2025-10-07T00:00:00Z,-7.609444,112.595556,0.0011124149896204,-0.0025080516934394,-0.0006427507614716887
2025-10-07T03:00:00Z,-7.609444,112.595556,0.0012127647642046,-0.0025326961185783,-0.0005655253771692514
2025-10-07T06:00:00Z,-7.609444,112.595556,0.0012646523537114,-0.0024455490056425,-0.0005394943291321397
2025-10-07T09:00:00Z,-7.609444,112.595556,0.0013498739572241,-0.0024002003483474,-0.0005034353234805167
2025-10-07T12:00:00Z,-7.609444,112.595556,0.0013379773590713,-0.0023548365570604,-0.0005510641494765878
2025-10-07T15:00:00Z,-7.609444,112.595556,0.0014039025409147,-0.0022113528102636,-0.000526322633959353
2025-10-07T18:00:00Z,-7.609444,112.595556,0.0013483192306011,-0.0020927912555634,-0.0004114948969800025
2025-10-07T21:00:00Z,-7.609444,112.595556,0.0012802834389731,-0.0020300371106714,-0.0003821861173491925
2025-10-08T00:00:00Z,-7.609444,112.595556,0.0012133896816521,-0.0020056196954101,-0.0003049391380045563
2025-10-08T03:00:00Z,-7.609444,112.595556,0.001222672406584,-0.0019547077827155,-0.0001897911715786904
2025-10-08T06:00:00Z,-7.609444,112.595556,0.0011750940466299,-0.0019311847863718,-7.776460552122444e-05
2025-10-08T09:00:00Z,-7.609444,112.595556,0.0011383709497749,-0.0019093261798843,-7.41269177524373e-05
2025-10-08T12:00:00Z,-7.609444,112.595556,0.0011254481505602,-0.0019829671364277,-8.854435873217881e-05
2025-10-08T15:00:00Z,-7.609444,112.595556,0.0012231045402586,-0.0020888624712824,-4.79319533042144e-05
2025-10-08T18:00:00Z,-7.609444,112.595556,0.0012473368551582,-0.0022196460049599,-0.00011898799857590348
2025-10-08T21:00:00Z,-7.609444,112.595556,0.0013137009227648,-0.0023633847013115,-0.00014073544298298657
2025-10-09T00:00:00Z,-7.609444,112.595556,0.001320578274317,-0.0024466295726597,-0.0001468181872041896
2025-10-09T03:00:00Z,-7.609444,112.595556,0.0013088606065139,-0.0025251978076994,-0.00011005775013472884
2025-10-09T06:00:00Z,-7.609444,112.595556,0.001270362874493,-0.0026092315092682,-6.695406773360446e-05
2025-10-09T09:00:00Z,-7.609444,112.595556,0.0013033905997872,-0.0027528603095561,-2.0809544366784397e-05
2025-10-09T12:00:00Z,-7.609444,112.595556,0.0013203314738348,-0.0029289906378835,8.522137795807794e-05
2025-10-09T15:00:00Z,-7.609444,112.595556,0.001375914318487,-0.0030738534405827,0.00016367252101190388
2025-10-09T18:00:00Z,-7.609444,112.595556,0.0013588968431577,-0.0031045768409967,0.00018574355635792017
2025-10-09T21:00:00Z,-7.609444,112.595556,0.0014204642502591,-0.0030592221301048,0.00016251056513283402
2025-10-10T00:00:00Z,-7.609444,112.595556,0.0014388365671038,-0.0030220139306038,0.00023708138905931264
2025-10-10T03:00:00Z,-7.609444,112.595556,0.0014167765621095,-0.0030029788613319,0.0003963246999774128
2025-10-10T06:00:00Z,-7.609444,112.595556,0.0013068947009742,-0.002966828411445,0.00038788726669736207
2025-10-10T09:00:00Z,-7.609444,112.595556,0.0013052562717348,-0.0029343233909457,0.0002797210472635925
2025-10-10T12:00:00Z,-7.609444,112.595556,0.0012682112865149,-0.0028428151272237,0.0003220159269403666
2025-10-10T15:00:00Z,-7.609444,112.595556,0.0011915862560272,-0.00267517240718,0.00031667936127632856
2025-10-10T18:00:00Z,-7.609444,112.595556,0.0010306212352588,-0.0024333107285201,0.0002491345221642405
2025-10-10T21:00:00Z,-7.609444,112.595556,0.0009813677752390504,-0.0022359585855156,6.214548193383962e-05
2025-10-11T00:00:00Z,-7.609444,112.595556,0.0009538227459415792,-0.0021423969883471,-5.17697844770737e-05
2025-10-11T03:00:00Z,-7.609444,112.595556,0.000953581416979432,-0.0020597651600837,-0.00019532236910890788
2025-10-11T06:00:00Z,-7.609444,112.595556,0.0009106473880819976,-0.0018926614429801,-0.00024303760437760505
2025-10-11T09:00:00Z,-7.609444,112.595556,0.0008899351232685149,-0.0016816525021567,-0.00037551141576841474
2025-10-11T12:00:00Z,-7.609444,112.595556,0.0008282375056296587,-0.0014702340122312,-0.0005217259167693555
2025-10-11T15:00:00Z,-7.609444,112.595556,0.0008147012558765709,-0.0012948001967743,-0.000551049190107733
2025-10-11T18:00:00Z,-7.609444,112.595556,0.0007245973683893681,-0.0011272359406575,-0.0006160738412290812
2025-10-11T21:00:00Z,-7.609444,112.595556,0.0006783318822272122,-0.0010138700017705,-0.0007423145580105484
2025-10-12T00:00:00Z,-7.609444,112.595556,0.0006232791929505765,-0.0010024432558566,-0.0008181524462997913
2025-10-12T03:00:00Z,-7.609444,112.595556,0.000699060910847038,-0.0009506773785687984,-0.000852486933581531
2025-10-12T06:00:00Z,-7.609444,112.595556,0.0006967548979446292,-0.0008158557466231287,-0.0008517447859048843
2025-10-12T09:00:00Z,-7.609444,112.595556,0.0006690187728963792,-0.0006964075146242976,-0.0009724076371639968
2025-10-12T12:00:00Z,-7.609444,112.595556,0.0007190611795522273,-0.0007882363861426711,-0.0009472178644500672
2025-10-12T15:00:00Z,-7.609444,112.595556,0.0008470247848890722,-0.0008927226299419999,-0.0008407277637161314
2025-10-12T18:00:00Z,-7.609444,112.595556,0.0009011393995024264,-0.0009685519617050886,-0.0008384260581806302
2025-10-12T21:00:00Z,-7.609444,112.595556,0.000883416214492172,-0.0010445598745718,-0.000906653585843742
2025-10-13T00:00:00Z,-7.609444,112.595556,0.0008338785846717656,-0.00114546273835,-0.0009497256251052022
2025-10-13T03:00:00Z,-7.609444,112.595556,0.0009470635559409856,-0.0012288176221773,-0.000939028337597847
2025-10-13T06:00:00Z,-7.609444,112.595556,0.0010231513297185,-0.0013231732882559,-0.0008235935238189995
2025-10-13T09:00:00Z,-7.609444,112.595556,0.0011033130576834,-0.0014629203360527,-0.0006930051022209227
2025-10-13T12:00:00Z,-7.609444,112.595556,0.0011807093396782,-0.0016418383456766,-0.0004477335896808654
2025-10-13T15:00:00Z,-7.609444,112.595556,0.0013045570813119,-0.0017814848106354,-0.00035298828152008355
2025-10-13T18:00:00Z,-7.609444,112.595556,0.0013411655090749,-0.0017687790095806,-0.0002704233047552407
2025-10-13T21:00:00Z,-7.609444,112.595556,0.0014082345878705,-0.0017585791647434,-0.0002048993192147464
2025-10-14T00:00:00Z,-7.609444,112.595556,0.001483996049501,-0.0018279264913871,-5.455873542814516e-05
2025-10-14T03:00:00Z,-7.609444,112.595556,0.0015648553380742,-0.0018928528297692,-2.506627242837567e-05
2025-10-14T06:00:00Z,-7.609444,112.595556,0.0015585977816954,-0.001981628825888,0.0001084415998775512
2025-10-14T09:00:00Z,-7.609444,112.595556,0.0015585187356919,-0.0021078556310385,0.00016656021762173623
2025-10-14T12:00:00Z,-7.609444,112.595556,0.0015643060905858,-0.0022419313900172,0.0004064539389219135
2025-10-14T15:00:00Z,-7.609444,112.595556,0.0015350854955613,-0.0022415667772293,0.000568167946767062
2025-10-14T18:00:00Z,-7.609444,112.595556,0.0014526031445711,-0.0022091714199632,0.0006308819283731282
2025-10-14T21:00:00Z,-7.609444,112.595556,0.0014540415722876,-0.0022547915577888,0.0007130931480787694
2025-10-15T00:00:00Z,-7.609444,112.595556,0.0014655865961685,-0.002392522059381,0.000893089163582772
2025-10-15T03:00:00Z,-7.609444,112.595556,0.0014704471686854,-0.0024730251170694,0.0009212648146785796
2025-10-15T06:00:00Z,-7.609444,112.595556,0.0014299512840807,-0.0024899332784116,0.0008567427285015583
2025-10-15T09:00:00Z,-7.609444,112.595556,0.0014155951794236,-0.0025628458242863,0.0007034221198409796
2025-10-15T12:00:00Z,-7.609444,112.595556,0.0013862828491255,-0.002601952292025,0.0007300407742150128
2025-10-15T15:00:00Z,-7.609444,112.595556,0.0013648542808368,-0.0025654067285358,0.0006759272655472159
2025-10-15T18:00:00Z,-7.609444,112.595556,0.0012163210194557,-0.0024639826733618,0.0005534942029044032
2025-10-15T21:00:00Z,-7.609444,112.595556,0.0011091540800407,-0.0023804793599992,0.0003580260381568223
2025-10-16T00:00:00Z,-7.609444,112.595556,0.0010697512188926,-0.002315312391147,0.00032916321652010083
2025-10-16T03:00:00Z,-7.609444,112.595556,0.0010796809801831,-0.0021985487546771,0.00022597955830860883
2025-10-16T06:00:00Z,-7.609444,112.595556,0.0010130768641829,-0.0020537141244858,0.00016007568046916276
2025-10-16T09:00:00Z,-7.609444,112.595556,0.0010315602412447,-0.0019802378956228,2.7493801098898984e-05
2025-10-16T12:00:00Z,-7.609444,112.595556,0.0011004913831129,-0.0019843941554427,-2.3577111278427765e-05
2025-10-16T15:00:00Z,-7.609444,112.595556,0.0012515998678281,-0.0019802926108241,-0.00010892248974414542
2025-10-16T18:00:00Z,-7.609444,112.595556,0.0012834721710532,-0.0019606596324592,-0.00020754538127221167
2025-10-16T21:00:00Z,-7.609444,112.595556,0.0013184833806008,-0.001979739870876,-0.00031089206459000707
2025-10-17T00:00:00Z,-7.609444,112.595556,0.0013666481245309,-0.0019882367923855,-0.0003376527165528387
2025-10-17T03:00:00Z,-7.609444,112.595556,0.0014335114974528,-0.0019907904788851,-0.0004447979445103556
2025-10-17T06:00:00Z,-7.609444,112.595556,0.0014409307623282,-0.002015802077949,-0.0004543684190139175
2025-10-17T09:00:00Z,-7.609444,112.595556,0.0015550199896097,-0.0020724376663565,-0.0003916211717296392
2025-10-17T12:00:00Z,-7.609444,112.595556,0.0016645267605781,-0.0021627889946103,-0.0002904027933254838
2025-10-17T15:00:00Z,-7.609444,112.595556,0.0018265487160533,-0.0022070060949772,-0.0002178683353122324
2025-10-17T18:00:00Z,-7.609444,112.595556,0.0019075986929237,-0.0021927659399807,-0.0001618893729755655
2025-10-17T21:00:00Z,-7.609444,112.595556,0.0019906498491764,-0.0021826555021107,-0.00018488273781258613
2025-10-18T00:00:00Z,-7.609444,112.595556,0.0020514125935733,-0.0022485156077891,-8.596983207098674e-06
2025-10-18T03:00:00Z,-7.609444,112.595556,0.0021229695994406,-0.002303309738636,7.86287200753577e-05
2025-10-18T06:00:00Z,-7.609444,112.595556,0.0020550291519612,-0.0023546253796666,0.0001560800737934187
2025-10-18T09:00:00Z,-7.609444,112.595556,0.002048728056252,-0.0023875837214291,0.0002811091544572264
2025-10-18T12:00:00Z,-7.609444,112.595556,0.0019838684238493,-0.0024140432942658,0.0004352812538854778
2025-10-18T15:00:00Z,-7.609444,112.595556,0.0019115974428132,-0.0023372303694486,0.0005508833564817905
2025-10-18T18:00:00Z,-7.609444,112.595556,0.0018304359400644,-0.0022862425539642,0.000795325671788305
2025-10-18T21:00:00Z,-7.609444,112.595556,0.0018508806824684,-0.0022847801446914,0.0008545751334168017
2025-10-19T00:00:00Z,-7.609444,112.595556,0.0018670408753678,-0.0024340453092008,0.0010336281266063
2025-10-19T03:00:00Z,-7.609444,112.595556,0.0018709821160882,-0.0024937498383224,0.0009547123918309808
2025-10-19T06:00:00Z,-7.609444,112.595556,0.0018114275299012,-0.0025053026620298,0.000872167875058949
2025-10-19T09:00:00Z,-7.609444,112.595556,0.0017412710003554,-0.0024160579778254,0.0007000400801189244
2025-10-19T12:00:00Z,-7.609444,112.595556,0.0015918746357783,-0.0023509811144322,0.0005463189445436001
2025-10-19T15:00:00Z,-7.609444,112.595556,0.0014296873705461,-0.0022525473032146,0.000384317827410996
2025-10-19T18:00:00Z,-7.609444,112.595556,0.0012755047064274,-0.0022000891622155,0.00036227863165549934
2025-10-19T21:00:00Z,-7.609444,112.595556,0.0011548476759344,-0.002217540051788,0.00031991719151847064
2025-10-20T00:00:00Z,-7.609444,112.595556,0.0010004201903939,-0.002220815513283,0.0003426735638640821
2025-10-20T03:00:00Z,-7.609444,112.595556,0.0009208203409798444,-0.00221774331294,0.0002856147475540638
2025-10-20T06:00:00Z,-7.609444,112.595556,0.0008636526763439178,-0.0021839085966348,0.00018673032172955573
2025-10-20T09:00:00Z,-7.609444,112.595556,0.0008702271734364331,-0.0021416109520941,0.00018669462588150052
2025-10-20T12:00:00Z,-7.609444,112.595556,0.0008688825182616711,-0.0021790012251585,0.00023625664471182967
2025-10-20T15:00:00Z,-7.609444,112.595556,0.0008571239304728806,-0.0022028945386409,0.00011879571684403344
2025-10-20T18:00:00Z,-7.609444,112.595556,0.0007908612606115639,-0.002202461939305,6.442113226512447e-05
2025-10-20T21:00:00Z,-7.609444,112.595556,0.0007987876888364553,-0.002226939657703,3.1627096177544445e-06
2025-10-21T00:00:00Z,-7.609444,112.595556,0.0007535754702985287,-0.0022810290101915,8.47176579554798e-06
2025-10-21T03:00:00Z,-7.609444,112.595556,0.0007203646237030625,-0.0022394771222025,-2.488983955117874e-05
2025-10-21T06:00:00Z,-7.609444,112.595556,0.0006534687126986682,-0.0022114729508757,-0.00020772086281795052
2025-10-21T09:00:00Z,-7.609444,112.595556,0.0006739897071383893,-0.0022522371727973,-0.0003474917029961944
2025-10-21T12:00:00Z,-7.609444,112.595556,0.0007591521134600043,-0.0023133419454097,-0.0002986176987178624
2025-10-21T15:00:00Z,-7.609444,112.595556,0.0008934173965826631,-0.0023819773923605,-0.00013121710799168795
2025-10-21T18:00:00Z,-7.609444,112.595556,0.0009568078094162048,-0.0024218240287154,-3.0459299523499798e-05
2025-10-21T21:00:00Z,-7.609444,112.595556,0.0010545412078499,-0.0024917693808674,-0.00015488364442717284
2025-10-22T00:00:00Z,-7.609444,112.595556,0.0011386611731722,-0.0025609312579035,-0.00028911494882777333
2025-10-22T03:00:00Z,-7.609444,112.595556,0.0011975553352385,-0.0025288986507803,-0.0003808757464867085
2025-10-22T06:00:00Z,-7.609444,112.595556,0.0012093589175492,-0.0024260804057121,-0.0004893686273135245
2025-10-22T09:00:00Z,-7.609444,112.595556,0.0012246737023815,-0.0023528214078396,-0.0006428828928619623
2025-10-22T12:00:00Z,-7.609444,112.595556,0.0012960949679836,-0.0022566670086234,-0.0006199504132382572
2025-10-22T15:00:00Z,-7.609444,112.595556,0.0013924946542829,-0.0021489048376679,-0.0003821066347882152
2025-10-22T18:00:00Z,-7.609444,112.595556,0.0013834462733939,-0.0020128437317907,-0.00032119653769768775
2025-10-22T21:00:00Z,-7.609444,112.595556,0.0013861272018402,-0.0018635066226124,-0.00043707035365514457
2025-10-23T00:00:00Z,-7.609444,112.595556,0.0013742585433647,-0.0017684686463326,-0.00043671339517459273
2025-10-23T03:00:00Z,-7.609444,112.595556,0.0013508981792256,-0.0016088488046079,-0.0005454954225569963
2025-10-23T06:00:00Z,-7.609444,112.595556,0.0012265359982848,-0.0014243451878428,-0.0005837743519805372
2025-10-23T09:00:00Z,-7.609444,112.595556,0.0010575595078989,-0.0012239573989063,-0.0007880672346800566
2025-10-23T12:00:00Z,-7.609444,112.595556,0.0009683443349786104,-0.0011141585418954,-0.0007680096896365285
2025-10-23T15:00:00Z,-7.609444,112.595556,0.0009558895835652949,-0.0010409858077764,-0.000662809528876096
2025-10-23T18:00:00Z,-7.609444,112.595556,0.0009609871194697917,-0.0009167093085125088,-0.0005718174506910145
2025-10-23T21:00:00Z,-7.609444,112.595556,0.000952643691562116,-0.0007888652035035193,-0.00047720930888317525
2025-10-24T00:00:00Z,-7.609444,112.595556,0.0008984747692011297,-0.0007097932975739241,-0.0005395745974965394
2025-10-24T03:00:00Z,-7.609444,112.595556,0.000968334381468594,-0.0006136550800874829,-0.0005542215658351779
2025-10-24T06:00:00Z,-7.609444,112.595556,0.000944725121371448,-0.0005474908393807709,-0.0005959036643616855
2025-10-24T09:00:00Z,-7.609444,112.595556,0.0009417125256732106,-0.0004937557387165725,-0.0006742645637132227
2025-10-24T12:00:00Z,-7.609444,112.595556,0.0009123137569986284,-0.0004879228363279253,-0.0006041317246854305
2025-10-24T15:00:00Z,-7.609444,112.595556,0.0009088965016417204,-0.0004557301581371576,-0.0006079021841287613
2025-10-24T18:00:00Z,-7.609444,112.595556,0.0008897327934391797,-0.0003426143957767636,-0.0005656894645653665
2025-10-24T21:00:00Z,-7.609444,112.595556,0.0008398018544539809,-0.00019815715495496988,-0.0005271172267384827
2025-10-25T00:00:00Z,-7.609444,112.595556,0.000682355894241482,-0.00010408124217065053,-0.0006254556938074529
2025-10-25T03:00:00Z,-7.609444,112.595556,0.0005947519093751907,-1.577273360453546e-05,-0.0007756456616334617
2025-10-25T06:00:00Z,-7.609444,112.595556,0.00047764391638338566,4.9311980546917766e-05,-0.0008069333853200078
2025-10-25T09:00:00Z,-7.609444,112.595556,0.0004372730909381062,6.0476308135548607e-05,-0.0006559722241945565
2025-10-25T12:00:00Z,-7.609444,112.595556,0.0003865415637847036,3.053962063859217e-05,-0.0006091799587011337
2025-10-25T15:00:00Z,-7.609444,112.595556,0.0003280646342318505,3.266384737798944e-05,-0.0005188892828300595
2025-10-25T18:00:00Z,-7.609444,112.595556,0.0003057880676351488,0.00011741179332602768,-0.0004237466491758824
2025-10-25T21:00:00Z,-7.609444,112.595556,0.00037178987986408174,0.00015295736375264823,-0.0003884145698975772
2025-10-26T00:00:00Z,-7.609444,112.595556,0.0003139461623504758,0.00013466177915688604,-0.00039149625808931887
2025-10-26T03:00:00Z,-7.609444,112.595556,0.000256492494372651,0.00014296626613941044,-0.0005268381792120636
2025-10-26T06:00:00Z,-7.609444,112.595556,0.00014619385183323175,0.00013718432455789298,-0.0006612933939322829
2025-10-26T09:00:00Z,-7.609444,112.595556,8.726320811547339e-05,9.096552821574733e-05,-0.000837011553812772
2025-10-26T12:00:00Z,-7.609444,112.595556,3.588824984035455e-05,1.724712819850538e-05,-0.0008179432479664683
2025-10-26T15:00:00Z,-7.609444,112.595556,-1.5775689462316222e-05,1.4020845810591707e-05,-0.0007253479561768472
2025-10-26T18:00:00Z,-7.609444,112.595556,-0.00013211985060479492,4.660096237785183e-05,-0.0006975206779316068
2025-10-26T21:00:00Z,-7.609444,112.595556,-0.00016041849448811263,7.613880006829277e-05,-0.0007795687415637076
2025-10-27T00:00:00Z,-7.609444,112.595556,-0.0001600106479600072,6.89188891556114e-05,-0.0007127487333491445
2025-10-27T03:00:00Z,-7.609444,112.595556,-0.0001178569145849906,-1.3306236724019982e-05,-0.0006287888390943408
2025-10-27T06:00:00Z,-7.609444,112.595556,-0.00012687055277638137,-7.54480279283598e-05,-0.000630935828667134
2025-10-27T09:00:00Z,-7.609444,112.595556,-6.321781984297559e-05,-9.998150926548988e-05,-0.0005984572926536202
2025-10-27T12:00:00Z,-7.609444,112.595556,-8.347592483914923e-06,-0.000164909812156111,-0.0004742217715829611
2025-10-27T15:00:00Z,-7.609444,112.595556,3.08442504319828e-05,-0.00022541583166457715,-0.0004359384765848517
2025-10-27T18:00:00Z,-7.609444,112.595556,2.4992539692902938e-05,-0.0002476348599884659,-0.0003088642260991037
2025-10-27T21:00:00Z,-7.609444,112.595556,3.732934783329256e-05,-0.0002692931448109448,-0.0003258773067500442
2025-10-28T00:00:00Z,-7.609444,112.595556,1.2075068298145196e-05,-0.0004061301297042519,-0.0002470240870025009
2025-10-28T03:00:00Z,-7.609444,112.595556,4.268643533578143e-05,-0.0005301724886521697,-4.312917735660449e-05
2025-10-28T06:00:00Z,-7.609444,112.595556,8.806084224488586e-06,-0.0006222699885256588,1.141075586019724e-06
2025-10-28T09:00:00Z,-7.609444,112.595556,6.71076259095571e-06,-0.0006846439209766686,7.597154035465792e-05
2025-10-28T12:00:00Z,-7.609444,112.595556,1.9559838619898077e-05,-0.00078605703311041,0.00024229173141065985
2025-10-28T15:00:00Z,-7.609444,112.595556,4.662993887905032e-05,-0.0008523958385922015,0.0003286764258518815
2025-10-28T18:00:00Z,-7.609444,112.595556,0.00010633602505549788,-0.0008607266354374588,0.0005394145846366882
2025-10-28T21:00:00Z,-7.609444,112.595556,0.000188345045899041,-0.0008462389814667404,0.0006944645429030061
2025-10-29T00:00:00Z,-7.609444,112.595556,0.00016526482068002224,-0.0008356770849786699,0.0007455032900907099
2025-10-29T03:00:00Z,-7.609444,112.595556,0.00023512468033004552,-0.000763560354243964,0.0006272798636928201
2025-10-29T06:00:00Z,-7.609444,112.595556,0.00028345052851364017,-0.0007147920550778508,0.0005601787124760449
2025-10-29T09:00:00Z,-7.609444,112.595556,0.00030075383256189525,-0.0006532339029945433,0.000488601450342685
2025-10-29T12:00:00Z,-7.609444,112.595556,0.00032282338361255825,-0.0006212873850017786,0.0005239559104666114
2025-10-29T15:00:00Z,-7.609444,112.595556,0.00033658798201940954,-0.0005763384397141635,0.0004933282034471631
2025-10-29T18:00:00Z,-7.609444,112.595556,0.0003376637469045818,-0.000527481606695801,0.0004453748115338385
2025-10-29T21:00:00Z,-7.609444,112.595556,0.00040421480662189424,-0.0005374462925828993,0.00028121532523073256
2025-10-30T00:00:00Z,-7.609444,112.595556,0.0004447026003617793,-0.0005749455885961652,0.00035519315861165524
2025-10-30T03:00:00Z,-7.609444,112.595556,0.0005008784937672317,-0.0006133965216577053,0.00018618704052641988
2025-10-30T06:00:00Z,-7.609444,112.595556,0.0005212363903410733,-0.0006457470590248704,-2.0980807676096447e-05
2025-10-30T09:00:00Z,-7.609444,112.595556,0.0005964570445939898,-0.000645300664473325,-0.00024301852681674063
2025-10-30T12:00:00Z,-7.609444,112.595556,0.0007161491084843874,-0.0006654945900663733,-0.00023642076121177524
2025-10-30T15:00:00Z,-7.609444,112.595556,0.0008282939088530838,-0.0006599469343200326,-0.00030964697361923754
2025-10-30T18:00:00Z,-7.609444,112.595556,0.0008809205610305071,-0.0006635817117057741,-0.000308073969790712
2025-10-30T21:00:00Z,-7.609444,112.595556,0.0009855905082076788,-0.0006833452498540282,-0.0004982564714737236
2025-10-31T00:00:00Z,-7.609444,112.595556,0.0010659673716872,-0.0006997810560278594,-0.0005153017118573189
2025-10-31T03:00:00Z,-7.609444,112.595556,0.0010976148769259,-0.0006532611441798508,-0.0006448771455325186
2025-10-31T06:00:00Z,-7.609444,112.595556,0.0010782004101201,-0.0005257130251266062,-0.0008288896060548723
2025-10-31T09:00:00Z,-7.609444,112.595556,0.0010764597682282,-0.0003777528181672096,-0.0010724081657826
2025-10-31T12:00:00Z,-7.609444,112.595556,0.0011407841229811,-0.00024955786648206413,-0.001098069595173
2025-10-31T15:00:00Z,-7.609444,112.595556,0.0011989517370238,-0.0001022111318889074,-0.0010419770842418
2025-10-31T18:00:00Z,-7.609444,112.595556,0.0011874991469085,-1.8704935428104363e-05,-0.0010183585109189
2025-10-31T21:00:00Z,-7.609444,112.595556,0.0012142856139689,3.4345779567956924e-05,-0.0011644503101706
2025-11-01T00:00:00Z,-7.609444,112.595556,0.0012717592762783,3.590198321035132e-05,-0.0011296113952994
2025-11-01T03:00:00Z,-7.609444,112.595556,0.0013383764307945,6.154656875878572e-05,-0.0010306910844519
2025-11-01T06:00:00Z,-7.609444,112.595556,0.0013431367697194,6.2910134147387e-05,-0.0010286486940458
2025-11-01T09:00:00Z,-7.609444,112.595556,0.0013184816343709,0.0001029199265758507,-0.001170432078652
2025-11-01T12:00:00Z,-7.609444,112.595556,0.0013847291702404,4.704174352809787e-05,-0.0011145863682031
2025-11-01T15:00:00Z,-7.609444,112.595556,0.0014772457070648,7.248279871419072e-05,-0.0010417075827717
2025-11-01T18:00:00Z,-7.609444,112.595556,0.0014557640533894,0.0001344241463812068,-0.000994725152850151
2025-11-01T21:00:00Z,-7.609444,112.595556,0.0014643643517047,0.0001989532174775377,-0.001058031222783
2025-11-02T00:00:00Z,-7.609444,112.595556,0.0014733941061422,0.00027251889696344733,-0.0009791747434064746
2025-11-02T03:00:00Z,-7.609444,112.595556,0.0015207013348117,0.0003672480524983257,-0.000995937269181013
2025-11-02T06:00:00Z,-7.609444,112.595556,0.0014703174820169,0.0004277863772585988,-0.0009285708656534551
2025-11-02T09:00:00Z,-7.609444,112.595556,0.0014401995576918,0.0004760297597385943,-0.00097820651717484
2025-11-02T12:00:00Z,-7.609444,112.595556,0.0014706143410876,0.0004058794293086976,-0.0009158679167740048
2025-11-02T15:00:00Z,-7.609444,112.595556,0.0015194698935374,0.0003546732186805457,-0.0008734490838833153
2025-11-02T18:00:00Z,-7.609444,112.595556,0.0015215169405564,0.00029860736685805023,-0.0008202990284189582
2025-11-02T21:00:00Z,-7.609444,112.595556,0.0014888338046148,0.0002634999400470406,-0.0008141502039507031
2025-11-03T00:00:00Z,-7.609444,112.595556,0.0014494481729343,0.00020311158732511103,-0.0007779938168823719
2025-11-03T03:00:00Z,-7.609444,112.595556,0.0015001689316704,0.00016069752746261656,-0.000788501522038132
2025-11-03T06:00:00Z,-7.609444,112.595556,0.0014879554510116,0.00012307381257414818,-0.00074087391840294
2025-11-03T09:00:00Z,-7.609444,112.595556,0.0014879325171932,0.000168656071764417,-0.0006080602179281414
2025-11-03T12:00:00Z,-7.609444,112.595556,0.0015626091044396,9.89309191936627e-05,-0.0004682632570620626
2025-11-03T15:00:00Z,-7.609444,112.595556,0.0016846953658387,6.187114195199683e-06,-0.0004245288437232375
2025-11-03T18:00:00Z,-7.609444,112.595556,0.0017298888415098,-2.7382497137296014e-05,-0.0003793523355852813
2025-11-03T21:00:00Z,-7.609444,112.595556,0.0017235302366316,-7.734513201285154e-05,-0.0004151637549512088
2025-11-04T00:00:00Z,-7.609444,112.595556,0.0017447500722482,-0.0001839112810557708,-0.0003350221086293459
2025-11-04T03:00:00Z,-7.609444,112.595556,0.0017423096578568,-0.0002813781320583076,-0.0004033742006868124
2025-11-04T06:00:00Z,-7.609444,112.595556,0.001686209696345,-0.0003900508454535157,-0.0004100892110727728
2025-11-04T09:00:00Z,-7.609444,112.595556,0.0017099383985623,-0.0005074631772004068,-0.0003107429656665772
2025-11-04T12:00:00Z,-7.609444,112.595556,0.0017631144728511,-0.0007003204082138836,3.583359330150415e-06
2025-11-04T15:00:00Z,-7.609444,112.595556,0.0018098468426615,-0.0008771780994720757,0.0002024822315433994
2025-11-04T18:00:00Z,-7.609444,112.595556,0.0017823032103478,-0.0009649646817706524,0.0004127059655729681
2025-11-04T21:00:00Z,-7.609444,112.595556,0.0018020693678408,-0.0010970621369779,0.0004495762404985726
2025-11-05T00:00:00Z,-7.609444,112.595556,0.0018025579629465,-0.0012190378038212,0.0006125212530605495
2025-11-05T03:00:00Z,-7.609444,112.595556,0.0018279723590239,-0.0012944706249982,0.0007137288921512663
2025-11-05T06:00:00Z,-7.609444,112.595556,0.0017435308545827,-0.0013250923948362,0.0007856762385927141
2025-11-05T09:00:00Z,-7.609444,112.595556,0.0017349664121866,-0.0013016400625929,0.0007356857531704009
2025-11-05T12:00:00Z,-7.609444,112.595556,0.0016926329117268,-0.0013158580986782,0.0007951384759508073
2025-11-05T15:00:00Z,-7.609444,112.595556,0.001622253563255,-0.0012470436049625,0.0007556690834462643
2025-11-05T18:00:00Z,-7.609444,112.595556,0.0015083949547261,-0.0011760230408981,0.0008052311022765934
2025-11-05T21:00:00Z,-7.609444,112.595556,0.0014076546067371,-0.0011310022091493,0.0006316928192973137
2025-11-06T00:00:00Z,-7.609444,112.595556,0.0012937703868374,-0.0010903006186708,0.0005930879269726574
2025-11-06T03:00:00Z,-7.609444,112.595556,0.0012236073380336,-0.0010668809991329,0.0004016447928734124
2025-11-06T06:00:00Z,-7.609444,112.595556,0.0010809242958202,-0.001083095674403,0.0002572996017988771
2025-11-06T09:00:00Z,-7.609444,112.595556,0.0009878285927698016,-0.0010766386985778,0.0001393395068589598
2025-11-06T12:00:00Z,-7.609444,112.595556,0.0008897052612155676,-0.0011588206980377,1.3646525076183025e-05
2025-11-06T15:00:00Z,-7.609444,112.595556,0.0008349714335054159,-0.0012404553126543,-5.9677484387066215e-05
2025-11-06T18:00:00Z,-7.609444,112.595556,0.0007912509026937187,-0.0012617873726412,-4.121483652852476e-05
2025-11-06T21:00:00Z,-7.609444,112.595556,0.0007651682826690376,-0.0012619100743904,-0.00013996585039421916
2025-11-07T00:00:00Z,-7.609444,112.595556,0.0006832392537035048,-0.0012813216308131,-0.0003397903928998858
2025-11-07T03:00:00Z,-7.609444,112.595556,0.0006833768566139042,-0.0011980799026787,-0.0005792853189632297
2025-11-07T06:00:00Z,-7.609444,112.595556,0.0006671493174508214,-0.0011081314878538,-0.0007467399700544775
2025-11-07T09:00:00Z,-7.609444,112.595556,0.0007468005642294884,-0.0010713584488257,-0.0008563518058508635
2025-11-07T12:00:00Z,-7.609444,112.595556,0.0007899139309301972,-0.0010625286959111,-0.0009959012968465686
2025-11-07T15:00:00Z,-7.609444,112.595556,0.0008708657114766538,-0.0010417379671707,-0.0010626596631482
2025-11-07T18:00:00Z,-7.609444,112.595556,0.0009282500250265002,-0.0010389504022896,-0.001092791208066
2025-11-07T21:00:00Z,-7.609444,112.595556,0.0010321186855435,-0.0010714803356677,-0.0009951117681339383
2025-11-08T00:00:00Z,-7.609444,112.595556,0.001063994015567,-0.001069545163773,-0.001025500241667
2025-11-08T03:00:00Z,-7.609444,112.595556,0.001074434374459,-0.0010527617996558,-0.0010273586958646
2025-11-08T06:00:00Z,-7.609444,112.595556,0.0010814247652888,-0.0010759860742837,-0.0009988199453800917
2025-11-08T09:00:00Z,-7.609444,112.595556,0.001150244497694,-0.0011007064022123,-0.0008128531044349074
2025-11-08T12:00:00Z,-7.609444,112.595556,0.0011632774258032,-0.0011127806501463,-0.0006362735293805599
2025-11-08T15:00:00Z,-7.609444,112.595556,0.0012172296410426,-0.0011080219410359,-0.0004408078384585679
2025-11-08T18:00:00Z,-7.609444,112.595556,0.001209771959111,-0.0010751717491075,-8.688784146215767e-05
2025-11-08T21:00:00Z,-7.609444,112.595556,0.0012420595157891,-0.0010723894229158,0.0001541719539090991
2025-11-09T00:00:00Z,-7.609444,112.595556,0.0012213486479595,-0.0010330178774893,0.00032036888296715915
2025-11-09T03:00:00Z,-7.609444,112.595556,0.0012173760915175,-0.000995327136479318,0.0003941216273233295
2025-11-09T06:00:00Z,-7.609444,112.595556,0.0011077373055741,-0.0009542819461785256,0.0004536277265287936
2025-11-09T09:00:00Z,-7.609444,112.595556,0.0011108540929853,-0.000854641490150243,0.0006037959246896207
2025-11-09T12:00:00Z,-7.609444,112.595556,0.0011500307591632,-0.0007538954960182309,0.0008361886139027774
2025-11-09T15:00:00Z,-7.609444,112.595556,0.0011662144679576,-0.0006406810134649277,0.0009541869512759148
2025-11-09T18:00:00Z,-7.609444,112.595556,0.0011087032034993,-0.00045492331264540553,0.0010692127980291
2025-11-09T21:00:00Z,-7.609444,112.595556,0.0011115287197753,-0.00032193431979976594,0.0011391051812097
2025-11-10T00:00:00Z,-7.609444,112.595556,0.001101603731513,-0.00015939520380925387,0.0010873584542423
2025-11-10T03:00:00Z,-7.609444,112.595556,0.0011376343900337,-6.26423025096301e-06,0.00096812384435907
2025-11-10T06:00:00Z,-7.609444,112.595556,0.0010550314327701,0.00013434443098958582,0.0009456563857384026
2025-11-10T09:00:00Z,-7.609444,112.595556,0.0010249149054288,0.0002894143108278513,0.0007090478902682662
2025-11-10T12:00:00Z,-7.609444,112.595556,0.0010020050685852,0.00032059659133665264,0.0006317500956356525
2025-11-10T15:00:00Z,-7.609444,112.595556,0.0010345107875764,0.000331217423081398,0.000526002433616668
2025-11-10T18:00:00Z,-7.609444,112.595556,0.0010128454305231,0.0003231134032830596,0.00046534210559912026
2025-11-10T21:00:00Z,-7.609444,112.595556,0.0010080391075462,0.00033259132760576904,0.0003107598458882421
2025-11-11T00:00:00Z,-7.609444,112.595556,0.000974677095655352,0.0003686083946377039,4.444368460099213e-05
2025-11-11T03:00:00Z,-7.609444,112.595556,0.0009326439467258752,0.0004583700501825661,-0.00017234953702427447
2025-11-11T06:00:00Z,-7.609444,112.595556,0.0008505632285960019,0.000517506618052721,-0.00031852134270593524
2025-11-11T09:00:00Z,-7.609444,112.595556,0.0008145513129420578,0.0005773665616288781,-0.0006255593616515398
2025-11-11T12:00:00Z,-7.609444,112.595556,0.0008441903628408909,0.0004953714669682086,-0.000632443290669471
2025-11-11T15:00:00Z,-7.609444,112.595556,0.0008967213216237724,0.00043199333595111966,-0.000718549417797476
2025-11-11T18:00:00Z,-7.609444,112.595556,0.0008983939187601209,0.00037118513137102127,-0.0006850350764580071
2025-11-11T21:00:00Z,-7.609444,112.595556,0.0008740897756069899,0.00033945220638997853,-0.000827646057587117
2025-11-12T00:00:00Z,-7.609444,112.595556,0.0008551891078241169,0.00031092899735085666,-0.000825513678137213
2025-11-12T03:00:00Z,-7.609444,112.595556,0.0009393006912432612,0.0002670994726940989,-0.000795501284301281
2025-11-12T06:00:00Z,-7.609444,112.595556,0.0010147277498617,0.00015072524547576904,-0.0006743080448359251
2025-11-12T09:00:00Z,-7.609444,112.595556,0.0011057645315304,1.116588191507617e-05,-0.0007780732121318579
2025-11-12T12:00:00Z,-7.609444,112.595556,0.0012072119861841,-0.00013152594328857958,-0.0006655858596786857
2025-11-12T15:00:00Z,-7.609444,112.595556,0.0013660514960065,-0.00016001561016310006,-0.000584278313908726
2025-11-12T18:00:00Z,-7.609444,112.595556,0.0014613314997404,-0.00022366690973285583,-0.0004923844244331121
2025-11-12T21:00:00Z,-7.609444,112.595556,0.0015810523182153,-0.0003178691549692303,-0.0003737771767191589
2025-11-13T00:00:00Z,-7.609444,112.595556,0.0016477657482028,-0.00041111448081210256,-0.00034316006349399686
2025-11-13T03:00:00Z,-7.609444,112.595556,0.001739399973303,-0.00044118461664766073,-0.0003770224575418979
2025-11-13T06:00:00Z,-7.609444,112.595556,0.0017936681397259,-0.0005209118244238198,-0.00031223343103192747
2025-11-13T09:00:00Z,-7.609444,112.595556,0.001900287810713,-0.0005321757635101676,-0.0002431636385153979
2025-11-13T12:00:00Z,-7.609444,112.595556,0.0019747528713196,-0.0005276950541883707,-1.727021844999399e-05
2025-11-13T15:00:00Z,-7.609444,112.595556,0.0020145799499005,-0.0004150679160375148,2.663145824044477e-05
2025-11-13T18:00:00Z,-7.609444,112.595556,0.0020312836859375,-0.00035599785041995347,0.00013204338029026985
2025-11-13T21:00:00Z,-7.609444,112.595556,0.002044562716037,-0.00036250404082238674,0.00023220261209644377
2025-11-14T00:00:00Z,-7.609444,112.595556,0.0020420057699084,-0.00037482823245227337,0.0002573197416495532
2025-11-14T03:00:00Z,-7.609444,112.595556,0.0020354692824184,-0.0003168397524859756,0.00013284175656735897
2025-11-14T06:00:00Z,-7.609444,112.595556,0.0019702448043972,-0.00031647144351154566,0.00010440184996696188
2025-11-14T09:00:00Z,-7.609444,112.595556,0.0020114157814532,-0.00032120285322889686,-9.08397305465769e-06
2025-11-14T12:00:00Z,-7.609444,112.595556,0.0019765405450016,-0.0003475198755040765,4.285757677280344e-05
2025-11-14T15:00:00Z,-7.609444,112.595556,0.0019233322236686,-0.00030667163082398474,-3.338833630550653e-05
2025-11-14T18:00:00Z,-7.609444,112.595556,0.0018434422090649,-0.0002886942820623517,-0.00012777294614352286
2025-11-14T21:00:00Z,-7.609444,112.595556,0.0017938716337084,-0.0002903768327087164,-0.00015555995923932642
2025-11-15T00:00:00Z,-7.609444,112.595556,0.0017327289097011,-0.0003444766625761986,-0.0002939957194030285
2025-11-15T03:00:00Z,-7.609444,112.595556,0.0016436582664027,-0.0003760814724955708,-0.0005996847175993025
2025-11-15T06:00:00Z,-7.609444,112.595556,0.001474912976846,-0.0004458676849026233,-0.0008041803957894444
2025-11-15T09:00:00Z,-7.609444,112.595556,0.0014146133325994,-0.0005090265767648816,-0.0010494017042219
2025-11-15T12:00:00Z,-7.609444,112.595556,0.0014205749612301,-0.0005732250865548849,-0.0010790125234052
2025-11-15T15:00:00Z,-7.609444,112.595556,0.0013528576819226,-0.0005787301925010979,-0.0013426801888272
2025-11-15T18:00:00Z,-7.609444,112.595556,0.001305436133407,-0.0006144997314549983,-0.0014007220743224
2025-11-15T21:00:00Z,-7.609444,112.595556,0.0013030874542891,-0.0007082957308739424,-0.0014973458601161
2025-11-16T00:00:00Z,-7.609444,112.595556,0.001344446092844,-0.00082588498480618,-0.0016300068236887
2025-11-16T03:00:00Z,-7.609444,112.595556,0.0014341002097353,-0.000936563708819449,-0.0018057663692161
2025-11-16T06:00:00Z,-7.609444,112.595556,0.0015073396498337,-0.0010073144221678,-0.0019251748453825
2025-11-16T09:00:00Z,-7.609444,112.595556,0.0016396765131503,-0.001047019730322,-0.0019763226155191
2025-11-16T12:00:00Z,-7.609444,112.595556,0.001770345843397,-0.0010155668715015,-0.0018860294949263
2025-11-16T15:00:00Z,-7.609444,112.595556,0.0019042268395423,-0.0009631767752580344,-0.001823627622798
2025-11-16T18:00:00Z,-7.609444,112.595556,0.0019988191779702,-0.0008794161258265376,-0.00176359154284
2025-11-16T21:00:00Z,-7.609444,112.595556,0.0021415571682155,-0.0008274665451608598,-0.001641473849304
2025-11-17T00:00:00Z,-7.609444,112.595556,0.00222083250992,-0.0007862722268328071,-0.0015771728940308
2025-11-17T03:00:00Z,-7.609444,112.595556,0.0023503128904849,-0.0006997028831392527,-0.0015722811222076
2025-11-17T06:00:00Z,-7.609444,112.595556,0.002388518769294,-0.0006865726318210363,-0.0014661760069429
2025-11-17T09:00:00Z,-7.609444,112.595556,0.00242765317671,-0.0006348727038130164,-0.0014407440321519
2025-11-17T12:00:00Z,-7.609444,112.595556,0.002512433566153,-0.0006181784556247294,-0.0013049800181761
2025-11-17T15:00:00Z,-7.609444,112.595556,0.0025023627094924,-0.0005259372992441058,-0.001243834500201
2025-11-17T18:00:00Z,-7.609444,112.595556,0.0024438248947262,-0.000419101765146479,-0.0010741915320977
2025-11-17T21:00:00Z,-7.609444,112.595556,0.0023753789719194,-0.0003055175475310534,-0.0009632949368096888
2025-11-18T00:00:00Z,-7.609444,112.595556,0.0022502425126731,-0.00021382488193921745,-0.0007936933543533087
2025-11-18T03:00:00Z,-7.609444,112.595556,0.0021665096282958,-0.00015581701882183552,-0.0006044512847438455
2025-11-18T06:00:00Z,-7.609444,112.595556,0.002021259162575,-0.0001439533371012658,-0.0004998737131245434
2025-11-18T09:00:00Z,-7.609444,112.595556,0.0018878375412896,-3.2720534363761544e-05,-0.000540137873031199
2025-11-18T12:00:00Z,-7.609444,112.595556,0.0017778683686628,4.295410690247081e-05,-0.0005027604638598859
2025-11-18T15:00:00Z,-7.609444,112.595556,0.0016112648881971,0.00017777658649720252,-0.0005673081032000482
2025-11-18T18:00:00Z,-7.609444,112.595556,0.0014566964237019,0.0002886584843508899,-0.0005125231691636145
2025-11-18T21:00:00Z,-7.609444,112.595556,0.0013226845767349,0.0003170290729030967,-0.00046833997475914657
2025-11-19T00:00:00Z,-7.609444,112.595556,0.0012281914241611,0.00027098460122942924,-0.000329389120452106
2025-11-19T03:00:00Z,-7.609444,112.595556,0.0011223149485886,0.00023646476620342585,-0.00026623072335496545
2025-11-19T06:00:00Z,-7.609444,112.595556,0.0010213294299319,0.00021317157370503992,-0.0002841234672814608
2025-11-19T09:00:00Z,-7.609444,112.595556,0.0009958960581570864,0.00027438736287876964,-0.0004027884569950402
2025-11-19T12:00:00Z,-7.609444,112.595556,0.0010168665321543,0.0003010283980984241,-0.00035662707523442805
2025-11-19T15:00:00Z,-7.609444,112.595556,0.0010856968583539,0.00032849874696694314,-0.0003468487411737442
2025-11-19T18:00:00Z,-7.609444,112.595556,0.0011254826094955,0.0003156824386678636,-0.0003366633609402925
2025-11-19T21:00:00Z,-7.609444,112.595556,0.0012261802330613,0.00028337069670669734,-0.0003755653160624206
2025-11-20T00:00:00Z,-7.609444,112.595556,0.0013273305958136,0.0002820909139700234,-0.0004946368862874806
2025-11-20T03:00:00Z,-7.609444,112.595556,0.0014290009858086,0.0003249682777095586,-0.0005893819034099579
2025-11-20T06:00:00Z,-7.609444,112.595556,0.0014680158346891,0.0004105991974938661,-0.0007017693133093417
2025-11-20T09:00:00Z,-7.609444,112.595556,0.0015550410607829,0.0005505178705789149,-0.0008841723320074379
2025-11-20T12:00:00Z,-7.609444,112.595556,0.0016601107781752,0.0006171105778776109,-0.0009963813936337829
2025-11-20T15:00:00Z,-7.609444,112.595556,0.0018033105880022,0.0006733841728419065,-0.001049219048582
2025-11-20T18:00:00Z,-7.609444,112.595556,0.0018706812988966,0.0007580635137856007,-0.0010160999372601
2025-11-20T21:00:00Z,-7.609444,112.595556,0.0019424266647547,0.0008039074600674212,-0.0010376973077654
2025-11-21T00:00:00Z,-7.609444,112.595556,0.0020122483838349,0.0008411991293542087,-0.0010354572441428
2025-11-21T03:00:00Z,-7.609444,112.595556,0.0021045980975031,0.000861566630192101,-0.0010016758460551
2025-11-21T06:00:00Z,-7.609444,112.595556,0.0021367121953517,0.000921601545996964,-0.0009996653534471989
2025-11-21T09:00:00Z,-7.609444,112.595556,0.0022520781494677,0.0009644879610277712,-0.0008786642574705184
2025-11-21T12:00:00Z,-7.609444,112.595556,0.0023580975830554,0.0009566789376549424,-0.0007009911932982504
2025-11-21T15:00:00Z,-7.609444,112.595556,0.0024893791414797,0.0009884113678708673,-0.0004788734368048608
2025-11-21T18:00:00Z,-7.609444,112.595556,0.0025518285110592,0.0010097892954945,-0.0003366203745827079
2025-11-21T21:00:00Z,-7.609444,112.595556,0.002529599238187,0.0009987023659050465,-0.00027132872492074966
2025-11-22T00:00:00Z,-7.609444,112.595556,0.0025098335463553,0.0009333890629932284,-0.00015886731853242964
2025-11-22T03:00:00Z,-7.609444,112.595556,0.0025290839839726,0.0008279827306978405,-7.641380216227844e-05
2025-11-22T06:00:00Z,-7.609444,112.595556,0.0024762456305325,0.0007302687736228108,4.041748979943805e-05
2025-11-22T09:00:00Z,-7.609444,112.595556,0.0024366900324821,0.0006354928482323885,0.0001649190380703658
2025-11-22T12:00:00Z,-7.609444,112.595556,0.0023760441690683,0.0005350709543563426,0.0002242912887595594
2025-11-22T15:00:00Z,-7.609444,112.595556,0.0023426504340022,0.0004825794021598995,0.0003145718947052956
2025-11-22T18:00:00Z,-7.609444,112.595556,0.0022418554872274,0.00043690772145055234,0.00030845197034068406
2025-11-22T21:00:00Z,-7.609444,112.595556,0.0021933310199528,0.0003355639928486198,0.0003261496312916279
2025-11-23T00:00:00Z,-7.609444,112.595556,0.0022032018750905,0.00015085452469065783,0.00041013810550794005
2025-11-23T03:00:00Z,-7.609444,112.595556,0.0021516710985451,-2.145904181816149e-05,0.0004969347501173615
2025-11-23T06:00:00Z,-7.609444,112.595556,0.0020247506909072,-8.142057049553841e-05,0.0004518086789175868
2025-11-23T09:00:00Z,-7.609444,112.595556,0.0019834090489894,-6.185745587572455e-05,0.00037482092739082873
2025-11-23T12:00:00Z,-7.609444,112.595556,0.0019460974726825,-4.8071662604343146e-05,0.00041833348223008215
2025-11-23T15:00:00Z,-7.609444,112.595556,0.0019184785196557,-4.854896542383358e-05,0.0005015142960473895
2025-11-23T18:00:00Z,-7.609444,112.595556,0.0018566758371889,-1.755763150868006e-06,0.0005398300127126276
2025-11-23T21:00:00Z,-7.609444,112.595556,0.0018091644160449,-1.1149898455187213e-05,0.0004900511121377349
2025-11-24T00:00:00Z,-7.609444,112.595556,0.0017485102871432,-4.058898048242554e-05,0.00048593906103633344
2025-11-24T03:00:00Z,-7.609444,112.595556,0.0016978677595034,3.910384839400649e-05,0.0005479753599502146
2025-11-24T06:00:00Z,-7.609444,112.595556,0.0015723899705335,0.00012980315659660846,0.0005126266623847187
2025-11-24T09:00:00Z,-7.609444,112.595556,0.0014949745964258,0.0002754521556198597,0.0004595615610014647
2025-11-24T12:00:00Z,-7.609444,112.595556,0.0014276249567046,0.000365565181709826,0.0004981902311556041
2025-11-24T15:00:00Z,-7.609444,112.595556,0.0013439066242426,0.000390512082958594,0.0005691791884601116
2025-11-24T18:00:00Z,-7.609444,112.595556,0.0012824740260839,0.0003527784720063209,0.0005497680394910276
2025-11-24T21:00:00Z,-7.609444,112.595556,0.0012263490352779,0.0003133788995910436,0.0006387000903487206
2025-11-25T00:00:00Z,-7.609444,112.595556,0.0011755897430703,0.00020420610962901264,0.0008075252408161759
2025-11-25T03:00:00Z,-7.609444,112.595556,0.0011850694427266,8.011180761968717e-05,0.0008013193728402257
2025-11-25T06:00:00Z,-7.609444,112.595556,0.0011212258832529,-5.151408186065965e-05,0.0008464312413707376
2025-11-25T09:00:00Z,-7.609444,112.595556,0.001104230294004,-0.00017420761287212372,0.0009425774915143847
2025-11-25T12:00:00Z,-7.609444,112.595556,0.0010206154547631,-0.0002975235693156719,0.0009274478652514516
2025-11-25T15:00:00Z,-7.609444,112.595556,0.0009703870746307076,-0.0004455435264389962,0.0009674431057646872
2025-11-25T18:00:00Z,-7.609444,112.595556,0.000893687189090997,-0.000542923400644213,0.0009147606324404478
2025-11-25T21:00:00Z,-7.609444,112.595556,0.0008380655781365931,-0.0006073446129448712,0.0009061124292202294
2025-11-26T00:00:00Z,-7.609444,112.595556,0.0007815636345185339,-0.0007030221167951822,0.0009082301403395832
2025-11-26T03:00:00Z,-7.609444,112.595556,0.0008067411836236715,-0.0007471080753020942,0.000814064173027873
2025-11-26T06:00:00Z,-7.609444,112.595556,0.000786124262958765,-0.0007514653843827546,0.0007128065917640924
2025-11-26T09:00:00Z,-7.609444,112.595556,0.000764492666348815,-0.0007417454617097974,0.0006006836192682385
2025-11-26T12:00:00Z,-7.609444,112.595556,0.0007938157650642097,-0.0007288415217772126,0.0005587516934610903
2025-11-26T15:00:00Z,-7.609444,112.595556,0.0008017204236239195,-0.0006885339971631765,0.0004799022863153368
2025-11-26T18:00:00Z,-7.609444,112.595556,0.0007837290759198368,-0.0006303417030721903,0.0004451868589967489
2025-11-26T21:00:00Z,-7.609444,112.595556,0.0007545463158749044,-0.0006158895557746291,0.00043031820678152144
2025-11-27T00:00:00Z,-7.609444,112.595556,0.0007257655961439013,-0.0005961862043477595,0.0005805286928080022
2025-11-27T03:00:00Z,-7.609444,112.595556,0.0007592748152092099,-0.0005368319107219577,0.0006918698782101274
2025-11-27T06:00:00Z,-7.609444,112.595556,0.0007598106167279184,-0.0004953534808009863,0.0008320838096551597
2025-11-27T09:00:00Z,-7.609444,112.595556,0.0007726015173830092,-0.0004130468878429383,0.0009272003080695868
2025-11-27T12:00:00Z,-7.609444,112.595556,0.0008441625977866352,-0.0003980269248131663,0.0010859369067475
2025-11-27T15:00:00Z,-7.609444,112.595556,0.0010114032775163,-0.0004051520663779229,0.0011508613824844
2025-11-27T18:00:00Z,-7.609444,112.595556,0.0010529374703764,-0.0004571159952320159,0.0012079695006832
2025-11-27T21:00:00Z,-7.609444,112.595556,0.0010798267321661,-0.0004856934829149395,0.0012652456061914
2025-11-28T00:00:00Z,-7.609444,112.595556,0.0011705642100423,-0.0005163339083082974,0.0013475546147674
2025-11-28T03:00:00Z,-7.609444,112.595556,0.0012191843707114,-0.0004566902352962643,0.0013586393324658
2025-11-28T06:00:00Z,-7.609444,112.595556,0.0011558141559362,-0.00044808871462009847,0.0013261671410873
2025-11-28T09:00:00Z,-7.609444,112.595556,0.0010870319092646,-0.0003874585963785648,0.0012532112887129
2025-11-28T12:00:00Z,-7.609444,112.595556,0.0010649454779922,-0.0004131861496716738,0.0012884145835414
2025-11-28T15:00:00Z,-7.609444,112.595556,0.001064353971742,-0.0004686101747211069,0.001232125563547
2025-11-28T18:00:00Z,-7.609444,112.595556,0.0009666220867075026,-0.0005209126393310726,0.0011374714085832
2025-11-28T21:00:00Z,-7.609444,112.595556,0.0008917661616578698,-0.0005952077335678041,0.0009537289733998476
2025-11-29T00:00:00Z,-7.609444,112.595556,0.0008666308131068945,-0.000696722709108144,0.0008754872251302004
2025-11-29T03:00:00Z,-7.609444,112.595556,0.000807685311883688,-0.0007693672087043524,0.0007386982324533165
2025-11-29T06:00:00Z,-7.609444,112.595556,0.0006345259607769549,-0.0008715984295122325,0.0005688347737304866
2025-11-29T09:00:00Z,-7.609444,112.595556,0.0004962778184562922,-0.0009411591454409064,0.00044023775262758136
2025-11-29T12:00:00Z,-7.609444,112.595556,0.00042645540088415146,-0.0010573412291705,0.0004705768951680511
2025-11-29T15:00:00Z,-7.609444,112.595556,0.0003896059351973236,-0.0011018494842574,0.0003786802990362048
2025-11-29T18:00:00Z,-7.609444,112.595556,0.00023916455393191427,-0.0011230403324589,0.00031318768742494285
2025-11-29T21:00:00Z,-7.609444,112.595556,0.0002388883294770494,-0.0011590914800763,0.000182992298505269
2025-11-30T00:00:00Z,-7.609444,112.595556,0.0003356061642989516,-0.001245433348231,0.00011399526556488128
2025-11-30T03:00:00Z,-7.609444,112.595556,0.0004249170888215304,-0.0012635258026421,-1.8654041923582557e-05
2025-11-30T06:00:00Z,-7.609444,112.595556,0.0004297825216781348,-0.0013177156215533,-5.740274718846194e-05
2025-11-30T09:00:00Z,-7.609444,112.595556,0.0004701506404671818,-0.0013077389448881,-0.0002819053770508617
2025-11-30T12:00:00Z,-7.609444,112.595556,0.0005686444346792996,-0.0013197738444432,-0.0003475691773928702
2025-11-30T15:00:00Z,-7.609444,112.595556,0.0006075742421671748,-0.0012652211589738,-0.00048696453450247645
2025-11-30T18:00:00Z,-7.609444,112.595556,0.00048767952830530703,-0.0011891475878655,-0.0006492912070825696
2025-11-30T21:00:00Z,-7.609444,112.595556,0.0004028839175589383,-0.001070519676432,-0.0008291406556963921
2025-12-01T00:00:00Z,-7.609444,112.595556,0.00044056159094907343,-0.0009822578867897391,-0.0007626470178365707
2025-12-01T03:00:00Z,-7.609444,112.595556,0.0005214179400354624,-0.0009285136475227772,-0.0006292880862019956
2025-12-01T06:00:00Z,-7.609444,112.595556,0.000528756296262145,-0.0008974664378911257,-0.0003953528357669711
2025-12-01T09:00:00Z,-7.609444,112.595556,0.0005855009658262134,-0.0007925071404315531,-0.00041475112084299326
2025-12-01T12:00:00Z,-7.609444,112.595556,0.0007247624453157187,-0.0007189370226114988,-0.0003317701630294323
2025-12-01T15:00:00Z,-7.609444,112.595556,0.0008421447710134089,-0.0006166050443425775,-0.00035866620601154864
2025-12-01T18:00:00Z,-7.609444,112.595556,0.0008526346064172685,-0.0005210590315982699,-0.0005579885910265148
2025-12-01T21:00:00Z,-7.609444,112.595556,0.0008027032017707825,-0.0004487050464376807,-0.0007704796735197306
2025-12-02T00:00:00Z,-7.609444,112.595556,0.000783285649958998,-0.0003704217378981412,-0.0009232566226273776
2025-12-02T03:00:00Z,-7.609444,112.595556,0.0007746046758256853,-0.0002969900961034,-0.0009752438054420054
2025-12-02T06:00:00Z,-7.609444,112.595556,0.0006373209180310369,-0.00022811225790064785,-0.0009284273255616426
2025-12-02T09:00:00Z,-7.609444,112.595556,0.0004978837678208947,-8.004084520507604e-05,-0.0011219695443287
2025-12-02T12:00:00Z,-7.609444,112.595556,0.0004937839112244546,-6.817747816967312e-06,-0.0009917139541357756
2025-12-02T15:00:00Z,-7.609444,112.595556,0.0005141373258084059,7.716989057371393e-05,-0.0009674234315752984
2025-12-02T18:00:00Z,-7.609444,112.595556,0.0005124971503391862,0.00018359243404120207,-0.000902996223885566
2025-12-02T21:00:00Z,-7.609444,112.595556,0.000532730424311012,0.00022897317830938849,-0.0008812204468995333
2025-12-03T00:00:00Z,-7.609444,112.595556,0.0006313099293038249,0.0002624891058076173,-0.0009181987261399628
2025-12-03T03:00:00Z,-7.609444,112.595556,0.0007095374166965485,0.00025224045384675264,-0.0009467549389228224
2025-12-03T06:00:00Z,-7.609444,112.595556,0.0007313975365832448,0.00024535891134291887,-0.000922601786442101
2025-12-03T09:00:00Z,-7.609444,112.595556,0.0008281928603537381,0.00028059034957550466,-0.0008027008734643459
2025-12-03T12:00:00Z,-7.609444,112.595556,0.0008696752483956516,0.00029313290724530816,-0.0007365808705799282
2025-12-03T15:00:00Z,-7.609444,112.595556,0.000850838259793818,0.0003448470961302519,-0.0008285450749099255
2025-12-03T18:00:00Z,-7.609444,112.595556,0.0008287203963845968,0.0003919130249414593,-0.0007104118703864515
2025-12-03T21:00:00Z,-7.609444,112.595556,0.0009092858526855708,0.0004339760052971542,-0.000598850951064378
2025-12-04T00:00:00Z,-7.609444,112.595556,0.0010114954784512,0.00044831627747043967,-0.0005027450970374048
2025-12-04T03:00:00Z,-7.609444,112.595556,0.0010767701314762,0.000467295409180224,-0.0005025528371334076
2025-12-04T06:00:00Z,-7.609444,112.595556,0.0011185749899595,0.0005324581288732588,-0.0005436242208816111
2025-12-04T09:00:00Z,-7.609444,112.595556,0.0011814561439678,0.0005789201823063195,-0.0006601399509236217
2025-12-04T12:00:00Z,-7.609444,112.595556,0.0012494466500356,0.0006725555867888033,-0.0006548211094923317
2025-12-04T15:00:00Z,-7.609444,112.595556,0.0012857826659455,0.0007275933166965842,-0.0006601602071896195
2025-12-04T18:00:00Z,-7.609444,112.595556,0.0012512460816651,0.0007865089573897421,-0.0006525376229546964
2025-12-04T21:00:00Z,-7.609444,112.595556,0.001285815378651,0.00087810616241768,-0.0007071059080772102
2025-12-05T00:00:00Z,-7.609444,112.595556,0.0013344699982553,0.00093765533529222,-0.0005887224106118083
2025-12-05T03:00:00Z,-7.609444,112.595556,0.0014087590388953,0.0010000608162954,-0.0004987522261217237
2025-12-05T06:00:00Z,-7.609444,112.595556,0.0014157467521727,0.0010189905297011,-0.00041025577229447663
2025-12-05T09:00:00Z,-7.609444,112.595556,0.0015270607545971,0.0010842328192666,-0.0003164092486258596
2025-12-05T12:00:00Z,-7.609444,112.595556,0.0016697769751772,0.0010604318231344,-0.00028442812617868185
2025-12-05T15:00:00Z,-7.609444,112.595556,0.001766079571098,0.0010079166386276,-0.000264238944509998
2025-12-05T18:00:00Z,-7.609444,112.595556,0.0017920145764946,0.000921134720556438,-0.00023603244335390627
2025-12-05T21:00:00Z,-7.609444,112.595556,0.0018935222178697,0.0008431168971583247,-0.0003672228485811502
2025-12-06T00:00:00Z,-7.609444,112.595556,0.0019623562693595,0.0006989209796302021,-0.000409404601668939
2025-12-06T03:00:00Z,-7.609444,112.595556,0.0019697933457791,0.0005602276069112122,-0.0004360406601335853
2025-12-06T06:00:00Z,-7.609444,112.595556,0.0019259398104622,0.00041670442442409694,-0.0003715886268764734
2025-12-06T09:00:00Z,-7.609444,112.595556,0.0019564928952604,0.000260553031694144,-0.00040416704723611474
2025-12-06T12:00:00Z,-7.609444,112.595556,0.0019828111398965,5.476837759488262e-05,-0.00032853742595762014
2025-12-06T15:00:00Z,-7.609444,112.595556,0.0019610924646258,-9.962354670278728e-05,-0.00023662036983296275
2025-12-06T18:00:00Z,-7.609444,112.595556,0.0019011086551472,-0.00028416578425094485,-0.00016800605226308107
2025-12-06T21:00:00Z,-7.609444,112.595556,0.0019698864780366,-0.0005029893363825977,-0.00013805515482090414
2025-12-07T00:00:00Z,-7.609444,112.595556,0.0020342736970633,-0.0007504618261009455,-4.373072806629352e-05
2025-12-07T03:00:00Z,-7.609444,112.595556,0.0020495902281254,-0.0009778272360563278,0.00013885973021388054
2025-12-07T06:00:00Z,-7.609444,112.595556,0.0019570856820791,-0.0011913058115169,0.0003479495644569397
2025-12-07T09:00:00Z,-7.609444,112.595556,0.0019416037248447,-0.001307372469455,0.00035633755032904446
2025-12-07T12:00:00Z,-7.609444,112.595556,0.0019032007548958,-0.0014260447351261,0.0004014708974864334
2025-12-07T15:00:00Z,-7.609444,112.595556,0.0019051828421652,-0.0015340780373662,0.0005568305496126413
2025-12-07T18:00:00Z,-7.609444,112.595556,0.0018990259850397,-0.0015716308262199,0.0006535932770930231
2025-12-07T21:00:00Z,-7.609444,112.595556,0.0019555713515728,-0.0015993452398106,0.0007778343860991299
2025-12-08T00:00:00Z,-7.609444,112.595556,0.0019789494108408,-0.0016614504856988,0.0008972023497335613
2025-12-08T03:00:00Z,-7.609444,112.595556,0.0019919751212,-0.0017102321144193,0.0008784159435890615
2025-12-08T06:00:00Z,-7.609444,112.595556,0.0019715670496225,-0.0017713260604068,0.0008892485057003796
2025-12-08T09:00:00Z,-7.609444,112.595556,0.0020471173338592,-0.0018013981170952,0.0008235184941440821
2025-12-08T12:00:00Z,-7.609444,112.595556,0.0020798679906874,-0.0018676456529647,0.0008684605127200484
2025-12-08T15:00:00Z,-7.609444,112.595556,0.0020528596360236,-0.001856283750385,0.0008472547051496804
2025-12-08T18:00:00Z,-7.609444,112.595556,0.0020166088361293,-0.001732750213705,0.0008570104837417603
2025-12-08T21:00:00Z,-7.609444,112.595556,0.002070999937132,-0.0015867413021624,0.0007679020636714995
2025-12-09T00:00:00Z,-7.609444,112.595556,0.0021032367367297,-0.0014638744760304,0.0007496185717172921
2025-12-09T03:00:00Z,-7.609444,112.595556,0.0021446242462843,-0.0013488573022186,0.0005411119200289249
2025-12-09T06:00:00Z,-7.609444,112.595556,0.002138351323083,-0.0012162601342424,0.0003211322764400393
2025-12-09T09:00:00Z,-7.609444,112.595556,0.0021140840835869,-0.0010794426780194,4.3630676373140886e-05
2025-12-09T12:00:00Z,-7.609444,112.595556,0.002039166400209,-0.0009709736914373934,-0.00020670292724389583
2025-12-09T15:00:00Z,-7.609444,112.595556,0.0020031915046274,-0.0008803702658042312,-0.00041983494884334505
2025-12-09T18:00:00Z,-7.609444,112.595556,0.0019328811904415,-0.0007889086846262217,-0.0005182638415135443
2025-12-09T21:00:00Z,-7.609444,112.595556,0.0018664828967303,-0.0006949894013814628,-0.0005114738596603274
2025-12-10T00:00:00Z,-7.609444,112.595556,0.0017305788351222,-0.0006601275526918471,-0.0005507986061275005
2025-12-10T03:00:00Z,-7.609444,112.595556,0.0017049452289938,-0.0006592630525119603,-0.0006861892761662602
2025-12-10T06:00:00Z,-7.609444,112.595556,0.0016877527814358,-0.0006391181377694011,-0.0006363716092891991
2025-12-10T09:00:00Z,-7.609444,112.595556,0.0016952481819316,-0.0005687547964043915,-0.0006659010541625321
2025-12-10T12:00:00Z,-7.609444,112.595556,0.0017035199562087,-0.0005362193332985044,-0.0006071351817809045
2025-12-10T15:00:00Z,-7.609444,112.595556,0.0017453932669013,-0.0005891819018870592,-0.000588565191719681
2025-12-10T18:00:00Z,-7.609444,112.595556,0.0017629096983,-0.0006371756899170578,-0.0005410336307249963
2025-12-10T21:00:00Z,-7.609444,112.595556,0.0017506612930446,-0.000680961471516639,-0.0006041352171450853
2025-12-11T00:00:00Z,-7.609444,112.595556,0.0016206426080316,-0.000725262681953609,-0.0005674177082255483
2025-12-11T03:00:00Z,-7.609444,112.595556,0.0015008893096819,-0.0007125347619876266,-0.0006261026719585061
2025-12-11T06:00:00Z,-7.609444,112.595556,0.0013186777941882,-0.0006729222368448973,-0.0005432479083538055
2025-12-11T09:00:00Z,-7.609444,112.595556,0.0011278225574642,-0.0006261891103349626,-0.0005203420878387988
2025-12-11T12:00:00Z,-7.609444,112.595556,0.0009508749353699386,-0.0006839149282313883,-0.0004460538912098855
2025-12-11T15:00:00Z,-7.609444,112.595556,0.0007863037171773612,-0.000745164230465889,-0.0003218288184143603
2025-12-11T18:00:00Z,-7.609444,112.595556,0.0006485689082182944,-0.0007863647188059986,-0.0002262108464492485
2025-12-11T21:00:00Z,-7.609444,112.595556,0.0005704109789803624,-0.0008526183664798737,-9.112127736443654e-05
2025-12-12T00:00:00Z,-7.609444,112.595556,0.0004468485130928457,-0.0008667965303175151,1.1110523701063356e-05
2025-12-12T03:00:00Z,-7.609444,112.595556,0.0003208601556252688,-0.0008458294905722141,7.136979093047557e-06
2025-12-12T06:00:00Z,-7.609444,112.595556,0.0002099277771776542,-0.000847066577989608,1.82742987817619e-05
2025-12-12T09:00:00Z,-7.609444,112.595556,0.00020155764650553465,-0.0008604316390119493,5.0066588300978765e-05
2025-12-12T12:00:00Z,-7.609444,112.595556,0.0001554466871311888,-0.0008705220534466207,3.8261598092503846e-05
2025-12-12T15:00:00Z,-7.609444,112.595556,9.271233284380288e-05,-0.0007672981591895223,-0.00023940128448884931
2025-12-12T18:00:00Z,-7.609444,112.595556,1.2776309631590266e-05,-0.0005947939353063703,-0.00028503939392976463
2025-12-12T21:00:00Z,-7.609444,112.595556,1.4814142559771426e-05,-0.0004116564814466983,-0.0003298783849459141
2025-12-13T00:00:00Z,-7.609444,112.595556,5.2363968279678375e-05,-0.00029253054526634514,-0.0002973527880385518
2025-12-13T03:00:00Z,-7.609444,112.595556,0.00012028375203954056,-0.00016846368089318275,-0.0002535705571062863
2025-12-13T06:00:00Z,-7.609444,112.595556,0.00013514695456251502,-5.99531049374491e-05,-9.524932102067396e-05
2025-12-13T09:00:00Z,-7.609444,112.595556,0.00020047498401254416,2.393664908595383e-05,3.9487855246989056e-05
2025-12-13T12:00:00Z,-7.609444,112.595556,0.0002551556972321123,0.0001232943031936884,1.8141994587494992e-05
2025-12-13T15:00:00Z,-7.609444,112.595556,0.00026002724189311266,0.0002895241195801645,-6.255503831198439e-05
2025-12-13T18:00:00Z,-7.609444,112.595556,0.000217440101550892,0.0005107889883220196,-3.5136134101776406e-05
2025-12-13T21:00:00Z,-7.609444,112.595556,0.00025028380332514644,0.0005845746491104364,4.839685425395146e-05
2025-12-14T00:00:00Z,-7.609444,112.595556,0.0002859221713151783,0.0006231163279153407,9.887993655866012e-05
2025-12-14T03:00:00Z,-7.609444,112.595556,0.00027979203150607646,0.0007062997319735587,0.00014223919424694031
2025-12-14T06:00:00Z,-7.609444,112.595556,0.00020875592599622905,0.0007787904469296336,0.0001870181586127728
2025-12-14T09:00:00Z,-7.609444,112.595556,0.00021716297487728295,0.0008226913632825017,0.00022398264263756573
2025-12-14T12:00:00Z,-7.609444,112.595556,0.00029776644078083336,0.0007598302909173071,0.000392939051380381
2025-12-14T15:00:00Z,-7.609444,112.595556,0.0003938836744055152,0.000674137903843075,0.0003820355632342398
2025-12-14T18:00:00Z,-7.609444,112.595556,0.0004025606904178858,0.0006147790118120611,0.0002642909821588546
2025-12-14T21:00:00Z,-7.609444,112.595556,0.00043109687976539135,0.0004344391345512122,0.0003016687405761332
2025-12-15T00:00:00Z,-7.609444,112.595556,0.0004962367820553482,0.00034983461955562234,0.0002992526860907674
2025-12-15T03:00:00Z,-7.609444,112.595556,0.0005485593574121594,0.0003415521059650928,5.4495852964464575e-05
2025-12-15T06:00:00Z,-7.609444,112.595556,0.0005251775146462023,0.0003350199549458921,1.21510429380578e-05
2025-12-15T09:00:00Z,-7.609444,112.595556,0.0005327034159563482,0.00030293199233710766,-6.619882333325222e-05
2025-12-15T12:00:00Z,-7.609444,112.595556,0.0005635925335809588,0.00024001285783015192,-4.963340688846074e-05
2025-12-15T15:00:00Z,-7.609444,112.595556,0.0006477519636973739,0.00022913758584763852,-0.00014974296209402382
2025-12-15T18:00:00Z,-7.609444,112.595556,0.0007285340689122677,0.00024124122865032405,-0.00020651744853239504
2025-12-15T21:00:00Z,-7.609444,112.595556,0.0008125752792693675,0.00028520103660412133,-0.0002809688448905945
2025-12-16T00:00:00Z,-7.609444,112.595556,0.0008416239288635552,0.00039384773117490113,-0.00027415939257480204
2025-12-16T03:00:00Z,-7.609444,112.595556,0.0008711249101907015,0.0004881493223365396,-0.0004775732231792063
2025-12-16T06:00:00Z,-7.609444,112.595556,0.0008964394801296294,0.0004766584606841207,-0.0006075059063732624
2025-12-16T09:00:00Z,-7.609444,112.595556,0.0009524478809908032,0.0004117849166505039,-0.000676165334880352
2025-12-16T12:00:00Z,-7.609444,112.595556,0.0010085792746394,0.0004179445677436888,-0.0006572575075551867
2025-12-16T15:00:00Z,-7.609444,112.595556,0.0010105202673003,0.0005242145271040499,-0.0008471792680211365
2025-12-16T18:00:00Z,-7.609444,112.595556,0.0009384920122101904,0.000648548302706331,-0.0010288449702784
2025-12-16T21:00:00Z,-7.609444,112.595556,0.000945332576520741,0.0006696865311823785,-0.001033833483234
2025-12-17T00:00:00Z,-7.609444,112.595556,0.0009667465928941964,0.0007190520409494638,-0.0010649967007339
2025-12-17T03:00:00Z,-7.609444,112.595556,0.0010357674909755,0.0007921409560367465,-0.0011389801511541
2025-12-17T06:00:00Z,-7.609444,112.595556,0.0010918874759227,0.0007955212495289743,-0.0012115978170186
2025-12-17T09:00:00Z,-7.609444,112.595556,0.0011826349655166,0.0008045663125813007,-0.0013097086921334
2025-12-17T12:00:00Z,-7.609444,112.595556,0.0012868479825556,0.0009031922672875226,-0.0013187954900786
2025-12-17T15:00:00Z,-7.609444,112.595556,0.001398057793267,0.0009800400584936142,-0.0013845650246366
2025-12-17T18:00:00Z,-7.609444,112.595556,0.0014307870296761,0.0008786545367911458,-0.0012879952555522
2025-12-17T21:00:00Z,-7.609444,112.595556,0.0015334844356402,0.0005787336849607527,-0.0011023873230442
2025-12-18T00:00:00Z,-7.609444,112.595556,0.0016683363355696,0.00024564869818277657,-0.0009366701124235988
2025-12-18T03:00:00Z,-7.609444,112.595556,0.0018039968563243,-2.58201253018342e-05,-0.0007939589559100568
2025-12-18T06:00:00Z,-7.609444,112.595556,0.0018154995050281,-0.0001872521679615602,-0.0006406760076060891
2025-12-18T09:00:00Z,-7.609444,112.595556,0.0018854830414056,-0.000312873802613467,-0.0005094109219498932
2025-12-18T12:00:00Z,-7.609444,112.595556,0.0019967325497418,-0.0004331370000727474,-0.00036718713818117976
2025-12-18T15:00:00Z,-7.609444,112.595556,0.0021519316360354,-0.0005541477585211396,-0.0001738516439218074
2025-12-18T18:00:00Z,-7.609444,112.595556,0.0022271559573709,-0.0007044558878988028,-3.079548696405254e-05
2025-12-18T21:00:00Z,-7.609444,112.595556,0.0023174816742539,-0.0008628585492260754,-8.998877456178889e-05
2025-12-19T00:00:00Z,-7.609444,112.595556,0.0023798216134309,-0.000885583518538624,-0.0001353901025140658
2025-12-19T03:00:00Z,-7.609444,112.595556,0.0024136803112924,-0.0007911113789305091,-0.0002258581662317738
2025-12-19T06:00:00Z,-7.609444,112.595556,0.0022723714355379,-0.0007081906660459936,-0.0003963172493968159
2025-12-19T09:00:00Z,-7.609444,112.595556,0.0021577733568847,-0.0006583694485016167,-0.0003970239486079663
2025-12-19T12:00:00Z,-7.609444,112.595556,0.0019904491491615,-0.0006886579794809222,-0.0003973814600612968
2025-12-19T15:00:00Z,-7.609444,112.595556,0.0018365591531619,-0.000767575460486114,-0.00036318827187642455
2025-12-19T18:00:00Z,-7.609444,112.595556,0.0015828277682885,-0.0006536635919474065,-0.0004177164810243994
2025-12-19T21:00:00Z,-7.609444,112.595556,0.0013157590292394,-0.0005235786084085703,-0.00040565035305917263
2025-12-20T00:00:00Z,-7.609444,112.595556,0.0011150835780426,-0.0004052252043038607,-0.0003569416294340044
2025-12-20T03:00:00Z,-7.609444,112.595556,0.0009479763684794308,-0.0003389366902410984,-0.00029597358661703765
2025-12-20T06:00:00Z,-7.609444,112.595556,0.0007409605314023793,-0.00033793659531511366,-0.00032339966855943203
2025-12-20T09:00:00Z,-7.609444,112.595556,0.0006317651132121682,-0.000342507497407496,-0.0003690561570692808
2025-12-20T12:00:00Z,-7.609444,112.595556,0.000545729708392173,-0.00038917158963158727,-0.0003334695065859705
2025-12-20T15:00:00Z,-7.609444,112.595556,0.0004705575993284583,-0.0003371989587321877,-0.0002934877993538976
2025-12-20T18:00:00Z,-7.609444,112.595556,0.0003217083867639303,-0.00018354311760049316,-0.0002925130247604102
2025-12-20T21:00:00Z,-7.609444,112.595556,0.00021073319658171383,-0.0001030188795994036,-0.0003284949925728142
2025-12-21T00:00:00Z,-7.609444,112.595556,0.00011280708713456988,-7.086041296133772e-05,-0.0003718321968335658
2025-12-21T03:00:00Z,-7.609444,112.595556,6.573236169060692e-05,-0.00010950319119729102,-0.0003751243639271706
2025-12-21T06:00:00Z,-7.609444,112.595556,9.692813364381436e-06,-0.00011938181705772875,-0.00021445969468913967
2025-12-21T09:00:00Z,-7.609444,112.595556,9.592327842256054e-06,-9.384816803503782e-05,-0.0003760513209272176
2025-12-21T12:00:00Z,-7.609444,112.595556,1.754114964569453e-05,-7.067869591992348e-05,-0.0002583049063105136
2025-12-21T15:00:00Z,-7.609444,112.595556,1.795262869563885e-05,-7.841982005629689e-05,-0.00023667191271670163
2025-12-21T18:00:00Z,-7.609444,112.595556,4.027219983981922e-05,-0.0001242549769813195,-0.00015290649025700986
2025-12-21T21:00:00Z,-7.609444,112.595556,0.00013512527220882475,-0.0003127511881757528,-9.140754264080896e-05
2025-12-22T00:00:00Z,-7.609444,112.595556,0.0001712945813778788,-0.000475751468911767,8.988339686766267e-06
2025-12-22T03:00:00Z,-7.609444,112.595556,0.00019190880993846804,-0.0005804166430607438,2.1112769900355488e-05
2025-12-22T06:00:00Z,-7.609444,112.595556,0.0001968921860679984,-0.0006727207219228148,6.282880349317566e-05
2025-12-22T09:00:00Z,-7.609444,112.595556,0.0003300230309832841,-0.0007495465106330812,0.0001755132689140737
2025-12-22T12:00:00Z,-7.609444,112.595556,0.0003825297171715647,-0.0008454277995042503,0.00018827739404514432
2025-12-22T15:00:00Z,-7.609444,112.595556,0.0004795075219590217,-0.0009454110404476524,0.00024661776842549443
2025-12-22T18:00:00Z,-7.609444,112.595556,0.0005589612410403788,-0.0009636315517127514,0.00022872131376061589
2025-12-22T21:00:00Z,-7.609444,112.595556,0.000664312276057899,-0.000974208116531372,0.00022234440257307145
2025-12-23T00:00:00Z,-7.609444,112.595556,0.0006806094315834343,-0.0008959767292253673,0.0001817374723032117
2025-12-23T03:00:00Z,-7.609444,112.595556,0.0007007216918282211,-0.0007694754749536514,0.00022402172908186915
2025-12-23T06:00:00Z,-7.609444,112.595556,0.0006847329204902053,-0.0007018758333288133,0.00020202381710987535
2025-12-23T09:00:00Z,-7.609444,112.595556,0.000740294810384512,-0.0007486786344088614,0.0002769417769741267
2025-12-23T12:00:00Z,-7.609444,112.595556,0.0007460586493834853,-0.0008928785682655871,0.0003919535083696246
2025-12-23T15:00:00Z,-7.609444,112.595556,0.0008216981659643352,-0.0010398033773526,0.0005533539224416018
2025-12-23T18:00:00Z,-7.609444,112.595556,0.0007918729679659009,-0.0010535990586504,0.0006495533161796629
2025-12-23T21:00:00Z,-7.609444,112.595556,0.0007981992093846202,-0.0011493697529658,0.000713271670974791
2025-12-24T00:00:00Z,-7.609444,112.595556,0.0008176217088475823,-0.0012652714503929,0.0006701530655846
2025-12-24T03:00:00Z,-7.609444,112.595556,0.0008570082136429846,-0.0013710979837924,0.0006870424258522689
2025-12-24T06:00:00Z,-7.609444,112.595556,0.0008259174646809697,-0.0014457696815952,0.0006567811942659318
2025-12-24T09:00:00Z,-7.609444,112.595556,0.0008362100925296545,-0.0015882530715316,0.0006415281677618623
2025-12-24T12:00:00Z,-7.609444,112.595556,0.0008554611122235656,-0.0016983434325084,0.0006159217446111143
2025-12-24T15:00:00Z,-7.609444,112.595556,0.0009155880543403327,-0.0016889137914404,0.0007758364663459361
2025-12-24T18:00:00Z,-7.609444,112.595556,0.0008913631900213659,-0.0014903008705005,0.0007760546286590397
2025-12-24T21:00:00Z,-7.609444,112.595556,0.0008486073347739875,-0.001351052080281,0.0006884886533953249
2025-12-25T00:00:00Z,-7.609444,112.595556,0.0008429601439274848,-0.0011644560145214,0.0006659635109826922
2025-12-25T03:00:00Z,-7.609444,112.595556,0.000902088126167655,-0.0009632515721023084,0.0006899008294567466
2025-12-25T06:00:00Z,-7.609444,112.595556,0.0008603050373494625,-0.0006854815874248743,0.0006354240467771888
2025-12-25T09:00:00Z,-7.609444,112.595556,0.0008170537767000496,-0.0003943350166082382,0.0004793725092895329
2025-12-25T12:00:00Z,-7.609444,112.595556,0.0007294605020433664,-0.00011436900967964904,0.00039116869447752833
2025-12-25T15:00:00Z,-7.609444,112.595556,0.0006786610465496778,0.00014807961997576058,0.0003682616807054728
2025-12-25T18:00:00Z,-7.609444,112.595556,0.0006056232377886772,0.0004124865226913244,0.00031886406941339374
2025-12-25T21:00:00Z,-7.609444,112.595556,0.0005116594838909805,0.000506142619997263,0.00045476912055164576
2025-12-26T00:00:00Z,-7.609444,112.595556,0.00040674791671335697,0.0006560359615832567,0.0005166778573766351
2025-12-26T03:00:00Z,-7.609444,112.595556,0.0003725825517904013,0.000799992703832686,0.0005466223228722811
2025-12-26T06:00:00Z,-7.609444,112.595556,0.00033493805676698685,0.0009704336989670992,0.0004761174786835909
2025-12-26T09:00:00Z,-7.609444,112.595556,0.0003280490345787257,0.0011022405233234,0.0003980150504503399
2025-12-26T12:00:00Z,-7.609444,112.595556,0.00027429996407590806,0.001227221568115,0.00039982315502129495
2025-12-26T15:00:00Z,-7.609444,112.595556,0.0003362195275258273,0.0013453174615278,0.00033122292370535433
2025-12-26T18:00:00Z,-7.609444,112.595556,0.00037788256304338574,0.0015062671154737,0.0003075253334827721
2025-12-26T21:00:00Z,-7.609444,112.595556,0.0003880920412484557,0.0016194095369428,0.00022961842478252947
2025-12-27T00:00:00Z,-7.609444,112.595556,0.0002816041524056345,0.0018079585861414,9.641231008572504e-05
2025-12-27T03:00:00Z,-7.609444,112.595556,0.00015450589125975966,0.0020294978749006,-6.774669600417838e-05
2025-12-27T06:00:00Z,-7.609444,112.595556,6.432750524254516e-05,0.0022279075346887,-0.0001098628927138634
2025-12-27T09:00:00Z,-7.609444,112.595556,4.7450503188883886e-06,0.0022995739709585,1.5519442513323156e-06
2025-12-27T12:00:00Z,-7.609444,112.595556,-0.00012012202205369248,0.0023670746013522,0.00015271492884494364
2025-12-27T15:00:00Z,-7.609444,112.595556,-0.00020400523499120027,0.0023149175103753,0.00030629104003310204
2025-12-27T18:00:00Z,-7.609444,112.595556,-0.00023092303308658305,0.0022495740558952,0.00047048123087733984
2025-12-27T21:00:00Z,-7.609444,112.595556,-0.00021648684924002737,0.0020882156677544,0.0005763444933108985
2025-12-28T00:00:00Z,-7.609444,112.595556,-0.00028573538293130696,0.0019846793729811,0.0005975835374556482
2025-12-28T03:00:00Z,-7.609444,112.595556,-0.0003075671847909689,0.0018423690926283,0.0006660392391495407
2025-12-28T06:00:00Z,-7.609444,112.595556,-0.0003694373008329421,0.0017793213482946,0.000689972541294992
2025-12-28T09:00:00Z,-7.609444,112.595556,-0.0003837679396383464,0.001654967200011,0.0007057531620375812
2025-12-28T12:00:00Z,-7.609444,112.595556,-0.0004291025106795132,0.0015506598865613,0.0007772137178108096
2025-12-28T15:00:00Z,-7.609444,112.595556,-0.0004123563994653523,0.0014736145967617,0.0008621304878033698
2025-12-28T18:00:00Z,-7.609444,112.595556,-0.0003986878436990082,0.0014154381351545,0.0009399119880981744
2025-12-28T21:00:00Z,-7.609444,112.595556,-0.000365872256224975,0.0012669308343902,0.0010436620796099
2025-12-29T00:00:00Z,-7.609444,112.595556,-0.0003364614094607532,0.0010944127570837,0.0010974139440804
2025-12-29T03:00:00Z,-7.609444,112.595556,-0.00021576634026132524,0.0009217443293891848,0.0011874263873323
2025-12-29T06:00:00Z,-7.609444,112.595556,-0.0002161431621061638,0.0007971108425408602,0.0011135296663269
2025-12-29T09:00:00Z,-7.609444,112.595556,-0.00022897035523783416,0.0006324584828689694,0.0010057733161374
2025-12-29T12:00:00Z,-7.609444,112.595556,-0.00018304017430637032,0.0004798013251274824,0.0010487179970368
2025-12-29T15:00:00Z,-7.609444,112.595556,-0.00013054515875410289,0.0003614672168623656,0.0011473702033981
2025-12-29T18:00:00Z,-7.609444,112.595556,-0.00017091172048822045,0.0002630311355460435,0.0011841416126117
2025-12-29T21:00:00Z,-7.609444,112.595556,-0.0001919693750096485,9.581597259966657e-05,0.0011493928031995
2025-12-30T00:00:00Z,-7.609444,112.595556,-0.00015007842739578336,-5.99611084908247e-05,0.0012682173401117
2025-12-30T03:00:00Z,-7.609444,112.595556,-2.2717216779710725e-05,-0.00018657783220987767,0.0014430659357458
2025-12-30T06:00:00Z,-7.609444,112.595556,3.4619526559254155e-05,-0.0002603383909445256,0.0014792705187574
2025-12-30T09:00:00Z,-7.609444,112.595556,0.00011657216236926617,-0.00032089577871374786,0.0014790145214647
2025-12-30T12:00:00Z,-7.609444,112.595556,0.00019016815349459648,-0.00044106185669079423,0.001542970072478
2025-12-30T15:00:00Z,-7.609444,112.595556,0.00022332643857225776,-0.0005333076696842909,0.0015758579829707
2025-12-30T18:00:00Z,-7.609444,112.595556,0.0002153869427274913,-0.0005328564438968897,0.001604294986464
2025-12-30T21:00:00Z,-7.609444,112.595556,0.0002037670201389119,-0.0005792914307676256,0.0015061347512528
2025-12-31T00:00:00Z,-7.609444,112.595556,0.00018004603043664247,-0.0005560783902183175,0.0015321697574108
2025-12-31T03:00:00Z,-7.609444,112.595556,0.00017958387616090477,-0.0004526583361439407,0.0015381246339529
2025-12-31T06:00:00Z,-7.609444,112.595556,9.137156303040685e-05,-0.000298020982882008,0.0015363162383437
2025-12-31T09:00:00Z,-7.609444,112.595556,5.355058237910271e-05,-0.0002295835001859814,0.0014159893617033
2025-12-31T12:00:00Z,-7.609444,112.595556,4.858320244238712e-05,-0.00017757802561391145,0.0014883313560858
2025-12-31T15:00:00Z,-7.609444,112.595556,6.632177974097431e-05,-9.722453251015396e-05,0.0014880819944664
2025-12-31T18:00:00Z,-7.609444,112.595556,9.050127118825912e-05,-3.323349301354028e-05,0.0013595762429758
2025-12-31T21:00:00Z,-7.609444,112.595556,8.144413004629314e-05,-3.879870200762525e-05,0.0011258508311584
2026-01-01T00:00:00Z,-7.609444,112.595556,7.397733486404933e-05,-1.479893234393187e-05,0.0009297824265035292
2026-01-01T03:00:00Z,-7.609444,112.595556,0.00010377075681201717,4.146988629920469e-05,0.0005692674403382782
2026-01-01T06:00:00Z,-7.609444,112.595556,5.0527022069581743e-05,6.359614065770414e-05,0.0002766508558774151
2026-01-01T09:00:00Z,-7.609444,112.595556,0.00011530424018990336,5.997883993924489e-05,-9.271378281822878e-06
2026-01-01T12:00:00Z,-7.609444,112.595556,0.00017524530721181077,8.400864785782092e-05,-3.004107062716558e-05
2026-01-01T15:00:00Z,-7.609444,112.595556,0.00022270033303804288,0.00010300003324751264,-9.128403536243076e-05
2026-01-01T18:00:00Z,-7.609444,112.595556,0.00021030975887983665,0.0001354740021748096,-0.00025005927568312646
2026-01-01T21:00:00Z,-7.609444,112.595556,0.00033902832800173266,5.407696584378101e-05,-0.0004195241535506532
2026-01-02T00:00:00Z,-7.609444,112.595556,0.0005339431821608833,-6.110120692749608e-06,-0.0003824868240284397
2026-01-02T03:00:00Z,-7.609444,112.595556,0.000713385457905779,-4.530166409271864e-05,-0.0004934709807359907
2026-01-02T06:00:00Z,-7.609444,112.595556,0.0007585594259928724,-8.080637087722844e-05,-0.0006880414136588832
2026-01-02T09:00:00Z,-7.609444,112.595556,0.0008476120674490773,-0.0001316707154733215,-0.000836743059588446
2026-01-02T12:00:00Z,-7.609444,112.595556,0.0009488912250574604,-0.00019537587822652136,-0.0009436656282333064
2026-01-02T15:00:00Z,-7.609444,112.595556,0.0009678728913537256,-0.0002243543084855536,-0.0010503785257999
2026-01-02T18:00:00Z,-7.609444,112.595556,0.0008908609048641811,-0.0002849074603533808,-0.0010663237551287
2026-01-02T21:00:00Z,-7.609444,112.595556,0.0009037588269659112,-0.0004141281668065293,-0.0010021408790727
2026-01-03T00:00:00Z,-7.609444,112.595556,0.0009137956038424926,-0.0004933247190927138,-0.0008448482983901501
2026-01-03T03:00:00Z,-7.609444,112.595556,0.0009404454432602524,-0.00045615956566934175,-0.0008200149443600622
2026-01-03T06:00:00Z,-7.609444,112.595556,0.0009489880483374636,-0.0004109387968469299,-0.0007762212061274187
2026-01-03T09:00:00Z,-7.609444,112.595556,0.0010057059311173,-0.0003965950759554802,-0.0006988320406990441
2026-01-03T12:00:00Z,-7.609444,112.595556,0.0011432802411948,-0.0004108468670683328,-0.0006246491258063502
2026-01-03T15:00:00Z,-7.609444,112.595556,0.0012681151416601,-0.0004294015250493289,-0.0005474956452218232
2026-01-03T18:00:00Z,-7.609444,112.595556,0.0013024989229046,-0.0004136501333779108,-0.0005311387470033737
2026-01-03T21:00:00Z,-7.609444,112.595556,0.0013257915378002,-0.000409837421010821,-0.0005925834027798511
2026-01-04T00:00:00Z,-7.609444,112.595556,0.0013452958065532,-0.00035848928289084966,-0.0006464441024279811
2026-01-04T03:00:00Z,-7.609444,112.595556,0.0014164722604762,-0.0002763917223714973,-0.0007245345405466278
2026-01-04T06:00:00Z,-7.609444,112.595556,0.0013793144487029,-0.00020763692195794863,-0.0007119013556035202
2026-01-04T09:00:00Z,-7.609444,112.595556,0.0014008833656222,-0.00018464173608234716,-0.0006400615784374525
2026-01-04T12:00:00Z,-7.609444,112.595556,0.0014418541804134,-0.00019318197343520983,-0.0007257955069603419
2026-01-04T15:00:00Z,-7.609444,112.595556,0.001511709488949,-0.0001637053712667341,-0.0006837600918877213
2026-01-04T18:00:00Z,-7.609444,112.595556,0.0015235067885262,-0.00011697170215453315,-0.0007304754157862418
2026-01-04T21:00:00Z,-7.609444,112.595556,0.0016409139455031,-8.23931559923899e-05,-0.0007269629881734936
2026-01-05T00:00:00Z,-7.609444,112.595556,0.0017472509374536,-7.940424755785574e-05,-0.0008528728064671123
2026-01-05T03:00:00Z,-7.609444,112.595556,0.0018900245135357,-4.621412586865429e-05,-0.0009113244075092232
2026-01-05T06:00:00Z,-7.609444,112.595556,0.0019376649878921,-3.5893614465876808e-06,-0.0010260160389908
2026-01-05T09:00:00Z,-7.609444,112.595556,0.0019969307883905,1.020309638730168e-05,-0.0010550931503506
2026-01-05T12:00:00Z,-7.609444,112.595556,0.0019785078879137,7.784740626769943e-05,-0.0011237613634012
2026-01-05T15:00:00Z,-7.609444,112.595556,0.0019956235076916,0.00019098596514196327,-0.0011603562556526
2026-01-05T18:00:00Z,-7.609444,112.595556,0.001867954590528,0.0003255283778253735,-0.0012049266692528
2026-01-05T21:00:00Z,-7.609444,112.595556,0.0018373701570706,0.00044413110878067496,-0.0012880206183444
2026-01-06T00:00:00Z,-7.609444,112.595556,0.0018368136972221,0.0005246736047497074,-0.0013211660135951
2026-01-06T03:00:00Z,-7.609444,112.595556,0.0019153935377632,0.0006224734893225954,-0.0012853341868561
2026-01-06T06:00:00Z,-7.609444,112.595556,0.0019848140986469,0.0007107204006293743,-0.0012885177276186
2026-01-06T09:00:00Z,-7.609444,112.595556,0.0020450830688899,0.0008199884004435379,-0.0013168318351447
2026-01-06T12:00:00Z,-7.609444,112.595556,0.0020357694088559,0.0009829797598287224,-0.0014546180689749
2026-01-06T15:00:00Z,-7.609444,112.595556,0.0020863411043187,0.0010554643497216,-0.0015687721234595
2026-01-06T18:00:00Z,-7.609444,112.595556,0.0020691680410303,0.0011338947465958,-0.001618030495953
2026-01-06T21:00:00Z,-7.609444,112.595556,0.0020968554295636,0.0011972713878312,-0.0017582070813541
2026-01-07T00:00:00Z,-7.609444,112.595556,0.0020702520797866,0.0011929166298945,-0.0017520639758234
2026-01-07T03:00:00Z,-7.609444,112.595556,0.0021349004210831,0.0012162462540556,-0.0017138003690704
2026-01-07T06:00:00Z,-7.609444,112.595556,0.0021843428802513,0.0012090226524337,-0.0016362974671631
2026-01-07T09:00:00Z,-7.609444,112.595556,0.0022426784402595,0.0012292459903627,-0.0014485022077415
2026-01-07T12:00:00Z,-7.609444,112.595556,0.0022474840773547,0.0011542043833668,-0.0014072445955065
2026-01-07T15:00:00Z,-7.609444,112.595556,0.0023293116916179,0.0009969282897714742,-0.0012556247376058
2026-01-07T18:00:00Z,-7.609444,112.595556,0.002382834785236,0.0008604826491117062,-0.0011857730221063
2026-01-07T21:00:00Z,-7.609444,112.595556,0.0024277896553773,0.0007289555447309934,-0.0011869230948848
2026-01-08T00:00:00Z,-7.609444,112.595556,0.0024038845413862,0.0005673967510862127,-0.0011260222546809
2026-01-08T03:00:00Z,-7.609444,112.595556,0.0024423607905955,0.00037247964267334406,-0.0010281420759601
2026-01-08T06:00:00Z,-7.609444,112.595556,0.002398222990041,0.00020182598603542184,-0.0008485265813625709
2026-01-08T09:00:00Z,-7.609444,112.595556,0.0023706047797494,-2.209875174037057e-05,-0.0006875756191358006
2026-01-08T12:00:00Z,-7.609444,112.595556,0.0022883027684135,-0.00025364468914806573,-0.0005499375389763902
2026-01-08T15:00:00Z,-7.609444,112.595556,0.002194383167638,-0.0004253616728250069,-0.00039905007544236353
2026-01-08T18:00:00Z,-7.609444,112.595556,0.0020003308796059,-0.0004883719229666646,-0.0002769458166937129
2026-01-08T21:00:00Z,-7.609444,112.595556,0.0018145199728114,-0.0004751025509588442,-0.0003647354402844166
2026-01-09T00:00:00Z,-7.609444,112.595556,0.0016457321781363,-0.0005335070925354893,-0.00014274136646794932
2026-01-09T03:00:00Z,-7.609444,112.595556,0.0015153744320133,-0.0005738260360344707,9.817030393264922e-06
2026-01-09T06:00:00Z,-7.609444,112.595556,0.0012685035715146,-0.0005761931873925704,0.00012813554986315835
2026-01-09T09:00:00Z,-7.609444,112.595556,0.0011055664066681,-0.0006076891255612084,0.00013843358776105855
2026-01-09T12:00:00Z,-7.609444,112.595556,0.000939563353276404,-0.0006856130828763059,0.00019615132589356407
2026-01-09T15:00:00Z,-7.609444,112.595556,0.0007648938876989513,-0.0007208927388957493,0.0002749473754792332
2026-01-09T18:00:00Z,-7.609444,112.595556,0.0006154709690015974,-0.0006863376107489289,0.0003836456778714234
2026-01-09T21:00:00Z,-7.609444,112.595556,0.0005208084331364141,-0.0006457756125698872,0.0003034619225700456
2026-01-10T00:00:00Z,-7.609444,112.595556,0.0004234925739603607,-0.0006976186339768478,0.0003989580673346601
2026-01-10T03:00:00Z,-7.609444,112.595556,0.00037379318980447853,-0.0006697285973603823,0.0003733208358575788
2026-01-10T06:00:00Z,-7.609444,112.595556,0.0003295576705764679,-0.0006212602344958525,0.00029967084229876885
2026-01-10T09:00:00Z,-7.609444,112.595556,0.000332354585172073,-0.0005249066950194672,0.00018985628499077373
2026-01-10T12:00:00Z,-7.609444,112.595556,0.00032597422777608904,-0.0005061593291407795,0.00013107699860139536
2026-01-10T15:00:00Z,-7.609444,112.595556,0.0003768006284657789,-0.0005283518473540317,2.7589656535460403e-05
2026-01-10T18:00:00Z,-7.609444,112.595556,0.0004275202676837143,-0.0005057902759379311,2.7780481167422805e-05
2026-01-10T21:00:00Z,-7.609444,112.595556,0.00048345142606858566,-0.0005189571651831316,-0.00014462931775231086
2026-01-11T00:00:00Z,-7.609444,112.595556,0.0005581602533585001,-0.0006283747418347639,9.012011863168155e-06
2026-01-11T03:00:00Z,-7.609444,112.595556,0.0006358073440544644,-0.0007015619518696716,5.557373902171744e-06
2026-01-11T06:00:00Z,-7.609444,112.595556,0.0006993804950424155,-0.0007783543068388664,-6.020905372286801e-05
2026-01-11T09:00:00Z,-7.609444,112.595556,0.0008030378990701944,-0.0008669876835985653,4.883822040035851e-05
2026-01-11T12:00:00Z,-7.609444,112.595556,0.0008845130673636967,-0.0010674710656666,0.0001923333294429792
2026-01-11T15:00:00Z,-7.609444,112.595556,0.0009318538443345428,-0.0011944436691664,0.00023814570087066423
2026-01-11T18:00:00Z,-7.609444,112.595556,0.0009604730967161128,-0.0013066263122775,0.0003044837486204484
2026-01-11T21:00:00Z,-7.609444,112.595556,0.0010425638624031,-0.0013632322191401,0.00014315561774559297
2026-01-12T00:00:00Z,-7.609444,112.595556,0.0011017574139325,-0.0014394975603989,0.0002293491927405077
2026-01-12T03:00:00Z,-7.609444,112.595556,0.0011384062184754,-0.0013476866827027,0.00020291320905928427
2026-01-12T06:00:00Z,-7.609444,112.595556,0.0011470303844155,-0.0012187506015727,0.00010987656391207975
2026-01-12T09:00:00Z,-7.609444,112.595556,0.0012310159466494,-0.0011531568540321,0.000191738840584859
2026-01-12T12:00:00Z,-7.609444,112.595556,0.0013236588136468,-0.0011624464632703,0.00021799472263574985
2026-01-12T15:00:00Z,-7.609444,112.595556,0.0013258988192435,-0.0011535720422501,0.00017838915650770888
2026-01-12T18:00:00Z,-7.609444,112.595556,0.0013574018833384,-0.0012156272608532,0.000241305701314205
2026-01-12T21:00:00Z,-7.609444,112.595556,0.0014615671325849,-0.0013413263498392,0.00018567390597447824
2026-01-13T00:00:00Z,-7.609444,112.595556,0.0014780092827608,-0.0015144536203684,0.00030044980013557726
2026-01-13T03:00:00Z,-7.609444,112.595556,0.0014803291595831,-0.0016421429686144,0.0003429641861738096
2026-01-13T06:00:00Z,-7.609444,112.595556,0.0014355094884748,-0.0017696207275312,0.0003562591315074736
2026-01-13T09:00:00Z,-7.609444,112.595556,0.0014159284401419,-0.0018910836985971,0.0003992542229735743
2026-01-13T12:00:00Z,-7.609444,112.595556,0.001359738269379,-0.002117476658085,0.0005415556810872004
2026-01-13T15:00:00Z,-7.609444,112.595556,0.001273265693869,-0.0021933865999064,0.0005108229325331964
2026-01-13T18:00:00Z,-7.609444,112.595556,0.0011985125966284,-0.0022760458072411,0.0005954089361011071
2026-01-13T21:00:00Z,-7.609444,112.595556,0.0012146936019729,-0.0024259918690361,0.0005961030204700519
2026-01-14T00:00:00Z,-7.609444,112.595556,0.0012460572597366,-0.002621787817124,0.0007317263708690215
2026-01-14T03:00:00Z,-7.609444,112.595556,0.0012645126739028,-0.0026757525510384,0.0007571656466691975
2026-01-14T06:00:00Z,-7.609444,112.595556,0.0012398946355576,-0.0026523408346459,0.0007978740440454114
2026-01-14T09:00:00Z,-7.609444,112.595556,0.0012602133132922,-0.0026751177716945,0.000774352997528538
2026-01-14T12:00:00Z,-7.609444,112.595556,0.0012862783931811,-0.002755167949635,0.000823840560986948
2026-01-14T15:00:00Z,-7.609444,112.595556,0.0012808665480237,-0.0027973050381608,0.000707004010684676
2026-01-14T18:00:00Z,-7.609444,112.595556,0.00121149551887,-0.0028643826158832,0.0006728350766712931
2026-01-14T21:00:00Z,-7.609444,112.595556,0.0011575630163043,-0.0030103375267482,0.000552076677715566
2026-01-15T00:00:00Z,-7.609444,112.595556,0.0011636103966994,-0.0032407039365494,0.0006678907089097234
2026-01-15T03:00:00Z,-7.609444,112.595556,0.0012153507867211,-0.0033768856524535,0.0007393585914576509
2026-01-15T06:00:00Z,-7.609444,112.595556,0.0011984304154035,-0.0035513177100393,0.0008092087803517481
2026-01-15T09:00:00Z,-7.609444,112.595556,0.0012452165376822,-0.0037618516165201,0.0009682445592354548
2026-01-15T12:00:00Z,-7.609444,112.595556,0.0013638164504714,-0.0039794583961284,0.0011509303850246
2026-01-15T15:00:00Z,-7.609444,112.595556,0.0014809123731665,-0.0041232155715839,0.0012294750429754
2026-01-15T18:00:00Z,-7.609444,112.595556,0.0015622097261761,-0.0042628691208112,0.0013004147172402
2026-01-15T21:00:00Z,-7.609444,112.595556,0.0016319232731482,-0.004387820861055,0.0012091872059989
2026-01-16T00:00:00Z,-7.609444,112.595556,0.0017156593007359,-0.0045341011778126,0.0013440452922395
2026-01-16T03:00:00Z,-7.609444,112.595556,0.001777871746673,-0.0045825992566247,0.0013397950050264
2026-01-16T06:00:00Z,-7.609444,112.595556,0.0017693787900567,-0.0045710181058878,0.001434742214553
2026-01-16T09:00:00Z,-7.609444,112.595556,0.0017847533531959,-0.0045692216072519,0.0014507468183451
2026-01-16T12:00:00Z,-7.609444,112.595556,0.001835098965787,-0.0045982307259046,0.0016054910817183
2026-01-16T15:00:00Z,-7.609444,112.595556,0.0018847046911182,-0.0045129407824388,0.0017141468223274
2026-01-16T18:00:00Z,-7.609444,112.595556,0.0018252021483745,-0.0044592745960077,0.0018992072618494
2026-01-16T21:00:00Z,-7.609444,112.595556,0.0018240314809834,-0.0045293838035798,0.0019152553144592
2026-01-17T00:00:00Z,-7.609444,112.595556,0.0018161012183884,-0.0046628678239009,0.002083537489215
2026-01-17T03:00:00Z,-7.609444,112.595556,0.0018399773008016,-0.0047513124569334,0.0022171334095995
2026-01-17T06:00:00Z,-7.609444,112.595556,0.0017332583781609,-0.0049081240758764,0.0021956881932697
2026-01-17T09:00:00Z,-7.609444,112.595556,0.0016219291714717,-0.0050459141116274,0.0021951521446648
2026-01-17T12:00:00Z,-7.609444,112.595556,0.0015447782123484,-0.0051675006151831,0.0022749770576745
2026-01-17T15:00:00Z,-7.609444,112.595556,0.0014562121713732,-0.0052028895403592,0.0022444460525425
2026-01-17T18:00:00Z,-7.609444,112.595556,0.001263116097951,-0.0052351988918902,0.0022789497419326
2026-01-17T21:00:00Z,-7.609444,112.595556,0.0011945893901666,-0.0052501453052681,0.0021836668910866
2026-01-18T00:00:00Z,-7.609444,112.595556,0.0011149684206305,-0.0052281083007807,0.0022106381129487
2026-01-18T03:00:00Z,-7.609444,112.595556,0.0010981848013894,-0.00515515289719,0.0022122621001055
2026-01-18T06:00:00Z,-7.609444,112.595556,0.0010269202841531,-0.0050322779490398,0.0021135547612164
2026-01-18T09:00:00Z,-7.609444,112.595556,0.0009888947454375536,-0.0049254704430991,0.0020012482355662
2026-01-18T12:00:00Z,-7.609444,112.595556,0.0009991927031029477,-0.0048659678295266,0.0019750579697966
2026-01-18T15:00:00Z,-7.609444,112.595556,0.0009822321564942477,-0.0047876327612773,0.0019336851635834
2026-01-18T18:00:00Z,-7.609444,112.595556,0.0008280517359807209,-0.0046985432508558,0.0018418895065691
2026-01-18T21:00:00Z,-7.609444,112.595556,0.0008407659247282169,-0.0046400795846011,0.0016694096750598
2026-01-19T00:00:00Z,-7.609444,112.595556,0.0008744684620520953,-0.0046423236045098,0.0016348377953763
2026-01-19T03:00:00Z,-7.609444,112.595556,0.000907214252242252,-0.0045977080311038,0.0016283124497727
2026-01-19T06:00:00Z,-7.609444,112.595556,0.0008240394267901236,-0.0045527356810176,0.0015915827975986
2026-01-19T09:00:00Z,-7.609444,112.595556,0.000790182700688465,-0.0046412642719322,0.0014909260293814
2026-01-19T12:00:00Z,-7.609444,112.595556,0.0008535073076054363,-0.0047237914014308,0.0015326607643271
2026-01-19T15:00:00Z,-7.609444,112.595556,0.0008813900065822428,-0.0047540660296717,0.0014640902459906
2026-01-19T18:00:00Z,-7.609444,112.595556,0.0007872500976778377,-0.004740269752108,0.0014297658765603
2026-01-19T21:00:00Z,-7.609444,112.595556,0.0007760248761972181,-0.0046866689639951,0.0013268486702624
2026-01-20T00:00:00Z,-7.609444,112.595556,0.0007736554901626343,-0.0046217454305972,0.0013351879953494
2026-01-20T03:00:00Z,-7.609444,112.595556,0.0007725708184629047,-0.0045852265923351,0.0013696834371919
2026-01-20T06:00:00Z,-7.609444,112.595556,0.0006905808962460441,-0.004509004798891,0.0013612768125652
2026-01-20T09:00:00Z,-7.609444,112.595556,0.000706580948279023,-0.0044849559712208,0.0013183440789471
2026-01-20T12:00:00Z,-7.609444,112.595556,0.000755799063363633,-0.004499183949619,0.0013711559334838
2026-01-20T15:00:00Z,-7.609444,112.595556,0.0007611846693220631,-0.0044820192062041,0.001370779500477
2026-01-20T18:00:00Z,-7.609444,112.595556,0.000693868084140871,-0.004412667482986,0.0013364404025494
2026-01-20T21:00:00Z,-7.609444,112.595556,0.0007298200518358635,-0.0043136998332663,0.001239504746718
2026-01-21T00:00:00Z,-7.609444,112.595556,0.0007137345994898199,-0.0042538865349645,0.0012352861123643
2026-01-21T03:00:00Z,-7.609444,112.595556,0.0007348225149880764,-0.0042225253047271,0.0011734388079032
2026-01-21T06:00:00Z,-7.609444,112.595556,0.0006554661919293431,-0.0041353011529502,0.0011108378672252
2026-01-21T09:00:00Z,-7.609444,112.595556,0.0006186153726471978,-0.0039748745435023,0.0009928288120795382
2026-01-21T12:00:00Z,-7.609444,112.595556,0.0005332931832635227,-0.0038697484852804,0.0009876403558528265
2026-01-21T15:00:00Z,-7.609444,112.595556,0.0004733223933120481,-0.0037370295382159,0.0008806779731454482
2026-01-21T18:00:00Z,-7.609444,112.595556,0.00039761525119539086,-0.0035995045720124,0.0008547520747842857
2026-01-21T21:00:00Z,-7.609444,112.595556,0.0004191219927996919,-0.0034578096314692,0.0008070280777878082
2026-01-22T00:00:00Z,-7.609444,112.595556,0.00036727250740389584,-0.0034109033688311,0.0008836407537551071
2026-01-22T03:00:00Z,-7.609444,112.595556,0.0003783393996891593,-0.0033374095931021,0.0008818436174536713
2026-01-22T06:00:00Z,-7.609444,112.595556,0.0004248892225509011,-0.0032657042404852,0.0009416721851335688
2026-01-22T09:00:00Z,-7.609444,112.595556,0.0004533529974012792,-0.0032024568256875,0.0009367742276618512
2026-01-22T12:00:00Z,-7.609444,112.595556,0.0004168069763992679,-0.0031615043933553,0.0008856828039698922
2026-01-22T15:00:00Z,-7.609444,112.595556,0.0004160470664264089,-0.0031359827879707,0.0007202306856272881
2026-01-22T18:00:00Z,-7.609444,112.595556,0.0003679133437143762,-0.0030713103345933,0.0007845068719172722
2026-01-22T21:00:00Z,-7.609444,112.595556,0.00034493770395330767,-0.0030302006648199,0.0006764764298267376
2026-01-23T00:00:00Z,-7.609444,112.595556,0.00025024989659577096,-0.0030590253565873,0.0006569050176636049
2026-01-23T03:00:00Z,-7.609444,112.595556,0.00021390922417791373,-0.0030508606710894,0.0006120953462351702
2026-01-23T06:00:00Z,-7.609444,112.595556,0.00018334704302230015,-0.0029781536440612,0.0006504778931037244
2026-01-23T09:00:00Z,-7.609444,112.595556,0.00020464738789555408,-0.0028933907870064,0.0006887239702115303
2026-01-23T12:00:00Z,-7.609444,112.595556,0.0002054797866556414,-0.0028693309381281,0.0006514347892320108
2026-01-23T15:00:00Z,-7.609444,112.595556,0.00023503290612706743,-0.0028278024977437,0.0006891387627811354
2026-01-23T18:00:00Z,-7.609444,112.595556,0.0002488510493179067,-0.0027884840566513,0.0007866164772171509
2026-01-23T21:00:00Z,-7.609444,112.595556,0.00035585944569125217,-0.0028179943059938,0.0007506611046911116
2026-01-24T00:00:00Z,-7.609444,112.595556,0.0004372409571735576,-0.002887893346013,0.0007939501492119737
2026-01-24T03:00:00Z,-7.609444,112.595556,0.0005497327837129433,-0.0029143627274512,0.0008017435287193456
2026-01-24T06:00:00Z,-7.609444,112.595556,0.0006015626537104319,-0.0029046762131225,0.0008603704838195044
2026-01-24T09:00:00Z,-7.609444,112.595556,0.0007339262658811156,-0.0029955946945571,0.0009601708743604962
2026-01-24T12:00:00Z,-7.609444,112.595556,0.0007845677999123937,-0.0031012788985067,0.001020388103174
2026-01-24T15:00:00Z,-7.609444,112.595556,0.0008158707900033235,-0.0031072617151209,0.0010792475561547
2026-01-24T18:00:00Z,-7.609444,112.595556,0.0008332432875295134,-0.0030470649166587,0.0011840352297381
2026-01-24T21:00:00Z,-7.609444,112.595556,0.0009105846174368152,-0.0030141547521002,0.0010489899972947
2026-01-25T00:00:00Z,-7.609444,112.595556,0.0009315797500007908,-0.0030314256350412,0.0010439747949218
2026-01-25T03:00:00Z,-7.609444,112.595556,0.0010333230588209,-0.0030149734560641,0.0010461886797666
2026-01-25T06:00:00Z,-7.609444,112.595556,0.0010776631837743,-0.0030121816193841,0.000996166935071897
2026-01-25T09:00:00Z,-7.609444,112.595556,0.0011401318755796,-0.0030580103172354,0.0009422180034011864
2026-01-25T12:00:00Z,-7.609444,112.595556,0.0011726681444934,-0.0030762415000643,0.0008314355243970995
2026-01-25T15:00:00Z,-7.609444,112.595556,0.0011948177240605,-0.003061198195014,0.000751574363813398
2026-01-25T18:00:00Z,-7.609444,112.595556,0.001140326673479,-0.0030417375873151,0.0006928875032396072
2026-01-25T21:00:00Z,-7.609444,112.595556,0.0010556419496105,-0.0030555606671819,0.00045845559844161487
2026-01-26T00:00:00Z,-7.609444,112.595556,0.0010144910896495,-0.0031683731062806,0.0005511098763355027
2026-01-26T03:00:00Z,-7.609444,112.595556,0.0010306417858498,-0.0032013488959322,0.0006571858616539918
2026-01-26T06:00:00Z,-7.609444,112.595556,0.0010192919250915,-0.0032327930121843,0.0007656717150066064
2026-01-26T09:00:00Z,-7.609444,112.595556,0.001026468116308,-0.0033002394671869,0.0007342618604742213
2026-01-26T12:00:00Z,-7.609444,112.595556,0.0010594888468491,-0.0033071486003619,0.0008076878816138991
2026-01-26T15:00:00Z,-7.609444,112.595556,0.0011332825955092,-0.003288685976302,0.0008532647869640824
2026-01-26T18:00:00Z,-7.609444,112.595556,0.0010950470372784,-0.0032611342947403,0.0009388453321572012
2026-01-26T21:00:00Z,-7.609444,112.595556,0.0010841923848336,-0.0032725097145471,0.0007079743677019918
2026-01-27T00:00:00Z,-7.609444,112.595556,0.0010874408529098,-0.0033431308621354,0.0006927881211951988
2026-01-27T03:00:00Z,-7.609444,112.595556,0.001074425199996,-0.0032861927189025,0.0006220717393894072
2026-01-27T06:00:00Z,-7.609444,112.595556,0.0009433726024682242,-0.003219139615065,0.0005977801330391518
2026-01-27T09:00:00Z,-7.609444,112.595556,0.000798308712624786,-0.0032408800560564,0.0005176575316142875
2026-01-27T12:00:00Z,-7.609444,112.595556,0.0007690053501125276,-0.0032569536398588,0.0005135922736998247
2026-01-27T15:00:00Z,-7.609444,112.595556,0.0008194625705508849,-0.003253828516245,0.0006162899124906243
2026-01-27T18:00:00Z,-7.609444,112.595556,0.0007833911224718084,-0.0032514724043419,0.0007269387624585815
2026-01-27T21:00:00Z,-7.609444,112.595556,0.0007790717951997658,-0.0032719972709422,0.0005865831465345969
2026-01-28T00:00:00Z,-7.609444,112.595556,0.000802187644170023,-0.0032914341077339,0.0006750954818340894
2026-01-28T03:00:00Z,-7.609444,112.595556,0.0008189848057267114,-0.0032294012950354,0.0005858232612734666
2026-01-28T06:00:00Z,-7.609444,112.595556,0.0007568841133465565,-0.0031365137533705,0.0005150359133767234
2026-01-28T09:00:00Z,-7.609444,112.595556,0.0007134789222127703,-0.0031370829645281,0.00047552245481349153
2026-01-28T12:00:00Z,-7.609444,112.595556,0.0006525841151548938,-0.0031714454821628,0.0004036813057100949
2026-01-28T15:00:00Z,-7.609444,112.595556,0.0006270776596670425,-0.0031733569244176,0.0004464310782568144
2026-01-28T18:00:00Z,-7.609444,112.595556,0.000530264615076831,-0.0032227678586374,0.0005135297368126581
2026-01-28T21:00:00Z,-7.609444,112.595556,0.0005608131358688192,-0.0033198142706881,0.0004519670783843521
2026-01-29T00:00:00Z,-7.609444,112.595556,0.00058955881833184,-0.0034487359164101,0.0005144719213297232
2026-01-29T03:00:00Z,-7.609444,112.595556,0.0006153076316073892,-0.003543149184194,0.00045543821767884713
2026-01-29T06:00:00Z,-7.609444,112.595556,0.0006162188706243494,-0.0036026257067213,0.0004083968693599296
2026-01-29T09:00:00Z,-7.609444,112.595556,0.0006466612717238063,-0.0036851411465146,0.00033206295507870443
2026-01-29T12:00:00Z,-7.609444,112.595556,0.0006466333870943911,-0.0037695357897225,0.0002836617366680276
2026-01-29T15:00:00Z,-7.609444,112.595556,0.000598175885431985,-0.0037853433732501,0.00020998458482803528
2026-01-29T18:00:00Z,-7.609444,112.595556,0.00044068634709459664,-0.0037565081323297,5.008665058810422e-05
2026-01-29T21:00:00Z,-7.609444,112.595556,0.00032368320355507786,-0.0037245946811451,-9.70169213660852e-05
2026-01-30T00:00:00Z,-7.609444,112.595556,0.0002661758343260334,-0.0037086676076427,-1.2105606160645544e-05
2026-01-30T03:00:00Z,-7.609444,112.595556,0.00022729246716657689,-0.0036072742253301,7.418187911611447e-05
2026-01-30T06:00:00Z,-7.609444,112.595556,0.000144814634568388,-0.0035061333625738,0.00012613040635899389
2026-01-30T09:00:00Z,-7.609444,112.595556,0.0001083074729596728,-0.0034081524066987,0.0001596784814997359
2026-01-30T12:00:00Z,-7.609444,112.595556,0.0001022237499432717,-0.003348113502062,0.0001273014589356969
2026-01-30T15:00:00Z,-7.609444,112.595556,9.115974676503508e-05,-0.0032080178068457,0.00010058823327444884
2026-01-30T18:00:00Z,-7.609444,112.595556,5.709434634570739e-05,-0.0030961725251103,0.00012923926865236827
2026-01-30T21:00:00Z,-7.609444,112.595556,6.307615840410323e-05,-0.0030020860060677,2.4213126217917337e-05
2026-01-31T00:00:00Z,-7.609444,112.595556,7.585175437039288e-05,-0.0029655100288869,2.743728669840162e-05
2026-01-31T03:00:00Z,-7.609444,112.595556,6.5472856127399e-05,-0.0028910792762524,1.1565492742099403e-05
2026-01-31T06:00:00Z,-7.609444,112.595556,-8.767748904778441e-06,-0.0028346966277674,9.981241269811205e-07
2026-01-31T09:00:00Z,-7.609444,112.595556,-4.603856833274431e-05,-0.0028532612924741,2.581352006963153e-05
2026-01-31T12:00:00Z,-7.609444,112.595556,-4.909117310034117e-05,-0.0029156217553104,6.727961549018917e-05
2026-01-31T15:00:00Z,-7.609444,112.595556,1.3047006679933176e-07,-0.002919726951799,0.00014012886659329585
2026-01-31T18:00:00Z,-7.609444,112.595556,-1.6725671077472414e-05,-0.0029262465572893,0.0002173731954132192
2026-01-31T21:00:00Z,-7.609444,112.595556,6.047727532854697e-05,-0.0029559880945909,0.0001921677603593068
2026-02-01T00:00:00Z,-7.609444,112.595556,0.0002096790421085179,-0.0029931654244878,0.00015475800789706
2026-02-01T03:00:00Z,-7.609444,112.595556,0.0003581635350820284,-0.0029596227508887,6.784881730838974e-05
2026-02-01T06:00:00Z,-7.609444,112.595556,0.0004622535086326492,-0.0028944749674818,-4.545925318515012e-06
2026-02-01T09:00:00Z,-7.609444,112.595556,0.0005696462745163134,-0.0029207823252884,-0.00012373030607563306
2026-02-01T12:00:00Z,-7.609444,112.595556,0.0006804282525049157,-0.0029789978336876,-0.00029019321746224613
2026-02-01T15:00:00Z,-7.609444,112.595556,0.0007741651169525225,-0.0029332690893503,-0.0003846041613714653
2026-02-01T18:00:00Z,-7.609444,112.595556,0.0007262403230694756,-0.0028639161932383,-0.0004307424642172087
2026-02-01T21:00:00Z,-7.609444,112.595556,0.0006913955351394334,-0.0027906721258636,-0.0006183805846847946
2026-02-02T00:00:00Z,-7.609444,112.595556,0.0006905923682885298,-0.0027324422244206,-0.0006800430645342588
2026-02-02T03:00:00Z,-7.609444,112.595556,0.0007077639908892473,-0.0026026739954998,-0.0006911135550552257
2026-02-02T06:00:00Z,-7.609444,112.595556,0.0006690987619279475,-0.0025339180841553,-0.0006594771437177641
2026-02-02T09:00:00Z,-7.609444,112.595556,0.0006562630497633003,-0.0025501960220656,-0.0006360322527838881
2026-02-02T12:00:00Z,-7.609444,112.595556,0.0006473715835012634,-0.0025172709252631,-0.000667982664337454
2026-02-02T15:00:00Z,-7.609444,112.595556,0.0006195156399714715,-0.0024382254972928,-0.0006296755757302111
2026-02-02T18:00:00Z,-7.609444,112.595556,0.0004537554308678944,-0.0023488994580042,-0.000691800925442472
2026-02-02T21:00:00Z,-7.609444,112.595556,0.0004015168951697329,-0.0023745478674614,-0.0007531340797031767
2026-02-03T00:00:00Z,-7.609444,112.595556,0.0003658626439603503,-0.0024443971516242,-0.0006701920850108434
2026-02-03T03:00:00Z,-7.609444,112.595556,0.0004018266915896409,-0.0024334692241038,-0.000485979704022624
2026-02-03T06:00:00Z,-7.609444,112.595556,0.0003448721244173647,-0.0024516227962469,-0.0003409820668726372
2026-02-03T09:00:00Z,-7.609444,112.595556,0.0003052981696727892,-0.0025166878422132,-0.00019564097832322464
2026-02-03T12:00:00Z,-7.609444,112.595556,0.0003511575083196183,-0.0026006117224949,-8.303288219138627e-05
2026-02-03T15:00:00Z,-7.609444,112.595556,0.00043532462162027344,-0.0026314647645446,0.00010071815653608509
2026-02-03T18:00:00Z,-7.609444,112.595556,0.0003661245726848273,-0.0026300617668913,0.00019028000725929383
2026-02-03T21:00:00Z,-7.609444,112.595556,0.0003546726456125623,-0.0026209047930142,9.026438150696646e-05
2026-02-04T00:00:00Z,-7.609444,112.595556,0.0003288061051504123,-0.0026114693514858,0.00014499836754739264
2026-02-04T03:00:00Z,-7.609444,112.595556,0.00031711870880911445,-0.002437733951904,0.00015056484925130803
2026-02-04T06:00:00Z,-7.609444,112.595556,0.00019591544458529307,-0.0023080918169982,9.371422699076113e-05
2026-02-04T09:00:00Z,-7.609444,112.595556,6.36409388621122e-05,-0.0022582732179868,9.299446071668556e-06
2026-02-04T12:00:00Z,-7.609444,112.595556,-3.408044583011763e-05,-0.0022205187257921,-1.2911589899700983e-05
2026-02-04T15:00:00Z,-7.609444,112.595556,-9.313404442372962e-05,-0.0021584210992842,-1.2847972822816018e-05
2026-02-04T18:00:00Z,-7.609444,112.595556,-0.00025817128547737386,-0.0020108666240625,4.5199706122496485e-05
2026-02-04T21:00:00Z,-7.609444,112.595556,-0.0003198891049264633,-0.001875392007205,-4.26062934340503e-05
2026-02-05T00:00:00Z,-7.609444,112.595556,-0.0003576960550552265,-0.0017382453577436,-0.00010946487865129884
2026-02-05T03:00:00Z,-7.609444,112.595556,-0.00034682039281014,-0.0015385744180661,-0.000151897090361708
2026-02-05T06:00:00Z,-7.609444,112.595556,-0.0003797396849018712,-0.0014399487526962,-0.00023949083853347787
2026-02-05T09:00:00Z,-7.609444,112.595556,-0.00035422895623900296,-0.0014344678175736,-0.0004324164248332584
2026-02-05T12:00:00Z,-7.609444,112.595556,-0.0003693512830220887,-0.0014397582680387,-0.000588182470071496
2026-02-05T15:00:00Z,-7.609444,112.595556,-0.00032196414644373187,-0.001298980835861,-0.0006570817274019195
2026-02-05T18:00:00Z,-7.609444,112.595556,-0.0003734278267580958,-0.0011413089937119,-0.0006656772938182772
2026-02-05T21:00:00Z,-7.609444,112.595556,-0.0003535570945127918,-0.0010158650986055,-0.0008253495254462279
2026-02-06T00:00:00Z,-7.609444,112.595556,-0.0002788520713387703,-0.0009443285299201192,-0.0007560484934598912
2026-02-06T03:00:00Z,-7.609444,112.595556,-0.0001533121206711373,-0.000877564078332023,-0.0005543015616181079
2026-02-06T06:00:00Z,-7.609444,112.595556,-4.749766688682021e-05,-0.0008979025239552404,-0.0004195984048005912
2026-02-06T09:00:00Z,-7.609444,112.595556,0.00010435689693025212,-0.0010142631704346,-0.0003963540777989651
2026-02-06T12:00:00Z,-7.609444,112.595556,0.0001790180574365376,-0.001048650513242,-0.0003745578308454578
2026-02-06T15:00:00Z,-7.609444,112.595556,0.0003164997933785895,-0.0010540984367753,-0.00029886106528811886
2026-02-06T18:00:00Z,-7.609444,112.595556,0.0003884423965528404,-0.0010585686767731,-0.00016244018017503017
2026-02-06T21:00:00Z,-7.609444,112.595556,0.0005083708599332861,-0.0010912234777862,-0.0001649546483112581
2026-02-07T00:00:00Z,-7.609444,112.595556,0.0005251627490725776,-0.0011433936805953,-0.00017716872550055924
2026-02-07T03:00:00Z,-7.609444,112.595556,0.0005566341502140739,-0.0010851623251062,-8.652884234305579e-05
2026-02-07T06:00:00Z,-7.609444,112.595556,0.0005234526322803414,-0.0009716047788199182,7.058826036769557e-06
2026-02-07T09:00:00Z,-7.609444,112.595556,0.0004975825789936551,-0.0008796693530851229,0.00013305812506195878
2026-02-07T12:00:00Z,-7.609444,112.595556,0.0004525957033053244,-0.000720308014263475,0.00027231180081026805
2026-02-07T15:00:00Z,-7.609444,112.595556,0.00044033826134482775,-0.0005973261989789769,0.0003538307799883855
2026-02-07T18:00:00Z,-7.609444,112.595556,0.0004152316349692161,-0.00047217773978264666,0.000516951540965638
2026-02-07T21:00:00Z,-7.609444,112.595556,0.0004420756915556352,-0.00028275669615292545,0.0006044132292723733
2026-02-08T00:00:00Z,-7.609444,112.595556,0.0003265997432775484,-0.00011588550806186604,0.000516957721138807
2026-02-08T03:00:00Z,-7.609444,112.595556,0.0001755894625938129,9.896696144561952e-05,0.00046463519261414536
2026-02-08T06:00:00Z,-7.609444,112.595556,-6.906994377525901e-06,0.00031557914627440705,0.0005035702259141129
2026-02-08T09:00:00Z,-7.609444,112.595556,-0.00015064012036725092,0.0004946345037957193,0.0004208279588602648
2026-02-08T12:00:00Z,-7.609444,112.595556,-0.00029549290440747053,0.0005713092650633326,0.00047199150240668825
2026-02-08T15:00:00Z,-7.609444,112.595556,-0.00041406593189917857,0.0006870883788239186,0.0006755319580054856
2026-02-08T18:00:00Z,-7.609444,112.595556,-0.0006134406944999336,0.000894358266265025,0.0007783202651477325
2026-02-08T21:00:00Z,-7.609444,112.595556,-0.0006897681623772006,0.0010719566468544,0.0007438257160739534
2026-02-09T00:00:00Z,-7.609444,112.595556,-0.0007383090453156968,0.0012263652403514,0.0007110046102977902
2026-02-09T03:00:00Z,-7.609444,112.595556,-0.0007692175263794992,0.0014184568141672,0.0006375535312741706
2026-02-09T06:00:00Z,-7.609444,112.595556,-0.0007961628284898644,0.0015636067081654,0.0005857624098832975
2026-02-09T09:00:00Z,-7.609444,112.595556,-0.000731694883202198,0.0016335004677187,0.0004480309364082273
2026-02-09T12:00:00Z,-7.609444,112.595556,-0.0007608735904196277,0.0016678128111395,0.00029670852629766075
2026-02-09T15:00:00Z,-7.609444,112.595556,-0.0007639195712911867,0.0017391883680554,0.00019627184290684605
2026-02-09T18:00:00Z,-7.609444,112.595556,-0.0008318468272762339,0.0018795477662912,6.099926888223509e-05
2026-02-09T21:00:00Z,-7.609444,112.595556,-0.0008280911376789428,0.0019280725268047,-0.00017588398679222716
2026-02-10T00:00:00Z,-7.609444,112.595556,-0.0007922317348638695,0.0019146647450368,-0.00023062179081549447
2026-02-10T03:00:00Z,-7.609444,112.595556,-0.0007252520574481458,0.0019386197292454,-0.00028428479381896064
2026-02-10T06:00:00Z,-7.609444,112.595556,-0.0007076201440736336,0.0018998015909723,-0.0003899330623055382
2026-02-10T09:00:00Z,-7.609444,112.595556,-0.0005731686570305411,0.0018165974531092,-0.0005858255509732154
2026-02-10T12:00:00Z,-7.609444,112.595556,-0.0004589555388202194,0.0017780887560673,-0.0005992692371856114
2026-02-10T15:00:00Z,-7.609444,112.595556,-0.0003258679582905075,0.0017852278150256,-0.0007002347793320037
2026-02-10T18:00:00Z,-7.609444,112.595556,-0.0003429164415249186,0.0018696128444416,-0.0007916527353150223
2026-02-10T21:00:00Z,-7.609444,112.595556,-0.0002820157629370777,0.0018643610999646,-0.0010971479439567
2026-02-11T00:00:00Z,-7.609444,112.595556,-0.00021494700331109676,0.0018322139587393,-0.0010749311089344
2026-02-11T03:00:00Z,-7.609444,112.595556,-0.00011992777672889086,0.0018568963127675,-0.0010439105974917
2026-02-11T06:00:00Z,-7.609444,112.595556,-8.680110007318272e-05,0.0018447990917099,-0.0009445456615446329
2026-02-11T09:00:00Z,-7.609444,112.595556,-5.37076522390411e-06,0.0018133871833486,-0.0008514941921175443
2026-02-11T12:00:00Z,-7.609444,112.595556,6.697707615054951e-05,0.0018047915752161,-0.0006300413620037857
2026-02-11T15:00:00Z,-7.609444,112.595556,0.00014984567727558288,0.0018135875459333,-0.000533918862136114
2026-02-11T18:00:00Z,-7.609444,112.595556,0.0001073621434770806,0.001783047152273,-0.00040809124288394697
2026-02-11T21:00:00Z,-7.609444,112.595556,0.00010771858179150352,0.0016920366404987,-0.00046818774827314777
2026-02-12T00:00:00Z,-7.609444,112.595556,0.00010880319676661508,0.0015671250482545,-0.0003270855940811345
2026-02-12T03:00:00Z,-7.609444,112.595556,8.970185587113128e-05,0.0015073649133739,-0.0002798056044024201
2026-02-12T06:00:00Z,-7.609444,112.595556,-6.220206229472702e-05,0.0015124315561536,-0.000251101503940003
2026-02-12T09:00:00Z,-7.609444,112.595556,-0.00017129992490825936,0.0014555148211548,-0.00023475204569169117
2026-02-12T12:00:00Z,-7.609444,112.595556,-0.0002620797007579094,0.0013742419061103,-0.0001705730925067446
2026-02-12T15:00:00Z,-7.609444,112.595556,-0.0003431317352479036,0.0013202175152938,-0.0001110093200520112
2026-02-12T18:00:00Z,-7.609444,112.595556,-0.0004676870231467201,0.001251914913532,6.021354418544373e-05
2026-02-12T21:00:00Z,-7.609444,112.595556,-0.0004991549325269061,0.0011972930838783,6.619664600092384e-05
2026-02-13T00:00:00Z,-7.609444,112.595556,-0.0005787746036136017,0.0011958450022173,0.0002108832761120889
2026-02-13T03:00:00Z,-7.609444,112.595556,-0.0007347026686195121,0.0012412435666396,0.00024707983878125066
2026-02-13T06:00:00Z,-7.609444,112.595556,-0.0008682941375812028,0.0011664437742731,7.662190657910267e-05
2026-02-13T09:00:00Z,-7.609444,112.595556,-0.000980642964542833,0.0010800458606564,-0.00011070783354422662
2026-02-13T12:00:00Z,-7.609444,112.595556,-0.0010916625066685,0.000929670584702084,-2.080301686619604e-05
2026-02-13T15:00:00Z,-7.609444,112.595556,-0.0011792140307275,0.0007888170472141704,-8.769011417689259e-05
2026-02-13T18:00:00Z,-7.609444,112.595556,-0.0013207456965967,0.0007127389796382811,-0.00012922009522781387
2026-02-13T21:00:00Z,-7.609444,112.595556,-0.0013094095194221,0.000602783177350065,-0.0002624858623628378
2026-02-14T00:00:00Z,-7.609444,112.595556,-0.0012734052146118,0.00044263953478194354,-0.0001832381929078928
2026-02-14T03:00:00Z,-7.609444,112.595556,-0.0011564998535681,0.0003015201127843627,-3.6610773551998136e-05
2026-02-14T06:00:00Z,-7.609444,112.595556,-0.0010643925821293,0.00014858701409736522,9.673529165584466e-06
2026-02-14T09:00:00Z,-7.609444,112.595556,-0.000924897188264378,-8.969045901519908e-06,-8.855940684319695e-05
2026-02-14T12:00:00Z,-7.609444,112.595556,-0.0007436438596147326,-0.00024202501970503127,-5.55073058474594e-05
2026-02-14T15:00:00Z,-7.609444,112.595556,-0.0005177084023662609,-0.00042426382755446406,9.792775730350004e-06
2026-02-14T18:00:00Z,-7.609444,112.595556,-0.0003819656211941464,-0.0005369023203054099,7.401438937622271e-05
2026-02-14T21:00:00Z,-7.609444,112.595556,-0.00024042117095550612,-0.0007052916464655183,4.485621831375191e-05
2026-02-15T00:00:00Z,-7.609444,112.595556,-5.326098110427396e-05,-0.000888752054591196,0.00017100853530987038
2026-02-15T03:00:00Z,-7.609444,112.595556,0.00019371304662297253,-0.0011050589071495,0.0002606775409170712
2026-02-15T06:00:00Z,-7.609444,112.595556,0.000285862425051794,-0.0011146129316423,0.0003774278635549557
2026-02-15T09:00:00Z,-7.609444,112.595556,0.0003891819476762054,-0.0011537210257911,0.00034906597779131733
2026-02-15T12:00:00Z,-7.609444,112.595556,0.0005152521407319316,-0.0012005424437252,0.00043690048127634966
2026-02-15T15:00:00Z,-7.609444,112.595556,0.0005773975133196892,-0.0011757390634231,0.0004596568432904672
2026-02-15T18:00:00Z,-7.609444,112.595556,0.0005828387101345029,-0.001093232655833,0.0004890535026896223
2026-02-15T21:00:00Z,-7.609444,112.595556,0.000610613928705165,-0.0010195641716309,0.0003933841456137867
2026-02-16T00:00:00Z,-7.609444,112.595556,0.0005917202026749484,-0.0009909250282444536,0.0003965356003497113
2026-02-16T03:00:00Z,-7.609444,112.595556,0.0005992779063351846,-0.0008637944670975093,0.0004915642075748788
2026-02-16T06:00:00Z,-7.609444,112.595556,0.0005364240043046653,-0.0006969906653678622,0.0004732124070207581
2026-02-16T09:00:00Z,-7.609444,112.595556,0.0004754115068975964,-0.0005955304116564404,0.0004454522586100222
2026-02-16T12:00:00Z,-7.609444,112.595556,0.00040733720142009314,-0.0005389736287593899,0.0005985965716967449
2026-02-16T15:00:00Z,-7.609444,112.595556,0.0004111880887892365,-0.00045355499681067047,0.0006465203335243528
2026-02-16T18:00:00Z,-7.609444,112.595556,0.0003671632397584224,-0.0002979676835245989,0.0006714433396228048
2026-02-16T21:00:00Z,-7.609444,112.595556,0.0003434451606271967,-0.00017342646618541337,0.0005691041036562771
2026-02-17T00:00:00Z,-7.609444,112.595556,0.0003173308249847604,-4.251090921688962e-05,0.0005478968791702256
2026-02-17T03:00:00Z,-7.609444,112.595556,0.0003496542899922917,0.00010374475960311396,0.000530386339049158
2026-02-17T06:00:00Z,-7.609444,112.595556,0.0003757494299278092,0.00024523790176084827,0.0004228438930556572
2026-02-17T09:00:00Z,-7.609444,112.595556,0.00039301579292655534,0.0003386786896823676,0.00032702098478141334
2026-02-17T12:00:00Z,-7.609444,112.595556,0.0003303817350577904,0.0004103836078763687,0.0003678405799149218
2026-02-17T15:00:00Z,-7.609444,112.595556,0.00034701965855318806,0.0005476271847924556,0.0003052630303455772
2026-02-17T18:00:00Z,-7.609444,112.595556,0.0002542418654996402,0.0007456823391630809,0.00021682238296266048
2026-02-17T21:00:00Z,-7.609444,112.595556,0.00019411932932201936,0.0009265329011043024,4.909709053111447e-05
2026-02-18T00:00:00Z,-7.609444,112.595556,0.00017916243517559883,0.0010475195711578,5.7165802220118174e-05
2026-02-18T03:00:00Z,-7.609444,112.595556,0.00019787367714306167,0.0012079201316251,0.000102456960632859
2026-02-18T06:00:00Z,-7.609444,112.595556,0.00018296354091696624,0.0013996991414894,-8.064971419778923e-05
2026-02-18T09:00:00Z,-7.609444,112.595556,0.00023868234082693253,0.0015055474758684,-0.00015329490657796857
2026-02-18T12:00:00Z,-7.609444,112.595556,0.0002690931299583919,0.0016411246953498,-0.00018196159258063947
2026-02-18T15:00:00Z,-7.609444,112.595556,0.00039155265688080624,0.0017737454680065,-0.00016112855604843187
2026-02-18T18:00:00Z,-7.609444,112.595556,0.0003938547320949075,0.0017853826459476,-0.0003121947969159122
2026-02-18T21:00:00Z,-7.609444,112.595556,0.00040979883802662304,0.0017677513827359,-0.0005735027256925506
2026-02-19T00:00:00Z,-7.609444,112.595556,0.0004518367124803442,0.0016601930020799,-0.0005373742682181201
2026-02-19T03:00:00Z,-7.609444,112.595556,0.0005330049616565868,0.0015983719032721,-0.0005734202776987793
2026-02-19T06:00:00Z,-7.609444,112.595556,0.0005318274496130237,0.0015372978493613,-0.0006622641545004359
2026-02-19T09:00:00Z,-7.609444,112.595556,0.0005446710741159332,0.0014501564559184,-0.0007009785802168164
2026-02-19T12:00:00Z,-7.609444,112.595556,0.0005975393427209202,0.0012793307881598,-0.0004869929931253695
2026-02-19T15:00:00Z,-7.609444,112.595556,0.0008023404490921192,0.0011428436907362,-0.00040324644169513664
2026-02-19T18:00:00Z,-7.609444,112.595556,0.000983372949127786,0.0009799154251743352,-0.00029684939257561055
2026-02-19T21:00:00Z,-7.609444,112.595556,0.0012061661924853,0.0008091455524061393,-0.00019827732816770835
2026-02-20T00:00:00Z,-7.609444,112.595556,0.0014420537818126,0.0006192019037815638,-5.725895166809e-05
2026-02-20T03:00:00Z,-7.609444,112.595556,0.0017565783780704,0.0004124912407253302,9.15396864696033e-05
2026-02-20T06:00:00Z,-7.609444,112.595556,0.0018953470628337,0.00018975279681367104,0.000186197384305694
2026-02-20T09:00:00Z,-7.609444,112.595556,0.002017953282451,-9.896534171220713e-05,0.000373576951042658
2026-02-20T12:00:00Z,-7.609444,112.595556,0.0020022191276602,-0.0003718121511282784,0.0005914325700686483
2026-02-20T15:00:00Z,-7.609444,112.595556,0.001973191589817,-0.0005692034632696039,0.000808282003126354
2026-02-20T18:00:00Z,-7.609444,112.595556,0.0018360632669807,-0.0008383695608306301,0.0010355461102432
2026-02-20T21:00:00Z,-7.609444,112.595556,0.0017893085388793,-0.0011550240034927,0.0014156393388662
2026-02-21T00:00:00Z,-7.609444,112.595556,0.001731621712417,-0.0015066211353306,0.0018199539646899
2026-02-21T03:00:00Z,-7.609444,112.595556,0.0016475914619003,-0.0018579039706607,0.0021562646229223
2026-02-21T06:00:00Z,-7.609444,112.595556,0.0015377557493089,-0.00220085687281,0.0024294325028831
2026-02-21T09:00:00Z,-7.609444,112.595556,0.0014684314891122,-0.0025777994632734,0.0025879675153453
2026-02-21T12:00:00Z,-7.609444,112.595556,0.0013136936632972,-0.0028812052861467,0.0029934727651847
2026-02-21T15:00:00Z,-7.609444,112.595556,0.001154545004839,-0.0030825950023876,0.0031906552443931
2026-02-21T18:00:00Z,-7.609444,112.595556,0.0009513680828632772,-0.0031878615730768,0.0033428311653137
2026-02-21T21:00:00Z,-7.609444,112.595556,0.0008233994114281841,-0.0032893986278167,0.0033981666584475
2026-02-22T00:00:00Z,-7.609444,112.595556,0.0006892900085857745,-0.0033456627858533,0.0035760628717243
2026-02-22T03:00:00Z,-7.609444,112.595556,0.0005259344449498664,-0.0033484615802221,0.0036650946183221
2026-02-22T06:00:00Z,-7.609444,112.595556,0.0003185595779117042,-0.0033025243870069,0.0036373191437594
2026-02-22T09:00:00Z,-7.609444,112.595556,0.00023971224788323973,-0.0033238882056873,0.0036250542495106
2026-02-22T12:00:00Z,-7.609444,112.595556,0.00017718138499397135,-0.0033595060540089,0.0036508153790194
2026-02-22T15:00:00Z,-7.609444,112.595556,0.00010426797842098689,-0.0032868255948987,0.0035757841779225
2026-02-22T18:00:00Z,-7.609444,112.595556,2.1611281520605076e-05,-0.0032350722964875,0.0035411195060258
2026-02-22T21:00:00Z,-7.609444,112.595556,-4.090809066079021e-05,-0.0031671559445645,0.0032854796663418
2026-02-23T00:00:00Z,-7.609444,112.595556,-9.748909185769806e-05,-0.0030809610367478,0.0031302633482041
2026-02-23T03:00:00Z,-7.609444,112.595556,-0.000176253920454275,-0.0030054363367109,0.0028334989777949
2026-02-23T06:00:00Z,-7.609444,112.595556,-0.0003030962530458873,-0.0029512712847458,0.0026009122466269
2026-02-23T09:00:00Z,-7.609444,112.595556,-0.00033551472221665966,-0.0029130777433272,0.002261303623417
2026-02-23T12:00:00Z,-7.609444,112.595556,-0.0002833441808380052,-0.0028860255941107,0.0020462692704938
2026-02-23T15:00:00Z,-7.609444,112.595556,-0.0001556787174157947,-0.0028227718837632,0.0019794051519835
2026-02-23T18:00:00Z,-7.609444,112.595556,-0.00014482945701403625,-0.0027416333512728,0.001866621274876
2026-02-23T21:00:00Z,-7.609444,112.595556,-0.00010203022582854236,-0.0025658375134993,0.001488199328161
2026-02-24T00:00:00Z,-7.609444,112.595556,-2.4684118875270165e-05,-0.0024898189769733,0.0012706831377622
2026-02-24T03:00:00Z,-7.609444,112.595556,0.00016703332629520093,-0.0024161165525244,0.000948262442778696
2026-02-24T06:00:00Z,-7.609444,112.595556,0.0002547656249258897,-0.0023534416473968,0.0006744364353968962
2026-02-24T09:00:00Z,-7.609444,112.595556,0.00029947706821656963,-0.0023256287530393,0.0003120824937761592
2026-02-24T12:00:00Z,-7.609444,112.595556,0.00041488832665315887,-0.0022966025743811,5.276949152876072e-05
2026-02-24T15:00:00Z,-7.609444,112.595556,0.0005874872910269094,-0.0022941477006193,-0.0001660406419877705
2026-02-24T18:00:00Z,-7.609444,112.595556,0.0006338749374594051,-0.0022707013815629,-0.00025192802782354225
2026-02-24T21:00:00Z,-7.609444,112.595556,0.0007130820313959038,-0.0022455318351219,-0.000361187548481038
2026-02-25T00:00:00Z,-7.609444,112.595556,0.0008477414077216831,-0.0022756044361014,-0.0003060350805460565
2026-02-25T03:00:00Z,-7.609444,112.595556,0.0010291227299956,-0.0022840731710547,-0.00028022351803223334
2026-02-25T06:00:00Z,-7.609444,112.595556,0.0010585893082452,-0.002224411076195,-0.0003211742903130016
2026-02-25T09:00:00Z,-7.609444,112.595556,0.001077537444257,-0.0021551003841718,-0.0004133999036334418
2026-02-25T12:00:00Z,-7.609444,112.595556,0.0011929642639241,-0.00217588763022,-0.0003699873594282886
2026-02-25T15:00:00Z,-7.609444,112.595556,0.0013563920659716,-0.0022251369446032,-0.00028502125750181983
2026-02-25T18:00:00Z,-7.609444,112.595556,0.0013587143972844,-0.0023210865149107,-0.0001949768636142948
2026-02-25T21:00:00Z,-7.609444,112.595556,0.0013751573701355,-0.0023806615352962,-8.762866404473513e-05
2026-02-26T00:00:00Z,-7.609444,112.595556,0.001333666394436,-0.0024547155570576,9.130509947899212e-05
2026-02-26T03:00:00Z,-7.609444,112.595556,0.0012891174554589,-0.0024714808446323,0.00025921809526630566
2026-02-26T06:00:00Z,-7.609444,112.595556,0.0012324958114905,-0.0024159972877495,0.000469459982772272
2026-02-26T09:00:00Z,-7.609444,112.595556,0.0012297869689032,-0.0023859450625376,0.000748009400573902
2026-02-26T12:00:00Z,-7.609444,112.595556,0.0012405888380969,-0.0024291499167035,0.0010652178300725
2026-02-26T15:00:00Z,-7.609444,112.595556,0.001221564867749,-0.0025177243113047,0.0013034434679069
2026-02-26T18:00:00Z,-7.609444,112.595556,0.0011126247678451,-0.0025777023122662,0.0013867141483933
2026-02-26T21:00:00Z,-7.609444,112.595556,0.001072526759498,-0.0026087445393046,0.0014329740741586
2026-02-27T00:00:00Z,-7.609444,112.595556,0.00099697934849211,-0.0026734310212982,0.0015546843414844
2026-02-27T03:00:00Z,-7.609444,112.595556,0.000861754776618471,-0.0026879751492114,0.0016041709930416
2026-02-27T06:00:00Z,-7.609444,112.595556,0.0006614908153405854,-0.0026898053291602,0.0016271675923759
2026-02-27T09:00:00Z,-7.609444,112.595556,0.0005204358314661462,-0.0026679642842639,0.0016058606902008
2026-02-27T12:00:00Z,-7.609444,112.595556,0.000411806068628662,-0.0027093599405487,0.0017636471008793
2026-02-27T15:00:00Z,-7.609444,112.595556,0.00029228282845111776,-0.0027252297051951,0.0018590064836206
2026-02-27T18:00:00Z,-7.609444,112.595556,0.00015062853493096694,-0.00268158132555,0.001936662067748
2026-02-27T21:00:00Z,-7.609444,112.595556,0.00011463314148012256,-0.0026452409399712,0.0019304791788762
2026-02-28T00:00:00Z,-7.609444,112.595556,0.00010642686228129708,-0.0026710963651755,0.0019671239002477
2026-02-28T03:00:00Z,-7.609444,112.595556,7.429144662359871e-05,-0.0027351105943466,0.0018639600298036
2026-02-28T06:00:00Z,-7.609444,112.595556,3.524234452453785e-05,-0.0027506072151109,0.0017618672816343
2026-02-28T09:00:00Z,-7.609444,112.595556,8.2932638202712e-05,-0.0028215952078302,0.0016356938994437
2026-02-28T12:00:00Z,-7.609444,112.595556,0.00011362016922370906,-0.002924579334699,0.001651801944221
2026-02-28T15:00:00Z,-7.609444,112.595556,0.000178644227638029,-0.0030427495685591,0.0016573748437734
2026-02-28T18:00:00Z,-7.609444,112.595556,0.00011234354731301348,-0.0031008835474763,0.0017484413099032
2026-02-28T21:00:00Z,-7.609444,112.595556,7.015956927490582e-05,-0.0031258740018867,0.0017259338088703
2026-03-01T00:00:00Z,-7.609444,112.595556,0.00010767513696918444,-0.0032629581789021,0.0018026451250923
2026-03-01T03:00:00Z,-7.609444,112.595556,0.0001585771415192675,-0.0033965651520543,0.001865274708653
2026-03-01T06:00:00Z,-7.609444,112.595556,0.00016685032936960683,-0.0034700364015742,0.0018602797407547
2026-03-01T09:00:00Z,-7.609444,112.595556,0.00024164195856458205,-0.0035872131723036,0.0018308926605425
2026-03-01T12:00:00Z,-7.609444,112.595556,0.00030841324759938414,-0.0037127132821329,0.0017137852893362
2026-03-01T15:00:00Z,-7.609444,112.595556,0.0004012078643174175,-0.003828865937834,0.0016332517618904
2026-03-01T18:00:00Z,-7.609444,112.595556,0.00037149700462605,-0.003784151832998,0.0015778878018614
2026-03-01T21:00:00Z,-7.609444,112.595556,0.0003777958975620983,-0.0037288941928603,0.0014104835743603
2026-03-02T00:00:00Z,-7.609444,112.595556,0.0003679820511349593,-0.003746812624317,0.0011710839739268
2026-03-02T03:00:00Z,-7.609444,112.595556,0.00034370127023683467,-0.0037314210365202,0.0010301739178883
2026-03-02T06:00:00Z,-7.609444,112.595556,0.00030879055497455847,-0.0036867938536316,0.00100383643452
2026-03-02T09:00:00Z,-7.609444,112.595556,0.00035297422603330263,-0.0036631640844974,0.0007778732901444185
2026-03-02T12:00:00Z,-7.609444,112.595556,0.0004184793181120249,-0.0037144002934766,0.0007726504423839395
2026-03-02T15:00:00Z,-7.609444,112.595556,0.0004937599351273919,-0.0037357835558462,0.0007392892426270269
2026-03-02T18:00:00Z,-7.609444,112.595556,0.0005023671205069578,-0.0036738989888307,0.0007412350727646431
2026-03-02T21:00:00Z,-7.609444,112.595556,0.0005667910790622825,-0.0036554428210496,0.0005972059406779579
2026-03-03T00:00:00Z,-7.609444,112.595556,0.0005643761391324117,-0.003638018931581,0.0005939834714452271
2026-03-03T03:00:00Z,-7.609444,112.595556,0.0005626556639822558,-0.0036019462473108,0.0005324740677924726
2026-03-03T06:00:00Z,-7.609444,112.595556,0.0005356054764002248,-0.0035145545253046,0.0005029474995871963
2026-03-03T09:00:00Z,-7.609444,112.595556,0.0006081247787642992,-0.0034704222154313,0.0003460622790448934
2026-03-03T12:00:00Z,-7.609444,112.595556,0.0006283318372286928,-0.0034434841392062,0.0003342948008335701
2026-03-03T15:00:00Z,-7.609444,112.595556,0.0006607937653582956,-0.0033755186540658,0.0002890592901861861
2026-03-03T18:00:00Z,-7.609444,112.595556,0.0006663332348983619,-0.0032599739498172,0.00022678099316259675
2026-03-03T21:00:00Z,-7.609444,112.595556,0.0007580478302807332,-0.0030940264666488,0.00020917672462445876
2026-03-04T00:00:00Z,-7.609444,112.595556,0.0007252395987784843,-0.0030202081376603,0.0003631738844785048
2026-03-04T03:00:00Z,-7.609444,112.595556,0.0007226690444357605,-0.0029107058035801,0.0004322283302979476
2026-03-04T06:00:00Z,-7.609444,112.595556,0.0007048276792445637,-0.0027422544352506,0.0004752905367829579
2026-03-04T09:00:00Z,-7.609444,112.595556,0.0008106159916266331,-0.0026698805689135,0.0005499738607585786
2026-03-04T12:00:00Z,-7.609444,112.595556,0.0008968703193972943,-0.0026374755784817,0.0006751750955911327
2026-03-04T15:00:00Z,-7.609444,112.595556,0.0009815719978152283,-0.0024831788053223,0.0006928237283966938
2026-03-04T18:00:00Z,-7.609444,112.595556,0.0010142465289586,-0.0022380504505636,0.0006199654061454619
2026-03-04T21:00:00Z,-7.609444,112.595556,0.0010957478212212,-0.0020224158261921,0.000672581283239673
2026-03-05T00:00:00Z,-7.609444,112.595556,0.0010255153079009,-0.0018961935633279,0.0007256834820462649
2026-03-05T03:00:00Z,-7.609444,112.595556,0.0009962756366790454,-0.0017604768319499,0.0008233277365320697
2026-03-05T06:00:00Z,-7.609444,112.595556,0.000968352528202837,-0.0016570013232587,0.0007826438364676176
2026-03-05T09:00:00Z,-7.609444,112.595556,0.0009753680199957564,-0.0016069121239361,0.0007859619246262115
2026-03-05T12:00:00Z,-7.609444,112.595556,0.0008828735443666374,-0.0015004667187469,0.0008915298340144033
2026-03-05T15:00:00Z,-7.609444,112.595556,0.0008639528249177527,-0.001383762760302,0.0009257073025096068
2026-03-05T18:00:00Z,-7.609444,112.595556,0.0007949313112462573,-0.0012234250204144,0.0009578664884443676
2026-03-05T21:00:00Z,-7.609444,112.595556,0.0007692214366706817,-0.0011656722614604,0.0010028689131713
2026-03-06T00:00:00Z,-7.609444,112.595556,0.0007372769330233934,-0.0012307076637756,0.0011413755195566
2026-03-06T03:00:00Z,-7.609444,112.595556,0.0007188244456575809,-0.0012756934847932,0.0010875931432857
2026-03-06T06:00:00Z,-7.609444,112.595556,0.0006817060754193344,-0.001254515661304,0.0010304353586712
2026-03-06T09:00:00Z,-7.609444,112.595556,0.0006959889403943746,-0.0011638577529707,0.0009359409752489036
2026-03-06T12:00:00Z,-7.609444,112.595556,0.0006084923499681482,-0.0010803789001386,0.0008505669003404577
2026-03-06T15:00:00Z,-7.609444,112.595556,0.000651122466480197,-0.0009986590319919632,0.0007426972093254496
2026-03-06T18:00:00Z,-7.609444,112.595556,0.0006187445959223688,-0.000915786303368488,0.0006549831314329041
2026-03-06T21:00:00Z,-7.609444,112.595556,0.0006262505749058858,-0.0008699682344533917,0.0005377608633455923
2026-03-07T00:00:00Z,-7.609444,112.595556,0.0006430448809764931,-0.0007954974890961297,0.0004399255804564859
2026-03-07T03:00:00Z,-7.609444,112.595556,0.0007165007389672201,-0.0006668432426491538,0.00021297755114347747
2026-03-07T06:00:00Z,-7.609444,112.595556,0.0007313237440055267,-0.0004370322236246717,6.557978158250311e-05
2026-03-07T09:00:00Z,-7.609444,112.595556,0.0007611998765964153,-0.00030469432568862705,-0.0002292827814826764
2026-03-07T12:00:00Z,-7.609444,112.595556,0.0007802229973407312,-0.0002855723174573117,-0.0005436838888990025
2026-03-07T15:00:00Z,-7.609444,112.595556,0.0008977756969929247,-0.0003245929630275265,-0.0007753507127124564
2026-03-07T18:00:00Z,-7.609444,112.595556,0.0008863870058554011,-0.0003430210500419511,-0.0008333072777528802
2026-03-07T21:00:00Z,-7.609444,112.595556,0.0008729724930712188,-0.0003908422393100537,-0.0010076574537356
2026-03-08T00:00:00Z,-7.609444,112.595556,0.0008768046539574865,-0.00041672979864115984,-0.0010317241628955
2026-03-08T03:00:00Z,-7.609444,112.595556,0.000942372997177235,-0.0004662501947913686,-0.0010111535550664
2026-03-08T06:00:00Z,-7.609444,112.595556,0.0009250791840220168,-0.0005235947118242467,-0.0009901956256359635
2026-03-08T09:00:00Z,-7.609444,112.595556,0.0009607046265947384,-0.0006180239106709323,-0.0010511979638467
2026-03-08T12:00:00Z,-7.609444,112.595556,0.0009835934850863368,-0.0007715976685997554,-0.0010437942670918
2026-03-08T15:00:00Z,-7.609444,112.595556,0.0010419739648639,-0.0008922339586510571,-0.0010854730218619
2026-03-08T18:00:00Z,-7.609444,112.595556,0.0009680515837186712,-0.0008833740423937962,-0.0011345851581376
2026-03-08T21:00:00Z,-7.609444,112.595556,0.0008638262029221923,-0.0008270842889437586,-0.0012327387115033
2026-03-09T00:00:00Z,-7.609444,112.595556,0.0007353840333547443,-0.000798182448280683,-0.0011641615522997
2026-03-09T03:00:00Z,-7.609444,112.595556,0.0006939890265062165,-0.0008411326280027856,-0.0010847093967455
2026-03-09T06:00:00Z,-7.609444,112.595556,0.0005925642522605425,-0.0008160785352555392,-0.0010392794429413
2026-03-09T09:00:00Z,-7.609444,112.595556,0.0005838854967247072,-0.0007959374113637648,-0.000963935517359059
2026-03-09T12:00:00Z,-7.609444,112.595556,0.0005690554544406593,-0.0007820076313430004,-0.0008641100032595035
2026-03-09T15:00:00Z,-7.609444,112.595556,0.0005897120354756427,-0.0007212898267477638,-0.000767173982750381
2026-03-09T18:00:00Z,-7.609444,112.595556,0.0005639432425686566,-0.0007003465003923728,-0.0007094506971827926
2026-03-09T21:00:00Z,-7.609444,112.595556,0.0006057947337722879,-0.0007940403169075628,-0.0006478340274228031
2026-03-10T00:00:00Z,-7.609444,112.595556,0.0005959383356608618,-0.0009025850772581116,-0.0005935411843693058
2026-03-10T03:00:00Z,-7.609444,112.595556,0.0005938500363093718,-0.000995571846669568,-0.0005244239265979098
2026-03-10T06:00:00Z,-7.609444,112.595556,0.0005678116439451006,-0.0010697602823221,-0.0004888893843465572
2026-03-10T09:00:00Z,-7.609444,112.595556,0.0006249686640080752,-0.0011450155246667,-0.00039497359274206026
2026-03-10T12:00:00Z,-7.609444,112.595556,0.0006351873652563941,-0.0011814028762621,-0.0002752490059976197
2026-03-10T15:00:00Z,-7.609444,112.595556,0.0006923026217216399,-0.0012714040379426,-0.00017418120839224774
2026-03-10T18:00:00Z,-7.609444,112.595556,0.0007354828087029971,-0.0014826095566845,-9.86875225689492e-05
2026-03-10T21:00:00Z,-7.609444,112.595556,0.000843587516813418,-0.0017186165453424,-4.559461836476412e-05
2026-03-11T00:00:00Z,-7.609444,112.595556,0.0009045185275078882,-0.0019896269924048,0.00011249784371240887
2026-03-11T03:00:00Z,-7.609444,112.595556,0.000929189821533887,-0.0021907591364778,7.548051473357139e-05
2026-03-11T06:00:00Z,-7.609444,112.595556,0.0008815761522475208,-0.0022895657677901,2.328254272062969e-05
2026-03-11T09:00:00Z,-7.609444,112.595556,0.0009099425740806042,-0.0023920131322784,0.00011133925211761574
2026-03-11T12:00:00Z,-7.609444,112.595556,0.0007972174766576527,-0.0025142384455291,7.006889579531769e-05
2026-03-11T15:00:00Z,-7.609444,112.595556,0.0007572210839150384,-0.0026555570264983,0.0001194739899192215
2026-03-11T18:00:00Z,-7.609444,112.595556,0.0006629439934579088,-0.0028940140296062,0.00016380313291363175
2026-03-11T21:00:00Z,-7.609444,112.595556,0.0006469814059444496,-0.0030684275321841,0.0001460285805458244
2026-03-12T00:00:00Z,-7.609444,112.595556,0.0005859567014183019,-0.0031721830644991,0.00029300535943858506
2026-03-12T03:00:00Z,-7.609444,112.595556,0.0005272073045669972,-0.0031706897134104,0.0003103987153906823
2026-03-12T06:00:00Z,-7.609444,112.595556,0.0004685705371031953,-0.003025872421727,0.00018508961983164973
2026-03-12T09:00:00Z,-7.609444,112.595556,0.0004529285451499895,-0.0029934410985213,0.00011311473989311072
2026-03-12T12:00:00Z,-7.609444,112.595556,0.0004249446631811312,-0.0030794881925208,7.378091079940946e-05
2026-03-12T15:00:00Z,-7.609444,112.595556,0.0003510967868882132,-0.003196705768754,-1.5967705777037024e-05
2026-03-12T18:00:00Z,-7.609444,112.595556,0.00016509068964256645,-0.0032080073170645,-0.0002037165654190589
2026-03-12T21:00:00Z,-7.609444,112.595556,6.51030208738799e-05,-0.0031981581722077,-0.0003934350179650156
2026-03-13T00:00:00Z,-7.609444,112.595556,-5.778557907171673e-05,-0.003176373469521,-0.0003040560658158675
2026-03-13T03:00:00Z,-7.609444,112.595556,-0.00019980108096153765,-0.0030819915475476,-0.0003004628488483569
2026-03-13T06:00:00Z,-7.609444,112.595556,-0.0003293398232494908,-0.0029857907806767,-0.0003160782860019775
2026-03-13T09:00:00Z,-7.609444,112.595556,-0.0004002012742807061,-0.0029327400748836,-0.0004880408014073486
2026-03-13T12:00:00Z,-7.609444,112.595556,-0.0004504069758124367,-0.0029340181327936,-0.0006275588752744578
2026-03-13T15:00:00Z,-7.609444,112.595556,-0.000503135823537401,-0.0028843117167592,-0.0006848774552500981
2026-03-13T18:00:00Z,-7.609444,112.595556,-0.0006729838010335985,-0.0027746103371273,-0.0007995472246990268
2026-03-13T21:00:00Z,-7.609444,112.595556,-0.0007576481190373073,-0.0027495241928283,-0.0010230326837387
2026-03-14T00:00:00Z,-7.609444,112.595556,-0.0007899583527066282,-0.0028037661766318,-0.0011169668898567
2026-03-14T03:00:00Z,-7.609444,112.595556,-0.0008111226733041475,-0.0028241659079548,-0.0011761339457032
2026-03-14T06:00:00Z,-7.609444,112.595556,-0.0009076730920278308,-0.0027374459892423,-0.001265607554119
2026-03-14T09:00:00Z,-7.609444,112.595556,-0.0009649223740605108,-0.0026630773043688,-0.0014391291486539
2026-03-14T12:00:00Z,-7.609444,112.595556,-0.0009826537872529102,-0.0026341211525596,-0.0015159087033602
2026-03-14T15:00:00Z,-7.609444,112.595556,-0.000949672368128512,-0.0025779508903108,-0.0014459203876043
2026-03-14T18:00:00Z,-7.609444,112.595556,-0.000982782661743581,-0.0026227615786665,-0.0014091821788791
2026-03-14T21:00:00Z,-7.609444,112.595556,-0.0009766769825855794,-0.0027088141016051,-0.0014098225037363
2026-03-15T00:00:00Z,-7.609444,112.595556,-0.0009241977428486598,-0.0028652189358676,-0.0013067304399751
2026-03-15T03:00:00Z,-7.609444,112.595556,-0.0008601875493905388,-0.0030171187689576,-0.0012463776440639
2026-03-15T06:00:00Z,-7.609444,112.595556,-0.0008660424102237886,-0.0030435198795816,-0.0010909164584751
2026-03-15T09:00:00Z,-7.609444,112.595556,-0.0008412574646872975,-0.003060219056821,-0.0010876136883901
2026-03-15T12:00:00Z,-7.609444,112.595556,-0.0008465438029861194,-0.0031269584914379,-0.0009920498066795696
2026-03-15T15:00:00Z,-7.609444,112.595556,-0.0007905323183969042,-0.003154975606049,-0.0007669106917577756
2026-03-15T18:00:00Z,-7.609444,112.595556,-0.0008100860848211085,-0.003109692359237,-0.0005142987367339448
2026-03-15T21:00:00Z,-7.609444,112.595556,-0.0007676940128602181,-0.0030159479866497,-0.0003842053132013434
2026-03-16T00:00:00Z,-7.609444,112.595556,-0.000735363443097945,-0.0028949707204593,-0.00018579014356057163
2026-03-16T03:00:00Z,-7.609444,112.595556,-0.0007076082490893084,-0.0026512053380035,-0.0002538573708425131
2026-03-16T06:00:00Z,-7.609444,112.595556,-0.0006944327211319733,-0.0024104161479226,-0.00026875954097396623
2026-03-16T09:00:00Z,-7.609444,112.595556,-0.000582002029184804,-0.0022845816173958,-0.0003555753551368638
2026-03-16T12:00:00Z,-7.609444,112.595556,-0.0005789143883505984,-0.0021926623648049,-0.0004126588536115904
2026-03-16T15:00:00Z,-7.609444,112.595556,-0.0004889293938751865,-0.0021075686921347,-0.000452256657008063
2026-03-16T18:00:00Z,-7.609444,112.595556,-0.0005773622211257892,-0.0019619051258822,-0.0006164343405336751
2026-03-16T21:00:00Z,-7.609444,112.595556,-0.0005950231556797356,-0.0017843314704055,-0.0007144057764144037
2026-03-17T00:00:00Z,-7.609444,112.595556,-0.0006703357520754169,-0.0015429075394181,-0.0008201130593541629
2026-03-17T03:00:00Z,-7.609444,112.595556,-0.0007671531932497903,-0.0013270066660607,-0.0010150563945077
2026-03-17T06:00:00Z,-7.609444,112.595556,-0.0008204798121055329,-0.0011415972279802,-0.0011557149021882
2026-03-17T09:00:00Z,-7.609444,112.595556,-0.0007993163962706687,-0.0010403161895665,-0.001252980624742
2026-03-17T12:00:00Z,-7.609444,112.595556,-0.0007831762441079091,-0.0009777933507568,-0.0012827475541426
2026-03-17T15:00:00Z,-7.609444,112.595556,-0.0007114855028662842,-0.0008982644409081821,-0.0013050650006289
2026-03-17T18:00:00Z,-7.609444,112.595556,-0.0007558673982524775,-0.0007807274005219193,-0.0012521666108237
2026-03-17T21:00:00Z,-7.609444,112.595556,-0.0007289031290833424,-0.0007411083276818749,-0.0012226509248328
2026-03-18T00:00:00Z,-7.609444,112.595556,-0.0007272376447722401,-0.0007704289889100761,-0.0012149803004129
2026-03-18T03:00:00Z,-7.609444,112.595556,-0.000699566837740614,-0.0007065367259874215,-0.0012087161030204
2026-03-18T06:00:00Z,-7.609444,112.595556,-0.00071794714565708,-0.0006652709027800605,-0.0010398443317412
2026-03-18T09:00:00Z,-7.609444,112.595556,-0.0006598973123304885,-0.000600472034074632,-0.0011025513755213
2026-03-18T12:00:00Z,-7.609444,112.595556,-0.0006257933167755471,-0.000570014450183472,-0.0011303693393459
2026-03-18T15:00:00Z,-7.609444,112.595556,-0.0005425743788624064,-0.0004580841230306697,-0.000996390382737737
2026-03-18T18:00:00Z,-7.609444,112.595556,-0.0005796313952559672,-0.0003321881788642926,-0.0008347955815949848
2026-03-18T21:00:00Z,-7.609444,112.595556,-0.000552023928344406,-0.00029118435323413616,-0.0007648915041937143
2026-03-19T00:00:00Z,-7.609444,112.595556,-0.0005586656888160513,-0.0002340529942692605,-0.0006868662986327671
2026-03-19T03:00:00Z,-7.609444,112.595556,-0.000545375723753709,-0.0001623599583520143,-0.000736583442467617
2026-03-19T06:00:00Z,-7.609444,112.595556,-0.000630358953221623,-0.00011535771754817276,-0.0006425332205217105
2026-03-19T09:00:00Z,-7.609444,112.595556,-0.0006644610741412017,-6.40100993376767e-05,-0.0007714379715986919
2026-03-19T12:00:00Z,-7.609444,112.595556,-0.0007637846826970871,-2.1030917721260574e-05,-0.0007889956031853248
2026-03-19T15:00:00Z,-7.609444,112.595556,-0.000902526814428116,2.395333852114664e-05,-0.0007652127732991605
2026-03-19T18:00:00Z,-7.609444,112.595556,-0.0011148208029971,5.910272987372166e-05,-0.0007112929537114931
2026-03-19T21:00:00Z,-7.609444,112.595556,-0.0012505077545809,9.744078230214348e-05,-0.000738897871858049
2026-03-20T00:00:00Z,-7.609444,112.595556,-0.0014468711716898,0.0001676093027898269,-0.0008363534065560513
2026-03-20T03:00:00Z,-7.609444,112.595556,-0.0016231877265834,0.00020001561063085328,-0.0009208103185136015
2026-03-20T06:00:00Z,-7.609444,112.595556,-0.0016857873876667,0.00024940629589943086,-0.0008787738818054096
2026-03-20T09:00:00Z,-7.609444,112.595556,-0.0016479215828871,0.0002671293404918766,-0.0010560179609575
2026-03-20T12:00:00Z,-7.609444,112.595556,-0.0016761140741634,0.00024112612540169544,-0.0011251093973006
2026-03-20T15:00:00Z,-7.609444,112.595556,-0.0017506492668004,0.00023229207290720896,-0.0012953931715582
2026-03-20T18:00:00Z,-7.609444,112.595556,-0.0018140363896915,0.00021765436135413876,-0.0013297517050493
2026-03-20T21:00:00Z,-7.609444,112.595556,-0.0018027408697303,0.00025995022431876344,-0.0013612497298651
2026-03-21T00:00:00Z,-7.609444,112.595556,-0.0018772777402308,0.00030135821649460804,-0.0013076560304715
2026-03-21T03:00:00Z,-7.609444,112.595556,-0.0019267406298428,0.0002599203962386544,-0.0013910365158978
2026-03-21T06:00:00Z,-7.609444,112.595556,-0.0019192650467498,0.0002171259791352644,-0.0013946728997499
2026-03-21T09:00:00Z,-7.609444,112.595556,-0.0017903764434161,0.0001553921787084197,-0.0012380249164286
2026-03-21T12:00:00Z,-7.609444,112.595556,-0.001788265414239,0.00016785365762368555,-0.0011503479717047
2026-03-21T15:00:00Z,-7.609444,112.595556,-0.0017196550085149,0.0001639910905047962,-0.0010543800376325
2026-03-21T18:00:00Z,-7.609444,112.595556,-0.00166063105646,0.00018865863498338412,-0.0009757572493254002
2026-03-21T21:00:00Z,-7.609444,112.595556,-0.0015556516943503,0.000214202702130212,-0.000901094493980858
2026-03-22T00:00:00Z,-7.609444,112.595556,-0.0015368526500367,0.00023844684795813227,-0.0008330185988424752
2026-03-22T03:00:00Z,-7.609444,112.595556,-0.0015889166416091,0.0002327588578953333,-0.0008971771918623975
2026-03-22T06:00:00Z,-7.609444,112.595556,-0.0015530812497074,0.00018568763627532344,-0.0009269955005087198
2026-03-22T09:00:00Z,-7.609444,112.595556,-0.0014785954381718,0.0001691982603596181,-0.00095029978279388
2026-03-22T12:00:00Z,-7.609444,112.595556,-0.0015529152694567,0.00017318904977276482,-0.0008791782441137408
2026-03-22T15:00:00Z,-7.609444,112.595556,-0.0015909497865869,0.00010638141110989204,-0.0007152720151997741
2026-03-22T18:00:00Z,-7.609444,112.595556,-0.0016484279114906,9.85234711678646e-05,-0.0005820302918801177
2026-03-22T21:00:00Z,-7.609444,112.595556,-0.0015918863438159,5.3883346211335295e-05,-0.0004664422103338082
2026-03-23T00:00:00Z,-7.609444,112.595556,-0.0016021679069946,3.5964226698185374e-05,-0.00033196926375971816
2026-03-23T03:00:00Z,-7.609444,112.595556,-0.0016121903739104,4.177698498240596e-05,-0.0001655221341321322
2026-03-23T06:00:00Z,-7.609444,112.595556,-0.0015849551570787,6.367381814570182e-05,-5.802254673185087e-05
2026-03-23T09:00:00Z,-7.609444,112.595556,-0.0014587479108377,6.530316223274133e-05,-5.578539763108044e-05
2026-03-23T12:00:00Z,-7.609444,112.595556,-0.001452244716809,-1.1119044894307696e-06,-2.4514063155234758e-05
2026-03-23T15:00:00Z,-7.609444,112.595556,-0.0013592890146769,-3.114196091474635e-05,0.00020886016896513103
2026-03-23T18:00:00Z,-7.609444,112.595556,-0.0013615845808222,-8.544130745041392e-06,0.0003394702394119915
2026-03-23T21:00:00Z,-7.609444,112.595556,-0.0013438431872435,3.047835024479229e-05,0.000418866760763263
2026-03-24T00:00:00Z,-7.609444,112.595556,-0.0013494965201856,0.00012007364292439322,0.0005177105346316556
2026-03-24T03:00:00Z,-7.609444,112.595556,-0.0013819858538783,0.0001979939203552116,0.0005676943565409703
2026-03-24T06:00:00Z,-7.609444,112.595556,-0.0014211646164966,0.0002901943814368064,0.0007259722636652409
2026-03-24T09:00:00Z,-7.609444,112.595556,-0.0014516871343088,0.0003770298043963546,0.000653220584578104
2026-03-24T12:00:00Z,-7.609444,112.595556,-0.0015384187800762,0.00039734885824085415,0.0006754323062220458
2026-03-24T15:00:00Z,-7.609444,112.595556,-0.0015452928424335,0.00045307551092340026,0.0007778331528469685
2026-03-24T18:00:00Z,-7.609444,112.595556,-0.0016659861941734,0.000565698606642589,0.0006978507245310896
2026-03-24T21:00:00Z,-7.609444,112.595556,-0.0016737984703444,0.0006600915118187605,0.0005534199048500037
2026-03-25T00:00:00Z,-7.609444,112.595556,-0.0017734457789203,0.0007173880110052975,0.0004401520640085428
2026-03-25T03:00:00Z,-7.609444,112.595556,-0.0018673762150871,0.0007444839767123129,0.0003309714978342624
2026-03-25T06:00:00Z,-7.609444,112.595556,-0.0020371453576291,0.0008054192735698604,0.00010917068896616988
2026-03-25T09:00:00Z,-7.609444,112.595556,-0.0020856139839949,0.000842827849486672,-7.13321283512197e-05
2026-03-25T12:00:00Z,-7.609444,112.595556,-0.0021106945134242,0.0008170745664716486,-0.00011019562300763335
2026-03-25T15:00:00Z,-7.609444,112.595556,-0.0020761999899659,0.0007989440212814923,-0.00011120498522264851
2026-03-25T18:00:00Z,-7.609444,112.595556,-0.0020500207478283,0.000746257785809187,-0.0001031087335206898
2026-03-25T21:00:00Z,-7.609444,112.595556,-0.0019401911342311,0.000707559838561743,-0.00024113868426579768
2026-03-26T00:00:00Z,-7.609444,112.595556,-0.0018438605772917,0.0006501311960867729,-0.00017241961887825137
2026-03-26T03:00:00Z,-7.609444,112.595556,-0.0017816270521901,0.0005361057158781629,-0.00024680779760772784
2026-03-26T06:00:00Z,-7.609444,112.595556,-0.0016900212026965,0.00046461483421312893,-0.00041478443868779086
2026-03-26T09:00:00Z,-7.609444,112.595556,-0.0015688226728868,0.000325689982918789,-0.0005766905792683336
2026-03-26T12:00:00Z,-7.609444,112.595556,-0.0015539434578486,0.0001170851142308045,-0.0005822338965945136
2026-03-26T15:00:00Z,-7.609444,112.595556,-0.0014589741851521,-8.114739853177327e-05,-0.0005021183041022474
2026-03-26T18:00:00Z,-7.609444,112.595556,-0.001452083558928,-0.00017561020801292428,-0.0005492397560117331
2026-03-26T21:00:00Z,-7.609444,112.595556,-0.0014043694355212,-0.0002292954121404202,-0.0005134423057584064
2026-03-27T00:00:00Z,-7.609444,112.595556,-0.0013568025418491,-0.00031994368545340627,-0.0003158249943804963
2026-03-27T03:00:00Z,-7.609444,112.595556,-0.0012796747827693,-0.00040443395085463206,-0.00015765534712724514
2026-03-27T06:00:00Z,-7.609444,112.595556,-0.0012160277784142,-0.00043082006681356217,7.337750708076606e-05
2026-03-27T09:00:00Z,-7.609444,112.595556,-0.0010992376310819,-0.000463822094231896,0.0002952147090237083
2026-03-27T12:00:00Z,-7.609444,112.595556,-0.0010737475891653,-0.0005089175810168749,0.00045344961828484913
2026-03-27T15:00:00Z,-7.609444,112.595556,-0.0010398363107736,-0.0004842209762287171,0.0004971850661086336
2026-03-27T18:00:00Z,-7.609444,112.595556,-0.0010409851067952,-0.00031792611619841656,0.0005201523842851271
2026-03-27T21:00:00Z,-7.609444,112.595556,-0.0010614891921469,-0.0001190775431131675,0.0005377579764928706
2026-03-28T00:00:00Z,-7.609444,112.595556,-0.0011375380819399,5.639399957810408e-05,0.0006443339819559863
2026-03-28T03:00:00Z,-7.609444,112.595556,-0.0012150263596599,0.0003025061794916429,0.0007284890285120104
2026-03-28T06:00:00Z,-7.609444,112.595556,-0.0012774315888791,0.0006060577190432615,0.0008020120455479039
2026-03-28T09:00:00Z,-7.609444,112.595556,-0.0012925126631922,0.0008436339938569979,0.0007243785402637251
2026-03-28T12:00:00Z,-7.609444,112.595556,-0.0013371113509506,0.0010455206358661,0.0008563021111575461
2026-03-28T15:00:00Z,-7.609444,112.595556,-0.0013714903714354,0.0012409718419567,0.0009175844612823532
2026-03-28T18:00:00Z,-7.609444,112.595556,-0.0014137933604468,0.0014665928337498,0.0008123644476663795
2026-03-28T21:00:00Z,-7.609444,112.595556,-0.0014051620329442,0.0016492172090798,0.0007397156619167022
2026-03-29T00:00:00Z,-7.609444,112.595556,-0.0014004755901984,0.0017446326872424,0.0006293166548068877
2026-03-29T03:00:00Z,-7.609444,112.595556,-0.0013691507576535,0.0018240318611666,0.0005076629563030646
2026-03-29T06:00:00Z,-7.609444,112.595556,-0.0013865611449982,0.0018733231111986,0.0003907137918040317
2026-03-29T09:00:00Z,-7.609444,112.595556,-0.00136203991639,0.0018804413218491,0.00027793836795313463
2026-03-29T12:00:00Z,-7.609444,112.595556,-0.0013809366005622,0.0018690852113559,0.00030648335177002367
2026-03-29T15:00:00Z,-7.609444,112.595556,-0.0013149133629001,0.0018636423112272,0.0002270572992692261
2026-03-29T18:00:00Z,-7.609444,112.595556,-0.0013141800217342,0.0018834653878163,0.00022291023607544624
2026-03-29T21:00:00Z,-7.609444,112.595556,-0.0013545358685697,0.0019022509235085,0.0001293152890056618
2026-03-30T00:00:00Z,-7.609444,112.595556,-0.0013665834359784,0.0018892706152118,7.843789432695247e-05
2026-03-30T03:00:00Z,-7.609444,112.595556,-0.0013903912332037,0.0019498073651938,-9.627614245962488e-05
2026-03-30T06:00:00Z,-7.609444,112.595556,-0.0013732108292523,0.0019275451014423,-0.0002737987459288471
2026-03-30T09:00:00Z,-7.609444,112.595556,-0.0012933698787649,0.0018964711660028,-0.0004673931827501904
2026-03-30T12:00:00Z,-7.609444,112.595556,-0.0012971391424651,0.0018629326031878,-0.0004725182522455038
2026-03-30T15:00:00Z,-7.609444,112.595556,-0.0012796087189559,0.0018969162758112,-0.0005063581993292043
2026-03-30T18:00:00Z,-7.609444,112.595556,-0.0012988573319884,0.0018727613044522,-0.0005788102315565599
2026-03-30T21:00:00Z,-7.609444,112.595556,-0.0012626168942178,0.0018288946609985,-0.0005595392328003111
2026-03-31T00:00:00Z,-7.609444,112.595556,-0.0012780301891757,0.0017885081462428,-0.0005409665034281719
2026-03-31T03:00:00Z,-7.609444,112.595556,-0.0012416246882513,0.0017266778196271,-0.0006052111876034363
2026-03-31T06:00:00Z,-7.609444,112.595556,-0.0011875862465845,0.0016769233163042,-0.0006109373585225799
2026-03-31T09:00:00Z,-7.609444,112.595556,-0.0010719914725335,0.0016241473170401,-0.0005796434293841782
2026-03-31T12:00:00Z,-7.609444,112.595556,-0.0010114459141789,0.0015704127521994,-0.0004985017822882727
2026-03-31T15:00:00Z,-7.609444,112.595556,-0.0008747803815517958,0.0015605131858003,-0.0004971267691155634
2026-03-31T18:00:00Z,-7.609444,112.595556,-0.0008700982254674157,0.0015537484991176,-0.000537528097926391
2026-03-31T21:00:00Z,-7.609444,112.595556,-0.0008278172201315491,0.0016203250257669,-0.0005759124149349136
2026-04-01T00:00:00Z,-7.609444,112.595556,-0.0008025232202932086,0.0017001625041545,-0.0005940490659945165
2026-04-01T03:00:00Z,-7.609444,112.595556,-0.0007824833270294775,0.0018088458995001,-0.0006130733738832457
2026-04-01T06:00:00Z,-7.609444,112.595556,-0.0007650158090622337,0.0018727569597428,-0.0006284210592422036
2026-04-01T09:00:00Z,-7.609444,112.595556,-0.0006558678706625614,0.0018938327743837,-0.0004934249286421938
2026-04-01T12:00:00Z,-7.609444,112.595556,-0.000631197066907534,0.0018767936840172,-0.0005459476197495956
2026-04-01T15:00:00Z,-7.609444,112.595556,-0.0005592555363205738,0.0018565693632024,-0.0005474761431198307
2026-04-01T18:00:00Z,-7.609444,112.595556,-0.000627440901265512,0.0018288987367812,-0.000619688577357185
2026-04-01T21:00:00Z,-7.609444,112.595556,-0.0005796429788061024,0.0018126306747701,-0.0005736243777679396
2026-04-02T00:00:00Z,-7.609444,112.595556,-0.0005361319512344726,0.0017704422021859,-0.0006850445616367061
2026-04-02T03:00:00Z,-7.609444,112.595556,-0.0005390105483914925,0.0017258610326791,-0.0007833420498721731
2026-04-02T06:00:00Z,-7.609444,112.595556,-0.0005354154669635171,0.0015742304800726,-0.0008118766503483791
2026-04-02T09:00:00Z,-7.609444,112.595556,-0.0004506483831470036,0.0013760934575363,-0.000847986434485053
2026-04-02T12:00:00Z,-7.609444,112.595556,-0.0004077066467181332,0.0012249397948824,-0.0008830136473163287
2026-04-02T15:00:00Z,-7.609444,112.595556,-0.00033891853804856204,0.0011642257605635,-0.0007080980935663732
2026-04-02T18:00:00Z,-7.609444,112.595556,-0.0003491694608118183,0.0010639011357555,-0.0005650652939685317
2026-04-02T21:00:00Z,-7.609444,112.595556,-0.0002921794473869321,0.0010296441723852,-0.000552533262225556
2026-04-03T00:00:00Z,-7.609444,112.595556,-0.0003363334405412267,0.0010119799854983,-0.0004974012851900124
2026-04-03T03:00:00Z,-7.609444,112.595556,-0.000382459970343727,0.0010348322307913,-0.0003280409852379674
2026-04-03T06:00:00Z,-7.609444,112.595556,-0.0004465140290736877,0.0009912043818744783,-0.00016457677242807662
2026-04-03T09:00:00Z,-7.609444,112.595556,-0.00044078168435644993,0.0009639818061946804,1.71855110171152e-05
2026-04-03T12:00:00Z,-7.609444,112.595556,-0.00048457848511369167,0.0009564504430247812,0.00014767962106997305
2026-04-03T15:00:00Z,-7.609444,112.595556,-0.0005382948622394921,0.0009960108958680788,0.0004054129735051092
2026-04-03T18:00:00Z,-7.609444,112.595556,-0.0006603937397304516,0.0010888230329715,0.0006749031674955887
2026-04-03T21:00:00Z,-7.609444,112.595556,-0.0006490774416372019,0.0011097341138594,0.000848612276226312
2026-04-04T00:00:00Z,-7.609444,112.595556,-0.0006446340365692416,0.0010926600228204,0.0011843282648888
2026-04-04T03:00:00Z,-7.609444,112.595556,-0.0007127648387318639,0.0010239170956895,0.0013844730834605
2026-04-04T06:00:00Z,-7.609444,112.595556,-0.0008079351336216272,0.0009516971547390264,0.0015200985394217
2026-04-04T09:00:00Z,-7.609444,112.595556,-0.0007801222958795761,0.0008863920861662836,0.001492210697086
2026-04-04T12:00:00Z,-7.609444,112.595556,-0.0007831377236470117,0.0007876390636428155,0.0014945247153841
2026-04-04T15:00:00Z,-7.609444,112.595556,-0.0007692992160675373,0.0007624215579961055,0.0016097909283362
2026-04-04T18:00:00Z,-7.609444,112.595556,-0.0008485047323430925,0.000767523035444139,0.0016292083319873
2026-04-04T21:00:00Z,-7.609444,112.595556,-0.0007813484181775555,0.0007668496014478913,0.0015548759635813
2026-04-05T00:00:00Z,-7.609444,112.595556,-0.0007293058165526301,0.0008110249339831424,0.0015284119485722
2026-04-05T03:00:00Z,-7.609444,112.595556,-0.0007862725218371397,0.0008250013974271219,0.0015015717558521
2026-04-05T06:00:00Z,-7.609444,112.595556,-0.0008303885890276076,0.0009148736538669856,0.001437718889712
2026-04-05T09:00:00Z,-7.609444,112.595556,-0.0007660557896261285,0.0009878184146986091,0.0013495911198263
2026-04-05T12:00:00Z,-7.609444,112.595556,-0.0007181181280221953,0.001028561012228,0.0012314023786787
2026-04-05T15:00:00Z,-7.609444,112.595556,-0.0006515276501476562,0.0010470107720532,0.0012015512599231
2026-04-05T18:00:00Z,-7.609444,112.595556,-0.0005846443444051266,0.0010624176280413,0.0012438506032903
2026-04-05T21:00:00Z,-7.609444,112.595556,-0.0004695054443683671,0.001129360763521,0.0010838925673661
2026-04-06T00:00:00Z,-7.609444,112.595556,-0.0003525999876292556,0.0011424936855845,0.0010700205437074
2026-04-06T03:00:00Z,-7.609444,112.595556,-0.00024687481119468034,0.0011553468327311,0.0009989181221861357
2026-04-06T06:00:00Z,-7.609444,112.595556,-0.00013704122585553988,0.0011597881150665,0.000992732461897868
2026-04-06T09:00:00Z,-7.609444,112.595556,-2.740760791499407e-05,0.0011606200702504,0.0008668239838172107
2026-04-06T12:00:00Z,-7.609444,112.595556,6.090561341157256e-05,0.001191239453924,0.0008564187680866104
2026-04-06T15:00:00Z,-7.609444,112.595556,0.0001706080112149354,0.001262053553817,0.0008560637138524886
2026-04-06T18:00:00Z,-7.609444,112.595556,0.0002358301600126208,0.0014265491748673,0.0008287480904670111
2026-04-06T21:00:00Z,-7.609444,112.595556,0.00036916473262941065,0.0016356687929872,0.0007742167289588082
2026-04-07T00:00:00Z,-7.609444,112.595556,0.00038594457419424086,0.0017828575102729,0.0008057118813364634
2026-04-07T03:00:00Z,-7.609444,112.595556,0.0004808611000564551,0.0019594818666883,0.0007605967240585324
2026-04-07T06:00:00Z,-7.609444,112.595556,0.0005156114624011013,0.002052948899951,0.0007709957119228141
2026-04-07T09:00:00Z,-7.609444,112.595556,0.000571894444855707,0.0021482473223021,0.0007239696061656101
2026-04-07T12:00:00Z,-7.609444,112.595556,0.0005788230667128608,0.0021927297026132,0.0008010880646135889
2026-04-07T15:00:00Z,-7.609444,112.595556,0.0005931056522055146,0.0022667292449884,0.0008677302030599556
2026-04-07T18:00:00Z,-7.609444,112.595556,0.0005528027874827735,0.0023808662495014,0.0008217898612653877
2026-04-07T21:00:00Z,-7.609444,112.595556,0.000551148638288814,0.0024734123823122,0.0007633481818356913
2026-04-08T00:00:00Z,-7.609444,112.595556,0.0005083252422474104,0.0024950696153584,0.0008448985569555637
2026-04-08T03:00:00Z,-7.609444,112.595556,0.000542796757006398,0.0025168744728667,0.0007403377455547385
2026-04-08T06:00:00Z,-7.609444,112.595556,0.0005544259856047715,0.002554140763658,0.0008502845366425869
2026-04-08T09:00:00Z,-7.609444,112.595556,0.000618558444518557,0.0025510150460241,0.000820347864441744
2026-04-08T12:00:00Z,-7.609444,112.595556,0.0006470830448958652,0.0025600113108502,0.0007600698521074559
2026-04-08T15:00:00Z,-7.609444,112.595556,0.0006689230701525436,0.0025892969486591,0.000698123548614131
2026-04-08T18:00:00Z,-7.609444,112.595556,0.0006169068829420299,0.0025598418461485,0.0006493538888580707
2026-04-08T21:00:00Z,-7.609444,112.595556,0.0006183047036199589,0.0024380246660673,0.0006336733637387949
2026-04-09T00:00:00Z,-7.609444,112.595556,0.0005922140392811381,0.0022471766585798,0.0007186105801157499
2026-04-09T03:00:00Z,-7.609444,112.595556,0.0005933557302597699,0.0020523088729576,0.0006389223482915753
2026-04-09T06:00:00Z,-7.609444,112.595556,0.000517463441762347,0.0018838185151112,0.0006390220893430472
2026-04-09T09:00:00Z,-7.609444,112.595556,0.000546269886803221,0.001645230738084,0.0005097722168918916
2026-04-09T12:00:00Z,-7.609444,112.595556,0.0006249211823115225,0.0014073094996141,0.0005524535569563109
2026-04-09T15:00:00Z,-7.609444,112.595556,0.0007665490001612033,0.0012620808885308,0.000489602372344366
2026-04-09T18:00:00Z,-7.609444,112.595556,0.0007439371471118443,0.001073614852563,0.0005000660570075673
2026-04-09T21:00:00Z,-7.609444,112.595556,0.0007893979619130622,0.0008904431633324349,0.0004777927901870208
2026-04-10T00:00:00Z,-7.609444,112.595556,0.0008410161013180576,0.0007113799478806054,0.000523427985719437
2026-04-10T03:00:00Z,-7.609444,112.595556,0.0008575406441320033,0.00062456248093224,0.00037290495189328855
2026-04-10T06:00:00Z,-7.609444,112.595556,0.0008633358253035107,0.0005503556469713066,0.00035255145707288984
2026-04-10T09:00:00Z,-7.609444,112.595556,0.0009169000541829764,0.0004196419957867879,0.0003156825148381017
2026-04-10T12:00:00Z,-7.609444,112.595556,0.0009326769426986696,0.00027280108905447693,0.00034138120608169617
2026-04-10T15:00:00Z,-7.609444,112.595556,0.0010137000460267,0.00015853247056201467,0.0004205536268972679
2026-04-10T18:00:00Z,-7.609444,112.595556,0.0010068605248052,2.6781382763919864e-05,0.0004727804926291332
2026-04-10T21:00:00Z,-7.609444,112.595556,0.000995346344072432,-5.563885464365046e-05,0.000439194786324938
2026-04-11T00:00:00Z,-7.609444,112.595556,0.0009716854411275324,-0.00015777714786361388,0.0004901555686124561
2026-04-11T03:00:00Z,-7.609444,112.595556,0.0009868827394182858,-0.00021585783186101496,0.0004614482230339437
2026-04-11T06:00:00Z,-7.609444,112.595556,0.0009841277382732145,-0.00024489004434394144,0.0004703574729068505
2026-04-11T09:00:00Z,-7.609444,112.595556,0.0009723379003790984,-0.00030806981318214587,0.0004619664002026852
2026-04-11T12:00:00Z,-7.609444,112.595556,0.0009565740880764786,-0.0003656260167178455,0.0004376655281779935
2026-04-11T15:00:00Z,-7.609444,112.595556,0.0009355315412476106,-0.0003872050790955424,0.0002957665285026394
2026-04-11T18:00:00Z,-7.609444,112.595556,0.0008248954684402427,-0.0003604249610956288,0.0002109179872696183
2026-04-11T21:00:00Z,-7.609444,112.595556,0.0008074302046609336,-0.00028208299512773376,0.00010396208025711766
2026-04-12T00:00:00Z,-7.609444,112.595556,0.0007560072392878668,-0.0002627461005823813,0.00016482352392077068
2026-04-12T03:00:00Z,-7.609444,112.595556,0.0006647746325287733,-0.0002246927761399248,0.00011778905300672446
2026-04-12T06:00:00Z,-7.609444,112.595556,0.0005933432293203019,-0.0002043196089997313,0.00011745604016517945
2026-04-12T09:00:00Z,-7.609444,112.595556,0.0005911711735544559,-0.00016190680599863924,-7.686588864710351e-05
2026-04-12T12:00:00Z,-7.609444,112.595556,0.000572086956245941,-0.0001495556564651385,-0.00015724156756438397
2026-04-12T15:00:00Z,-7.609444,112.595556,0.0005869673410395923,-0.0001059636069242124,-0.00021331216529927807
2026-04-12T18:00:00Z,-7.609444,112.595556,0.0005014918657596022,-1.4511189747465316e-05,-0.0003532340272990434
2026-04-12T21:00:00Z,-7.609444,112.595556,0.0004269059382020965,2.2231132128322024e-05,-0.0005923156528321233
2026-04-13T00:00:00Z,-7.609444,112.595556,0.0003844168388800109,4.7251032198360215e-05,-0.0007246902727612542
2026-04-13T03:00:00Z,-7.609444,112.595556,0.00031323350616194905,6.150419004145645e-05,-0.000828117757269054
2026-04-13T06:00:00Z,-7.609444,112.595556,0.0002092763444393126,7.83747629057001e-05,-0.0008276013642380034
2026-04-13T09:00:00Z,-7.609444,112.595556,0.0001737985855125795,0.00016344914638993877,-0.0010077156128832
2026-04-13T12:00:00Z,-7.609444,112.595556,0.00018907789756939636,0.0002038707757195192,-0.0010326466948715
2026-04-13T15:00:00Z,-7.609444,112.595556,0.0002422909252235688,0.0002644024234685946,-0.0009455512282148566
2026-04-13T18:00:00Z,-7.609444,112.595556,0.00024113506464918543,0.0003017958728215627,-0.0009453110981228254
2026-04-13T21:00:00Z,-7.609444,112.595556,0.0002788042056058297,0.0002815453862749448,-0.0009991928926798978
2026-04-14T00:00:00Z,-7.609444,112.595556,0.0003640173578453363,0.0002258190716938996,-0.0009313857100502244
2026-04-14T03:00:00Z,-7.609444,112.595556,0.0004249821478978881,0.00011549730509681414,-0.0008974712359599413
2026-04-14T06:00:00Z,-7.609444,112.595556,0.0003924088980650912,0.00011146983195115938,-0.0008539006313696956
2026-04-14T09:00:00Z,-7.609444,112.595556,0.00043880164153324943,0.00013785857393801764,-0.0008585446282793781
2026-04-14T12:00:00Z,-7.609444,112.595556,0.00047123086137413375,0.00011541685748917338,-0.0007731786682256929
2026-04-14T15:00:00Z,-7.609444,112.595556,0.0004799932794684738,0.0001356503468956368,-0.000665337097210849
2026-04-14T18:00:00Z,-7.609444,112.595556,0.0004469764481562128,0.00023152764430253624,-0.000570431148633511
2026-04-14T21:00:00Z,-7.609444,112.595556,0.000415195834041868,0.00029789168967843963,-0.0004106406574854592
2026-04-15T00:00:00Z,-7.609444,112.595556,0.00040098717871579184,0.0002821134229027662,-0.00029075328911273504
2026-04-15T03:00:00Z,-7.609444,112.595556,0.0003872904216260677,0.0003196895743688515,-0.0003090012689981702
2026-04-15T06:00:00Z,-7.609444,112.595556,0.00039729973346914446,0.00034883539983924486,-0.0002304679004749747
2026-04-15T09:00:00Z,-7.609444,112.595556,0.0004272008085942299,0.0003998844464986009,-0.00018020736439866087
2026-04-15T12:00:00Z,-7.609444,112.595556,0.0003698970343015276,0.0003654097380969116,-0.00019449459297581377
2026-04-15T15:00:00Z,-7.609444,112.595556,0.0002601572196830209,0.0003846546949585586,-0.00019450920203283755
2026-04-15T18:00:00Z,-7.609444,112.595556,0.00011771748167110845,0.000448175359959424,-0.0002381998997450132
2026-04-15T21:00:00Z,-7.609444,112.595556,-4.520788255243522e-05,0.000497207045310627,-0.0002989582071823806
2026-04-16T00:00:00Z,-7.609444,112.595556,-0.00022982826018297728,0.0004773185518918043,-0.00035475468699377213
2026-04-16T03:00:00Z,-7.609444,112.595556,-0.0003714589492007258,0.00042109250401122655,-0.0004714121465570832
2026-04-16T06:00:00Z,-7.609444,112.595556,-0.0004620792848419362,0.0003363503835100814,-0.0004817158883042822
2026-04-16T09:00:00Z,-7.609444,112.595556,-0.0004902152626584843,0.00029457855174294407,-0.0004915921725145105
2026-04-16T12:00:00Z,-7.609444,112.595556,-0.0005525487321616016,0.0001902208063838284,-0.0004101920115360099
2026-04-16T15:00:00Z,-7.609444,112.595556,-0.0005567925979775559,0.0001409185457726591,-0.000440782865288302
2026-04-16T18:00:00Z,-7.609444,112.595556,-0.0005552242732725491,0.00016539363329357462,-0.0005201314578733146
2026-04-16T21:00:00Z,-7.609444,112.595556,-0.0005838410210110537,0.00017789636702782806,-0.0006150650434603732
2026-04-17T00:00:00Z,-7.609444,112.595556,-0.0006104011156334148,0.0001178958966377962,-0.0006102914222206248
2026-04-17T03:00:00Z,-7.609444,112.595556,-0.0006649061733860449,7.175482704690843e-05,-0.0006491635602141187
2026-04-17T06:00:00Z,-7.609444,112.595556,-0.0006576927557252843,8.248755159291193e-05,-0.0006611317428604668
2026-04-17T09:00:00Z,-7.609444,112.595556,-0.0005771118257662186,6.749654045374039e-05,-0.0005788695500898918
2026-04-17T12:00:00Z,-7.609444,112.595556,-0.0006406051635446655,-1.2331844065421952e-06,-0.0005210302507002467
2026-04-17T15:00:00Z,-7.609444,112.595556,-0.0007018557837438742,-3.457589474307e-05,-0.0004341507332581163
2026-04-17T18:00:00Z,-7.609444,112.595556,-0.0007334934692374876,-9.925214828387336e-05,-0.00042928178771495945
2026-04-17T21:00:00Z,-7.609444,112.595556,-0.0006532075560347309,-0.0002069866626375333,-0.0004868700862625883
2026-04-18T00:00:00Z,-7.609444,112.595556,-0.0006548162733202727,-0.0003331507147981372,-0.0005228750596847505
2026-04-18T03:00:00Z,-7.609444,112.595556,-0.0006763051112722483,-0.0004013721541913519,-0.000522486339971324
2026-04-18T06:00:00Z,-7.609444,112.595556,-0.0007264399178811981,-0.0004297350044660188,-0.0006302209723126971
2026-04-18T09:00:00Z,-7.609444,112.595556,-0.000696182139879895,-0.0005385860285478831,-0.0007194532401898745
2026-04-18T12:00:00Z,-7.609444,112.595556,-0.0007195951681163731,-0.0006867927652059716,-0.0007733443434994035
2026-04-18T15:00:00Z,-7.609444,112.595556,-0.0007595556740977675,-0.0007468653314267608,-0.0008082041600303142
2026-04-18T18:00:00Z,-7.609444,112.595556,-0.0008898103223436367,-0.0007277559917529885,-0.0007545146879600312
2026-04-18T21:00:00Z,-7.609444,112.595556,-0.000953026239692262,-0.0006226824799499443,-0.0008646370975186638
2026-04-19T00:00:00Z,-7.609444,112.595556,-0.001016309096359,-0.0005221808092691845,-0.0008179007294617295
2026-04-19T03:00:00Z,-7.609444,112.595556,-0.0009915051130251107,-0.0004056071287112877,-0.0007452465126696903
2026-04-19T06:00:00Z,-7.609444,112.595556,-0.000971809282495208,-0.00022931766743962547,-0.0006492937353566645
2026-04-19T09:00:00Z,-7.609444,112.595556,-0.0008929230476047999,-0.000125564812314585,-0.0004791231404986053
2026-04-19T12:00:00Z,-7.609444,112.595556,-0.0008113226085722025,-5.14967744644821e-05,-0.0004995039804135497
2026-04-19T15:00:00Z,-7.609444,112.595556,-0.0007165634273771751,9.699562856623085e-05,-0.0004708281802732741
2026-04-19T18:00:00Z,-7.609444,112.595556,-0.0007365245367542439,0.00032180107239911505,-0.0003943047723512393
2026-04-19T21:00:00Z,-7.609444,112.595556,-0.0007363922110574828,0.000507741841380444,-0.00038670044871912335
2026-04-20T00:00:00Z,-7.609444,112.595556,-0.0007877901679554997,0.000642553483621249,-0.0003650160075048578
2026-04-20T03:00:00Z,-7.609444,112.595556,-0.0007875339744812114,0.0007699369009497205,-0.0004240052325014169
2026-04-20T06:00:00Z,-7.609444,112.595556,-0.0007994707129047435,0.0008814201476426589,-0.00030779560501095375
2026-04-20T09:00:00Z,-7.609444,112.595556,-0.0007660537631112214,0.0008981521810165003,-0.00010758593701918308
2026-04-20T12:00:00Z,-7.609444,112.595556,-0.0007744322729988168,0.0008593431105510674,-0.00014139169501973804
2026-04-20T15:00:00Z,-7.609444,112.595556,-0.0007078597144443637,0.0009239664451164898,-0.00011199115449687576
2026-04-20T18:00:00Z,-7.609444,112.595556,-0.0007219495518050586,0.0009278861305454664,-5.515724936704064e-05
2026-04-20T21:00:00Z,-7.609444,112.595556,-0.0007782205732875347,0.0008969680302079174,-5.689408720269402e-05
2026-04-21T00:00:00Z,-7.609444,112.595556,-0.0008437518150532403,0.0008092018439436119,-3.257296674117208e-05
2026-04-21T03:00:00Z,-7.609444,112.595556,-0.0008528420652420319,0.0007364190105414671,-5.255937961139525e-05
2026-04-21T06:00:00Z,-7.609444,112.595556,-0.0008994996500658382,0.0007149086140026493,5.257728117051632e-05
2026-04-21T09:00:00Z,-7.609444,112.595556,-0.0009535483140508944,0.0007008813172528792,9.862303716677028e-05
2026-04-21T12:00:00Z,-7.609444,112.595556,-0.0010248635644991,0.000639847774243191,0.0001471430856863124
2026-04-21T15:00:00Z,-7.609444,112.595556,-0.0009811809280445508,0.0006335219504014537,9.751570958368142e-05
2026-04-21T18:00:00Z,-7.609444,112.595556,-0.000997484750313447,0.0006250632928455628,0.00017051667832871956
2026-04-21T21:00:00Z,-7.609444,112.595556,-0.0009994151582984946,0.0006156835163800098,0.00025252810048122975
2026-04-22T00:00:00Z,-7.609444,112.595556,-0.0010288905839539,0.0005972686970981234,0.0002128218352361944
2026-04-22T03:00:00Z,-7.609444,112.595556,-0.001139943998659,0.0006225433925004033,2.816088427495022e-06
2026-04-22T06:00:00Z,-7.609444,112.595556,-0.0012062669150875,0.0006944795196607119,-0.00010293672168930018
2026-04-22T09:00:00Z,-7.609444,112.595556,-0.0011270438005946,0.000727078587098605,-8.099365689763345e-05
2026-04-22T12:00:00Z,-7.609444,112.595556,-0.0011512855518319,0.0007699948849649382,1.2502707607269976e-05
2026-04-22T15:00:00Z,-7.609444,112.595556,-0.0011141555993708,0.0008286754176997508,7.459062599584067e-05
2026-04-22T18:00:00Z,-7.609444,112.595556,-0.0011087503367839,0.0008799949268059286,0.0001276155389385714
2026-04-22T21:00:00Z,-7.609444,112.595556,-0.0010755457123706,0.0009333548101921268,0.0001105601212515868
2026-04-23T00:00:00Z,-7.609444,112.595556,-0.0010943965916578,0.0009212380335517738,0.0001839377835171572
2026-04-23T03:00:00Z,-7.609444,112.595556,-0.0011376026628155,0.0008097984743535835,0.00011122417233936015
2026-04-23T06:00:00Z,-7.609444,112.595556,-0.0011590540240492,0.000707964310475637,5.182021561650732e-05
2026-04-23T09:00:00Z,-7.609444,112.595556,-0.0011223105393624,0.0006072585850195073,-6.248825233090445e-06
2026-04-23T12:00:00Z,-7.609444,112.595556,-0.0012134414232628,0.000524720535679315,-8.923212286962721e-05
2026-04-23T15:00:00Z,-7.609444,112.595556,-0.0012977370539295,0.0004921293380846946,-0.00015680173774751215
2026-04-23T18:00:00Z,-7.609444,112.595556,-0.0014096128197852,0.0004245654981186409,-0.00022616935701382177
2026-04-23T21:00:00Z,-7.609444,112.595556,-0.0014209971190609,0.0003711749210022848,-0.00031383204042756825
2026-04-24T00:00:00Z,-7.609444,112.595556,-0.0014890545723642,0.00026666538797595976,-0.00029524048350550224
2026-04-24T03:00:00Z,-7.609444,112.595556,-0.0015104411121717,0.0002018607155722651,-0.0002682546163087044
2026-04-24T06:00:00Z,-7.609444,112.595556,-0.0015411296412872,0.0002014359437690689,-0.00030220854941824386
2026-04-24T09:00:00Z,-7.609444,112.595556,-0.0015272244801117,0.00023764213101170784,-0.0004767053217101501
2026-04-24T12:00:00Z,-7.609444,112.595556,-0.0014908620313147,0.00022182439439777973,-0.0005321971563993829
2026-04-24T15:00:00Z,-7.609444,112.595556,-0.0014048142236298,0.00018588784402013268,-0.0005139109178981549
2026-04-24T18:00:00Z,-7.609444,112.595556,-0.0013478560969532,0.00016826014766991085,-0.0005767685313652904
2026-04-24T21:00:00Z,-7.609444,112.595556,-0.0012963472778277,0.0001214018446392978,-0.0007195240915021719
2026-04-25T00:00:00Z,-7.609444,112.595556,-0.0012428980797998,3.397569855662512e-05,-0.0008424459377090871
2026-04-25T03:00:00Z,-7.609444,112.595556,-0.0011523082038356,-7.356450068921672e-05,-0.0007526938323602197
2026-04-25T06:00:00Z,-7.609444,112.595556,-0.0010949636023307,-0.0001263756208437038,-0.0007411392970373116
2026-04-25T09:00:00Z,-7.609444,112.595556,-0.0010456120449899,-0.0002557393647631057,-0.000907468068270265
2026-04-25T12:00:00Z,-7.609444,112.595556,-0.0010232689167183,-0.0004155914543820001,-0.0009556121820872986
2026-04-25T15:00:00Z,-7.609444,112.595556,-0.000926031460828815,-0.0005463309115032809,-0.000762197691384972
2026-04-25T18:00:00Z,-7.609444,112.595556,-0.000862060704944312,-0.0006695136641321513,-0.000613715060893675
2026-04-25T21:00:00Z,-7.609444,112.595556,-0.0008049273279642008,-0.0007383860885743055,-0.0005806064574069493
2026-04-26T00:00:00Z,-7.609444,112.595556,-0.0007610619602713383,-0.0008220668504923763,-0.0005224911693978721
2026-04-26T03:00:00Z,-7.609444,112.595556,-0.0006491939451032198,-0.0009168106785211646,-0.0004170672027711368
2026-04-26T06:00:00Z,-7.609444,112.595556,-0.0005600087118030826,-0.000980406764857469,-0.0003723041892102804
2026-04-26T09:00:00Z,-7.609444,112.595556,-0.0004667804582987144,-0.0009966758308624444,-0.0004791935091562352
2026-04-26T12:00:00Z,-7.609444,112.595556,-0.0004274620093436355,-0.001078482727361,-0.00045449546767882337
2026-04-26T15:00:00Z,-7.609444,112.595556,-0.000334748632213044,-0.0011037043358635,-0.0004045407284750993
2026-04-26T18:00:00Z,-7.609444,112.595556,-0.0003380791526919417,-0.0010723206515817,-0.0003194500002549278
2026-04-26T21:00:00Z,-7.609444,112.595556,-0.0003246408005121901,-0.0010355309805835,-0.00019332321018425668
2026-04-27T00:00:00Z,-7.609444,112.595556,-0.0003335973949928241,-0.0010350090874139,-0.00012836133919054578
2026-04-27T03:00:00Z,-7.609444,112.595556,-0.0003580867477171597,-0.0010202194522958,-0.0001942266343753489
2026-04-27T06:00:00Z,-7.609444,112.595556,-0.0003876400136201424,-0.0009327818638559788,-0.00024150963436064243
2026-04-27T09:00:00Z,-7.609444,112.595556,-0.0003490730625372531,-0.0008257080693777882,-0.00029744079040972145
2026-04-27T12:00:00Z,-7.609444,112.595556,-0.0004041451393147028,-0.0007553372354996923,-0.0003088998530372547
2026-04-27T15:00:00Z,-7.609444,112.595556,-0.00041960806881452393,-0.0006697281960853805,-0.00023306969624519415
2026-04-27T18:00:00Z,-7.609444,112.595556,-0.00046961656699063664,-0.0005964894285175654,-0.0003229809903887892
2026-04-27T21:00:00Z,-7.609444,112.595556,-0.0004666962700155775,-0.0005450586065985655,-0.0003714296941267092
2026-04-28T00:00:00Z,-7.609444,112.595556,-0.00048170909566855417,-0.0005329262249292946,-0.00039133139494529335
2026-04-28T03:00:00Z,-7.609444,112.595556,-0.0005105421812669771,-0.0005285266311160381,-0.0004158940099951489
2026-04-28T06:00:00Z,-7.609444,112.595556,-0.0005371575437455129,-0.0005119278793902937,-0.0004325666598166492
2026-04-28T09:00:00Z,-7.609444,112.595556,-0.0004949369900334472,-0.0004751826245208304,-0.0006098574793836273
2026-04-28T12:00:00Z,-7.609444,112.595556,-0.0004889733058327795,-0.0004976893562478646,-0.0005369631723717977
2026-04-28T15:00:00Z,-7.609444,112.595556,-0.00048017028523496296,-0.0005916950235929333,-0.0005088763185464863
2026-04-28T18:00:00Z,-7.609444,112.595556,-0.0005135393923100884,-0.0006525653094797573,-0.0005676040802645253
2026-04-28T21:00:00Z,-7.609444,112.595556,-0.0004851475051300269,-0.0007183886365366715,-0.000637391633337351
2026-04-29T00:00:00Z,-7.609444,112.595556,-0.0004744542961120082,-0.000841603829469484,-0.0006181580671490933
2026-04-29T03:00:00Z,-7.609444,112.595556,-0.0004332858531603487,-0.0009728142579293704,-0.0006479444326303289
2026-04-29T06:00:00Z,-7.609444,112.595556,-0.0004422047661234311,-0.0010434297407653,-0.0007003204810831302
2026-04-29T09:00:00Z,-7.609444,112.595556,-0.0003973189795088831,-0.0011324047556732,-0.0007464433653320643
2026-04-29T12:00:00Z,-7.609444,112.595556,-0.00039684816302115847,-0.0012575553193867,-0.0006987397402542603
2026-04-29T15:00:00Z,-7.609444,112.595556,-0.00033213099250024245,-0.0013232369152939,-0.0006183344146369611
2026-04-29T18:00:00Z,-7.609444,112.595556,-0.0003000444756664937,-0.0013269545382524,-0.0005673129466789174
2026-04-29T21:00:00Z,-7.609444,112.595556,-0.00024308292506479488,-0.001397836850658,-0.0005396019193931291
2026-04-30T00:00:00Z,-7.609444,112.595556,-0.00013867999035832045,-0.001454516189331,-0.0004306460074362624
2026-04-30T03:00:00Z,-7.609444,112.595556,-5.009190940886186e-05,-0.0014667715485689,-0.0003562345837200406
2026-04-30T06:00:00Z,-7.609444,112.595556,-1.6451452917294942e-05,-0.0013875766210215,-0.0003775335751268793
2026-04-30T09:00:00Z,-7.609444,112.595556,5.332497080982328e-05,-0.0013554770836314,-0.0004275181501482567
2026-04-30T12:00:00Z,-7.609444,112.595556,0.0001265905033043492,-0.0013251808291068,-0.0004445181854764252
2026-04-30T15:00:00Z,-7.609444,112.595556,0.00013327225370728116,-0.0012593712745613,-0.0004615110331543896
2026-04-30T18:00:00Z,-7.609444,112.595556,0.00012623761250070452,-0.0011801476708864,-0.0004723742266725103
2026-04-30T21:00:00Z,-7.609444,112.595556,0.00014506720767550364,-0.0011325698396092,-0.00045816438676802
2026-05-01T00:00:00Z,-7.609444,112.595556,0.00011085609456356138,-0.0010600462991059,-0.00042394074444372594
2026-05-01T03:00:00Z,-7.609444,112.595556,6.989468924642765e-05,-0.0009078183229095772,-0.0003817953839277508
2026-05-01T06:00:00Z,-7.609444,112.595556,1.9921684885459416e-05,-0.0007304272444797513,-0.00028191981726228047
2026-05-01T09:00:00Z,-7.609444,112.595556,5.8687774666993546e-05,-0.0005958862655882148,-6.278753150690164e-05
2026-05-01T12:00:00Z,-7.609444,112.595556,0.00011046476165571414,-0.00045947213601458544,9.4279026246517e-05
2026-05-01T15:00:00Z,-7.609444,112.595556,0.0001521361945899003,-0.00024278801571377207,0.00023634469539646468
2026-05-01T18:00:00Z,-7.609444,112.595556,9.384252678218633e-05,-8.339522609532445e-05,0.00026917989745472043
2026-05-01T21:00:00Z,-7.609444,112.595556,7.981004029194126e-05,7.054421755490212e-05,0.0003730288792883202
2026-05-02T00:00:00Z,-7.609444,112.595556,8.016077358903584e-06,0.0001908421466926795,0.0004039734538756332
2026-05-02T03:00:00Z,-7.609444,112.595556,-5.409036542393997e-05,0.0003687455784145969,0.0004185724165909928
2026-05-02T06:00:00Z,-7.609444,112.595556,-0.00015311074258235154,0.0005192448096898098,0.0004290234782453622
2026-05-02T09:00:00Z,-7.609444,112.595556,-0.0002124037626733249,0.0006708603900326015,0.0005043577277730854
2026-05-02T12:00:00Z,-7.609444,112.595556,-0.0002549264762637176,0.0008056268448384295,0.0005401560127929088
2026-05-02T15:00:00Z,-7.609444,112.595556,-0.0002561721282243721,0.0009845122782512934,0.0005225087555987909
2026-05-02T18:00:00Z,-7.609444,112.595556,-0.00025607299946250433,0.0010829898577626,0.0005170102335790344
2026-05-02T21:00:00Z,-7.609444,112.595556,-0.00016989876505184103,0.0011414261957048,0.0004309198373547119
2026-05-03T00:00:00Z,-7.609444,112.595556,-0.00017336631212325323,0.0011496649509378,0.00030442576345293123
2026-05-03T03:00:00Z,-7.609444,112.595556,-0.00015803775207878153,0.0012107408625979,0.00019132831093787443
2026-05-03T06:00:00Z,-7.609444,112.595556,-0.00016923900422773718,0.0012143886358149,7.302715450883816e-05
2026-05-03T09:00:00Z,-7.609444,112.595556,-0.0001812950853907213,0.0012421601974637,-5.92205145239756e-05
2026-05-03T12:00:00Z,-7.609444,112.595556,-0.000253559253698312,0.0013353322418656,-0.00020696310396911015
2026-05-03T15:00:00Z,-7.609444,112.595556,-0.0003219435932756175,0.0014387114171271,-0.0003154037701481877
2026-05-03T18:00:00Z,-7.609444,112.595556,-0.0003891224708367561,0.0014682459911832,-0.0004784098556716368
2026-05-03T21:00:00Z,-7.609444,112.595556,-0.0003193467561575386,0.0014725128291471,-0.0005310285777040945
2026-05-04T00:00:00Z,-7.609444,112.595556,-0.0003277986767239993,0.0014529784079426,-0.0007011575576464136
2026-05-04T03:00:00Z,-7.609444,112.595556,-0.0003242580774139748,0.0015446081385281,-0.0008483970359298701
2026-05-04T06:00:00Z,-7.609444,112.595556,-0.0003870710991625143,0.0016386053247322,-0.0009271997306545256
2026-05-04T09:00:00Z,-7.609444,112.595556,-0.00040811354211561904,0.001817086109251,-0.0010013282511042
2026-05-04T12:00:00Z,-7.609444,112.595556,-0.0004849184547639352,0.0019740085088667,-0.00108695532806
2026-05-04T15:00:00Z,-7.609444,112.595556,-0.0005855482232860274,0.0020860467321434,-0.0010281121370971
2026-05-04T18:00:00Z,-7.609444,112.595556,-0.0006705234381558187,0.0020958584469492,-0.0009780636777495851
2026-05-04T21:00:00Z,-7.609444,112.595556,-0.0006632965379634047,0.0020715162337922,-0.0009346697945404056
2026-05-05T00:00:00Z,-7.609444,112.595556,-0.0007078885696129186,0.0020754914757284,-0.0009616564986518724
2026-05-05T03:00:00Z,-7.609444,112.595556,-0.0007556898548511862,0.0021616036557374,-0.0010257062734042
2026-05-05T06:00:00Z,-7.609444,112.595556,-0.0007971330946872979,0.002205580371902,-0.0010540817758097
2026-05-05T09:00:00Z,-7.609444,112.595556,-0.0007632100671617442,0.0022460151799823,-0.0010295185290247
2026-05-05T12:00:00Z,-7.609444,112.595556,-0.0007875151773792001,0.0022196947780623,-0.0010680010556186
2026-05-05T15:00:00Z,-7.609444,112.595556,-0.0007913781988271624,0.0021449625336398,-0.0009858142272692653
2026-05-05T18:00:00Z,-7.609444,112.595556,-0.000839248952676199,0.0020029990122935,-0.0009666019151277968
2026-05-05T21:00:00Z,-7.609444,112.595556,-0.0008101218039003994,0.0018980863066166,-0.0009138248737708916
2026-05-06T00:00:00Z,-7.609444,112.595556,-0.0008145461367589956,0.0017782936943162,-0.000995690184064106
2026-05-06T03:00:00Z,-7.609444,112.595556,-0.000834342929488749,0.0016492895156437,-0.0010198573984596
2026-05-06T06:00:00Z,-7.609444,112.595556,-0.0008711379245101619,0.0015250500738131,-0.0010170251388178
2026-05-06T09:00:00Z,-7.609444,112.595556,-0.0008573685730208272,0.0014067013681249,-0.000989053152222999
2026-05-06T12:00:00Z,-7.609444,112.595556,-0.0009228645959532364,0.0012796619225168,-0.0010320813892667
2026-05-06T15:00:00Z,-7.609444,112.595556,-0.0009337270425787052,0.0011617335976635,-0.0009800055933201137
2026-05-06T18:00:00Z,-7.609444,112.595556,-0.000946907446238652,0.0010660088837181,-0.0010479603488517
2026-05-06T21:00:00Z,-7.609444,112.595556,-0.0008790790146514354,0.0009702826167107434,-0.0010326073001682
2026-05-07T00:00:00Z,-7.609444,112.595556,-0.0009072778690226868,0.0008391940328049315,-0.0011758056533531
2026-05-07T03:00:00Z,-7.609444,112.595556,-0.0008746731835705745,0.0007132047417543605,-0.0013215913841212
2026-05-07T06:00:00Z,-7.609444,112.595556,-0.0007682074338519717,0.0006574659744876197,-0.0013776472747058
2026-05-07T09:00:00Z,-7.609444,112.595556,-0.0006639877670917447,0.0005907211327367333,-0.0013559349323571
2026-05-07T12:00:00Z,-7.609444,112.595556,-0.0006807530217939629,0.0005453504979746514,-0.0014216281596773
2026-05-07T15:00:00Z,-7.609444,112.595556,-0.0006373918480268256,0.000533042255727407,-0.0015047878660168
2026-05-07T18:00:00Z,-7.609444,112.595556,-0.0005951801426108902,0.0005633028602714856,-0.0015886017531815
2026-05-07T21:00:00Z,-7.609444,112.595556,-0.0004599646709817047,0.0005410680202624722,-0.0015304548429218
2026-05-08T00:00:00Z,-7.609444,112.595556,-0.00043108767293218776,0.0005244104697760147,-0.0015397323835073
2026-05-08T03:00:00Z,-7.609444,112.595556,-0.0003940497843660977,0.0005406895598931925,-0.0015144808558773
2026-05-08T06:00:00Z,-7.609444,112.595556,-0.0003371246058185389,0.0005825659822198063,-0.0014764103467675
2026-05-08T09:00:00Z,-7.609444,112.595556,-0.00023089297977073,0.0006058397746760069,-0.0015368380770499
2026-05-08T12:00:00Z,-7.609444,112.595556,-0.00020609493978082725,0.0006325685519174141,-0.0015460022326239
2026-05-08T15:00:00Z,-7.609444,112.595556,-0.00013930837242326152,0.0007279781748932822,-0.0015371452596994
2026-05-08T18:00:00Z,-7.609444,112.595556,-7.288949184981213e-05,0.0008282584424279622,-0.0015926309120772
2026-05-08T21:00:00Z,-7.609444,112.595556,4.260317717966778e-05,0.000900929004103412,-0.0015694988732538
2026-05-09T00:00:00Z,-7.609444,112.595556,5.968078913765865e-05,0.0009631218663299962,-0.0015992354655323
2026-05-09T03:00:00Z,-7.609444,112.595556,8.920539464474682e-05,0.0011100368903322,-0.0014609094367262
2026-05-09T06:00:00Z,-7.609444,112.595556,6.929718483390413e-05,0.0013029469992288,-0.0013815266666504
2026-05-09T09:00:00Z,-7.609444,112.595556,0.00011074792193558864,0.001473391714713,-0.0013383641221555
2026-05-09T12:00:00Z,-7.609444,112.595556,0.00011615885950307228,0.0016278683691729,-0.0011926195423239
2026-05-09T15:00:00Z,-7.609444,112.595556,0.0001527444807090215,0.0018159842568099,-0.0010573724314607
2026-05-09T18:00:00Z,-7.609444,112.595556,0.00016636632848804992,0.0019665927710271,-0.0009440401946561514
2026-05-09T21:00:00Z,-7.609444,112.595556,0.00019752444081396465,0.0020424008347297,-0.0008388321933252662
2026-05-10T00:00:00Z,-7.609444,112.595556,0.0002517302675659324,0.0021162684955412,-0.0007109396180622323
2026-05-10T03:00:00Z,-7.609444,112.595556,0.0002732998517347058,0.0022039894940793,-0.000742715424348258
2026-05-10T06:00:00Z,-7.609444,112.595556,0.0001672051574706721,0.0023339706038442,-0.0007242870942434271
2026-05-10T09:00:00Z,-7.609444,112.595556,0.00014827062139145908,0.0024517755314892,-0.0007276632618250685
2026-05-10T12:00:00Z,-7.609444,112.595556,0.00010216878234431408,0.0025756392699557,-0.0006482439970021262
2026-05-10T15:00:00Z,-7.609444,112.595556,0.00010630413265176696,0.0027067163212109,-0.0005545036758935842
2026-05-10T18:00:00Z,-7.609444,112.595556,4.058918431882392e-05,0.0027827265950735,-0.000489110749691617
2026-05-10T21:00:00Z,-7.609444,112.595556,1.8316414199288436e-05,0.0027996346169125,-0.0004169206005672371
2026-05-11T00:00:00Z,-7.609444,112.595556,1.98849056938476e-05,0.0026860698225949,-0.0004073076743275824
2026-05-11T03:00:00Z,-7.609444,112.595556,2.063141316807918e-05,0.0025541525727939,-0.0004083227535068045
2026-05-11T06:00:00Z,-7.609444,112.595556,1.2516862907643752e-05,0.002429921937386,-0.0004629981700270007
2026-05-11T09:00:00Z,-7.609444,112.595556,6.939697104261578e-05,0.002323064838613,-0.000502188636544702
2026-05-11T12:00:00Z,-7.609444,112.595556,4.5833979165326565e-05,0.0022516546543246,-0.0004100699728270716
2026-05-11T15:00:00Z,-7.609444,112.595556,4.486273307666312e-05,0.0021667626274805,-0.0003374206133363376
2026-05-11T18:00:00Z,-7.609444,112.595556,-3.971345461447852e-05,0.0020908037674737,-0.0002771952438174597
2026-05-11T21:00:00Z,-7.609444,112.595556,-6.401867144977272e-05,0.0019946915482732,-6.108164854130307e-05
2026-05-12T00:00:00Z,-7.609444,112.595556,-4.724369459013029e-05,0.0017908305397151,0.00011173974548512816
2026-05-12T03:00:00Z,-7.609444,112.595556,-2.6474516145649534e-05,0.0016715339990657,0.00022784573982084224
2026-05-12T06:00:00Z,-7.609444,112.595556,-3.863771652490725e-05,0.0015338928067134,0.000362571864407102
2026-05-12T09:00:00Z,-7.609444,112.595556,-9.005232641588945e-06,0.0015062843441869,0.000413829233891315
2026-05-12T12:00:00Z,-7.609444,112.595556,-0.000100081736234717,0.0014794377989497,0.0004950273034731133
2026-05-12T15:00:00Z,-7.609444,112.595556,-0.00014526908525305953,0.0014246995792947,0.0005318151942988741
2026-05-12T18:00:00Z,-7.609444,112.595556,-0.0002921063050370162,0.001440277035221,0.000573945817326579
2026-05-12T21:00:00Z,-7.609444,112.595556,-0.0004068927685850074,0.0014872959798416,0.0004849227696627571
2026-05-13T00:00:00Z,-7.609444,112.595556,-0.0005176694022924829,0.0015448372496322,0.0004223146716529194
2026-05-13T03:00:00Z,-7.609444,112.595556,-0.000608240406552823,0.0015960826145183,0.0003461578901933556
2026-05-13T06:00:00Z,-7.609444,112.595556,-0.0006612677308455064,0.0016057326176284,0.00027747284049659394
2026-05-13T09:00:00Z,-7.609444,112.595556,-0.0006811031875944959,0.0017116801903346,0.0002090419708266196
2026-05-13T12:00:00Z,-7.609444,112.595556,-0.0007490358251040053,0.0017653719580179,0.00021335235918916784
2026-05-13T15:00:00Z,-7.609444,112.595556,-0.0007614057567944928,0.001854315992935,0.00021916068402955772
2026-05-13T18:00:00Z,-7.609444,112.595556,-0.000824274273685052,0.0019228781103196,0.0002673355655118478
2026-05-13T21:00:00Z,-7.609444,112.595556,-0.0008447195659193515,0.0020224208588554,0.00015507336865371103
2026-05-14T00:00:00Z,-7.609444,112.595556,-0.00087617383081029,0.0020728051979366,5.489522352575683e-05
2026-05-14T03:00:00Z,-7.609444,112.595556,-0.0008849916335117649,0.0021160054752909,-5.156955318887498e-05
2026-05-14T06:00:00Z,-7.609444,112.595556,-0.000922975327169534,0.00213725728831,-0.00019634423950584955
2026-05-14T09:00:00Z,-7.609444,112.595556,-0.0009381884660593096,0.0022212145762688,-0.0003379339759270922
2026-05-14T12:00:00Z,-7.609444,112.595556,-0.0010447861936357,0.0023319336377698,-0.0003939900466769034
2026-05-14T15:00:00Z,-7.609444,112.595556,-0.001103993827354,0.0024047781455101,-0.00033124705168458143
2026-05-14T18:00:00Z,-7.609444,112.595556,-0.00118429816275,0.0024969443525877,-0.0002670317310300276
2026-05-14T21:00:00Z,-7.609444,112.595556,-0.0012046175232305,0.0026361993476761,-0.00021348589572253932
2026-05-15T00:00:00Z,-7.609444,112.595556,-0.0011827335141617,0.002680308466384,-0.00016602848532639485
2026-05-15T03:00:00Z,-7.609444,112.595556,-0.0011540340550492,0.0027233048898648,-0.00014765878185404185
2026-05-15T06:00:00Z,-7.609444,112.595556,-0.001113381233252,0.0027463967364015,-0.0001970126942210897
2026-05-15T09:00:00Z,-7.609444,112.595556,-0.0010780447241834,0.0027836268977285,-0.00030557285139802423
2026-05-15T12:00:00Z,-7.609444,112.595556,-0.0010984452940132,0.002716287634902,-0.00027494738189968185
2026-05-15T15:00:00Z,-7.609444,112.595556,-0.0010799562395064,0.002596692470882,-0.0001784497811371336
2026-05-15T18:00:00Z,-7.609444,112.595556,-0.0011459808991283,0.0024710809128532,-0.00015322921288439385
2026-05-15T21:00:00Z,-7.609444,112.595556,-0.0012031634007584,0.0023673668618757,-8.391101026440908e-05
2026-05-16T00:00:00Z,-7.609444,112.595556,-0.0012317415309074,0.0022460048813807,-0.00011027918596358694
2026-05-16T03:00:00Z,-7.609444,112.595556,-0.0012848990066916,0.0022124952625448,-0.0002462481783500988
2026-05-16T06:00:00Z,-7.609444,112.595556,-0.0013208552135266,0.0021344570745207,-0.00029697666383859684
2026-05-16T09:00:00Z,-7.609444,112.595556,-0.0012415499743801,0.0021028518862464,-0.00027374365072663405
2026-05-16T12:00:00Z,-7.609444,112.595556,-0.00121320861895,0.0020405838796736,-0.00018474577825887135
2026-05-16T15:00:00Z,-7.609444,112.595556,-0.0011125540687559,0.0019676648414733,-0.00011815312211796384
2026-05-16T18:00:00Z,-7.609444,112.595556,-0.001113726202412,0.0018959942255587,-5.437407875608946e-05
2026-05-16T21:00:00Z,-7.609444,112.595556,-0.0010306155957473,0.0018195657437313,9.538560768719653e-05
2026-05-17T00:00:00Z,-7.609444,112.595556,-0.000929351483528512,0.0017206798422038,8.307092258437716e-05
2026-05-17T03:00:00Z,-7.609444,112.595556,-0.0008451343558909452,0.0016098850784562,0.00011761154983343938
2026-05-17T06:00:00Z,-7.609444,112.595556,-0.0007577126021504453,0.0014198587638608,7.820307759920092e-05
2026-05-17T09:00:00Z,-7.609444,112.595556,-0.0006272393927873919,0.0012671474597057,6.947331928969708e-05
2026-05-17T12:00:00Z,-7.609444,112.595556,-0.0005736087943308682,0.0011722072648149,8.937406648240648e-05
2026-05-17T15:00:00Z,-7.609444,112.595556,-0.0004849161521974377,0.0011228131326654,0.000211358272624459
2026-05-17T18:00:00Z,-7.609444,112.595556,-0.000512676281967723,0.0011084617202215,0.00023978466393314449
2026-05-17T21:00:00Z,-7.609444,112.595556,-0.0005059146986359654,0.0010924776749253,0.00031362472458503166
2026-05-18T00:00:00Z,-7.609444,112.595556,-0.0005204779014979211,0.0011272355319083,0.0003620229338399973
2026-05-18T03:00:00Z,-7.609444,112.595556,-0.0004799937760309622,0.001164174816857,0.00040409827815006616
2026-05-18T06:00:00Z,-7.609444,112.595556,-0.00040459644203309726,0.0011336269479067,0.0004562867562392421
2026-05-18T09:00:00Z,-7.609444,112.595556,-0.0003058199065581445,0.0011626540667723,0.0005081677404771723
2026-05-18T12:00:00Z,-7.609444,112.595556,-0.00029399206960931546,0.0012257452598937,0.0004852851867505807
2026-05-18T15:00:00Z,-7.609444,112.595556,-0.0002045360365779445,0.0012898278109932,0.000507948228016752
2026-05-18T18:00:00Z,-7.609444,112.595556,-0.00025384808699337825,0.0013439234217644,0.0006251174904247378
2026-05-18T21:00:00Z,-7.609444,112.595556,-0.00026352428377593646,0.00136819569033,0.0007172490496185148
2026-05-19T00:00:00Z,-7.609444,112.595556,-0.0002490627762905609,0.0014081253971113,0.0006810514434213952
2026-05-19T03:00:00Z,-7.609444,112.595556,-0.00021118487012225225,0.0014133136386654,0.0007706474930769109
2026-05-19T06:00:00Z,-7.609444,112.595556,-0.000184440308649987,0.0013539272581267,0.0008329920969816957
2026-05-19T09:00:00Z,-7.609444,112.595556,-7.104151676221471e-05,0.0012733185017896,0.0009197124580655924
2026-05-19T12:00:00Z,-7.609444,112.595556,-6.480945398958786e-06,0.0012055199114468,0.00094732034071386
2026-05-19T15:00:00Z,-7.609444,112.595556,7.709320637140906e-05,0.0011189757026009,0.0010407797225725
2026-05-19T18:00:00Z,-7.609444,112.595556,2.569738777985542e-05,0.0010035205078679,0.0010553004537521
2026-05-19T21:00:00Z,-7.609444,112.595556,3.5401393396147325e-05,0.0008918246018516554,0.0011230111227243
2026-05-20T00:00:00Z,-7.609444,112.595556,4.259621634758905e-05,0.0008576940159867023,0.0010809784631845
2026-05-20T03:00:00Z,-7.609444,112.595556,4.1095709717924125e-05,0.0007544618133305462,0.001109596517118
2026-05-20T06:00:00Z,-7.609444,112.595556,5.9112469264154674e-05,0.0005881812133350622,0.0010852286024454
2026-05-20T09:00:00Z,-7.609444,112.595556,0.0001423426893587871,0.0004639955607927247,0.0010345842155231
2026-05-20T12:00:00Z,-7.609444,112.595556,0.00010885124020606292,0.00037791234624486936,0.001012910902219
2026-05-20T15:00:00Z,-7.609444,112.595556,0.0001595193299569023,0.0002880245454523308,0.0010579215269731
2026-05-20T18:00:00Z,-7.609444,112.595556,0.0001703531973143583,0.00018350042045269947,0.0009816731112154038
2026-05-20T21:00:00Z,-7.609444,112.595556,0.000246679200384344,0.00010230212098416816,0.0010033770347806
2026-05-21T00:00:00Z,-7.609444,112.595556,0.00024920228173043587,5.876882306947704e-05,0.000934322347297308
2026-05-21T03:00:00Z,-7.609444,112.595556,0.00027139802794740725,3.539356147123573e-06,0.0009302455328393156
2026-05-21T06:00:00Z,-7.609444,112.595556,0.00030835909129925995,-6.889202100921865e-05,0.0007649066866747445
2026-05-21T09:00:00Z,-7.609444,112.595556,0.00037358066985311377,-4.413474167618591e-05,0.0006512323545956947
2026-05-21T12:00:00Z,-7.609444,112.595556,0.0003688650089704162,-1.586546010325694e-05,0.0008033629066062574
2026-05-21T15:00:00Z,-7.609444,112.595556,0.0004300736040223716,-5.441086822106719e-05,0.0008493398632005646
2026-05-21T18:00:00Z,-7.609444,112.595556,0.0004340591893883361,-7.806969115217924e-05,0.0008516535251127426
2026-05-21T21:00:00Z,-7.609444,112.595556,0.0005002198165444076,-7.305224930144783e-05,0.0008478131925764962
2026-05-22T00:00:00Z,-7.609444,112.595556,0.0005972269857303693,-7.460378766847662e-05,0.0008286182433538408
2026-05-22T03:00:00Z,-7.609444,112.595556,0.0007346760944042288,-8.296276484342856e-05,0.000827811616191538
2026-05-22T06:00:00Z,-7.609444,112.595556,0.0008668889156038766,-8.729326013701294e-05,0.0007418870327754424
2026-05-22T09:00:00Z,-7.609444,112.595556,0.0009791315581964971,-2.460845453608629e-05,0.0006405849912082867
2026-05-22T12:00:00Z,-7.609444,112.595556,0.0009865449703650938,1.0267350836920752e-05,0.0005837110513640936
2026-05-22T15:00:00Z,-7.609444,112.595556,0.0010290395823974,4.979859559226987e-05,0.0005319649063270832
2026-05-22T18:00:00Z,-7.609444,112.595556,0.0010065967259735,9.603912543134509e-05,0.0005916007287749877
2026-05-22T21:00:00Z,-7.609444,112.595556,0.0010093098461306,0.0001782645600959166,0.0006267500344259747
2026-05-23T00:00:00Z,-7.609444,112.595556,0.000990255376341416,0.0001887050641486664,0.0006055568213543693
2026-05-23T03:00:00Z,-7.609444,112.595556,0.0010164272913691,0.000198210384106462,0.0006672537567704361
2026-05-23T06:00:00Z,-7.609444,112.595556,0.0010770253837375,0.00012794927772123282,0.0006629285319724098
2026-05-23T09:00:00Z,-7.609444,112.595556,0.0011294126426508,0.0001096364561825475,0.0005962602479938258
2026-05-23T12:00:00Z,-7.609444,112.595556,0.0011107483373884,0.00011300760803072872,0.0006090582662964661
2026-05-23T15:00:00Z,-7.609444,112.595556,0.0011532843805823,0.00015702490198551096,0.0005188657877217982
2026-05-23T18:00:00Z,-7.609444,112.595556,0.0010569659662079,0.0002137105325994959,0.0004008948133270436
2026-05-23T21:00:00Z,-7.609444,112.595556,0.0010009099771498,0.0002768991451893558,0.00018697414091031468
2026-05-24T00:00:00Z,-7.609444,112.595556,0.0009520349125853956,0.0002142571220693285,4.976062603256643e-05
2026-05-24T03:00:00Z,-7.609444,112.595556,0.000927005730664418,0.00015409991744162312,-4.959643903353832e-06
2026-05-24T06:00:00Z,-7.609444,112.595556,0.0009340209030787544,2.3302775722458638e-05,-8.861513389973736e-05
2026-05-24T09:00:00Z,-7.609444,112.595556,0.0009622703878562645,-4.473252288609031e-05,-0.00010859569077973746
2026-05-24T12:00:00Z,-7.609444,112.595556,0.0008784730252521847,-0.00012179359341334614,-8.203483728589273e-05
2026-05-24T15:00:00Z,-7.609444,112.595556,0.0008900244023163529,-0.00014111355798880756,-9.70509075924832e-05
2026-05-24T18:00:00Z,-7.609444,112.595556,0.0008612125555776685,-0.0001423626887500301,-9.222582517338435e-05
2026-05-24T21:00:00Z,-7.609444,112.595556,0.0009083171484728432,-0.0001642778936421451,-0.00011060660201149003
2026-05-25T00:00:00Z,-7.609444,112.595556,0.0009207089768478944,-0.00020371272113761912,-3.68284057133516e-05
2026-05-25T03:00:00Z,-7.609444,112.595556,0.0009208493419331144,-0.00021825326671544797,-7.867672128385029e-05
2026-05-25T06:00:00Z,-7.609444,112.595556,0.000931497568578047,-0.0002546779408559761,-0.00011676621894042742
2026-05-25T09:00:00Z,-7.609444,112.595556,0.000955636639677254,-0.00021503005058162375,-0.00015816842653042725
2026-05-25T12:00:00Z,-7.609444,112.595556,0.0008657607620933131,-0.0001893462256898185,-0.00011558751721795366
2026-05-25T15:00:00Z,-7.609444,112.595556,0.0008466225016281415,-0.00010765943935982472,-9.238252405876575e-05
2026-05-25T18:00:00Z,-7.609444,112.595556,0.0007514203736717417,-2.9180499606837463e-05,-0.0001532944855255964
2026-05-25T21:00:00Z,-7.609444,112.595556,0.0007014373835166333,5.958486887050297e-05,-0.00013909225891146928
2026-05-26T00:00:00Z,-7.609444,112.595556,0.0006686023849046921,0.0001643473460327479,-0.00010527398770734088
2026-05-26T03:00:00Z,-7.609444,112.595556,0.000539282475629982,0.00030747284514015603,-9.26065461740138e-05
2026-05-26T06:00:00Z,-7.609444,112.595556,0.0004609092297936691,0.0004184344094265379,-0.00011351954809759928
2026-05-26T09:00:00Z,-7.609444,112.595556,0.0004679111730796315,0.0004825436880195007,-9.629318058629514e-05
2026-05-26T12:00:00Z,-7.609444,112.595556,0.00038953601441711177,0.0005325789483479366,2.3800721435780184e-06
2026-05-26T15:00:00Z,-7.609444,112.595556,0.00035559365360380863,0.0005766211202150572,-7.734935668732499e-05
2026-05-26T18:00:00Z,-7.609444,112.595556,0.00024342315122565653,0.0006282931497889292,-0.0001908514476236418
2026-05-26T21:00:00Z,-7.609444,112.595556,0.0002376194185361405,0.0007147764085927428,-0.00028642143301382616
2026-05-27T00:00:00Z,-7.609444,112.595556,0.000200306166712477,0.0007365919973991407,-0.00037625145713860873
2026-05-27T03:00:00Z,-7.609444,112.595556,0.00012165459198629528,0.0007328558698594469,-0.0004750693014333696
2026-05-27T06:00:00Z,-7.609444,112.595556,9.7836016697256e-05,0.000591474618811556,-0.000594704535744815
2026-05-27T09:00:00Z,-7.609444,112.595556,0.0001471433734160021,0.0004714222307041729,-0.0005385051006562063
2026-05-27T12:00:00Z,-7.609444,112.595556,0.00014651401548750154,0.0003299508403771012,-0.0004314194284838276
2026-05-27T15:00:00Z,-7.609444,112.595556,0.00017208718094318851,0.0002543559352532753,-0.0003457406386864544
2026-05-27T18:00:00Z,-7.609444,112.595556,9.560821011536758e-05,0.0002184826770419161,-0.0003428571534114283
2026-05-27T21:00:00Z,-7.609444,112.595556,0.0001398873795000856,0.0002095789747391426,-0.0003310173236020331
2026-05-28T00:00:00Z,-7.609444,112.595556,0.0001914291703238012,0.0001543817683816059,-0.00032655563348324207
2026-05-28T03:00:00Z,-7.609444,112.595556,0.000243936489257358,8.192485842279187e-05,-0.00023861027872736467
2026-05-28T06:00:00Z,-7.609444,112.595556,0.0002903214407039078,-6.402243441480944e-05,-0.0001603794379825026
2026-05-28T09:00:00Z,-7.609444,112.595556,0.0003609280160844204,-0.00018859903828391205,-8.799164116199201e-05
2026-05-28T12:00:00Z,-7.609444,112.595556,0.0003464963203415417,-0.0002683491507663342,-1.9885224952685416e-05
2026-05-28T15:00:00Z,-7.609444,112.595556,0.0003896443349477936,-0.00034032909232777607,5.058152155851562e-06
2026-05-28T18:00:00Z,-7.609444,112.595556,0.0003789111674111028,-0.0003754211322062839,-2.2614594788948197e-05
2026-05-28T21:00:00Z,-7.609444,112.595556,0.0003952593009077264,-0.0003907925930966116,-4.010205345240841e-05
2026-05-29T00:00:00Z,-7.609444,112.595556,0.000421935341036619,-0.0004648901966290201,-7.96118985810242e-05
2026-05-29T03:00:00Z,-7.609444,112.595556,0.0005176343643163073,-0.0005476240907021994,-2.0718976367732785e-05
2026-05-29T06:00:00Z,-7.609444,112.595556,0.0005465936800759139,-0.0006521652012094847,3.139485956803645e-05
2026-05-29T09:00:00Z,-7.609444,112.595556,0.0005830250193742101,-0.0006876577840102853,0.00015005026269546763
2026-05-29T12:00:00Z,-7.609444,112.595556,0.0005664019300702207,-0.0007644365984652,0.0001528178194781794
2026-05-29T15:00:00Z,-7.609444,112.595556,0.0006176306577646552,-0.0008188923035180606,7.289201378724518e-05
2026-05-29T18:00:00Z,-7.609444,112.595556,0.0005765468887792271,-0.0008183228739020151,0.00011614210248868742
2026-05-29T21:00:00Z,-7.609444,112.595556,0.0005333474561868155,-0.000784303312495778,0.00020359933582359476
2026-05-30T00:00:00Z,-7.609444,112.595556,0.00041240476600663774,-0.0007824037664400221,0.00013945214761908198
2026-05-30T03:00:00Z,-7.609444,112.595556,0.0003362527102118021,-0.0007906199160321042,0.0001531488443949977
2026-05-30T06:00:00Z,-7.609444,112.595556,0.00023975283747972945,-0.0008808036182704866,0.00020357652094666744
2026-05-30T09:00:00Z,-7.609444,112.595556,0.00018208324281138345,-0.0008512875044863814,0.0003235602471406791
2026-05-30T12:00:00Z,-7.609444,112.595556,3.726727316829348e-05,-0.0008737505560012831,0.0004717403107624836
2026-05-30T15:00:00Z,-7.609444,112.595556,-8.691986950575816e-06,-0.0008868763045763817,0.0006209411303171545
2026-05-30T18:00:00Z,-7.609444,112.595556,-0.00012650634841045053,-0.0008909993357497585,0.0006936027437988891
2026-05-30T21:00:00Z,-7.609444,112.595556,-0.0002125284566034946,-0.0008526963707765602,0.0007248658833221324
2026-05-31T00:00:00Z,-7.609444,112.595556,-0.0002674022190677965,-0.0008591932377162076,0.0007012528353764972
2026-05-31T03:00:00Z,-7.609444,112.595556,-0.0002971941762825404,-0.0008544147155248183,0.0007030166189507991
2026-05-31T06:00:00Z,-7.609444,112.595556,-0.00028065382675602243,-0.0009426642817052398,0.000681662031454592
2026-05-31T09:00:00Z,-7.609444,112.595556,-0.00021140336813039415,-0.0010215102537658,0.0006155174792783127
2026-05-31T12:00:00Z,-7.609444,112.595556,-0.0002589931938666053,-0.0010620105078089,0.0006016668676506676
2026-05-31T15:00:00Z,-7.609444,112.595556,-0.0002324560139412824,-0.0010613331319298,0.000627924860371071
2026-05-31T18:00:00Z,-7.609444,112.595556,-0.0002586490063304984,-0.0010412160853778,0.0005872796755875728
2026-05-31T21:00:00Z,-7.609444,112.595556,-0.0003062996671288251,-0.0010011207740382,0.00054477069534617
2026-06-01T00:00:00Z,-7.609444,112.595556,-0.00031840844575437336,-0.0010053602989105,0.0005377592184241406
2026-06-01T03:00:00Z,-7.609444,112.595556,-0.000359221912661541,-0.0010396769013346,0.000599918003841205
2026-06-01T06:00:00Z,-7.609444,112.595556,-0.00033475846190614744,-0.0011371839285182,0.0006656288201180337
2026-06-01T09:00:00Z,-7.609444,112.595556,-0.00022774133105403317,-0.0011765420608924,0.0006807415372239791
2026-06-01T12:00:00Z,-7.609444,112.595556,-0.0001849781541111593,-0.0012305222430724,0.0007740874629408663
2026-06-01T15:00:00Z,-7.609444,112.595556,-0.00011259484972706184,-0.0012384098732503,0.0008507281283596714
2026-06-01T18:00:00Z,-7.609444,112.595556,-0.00016309130029589652,-0.001208066277747,0.0009111360957078062
2026-06-01T21:00:00Z,-7.609444,112.595556,-8.392814597612903e-05,-0.0012445799113184,0.0009435069816010934
2026-06-02T00:00:00Z,-7.609444,112.595556,3.515987505068497e-05,-0.0012919952922319,0.0009856840794473564
2026-06-02T03:00:00Z,-7.609444,112.595556,4.633635936425764e-05,-0.0012753121548017,0.0011465836454991
2026-06-02T06:00:00Z,-7.609444,112.595556,3.831703029637594e-05,-0.0013068824414698,0.001214083704463
2026-06-02T09:00:00Z,-7.609444,112.595556,0.00011763663622094932,-0.0012958192123546,0.0013392855792485
2026-06-02T12:00:00Z,-7.609444,112.595556,0.00013279166392525185,-0.0012179523479634,0.0014408031871152
2026-06-02T15:00:00Z,-7.609444,112.595556,0.0001811266383524516,-0.001170272069491,0.0015259862281704
2026-06-02T18:00:00Z,-7.609444,112.595556,8.936133876795242e-05,-0.0011508307033997,0.0014655474660657
2026-06-02T21:00:00Z,-7.609444,112.595556,0.0001119517807271201,-0.0011067407905318,0.0014279442336377
2026-06-03T00:00:00Z,-7.609444,112.595556,0.00010552546633235154,-0.0009949480108073223,0.0013142864563085
2026-06-03T03:00:00Z,-7.609444,112.595556,7.401079546664907e-05,-0.0009108423628694564,0.001318412913861
2026-06-03T06:00:00Z,-7.609444,112.595556,-4.542000343203271e-06,-0.0008392363768057163,0.0012726430505912
2026-06-03T09:00:00Z,-7.609444,112.595556,-1.328602795289746e-05,-0.0007507719489422013,0.0012159581756255
2026-06-03T12:00:00Z,-7.609444,112.595556,-9.651801783657502e-05,-0.0006760063862213655,0.0011296744988045
2026-06-03T15:00:00Z,-7.609444,112.595556,-0.00017520163711341768,-0.0005809371605907038,0.0010285835905204
2026-06-03T18:00:00Z,-7.609444,112.595556,-0.00028081955518635785,-0.00045882202408164174,0.001005724318698
2026-06-03T21:00:00Z,-7.609444,112.595556,-0.00029228110442241915,-0.00032053152395968763,0.000893613926730933
2026-06-04T00:00:00Z,-7.609444,112.595556,-0.00034073636099896457,-0.00018011324670889843,0.0007200209703171456
2026-06-04T03:00:00Z,-7.609444,112.595556,-0.00033856677166934544,-6.500704435704387e-05,0.0005724936707211757
2026-06-04T06:00:00Z,-7.609444,112.595556,-0.0003361201236112424,-5.928593420970494e-05,0.0004476770725015042
2026-06-04T09:00:00Z,-7.609444,112.595556,-0.0002585417047753414,-1.295692267999801e-05,0.0003594894835335751
2026-06-04T12:00:00Z,-7.609444,112.595556,-0.00029578913140575577,7.470001954073622e-05,0.0002619534406695213
2026-06-04T15:00:00Z,-7.609444,112.595556,-0.00028021242612352715,0.000159217721093606,8.636821202641956e-05
2026-06-04T18:00:00Z,-7.609444,112.595556,-0.0003421053509785025,0.00019388224465049145,-2.4811134284142904e-05
2026-06-04T21:00:00Z,-7.609444,112.595556,-0.00034713073139294167,0.00021586168472169351,-0.0001130691879376876
2026-06-05T00:00:00Z,-7.609444,112.595556,-0.00040028812183875935,0.0002127476376166837,-0.00037423354429671975
2026-06-05T03:00:00Z,-7.609444,112.595556,-0.0003751725888389607,0.0002068908504309971,-0.00043082523349886144
2026-06-05T06:00:00Z,-7.609444,112.595556,-0.000331849526209902,0.0001967668009249472,-0.0005060717893084358
2026-06-05T09:00:00Z,-7.609444,112.595556,-0.00019787070811186496,0.0002858006404486681,-0.0004193461868836655
2026-06-05T12:00:00Z,-7.609444,112.595556,-0.00013034004093656236,0.0004191148061777408,-0.0004116365512604771
2026-06-05T15:00:00Z,-7.609444,112.595556,8.248344116356202e-06,0.0004339601610844513,-0.0004498644943218477
2026-06-05T18:00:00Z,-7.609444,112.595556,9.294453653577796e-05,0.0004379773721506843,-0.000449414374335522
2026-06-05T21:00:00Z,-7.609444,112.595556,0.00017645857838457423,0.0004309016302425701,-0.0006048356254389328
2026-06-06T00:00:00Z,-7.609444,112.595556,0.00018849056096319672,0.0004286530089590103,-0.000880713821910357
2026-06-06T03:00:00Z,-7.609444,112.595556,0.00022916885617087896,0.0004554361291466058,-0.0010969497127682
2026-06-06T06:00:00Z,-7.609444,112.595556,0.0002987608418602793,0.0004516964382222685,-0.0013145034261586
2026-06-06T09:00:00Z,-7.609444,112.595556,0.000387121951015358,0.0004960875917660029,-0.0014928065593268
2026-06-06T12:00:00Z,-7.609444,112.595556,0.0004192182583867014,0.0005197173678406766,-0.0015274640704396
2026-06-06T15:00:00Z,-7.609444,112.595556,0.0005664615775875354,0.0004243092201223146,-0.0015147688759912
2026-06-06T18:00:00Z,-7.609444,112.595556,0.000646601289207215,0.0003330910195037071,-0.001531341708149
2026-06-06T21:00:00Z,-7.609444,112.595556,0.0007385643978827907,0.0003226523193042768,-0.0015828982794518
2026-06-07T00:00:00Z,-7.609444,112.595556,0.0008198681168446586,0.0002692804162693837,-0.0015442687824175
2026-06-07T03:00:00Z,-7.609444,112.595556,0.0009064205100435834,0.0002225135069422495,-0.0014441943753168
2026-06-07T06:00:00Z,-7.609444,112.595556,0.0010045015968451,0.00012207638775367714,-0.001462286658696
2026-06-07T09:00:00Z,-7.609444,112.595556,0.0011366844430879,6.411201241222791e-05,-0.0013080547032067
2026-06-07T12:00:00Z,-7.609444,112.595556,0.0011274850422208,-4.6233183055836015e-05,-0.0011230739200375
2026-06-07T15:00:00Z,-7.609444,112.595556,0.0011482255999629,-0.0001028707490295858,-0.0010615219741301
2026-06-07T18:00:00Z,-7.609444,112.595556,0.0010394066680831,-0.00010030998028508652,-0.0010142837472922
2026-06-07T21:00:00Z,-7.609444,112.595556,0.0009790571261204886,-7.982134275442626e-05,-0.0009284000424765262
2026-06-08T00:00:00Z,-7.609444,112.595556,0.000904989993479531,-7.396399038337261e-05,-0.0007553449684221305
2026-06-08T03:00:00Z,-7.609444,112.595556,0.0008325958260356398,-7.733176880730719e-05,-0.0005631366981071774
2026-06-08T06:00:00Z,-7.609444,112.595556,0.0007668450314103919,-0.00015368402448681174,-0.0004724537298937602
2026-06-08T09:00:00Z,-7.609444,112.595556,0.0007029876317702352,-0.00011306546494151986,-0.0003693841816406262
2026-06-08T12:00:00Z,-7.609444,112.595556,0.0006182244186844566,-0.0001384239281989897,-0.00021073790751903744
2026-06-08T15:00:00Z,-7.609444,112.595556,0.000571474883800715,-8.306155477038506e-05,-6.27176008965903e-05
2026-06-08T18:00:00Z,-7.609444,112.595556,0.0004106249875349369,-3.709047912298592e-06,-0.00013857225600935407
2026-06-08T21:00:00Z,-7.609444,112.595556,0.0002623187876646058,9.76868800054676e-05,-0.00018072229763704136
2026-06-09T00:00:00Z,-7.609444,112.595556,0.0001499225475337839,0.0001720611404788757,-0.00014929954707842456
2026-06-09T03:00:00Z,-7.609444,112.595556,2.31188219290914e-05,0.0002726012825491357,-0.00017261553789913787
2026-06-09T06:00:00Z,-7.609444,112.595556,-9.607015671531995e-05,0.0003289470441391304,-0.00026917155911200443
2026-06-09T09:00:00Z,-7.609444,112.595556,-0.00012682853364910643,0.0004079138106087945,-0.0003689787880886053
2026-06-09T12:00:00Z,-7.609444,112.595556,-0.00020939341756844956,0.0004818799293177688,-0.00045719036126707073
2026-06-09T15:00:00Z,-7.609444,112.595556,-0.0002164102008479542,0.0005643934875840187,-0.0006388072347207599
2026-06-09T18:00:00Z,-7.609444,112.595556,-0.0003084012882257845,0.0005768871812701333,-0.0008698752875590651
2026-06-09T21:00:00Z,-7.609444,112.595556,-0.000353793492903713,0.0006019023308798656,-0.0011161190625447
2026-06-10T00:00:00Z,-7.609444,112.595556,-0.000356477549154661,0.0005995294245457899,-0.0013110716149087
2026-06-10T03:00:00Z,-7.609444,112.595556,-0.000333249216382702,0.0006365789929665557,-0.0015456800550998
2026-06-10T06:00:00Z,-7.609444,112.595556,-0.0003574242243450276,0.0005874837708490843,-0.0017078867868096
2026-06-10T09:00:00Z,-7.609444,112.595556,-0.0003457694270583143,0.0005948191811759692,-0.0017843712838377
2026-06-10T12:00:00Z,-7.609444,112.595556,-0.00031051814371742503,0.0005617254888003055,-0.001822191199195
2026-06-10T15:00:00Z,-7.609444,112.595556,-0.0002697556388936113,0.0005191292688527843,-0.0018656506684275
2026-06-10T18:00:00Z,-7.609444,112.595556,-0.00030461941066539124,0.0004127185954258652,-0.0018694614028357
2026-06-10T21:00:00Z,-7.609444,112.595556,-0.0002517956387480357,0.0002747263806111084,-0.0018007261523998
2026-06-11T00:00:00Z,-7.609444,112.595556,-0.0002150448761859178,0.0001447711154773847,-0.0017497127760062
2026-06-11T03:00:00Z,-7.609444,112.595556,-0.00016598412386934668,2.775475484061954e-05,-0.0017797500719596
2026-06-11T06:00:00Z,-7.609444,112.595556,-0.00016875761631354887,-0.0001494056110940764,-0.0017826335791659
2026-06-11T09:00:00Z,-7.609444,112.595556,-0.0001176064931976374,-0.00027519023703126,-0.0017527894217222
2026-06-11T12:00:00Z,-7.609444,112.595556,-0.00010847129992474074,-0.0003997452996177497,-0.0017710763815014
2026-06-11T15:00:00Z,-7.609444,112.595556,-9.000517563812803e-05,-0.0005270000475063565,-0.0016938091118864
2026-06-11T18:00:00Z,-7.609444,112.595556,-0.00018667141410196972,-0.0006449698928220858,-0.0016951711352793
2026-06-11T21:00:00Z,-7.609444,112.595556,-0.00021454401154702684,-0.0006798715194688072,-0.0017349654456057
2026-06-12T00:00:00Z,-7.609444,112.595556,-0.00025794691981020576,-0.0006996086069357849,-0.0017057413225986
2026-06-12T03:00:00Z,-7.609444,112.595556,-0.0002278986339465994,-0.0007059125183326203,-0.0016675886182684
2026-06-12T06:00:00Z,-7.609444,112.595556,-0.00019066724757001445,-0.0007489709658014258,-0.0017201245600725
2026-06-12T09:00:00Z,-7.609444,112.595556,-0.00017167217498181402,-0.0006839309109783751,-0.0017310519719744
2026-06-12T12:00:00Z,-7.609444,112.595556,-0.00017392852925193883,-0.0005941605441219066,-0.001667730111031
2026-06-12T15:00:00Z,-7.609444,112.595556,-0.00010592712929933436,-0.0005540451308199517,-0.00151447115564
2026-06-12T18:00:00Z,-7.609444,112.595556,-0.00015869122323051483,-0.000517544925466142,-0.0013644205064106
2026-06-12T21:00:00Z,-7.609444,112.595556,-0.0001621062824385919,-0.0004730976970816551,-0.0011660548094149
2026-06-13T00:00:00Z,-7.609444,112.595556,-0.0002184848778103501,-0.00041318746173191504,-0.0010926095423668
2026-06-13T03:00:00Z,-7.609444,112.595556,-0.00025893609572090454,-0.0003349746234495632,-0.0009845162419759089
2026-06-13T06:00:00Z,-7.609444,112.595556,-0.00028050100433868924,-0.00032257483908341,-0.0008721406497034618
2026-06-13T09:00:00Z,-7.609444,112.595556,-0.0002512510540597732,-0.00017741254315492956,-0.0006805485244861212
2026-06-13T12:00:00Z,-7.609444,112.595556,-0.00028078289364520225,-9.088047299970165e-05,-0.000526610184818122
2026-06-13T15:00:00Z,-7.609444,112.595556,-0.00026353895292525667,-6.760519491794339e-05,-0.00038850724873722414
2026-06-13T18:00:00Z,-7.609444,112.595556,-0.0003363108581397492,-6.599788555309893e-05,-0.000243190076835895
2026-06-13T21:00:00Z,-7.609444,112.595556,-0.0003467454459394429,-7.578015893649019e-05,-0.0002053785044810381
2026-06-14T00:00:00Z,-7.609444,112.595556,-0.0004190534856599896,1.461083378212848e-05,-0.00019343126313310345
2026-06-14T03:00:00Z,-7.609444,112.595556,-0.0005548743892088707,9.777147668419357e-05,-0.00023598160360965105
2026-06-14T06:00:00Z,-7.609444,112.595556,-0.000654515756295351,0.00019792535348795345,-0.0003097588026383239
2026-06-14T09:00:00Z,-7.609444,112.595556,-0.000705869418340123,0.0003803056159063285,-0.0002717374109818286
2026-06-14T12:00:00Z,-7.609444,112.595556,-0.0007842987016975259,0.0005046483529854648,-0.00013721721515717595
2026-06-14T15:00:00Z,-7.609444,112.595556,-0.0007960511593565411,0.0005672937165530355,4.371452164398385e-05
2026-06-14T18:00:00Z,-7.609444,112.595556,-0.000832514313972163,0.0005794894485342232,0.00011636560554970084
2026-06-14T21:00:00Z,-7.609444,112.595556,-0.0007778284243065768,0.0006151990701119037,5.3637056675445575e-05
2026-06-15T00:00:00Z,-7.609444,112.595556,-0.0007702222284594564,0.000667289558714789,-2.035781642241061e-06
2026-06-15T03:00:00Z,-7.609444,112.595556,-0.0008150006336387988,0.0006880561795484872,-9.348787769970672e-05
2026-06-15T06:00:00Z,-7.609444,112.595556,-0.0007693684923075692,0.000671541973846958,-0.0002743615308631564
2026-06-15T09:00:00Z,-7.609444,112.595556,-0.0006945001570482963,0.0006510318455439477,-0.0004172905395819183
2026-06-15T12:00:00Z,-7.609444,112.595556,-0.0006953272273038928,0.0006253046363073973,-0.0005410793926821462
2026-06-15T15:00:00Z,-7.609444,112.595556,-0.0005780705388186574,0.0005671484415822864,-0.0005834822695131502
2026-06-15T18:00:00Z,-7.609444,112.595556,-0.0005369089335777005,0.0005428398458968485,-0.0006314649142445793
2026-06-15T21:00:00Z,-7.609444,112.595556,-0.0004598890899698669,0.0005392854443642226,-0.0005654978241695602
2026-06-16T00:00:00Z,-7.609444,112.595556,-0.0003775035351032076,0.0005359418659096599,-0.0006976526287698557
2026-06-16T03:00:00Z,-7.609444,112.595556,-0.00023743478952695552,0.0005313059084528465,-0.0007273305002319698
2026-06-16T06:00:00Z,-7.609444,112.595556,-3.1333635361864486e-05,0.0005015130606558593,-0.0008286604309417573
2026-06-16T09:00:00Z,-7.609444,112.595556,0.0001895291667679228,0.00048743529610667774,-0.0008884461508894001
2026-06-16T12:00:00Z,-7.609444,112.595556,0.0003434954576304578,0.0004830048898269992,-0.0010211127342032
2026-06-16T15:00:00Z,-7.609444,112.595556,0.0005561708848647358,0.0004740236866848461,-0.0009877983454545196
2026-06-16T18:00:00Z,-7.609444,112.595556,0.0006194611027296288,0.0004680926769757751,-0.0010179568165341
2026-06-16T21:00:00Z,-7.609444,112.595556,0.0006743755607211661,0.0004084882905449157,-0.001033236993157
2026-06-17T00:00:00Z,-7.609444,112.595556,0.0006868654745370349,0.0003621710120091592,-0.0010717722177799
2026-06-17T03:00:00Z,-7.609444,112.595556,0.0007429872798457408,0.0003201502439318136,-0.0010386093668886
2026-06-17T06:00:00Z,-7.609444,112.595556,0.0007854865975476757,0.0002453870686683292,-0.0008723193309612299
2026-06-17T09:00:00Z,-7.609444,112.595556,0.0008370958583752481,0.00021683138149350867,-0.0007150898487485207
2026-06-17T12:00:00Z,-7.609444,112.595556,0.000810731434996755,0.00014221559442282634,-0.0006930365431180131
2026-06-17T15:00:00Z,-7.609444,112.595556,0.000879078902391709,3.93573858613823e-05,-0.0005911933116886472
2026-06-17T18:00:00Z,-7.609444,112.595556,0.0008165630405260723,-9.576742619679366e-05,-0.0005710428843784447
2026-06-17T21:00:00Z,-7.609444,112.595556,0.0007566314032743577,-0.000253070801054092,-0.0005094400076813507
2026-06-18T00:00:00Z,-7.609444,112.595556,0.0006559871417672042,-0.0003546605364942853,-0.000511415913060193
2026-06-18T03:00:00Z,-7.609444,112.595556,0.0005770016989443187,-0.0004333807640795672,-0.0004802818680339105
2026-06-18T06:00:00Z,-7.609444,112.595556,0.0004145196225157387,-0.0005301176116788167,-0.0005060181129460943
2026-06-18T09:00:00Z,-7.609444,112.595556,0.00028739597065970904,-0.0005940601675386168,-0.0004969892848396128
2026-06-18T12:00:00Z,-7.609444,112.595556,0.0001166389414841613,-0.0006750926541013346,-0.00045536945326052775
2026-06-18T15:00:00Z,-7.609444,112.595556,1.1180412612945575e-05,-0.000768554397986834,-0.0003970733829298151
2026-06-18T18:00:00Z,-7.609444,112.595556,-0.0002090975277481476,-0.0008684639901508103,-0.0003755940451495085
2026-06-18T21:00:00Z,-7.609444,112.595556,-0.00034007849421596384,-0.0009563186324603346,-0.0003320001500990989
2026-06-19T00:00:00Z,-7.609444,112.595556,-0.0004214621892624808,-0.0010124663019907,-0.0003406847128427528
2026-06-19T03:00:00Z,-7.609444,112.595556,-0.0004445924494075665,-0.0010555022416186,-0.00034116109051627995
2026-06-19T06:00:00Z,-7.609444,112.595556,-0.0004686285331049957,-0.0012337046947121,-0.0004252511300903384
2026-06-19T09:00:00Z,-7.609444,112.595556,-0.0004238441593357808,-0.0014153973626456,-0.0005353739347214341
2026-06-19T12:00:00Z,-7.609444,112.595556,-0.00040704573681063554,-0.0015522654562061,-0.0005716270334130077
2026-06-19T15:00:00Z,-7.609444,112.595556,-0.00035337997011207424,-0.0016303879338443,-0.0006182516549663862
2026-06-19T18:00:00Z,-7.609444,112.595556,-0.0004437105121959119,-0.0017303432661376,-0.0007269491530208267
2026-06-19T21:00:00Z,-7.609444,112.595556,-0.00045676666408401,-0.0017960256760831,-0.0008492421983302038
2026-06-20T00:00:00Z,-7.609444,112.595556,-0.0004372037958456554,-0.0018278678474922,-0.000934882298232396
2026-06-20T03:00:00Z,-7.609444,112.595556,-0.0003662982698312017,-0.0019287650975427,-0.0009287630895286628
2026-06-20T06:00:00Z,-7.609444,112.595556,-0.0002901756004047088,-0.002048350744695,-0.001010509673126
2026-06-20T09:00:00Z,-7.609444,112.595556,-0.00018060260121360112,-0.0021486491424632,-0.0011275961139448
2026-06-20T12:00:00Z,-7.609444,112.595556,-0.00011864743308555055,-0.002162915830703,-0.0011581759005802
2026-06-20T15:00:00Z,-7.609444,112.595556,-3.082838445499541e-06,-0.0021772668158278,-0.0012470524168264
2026-06-20T18:00:00Z,-7.609444,112.595556,-5.86845546988652e-06,-0.0021839913626684,-0.0013135959846967
2026-06-20T21:00:00Z,-7.609444,112.595556,4.654721944555719e-05,-0.0021958780565448,-0.0013510801671102
2026-06-21T00:00:00Z,-7.609444,112.595556,5.949611308502976e-05,-0.0022150389354685,-0.0013465516058373
2026-06-21T03:00:00Z,-7.609444,112.595556,0.00013974829416959572,-0.0022374994445229,-0.0011871098587075
2026-06-21T06:00:00Z,-7.609444,112.595556,0.00016666756243218382,-0.0022152918172906,-0.0011513483251716
2026-06-21T09:00:00Z,-7.609444,112.595556,0.0001934109373095372,-0.0021644649460508,-0.0010310611974145
2026-06-21T12:00:00Z,-7.609444,112.595556,0.0002282690105098145,-0.002062996143635,-0.0008703174535007957
2026-06-21T15:00:00Z,-7.609444,112.595556,0.00033139803949709884,-0.0019859366226314,-0.0007787818817595467
2026-06-21T18:00:00Z,-7.609444,112.595556,0.00027626038825737706,-0.0019025606179804,-0.0006824166446501288
2026-06-21T21:00:00Z,-7.609444,112.595556,0.0002568538105603118,-0.0018174587887948,-0.0006127662956386383
2026-06-22T00:00:00Z,-7.609444,112.595556,0.0001626260430330228,-0.0017318855676944,-0.0006290551537049942
2026-06-22T03:00:00Z,-7.609444,112.595556,6.876231235658846e-05,-0.0016010739189553,-0.0004879752149271972
2026-06-22T06:00:00Z,-7.609444,112.595556,-3.1318449135454794e-05,-0.0015598424560332,-0.0003706725561635749
2026-06-22T09:00:00Z,-7.609444,112.595556,-0.00011091929796403108,-0.0014661465721374,-0.00027637073244384945
2026-06-22T12:00:00Z,-7.609444,112.595556,-0.00021447088848474235,-0.0013525943522659,-8.687103472798259e-05
2026-06-22T15:00:00Z,-7.609444,112.595556,-0.00023564183397772109,-0.0013114119791478,2.507921101155397e-05
2026-06-22T18:00:00Z,-7.609444,112.595556,-0.00031316734892684623,-0.0012337044984324,0.00011362436981331943
2026-06-22T21:00:00Z,-7.609444,112.595556,-0.0003790630269506726,-0.0011107869389569,0.00010296471567169543
2026-06-23T00:00:00Z,-7.609444,112.595556,-0.0004977243237847481,-0.0009993432354111452,6.21345856848263e-05
2026-06-23T03:00:00Z,-7.609444,112.595556,-0.0006044503660558432,-0.0009684861813304386,-3.2810417422780348e-06
2026-06-23T06:00:00Z,-7.609444,112.595556,-0.0006797029342052836,-0.0009832705877862,-2.436290925944432e-05
2026-06-23T09:00:00Z,-7.609444,112.595556,-0.0006808548052709357,-0.000979753604553317,-5.267911025709938e-06
2026-06-23T12:00:00Z,-7.609444,112.595556,-0.0007744973011026667,-0.0009767154159902116,-4.035943697995207e-05
2026-06-23T15:00:00Z,-7.609444,112.595556,-0.0007953349077198078,-0.0009343201739036176,-7.367979064839593e-05
2026-06-23T18:00:00Z,-7.609444,112.595556,-0.0008869590521929218,-0.000945167949633425,-0.0001616142715797722
2026-06-23T21:00:00Z,-7.609444,112.595556,-0.0008680065248105513,-0.0009433641173995648,-0.00026204050745560787
2026-06-24T00:00:00Z,-7.609444,112.595556,-0.0008483916733988095,-0.0010526176556636,-0.0002786791078835185
2026-06-24T03:00:00Z,-7.609444,112.595556,-0.0008420615039758034,-0.0010928213686665,-0.00029596860813094574
2026-06-24T06:00:00Z,-7.609444,112.595556,-0.0007964869368701097,-0.0011938032124729,-0.0003977140343687153
2026-06-24T09:00:00Z,-7.609444,112.595556,-0.0007339975220071631,-0.0012105227305505,-0.000522743472082311
2026-06-24T12:00:00Z,-7.609444,112.595556,-0.0006869319868268819,-0.001231106991464,-0.0005133462995262389
2026-06-24T15:00:00Z,-7.609444,112.595556,-0.0006053638985641279,-0.0012392686929214,-0.0005413989179437818
2026-06-24T18:00:00Z,-7.609444,112.595556,-0.0006191166852661426,-0.0012589281877443,-0.0006834265803232484
2026-06-24T21:00:00Z,-7.609444,112.595556,-0.0005689966881815002,-0.0012557624194576,-0.0008770860247200822
2026-06-25T00:00:00Z,-7.609444,112.595556,-0.00048168865390612047,-0.0012464931200685,-0.0008941343994118278
2026-06-25T03:00:00Z,-7.609444,112.595556,-0.000428531236823443,-0.0011947902515217,-0.0008434236729677887
2026-06-25T06:00:00Z,-7.609444,112.595556,-0.000378256050001574,-0.001126559308492,-0.0008554939342172042
2026-06-25T09:00:00Z,-7.609444,112.595556,-0.0002797131287787028,-0.0010073275551645,-0.0008509123192820166
2026-06-25T12:00:00Z,-7.609444,112.595556,-0.0002100282712287516,-0.0009342438094966844,-0.0006971358226191743
2026-06-25T15:00:00Z,-7.609444,112.595556,-0.00011481040415290792,-0.0008415659784318548,-0.0005788197222020968
2026-06-25T18:00:00Z,-7.609444,112.595556,-0.00010534872461387996,-0.0007772924689351526,-0.0005583365038020376
2026-06-25T21:00:00Z,-7.609444,112.595556,-7.945570843050656e-06,-0.000692915707327541,-0.0005344395587875767
2026-06-26T00:00:00Z,-7.609444,112.595556,4.7002390129192726e-05,-0.0006481516166625985,-0.0004535601547271568
2026-06-26T03:00:00Z,-7.609444,112.595556,6.952647772700312e-05,-0.0006082637581962374,-0.00038627512311589904
2026-06-26T06:00:00Z,-7.609444,112.595556,0.00011887334253095156,-0.0005549439817958679,-0.0003239851983736188
2026-06-26T09:00:00Z,-7.609444,112.595556,0.00014024198885977424,-0.0004475737653412768,-0.0002356256931324512
2026-06-26T12:00:00Z,-7.609444,112.595556,8.519929232353748e-05,-0.0003443171475115328,-0.00010103081949659854
2026-06-26T15:00:00Z,-7.609444,112.595556,8.541766506779628e-05,-0.0002699082437464668,-2.778759352104572e-07
2026-06-26T18:00:00Z,-7.609444,112.595556,3.958502076361e-05,-0.00019333218985574625,9.066903351760946e-05
2026-06-26T21:00:00Z,-7.609444,112.595556,5.17270909542008e-05,-9.03923043330728e-05,0.00018448864665349693
2026-06-27T00:00:00Z,-7.609444,112.595556,2.569721342501696e-05,-7.897414474009963e-05,0.0002670163548493112
2026-06-27T03:00:00Z,-7.609444,112.595556,1.898963224656551e-05,-2.1488789593209123e-05,0.0003039945104845853
2026-06-27T06:00:00Z,-7.609444,112.595556,2.0853921727418395e-06,-3.128426766421037e-05,0.00023796124766903043
2026-06-27T09:00:00Z,-7.609444,112.595556,3.543026213282189e-06,4.095080575807912e-05,0.0002498011111718053
2026-06-27T12:00:00Z,-7.609444,112.595556,-8.36604371702071e-05,9.942646158954544e-05,0.00035613006940913726
2026-06-27T15:00:00Z,-7.609444,112.595556,-0.00016154127343775209,0.000151905320446024,0.0002590861676432519
2026-06-27T18:00:00Z,-7.609444,112.595556,-0.00028697104915034044,0.00017259275378679953,0.00020036766533431
2026-06-27T21:00:00Z,-7.609444,112.595556,-0.0003708994970963238,0.0001872647200017701,0.0002216283525248687
2026-06-28T00:00:00Z,-7.609444,112.595556,-0.0004222040486024823,0.00016208343693012003,0.00021235276557899092
2026-06-28T03:00:00Z,-7.609444,112.595556,-0.0005119950737579848,0.0001592976027492993,5.074608248078436e-05
2026-06-28T06:00:00Z,-7.609444,112.595556,-0.000550991191800262,0.00014419913767437368,-9.402917909761475e-05
2026-06-28T09:00:00Z,-7.609444,112.595556,-0.0005338444369946714,0.00014208945971046569,-0.000144009232054222
2026-06-28T12:00:00Z,-7.609444,112.595556,-0.0005515808539536536,0.00012250078137544278,-6.26811411689166e-05
2026-06-28T15:00:00Z,-7.609444,112.595556,-0.0005018270858807475,9.524433249080992e-05,-0.00013605756919044226
2026-06-28T18:00:00Z,-7.609444,112.595556,-0.0005458687173069388,0.00012200376932101904,-0.00013847235178854957
2026-06-28T21:00:00Z,-7.609444,112.595556,-0.0005353521587426682,0.0001702820380782851,-9.240085463997952e-05
2026-06-29T00:00:00Z,-7.609444,112.595556,-0.0005479526163617098,0.00019373525545141293,-1.91151530028098e-05
2026-06-29T03:00:00Z,-7.609444,112.595556,-0.0005938852453151193,0.00026965419252225305,-2.8778920617645947e-05
2026-06-29T06:00:00Z,-7.609444,112.595556,-0.000629333539024257,0.0003148032792875467,-6.923592636851674e-05
2026-06-29T09:00:00Z,-7.609444,112.595556,-0.0005672259202206538,0.00035161433841268653,1.6069522317225453e-05
2026-06-29T12:00:00Z,-7.609444,112.595556,-0.0005684415147578162,0.0003686602910310929,0.00013447756070820874
2026-06-29T15:00:00Z,-7.609444,112.595556,-0.0005384259672383916,0.0004154901813198994,0.00025445904489030714
2026-06-29T18:00:00Z,-7.609444,112.595556,-0.0006106944277372057,0.00046564193251067765,0.00025833425159111094
2026-06-29T21:00:00Z,-7.609444,112.595556,-0.0005978805064799523,0.0005434733375462783,0.0002770091019499858
2026-06-30T00:00:00Z,-7.609444,112.595556,-0.0005782970561610982,0.0005851376483251953,0.0002804064401698361
2026-06-30T03:00:00Z,-7.609444,112.595556,-0.0005292487431570372,0.000668746269613666,0.0002630343254521267
2026-06-30T06:00:00Z,-7.609444,112.595556,-0.0005525166461837637,0.000732919447453161,0.00015319346800826336
2026-06-30T09:00:00Z,-7.609444,112.595556,-0.0005193354815985322,0.0008237493599648714,0.00010721477846516212
2026-06-30T12:00:00Z,-7.609444,112.595556,-0.0005530351925143912,0.0009189636416290784,6.240070107818303e-05
2026-06-30T15:00:00Z,-7.609444,112.595556,-0.0005595537193545301,0.000989262187719314,0.00010660573486563017
2026-06-30T18:00:00Z,-7.609444,112.595556,-0.000647726163932122,0.0010258609304977,8.252515793133258e-05
2026-06-30T21:00:00Z,-7.609444,112.595556,-0.0006417495523863367,0.0009697874839837704,-2.1330790221445965e-06
2026-07-01T00:00:00Z,-7.609444,112.595556,-0.0006872456689277848,0.0009175982079077854,-7.459136468763468e-05
2026-07-01T03:00:00Z,-7.609444,112.595556,-0.0007236628115766706,0.0008780389937434177,-9.86239567225053e-05
2026-07-01T06:00:00Z,-7.609444,112.595556,-0.000762424021421093,0.000845847611664924,-0.00017307804548382776
2026-07-01T09:00:00Z,-7.609444,112.595556,-0.000752437465733077,0.0008569998935741989,-0.0002048763373780376
2026-07-01T12:00:00Z,-7.609444,112.595556,-0.0007993470995347074,0.0008137789906795859,-0.00019925043500470144
2026-07-01T15:00:00Z,-7.609444,112.595556,-0.0007596268730095276,0.0007829073677455557,-0.00013862635528972728
2026-07-01T18:00:00Z,-7.609444,112.595556,-0.0007845937527885173,0.0007673885937587282,-0.00012311812431343728
2026-07-01T21:00:00Z,-7.609444,112.595556,-0.0007525378406293615,0.0007752896884959198,-0.00014041133006315385
2026-07-02T00:00:00Z,-7.609444,112.595556,-0.0007624466105745541,0.0007702523816870576,-0.00012314470159958526
2026-07-02T03:00:00Z,-7.609444,112.595556,-0.000749413025381338,0.0008158547584666368,-0.000149615564124787
2026-07-02T06:00:00Z,-7.609444,112.595556,-0.0007188457488497808,0.0008151538960319778,-0.0003197402183021394
2026-07-02T09:00:00Z,-7.609444,112.595556,-0.0006405508758681764,0.0008693601858563915,-0.0003668657236949311
2026-07-02T12:00:00Z,-7.609444,112.595556,-0.0006345548310481174,0.0008503566767975342,-0.0003347389816860932
2026-07-02T15:00:00Z,-7.609444,112.595556,-0.0005583677500295464,0.0008788307657007591,-0.0003976197193543504
2026-07-02T18:00:00Z,-7.609444,112.595556,-0.0005514546330917211,0.0009523540961139078,-0.00047758064404924353
2026-07-02T21:00:00Z,-7.609444,112.595556,-0.00048780774282567607,0.0010400706509128,-0.0004324872778070322
2026-07-03T00:00:00Z,-7.609444,112.595556,-0.000488600346529284,0.0011073831973865,-0.0005083983970444935
2026-07-03T03:00:00Z,-7.609444,112.595556,-0.0004728046644482771,0.0011599841747584,-0.0006253705469594976
2026-07-03T06:00:00Z,-7.609444,112.595556,-0.0003913162558816101,0.0011296599915578,-0.0006775242846710438
2026-07-03T09:00:00Z,-7.609444,112.595556,-0.00026914439733957186,0.0011913451681703,-0.0006702212253712315
2026-07-03T12:00:00Z,-7.609444,112.595556,-0.00031903659885787824,0.0012494805238728,-0.0006348008491051453
2026-07-03T15:00:00Z,-7.609444,112.595556,-0.0002750326556203554,0.0013271047998576,-0.0005274526242397762
2026-07-03T18:00:00Z,-7.609444,112.595556,-0.0002826498354080844,0.0014001806727297,-0.000514253753164499
2026-07-03T21:00:00Z,-7.609444,112.595556,-0.0002441084211823113,0.0014614862942961,-0.00037923425922701176
2026-07-04T00:00:00Z,-7.609444,112.595556,-0.000300017856339454,0.001515051183691,-0.0002896599688368188
2026-07-04T03:00:00Z,-7.609444,112.595556,-0.0003671083817809593,0.0015739699880864,-0.00021348869617141244
2026-07-04T06:00:00Z,-7.609444,112.595556,-0.0004437274530367088,0.0016434019964604,-0.0002763590993063924
2026-07-04T09:00:00Z,-7.609444,112.595556,-0.0005103966110696047,0.0017182247093892,-0.00033408201913328293
2026-07-04T12:00:00Z,-7.609444,112.595556,-0.0006284771510460469,0.0017745531419344,-0.000251719450238217
2026-07-04T15:00:00Z,-7.609444,112.595556,-0.0006914347758985178,0.0018002518149175,-0.00011261759225244596
2026-07-04T18:00:00Z,-7.609444,112.595556,-0.0008294434028626175,0.0018067974892583,-0.0001062846866587359
2026-07-04T21:00:00Z,-7.609444,112.595556,-0.0008796174745489111,0.001837173240884,-0.0001466388748299993
2026-07-05T00:00:00Z,-7.609444,112.595556,-0.000935070255354088,0.0018549568257525,-0.00012704315037471574
2026-07-05T03:00:00Z,-7.609444,112.595556,-0.0009980547175674024,0.0019105528244109,-0.00017087263891423958
2026-07-05T06:00:00Z,-7.609444,112.595556,-0.001074957372376,0.0019396791904842,-0.0002962714572278586
2026-07-05T09:00:00Z,-7.609444,112.595556,-0.001079477624101,0.0019536223703363,-0.0004261868157849868
2026-07-05T12:00:00Z,-7.609444,112.595556,-0.0010835057732526,0.001865856956625,-0.0003896117449421173
2026-07-05T15:00:00Z,-7.609444,112.595556,-0.0010068583554922,0.0018399102751427,-0.00030465299387941994
2026-07-05T18:00:00Z,-7.609444,112.595556,-0.0010438403977457,0.0018076478926493,-0.0003512101200809922
2026-07-05T21:00:00Z,-7.609444,112.595556,-0.0009349145257296758,0.0017913818033592,-0.00040716016257034553
2026-07-06T00:00:00Z,-7.609444,112.595556,-0.0008023129532501519,0.0017345690472816,-0.00034852221821543
2026-07-06T03:00:00Z,-7.609444,112.595556,-0.0007086107081322223,0.0016959731109873,-0.0002756762284333038
2026-07-06T06:00:00Z,-7.609444,112.595556,-0.0006359112536640575,0.0015976059041734,-0.0004072338174418572
2026-07-06T09:00:00Z,-7.609444,112.595556,-0.0004897447057808894,0.0014819627348887,-0.0004920906259131669
2026-07-06T12:00:00Z,-7.609444,112.595556,-0.0004084111342936047,0.001386801676283,-0.0003926244933114828
2026-07-06T15:00:00Z,-7.609444,112.595556,-0.00025150375243189395,0.0013251794648095,-0.00028459871606205
2026-07-06T18:00:00Z,-7.609444,112.595556,-0.00023629808024799327,0.0013195591491871,-0.0003199586705335625
2026-07-06T21:00:00Z,-7.609444,112.595556,-0.0001683538916672455,0.0013143157285098,-0.0003825398446100639
2026-07-07T00:00:00Z,-7.609444,112.595556,-0.0001216249669108422,0.0012997934265532,-0.0003611272650070234
2026-07-07T03:00:00Z,-7.609444,112.595556,-5.550740467844936e-05,0.0013388967334243,-0.0003137818825408779
2026-07-07T06:00:00Z,-7.609444,112.595556,3.1911539796135484e-05,0.001274909291927,-0.0003598934389600616
2026-07-07T09:00:00Z,-7.609444,112.595556,0.0001415143422875088,0.0012857901140133,-0.0003163142008711995
2026-07-07T12:00:00Z,-7.609444,112.595556,0.00011486877726439976,0.0013125399447013,-0.000266834496272394
2026-07-07T15:00:00Z,-7.609444,112.595556,0.00013631764929975633,0.0013303461210439,-0.00028002445922079364
2026-07-07T18:00:00Z,-7.609444,112.595556,7.679430621811831e-05,0.001369356990698,-0.0003711280566335029
2026-07-07T21:00:00Z,-7.609444,112.595556,2.884998855774322e-06,0.0014127138753845,-0.0004060824334709012
2026-07-08T00:00:00Z,-7.609444,112.595556,-7.325217644950385e-05,0.0014399802512784,-0.00036916113931300206
2026-07-08T03:00:00Z,-7.609444,112.595556,-0.0001880398481560121,0.0015016408043781,-0.0003766376136461269
2026-07-08T06:00:00Z,-7.609444,112.595556,-0.00024192047465372557,0.0014838440488268,-0.000412205320879565
2026-07-08T09:00:00Z,-7.609444,112.595556,-0.0002622576384147017,0.0015008842558613,-0.000443881926698698
2026-07-08T12:00:00Z,-7.609444,112.595556,-0.0004045064069184836,0.0015157748041033,-0.0003829895084491389
2026-07-08T15:00:00Z,-7.609444,112.595556,-0.0004385454032974927,0.0015394638334186,-0.0003720917973284152
2026-07-08T18:00:00Z,-7.609444,112.595556,-0.0005316172346188218,0.0015606928049245,-0.000534072063931852
2026-07-08T21:00:00Z,-7.609444,112.595556,-0.0005958436747605968,0.0015509735468443,-0.0006542183297239745
2026-07-09T00:00:00Z,-7.609444,112.595556,-0.0006920176621905849,0.0015388360232493,-0.0007864409531773559
2026-07-09T03:00:00Z,-7.609444,112.595556,-0.0007891018626716916,0.0015516257516835,-0.000989013157254547
2026-07-09T06:00:00Z,-7.609444,112.595556,-0.0008625474415121334,0.0015184810138869,-0.0011502184130178
2026-07-09T09:00:00Z,-7.609444,112.595556,-0.0008560576779055287,0.0014710009478959,-0.0012565734944889
2026-07-09T12:00:00Z,-7.609444,112.595556,-0.0008825085180498371,0.0013795454345513,-0.0012376622403553
2026-07-09T15:00:00Z,-7.609444,112.595556,-0.0008606227968214692,0.0012869178710382,-0.00113926872975
2026-07-09T18:00:00Z,-7.609444,112.595556,-0.0008563040349833281,0.0012503307383036,-0.0011415736352433
2026-07-09T21:00:00Z,-7.609444,112.595556,-0.0007817009792503106,0.0011677645854331,-0.0010802418143108
2026-07-10T00:00:00Z,-7.609444,112.595556,-0.0006986438634534559,0.0010402597556321,-0.0010642858492023
2026-07-10T03:00:00Z,-7.609444,112.595556,-0.00060490806503195,0.0009721420070653536,-0.0010483593760885
2026-07-10T06:00:00Z,-7.609444,112.595556,-0.0005197069299144645,0.0008690062225032491,-0.0010332771901065
2026-07-10T09:00:00Z,-7.609444,112.595556,-0.00042525909805159016,0.0008262139109107968,-0.0010562373622681
2026-07-10T12:00:00Z,-7.609444,112.595556,-0.0003698341329634704,0.0007329465352473254,-0.0010407324393225
2026-07-10T15:00:00Z,-7.609444,112.595556,-0.00030052985993527735,0.0007361542163004647,-0.0009600293839482094
2026-07-10T18:00:00Z,-7.609444,112.595556,-0.0003329048170344456,0.0007981402492942285,-0.0009068668769591776
2026-07-10T21:00:00Z,-7.609444,112.595556,-0.00032899690849172604,0.0008251751060255233,-0.0008596014802188243
2026-07-11T00:00:00Z,-7.609444,112.595556,-0.00031015696871165865,0.0008239550749310589,-0.0007491297349745799
2026-07-11T03:00:00Z,-7.609444,112.595556,-0.0002466085394763937,0.0008191312480482042,-0.0005445882110861231
2026-07-11T06:00:00Z,-7.609444,112.595556,-0.0002082892016074884,0.0008429236810290362,-0.0003652566344136051
2026-07-11T09:00:00Z,-7.609444,112.595556,-0.00019250667234835725,0.0008799877440440139,-0.00022830599817636607
2026-07-11T12:00:00Z,-7.609444,112.595556,-0.00015863087112291668,0.0008773894790419752,-6.854587442945142e-05
2026-07-11T15:00:00Z,-7.609444,112.595556,-6.876134517378403e-05,0.0009159999182917296,4.191181600898651e-05
2026-07-11T18:00:00Z,-7.609444,112.595556,-0.00013560344495443678,0.0010290672673525,0.00013313440435754097
2026-07-11T21:00:00Z,-7.609444,112.595556,-0.00021797066558079572,0.0011541023070981,0.00015096880922278353
2026-07-12T00:00:00Z,-7.609444,112.595556,-0.0003196766545036479,0.0011847644829043,0.00015770831996465286
2026-07-12T03:00:00Z,-7.609444,112.595556,-0.0004149627391084707,0.0012414664910515,0.0002199847586045441
2026-07-12T06:00:00Z,-7.609444,112.595556,-0.0004977315696466836,0.0012740888194336,0.00025704165258888544
2026-07-12T09:00:00Z,-7.609444,112.595556,-0.0005289866907174513,0.0012976555774309,0.0003126608582728328
2026-07-12T12:00:00Z,-7.609444,112.595556,-0.0005979980656853959,0.0012590258542764,0.00028413103082899243
2026-07-12T15:00:00Z,-7.609444,112.595556,-0.0005778147188427869,0.0012716316008078,0.00025682973790984616
2026-07-12T18:00:00Z,-7.609444,112.595556,-0.0006491658838143351,0.0013006153824974,0.00012812666583684283
2026-07-12T21:00:00Z,-7.609444,112.595556,-0.0006916352852219641,0.0013295986518291,5.735563251829087e-05
2026-07-13T00:00:00Z,-7.609444,112.595556,-0.000714764005513393,0.0013028078387143,-2.2635091211608432e-05
2026-07-13T03:00:00Z,-7.609444,112.595556,-0.0007718721347448513,0.0012227718823121,-2.4586994200152595e-05
2026-07-13T06:00:00Z,-7.609444,112.595556,-0.0008124336627313402,0.0010832679229383,-0.00010893491987060664
2026-07-13T09:00:00Z,-7.609444,112.595556,-0.0008172657478073677,0.0010435895193503,-0.0002071976853884784
2026-07-13T12:00:00Z,-7.609444,112.595556,-0.0008710987136602746,0.000959815823149544,-0.00016861691135690386
2026-07-13T15:00:00Z,-7.609444,112.595556,-0.0008889746210294548,0.0009239870428763352,-0.0002302431256291703
2026-07-13T18:00:00Z,-7.609444,112.595556,-0.000984352689380671,0.0009257894522029788,-0.000375626384727032
2026-07-13T21:00:00Z,-7.609444,112.595556,-0.0009787880140369337,0.000912767656802435,-0.00046965317018112326
2026-07-14T00:00:00Z,-7.609444,112.595556,-0.0009523655859217344,0.0008939571525945804,-0.0004988750897513842
2026-07-14T03:00:00Z,-7.609444,112.595556,-0.0009507756927289604,0.0008687761888292727,-0.0005234489362668778
2026-07-14T06:00:00Z,-7.609444,112.595556,-0.0008807245201807768,0.0007785237556579199,-0.000658072867695802
2026-07-14T09:00:00Z,-7.609444,112.595556,-0.0007517553548704949,0.000770815831486656,-0.0007319283249144446
2026-07-14T12:00:00Z,-7.609444,112.595556,-0.0007446220171346902,0.0008150667371921122,-0.0008403730998184484
2026-07-14T15:00:00Z,-7.609444,112.595556,-0.0007407117323122614,0.0008890005725150364,-0.000924310906275633
2026-07-14T18:00:00Z,-7.609444,112.595556,-0.0007779647122214881,0.0009071084978227063,-0.0010749937132558
2026-07-14T21:00:00Z,-7.609444,112.595556,-0.0007012460635987669,0.0008673677034368153,-0.0011732163931503
2026-07-15T00:00:00Z,-7.609444,112.595556,-0.0006529235282115271,0.000830006415004371,-0.0012551686502967
2026-07-15T03:00:00Z,-7.609444,112.595556,-0.000662080839780754,0.000803130064301847,-0.0012794318582719
2026-07-15T06:00:00Z,-7.609444,112.595556,-0.0006410508755601021,0.0007267012510675439,-0.0014243487261495
2026-07-15T09:00:00Z,-7.609444,112.595556,-0.0005368634659775871,0.0006440765818279278,-0.0014502306622331
2026-07-15T12:00:00Z,-7.609444,112.595556,-0.0004816263304088034,0.0005234133944411248,-0.0013858281291579
2026-07-15T15:00:00Z,-7.609444,112.595556,-0.000410504807918942,0.0004504210738930362,-0.0013698995653488
2026-07-15T18:00:00Z,-7.609444,112.595556,-0.00040966487186905407,0.00033630389007278103,-0.0014577266497021
2026-07-15T21:00:00Z,-7.609444,112.595556,-0.000281567417715438,0.0001959665935851153,-0.0014548716685139
2026-07-16T00:00:00Z,-7.609444,112.595556,-0.00024626257457633727,7.528079500723001e-05,-0.0014951682778107
2026-07-16T03:00:00Z,-7.609444,112.595556,-0.000330276862882289,-4.1721536803606905e-06,-0.0015373313750302
2026-07-16T06:00:00Z,-7.609444,112.595556,-0.0003755015474391704,-0.00010124365947862636,-0.0015589785038503
2026-07-16T09:00:00Z,-7.609444,112.595556,-0.00035363031860733817,-0.00023807554244899623,-0.0014501611678265
2026-07-16T12:00:00Z,-7.609444,112.595556,-0.0004101107724145926,-0.0002744490405112013,-0.0013919250770788
2026-07-16T15:00:00Z,-7.609444,112.595556,-0.00040662162767077454,-0.00022851826806344187,-0.0012381409019558
2026-07-16T18:00:00Z,-7.609444,112.595556,-0.0005301478926716816,-0.00018361359718484504,-0.0012612760887558
2026-07-16T21:00:00Z,-7.609444,112.595556,-0.00054389588220211,-0.00011919247093342325,-0.0011701766548414
2026-07-17T00:00:00Z,-7.609444,112.595556,-0.0005952348479333402,-7.12447063036135e-05,-0.0011568739967515
2026-07-17T03:00:00Z,-7.609444,112.595556,-0.0006705712573252019,3.898619552699646e-06,-0.0012085842255271
2026-07-17T06:00:00Z,-7.609444,112.595556,-0.0007656346136911655,5.848661584028584e-05,-0.0012405606588655
2026-07-17T09:00:00Z,-7.609444,112.595556,-0.0008039039078213166,9.757684169922071e-05,-0.0011750026709643
2026-07-17T12:00:00Z,-7.609444,112.595556,-0.0008779168677524618,0.0001776761659920872,-0.0010878577933648
2026-07-17T15:00:00Z,-7.609444,112.595556,-0.0008384001248256044,0.000328786290815611,-0.0009750545240508876
2026-07-17T18:00:00Z,-7.609444,112.595556,-0.0008624117166620412,0.00038944058646716185,-0.000945630086815166
2026-07-17T21:00:00Z,-7.609444,112.595556,-0.0008286634676000531,0.0005094039668500127,-0.000927055565046952
2026-07-18T00:00:00Z,-7.609444,112.595556,-0.000877125034278726,0.0005722055593100516,-0.001043207064696
2026-07-18T03:00:00Z,-7.609444,112.595556,-0.0008968417995585691,0.0006553134567499516,-0.0011638648468079
2026-07-18T06:00:00Z,-7.609444,112.595556,-0.0009486930239652104,0.0006882106813196449,-0.001257518694139
2026-07-18T09:00:00Z,-7.609444,112.595556,-0.0009146804955210156,0.0007258374263234628,-0.0012894222637146
2026-07-18T12:00:00Z,-7.609444,112.595556,-0.0009644180791619214,0.0007534446983283138,-0.0013079795391447
2026-07-18T15:00:00Z,-7.609444,112.595556,-0.0008918873483110569,0.000775925182284998,-0.0012874537993126
2026-07-18T18:00:00Z,-7.609444,112.595556,-0.0009897422927648894,0.000796087369739129,-0.0014197137729773
2026-07-18T21:00:00Z,-7.609444,112.595556,-0.0010358287995149,0.0008565348769394702,-0.0014514530154754
