generating_institute     gfz-potsdam
     generating_date     2026/07/10
        product_type     gravity_field
                body     earth
           modelname     xgm2019e_2159
     max_used_degree          2190
         tide_system     tide_free
          functional     gravity_ell  (centrifugal term included)
                unit     mgal
          refsysname     WGS84
            gmrefpot      3.98600441800E+14 m**3/s**2
        radiusrefpot     6378137.000 m
          flatrefpot      3.352810664747480E-03   (1/298.25722356300)
         omegarefpot      7.29211500000E-05 1/s
       long_lat_unit     degree
      latlimit_north      -7.0000000000000    
      latlimit_south      -8.0000000000000    
      longlimit_west       112.00000000000    
      longlimit_east       113.00000000000    
            gridstep      0.10000000000000E-01
     height_over_ell          0.0000 m
  latitude_parallels           101
 longitude_parallels           101
number_of_gridpoints         10201
            gapvalue        9999999.0000
       weighted_mean      9.7817002E+05 mgal
            maxvalue      9.7852267E+05 mgal
            minvalue      9.7808750E+05 mgal
         signal_wrms      8.3479434E+01 mgal
         grid_format     long_lat_value

          longitude    latitude    gravity_ell
            [deg.]      [deg.]         [mgal]
end_of_head ============================================
           112.0000     -7.0000   978173.627047997317
           112.0100     -7.0000   978171.656912419945
           112.0200     -7.0000   978169.521728756721
           112.0300     -7.0000   978167.287211038289
           112.0400     -7.0000   978165.015344493557
           112.0500     -7.0000   978162.761793099344
           112.0600     -7.0000   978160.574174863519
           112.0700     -7.0000   978158.491230380954
           112.0800     -7.0000   978156.542808184982
           112.0900     -7.0000   978154.750505756703
           112.1000     -7.0000   978153.128747679410
           112.1100     -7.0000   978151.686058453633
           112.1200     -7.0000   978150.426298643230
           112.1300     -7.0000   978149.349676245824
           112.1400     -7.0000   978148.453413209063
           112.1500     -7.0000   978147.732029183768
           112.1600     -7.0000   978147.177288453095
           112.1700     -7.0000   978146.777928773430
           112.1800     -7.0000   978146.519341510138
           112.1900     -7.0000   978146.383392953430
           112.2000     -7.0000   978146.348563370062
           112.2100     -7.0000   978146.390534472885
           112.2200     -7.0000   978146.483283625450
           112.2300     -7.0000   978146.600654562237
           112.2400     -7.0000   978146.718282663845
           112.2500     -7.0000   978146.815672031138
           112.2600     -7.0000   978146.878164863447
           112.2700     -7.0000   978146.898521299940
           112.2800     -7.0000   978146.877845802694
           112.2900     -7.0000   978146.825654767104
           112.3000     -7.0000   978146.758973981370
           112.3100     -7.0000   978146.700473099481
           112.3200     -7.0000   978146.675772696617
           112.3300     -7.0000   978146.710180618567
           112.3400     -7.0000   978146.825211199000
           112.3500     -7.0000   978147.035298606032
           112.3600     -7.0000   978147.345123829786
           112.3700     -7.0000   978147.747929214616
           112.3800     -7.0000   978148.225097667309
           112.3900     -7.0000   978148.747135220328
           112.4000     -7.0000   978149.276031056885
           112.4100     -7.0000   978149.768798118457
           112.4200     -7.0000   978150.181841570418
           112.4300     -7.0000   978150.475682290969
           112.4400     -7.0000   978150.619495101157
           112.4500     -7.0000   978150.594917571638
           112.4600     -7.0000   978150.398648175178
           112.4700     -7.0000   978150.043477156782
           112.4800     -7.0000   978149.557566593983
           112.4900     -7.0000   978148.981997941271
           112.5000     -7.0000   978148.366811825894
           112.5100     -7.0000   978147.765950532397
           112.5200     -7.0000   978147.231654880219
           112.5300     -7.0000   978146.808945424156
           112.5400     -7.0000   978146.530821752152
           112.5500     -7.0000   978146.414741001790
           112.5600     -7.0000   978146.460794833372
           112.5700     -7.0000   978146.651809218223
           112.5800     -7.0000   978146.955366648152
           112.5900     -7.0000   978147.327523072949
           112.6000     -7.0000   978147.717790100956
           112.6100     -7.0000   978148.074802017771
           112.6200     -7.0000   978148.352006200003
           112.6300     -7.0000   978148.512715124409
           112.6400     -7.0000   978148.533938915818
           112.6500     -7.0000   978148.408569479594
           112.6600     -7.0000   978148.145691872225
           112.6700     -7.0000   978147.769029975403
           112.6800     -7.0000   978147.313762487029
           112.6900     -7.0000   978146.822142670979
           112.7000     -7.0000   978146.338496061857
           112.7100     -7.0000   978145.904236459523
           112.7200     -7.0000   978145.553523809882
           112.7300     -7.0000   978145.310090360232
           112.7400     -7.0000   978145.185596818454
           112.7500     -7.0000   978145.179669980891
           112.7600     -7.0000   978145.281545364182
           112.7700     -7.0000   978145.473023126018
           112.7800     -7.0000   978145.732271768502
           112.7900     -7.0000   978146.037905092700
           112.8000     -7.0000   978146.372728404356
           112.8100     -7.0000   978146.726604169467
           112.8200     -7.0000   978147.098018041230
           112.8300     -7.0000   978147.494115893729
           112.8400     -7.0000   978147.929205434397
           112.8500     -7.0000   978148.421941608423
           112.8600     -7.0000   978148.991612109239
           112.8700     -7.0000   978149.654080078588
           112.8800     -7.0000   978150.418005024898
           112.8900     -7.0000   978151.281939849025
           112.9000     -7.0000   978152.232793075149
           112.9100     -7.0000   978153.245964159840
           112.9200     -7.0000   978154.287229530630
           112.9300     -7.0000   978155.316208404140
           112.9400     -7.0000   978156.291004311526
           112.9500     -7.0000   978157.173433199408
           112.9600     -7.0000   978157.934138825047
           112.9700     -7.0000   978158.556878344622
           112.9800     -7.0000   978159.041340872063
           112.9900     -7.0000   978159.404031740851
           113.0000     -7.0000   978159.676995275775
           112.0000     -7.0100   978172.814514840953
           112.0100     -7.0100   978170.816036904231
           112.0200     -7.0100   978168.661859122338
           112.0300     -7.0100   978166.419843685231
           112.0400     -7.0100   978164.153057940188
           112.0500     -7.0100   978161.917112246621
           112.0600     -7.0100   978159.758508775616
           112.0700     -7.0100   978157.714021238964
           112.0800     -7.0100   978155.811004539370
           112.0900     -7.0100   978154.068432067055
           112.1000     -7.0100   978152.498389108689
           112.1100     -7.0100   978151.107721647364
           112.1200     -7.0100   978149.899553402211
           112.1300     -7.0100   978148.874437357532
           112.1400     -7.0100   978148.030992946704
           112.1500     -7.0100   978147.365983960335
           112.1600     -7.0100   978146.873899941798
           112.1700     -7.0100   978146.546199609409
           112.1800     -7.0100   978146.370444466360
           112.1900     -7.0100   978146.329583584680
           112.2000     -7.0100   978146.401640962693
           112.2100     -7.0100   978146.560005201609
           112.2200     -7.0100   978146.774433927960
           112.2300     -7.0100   978147.012774112867
           112.2400     -7.0100   978147.243279751390
           112.2500     -7.0100   978147.437297625234
           112.2600     -7.0100   978147.572006875183
           112.2700     -7.0100   978147.632852701354
           112.2800     -7.0100   978147.615317656309
           112.2900     -7.0100   978147.525728211971
           112.3000     -7.0100   978147.380895138951
           112.3100     -7.0100   978147.206522633554
           112.3200     -7.0100   978147.034476509900
           112.3300     -7.0100   978146.899156192318
           112.3400     -7.0100   978146.833347879467
           112.3500     -7.0100   978146.864028185140
           112.3600     -7.0100   978147.008624418406
           112.3700     -7.0100   978147.272211644216
           112.3800     -7.0100   978147.646037991159
           112.3900     -7.0100   978148.107626664569
           112.4000     -7.0100   978148.622521704761
           112.4100     -7.0100   978149.147546096705
           112.4200     -7.0100   978149.635250028339
           112.4300     -7.0100   978150.039068323327
           112.4400     -7.0100   978150.318600682309
           112.4500     -7.0100   978150.444391544792
           112.4600     -7.0100   978150.401625093305
           112.4700     -7.0100   978150.192262777011
           112.4800     -7.0100   978149.835323978681
           112.4900     -7.0100   978149.365225222660
           112.5000     -7.0100   978148.828324037837
           112.5100     -7.0100   978148.278031946160
           112.5200     -7.0100   978147.769039699691
           112.5300     -7.0100   978147.351313853404
           112.5400     -7.0100   978147.064561495208
           112.5500     -7.0100   978146.933813455864
           112.5600     -7.0100   978146.966650076909
           112.5700     -7.0100   978147.152402192587
           112.5800     -7.0100   978147.463426375529
           112.5900     -7.0100   978147.858306257986
           112.6000     -7.0100   978148.286601458094
           112.6100     -7.0100   978148.694581068587
           112.6200     -7.0100   978149.031262944336
           112.6300     -7.0100   978149.254047843744
           112.6400     -7.0100   978149.333292893018
           112.6500     -7.0100   978149.255304922466
           112.6600     -7.0100   978149.023433659459
           112.6700     -7.0100   978148.657182200230
           112.6800     -7.0100   978148.189497337444
           112.6900     -7.0100   978147.662623949349
           112.7000     -7.0100   978147.123077551718
           112.7100     -7.0100   978146.616385838599
           112.7200     -7.0100   978146.182261639507
           112.7300     -7.0100   978145.850795470644
           112.7400     -7.0100   978145.640106201288
           112.7500     -7.0100   978145.555683695944
           112.7600     -7.0100   978145.591425240971
           112.7700     -7.0100   978145.732139302767
           112.7800     -7.0100   978145.957096316502
           112.7900     -7.0100   978146.244072741363
           112.8000     -7.0100   978146.573279302684
           112.8100     -7.0100   978146.930594441947
           112.8200     -7.0100   978147.309635058395
           112.8300     -7.0100   978147.712373244576
           112.8400     -7.0100   978148.148225328419
           112.8500     -7.0100   978148.631767879124
           112.8600     -7.0100   978149.179442394292
           112.8700     -7.0100   978149.805766808684
           112.8800     -7.0100   978150.519655106589
           112.8900     -7.0100   978151.321443370311
           112.9000     -7.0100   978152.201130567351
           112.9100     -7.0100   978153.138176317327
           112.9200     -7.0100   978154.102977631032
           112.9300     -7.0100   978155.059901971486
           112.9400     -7.0100   978155.971518800943
           112.9500     -7.0100   978156.803479320602
           112.9600     -7.0100   978157.529372656019
           112.9700     -7.0100   978158.134855441982
           112.9800     -7.0100   978158.620417957893
           112.9900     -7.0100   978159.002307830728
           113.0000     -7.0100   978159.311363389948
           112.0000     -7.0200   978171.149371773121
           112.0100     -7.0200   978169.135017713765
           112.0200     -7.0200   978166.985945997993
           112.0300     -7.0200   978164.771729811560
           112.0400     -7.0200   978162.555816977168
           112.0500     -7.0200   978160.392794665997
           112.0600     -7.0200   978158.326814586762
           112.0700     -7.0200   978156.391197136603
           112.0800     -7.0200   978154.609092622763
           112.0900     -7.0200   978152.994958654745
           112.1000     -7.0200   978151.556529939524
           112.1100     -7.0200   978150.296920115477
           112.1200     -7.0200   978149.216508964892
           112.1300     -7.0200   978148.314329788554
           112.1400     -7.0200   978147.588771885843
           112.1500     -7.0200   978147.037537820055
           112.1600     -7.0200   978146.656926736701
           112.1700     -7.0200   978146.440634769504
           112.1800     -7.0200   978146.378354154644
           112.1900     -7.0200   978146.454500564956
           112.2000     -7.0200   978146.647395531763
           112.2100     -7.0200   978146.929176779347
           112.2200     -7.0200   978147.266610068153
           112.2300     -7.0200   978147.622844608501
           112.2400     -7.0200   978147.960007951246
           112.2500     -7.0200   978148.242395935697
           112.2600     -7.0200   978148.439899085206
           112.2700     -7.0200   978148.531236316077
           112.2800     -7.0200   978148.506552109611
           112.2900     -7.0200   978148.368979399907
           112.3000     -7.0200   978148.134874254931
           112.3100     -7.0200   978147.832578864763
           112.3200     -7.0200   978147.499748581788
           112.3300     -7.0200   978147.179464264307
           112.3400     -7.0200   978146.915518697584
           112.3500     -7.0200   978146.747392503661
           112.3600     -7.0200   978146.705502235447
           112.3700     -7.0200   978146.807299906621
           112.3800     -7.0200   978147.054726428469
           112.3900     -7.0200   978147.433378114947
           112.4000     -7.0200   978147.913551324629
           112.4100     -7.0200   978148.453108122456
           112.4200     -7.0200   978149.001882783487
           112.4300     -7.0200   978149.507153044571
           112.4400     -7.0200   978149.919556776527
           112.4500     -7.0200   978150.198763624649
           112.4600     -7.0200   978150.318223058828
           112.4700     -7.0200   978150.268405755283
           112.4800     -7.0200   978150.058124396135
           112.4900     -7.0200   978149.713743333705
           112.5000     -7.0200   978149.276337465737
           112.5100     -7.0200   978148.797108419822
           112.5200     -7.0200   978148.331579959253
           112.5300     -7.0200   978147.933247360867
           112.5400     -7.0200   978147.647427624790
           112.5500     -7.0200   978147.506038869382
           112.5600     -7.0200   978147.523929568008
           112.5700     -7.0200   978147.697194035864
           112.5800     -7.0200   978148.003672167077
           112.5900     -7.0200   978148.405568248825
           112.6000     -7.0200   978148.853868430597
           112.6100     -7.0200   978149.294020944508
           112.6200     -7.0200   978149.672194393119
           112.6300     -7.0200   978149.941365854349
           112.6400     -7.0200   978150.066519964021
           112.6500     -7.0200   978150.028358402196
           112.6600     -7.0200   978149.825110938866
           112.6700     -7.0200   978149.472279590555
           112.6800     -7.0200   978149.000405590516
           112.6900     -7.0200   978148.451191668981
           112.7000     -7.0200   978147.872508641565
           112.7100     -7.0200   978147.312940709991
           112.7200     -7.0200   978146.816562810214
           112.7300     -7.0200   978146.418591821915
           112.7400     -7.0200   978146.142419380951
           112.7500     -7.0200   978145.998336185585
           112.7600     -7.0200   978145.984023153433
           112.7700     -7.0200   978146.086645345786
           112.7800     -7.0200   978146.286172538763
           112.7900     -7.0200   978146.559394014184
           112.8000     -7.0200   978146.884015338845
           112.8100     -7.0200   978147.242231763899
           112.8200     -7.0200   978147.623264798080
           112.8300     -7.0200   978148.024512141128
           112.8400     -7.0200   978148.451173320995
           112.8500     -7.0200   978148.914444100228
           112.8600     -7.0200   978149.428589386051
           112.8700     -7.0200   978150.007376134512
           112.8800     -7.0200   978150.660449833609
           112.8900     -7.0200   978151.390255265171
           112.9000     -7.0200   978152.190030908561
           112.9100     -7.0200   978153.043255372671
           112.9200     -7.0200   978153.924713809509
           112.9300     -7.0200   978154.803111248184
           112.9400     -7.0200   978155.644921906525
           112.9500     -7.0200   978156.418962851283
           112.9600     -7.0200   978157.101046441589
           112.9700     -7.0200   978157.678019907093
           112.9800     -7.0200   978158.150551530183
           112.9900     -7.0200   978158.534167421167
           113.0000     -7.0200   978158.858263961622
           112.0000     -7.0300   978168.775226067286
           112.0100     -7.0300   978166.759810321731
           112.0200     -7.0300   978164.640241001616
           112.0300     -7.0300   978162.487428270513
           112.0400     -7.0300   978160.364624205627
           112.0500     -7.0300   978158.324592252960
           112.0600     -7.0300   978156.408090998069
           112.0700     -7.0300   978154.643695470178
           112.0800     -7.0300   978153.048819040414
           112.0900     -7.0300   978151.631660823827
           112.1000     -7.0300   978150.393704840448
           112.1100     -7.0300   978149.332350401790
           112.1200     -7.0300   978148.443264047848
           112.1300     -7.0300   978147.722109921975
           112.1400     -7.0300   978147.165428584092
           112.1500     -7.0300   978146.770578293363
           112.1600     -7.0300   978146.534807910910
           112.1700     -7.0300   978146.453675163677
           112.1800     -7.0300   978146.519137594383
           112.1900     -7.0300   978146.717709521297
           112.2000     -7.0300   978147.029086445109
           112.2100     -7.0300   978147.425585949793
           112.2200     -7.0300   978147.872646992095
           112.2300     -7.0300   978148.330481008627
           112.2400     -7.0300   978148.756798001472
           112.2500     -7.0300   978149.110361883184
           112.2600     -7.0300   978149.354985580780
           112.2700     -7.0300   978149.463478876627
           112.2800     -7.0300   978149.421026230091
           112.2900     -7.0300   978149.227505725925
           112.3000     -7.0300   978148.898362405482
           112.3100     -7.0300   978148.463809087989
           112.3200     -7.0300   978147.966326656286
           112.3300     -7.0300   978147.456649164436
           112.3400     -7.0300   978146.988619619864
           112.3500     -7.0300   978146.613463238347
           112.3600     -7.0300   978146.374123916612
           112.3700     -7.0300   978146.300331450417
           112.3800     -7.0300   978146.405005993322
           112.3900     -7.0300   978146.682467255276
           112.4000     -7.0300   978147.108714011032
           112.4100     -7.0300   978147.643798140925
           112.4200     -7.0300   978148.236065909732
           112.4300     -7.0300   978148.827808756498
           112.4400     -7.0300   978149.361685914919
           112.4500     -7.0300   978149.787175360834
           112.4600     -7.0300   978150.066292664967
           112.4700     -7.0300   978150.177893220098
           112.4800     -7.0300   978150.120034177555
           112.4900     -7.0300   978149.910099726403
           112.5000     -7.0300   978149.582659802516
           112.5100     -7.0300   978149.185305333696
           112.5200     -7.0300   978148.772948975442
           112.5300     -7.0300   978148.401268094662
           112.5400     -7.0300   978148.120072819758
           112.5500     -7.0300   978147.967392476276
           112.5600     -7.0300   978147.964986934094
           112.5700     -7.0300   978148.115815691068
           112.5800     -7.0300   978148.403758360655
           112.5900     -7.0300   978148.795605392428
           112.6000     -7.0300   978149.245061674039
           112.6100     -7.0300   978149.698262684047
           112.6200     -7.0300   978150.100123456097
           112.6300     -7.0300   978150.400746969972
           112.6400     -7.0300   978150.561122003244
           112.6500     -7.0300   978150.557439806405
           112.6600     -7.0300   978150.383540811483
           112.6700     -7.0300   978150.051243069232
           112.6800     -7.0300   978149.588571956963
           112.6900     -7.0300   978149.036171332351
           112.7000     -7.0300   978148.442396338447
           112.7100     -7.0300   978147.857739679515
           112.7200     -7.0300   978147.329307694105
           112.7300     -7.0300   978146.896032883320
           112.7400     -7.0300   978146.585191059276
           112.7500     -7.0300   978146.410600988893
           112.7600     -7.0300   978146.372648793506
           112.7700     -7.0300   978146.460030560265
           112.7800     -7.0300   978146.652878382709
           112.7900     -7.0300   978146.926757940673
           112.8000     -7.0300   978147.256923206151
           112.8100     -7.0300   978147.622199038160
           112.8200     -7.0300   978148.007936279406
           112.8300     -7.0300   978148.407635366544
           112.8400     -7.0300   978148.823041480849
           112.8500     -7.0300   978149.262747417553
           112.8600     -7.0300   978149.739566417527
           112.8700     -7.0300   978150.267123958096
           112.8800     -7.0300   978150.856238079257
           112.8900     -7.0300   978151.511694518849
           112.9000     -7.0300   978152.229969704873
           112.9100     -7.0300   978152.998318147263
           112.9200     -7.0300   978153.795439392095
           112.9300     -7.0300   978154.593701437348
           112.9400     -7.0300   978155.362655899953
           112.9500     -7.0300   978156.073370068334
           112.9600     -7.0300   978156.702953281929
           112.9700     -7.0300   978157.238592845621
           112.9800     -7.0300   978157.680449516280
           112.9900     -7.0300   978158.042892774101
           113.0000     -7.0300   978158.353766656131
           112.0000     -7.0400   978165.883394893841
           112.0100     -7.0400   978163.885058465647
           112.0200     -7.0400   978161.819794434938
           112.0300     -7.0400   978159.759521486005
           112.0400     -7.0400   978157.766856108909
           112.0500     -7.0400   978155.892146797385
           112.0600     -7.0400   978154.171977324062
           112.0700     -7.0400   978152.629175442969
           112.0800     -7.0400   978151.274183035479
           112.0900     -7.0400   978150.107484905398
           112.1000     -7.0400   978149.122676421888
           112.1100     -7.0400   978148.309689981048
           112.1200     -7.0400   978147.657704554149
           112.1300     -7.0400   978147.157330784597
           112.1400     -7.0400   978146.801787048811
           112.1500     -7.0400   978146.586943171336
           112.1600     -7.0400   978146.510286264587
           112.1700     -7.0400   978146.569033133565
           112.1800     -7.0400   978146.757752271835
           112.1900     -7.0400   978147.065945833339
           112.2000     -7.0400   978147.476065022522
           112.2100     -7.0400   978147.962386325700
           112.2200     -7.0400   978148.491065626731
           112.2300     -7.0400   978149.021526007098
           112.2400     -7.0400   978149.509143799776
           112.2500     -7.0400   978149.909001757740
           112.2600     -7.0400   978150.180304946611
           112.2700     -7.0400   978150.290928835282
           112.2800     -7.0400   978150.221509215538
           112.2900     -7.0400   978149.968500838964
           112.3000     -7.0400   978149.545726936660
           112.3100     -7.0400   978148.984105585492
           112.3200     -7.0400   978148.329452330014
           112.3300     -7.0400   978147.638495508116
           112.3400     -7.0400   978146.973471326404
           112.3500     -7.0400   978146.395859798184
           112.3600     -7.0400   978145.959953809390
           112.3700     -7.0400   978145.707002914278
           112.3800     -7.0400   978145.660631953506
           112.3900     -7.0400   978145.824104750762
           112.4000     -7.0400   978146.179798784433
           112.4100     -7.0400   978146.691001580679
           112.4200     -7.0400   978147.305864360183
           112.4300     -7.0400   978147.963087161421
           112.4400     -7.0400   978148.598695166875
           112.4500     -7.0400   978149.153125878307
           112.4600     -7.0400   978149.577799847233
           112.4700     -7.0400   978149.840401099995
           112.4800     -7.0400   978149.928241975140
           112.4900     -7.0400   978149.849313467741
           112.5000     -7.0400   978149.630899110343
           112.5100     -7.0400   978149.315923951683
           112.5200     -7.0400   978148.957484032377
           112.5300     -7.0400   978148.612221787218
           112.5400     -7.0400   978148.333351419540
           112.5500     -7.0400   978148.164178080740
           112.5600     -7.0400   978148.132890483714
           112.5700     -7.0400   978148.249246433610
           112.5800     -7.0400   978148.503534773132
           112.5900     -7.0400   978148.867915119161
           112.6000     -7.0400   978149.299944050377
           112.6100     -7.0400   978149.747829910135
           112.6200     -7.0400   978150.156751434901
           112.6300     -7.0400   978150.475453719497
           112.6400     -7.0400   978150.662313165842
           112.6500     -7.0400   978150.690142891253
           112.6600     -7.0400   978150.549180322676
           112.6700     -7.0400   978150.247936606291
           112.6800     -7.0400   978149.811861749738
           112.6900     -7.0400   978149.280054354225
           112.7000     -7.0400   978148.700484955567
           112.7100     -7.0400   978148.124376824941
           112.7200     -7.0400   978147.600475894869
           112.7300     -7.0400   978147.169932214543
           112.7400     -7.0400   978146.862411928596
           112.7500     -7.0400   978146.693876439822
           112.7600     -7.0400   978146.666229858878
           112.7700     -7.0400   978146.768779437523
           112.7800     -7.0400   978146.981211367762
           112.7900     -7.0400   978147.277588672470
           112.8000     -7.0400   978147.630754895275
           112.8100     -7.0400   978148.016492712311
           112.8200     -7.0400   978148.416843996500
           112.8300     -7.0400   978148.822138158139
           112.8400     -7.0400   978149.231478187372
           112.8500     -7.0400   978149.651669668732
           112.8600     -7.0400   978150.094813421601
           112.8700     -7.0400   978150.574983758153
           112.8800     -7.0400   978151.104552811827
           112.8900     -7.0400   978151.690776815522
           112.9000     -7.0400   978152.333224191563
           112.9100     -7.0400   978153.022502162261
           112.9200     -7.0400   978153.740545138251
           112.9300     -7.0400   978154.462491315091
           112.9400     -7.0400   978155.159927238477
           112.9500     -7.0400   978155.805059074424
           112.9600     -7.0400   978156.375206456869
           112.9700     -7.0400   978156.856935155578
           112.9800     -7.0400   978157.249162244261
           112.9900     -7.0400   978157.564682597411
           113.0000     -7.0400   978157.829765329603
           112.0000     -7.0500   978162.694495445001
           112.0100     -7.0500   978160.735089183436
           112.0200     -7.0500   978158.749140503933
           112.0300     -7.0500   978156.809282044880
           112.0400     -7.0500   978154.977201102767
           112.0500     -7.0500   978153.300482286490
           112.0600     -7.0500   978151.811070388881
           112.0700     -7.0500   978150.525413323310
           112.0800     -7.0500   978149.446144192480
           112.0900     -7.0500   978148.564980543801
           112.1000     -7.0500   978147.866380697698
           112.1100     -7.0500   978147.331419684459
           112.1200     -7.0500   978146.941340900841
           112.1300     -7.0500   978146.680305198068
           112.1400     -7.0500   978146.536988266394
           112.1500     -7.0500   978146.504852974322
           112.1600     -7.0500   978146.581122410251
           112.1700     -7.0500   978146.764674963779
           112.1800     -7.0500   978147.053248158307
           112.1900     -7.0500   978147.440450022812
           112.2000     -7.0500   978147.913119216566
           112.2100     -7.0500   978148.449540660018
           112.2200     -7.0500   978149.018915105960
           112.2300     -7.0500   978149.582311920822
           112.2400     -7.0500   978150.095125997555
           112.2500     -7.0500   978150.510839598486
           112.2600     -7.0500   978150.785687804222
           112.2700     -7.0500   978150.883670301293
           112.2800     -7.0500   978150.781265220139
           112.2900     -7.0500   978150.471196887316
           112.3000     -7.0500   978149.964692212292
           112.3100     -7.0500   978149.291822193773
           112.3200     -7.0500   978148.499747204478
           112.3300     -7.0500   978147.648940372397
           112.3400     -7.0500   978146.807720362325
           112.3500     -7.0500   978146.045650036191
           112.3600     -7.0500   978145.426520804060
           112.3700     -7.0500   978145.001721211243
           112.3800     -7.0500   978144.804769975832
           112.3900     -7.0500   978144.847677956452
           112.4000     -7.0500   978145.119602536317
           112.4100     -7.0500   978145.587994933361
           112.4200     -7.0500   978146.202147599077
           112.4300     -7.0500   978146.898761225049
           112.4400     -7.0500   978147.608904925641
           112.4500     -7.0500   978148.265570162679
           112.4600     -7.0500   978148.810941431322
           112.4700     -7.0500   978149.202535439632
           112.4800     -7.0500   978149.417492947425
           112.4900     -7.0500   978149.454528070637
           112.5000     -7.0500   978149.333321889397
           112.5100     -7.0500   978149.091455922811
           112.5200     -7.0500   978148.779278220842
           112.5300     -7.0500   978148.453343428439
           112.5400     -7.0500   978148.169237268623
           112.5500     -7.0500   978147.974664371111
           112.5600     -7.0500   978147.903637891170
           112.5700     -7.0500   978147.972465310479
           112.5800     -7.0500   978148.177995659993
           112.5900     -7.0500   978148.498308405746
           112.6000     -7.0500   978148.895719602704
           112.6100     -7.0500   978149.321695217630
           112.6200     -7.0500   978149.723030710709
           112.6300     -7.0500   978150.048508754466
           112.6400     -7.0500   978150.255201165564
           112.6500     -7.0500   978150.313641419751
           112.6600     -7.0500   978150.211251465487
           112.6700     -7.0500   978149.953639504383
           112.6800     -7.0500   978149.563662971021
           112.6900     -7.0500   978149.078436615062
           112.7000     -7.0500   978148.544722268707
           112.7100     -7.0500   978148.013331645168
           112.7200     -7.0500   978147.533281934797
           112.7300     -7.0500   978147.146453321562
           112.7400     -7.0500   978146.883408283466
           112.7500     -7.0500   978146.760858271969
           112.7600     -7.0500   978146.781028809724
           112.7700     -7.0500   978146.932911717216
           112.7800     -7.0500   978147.195138940122
           112.7900     -7.0500   978147.540000693407
           112.8000     -7.0500   978147.937989554834
           112.8100     -7.0500   978148.362200068892
           112.8200     -7.0500   978148.791956295026
           112.8300     -7.0500   978149.215170369367
           112.8400     -7.0500   978149.629134275136
           112.8500     -7.0500   978150.039685993106
           112.8600     -7.0500   978150.458935834002
           112.8700     -7.0500   978150.901954250643
           112.8800     -7.0500   978151.382977944682
           112.8900     -7.0500   978151.911764241639
           112.9000     -7.0500   978152.490703631542
           112.9100     -7.0500   978153.113189251977
           112.9200     -7.0500   978153.763555093785
           112.9300     -7.0500   978154.418657856644
           112.9400     -7.0500   978155.050924136653
           112.9500     -7.0500   978155.632451277808
           112.9600     -7.0500   978156.139570838190
           112.9700     -7.0500   978156.557185407612
           112.9800     -7.0500   978156.882188687101
           112.9900     -7.0500   978157.125378351309
           113.0000     -7.0500   978157.311460241443
           112.0000     -7.0600   978159.438117668848
           112.0100     -7.0600   978157.542858645553
           112.0200     -7.0600   978155.660853134468
           112.0300     -7.0600   978153.865184070542
           112.0400     -7.0600   978152.216471642489
           112.0500     -7.0600   978150.759454157436
           112.0600     -7.0600   978149.521331217606
           112.0700     -7.0600   978148.511964553385
           112.0800     -7.0600   978147.725810667616
           112.0900     -7.0600   978147.145254680654
           112.1000     -7.0600   978146.744852608535
           112.1100     -7.0600   978146.495890842751
           112.1200     -7.0600   978146.370649894467
           112.1300     -7.0600   978146.345817767549
           112.1400     -7.0600   978146.404629440745
           112.1500     -7.0600   978146.537495984929
           112.1600     -7.0600   978146.741105356603
           112.1700     -7.0600   978147.016197910300
           112.1800     -7.0600   978147.364413423347
           112.1900     -7.0600   978147.784746385645
           112.2000     -7.0600   978148.270212683012
           112.2100     -7.0600   978148.805313326651
           112.2200     -7.0600   978149.364780333941
           112.2300     -7.0600   978149.913918187376
           112.2400     -7.0600   978150.410633278429
           112.2500     -7.0600   978150.809002188616
           112.2600     -7.0600   978151.063999844831
           112.2700     -7.0600   978151.136821994325
           112.2800     -7.0600   978151.000119473203
           112.2900     -7.0600   978150.642432295950
           112.3000     -7.0600   978150.071176321711
           112.3100     -7.0600   978149.313688592403
           112.3200     -7.0600   978148.416061966796
           112.3300     -7.0600   978147.439768232056
           112.3400     -7.0600   978146.456347839790
           112.3500     -7.0600   978145.540697981953
           112.3600     -7.0600   978144.763685571961
           112.3700     -7.0600   978144.184921267675
           112.3800     -7.0600   978143.846538847545
           112.3900     -7.0600   978143.768727583345
           112.4000     -7.0600   978143.947573592188
           112.4100     -7.0600   978144.355501774815
           112.4200     -7.0600   978144.944304613397
           112.4300     -7.0600   978145.650435423711
           112.4400     -7.0600   978146.401970111649
           112.4500     -7.0600   978147.126437641913
           112.4600     -7.0600   978147.758611434489
           112.4700     -7.0600   978148.247356059263
           112.4800     -7.0600   978148.560736447689
           112.4900     -7.0600   978148.688806963968
           112.5000     -7.0600   978148.643779309699
           112.5100     -7.0600   978148.457586524775
           112.5200     -7.0600   978148.177175642690
           112.5300     -7.0600   978147.858134560753
           112.5400     -7.0600   978147.557455364964
           112.5500     -7.0600   978147.326332343742
           112.5600     -7.0600   978147.203876631917
           112.5700     -7.0600   978147.212503533927
           112.5800     -7.0600   978147.355529633001
           112.5900     -7.0600   978147.617233160418
           112.6000     -7.0600   978147.965319219511
           112.6100     -7.0600   978148.355431113509
           112.6200     -7.0600   978148.737098349840
           112.6300     -7.0600   978149.060342192766
           112.6400     -7.0600   978149.282091708737
           112.6500     -7.0600   978149.371604424668
           112.6600     -7.0600   978149.314229270327
           112.6700     -7.0600   978149.113075404428
           112.6800     -7.0600   978148.788428387139
           112.6900     -7.0600   978148.375048048445
           112.7000     -7.0600   978147.917751936358
           112.7100     -7.0600   978147.465899451519
           112.7200     -7.0600   978147.067517930293
           112.7300     -7.0600   978146.763837789884
           112.7400     -7.0600   978146.584927623277
           112.7500     -7.0600   978146.546953771380
           112.7600     -7.0600   978146.651356147835
           112.7700     -7.0600   978146.885965403169
           112.7800     -7.0600   978147.227822544868
           112.7900     -7.0600   978147.647236715537
           112.8000     -7.0600   978148.112460276345
           112.8100     -7.0600   978148.594293185510
           112.8200     -7.0600   978149.069959042477
           112.8300     -7.0600   978149.525717747514
           112.8400     -7.0600   978149.957876401953
           112.8500     -7.0600   978150.372102629044
           112.8600     -7.0600   978150.781198327662
           112.8700     -7.0600   978151.201720965910
           112.8800     -7.0600   978151.650011200458
           112.8900     -7.0600   978152.138275305158
           112.9000     -7.0600   978152.671365375747
           112.9100     -7.0600   978153.244799708715
           112.9200     -7.0600   978153.844383678050
           112.9300     -7.0600   978154.447553027538
           112.9400     -7.0600   978155.026300204801
           112.9500     -7.0600   978155.551297313650
           112.9600     -7.0600   978155.996632158756
           112.9700     -7.0600   978156.344456038671
           112.9800     -7.0600   978156.588822176564
           112.9900     -7.0600   978156.738077414338
           113.0000     -7.0600   978156.815348209115
           112.0000     -7.0700   978156.332638817839
           112.0100     -7.0700   978154.529001476709
           112.0200     -7.0700   978152.774183696602
           112.0300     -7.0700   978151.141492745024
           112.0400     -7.0700   978149.690508386935
           112.0500     -7.0700   978148.463320718030
           112.0600     -7.0700   978147.482657359331
           112.0700     -7.0700   978146.752044158988
           112.0800     -7.0700   978146.257902251091
           112.0900     -7.0700   978145.973254507873
           112.1000     -7.0700   978145.862525438424
           112.1100     -7.0700   978145.886794965016
           112.1200     -7.0700   978146.008824691991
           112.1300     -7.0700   978146.197221227339
           112.1400     -7.0700   978146.429229483707
           112.1500     -7.0700   978146.691843396169
           112.1600     -7.0700   978146.981157055241
           112.1700     -7.0700   978147.300124968169
           112.1800     -7.0700   978147.655123469303
           112.1900     -7.0700   978148.051876092097
           112.2000     -7.0700   978148.491400490282
           112.2100     -7.0700   978148.966639488703
           112.2200     -7.0700   978149.460352020105
           112.2300     -7.0700   978149.944671276957
           112.2400     -7.0700   978150.382508614799
           112.2500     -7.0700   978150.730722269509
           112.2600     -7.0700   978150.944714146084
           112.2700     -7.0700   978150.983900296618
           112.2800     -7.0700   978150.817351377453
           112.2900     -7.0700   978150.428840055480
           112.3000     -7.0700   978149.820573239936
           112.3100     -7.0700   978149.015025405912
           112.3200     -7.0700   978148.054509462905
           112.3300     -7.0700   978146.998396936222
           112.3400     -7.0700   978145.918195159873
           112.3500     -7.0700   978144.890967902844
           112.3600     -7.0700   978143.991810952895
           112.3700     -7.0700   978143.286235539475
           112.3800     -7.0700   978142.823350165738
           112.3900     -7.0700   978142.630658553680
           112.4000     -7.0700   978142.711115104612
           112.4100     -7.0700   978143.042820077855
           112.4200     -7.0700   978143.581425943528
           112.4300     -7.0700   978144.265002440661
           112.4400     -7.0700   978145.020811221679
           112.4500     -7.0700   978145.773209017701
           112.4600     -7.0700   978146.451760555618
           112.4700     -7.0700   978146.998616810306
           112.4800     -7.0700   978147.374304330559
           112.4900     -7.0700   978147.561266451143
           112.5000     -7.0700   978147.564772981685
           112.5100     -7.0700   978147.411136979586
           112.5200     -7.0700   978147.143505136366
           112.5300     -7.0700   978146.815780984238
           112.5400     -7.0700   978146.485461049946
           112.5500     -7.0700   978146.206285781460
           112.5600     -7.0700   978146.021614920232
           112.5700     -7.0700   978145.959330829326
           112.5800     -7.0700   978146.028867556481
           112.5900     -7.0700   978146.220685173874
           112.6000     -7.0700   978146.508194367867
           112.6100     -7.0700   978146.851825927733
           112.6200     -7.0700   978147.204673376051
           112.6300     -7.0700   978147.518948152778
           112.6400     -7.0700   978147.752398818498
           112.6500     -7.0700   978147.873868626542
           112.6600     -7.0700   978147.867295029224
           112.6700     -7.0700   978147.733671811409
           112.6800     -7.0700   978147.490769993048
           112.6900     -7.0700   978147.170710399165
           112.7000     -7.0700   978146.815759560443
           112.7100     -7.0700   978146.472944875364
           112.7200     -7.0700   978146.188225872349
           112.7300     -7.0700   978146.000998557080
           112.7400     -7.0700   978145.939645387465
           112.7500     -7.0700   978146.018684664043
           112.7600     -7.0700   978146.237842871225
           112.7700     -7.0700   978146.583103945479
           112.7800     -7.0700   978147.029517815681
           112.7900     -7.0700   978147.545313964016
           112.8000     -7.0700   978148.096696256893
           112.8100     -7.0700   978148.652615434723
           112.8200     -7.0700   978149.188835618785
           112.8300     -7.0700   978149.690727231791
           112.8400     -7.0700   978150.154413960525
           112.8500     -7.0700   978150.586147900438
           112.8600     -7.0700   978151.000049908762
           112.8700     -7.0700   978151.414594236179
           112.8800     -7.0700   978151.848403376294
           112.8900     -7.0700   978152.316024026368
           112.9000     -7.0700   978152.824362714542
           112.9100     -7.0700   978153.370368150063
           112.9200     -7.0700   978153.940368767246
           112.9300     -7.0700   978154.511232584598
           112.9400     -7.0700   978155.053245893680
           112.9500     -7.0700   978155.534345404711
           112.9600     -7.0700   978155.925122674555
           112.9700     -7.0700   978156.203881472815
           112.9800     -7.0700   978156.360989511362
           112.9900     -7.0700   978156.401833637152
           113.0000     -7.0700   978156.347855544998
           112.0000     -7.0800   978153.567136501311
           112.0100     -7.0800   978151.883043634007
           112.0200     -7.0800   978150.275908140000
           112.0300     -7.0800   978148.819089098950
           112.0400     -7.0800   978147.571324458695
           112.0500     -7.0800   978146.572537031723
           112.0600     -7.0800   978145.841635733028
           112.0700     -7.0800   978145.376519108424
           112.0800     -7.0800   978145.156227519270
           112.0900     -7.0800   978145.144934475771
           112.1000     -7.0800   978145.297249178286
           112.1100     -7.0800   978145.564149581711
           112.1200     -7.0800   978145.898798453971
           112.1300     -7.0800   978146.261523230583
           112.1400     -7.0800   978146.623361032340
           112.1500     -7.0800   978146.967767979251
           112.1600     -7.0800   978147.290341616375
           112.1700     -7.0800   978147.596674537170
           112.1800     -7.0800   978147.898710796493
           112.1900     -7.0800   978148.210180892260
           112.2000     -7.0800   978148.541818411089
           112.2100     -7.0800   978148.897094228072
           112.2200     -7.0800   978149.269137026044
           112.2300     -7.0800   978149.639349623350
           112.2400     -7.0800   978149.977999279625
           112.2500     -7.0800   978150.246786686010
           112.2600     -7.0800   978150.403118713410
           112.2700     -7.0800   978150.405561456690
           112.2800     -7.0800   978150.219766461640
           112.2900     -7.0800   978149.824069943512
           112.3000     -7.0800   978149.213976451079
           112.3100     -7.0800   978148.404855463072
           112.3200     -7.0800   978147.432388477260
           112.3300     -7.0800   978146.350579849328
           112.3400     -7.0800   978145.227452211897
           112.3500     -7.0800   978144.138847428490
           112.3600     -7.0800   978143.161007682094
           112.3700     -7.0800   978142.362784850993
           112.3800     -7.0800   978141.798396114842
           112.3900     -7.0800   978141.501599062700
           112.4000     -7.0800   978141.482004438993
           112.4100     -7.0800   978141.723997221910
           112.4200     -7.0800   978142.188427239424
           112.4300     -7.0800   978142.816897435230
           112.4400     -7.0800   978143.538163049845
           112.4500     -7.0800   978144.275898152497
           112.4600     -7.0800   978144.956919812365
           112.4700     -7.0800   978145.518905994017
           112.4800     -7.0800   978145.916708080913
           112.4900     -7.0800   978146.126534747891
           112.5000     -7.0800   978146.147548543639
           112.5100     -7.0800   978146.000736554503
           112.5200     -7.0800   978145.725251392927
           112.5300     -7.0800   978145.372726219823
           112.5400     -7.0800   978145.000308880117
           112.5500     -7.0800   978144.663305449649
           112.5600     -7.0800   978144.408354914864
           112.5700     -7.0800   978144.267971417867
           112.5800     -7.0800   978144.257100551738
           112.5900     -7.0800   978144.372067049146
           112.6000     -7.0800   978144.591978325043
           112.6100     -7.0800   978144.882332526497
           112.6200     -7.0800   978145.200301841367
           112.6300     -7.0800   978145.500957249315
           112.6400     -7.0800   978145.743595307926
           112.6500     -7.0800   978145.897333234549
           112.6600     -7.0800   978145.945253149606
           112.6700     -7.0800   978145.886583264684
           112.6800     -7.0800   978145.736674341373
           112.6900     -7.0800   978145.524827299290
           112.7000     -7.0800   978145.290312444791
           112.7100     -7.0800   978145.077154792030
           112.7200     -7.0800   978144.928412744892
           112.7300     -7.0800   978144.880729688448
           112.7400     -7.0800   978144.959884095588
           112.7500     -7.0800   978145.177912316984
           112.7600     -7.0800   978145.532151053310
           112.7700     -7.0800   978146.006275491323
           112.7800     -7.0800   978146.573131782119
           112.7900     -7.0800   978147.198917080881
           112.8000     -7.0800   978147.848080321099
           112.8100     -7.0800   978148.488226598594
           112.8200     -7.0800   978149.094319434604
           112.8300     -7.0800   978149.651586108259
           112.8400     -7.0800   978150.156725796172
           112.8500     -7.0800   978150.617270974675
           112.8600     -7.0800   978151.049224146642
           112.8700     -7.0800   978151.473346235231
           112.8800     -7.0800   978151.910673959064
           112.8900     -7.0800   978152.377962492872
           112.9000     -7.0800   978152.883769224398
           112.9100     -7.0800   978153.425810724264
           112.9200     -7.0800   978153.990048717358
           112.9300     -7.0800   978154.551715507871
           112.9400     -7.0800   978155.078208462219
           112.9500     -7.0800   978155.533505643718
           112.9600     -7.0800   978155.883519595140
           112.9700     -7.0800   978156.101647246745
           112.9800     -7.0800   978156.173714926932
           112.9900     -7.0800   978156.101568951388
           113.0000     -7.0800   978155.904719856684
           112.0000     -7.0900   978151.287051975378
           112.0100     -7.0900   978149.748531358666
           112.0200     -7.0900   978148.305203691823
           112.0300     -7.0900   978147.030382927740
           112.0400     -7.0900   978145.982339602895
           112.0500     -7.0900   978145.199582436937
           112.0600     -7.0900   978144.698214041186
           112.0700     -7.0900   978144.471645074431
           112.0800     -7.0900   978144.492672235123
           112.0900     -7.0900   978144.717643000651
           112.1000     -7.0900   978145.092179828207
           112.1100     -7.0900   978145.557750958949
           112.1200     -7.0900   978146.058278300799
           112.1300     -7.0900   978146.545978273149
           112.1400     -7.0900   978146.985739029013
           112.1500     -7.0900   978147.357533912524
           112.1600     -7.0900   978147.656631495920
           112.1700     -7.0900   978147.891653570579
           112.1800     -7.0900   978148.080816338188
           112.1900     -7.0900   978148.246929570800
           112.2000     -7.0900   978148.411892046919
           112.2100     -7.0900   978148.591487149941
           112.2200     -7.0900   978148.791240824852
           112.2300     -7.0900   978149.003959872411
           112.2400     -7.0900   978149.209340072237
           112.2500     -7.0900   978149.375750432839
           112.2600     -7.0900   978149.463999026339
           112.2700     -7.0900   978149.432607109193
           112.2800     -7.0900   978149.243898866582
           112.2900     -7.0900   978148.870083951741
           112.3000     -7.0900   978148.298487434047
           112.3100     -7.0900   978147.535171334632
           112.3200     -7.0900   978146.606383384438
           112.3300     -7.0900   978145.557538317516
           112.3400     -7.0900   978144.449750766275
           112.3500     -7.0900   978143.354256321909
           112.3600     -7.0900   978142.345337320585
           112.3700     -7.0900   978141.492575643118
           112.3800     -7.0900   978140.853358708089
           112.3900     -7.0900   978140.466552325757
           112.4000     -7.0900   978140.348125479650
           112.4100     -7.0900   978140.489282728755
           112.4200     -7.0900   978140.857358230278
           112.4300     -7.0900   978141.399389249389
           112.4400     -7.0900   978142.047959053540
           112.4500     -7.0900   978142.728620917420
           112.4600     -7.0900   978143.368022076669
           112.4700     -7.0900   978143.901763414033
           112.4800     -7.0900   978144.281067967415
           112.4900     -7.0900   978144.477484151954
           112.5000     -7.0900   978144.485098157893
           112.5100     -7.0900   978144.320042459527
           112.5200     -7.0900   978144.017423668061
           112.5300     -7.0900   978143.626110229990
           112.5400     -7.0900   978143.202078390634
           112.5500     -7.0900   978142.801181064337
           112.5600     -7.0900   978142.472258354304
           112.5700     -7.0900   978142.251444763620
           112.5800     -7.0900   978142.158356140368
           112.5900     -7.0900   978142.194582655095
           112.6000     -7.0900   978142.344606943196
           112.6100     -7.0900   978142.578949542018
           112.6200     -7.0900   978142.859058372909
           112.6300     -7.0900   978143.143242138671
           112.6400     -7.0900   978143.392826663097
           112.6500     -7.0900   978143.577702858020
           112.6600     -7.0900   978143.680535023566
           112.6700     -7.0900   978143.699093635776
           112.6800     -7.0900   978143.646440370241
           112.6900     -7.0900   978143.548988570925
           112.7000     -7.0900   978143.442749773734
           112.7100     -7.0900   978143.368317540619
           112.7200     -7.0900   978143.365301935934
           112.7300     -7.0900   978143.466990384855
           112.7400     -7.0900   978143.695966065628
           112.7500     -7.0900   978144.061270588893
           112.7600     -7.0900   978144.557474249741
           112.7700     -7.0900   978145.165745968698
           112.7800     -7.0900   978145.856733917375
           112.7900     -7.0900   978146.594815629767
           112.8000     -7.0900   978147.343087982270
           112.8100     -7.0900   978148.068368627224
           112.8200     -7.0900   978148.745484892162
           112.8300     -7.0900   978149.360232988605
           112.8400     -7.0900   978149.910584774101
           112.8500     -7.0900   978150.405974164954
           112.8600     -7.0900   978150.864775139256
           112.8700     -7.0900   978151.310348880943
           112.8800     -7.0900   978151.766251642839
           112.8900     -7.0900   978152.251326737111
           112.9000     -7.0900   978152.775434314157
           112.9100     -7.0900   978153.336495688185
           112.9200     -7.0900   978153.919354111073
           112.9300     -7.0900   978154.496703963494
           112.9400     -7.0900   978155.032048791298
           112.9500     -7.0900   978155.484355253633
           112.9600     -7.0900   978155.813815390691
           112.9700     -7.0900   978155.987949671457
           112.9800     -7.0900   978155.987204375095
           112.9900     -7.0900   978155.809232071741
           113.0000     -7.0900   978155.471191198914
           112.0000     -7.1000   978149.584789371351
           112.0100     -7.1000   978148.213347751764
           112.0200     -7.1000   978146.943885601358
           112.0300     -7.1000   978145.849674868165
           112.0400     -7.1000   978144.989066858659
           112.0500     -7.1000   978144.400157202967
           112.0600     -7.1000   978144.097571642837
           112.0700     -7.1000   978144.071748322109
           112.0800     -7.1000   978144.290796703892
           112.0900     -7.1000   978144.704704018659
           112.1000     -7.1000   978145.251376450644
           112.1100     -7.1000   978145.863780514104
           112.1200     -7.1000   978146.477319121244
           112.1300     -7.1000   978147.036554150749
           112.1400     -7.1000   978147.500476557878
           112.1500     -7.1000   978147.845715415315
           112.1600     -7.1000   978148.067344781128
           112.1700     -7.1000   978148.177257854608
           112.1800     -7.1000   978148.200391537161
           112.1900     -7.1000   978148.169360705884
           112.2000     -7.1000   978148.118264284567
           112.2100     -7.1000   978148.076527953264
           112.2200     -7.1000   978148.063637436484
           112.2300     -7.1000   978148.085492779966
           112.2400     -7.1000   978148.132893758826
           112.2500     -7.1000   978148.182378055062
           112.2600     -7.1000   978148.199314812664
           112.2700     -7.1000   978148.142848446150
           112.2800     -7.1000   978147.972031772602
           112.2900     -7.1000   978147.652317647240
           112.3000     -7.1000   978147.161517260480
           112.3100     -7.1000   978146.494389885920
           112.3200     -7.1000   978145.665196566377
           112.3300     -7.1000   978144.707807832747
           112.3400     -7.1000   978143.673270044499
           112.3500     -7.1000   978142.625065615284
           112.3600     -7.1000   978141.632606267347
           112.3700     -7.1000   978140.763735780143
           112.3800     -7.1000   978140.077158178436
           112.3900     -7.1000   978139.615730233607
           112.4000     -7.1000   978139.401459886809
           112.4100     -7.1000   978139.432846684707
           112.4200     -7.1000   978139.684912565979
           112.4300     -7.1000   978140.111938069807
           112.4400     -7.1000   978140.652582979295
           112.4500     -7.1000   978141.236774587422
           112.4600     -7.1000   978141.793529123417
           112.4700     -7.1000   978142.258760094992
           112.4800     -7.1000   978142.582135438453
           112.4900     -7.1000   978142.732171874144
           112.5000     -7.1000   978142.698982964852
           112.5100     -7.1000   978142.494397175382
           112.5200     -7.1000   978142.149494752521
           112.5300     -7.1000   978141.709934506682
           112.5400     -7.1000   978141.229712157510
           112.5500     -7.1000   978140.764176495722
           112.5600     -7.1000   978140.363205273054
           112.5700     -7.1000   978140.065400945838
           112.5800     -7.1000   978139.894014129532
           112.5900     -7.1000   978139.855061129085
           112.6000     -7.1000   978139.937804061454
           112.6100     -7.1000   978140.117447789293
           112.6200     -7.1000   978140.359618773800
           112.6300     -7.1000   978140.625964966719
           112.6400     -7.1000   978140.880082062096
           112.6500     -7.1000   978141.092946368619
           112.6600     -7.1000   978141.247120069806
           112.6700     -7.1000   978141.339177727117
           112.6800     -7.1000   978141.380057619768
           112.6900     -7.1000   978141.393332530162
           112.7000     -7.1000   978141.411681992817
           112.7100     -7.1000   978141.472092724522
           112.7200     -7.1000   978141.610482954071
           112.7300     -7.1000   978141.856517244829
           112.7400     -7.1000   978142.229342217674
           112.7500     -7.1000   978142.734836099902
           112.7600     -7.1000   978143.364745894447
           112.7700     -7.1000   978144.097815904184
           112.7800     -7.1000   978144.902728099376
           112.7900     -7.1000   978145.742417783942
           112.8000     -7.1000   978146.579133033869
           112.8100     -7.1000   978147.379500708194
           112.8200     -7.1000   978148.118860409711
           112.8300     -7.1000   978148.784231203492
           112.8400     -7.1000   978149.375470224186
           112.8500     -7.1000   978149.904440951650
           112.8600     -7.1000   978150.392296204693
           112.8700     -7.1000   978150.865256882273
           112.8800     -7.1000   978151.349493428599
           112.8900     -7.1000   978151.865860670572
           112.9000     -7.1000   978152.425276809721
           112.9100     -7.1000   978153.025466662948
           112.9200     -7.1000   978153.649615570903
           112.9300     -7.1000   978154.267225824180
           112.9400     -7.1000   978154.837165427045
           112.9500     -7.1000   978155.312590071931
           112.9600     -7.1000   978155.647145312512
           112.9700     -7.1000   978155.801655267831
           112.9800     -7.1000   978155.750405446743
           112.9900     -7.1000   978155.486146168550
           113.0000     -7.1000   978155.023079592735
           112.0000     -7.1100   978148.495867842226
           112.0100     -7.1100   978147.305893470068
           112.0200     -7.1100   978146.212722023251
           112.0300     -7.1100   978145.289708407247
           112.0400     -7.1100   978144.595996032120
           112.0500     -7.1100   978144.170477463398
           112.0600     -7.1100   978144.027886351687
           112.0700     -7.1100   978144.157500834437
           112.0800     -7.1100   978144.524628501735
           112.0900     -7.1100   978145.074707577471
           112.1000     -7.1100   978145.739540554117
           112.1100     -7.1100   978146.444915852742
           112.1200     -7.1100   978147.118703841814
           112.1300     -7.1100   978147.698457915219
           112.1400     -7.1100   978148.137617130997
           112.1500     -7.1100   978148.409586290014
           112.1600     -7.1100   978148.509239814593
           112.1700     -7.1100   978148.451723080128
           112.1800     -7.1100   978148.268767107045
           112.1900     -7.1100   978148.003045906313
           112.2000     -7.1100   978147.701349997194
           112.2100     -7.1100   978147.407493237406
           112.2200     -7.1100   978147.155894675408
           112.2300     -7.1100   978146.966679563164
           112.2400     -7.1100   978146.842936742934
           112.2500     -7.1100   978146.770480351290
           112.2600     -7.1100   978146.720129888272
           112.2700     -7.1100   978146.652187789325
           112.2800     -7.1100   978146.522501372383
           112.2900     -7.1100   978146.289284666185
           112.3000     -7.1100   978145.919772705063
           112.3100     -7.1100   978145.395799918100
           112.3200     -7.1100   978144.717532767449
           112.3300     -7.1100   978143.904826737125
           112.3400     -7.1100   978142.995987825794
           112.3500     -7.1100   978142.044058403349
           112.3600     -7.1100   978141.111072294065
           112.3700     -7.1100   978140.260991868097
           112.3800     -7.1100   978139.552215803764
           112.3900     -7.1100   978139.030607115594
           112.4000     -7.1100   978138.723929137690
           112.4100     -7.1100   978138.638400513097
           112.4200     -7.1100   978138.757811979624
           112.4300     -7.1100   978139.045322756749
           112.4400     -7.1100   978139.447714965674
           112.4500     -7.1100   978139.901574678253
           112.4600     -7.1100   978140.340627912548
           112.4700     -7.1100   978140.703319884487
           112.4800     -7.1100   978140.939703584299
           112.4900     -7.1100   978141.016801320831
           112.5000     -7.1100   978140.921806668281
           112.5100     -7.1100   978140.662776884041
           112.5200     -7.1100   978140.266789876739
           112.5300     -7.1100   978139.775862639421
           112.5400     -7.1100   978139.241207643528
           112.5500     -7.1100   978138.716604081565
           112.5600     -7.1100   978138.251756756450
           112.5700     -7.1100   978137.886495700222
           112.5800     -7.1100   978137.646538369940
           112.5900     -7.1100   978137.541312465095
           112.6000     -7.1100   978137.564051970374
           112.6100     -7.1100   978137.694070830243
           112.6200     -7.1100   978137.900829172577
           112.6300     -7.1100   978138.149174713646
           112.6400     -7.1100   978138.404997363337
           112.6500     -7.1100   978138.640496411710
           112.6600     -7.1100   978138.838330851519
           112.6700     -7.1100   978138.994093340356
           112.6800     -7.1100   978139.116792656248
           112.6900     -7.1100   978139.227313993964
           112.7000     -7.1100   978139.355111608049
           112.7100     -7.1100   978139.533634805470
           112.7200     -7.1100   978139.795162397670
           112.7300     -7.1100   978140.165798722068
           112.7400     -7.1100   978140.661355943885
           112.7500     -7.1100   978141.284716863302
           112.7600     -7.1100   978142.025058372179
           112.7700     -7.1100   978142.859047993319
           112.7800     -7.1100   978143.753842084785
           112.7900     -7.1100   978144.671454012860
           112.8000     -7.1100   978145.573860541452
           112.8100     -7.1100   978146.428103229031
           112.8200     -7.1100   978147.210635052528
           112.8300     -7.1100   978147.910262623918
           112.8400     -7.1100   978148.529228284489
           112.8500     -7.1100   978149.082238003262
           112.8600     -7.1100   978149.593534678803
           112.8700     -7.1100   978150.092401614296
           112.8800     -7.1100   978150.607717727311
           112.8900     -7.1100   978151.162340709707
           112.9000     -7.1100   978151.768143855850
           112.9100     -7.1100   978152.422467707773
           112.9200     -7.1100   978153.106575465412
           112.9300     -7.1100   978153.786442547571
           112.9400     -7.1100   978154.415899045533
           112.9500     -7.1100   978154.941820187843
           112.9600     -7.1100   978155.310767730582
           112.9700     -7.1100   978155.476264394470
           112.9800     -7.1100   978155.405765243340
           112.9900     -7.1100   978155.086392277037
           113.0000     -7.1100   978154.528623917722
           112.0000     -7.1200   978148.000639323145
           112.0100     -7.1200   978146.997168540955
           112.0200     -7.1200   978146.073881080141
           112.0300     -7.1200   978145.304475391516
           112.0400     -7.1200   978144.749739740859
           112.0500     -7.1200   978144.450729708653
           112.0600     -7.1200   978144.424048415618
           112.0700     -7.1200   978144.659825825947
           112.0800     -7.1200   978145.122671407065
           112.0900     -7.1200   978145.755513817538
           112.1000     -7.1200   978146.485887707560
           112.1100     -7.1200   978147.233926102519
           112.1200     -7.1200   978147.921105943038
           112.1300     -7.1200   978148.478701485205
           112.1400     -7.1200   978148.854937784607
           112.1500     -7.1200   978149.020000083488
           112.1600     -7.1200   978148.968324138084
           112.1700     -7.1200   978148.717933252919
           112.1800     -7.1200   978148.306956804125
           112.1900     -7.1200   978147.787815281539
           112.2000     -7.1200   978147.219843882136
           112.2100     -7.1200   978146.661313931923
           112.2200     -7.1200   978146.161875383812
           112.2300     -7.1200   978145.756376639358
           112.2400     -7.1200   978145.460829195916
           112.2500     -7.1200   978145.270999006811
           112.2600     -7.1200   978145.163761310396
           112.2700     -7.1200   978145.100995855522
           112.2800     -7.1200   978145.035471569863
           112.2900     -7.1200   978144.917915957863
           112.3000     -7.1200   978144.704317351803
           112.3100     -7.1200   978144.362485916354
           112.3200     -7.1200   978143.877004137612
           112.3300     -7.1200   978143.251914917724
           112.3400     -7.1200   978142.510796310147
           112.3500     -7.1200   978141.694216633448
           112.3600     -7.1200   978140.854906954104
           112.3700     -7.1200   978140.051285002148
           112.3800     -7.1200   978139.340177021804
           112.3900     -7.1200   978138.769684715429
           112.4000     -7.1200   978138.373120984645
           112.4100     -7.1200   978138.164794536657
           112.4200     -7.1200   978138.138179312111
           112.4300     -7.1200   978138.266692765872
           112.4400     -7.1200   978138.506968620699
           112.4500     -7.1200   978138.804189292481
           112.4600     -7.1200   978139.098782468587
           112.4700     -7.1200   978139.333618844394
           112.4800     -7.1200   978139.460794714163
           112.4900     -7.1200   978139.447149740881
           112.5000     -7.1200   978139.277846614830
           112.5100     -7.1200   978138.957600998343
           112.5200     -7.1200   978138.509461615817
           112.5300     -7.1200   978137.971359900199
           112.5400     -7.1200   978137.390933917835
           112.5500     -7.1200   978136.819345099386
           112.5600     -7.1200   978136.304921242176
           112.5700     -7.1200   978135.887461458100
           112.5800     -7.1200   978135.593929598457
           112.5900     -7.1200   978135.436058453633
           112.6000     -7.1200   978135.410116559477
           112.6100     -7.1200   978135.498790191719
           112.6200     -7.1200   978135.674846004462
           112.6300     -7.1200   978135.906003624783
           112.6400     -7.1200   978136.160293822060
           112.6500     -7.1200   978136.411126635736
           112.6600     -7.1200   978136.641350826132
           112.6700     -7.1200   978136.845742153935
           112.6800     -7.1200   978137.031590704573
           112.6900     -7.1200   978137.217333735316
           112.7000     -7.1200   978137.429461615277
           112.7100     -7.1200   978137.698171022814
           112.7200     -7.1200   978138.052417384461
           112.7300     -7.1200   978138.515102840262
           112.7400     -7.1200   978139.099115126999
           112.7500     -7.1200   978139.804809651105
           112.7600     -7.1200   978140.619318829617
           112.7700     -7.1200   978141.517808630015
           112.7800     -7.1200   978142.466519156937
           112.7900     -7.1200   978143.427163917571
           112.8000     -7.1200   978144.362058314029
           112.8100     -7.1200   978145.239231305779
           112.8200     -7.1200   978146.036762591801
           112.8300     -7.1200   978146.745684119873
           112.8400     -7.1200   978147.370977383223
           112.8500     -7.1200   978147.930461391923
           112.8600     -7.1200   978148.451664926601
           112.8700     -7.1200   978148.967069724924
           112.8800     -7.1200   978149.508357820334
           112.8900     -7.1200   978150.100461223628
           112.9000     -7.1200   978150.756270868471
           112.9100     -7.1200   978151.472803707700
           112.9200     -7.1200   978152.229457067559
           112.9300     -7.1200   978152.988718154840
           112.9400     -7.1200   978153.699376941775
           112.9500     -7.1200   978154.301953988732
           112.9600     -7.1200   978154.735745643033
           112.9700     -7.1200   978154.946649201098
           112.9800     -7.1200   978154.894793357467
           112.9900     -7.1200   978154.560985047487
           113.0000     -7.1200   978153.951097225538
           112.0000     -7.1300   978148.031012821826
           112.0100     -7.1300   978147.208180758753
           112.0200     -7.1300   978146.438924035872
           112.0300     -7.1300   978145.797681746888
           112.0400     -7.1300   978145.347846454824
           112.0500     -7.1300   978145.134092774126
           112.0600     -7.1300   978145.176739880233
           112.0700     -7.1300   978145.468870058074
           112.0800     -7.1300   978145.976594269043
           112.0900     -7.1300   978146.642471712199
           112.1000     -7.1300   978147.391701818560
           112.1100     -7.1300   978148.140363394865
           112.1200     -7.1300   978148.804720510496
           112.1300     -7.1300   978149.310480967979
           112.1400     -7.1300   978149.600898077013
           112.1500     -7.1300   978149.642749694642
           112.1600     -7.1300   978149.429492053692
           112.1700     -7.1300   978148.981236497639
           112.1800     -7.1300   978148.341590417433
           112.1900     -7.1300   978147.571789691574
           112.2000     -7.1300   978146.742879989441
           112.2100     -7.1300   978145.926936943317
           112.2200     -7.1300   978145.188421545201
           112.2300     -7.1300   978144.576734561124
           112.2400     -7.1300   978144.120867495425
           112.2500     -7.1300   978143.826769962558
           112.2600     -7.1300   978143.677700667176
           112.2700     -7.1300   978143.637447289657
           112.2800     -7.1300   978143.655938586337
           112.2900     -7.1300   978143.676476053894
           112.3000     -7.1300   978143.643619795679
           112.3100     -7.1300   978143.510697254096
           112.3200     -7.1300   978143.245971126365
           112.3300     -7.1300   978142.836693607271
           112.3400     -7.1300   978142.290561773698
           112.3500     -7.1300   978141.634434898151
           112.3600     -7.1300   978140.910533044138
           112.3700     -7.1300   978140.170660705771
           112.3800     -7.1300   978139.469247714966
           112.3900     -7.1300   978138.856140857795
           112.4000     -7.1300   978138.370096662664
           112.4100     -7.1300   978138.033818247495
           112.4200     -7.1300   978137.851162800565
           112.4300     -7.1300   978137.806851281901
           112.4400     -7.1300   978137.868678142433
           112.4500     -7.1300   978137.991890897974
           112.4600     -7.1300   978138.125130339409
           112.4700     -7.1300   978138.217128206510
           112.4800     -7.1300   978138.223274561693
           112.4900     -7.1300   978138.111201406573
           112.5000     -7.1300   978137.864675804856
           112.5100     -7.1300   978137.485333573073
           112.5200     -7.1300   978136.992080297321
           112.5300     -7.1300   978136.418299555313
           112.5400     -7.1300   978135.807296545478
           112.5500     -7.1300   978135.206630527042
           112.5600     -7.1300   978134.662122270674
           112.5700     -7.1300   978134.212346674991
           112.5800     -7.1300   978133.884334326023
           112.5900     -7.1300   978133.691022579675
           112.6000     -7.1300   978133.630743204383
           112.6100     -7.1300   978133.688745515305
           112.6200     -7.1300   978133.840471350355
           112.6300     -7.1300   978134.056060037692
           112.6400     -7.1300   978134.305400089244
           112.6500     -7.1300   978134.562981195166
           112.6600     -7.1300   978134.811842893367
           112.6700     -7.1300   978135.046058056760
           112.6800     -7.1300   978135.271409323672
           112.6900     -7.1300   978135.504183350713
           112.7000     -7.1300   978135.768283392070
           112.7100     -7.1300   978136.091106233071
           112.7200     -7.1300   978136.498810209217
           112.7300     -7.1300   978137.011691272259
           112.7400     -7.1300   978137.640370869776
           112.7500     -7.1300   978138.383384270361
           112.7600     -7.1300   978139.226556695532
           112.7700     -7.1300   978140.144295275561
           112.7800     -7.1300   978141.102643710678
           112.7900     -7.1300   978142.063683430897
           112.8000     -7.1300   978142.990657536197
           112.8100     -7.1300   978143.853072196245
           112.8200     -7.1300   978144.631013122271
           112.8300     -7.1300   978145.318006546586
           112.8400     -7.1300   978145.921944117406
           112.8500     -7.1300   978146.463854709757
           112.8600     -7.1300   978146.974608230987
           112.8700     -7.1300   978147.489935936872
           112.8800     -7.1300   978148.044407077134
           112.8900     -7.1300   978148.665176488692
           112.9000     -7.1300   978149.366385971545
           112.9100     -7.1300   978150.145051702275
           112.9200     -7.1300   978150.979104171158
           112.9300     -7.1300   978151.827985338634
           112.9400     -7.1300   978152.635882302420
           112.9500     -7.1300   978153.337329376140
           112.9600     -7.1300   978153.864586435375
           112.9700     -7.1300   978154.155943920021
           112.9800     -7.1300   978154.163949307753
           112.9900     -7.1300   978153.862518858281
           113.0000     -7.1300   978153.251998882741
           112.0000     -7.1400   978148.481148589286
           112.0100     -7.1400   978147.821587934974
           112.0200     -7.1400   978147.181210117764
           112.0300     -7.1400   978146.635712762014
           112.0400     -7.1400   978146.252110322705
           112.0500     -7.1400   978146.080165106105
           112.0600     -7.1400   978146.145743555040
           112.0700     -7.1400   978146.446952678496
           112.0800     -7.1400   978146.953574619838
           112.0900     -7.1400   978147.609912255546
           112.1000     -7.1400   978148.340736342943
           112.1100     -7.1400   978149.059638606384
           112.1200     -7.1400   978149.678794185864
           112.1300     -7.1400   978150.118959409883
           112.1400     -7.1400   978150.318499395158
           112.1500     -7.1400   978150.240358603769
           112.1600     -7.1400   978149.876141131506
           112.1700     -7.1400   978149.246824000380
           112.1800     -7.1400   978148.400040981825
           112.1900     -7.1400   978147.404294191976
           112.2000     -7.1400   978146.340823129402
           112.2100     -7.1400   978145.294139529346
           112.2200     -7.1400   978144.342387072276
           112.2300     -7.1400   978143.548689842573
           112.2400     -7.1400   978142.954513328033
           112.2500     -7.1400   978142.575795972021
           112.2600     -7.1400   978142.402252907981
           112.2700     -7.1400   978142.399852745817
           112.2800     -7.1400   978142.516074496671
           112.2900     -7.1400   978142.687214723905
           112.3000     -7.1400   978142.846776680090
           112.3100     -7.1400   978142.933862170437
           112.3200     -7.1400   978142.900515100802
           112.3300     -7.1400   978142.717126902309
           112.3400     -7.1400   978142.375285100075
           112.3500     -7.1400   978141.887790209614
           112.3600     -7.1400   978141.285937131150
           112.3700     -7.1400   978140.614506784594
           112.3800     -7.1400   978139.925197039032
           112.3900     -7.1400   978139.269403632032
           112.4000     -7.1400   978138.691320237354
           112.4100     -7.1400   978138.222257140325
           112.4200     -7.1400   978137.876892019296
           112.4300     -7.1400   978137.651891111163
           112.4400     -7.1400   978137.527012795792
           112.4500     -7.1400   978137.468472631299
           112.4600     -7.1400   978137.434053472010
           112.4700     -7.1400   978137.379224964883
           112.4800     -7.1400   978137.263421093230
           112.4900     -7.1400   978137.055625755107
           112.5000     -7.1400   978136.738531984156
           112.5100     -7.1400   978136.310752335470
           112.5200     -7.1400   978135.786835592939
           112.5300     -7.1400   978135.195149338106
           112.5400     -7.1400   978134.573977197171
           112.5500     -7.1400   978133.966414610739
           112.5600     -7.1400   978133.414796687895
           112.5700     -7.1400   978132.955437161261
           112.5800     -7.1400   978132.614394288626
           112.5900     -7.1400   978132.404818348936
           112.6000     -7.1400   978132.326200145180
           112.6100     -7.1400   978132.365564492182
           112.6200     -7.1400   978132.500376096345
           112.6300     -7.1400   978132.702686212608
           112.6400     -7.1400   978132.943880135426
           112.6500     -7.1400   978133.199310819269
           112.6600     -7.1400   978133.452132401755
           112.6700     -7.1400   978133.695774189197
           112.6800     -7.1400   978133.934702085331
           112.6900     -7.1400   978134.183370667510
           112.7000     -7.1400   978134.463538403623
           112.7100     -7.1400   978134.800362258567
           112.7200     -7.1400   978135.217871250468
           112.7300     -7.1400   978135.734514841111
           112.7400     -7.1400   978136.359477142338
           112.7500     -7.1400   978137.090341752279
           112.7600     -7.1400   978137.912498914055
           112.7700     -7.1400   978138.800433358061
           112.7800     -7.1400   978139.720753168920
           112.7900     -7.1400   978140.636556732818
           112.8000     -7.1400   978141.512524178252
           112.8100     -7.1400   978142.319992736331
           112.8200     -7.1400   978143.041251941584
           112.8300     -7.1400   978143.672380271368
           112.8400     -7.1400   978144.224130213261
           112.8500     -7.1400   978144.720630434109
           112.8600     -7.1400   978145.195977169904
           112.8700     -7.1400   978145.689091164852
           112.8800     -7.1400   978146.237479450763
           112.8900     -7.1400   978146.870725622866
           112.9000     -7.1400   978147.604610526818
           112.9100     -7.1400   978148.436723589548
           112.9200     -7.1400   978149.344265458407
           112.9300     -7.1400   978150.284482951276
           112.9400     -7.1400   978151.197849205229
           112.9500     -7.1400   978152.013746708864
           112.9600     -7.1400   978152.658074490377
           112.9700     -7.1400   978153.061927497503
           112.9800     -7.1400   978153.170323219500
           112.9900     -7.1400   978152.949902637978
           113.0000     -7.1400   978152.394618749968
           112.0000     -7.1500   978149.220749221509
           112.0100     -7.1500   978148.696109133423
           112.0200     -7.1500   978148.151179139619
           112.0300     -7.1500   978147.663519786554
           112.0400     -7.1500   978147.304781430517
           112.0500     -7.1500   978147.131209897809
           112.0600     -7.1500   978147.175930859055
           112.0700     -7.1500   978147.444004554418
           112.0800     -7.1500   978147.910903444281
           112.0900     -7.1500   978148.524642031873
           112.1000     -7.1500   978149.211333809304
           112.1100     -7.1500   978149.883522427408
           112.1200     -7.1500   978150.450286800158
           112.1300     -7.1500   978150.827896801173
           112.1400     -7.1500   978150.949725490529
           112.1500     -7.1500   978150.774214113248
           112.1600     -7.1500   978150.289925710182
           112.1700     -7.1500   978149.517081515747
           112.1800     -7.1500   978148.505405991338
           112.1900     -7.1500   978147.328556946828
           112.2000     -7.1500   978146.075830279733
           112.2100     -7.1500   978144.842153143138
           112.2200     -7.1500   978143.717575167189
           112.2300     -7.1500   978142.777511604480
           112.2400     -7.1500   978142.074881269597
           112.2500     -7.1500   978141.635031769983
           112.2600     -7.1500   978141.453988180612
           112.2700     -7.1500   978141.500145244063
           112.2800     -7.1500   978141.719100618502
           112.2900     -7.1500   978142.040950804017
           112.3000     -7.1500   978142.389088549302
           112.3100     -7.1500   978142.689384506550
           112.3200     -7.1500   978142.878623613040
           112.3300     -7.1500   978142.911196427769
           112.3400     -7.1500   978142.763297592290
           112.3500     -7.1500   978142.434222619049
           112.3600     -7.1500   978141.944734821096
           112.3700     -7.1500   978141.332846515113
           112.3800     -7.1500   978140.647674941691
           112.3900     -7.1500   978139.942254385096
           112.4000     -7.1500   978139.266285662306
           112.4100     -7.1500   978138.659772951854
           112.4200     -7.1500   978138.148343620240
           112.4300     -7.1500   978137.740793040022
           112.4400     -7.1500   978137.429079674999
           112.4500     -7.1500   978137.190659686341
           112.4600     -7.1500   978136.992740227026
           112.4700     -7.1500   978136.797787134070
           112.4800     -7.1500   978136.569476688979
           112.4900     -7.1500   978136.278249501949
           112.5000     -7.1500   978135.905708495062
           112.5100     -7.1500   978135.447288011434
           112.5200     -7.1500   978134.912879307987
           112.5300     -7.1500   978134.325391949504
           112.5400     -7.1500   978133.717519519618
           112.5500     -7.1500   978133.127221901901
           112.5600     -7.1500   978132.592602339224
           112.5700     -7.1500   978132.146924222587
           112.5800     -7.1500   978131.814472780912
           112.5900     -7.1500   978131.607828216860
           112.6000     -7.1500   978131.526900647325
           112.6100     -7.1500   978131.559815329849
           112.6200     -7.1500   978131.685466836789
           112.6300     -7.1500   978131.877321595908
           112.6400     -7.1500   978132.107873201836
           112.6500     -7.1500   978132.353068511351
           112.6600     -7.1500   978132.596036264324
           112.6700     -7.1500   978132.829561198479
           112.6800     -7.1500   978133.056938730530
           112.6900     -7.1500   978133.291090313694
           112.7000     -7.1500   978133.552082016948
           112.7100     -7.1500   978133.863430720405
           112.7200     -7.1500   978134.247768455883
           112.7300     -7.1500   978134.722538505797
           112.7400     -7.1500   978135.296401305241
           112.7500     -7.1500   978135.966932300478
           112.7600     -7.1500   978136.720010338235
           112.7700     -7.1500   978137.531049175072
           112.7800     -7.1500   978138.367950755288
           112.7900     -7.1500   978139.195395984920
           112.8000     -7.1500   978139.979874802637
           112.8100     -7.1500   978140.694724197616
           112.8200     -7.1500   978141.324411427369
           112.8300     -7.1500   978141.867377190967
           112.8400     -7.1500   978142.336931971251
           112.8500     -7.1500   978142.759956066147
           112.8600     -7.1500   978143.173456367920
           112.8700     -7.1500   978143.619340129429
           112.8800     -7.1500   978144.138035532902
           112.8900     -7.1500   978144.761782651884
           112.9000     -7.1500   978145.508507575607
           112.9100     -7.1500   978146.377161539393
           112.9200     -7.1500   978147.345256227884
           112.9300     -7.1500   978148.369072211557
           112.9400     -7.1500   978149.386690236046
           112.9500     -7.1500   978150.323635583394
           112.9600     -7.1500   978151.100579955964
           112.9700     -7.1500   978151.642258560867
           112.9800     -7.1500   978151.886570774252
           112.9900     -7.1500   978151.792767710402
           113.0000     -7.1500   978151.347700434620
           112.0000     -7.1600   978150.109409043565
           112.0100     -7.1600   978149.682047192589
           112.0200     -7.1600   978149.192763907718
           112.0300     -7.1600   978148.721620977740
           112.0400     -7.1600   978148.345842358307
           112.0500     -7.1600   978148.129390775575
           112.0600     -7.1600   978148.114142041770
           112.0700     -7.1600   978148.313786136685
           112.0800     -7.1600   978148.711246585008
           112.0900     -7.1600   978149.259971498512
           112.1000     -7.1600   978149.888966143364
           112.1100     -7.1600   978150.510969012510
           112.1200     -7.1600   978151.032780057634
           112.1300     -7.1600   978151.366480292752
           112.1400     -7.1600   978151.440169965615
           112.1500     -7.1600   978151.206911423360
           112.1600     -7.1600   978150.650784558151
           112.1700     -7.1600   978149.789318767958
           112.1800     -7.1600   978148.672010415816
           112.1900     -7.1600   978147.375112695852
           112.2000     -7.1600   978145.993335846928
           112.2100     -7.1600   978144.629463912454
           112.2200     -7.1600   978143.383134865784
           112.2300     -7.1600   978142.340115517145
           112.2400     -7.1600   978141.563322782633
           112.2500     -7.1600   978141.086610957398
           112.2600     -7.1600   978140.911991896341
           112.2700     -7.1600   978141.010527427774
           112.2800     -7.1600   978141.326685601496
           112.2900     -7.1600   978141.785540667945
           112.3000     -7.1600   978142.301871630480
           112.3100     -7.1600   978142.790014438331
           112.3200     -7.1600   978143.173270308529
           112.3300     -7.1600   978143.391770155169
           112.3400     -7.1600   978143.407926231972
           112.3500     -7.1600   978143.208934004651
           112.3600     -7.1600   978142.806174884085
           112.3700     -7.1600   978142.231762850774
           112.3800     -7.1600   978141.532824928057
           112.3900     -7.1600   978140.764363932773
           112.4000     -7.1600   978139.981691534515
           112.4100     -7.1600   978139.233426358784
           112.4200     -7.1600   978138.555929240072
           112.4300     -7.1600   978137.969816318830
           112.4400     -7.1600   978137.478884574608
           112.4500     -7.1600   978137.071446705027
           112.4600     -7.1600   978136.723748908960
           112.4700     -7.1600   978136.404878842528
           112.4800     -7.1600   978136.082395619364
           112.4900     -7.1600   978135.727849816438
           112.5000     -7.1600   978135.321414036676
           112.5100     -7.1600   978134.855002664612
           112.5200     -7.1600   978134.333498005988
           112.5300     -7.1600   978133.773983638152
           112.5400     -7.1600   978133.203173796996
           112.5500     -7.1600   978132.653479763540
           112.5600     -7.1600   978132.158336093533
           112.5700     -7.1600   978131.747497364413
           112.5800     -7.1600   978131.442999740364
           112.5900     -7.1600   978131.256365725189
           112.6000     -7.1600   978131.187433569808
           112.6100     -7.1600   978131.224944618763
           112.6200     -7.1600   978131.348758952692
           112.6300     -7.1600   978131.533330068807
           112.6400     -7.1600   978131.751887410763
           112.6500     -7.1600   978131.980676997337
           112.6600     -7.1600   978132.202608794323
           112.6700     -7.1600   978132.409754420398
           112.6800     -7.1600   978132.604315978708
           112.6900     -7.1600   978132.797920218669
           112.7000     -7.1600   978133.009347710875
           112.7100     -7.1600   978133.261046940926
           112.7200     -7.1600   978133.574972897302
           112.7300     -7.1600   978133.968400710961
           112.7400     -7.1600   978134.450380095746
           112.7500     -7.1600   978135.019412346184
           112.7600     -7.1600   978135.662759221508
           112.7700     -7.1600   978136.357555754599
           112.7800     -7.1600   978137.073630131548
           112.7900     -7.1600   978137.777671515942
           112.8000     -7.1600   978138.438169107307
           112.8100     -7.1600   978139.030405235710
           112.8200     -7.1600   978139.540744131082
           112.8300     -7.1600   978139.969524904620
           112.8400     -7.1600   978140.332036056556
           112.8500     -7.1600   978140.657298932783
           112.8600     -7.1600   978140.984686672920
           112.8700     -7.1600   978141.358713405090
           112.8800     -7.1600   978141.822603529552
           112.8900     -7.1600   978142.411454107147
           112.9000     -7.1600   978143.145904515171
           112.9100     -7.1600   978144.027209579945
           112.9200     -7.1600   978145.034473684267
           112.9300     -7.1600   978146.124558402109
           112.9400     -7.1600   978147.234853892820
           112.9500     -7.1600   978148.288744462305
           112.9600     -7.1600   978149.203247025260
           112.9700     -7.1600   978149.898003398208
           112.9800     -7.1600   978150.304603075841
           112.9900     -7.1600   978150.375130895525
           113.0000     -7.1600   978150.088887143298
           112.0000     -7.1700   978151.010495342663
           112.0100     -7.1700   978150.636262619635
           112.0200     -7.1700   978150.159170249011
           112.0300     -7.1700   978149.662385323434
           112.0400     -7.1700   978149.229486952652
           112.0500     -7.1700   978148.933136822074
           112.0600     -7.1700   978148.825136719854
           112.0700     -7.1700   978148.929136615479
           112.0800     -7.1700   978149.236924633267
           112.0900     -7.1700   978149.708781113033
           112.1000     -7.1700   978150.277869658079
           112.1100     -7.1700   978150.858132874942
           112.1200     -7.1700   978151.354722824530
           112.1300     -7.1700   978151.675680710701
           112.1400     -7.1700   978151.743426002562
           112.1500     -7.1700   978151.504640437430
           112.1600     -7.1700   978150.937332973350
           112.1700     -7.1700   978150.054221473285
           112.1800     -7.1700   978148.902021003538
           112.1900     -7.1700   978147.556729706004
           112.2000     -7.1700   978146.115488557145
           112.2100     -7.1700   978144.686000907095
           112.2200     -7.1700   978143.374781635939
           112.2300     -7.1700   978142.275630564080
           112.2400     -7.1700   978141.459677293315
           112.2500     -7.1700   978140.968133524409
           112.2600     -7.1700   978140.808543087333
           112.2700     -7.1700   978140.954884764622
           112.2800     -7.1700   978141.351414179313
           112.2900     -7.1700   978141.919687424437
           112.3000     -7.1700   978142.567845159560
           112.3100     -7.1700   978143.200994840357
           112.3200     -7.1700   978143.731437358889
           112.3300     -7.1700   978144.087549851858
           112.3400     -7.1700   978144.220346069080
           112.3500     -7.1700   978144.107058735564
           112.3600     -7.1700   978143.751480608480
           112.3700     -7.1700   978143.181210606359
           112.3800     -7.1700   978142.442326003453
           112.3900     -7.1700   978141.592294819304
           112.4000     -7.1700   978140.692119714920
           112.4100     -7.1700   978139.798747483990
           112.4200     -7.1700   978138.958686231286
           112.4300     -7.1700   978138.203562691691
           112.4400     -7.1700   978137.548056926811
           112.4500     -7.1700   978136.990313003073
           112.4600     -7.1700   978136.514588778256
           112.4700     -7.1700   978136.095620137174
           112.4800     -7.1700   978135.703971627867
           112.4900     -7.1700   978135.311550592072
           112.5000     -7.1700   978134.896484226570
           112.5100     -7.1700   978134.446691070101
           112.5200     -7.1700   978133.961697918829
           112.5300     -7.1700   978133.452526590438
           112.5400     -7.1700   978132.939762296504
           112.5500     -7.1700   978132.450175885460
           112.5600     -7.1700   978132.012469968642
           112.5700     -7.1700   978131.652827778948
           112.5800     -7.1700   978131.390950447065
           112.5900     -7.1700   978131.237174924114
           112.6000     -7.1700   978131.191086802632
           112.6100     -7.1700   978131.241807402112
           112.6200     -7.1700   978131.369877821999
           112.6300     -7.1700   978131.550422036787
           112.6400     -7.1700   978131.757081381511
           112.6500     -7.1700   978131.966101197526
           112.6600     -7.1700   978132.159932580311
           112.6700     -7.1700   978132.329790087068
           112.6800     -7.1700   978132.476768023334
           112.6900     -7.1700   978132.611339512630
           112.7000     -7.1700   978132.751311290078
           112.7100     -7.1700   978132.918546429370
           112.7200     -7.1700   978133.134961555712
           112.7300     -7.1700   978133.418425480602
           112.7400     -7.1700   978133.779213959584
           112.7500     -7.1700   978134.217605051817
           112.7600     -7.1700   978134.723040051293
           112.7700     -7.1700   978135.275047817384
           112.7800     -7.1700   978135.845867353724
           112.7900     -7.1700   978136.404442076338
           112.8000     -7.1700   978136.921237331117
           112.8100     -7.1700   978137.373183463584
           112.8200     -7.1700   978137.747993636527
           112.8300     -7.1700   978138.047159148147
           112.8400     -7.1700   978138.287081019487
           112.8500     -7.1700   978138.498036505771
           112.8600     -7.1700   978138.720972129377
           112.8700     -7.1700   978139.002422031248
           112.8800     -7.1700   978139.388129903818
           112.8900     -7.1700   978139.916165320901
           112.9000     -7.1700   978140.610439641867
           112.9100     -7.1700   978141.475524011417
           112.9200     -7.1700   978142.493548645172
           112.9300     -7.1700   978143.623730953550
           112.9400     -7.1700   978144.804767067893
           112.9500     -7.1700   978145.959965473856
           112.9600     -7.1700   978147.004647619789
           112.9700     -7.1700   978147.855034310604
           112.9800     -7.1700   978148.437618950033
           112.9900     -7.1700   978148.697929269634
           113.0000     -7.1700   978148.607613517437
           112.0000     -7.1800   978151.803212300292
           112.0100     -7.1800   978151.435116625624
           112.0200     -7.1800   978150.926439568051
           112.0300     -7.1800   978150.363944541779
           112.0400     -7.1800   978149.838109657867
           112.0500     -7.1800   978149.430943734013
           112.0600     -7.1800   978149.204954518587
           112.0700     -7.1800   978149.194660695386
           112.0800     -7.1800   978149.401715994463
           112.0900     -7.1800   978149.794257728732
           112.1000     -7.1800   978150.310561148450
           112.1100     -7.1800   978150.866542097065
           112.1200     -7.1800   978151.366171149653
           112.1300     -7.1800   978151.713502338389
           112.1400     -7.1800   978151.824822958093
           112.1500     -7.1800   978151.639421133907
           112.1600     -7.1800   978151.127644547611
           112.1700     -7.1800   978150.295263311709
           112.1800     -7.1800   978149.183608663385
           112.1900     -7.1800   978147.865478688735
           112.2000     -7.1800   978146.437317580800
           112.2100     -7.1800   978145.008622143301
           112.2200     -7.1800   978143.689853957971
           112.2300     -7.1800   978142.580299432273
           112.2400     -7.1800   978141.757305107312
           112.2500     -7.1800   978141.268127008225
           112.2600     -7.1800   978141.125296889455
           112.2700     -7.1800   978141.305969392182
           112.2800     -7.1800   978141.755228720023
           112.2900     -7.1800   978142.392862515058
           112.3000     -7.1800   978143.122712035431
           112.3100     -7.1800   978143.843428958557
           112.3200     -7.1800   978144.459341462818
           112.3300     -7.1800   978144.890167114208
           112.3400     -7.1800   978145.078498280142
           112.3500     -7.1800   978144.994298915379
           112.3600     -7.1800   978144.636046348722
           112.3700     -7.1800   978144.028575770208
           112.3800     -7.1800   978143.218084070133
           112.3900     -7.1800   978142.265074028750
           112.4000     -7.1800   978141.236231283750
           112.4100     -7.1800   978140.196302566328
           112.4200     -7.1800   978139.200980085414
           112.4300     -7.1800   978138.291607721127
           112.4400     -7.1800   978137.492239714134
           112.4500     -7.1800   978136.809243157972
           112.4600     -7.1800   978136.233288829098
           112.4700     -7.1800   978135.743266972597
           112.4800     -7.1800   978135.311434996314
           112.4900     -7.1800   978134.908980081789
           112.5000     -7.1800   978134.511173730367
           112.5100     -7.1800   978134.101403025561
           112.5200     -7.1800   978133.673565393779
           112.5300     -7.1800   978133.232578087715
           112.5400     -7.1800   978132.793041177327
           112.5500     -7.1800   978132.376362290583
           112.5600     -7.1800   978132.006865201867
           112.5700     -7.1800   978131.707534143934
           112.5800     -7.1800   978131.496075435658
           112.5900     -7.1800   978131.381906429073
           112.6000     -7.1800   978131.364521937561
           112.6100     -7.1800   978131.433465681621
           112.6200     -7.1800   978131.569882774376
           112.6300     -7.1800   978131.749386326992
           112.6400     -7.1800   978131.945772485342
           112.6500     -7.1800   978132.134992357343
           112.6600     -7.1800   978132.298754167394
           112.6700     -7.1800   978132.427189039765
           112.6800     -7.1800   978132.520159659209
           112.6900     -7.1800   978132.587000805535
           112.7000     -7.1800   978132.644723227480
           112.7100     -7.1800   978132.714951619622
           112.7200     -7.1800   978132.820067956578
           112.7300     -7.1800   978132.979163046344
           112.7400     -7.1800   978133.204441565205
           112.7500     -7.1800   978133.498671488371
           112.7600     -7.1800   978133.854124123347
           112.7700     -7.1800   978134.253235462122
           112.7800     -7.1800   978134.670963377343
           112.7900     -7.1800   978135.078554735519
           112.8000     -7.1800   978135.448209584109
           112.8100     -7.1800   978135.757969931467
           112.8200     -7.1800   978135.996093213209
           112.8300     -7.1800   978136.164207827882
           112.8400     -7.1800   978136.278688156744
           112.8500     -7.1800   978136.369912881637
           112.8600     -7.1800   978136.479354382493
           112.8700     -7.1800   978136.654750969494
           112.8800     -7.1800   978136.943896387704
           112.8900     -7.1800   978137.387802931946
           112.9000     -7.1800   978138.014123300440
           112.9100     -7.1800   978138.831731411279
           112.9200     -7.1800   978139.827257900266
           112.9300     -7.1800   978140.964161881828
           112.9400     -7.1800   978142.184621465858
           112.9500     -7.1800   978143.414178076549
           112.9600     -7.1800   978144.568717538496
           112.9700     -7.1800   978145.563059557462
           112.9800     -7.1800   978146.320197661873
           112.9900     -7.1800   978146.780115233152
           113.0000     -7.1800   978146.907117361436
           112.0000     -7.1900   978152.391808774439
           112.0100     -7.1900   978151.984227787354
           112.0200     -7.1900   978151.403547649039
           112.0300     -7.1900   978150.740423651179
           112.0400     -7.1900   978150.092462245608
           112.0500     -7.1900   978149.551263276255
           112.0600     -7.1900   978149.190362087451
           112.0700     -7.1900   978149.055580936954
           112.0800     -7.1900   978149.158988403622
           112.0900     -7.1900   978149.477207011543
           112.1000     -7.1900   978149.954261397477
           112.1100     -7.1900   978150.508591262740
           112.1200     -7.1900   978151.043336182716
           112.1300     -7.1900   978151.458597326069
           112.1400     -7.1900   978151.664143387810
           112.1500     -7.1900   978151.590982695809
           112.1600     -7.1900   978151.200374201173
           112.1700     -7.1900   978150.489176103263
           112.1800     -7.1900   978149.490889628651
           112.1900     -7.1900   978148.272288498818
           112.2000     -7.1900   978146.926064753323
           112.2100     -7.1900   978145.560401906376
           112.2200     -7.1900   978144.286748284008
           112.2300     -7.1900   978143.207263958524
           112.2400     -7.1900   978142.403431827435
           112.2500     -7.1900   978141.927158282720
           112.2600     -7.1900   978141.795365401078
           112.2700     -7.1900   978141.988637822913
           112.2800     -7.1900   978142.453990162350
           112.2900     -7.1900   978143.111327615567
           112.3000     -7.1900   978143.862744242419
           112.3100     -7.1900   978144.603491387214
           112.3200     -7.1900   978145.233288271353
           112.3300     -7.1900   978145.666653365130
           112.3400     -7.1900   978145.841102796374
           112.3500     -7.1900   978145.722364727291
           112.3600     -7.1900   978145.306154101621
           112.3700     -7.1900   978144.616487731226
           112.3800     -7.1900   978143.700939289876
           112.3900     -7.1900   978142.623585292487
           112.4000     -7.1900   978141.456634752103
           112.4100     -7.1900   978140.271840777248
           112.4200     -7.1900   978139.132754091406
           112.4300     -7.1900   978138.088707349030
           112.4400     -7.1900   978137.171143126441
           112.4500     -7.1900   978136.392558005056
           112.4600     -7.1900   978135.747977721388
           112.4700     -7.1900   978135.218551704893
           112.4800     -7.1900   978134.776601384161
           112.4900     -7.1900   978134.391305994242
           112.5000     -7.1900   978134.034177834750
           112.5100     -7.1900   978133.683564906009
           112.5200     -7.1900   978133.327605628525
           112.5300     -7.1900   978132.965317725902
           112.5400     -7.1900   978132.605792643852
           112.5500     -7.1900   978132.265746219433
           112.5600     -7.1900   978131.965906768688
           112.5700     -7.1900   978131.726872402243
           112.5800     -7.1900   978131.565121491090
           112.5900     -7.1900   978131.489809554303
           112.6000     -7.1900   978131.500842908281
           112.6100     -7.1900   978131.588507559034
           112.6200     -7.1900   978131.734683811199
           112.6300     -7.1900   978131.915430103079
           112.6400     -7.1900   978132.104510119883
           112.6500     -7.1900   978132.277295610053
           112.6600     -7.1900   978132.414423674345
           112.6700     -7.1900   978132.504628665862
           112.6800     -7.1900   978132.546298367321
           112.6900     -7.1900   978132.547502146335
           112.7000     -7.1900   978132.524475692306
           112.7100     -7.1900   978132.498787461198
           112.7200     -7.1900   978132.493620302179
           112.7300     -7.1900   978132.529746617540
           112.7400     -7.1900   978132.621834660531
           112.7500     -7.1900   978132.775687325862
           112.7600     -7.1900   978132.986886860686
           112.7700     -7.1900   978133.241116610123
           112.7800     -7.1900   978133.516182357678
           112.7900     -7.1900   978133.785496425233
           112.8000     -7.1900   978134.022554924712
           112.8100     -7.1900   978134.205766879255
           112.8200     -7.1900   978134.322909782641
           112.8300     -7.1900   978134.374504188891
           112.8400     -7.1900   978134.375520680565
           112.8500     -7.1900   978134.355042239185
           112.8600     -7.1900   978134.353777085547
           112.8700     -7.1900   978134.419615609339
           112.8800     -7.1900   978134.601709631854
           112.8900     -7.1900   978134.943783389288
           112.9000     -7.1900   978135.477529977681
           112.9100     -7.1900   978136.216982180253
           112.9200     -7.1900   978137.154664293164
           112.9300     -7.1900   978138.260139053455
           112.9400     -7.1900   978139.481283089495
           112.9500     -7.1900   978140.748289735173
           112.9600     -7.1900   978141.980051686172
           112.9700     -7.1900   978143.092262401246
           112.9800     -7.1900   978144.006335593760
           112.9900     -7.1900   978144.658109041164
           113.0000     -7.1900   978145.005291605718
           112.0000     -7.2000   978152.711290225736
           112.0100     -7.2000   978152.224316185806
           112.0200     -7.2000   978151.538246035925
           112.0300     -7.2000   978150.747649328201
           112.0400     -7.2000   978149.957110800315
           112.0500     -7.2000   978149.267608485534
           112.0600     -7.2000   978148.763528632117
           112.0700     -7.2000   978148.501931171981
           112.0800     -7.2000   978148.505384510616
           112.0900     -7.2000   978148.759231913136
           112.1000     -7.2000   978149.213592089363
           112.1100     -7.2000   978149.789804550936
           112.1200     -7.2000   978150.390480067115
           112.1300     -7.2000   978150.911876281607
           112.1400     -7.2000   978151.257041933248
           112.1500     -7.2000   978151.348092734814
           112.1600     -7.2000   978151.136105478741
           112.1700     -7.2000   978150.607426424162
           112.1800     -7.2000   978149.785644598189
           112.1900     -7.2000   978148.729021855863
           112.2000     -7.2000   978147.523731005262
           112.2100     -7.2000   978146.273761399207
           112.2200     -7.2000   978145.088745955378
           112.2300     -7.2000   978144.071197722224
           112.2400     -7.2000   978143.304691666621
           112.2500     -7.2000   978142.844385974226
           112.2600     -7.2000   978142.710968031199
           112.2700     -7.2000   978142.888675132301
           112.2800     -7.2000   978143.327535398654
           112.2900     -7.2000   978143.949464399251
           112.3000     -7.2000   978144.657400741475
           112.3100     -7.2000   978145.346323852893
           112.3200     -7.2000   978145.914808326284
           112.3300     -7.2000   978146.275750552071
           112.3400     -7.2000   978146.365052059642
           112.3500     -7.2000   978146.147336207330
           112.3600     -7.2000   978145.618169471272
           112.3700     -7.2000   978144.802702756017
           112.3800     -7.2000   978143.751084560296
           112.3900     -7.2000   978142.531371959252
           112.4000     -7.2000   978141.220932506025
           112.4100     -7.2000   978139.897460808745
           112.4200     -7.2000   978138.630716727814
           112.4300     -7.2000   978137.475936238887
           112.4400     -7.2000   978136.469597115414
           112.4500     -7.2000   978135.627879387350
           112.4600     -7.2000   978134.947792855906
           112.4700     -7.2000   978134.410600002506
           112.4800     -7.2000   978133.986886683735
           112.4900     -7.2000   978133.642458451446
           112.5000     -7.2000   978133.344185847556
           112.5100     -7.2000   978133.064989321399
           112.5200     -7.2000   978132.787328836392
           112.5300     -7.2000   978132.504816019791
           112.5400     -7.2000   978132.221859587356
           112.5500     -7.2000   978131.951545288204
           112.5600     -7.2000   978131.712199207279
           112.5700     -7.2000   978131.523254683823
           112.5800     -7.2000   978131.401116924477
           112.5900     -7.2000   978131.355688487994
           112.6000     -7.2000   978131.388091176050
           112.6100     -7.2000   978131.489916927763
           112.6200     -7.2000   978131.644093779731
           112.6300     -7.2000   978131.827199970721
           112.6400     -7.2000   978132.012837195070
           112.6500     -7.2000   978132.175514980452
           112.6600     -7.2000   978132.294424667722
           112.6700     -7.2000   978132.356503297575
           112.6800     -7.2000   978132.358300620341
           112.6900     -7.2000   978132.306348995655
           112.7000     -7.2000   978132.215968122822
           112.7100     -7.2000   978132.108679657918
           112.7200     -7.2000   978132.008624775452
           112.7300     -7.2000   978131.938538010232
           112.7400     -7.2000   978131.915909138741
           112.7500     -7.2000   978131.949948903173
           112.7600     -7.2000   978132.039865260827
           112.7700     -7.2000   978132.174769177916
           112.7800     -7.2000   978132.335288983188
           112.7900     -7.2000   978132.496714005480
           112.8000     -7.2000   978132.633248857921
           112.8100     -7.2000   978132.722774405964
           112.8200     -7.2000   978132.751408276148
           112.8300     -7.2000   978132.717153602047
           112.8400     -7.2000   978132.632023026585
           112.8500     -7.2000   978132.522214715951
           112.8600     -7.2000   978132.426174408407
           112.8700     -7.2000   978132.390668403474
           112.8800     -7.2000   978132.465277634445
           112.8900     -7.2000   978132.695963094360
           112.9000     -7.2000   978133.118513762602
           112.9100     -7.2000   978133.752745497972
           112.9200     -7.2000   978134.598262391519
           112.9300     -7.2000   978135.632425018586
           112.9400     -7.2000   978136.810912017594
           112.9500     -7.2000   978138.070943979430
           112.9600     -7.2000   978139.336901824689
           112.9700     -7.2000   978140.527759100427
           112.9800     -7.2000   978141.565499941702
           112.9900     -7.2000   978142.383545221761
           113.0000     -7.2000   978142.934179703821
           112.0000     -7.2100   978152.729429249652
           112.0100     -7.2100   978152.132886346779
           112.0200     -7.2100   978151.318364194944
           112.0300     -7.2100   978150.384031645837
           112.0400     -7.2100   978149.440876342356
           112.0500     -7.2100   978148.598555603181
           112.0600     -7.2100   978147.951617270010
           112.0700     -7.2100   978147.567791933543
           112.0800     -7.2100   978147.479781639180
           112.0900     -7.2100   978147.681520072278
           112.1000     -7.2100   978148.129313257872
           112.1100     -7.2100   978148.747659720946
           112.1200     -7.2100   978149.438971370109
           112.1300     -7.2100   978150.095942587825
           112.1400     -7.2100   978150.615002813633
           112.1500     -7.2100   978150.909173968248
           112.1600     -7.2100   978150.918749855366
           112.1700     -7.2100   978150.618505216786
           112.1800     -7.2100   978150.020588431507
           112.1900     -7.2100   978149.172796020168
           112.2000     -7.2100   978148.152500010096
           112.2100     -7.2100   978147.057029210962
           112.2200     -7.2100   978145.991727509536
           112.2300     -7.2100   978145.057175979251
           112.2400     -7.2100   978144.337141228025
           112.2500     -7.2100   978143.888694211259
           112.2600     -7.2100   978143.735650463379
           112.2700     -7.2100   978143.866054347251
           112.2800     -7.2100   978144.233922779327
           112.2900     -7.2100   978144.764942616457
           112.3000     -7.2100   978145.365345552564
           112.3100     -7.2100   978145.932822013157
           112.3200     -7.2100   978146.368123206310
           112.3300     -7.2100   978146.585960318218
           112.3400     -7.2100   978146.523941735039
           112.3500     -7.2100   978146.148571369820
           112.3600     -7.2100   978145.457723650034
           112.3700     -7.2100   978144.479460729402
           112.3800     -7.2100   978143.267506704316
           112.3900     -7.2100   978141.894085603184
           112.4000     -7.2100   978140.441117514973
           112.4100     -7.2100   978138.990918014897
           112.4200     -7.2100   978137.617546396796
           112.4300     -7.2100   978136.379804124124
           112.4400     -7.2100   978135.316620937316
           112.4500     -7.2100   978134.445221194299
           112.4600     -7.2100   978133.762085484923
           112.4700     -7.2100   978133.246362888138
           112.4800     -7.2100   978132.865093738772
           112.4900     -7.2100   978132.579407482990
           112.5000     -7.2100   978132.350786478142
           112.5100     -7.2100   978132.146538759582
           112.5200     -7.2100   978131.943788107368
           112.5300     -7.2100   978131.731540758279
           112.5400     -7.2100   978131.510686683236
           112.5500     -7.2100   978131.292096398887
           112.5600     -7.2100   978131.093239567708
           112.5700     -7.2100   978130.933943661279
           112.5800     -7.2100   978130.832005559001
           112.5900     -7.2100   978130.799356371863
           112.6000     -7.2100   978130.839365538093
           112.6100     -7.2100   978130.945674080169
           112.6200     -7.2100   978131.102699610055
           112.6300     -7.2100   978131.287694481667
           112.6400     -7.2100   978131.474001806346
           112.6500     -7.2100   978131.634975925088
           112.6600     -7.2100   978131.747939363588
           112.6700     -7.2100   978131.797549802694
           112.6800     -7.2100   978131.778046677704
           112.6900     -7.2100   978131.694022479467
           112.7000     -7.2100   978131.559592133272
           112.7100     -7.2100   978131.396080990904
           112.7200     -7.2100   978131.228581405012
           112.7300     -7.2100   978131.081905661267
           112.7400     -7.2100   978130.976562809316
           112.7500     -7.2100   978130.925393464742
           112.7600     -7.2100   978130.931408205885
           112.7700     -7.2100   978130.987203663215
           112.7800     -7.2100   978131.076099783299
           112.7900     -7.2100   978131.174884720473
           112.8000     -7.2100   978131.257807201124
           112.8100     -7.2100   978131.301255843020
           112.8200     -7.2100   978131.288440542878
           112.8300     -7.2100   978131.213362129638
           112.8400     -7.2100   978131.083429375663
           112.8500     -7.2100   978130.920249299146
           112.8600     -7.2100   978130.758356438950
           112.8700     -7.2100   978130.641927820398
           112.8800     -7.2100   978130.619814759702
           112.8900     -7.2100   978130.739471359877
           112.9000     -7.2100   978131.040537557099
           112.9100     -7.2100   978131.548915781896
           112.9200     -7.2100   978132.272151266574
           112.9300     -7.2100   978133.196787852212
           112.9400     -7.2100   978134.288139611715
           112.9500     -7.2100   978135.492622183054
           112.9600     -7.2100   978136.742464069510
           112.9700     -7.2100   978137.962309131282
           112.9800     -7.2100   978139.076967669185
           112.9900     -7.2100   978140.019408905762
           113.0000     -7.2100   978140.738035069080
           112.0000     -7.2200   978152.445287282811
           112.0100     -7.2200   978151.721967417863
           112.0200     -7.2200   978150.768797241850
           112.0300     -7.2200   978149.686850414379
           112.0400     -7.2200   978148.592496131663
           112.0500     -7.2200   978147.602883919142
           112.0600     -7.2200   978146.821534555871
           112.0700     -7.2200   978146.325806943467
           112.0800     -7.2200   978146.157755484455
           112.0900     -7.2200   978146.319453124655
           112.1000     -7.2200   978146.773288583150
           112.1100     -7.2200   978147.447124551982
           112.1200     -7.2200   978148.243604844436
           112.1300     -7.2200   978149.052396827261
           112.1400     -7.2200   978149.763811940094
           112.1500     -7.2200   978150.282102072844
           112.1600     -7.2200   978150.536797952023
           112.1700     -7.2200   978150.490725536249
           112.1800     -7.2200   978150.143770785071
           112.1900     -7.2200   978149.532005163608
           112.2000     -7.2200   978148.722364515648
           112.2100     -7.2200   978147.803619579296
           112.2200     -7.2200   978146.874820132507
           112.2300     -7.2200   978146.032683297759
           112.2400     -7.2200   978145.359497064725
           112.2500     -7.2200   978144.913013926009
           112.2600     -7.2200   978144.719532851945
           112.2700     -7.2200   978144.770949074184
           112.2800     -7.2200   978145.026045728009
           112.2900     -7.2200   978145.415774381254
           112.3000     -7.2200   978145.851789099164
           112.3100     -7.2200   978146.237119995407
           112.3200     -7.2200   978146.477641741047
           112.3300     -7.2200   978146.492934936541
           112.3400     -7.2200   978146.225255907513
           112.3500     -7.2200   978145.645603431272
           112.3600     -7.2200   978144.756260238239
           112.3700     -7.2200   978143.589640329359
           112.3800     -7.2200   978142.203731153742
           112.3900     -7.2200   978140.674824719667
           112.4000     -7.2200   978139.088534421520
           112.4100     -7.2200   978137.530260191881
           112.4200     -7.2200   978136.076277462649
           112.4300     -7.2200   978134.786489560385
           112.4400     -7.2200   978133.699621693580
           112.4500     -7.2200   978132.831286208006
           112.4600     -7.2200   978132.174961787532
           112.4700     -7.2200   978131.705555511056
           112.4800     -7.2200   978131.384904314997
           112.4900     -7.2200   978131.168359761126
           112.5000     -7.2200   978131.011510807555
           112.5100     -7.2200   978130.876140073873
           112.5200     -7.2200   978130.734668786754
           112.5300     -7.2200   978130.572597695864
           112.5400     -7.2200   978130.388757708366
           112.5500     -7.2200   978130.193500857800
           112.5600     -7.2200   978130.005245633423
           112.5700     -7.2200   978129.846002900624
           112.5800     -7.2200   978129.736622916651
           112.5900     -7.2200   978129.692507971195
           112.6000     -7.2200   978129.720432273112
           112.6100     -7.2200   978129.816919045988
           112.6200     -7.2200   978129.968374390854
           112.6300     -7.2200   978130.152905910159
           112.6400     -7.2200   978130.343500864576
           112.6500     -7.2200   978130.512039890513
           112.6600     -7.2200   978130.633505538688
           112.6700     -7.2200   978130.689725527540
           112.6800     -7.2200   978130.672069766559
           112.6900     -7.2200   978130.582685019705
           112.7000     -7.2200   978130.434076466830
           112.7100     -7.2200   978130.247097956832
           112.7200     -7.2200   978130.047655325383
           112.7300     -7.2200   978129.862624382135
           112.7400     -7.2200   978129.715608298196
           112.7500     -7.2200   978129.623190067592
           112.7600     -7.2200   978129.592269673012
           112.7700     -7.2200   978129.618921524496
           112.7800     -7.2200   978129.688987365691
           112.7900     -7.2200   978129.780364275677
           112.8000     -7.2200   978129.866693103104
           112.8100     -7.2200   978129.921936119790
           112.8200     -7.2200   978129.925185407395
           112.8300     -7.2200   978129.864987548674
           112.8400     -7.2200   978129.742515140912
           112.8500     -7.2200   978129.573056938592
           112.8600     -7.2200   978129.385518183466
           112.8700     -7.2200   978129.219891797286
           112.8800     -7.2200   978129.122943279101
           112.8900     -7.2200   978129.142608805327
           112.9000     -7.2200   978129.321801417391
           112.9100     -7.2200   978129.692426474066
           112.9200     -7.2200   978130.270408504875
           112.9300     -7.2200   978131.052425035159
           112.9400     -7.2200   978132.014841069235
           112.9500     -7.2200   978133.115065880469
           112.9600     -7.2200   978134.295246445923
           112.9700     -7.2200   978135.487909252523
           112.9800     -7.2200   978136.622904166230
           112.9900     -7.2200   978137.634825065499
           113.0000     -7.2200   978138.470006342744
           112.0000     -7.2300   978151.884812854347
           112.0100     -7.2300   978151.032534626313
           112.0200     -7.2300   978149.944853067747
           112.0300     -7.2300   978148.724659454543
           112.0400     -7.2300   978147.492246630485
           112.0500     -7.2300   978146.370608746423
           112.0600     -7.2300   978145.470592721598
           112.0700     -7.2300   978144.877718278090
           112.0800     -7.2300   978144.642251075944
           112.0900     -7.2300   978144.773688798654
           112.1000     -7.2300   978145.240258420585
           112.1100     -7.2300   978145.973396137124
           112.1200     -7.2300   978146.876568464097
           112.1300     -7.2300   978147.837269826676
           112.1400     -7.2300   978148.740662229364
           112.1500     -7.2300   978149.483149754815
           112.1600     -7.2300   978149.984222778468
           112.1700     -7.2300   978150.195154835936
           112.1800     -7.2300   978150.103554324363
           112.1900     -7.2300   978149.733308126917
           112.2000     -7.2300   978149.140035887016
           112.2100     -7.2300   978148.402728435351
           112.2200     -7.2300   978147.612703045830
           112.2300     -7.2300   978146.861316325376
           112.2400     -7.2300   978146.227997222217
           112.2500     -7.2300   978145.770086661796
           112.2600     -7.2300   978145.515710513224
           112.2700     -7.2300   978145.460505652358
           112.2800     -7.2300   978145.568519218359
           112.2900     -7.2300   978145.777073662844
           112.3000     -7.2300   978146.004901772016
           112.3100     -7.2300   978146.162466848036
           112.3200     -7.2300   978146.163140098331
           112.3300     -7.2300   978145.933836670709
           112.3400     -7.2300   978145.423818005715
           112.3500     -7.2300   978144.610632893979
           112.3600     -7.2300   978143.502555037616
           112.3700     -7.2300   978142.137328765006
           112.3800     -7.2300   978140.577497514896
           112.3900     -7.2300   978138.903002874111
           112.4000     -7.2300   978137.202054568334
           112.4100     -7.2300   978135.561447439482
           112.4200     -7.2300   978134.057522281655
           112.4300     -7.2300   978132.748836154235
           112.4400     -7.2300   978131.671346542542
           112.4500     -7.2300   978130.836560707423
           112.4600     -7.2300   978130.232705645263
           112.4700     -7.2300   978129.828588024015
           112.4800     -7.2300   978129.579487075214
           112.4900     -7.2300   978129.434196927003
           112.5000     -7.2300   978129.342234064941
           112.5100     -7.2300   978129.260258825729
           112.5200     -7.2300   978129.156917343847
           112.5300     -7.2300   978129.015566374292
           112.5400     -7.2300   978128.834659719374
           112.5500     -7.2300   978128.625906738918
           112.5600     -7.2300   978128.410615092958
           112.5700     -7.2300   978128.214861585293
           112.5800     -7.2300   978128.064267541631
           112.5900     -7.2300   978127.979173896252
           112.6000     -7.2300   978127.970917425118
           112.6100     -7.2300   978128.039720054134
           112.6200     -7.2300   978128.174447489902
           112.6300     -7.2300   978128.354209422716
           112.6400     -7.2300   978128.551502146758
           112.6500     -7.2300   978128.736373798107
           112.6600     -7.2300   978128.880952656968
           112.6700     -7.2300   978128.963638361194
           112.6800     -7.2300   978128.972318263957
           112.6900     -7.2300   978128.906125844340
           112.7000     -7.2300   978128.775481491000
           112.7100     -7.2300   978128.600415076828
           112.7200     -7.2300   978128.407426935970
           112.7300     -7.2300   978128.225362109602
           112.7400     -7.2300   978128.080920845037
           112.7500     -7.2300   978127.994485316216
           112.7600     -7.2300   978127.976900289883
           112.7700     -7.2300   978128.027710056864
           112.7800     -7.2300   978128.135144561413
           112.7900     -7.2300   978128.277893892140
           112.8000     -7.2300   978128.428448100574
           112.8100     -7.2300   978128.557545828982
           112.8200     -7.2300   978128.639103792491
           112.8300     -7.2300   978128.654914495652
           112.8400     -7.2300   978128.598414527252
           112.8500     -7.2300   978128.476939375745
           112.8600     -7.2300   978128.312078323797
           112.8700     -7.2300   978128.137998279883
           112.8800     -7.2300   978127.997883880395
           112.8900     -7.2300   978127.938904908951
           112.9000     -7.2300   978128.006334708305
           112.9100     -7.2300   978128.237575220177
           112.9200     -7.2300   978128.656876547146
           112.9300     -7.2300   978129.271465933532
           112.9400     -7.2300   978130.069631209364
           112.9500     -7.2300   978131.021058751852
           112.9600     -7.2300   978132.079437626177
           112.9700     -7.2300   978133.187047760119
           112.9800     -7.2300   978134.280789608601
           112.9900     -7.2300   978135.298920524772
           113.0000     -7.2300   978136.187664828380
           112.0000     -7.2400   978151.094335538917
           112.0100     -7.2400   978150.126536950120
           112.0200     -7.2400   978148.922972883796
           112.0300     -7.2400   978147.586892995751
           112.0400     -7.2400   978146.240661487100
           112.0500     -7.2400   978145.011067145853
           112.0600     -7.2400   978144.014245986240
           112.0700     -7.2400   978143.342057532864
           112.0800     -7.2400   978143.051547738141
           112.0900     -7.2400   978143.158725193003
           112.1000     -7.2400   978143.637326244731
           112.1100     -7.2400   978144.422619689838
           112.1200     -7.2400   978145.419681796106
           112.1300     -7.2400   978146.515034635435
           112.1400     -7.2400   978147.590150559205
           112.1500     -7.2400   978148.535129067604
           112.1600     -7.2400   978149.260870135273
           112.1700     -7.2400   978149.708293890348
           112.1800     -7.2400   978149.853558006347
           112.1900     -7.2400   978149.708747496246
           112.2000     -7.2400   978149.318088696571
           112.2100     -7.2400   978148.750296654180
           112.2200     -7.2400   978148.088133319863
           112.2300     -7.2400   978147.416576014482
           112.2400     -7.2400   978146.811134269228
           112.2500     -7.2400   978146.327794944169
           112.2600     -7.2400   978145.995832280605
           112.2700     -7.2400   978145.814326146501
           112.2800     -7.2400   978145.752741378150
           112.2900     -7.2400   978145.755398065317
           112.3000     -7.2400   978145.749173897086
           112.3100     -7.2400   978145.653386326157
           112.3200     -7.2400   978145.390551915043
           112.3300     -7.2400   978144.896640972700
           112.3400     -7.2400   978144.129543284187
           112.3500     -7.2400   978143.074718425749
           112.3600     -7.2400   978141.747384938062
           112.3700     -7.2400   978140.191054875497
           112.3800     -7.2400   978138.472684413777
           112.3900     -7.2400   978136.675127922208
           112.4000     -7.2400   978134.887900315109
           112.4100     -7.2400   978133.197432980058
           112.4200     -7.2400   978131.678033020115
           112.4300     -7.2400   978130.384625524981
           112.4400     -7.2400   978129.348095477442
           112.4500     -7.2400   978128.573687689728
           112.4600     -7.2400   978128.042519051814
           112.4700     -7.2400   978127.715861039353
           112.4800     -7.2400   978127.541512964875
           112.4900     -7.2400   978127.461349718738
           112.5000     -7.2400   978127.419019145891
           112.5100     -7.2400   978127.366793518187
           112.5200     -7.2400   978127.270738115185
           112.5300     -7.2400   978127.113622264587
           112.5400     -7.2400   978126.895325955003
           112.5500     -7.2400   978126.630842383485
           112.5600     -7.2400   978126.346296502743
           112.5700     -7.2400   978126.073649777216
           112.5800     -7.2400   978125.844910582528
           112.5900     -7.2400   978125.686701125116
           112.6000     -7.2400   978125.615944905789
           112.6100     -7.2400   978125.637249290012
           112.6200     -7.2400   978125.742294739233
           112.6300     -7.2400   978125.911244208226
           112.6400     -7.2400   978126.115895365831
           112.6500     -7.2400   978126.324054922909
           112.6600     -7.2400   978126.504451251705
           112.6700     -7.2400   978126.631439634366
           112.6800     -7.2400   978126.688800430507
           112.6900     -7.2400   978126.672075631330
           112.7000     -7.2400   978126.589111496229
           112.7100     -7.2400   978126.458741643932
           112.7200     -7.2400   978126.307817856548
           112.7300     -7.2400   978126.167036262108
           112.7400     -7.2400   978126.066180869471
           112.7500     -7.2400   978126.029490530724
           112.7600     -7.2400   978126.071838045376
           112.7700     -7.2400   978126.196294235415
           112.7800     -7.2400   978126.393452106044
           112.7900     -7.2400   978126.642634650343
           112.8000     -7.2400   978126.914839814766
           112.8100     -7.2400   978127.177025441662
           112.8200     -7.2400   978127.397140717017
           112.8300     -7.2400   978127.549196227104
           112.8400     -7.2400   978127.617648372543
           112.8500     -7.2400   978127.600458202069
           112.8600     -7.2400   978127.510358569329
           112.8700     -7.2400   978127.374103375594
           112.8800     -7.2400   978127.229746025638
           112.8900     -7.2400   978127.122263915022
           112.9000     -7.2400   978127.098075030837
           112.9100     -7.2400   978127.199150278931
           112.9200     -7.2400   978127.457489219261
           112.9300     -7.2400   978127.890688447165
           112.9400     -7.2400   978128.499195570825
           112.9500     -7.2400   978129.265625531902
           112.9600     -7.2400   978130.156248549698
           112.9700     -7.2400   978131.124475843855
           112.9800     -7.2400   978132.115908235661
           112.9900     -7.2400   978133.074308559881
           113.0000     -7.2400   978133.947738757357
           112.0000     -7.2500   978150.132906532148
           112.0100     -7.2500   978149.077626961400
           112.0200     -7.2500   978147.790043783025
           112.0300     -7.2500   978146.371990020038
           112.0400     -7.2500   978144.945729500963
           112.0500     -7.2500   978143.639480225393
           112.0600     -7.2500   978142.572331661009
           112.0700     -7.2500   978141.840397634427
           112.0800     -7.2500   978141.505863358034
           112.0900     -7.2500   978141.590200369246
           112.1000     -7.2500   978142.072287950316
           112.1100     -7.2500   978142.891563187120
           112.1200     -7.2500   978143.955702412757
           112.1300     -7.2500   978145.151791675366
           112.1400     -7.2500   978146.359539647703
           112.1500     -7.2500   978147.464870736119
           112.1600     -7.2500   978148.372232226073
           112.1700     -7.2500   978149.014153145603
           112.1800     -7.2500   978149.356974172522
           112.1900     -7.2500   978149.402175554656
           112.2000     -7.2500   978149.183297071490
           112.2100     -7.2500   978148.758997719851
           112.2200     -7.2500   978148.203273570747
           112.2300     -7.2500   978147.594182421220
           112.2400     -7.2500   978147.002574885264
           112.2500     -7.2500   978146.482288360945
           112.2600     -7.2500   978146.063032789971
           112.2700     -7.2500   978145.746818504063
           112.2800     -7.2500   978145.508298424305
           112.2900     -7.2500   978145.298882741947
           112.3000     -7.2500   978145.054000482080
           112.3100     -7.2500   978144.702490195632
           112.3200     -7.2500   978144.176849552547
           112.3300     -7.2500   978143.422989945626
           112.3400     -7.2500   978142.408234201721
           112.3500     -7.2500   978141.126547312830
           112.3600     -7.2500   978139.600365757826
           112.3700     -7.2500   978137.878839404671
           112.3800     -7.2500   978136.032761959708
           112.3900     -7.2500   978134.146881818422
           112.4000     -7.2500   978132.310602698126
           112.4100     -7.2500   978130.608264181996
           112.4200     -7.2500   978129.110216414905
           112.4300     -7.2500   978127.865771471174
           112.4400     -7.2500   978126.898847301141
           112.4500     -7.2500   978126.206756490283
           112.4600     -7.2500   978125.762180835474
           112.4700     -7.2500   978125.517968325294
           112.4800     -7.2500   978125.414043639787
           112.4900     -7.2500   978125.385479827761
           112.5000     -7.2500   978125.370666063856
           112.5100     -7.2500   978125.318535136525
           112.5200     -7.2500   978125.193976652343
           112.5300     -7.2500   978124.980832578382
           112.5400     -7.2500   978124.682211943320
           112.5500     -7.2500   978124.318224346498
           112.5600     -7.2500   978123.921568848193
           112.5700     -7.2500   978123.531681933557
           112.5800     -7.2500   978123.188312178361
           112.5900     -7.2500   978122.925431199837
           112.6000     -7.2500   978122.766308421502
           112.6100     -7.2500   978122.720385751338
           112.6200     -7.2500   978122.782316409284
           112.6300     -7.2500   978122.933218886843
           112.6400     -7.2500   978123.143886053353
           112.6500     -7.2500   978123.379423135309
           112.6600     -7.2500   978123.604601960396
           112.6700     -7.2500   978123.789136236650
           112.6800     -7.2500   978123.912112734164
           112.6900     -7.2500   978123.964949634043
           112.7000     -7.2500   978123.952475037193
           112.7100     -7.2500   978123.891993577010
           112.7200     -7.2500   978123.810498250998
           112.7300     -7.2500   978123.740447738557
           112.7400     -7.2500   978123.714730488718
           112.7500     -7.2500   978123.761548633687
           112.7600     -7.2500   978123.899962824886
           112.7700     -7.2500   978124.136743275565
           112.7800     -7.2500   978124.464986801147
           112.7900     -7.2500   978124.864710779162
           112.8000     -7.2500   978125.305357453995
           112.8100     -7.2500   978125.749874322326
           112.8200     -7.2500   978126.159815171850
           112.8300     -7.2500   978126.500761901378
           112.8400     -7.2500   978126.747318976209
           112.8500     -7.2500   978126.886986567522
           112.8600     -7.2500   978126.922367368243
           112.8700     -7.2500   978126.871385245468
           112.8800     -7.2500   978126.765460819122
           112.8900     -7.2500   978126.645863464335
           112.9000     -7.2500   978126.558704057592
           112.9100     -7.2500   978126.549215113511
           112.9200     -7.2500   978126.656060438603
           112.9300     -7.2500   978126.906412573764
           112.9400     -7.2500   978127.312434038962
           112.9500     -7.2500   978127.869611852802
           112.9600     -7.2500   978128.557149428525
           112.9700     -7.2500   978129.340348908212
           112.9800     -7.2500   978130.174656736664
           112.9900     -7.2500   978131.010830578511
           113.0000     -7.2500   978131.800545029109
           112.0000     -7.2600   978149.064444092568
           112.0100     -7.2600   978147.961719361949
           112.0200     -7.2600   978146.632572956383
           112.0300     -7.2600   978145.175420779036
           112.0400     -7.2600   978143.710039983620
           112.0500     -7.2600   978142.363508909242
           112.0600     -7.2600   978141.255347171216
           112.0700     -7.2600   978140.483674546471
           112.0800     -7.2600   978140.114049210213
           112.0900     -7.2600   978140.172285320237
           112.1000     -7.2600   978140.642035445897
           112.1100     -7.2600   978141.467321964912
           112.1200     -7.2600   978142.559590024524
           112.1300     -7.2600   978143.808309641317
           112.1400     -7.2600   978145.093742836150
           112.1500     -7.2600   978146.300262141274
           112.1600     -7.2600   978147.328584262636
           112.1700     -7.2600   978148.105465385248
           112.1800     -7.2600   978148.589764943579
           112.1900     -7.2600   978148.774273136514
           112.2000     -7.2600   978148.683249306516
           112.2100     -7.2600   978148.366162169375
           112.2200     -7.2600   978147.888589852257
           112.2300     -7.2600   978147.321570193977
           112.2400     -7.2600   978146.730850450345
           112.2500     -7.2600   978146.167454217910
           112.2600     -7.2600   978145.660770409857
           112.2700     -7.2600   978145.215005988604
           112.2800     -7.2600   978144.809380968101
           112.2900     -7.2600   978144.401942890370
           112.3000     -7.2600   978143.936404049629
           112.3100     -7.2600   978143.351018866058
           112.3200     -7.2600   978142.588269035914
           112.3300     -7.2600   978141.604039886966
           112.3400     -7.2600   978140.375060299528
           112.3500     -7.2600   978138.903625560575
           112.3600     -7.2600   978137.218992527109
           112.3700     -7.2600   978135.375279115513
           112.3800     -7.2600   978133.446156702354
           112.3900     -7.2600   978131.517035174766
           112.4000     -7.2600   978129.675753772259
           112.4100     -7.2600   978128.002967891283
           112.4200     -7.2600   978126.563442461542
           112.4300     -7.2600   978125.399326784420
           112.4400     -7.2600   978124.526214522426
           112.4500     -7.2600   978123.932423636201
           112.4600     -7.2600   978123.581514153513
           112.4700     -7.2600   978123.417651612428
           112.4800     -7.2600   978123.373073644354
           112.4900     -7.2600   978123.376670425641
           112.5000     -7.2600   978123.362576094689
           112.5100     -7.2600   978123.277699324419
           112.5200     -7.2600   978123.087289467338
           112.5300     -7.2600   978122.777914879145
           112.5400     -7.2600   978122.357582914294
           112.5500     -7.2600   978121.853108863113
           112.5600     -7.2600   978121.305193821318
           112.5700     -7.2600   978120.761953627109
           112.5800     -7.2600   978120.271817430039
           112.5900     -7.2600   978119.876764678862
           112.6000     -7.2600   978119.606790057500
           112.6100     -7.2600   978119.476290947525
           112.6200     -7.2600   978119.482790214475
           112.6300     -7.2600   978119.608078196528
           112.6400     -7.2600   978119.821526784799
           112.6500     -7.2600   978120.085039731697
           112.6600     -7.2600   978120.358894610894
           112.6700     -7.2600   978120.607629328733
           112.6800     -7.2600   978120.805141283199
           112.6900     -7.2600   978120.938295600354
           112.7000     -7.2600   978121.008560693939
           112.7100     -7.2600   978121.031472861301
           112.7200     -7.2600   978121.034037157195
           112.7300     -7.2600   978121.050457569654
           112.7400     -7.2600   978121.116817028029
           112.7500     -7.2600   978121.265467071440
           112.7600     -7.2600   978121.519920361345
           112.7700     -7.2600   978121.890963644139
           112.7800     -7.2600   978122.374535821844
           112.7900     -7.2600   978122.951670160168
           112.8000     -7.2600   978123.590515437652
           112.8100     -7.2600   978124.250166891841
           112.8200     -7.2600   978124.885792541434
           112.8300     -7.2600   978125.454366500489
           112.8400     -7.2600   978125.920241047046
           112.8500     -7.2600   978126.259813169716
           112.8600     -7.2600   978126.464664940955
           112.8700     -7.2600   978126.542762696627
           112.8800     -7.2600   978126.517559326719
           112.8900     -7.2600   978126.425121725304
           112.9000     -7.2600   978126.309664314380
           112.9100     -7.2600   978126.218075220939
           112.9200     -7.2600   978126.194147262722
           112.9300     -7.2600   978126.273255696055
           112.9400     -7.2600   978126.478155803285
           112.9500     -7.2600   978126.816416452290
           112.9600     -7.2600   978127.279782805359
           112.9700     -7.2600   978127.845503196120
           112.9800     -7.2600   978128.479396882583
           112.9900     -7.2600   978129.140215611551
           113.0000     -7.2600   978129.784692221787
           112.0000     -7.2700   978147.950535229407
           112.0100     -7.2700   978146.848404276883
           112.0200     -7.2700   978145.526899367105
           112.0300     -7.2700   978144.078912543016
           112.0400     -7.2700   978142.619262443040
           112.0500     -7.2700   978141.271246407996
           112.0600     -7.2700   978140.152227497776
           112.0700     -7.2700   978139.360029062256
           112.0800     -7.2700   978138.961775984033
           112.0900     -7.2700   978138.986487397226
           112.1000     -7.2700   978139.422236257116
           112.1100     -7.2700   978140.218110890943
           112.1200     -7.2700   978141.290617147926
           112.1300     -7.2700   978142.533622178133
           112.1400     -7.2700   978143.830528485123
           112.1500     -7.2700   978145.067128841300
           112.1600     -7.2700   978146.143555021961
           112.1700     -7.2700   978146.983896211721
           112.1800     -7.2700   978147.542401050683
           112.1900     -7.2700   978147.805643578758
           112.2000     -7.2700   978147.790565375355
           112.2100     -7.2700   978147.538834595471
           112.2200     -7.2700   978147.108419814147
           112.2300     -7.2700   978146.563605731470
           112.2400     -7.2700   978145.964839465567
           112.2500     -7.2700   978145.359773483360
           112.2600     -7.2700   978144.776671265252
           112.2700     -7.2700   978144.220994494390
           112.2800     -7.2700   978143.675544214551
           112.2900     -7.2700   978143.104043220519
           112.3000     -7.2700   978142.457587021519
           112.3100     -7.2700   978141.683015604736
           112.3200     -7.2700   978140.732015354792
           112.3300     -7.2700   978139.569679208566
           112.3400     -7.2700   978138.181341254734
           112.3500     -7.2700   978136.576745075290
           112.3600     -7.2700   978134.790968933026
           112.3700     -7.2700   978132.881965892622
           112.3800     -7.2700   978130.925025274162
           112.3900     -7.2700   978129.004864754970
           112.4000     -7.2700   978127.206368090701
           112.4100     -7.2700   978125.605153416283
           112.4200     -7.2700   978124.259171264945
           112.4300     -7.2700   978123.202390140272
           112.4400     -7.2700   978122.441351321875
           112.4500     -7.2700   978121.955001271446
           112.4600     -7.2700   978121.697789307684
           112.4700     -7.2700   978121.605605234741
           112.4800     -7.2700   978121.603779482888
           112.4900     -7.2700   978121.616121502593
           112.5000     -7.2700   978121.573860579636
           112.5100     -7.2700   978121.423388909898
           112.5200     -7.2700   978121.131882309681
           112.5300     -7.2700   978120.690164057421
           112.5400     -7.2700   978120.112542363117
           112.5500     -7.2700   978119.433743222733
           112.5600     -7.2700   978118.703426849097
           112.5700     -7.2700   978117.979070578469
           112.5800     -7.2700   978117.318187565310
           112.5900     -7.2700   978116.770906841266
           112.6000     -7.2700   978116.373862058041
           112.6100     -7.2700   978116.146136667696
           112.6200     -7.2700   978116.087721230113
           112.6300     -7.2700   978116.180594281177
           112.6400     -7.2700   978116.392188070458
           112.6500     -7.2700   978116.680690659792
           112.6600     -7.2700   978117.001406217809
           112.6700     -7.2700   978117.313274454093
           112.6800     -7.2700   978117.584651622339
           112.6900     -7.2700   978117.797576628509
           112.7000     -7.2700   978117.949968008557
           112.7100     -7.2700   978118.055489351507
           112.7200     -7.2700   978118.141142056673
           112.7300     -7.2700   978118.242951786611
           112.7400     -7.2700   978118.400368004106
           112.7500     -7.2700   978118.650161770754
           112.7600     -7.2700   978119.020664999727
           112.7700     -7.2700   978119.527138592792
           112.7800     -7.2700   978120.168896642979
           112.7900     -7.2700   978120.928572077421
           112.8000     -7.2700   978121.773619153071
           112.8100     -7.2700   978122.659849377931
           112.8200     -7.2700   978123.536529466393
           112.8300     -7.2700   978124.352367944433
           112.8400     -7.2700   978125.061606713454
           112.8500     -7.2700   978125.629428472719
           112.8600     -7.2700   978126.035989408265
           112.8700     -7.2700   978126.278574349824
           112.8800     -7.2700   978126.371622359031
           112.8900     -7.2700   978126.344650330255
           112.9000     -7.2700   978126.238373217173
           112.9100     -7.2700   978126.099546369514
           112.9200     -7.2700   978125.975209033932
           112.9300     -7.2700   978125.907069465378
           112.9400     -7.2700   978125.926735063666
           112.9500     -7.2700   978126.052362395218
           112.9600     -7.2700   978126.287100973655
           112.9700     -7.2700   978126.619459501468
           112.9800     -7.2700   978127.025467752828
           112.9900     -7.2700   978127.472275763866
           113.0000     -7.2700   978127.922655134113
           112.0000     -7.2800   978146.844549757196
           112.0100     -7.2800   978145.794032575330
           112.0200     -7.2800   978144.531399550848
           112.0300     -7.2800   978143.141945641371
           112.0400     -7.2800   978141.733118412783
           112.0500     -7.2800   978140.421862429008
           112.0600     -7.2800   978139.320864645299
           112.0700     -7.2800   978138.525405870867
           112.0800     -7.2800   978138.102413294371
           112.0900     -7.2800   978138.083002472646
           112.1000     -7.2800   978138.459336540895
           112.1100     -7.2800   978139.186076839222
           112.1200     -7.2800   978140.186124352505
           112.1300     -7.2800   978141.359828270390
           112.1400     -7.2800   978142.596431522164
           112.1500     -7.2800   978143.786282089422
           112.1600     -7.2800   978144.832289966173
           112.1700     -7.2800   978145.659254468046
           112.1800     -7.2800   978146.220002089161
           112.1900     -7.2800   978146.497716798680
           112.2000     -7.2800   978146.504352911026
           112.2100     -7.2800   978146.275528481696
           112.2200     -7.2800   978145.862739121541
           112.2300     -7.2800   978145.324052560609
           112.2400     -7.2800   978144.714604488458
           112.2500     -7.2800   978144.078198924661
           112.2600     -7.2800   978143.441127827973
           112.2700     -7.2800   978142.808993162471
           112.2800     -7.2800   978142.166886663996
           112.2900     -7.2800   978141.482816276141
           112.3000     -7.2800   978140.713825837360
           112.3100     -7.2800   978139.813894054852
           112.3200     -7.2800   978138.742466425756
           112.3300     -7.2800   978137.472398258164
           112.3400     -7.2800   978135.996176090557
           112.3500     -7.2800   978134.329524583416
           112.3600     -7.2800   978132.511862862739
           112.3700     -7.2800   978130.603499873658
           112.3800     -7.2800   978128.679895755020
           112.3900     -7.2800   978126.823707924224
           112.4000     -7.2800   978125.115635469905
           112.4100     -7.2800   978123.625235840445
           112.4200     -7.2800   978122.402893938939
           112.4300     -7.2800   978121.473976121633
           112.4400     -7.2800   978120.835920832353
           112.4500     -7.2800   978120.458641354577
           112.4600     -7.2800   978120.288194015855
           112.4700     -7.2800   978120.253252168419
           112.4800     -7.2800   978120.273575576837
           112.4900     -7.2800   978120.269420874654
           112.5000     -7.2800   978120.170731673134
           112.5100     -7.2800   978119.924988719053
           112.5200     -7.2800   978119.502783892560
           112.5300     -7.2800   978118.900481367833
           112.5400     -7.2800   978118.139704847243
           112.5500     -7.2800   978117.263792223181
           112.5600     -7.2800   978116.331736348569
           112.5700     -7.2800   978115.410434940946
           112.5800     -7.2800   978114.566266272333
           112.5900     -7.2800   978113.857067385339
           112.6000     -7.2800   978113.325512876618
           112.6100     -7.2800   978112.994687545928
           112.6200     -7.2800   978112.866344253533
           112.6300     -7.2800   978112.921979932929
           112.6400     -7.2800   978113.126495333621
           112.6500     -7.2800   978113.433875354356
           112.6600     -7.2800   978113.794078555191
           112.6700     -7.2800   978114.160187194822
           112.6800     -7.2800   978114.494858462363
           112.6900     -7.2800   978114.775232320535
           112.7000     -7.2800   978114.995674086502
           112.7100     -7.2800   978115.168029393652
           112.7200     -7.2800   978115.319404935115
           112.7300     -7.2800   978115.487815849832
           112.7400     -7.2800   978115.716317195445
           112.7500     -7.2800   978116.046427468769
           112.7600     -7.2800   978116.511733282008
           112.7700     -7.2800   978117.132527540321
           112.7800     -7.2800   978117.912185704219
           112.7900     -7.2800   978118.835747349076
           112.8000     -7.2800   978119.870875860564
           112.8100     -7.2800   978120.971057214891
           112.8200     -7.2800   978122.080610412522
           112.8300     -7.2800   978123.140854383353
           112.8400     -7.2800   978124.096637603943
           112.8500     -7.2800   978124.902403507382
           112.8600     -7.2800   978125.527039224398
           112.8700     -7.2800   978125.956925314618
           112.8800     -7.2800   978126.196845725761
           112.8900     -7.2800   978126.268697202206
           112.9000     -7.2800   978126.208218403161
           112.9100     -7.2800   978126.060204391484
           112.9200     -7.2800   978125.872850751621
           112.9300     -7.2800   978125.691961727920
           112.9400     -7.2800   978125.555748901097
           112.9500     -7.2800   978125.490844749380
           112.9600     -7.2800   978125.509974997723
           112.9700     -7.2800   978125.611501040752
           112.9800     -7.2800   978125.780791327823
           112.9900     -7.2800   978125.993142646155
           113.0000     -7.2800   978126.217780235456
           112.0000     -7.2900   978145.787473042146
           112.0100     -7.2900   978144.837008769508
           112.0200     -7.2900   978143.681336184614
           112.0300     -7.2900   978142.396262727212
           112.0400     -7.2900   978141.079661787138
           112.0500     -7.2900   978139.839766617166
           112.0600     -7.2900   978138.782264699577
           112.0700     -7.2900   978137.997810414410
           112.0800     -7.2900   978137.551485690288
           112.0900     -7.2900   978137.475460241549
           112.1000     -7.2900   978137.765674215276
           112.1100     -7.2900   978138.382844066364
           112.1200     -7.2900   978139.257545490516
           112.1300     -7.2900   978140.298625249648
           112.1400     -7.2900   978141.403799537220
           112.1500     -7.2900   978142.471057853778
           112.1600     -7.2900   978143.409435008769
           112.1700     -7.2900   978144.147842624341
           112.1800     -7.2900   978144.640944404062
           112.1900     -7.2900   978144.871474685264
           112.2000     -7.2900   978144.848880795180
           112.2100     -7.2900   978144.604652519920
           112.2200     -7.2900   978144.185123677598
           112.2300     -7.2900   978143.642837732565
           112.2400     -7.2900   978143.027723925421
           112.2500     -7.2900   978142.379315511556
           112.2600     -7.2900   978141.721062899451
           112.2700     -7.2900   978141.057478622999
           112.2800     -7.2900   978140.374442628003
           112.2900     -7.2900   978139.642551228753
           112.3000     -7.2900   978138.822971129324
           112.3100     -7.2900   978137.874917072710
           112.3200     -7.2900   978136.763652638649
           112.3300     -7.2900   978135.467846226646
           112.3400     -7.2900   978133.985205694451
           112.3500     -7.2900   978132.335551792290
           112.3600     -7.2900   978130.560839690268
           112.3700     -7.2900   978128.722052331432
           112.3800     -7.2900   978126.893313603709
           112.3900     -7.2900   978125.153947216808
           112.4000     -7.2900   978123.579488974879
           112.4100     -7.2900   978122.232809133362
           112.4200     -7.2900   978121.156498658587
           112.4300     -7.2900   978120.367519376683
           112.4400     -7.2900   978119.854833801626
           112.4500     -7.2900   978119.580353331636
           112.4600     -7.2900   978119.483122723177
           112.4700     -7.2900   978119.486248904141
           112.4800     -7.2900   978119.505735990708
           112.4900     -7.2900   978119.460149985855
           112.5000     -7.2900   978119.279935881961
           112.5100     -7.2900   978118.915258710505
           112.5200     -7.2900   978118.341430981178
           112.5300     -7.2900   978117.561296407483
           112.5400     -7.2900   978116.604323533829
           112.5500     -7.2900   978115.522573314724
           112.5600     -7.2900   978114.384089446510
           112.5700     -7.2900   978113.264570763218
           112.5800     -7.2900   978112.238382951007
           112.5900     -7.2900   978111.370028583915
           112.6000     -7.2900   978110.707114258548
           112.6100     -7.2900   978110.275643788744
           112.6200     -7.2900   978110.078155719209
           112.6300     -7.2900   978110.094853086863
           112.6400     -7.2900   978110.287491511670
           112.6500     -7.2900   978110.605447249371
           112.6600     -7.2900   978110.993123004097
           112.6700     -7.2900   978111.397698300076
           112.6800     -7.2900   978111.776210229378
           112.6900     -7.2900   978112.101059645996
           112.7000     -7.2900   978112.363260883722
           112.7100     -7.2900   978112.573059091112
           112.7200     -7.2900   978112.757887425367
           112.7300     -7.2900   978112.957981190877
           112.7400     -7.2900   978113.220263295574
           112.7500     -7.2900   978113.591327924514
           112.7600     -7.2900   978114.110451429733
           112.7700     -7.2900   978114.803540190682
           112.7800     -7.2900   978115.678789495956
           112.7900     -7.2900   978116.724595119711
           112.8000     -7.2900   978117.909962049685
           112.8100     -7.2900   978119.187332303263
           112.8200     -7.2900   978120.497447899077
           112.8300     -7.2900   978121.775614751619
           112.8400     -7.2900   978122.958569423994
           112.8500     -7.2900   978123.991092343698
           112.8600     -7.2900   978124.831563248648
           112.8700     -7.2900   978125.455807873979
           112.8800     -7.2900   978125.858816946973
           112.8900     -7.2900   978126.054197506513
           112.9000     -7.2900   978126.071505204192
           112.9100     -7.2900   978125.951867041411
           112.9200     -7.2900   978125.742504020454
           112.9300     -7.2900   978125.490878327866
           112.9400     -7.2900   978125.239207477774
           112.9500     -7.2900   978125.020009071566
           112.9600     -7.2900   978124.853177837795
           112.9700     -7.2900   978124.744875383098
           112.9800     -7.2900   978124.688263814664
           112.9900     -7.2900   978124.665871072328
           113.0000     -7.2900   978124.653170756297
           112.0000     -7.3000   978144.805597945349
           112.0100     -7.3000   978143.995513401343
           112.0200     -7.3000   978142.986643949174
           112.0300     -7.3000   978141.843747841660
           112.0400     -7.3000   978140.653274424723
           112.0500     -7.3000   978139.512735548196
           112.0600     -7.3000   978138.518811429036
           112.0700     -7.3000   978137.755704435054
           112.0800     -7.3000   978137.285186005058
           112.0900     -7.3000   978137.139532600646
           112.1000     -7.3000   978137.318151990883
           112.1100     -7.3000   978137.788214867353
           112.1200     -7.3000   978138.489092970616
           112.1300     -7.3000   978139.339929954614
           112.1400     -7.3000   978140.249295137357
           112.1500     -7.3000   978141.125639054691
           112.1600     -7.3000   978141.887209717766
           112.1700     -7.3000   978142.470203305827
           112.1800     -7.3000   978142.834193617920
           112.1900     -7.3000   978142.964272052166
           112.2000     -7.3000   978142.869780855603
           112.2100     -7.3000   978142.579976306297
           112.2200     -7.3000   978142.137355668587
           112.2300     -7.3000   978141.589670969988
           112.2400     -7.3000   978140.981797885499
           112.2500     -7.3000   978140.348612834001
           112.2600     -7.3000   978139.709860802162
           112.2700     -7.3000   978139.067695948179
           112.2800     -7.3000   978138.407189000282
           112.2900     -7.3000   978137.699673256138
           112.3000     -7.3000   978136.908401802997
           112.3100     -7.3000   978135.995665873284
           112.3200     -7.3000   978134.930320732412
           112.3300     -7.3000   978133.694607550860
           112.3400     -7.3000   978132.289254164323
           112.3500     -7.3000   978130.736070933985
           112.3600     -7.3000   978129.077598261298
           112.3700     -7.3000   978127.373763805954
           112.3800     -7.3000   978125.695916416706
           112.3900     -7.3000   978124.118965751724
           112.4000     -7.3000   978122.712623509346
           112.4100     -7.3000   978121.532878742320
           112.4200     -7.3000   978120.614827757818
           112.4300     -7.3000   978119.967819959507
           112.4400     -7.3000   978119.573595310096
           112.4500     -7.3000   978119.387713855365
           112.4600     -7.3000   978119.344161621411
           112.4700     -7.3000   978119.362613840145
           112.4800     -7.3000   978119.357497873716
           112.4900     -7.3000   978119.247767709894
           112.5000     -7.3000   978118.966208854690
           112.5100     -7.3000   978118.467148299911
           112.5200     -7.3000   978117.731641484075
           112.5300     -7.3000   978116.769521077280
           112.5400     -7.3000   978115.618080899934
           112.5500     -7.3000   978114.337582718465
           112.5600     -7.3000   978113.004161668941
           112.5700     -7.3000   978111.701018948341
           112.5800     -7.3000   978110.508989526657
           112.5900     -7.3000   978109.497634095838
           112.6000     -7.3000   978108.717922044452
           112.6100     -7.3000   978108.197358063539
           112.6200     -7.3000   978107.938087618561
           112.6300     -7.3000   978107.918137290981
           112.6400     -7.3000   978108.095553503372
           112.6500     -7.3000   978108.414846955682
           112.6600     -7.3000   978108.814874503063
           112.6700     -7.3000   978109.237128601759
           112.6800     -7.3000   978109.633375254343
           112.6900     -7.3000   978109.971686002100
           112.7000     -7.3000   978110.240132329171
           112.7100     -7.3000   978110.447721582139
           112.7200     -7.3000   978110.622511286871
           112.7300     -7.3000   978110.807197432267
           112.7400     -7.3000   978111.052786564454
           112.7500     -7.3000   978111.411192456842
           112.7600     -7.3000   978111.927718237508
           112.7700     -7.3000   978112.634381121607
           112.7800     -7.3000   978113.544912479469
           112.7900     -7.3000   978114.652039120207
           112.8000     -7.3000   978115.927353416802
           112.8100     -7.3000   978117.323749612668
           112.8200     -7.3000   978118.780083914404
           112.8300     -7.3000   978120.227447110577
           112.8400     -7.3000   978121.596253263415
           112.8500     -7.3000   978122.823267905042
           112.8600     -7.3000   978123.857731552911
           112.8700     -7.3000   978124.665872061858
           112.8800     -7.3000   978125.233321910608
           112.8900     -7.3000   978125.565233140951
           112.9000     -7.3000   978125.684176401352
           112.9100     -7.3000   978125.626183260931
           112.9200     -7.3000   978125.435508291470
           112.9300     -7.3000   978125.158823171863
           112.9400     -7.3000   978124.839594348567
           112.9500     -7.3000   978124.513336736709
           112.9600     -7.3000   978124.204289573710
           112.9700     -7.3000   978123.923849028070
           112.9800     -7.3000   978123.670845557819
           112.9900     -7.3000   978123.433506201021
           113.0000     -7.3000   978123.192725906614
           112.0000     -7.3100   978143.909971713321
           112.0100     -7.3100   978143.267572710873
           112.0200     -7.3100   978142.432591895573
           112.0300     -7.3100   978141.457634684164
           112.0400     -7.3100   978140.416355121066
           112.0500     -7.3100   978139.393998553394
           112.0600     -7.3100   978138.476647651754
           112.0700     -7.3100   978137.740566576133
           112.0800     -7.3100   978137.242987412494
           112.0900     -7.3100   978137.015462132636
           112.1000     -7.3100   978137.060544573702
           112.1100     -7.3100   978137.352119630435
           112.1200     -7.3100   978137.839220766793
           112.1300     -7.3100   978138.452734204708
           112.1400     -7.3100   978139.114035358769
           112.1500     -7.3100   978139.744383896003
           112.1600     -7.3100   978140.273843627772
           112.1700     -7.3100   978140.648596429732
           112.1800     -7.3100   978140.835768225486
           112.1900     -7.3100   978140.825243743020
           112.2000     -7.3100   978140.628365433775
           112.2100     -7.3100   978140.273833924555
           112.2200     -7.3100   978139.801496437984
           112.2300     -7.3100   978139.254977603792
           112.2400     -7.3100   978138.674239979126
           112.2500     -7.3100   978138.089143866673
           112.2600     -7.3100   978137.514912452432
           112.2700     -7.3100   978136.950122996233
           112.2800     -7.3100   978136.377477973117
           112.2900     -7.3100   978135.767212203238
           112.3000     -7.3100   978135.082617404987
           112.3100     -7.3100   978134.286864855792
           112.3200     -7.3100   978133.350120319868
           112.3300     -7.3100   978132.255897872965
           112.3400     -7.3100   978131.005696804379
           112.3500     -7.3100   978129.621195042855
           112.3600     -7.3100   978128.143602652359
           112.3700     -7.3100   978126.630165675306
           112.3800     -7.3100   978125.148202228826
           112.3900     -7.3100   978123.767397032701
           112.4000     -7.3100   978122.551331395283
           112.4100     -7.3100   978121.549349408597
           112.4200     -7.3100   978120.789840646903
           112.4300     -7.3100   978120.275856920285
           112.4400     -7.3100   978119.983696053037
           112.4500     -7.3100   978119.864715657546
           112.4600     -7.3100   978119.850231987657
           112.4700     -7.3100   978119.858965680702
           112.4800     -7.3100   978119.806168179726
           112.4900     -7.3100   978119.613342110650
           112.5000     -7.3100   978119.217384291114
           112.5100     -7.3100   978118.578042375157
           112.5200     -7.3100   978117.682777604205
           112.5300     -7.3100   978116.548441267340
           112.5400     -7.3100   978115.219561443897
           112.5500     -7.3100   978113.763450333150
           112.5600     -7.3100   978112.262729040463
           112.5700     -7.3100   978110.806177768623
           112.5800     -7.3100   978109.479016525904
           112.5900     -7.3100   978108.353780806530
           112.6000     -7.3100   978107.482871886110
           112.6100     -7.3100   978106.893644199008
           112.6200     -7.3100   978106.586571069201
           112.6300     -7.3100   978106.536645958782
           112.6400     -7.3100   978106.697777899331
           112.6500     -7.3100   978107.009576738812
           112.6600     -7.3100   978107.405640937155
           112.6700     -7.3100   978107.822292015073
           112.6800     -7.3100   978108.206664685160
           112.6900     -7.3100   978108.523162450874
           112.7000     -7.3100   978108.757510270108
           112.7100     -7.3100   978108.917949049384
           112.7200     -7.3100   978109.033480585669
           112.7300     -7.3100   978109.149439816712
           112.7400     -7.3100   978109.320997817325
           112.7500     -7.3100   978109.605443969136
           112.7600     -7.3100   978110.054230118403
           112.7700     -7.3100   978110.705768876825
           112.7800     -7.3100   978111.579863956897
           112.7900     -7.3100   978112.674429628882
           112.8000     -7.3100   978113.964859059197
           112.8100     -7.3100   978115.406066521071
           112.8200     -7.3100   978116.936899088090
           112.8300     -7.3100   978118.486330646556
           112.8400     -7.3100   978119.980649183388
           112.8500     -7.3100   978121.350750530837
           112.8600     -7.3100   978122.538667510147
           112.8700     -7.3100   978123.502587483148
           112.8800     -7.3100   978124.219824801898
           112.8900     -7.3100   978124.687487833318
           112.9000     -7.3100   978124.920876523829
           112.9100     -7.3100   978124.949927421170
           112.9200     -7.3100   978124.814253227669
           112.9300     -7.3100   978124.557475494454
           112.9400     -7.3100   978124.221605049679
           112.9500     -7.3100   978123.842181198648
           112.9600     -7.3100   978123.444746657857
           112.9700     -7.3100   978123.043031223235
           112.9800     -7.3100   978122.638972473796
           112.9900     -7.3100   978122.224450062029
           113.0000     -7.3100   978121.784385006293
           112.0000     -7.3200   978143.097300010268
           112.0100     -7.3200   978142.633136192104
           112.0200     -7.3200   978141.982948619989
           112.0300     -7.3200   978141.186644013622
           112.0400     -7.3200   978140.304284177953
           112.0500     -7.3200   978139.407856397913
           112.0600     -7.3200   978138.571750463569
           112.0700     -7.3200   978137.863207247574
           112.0800     -7.3200   978137.333968140883
           112.0900     -7.3200   978137.014161446365
           112.1000     -7.3200   978136.909139871947
           112.1100     -7.3200   978136.999577494804
           112.1200     -7.3200   978137.244699823554
           112.1300     -7.3200   978137.588114389800
           112.1400     -7.3200   978137.965384164010
           112.1500     -7.3200   978138.312282918370
           112.1600     -7.3200   978138.572614426841
           112.1700     -7.3200   978138.704570446513
           112.1800     -7.3200   978138.684830120532
           112.1900     -7.3200   978138.509932689834
           112.2000     -7.3200   978138.194840081153
           112.2100     -7.3200   978137.768993485370
           112.2200     -7.3200   978137.270506213070
           112.2300     -7.3200   978136.739379117382
           112.2400     -7.3200   978136.210743079660
           112.2500     -7.3200   978135.709111161763
           112.2600     -7.3200   978135.244465632248
           112.2700     -7.3200   978134.810735051404
           112.2800     -7.3200   978134.386871646740
           112.2900     -7.3200   978133.940366987372
           112.3000     -7.3200   978133.432695322786
           112.3100     -7.3200   978132.825896452530
           112.3200     -7.3200   978132.089341297629
           112.3300     -7.3200   978131.205686468864
           112.3400     -7.3200   978130.175124267815
           112.3500     -7.3200   978129.017258567270
           112.3600     -7.3200   978127.770255166572
           112.3700     -7.3200   978126.487285137526
           112.3800     -7.3200   978125.230652054772
           112.3900     -7.3200   978124.064319017925
           112.4000     -7.3200   978123.045785334310
           112.4100     -7.3200   978122.218373785494
           112.4200     -7.3200   978121.604961739038
           112.4300     -7.3200   978121.204025343060
           112.4400     -7.3200   978120.988585808431
           112.4500     -7.3200   978120.908285810961
           112.4600     -7.3200   978120.894428397296
           112.4700     -7.3200   978120.867431249702
           112.4800     -7.3200   978120.745834644767
           112.4900     -7.3200   978120.455792636843
           112.5000     -7.3200   978119.939901185688
           112.5100     -7.3200   978119.164284465136
           112.5200     -7.3200   978118.123063531704
           112.5300     -7.3200   978116.839644827647
           112.5400     -7.3200   978115.364650508389
           112.5500     -7.3200   978113.770720303641
           112.5600     -7.3200   978112.144794592750
           112.5700     -7.3200   978110.578793265391
           112.5800     -7.3200   978109.159796981723
           112.5900     -7.3200   978107.960893145995
           112.6000     -7.3200   978107.033761915402
           112.6100     -7.3200   978106.403859459679
           112.6200     -7.3200   978106.068734264350
           112.6300     -7.3200   978105.999628072605
           112.6400     -7.3200   978106.146114078932
           112.6500     -7.3200   978106.443160623079
           112.6600     -7.3200   978106.819723488414
           112.6700     -7.3200   978107.207798208343
           112.6800     -7.3200   978107.550825258601
           112.6900     -7.3200   978107.810438608052
           112.7000     -7.3200   978107.970767740626
           112.7100     -7.3200   978108.039816034259
           112.7200     -7.3200   978108.047804096248
           112.7300     -7.3200   978108.042739369324
           112.7400     -7.3200   978108.083806814975
           112.7500     -7.3200   978108.233429373358
           112.7600     -7.3200   978108.548991338350
           112.7700     -7.3200   978109.075237175333
           112.7800     -7.3200   978109.838252915535
           112.7900     -7.3200   978110.841722881305
           112.8000     -7.3200   978112.065860275412
           112.8100     -7.3200   978113.469074491877
           112.8200     -7.3200   978114.992103672121
           112.8300     -7.3200   978116.564049610402
           112.8400     -7.3200   978118.109538793098
           112.8500     -7.3200   978119.556122683454
           112.8600     -7.3200   978120.841033210396
           112.8700     -7.3200   978121.916522191605
           112.8800     -7.3200   978122.753218543949
           112.8900     -7.3200   978123.341205954552
           112.9000     -7.3200   978123.688820066163
           112.9100     -7.3200   978123.819449667819
           112.9200     -7.3200   978123.766864710255
           112.9300     -7.3200   978123.569756178185
           112.9400     -7.3200   978123.266240479308
           112.9500     -7.3200   978122.889048374025
           112.9600     -7.3200   978122.461993044242
           112.9700     -7.3200   978121.998113007518
           112.9800     -7.3200   978121.499641720904
           112.9900     -7.3200   978120.959700394771
           113.0000     -7.3200   978120.365378054907
           112.0000     -7.3300   978142.351889407262
           112.0100     -7.3300   978142.057640080107
           112.0200     -7.3300   978141.585039068363
           112.0300     -7.3300   978140.961365701165
           112.0400     -7.3300   978140.232923511416
           112.0500     -7.3300   978139.458056542790
           112.0600     -7.3300   978138.698908560793
           112.0700     -7.3300   978138.013052169001
           112.0800     -7.3300   978137.446091676014
           112.0900     -7.3300   978137.026176884770
           112.1000     -7.3300   978136.761080187396
           112.1100     -7.3300   978136.638126819395
           112.1200     -7.3300   978136.626877518720
           112.1300     -7.3300   978136.684096519602
           112.1400     -7.3300   978136.760243897093
           112.1500     -7.3300   978136.806547308341
           112.1600     -7.3300   978136.781656446401
           112.1700     -7.3300   978136.656968218740
           112.1800     -7.3300   978136.419917805004
           112.1900     -7.3300   978136.074830060359
           112.2000     -7.3300   978135.641275159665
           112.2100     -7.3300   978135.150223616860
           112.2200     -7.3300   978134.638601018465
           112.2300     -7.3300   978134.143060851842
           112.2400     -7.3300   978133.693895766628
           112.2500     -7.3300   978133.309980558814
           112.2600     -7.3300   978132.995488686603
           112.2700     -7.3300   978132.738869693014
           112.2800     -7.3300   978132.514252772322
           112.2900     -7.3300   978132.285096225445
           112.3000     -7.3300   978132.009581036982
           112.3100     -7.3300   978131.646993378410
           112.3200     -7.3300   978131.164190317271
           112.3300     -7.3300   978130.541216405923
           112.3400     -7.3300   978129.775240499177
           112.3500     -7.3300   978128.882199219544
           112.3600     -7.3300   978127.895837555872
           112.3700     -7.3300   978126.864188004285
           112.3800     -7.3300   978125.843880768516
           112.3900     -7.3300   978124.892981913639
           112.4000     -7.3300   978124.063272924861
           112.4100     -7.3300   978123.392984093400
           112.4200     -7.3300   978122.900961052510
           112.4300     -7.3300   978122.583081325865
           112.4400     -7.3300   978122.411465562764
           112.4500     -7.3300   978122.336680404609
           112.4600     -7.3300   978122.292750734137
           112.4700     -7.3300   978122.204437045730
           112.4800     -7.3300   978121.995935483254
           112.4900     -7.3300   978121.599962492124
           112.5000     -7.3300   978120.966118910932
           112.5100     -7.3300   978120.067499234807
           112.5200     -7.3300   978118.904712883173
           112.5300     -7.3300   978117.506791059044
           112.5400     -7.3300   978115.928827419062
           112.5500     -7.3300   978114.246596676880
           112.5600     -7.3300   978112.548763228930
           112.5700     -7.3300   978110.927586089703
           112.5800     -7.3300   978109.469210277777
           112.5900     -7.3300   978108.244685566868
           112.6000     -7.3300   978107.302765053231
           112.6100     -7.3300   978106.665319547057
           112.6200     -7.3300   978106.325886419159
           112.6300     -7.3300   978106.251492751413
           112.6400     -7.3300   978106.387499273871
           112.6500     -7.3300   978106.664852038841
           112.6600     -7.3300   978107.008846786921
           112.6700     -7.3300   978107.348340405966
           112.6800     -7.3300   978107.624304393423
           112.6900     -7.3300   978107.796710164985
           112.7000     -7.3300   978107.848952069529
           112.7100     -7.3300   978107.789322979748
           112.7200     -7.3300   978107.649420161382
           112.7300     -7.3300   978107.479730541701
           112.7400     -7.3300   978107.342978882371
           112.7500     -7.3300   978107.306079449365
           112.7600     -7.3300   978107.431681490154
           112.7700     -7.3300   978107.770324966987
           112.7800     -7.3300   978108.354124904145
           112.7900     -7.3300   978109.192695184029
           112.8000     -7.3300   978110.271733718226
           112.8100     -7.3300   978111.554358225781
           112.8200     -7.3300   978112.984947569203
           112.8300     -7.3300   978114.494949205429
           112.8400     -7.3300   978116.009894279530
           112.8500     -7.3300   978117.456743464456
           112.8600     -7.3300   978118.770680731977
           112.8700     -7.3300   978119.900576377637
           112.8800     -7.3300   978120.812538414844
           112.8900     -7.3300   978121.491235152469
           112.9000     -7.3300   978121.938965918496
           112.9100     -7.3300   978122.172743112547
           112.9200     -7.3300   978122.219890624401
           112.9300     -7.3300   978122.112831419916
           112.9400     -7.3300   978121.883811230422
           112.9500     -7.3300   978121.560278933495
           112.9600     -7.3300   978121.161523638759
           112.9700     -7.3300   978120.696972113685
           112.9800     -7.3300   978120.166305883089
           112.9900     -7.3300   978119.561298628920
           113.0000     -7.3300   978118.869036160409
           112.0000     -7.3400   978141.648169636843
           112.0100     -7.3400   978141.496441626572
           112.0200     -7.3400   978141.175940296380
           112.0300     -7.3400   978140.702017264557
           112.0400     -7.3400   978140.107693459955
           112.0500     -7.3400   978139.437902669189
           112.0600     -7.3400   978138.742544878740
           112.0700     -7.3400   978138.069333556923
           112.0800     -7.3400   978137.457407771144
           112.0900     -7.3400   978136.932538519613
           112.1000     -7.3400   978136.504510923871
           112.1100     -7.3400   978136.166945639416
           112.1200     -7.3400   978135.899478266248
           112.1300     -7.3400   978135.671891559614
           112.1400     -7.3400   978135.449535130174
           112.1500     -7.3400   978135.199204976554
           112.1600     -7.3400   978134.894610818475
           112.1700     -7.3400   978134.520636741887
           112.1800     -7.3400   978134.075787576265
           112.1900     -7.3400   978133.572482476942
           112.2000     -7.3400   978133.035170341493
           112.2100     -7.3400   978132.496555332211
           112.2200     -7.3400   978131.992491603014
           112.2300     -7.3400   978131.556297201314
           112.2400     -7.3400   978131.213322039461
           112.2500     -7.3400   978130.976572363987
           112.2600     -7.3400   978130.844048914500
           112.2700     -7.3400   978130.798217931530
           112.2800     -7.3400   978130.807735961629
           112.2900     -7.3400   978130.831231843680
           112.3000     -7.3400   978130.822655872791
           112.3100     -7.3400   978130.737477306975
           112.3200     -7.3400   978130.538878916763
           112.3300     -7.3400   978130.203080094419
           112.3400     -7.3400   978129.723021656275
           112.3500     -7.3400   978129.109853448696
           112.3600     -7.3400   978128.391953378567
           112.3700     -7.3400   978127.611535914475
           112.3800     -7.3400   978126.819235860952
           112.3900     -7.3400   978126.067335574538
           112.4000     -7.3400   978125.402502586949
           112.4100     -7.3400   978124.858992357622
           112.4200     -7.3400   978124.453234419110
           112.4300     -7.3400   978124.180562477326
           112.4400     -7.3400   978124.014588955673
           112.4500     -7.3400   978123.909394397866
           112.4600     -7.3400   978123.804343835334
           112.4700     -7.3400   978123.631001537549
           112.4800     -7.3400   978123.321336418390
           112.4900     -7.3400   978122.816229282180
           112.5000     -7.3400   978122.073234217241
           112.5100     -7.3400   978121.072618609760
           112.5200     -7.3400   978119.820901675266
           112.5300     -7.3400   978118.351406618371
           112.5400     -7.3400   978116.721700394060
           112.5500     -7.3400   978115.008173139649
           112.5600     -7.3400   978113.298359741108
           112.5700     -7.3400   978111.681885000551
           112.5800     -7.3400   978110.241086650407
           112.5900     -7.3400   978109.042415321805
           112.6000     -7.3400   978108.129621750792
           112.6100     -7.3400   978107.519529818906
           112.6200     -7.3400   978107.200885515660
           112.6300     -7.3400   978107.136404525023
           112.6400     -7.3400   978107.267760024755
           112.6500     -7.3400   978107.522904009791
           112.6600     -7.3400   978107.824842350790
           112.6700     -7.3400   978108.100818623789
           112.6800     -7.3400   978108.290823731571
           112.6900     -7.3400   978108.354440935887
           112.7000     -7.3400   978108.275246470701
           112.7100     -7.3400   978108.062287440407
           112.7200     -7.3400   978107.748513362254
           112.7300     -7.3400   978107.386401639669
           112.7400     -7.3400   978107.041346012265
           112.7500     -7.3400   978106.783631188446
           112.7600     -7.3400   978106.679966802010
           112.7700     -7.3400   978106.785583161749
           112.7800     -7.3400   978107.137798852869
           112.7900     -7.3400   978107.751769945258
           112.8000     -7.3400   978108.618849324412
           112.8100     -7.3400   978109.707658939646
           112.8200     -7.3400   978110.967648784397
           112.8300     -7.3400   978112.334624951123
           112.8400     -7.3400   978113.737510314793
           112.8500     -7.3400   978115.105480621220
           112.8600     -7.3400   978116.374608426355
           112.8700     -7.3400   978117.493245682796
           112.8800     -7.3400   978118.425567417173
           112.8900     -7.3400   978119.152956958744
           112.9000     -7.3400   978119.673202907201
           112.9100     -7.3400   978119.997761495179
           112.9200     -7.3400   978120.147578938049
           112.9300     -7.3400   978120.148136711563
           112.9400     -7.3400   978120.024458430824
           112.9500     -7.3400   978119.796792453737
           112.9600     -7.3400   978119.477564994944
           112.9700     -7.3400   978119.070002146764
           112.9800     -7.3400   978118.568573231809
           112.9900     -7.3400   978117.961145854788
           113.0000     -7.3400   978117.232500021113
           112.0000     -7.3500   978140.953373685363
           112.0100     -7.3500   978140.899508735049
           112.0200     -7.3500   978140.689028510125
           112.0300     -7.3500   978140.326644131797
           112.0400     -7.3500   978139.833173184539
           112.0500     -7.3500   978139.240958676790
           112.0600     -7.3500   978138.588191957097
           112.0700     -7.3500   978137.912978802342
           112.0800     -7.3500   978137.247982193949
           112.0900     -7.3500   978136.616357466322
           112.1000     -7.3500   978136.029484364204
           112.1100     -7.3500   978135.486726889038
           112.1200     -7.3500   978134.977154376102
           112.1300     -7.3500   978134.482877142960
           112.1400     -7.3500   978133.983425422222
           112.1500     -7.3500   978133.460461099399
           112.1600     -7.3500   978132.902075905586
           112.1700     -7.3500   978132.306000744109
           112.1800     -7.3500   978131.681217572070
           112.1900     -7.3500   978131.047703632619
           112.2000     -7.3500   978130.434313962352
           112.2100     -7.3500   978129.875083240564
           112.2200     -7.3500   978129.404463707935
           112.2300     -7.3500   978129.052179096849
           112.2400     -7.3500   978128.838442360051
           112.2500     -7.3500   978128.770247614593
           112.2600     -7.3500   978128.839308663504
           112.2700     -7.3500   978129.021996187977
           112.2800     -7.3500   978129.281352862134
           112.2900     -7.3500   978129.570977387484
           112.3000     -7.3500   978129.840304118930
           112.3100     -7.3500   978130.040601107758
           112.3200     -7.3500   978130.130894528236
           112.3300     -7.3500   978130.083018460311
           112.3400     -7.3500   978129.885088545270
           112.3500     -7.3500   978129.542894327082
           112.3600     -7.3500   978129.078973191208
           112.3700     -7.3500   978128.529433984542
           112.3800     -7.3500   978127.938900506939
           112.3900     -7.3500   978127.354203974130
           112.4000     -7.3500   978126.817634272971
           112.4100     -7.3500   978126.360637331847
           112.4200     -7.3500   978125.998808354256
           112.4300     -7.3500   978125.728881133371
           112.4400     -7.3500   978125.528169882949
           112.4500     -7.3500   978125.356612233212
           112.4600     -7.3500   978125.161229072604
           112.4700     -7.3500   978124.882501337328
           112.4800     -7.3500   978124.461906456272
           112.4900     -7.3500   978123.849691657582
           112.5000     -7.3500   978123.011910119676
           112.5100     -7.3500   978121.935816946905
           112.5200     -7.3500   978120.632907678839
           112.5300     -7.3500   978119.139160466148
           112.5400     -7.3500   978117.512380135478
           112.5500     -7.3500   978115.826896590530
           112.5600     -7.3500   978114.166197265382
           112.5700     -7.3500   978112.614332841593
           112.5800     -7.3500   978111.247094427003
           112.5900     -7.3500   978110.123998718336
           112.6000     -7.3500   978109.282029925496
           112.6100     -7.3500   978108.731883816770
           112.6200     -7.3500   978108.457164744963
           112.6300     -7.3500   978108.416636896785
           112.6400     -7.3500   978108.549268952338
           112.6500     -7.3500   978108.781480986858
           112.6600     -7.3500   978109.035743941087
           112.6700     -7.3500   978109.239526416408
           112.6800     -7.3500   978109.333549267962
           112.6900     -7.3500   978109.278398789116
           112.7000     -7.3500   978109.058752254350
           112.7100     -7.3500   978108.684759551543
           112.7200     -7.3500   978108.190465525258
           112.7300     -7.3500   978107.629507544567
           112.7400     -7.3500   978107.068639190635
           112.7500     -7.3500   978106.579875891679
           112.7600     -7.3500   978106.232203261810
           112.7700     -7.3500   978106.083817844978
           112.7800     -7.3500   978106.175781593774
           112.7900     -7.3500   978106.527778746793
           112.8000     -7.3500   978107.136392613756
           112.8100     -7.3500   978107.976005103206
           112.8200     -7.3500   978109.002103451872
           112.8300     -7.3500   978110.156495993491
           112.8400     -7.3500   978111.373726223246
           112.8500     -7.3500   978112.587856692844
           112.8600     -7.3500   978113.738783821114
           112.8700     -7.3500   978114.777340173605
           112.8800     -7.3500   978115.668627455598
           112.8900     -7.3500   978116.393275327282
           112.9000     -7.3500   978116.946604439756
           112.9100     -7.3500   978117.335949535714
           112.9200     -7.3500   978117.576634332538
           112.9300     -7.3500   978117.687254309421
           112.9400     -7.3500   978117.684996351716
           112.9500     -7.3500   978117.581697435817
           112.9600     -7.3500   978117.381223215605
           112.9700     -7.3500   978117.078548772261
           112.9800     -7.3500   978116.660675079562
           112.9900     -7.3500   978116.109249376110
           113.0000     -7.3500   978115.404511015280
           112.0000     -7.3600   978140.230052000028
           112.0100     -7.3600   978140.215830467292
           112.0200     -7.3600   978140.060153010883
           112.0300     -7.3600   978139.758872792707
           112.0400     -7.3600   978139.322200731491
           112.0500     -7.3600   978138.771220807103
           112.0600     -7.3600   978138.133426389424
           112.0700     -7.3600   978137.437972309883
           112.0800     -7.3600   978136.711337195709
           112.0900     -7.3600   978135.973995076725
           112.1000     -7.3600   978135.238519961946
           112.1100     -7.3600   978134.509318028460
           112.1200     -7.3600   978133.783932164777
           112.1300     -7.3600   978133.055628126021
           112.1400     -7.3600   978132.316783205490
           112.1500     -7.3600   978131.562482944923
           112.1600     -7.3600   978130.793704448501
           112.1700     -7.3600   978130.019529364305
           112.1800     -7.3600   978129.257975906134
           112.1900     -7.3600   978128.535246363375
           112.2000     -7.3600   978127.883425001171
           112.2100     -7.3600   978127.336897311732
           112.2200     -7.3600   978126.927961769747
           112.2300     -7.3600   978126.682240953320
           112.2400     -7.3600   978126.614550339640
           112.2500     -7.3600   978126.725841984036
           112.2600     -7.3600   978127.001711097895
           112.2700     -7.3600   978127.412752886536
           112.2800     -7.3600   978127.916811458999
           112.2900     -7.3600   978128.462905263877
           112.3000     -7.3600   978128.996379346005
           112.3100     -7.3600   978129.464656106313
           112.3200     -7.3600   978129.822858428583
           112.3300     -7.3600   978130.038576660794
           112.3400     -7.3600   978130.095146081410
           112.3500     -7.3600   978129.992983132368
           112.3600     -7.3600   978129.748774207779
           112.3700     -7.3600   978129.392588616582
           112.3800     -7.3600   978128.963261293597
           112.3900     -7.3600   978128.502624644549
           112.4000     -7.3600   978128.049331158050
           112.4100     -7.3600   978127.633076565689
           112.4200     -7.3600   978127.269996909425
           112.4300     -7.3600   978126.959874902503
           112.4400     -7.3600   978126.685567741864
           112.4500     -7.3600   978126.414787604706
           112.4600     -7.3600   978126.104062905069
           112.4700     -7.3600   978125.704421682633
           112.4800     -7.3600   978125.168105394696
           112.4900     -7.3600   978124.455472554313
           112.5000     -7.3600   978123.541207322734
           112.5100     -7.3600   978122.419015508494
           112.5200     -7.3600   978121.104162420379
           112.5300     -7.3600   978119.633463353151
           112.5400     -7.3600   978118.062646917650
           112.5500     -7.3600   978116.461335791624
           112.5600     -7.3600   978114.906188333291
           112.5700     -7.3600   978113.472980320803
           112.5800     -7.3600   978112.228548960877
           112.5900     -7.3600   978111.223552678246
           112.6000     -7.3600   978110.486915338319
           112.6100     -7.3600   978110.022632113309
           112.6200     -7.3600   978109.809339095606
           112.6300     -7.3600   978109.802723350469
           112.6400     -7.3600   978109.940513952286
           112.6500     -7.3600   978110.149488698109
           112.6600     -7.3600   978110.353692817618
           112.6700     -7.3600   978110.482924042502
           112.6800     -7.3600   978110.480509811314
           112.6900     -7.3600   978110.309490221785
           112.7000     -7.3600   978109.956513321609
           112.7100     -7.3600   978109.433023420628
           112.7200     -7.3600   978108.773644431960
           112.7300     -7.3600   978108.031989507144
           112.7400     -7.3600   978107.274425413692
           112.7500     -7.3600   978106.572549565462
           112.7600     -7.3600   978105.995272428379
           112.7700     -7.3600   978105.601423141779
           112.7800     -7.3600   978105.433710327488
           112.7900     -7.3600   978105.514685614151
           112.8000     -7.3600   978105.845098759048
           112.8100     -7.3600   978106.404733726056
           112.8200     -7.3600   978107.155512496596
           112.8300     -7.3600   978108.046385393827
           112.8400     -7.3600   978109.019326079288
           112.8500     -7.3600   978110.015639836784
           112.8600     -7.3600   978110.981787264696
           112.8700     -7.3600   978111.874020732590
           112.8800     -7.3600   978112.661313775578
           112.8900     -7.3600   978113.326308833901
           112.9000     -7.3600   978113.864283699426
           112.9100     -7.3600   978114.280405502417
           112.9200     -7.3600   978114.585768177523
           112.9300     -7.3600   978114.792865877855
           112.9400     -7.3600   978114.911220906302
           112.9500     -7.3600   978114.943852433120
           112.9600     -7.3600   978114.885146418237
           112.9700     -7.3600   978114.720484700403
           112.9800     -7.3600   978114.427739098785
           112.9900     -7.3600   978113.980467876885
           113.0000     -7.3600   978113.352402602788
           112.0000     -7.3700   978139.438233970199
           112.0100     -7.3700   978139.397155426908
           112.0200     -7.3700   978139.232855871320
           112.0300     -7.3700   978138.934470171342
           112.0400     -7.3700   978138.503587471903
           112.0500     -7.3700   978137.951764293015
           112.0600     -7.3700   978137.297193280538
           112.0700     -7.3700   978136.561080257874
           112.0800     -7.3700   978135.764285998419
           112.0900     -7.3700   978134.924714732217
           112.1000     -7.3700   978134.055791196879
           112.1100     -7.3700   978133.166183165740
           112.1200     -7.3700   978132.260723947198
           112.1300     -7.3700   978131.342298472417
           112.1400     -7.3700   978130.414304494741
           112.1500     -7.3700   978129.483208713471
           112.1600     -7.3700   978128.560699165217
           112.1700     -7.3700   978127.664992623613
           112.1800     -7.3700   978126.820980784832
           112.1900     -7.3700   978126.059074001270
           112.2000     -7.3700   978125.412801393075
           112.2100     -7.3700   978124.915422744700
           112.2200     -7.3700   978124.595972412848
           112.2300     -7.3700   978124.475264341570
           112.2400     -7.3700   978124.562423620955
           112.2500     -7.3700   978124.852467068355
           112.2600     -7.3700   978125.325337241404
           112.2700     -7.3700   978125.946615717374
           112.2800     -7.3700   978126.669925574912
           112.2900     -7.3700   978127.440808506915
           112.3000     -7.3700   978128.201659236569
           112.3100     -7.3700   978128.897146911826
           112.3200     -7.3700   978129.479471662547
           112.3300     -7.3700   978129.912807057728
           112.3400     -7.3700   978130.176367328037
           112.3500     -7.3700   978130.265702024451
           112.3600     -7.3700   978130.192040158901
           112.3700     -7.3700   978129.979753037333
           112.3800     -7.3700   978129.662247960689
           112.3900     -7.3700   978129.276811878895
           112.4000     -7.3700   978128.859067183686
           112.4100     -7.3700   978128.437761394889
           112.4200     -7.3700   978128.030579316430
           112.4300     -7.3700   978127.641543113277
           112.4400     -7.3700   978127.260367175797
           112.4500     -7.3700   978126.863885102794
           112.4600     -7.3700   978126.419397106394
           112.4700     -7.3700   978125.889531988651
           112.4800     -7.3700   978125.238011574373
           112.4900     -7.3700   978124.435574273230
           112.5000     -7.3700   978123.465276343981
           112.5100     -7.3700   978122.326450674213
           112.5200     -7.3700   978121.036757214693
           112.5300     -7.3700   978119.631988398032
           112.5400     -7.3700   978118.163568987744
           112.5500     -7.3700   978116.693978672964
           112.5600     -7.3700   978115.290591177647
           112.5700     -7.3700   978114.018632107298
           112.5800     -7.3700   978112.934082416003
           112.5900     -7.3700   978112.077378770919
           112.6000     -7.3700   978111.468682044651
           112.6100     -7.3700   978111.105309576029
           112.6200     -7.3700   978110.961676487233
           112.6300     -7.3700   978110.991796450457
           112.6400     -7.3700   978111.134088734281
           112.6500     -7.3700   978111.317963230656
           112.6600     -7.3700   978111.471442154492
           112.6700     -7.3700   978111.528952338151
           112.6800     -7.3700   978111.438400783925
           112.6900     -7.3700   978111.166730933008
           112.7000     -7.3700   978110.703337474377
           112.7100     -7.3700   978110.060971265775
           112.7200     -7.3700   978109.274061946548
           112.7300     -7.3700   978108.394687898690
           112.7400     -7.3700   978107.486694641877
           112.7500     -7.3700   978106.618670777418
           112.7600     -7.3700   978105.856610510615
           112.7700     -7.3700   978105.257109959028
           112.7800     -7.3700   978104.861859870260
           112.7900     -7.3700   978104.694021862117
           112.8000     -7.3700   978104.756831720704
           112.8100     -7.3700   978105.034492896986
           112.8200     -7.3700   978105.495141523541
           112.8300     -7.3700   978106.095416359953
           112.8400     -7.3700   978106.785983630689
           112.8500     -7.3700   978107.517270019860
           112.8600     -7.3700   978108.244658076437
           112.8700     -7.3700   978108.932495500427
           112.8800     -7.3700   978109.556449468131
           112.8900     -7.3700   978110.103975153528
           112.9000     -7.3700   978110.572932407027
           112.9100     -7.3700   978110.968641371815
           112.9200     -7.3700   978111.299883049913
           112.9300     -7.3700   978111.574496238842
           112.9400     -7.3700   978111.795278708334
           112.9500     -7.3700   978111.956860290025
           112.9600     -7.3700   978112.044083534623
           112.9700     -7.3700   978112.032220471767
           112.9800     -7.3700   978111.889098371146
           112.9900     -7.3700   978111.578936314210
           113.0000     -7.3700   978111.067443224718
           112.0000     -7.3800   978138.537196532823
           112.0100     -7.3800   978138.400839860900
           112.0200     -7.3800   978138.162253970862
           112.0300     -7.3800   978137.806177871418
           112.0400     -7.3800   978137.327788717346
           112.0500     -7.3800   978136.731103831436
           112.0600     -7.3800   978136.026684250683
           112.0700     -7.3800   978135.229054310243
           112.0800     -7.3800   978134.354258481180
           112.0900     -7.3800   978133.417922595399
           112.1000     -7.3800   978132.434080799692
           112.1100     -7.3800   978131.414888389758
           112.1200     -7.3800   978130.371185175027
           112.1300     -7.3800   978129.313727200148
           112.1400     -7.3800   978128.254788126680
           112.1500     -7.3800   978127.209762578830
           112.1600     -7.3800   978126.198392702034
           112.1700     -7.3800   978125.245288149803
           112.1800     -7.3800   978124.379512218176
           112.1900     -7.3800   978123.633148559136
           112.2000     -7.3800   978123.038923743763
           112.2100     -7.3800   978122.627117734053
           112.2200     -7.3800   978122.422124090837
           112.2300     -7.3800   978122.439104854479
           112.2400     -7.3800   978122.681208067690
           112.2500     -7.3800   978123.137773526134
           112.2600     -7.3800   978123.783848247374
           112.2700     -7.3800   978124.581179654342
           112.2800     -7.3800   978125.480671056896
           112.2900     -7.3800   978126.426094663213
           112.3000     -7.3800   978127.358687533764
           112.3100     -7.3800   978128.222128995112
           112.3200     -7.3800   978128.967332205852
           112.3300     -7.3800   978129.556488308473
           112.3400     -7.3800   978129.965879949392
           112.3500     -7.3800   978130.187123482581
           112.3600     -7.3800   978130.226688692695
           112.3700     -7.3800   978130.103757708683
           112.3800     -7.3800   978129.846693723928
           112.3900     -7.3800   978129.488567959284
           112.4000     -7.3800   978129.062316400115
           112.4100     -7.3800   978128.596149258432
           112.4200     -7.3800   978128.109808041831
           112.4300     -7.3800   978127.612159825861
           112.4400     -7.3800   978127.100448280224
           112.4500     -7.3800   978126.561307115247
           112.4600     -7.3800   978125.973410894163
           112.4700     -7.3800   978125.311420103419
           112.4800     -7.3800   978124.550700373715
           112.4900     -7.3800   978123.672183205839
           112.5000     -7.3800   978122.666703062248
           112.5100     -7.3800   978121.538198610069
           112.5200     -7.3800   978120.305298945634
           112.5300     -7.3800   978119.001012969529
           112.5400     -7.3800   978117.670477675623
           112.5500     -7.3800   978116.366969327442
           112.5600     -7.3800   978115.146609030198
           112.5700     -7.3800   978114.062371958280
           112.5800     -7.3800   978113.158114280319
           112.5900     -7.3800   978112.463349396829
           112.6000     -7.3800   978111.989431966096
           112.6100     -7.3800   978111.727652273490
           112.6200     -7.3800   978111.649523069500
           112.6300     -7.3800   978111.709282640950
           112.6400     -7.3800   978111.848373088520
           112.6500     -7.3800   978112.001414115308
           112.6600     -7.3800   978112.103009631392
           112.6700     -7.3800   978112.094619981479
           112.6800     -7.3800   978111.930719812284
           112.6900     -7.3800   978111.583542474662
           112.7000     -7.3800   978111.045876788558
           112.7100     -7.3800   978110.331610957743
           112.7200     -7.3800   978109.473983467324
           112.7300     -7.3800   978108.521769546205
           112.7400     -7.3800   978107.533871314954
           112.7500     -7.3800   978106.572960921330
           112.7600     -7.3800   978105.698926811456
           112.7700     -7.3800   978104.962881896412
           112.7800     -7.3800   978104.402408321504
           112.7900     -7.3800   978104.038547956734
           112.8000     -7.3800   978103.874821849051
           112.8100     -7.3800   978103.898304450908
           112.8200     -7.3800   978104.082522054319
           112.8300     -7.3800   978104.391721844207
           112.8400     -7.3800   978104.785896362970
           112.8500     -7.3800   978105.225868144538
           112.8600     -7.3800   978105.677750531817
           112.8700     -7.3800   978106.116201416124
           112.8800     -7.3800   978106.526063428028
           112.8900     -7.3800   978106.902213946916
           112.9000     -7.3800   978107.247701115790
           112.9100     -7.3800   978107.570484869764
           112.9200     -7.3800   978107.879302750458
           112.9300     -7.3800   978108.179312217282
           112.9400     -7.3800   978108.468206066871
           112.9500     -7.3800   978108.733448248706
           112.9600     -7.3800   978108.951138705481
           112.9700     -7.3800   978109.086804292747
           112.9800     -7.3800   978109.098154419218
           112.9900     -7.3800   978108.939567373367
           113.0000     -7.3800   978108.567821316072
           112.0000     -7.3900   978137.486929549021
           112.0100     -7.3900   978137.191765420721
           112.0200     -7.3900   978136.817419719882
           112.0300     -7.3900   978136.346543781692
           112.0400     -7.3900   978135.770152245066
           112.0500     -7.3900   978135.086804689141
           112.0600     -7.3900   978134.301238835091
           112.0700     -7.3900   978133.422736438224
           112.0800     -7.3900   978132.463512360002
           112.0900     -7.3900   978131.437383173499
           112.1000     -7.3900   978130.358899922692
           112.1100     -7.3900   978129.243031605496
           112.1200     -7.3900   978128.105376697844
           112.1300     -7.3900   978126.962776291766
           112.1400     -7.3900   978125.834120173240
           112.1500     -7.3900   978124.741089340183
           112.1600     -7.3900   978123.708572964999
           112.1700     -7.3900   978122.764536492527
           112.1800     -7.3900   978121.939195649815
           112.1900     -7.3900   978121.263458054862
           112.2000     -7.3900   978120.766714649159
           112.2100     -7.3900   978120.474179813522
           112.2200     -7.3900   978120.404074190417
           112.2300     -7.3900   978120.565002930700
           112.2400     -7.3900   978120.953893981059
           112.2500     -7.3900   978121.554822104517
           112.2600     -7.3900   978122.338957534870
           112.2700     -7.3900   978123.265753250569
           112.2800     -7.3900   978124.285337159410
           112.2900     -7.3900   978125.341924031964
           112.3000     -7.3900   978126.377926927176
           112.3100     -7.3900   978127.338347750599
           112.3200     -7.3900   978128.174975937232
           112.3300     -7.3900   978128.849931398407
           112.3400     -7.3900   978129.338153692777
           112.3500     -7.3900   978129.628557092394
           112.3600     -7.3900   978129.723726959084
           112.3700     -7.3900   978129.638207526994
           112.3800     -7.3900   978129.395602755714
           112.3900     -7.3900   978129.024858242017
           112.4000     -7.3900   978128.556194015546
           112.4100     -7.3900   978128.017201462877
           112.4200     -7.3900   978127.429596110480
           112.4300     -7.3900   978126.807033249061
           112.4400     -7.3900   978126.154255390516
           112.4500     -7.3900   978125.467666294659
           112.4600     -7.3900   978124.737237826223
           112.4700     -7.3900   978123.949477333808
           112.4800     -7.3900   978123.091037902981
           112.4900     -7.3900   978122.152461071615
           112.5000     -7.3900   978121.131514268927
           112.5100     -7.3900   978120.035628000158
           112.5200     -7.3900   978118.883046294795
           112.5300     -7.3900   978117.702465328504
           112.5400     -7.3900   978116.531129516661
           112.5500     -7.3900   978115.411557386396
           112.5600     -7.3900   978114.387255194597
           112.5700     -7.3900   978113.497920498135
           112.5800     -7.3900   978112.774721464375
           112.5900     -7.3900   978112.236248827423
           112.6000     -7.3900   978111.885673303274
           112.6100     -7.3900   978111.709508639062
           112.6200     -7.3900   978111.678194797249
           112.6300     -7.3900   978111.748499424779
           112.6400     -7.3900   978111.867515280959
           112.6500     -7.3900   978111.977834124235
           112.6600     -7.3900   978112.023328507086
           112.6700     -7.3900   978111.954891099827
           112.6800     -7.3900   978111.735477500362
           112.6900     -7.3900   978111.343874212471
           112.7000     -7.3900   978110.776760025532
           112.7100     -7.3900   978110.048828841653
           112.7200     -7.3900   978109.190970824333
           112.7300     -7.3900   978108.246738479706
           112.7400     -7.3900   978107.267526541837
           112.7500     -7.3900   978106.307044227025
           112.7600     -7.3900   978105.415736780502
           112.7700     -7.3900   978104.635810453445
           112.7800     -7.3900   978103.997431293596
           112.7900     -7.3900   978103.516513872892
           112.8000     -7.3900   978103.194310602383
           112.8100     -7.3900   978103.018781546387
           112.8200     -7.3900   978102.967497840757
           112.8300     -7.3900   978103.011637912830
           112.8400     -7.3900   978103.120499595185
           112.8500     -7.3900   978103.265890698880
           112.8600     -7.3900   978103.425783950603
           112.8700     -7.3900   978103.586726987269
           112.8800     -7.3900   978103.744671543012
           112.8900     -7.3900   978103.904106197297
           112.9000     -7.3900   978104.075615991605
           112.9100     -7.3900   978104.272218834958
           112.9200     -7.3900   978104.505012977635
           112.9300     -7.3900   978104.778786812676
           112.9400     -7.3900   978105.088274861802
           112.9500     -7.3900   978105.415685449145
           112.9600     -7.3900   978105.729981104727
           112.9700     -7.3900   978105.988178156782
           112.9800     -7.3900   978106.138672560686
           112.9900     -7.3900   978106.126326447818
           113.0000     -7.3900   978105.898798398790
           112.0000     -7.4000   978136.249477049219
           112.0100     -7.4000   978135.743438887526
           112.0200     -7.4000   978135.182304800372
           112.0300     -7.4000   978134.548728934256
           112.0400     -7.4000   978133.831660115276
           112.0500     -7.4000   978133.026203325251
           112.0600     -7.4000   978132.133079236490
           112.0700     -7.4000   978131.157834567013
           112.0800     -7.4000   978130.109968473553
           112.0900     -7.4000   978129.002126271953
           112.1000     -7.4000   978127.849474102841
           112.1100     -7.4000   978126.669312920654
           112.1200     -7.4000   978125.480926412507
           112.1300     -7.4000   978124.305595566868
           112.1400     -7.4000   978123.166662946809
           112.1500     -7.4000   978122.089500952163
           112.1600     -7.4000   978121.101236060262
           112.1700     -7.4000   978120.230106909410
           112.1800     -7.4000   978119.504385438398
           112.1900     -7.4000   978118.950860396144
           112.2000     -7.4000   978118.592961438233
           112.2100     -7.4000   978118.448677972076
           112.2200     -7.4000   978118.528487943928
           112.2300     -7.4000   978118.833547484479
           112.2400     -7.4000   978119.354395533446
           112.2500     -7.4000   978120.070395284100
           112.2600     -7.4000   978120.950068510254
           112.2700     -7.4000   978121.952386358753
           112.2800     -7.4000   978123.028971885215
           112.2900     -7.4000   978124.127059067716
           112.3000     -7.4000   978125.192954790080
           112.3100     -7.4000   978126.175677943276
           112.3200     -7.4000   978127.030413925881
           112.3300     -7.4000   978127.721429797588
           112.3400     -7.4000   978128.224145875778
           112.3500     -7.4000   978128.526148901554
           112.3600     -7.4000   978128.627049872302
           112.3700     -7.4000   978128.537222176907
           112.3800     -7.4000   978128.275586299598
           112.3900     -7.4000   978127.866719508893
           112.4000     -7.4000   978127.337647938170
           112.4100     -7.4000   978126.714713662746
           112.4200     -7.4000   978126.020895480295
           112.4300     -7.4000   978125.273900144151
           112.4400     -7.4000   978124.485237986315
           112.4500     -7.4000   978123.660365886637
           112.4600     -7.4000   978122.799837931059
           112.4700     -7.4000   978121.901268233894
           112.4800     -7.4000   978120.961799070123
           112.4900     -7.4000   978119.980695630307
           112.5000     -7.4000   978118.961666419869
           112.5100     -7.4000   978117.914539375575
           112.5200     -7.4000   978116.856005090405
           112.5300     -7.4000   978115.809260395821
           112.5400     -7.4000   978114.802532826900
           112.5500     -7.4000   978113.866620381596
           112.5600     -7.4000   978113.031721483450
           112.5700     -7.4000   978112.323938474758
           112.5800     -7.4000   978111.761899375590
           112.5900     -7.4000   978111.353947882773
           112.6000     -7.4000   978111.096298529534
           112.6100     -7.4000   978110.972447962733
           112.6200     -7.4000   978110.953986651497
           112.6300     -7.4000   978111.002785797347
           112.6400     -7.4000   978111.074362810701
           112.6500     -7.4000   978111.122077179141
           112.6600     -7.4000   978111.101696548285
           112.6700     -7.4000   978110.975815373589
           112.6800     -7.4000   978110.717614005436
           112.6900     -7.4000   978110.313515085611
           112.7000     -7.4000   978109.764419281390
           112.7100     -7.4000   978109.085368913133
           112.7200     -7.4000   978108.303675833042
           112.7300     -7.4000   978107.455735716503
           112.7400     -7.4000   978106.582911386504
           112.7500     -7.4000   978105.726982332533
           112.7600     -7.4000   978104.925711072632
           112.7700     -7.4000   978104.209061834612
           112.7800     -7.4000   978103.596524110413
           112.7900     -7.4000   978103.095852530794
           112.8000     -7.4000   978102.703352337121
           112.8100     -7.4000   978102.405639152508
           112.8200     -7.4000   978102.182608219911
           112.8300     -7.4000   978102.011186810094
           112.8400     -7.4000   978101.869335580035
           112.8500     -7.4000   978101.739725362277
           112.8600     -7.4000   978101.612551802071
           112.8700     -7.4000   978101.487058656407
           112.8800     -7.4000   978101.371509172022
           112.8900     -7.4000   978101.281553640030
           112.9000     -7.4000   978101.237163984799
           112.9100     -7.4000   978101.258514669724
           112.9200     -7.4000   978101.361355685862
           112.9300     -7.4000   978101.552524846164
           112.9400     -7.4000   978101.826267353958
           112.9500     -7.4000   978102.161964682513
           112.9600     -7.4000   978102.523726860643
           112.9700     -7.4000   978102.862087518675
           112.9800     -7.4000   978103.117783587775
           112.9900     -7.4000   978103.227331695962
           113.0000     -7.4000   978103.129864146351
           112.0000     -7.4100   978134.790367976064
           112.0100     -7.4100   978134.038493227679
           112.0200     -7.4100   978133.255423637456
           112.0300     -7.4100   978132.425496601965
           112.0400     -7.4100   978131.537355254521
           112.0500     -7.4100   978130.584408807917
           112.0600     -7.4100   978129.565025848569
           112.0700     -7.4100   978128.482489706716
           112.0800     -7.4100   978127.344761761138
           112.0900     -7.4100   978126.164105772157
           112.1000     -7.4100   978124.956623217673
           112.1100     -7.4100   978123.741737163276
           112.1200     -7.4100   978122.541643238859
           112.1300     -7.4100   978121.380724944524
           112.1400     -7.4100   978120.284911466180
           112.1500     -7.4100   978119.280943959486
           112.1600     -7.4100   978118.395514301606
           112.1700     -7.4100   978117.654250394786
           112.1800     -7.4100   978117.080543862889
           112.1900     -7.4100   978116.694246877218
           112.2000     -7.4100   978116.510300442809
           112.2100     -7.4100   978116.537390984478
           112.2200     -7.4100   978116.776759306784
           112.2300     -7.4100   978117.221300246310
           112.2400     -7.4100   978117.855088339304
           112.2500     -7.4100   978118.653442575480
           112.2600     -7.4100   978119.583602479310
           112.2700     -7.4100   978120.606031850446
           112.2800     -7.4100   978121.676301503321
           112.2900     -7.4100   978122.747436033911
           112.3000     -7.4100   978123.772550669964
           112.3100     -7.4100   978124.707560796989
           112.3200     -7.4100   978125.513725610683
           112.3300     -7.4100   978126.159792623948
           112.3400     -7.4100   978126.623542444664
           112.3500     -7.4100   978126.892590682954
           112.3600     -7.4100   978126.964380073361
           112.3700     -7.4100   978126.845382213593
           112.3800     -7.4100   978126.549614356831
           112.3900     -7.4100   978126.096651708591
           112.4000     -7.4100   978125.509370019892
           112.4100     -7.4100   978124.811679595266
           112.4200     -7.4100   978124.026506249327
           112.4300     -7.4100   978123.174237373401
           112.4400     -7.4100   978122.271786363097
           112.4500     -7.4100   978121.332344154827
           112.4600     -7.4100   978120.365793226520
           112.4700     -7.4100   978119.379669228336
           112.4800     -7.4100   978118.380480386666
           112.4900     -7.4100   978117.375145193073
           112.5000     -7.4100   978116.372291740379
           112.5100     -7.4100   978115.383180350414
           112.5200     -7.4100   978114.422063152189
           112.5300     -7.4100   978113.505873767310
           112.5400     -7.4100   978112.653237174149
           112.5500     -7.4100   978111.882891439367
           112.5600     -7.4100   978111.211705681053
           112.5700     -7.4100   978110.652549451799
           112.5800     -7.4100   978110.212307334645
           112.5900     -7.4100   978109.890332544455
           112.6000     -7.4100   978109.677593235509
           112.6100     -7.4100   978109.556688848999
           112.6200     -7.4100   978109.502809929429
           112.6300     -7.4100   978109.485596062848
           112.6400     -7.4100   978109.471728086937
           112.6500     -7.4100   978109.427987993229
           112.6600     -7.4100   978109.324447163264
           112.6700     -7.4100   978109.137411366100
           112.6800     -7.4100   978108.851765067782
           112.6900     -7.4100   978108.462418060168
           112.7000     -7.4100   978107.974658077816
           112.7100     -7.4100   978107.403342515463
           112.7200     -7.4100   978106.771004911861
           112.7300     -7.4100   978106.105089678313
           112.7400     -7.4100   978105.434643725166
           112.7500     -7.4100   978104.786870519980
           112.7600     -7.4100   978104.183979463880
           112.7700     -7.4100   978103.640735982801
           112.7800     -7.4100   978103.163036975311
           112.7900     -7.4100   978102.747710693744
           112.8000     -7.4100   978102.383584330324
           112.8100     -7.4100   978102.053695495822
           112.8200     -7.4100   978101.738366606995
           112.8300     -7.4100   978101.418734674458
           112.8400     -7.4100   978101.080250760890
           112.8500     -7.4100   978100.715645658551
           112.8600     -7.4100   978100.326906137052
           112.8700     -7.4100   978099.925916256965
           112.8800     -7.4100   978099.533579572104
           112.8900     -7.4100   978099.177432279452
           112.9000     -7.4100   978098.887961386121
           112.9100     -7.4100   978098.694030122715
           112.9200     -7.4100   978098.617960470146
           112.9300     -7.4100   978098.670908845961
           112.9400     -7.4100   978098.849181527388
           112.9500     -7.4100   978099.132065737853
           112.9600     -7.4100   978099.481604752480
           112.9700     -7.4100   978099.844534797361
           112.9800     -7.4100   978100.156350308913
           112.9900     -7.4100   978100.347200645483
           113.0000     -7.4100   978100.349076919374
           112.0000     -7.4200   978133.080321784830
           112.0100     -7.4200   978132.068855148857
           112.0200     -7.4200   978131.048627287033
           112.0300     -7.4200   978130.006765248138
           112.0400     -7.4200   978128.932870590826
           112.0500     -7.4200   978127.820024262648
           112.0600     -7.4200   978126.665639666724
           112.0700     -7.4200   978125.472073331359
           112.0800     -7.4200   978124.246925586718
           112.0900     -7.4200   978123.002993690898
           112.1000     -7.4200   978121.757872365764
           112.1100     -7.4200   978120.533227434615
           112.1200     -7.4200   978119.353793682531
           112.1300     -7.4200   978118.246165950317
           112.1400     -7.4200   978117.237461980199
           112.1500     -7.4200   978116.353937089909
           112.1600     -7.4200   978115.619625934283
           112.1700     -7.4200   978115.055077487254
           112.1800     -7.4200   978114.676238319254
           112.1900     -7.4200   978114.493528130581
           112.2000     -7.4200   978114.511141773197
           112.2100     -7.4200   978114.726604063530
           112.2200     -7.4200   978115.130597287905
           112.2300     -7.4200   978115.707075421931
           112.2400     -7.4200   978116.433672382962
           112.2500     -7.4200   978117.282402818557
           112.2600     -7.4200   978118.220642072032
           112.2700     -7.4200   978119.212356901495
           112.2800     -7.4200   978120.219540928258
           112.2900     -7.4200   978121.203790259431
           112.3000     -7.4200   978122.127937563462
           112.3100     -7.4200   978122.957649766002
           112.3200     -7.4200   978123.662888122373
           112.3300     -7.4200   978124.219131817459
           112.3400     -7.4200   978124.608278611908
           112.3500     -7.4200   978124.819158284576
           112.3600     -7.4200   978124.847625187482
           112.3700     -7.4200   978124.696232312941
           112.3800     -7.4200   978124.373526948737
           112.3900     -7.4200   978123.893042856478
           112.4000     -7.4200   978123.272091492894
           112.4100     -7.4200   978122.530471355538
           112.4200     -7.4200   978121.689217554056
           112.4300     -7.4200   978120.769502323586
           112.4400     -7.4200   978119.791772461031
           112.4500     -7.4200   978118.775174486451
           112.4600     -7.4200   978117.737277150969
           112.4700     -7.4200   978116.694059185567
           112.4800     -7.4200   978115.660093678394
           112.4900     -7.4200   978114.648834397085
           112.5000     -7.4200   978113.672897736426
           112.5100     -7.4200   978112.744238833897
           112.5200     -7.4200   978111.874141599284
           112.5300     -7.4200   978111.072977339500
           112.5400     -7.4200   978110.349730727612
           112.5500     -7.4200   978109.711338787805
           112.5600     -7.4200   978109.161931383074
           112.5700     -7.4200   978108.702093659784
           112.5800     -7.4200   978108.328286364092
           112.5900     -7.4200   978108.032555432408
           112.6000     -7.4200   978107.802636805573
           112.6100     -7.4200   978107.622518155375
           112.6200     -7.4200   978107.473461018060
           112.6300     -7.4200   978107.335421961150
           112.6400     -7.4200   978107.188748591347
           112.6500     -7.4200   978107.015974507201
           112.6600     -7.4200   978106.803504937794
           112.6700     -7.4200   978106.542977898964
           112.6800     -7.4200   978106.232107371558
           112.6900     -7.4200   978105.874864665209
           112.7000     -7.4200   978105.480927338591
           112.7100     -7.4200   978105.064413900021
           112.7200     -7.4200   978104.642016314203
           112.7300     -7.4200   978104.230729038129
           112.7400     -7.4200   978103.845440856647
           112.7500     -7.4200   978103.496693750960
           112.7600     -7.4200   978103.188914219150
           112.7700     -7.4200   978102.919383843313
           112.7800     -7.4200   978102.678139565862
           112.7900     -7.4200   978102.448887083097
           112.8000     -7.4200   978102.210884634056
           112.8100     -7.4200   978101.941624027328
           112.8200     -7.4200   978101.620017503272
           112.8300     -7.4200   978101.229709012550
           112.8400     -7.4200   978100.762080310262
           112.8500     -7.4200   978100.218525150907
           112.8600     -7.4200   978099.611622290104
           112.8700     -7.4200   978098.964946752880
           112.8800     -7.4200   978098.311409107293
           112.8900     -7.4200   978097.690188623383
           112.9000     -7.4200   978097.142508163466
           112.9100     -7.4200   978096.706664484111
           112.9200     -7.4200   978096.412855661125
           112.9300     -7.4200   978096.278419281938
           112.9400     -7.4200   978096.304098051158
           112.9500     -7.4200   978096.471878333017
           112.9600     -7.4200   978096.744805266149
           112.9700     -7.4200   978097.068977553048
           112.9800     -7.4200   978097.377685745945
           112.9900     -7.4200   978097.597405567183
           113.0000     -7.4200   978097.655121394666
           112.0000     -7.4300   978131.097334093647
           112.0100     -7.4300   978129.835829670890
           112.0200     -7.4300   978128.585345006082
           112.0300     -7.4300   978127.336209081346
           112.0400     -7.4300   978126.079629318090
           112.0500     -7.4300   978124.809219056624
           112.0600     -7.4300   978123.522461138782
           112.0700     -7.4300   978122.221900027362
           112.0800     -7.4300   978120.915886903880
           112.0900     -7.4300   978119.618757333956
           112.1000     -7.4300   978118.350390943000
           112.1100     -7.4300   978117.135177297518
           112.1200     -7.4300   978116.000481867464
           112.1300     -7.4300   978114.974761978374
           112.1400     -7.4300   978114.085518595297
           112.1500     -7.4300   978113.357282292796
           112.1600     -7.4300   978112.809820599388
           112.1700     -7.4300   978112.456721963827
           112.1800     -7.4300   978112.304464071174
           112.1900     -7.4300   978112.352018069243
           112.2000     -7.4300   978112.590982849244
           112.2100     -7.4300   978113.006191895460
           112.2200     -7.4300   978113.576695102267
           112.2300     -7.4300   978114.276993131265
           112.2400     -7.4300   978115.078393815551
           112.2500     -7.4300   978115.950368042570
           112.2600     -7.4300   978116.861803642707
           112.2700     -7.4300   978117.782085825340
           112.2800     -7.4300   978118.681966640637
           112.2900     -7.4300   978119.534218759043
           112.3000     -7.4300   978120.314096238813
           112.3100     -7.4300   978120.999643706717
           112.3200     -7.4300   978121.571903995820
           112.3300     -7.4300   978122.015072728391
           112.3400     -7.4300   978122.316638185643
           112.3500     -7.4300   978122.467528673820
           112.3600     -7.4300   978122.462270801305
           112.3700     -7.4300   978122.299144008663
           112.3800     -7.4300   978121.980302356416
           112.3900     -7.4300   978121.511826179805
           112.4000     -7.4300   978120.903664860060
           112.4100     -7.4300   978120.169437640812
           112.4200     -7.4300   978119.326071036048
           112.4300     -7.4300   978118.393267022911
           112.4400     -7.4300   978117.392813566374
           112.4500     -7.4300   978116.347765604034
           112.4600     -7.4300   978115.281538345502
           112.4700     -7.4300   978114.216964032967
           112.4800     -7.4300   978113.175367398770
           112.4900     -7.4300   978112.175713990349
           112.5000     -7.4300   978111.233879968873
           112.5100     -7.4300   978110.362083205953
           112.5200     -7.4300   978109.568504840252
           112.5300     -7.4300   978108.857119329739
           112.5400     -7.4300   978108.227740403148
           112.5500     -7.4300   978107.676280771615
           112.5600     -7.4300   978107.195215010201
           112.5700     -7.4300   978106.774227269343
           112.5800     -7.4300   978106.401017755386
           112.5900     -7.4300   978106.062233586097
           112.6000     -7.4300   978105.744480314432
           112.6100     -7.4300   978105.435360241565
           112.6200     -7.4300   978105.124473463628
           112.6300     -7.4300   978104.804308846476
           112.6400     -7.4300   978104.470946853166
           112.6500     -7.4300   978104.124496631208
           112.6600     -7.4300   978103.769198081223
           112.6700     -7.4300   978103.413137346157
           112.6800     -7.4300   978103.067551680608
           112.6900     -7.4300   978102.745736091514
           112.7000     -7.4300   978102.461606952595
           112.7100     -7.4300   978102.228022955009
           112.7200     -7.4300   978102.055006025708
           112.7300     -7.4300   978101.948038271046
           112.7400     -7.4300   978101.906629744801
           112.7500     -7.4300   978101.923350908794
           112.7600     -7.4300   978101.983499878901
           112.7700     -7.4300   978102.065527154482
           112.7800     -7.4300   978102.142271763762
           112.7900     -7.4300   978102.182977866614
           112.8000     -7.4300   978102.155967955128
           112.8100     -7.4300   978102.031758067082
           112.8200     -7.4300   978101.786323152948
           112.8300     -7.4300   978101.404167958186
           112.8400     -7.4300   978100.880839818157
           112.8500     -7.4300   978100.224540930591
           112.8600     -7.4300   978099.456561045372
           112.8700     -7.4300   978098.610354290111
           112.8800     -7.4300   978097.729218124412
           112.8900     -7.4300   978096.862685661647
           112.9000     -7.4300   978096.061898729182
           112.9100     -7.4300   978095.374370044679
           112.9200     -7.4300   978094.838650827296
           112.9300     -7.4300   978094.479479359812
           112.9400     -7.4300   978094.303985155537
           112.9500     -7.4300   978094.299457217683
           112.9600     -7.4300   978094.433055425994
           112.9700     -7.4300   978094.653660916025
           112.9800     -7.4300   978094.895841086400
           112.9900     -7.4300   978095.085669807508
           113.0000     -7.4300   978095.147919220035
           112.0000     -7.4400   978128.829124695505
           112.0100     -7.4400   978127.350281819119
           112.0200     -7.4400   978125.898651081719
           112.0300     -7.4400   978124.467417700449
           112.0400     -7.4400   978123.049355376745
           112.0500     -7.4400   978121.638889984228
           112.0600     -7.4400   978120.234153046855
           112.0700     -7.4400   978118.838701814413
           112.0800     -7.4400   978117.462627139175
           112.0900     -7.4400   978116.122853589361
           112.1000     -7.4400   978114.842545685242
           112.1100     -7.4400   978113.649654235574
           112.1200     -7.4400   978112.574750941247
           112.1300     -7.4400   978111.648392675677
           112.1400     -7.4400   978110.898317287443
           112.1500     -7.4400   978110.346793310717
           112.1600     -7.4400   978110.008424996166
           112.1700     -7.4400   978109.888655419694
           112.1800     -7.4400   978109.983122747741
           112.1900     -7.4400   978110.277920117136
           112.2000     -7.4400   978110.750701955520
           112.2100     -7.4400   978111.372482692357
           112.2200     -7.4400   978112.109899678268
           112.2300     -7.4400   978112.927669278812
           112.2400     -7.4400   978113.790957821417
           112.2500     -7.4400   978114.667416837998
           112.2600     -7.4400   978115.528689875500
           112.2700     -7.4400   978116.351277366630
           112.2800     -7.4400   978117.116735510761
           112.2900     -7.4400   978117.811272839434
           112.3000     -7.4400   978118.424882717198
           112.3100     -7.4400   978118.950202322565
           112.3200     -7.4400   978119.381312637008
           112.3300     -7.4400   978119.712687645457
           112.3400     -7.4400   978119.938466291525
           112.3500     -7.4400   978120.052163351676
           112.3600     -7.4400   978120.046863774071
           112.3700     -7.4400   978119.915869118064
           112.3800     -7.4400   978119.653694892768
           112.3900     -7.4400   978119.257262935280
           112.4000     -7.4400   978118.727100501885
           112.4100     -7.4400   978118.068351320457
           112.4200     -7.4400   978117.291423876421
           112.4300     -7.4400   978116.412145688897
           112.4400     -7.4400   978115.451353342622
           112.4500     -7.4400   978114.433918526978
           112.4600     -7.4400   978113.387281346484
           112.4700     -7.4400   978112.339624768589
           112.4800     -7.4400   978111.317870776053
           112.4900     -7.4400   978110.345704090432
           112.5000     -7.4400   978109.441830627504
           112.5100     -7.4400   978108.618655401864
           112.5200     -7.4400   978107.881521546398
           112.5300     -7.4400   978107.228593829204
           112.5400     -7.4400   978106.651403526659
           112.5500     -7.4400   978106.136004280066
           112.5600     -7.4400   978105.664627911989
           112.5700     -7.4400   978105.217681285343
           112.5800     -7.4400   978104.775894489721
           112.5900     -7.4400   978104.322419246426
           112.6000     -7.4400   978103.844684437383
           112.6100     -7.4400   978103.335841174237
           112.6200     -7.4400   978102.795669243322
           112.6300     -7.4400   978102.230865571997
           112.6400     -7.4400   978101.654688573559
           112.6500     -7.4400   978101.085985120735
           112.6600     -7.4400   978100.547675344278
           112.6700     -7.4400   978100.064811331802
           112.6800     -7.4400   978099.662357050576
           112.6900     -7.4400   978099.362857324071
           112.7000     -7.4400   978099.184173248825
           112.7100     -7.4400   978099.137460233876
           112.7200     -7.4400   978099.225553441211
           112.7300     -7.4400   978099.441904368112
           112.7400     -7.4400   978099.770182187320
           112.7500     -7.4400   978100.184614851838
           112.7600     -7.4400   978100.651098678005
           112.7700     -7.4400   978101.129052384640
           112.7800     -7.4400   978101.573934486602
           112.7900     -7.4400   978101.940284446464
           112.8000     -7.4400   978102.185092226369
           112.8100     -7.4400   978102.271252854494
           112.8200     -7.4400   978102.170827963622
           112.8300     -7.4400   978101.867820665473
           112.8400     -7.4400   978101.360178546514
           112.8500     -7.4400   978100.660775436903
           112.8600     -7.4400   978099.797186921700
           112.8700     -7.4400   978098.810165430536
           112.8800     -7.4400   978097.750832776423
           112.8900     -7.4400   978096.676732588909
           112.9000     -7.4400   978095.647010741057
           112.9100     -7.4400   978094.717105226824
           112.9200     -7.4400   978093.933414203697
           112.9300     -7.4400   978093.328459308599
           112.9400     -7.4400   978092.917060950771
           112.9500     -7.4400   978092.693987542996
           112.9600     -7.4400   978092.633431563620
           112.9700     -7.4400   978092.690508200438
           112.9800     -7.4400   978092.804779589409
           112.9900     -7.4400   978092.905597101897
           113.0000     -7.4400   978092.918847395922
           112.0000     -7.4500   978126.275790278916
           112.0100     -7.4500   978124.632987679681
           112.0200     -7.4500   978123.029439419857
           112.0300     -7.4500   978121.460083506769
           112.0400     -7.4500   978119.918521051644
           112.0500     -7.4500   978118.399665471981
           112.0600     -7.4500   978116.902395257028
           112.0700     -7.4500   978115.431771351374
           112.0800     -7.4500   978114.000440909062
           112.0900     -7.4500   978112.628963992698
           112.1000     -7.4500   978111.344951605541
           112.1100     -7.4500   978110.181070630322
           112.1200     -7.4500   978109.172130539431
           112.1300     -7.4500   978108.351596577908
           112.1400     -7.4500   978107.747957254178
           112.1500     -7.4500   978107.381399788661
           112.1600     -7.4500   978107.261212892365
           112.1700     -7.4500   978107.384247046779
           112.1800     -7.4500   978107.734630752471
           112.1900     -7.4500   978108.284784719697
           112.2000     -7.4500   978108.997615384404
           112.2100     -7.4500   978109.829625337617
           112.2200     -7.4500   978110.734569531051
           112.2300     -7.4500   978111.667225989513
           112.2400     -7.4500   978112.586845060112
           112.2500     -7.4500   978113.459891668870
           112.2600     -7.4500   978114.261793108657
           112.2700     -7.4500   978114.977537111961
           112.2800     -7.4500   978115.601113727898
           112.2900     -7.4500   978116.133940441534
           112.3000     -7.4500   978116.582534369896
           112.3100     -7.4500   978116.955782709992
           112.3200     -7.4500   978117.262202441925
           112.3300     -7.4500   978117.507568447501
           112.3400     -7.4500   978117.693228256423
           112.3500     -7.4500   978117.815320426016
           112.3600     -7.4500   978117.864985921187
           112.3700     -7.4500   978117.829524810892
           112.3800     -7.4500   978117.694321991992
           112.3900     -7.4500   978117.445262035355
           112.4000     -7.4500   978117.071287604747
           112.4100     -7.4500   978116.566736224690
           112.4200     -7.4500   978115.933118387591
           112.4300     -7.4500   978115.180071943207
           112.4400     -7.4500   978114.325333750225
           112.4500     -7.4500   978113.393695852952
           112.4600     -7.4500   978112.415043817949
           112.4700     -7.4500   978111.421692902106
           112.4800     -7.4500   978110.445328777307
           112.4900     -7.4500   978109.513912599883
           112.5000     -7.4500   978108.648919097031
           112.5100     -7.4500   978107.863240473438
           112.5200     -7.4500   978107.160013166373
           112.5300     -7.4500   978106.532518426189
           112.5400     -7.4500   978105.965184423607
           112.5500     -7.4500   978105.435591920046
           112.5600     -7.4500   978104.917272150749
           112.5700     -7.4500   978104.382997375098
           112.5800     -7.4500   978103.808210965479
           112.5900     -7.4500   978103.174230147735
           112.6000     -7.4500   978102.470880895271
           112.6100     -7.4500   978101.698286794475
           112.6200     -7.4500   978100.867623800761
           112.6300     -7.4500   978100.000759871327
           112.6400     -7.4500   978099.128810331225
           112.6500     -7.4500   978098.289744601818
           112.6600     -7.4500   978097.525267172488
           112.6700     -7.4500   978096.877257746877
           112.6800     -7.4500   978096.384087865707
           112.6900     -7.4500   978096.077133078477
           112.7000     -7.4500   978095.977773224935
           112.7100     -7.4500   978096.095123504871
           112.7200     -7.4500   978096.424672427238
           112.7300     -7.4500   978096.947926835157
           112.7400     -7.4500   978097.633086143876
           112.7500     -7.4500   978098.436693932512
           112.7600     -7.4500   978099.306149712065
           112.7700     -7.4500   978100.182910094038
           112.7800     -7.4500   978101.006168081542
           112.7900     -7.4500   978101.716772007989
           112.8000     -7.4500   978102.261131255655
           112.8100     -7.4500   978102.594853554619
           112.8200     -7.4500   978102.685867997701
           112.8300     -7.4500   978102.516808860237
           112.8400     -7.4500   978102.086468433263
           112.8500     -7.4500   978101.410172997275
           112.8600     -7.4500   978100.518995173275
           112.8700     -7.4500   978099.457787674502
           112.8800     -7.4500   978098.282105886377
           112.8900     -7.4500   978097.054175820318
           112.9000     -7.4500   978095.838153689052
           112.9100     -7.4500   978094.695005730260
           112.9200     -7.4500   978093.677402660367
           112.9300     -7.4500   978092.825062757358
           112.9400     -7.4500   978092.160982401809
           112.9500     -7.4500   978091.688956755912
           112.9600     -7.4500   978091.392713475507
           112.9700     -7.4500   978091.236861020094
           112.9800     -7.4500   978091.169697489357
           112.9900     -7.4500   978091.127748297295
           113.0000     -7.4500   978091.041717992513
           112.0000     -7.4600   978123.452375188586
           112.0100     -7.4600   978121.715104881558
           112.0200     -7.4600   978120.024876089999
           112.0300     -7.4600   978118.376585375983
           112.0400     -7.4600   978116.763272051932
           112.0500     -7.4600   978115.179434929858
           112.0600     -7.4600   978113.624322400661
           112.0700     -7.4600   978112.104639631347
           112.0800     -7.4600   978110.636197973276
           112.0900     -7.4600   978109.244181959890
           112.1000     -7.4600   978107.961906614946
           112.1100     -7.4600   978106.828154149931
           112.1200     -7.4600   978105.883384447894
           112.1300     -7.4600   978105.165279773064
           112.1400     -7.4600   978104.704188419855
           112.1500     -7.4600   978104.519060532795
           112.1600     -7.4600   978104.614418369369
           112.1700     -7.4600   978104.978779838420
           112.1800     -7.4600   978105.584774614428
           112.1900     -7.4600   978106.390980351949
           112.2000     -7.4600   978107.345290258527
           112.2100     -7.4600   978108.389430744108
           112.2200     -7.4600   978109.464103921899
           112.2300     -7.4600   978110.514152745716
           112.2400     -7.4600   978111.493146067485
           112.2500     -7.4600   978112.366856460692
           112.2600     -7.4600   978113.115245059133
           112.2700     -7.4600   978113.732756307465
           112.2800     -7.4600   978114.226936967927
           112.2900     -7.4600   978114.615600824822
           112.3000     -7.4600   978114.922937020776
           112.3100     -7.4600   978115.175083754817
           112.3200     -7.4600   978115.395745094167
           112.3300     -7.4600   978115.602410627413
           112.3400     -7.4600   978115.803648864152
           112.3500     -7.4600   978115.997797891498
           112.3600     -7.4600   978116.173190386500
           112.3700     -7.4600   978116.309848869336
           112.3800     -7.4600   978116.382396959234
           112.3900     -7.4600   978116.363777396851
           112.4000     -7.4600   978116.229267086368
           112.4100     -7.4600   978115.960245523136
           112.4200     -7.4600   978115.547209268669
           112.4300     -7.4600   978114.991626206320
           112.4400     -7.4600   978114.306375654181
           112.4500     -7.4600   978113.514704175061
           112.4600     -7.4600   978112.647818563855
           112.4700     -7.4600   978111.741412776988
           112.4800     -7.4600   978110.831562587176
           112.4900     -7.4600   978109.950503734290
           112.5000     -7.4600   978109.122826525592
           112.5100     -7.4600   978108.362570764613
           112.5200     -7.4600   978107.671596185071
           112.5300     -7.4600   978107.039449288975
           112.5400     -7.4600   978106.444766897592
           112.5500     -7.4600   978105.858072106377
           112.5600     -7.4600   978105.245651963167
           112.5700     -7.4600   978104.574077708996
           112.5800     -7.4600   978103.814852467389
           112.5900     -7.4600   978102.948655839544
           112.6000     -7.4600   978101.968700498692
           112.6100     -7.4600   978100.882815856952
           112.6200     -7.4600   978099.714015325415
           112.6300     -7.4600   978098.499469204457
           112.6400     -7.4600   978097.287975388113
           112.6500     -7.4600   978096.136175576248
           112.6600     -7.4600   978095.103888930404
           112.6700     -7.4600   978094.249015843263
           112.6800     -7.4600   978093.622495123302
           112.6900     -7.4600   978093.263777943794
           112.7000     -7.4600   978093.197216614964
           112.7100     -7.4600   978093.429665623931
           112.7200     -7.4600   978093.949469571700
           112.7300     -7.4600   978094.726882134681
           112.7400     -7.4600   978095.715835893061
           112.7500     -7.4600   978096.856876592268
           112.7600     -7.4600   978098.080995458295
           112.7700     -7.4600   978099.314043952036
           112.7800     -7.4600   978100.481397089548
           112.7900     -7.4600   978101.512540966156
           112.8000     -7.4600   978102.345291647129
           112.8100     -7.4600   978102.929399139364
           112.8200     -7.4600   978103.229344648775
           112.8300     -7.4600   978103.226195874624
           112.8400     -7.4600   978102.918439600966
           112.8500     -7.4600   978102.321761444095
           112.8600     -7.4600   978101.467789425515
           112.8700     -7.4600   978100.401862615021
           112.8800     -7.4600   978099.179930528044
           112.8900     -7.4600   978097.864734836854
           112.9000     -7.4600   978096.521472521243
           112.9100     -7.4600   978095.213186948560
           112.9200     -7.4600   978093.996176451561
           112.9300     -7.4600   978092.915742660523
           112.9400     -7.4600   978092.002615814563
           112.9500     -7.4600   978091.270384240779
           112.9600     -7.4600   978090.714214208536
           112.9700     -7.4600   978090.311071421835
           112.9800     -7.4600   978090.021547426470
           112.9900     -7.4600   978089.793258984806
           113.0000     -7.4600   978089.565636506071
           112.0000     -7.4700   978120.390975149814
           112.0100     -7.4700   978118.638596803299
           112.0200     -7.4700   978116.937172239530
           112.0300     -7.4700   978115.279202196863
           112.0400     -7.4700   978113.655232862919
           112.0500     -7.4700   978112.057948928326
           112.0600     -7.4700   978110.486163549940
           112.0700     -7.4700   978108.948029119521
           112.0800     -7.4700   978107.462899107137
           112.0900     -7.4700   978106.061461134348
           112.1000     -7.4700   978104.784007603070
           112.1100     -7.4700   978103.676978091709
           112.1200     -7.4700   978102.788160150056
           112.1300     -7.4700   978102.161137238261
           112.1400     -7.4700   978101.829696625005
           112.1500     -7.4700   978101.812938888674
           112.1600     -7.4700   978102.111759994878
           112.1700     -7.4700   978102.707215648843
           112.1800     -7.4700   978103.561046791379
           112.1900     -7.4700   978104.618374762824
           112.2000     -7.4700   978105.812300131540
           112.2100     -7.4700   978107.069896165282
           112.2200     -7.4700   978108.318908030051
           112.2300     -7.4700   978109.494375294424
           112.2400     -7.4700   978110.544400325045
           112.2500     -7.4700   978111.434387960238
           112.2600     -7.4700   978112.149269262911
           112.2700     -7.4700   978112.693470170139
           112.2800     -7.4700   978113.088662824011
           112.2900     -7.4700   978113.369608153589
           112.3000     -7.4700   978113.578628734220
           112.3100     -7.4700   978113.759412273765
           112.3200     -7.4700   978113.950918464805
           112.3300     -7.4700   978114.182137032854
           112.3400     -7.4700   978114.468326622038
           112.3500     -7.4700   978114.809168504900
           112.3600     -7.4700   978115.189021466766
           112.3700     -7.4700   978115.579196365550
           112.3800     -7.4700   978115.941914883908
           112.3900     -7.4700   978116.235408759094
           112.4000     -7.4700   978116.419479117380
           112.4100     -7.4700   978116.460786885931
           112.4200     -7.4700   978116.337189796264
           112.4300     -7.4700   978116.040572480997
           112.4400     -7.4700   978115.577816128149
           112.4500     -7.4700   978114.969797023688
           112.4600     -7.4700   978114.248557934887
           112.4700     -7.4700   978113.453030431061
           112.4800     -7.4700   978112.623870559968
           112.4900     -7.4700   978111.798082120367
           112.5000     -7.4700   978111.004127768683
           112.5100     -7.4700   978110.258165932028
           112.5200     -7.4700   978109.561909634620
           112.5300     -7.4700   978108.902400316205
           112.5400     -7.4700   978108.253751300275
           112.5500     -7.4700   978107.580671605538
           112.5600     -7.4700   978106.843361222651
           112.5700     -7.4700   978106.003200400621
           112.5800     -7.4700   978105.028557598474
           112.5900     -7.4700   978103.900024375529
           112.6000     -7.4700   978102.614451186848
           112.6100     -7.4700   978101.187296436634
           112.6200     -7.4700   978099.652994352859
           112.6300     -7.4700   978098.063271168503
           112.6400     -7.4700   978096.483566782204
           112.6500     -7.4700   978094.987923901761
           112.6600     -7.4700   978093.652865726035
           112.6700     -7.4700   978092.550879935268
           112.6800     -7.4700   978091.744152580271
           112.6900     -7.4700   978091.279150728835
           112.7000     -7.4700   978091.182545985794
           112.7100     -7.4700   978091.458817750448
           112.7200     -7.4700   978092.089695273316
           112.7300     -7.4700   978093.035413116333
           112.7400     -7.4700   978094.237586274161
           112.7500     -7.4700   978095.623376317788
           112.7600     -7.4700   978097.110530304490
           112.7700     -7.4700   978098.612835123204
           112.7800     -7.4700   978100.045540090185
           112.7900     -7.4700   978101.330352676800
           112.8000     -7.4700   978102.399694628664
           112.8100     -7.4700   978103.200004464714
           112.8200     -7.4700   978103.693973307731
           112.8300     -7.4700   978103.861692017061
           112.8400     -7.4700   978103.700759965926
           112.8500     -7.4700   978103.225455279113
           112.8600     -7.4700   978102.465093231294
           112.8700     -7.4700   978101.461708119255
           112.8800     -7.4700   978100.267191274441
           112.8900     -7.4700   978098.940012063715
           112.9000     -7.4700   978097.541647135629
           112.9100     -7.4700   978096.132850872003
           112.9200     -7.4700   978094.769918608828
           112.9300     -7.4700   978093.501121396781
           112.9400     -7.4700   978092.363520812592
           112.9500     -7.4700   978091.380395921064
           112.9600     -7.4700   978090.559522018535
           112.9700     -7.4700   978089.892523183604
           112.9800     -7.4700   978089.355471550487
           112.9900     -7.4700   978088.910823575803
           113.0000     -7.4700   978088.510670869495
           112.0000     -7.4800   978117.141948580509
           112.0100     -7.4800   978115.456362883910
           112.0200     -7.4800   978113.822602767730
           112.0300     -7.4800   978112.228044335381
           112.0400     -7.4800   978110.658427713090
           112.0500     -7.4800   978109.102853163378
           112.0600     -7.4800   978107.558551492519
           112.0700     -7.4800   978106.034629386151
           112.0800     -7.4800   978104.554126258357
           112.0900     -7.4800   978103.153952727676
           112.1000     -7.4800   978101.882579226047
           112.1100     -7.4800   978100.795664972509
           112.1200     -7.4800   978099.950118243927
           112.1300     -7.4800   978099.397317049908
           112.1400     -7.4800   978099.176361986320
           112.1500     -7.4800   978099.308260120801
           112.1600     -7.4800   978099.791845523519
           112.1700     -7.4800   978100.602039856021
           112.1800     -7.4800   978101.690771049238
           112.1900     -7.4800   978102.990536350873
           112.2000     -7.4800   978104.420260885032
           112.2100     -7.4800   978105.892807865515
           112.2200     -7.4800   978107.323280111654
           112.2300     -7.4800   978108.637142811203
           112.2400     -7.4800   978109.777209066553
           112.2500     -7.4800   978110.708661617246
           112.2600     -7.4800   978111.421519760974
           112.2700     -7.4800   978111.930270238663
           112.2800     -7.4800   978112.270725611481
           112.2900     -7.4800   978112.494510014076
           112.3000     -7.4800   978112.661857899977
           112.3100     -7.4800   978112.833610864589
           112.3200     -7.4800   978113.063386239111
           112.3300     -7.4800   978113.390858501545
           112.3400     -7.4800   978113.836945527699
           112.3500     -7.4800   978114.401445916970
           112.3600     -7.4800   978115.063362703775
           112.3700     -7.4800   978115.783812259906
           112.3800     -7.4800   978116.511097620358
           112.3900     -7.4800   978117.187262735562
           112.4000     -7.4800   978117.755270670517
           112.4100     -7.4800   978118.165885356604
           112.4200     -7.4800   978118.383389843395
           112.4300     -7.4800   978118.389436064870
           112.4400     -7.4800   978118.184570163838
           112.4500     -7.4800   978117.787281041848
           112.4600     -7.4800   978117.230739023071
           112.4700     -7.4800   978116.557685918175
           112.4800     -7.4800   978115.814170421916
           112.4900     -7.4800   978115.042965042754
           112.5000     -7.4800   978114.277535678237
           112.5100     -7.4800   978113.537359229405
           112.5200     -7.4800   978112.825209020171
           112.5300     -7.4800   978112.126775288139
           112.5400     -7.4800   978111.412691059406
           112.5500     -7.4800   978110.642729858519
           112.5600     -7.4800   978109.771668749745
           112.5700     -7.4800   978108.756101624924
           112.5800     -7.4800   978107.561368354131
           112.5900     -7.4800   978106.167748814798
           112.6000     -7.4800   978104.575157432701
           112.6100     -7.4800   978102.805751438136
           112.6200     -7.4800   978100.904111469164
           112.6300     -7.4800   978098.934935420984
           112.6400     -7.4800   978096.978470952599
           112.6500     -7.4800   978095.124164707377
           112.6600     -7.4800   978093.463198008831
           112.6700     -7.4800   978092.080688670860
           112.6800     -7.4800   978091.048356501968
           112.6900     -7.4800   978090.418377454509
           112.7000     -7.4800   978090.219000501209
           112.7100     -7.4800   978090.452293530689
           112.7200     -7.4800   978091.094147084630
           112.7300     -7.4800   978092.096427028649
           112.7400     -7.4800   978093.390957163181
           112.7500     -7.4800   978094.894853108330
           112.7600     -7.4800   978096.516634603031
           112.7700     -7.4800   978098.162520540762
           112.7800     -7.4800   978099.742356019095
           112.7900     -7.4800   978101.174721452757
           112.8000     -7.4800   978102.390912244795
           112.8100     -7.4800   978103.337632037350
           112.8200     -7.4800   978103.978391542332
           112.8300     -7.4800   978104.293729548343
           112.8400     -7.4800   978104.280459524482
           112.8500     -7.4800   978103.950187787297
           112.8600     -7.4800   978103.327348459046
           112.8700     -7.4800   978102.446964045870
           112.8800     -7.4800   978101.352281279862
           112.8900     -7.4800   978100.092365334160
           112.9000     -7.4800   978098.719677180750
           112.9100     -7.4800   978097.287621504045
           112.9200     -7.4800   978095.848044232465
           112.9300     -7.4800   978094.448681187816
           112.9400     -7.4800   978093.130607919767
           112.9500     -7.4800   978091.925805026782
           112.9600     -7.4800   978090.855018742150
           112.9700     -7.4800   978089.926147272578
           112.9800     -7.4800   978089.133404501132
           112.9900     -7.4800   978088.457493362483
           113.0000     -7.4800   978087.866956661106
           112.0000     -7.4900   978113.773838513414
           112.0100     -7.4900   978112.231794521445
           112.0200     -7.4900   978110.740609055501
           112.0300     -7.4900   978109.279657560517
           112.0400     -7.4900   978107.827380779898
           112.0500     -7.4900   978106.367317802506
           112.0600     -7.4900   978104.893746843329
           112.0700     -7.4900   978103.416007595835
           112.0800     -7.4900   978101.960748731741
           112.0900     -7.4900   978100.571625190089
           112.1000     -7.4900   978099.306323571946
           112.1100     -7.4900   978098.231171737541
           112.1200     -7.4900   978097.413938737474
           112.1300     -7.4900   978096.915705394233
           112.1400     -7.4900   978096.782846108545
           112.1500     -7.4900   978097.040185885155
           112.1600     -7.4900   978097.686278345413
           112.1700     -7.4900   978098.691504620831
           112.1800     -7.4900   978099.999350418686
           112.1900     -7.4900   978101.530822986620
           112.2000     -7.4900   978103.191572124138
           112.2100     -7.4900   978104.880931251799
           112.2200     -7.4900   978106.501841083169
           112.2300     -7.4900   978107.970492899884
           112.2400     -7.4900   978109.224547655904
           112.2500     -7.4900   978110.228949518991
           112.2600     -7.4900   978110.978638083325
           112.2700     -7.4900   978111.497836739174
           112.2800     -7.4900   978111.836008828366
           112.2900     -7.4900   978112.060976312612
           112.3000     -7.4900   978112.250037346152
           112.3100     -7.4900   978112.480156753561
           112.3200     -7.4900   978112.818407669081
           112.3300     -7.4900   978113.313801042619
           112.3400     -7.4900   978113.991458354751
           112.3500     -7.4900   978114.849785209517
           112.3600     -7.4900   978115.860927525326
           112.3700     -7.4900   978116.974385380163
           112.3800     -7.4900   978118.123273302102
           112.3900     -7.4900   978119.232397992979
           112.4000     -7.4900   978120.227114243549
           112.4100     -7.4900   978121.041842242936
           112.4200     -7.4900   978121.627192870015
           112.4300     -7.4900   978121.954842220875
           112.4400     -7.4900   978122.019596547587
           112.4500     -7.4900   978121.838454922312
           112.4600     -7.4900   978121.446862341370
           112.4700     -7.4900   978120.892701823381
           112.4800     -7.4900   978120.228855749476
           112.4900     -7.4900   978119.505339554744
           112.5000     -7.4900   978118.762054331019
           112.5100     -7.4900   978118.023114950396
           112.5200     -7.4900   978117.293499811785
           112.5300     -7.4900   978116.558465158567
           112.5400     -7.4900   978115.785810323549
           112.5500     -7.4900   978114.930715662078
           112.5600     -7.4900   978113.942548151244
           112.5700     -7.4900   978112.772781100590
           112.5800     -7.4900   978111.383034181083
           112.5900     -7.4900   978109.752224011812
           112.6000     -7.4900   978107.881924128160
           112.6100     -7.4900   978105.799250914250
           112.6200     -7.4900   978103.556890466483
           112.6300     -7.4900   978101.230222240207
           112.6400     -7.4900   978098.911836203421
           112.6500     -7.4900   978096.704039543634
           112.6600     -7.4900   978094.710171318264
           112.6700     -7.4900   978093.025663933018
           112.6800     -7.4900   978091.729797365377
           112.6900     -7.4900   978090.878988458309
           112.7000     -7.4900   978090.502259854227
           112.7100     -7.4900   978090.599268792896
           112.7200     -7.4900   978091.140979899676
           112.7300     -7.4900   978092.072775592795
           112.7400     -7.4900   978093.319547911990
           112.7500     -7.4900   978094.792134672636
           112.7600     -7.4900   978096.394369053654
           112.7700     -7.4900   978098.030011051334
           112.7800     -7.4900   978099.608915414894
           112.7900     -7.4900   978101.051946428372
           112.8000     -7.4900   978102.294349841075
           112.8100     -7.4900   978103.287506596767
           112.8200     -7.4900   978103.999191990122
           112.8300     -7.4900   978104.412621694268
           112.8400     -7.4900   978104.524664493394
           112.8500     -7.4900   978104.343631907715
           112.8600     -7.4900   978103.887019135640
           112.8700     -7.4900   978103.179481589235
           112.8800     -7.4900   978102.251206072862
           112.8900     -7.4900   978101.136699207476
           112.9000     -7.4900   978099.873892536387
           112.9100     -7.4900   978098.503375311033
           112.9200     -7.4900   978097.067527278676
           112.9300     -7.4900   978095.609341274248
           112.9400     -7.4900   978094.170795838698
           112.9500     -7.4900   978092.790749110631
           112.9600     -7.4900   978091.502457313822
           112.9700     -7.4900   978090.330950608826
           112.9800     -7.4900   978089.290601638495
           112.9900     -7.4900   978088.383276952198
           113.0000     -7.4900   978087.597454541363
           112.0000     -7.5000   978110.371703100856
           112.0100     -7.5000   978109.037497984711
           112.0200     -7.5000   978107.752780274372
           112.0300     -7.5000   978106.486152615049
           112.0400     -7.5000   978105.206309163244
           112.0500     -7.5000   978103.889234236558
           112.0600     -7.5000   978102.524802732863
           112.0700     -7.5000   978101.121726220590
           112.0800     -7.5000   978099.709995944984
           112.0900     -7.5000   978098.340305925463
           112.1000     -7.5000   978097.080350992503
           112.1100     -7.5000   978096.008330146782
           112.1200     -7.5000   978095.204385804012
           112.1300     -7.5000   978094.741019505775
           112.1400     -7.5000   978094.673701485968
           112.1500     -7.5000   978095.032909578411
           112.1600     -7.5000   978095.818687665975
           112.1700     -7.5000   978096.998522117152
           112.1800     -7.5000   978098.508932734141
           112.1900     -7.5000   978100.260713645024
           112.2000     -7.5000   978102.147298339172
           112.2100     -7.5000   978104.055321169901
           112.2200     -7.5000   978105.876157265157
           112.2300     -7.5000   978107.517081997939
           112.2400     -7.5000   978108.910719070933
           112.2500     -7.5000   978110.021640492836
           112.2600     -7.5000   978110.849318677094
           112.2700     -7.5000   978111.427068884019
           112.2800     -7.5000   978111.817104586167
           112.2900     -7.5000   978112.102298606304
           112.3000     -7.5000   978112.375640304992
           112.3100     -7.5000   978112.728654162260
           112.3200     -7.5000   978113.240163813229
           112.3300     -7.5000   978113.966733626206
           112.3400     -7.5000   978114.935904473299
           112.3500     -7.5000   978116.142989113112
           112.3600     -7.5000   978117.551750183222
           112.3700     -7.5000   978119.098805948510
           112.3800     -7.5000   978120.701155528193
           112.3900     -7.5000   978122.265842682216
           112.4000     -7.5000   978123.700531075709
           112.4100     -7.5000   978124.923673741636
           112.4200     -7.5000   978125.873034763732
           112.4300     -7.5000   978126.511550672236
           112.4400     -7.5000   978126.829872037051
           112.4500     -7.5000   978126.845356428530
           112.4600     -7.5000   978126.597737086122
           112.4700     -7.5000   978126.142109966255
           112.4800     -7.5000   978125.540212913533
           112.4900     -7.5000   978124.851173825096
           112.5000     -7.5000   978124.122955695493
           112.5100     -7.5000   978123.385620739893
           112.5200     -7.5000   978122.647288633860
           112.5300     -7.5000   978121.893308216357
           112.5400     -7.5000   978121.088744063978
           112.5500     -7.5000   978120.183852673741
           112.5600     -7.5000   978119.121841598768
           112.5700     -7.5000   978117.847916212748
           112.5800     -7.5000   978116.318458065391
           112.5900     -7.5000   978114.509164445568
           112.6000     -7.5000   978112.421110654599
           112.6100     -7.5000   978110.083955888986
           112.6200     -7.5000   978107.555866276845
           112.6300     -7.5000   978104.920128952130
           112.6400     -7.5000   978102.278828544775
           112.6500     -7.5000   978099.744302833104
           112.6600     -7.5000   978097.429345919401
           112.6700     -7.5000   978095.437256188830
           112.6800     -7.5000   978093.852819709806
           112.6900     -7.5000   978092.735182180186
           112.7000     -7.5000   978092.113314986345
           112.7100     -7.5000   978091.984457696788
           112.7200     -7.5000   978092.315563168493
           112.7300     -7.5000   978093.047428009100
           112.7400     -7.5000   978094.100902891136
           112.7500     -7.5000   978095.384377954295
           112.7600     -7.5000   978096.801649373607
           112.7700     -7.5000   978098.259300056030
           112.7800     -7.5000   978099.672860892955
           112.7900     -7.5000   978100.971235879464
           112.8000     -7.5000   978102.099141448271
           112.8100     -7.5000   978103.017588961753
           112.8200     -7.5000   978103.702690944890
           112.8300     -7.5000   978104.143263182021
           112.8400     -7.5000   978104.337802827707
           112.8500     -7.5000   978104.291436524247
           112.8600     -7.5000   978104.013355336268
           112.8700     -7.5000   978103.515101290774
           112.8800     -7.5000   978102.809870090452
           112.8900     -7.5000   978101.912779099424
           112.9000     -7.5000   978100.841853445163
           112.9100     -7.5000   978099.619336904376
           112.9200     -7.5000   978098.272861000965
           112.9300     -7.5000   978096.836016863002
           112.9400     -7.5000   978095.347968400456
           112.9500     -7.5000   978093.851907909149
           112.9600     -7.5000   978092.392361317296
           112.9700     -7.5000   978091.011567823705
           112.9800     -7.5000   978089.745353174629
           112.9900     -7.5000   978088.619055390591
           113.0000     -7.5000   978087.644121982972
           112.0000     -7.5100   978107.033720636042
           112.0100     -7.5100   978105.953013432794
           112.0200     -7.5100   978104.921520392643
           112.0300     -7.5100   978103.894658027566
           112.0400     -7.5100   978102.829206702532
           112.0500     -7.5100   978101.691785507253
           112.0600     -7.5100   978100.466490151244
           112.0700     -7.5100   978099.160505805747
           112.0800     -7.5100   978097.806754874415
           112.0900     -7.5100   978096.463025164674
           112.1000     -7.5100   978095.207495514187
           112.1100     -7.5100   978094.131070388481
           112.1200     -7.5100   978093.327385567478
           112.1300     -7.5100   978092.881692380295
           112.1400     -7.5100   978092.860020219814
           112.1500     -7.5100   978093.300028307945
           112.1600     -7.5100   978094.204783618450
           112.1700     -7.5100   978095.540362591390
           112.1800     -7.5100   978097.237711661961
           112.1900     -7.5100   978099.198674048996
           112.2000     -7.5100   978101.305564953596
           112.2100     -7.5100   978103.433221843094
           112.2200     -7.5100   978105.462129809079
           112.2300     -7.5100   978107.291066964273
           112.2400     -7.5100   978108.847752619302
           112.2500     -7.5100   978110.096208243747
           112.2600     -7.5100   978111.039930531988
           112.2700     -7.5100   978111.720479230396
           112.2800     -7.5100   978112.211637138156
           112.2900     -7.5100   978112.609836672200
           112.3000     -7.5100   978113.021999586956
           112.3100     -7.5100   978113.552247463726
           112.3200     -7.5100   978114.289071878535
           112.3300     -7.5100   978115.294488716288
           112.3400     -7.5100   978116.596449597040
           112.3500     -7.5100   978118.185376849724
           112.3600     -7.5100   978120.015178344096
           112.3700     -7.5100   978122.008548864978
           112.3800     -7.5100   978124.065844346420
           112.3900     -7.5100   978126.076388738351
           112.4000     -7.5100   978127.930792967789
           112.4100     -7.5100   978129.532764907111
           112.4200     -7.5100   978130.808979230234
           112.4300     -7.5100   978131.715843179030
           112.4400     -7.5100   978132.242403076147
           112.4500     -7.5100   978132.409133980633
           112.4600     -7.5100   978132.262877542758
           112.4700     -7.5100   978131.868674809230
           112.4800     -7.5100   978131.299621207290
           112.4900     -7.5100   978130.626103418646
           112.5000     -7.5100   978129.905834752251
           112.5100     -7.5100   978129.175981900422
           112.5200     -7.5100   978128.448389485828
           112.5300     -7.5100   978127.708497854648
           112.5400     -7.5100   978126.918067757972
           112.5500     -7.5100   978126.021334853722
           112.5600     -7.5100   978124.953779613716
           112.5700     -7.5100   978123.652369003859
           112.5800     -7.5100   978122.065945479902
           112.5900     -7.5100   978120.164427321171
           112.6000     -7.5100   978117.945641243481
           112.6100     -7.5100   978115.438911375590
           112.6200     -7.5100   978112.704937663395
           112.6300     -7.5100   978109.831958355033
           112.6400     -7.5100   978106.928646505461
           112.6500     -7.5100   978104.114582222537
           112.6600     -7.5100   978101.509422659758
           112.6700     -7.5100   978099.222027558251
           112.6800     -7.5100   978097.340775571531
           112.6900     -7.5100   978095.926132215303
           112.7000     -7.5100   978095.006229911465
           112.7100     -7.5100   978094.575835617376
           112.7200     -7.5100   978094.598663139972
           112.7300     -7.5100   978095.012589740683
           112.7400     -7.5100   978095.737010127283
           112.7500     -7.5100   978096.681344993995
           112.7600     -7.5100   978097.753639889648
           112.7700     -7.5100   978098.868249096093
           112.7800     -7.5100   978099.951785297482
           112.7900     -7.5100   978100.946799673722
           112.8000     -7.5100   978101.812996844412
           112.8100     -7.5100   978102.526136806584
           112.8200     -7.5100   978103.075083832373
           112.8300     -7.5100   978103.457689196221
           112.8400     -7.5100   978103.676311748452
           112.8500     -7.5100   978103.733774861088
           112.8600     -7.5100   978103.630434635794
           112.8700     -7.5100   978103.362813605228
           112.8800     -7.5100   978102.923970857635
           112.8900     -7.5100   978102.305476481910
           112.9000     -7.5100   978101.500580641674
           112.9100     -7.5100   978100.507956584217
           112.9200     -7.5100   978099.335283872206
           112.9300     -7.5100   978098.001940153190
           112.9400     -7.5100   978096.540187468636
           112.9500     -7.5100   978094.994456150802
           112.9600     -7.5100   978093.418615123141
           112.9700     -7.5100   978091.871430902393
           112.9800     -7.5100   978090.410713270772
           112.9900     -7.5100   978089.086879732902
           113.0000     -7.5100   978087.936807696475
           112.0000     -7.5200   978103.866133557749
           112.0100     -7.5200   978103.061483942205
           112.0200     -7.5200   978102.308263857616
           112.0300     -7.5200   978101.546886775875
           112.0400     -7.5200   978100.720554139582
           112.0500     -7.5200   978099.785086559015
           112.0600     -7.5200   978098.717654967564
           112.0700     -7.5200   978097.523091319366
           112.0800     -7.5200   978096.236749538453
           112.0900     -7.5200   978094.923328181147
           112.1000     -7.5200   978093.671598847955
           112.1100     -7.5200   978092.585538047715
           112.1200     -7.5200   978091.772860833211
           112.1300     -7.5200   978091.332334268256
           112.1400     -7.5200   978091.341455177055
           112.1500     -7.5200   978091.846079556737
           112.1600     -7.5200   978092.853386840667
           112.1700     -7.5200   978094.329174340353
           112.1800     -7.5200   978096.199953287258
           112.1900     -7.5200   978098.359723789501
           112.2000     -7.5200   978100.680717173847
           112.2100     -7.5200   978103.026886102161
           112.2200     -7.5200   978105.268561244942
           112.2300     -7.5200   978107.296525570331
           112.2400     -7.5200   978109.033806454972
           112.2500     -7.5200   978110.443747350364
           112.2600     -7.5200   978111.533363170107
           112.2700     -7.5200   978112.351552405977
           112.2800     -7.5200   978112.982363534858
           112.2900     -7.5200   978113.534115729737
           112.3000     -7.5200   978114.125678924378
           112.3100     -7.5200   978114.871562890243
           112.3200     -7.5200   978115.867606191663
           112.3300     -7.5200   978117.178976329044
           112.3400     -7.5200   978118.831902390812
           112.3500     -7.5200   978120.810097871698
           112.3600     -7.5200   978123.056252346723
           112.3700     -7.5200   978125.478349115117
           112.3800     -7.5200   978127.959979379666
           112.3900     -7.5200   978130.373344886582
           112.4000     -7.5200   978132.593329051393
           112.4100     -7.5200   978134.510908981087
           112.4200     -7.5200   978136.044289049692
           112.4300     -7.5200   978137.146445137216
           112.4400     -7.5200   978137.808236659039
           112.4500     -7.5200   978138.056810682989
           112.4600     -7.5200   978137.949616447557
           112.4700     -7.5200   978137.564894473879
           112.4800     -7.5200   978136.989933992503
           112.4900     -7.5200   978136.308652779902
           112.5000     -7.5200   978135.590113827959
           112.5100     -7.5200   978134.879448298598
           112.5200     -7.5200   978134.192324758274
           112.5300     -7.5200   978133.513634750736
           112.5400     -7.5200   978132.800515632378
           112.5500     -7.5200   978131.989274003427
           112.5600     -7.5200   978131.005277888267
           112.5700     -7.5200   978129.774515194818
           112.5800     -7.5200   978128.235315386672
           112.5900     -7.5200   978126.348723972100
           112.6000     -7.5200   978124.106203679810
           112.6100     -7.5200   978121.533685934148
           112.6200     -7.5200   978118.691464686184
           112.6300     -7.5200   978115.669950461364
           112.6400     -7.5200   978112.581817987375
           112.6500     -7.5200   978109.551520556794
           112.6600     -7.5200   978106.703453751630
           112.6700     -7.5200   978104.150193205569
           112.6800     -7.5200   978101.982190788258
           112.6900     -7.5200   978100.260099702864
           112.7000     -7.5200   978099.010542497505
           112.7100     -7.5200   978098.225685806712
           112.7200     -7.5200   978097.866501833079
           112.7300     -7.5200   978097.869142518961
           112.7400     -7.5200   978098.153486271854
           112.7500     -7.5200   978098.632684513577
           112.7600     -7.5200   978099.222463344922
           112.7700     -7.5200   978099.849029556615
           112.7800     -7.5200   978100.454673353932
           112.7900     -7.5200   978101.000516148750
           112.8000     -7.5200   978101.466269935248
           112.8100     -7.5200   978101.847296934342
           112.8200     -7.5200   978102.149626691942
           112.8300     -7.5200   978102.383853169857
           112.8400     -7.5200   978102.558961875155
           112.8500     -7.5200   978102.677111349418
           112.8600     -7.5200   978102.730220244266
           112.8700     -7.5200   978102.698916823254
           112.8800     -7.5200   978102.554034763481
           112.8900     -7.5200   978102.260440895683
           112.9000     -7.5200   978101.782613696530
           112.9100     -7.5200   978101.091108137742
           112.9200     -7.5200   978100.168883549864
           112.9300     -7.5200   978099.016459905659
           112.9400     -7.5200   978097.655007438152
           112.9500     -7.5200   978096.126746900147
           112.9600     -7.5200   978094.492406625301
           112.9700     -7.5200   978092.825897753006
           112.9800     -7.5200   978091.206773434882
           112.9900     -7.5200   978089.711375209386
           113.0000     -7.5200   978088.403792106430
           112.0000     -7.5300   978100.976823821664
           112.0100     -7.5300   978100.445392349153
           112.0200     -7.5300   978099.971204115660
           112.0300     -7.5300   978099.478649078170
           112.0400     -7.5300   978098.896378135774
           112.0500     -7.5300   978098.168529192684
           112.0600     -7.5300   978097.264575607260
           112.0700     -7.5300   978096.186346228584
           112.0800     -7.5300   978094.971101744683
           112.0900     -7.5300   978093.690048781689
           112.1000     -7.5300   978092.442266680882
           112.1100     -7.5300   978091.344634048059
           112.1200     -7.5300   978090.518891561660
           112.1300     -7.5300   978090.077390082297
           112.1400     -7.5300   978090.109291992965
           112.1500     -7.5300   978090.668986844132
           112.1600     -7.5300   978091.768247012398
           112.1700     -7.5300   978093.373212138540
           112.1800     -7.5300   978095.406706152949
           112.1900     -7.5300   978097.755730944802
           112.2000     -7.5300   978100.283329880680
           112.2100     -7.5300   978102.843455699040
           112.2200     -7.5300   978105.297083012061
           112.2300     -7.5300   978107.527627441566
           112.2400     -7.5300   978109.453795846435
           112.2500     -7.5300   978111.038289270247
           112.2600     -7.5300   978112.291276369710
           112.2700     -7.5300   978113.268189147115
           112.2800     -7.5300   978114.062085957616
           112.2900     -7.5300   978114.791492563090
           112.3000     -7.5300   978115.585187082994
           112.3100     -7.5300   978116.565769568901
           112.3200     -7.5300   978117.834004561882
           112.3300     -7.5300   978119.455826950143
           112.3400     -7.5300   978121.453570125275
           112.3500     -7.5300   978123.802452491596
           112.3600     -7.5300   978126.432709535351
           112.3700     -7.5300   978129.237065215362
           112.3800     -7.5300   978132.082585046766
           112.3900     -7.5300   978134.825424976763
           112.4000     -7.5300   978137.326650162810
           112.4100     -7.5300   978139.467187230010
           112.4200     -7.5300   978141.160104635637
           112.4300     -7.5300   978142.358770033461
           112.4400     -7.5300   978143.059964754735
           112.4500     -7.5300   978143.301675544004
           112.4600     -7.5300   978143.155951147899
           112.4700     -7.5300   978142.717822188977
           112.4800     -7.5300   978142.091760684270
           112.4900     -7.5300   978141.377441809978
           112.5000     -7.5300   978140.656631020131
           112.5100     -7.5300   978139.982849250664
           112.5200     -7.5300   978139.375091782655
           112.5300     -7.5300   978138.816342562437
           112.5400     -7.5300   978138.257004854968
           112.5500     -7.5300   978137.622740861843
           112.5600     -7.5300   978136.825657321839
           112.5700     -7.5300   978135.777360794949
           112.5800     -7.5300   978134.402186174644
           112.5900     -7.5300   978132.648900465691
           112.6000     -7.5300   978130.499398332671
           112.6100     -7.5300   978127.973306081141
           112.6200     -7.5300   978125.127942950116
           112.6300     -7.5300   978122.053682976053
           112.6400     -7.5300   978118.865340337623
           112.6500     -7.5300   978115.690691960393
           112.6600     -7.5300   978112.657591689029
           112.6700     -7.5300   978109.881279066904
           112.6800     -7.5300   978107.453426731168
           112.6900     -7.5300   978105.434214616544
           112.7000     -7.5300   978103.848303070059
           112.7100     -7.5300   978102.685057380353
           112.7200     -7.5300   978101.902822590549
           112.7300     -7.5300   978101.436532792868
           112.7400     -7.5300   978101.207530167769
           112.7500     -7.5300   978101.134217863670
           112.7600     -7.5300   978101.142107796273
           112.7700     -7.5300   978101.171954813297
           112.7800     -7.5300   978101.184971750597
           112.7900     -7.5300   978101.164552441216
           112.8000     -7.5300   978101.114431583672
           112.8100     -7.5300   978101.053712781635
           112.8200     -7.5300   978101.009630799876
           112.8300     -7.5300   978101.009222626104
           112.8400     -7.5300   978101.071223102859
           112.8500     -7.5300   978101.199456435395
           112.8600     -7.5300   978101.378771656426
           112.8700     -7.5300   978101.574199268012
           112.8800     -7.5300   978101.733538892353
           112.8900     -7.5300   978101.793088032398
           112.9000     -7.5300   978101.685758757172
           112.9100     -7.5300   978101.350466195261
           112.9200     -7.5300   978100.741460880497
           112.9300     -7.5300   978099.836246677674
           112.9400     -7.5300   978098.640883459710
           112.9500     -7.5300   978097.191799781169
           112.9600     -7.5300   978095.553693599300
           112.9700     -7.5300   978093.813619299908
           112.9800     -7.5300   978092.071877967799
           112.9900     -7.5300   978090.430775547400
           113.0000     -7.5300   978088.982629450271
           112.0000     -7.5400   978098.468022552202
           112.0100     -7.5400   978098.181648902828
           112.0200     -7.5400   978097.962618332938
           112.0300     -7.5400   978097.719217884354
           112.0400     -7.5400   978097.365413801046
           112.0500     -7.5400   978096.833460676135
           112.0600     -7.5400   978096.084851539694
           112.0700     -7.5400   978095.118032447877
           112.0800     -7.5400   978093.971685329452
           112.0900     -7.5400   978092.722935001599
           112.1000     -7.5400   978091.480489406735
           112.1100     -7.5400   978090.373390914174
           112.1200     -7.5400   978089.536652483279
           112.1300     -7.5400   978089.095495563233
           112.1400     -7.5400   978089.150135912234
           112.1500     -7.5400   978089.763045353931
           112.1600     -7.5400   978090.950350122759
           112.1700     -7.5400   978092.678540540859
           112.1800     -7.5400   978094.867021766142
           112.1900     -7.5400   978097.396311873570
           112.2000     -7.5400   978100.120983285015
           112.2100     -7.5400   978102.885837351321
           112.2200     -7.5400   978105.543378109462
           112.2300     -7.5400   978107.970465548802
           112.2400     -7.5400   978110.082106890390
           112.2500     -7.5400   978111.840678783949
           112.2600     -7.5400   978113.259423724725
           112.2700     -7.5400   978114.399762635352
           112.2800     -7.5400   978115.362725504790
           112.2900     -7.5400   978116.275528247701
           112.3000     -7.5400   978117.274925388396
           112.3100     -7.5400   978118.489369074581
           112.3200     -7.5400   978120.022154650418
           112.3300     -7.5400   978121.937612395734
           112.3400     -7.5400   978124.252028935705
           112.3500     -7.5400   978126.930397229502
           112.3600     -7.5400   978129.889374149963
           112.3700     -7.5400   978133.006059663719
           112.3800     -7.5400   978136.131497154944
           112.3900     -7.5400   978139.107219669735
           112.4000     -7.5400   978141.782803018461
           112.4100     -7.5400   978144.032278284547
           112.4200     -7.5400   978145.767415542621
           112.4300     -7.5400   978146.946295958827
           112.4400     -7.5400   978147.576188627165
           112.4500     -7.5400   978147.710465074400
           112.4600     -7.5400   978147.440027673030
           112.4700     -7.5400   978146.880404753960
           112.4800     -7.5400   978146.156190654496
           112.4900     -7.5400   978145.384818491177
           112.5000     -7.5400   978144.661710138083
           112.5100     -7.5400   978144.048646974261
           112.5200     -7.5400   978143.566774323699
           112.5300     -7.5400   978143.195048914640
           112.5400     -7.5400   978142.874240345205
           112.5500     -7.5400   978142.515893966774
           112.5600     -7.5400   978142.015043077641
           112.5700     -7.5400   978141.265000600251
           112.5800     -7.5400   978140.172320693498
           112.5900     -7.5400   978138.670026951819
           112.6000     -7.5400   978136.727451978717
           112.6100     -7.5400   978134.355488486821
           112.6200     -7.5400   978131.606653682073
           112.6300     -7.5400   978128.570037549711
           112.6400     -7.5400   978125.361855059862
           112.6500     -7.5400   978122.112869012868
           112.6600     -7.5400   978118.954325189581
           112.6700     -7.5400   978116.004198642448
           112.6800     -7.5400   978113.355471970397
           112.6900     -7.5400   978111.067866672296
           112.7000     -7.5400   978109.163969259011
           112.7100     -7.5400   978107.630099806818
           112.7200     -7.5400   978106.421641437919
           112.7300     -7.5400   978105.471968027763
           112.7400     -7.5400   978104.703650295851
           112.7500     -7.5400   978104.040346380207
           112.7600     -7.5400   978103.417726297979
           112.7700     -7.5400   978102.791945669334
           112.7800     -7.5400   978102.144548445707
           112.7900     -7.5400   978101.483190705068
           112.8000     -7.5400   978100.838168057846
           112.8100     -7.5400   978100.255317947245
           112.8200     -7.5400   978099.786375781870
           112.8300     -7.5400   978099.478222061647
           112.8400     -7.5400   978099.362618175801
           112.8500     -7.5400   978099.447969477274
           112.8600     -7.5400   978099.714383074199
           112.8700     -7.5400   978100.112840307644
           112.8800     -7.5400   978100.568739627488
           112.8900     -7.5400   978100.989459806588
           112.9000     -7.5400   978101.275027363794
           112.9100     -7.5400   978101.330522083677
           112.9200     -7.5400   978101.078582016984
           112.9300     -7.5400   978100.470312703867
           112.9400     -7.5400   978099.493074582890
           112.9500     -7.5400   978098.173998009413
           112.9600     -7.5400   978096.578610005090
           112.9700     -7.5400   978094.804582532845
           112.9800     -7.5400   978092.971247925423
           112.9900     -7.5400   978091.206090219785
           113.0000     -7.5400   978089.629837448942
           112.0000     -7.5500   978096.428819662076
           112.0100     -7.5500   978096.336455743643
           112.0200     -7.5500   978096.325992004131
           112.0300     -7.5500   978096.290549677680
           112.0400     -7.5500   978096.130196743179
           112.0500     -7.5500   978095.765872360673
           112.0600     -7.5500   978095.151377764996
           112.0700     -7.5500   978094.281739377882
           112.0800     -7.5500   978093.196673977887
           112.0900     -7.5500   978091.978491564980
           112.1000     -7.5500   978090.744481810019
           112.1100     -7.5500   978089.634552308940
           112.1200     -7.5500   978088.795526089030
           112.1300     -7.5500   978088.363976322697
           112.1400     -7.5500   978088.449713373557
           112.1500     -7.5500   978089.122008120175
           112.1600     -7.5500   978090.400335530983
           112.1700     -7.5500   978092.250888209790
           112.1800     -7.5500   978094.589406372048
           112.1900     -7.5500   978097.290086426889
           112.2000     -7.5500   978100.199564360082
           112.2100     -7.5500   978103.154320550268
           112.2200     -7.5500   978105.999403583352
           112.2300     -7.5500   978108.606181294192
           112.2400     -7.5500   978110.886924212915
           112.2500     -7.5500   978112.804400172899
           112.2600     -7.5500   978114.375264083501
           112.2700     -7.5500   978115.666789220995
           112.2800     -7.5500   978116.787310839631
           112.2900     -7.5500   978117.871536110644
           112.3000     -7.5500   978119.062517671846
           112.3100     -7.5500   978120.492509934003
           112.3200     -7.5500   978122.265073884511
           112.3300     -7.5500   978124.440648112679
           112.3400     -7.5500   978127.027378883213
           112.3500     -7.5500   978129.978353024810
           112.3600     -7.5500   978133.195585200563
           112.3700     -7.5500   978136.540274940664
           112.3800     -7.5500   978139.848073392292
           112.3900     -7.5500   978142.947482116637
           112.4000     -7.5500   978145.679123519454
           112.4100     -7.5500   978147.913522082032
           112.4200     -7.5500   978149.565229218570
           112.4300     -7.5500   978150.601587163168
           112.4400     -7.5500   978151.045099812094
           112.4500     -7.5500   978150.969175875653
           112.4600     -7.5500   978150.487831492093
           112.4700     -7.5500   978149.740682670497
           112.4800     -7.5500   978148.875129751745
           112.4900     -7.5500   978148.027965988964
           112.5000     -7.5500   978147.308690550155
           112.5100     -7.5500   978146.786568771116
           112.5200     -7.5500   978146.482991528814
           112.5300     -7.5500   978146.370005110744
           112.5400     -7.5500   978146.375100478996
           112.5500     -7.5500   978146.391566169681
           112.5600     -7.5500   978146.293021451682
           112.5700     -7.5500   978145.950241875718
           112.5800     -7.5500   978145.248129958170
           112.5900     -7.5500   978144.100699612172
           112.6000     -7.5500   978142.462228874443
           112.6100     -7.5500   978140.333251780481
           112.6200     -7.5500   978137.760738190264
           112.6300     -7.5500   978134.832561225863
           112.6400     -7.5500   978131.667078480357
           112.6500     -7.5500   978128.399262214429
           112.6600     -7.5500   978125.165228214581
           112.6700     -7.5500   978122.087181651150
           112.6800     -7.5500   978119.260702162515
           112.6900     -7.5500   978116.745945109753
           112.7000     -7.5500   978114.563789352891
           112.7100     -7.5500   978112.697287745774
           112.7200     -7.5500   978111.098064646125
           112.7300     -7.5500   978109.696649234043
           112.7400     -7.5500   978108.415220390772
           112.7500     -7.5500   978107.180935119977
           112.7600     -7.5500   978105.937956866575
           112.7700     -7.5500   978104.656498582684
           112.7800     -7.5500   978103.337620372884
           112.7900     -7.5500   978102.013115613605
           112.8000     -7.5500   978100.740502889501
           112.8100     -7.5500   978099.593822514289
           112.8200     -7.5500   978098.651524704415
           112.8300     -7.5500   978097.983152721659
           112.8400     -7.5500   978097.636712246807
           112.8500     -7.5500   978097.628551607719
           112.8600     -7.5500   978097.937263594242
           112.8700     -7.5500   978098.502598391264
           112.8800     -7.5500   978099.229716218193
           112.8900     -7.5500   978099.998393905116
           112.9000     -7.5500   978100.676125786151
           112.9100     -7.5500   978101.133515202324
           112.9200     -7.5500   978101.260011463542
           112.9300     -7.5500   978100.977955340059
           112.9400     -7.5500   978100.253068808932
           112.9500     -7.5500   978099.099942518165
           112.9600     -7.5500   978097.581685891491
           112.9700     -7.5500   978095.803633275907
           112.9800     -7.5500   978093.901752608945
           112.9900     -7.5500   978092.027084465371
           113.0000     -7.5500   978090.328061254811
           112.0000     -7.5600   978094.928235844010
           112.0100     -7.5600   978094.960474709980
           112.0200     -7.5600   978095.093246073695
           112.0300     -7.5600   978095.206456590793
           112.0400     -7.5600   978095.187995818094
           112.0500     -7.5600   978094.948850107379
           112.0600     -7.5600   978094.436025768286
           112.0700     -7.5600   978093.641480609891
           112.0800     -7.5600   978092.605728974566
           112.0900     -7.5600   978091.415441873134
           112.1000     -7.5600   978090.195127313491
           112.1100     -7.5600   978089.093747493229
           112.1200     -7.5600   978088.267807674478
           112.1300     -7.5600   978087.862945551518
           112.1400     -7.5600   978087.996291862568
           112.1500     -7.5600   978088.741826898418
           112.1600     -7.5600   978090.120624517789
           112.1700     -7.5600   978092.097293724888
           112.1800     -7.5600   978094.583168914309
           112.1900     -7.5600   978097.445958555210
           112.2000     -7.5600   978100.524745149771
           112.2100     -7.5600   978103.648541560164
           112.2200     -7.5600   978106.656139664701
           112.2300     -7.5600   978109.414798981510
           112.2400     -7.5600   978111.835442327196
           112.2500     -7.5600   978113.882440646878
           112.2600     -7.5600   978115.576729953755
           112.2700     -7.5600   978116.991828375729
           112.2800     -7.5600   978118.243207562249
           112.2900     -7.5600   978119.472308750032
           112.3000     -7.5600   978120.827173653175
           112.3100     -7.5600   978122.442097334890
           112.3200     -7.5600   978124.418847720488
           112.3300     -7.5600   978126.811815441819
           112.3400     -7.5600   978129.618979440187
           112.3500     -7.5600   978132.779857020243
           112.3600     -7.5600   978136.180741038406
           112.3700     -7.5600   978139.666619944503
           112.3800     -7.5600   978143.058342288597
           112.3900     -7.5600   978146.172930863337
           112.4000     -7.5600   978148.844555481803
           112.4100     -7.5600   978150.943587378715
           112.4200     -7.5600   978152.391393212252
           112.4300     -7.5600   978153.169053177466
           112.4400     -7.5600   978153.318939665565
           112.4500     -7.5600   978152.938975909492
           112.4600     -7.5600   978152.170297459001
           112.4700     -7.5600   978151.179850145709
           112.4800     -7.5600   978150.140075322008
           112.4900     -7.5600   978149.208180085290
           112.5000     -7.5600   978148.507524682558
           112.5100     -7.5600   978148.113378528622
           112.5200     -7.5600   978148.044737216085
           112.5300     -7.5600   978148.263127394719
           112.5400     -7.5600   978148.678452052060
           112.5500     -7.5600   978149.161056246725
           112.5600     -7.5600   978149.558432581602
           112.5700     -7.5600   978149.714431553846
           112.5800     -7.5600   978149.488562385901
           112.5900     -7.5600   978148.772997664521
           112.6000     -7.5600   978147.505223374115
           112.6100     -7.5600   978145.674859848339
           112.6200     -7.5600   978143.323941675480
           112.6300     -7.5600   978140.540786496247
           112.6400     -7.5600   978137.448395369458
           112.6500     -7.5600   978134.189007115783
           112.6600     -7.5600   978130.906889822450
           112.6700     -7.5600   978127.731637420133
           112.6800     -7.5600   978124.764126910944
           112.6900     -7.5600   978122.066899995320
           112.7000     -7.5600   978119.660115178209
           112.7100     -7.5600   978117.523455654620
           112.7200     -7.5600   978115.603575195884
           112.7300     -7.5600   978113.825924735051
           112.7400     -7.5600   978112.109223342151
           112.7500     -7.5600   978110.380494365352
           112.7600     -7.5600   978108.588525036233
           112.7700     -7.5600   978106.713833215181
           112.7800     -7.5600   978104.773707807413
           112.7900     -7.5600   978102.821565581951
           112.8000     -7.5600   978100.940647094976
           112.8100     -7.5600   978099.232854970032
           112.8200     -7.5600   978097.804215375683
           112.8300     -7.5600   978096.748927945620
           112.8400     -7.5600   978096.134195301333
           112.8500     -7.5600   978095.987959155114
           112.8600     -7.5600   978096.291321764817
           112.8700     -7.5600   978096.976842640783
           112.8800     -7.5600   978097.933145833085
           112.8900     -7.5600   978099.015449948958
           112.9000     -7.5600   978100.060847892659
           112.9100     -7.5600   978100.906518724631
           112.9200     -7.5600   978101.408634926775
           112.9300     -7.5600   978101.459591335268
           112.9400     -7.5600   978101.001347570564
           112.9500     -7.5600   978100.033125898335
           112.9600     -7.5600   978098.612386382767
           112.9700     -7.5600   978096.848826589878
           112.9800     -7.5600   978094.892020469881
           112.9900     -7.5600   978092.914110999671
           113.0000     -7.5600   978091.089602119755
           112.0000     -7.5700   978094.009622743120
           112.0100     -7.5700   978094.084859081078
           112.0200     -7.5700   978094.282427454833
           112.0300     -7.5700   978094.471902381862
           112.0400     -7.5700   978094.531587419217
           112.0500     -7.5700   978094.364636618062
           112.0600     -7.5700   978093.912754555466
           112.0700     -7.5700   978093.165581733221
           112.0800     -7.5700   978092.164377184352
           112.0900     -7.5700   978090.999313140986
           112.1000     -7.5700   978089.800508313463
           112.1100     -7.5700   978088.723741673282
           112.1200     -7.5700   978087.932500315714
           112.1300     -7.5700   978087.578527728794
           112.1400     -7.5700   978087.783281856682
           112.1500     -7.5700   978088.622649185127
           112.1600     -7.5700   978090.116894591018
           112.1700     -7.5700   978092.227199253044
           112.1800     -7.5700   978094.859327447833
           112.1900     -7.5700   978097.874069289886
           112.2000     -7.5700   978101.103244209429
           112.2100     -7.5700   978104.369330235408
           112.2200     -7.5700   978107.506301039597
           112.2300     -7.5700   978110.379070859519
           112.2400     -7.5700   978112.899093635031
           112.2500     -7.5700   978115.034121982753
           112.2600     -7.5700   978116.810848876252
           112.2700     -7.5700   978118.310041593155
           112.2800     -7.5700   978119.654722657287
           112.2900     -7.5700   978120.992836786783
           112.3000     -7.5700   978122.476553600747
           112.3100     -7.5700   978124.240801436594
           112.3200     -7.5700   978126.383749430650
           112.3300     -7.5700   978128.951734954957
           112.3400     -7.5700   978131.930596735794
           112.3500     -7.5700   978135.244585952722
           112.3600     -7.5700   978138.763086041203
           112.3700     -7.5700   978142.314394467627
           112.3800     -7.5700   978145.704929300002
           112.3900     -7.5700   978148.741532406886
           112.4000     -7.5700   978151.254137323005
           112.4100     -7.5700   978153.116005127435
           112.4200     -7.5700   978154.259015441639
           112.4300     -7.5700   978154.682097433601
           112.4400     -7.5700   978154.451723622507
           112.4500     -7.5700   978153.694363086368
           112.4600     -7.5700   978152.581779081258
           112.4700     -7.5700   978151.310935765039
           112.4800     -7.5700   978150.080939980689
           112.4900     -7.5700   978149.069804567844
           112.5000     -7.5700   978148.413834829931
           112.5100     -7.5700   978148.192108409712
           112.5200     -7.5700   978148.417883174960
           112.5300     -7.5700   978149.037908283994
           112.5400     -7.5700   978149.939638666459
           112.5500     -7.5700   978150.965385286137
           112.5600     -7.5700   978151.931593762944
           112.5700     -7.5700   978152.650836608605
           112.5800     -7.5700   978152.953803896904
           112.5900     -7.5700   978152.708618834266
           112.6000     -7.5700   978151.835180248367
           112.6100     -7.5700   978150.312892956310
           112.6200     -7.5700   978148.181003385456
           112.6300     -7.5700   978145.531701239641
           112.6400     -7.5700   978142.497057734407
           112.6500     -7.5700   978139.231631434755
           112.6600     -7.5700   978135.893088291981
           112.6700     -7.5700   978132.623389378306
           112.6800     -7.5700   978129.532974331058
           112.6900     -7.5700   978126.689929799293
           112.7000     -7.5700   978124.115439659683
           112.7100     -7.5700   978121.785959352739
           112.7200     -7.5700   978119.641652784310
           112.7300     -7.5700   978117.599795190385
           112.7400     -7.5700   978115.571188076981
           112.7500     -7.5700   978113.477238292922
           112.7600     -7.5700   978111.265273323981
           112.7700     -7.5700   978108.919908987707
           112.7800     -7.5700   978106.468821426970
           112.7900     -7.5700   978103.982032359578
           112.8000     -7.5700   978101.564695646404
           112.8100     -7.5700   978099.344259190140
           112.8200     -7.5700   978097.453652494587
           112.8300     -7.5700   978096.012714459561
           112.8400     -7.5700   978095.110352807329
           112.8500     -7.5700   978094.789877647185
           112.8600     -7.5700   978095.039580845507
           112.8700     -7.5700   978095.789985587238
           112.8800     -7.5700   978096.918348372332
           112.8900     -7.5700   978098.260065897834
           112.9000     -7.5700   978099.625741054304
           112.9100     -7.5700   978100.821911507403
           112.9200     -7.5700   978101.672938720556
           112.9300     -7.5700   978102.041361718089
           112.9400     -7.5700   978101.844165865099
           112.9500     -7.5700   978101.062886823784
           112.9600     -7.5700   978099.746206838056
           112.9700     -7.5700   978098.004613659112
           112.9800     -7.5700   978095.997668082127
           112.9900     -7.5700   978093.915342189022
           113.0000     -7.5700   978091.955631902674
           112.0000     -7.5800   978093.687069807551
           112.0100     -7.5800   978093.718672833056
           112.0200     -7.5800   978093.896229411941
           112.0300     -7.5800   978094.082635820960
           112.0400     -7.5800   978094.149941982003
           112.0500     -7.5800   978093.996248561423
           112.0600     -7.5800   978093.559985851403
           112.0700     -7.5800   978092.829606185202
           112.0800     -7.5800   978091.847261999268
           112.0900     -7.5800   978090.705786010018
           112.1000     -7.5800   978089.539143810398
           112.1100     -7.5800   978088.507381791016
           112.1200     -7.5800   978087.777832247666
           112.1300     -7.5800   978087.504863550304
           112.1400     -7.5800   978087.810703308554
           112.1500     -7.5800   978088.769779877504
           112.1600     -7.5800   978090.398627238465
           112.1700     -7.5800   978092.652726681554
           112.1800     -7.5800   978095.430798349087
           112.1900     -7.5800   978098.586114787264
           112.2000     -7.5800   978101.943507447140
           112.2100     -7.5800   978105.319992340053
           112.2200     -7.5800   978108.546450802358
           112.2300     -7.5800   978111.487632150180
           112.2400     -7.5800   978114.057922833832
           112.2500     -7.5800   978116.230833330192
           112.2600     -7.5800   978118.040928812115
           112.2700     -7.5800   978119.577876914060
           112.2800     -7.5800   978120.973286925699
           112.2900     -7.5800   978122.381942479406
           112.3000     -7.5800   978123.959765223321
           112.3100     -7.5800   978125.841294283164
           112.3200     -7.5800   978128.119565294590
           112.3300     -7.5800   978130.831007026951
           112.3400     -7.5800   978133.947372766095
           112.3500     -7.5800   978137.375860337634
           112.3600     -7.5800   978140.967555433279
           112.3700     -7.5800   978144.533285077428
           112.3800     -7.5800   978147.865023567807
           112.3900     -7.5800   978150.760271949926
           112.4000     -7.5800   978153.046426637331
           112.4100     -7.5800   978154.602116567898
           112.4200     -7.5800   978155.372828513267
           112.4300     -7.5800   978155.378816905897
           112.4400     -7.5800   978154.714225351228
           112.4500     -7.5800   978153.537417244166
           112.4600     -7.5800   978152.053590060794
           112.4700     -7.5800   978150.491697935970
           112.4800     -7.5800   978149.078411610681
           112.4900     -7.5800   978148.012215441093
           112.5000     -7.5800   978147.440731297596
           112.5100     -7.5800   978147.443969508982
           112.5200     -7.5800   978148.025485837250
           112.5300     -7.5800   978149.112460466917
           112.5400     -7.5800   978150.564630139386
           112.5500     -7.5800   978152.190932879457
           112.5600     -7.5800   978153.771799403243
           112.5700     -7.5800   978155.084360665060
           112.5800     -7.5800   978155.927518428070
           112.5900     -7.5800   978156.143883294542
           112.6000     -7.5800   978155.636012497474
           112.6100     -7.5800   978154.375121644349
           112.6200     -7.5800   978152.401405037381
           112.6300     -7.5800   978149.816155803390
           112.6400     -7.5800   978146.766895940993
           112.6500     -7.5800   978143.427579345880
           112.6600     -7.5800   978139.976511327317
           112.6700     -7.5800   978136.574864781811
           112.6800     -7.5800   978133.348538837861
           112.6900     -7.5800   978130.375620661187
           112.7000     -7.5800   978127.680940247257
           112.7100     -7.5800   978125.238252648734
           112.7200     -7.5800   978122.979566773283
           112.7300     -7.5800   978120.810196319129
           112.7400     -7.5800   978118.627358511556
           112.7500     -7.5800   978116.339686712017
           112.7600     -7.5800   978113.884912367794
           112.7700     -7.5800   978111.243223848403
           112.7800     -7.5800   978108.444391057012
           112.7900     -7.5800   978105.567579558468
           112.8000     -7.5800   978102.733757679816
           112.8100     -7.5800   978100.091597310035
           112.8200     -7.5800   978097.798654103186
           112.8300     -7.5800   978096.000269899843
           112.8400     -7.5800   978094.808982875664
           112.8500     -7.5800   978094.287212893716
           112.8600     -7.5800   978094.435610722750
           112.8700     -7.5800   978095.188766532810
           112.8800     -7.5800   978096.419052375713
           112.8900     -7.5800   978097.948341715150
           112.9000     -7.5800   978099.566337850178
           112.9100     -7.5800   978101.053381559323
           112.9200     -7.5800   978102.205007362762
           112.9300     -7.5800   978102.855255604605
           112.9400     -7.5800   978102.895859654527
           112.9500     -7.5800   978102.288902192842
           112.9600     -7.5800   978101.071314275381
           112.9700     -7.5800   978099.350579526043
           112.9800     -7.5800   978097.292080686893
           112.9900     -7.5800   978095.099553028122
           113.0000     -7.5800   978092.990960577619
           112.0000     -7.5900   978093.944305501180
           112.0100     -7.5900   978093.848099460360
           112.0200     -7.5900   978093.921649622149
           112.0300     -7.5900   978094.025372317992
           112.0400     -7.5900   978094.028939219075
           112.0500     -7.5900   978093.828678045771
           112.0600     -7.5900   978093.362197225098
           112.0700     -7.5900   978092.618210983695
           112.0800     -7.5900   978091.640112577705
           112.0900     -7.5900   978090.522623170633
           112.1000     -7.5900   978089.401732902043
           112.1100     -7.5900   978088.439033255912
           112.1200     -7.5900   978087.802299071453
           112.1300     -7.5900   978087.644711751258
           112.1400     -7.5900   978088.085347737535
           112.1500     -7.5900   978089.193451724481
           112.1600     -7.5900   978090.978579552961
           112.1700     -7.5900   978093.387981862295
           112.1800     -7.5900   978096.311694284668
           112.1900     -7.5900   978099.594817632344
           112.2000     -7.5900   978103.055538338493
           112.2100     -7.5900   978106.506677151076
           112.2200     -7.5900   978109.778064163984
           112.2300     -7.5900   978112.736888346262
           112.2400     -7.5900   978115.303384472383
           112.2500     -7.5900   978117.459777769400
           112.2600     -7.5900   978119.251240224577
           112.2700     -7.5900   978120.778619467979
           112.2800     -7.5900   978122.183754930622
           112.2900     -7.5900   978123.629162248806
           112.3000     -7.5900   978125.274620698765
           112.3100     -7.5900   978127.253640292329
           112.3200     -7.5900   978129.652853997191
           112.3300     -7.5900   978132.497062134440
           112.3400     -7.5900   978135.741985238041
           112.3500     -7.5900   978139.275838804548
           112.3600     -7.5900   978142.929744198336
           112.3700     -7.5900   978146.495871626190
           112.3800     -7.5900   978149.751214597374
           112.3900     -7.5900   978152.484147864394
           112.4000     -7.5900   978154.520519602811
           112.4100     -7.5900   978155.746027922025
           112.4200     -7.5900   978156.122036325629
           112.4300     -7.5900   978155.692746211309
           112.4400     -7.5900   978154.582675377256
           112.4500     -7.5900   978152.984564080602
           112.4600     -7.5900   978151.139000114636
           112.4700     -7.5900   978149.308076635120
           112.4800     -7.5900   978147.746143400436
           112.4900     -7.5900   978146.671089642216
           112.5000     -7.5900   978146.239556198823
           112.5100     -7.5900   978146.529018970206
           112.5200     -7.5900   978147.528869879898
           112.5300     -7.5900   978149.141545083141
           112.5400     -7.5900   978151.193545504357
           112.5500     -7.5900   978153.455010375008
           112.5600     -7.5900   978155.665486299898
           112.5700     -7.5900   978157.562807701062
           112.5800     -7.5900   978158.911658057827
           112.5900     -7.5900   978159.528456389671
           112.6000     -7.5900   978159.299698573072
           112.6100     -7.5900   978158.191715953639
           112.6200     -7.5900   978156.250888846815
           112.6300     -7.5900   978153.594534723321
           112.6400     -7.5900   978150.393832180300
           112.6500     -7.5900   978146.851100131636
           112.6600     -7.5900   978143.174408508698
           112.6700     -7.5900   978139.552772148745
           112.6800     -7.5900   978136.135041842936
           112.6900     -7.5900   978133.015076456009
           112.7000     -7.5900   978130.224927806994
           112.7100     -7.5900   978127.736706403666
           112.7200     -7.5900   978125.472658239654
           112.7300     -7.5900   978123.321916629910
           112.7400     -7.5900   978121.161534601706
           112.7500     -7.5900   978118.878861767240
           112.7600     -7.5900   978116.392172971740
           112.7700     -7.5900   978113.666702992516
           112.7800     -7.5900   978110.723859152058
           112.7900     -7.5900   978107.642291439231
           112.8000     -7.5900   978104.550580262206
           112.8100     -7.5900   978101.612415873911
           112.8200     -7.5900   978099.006147219683
           112.8300     -7.5900   978096.901341915596
           112.8400     -7.5900   978095.435424286057
           112.8500     -7.5900   978094.693489042809
           112.8600     -7.5900   978094.694018774782
           112.8700     -7.5900   978095.382509532385
           112.8800     -7.5900   978096.634021331440
           112.8900     -7.5900   978098.264544196776
           112.9000     -7.5900   978100.049948100699
           112.9100     -7.5900   978101.750309494557
           112.9200     -7.5900   978103.136702391901
           112.9300     -7.5900   978104.017198458780
           112.9400     -7.5900   978104.258883127943
           112.9500     -7.5900   978103.803157106624
           112.9600     -7.5900   978102.672398197232
           112.9700     -7.5900   978100.967107390868
           112.9800     -7.5900   978098.853825395228
           112.9900     -7.5900   978096.545236565988
           113.0000     -7.5900   978094.274835979682
           112.0000     -7.6000   978094.736334755202
           112.0100     -7.6000   978094.437670030515
           112.0200     -7.6000   978094.330987719703
           112.0300     -7.6000   978094.278687596088
           112.0400     -7.6000   978094.152233058936
           112.0500     -7.6000   978093.849756559357
           112.0600     -7.6000   978093.310772427823
           112.0700     -7.6000   978092.525939877029
           112.0800     -7.6000   978091.540416191332
           112.0900     -7.6000   978090.450148920296
           112.1000     -7.6000   978089.391372669023
           112.1100     -7.6000   978088.524480793742
           112.1200     -7.6000   978088.014214331051
           112.1300     -7.6000   978088.008644457557
           112.1400     -7.6000   978088.619644938502
           112.1500     -7.6000   978089.907421644311
           112.1600     -7.6000   978091.871197086992
           112.1700     -7.6000   978094.447393726790
           112.1800     -7.6000   978097.515713755041
           112.1900     -7.6000   978100.912495229626
           112.2000     -7.6000   978104.449766494217
           112.2100     -7.6000   978107.937648825231
           112.2200     -7.6000   978111.207275369437
           112.2300     -7.6000   978114.131270671147
           112.2400     -7.6000   978116.639092264581
           112.2500     -7.6000   978118.725147624151
           112.2600     -7.6000   978120.448493720382
           112.2700     -7.6000   978121.923992311116
           112.2800     -7.6000   978123.305897710961
           112.2900     -7.6000   978124.765853786841
           112.3000     -7.6000   978126.468042889377
           112.3100     -7.6000   978128.544658697792
           112.3200     -7.6000   978131.074906285037
           112.3300     -7.6000   978134.070354689145
           112.3400     -7.6000   978137.468720639474
           112.3500     -7.6000   978141.137135196826
           112.3600     -7.6000   978144.884763424285
           112.3700     -7.6000   978148.483457882423
           112.3800     -7.6000   978151.694080000976
           112.3900     -7.6000   978154.295353597379
           112.4000     -7.6000   978156.111723272828
           112.4100     -7.6000   978157.036732153501
           112.4200     -7.6000   978157.048909775447
           112.4300     -7.6000   978156.218018792802
           112.4400     -7.6000   978154.700647269725
           112.4500     -7.6000   978152.725414194749
           112.4600     -7.6000   978150.569322863477
           112.4700     -7.6000   978148.527893369203
           112.4800     -7.6000   978146.882494628197
           112.4900     -7.6000   978145.868678001454
           112.5000     -7.6000   978145.649238111917
           112.5100     -7.6000   978146.295197596541
           112.5200     -7.6000   978147.776993036387
           112.5300     -7.6000   978149.966939529986
           112.5400     -7.6000   978152.652716913610
           112.5500     -7.6000   978155.560314225033
           112.5600     -7.6000   978158.383750400157
           112.5700     -7.6000   978160.818095168215
           112.5800     -7.6000   978162.591941466671
           112.5900     -7.6000   978163.495574245811
           112.6000     -7.6000   978163.401627460145
           112.6100     -7.6000   978162.275952738011
           112.6200     -7.6000   978160.177623723866
           112.6300     -7.6000   978157.248320672195
           112.6400     -7.6000   978153.692617516266
           112.6500     -7.6000   978149.751771217328
           112.6600     -7.6000   978145.674359123572
           112.6700     -7.6000   978141.687434376217
           112.6800     -7.6000   978137.971735144500
           112.6900     -7.6000   978134.643910916289
           112.7000     -7.6000   978131.747793344315
           112.7100     -7.6000   978129.255560391932
           112.7200     -7.6000   978127.078370813048
           112.7300     -7.6000   978125.084842362674
           112.7400     -7.6000   978123.124763023807
           112.7500     -7.6000   978121.054782990599
           112.7600     -7.6000   978118.762615157641
           112.7700     -7.6000   978116.186498738942
           112.7800     -7.6000   978113.327323004371
           112.7900     -7.6000   978110.251782095991
           112.8000     -7.6000   978107.086111994809
           112.8100     -7.6000   978104.001195744378
           112.8200     -7.6000   978101.190955333877
           112.8300     -7.6000   978098.846833901480
           112.8400     -7.6000   978097.131697472651
           112.8500     -7.6000   978096.156584385666
           112.8600     -7.6000   978095.963390140678
           112.8700     -7.6000   978096.515838683234
           112.8800     -7.6000   978097.700051311520
           112.8900     -7.6000   978099.334813164896
           112.9000     -7.6000   978101.190407892456
           112.9100     -7.6000   978103.013799179578
           112.9200     -7.6000   978104.557121380232
           112.9300     -7.6000   978105.606003818219
           112.9400     -7.6000   978106.004249744932
           112.9500     -7.6000   978105.671822242555
           112.9600     -7.6000   978104.613901701290
           112.9700     -7.6000   978102.919871370657
           112.9800     -7.6000   978100.752322587534
           112.9900     -7.6000   978098.327395703760
           113.0000     -7.6000   978095.888834163314
           112.0000     -7.6100   978095.993750144262
           112.0100     -7.6100   978095.433512224932
           112.0200     -7.6100   978095.084228719352
           112.0300     -7.6100   978094.814698983915
           112.0400     -7.6100   978094.502359711798
           112.0500     -7.6100   978094.050785189145
           112.0600     -7.6100   978093.404219012591
           112.0700     -7.6100   978092.557068846538
           112.0800     -7.6100   978091.556914038607
           112.0900     -7.6100   978090.500407109270
           112.1000     -7.6100   978089.522386961733
           112.1100     -7.6100   978088.779440518352
           112.1200     -7.6100   978088.429926623357
           112.1300     -7.6100   978088.613004196319
           112.1400     -7.6100   978089.429409489967
           112.1500     -7.6100   978090.926570337731
           112.1600     -7.6100   978093.090141070192
           112.1700     -7.6100   978095.843249174883
           112.1800     -7.6100   978099.053762091091
           112.1900     -7.6100   978102.548835139140
           112.2000     -7.6100   978106.135026033386
           112.2100     -7.6100   978109.621487518423
           112.2200     -7.6100   978112.843283454422
           112.2300     -7.6100   978115.681782992091
           112.2400     -7.6100   978118.079392577172
           112.2500     -7.6100   978120.046555468114
           112.2600     -7.6100   978121.659904318047
           112.2700     -7.6100   978123.051576561644
           112.2800     -7.6100   978124.390853105346
           112.2900     -7.6100   978125.860310037388
           112.3000     -7.6100   978127.629445269355
           112.3100     -7.6100   978129.829151942511
           112.3200     -7.6100   978132.530397189199
           112.3300     -7.6100   978135.730020500254
           112.3400     -7.6100   978139.345737588592
           112.3500     -7.6100   978143.221320303972
           112.3600     -7.6100   978147.141656301450
           112.3700     -7.6100   978150.856131181004
           112.3800     -7.6100   978154.107680123067
           112.3900     -7.6100   978156.664067145670
           112.4000     -7.6100   978158.347573185340
           112.4100     -7.6100   978159.059364535147
           112.4200     -7.6100   978158.795368291787
           112.4300     -7.6100   978157.651440976886
           112.4400     -7.6100   978155.816868621972
           112.4500     -7.6100   978153.556631684536
           112.4600     -7.6100   978151.184236677946
           112.4700     -7.6100   978149.028089822037
           112.4800     -7.6100   978147.395219695056
           112.4900     -7.6100   978146.536539476016
           112.5000     -7.6100   978146.617722484050
           112.5100     -7.6100   978147.699155965354
           112.5200     -7.6100   978149.727406597347
           112.5300     -7.6100   978152.539298634743
           112.5400     -7.6100   978155.878231567447
           112.5500     -7.6100   978159.420926457504
           112.5600     -7.6100   978162.811563094379
           112.5700     -7.6100   978165.699402901228
           112.5800     -7.6100   978167.775590670411
           112.5900     -7.6100   978168.804940500879
           112.6000     -7.6100   978168.649123780080
           112.6100     -7.6100   978167.278714722721
           112.6200     -7.6100   978164.772885061335
           112.6300     -7.6100   978161.307011040859
           112.6400     -7.6100   978157.129883861868
           112.6500     -7.6100   978152.533425924834
           112.6600     -7.6100   978147.818663598504
           112.6700     -7.6100   978143.262091754237
           112.6800     -7.6100   978139.086442347732
           112.6900     -7.6100   978135.439258025610
           112.7000     -7.6100   978132.381651317002
           112.7100     -7.6100   978129.888329931069
           112.7200     -7.6100   978127.858552356018
           112.7300     -7.6100   978126.136322111823
           112.7400     -7.6100   978124.537001698976
           112.7500     -7.6100   978122.876766865957
           112.7600     -7.6100   978121.001019856893
           112.7700     -7.6100   978118.808070408180
           112.7800     -7.6100   978116.265047263005
           112.7900     -7.6100   978113.414034832618
           112.8000     -7.6100   978110.367706609075
           112.8100     -7.6100   978107.295086442376
           112.8200     -7.6100   978104.399338871357
           112.8300     -7.6100   978101.890510657569
           112.8400     -7.6100   978099.956789894844
           112.8500     -7.6100   978098.738036985276
           112.8600     -7.6100   978098.305051548639
           112.8700     -7.6100   978098.647309513181
           112.8800     -7.6100   978099.670828905073
           112.8900     -7.6100   978101.206538247876
           112.9000     -7.6100   978103.028190758312
           112.9100     -7.6100   978104.877658624435
           112.9200     -7.6100   978106.494506511837
           112.9300     -7.6100   978107.646198872360
           112.9400     -7.6100   978108.155208862969
           112.9500     -7.6100   978107.919677144033
           112.9600     -7.6100   978106.925067333505
           112.9700     -7.6100   978105.245380141307
           112.9800     -7.6100   978103.033779757912
           112.9900     -7.6100   978100.503792119329
           113.0000     -7.6100   978097.903392426786
           112.0000     -7.6200   978097.629346847185
           112.0100     -7.6200   978096.768381178146
           112.0200     -7.6200   978096.132682063384
           112.0300     -7.6200   978095.601493913913
           112.0400     -7.6200   978095.062122048694
           112.0500     -7.6200   978094.427024452481
           112.0600     -7.6200   978093.647895906470
           112.0700     -7.6200   978092.724687366514
           112.0800     -7.6200   978091.708137858775
           112.0900     -7.6200   978090.695243248134
           112.1000     -7.6200   978089.818035626900
           112.1100     -7.6200   978089.226972207427
           112.1200     -7.6200   978089.071007350693
           112.1300     -7.6200   978089.476937237429
           112.1400     -7.6200   978090.530787400785
           112.1500     -7.6200   978092.263826017966
           112.1600     -7.6200   978094.645246042288
           112.1700     -7.6200   978097.582730062772
           112.1800     -7.6200   978100.931096329470
           112.1900     -7.6200   978104.508153075119
           112.2000     -7.6200   978108.115901910583
           112.2100     -7.6200   978111.564462622395
           112.2200     -7.6200   978114.695648425375
           112.2300     -7.6200   978117.403069666121
           112.2400     -7.6200   978119.646002260502
           112.2500     -7.6200   978121.454988773912
           112.2600     -7.6200   978122.928159466013
           112.2700     -7.6200   978124.218442688347
           112.2800     -7.6200   978125.513029592694
           112.2900     -7.6200   978127.007512509124
           112.3000     -7.6200   978128.877889466588
           112.3100     -7.6200   978131.254011768848
           112.3200     -7.6200   978134.197987294174
           112.3300     -7.6200   978137.690535361180
           112.3400     -7.6200   978141.627373505034
           112.3500     -7.6200   978145.826508461498
           112.3600     -7.6200   978150.045948930667
           112.3700     -7.6200   978154.010023986804
           112.3800     -7.6200   978157.441347210668
           112.3900     -7.6200   978160.094661094830
           112.4000     -7.6200   978161.788438046467
           112.4100     -7.6200   978162.430258481530
           112.4200     -7.6200   978162.032626529806
           112.4300     -7.6200   978160.716951414244
           112.4400     -7.6200   978158.704795015976
           112.4500     -7.6200   978156.297001004801
           112.4600     -7.6200   978153.842795336153
           112.4700     -7.6200   978151.702200998785
           112.4800     -7.6200   978150.205984927597
           112.4900     -7.6200   978149.617739290232
           112.5000     -7.6200   978150.102538598585
           112.5100     -7.6200   978151.705919870175
           112.5200     -7.6200   978154.345782310702
           112.5300     -7.6200   978157.818329110974
           112.5400     -7.6200   978161.817551147542
           112.5500     -7.6200   978165.966174374684
           112.5600     -7.6200   978169.854649230256
           112.5700     -7.6200   978173.083813749719
           112.5800     -7.6200   978175.306427244912
           112.5900     -7.6200   978176.262901709182
           112.6000     -7.6200   978175.807238736772
           112.6100     -7.6200   978173.920329397544
           112.6200     -7.6200   978170.709255327121
           112.6300     -7.6200   978166.392863617977
           112.6400     -7.6200   978161.275479981094
           112.6500     -7.6200   978155.711983744637
           112.6600     -7.6200   978150.068432861124
           112.6700     -7.6200   978144.682883748668
           112.6800     -7.6200   978139.830948142800
           112.6900     -7.6200   978135.699983970728
           112.7000     -7.6200   978132.374712356017
           112.7100     -7.6200   978129.835626651300
           112.7200     -7.6200   978127.969988635974
           112.7300     -7.6200   978126.593684898573
           112.7400     -7.6200   978125.480928563862
           112.7500     -7.6200   978124.397893124027
           112.7600     -7.6200   978123.135961894644
           112.7700     -7.6200   978121.540412239148
           112.7800     -7.6200   978119.531004844466
           112.7900     -7.6200   978117.112028179341
           112.8000     -7.6200   978114.370717901038
           112.8100     -7.6200   978111.464456884889
           112.8200     -7.6200   978108.598577577621
           112.8300     -7.6200   978105.997758722748
           112.8400     -7.6200   978103.874789587571
           112.8500     -7.6200   978102.400772757712
           112.8600     -7.6200   978101.680618603132
           112.8700     -7.6200   978101.736982580973
           112.8800     -7.6200   978102.504702961771
           112.8900     -7.6200   978103.836451899726
           112.9000     -7.6200   978105.518888063263
           112.9100     -7.6200   978107.297273899545
           112.9200     -7.6200   978108.905460765120
           112.9300     -7.6200   978110.097481659031
           112.9400     -7.6200   978110.676804313436
           112.9500     -7.6200   978110.519606817164
           112.9600     -7.6200   978109.589201083174
           112.9700     -7.6200   978107.939847378526
           112.9800     -7.6200   978105.709533154382
           112.9900     -7.6200   978103.102663571131
           113.0000     -7.6200   978100.364857342211
           112.0000     -7.6300   978099.546401244705
           112.0100     -7.6300   978098.368012086023
           112.0200     -7.6300   978097.423574226908
           112.0300     -7.6300   978096.606140624266
           112.0400     -7.6300   978095.816203091177
           112.0500     -7.6300   978094.978096912731
           112.0600     -7.6300   978094.053388874629
           112.0700     -7.6300   978093.049224334070
           112.0800     -7.6300   978092.020255045267
           112.0900     -7.6300   978091.063626447227
           112.1000     -7.6300   978090.307458130294
           112.1100     -7.6300   978089.894175250200
           112.1200     -7.6300   978089.960814083344
           112.1300     -7.6300   978090.618922444177
           112.1400     -7.6300   978091.936829763814
           112.1500     -7.6300   978093.926841277862
           112.1600     -7.6300   978096.539334840607
           112.1700     -7.6300   978099.664874650538
           112.1800     -7.6300   978103.144411470159
           112.1900     -7.6300   978106.786548731034
           112.2000     -7.6300   978110.389862895245
           112.2100     -7.6300   978113.767510059872
           112.2200     -7.6300   978116.770936978981
           112.2300     -7.6300   978119.309509092127
           112.2400     -7.6300   978121.363284340012
           112.2500     -7.6300   978122.986958092428
           112.2600     -7.6300   978124.304088963429
           112.2700     -7.6300   978125.491955022677
           112.2800     -7.6300   978126.758628366166
           112.2900     -7.6300   978128.314932261361
           112.3000     -7.6300   978130.344714652165
           112.3100     -7.6300   978132.977225592476
           112.3200     -7.6300   978136.265265499125
           112.3300     -7.6300   978140.172176510328
           112.3400     -7.6300   978144.569741880987
           112.3500     -7.6300   978149.247753843549
           112.3600     -7.6300   978153.934565107222
           112.3700     -7.6300   978158.326531612081
           112.3800     -7.6300   978162.123062418541
           112.3900     -7.6300   978165.063172169263
           112.4000     -7.6300   978166.959094949649
           112.4100     -7.6300   978167.722720433376
           112.4200     -7.6300   978167.381342946552
           112.4300     -7.6300   978166.080394967925
           112.4400     -7.6300   978164.072334704222
           112.4500     -7.6300   978161.692497037700
           112.4600     -7.6300   978159.324301741552
           112.4700     -7.6300   978157.357548638014
           112.4800     -7.6300   978156.144449361367
           112.4900     -7.6300   978155.958430132363
           112.5000     -7.6300   978156.960533166886
           112.5100     -7.6300   978159.177460605861
           112.5200     -7.6300   978162.494029000169
           112.5300     -7.6300   978166.661179965013
           112.5400     -7.6300   978171.318912986666
           112.5500     -7.6300   978176.031779733486
           112.5600     -7.6300   978180.333111517248
           112.5700     -7.6300   978183.773118959041
           112.5800     -7.6300   978185.965530553483
           112.5900     -7.6300   978186.627583227819
           112.6000     -7.6300   978185.608927881811
           112.6100     -7.6300   978182.906278907554
           112.6200     -7.6300   978178.662269798573
           112.6300     -7.6300   978173.148784342455
           112.6400     -7.6300   978166.736801122897
           112.6500     -7.6300   978159.856309640571
           112.6600     -7.6300   978152.950950772385
           112.6700     -7.6300   978146.432575477753
           112.6800     -7.6300   978140.640843141708
           112.6900     -7.6300   978135.812308165245
           112.7000     -7.6300   978132.062255777535
           112.7100     -7.6300   978129.380992463906
           112.7200     -7.6300   978127.644563034642
           112.7300     -7.6300   978126.638165276498
           112.7400     -7.6300   978126.089068443747
           112.7500     -7.6300   978125.704786893213
           112.7600     -7.6300   978125.211736435536
           112.7700     -7.6300   978124.389663929120
           112.7800     -7.6300   978123.097773489426
           112.7900     -7.6300   978121.289589367690
           112.8000     -7.6300   978119.015052068047
           112.8100     -7.6300   978116.409956962452
           112.8200     -7.6300   978113.674413215020
           112.8300     -7.6300   978111.043333013426
           112.8400     -7.6300   978108.752896266873
           112.8500     -7.6300   978107.007364484947
           112.8600     -7.6300   978105.950493888580
           112.8700     -7.6300   978105.645145301009
           112.8800     -7.6300   978106.063595865620
           112.8900     -7.6300   978107.089667504653
           112.9000     -7.6300   978108.532277124701
           112.9100     -7.6300   978110.148574354243
           112.9200     -7.6300   978111.673643381451
           112.9300     -7.6300   978112.852951949346
           112.9400     -7.6300   978113.473427101038
           112.9500     -7.6300   978113.389255580958
           112.9600     -7.6300   978112.539212921052
           112.9700     -7.6300   978110.953424492269
           112.9800     -7.6300   978108.748811444268
           112.9900     -7.6300   978106.113902190467
           113.0000     -7.6300   978103.285015757428
           112.0000     -7.6400   978101.647753937752
           112.0100     -7.6400   978100.158147184644
           112.0200     -7.6400   978098.905140682939
           112.0300     -7.6400   978097.798000603565
           112.0400     -7.6400   978096.752881995053
           112.0500     -7.6400   978095.708309871261
           112.0600     -7.6400   978094.637655524071
           112.0700     -7.6400   978093.556635769317
           112.0800     -7.6400   978092.524516858626
           112.0900     -7.6400   978091.638566566049
           112.1000     -7.6400   978091.022252482595
           112.1100     -7.6400   978090.808601183235
           112.1200     -7.6400   978091.120882863412
           112.1300     -7.6400   978092.053259966779
           112.1400     -7.6400   978093.654161764192
           112.1500     -7.6400   978095.914891148568
           112.1600     -7.6400   978098.765357312746
           112.1700     -7.6400   978102.077930015279
           112.1800     -7.6400   978105.679340071045
           112.1900     -7.6400   978109.369445864228
           112.2000     -7.6400   978112.944695090526
           112.2100     -7.6400   978116.223372082226
           112.2200     -7.6400   978119.069342124858
           112.2300     -7.6400   978121.411048844340
           112.2400     -7.6400   978123.252998719341
           112.2500     -7.6400   978124.677830872359
           112.2600     -7.6400   978125.838221079786
           112.2700     -7.6400   978126.939166231896
           112.2800     -7.6400   978128.212475433014
           112.2900     -7.6400   978129.886389543535
           112.3000     -7.6400   978132.154013641062
           112.3100     -7.6400   978135.144566139788
           112.3200     -7.6400   978138.901267056935
           112.3300     -7.6400   978143.369011505507
           112.3400     -7.6400   978148.393871619250
           112.3500     -7.6400   978153.735066056601
           112.3600     -7.6400   978159.088498204481
           112.3700     -7.6400   978164.119481386733
           112.3800     -7.6400   978168.501029385719
           112.3900     -7.6400   978171.953255824512
           112.4000     -7.6400   978174.279112589662
           112.4100     -7.6400   978175.391959913773
           112.4200     -7.6400   978175.331283432548
           112.4300     -7.6400   978174.264171540388
           112.4400     -7.6400   978172.471794269630
           112.4500     -7.6400   978170.321893518441
           112.4600     -7.6400   978168.229993083980
           112.4700     -7.6400   978166.613458723528
           112.4800     -7.6400   978165.843505643541
           112.4900     -7.6400   978166.200637067319
           112.5000     -7.6400   978167.838744177599
           112.5100     -7.6400   978170.762222299702
           112.5200     -7.6400   978174.819053365500
           112.5300     -7.6400   978179.711028384394
           112.5400     -7.6400   978185.020340602496
           112.5500     -7.6400   978190.249897566973
           112.5600     -7.6400   978194.873101040372
           112.5700     -7.6400   978198.387718493468
           112.5800     -7.6400   978200.367954732152
           112.5900     -7.6400   978200.508991418756
           112.6000     -7.6400   978198.659080729820
           112.6100     -7.6400   978194.835664015496
           112.6200     -7.6400   978189.223777035368
           112.6300     -7.6400   978182.156992023112
           112.6400     -7.6400   978174.083102029050
           112.6500     -7.6400   978165.518447325914
           112.6600     -7.6400   978156.996020809049
           112.6700     -7.6400   978149.013127355720
           112.6800     -7.6400   978141.984340268071
           112.6900     -7.6400   978136.204805045272
           112.7000     -7.6400   978131.827673916356
           112.7100     -7.6400   978128.857768534683
           112.7200     -7.6400   978127.161666322383
           112.7300     -7.6400   978126.492515368504
           112.7400     -7.6400   978126.526226850692
           112.7500     -7.6400   978126.904465315398
           112.7600     -7.6400   978127.279194533709
           112.7700     -7.6400   978127.353508976637
           112.7800     -7.6400   978126.914079664159
           112.7900     -7.6400   978125.851684468566
           112.8000     -7.6400   978124.167829144397
           112.8100     -7.6400   978121.967203348991
           112.8200     -7.6400   978119.437441677088
           112.8300     -7.6400   978116.819164246088
           112.8400     -7.6400   978114.370376175269
           112.8500     -7.6400   978112.329883697559
           112.8600     -7.6400   978110.884376501082
           112.8700     -7.6400   978110.143244052189
           112.8800     -7.6400   978110.124121379107
           112.8900     -7.6400   978110.750739527633
           112.9000     -7.6400   978111.863070667372
           112.9100     -7.6400   978113.238208063180
           112.9200     -7.6400   978114.619099310949
           112.9300     -7.6400   978115.747318090056
           112.9400     -7.6400   978116.395624611760
           112.9500     -7.6400   978116.396173140733
           112.9600     -7.6400   978115.660852919449
           112.9700     -7.6400   978114.191308336332
           112.9800     -7.6400   978112.077534479438
           112.9900     -7.6400   978109.485410397872
           113.0000     -7.6400   978106.634927868145
           112.0000     -7.6500   978103.844732978614
           112.0100     -7.6500   978102.071487539914
           112.0200     -7.6500   978100.531667740783
           112.0300     -7.6500   978099.151976668858
           112.0400     -7.6500   978097.865651542321
           112.0500     -7.6500   978096.626843029750
           112.0600     -7.6500   978095.422010855633
           112.0700     -7.6500   978094.276431655977
           112.0800     -7.6500   978093.254574224469
           112.0900     -7.6500   978092.453959822771
           112.1000     -7.6500   978091.993074481143
           112.1100     -7.6500   978091.994804296526
           112.1200     -7.6500   978092.567594273249
           112.1300     -7.6500   978093.786977318348
           112.1400     -7.6500   978095.680209596409
           112.1500     -7.6500   978098.216455497430
           112.1600     -7.6500   978101.304315771558
           112.1700     -7.6500   978104.797561584506
           112.1800     -7.6500   978108.508842034033
           112.1900     -7.6500   978112.230016307440
           112.2000     -7.6500   978115.756775266957
           112.2100     -7.6500   978118.914499965496
           112.2200     -7.6500   978121.581964354031
           112.2300     -7.6500   978123.709587824997
           112.2400     -7.6500   978125.329485686612
           112.2500     -7.6500   978126.555499156704
           112.2600     -7.6500   978127.572604502202
           112.2700     -7.6500   978128.616455797455
           112.2800     -7.6500   978129.945136413444
           112.2900     -7.6500   978131.806307838764
           112.3000     -7.6500   978134.403698238079
           112.3100     -7.6500   978137.867155582062
           112.3200     -7.6500   978142.230245928396
           112.3300     -7.6500   978147.418616771116
           112.3400     -7.6500   978153.251144680893
           112.3500     -7.6500   978159.454380753567
           112.3600     -7.6500   978165.689174819388
           112.3700     -7.6500   978171.586799893528
           112.3800     -7.6500   978176.790609111544
           112.3900     -7.6500   978180.998407843523
           112.4000     -7.6500   978184.000433624373
           112.4100     -7.6500   978185.708159988862
           112.4200     -7.6500   978186.170057261596
           112.4300     -7.6500   978185.571860369178
           112.4400     -7.6500   978184.220653948141
           112.4500     -7.6500   978182.513985533267
           112.4600     -7.6500   978180.897033557296
           112.4700     -7.6500   978179.812367929262
           112.4800     -7.6500   978179.647858376848
           112.4900     -7.6500   978180.688675811514
           112.5000     -7.6500   978183.079033443006
           112.5100     -7.6500   978186.798347244272
           112.5200     -7.6500   978191.654960120562
           112.5300     -7.6500   978197.298640827881
           112.5400     -7.6500   978203.250957712065
           112.5500     -7.6500   978208.950583277969
           112.5600     -7.6500   978213.808848324232
           112.5700     -7.6500   978217.269639947102
           112.5800     -7.6500   978218.867173692677
           112.5900     -7.6500   978218.275337443920
           112.6000     -7.6500   978215.343188879546
           112.6100     -7.6500   978210.112691317569
           112.6200     -7.6500   978202.816723579192
           112.6300     -7.6500   978193.857574955327
           112.6400     -7.6500   978183.768286661245
           112.6500     -7.6500   978173.161079557962
           112.6600     -7.6500   978162.668499420513
           112.6700     -7.6500   978152.883657801780
           112.6800     -7.6500   978144.305966292508
           112.6900     -7.6500   978137.298057780485
           112.7000     -7.6500   978132.058247811277
           112.7100     -7.6500   978128.611074103741
           112.7200     -7.6500   978126.816378697986
           112.7300     -7.6500   978126.395309450920
           112.7400     -7.6500   978126.969758711522
           112.7500     -7.6500   978128.110339785926
           112.7600     -7.6500   978129.387183603016
           112.7700     -7.6500   978130.417702629231
           112.7800     -7.6500   978130.906017928733
           112.7900     -7.6500   978130.669898427790
           112.8000     -7.6500   978129.652668648050
           112.8100     -7.6500   978127.919401118183
           112.8200     -7.6500   978125.638594918768
           112.8300     -7.6500   978123.052226676606
           112.8400     -7.6500   978120.438347839052
           112.8500     -7.6500   978118.071147376788
           112.8600     -7.6500   978116.183525894769
           112.8700     -7.6500   978114.936735998373
           112.8800     -7.6500   978114.400610424578
           112.8900     -7.6500   978114.546464473708
           112.9000     -7.6500   978115.253109428333
           112.9100     -7.6500   978116.324758108589
           112.9200     -7.6500   978117.518147716182
           112.9300     -7.6500   978118.575124494266
           112.9400     -7.6500   978119.256354746409
           112.9500     -7.6500   978119.371807425981
           112.9600     -7.6500   978118.804183527827
           112.9700     -7.6500   978117.522467178060
           112.9800     -7.6500   978115.584105784539
           112.9900     -7.6500   978113.125816339278
           113.0000     -7.6500   978110.344470207230
           112.0000     -7.6600   978106.064947161591
           112.0100     -7.6600   978104.053797273431
           112.0200     -7.6600   978102.267901894404
           112.0300     -7.6600   978100.651292690891
           112.0400     -7.6600   978099.154496612377
           112.0500     -7.6600   978097.747706513270
           112.0600     -7.6600   978096.430985317100
           112.0700     -7.6600   978095.239680052269
           112.0800     -7.6600   978094.243884769036
           112.0900     -7.6600   978093.541652002139
           112.1000     -7.6600   978093.246593175572
           112.1100     -7.6600   978093.471396353911
           112.1200     -7.6600   978094.309495485737
           112.1300     -7.6600   978095.817540545017
           112.1400     -7.6600   978098.001371514751
           112.1500     -7.6600   978100.807867632597
           112.1600     -7.6600   978104.124356156448
           112.1700     -7.6600   978107.786301849061
           112.1800     -7.6600   978111.592880337033
           112.1900     -7.6600   978115.328912498895
           112.2000     -7.6600   978118.790657036472
           112.2100     -7.6600   978121.812264878652
           112.2200     -7.6600   978124.289399611298
           112.2300     -7.6600   978126.196681912872
           112.2400     -7.6600   978127.596224184847
           112.2500     -7.6600   978128.635525275720
           112.2600     -7.6600   978129.534280842752
           112.2700     -7.6600   978130.561077338411
           112.2800     -7.6600   978132.002298726467
           112.2900     -7.6600   978134.126706019044
           112.3000     -7.6600   978137.149894268834
           112.3100     -7.6600   978141.203076777747
           112.3200     -7.6600   978146.310338608455
           112.3300     -7.6600   978152.377656021854
           112.3400     -7.6600   978159.195679338998
           112.3500     -7.6600   978166.456668564468
           112.3600     -7.6600   978173.784242936526
           112.3700     -7.6600   978180.772968123900
           112.3800     -7.6600   978187.033464780194
           112.3900     -7.6600   978192.237856131396
           112.4000     -7.6600   978196.160103866830
           112.4100     -7.6600   978198.706164656556
           112.4200     -7.6600   978199.929909824510
           112.4300     -7.6600   978200.032286473899
           112.4400     -7.6600   978199.343091381248
           112.4500     -7.6600   978198.286762931035
           112.4600     -7.6600   978197.335532007506
           112.4700     -7.6600   978196.954876312171
           112.4800     -7.6600   978197.547293890850
           112.4900     -7.6600   978199.400809363928
           112.5000     -7.6600   978202.648286058684
           112.5100     -7.6600   978207.242561015650
           112.5200     -7.6600   978212.950755439233
           112.5300     -7.6600   978219.369022583473
           112.5400     -7.6600   978225.956714045838
           112.5500     -7.6600   978232.086736021796
           112.5600     -7.6600   978237.106986497529
           112.5700     -7.6600   978240.406434476958
           112.5800     -7.6600   978241.478782829829
           112.5900     -7.6600   978239.976825484075
           112.6000     -7.6600   978235.751554657589
           112.6100     -7.6600   978228.871691879001
           112.6200     -7.6600   978219.621426821104
           112.6300     -7.6600   978208.476512231864
           112.6400     -7.6600   978196.061213711044
           112.6500     -7.6600   978183.090683202958
           112.6600     -7.6600   978170.304880695650
           112.6700     -7.6600   978158.401035044692
           112.6800     -7.6600   978147.971717218519
           112.6900     -7.6600   978139.454893609160
           112.7000     -7.6600   978133.100920434226
           112.7100     -7.6600   978128.959500410361
           112.7200     -7.6600   978126.887377847801
           112.7300     -7.6600   978126.575259268750
           112.7400     -7.6600   978127.590376541484
           112.7500     -7.6600   978129.429491954157
           112.7600     -7.6600   978131.576156585827
           112.7700     -7.6600   978133.555774873472
           112.7800     -7.6600   978134.982512241229
           112.7900     -7.6600   978135.593234470580
           112.8000     -7.6600   978135.265335918171
           112.8100     -7.6600   978134.017290080548
           112.8200     -7.6600   978131.992800430045
           112.8300     -7.6600   978129.431299560354
           112.8400     -7.6600   978126.629024866852
           112.8500     -7.6600   978123.895825240179
           112.8600     -7.6600   978121.513131966931
           112.8700     -7.6600   978119.698144663940
           112.8800     -7.6600   978118.578306136536
           112.8900     -7.6600   978118.178705437575
           112.9000     -7.6600   978118.423345005722
           112.9100     -7.6600   978119.149452417972
           112.9200     -7.6600   978120.132427210920
           112.9300     -7.6600   978121.117779439199
           112.9400     -7.6600   978121.855680756969
           112.9500     -7.6600   978122.133586838376
           112.9600     -7.6600   978121.802804382751
           112.9700     -7.6600   978120.795797363273
           112.9800     -7.6600   978119.132324630744
           112.9900     -7.6600   978116.913999972050
           113.0000     -7.6600   978114.308370929561
           112.0000     -7.6700   978108.258090496412
           112.0100     -7.6700   978106.068458896480
           112.0200     -7.6700   978104.092283005477
           112.0300     -7.6700   978102.289413961000
           112.0400     -7.6700   978100.626585761318
           112.0500     -7.6700   978099.089351123199
           112.0600     -7.6700   978097.691050515859
           112.0700     -7.6700   978096.477078353404
           112.0800     -7.6700   978095.523376079975
           112.0900     -7.6700   978094.928939651581
           112.1000     -7.6700   978094.803059630445
           112.1100     -7.6700   978095.248882372514
           112.1200     -7.6700   978096.345561080729
           112.1300     -7.6700   978098.131648552138
           112.1400     -7.6700   978100.592399886576
           112.1500     -7.6700   978103.653282747837
           112.1600     -7.6700   978107.181267966982
           112.1700     -7.6700   978110.994478143053
           112.1800     -7.6700   978114.879631425487
           112.1900     -7.6700   978118.615582479513
           112.2000     -7.6700   978122.000289422111
           112.2100     -7.6700   978124.877865990042
           112.2200     -7.6700   978127.162119496032
           112.2300     -7.6700   978128.853184061940
           112.2400     -7.6700   978130.044532179367
           112.2500     -7.6700   978130.918721130816
           112.2600     -7.6700   978131.731583772926
           112.2700     -7.6700   978132.786043217056
           112.2800     -7.6700   978134.398132918868
           112.2900     -7.6700   978136.858953061630
           112.3000     -7.6700   978140.397030693828
           112.3100     -7.6700   978145.145760585088
           112.3200     -7.6700   978151.120234442875
           112.3300     -7.6700   978158.206837633741
           112.3400     -7.6700   978166.167596305604
           112.3500     -7.6700   978174.659547934891
           112.3600     -7.6700   978183.267584406072
           112.3700     -7.6700   978191.547500225366
           112.3800     -7.6700   978199.074585591909
           112.3900     -7.6700   978205.492218645406
           112.4000     -7.6700   978210.554660895141
           112.4100     -7.6700   978214.158698780695
           112.4200     -7.6700   978216.359874223126
           112.4300     -7.6700   978217.370698702405
           112.4400     -7.6700   978217.540269500692
           112.4500     -7.6700   978217.316873828764
           112.4600     -7.6700   978217.197223244351
           112.4700     -7.6700   978217.667659696890
           112.4800     -7.6700   978219.143804072286
           112.4900     -7.6700   978221.915528697195
           112.5000     -7.6700   978226.103758832905
           112.5100     -7.6700   978231.634468250792
           112.5200     -7.6700   978238.233444838901
           112.5300     -7.6700   978245.443157173926
           112.5400     -7.6700   978252.660602787044
           112.5500     -7.6700   978259.192642598995
           112.5600     -7.6700   978264.323298460455
           112.5700     -7.6700   978267.386049718596
           112.5800     -7.6700   978267.833482677001
           112.5900     -7.6700   978265.296810034546
           112.6000     -7.6700   978259.628775523510
           112.6100     -7.6700   978250.925185740693
           112.6200     -7.6700   978239.522576407297
           112.6300     -7.6700   978225.972071651602
           112.6400     -7.6700   978210.992046803934
           112.6500     -7.6700   978195.404471521033
           112.6600     -7.6700   978180.061537081259
           112.6700     -7.6700   978165.770167303039
           112.6800     -7.6700   978153.222168280743
           112.6900     -7.6700   978142.937075817725
           112.7000     -7.6700   978135.223296339740
           112.7100     -7.6700   978130.161079668556
           112.7200     -7.6700   978127.608449503547
           112.7300     -7.6700   978127.228727140231
           112.7400     -7.6700   978128.535998508800
           112.7500     -7.6700   978130.953048775322
           112.7600     -7.6700   978133.875119760050
           112.7700     -7.6700   978136.732450773707
           112.7800     -7.6700   978139.044968766626
           112.7900     -7.6700   978140.463631101651
           112.8000     -7.6700   978140.794642987428
           112.8100     -7.6700   978140.004856947344
           112.8200     -7.6700   978138.208861968480
           112.8300     -7.6700   978135.640326837893
           112.8400     -7.6700   978132.611841132864
           112.8500     -7.6700   978129.468614869402
           112.8600     -7.6700   978126.541841895203
           112.8700     -7.6700   978124.107273846865
           112.8800     -7.6700   978122.353646496427
           112.8900     -7.6700   978121.364180157776
           112.9000     -7.6700   978121.112630031654
           112.9100     -7.6700   978121.473514107871
           112.9200     -7.6700   978122.244424051372
           112.9300     -7.6700   978123.176934227347
           112.9400     -7.6700   978124.011724074720
           112.9500     -7.6700   978124.513212230755
           112.9600     -7.6700   978124.499284764868
           112.9700     -7.6700   978123.862527084537
           112.9800     -7.6700   978122.580616216059
           112.9900     -7.6700   978120.715025428915
           113.0000     -7.6700   978118.398739037919
           112.0000     -7.6800   978110.399128855555
           112.0100     -7.6800   978108.098950982094
           112.0200     -7.6800   978105.998579321895
           112.0300     -7.6800   978104.070793950697
           112.0400     -7.6800   978102.296165310894
           112.0500     -7.6800   978100.673815403832
           112.0600     -7.6800   978099.229180442169
           112.0700     -7.6800   978098.017128429259
           112.0800     -7.6800   978097.119454926462
           112.0900     -7.6800   978096.636635758216
           112.1000     -7.6800   978096.674636571319
           112.1100     -7.6800   978097.328431993374
           112.1200     -7.6800   978098.664542289800
           112.1300     -7.6800   978100.705246567726
           112.1400     -7.6800   978103.417111221817
           112.1500     -7.6800   978106.706062739831
           112.1600     -7.6800   978110.420471641584
           112.1700     -7.6800   978114.362686939421
           112.1800     -7.6800   978118.308297036681
           112.1900     -7.6800   978122.031247590785
           112.2000     -7.6800   978125.331978884409
           112.2100     -7.6800   978128.065097715240
           112.2200     -7.6800   978130.162878530566
           112.2300     -7.6800   978131.651150163030
           112.2400     -7.6800   978132.654861160903
           112.2500     -7.6800   978133.391758088605
           112.2600     -7.6800   978134.154030396254
           112.2700     -7.6800   978135.279302913928
           112.2800     -7.6800   978137.113800876890
           112.2900     -7.6800   978139.971682282514
           112.3000     -7.6800   978144.095264132717
           112.3100     -7.6800   978149.621046940912
           112.3200     -7.6800   978156.556015191134
           112.3300     -7.6800   978164.767684103805
           112.3400     -7.6800   978173.989873287268
           112.3500     -7.6800   978183.844378743903
           112.3600     -7.6800   978193.876796064433
           112.3700     -7.6800   978203.602951339912
           112.3800     -7.6800   978212.560948065133
           112.3900     -7.6800   978220.362929325434
           112.4000     -7.6800   978226.740416939952
           112.4100     -7.6800   978231.577577789198
           112.4200     -7.6800   978234.927950922865
           112.4300     -7.6800   978237.011930931476
           112.4400     -7.6800   978238.194453944103
           112.4500     -7.6800   978238.944630409940
           112.4600     -7.6800   978239.781246474944
           112.4700     -7.6800   978241.209852491156
           112.4800     -7.6800   978243.658349672332
           112.4900     -7.6800   978247.418416067609
           112.5000     -7.6800   978252.599708385882
           112.5100     -7.6800   978259.102560893167
           112.5200     -7.6800   978266.612996535958
           112.5300     -7.6800   978274.621472355444
           112.5400     -7.6800   978282.464165982325
           112.5500     -7.6800   978289.383068233146
           112.5600     -7.6800   978294.598970568739
           112.5700     -7.6800   978297.389879292692
           112.5800     -7.6800   978297.166636443348
           112.5900     -7.6800   978293.537675509462
           112.6000     -7.6800   978286.355881366413
           112.6100     -7.6800   978275.742349552806
           112.6200     -7.6800   978262.084251794615
           112.6300     -7.6800   978246.006747081177
           112.6400     -7.6800   978228.321628023288
           112.6500     -7.6800   978209.957855408196
           112.6600     -7.6800   978191.881036648643
           112.6700     -7.6800   978175.010036171763
           112.6800     -7.6800   978160.139144973014
           112.6900     -7.6800   978147.873561079730
           112.7000     -7.6800   978138.584424671950
           112.7100     -7.6800   978132.387487056898
           112.7200     -7.6800   978129.146920618135
           112.7300     -7.6800   978128.503089858335
           112.7400     -7.6800   978129.920603534789
           112.7500     -7.6800   978132.750930319657
           112.7600     -7.6800   978136.302503338782
           112.7700     -7.6800   978139.910697973915
           112.7800     -7.6800   978143.000381877995
           112.7900     -7.6800   978145.134846636793
           112.8000     -7.6800   978146.046687772730
           112.8100     -7.6800   978145.648384462344
           112.8200     -7.6800   978144.022680095979
           112.8300     -7.6800   978141.395105979987
           112.8400     -7.6800   978138.092870086897
           112.8500     -7.6800   978134.495647539385
           112.8600     -7.6800   978130.984428434400
           112.8700     -7.6800   978127.894456319045
           112.8800     -7.6800   978125.477470614831
           112.8900     -7.6800   978123.877073215321
           112.9000     -7.6800   978123.119262134074
           112.9100     -7.6800   978123.118241645163
           112.9200     -7.6800   978123.695767834317
           112.9300     -7.6800   978124.610741059063
           112.9400     -7.6800   978125.594687823555
           112.9500     -7.6800   978126.388294164091
           112.9600     -7.6800   978126.774294618750
           112.9700     -7.6800   978126.602740967646
           112.9800     -7.6800   978125.805858921492
           112.9900     -7.6800   978124.401181257330
           113.0000     -7.6800   978122.483224058873
           112.0000     -7.6900   978112.488532645977
           112.0100     -7.6900   978110.148948180373
           112.0200     -7.6900   978107.995674615260
           112.0300     -7.6900   978106.010255923262
           112.0400     -7.6900   978104.183524654363
           112.0500     -7.6900   978102.525335382321
           112.0600     -7.6900   978101.071223745355
           112.0700     -7.6900   978099.884430110222
           112.0800     -7.6900   978099.052402947098
           112.0900     -7.6900   978098.677752603544
           112.1000     -7.6900   978098.864540161332
           112.1100     -7.6900   978099.701623885892
           112.1200     -7.6900   978101.245418139850
           112.1300     -7.6900   978103.504740994773
           112.1400     -7.6900   978106.430371385417
           112.1500     -7.6900   978109.911489375401
           112.1600     -7.6900   978113.780373646296
           112.1700     -7.6900   978117.825670207385
           112.1800     -7.6900   978121.813358348445
           112.1900     -7.6900   978125.513381696423
           112.2000     -7.6900   978128.728945960407
           112.2100     -7.6900   978131.324855120154
           112.2200     -7.6900   978133.251071223989
           112.2300     -7.6900   978134.557992534712
           112.2400     -7.6900   978135.400740127079
           112.2500     -7.6900   978136.030948980711
           112.2600     -7.6900   978136.776042992249
           112.2700     -7.6900   978138.007557918900
           112.2800     -7.6900   978140.101563507807
           112.2900     -7.6900   978143.395429892582
           112.3000     -7.6900   978148.145915335626
           112.3100     -7.6900   978154.493704825058
           112.3200     -7.6900   978162.439051916241
           112.3300     -7.6900   978171.832096883329
           112.3400     -7.6900   978182.379856973537
           112.3500     -7.6900   978193.669980683131
           112.3600     -7.6900   978205.209346944350
           112.3700     -7.6900   978216.473713804269
           112.3800     -7.6900   978226.963114673388
           112.3900     -7.6900   978236.256762302015
           112.4000     -7.6900   978244.060988248209
           112.4100     -7.6900   978250.244275028701
           112.4200     -7.6900   978254.854695691029
           112.4300     -7.6900   978258.116938969353
           112.4400     -7.6900   978260.408368648961
           112.4500     -7.6900   978262.215989518445
           112.4600     -7.6900   978264.078489165637
           112.4700     -7.6900   978266.519421061501
           112.4800     -7.6900   978269.978854837595
           112.4900     -7.6900   978274.751277356409
           112.5000     -7.6900   978280.937105568475
           112.5100     -7.6900   978288.413892845158
           112.5200     -7.6900   978296.831298893783
           112.5300     -7.6900   978305.631362317014
           112.5400     -7.6900   978314.092842294485
           112.5500     -7.6900   978321.395693002618
           112.5600     -7.6900   978326.699409962166
           112.5700     -7.6900   978329.227311242954
           112.5800     -7.6900   978328.347987410380
           112.5900     -7.6900   978323.645276824478
           112.6000     -7.6900   978314.969194932608
           112.6100     -7.6900   978302.462157615693
           112.6200     -7.6900   978286.557384426589
           112.6300     -7.6900   978267.949270338402
           112.6400     -7.6900   978247.538456058595
           112.6500     -7.6900   978226.356983481790
           112.6600     -7.6900   978205.481002201792
           112.6700     -7.6900   978185.939767304342
           112.6800     -7.6900   978168.630000256351
           112.6900     -7.6900   978154.244041908998
           112.7000     -7.6900   978143.218687136658
           112.7100     -7.6900   978135.709332443774
           112.7200     -7.6900   978131.591348393704
           112.7300     -7.6900   978130.487714506802
           112.7400     -7.6900   978131.819245283259
           112.7500     -7.6900   978134.871488309465
           112.7600     -7.6900   978138.870827499428
           112.7700     -7.6900   978143.061630599666
           112.7800     -7.6900   978146.776494168094
           112.7900     -7.6900   978149.492711070809
           112.8000     -7.6900   978150.869869030663
           112.8100     -7.6900   978150.765761174262
           112.8200     -7.6900   978149.230279239244
           112.8300     -7.6900   978146.479379069991
           112.8400     -7.6900   978142.853285496589
           112.8500     -7.6900   978138.764616863569
           112.8600     -7.6900   978134.642908102716
           112.8700     -7.6900   978130.882032845286
           112.8800     -7.6900   978127.796299974900
           112.8900     -7.6900   978125.589644812630
           112.9000     -7.6900   978124.340536381002
           112.9100     -7.6900   978124.003212025040
           112.9200     -7.6900   978124.423877387308
           112.9300     -7.6900   978125.368807344115
           112.9400     -7.6900   978126.560043944512
           112.9500     -7.6900   978127.713738485007
           112.9600     -7.6900   978128.576177232899
           112.9700     -7.6900   978128.953133959905
           112.9800     -7.6900   978128.729303480475
           112.9900     -7.6900   978127.876026660553
           113.0000     -7.6900   978126.447120676050
           112.0000     -7.7000   978114.549567702110
           112.0100     -7.7000   978112.240024619503
           112.0200     -7.7000   978110.105476427823
           112.0300     -7.7000   978108.130979491165
           112.0400     -7.7000   978106.313011389808
           112.0500     -7.7000   978104.668406285229
           112.0600     -7.7000   978103.240084861405
           112.0700     -7.7000   978102.098093619803
           112.0800     -7.7000   978101.335154131288
           112.0900     -7.7000   978101.056782492902
           112.1000     -7.7000   978101.366950421361
           112.1100     -7.7000   978102.351086733164
           112.1200     -7.7000   978104.058831901173
           112.1300     -7.7000   978106.489253956126
           112.1400     -7.7000   978109.581146861194
           112.1500     -7.7000   978113.210549690295
           112.1600     -7.7000   978117.196789274924
           112.1700     -7.7000   978121.317255425849
           112.1800     -7.7000   978125.329902975820
           112.1900     -7.7000   978129.001299944939
           112.2000     -7.7000   978132.137071077013
           112.2100     -7.7000   978134.610967310728
           112.2200     -7.7000   978136.388631680165
           112.2300     -7.7000   978137.542482545017
           112.2400     -7.7000   978138.254982727231
           112.2500     -7.7000   978138.808828565758
           112.2600     -7.7000   978139.564137421083
           112.2700     -7.7000   978140.924353204085
           112.2800     -7.7000   978143.294122171239
           112.2900     -7.7000   978147.033613592619
           112.3000     -7.7000   978152.414499121951
           112.3100     -7.7000   978159.582940375200
           112.3200     -7.7000   978168.534416356706
           112.3300     -7.7000   978179.104080640711
           112.3400     -7.7000   978190.974682063563
           112.3500     -7.7000   978203.702090646490
           112.3600     -7.7000   978216.756370853167
           112.3700     -7.7000   978229.574388459208
           112.3800     -7.7000   978241.618369444390
           112.3900     -7.7000   978252.433855974814
           112.4000     -7.7000   978261.700268014800
           112.4100     -7.7000   978269.267837994383
           112.4200     -7.7000   978275.176005447051
           112.4300     -7.7000   978279.650311588775
           112.4400     -7.7000   978283.077213646611
           112.4500     -7.7000   978285.958781065186
           112.4600     -7.7000   978288.851648215670
           112.4700     -7.7000   978292.296594536863
           112.4800     -7.7000   978296.746456583613
           112.4900     -7.7000   978302.500570855336
           112.5000     -7.7000   978309.653518093168
           112.5100     -7.7000   978318.064610894187
           112.5200     -7.7000   978327.352464450873
           112.5300     -7.7000   978336.916335315211
           112.5400     -7.7000   978345.982994789374
           112.5500     -7.7000   978353.675047458732
           112.5600     -7.7000   978359.094135966268
           112.5700     -7.7000   978361.410675585037
           112.5800     -7.7000   978359.950849025277
           112.5900     -7.7000   978354.271677897079
           112.6000     -7.7000   978344.216075332137
           112.6100     -7.7000   978329.941764886491
           112.6200     -7.7000   978311.920613780618
           112.6300     -7.7000   978290.907986352569
           112.6400     -7.7000   978267.884843668900
           112.6500     -7.7000   978243.978156977450
           112.6600     -7.7000   978220.367455574335
           112.6700     -7.7000   978198.186748256907
           112.6800     -7.7000   978178.431489068898
           112.6900     -7.7000   978161.879659760860
           112.7000     -7.7000   978149.034485338838
           112.7100     -7.7000   978140.093963735038
           112.7200     -7.7000   978134.949540049653
           112.7300     -7.7000   978133.213208890636
           112.7400     -7.7000   978134.269421697711
           112.7500     -7.7000   978137.345725090941
           112.7600     -7.7000   978141.594319660566
           112.7700     -7.7000   978146.175879024318
           112.7800     -7.7000   978150.337075525778
           112.7900     -7.7000   978153.474281635717
           112.8000     -7.7000   978155.177713183104
           112.8100     -7.7000   978155.252627317212
           112.8200     -7.7000   978153.716805065982
           112.8300     -7.7000   978150.776134460466
           112.8400     -7.7000   978146.782377848518
           112.8500     -7.7000   978142.178914645803
           112.8600     -7.7000   978137.441228980664
           112.8700     -7.7000   978133.019080754486
           112.8800     -7.7000   978129.286674980191
           112.8900     -7.7000   978126.505835375632
           112.9000     -7.7000   978124.805377394659
           112.9100     -7.7000   978124.177797858603
           112.9200     -7.7000   978124.492309706984
           112.9300     -7.7000   978125.521398093784
           112.9400     -7.7000   978126.976666082512
           112.9500     -7.7000   978128.548920051544
           112.9600     -7.7000   978129.947284279624
           112.9700     -7.7000   978130.932615963859
           112.9800     -7.7000   978131.341523458716
           112.9900     -7.7000   978131.098716131528
           113.0000     -7.7000   978130.217036956805
           112.0000     -7.7100   978116.623008024879
           112.0100     -7.7100   978114.407232681755
           112.0200     -7.7100   978112.359147806535
           112.0300     -7.7100   978110.461241513607
           112.0400     -7.7100   978108.710204098257
           112.0500     -7.7100   978107.125369099434
           112.0600     -7.7100   978105.753754330333
           112.0700     -7.7100   978104.670277915429
           112.0800     -7.7100   978103.972424432985
           112.0900     -7.7100   978103.769505420001
           112.1000     -7.7100   978104.167572955717
           112.1100     -7.7100   978105.251868295716
           112.1200     -7.7100   978107.069289412582
           112.1300     -7.7100   978109.613636913127
           112.1400     -7.7100   978112.816283682943
           112.1500     -7.7100   978116.544398602098
           112.1600     -7.7100   978120.607984155999
           112.1700     -7.7100   978124.775859972229
           112.1800     -7.7100   978128.799479452427
           112.1900     -7.7100   978132.442269583931
           112.2000     -7.7100   978135.511202892754
           112.2100     -7.7100   978137.886694214074
           112.2200     -7.7100   978139.546771899797
           112.2300     -7.7100   978140.581854866468
           112.2400     -7.7100   978141.197358363541
           112.2500     -7.7100   978141.702669560211
           112.2600     -7.7100   978142.486635550973
           112.2700     -7.7100   978143.981402845471
           112.2800     -7.7100   978146.618027861696
           112.2900     -7.7100   978150.778534613433
           112.3000     -7.7100   978156.749850926804
           112.3100     -7.7100   978164.685184519156
           112.3200     -7.7100   978174.577853904921
           112.3300     -7.7100   978186.251397409709
           112.3400     -7.7100   978199.368059734232
           112.3500     -7.7100   978213.455684175249
           112.3600     -7.7100   978227.950855829869
           112.3700     -7.7100   978242.254107040120
           112.3800     -7.7100   978255.791363960947
           112.3900     -7.7100   978268.074796871864
           112.4000     -7.7100   978278.755984962219
           112.4100     -7.7100   978287.664880782715
           112.4200     -7.7100   978294.829425667180
           112.4300     -7.7100   978300.472694974975
           112.4400     -7.7100   978304.986927869730
           112.4500     -7.7100   978308.886447031517
           112.4600     -7.7100   978312.743996094447
           112.4700     -7.7100   978317.117118452559
           112.4800     -7.7100   978322.472612638492
           112.4900     -7.7100   978329.117640646640
           112.5000     -7.7100   978337.145646235789
           112.5100     -7.7100   978346.403879269608
           112.5200     -7.7100   978356.487148320070
           112.5300     -7.7100   978366.759663109900
           112.5400     -7.7100   978376.403779962217
           112.5500     -7.7100   978384.491465632222
           112.5600     -7.7100   978390.071686605341
           112.5700     -7.7100   978392.265012101154
           112.5800     -7.7100   978390.355715607642
           112.5900     -7.7100   978383.871697002207
           112.6000     -7.7100   978372.643634881126
           112.6100     -7.7100   978356.836808805703
           112.6200     -7.7100   978336.951790410443
           112.6300     -7.7100   978313.793395069311
           112.6400     -7.7100   978288.410567229730
           112.6500     -7.7100   978262.012886571232
           112.6600     -7.7100   978235.871801393689
           112.6700     -7.7100   978211.216257723281
           112.6800     -7.7100   978189.132929715444
           112.6900     -7.7100   978170.480714624398
           112.7000     -7.7100   978155.827599161537
           112.7100     -7.7100   978145.415610722499
           112.7200     -7.7100   978139.156605601427
           112.7300     -7.7100   978136.658446077374
           112.7400     -7.7100   978137.278030723683
           112.7500     -7.7100   978140.195000757929
           112.7600     -7.7100   978144.498027186608
           112.7700     -7.7100   978149.274579747929
           112.7800     -7.7100   978153.695073623327
           112.7900     -7.7100   978157.083254508441
           112.8000     -7.7100   978158.966480559553
           112.8100     -7.7100   978159.101965906797
           112.8200     -7.7100   978157.477778937202
           112.8300     -7.7100   978154.290126979118
           112.8400     -7.7100   978149.900904333685
           112.8500     -7.7100   978144.781373426551
           112.8600     -7.7100   978139.449001438916
           112.8700     -7.7100   978134.404790220899
           112.8800     -7.7100   978130.077917866060
           112.8900     -7.7100   978126.783253784757
           112.9000     -7.7100   978124.695494477637
           112.9100     -7.7100   978123.841530577047
           112.9200     -7.7100   978124.110460887779
           112.9300     -7.7100   978125.278674866655
           112.9400     -7.7100   978127.045854637516
           112.9500     -7.7100   978129.076763785910
           112.9600     -7.7100   978131.043377533671
           112.9700     -7.7100   978132.662267564912
           112.9800     -7.7100   978133.723103794153
           112.9900     -7.7100   978134.105526302359
           113.0000     -7.7100   978133.783278619754
           112.0000     -7.7200   978118.759938625153
           112.0100     -7.7200   978116.693086866057
           112.0200     -7.7200   978114.792076916667
           112.0300     -7.7200   978113.030229171971
           112.0400     -7.7200   978111.398478264455
           112.0500     -7.7200   978109.913685037172
           112.0600     -7.7200   978108.623285099166
           112.0700     -7.7200   978107.604888480273
           112.0800     -7.7200   978106.960164515185
           112.0900     -7.7200   978106.803231354454
           112.1000     -7.7200   978107.244694885681
           112.1100     -7.7200   978108.373309209477
           112.1200     -7.7200   978110.237828810699
           112.1300     -7.7200   978112.831885740743
           112.1400     -7.7200   978116.084590287879
           112.1500     -7.7200   978119.859010769404
           112.1600     -7.7200   978123.959784685983
           112.1700     -7.7200   978128.149950682651
           112.1800     -7.7200   978132.175812229398
           112.1900     -7.7200   978135.797418231028
           112.2000     -7.7200   978138.821244698833
           112.2100     -7.7200   978141.131036990089
           112.2200     -7.7200   978142.712634437601
           112.2300     -7.7200   978143.669000662863
           112.2400     -7.7200   978144.222607643460
           112.2500     -7.7200   978144.703684224864
           112.2600     -7.7200   978145.524492954253
           112.2700     -7.7200   978147.141549476888
           112.2800     -7.7200   978150.009329576744
           112.2900     -7.7200   978154.530306600151
           112.3000     -7.7200   978161.006943451008
           112.3100     -7.7200   978169.601400829852
           112.3200     -7.7200   978180.308163403417
           112.3300     -7.7200   978192.943559020059
           112.3400     -7.7200   978207.154368432122
           112.3500     -7.7200   978222.445583435474
           112.3600     -7.7200   978238.225112527842
           112.3700     -7.7200   978253.861123118200
           112.3800     -7.7200   978268.746009370429
           112.3900     -7.7200   978282.359907270991
           112.4000     -7.7200   978294.326398422942
           112.4100     -7.7200   978304.453617768362
           112.4200     -7.7200   978312.755374941626
           112.4300     -7.7200   978319.448982705129
           112.4400     -7.7200   978324.929041158990
           112.4500     -7.7200   978329.719172474695
           112.4600     -7.7200   978334.406325081247
           112.4700     -7.7200   978339.564459661255
           112.4800     -7.7200   978345.675923311501
           112.4900     -7.7200   978353.059416934033
           112.5000     -7.7200   978361.813066552393
           112.5100     -7.7200   978371.779736266821
           112.5200     -7.7200   978382.539497113554
           112.5300     -7.7200   978393.431321709533
           112.5400     -7.7200   978403.602915763273
           112.5500     -7.7200   978412.084473307827
           112.5600     -7.7200   978417.879404613283
           112.5700     -7.7200   978420.063047831645
           112.5800     -7.7200   978417.879276475054
           112.5900     -7.7200   978410.824891113909
           112.6000     -7.7200   978398.712752493913
           112.6100     -7.7200   978381.706670373445
           112.6200     -7.7200   978360.323893162538
           112.6300     -7.7200   978335.404346562806
           112.6400     -7.7200   978308.049189918791
           112.6500     -7.7200   978279.534427656676
           112.6600     -7.7200   978251.207887268509
           112.6700     -7.7200   978224.379576603766
           112.6800     -7.7200   978200.216079239501
           112.6900     -7.7200   978179.649171086727
           112.7000     -7.7200   978163.307301415247
           112.7100     -7.7200   978151.476151669165
           112.7200     -7.7200   978144.091437207302
           112.7300     -7.7200   978140.763787764357
           112.7400     -7.7200   978140.832296018372
           112.7500     -7.7200   978143.440509473323
           112.7600     -7.7200   978147.626553768059
           112.7700     -7.7200   978152.417923548957
           112.7800     -7.7200   978156.921359642642
           112.7900     -7.7200   978160.399130660924
           112.8000     -7.7200   978162.324823558331
           112.8100     -7.7200   978162.414196875528
           112.8200     -7.7200   978160.629472065018
           112.8300     -7.7200   978157.158310258295
           112.8400     -7.7200   978152.371327508008
           112.8500     -7.7200   978146.764065175317
           112.8600     -7.7200   978140.890648691799
           112.8700     -7.7200   978135.296824029996
           112.8800     -7.7200   978130.459645001218
           112.8900     -7.7200   978126.739883739501
           112.9000     -7.7200   978124.351425169734
           112.9100     -7.7200   978123.349720565253
           112.9200     -7.7200   978123.639084995491
           112.9300     -7.7200   978124.996498016175
           112.9400     -7.7200   978127.107844001614
           112.9500     -7.7200   978129.611386827892
           112.9600     -7.7200   978132.142814497696
           112.9700     -7.7200   978134.376427762560
           112.9800     -7.7200   978136.057913903147
           112.9900     -7.7200   978137.025501722470
           113.0000     -7.7200   978137.217944319244
           112.0000     -7.7300   978121.013549838215
           112.0100     -7.7300   978119.140687109437
           112.0200     -7.7300   978117.438172979397
           112.0300     -7.7300   978115.863385529490
           112.0400     -7.7300   978114.395312015666
           112.0500     -7.7300   978113.043142351089
           112.0600     -7.7300   978111.850865571061
           112.0700     -7.7300   978110.896497924696
           112.0800     -7.7300   978110.285316125373
           112.0900     -7.7300   978110.137378179585
           112.1000     -7.7300   978110.570559340646
           112.1100     -7.7300   978111.681171803968
           112.1200     -7.7300   978113.524840570521
           112.1300     -7.7300   978116.100567701855
           112.1400     -7.7300   978119.340769251226
           112.1500     -7.7300   978123.109503930085
           112.1600     -7.7300   978127.210178972338
           112.1700     -7.7300   978131.402820271789
           112.1800     -7.7300   978135.429677690379
           112.1900     -7.7300   978139.046674805577
           112.2000     -7.7300   978142.057181121199
           112.2100     -7.7300   978144.343939443468
           112.2200     -7.7300   978145.894835198298
           112.2300     -7.7300   978146.818602060550
           112.2400     -7.7300   978147.347503901576
           112.2500     -7.7300   978147.825430147699
           112.2600     -7.7300   978148.681540059391
           112.2700     -7.7300   978150.391393594677
           112.2800     -7.7300   978153.429190387251
           112.2900     -7.7300   978158.216084449668
           112.3000     -7.7300   978165.070361681166
           112.3100     -7.7300   978174.165427363245
           112.3200     -7.7300   978185.500994362636
           112.3300     -7.7300   978198.891618941911
           112.3400     -7.7300   978213.974915920175
           112.3500     -7.7300   978230.239590496873
           112.3600     -7.7300   978247.071098092012
           112.3700     -7.7300   978263.810560804326
           112.3800     -7.7300   978279.820798766217
           112.3900     -7.7300   978294.552207107074
           112.4000     -7.7300   978307.600886648754
           112.4100     -7.7300   978318.751990932389
           112.4200     -7.7300   978328.002654153155
           112.4300     -7.7300   978335.560983082629
           112.4400     -7.7300   978341.820211006328
           112.4500     -7.7300   978347.309937121929
           112.4600     -7.7300   978352.629090352682
           112.4700     -7.7300   978358.367543832748
           112.4800     -7.7300   978365.024886474712
           112.4900     -7.7300   978372.935525326291
           112.5000     -7.7300   978382.208940577111
           112.5100     -7.7300   978392.692552582012
           112.5200     -7.7300   978403.962412562454
           112.5300     -7.7300   978415.344026343664
           112.5400     -7.7300   978425.962374917930
           112.5500     -7.7300   978434.816964085796
           112.5600     -7.7300   978440.874880520743
           112.5700     -7.7300   978443.172679316252
           112.5800     -7.7300   978440.916729800985
           112.5900     -7.7300   978433.571549668093
           112.6000     -7.7300   978420.926688206499
           112.6100     -7.7300   978403.134778677719
           112.6200     -7.7300   978380.716254113242
           112.6300     -7.7300   978354.529605434509
           112.6400     -7.7300   978325.709593575913
           112.6500     -7.7300   978295.579128149431
           112.6600     -7.7300   978265.543238211074
           112.6700     -7.7300   978236.975393325440
           112.6800     -7.7300   978211.107188944588
           112.6900     -7.7300   978188.932010656688
           112.7000     -7.7300   978171.131785643287
           112.7100     -7.7300   978158.033486655215
           112.7200     -7.7300   978149.598945908365
           112.7300     -7.7300   978145.448106231051
           112.7400     -7.7300   978144.912458625506
           112.7500     -7.7300   978147.112451841473
           112.7600     -7.7300   978151.050420941436
           112.7700     -7.7300   978155.709291979438
           112.7800     -7.7300   978160.147092693369
           112.7900     -7.7300   978163.578128192108
           112.8000     -7.7300   978165.433443524875
           112.8100     -7.7300   978165.395669981721
           112.8200     -7.7300   978163.406245878199
           112.8300     -7.7300   978159.645985736628
           112.8400     -7.7300   978154.492716003209
           112.8500     -7.7300   978148.461910537793
           112.8600     -7.7300   978142.137724334258
           112.8700     -7.7300   978136.102410352672
           112.8800     -7.7300   978130.871786648524
           112.8900     -7.7300   978126.843276716885
           112.9000     -7.7300   978124.261243237066
           112.9100     -7.7300   978123.202110253391
           112.9200     -7.7300   978123.579395362176
           112.9300     -7.7300   978125.166530444752
           112.9400     -7.7300   978127.633487324230
           112.9500     -7.7300   978130.591937330784
           112.9600     -7.7300   978133.643077992718
           112.9700     -7.7300   978136.422385426005
           112.9800     -7.7300   978138.636340195313
           112.9900     -7.7300   978140.087494492531
           113.0000     -7.7300   978140.685910288128
           112.0000     -7.7400   978123.430940824910
           112.0100     -7.7400   978121.786825019633
           112.0200     -7.7400   978120.324175150250
           112.0300     -7.7400   978118.977832997916
           112.0400     -7.7400   978117.708749505109
           112.0500     -7.7400   978116.513297247235
           112.0600     -7.7400   978115.428184771445
           112.0700     -7.7400   978114.529586479766
           112.0800     -7.7400   978113.925877761561
           112.0900     -7.7400   978113.744305541390
           112.1000     -7.7400   978114.112898879102
           112.1100     -7.7400   978115.139789678040
           112.1200     -7.7400   978116.892734084278
           112.1300     -7.7400   978119.381891934783
           112.1400     -7.7400   978122.548769375426
           112.1500     -7.7400   978126.263648695429
           112.1600     -7.7400   978130.332868993282
           112.1700     -7.7400   978134.516087176162
           112.1800     -7.7400   978138.552290878142
           112.1900     -7.7400   978142.192029570579
           112.2000     -7.7400   978145.232257592725
           112.2100     -7.7400   978147.549503152957
           112.2200     -7.7400   978149.126908099279
           112.2300     -7.7400   978150.071081662434
           112.2400     -7.7400   978150.615663865232
           112.2500     -7.7400   978151.109914403176
           112.2600     -7.7400   978151.992378873052
           112.2700     -7.7400   978153.751535366522
           112.2800     -7.7400   978156.877063844353
           112.2900     -7.7400   978161.806783087668
           112.3000     -7.7400   978168.875170297106
           112.3100     -7.7400   978178.269577796338
           112.3200     -7.7400   978189.999727502814
           112.3300     -7.7400   978203.884822630323
           112.3400     -7.7400   978219.560781990294
           112.3500     -7.7400   978236.507868446526
           112.3600     -7.7400   978254.096600539517
           112.3700     -7.7400   978271.647585395025
           112.3800     -7.7400   978288.499068014207
           112.3900     -7.7400   978304.074795242865
           112.4000     -7.7400   978317.944412266253
           112.4100     -7.7400   978329.869124450372
           112.4200     -7.7400   978339.826743460959
           112.4300     -7.7400   978348.012365652248
           112.4400     -7.7400   978354.813582679140
           112.4500     -7.7400   978360.762010244071
           112.4600     -7.7400   978366.465714765713
           112.4700     -7.7400   978372.529493361362
           112.4800     -7.7400   978379.471631552675
           112.4900     -7.7400   978387.646509963670
           112.5000     -7.7400   978397.182140467688
           112.5100     -7.7400   978407.940384675399
           112.5200     -7.7400   978419.505363878328
           112.5300     -7.7400   978431.202638519579
           112.5400     -7.7400   978442.148430341156
           112.5500     -7.7400   978451.324844342074
           112.5600     -7.7400   978457.674091741559
           112.5700     -7.7400   978460.202455832157
           112.5800     -7.7400   978458.083442994161
           112.5900     -7.7400   978450.749379880726
           112.6000     -7.7400   978437.961690555909
           112.6100     -7.7400   978419.852122109151
           112.6200     -7.7400   978396.930073970114
           112.6300     -7.7400   978370.054619760369
           112.6400     -7.7400   978340.373424438643
           112.6500     -7.7400   978309.234165692469
           112.6600     -7.7400   978278.076900356333
           112.6700     -7.7400   978248.317769065732
           112.6800     -7.7400   978221.235296093277
           112.6900     -7.7400   978197.870226000203
           112.7000     -7.7400   978178.948383326526
           112.7100     -7.7400   978164.833609859459
           112.7200     -7.7400   978155.514696172671
           112.7300     -7.7400   978150.626725449110
           112.7400     -7.7400   978149.503769231960
           112.7500     -7.7400   978151.256789923296
           112.7600     -7.7400   978154.868236968177
           112.7700     -7.7400   978159.293410539394
           112.7800     -7.7400   978163.558335368871
           112.7900     -7.7400   978166.844643218559
           112.8000     -7.7400   978168.553690720233
           112.8100     -7.7400   978168.344622066361
           112.8200     -7.7400   978166.144029274583
           112.8300     -7.7400   978162.127931577503
           112.8400     -7.7400   978156.679652418010
           112.8500     -7.7400   978150.329515266698
           112.8600     -7.7400   978143.683873384609
           112.8700     -7.7400   978137.351690858603
           112.8800     -7.7400   978131.876664775424
           112.8900     -7.7400   978127.681788885850
           112.9000     -7.7400   978125.031469641253
           112.9100     -7.7400   978124.014050609549
           112.9200     -7.7400   978124.545158374473
           112.9300     -7.7400   978126.389938490582
           112.9400     -7.7400   978129.200265588006
           112.9500     -7.7400   978132.561594698462
           112.9600     -7.7400   978136.043402430601
           112.9700     -7.7400   978139.247189761605
           112.9800     -7.7400   978141.846736806445
           112.9900     -7.7400   978143.616588664474
           113.0000     -7.7400   978144.446424558409
           112.0000     -7.7500   978126.045948397601
           112.0100     -7.7500   978124.655928658438
           112.0200     -7.7500   978123.464680644218
           112.0300     -7.7500   978122.378442603745
           112.0400     -7.7500   978121.334461908671
           112.0500     -7.7500   978120.311470971326
           112.0600     -7.7500   978119.335303321714
           112.0700     -7.7500   978118.478216802119
           112.0800     -7.7500   978117.851303582778
           112.0900     -7.7500   978117.590346688055
           112.1000     -7.7500   978117.836496458156
           112.1100     -7.7500   978118.714041368919
           112.1200     -7.7500   978120.308196628001
           112.1300     -7.7500   978122.646118964185
           112.1400     -7.7500   978125.684209407889
           112.1500     -7.7500   978129.304176341160
           112.1600     -7.7500   978133.319348120829
           112.1700     -7.7500   978137.491455064155
           112.1800     -7.7500   978141.556697214954
           112.1900     -7.7500   978145.258557370631
           112.2000     -7.7500   978148.383693439886
           112.2100     -7.7500   978150.796515716938
           112.2200     -7.7500   978152.467845838401
           112.2300     -7.7500   978153.493426901172
           112.2400     -7.7500   978154.098998132162
           112.2500     -7.7500   978154.630077946000
           112.2600     -7.7500   978155.526364263380
           112.2700     -7.7500   978157.282557504717
           112.2800     -7.7500   978160.399208757561
           112.2900     -7.7500   978165.328662305139
           112.3000     -7.7500   978172.422096185735
           112.3100     -7.7500   978181.883920934517
           112.3200     -7.7500   978193.739306259202
           112.3300     -7.7500   978207.819388458738
           112.3400     -7.7500   978223.766879006522
           112.3500     -7.7500   978241.062538843835
           112.3600     -7.7500   978259.070556164603
           112.3700     -7.7500   978277.098552158684
           112.3800     -7.7500   978294.466021879576
           112.3900     -7.7500   978310.573742220760
           112.4000     -7.7500   978324.966224622214
           112.4100     -7.7500   978337.379743959056
           112.4200     -7.7500   978347.769819969311
           112.4300     -7.7500   978356.314140571514
           112.4400     -7.7500   978363.389580049901
           112.4500     -7.7500   978369.524890030269
           112.4600     -7.7500   978375.333498002728
           112.4700     -7.7500   978381.433304491336
           112.4800     -7.7500   978388.362129237503
           112.4900     -7.7500   978396.498293700744
           112.5000     -7.7500   978405.995616383734
           112.5100     -7.7500   978416.740830719122
           112.5200     -7.7500   978428.339225815726
           112.5300     -7.7500   978440.131382767344
           112.5400     -7.7500   978451.240545696695
           112.5500     -7.7500   978460.646792608895
           112.5600     -7.7500   978467.281133402488
           112.5700     -7.7500   978470.130306315492
           112.5800     -7.7500   978468.341643070104
           112.5900     -7.7500   978461.317096835468
           112.6000     -7.7500   978448.786421940778
           112.6100     -7.7500   978430.851476705517
           112.6200     -7.7500   978407.996486710850
           112.6300     -7.7500   978381.062552847201
           112.6400     -7.7500   978351.188348692725
           112.6500     -7.7500   978319.722432466806
           112.6600     -7.7500   978288.115525297238
           112.6700     -7.7500   978257.803164657205
           112.6800     -7.7500   978230.090108747012
           112.6900     -7.7500   978206.047642551363
           112.7000     -7.7500   978186.433548104484
           112.7100     -7.7500   978171.642106386600
           112.7200     -7.7500   978161.688362049521
           112.7300     -7.7500   978156.227350037312
           112.7400     -7.7500   978154.605439871550
           112.7500     -7.7500   978155.937779694679
           112.7600     -7.7500   978159.203351578210
           112.7700     -7.7500   978163.347631716053
           112.7800     -7.7500   978167.382423180388
           112.7900     -7.7500   978170.473110714112
           112.8000     -7.7500   978172.005270498572
           112.8100     -7.7500   978171.625040036859
           112.8200     -7.7500   978169.250621481915
           112.8300     -7.7500   978165.055418035248
           112.8400     -7.7500   978159.426243420574
           112.8500     -7.7500   978152.902486984152
           112.8600     -7.7500   978146.103815552895
           112.8700     -7.7500   978139.654792814516
           112.8800     -7.7500   978134.114648251794
           112.8900     -7.7500   978129.919388897251
           112.9000     -7.7500   978127.341674255207
           112.9100     -7.7500   978126.471599927638
           112.9200     -7.7500   978127.219038111856
           112.9300     -7.7500   978129.335755538777
           112.9400     -7.7500   978132.453442633967
           112.9500     -7.7500   978136.132260691258
           112.9600     -7.7500   978139.913690455258
           112.9700     -7.7500   978143.371400756761
           112.9800     -7.7500   978146.154513976420
           112.9900     -7.7500   978148.018908006721
           113.0000     -7.7500   978148.843879715772
           112.0000     -7.7600   978128.873881627922
           112.0100     -7.7600   978127.755599924596
           112.0200     -7.7600   978126.858524135314
           112.0300     -7.7600   978126.055064567947
           112.0400     -7.7600   978125.253811472794
           112.0500     -7.7600   978124.411605574423
           112.0600     -7.7600   978123.540237571229
           112.0700     -7.7600   978122.706263613072
           112.0800     -7.7600   978122.023278080509
           112.0900     -7.7600   978121.637012028717
           112.1000     -7.7600   978121.704688371974
           112.1100     -7.7600   978122.371012802585
           112.1200     -7.7600   978123.743869001861
           112.1300     -7.7600   978125.873101836303
           112.1400     -7.7600   978128.735641857027
           112.1500     -7.7600   978132.229634809191
           112.1600     -7.7600   978136.179239423596
           112.1700     -7.7600   978140.350453034742
           112.1800     -7.7600   978144.476872522384
           112.1900     -7.7600   978148.292881970992
           112.2000     -7.7600   978151.570568607771
           112.2100     -7.7600   978154.155876515782
           112.2200     -7.7600   978155.999242484802
           112.2300     -7.7600   978157.176287942333
           112.2400     -7.7600   978157.895059879404
           112.2500     -7.7600   978158.487740647164
           112.2600     -7.7600   978159.386530807707
           112.2700     -7.7600   978161.085346683394
           112.2800     -7.7600   978164.090830594068
           112.2900     -7.7600   978168.867710503284
           112.3000     -7.7600   978175.784558106330
           112.3100     -7.7600   978185.066326387925
           112.3200     -7.7600   978196.759622387588
           112.3300     -7.7600   978210.715501317405
           112.3400     -7.7600   978226.592759638792
           112.3500     -7.7600   978243.882445866941
           112.3600     -7.7600   978261.951850737911
           112.3700     -7.7600   978280.103869768092
           112.3800     -7.7600   978297.645638947142
           112.3900     -7.7600   978313.958982005599
           112.4000     -7.7600   978328.564663125435
           112.4100     -7.7600   978341.172809143201
           112.4200     -7.7600   978351.713142229710
           112.4300     -7.7600   978360.340732383076
           112.4400     -7.7600   978367.415626708418
           112.4500     -7.7600   978373.457652439480
           112.4600     -7.7600   978379.080592643470
           112.4700     -7.7600   978384.912461013766
           112.4800     -7.7600   978391.510451466544
           112.4900     -7.7600   978399.280074929236
           112.5000     -7.7600   978408.407883805456
           112.5100     -7.7600   978418.816005292931
           112.5200     -7.7600   978430.144561678870
           112.5300     -7.7600   978441.765166085446
           112.5400     -7.7600   978452.825353685766
           112.5500     -7.7600   978462.320405719220
           112.5600     -7.7600   978469.185926629463
           112.5700     -7.7600   978472.402094829245
           112.5800     -7.7600   978471.099007526296
           112.5900     -7.7600   978464.652160071186
           112.6000     -7.7600   978452.757897764561
           112.6100     -7.7600   978435.480579882511
           112.6200     -7.7600   978413.266006286838
           112.6300     -7.7600   978386.919079419575
           112.6400     -7.7600   978357.547343221842
           112.6500     -7.7600   978326.475561339292
           112.6600     -7.7600   978295.139490514877
           112.6700     -7.7600   978264.969148351811
           112.6800     -7.7600   978237.272937138216
           112.6900     -7.7600   978213.133854677202
           112.7000     -7.7600   978193.327717413777
           112.7100     -7.7600   978178.270987755503
           112.7200     -7.7600   978168.002695679781
           112.7300     -7.7600   978162.201416278374
           112.7400     -7.7600   978160.234695021529
           112.7500     -7.7600   978161.235085786087
           112.7600     -7.7600   978164.194423631299
           112.7700     -7.7600   978168.066353691276
           112.7800     -7.7600   978171.866628882475
           112.7900     -7.7600   978174.761298321770
           112.8000     -7.7600   978176.134537990903
           112.8100     -7.7600   978175.630318654701
           112.8200     -7.7600   978173.165073681623
           112.8300     -7.7600   978168.911683023674
           112.8400     -7.7600   978163.258081392851
           112.8500     -7.7600   978156.746309955255
           112.8600     -7.7600   978149.999606712256
           112.8700     -7.7600   978143.646006169496
           112.8800     -7.7600   978138.246834702091
           112.8900     -7.7600   978134.237494032132
           112.9000     -7.7600   978131.886171149788
           112.9100     -7.7600   978131.273828141275
           112.9200     -7.7600   978132.296289641294
           112.9300     -7.7600   978134.686755432398
           112.9400     -7.7600   978138.054899345385
           112.9500     -7.7600   978141.937101498246
           112.9600     -7.7600   978145.851453436422
           112.9700     -7.7600   978149.351040415349
           112.9800     -7.7600   978152.069615206216
           112.9900     -7.7600   978153.755021905759
           113.0000     -7.7600   978154.287427273812
           112.0000     -7.7700   978131.908802165883
           112.0100     -7.7700   978131.074305215036
           112.0200     -7.7700   978130.486986438162
           112.0300     -7.7700   978129.981314692646
           112.0400     -7.7700   978129.433231085306
           112.0500     -7.7700   978128.774212475168
           112.0600     -7.7700   978127.999418272520
           112.0700     -7.7700   978127.168294118252
           112.0800     -7.7700   978126.396905707428
           112.0900     -7.7700   978125.842356638517
           112.1000     -7.7700   978125.680764935212
           112.1100     -7.7700   978126.081278622034
           112.1200     -7.7700   978127.179352883250
           112.1300     -7.7700   978129.052868741797
           112.1400     -7.7700   978131.704570231610
           112.1500     -7.7700   978135.053716403781
           112.1600     -7.7700   978138.938832650776
           112.1700     -7.7700   978143.132109985920
           112.1800     -7.7700   978147.364497956005
           112.1900     -7.7700   978151.359054786153
           112.2000     -7.7700   978154.868853118620
           112.2100     -7.7700   978157.714869581861
           112.2200     -7.7700   978159.818948144792
           112.2300     -7.7700   978161.227195915882
           112.2400     -7.7700   978162.120047061588
           112.2500     -7.7700   978162.806639363524
           112.2600     -7.7700   978163.702940837131
           112.2700     -7.7700   978165.295036822557
           112.2800     -7.7700   978168.090904227924
           112.2900     -7.7700   978172.565617535030
           112.3000     -7.7700   978179.106034559663
           112.3100     -7.7700   978187.961435955134
           112.3200     -7.7700   978199.206254425109
           112.3300     -7.7700   978212.719931251369
           112.3400     -7.7700   978228.187176389270
           112.3500     -7.7700   978245.119666984188
           112.3600     -7.7700   978262.897747006849
           112.3700     -7.7700   978280.828275272157
           112.3800     -7.7700   978298.212702279678
           112.3900     -7.7700   978314.417998905876
           112.4000     -7.7700   978328.942409212003
           112.4100     -7.7700   978341.468263388611
           112.4200     -7.7700   978351.895268207649
           112.4300     -7.7700   978360.349686159519
           112.4400     -7.7700   978367.167416657321
           112.4500     -7.7700   978372.851921689929
           112.4600     -7.7700   978378.010865441873
           112.4700     -7.7700   978383.277924290858
           112.4800     -7.7700   978389.228160949075
           112.4900     -7.7700   978396.296401261468
           112.5000     -7.7700   978404.708057415090
           112.5100     -7.7700   978414.430776194204
           112.5200     -7.7700   978425.153247213108
           112.5300     -7.7700   978436.294690460549
           112.5400     -7.7700   978447.045255025965
           112.5500     -7.7700   978456.434161836747
           112.5600     -7.7700   978463.419292227249
           112.5700     -7.7700   978466.989416543976
           112.5800     -7.7700   978466.268662553397
           112.5900     -7.7700   978460.612332673511
           112.6000     -7.7700   978449.683860864956
           112.6100     -7.7700   978433.504493287182
           112.6200     -7.7700   978412.469996760250
           112.6300     -7.7700   978387.332057570806
           112.6400     -7.7700   978359.145670351340
           112.6500     -7.7700   978329.187340736738
           112.6600     -7.7700   978298.851955355145
           112.6700     -7.7700   978269.538380645332
           112.6800     -7.7700   978242.534999732510
           112.6900     -7.7700   978218.916361909010
           112.7000     -7.7700   978199.460909947986
           112.7100     -7.7700   978184.597503384808
           112.7200     -7.7700   978174.385421503568
           112.7300     -7.7700   978168.529043514165
           112.7400     -7.7700   978166.424847206217
           112.7500     -7.7700   978167.235126017709
           112.7600     -7.7700   978169.980242018355
           112.7700     -7.7700   978173.639573866851
           112.7800     -7.7700   978177.250742089120
           112.7900     -7.7700   978179.997234075679
           112.8000     -7.7700   978181.276119274786
           112.8100     -7.7700   978180.739941987675
           112.8200     -7.7700   978178.309820304858
           112.8300     -7.7700   978174.159929149086
           112.8400     -7.7700   978168.676554495934
           112.8500     -7.7700   978162.397452378529
           112.8600     -7.7700   978155.939069287851
           112.8700     -7.7700   978149.920107694576
           112.8800     -7.7700   978144.889884376084
           112.8900     -7.7700   978141.268972489517
           112.9000     -7.7700   978139.307884601527
           112.9100     -7.7700   978139.067268956802
           112.9200     -7.7700   978140.420534162084
           112.9300     -7.7700   978143.077286891174
           112.9400     -7.7700   978146.623746262747
           112.9500     -7.7700   978150.574622729444
           112.9600     -7.7700   978154.429981251829
           112.9700     -7.7700   978157.730422283406
           112.9800     -7.7700   978160.104490505066
           112.9900     -7.7700   978161.303454654408
           113.0000     -7.7700   978161.220316222403
           112.0000     -7.7800   978135.123665448045
           112.0100     -7.7800   978134.581511156750
           112.0200     -7.7800   978134.314090237254
           112.0300     -7.7800   978134.115133293089
           112.0400     -7.7800   978133.825091615668
           112.0500     -7.7800   978133.347541379859
           112.0600     -7.7800   978132.659109415719
           112.0700     -7.7800   978131.811148244538
           112.0800     -7.7800   978130.922335454263
           112.0900     -7.7800   978130.162511878647
           112.1000     -7.7800   978129.729259646265
           112.1100     -7.7800   978129.819794746931
           112.1200     -7.7800   978130.601554929046
           112.1300     -7.7800   978132.185275394353
           112.1400     -7.7800   978134.604280574364
           112.1500     -7.7800   978137.803158360301
           112.1600     -7.7800   978141.637966776616
           112.1700     -7.7800   978145.888758422923
           112.1800     -7.7800   978150.283653080114
           112.1900     -7.7800   978154.532135306508
           112.2000     -7.7800   978158.363903268939
           112.2100     -7.7800   978161.568633268354
           112.2200     -7.7800   978164.031596664223
           112.2300     -7.7800   978165.760256195092
           112.2400     -7.7800   978166.897786456044
           112.2500     -7.7800   978167.720838883193
           112.2600     -7.7800   978168.620661551249
           112.2700     -7.7800   978170.068686166196
           112.2800     -7.7800   978172.569670400233
           112.2900     -7.7800   978176.607186938054
           112.3000     -7.7800   978182.587457428104
           112.3100     -7.7800   978190.788067427115
           112.3200     -7.7800   978201.317869645078
           112.3300     -7.7800   978214.093379748520
           112.3400     -7.7800   978228.835278780316
           112.3500     -7.7800   978245.086433688528
           112.3600     -7.7800   978262.250376866898
           112.3700     -7.7800   978279.646733192494
           112.3800     -7.7800   978296.577943495591
           112.3900     -7.7800   978312.400074055186
           112.4000     -7.7800   978326.589729603147
           112.4100     -7.7800   978338.799222270725
           112.4200     -7.7800   978348.893206962501
           112.4300     -7.7800   978356.961882282631
           112.4400     -7.7800   978363.308382335934
           112.4500     -7.7800   978368.410875055124
           112.4600     -7.7800   978372.862813154003
           112.4700     -7.7800   978377.297416335670
           112.4800     -7.7800   978382.304484860622
           112.4900     -7.7800   978388.348804020672
           112.5000     -7.7800   978395.699538447312
           112.5100     -7.7800   978404.379090354545
           112.5200     -7.7800   978414.137984451721
           112.5300     -7.7800   978424.459637661348
           112.5400     -7.7800   978434.595662696403
           112.5500     -7.7800   978443.628993446822
           112.5600     -7.7800   978450.558982925722
           112.5700     -7.7800   978454.400067625102
           112.5800     -7.7800   978454.283910646453
           112.5900     -7.7800   978449.554329682956
           112.6000     -7.7800   978439.844865548424
           112.6100     -7.7800   978425.130504656001
           112.6200     -7.7800   978405.747663136572
           112.6300     -7.7800   978382.379794851062
           112.6400     -7.7800   978356.009549927199
           112.6500     -7.7800   978327.841898600571
           112.6600     -7.7800   978299.205668299925
           112.6700     -7.7800   978271.443190402933
           112.6800     -7.7800   978245.798973107361
           112.6900     -7.7800   978223.318377714255
           112.7000     -7.7800   978204.766174560296
           112.7100     -7.7800   978190.572717352188
           112.7200     -7.7800   978180.812540228362
           112.7300     -7.7800   978175.216776517453
           112.7400     -7.7800   978173.217296919087
           112.7500     -7.7800   978174.017248919001
           112.7600     -7.7800   978176.680092541734
           112.7700     -7.7800   978180.227538385312
           112.7800     -7.7800   978183.736165964976
           112.7900     -7.7800   978186.422976545524
           112.8000     -7.7800   978187.711634816253
           112.8100     -7.7800   978187.273487019120
           112.8200     -7.7800   978185.040331852389
           112.8300     -7.7800   978181.189033583621
           112.8400     -7.7800   978176.101057988359
           112.8500     -7.7800   978170.302558384486
           112.8600     -7.7800   978164.392477338202
           112.8700     -7.7800   978158.967082451796
           112.8800     -7.7800   978154.549348885659
           112.8900     -7.7800   978151.530673114234
           112.9000     -7.7800   978150.130690099206
           112.9100     -7.7800   978150.378691158374
           112.9200     -7.7800   978152.117579229642
           112.9300     -7.7800   978155.028750820318
           112.9400     -7.7800   978158.674045197433
           112.9500     -7.7800   978162.549191256054
           112.9600     -7.7800   978166.142179307644
           112.9700     -7.7800   978168.989769126172
           112.9800     -7.7800   978170.725903756917
           112.9900     -7.7800   978171.117029888439
           113.0000     -7.7800   978170.081056861556
           112.0000     -7.7900   978138.473272841540
           112.0100     -7.7900   978138.230248673819
           112.0200     -7.7900   978138.288982503233
           112.0300     -7.7900   978138.401120346272
           112.0400     -7.7900   978138.370056737680
           112.0500     -7.7900   978138.069961481146
           112.0600     -7.7900   978137.457771329326
           112.0700     -7.7900   978136.576198236435
           112.0800     -7.7900   978135.546801396296
           112.0900     -7.7900   978134.553371845046
           112.1000     -7.7900   978133.817136982456
           112.1100     -7.7900   978133.566442371695
           112.1200     -7.7900   978134.004448797088
           112.1300     -7.7900   978135.278859829064
           112.1400     -7.7900   978137.457681097672
           112.1500     -7.7900   978140.514479441568
           112.1600     -7.7900   978144.325597029645
           112.1700     -7.7900   978148.680386636523
           112.1800     -7.7900   978153.303927884786
           112.1900     -7.7900   978157.890055303811
           112.2000     -7.7900   978162.141084840056
           112.2100     -7.7900   978165.809559811256
           112.2200     -7.7900   978168.736804884626
           112.2300     -7.7900   978170.883171610185
           112.2400     -7.7900   978172.345600584056
           112.2500     -7.7900   978173.359452125849
           112.2600     -7.7900   978174.283332168125
           112.2700     -7.7900   978175.567663629074
           112.2800     -7.7900   978177.709787058644
           112.2900     -7.7900   978181.200167434872
           112.3000     -7.7900   978186.465605242527
           112.3100     -7.7900   978193.816016418044
           112.3200     -7.7900   978203.401247279253
           112.3300     -7.7900   978215.183506502770
           112.3400     -7.7900   978228.929401156958
           112.3500     -7.7900   978244.223422066425
           112.3600     -7.7900   978260.502272341982
           112.3700     -7.7900   978277.106954742107
           112.3800     -7.7900   978293.347324586939
           112.3900     -7.7900   978308.572148456587
           112.4000     -7.7900   978322.236801691703
           112.4100     -7.7900   978333.960722572170
           112.4200     -7.7900   978343.567648713011
           112.4300     -7.7900   978351.103414175333
           112.4400     -7.7900   978356.828504865756
           112.4500     -7.7900   978361.185392751708
           112.4600     -7.7900   978364.743579746457
           112.4700     -7.7900   978368.127944621025
           112.4800     -7.7900   978371.938085867092
           112.4900     -7.7900   978376.667632125085
           112.5000     -7.7900   978382.632780477288
           112.5100     -7.7900   978389.918563057203
           112.5200     -7.7900   978398.349595579668
           112.5300     -7.7900   978407.489504613564
           112.5400     -7.7900   978416.670137770707
           112.5500     -7.7900   978425.048373430269
           112.5600     -7.7900   978431.685233005206
           112.5700     -7.7900   978435.639413405559
           112.5800     -7.7900   978436.065598738962
           112.5900     -7.7900   978432.307186177582
           112.6000     -7.7900   978423.973464024137
           112.6100     -7.7900   978410.992776955594
           112.6200     -7.7900   978393.635648145806
           112.6300     -7.7900   978372.504939104663
           112.6400     -7.7900   978348.493577970425
           112.6500     -7.7900   978322.713799419580
           112.6600     -7.7900   978296.404841182171
           112.6700     -7.7900   978270.828305092640
           112.6800     -7.7900   978247.161667703767
           112.6900     -7.7900   978226.400579038658
           112.7000     -7.7900   978209.279605065472
           112.7100     -7.7900   978196.219063129742
           112.7200     -7.7900   978187.302796414238
           112.7300     -7.7900   978182.288447064580
           112.7400     -7.7900   978180.648382634972
           112.7500     -7.7900   978181.636280589504
           112.7600     -7.7900   978184.371820850298
           112.7700     -7.7900   978187.934245038079
           112.7800     -7.7900   978191.454880321515
           112.7900     -7.7900   978194.199144916376
           112.8000     -7.7900   978195.629979482968
           112.8100     -7.7900   978195.446902159252
           112.8200     -7.7900   978193.597695865203
           112.8300     -7.7900   978190.262781235739
           112.8400     -7.7900   978185.815266195219
           112.8500     -7.7900   978180.762174102943
           112.8600     -7.7900   978175.674173190724
           112.8700     -7.7900   978171.112081693485
           112.8800     -7.7900   978167.558428793680
           112.8900     -7.7900   978165.361442752066
           112.9000     -7.7900   978164.697147460538
           112.9100     -7.7900   978165.552994118887
           112.9200     -7.7900   978167.733909165836
           112.9300     -7.7900   978170.889099891763
           112.9400     -7.7900   978174.555710725719
           112.9500     -7.7900   978178.213707461953
           112.9600     -7.7900   978181.345355089987
           112.9700     -7.7900   978183.492431580788
           112.9800     -7.7900   978184.304875900620
           112.9900     -7.7900   978183.575806292240
           113.0000     -7.7900   978181.259593809256
           112.0000     -7.8000   978141.899622297497
           112.0100     -7.8000   978141.961777214427
           112.0200     -7.8000   978142.350138576468
           112.0300     -7.8000   978142.774428720819
           112.0400     -7.8000   978143.000742560718
           112.0500     -7.8000   978142.873400833807
           112.0600     -7.8000   978142.329239799175
           112.0700     -7.8000   978141.402186222724
           112.0800     -7.8000   978140.217008740525
           112.0900     -7.8000   978138.972401620122
           112.1000     -7.8000   978137.914891570224
           112.1100     -7.8000   978137.306291394634
           112.1200     -7.8000   978137.388388302410
           112.1300     -7.8000   978138.349108013092
           112.1400     -7.8000   978140.294442903600
           112.1500     -7.8000   978143.229938649689
           112.1600     -7.8000   978147.054532862385
           112.1700     -7.8000   978151.568131967913
           112.1800     -7.8000   978156.492657146067
           112.1900     -7.8000   978161.504583903821
           112.2000     -7.8000   978166.275455866125
           112.2100     -7.8000   978170.515673604212
           112.2200     -7.8000   978174.016208720161
           112.2300     -7.8000   978176.682877345476
           112.2400     -7.8000   978178.558456110768
           112.2500     -7.8000   978179.829186260700
           112.2600     -7.8000   978180.813958391780
           112.2700     -7.8000   978181.936506685335
           112.2800     -7.8000   978183.683029399952
           112.2900     -7.8000   978186.549538069288
           112.3000     -7.8000   978190.984682542155
           112.3100     -7.8000   978197.334608803736
           112.3200     -7.8000   978205.796457898919
           112.3300     -7.8000   978216.386371748056
           112.3400     -7.8000   978228.926395261078
           112.3500     -7.8000   978243.052605335834
           112.3600     -7.8000   978258.244383402285
           112.3700     -7.8000   978273.872256768984
           112.3800     -7.8000   978289.259460779489
           112.3900     -7.8000   978303.750596867525
           112.4000     -7.8000   978316.779707522946
           112.4100     -7.8000   978327.929904478719
           112.4200     -7.8000   978336.977418010123
           112.4300     -7.8000   978343.914522912120
           112.4400     -7.8000   978348.948077792767
           112.4500     -7.8000   978352.473140764399
           112.4600     -7.8000   978355.023990239133
           112.4700     -7.8000   978357.207554694032
           112.4800     -7.8000   978359.626424716436
           112.4900     -7.8000   978362.800020785886
           112.5000     -7.8000   978367.092940979404
           112.5100     -7.8000   978372.658940439345
           112.5200     -7.8000   978379.407442590455
           112.5300     -7.8000   978386.997108857962
           112.5400     -7.8000   978394.858055183315
           112.5500     -7.8000   978402.241125781322
           112.5600     -7.8000   978408.289575585164
           112.5700     -7.8000   978412.125921897939
           112.5800     -7.8000   978412.944902321673
           112.5900     -7.8000   978410.102634548326
           112.6000     -7.8000   978403.192318556947
           112.6100     -7.8000   978392.098135164357
           112.6200     -7.8000   978377.021238180343
           112.6300     -7.8000   978358.474666956812
           112.6400     -7.8000   978337.247300663148
           112.6500     -7.8000   978314.340272313915
           112.6600     -7.8000   978290.882195753627
           112.6700     -7.8000   978268.031808678294
           112.6800     -7.8000   978246.877951936447
           112.6900     -7.8000   978228.347046560957
           112.7000     -7.8000   978213.127372539602
           112.7100     -7.8000   978201.617597455857
           112.7200     -7.8000   978193.904360463261
           112.7300     -7.8000   978189.770586099825
           112.7400     -7.8000   978188.732933889492
           112.7500     -7.8000   978190.103745949804
           112.7600     -7.8000   978193.070368340705
           112.7700     -7.8000   978196.783057511435
           112.7800     -7.8000   978200.442009079619
           112.7900     -7.8000   978203.374416327570
           112.8000     -7.8000   978205.093816301436
           112.8100     -7.8000   978205.336140209343
           112.8200     -7.8000   978204.069593518856
           112.8300     -7.8000   978201.478436154663
           112.8400     -7.8000   978197.923582136165
           112.8500     -7.8000   978193.885377473780
           112.8600     -7.8000   978189.895685597090
           112.8700     -7.8000   978186.467332998058
           112.8800     -7.8000   978184.028966060723
           112.8900     -7.8000   978182.872471345239
           112.9000     -7.8000   978183.118444522028
           112.9100     -7.8000   978184.702969534905
           112.9200     -7.8000   978187.386457983637
           112.9300     -7.8000   978190.782791893231
           112.9400     -7.8000   978194.404793639318
           112.9500     -7.8000   978197.720354927820
           112.9600     -7.8000   978200.212563919718
           112.9700     -7.8000   978201.436961454921
           112.9800     -7.8000   978201.069626886281
           112.9900     -7.8000   978198.941046353779
           113.0000     -7.8000   978195.052482777741
           112.0000     -7.8100   978145.338937976630
           112.0100     -7.8100   978145.711751126568
           112.0200     -7.8100   978146.430887884810
           112.0300     -7.8100   978147.165794984205
           112.0400     -7.8100   978147.646327652619
           112.0500     -7.8100   978147.687547004782
           112.0600     -7.8100   978147.206477641128
           112.0700     -7.8100   978146.228449174319
           112.0800     -7.8100   978144.881730631227
           112.0900     -7.8100   978143.380493730074
           112.1000     -7.8100   978141.997553347726
           112.1100     -7.8100   978141.029654252110
           112.1200     -7.8100   978140.759127685451
           112.1300     -7.8100   978141.416379907168
           112.1400     -7.8100   978143.147793377750
           112.1500     -7.8100   978145.993177285651
           112.1600     -7.8100   978149.875924777123
           112.1700     -7.8100   978154.607616152614
           112.1800     -7.8100   978159.907107119332
           112.1900     -7.8100   978165.432358248276
           112.2000     -7.8100   978170.821614318527
           112.2100     -7.8100   978175.739240616327
           112.2200     -7.8100   978179.920743081486
           112.2300     -7.8100   978183.211358118802
           112.2400     -7.8100   978185.593138807802
           112.2500     -7.8100   978187.196647525765
           112.2600     -7.8100   978188.295070527005
           112.2700     -7.8100   978189.280609331094
           112.2800     -7.8100   978190.625140908174
           112.2900     -7.8100   978192.829117408139
           112.3000     -7.8100   978196.364250815939
           112.3100     -7.8100   978201.616493397509
           112.3200     -7.8100   978208.836043308023
           112.3300     -7.8100   978218.100524527719
           112.3400     -7.8100   978229.296154946205
           112.3500     -7.8100   978242.119762272807
           112.3600     -7.8100   978256.102149863145
           112.3700     -7.8100   978270.650823639939
           112.3800     -7.8100   978285.107760710176
           112.3900     -7.8100   978298.816011942108
           112.4000     -7.8100   978311.187720656162
           112.4100     -7.8100   978321.765768302488
           112.4200     -7.8100   978330.271790084662
           112.4300     -7.8100   978336.634697954287
           112.4400     -7.8100   978340.995961645618
           112.4500     -7.8100   978343.690499411314
           112.4600     -7.8100   978345.204825899331
           112.4700     -7.8100   978346.116773623624
           112.4800     -7.8100   978347.023333524354
           112.4900     -7.8100   978348.464681243990
           112.5000     -7.8100   978350.853078390821
           112.5100     -7.8100   978354.414972817060
           112.5200     -7.8100   978359.153292950126
           112.5300     -7.8100   978364.834775221534
           112.5400     -7.8100   978371.004415828036
           112.5500     -7.8100   978377.026105700410
           112.5600     -7.8100   978382.145534783951
           112.5700     -7.8100   978385.568879567436
           112.5800     -7.8100   978386.548914045445
           112.5900     -7.8100   978384.469228671398
           112.6000     -7.8100   978378.917320081382
           112.6100     -7.8100   978369.738424566807
           112.6200     -7.8100   978357.063991072937
           112.6300     -7.8100   978341.311401702813
           112.6400     -7.8100   978323.154647660325
           112.6500     -7.8100   978303.468810538645
           112.6600     -7.8100   978283.254032157012
           112.6700     -7.8100   978263.546864860575
           112.6800     -7.8100   978245.328232961823
           112.6900     -7.8100   978229.437557911966
           112.7000     -7.8100   978216.501872968161
           112.7100     -7.8100   978206.887064400595
           112.7200     -7.8100   978200.675920809968
           112.7300     -7.8100   978197.674730698462
           112.7400     -7.8100   978197.447074552416
           112.7500     -7.8100   978199.370558849070
           112.7600     -7.8100   978202.709856630652
           112.7700     -7.8100   978206.697810853133
           112.7800     -7.8100   978210.615688953665
           112.7900     -7.8100   978213.864007173805
           112.8000     -7.8100   978216.016614406370
           112.8100     -7.8100   978216.852775921230
           112.8200     -7.8100   978216.364580874215
           112.8300     -7.8100   978214.739812791115
           112.8400     -7.8100   978212.323148432770
           112.8500     -7.8100   978209.560883826925
           112.8600     -7.8100   978206.936074273312
           112.8700     -7.8100   978204.901843836647
           112.8800     -7.8100   978203.820592203294
           112.8900     -7.8100   978203.915929183946
           112.9000     -7.8100   978205.242524286499
           112.9100     -7.8100   978207.676876994199
           112.9200     -7.8100   978210.929554954986
           112.9300     -7.8100   978214.576998817385
           112.9400     -7.8100   978218.108830976766
           112.9500     -7.8100   978220.984966980992
           112.9600     -7.8100   978222.695881457184
           112.9700     -7.8100   978222.819209616166
           112.9800     -7.8100   978221.066463859403
           112.9900     -7.8100   978217.314918974880
           113.0000     -7.8100   978211.621501909802
           112.0000     -7.8200   978148.729438536218
           112.0100     -7.8200   978149.417090790346
           112.0200     -7.8200   978150.465583728626
           112.0300     -7.8200   978151.507131657796
           112.0400     -7.8200   978152.237625128007
           112.0500     -7.8200   978152.444399308879
           112.0600     -7.8200   978152.025562590337
           112.0700     -7.8200   978150.998267078772
           112.0800     -7.8200   978149.494424775243
           112.0900     -7.8200   978147.743758587050
           112.1000     -7.8200   978146.045566227636
           112.1100     -7.8200   978144.731985389488
           112.1200     -7.8200   978144.126698461361
           112.1300     -7.8200   978144.503746301518
           112.1400     -7.8200   978146.051320033963
           112.1500     -7.8200   978148.845016070874
           112.1600     -7.8200   978152.834092113771
           112.1700     -7.8200   978157.842841878766
           112.1800     -7.8200   978163.587467919220
           112.1900     -7.8200   978169.706975422334
           112.2000     -7.8200   978175.804858195945
           112.2100     -7.8200   978181.496919676778
           112.2200     -7.8200   978186.459653336671
           112.2300     -7.8200   978190.473328862572
           112.2400     -7.8200   978193.454349529697
           112.2500     -7.8200   978195.472535593202
           112.2600     -7.8200   978196.750639193575
           112.2700     -7.8200   978197.645427470212
           112.2800     -7.8200   978198.611849834910
           112.2900     -7.8200   978200.153875138029
           112.3000     -7.8200   978202.767292610835
           112.3100     -7.8200   978206.880900918972
           112.3200     -7.8200   978212.802909709280
           112.3300     -7.8200   978220.678978542332
           112.3400     -7.8200   978230.467144489638
           112.3500     -7.8200   978241.933061145362
           112.3600     -7.8200   978254.666689488571
           112.3700     -7.8200   978268.119105500984
           112.3800     -7.8200   978281.655710417079
           112.3900     -7.8200   978294.620131424046
           112.4000     -7.8200   978306.401728307363
           112.4100     -7.8200   978316.499049897422
           112.4200     -7.8200   978324.571896309382
           112.4300     -7.8200   978330.475818855106
           112.4400     -7.8200   978334.274806928937
           112.4500     -7.8200   978336.230358692817
           112.4600     -7.8200   978336.767833116581
           112.4700     -7.8200   978336.423623898067
           112.4800     -7.8200   978335.778972131317
           112.4900     -7.8200   978335.387873424450
           112.5000     -7.8200   978335.707336257910
           112.5100     -7.8200   978337.038106274209
           112.5200     -7.8200   978339.482889471808
           112.5300     -7.8200   978342.927199194557
           112.5400     -7.8200   978347.045428841026
           112.5500     -7.8200   978351.331899798126
           112.5600     -7.8200   978355.153778986540
           112.5700     -7.8200   978357.820232194499
           112.5800     -7.8200   978358.660271793255
           112.5900     -7.8200   978357.100693625980
           112.6000     -7.8200   978352.735404100618
           112.6100     -7.8200   978345.378329430358
           112.6200     -7.8200   978335.093875805615
           112.6300     -7.8200   978322.201371624833
           112.6400     -7.8200   978307.252791797160
           112.6500     -7.8200   978290.986014294904
           112.6600     -7.8200   978274.258556392859
           112.6700     -7.8200   978257.968877540668
           112.6800     -7.8200   978242.973676934256
           112.6900     -7.8200   978230.010007742443
           112.7000     -7.8200   978219.630436474807
           112.7100     -7.8200   978212.157968176762
           112.7200     -7.8200   978207.665213401429
           112.7300     -7.8200   978205.979551947792
           112.7400     -7.8200   978206.713164525921
           112.7500     -7.8200   978209.314085788908
           112.7600     -7.8200   978213.132186906645
           112.7700     -7.8200   978217.492471239530
           112.7800     -7.8200   978221.767424806254
           112.7900     -7.8200   978225.440462608589
           112.8000     -7.8200   978228.153702311567
           112.8100     -7.8200   978229.735227057128
           112.8200     -7.8200   978230.203436390730
           112.8300     -7.8200   978229.748741753399
           112.8400     -7.8200   978228.695434353664
           112.8500     -7.8200   978227.448747603921
           112.8600     -7.8200   978226.433711396880
           112.8700     -7.8200   978226.033184387721
           112.8800     -7.8200   978226.532379465760
           112.8900     -7.8200   978228.076292984071
           112.9000     -7.8200   978230.644831395475
           112.9100     -7.8200   978234.048300155089
           112.9200     -7.8200   978237.943533806480
           112.9300     -7.8200   978241.868581299204
           112.9400     -7.8200   978245.291785685462
           112.9500     -7.8200   978247.669541066280
           112.9600     -7.8200   978248.506135097123
           112.9700     -7.8200   978247.408973100595
           112.9800     -7.8200   978244.133121331455
           112.9900     -7.8200   978238.610408280161
           113.0000     -7.8200   978230.960118536022
           112.0000     -7.8300   978152.018807561952
           112.0100     -7.8300   978153.022666271660
           112.0200     -7.8300   978154.395648401813
           112.0300     -7.8300   978155.737019162392
           112.0400     -7.8300   978156.712049734662
           112.0500     -7.8300   978157.082691957126
           112.0600     -7.8300   978156.729512505815
           112.0700     -7.8300   978155.662015300943
           112.0800     -7.8300   978154.015631489456
           112.0900     -7.8300   978152.035093510756
           112.1000     -7.8300   978150.045471332269
           112.1100     -7.8300   978148.413647974725
           112.1200     -7.8300   978147.504259199253
           112.1300     -7.8300   978147.634951764834
           112.1400     -7.8300   978149.036103266175
           112.1500     -7.8300   978151.819833107758
           112.1600     -7.8300   978155.962229443481
           112.1700     -7.8300   978161.301305437693
           112.1800     -7.8300   978167.551430344465
           112.1900     -7.8300   978174.333056876902
           112.2000     -7.8300   978181.214712850749
           112.2100     -7.8300   978187.762668293319
           112.2200     -7.8300   978193.592626723810
           112.2300     -7.8300   978198.417365025147
           112.2400     -7.8300   978202.084531347849
           112.2500     -7.8300   978204.599792383029
           112.2600     -7.8300   978206.132103444077
           112.2700     -7.8300   978206.999885720434
           112.2800     -7.8300   978207.639107302413
           112.2900     -7.8300   978208.556420493405
           112.3000     -7.8300   978210.272349871928
           112.3100     -7.8300   978213.260826731101
           112.3200     -7.8300   978217.891958102235
           112.3300     -7.8300   978224.384715234628
           112.3400     -7.8300   978232.775232940097
           112.3500     -7.8300   978242.904727944289
           112.3600     -7.8300   978254.428856126033
           112.3700     -7.8300   978266.847884160001
           112.3800     -7.8300   978279.554634506349
           112.3900     -7.8300   978291.895059468225
           112.4000     -7.8300   978303.234762832522
           112.4100     -7.8300   978313.024005586980
           112.4200     -7.8300   978320.853807683801
           112.4300     -7.8300   978326.496693082736
           112.4400     -7.8300   978329.927321496187
           112.4500     -7.8300   978331.320517989574
           112.4600     -7.8300   978331.026792522171
           112.4700     -7.8300   978329.528037919430
           112.4800     -7.8300   978327.378404173767
           112.4900     -7.8300   978325.137097405270
           112.5000     -7.8300   978323.300834138878
           112.5100     -7.8300   978322.243774547242
           112.5200     -7.8300   978322.171943988651
           112.5300     -7.8300   978323.097518798662
           112.5400     -7.8300   978324.836085074348
           112.5500     -7.8300   978327.027338948566
           112.5600     -7.8300   978329.176989731961
           112.5700     -7.8300   978330.715168503346
           112.5800     -7.8300   978331.064721301198
           112.5900     -7.8300   978329.711602658615
           112.6000     -7.8300   978326.269317749771
           112.6100     -7.8300   978320.530020978069
           112.6200     -7.8300   978312.496388511499
           112.6300     -7.8300   978302.390566341928
           112.6400     -7.8300   978290.639100373490
           112.6500     -7.8300   978277.835479229921
           112.6600     -7.8300   978264.684449471533
           112.6700     -7.8300   978251.934306033072
           112.6800     -7.8300   978240.304684643983
           112.6900     -7.8300   978230.417838833993
           112.7000     -7.8300   978222.740924383630
           112.7100     -7.8300   978217.545497938292
           112.7200     -7.8300   978214.888422457385
           112.7300     -7.8300   978214.615898895427
           112.7400     -7.8300   978216.389701414388
           112.7500     -7.8300   978219.732189935748
           112.7600     -7.8300   978224.084597186302
           112.7700     -7.8300   978228.871672768611
           112.7800     -7.8300   978233.565169463051
           112.7900     -7.8300   978237.738934979308
           112.8000     -7.8300   978241.109481310239
           112.8100     -7.8300   978243.557703297236
           112.8200     -7.8300   978245.129689676105
           112.8300     -7.8300   978246.017043783679
           112.8400     -7.8300   978246.519517984707
           112.8500     -7.8300   978246.994790759636
           112.8600     -7.8300   978247.801649329718
           112.8700     -7.8300   978249.243526617764
           112.8800     -7.8300   978251.519211209379
           112.8900     -7.8300   978254.686630377546
           112.9000     -7.8300   978258.644017713959
           112.9100     -7.8300   978263.130712588900
           112.9200     -7.8300   978267.747544391663
           112.9300     -7.8300   978271.994498022948
           112.9400     -7.8300   978275.321396532701
           112.9500     -7.8300   978277.185890625697
           112.9600     -7.8300   978277.112267567310
           112.9700     -7.8300   978274.744558101287
           112.9800     -7.8300   978269.888117044000
           112.9900     -7.8300   978262.535186123801
           113.0000     -7.8300   978252.871751838713
           112.0000     -7.8400   978155.170360459713
           112.0100     -7.8400   978156.486916347290
           112.0200     -7.8400   978158.174729337450
           112.0300     -7.8400   978159.805433439324
           112.0400     -7.8400   978161.017906755907
           112.0500     -7.8400   978161.551699204370
           112.0600     -7.8400   978161.271539165056
           112.0700     -7.8400   978160.179790532566
           112.0800     -7.8400   978158.414900144446
           112.0900     -7.8400   978156.235355354962
           112.1000     -7.8400   978153.990298912395
           112.1100     -7.8400   978152.079532344011
           112.1200     -7.8400   978150.906984475208
           112.1300     -7.8400   978150.832653034129
           112.1400     -7.8400   978152.128411909565
           112.1500     -7.8400   978154.942843014258
           112.1600     -7.8400   978159.279401015141
           112.1700     -7.8400   978164.990827979287
           112.1800     -7.8400   978171.790948635899
           112.1900     -7.8400   978179.282994250185
           112.2000     -7.8400   978187.001653508982
           112.2100     -7.8400   978194.464365422609
           112.2200     -7.8400   978201.226160272490
           112.2300     -7.8400   978206.931777514517
           112.2400     -7.8400   978211.358930497663
           112.2500     -7.8400   978214.447449717321
           112.2600     -7.8400   978216.310536236968
           112.2700     -7.8400   978217.226334353327
           112.2800     -7.8400   978217.610266543692
           112.2900     -7.8400   978217.970807984704
           112.3000     -7.8400   978218.853350306163
           112.3100     -7.8400   978220.778277975391
           112.3200     -7.8400   978224.180172937224
           112.3300     -7.8400   978229.355067869881
           112.3400     -7.8400   978236.421870811027
           112.3500     -7.8400   978245.302563795936
           112.3600     -7.8400   978255.723702196381
           112.3700     -7.8400   978267.239344768343
           112.3800     -7.8400   978279.273103194893
           112.3900     -7.8400   978291.174799115048
           112.4000     -7.8400   978302.285515695345
           112.4100     -7.8400   978312.003832699382
           112.4200     -7.8400   978319.845860449015
           112.4300     -7.8400   978325.492364722537
           112.4400     -7.8400   978328.817727524554
           112.4500     -7.8400   978329.897552594659
           112.4600     -7.8400   978328.994162034825
           112.4700     -7.8400   978326.521759458235
           112.4800     -7.8400   978322.995361720212
           112.4900     -7.8400   978318.969454279169
           112.5000     -7.8400   978314.973487735144
           112.5100     -7.8400   978311.451668468188
           112.5200     -7.8400   978308.713964670547
           112.5300     -7.8400   978306.903912411537
           112.5400     -7.8400   978305.986821716768
           112.5500     -7.8400   978305.759583628504
           112.5600     -7.8400   978305.880748549593
           112.5700     -7.8400   978305.917181827826
           112.5800     -7.8400   978305.401682237978
           112.5900     -7.8400   978303.894697002135
           112.6000     -7.8400   978301.042827549973
           112.6100     -7.8400   978296.627240750473
           112.6200     -7.8400   978290.596326387138
           112.6300     -7.8400   978283.078823847580
           112.6400     -7.8400   978274.375953565934
           112.6500     -7.8400   978264.933556504198
           112.6600     -7.8400   978255.297576282406
           112.6700     -7.8400   978246.058139718720
           112.6800     -7.8400   978237.788779120427
           112.6900     -7.8400   978230.987846451346
           112.7000     -7.8400   978226.028841739171
           112.7100     -7.8400   978223.125261168578
           112.7200     -7.8400   978222.313803061494
           112.7300     -7.8400   978223.457567310426
           112.7400     -7.8400   978226.268510888447
           112.7500     -7.8400   978230.346161927329
           112.7600     -7.8400   978235.227714628447
           112.7700     -7.8400   978240.443346358836
           112.7800     -7.8400   978245.570062694955
           112.7900     -7.8400   978250.277641850174
           112.8000     -7.8400   978254.361277282471
           112.8100     -7.8400   978257.757176920422
           112.8200     -7.8400   978260.539466605987
           112.8300     -7.8400   978262.899012695067
           112.8400     -7.8400   978265.106954480871
           112.8500     -7.8400   978267.467565043364
           112.8600     -7.8400   978270.266326523502
           112.8700     -7.8400   978273.719668121776
           112.8800     -7.8400   978277.932612060220
           112.8900     -7.8400   978282.869634662173
           112.9000     -7.8400   978288.342492878670
           112.9100     -7.8400   978294.016778461286
           112.9200     -7.8400   978299.436778204166
           112.9300     -7.8400   978304.066094535170
           112.9400     -7.8400   978307.339660964441
           112.9500     -7.8400   978308.721477107378
           112.9600     -7.8400   978307.761731477221
           112.9700     -7.8400   978304.147042587283
           112.9800     -7.8400   978297.738312222413
           112.9900     -7.8400   978288.592051587300
           113.0000     -7.8400   978276.962847696850
           112.0000     -7.8500   978158.167074840516
           112.0100     -7.8500   978159.785660886322
           112.0200     -7.8500   978161.772305480205
           112.0300     -7.8500   978163.677122530877
           112.0400     -7.8500   978165.117485467461
           112.0500     -7.8500   978165.813972190372
           112.0600     -7.8500   978165.617346465238
           112.0700     -7.8500   978164.523192499066
           112.0800     -7.8500   978162.671993238619
           112.0900     -7.8500   978160.333953619353
           112.1000     -7.8500   978157.879553527338
           112.1100     -7.8500   978155.738477657433
           112.1200     -7.8500   978154.351009640144
           112.1300     -7.8500   978154.117012155126
           112.1400     -7.8500   978155.348100624047
           112.1500     -7.8500   978158.228473125258
           112.1600     -7.8500   978162.789073996246
           112.1700     -7.8500   978168.898410608293
           112.1800     -7.8500   978176.271551019512
           112.1900     -7.8500   978184.496800538152
           112.2000     -7.8500   978193.077518614358
           112.2100     -7.8500   978201.484732837649
           112.2200     -7.8500   978209.214852397912
           112.2300     -7.8500   978215.846049893415
           112.2400     -7.8500   978221.086869541672
           112.2500     -7.8500   978224.811350519536
           112.2600     -7.8500   978227.076358538354
           112.2700     -7.8500   978228.118748562993
           112.2800     -7.8500   978228.332224059966
           112.2900     -7.8500   978228.226059825276
           112.3000     -7.8500   978228.369951188099
           112.3100     -7.8500   978229.330896310159
           112.3200     -7.8500   978231.609013057314
           112.3300     -7.8500   978235.579412758816
           112.3400     -7.8500   978241.446663926821
           112.3500     -7.8500   978249.217037805240
           112.3600     -7.8500   978258.691781337373
           112.3700     -7.8500   978269.482331179199
           112.3800     -7.8500   978281.045931292349
           112.3900     -7.8500   978292.737828952377
           112.4000     -7.8500   978303.874364624266
           112.4100     -7.8500   978313.800055913627
           112.4200     -7.8500   978321.951345764566
           112.4300     -7.8500   978327.910089740064
           112.4400     -7.8500   978331.441048780805
           112.4500     -7.8500   978332.509492917568
           112.4600     -7.8500   978331.277293586172
           112.4700     -7.8500   978328.078323201742
           112.4800     -7.8500   978323.376307405299
           112.4900     -7.8500   978317.710219128989
           112.5000     -7.8500   978311.633641188499
           112.5100     -7.8500   978305.655104253441
           112.5200     -7.8500   978300.186167971347
           112.5300     -7.8500   978295.502989691100
           112.5400     -7.8500   978291.725445007090
           112.5500     -7.8500   978288.815731615294
           112.5600     -7.8500   978286.596059550415
           112.5700     -7.8500   978284.782784838346
           112.5800     -7.8500   978283.032445925521
           112.5900     -7.8500   978280.993834661902
           112.6000     -7.8500   978278.359627434518
           112.6100     -7.8500   978274.911280339235
           112.6200     -7.8500   978270.551823391812
           112.6300     -7.8500   978265.322750898078
           112.6400     -7.8500   978259.403202017071
           112.6500     -7.8500   978253.091811006423
           112.6600     -7.8500   978246.773714336567
           112.6700     -7.8500   978240.876977826585
           112.6800     -7.8500   978235.823939828784
           112.6900     -7.8500   978231.983512682375
           112.7000     -7.8500   978229.630285172607
           112.7100     -7.8500   978228.915355514269
           112.7200     -7.8500   978229.852315984317
           112.7300     -7.8500   978232.319896677160
           112.7400     -7.8500   978236.080694769160
           112.7500     -7.8500   978240.813423466403
           112.7600     -7.8500   978246.154454940930
           112.7700     -7.8500   978251.743305035285
           112.7800     -7.8500   978257.266248954460
           112.7900     -7.8500   978262.492518749321
           112.8000     -7.8500   978267.298479587189
           112.8100     -7.8500   978271.676694102469
           112.8200     -7.8500   978275.728676236817
           112.8300     -7.8500   978279.642176700640
           112.8400     -7.8500   978283.655783501687
           112.8500     -7.8500   978288.015227949247
           112.8600     -7.8500   978292.926865339046
           112.8700     -7.8500   978298.514220449375
           112.8800     -7.8500   978304.783200568170
           112.8900     -7.8500   978311.600617353222
           112.9000     -7.8500   978318.689137903159
           112.9100     -7.8500   978325.639885327313
           112.9200     -7.8500   978331.941854071338
           112.9300     -7.8500   978337.025336190709
           112.9400     -7.8500   978340.314900633995
           112.9500     -7.8500   978341.286318457103
           112.9600     -7.8500   978339.521312206634
           112.9700     -7.8500   978334.754182076314
           112.9800     -7.8500   978326.905199723202
           112.9900     -7.8500   978316.097062027431
           113.0000     -7.8500   978302.652498546988
           112.0000     -7.8600   978161.012922640308
           112.0100     -7.8600   978162.913593843812
           112.0200     -7.8600   978165.175277975271
           112.0300     -7.8600   978167.333211822785
           112.0400     -7.8600   978168.988582018763
           112.0500     -7.8600   978169.846677601920
           112.0600     -7.8600   978169.746188676800
           112.0700     -7.8600   978168.676022671978
           112.0800     -7.8600   978166.777174470597
           112.0900     -7.8600   978164.328714251169
           112.1000     -7.8600   978161.718684201129
           112.1100     -7.8600   978159.402426570770
           112.1200     -7.8600   978157.852394882590
           112.1300     -7.8600   978157.504636328900
           112.1400     -7.8600   978158.707724010572
           112.1500     -7.8600   978161.679869268090
           112.1600     -7.8600   978166.479236142593
           112.1700     -7.8600   978172.991169192363
           112.1800     -7.8600   978180.934263640549
           112.1900     -7.8600   978189.885144596919
           112.2000     -7.8600   978199.319710839191
           112.2100     -7.8600   978208.666681695147
           112.2200     -7.8600   978217.367790290969
           112.2300     -7.8600   978224.938076299848
           112.2400     -7.8600   978231.019563509501
           112.2500     -7.8600   978235.422197473352
           112.2600     -7.8600   978238.147214455064
           112.2700     -7.8600   978239.389980209991
           112.2800     -7.8600   978239.521572931088
           112.2900     -7.8600   978239.050739950850
           112.3000     -7.8600   978238.570065986249
           112.3100     -7.8600   978238.691998144612
           112.3200     -7.8600   978239.981568601448
           112.3300     -7.8600   978242.893096622312
           112.3400     -7.8600   978247.717779689352
           112.3500     -7.8600   978254.547934450209
           112.3600     -7.8600   978263.261847726768
           112.3700     -7.8600   978273.530947862659
           112.3800     -7.8600   978284.848562189611
           112.3900     -7.8600   978296.577165565570
           112.4000     -7.8600   978308.009016521275
           112.4100     -7.8600   978318.433649100945
           112.4200     -7.8600   978327.204999766662
           112.4300     -7.8600   978333.801073211594
           112.4400     -7.8600   978337.869967660750
           112.4500     -7.8600   978339.257676988607
           112.4600     -7.8600   978338.015174095635
           112.4700     -7.8600   978334.384613007656
           112.4800     -7.8600   978328.766795908799
           112.4900     -7.8600   978321.674071344547
           112.5000     -7.8600   978313.674333398929
           112.5100     -7.8600   978305.332613796927
           112.5200     -7.8600   978297.156816490111
           112.5300     -7.8600   978289.553444934310
           112.5400     -7.8600   978282.797812774195
           112.5500     -7.8600   978277.021382575971
           112.5600     -7.8600   978272.216773393331
           112.5700     -7.8600   978268.258872298058
           112.5800     -7.8600   978264.938629355631
           112.5900     -7.8600   978262.004727113293
           112.6000     -7.8600   978259.207551180967
           112.6100     -7.8600   978256.339825894218
           112.6200     -7.8600   978253.268909320584
           112.6300     -7.8600   978249.956971472478
           112.6400     -7.8600   978246.466943342006
           112.6500     -7.8600   978242.954006742802
           112.6600     -7.8600   978239.644257383887
           112.6700     -7.8600   978236.803784002783
           112.6800     -7.8600   978234.702567716129
           112.6900     -7.8600   978233.578179672477
           112.7000     -7.8600   978233.604178516078
           112.7100     -7.8600   978234.867401094874
           112.7200     -7.8600   978237.357098257286
           112.7300     -7.8600   978240.967256451957
           112.7400     -7.8600   978245.511674178881
           112.7500     -7.8600   978250.749657716369
           112.7600     -7.8600   978256.418780531734
           112.7700     -7.8600   978262.270195892081
           112.7800     -7.8600   978268.101623586612
           112.7900     -7.8600   978273.783396410989
           112.8000     -7.8600   978279.273817716981
           112.8100     -7.8600   978284.621440205956
           112.8200     -7.8600   978289.953559114714
           112.8300     -7.8600   978295.452010218520
           112.8400     -7.8600   978301.319050326827
           112.8500     -7.8600   978307.737463734928
           112.8600     -7.8600   978314.829909824417
           112.8700     -7.8600   978322.622792018694
           112.8800     -7.8600   978331.019547646749
           112.8900     -7.8600   978339.787271431414
           112.9000     -7.8600   978348.559105363325
           112.9100     -7.8600   978356.853027504752
           112.9200     -7.8600   978364.105763413478
           112.9300     -7.8600   978369.718751117471
           112.9400     -7.8600   978373.111624891171
           112.9500     -7.8600   978373.777716556797
           112.9600     -7.8600   978371.335718892282
           112.9700     -7.8600   978365.571955599473
           112.9800     -7.8600   978356.468622072716
           112.9900     -7.8600   978344.214796090615
           113.0000     -7.8600   978329.198804898886
           112.0000     -7.8700   978163.731299043400
           112.0100     -7.8700   978165.883246533223
           112.0200     -7.8700   978168.387334756088
           112.0300     -7.8700   978170.770832876558
           112.0400     -7.8700   978172.624257286545
           112.0500     -7.8700   978173.641359054367
           112.0600     -7.8700   978173.650528794038
           112.0700     -7.8700   978172.633761586854
           112.0800     -7.8700   978170.730464646011
           112.0900     -7.8700   978168.224918852211
           112.1000     -7.8700   978165.517961641308
           112.1100     -7.8700   978163.085246761329
           112.1200     -7.8700   978161.426046659471
           112.1300     -7.8700   978161.007797788945
           112.1400     -7.8700   978162.212286139838
           112.1500     -7.8700   978165.289425126626
           112.1600     -7.8700   978170.323957897373
           112.1700     -7.8700   978177.219167117379
           112.1800     -7.8700   978185.699919075239
           112.1900     -7.8700   978195.335291103693
           112.2000     -7.8700   978205.578860785812
           112.2100     -7.8700   978215.822718644980
           112.2200     -7.8700   978225.459637960652
           112.2300     -7.8700   978233.946791516151
           112.2400     -7.8700   978240.864077742910
           112.2500     -7.8700   978245.960560184321
           112.2600     -7.8700   978249.183699521353
           112.2700     -7.8700   978250.687846943387
           112.2800     -7.8700   978250.820679832366
           112.2900     -7.8700   978250.088652956532
           112.3000     -7.8700   978249.104844381800
           112.3100     -7.8700   978248.524535228149
           112.3200     -7.8700   978248.975252875709
           112.3300     -7.8700   978250.988667342230
           112.3400     -7.8700   978254.941581132472
           112.3500     -7.8700   978261.012306400924
           112.3600     -7.8700   978269.157083182945
           112.3700     -7.8700   978279.109041692456
           112.3800     -7.8700   978290.399791704724
           112.3900     -7.8700   978302.401304797851
           112.4000     -7.8700   978314.383611340192
           112.4100     -7.8700   978325.582201424055
           112.4200     -7.8700   978335.268074860098
           112.4300     -7.8700   978342.813226925209
           112.4400     -7.8700   978347.744989928557
           112.4500     -7.8700   978349.783991649281
           112.4600     -7.8700   978348.862376720295
           112.4700     -7.8700   978345.121143251192
           112.4800     -7.8700   978338.887718948768
           112.4900     -7.8700   978330.636980628478
           112.5000     -7.8700   978320.940577580011
           112.5100     -7.8700   978310.410475606332
           112.5200     -7.8700   978299.642990975059
           112.5300     -7.8700   978289.169212568202
           112.5400     -7.8700   978279.416682026465
           112.5500     -7.8700   978270.685657291673
           112.5600     -7.8700   978263.141424007365
           112.5700     -7.8700   978256.822173531051
           112.5800     -7.8700   978251.660171467578
           112.5900     -7.8700   978247.512507311068
           112.6000     -7.8700   978244.196804437437
           112.6100     -7.8700   978241.526971913059
           112.6200     -7.8700   978239.344408608391
           112.6300     -7.8700   978237.540960810264
           112.6400     -7.8700   978236.071253629401
           112.6500     -7.8700   978234.953580735717
           112.6600     -7.8700   978234.260137137375
           112.6700     -7.8700   978234.098807729199
           112.6800     -7.8700   978234.589799160254
           112.6900     -7.8700   978235.840992825571
           112.7000     -7.8700   978237.925936411833
           112.7100     -7.8700   978240.867887044325
           112.7200     -7.8700   978244.632348202867
           112.7300     -7.8700   978249.129242600873
           112.7400     -7.8700   978254.224413270946
           112.7500     -7.8700   978259.758742491482
           112.7600     -7.8700   978265.572012873716
           112.7700     -7.8700   978271.527865069336
           112.7800     -7.8700   978277.535938243265
           112.7900     -7.8700   978283.567553301458
           112.8000     -7.8700   978289.662084660493
           112.8100     -7.8700   978295.922367158113
           112.8200     -7.8700   978302.498948852764
           112.8300     -7.8700   978309.564540792722
           112.8400     -7.8700   978317.281432199175
           112.8500     -7.8700   978325.765747906175
           112.8600     -7.8700   978335.053074909258
           112.8700     -7.8700   978345.070082793944
           112.8800     -7.8700   978355.616282668663
           112.8900     -7.8700   978366.359056606423
           112.9000     -7.8700   978376.843656470766
           112.9100     -7.8700   978386.518182271509
           112.9200     -7.8700   978394.771803856129
           112.9300     -7.8700   978400.982892715023
           112.9400     -7.8700   978404.572473923443
           112.9500     -7.8700   978405.057643680950
           112.9600     -7.8700   978402.099420446437
           112.9700     -7.8700   978395.539934014902
           112.9800     -7.8700   978385.424862776301
           112.9900     -7.8700   978372.008495075512
           113.0000     -7.8700   978355.740553968935
           112.0000     -7.8800   978166.360730905086
           112.0100     -7.8800   978168.721547129913
           112.0200     -7.8800   978171.426170358201
           112.0300     -7.8800   978174.000823758775
           112.0400     -7.8800   978176.030854140408
           112.0500     -7.8800   978177.202130498248
           112.0600     -7.8800   978177.334297461668
           112.0700     -7.8800   978176.401820370462
           112.0800     -7.8800   978174.539857420023
           112.0900     -7.8800   978172.033506097621
           112.1000     -7.8800   978169.290739629767
           112.1100     -7.8800   978166.801179422764
           112.1200     -7.8800   978165.084529817221
           112.1300     -7.8800   978164.633828442660
           112.1400     -7.8800   978165.859468514798
           112.1500     -7.8800   978169.040112810093
           112.1600     -7.8800   978174.286097789067
           112.1700     -7.8800   978181.519753997680
           112.1800     -7.8800   978190.475356592913
           112.1900     -7.8800   978200.719345265999
           112.2000     -7.8800   978211.689241315704
           112.2100     -7.8800   978222.747588647762
           112.2200     -7.8800   978233.245496152667
           112.2300     -7.8800   978242.589167525643
           112.2400     -7.8800   978250.302317915484
           112.2500     -7.8800   978256.077663957374
           112.2600     -7.8800   978259.811717183911
           112.2700     -7.8800   978261.618807015941
           112.2800     -7.8800   978261.822429822409
           112.2900     -7.8800   978260.924430558109
           112.3000     -7.8800   978259.554909170605
           112.3100     -7.8800   978258.407841206761
           112.3200     -7.8800   978258.168976624613
           112.3300     -7.8800   978259.443455272703
           112.3400     -7.8800   978262.690651792800
           112.3500     -7.8800   978268.173026156379
           112.3600     -7.8800   978275.924289092189
           112.3700     -7.8800   978285.740156903514
           112.3800     -7.8800   978297.192593794432
           112.3900     -7.8800   978309.665985498694
           112.4000     -7.8800   978322.411426220788
           112.4100     -7.8800   978334.613477892010
           112.4200     -7.8800   978345.462570185889
           112.4300     -7.8800   978354.225771334488
           112.4400     -7.8800   978360.309006550699
           112.4500     -7.8800   978363.304877025541
           112.4600     -7.8800   978363.021901496337
           112.4700     -7.8800   978359.493064521346
           112.4800     -7.8800   978352.963771833689
           112.4900     -7.8800   978343.861433726386
           112.5000     -7.8800   978332.750690439367
           112.5100     -7.8800   978320.279571290594
           112.5200     -7.8800   978307.122518757707
           112.5300     -7.8800   978293.926164188189
           112.5400     -7.8800   978281.263048237422
           112.5500     -7.8800   978269.597245830111
           112.5600     -7.8800   978259.264251166140
           112.5700     -7.8800   978250.465709108859
           112.5800     -7.8800   978243.277862870949
           112.5900     -7.8800   978237.671126360074
           112.6000     -7.8800   978233.537145289709
           112.6100     -7.8800   978230.719188156771
           112.6200     -7.8800   978229.041740852175
           112.6300     -7.8800   978228.335730209714
           112.6400     -7.8800   978228.456771106110
           112.6500     -7.8800   978229.295068647712
           112.6600     -7.8800   978230.776933101821
           112.6700     -7.8800   978232.859097814769
           112.6800     -7.8800   978235.518006088212
           112.6900     -7.8800   978238.736828797031
           112.7000     -7.8800   978242.493122537620
           112.7100     -7.8800   978246.749733380508
           112.7200     -7.8800   978251.450851062080
           112.7300     -7.8800   978256.524133429630
           112.7400     -7.8800   978261.888699683594
           112.7500     -7.8800   978267.467699486879
           112.7600     -7.8800   978273.203264378011
           112.7700     -7.8800   978279.071072505205
           112.7800     -7.8800   978285.091597236926
           112.7900     -7.8800   978291.335397569346
           112.8000     -7.8800   978297.920514954603
           112.8100     -7.8800   978305.001080484944
           112.8200     -7.8800   978312.747474564938
           112.8300     -7.8800   978321.319654417690
           112.8400     -7.8800   978330.836400348460
           112.8500     -7.8800   978341.344070528517
           112.8600     -7.8800   978352.788871635101
           112.8700     -7.8800   978364.996575680329
           112.8800     -7.8800   978377.663030079217
           112.8900     -7.8800   978390.357770899427
           112.9000     -7.8800   978402.541669344879
           112.9100     -7.8800   978413.597975493642
           112.9200     -7.8800   978422.874554433045
           112.9300     -7.8800   978429.733725965722
           112.9400     -7.8800   978433.605089112069
           112.9500     -7.8800   978434.036166612641
           112.9600     -7.8800   978430.735717212665
           112.9700     -7.8800   978423.605144937756
           112.9800     -7.8800   978412.754529210273
           112.9900     -7.8800   978398.501292209839
           113.0000     -7.8800   978381.351248862571
           112.0000     -7.8900   978168.948412060272
           112.0100     -7.8900   978171.464424960548
           112.0200     -7.8900   978174.318928875029
           112.0300     -7.8900   978177.043804218061
           112.0400     -7.8900   978179.224526499747
           112.0500     -7.8900   978180.542513822904
           112.0600     -7.8900   978180.809932076838
           112.0700     -7.8900   978179.992717752699
           112.0800     -7.8900   978178.218618605169
           112.0900     -7.8900   978175.768528856570
           112.1000     -7.8900   978173.051157807349
           112.1100     -7.8900   978170.562926586485
           112.1200     -7.8900   978168.836725196685
           112.1300     -7.8900   978168.384573232033
           112.1400     -7.8900   978169.640134388930
           112.1500     -7.8900   978172.907310690964
           112.1600     -7.8900   978178.320729597122
           112.1700     -7.8900   978185.822856414365
           112.1800     -7.8900   978195.160814637202
           112.1900     -7.8900   978205.903946193284
           112.2000     -7.8900   978217.480911619612
           112.2100     -7.8900   978229.232963559567
           112.2200     -7.8900   978240.478171011666
           112.2300     -7.8900   978250.580042093876
           112.2400     -7.8900   978259.013350003166
           112.2500     -7.8900   978265.420095997630
           112.2600     -7.8900   978269.649444754003
           112.2700     -7.8900   978271.777054869104
           112.2800     -7.8900   978272.101336377789
           112.2900     -7.8900   978271.116573603358
           112.3000     -7.8900   978269.465295786154
           112.3100     -7.8900   978267.874493383220
           112.3200     -7.8900   978267.082021645037
           112.3300     -7.8900   978267.760612462182
           112.3400     -7.8900   978270.447210699203
           112.3500     -7.8900   978275.484828692628
           112.3600     -7.8900   978282.982829368906
           112.3700     -7.8900   978292.799645715626
           112.3800     -7.8900   978304.549631401664
           112.3900     -7.8900   978317.633267549216
           112.4000     -7.8900   978331.287592195789
           112.4100     -7.8900   978344.651724323863
           112.4200     -7.8900   978356.840931604267
           112.4300     -7.8900   978367.021981204511
           112.4400     -7.8900   978374.482575291884
           112.4500     -7.8900   978378.688479737611
           112.4600     -7.8900   978379.323397149448
           112.4700     -7.8900   978376.308538026642
           112.4800     -7.8900   978369.800985677633
           112.4900     -7.8900   978360.172091834946
           112.5000     -7.8900   978347.969049643492
           112.5100     -7.8900   978333.864272409119
           112.5200     -7.8900   978318.598119564820
           112.5300     -7.8900   978302.920784862596
           112.5400     -7.8900   978287.538800704526
           112.5500     -7.8900   978273.070693808259
           112.5600     -7.8900   978260.014988641255
           112.5700     -7.8900   978248.732175617712
           112.5800     -7.8900   978239.440638949047
           112.5900     -7.8900   978232.225066173589
           112.6000     -7.8900   978227.054700367968
           112.6100     -7.8900   978223.808061460964
           112.6200     -7.8900   978222.300509488792
           112.6300     -7.8900   978222.311240673997
           112.6400     -7.8900   978223.606927847373
           112.6500     -7.8900   978225.960123281111
           112.6600     -7.8900   978229.161587535520
           112.6700     -7.8900   978233.026736204862
           112.6800     -7.8900   978237.397263125167
           112.6900     -7.8900   978242.139590116916
           112.7000     -7.8900   978247.142041193205
           112.7100     -7.8900   978252.312527629663
           112.7200     -7.8900   978257.578096967423
           112.7300     -7.8900   978262.887028021272
           112.7400     -7.8900   978268.213363129878
           112.7500     -7.8900   978273.562992369640
           112.7600     -7.8900   978278.979773624218
           112.7700     -7.8900   978284.549796823878
           112.7800     -7.8900   978290.401852656156
           112.7900     -7.8900   978296.702469953219
           112.8000     -7.8900   978303.644514070009
           112.8100     -7.8900   978311.429214328295
           112.8200     -7.8900   978320.242496084771
           112.8300     -7.8900   978330.227492274367
           112.8400     -7.8900   978341.455955047044
           112.8500     -7.8900   978353.901849335176
           112.8600     -7.8900   978367.420588428504
           112.8700     -7.8900   978381.737115210388
           112.8800     -7.8900   978396.445345116896
           112.8900     -7.8900   978411.020428028889
           112.9000     -7.8900   978424.843966442742
           112.9100     -7.8900   978437.240894390969
           112.9200     -7.8900   978447.525343501591
           112.9300     -7.8900   978455.051666595158
           112.9400     -7.8900   978459.266001173644
           112.9500     -7.8900   978459.753441271838
           112.9600     -7.8900   978456.276099368115
           112.9700     -7.8900   978448.798072802485
           112.9800     -7.8900   978437.494513462414
           112.9900     -7.8900   978422.743514080998
           113.0000     -7.8900   978405.101208496955
           112.0000     -7.9000   978171.542419586796
           112.0100     -7.9000   978174.150182697456
           112.0200     -7.9000   978177.096484067617
           112.0300     -7.9000   978179.925149830757
           112.0400     -7.9000   978182.226730581257
           112.0500     -7.9000   978183.681310110842
           112.0600     -7.9000   978184.094533697353
           112.0700     -7.9000   978183.422473693849
           112.0800     -7.9000   978181.781915056054
           112.0900     -7.9000   978179.444065398420
           112.1000     -7.9000   978176.811430342845
           112.1100     -7.9000   978174.379458183772
           112.1200     -7.9000   978172.686337350286
           112.1300     -7.9000   978172.255815385608
           112.1400     -7.9000   978173.538914227393
           112.1500     -7.9000   978176.860806884826
           112.1600     -7.9000   978182.378824983141
           112.1700     -7.9000   978190.056591850123
           112.1800     -7.9000   978199.657707477687
           112.1900     -7.9000   978210.760406643385
           112.2000     -7.9000   978222.792381582083
           112.2100     -7.9000   978235.082749251276
           112.2200     -7.9000   978246.926198115805
           112.2300     -7.9000   978257.652893581311
           112.2400     -7.9000   978266.696927341633
           112.2500     -7.9000   978273.656065524672
           112.2600     -7.9000   978278.336301485542
           112.2700     -7.9000   978280.776182821137
           112.2800     -7.9000   978281.247910152306
           112.2900     -7.9000   978280.234585146303
           112.3000     -7.9000   978278.385463871877
           112.3100     -7.9000   978276.453382747830
           112.3200     -7.9000   978275.220418169047
           112.3300     -7.9000   978275.419111719355
           112.3400     -7.9000   978277.657102245605
           112.3500     -7.9000   978282.352698300150
           112.3600     -7.9000   978289.687833199278
           112.3700     -7.9000   978299.583089147229
           112.3800     -7.9000   978311.697247565840
           112.3900     -7.9000   978325.451360902865
           112.4000     -7.9000   978340.074910443975
           112.4100     -7.9000   978354.669471324421
           112.4200     -7.9000   978368.283670462668
           112.4300     -7.9000   978379.992255980265
           112.4400     -7.9000   978388.971881923033
           112.4500     -7.9000   978394.566749959253
           112.4600     -7.9000   978396.338459155522
           112.4700     -7.9000   978394.096145062125
           112.4800     -7.9000   978387.905038750498
           112.4900     -7.9000   978378.073717212654
           112.5000     -7.9000   978365.122320491006
           112.5100     -7.9000   978349.735674988711
           112.5200     -7.9000   978332.706430220627
           112.5300     -7.9000   978314.873893588549
           112.5400     -7.9000   978297.064210454933
           112.5500     -7.9000   978280.036930232891
           112.5600     -7.9000   978264.441929825116
           112.5700     -7.9000   978250.789285475621
           112.5800     -7.9000   978239.433170191012
           112.5900     -7.9000   978230.569386400748
           112.6000     -7.9000   978224.244883485604
           112.6100     -7.9000   978220.376680704416
           112.6200     -7.9000   978218.777091003838
           112.6300     -7.9000   978219.182037121151
           112.6400     -7.9000   978221.279530612403
           112.6500     -7.9000   978224.735963512328
           112.6600     -7.9000   978229.218626116635
           112.6700     -7.9000   978234.413683749037
           112.6800     -7.9000   978240.039595833514
           112.6900     -7.9000   978245.856539173052
           112.7000     -7.9000   978251.672735940781
           112.7100     -7.9000   978257.348660021322
           112.7200     -7.9000   978262.799921704107
           112.7300     -7.9000   978267.999268408050
           112.7400     -7.9000   978272.977675426635
           112.7500     -7.9000   978277.824037894257
           112.7600     -7.9000   978282.682614490041
           112.7700     -7.9000   978287.747199121281
           112.7800     -7.9000   978293.251063063159
           112.7900     -7.9000   978299.452031865949
           112.8000     -7.9000   978306.612611367600
           112.8100     -7.9000   978314.975788423326
           112.8200     -7.9000   978324.737906436552
           112.8300     -7.9000   978336.020737618790
           112.8400     -7.9000   978348.845425665029
           112.8500     -7.9000   978363.111252039322
           112.8600     -7.9000   978378.582114812220
           112.8700     -7.9000   978394.883171791094
           112.8800     -7.9000   978411.509308854118
           112.8900     -7.9000   978427.846017742413
           112.9000     -7.9000   978443.202014598879
           112.9100     -7.9000   978456.851640249253
           112.9200     -7.9000   978468.083907317137
           112.9300     -7.9000   978476.254143564496
           112.9400     -7.9000   978480.833646771731
           112.9500     -7.9000   978481.452695302083
           112.9600     -7.9000   978477.932680168073
           112.9700     -7.9000   978470.304012542707
           112.9800     -7.9000   978458.807734095608
           112.9900     -7.9000   978443.880288749468
           113.0000     -7.9000   978426.122543237405
           112.0000     -7.9100   978174.183659741539
           112.0100     -7.9100   978176.812540203100
           112.0200     -7.9100   978179.787339364295
           112.0300     -7.9100   978182.669547600322
           112.0400     -7.9100   978185.059277738677
           112.0500     -7.9100   978186.638034155592
           112.0600     -7.9100   978187.205610795412
           112.0700     -7.9100   978186.706633092836
           112.0800     -7.9100   978185.243131882860
           112.0900     -7.9100   978183.070885542664
           112.1000     -7.9100   978180.578956545563
           112.1100     -7.9100   978178.253699794994
           112.1200     -7.9100   978176.630324986880
           112.1300     -7.9100   978176.236642325181
           112.1400     -7.9100   978177.534719958086
           112.1500     -7.9100   978180.866686641239
           112.1600     -7.9100   978186.410741742700
           112.1700     -7.9100   978194.152579359128
           112.1800     -7.9100   978203.875965099433
           112.1900     -7.9100   978215.174266939168
           112.2000     -7.9100   978227.482537381118
           112.2100     -7.9100   978240.127511033323
           112.2200     -7.9100   978252.390867276117
           112.2300     -7.9100   978263.579540538020
           112.2400     -7.9100   978273.095924311434
           112.2500     -7.9100   978280.500625832705
           112.2600     -7.9100   978285.561021860456
           112.2700     -7.9100   978288.280191927799
           112.2800     -7.9100   978288.902732349583
           112.2900     -7.9100   978287.896283559501
           112.3000     -7.9100   978285.910090541351
           112.3100     -7.9100   978283.714297521976
           112.3200     -7.9100   978282.125699573662
           112.3300     -7.9100   978281.927118639229
           112.3400     -7.9100   978283.788284472423
           112.3500     -7.9100   978288.196005392587
           112.3600     -7.9100   978295.400520071504
           112.3700     -7.9100   978305.383326167241
           112.3800     -7.9100   978317.849655879545
           112.3900     -7.9100   978332.246339221019
           112.4000     -7.9100   978347.803319718572
           112.4100     -7.9100   978363.594822026556
           112.4200     -7.9100   978378.614346733550
           112.4300     -7.9100   978391.856462285155
           112.4400     -7.9100   978402.397884710808
           112.4500     -7.9100   978409.470609628828
           112.4600     -7.9100   978412.520834235242
           112.4700     -7.9100   978411.248954060371
           112.4800     -7.9100   978405.627859295462
           112.4900     -7.9100   978395.898873918457
           112.5000     -7.9100   978382.546754436567
           112.5100     -7.9100   978366.256986260880
           112.5200     -7.9100   978347.860014733626
           112.5300     -7.9100   978328.267908989917
           112.5400     -7.9100   978308.409228730947
           112.5500     -7.9100   978289.167561478331
           112.5600     -7.9100   978271.328396682045
           112.5700     -7.9100   978255.537827527267
           112.5800     -7.9100   978242.275177063420
           112.5900     -7.9100   978231.840199220809
           112.6000     -7.9100   978224.354165108991
           112.6100     -7.9100   978219.773041233886
           112.6200     -7.9100   978217.910188797163
           112.6300     -7.9100   978218.465603635181
           112.6400     -7.9100   978221.058667166275
           112.6500     -7.9100   978225.261638967320
           112.6600     -7.9100   978230.631607645773
           112.6700     -7.9100   978236.739226765931
           112.6800     -7.9100   978243.193192541250
           112.6900     -7.9100   978249.659978359588
           112.7000     -7.9100   978255.878761183121
           112.7100     -7.9100   978261.671722335857
           112.7200     -7.9100   978266.949980876758
           112.7300     -7.9100   978271.715354659711
           112.7400     -7.9100   978276.057999674580
           112.7500     -7.9100   978280.149823111016
           112.7600     -7.9100   978284.233470979612
           112.7700     -7.9100   978288.606715816422
           112.7800     -7.9100   978293.602249584626
           112.7900     -7.9100   978299.563226670609
           112.8000     -7.9100   978306.815374168102
           112.8100     -7.9100   978315.637033804669
           112.8200     -7.9100   978326.229041328537
           112.8300     -7.9100   978338.686793274595
           112.8400     -7.9100   978352.977108281688
           112.8500     -7.9100   978368.922487653093
           112.8600     -7.9100   978386.195073487936
           112.8700     -7.9100   978404.321986227995
           112.8800     -7.9100   978422.702832487645
           112.8900     -7.9100   978440.639084377908
           112.9000     -7.9100   978457.373852059944
           112.9100     -7.9100   978472.139431677060
           112.9200     -7.9100   978484.209046210162
           112.9300     -7.9100   978492.948530824506
           112.9400     -7.9100   978497.863443086622
           112.9500     -7.9100   978498.637257392402
           112.9600     -7.9100   978495.156938165077
           112.9700     -7.9100   978487.523231833475
           112.9800     -7.9100   978476.044378478196
           112.9900     -7.9100   978461.213486233610
           113.0000     -7.9100   978443.671375766746
           112.0000     -7.9200   978176.898657699581
           112.0100     -7.9200   978179.474324092618
           112.0200     -7.9200   978182.412004918908
           112.0300     -7.9200   978185.295892985887
           112.0400     -7.9200   978187.739627642673
           112.0500     -7.9200   978189.428521799855
           112.0600     -7.9200   978190.156958251377
           112.0700     -7.9200   978189.856410912704
           112.0800     -7.9200   978188.610312527861
           112.0900     -7.9200   978186.653246157221
           112.1000     -7.9200   978184.353561006719
           112.1100     -7.9200   978182.180332224467
           112.1200     -7.9200   978180.657396690338
           112.1300     -7.9200   978180.308791924384
           112.1400     -7.9200   978181.601109053590
           112.1500     -7.9200   978184.888889087248
           112.1600     -7.9200   978190.369150010520
           112.1700     -7.9200   978198.050408406183
           112.1800     -7.9200   978207.740209199837
           112.1900     -7.9200   978219.053329989663
           112.2000     -7.9200   978231.440672343364
           112.2100     -7.9200   978244.236621800112
           112.2200     -7.9200   978256.720596253639
           112.2300     -7.9200   978268.186841016519
           112.2400     -7.9200   978278.015460572089
           112.2500     -7.9200   978285.737332043936
           112.2600     -7.9200   978291.085976470495
           112.2700     -7.9200   978294.030639334815
           112.2800     -7.9200   978294.786638170830
           112.2900     -7.9200   978293.801289204275
           112.3000     -7.9200   978291.716193386703
           112.3100     -7.9200   978289.309086161782
           112.3200     -7.9200   978287.420578998397
           112.3300     -7.9200   978286.872718870756
           112.3400     -7.9200   978288.387194423587
           112.3500     -7.9200   978292.511128221056
           112.3600     -7.9200   978299.557701304555
           112.3700     -7.9200   978309.567432885175
           112.3800     -7.9200   978322.293935073656
           112.3900     -7.9200   978337.215591105865
           112.4000     -7.9200   978353.572112926166
           112.4100     -7.9200   978370.422576642479
           112.4200     -7.9200   978386.719549460104
           112.4300     -7.9200   978401.392501843511
           112.4400     -7.9200   978413.432972197072
           112.4500     -7.9200   978421.973970522522
           112.4600     -7.9200   978426.356845306000
           112.4700     -7.9200   978426.180194195709
           112.4800     -7.9200   978421.327214122633
           112.4900     -7.9200   978411.969960826915
           112.5000     -7.9200   978398.551104822545
           112.5100     -7.9200   978381.745721068815
           112.5200     -7.9200   978362.407252127072
           112.5300     -7.9200   978341.502904757275
           112.5400     -7.9200   978320.044301068177
           112.5500     -7.9200   978299.019193406799
           112.5600     -7.9200   978279.329513166798
           112.5700     -7.9200   978261.740054590045
           112.5800     -7.9200   978246.840829009656
           112.5900     -7.9200   978235.024715399835
           112.6000     -7.9200   978226.480632312014
           112.6100     -7.9200   978221.201199989417
           112.6200     -7.9200   978219.002854146995
           112.6300     -7.9200   978219.555679060752
           112.6400     -7.9200   978222.419868197292
           112.6500     -7.9200   978227.085675992072
           112.6600     -7.9200   978233.013941629557
           112.6700     -7.9200   978239.674670110806
           112.6800     -7.9200   978246.581663928810
           112.6900     -7.9200   978253.321730862721
           112.7000     -7.9200   978259.577485337271
           112.7100     -7.9200   978265.143170665251
           112.7200     -7.9200   978269.933241402963
           112.7300     -7.9200   978273.983667966328
           112.7400     -7.9200   978277.446088093100
           112.7500     -7.9200   978280.575071746833
           112.7600     -7.9200   978283.708929289365
           112.7700     -7.9200   978287.244710677769
           112.7800     -7.9200   978291.608333030599
           112.7900     -7.9200   978297.221130369580
           112.8000     -7.9200   978304.464514356689
           112.8100     -7.9200   978313.644819442998
           112.8200     -7.9200   978324.960716697969
           112.8300     -7.9200   978338.475749697653
           112.8400     -7.9200   978354.098511717166
           112.8500     -7.9200   978371.572702274309
           112.8600     -7.9200   978390.478756261757
           112.8700     -7.9200   978410.247947268770
           112.8800     -7.9200   978430.188880229020
           112.8900     -7.9200   978449.525191277964
           112.9000     -7.9200   978467.442172690993
           112.9100     -7.9200   978483.139058337780
           112.9200     -7.9200   978495.882958391914
           112.9300     -7.9200   978505.060022145859
           112.9400     -7.9200   978510.219405044219
           112.9500     -7.9200   978511.106049433234
           112.9600     -7.9200   978507.679139680113
           112.9700     -7.9200   978500.114295168896
           112.9800     -7.9200   978488.789010380395
           112.9900     -7.9200   978474.252399053075
           113.0000     -7.9200   978457.181790952338
           112.0000     -7.9300   978179.694222135819
           112.0100     -7.9300   978182.142716601375
           112.0200     -7.9300   978184.978668470285
           112.0300     -7.9300   978187.813265394070
           112.0400     -7.9300   978190.277092587436
           112.0500     -7.9300   978192.061324335984
           112.0600     -7.9300   978192.955235322821
           112.0700     -7.9300   978192.875474398024
           112.0800     -7.9300   978191.883188478649
           112.0900     -7.9300   978190.186229985789
           112.1000     -7.9300   978188.125217929948
           112.1100     -7.9300   978186.143989415257
           112.1200     -7.9300   978184.746779537643
           112.1300     -7.9300   978184.446095655090
           112.1400     -7.9300   978185.706510551041
           112.1500     -7.9300   978188.890326913679
           112.1600     -7.9300   978194.211156843696
           112.1700     -7.9300   978201.700878240517
           112.1800     -7.9300   978211.194214473478
           112.1900     -7.9300   978222.333448067773
           112.2000     -7.9300   978234.593699486461
           112.2100     -7.9300   978247.326998803532
           112.2200     -7.9300   978259.821291548084
           112.2300     -7.9300   978271.368783330079
           112.2400     -7.9300   978281.336840548320
           112.2500     -7.9300   978289.234169107629
           112.2600     -7.9300   978294.765258758795
           112.2700     -7.9300   978297.867094422108
           112.2800     -7.9300   978298.723803213681
           112.2900     -7.9300   978297.757060626289
           112.3000     -7.9300   978295.592500954517
           112.3100     -7.9300   978293.004814418731
           112.3200     -7.9300   978290.846411669045
           112.3300     -7.9300   978289.966264192015
           112.3400     -7.9300   978291.126604064368
           112.3500     -7.9300   978294.925474368734
           112.3600     -7.9300   978301.732629036997
           112.3700     -7.9300   978311.645038899500
           112.3800     -7.9300   978324.466398705146
           112.3900     -7.9300   978339.712741329684
           112.4000     -7.9300   978356.643786195200
           112.4100     -7.9300   978374.317231472000
           112.4200     -7.9300   978391.661085204571
           112.4300     -7.9300   978407.557523704367
           112.4400     -7.9300   978420.930813416955
           112.4500     -7.9300   978430.831610518391
           112.4600     -7.9300   978436.510459421552
           112.4700     -7.9300   978437.474472012487
           112.4800     -7.9300   978433.522845917381
           112.4900     -7.9300   978424.758889011922
           112.5000     -7.9300   978411.578351028613
           112.5100     -7.9300   978394.635912116733
           112.5200     -7.9300   978374.793453347869
           112.5300     -7.9300   978353.055084327585
           112.5400     -7.9300   978330.494728908408
           112.5500     -7.9300   978308.182330397889
           112.5600     -7.9300   978287.114450353431
           112.5700     -7.9300   978268.154270303785
           112.5800     -7.9300   978251.984874986229
           112.5900     -7.9300   978239.078336282866
           112.6000     -7.9300   978229.681675371248
           112.6100     -7.9300   978223.819395494531
           112.6200     -7.9300   978221.311066243914
           112.6300     -7.9300   978221.801487314515
           112.6400     -7.9300   978224.800312867155
           112.6500     -7.9300   978229.727686779574
           112.6600     -7.9300   978235.962400863762
           112.6700     -7.9300   978242.889294245047
           112.6800     -7.9300   978249.942999419291
           112.6900     -7.9300   978256.645642046467
           112.7000     -7.9300   978262.636655964307
           112.7100     -7.9300   978267.693434031215
           112.7200     -7.9300   978271.742067984655
           112.7300     -7.9300   978274.857922934112
           112.7400     -7.9300   978277.256245448021
           112.7500     -7.9300   978279.273428941611
           112.7600     -7.9300   978281.339969261782
           112.7700     -7.9300   978283.946545735234
           112.7800     -7.9300   978287.605057071196
           112.7900     -7.9300   978292.806812393130
           112.8000     -7.9300   978299.980395969353
           112.8100     -7.9300   978309.451949189883
           112.8200     -7.9300   978321.410698193358
           112.8300     -7.9300   978335.882455504267
           112.8400     -7.9300   978352.713504918385
           112.8500     -7.9300   978371.566725683049
           112.8600     -7.9300   978391.931035361951
           112.8700     -7.9300   978413.144270345685
           112.8800     -7.9300   978434.428547045216
           112.8900     -7.9300   978454.936047463561
           112.9000     -7.9300   978473.802157350350
           112.9100     -7.9300   978490.202064321726
           112.9200     -7.9300   978503.406398356427
           112.9300     -7.9300   978512.831346338149
           112.9400     -7.9300   978518.078940194566
           112.9500     -7.9300   978518.963907038444
           112.9600     -7.9300   978515.524536639568
           112.9700     -7.9300   978508.016380101559
           112.9800     -7.9300   978496.889120925684
           112.9900     -7.9300   978482.748508088407
           113.0000     -7.9300   978466.306653212057
           112.0000     -7.9400   978182.554799481295
           112.0100     -7.9400   978184.806797336088
           112.0200     -7.9400   978187.480828085914
           112.0300     -7.9400   978190.218597437954
           112.0400     -7.9400   978192.670525040827
           112.0500     -7.9400   978194.535425457754
           112.0600     -7.9400   978195.597745053703
           112.0700     -7.9400   978195.757832797943
           112.0800     -7.9400   978195.051235484658
           112.0900     -7.9400   978193.654027521960
           112.1000     -7.9400   978191.872616785346
           112.1100     -7.9400   978190.118162302766
           112.1200     -7.9400   978188.867510546930
           112.1300     -7.9400   978188.614201782737
           112.1400     -7.9400   978189.814419604372
           112.1500     -7.9400   978192.833588677808
           112.1600     -7.9400   978197.899551224196
           112.1700     -7.9400   978205.067821085453
           112.1800     -7.9400   978214.203348179581
           112.1900     -7.9400   978224.981622003019
           112.2000     -7.9400   978236.909961206489
           112.2100     -7.9400   978249.367685357342
           112.2200     -7.9400   978261.661777871312
           112.2300     -7.9400   978273.092857602984
           112.2400     -7.9400   978283.024985079188
           112.2500     -7.9400   978290.952191214543
           112.2600     -7.9400   978296.554716085200
           112.2700     -7.9400   978299.738788457005
           112.2800     -7.9400   978300.655288307811
           112.2900     -7.9400   978299.694666586816
           112.3000     -7.9400   978297.457843499025
           112.3100     -7.9400   978294.705227497732
           112.3200     -7.9400   978292.288240708294
           112.3300     -7.9400   978291.069568233564
           112.3400     -7.9400   978291.839576197322
           112.3500     -7.9400   978295.236836457043
           112.3600     -7.9400   978301.680401274469
           112.3700     -7.9400   978311.320417651557
           112.3800     -7.9400   978324.011966227205
           112.3900     -7.9400   978339.314828241942
           112.4000     -7.9400   978356.519448421779
           112.4100     -7.9400   978374.696917363792
           112.4200     -7.9400   978392.768586533261
           112.4300     -7.9400   978409.589165905607
           112.4400     -7.9400   978424.036001488566
           112.4500     -7.9400   978435.096784229274
           112.4600     -7.9400   978441.948225826374
           112.4700     -7.9400   978444.019200053066
           112.4800     -7.9400   978441.033374475548
           112.4900     -7.9400   978433.028280744446
           112.5000     -7.9400   978420.349894795450
           112.5100     -7.9400   978403.623914575553
           112.5200     -7.9400   978383.706837322679
           112.5300     -7.9400   978361.621486416087
           112.5400     -7.9400   978338.482699819608
           112.5500     -7.9400   978315.419402522617
           112.5600     -7.9400   978293.499235310010
           112.5700     -7.9400   978273.661346282577
           112.5800     -7.9400   978256.661959265010
           112.5900     -7.9400   978243.036036250880
           112.6000     -7.9400   978233.076887916075
           112.6100     -7.9400   978226.834097093553
           112.6200     -7.9400   978224.128732175333
           112.6300     -7.9400   978224.583643769729
           112.6400     -7.9400   978227.665730253328
           112.6500     -7.9400   978232.736463461304
           112.6600     -7.9400   978239.106689284788
           112.6700     -7.9400   978246.091736322967
           112.6800     -7.9400   978253.063135977951
           112.6900     -7.9400   978259.493724996923
           112.7000     -7.9400   978264.993509093532
           112.7100     -7.9400   978269.334360401961
           112.7200     -7.9400   978272.462357136537
           112.7300     -7.9400   978274.497316448484
           112.7400     -7.9400   978275.719796372927
           112.7500     -7.9400   978276.546532401117
           112.7600     -7.9400   978277.495914330124
           112.7700     -7.9400   978279.145684484625
           112.7800     -7.9400   978282.085529866512
           112.7900     -7.9400   978286.867623099010
           112.8000     -7.9400   978293.958409581915
           112.8100     -7.9400   978303.695007939590
           112.8200     -7.9400   978316.249456647551
           112.8300     -7.9400   978331.603679210297
           112.8400     -7.9400   978349.537445792113
           112.8500     -7.9400   978369.630793803837
           112.8600     -7.9400   978391.281370724086
           112.8700     -7.9400   978413.736041522119
           112.8800     -7.9400   978436.134944569902
           112.8900     -7.9400   978457.565083895461
           112.9000     -7.9400   978477.119618395693
           112.9100     -7.9400   978493.958351632114
           112.9200     -7.9400   978507.364623372792
           112.9300     -7.9400   978516.793912061490
           112.9400     -7.9400   978521.909994504065
           112.9500     -7.9400   978522.605451255920
           112.9600     -7.9400   978519.004586111638
           112.9700     -7.9400   978511.448339086026
           112.9800     -7.9400   978500.462377474061
           112.9900     -7.9400   978486.711094617145
           113.0000     -7.9400   978470.941574913100
           112.0000     -7.9500   978185.442999585299
           112.0100     -7.9500   978187.437828251976
           112.0200     -7.9500   978189.897315325448
           112.0300     -7.9500   978192.496451460873
           112.0400     -7.9500   978194.907890998293
           112.0500     -7.9500   978196.839674047078
           112.0600     -7.9500   978198.071798764868
           112.0700     -7.9500   978198.487206512364
           112.0800     -7.9500   978198.093113184790
           112.0900     -7.9500   978197.029499709141
           112.1000     -7.9500   978195.562883333885
           112.1100     -7.9500   978194.065094165155
           112.1200     -7.9500   978192.978503264836
           112.1300     -7.9500   978192.770793064497
           112.1400     -7.9500   978193.883732708637
           112.1500     -7.9500   978196.681349195540
           112.1600     -7.9500   978201.403243806330
           112.1700     -7.9500   978208.128527544206
           112.1800     -7.9500   978216.754945072578
           112.1900     -7.9500   978226.996302104671
           112.2000     -7.9500   978238.399449864402
           112.2100     -7.9500   978250.380005990621
           112.2200     -7.9500   978262.273927632137
           112.2300     -7.9500   978273.400227547507
           112.2400     -7.9500   978283.128744854708
           112.2500     -7.9500   978290.946110926103
           112.2600     -7.9500   978296.512986580725
           112.2700     -7.9500   978299.706312643364
           112.2800     -7.9500   978300.641657011234
           112.2900     -7.9500   978299.672628978617
           112.3000     -7.9500   978297.366577157285
           112.3100     -7.9500   978294.458162004012
           112.3200     -7.9500   978291.784652897622
           112.3300     -7.9500   978290.208708002698
           112.3400     -7.9500   978290.535752931726
           112.3500     -7.9500   978293.433737914194
           112.3600     -7.9500   978299.362950880895
           112.3700     -7.9500   978308.522703032359
           112.3800     -7.9500   978320.820169898681
           112.3900     -7.9500   978335.864619386615
           112.4000     -7.9500   978352.987895669416
           112.4100     -7.9500   978371.289590315078
           112.4200     -7.9500   978389.703060336527
           112.4300     -7.9500   978407.076566276723
           112.4400     -7.9500   978422.262477902346
           112.4500     -7.9500   978434.206845980603
           112.4600     -7.9500   978442.031710966607
           112.4700     -7.9500   978445.103285982739
           112.4800     -7.9500   978443.080518293078
           112.4900     -7.9500   978435.940352507168
           112.5000     -7.9500   978423.978104950045
           112.5100     -7.9500   978407.783510231762
           112.5200     -7.9500   978388.195020040846
           112.5300     -7.9500   978366.236645447323
           112.5400     -7.9500   978343.042900786852
           112.5500     -7.9500   978319.778141882736
           112.5600     -7.9500   978297.556760693784
           112.5700     -7.9500   978277.370322732022
           112.5800     -7.9500   978260.026880968828
           112.5900     -7.9500   978246.106475866400
           112.6000     -7.9500   978235.935365481302
           112.6100     -7.9500   978229.579961640411
           112.6200     -7.9500   978226.859913144843
           112.6300     -7.9500   978227.378393352730
           112.6400     -7.9500   978230.566510446719
           112.6500     -7.9500   978235.737926669070
           112.6600     -7.9500   978242.149278328870
           112.6700     -7.9500   978249.061832392588
           112.6800     -7.9500   978255.799974177848
           112.6900     -7.9500   978261.802552290261
           112.7000     -7.9500   978266.663758530049
           112.7100     -7.9500   978270.161034524906
           112.7200     -7.9500   978272.268416166073
           112.7300     -7.9500   978273.154698022176
           112.7400     -7.9500   978273.166774232173
           112.7500     -7.9500   978272.799446274759
           112.7600     -7.9500   978272.653841390624
           112.7700     -7.9500   978273.387320525828
           112.7800     -7.9500   978275.658334937529
           112.7900     -7.9500   978280.070080974605
           112.8000     -7.9500   978287.116970902542
           112.8100     -7.9500   978297.137857808964
           112.8200     -7.9500   978310.279608605546
           112.8300     -7.9500   978326.474009629921
           112.8400     -7.9500   978345.430132180685
           112.8500     -7.9500   978366.643220309634
           112.8600     -7.9500   978389.419953098171
           112.8700     -7.9500   978412.918662087759
           112.8800     -7.9500   978436.201851045364
           112.8900     -7.9500   978458.297277381760
           112.9000     -7.9500   978478.263017744292
           112.9100     -7.9500   978495.251446814858
           112.9200     -7.9500   978508.566975997062
           112.9300     -7.9500   978517.712761425762
           112.9400     -7.9500   978522.422392128967
           112.9500     -7.9500   978522.673759305966
           112.9600     -7.9500   978518.683795338497
           112.9700     -7.9500   978510.884429836413
           112.9800     -7.9500   978499.881789109902
           112.9900     -7.9500   978486.402203999343
           113.0000     -7.9500   978471.229834206286
           112.0000     -7.9600   978188.303373456234
           112.0100     -7.9600   978189.992380360723
           112.0200     -7.9600   978192.194827699917
           112.0300     -7.9600   978194.621043259045
           112.0400     -7.9600   978196.967889248393
           112.0500     -7.9600   978198.954110977706
           112.0600     -7.9600   978200.355858931085
           112.0700     -7.9600   978201.038080708124
           112.0800     -7.9600   978200.977701474330
           112.0900     -7.9600   978200.275239845272
           112.1000     -7.9600   978199.152676748112
           112.1100     -7.9600   978197.936888485681
           112.1200     -7.9600   978197.029609512305
           112.1300     -7.9600   978196.866517446586
           112.1400     -7.9600   978197.869440713665
           112.1500     -7.9600   978200.396704379702
           112.1600     -7.9600   978204.697117898148
           112.1700     -7.9600   978210.872991657467
           112.1800     -7.9600   978218.856836407678
           112.1900     -7.9600   978228.405110341031
           112.2000     -7.9600   978239.110657777637
           112.2100     -7.9600   978250.433508941205
           112.2200     -7.9600   978261.747693827609
           112.2300     -7.9600   978272.399886722909
           112.2400     -7.9600   978281.774248915375
           112.2500     -7.9600   978289.356944823987
           112.2600     -7.9600   978294.793582685757
           112.2700     -7.9600   978297.933315851376
           112.2800     -7.9600   978298.854499299778
           112.2900     -7.9600   978297.868519869400
           112.3000     -7.9600   978295.500537683605
           112.3100     -7.9600   978292.448175915633
           112.3200     -7.9600   978289.521440524375
           112.3300     -7.9600   978287.569108305848
           112.3400     -7.9600   978287.398286066484
           112.3500     -7.9600   978289.694661115878
           112.3600     -7.9600   978294.951045106282
           112.3700     -7.9600   978303.411146608531
           112.3800     -7.9600   978315.034156880574
           112.3900     -7.9600   978329.483832173399
           112.4000     -7.9600   978346.143494215910
           112.4100     -7.9600   978364.155972895445
           112.4200     -7.9600   978382.485217270441
           112.4300     -7.9600   978399.994325040956
           112.4400     -7.9600   978415.533272167435
           112.4500     -7.9600   978428.028794880374
           112.4600     -7.9600   978436.568751083687
           112.4700     -7.9600   978440.473862013547
           112.4800     -7.9600   978439.350935700932
           112.4900     -7.9600   978433.123371856986
           112.5000     -7.9600   978422.036771875923
           112.5100     -7.9600   978406.639632988954
           112.5200     -7.9600   978387.741194004193
           112.5300     -7.9600   978366.350338784629
           112.5400     -7.9600   978343.600901785889
           112.5500     -7.9600   978320.669650864671
           112.5600     -7.9600   978298.693590718205
           112.5700     -7.9600   978278.693033557036
           112.5800     -7.9600   978261.506169396569
           112.5900     -7.9600   978247.739726105821
           112.6000     -7.9600   978237.738858911907
           112.6100     -7.9600   978231.577787511284
           112.6200     -7.9600   978229.071046830621
           112.6300     -7.9600   978229.803666159860
           112.6400     -7.9600   978233.177252585767
           112.6500     -7.9600   978238.467913256260
           112.6600     -7.9600   978244.891261232551
           112.6700     -7.9600   978251.669434700278
           112.6800     -7.9600   978258.095113713993
           112.6900     -7.9600   978263.587913006195
           112.7000     -7.9600   978267.739215832669
           112.7100     -7.9600   978270.342431985191
           112.7200     -7.9600   978271.406745374785
           112.7300     -7.9600   978271.153592526563
           112.7400     -7.9600   978269.996312759584
           112.7500     -7.9600   978268.504566023592
           112.7600     -7.9600   978267.356161332340
           112.7700     -7.9600   978267.279818492243
           112.7800     -7.9600   978268.993045507930
           112.7900     -7.9600   978273.139709096286
           112.8000     -7.9600   978280.231972222915
           112.8100     -7.9600   978290.601050736848
           112.8200     -7.9600   978304.360698774341
           112.8300     -7.9600   978321.386488306336
           112.8400     -7.9600   978341.312843726599
           112.8500     -7.9600   978363.548493016046
           112.8600     -7.9600   978387.309589740238
           112.8700     -7.9600   978411.668349103769
           112.8800     -7.9600   978435.613740596804
           112.8900     -7.9600   978458.119704159442
           112.9000     -7.9600   978478.215610822081
           112.9100     -7.9600   978495.053355758544
           112.9200     -7.9600   978507.965603664517
           112.9300     -7.9600   978516.510316222091
           112.9400     -7.9600   978520.497748434776
           112.9500     -7.9600   978519.997530123452
           112.9600     -7.9600   978515.325136507512
           112.9700     -7.9600   978507.008852011873
           112.9800     -7.9600   978495.740080206771
           112.9900     -7.9600   978482.311382867047
           113.0000     -7.9600   978467.547788806143
           112.0000     -7.9700   978191.069094852894
           112.0100     -7.9700   978192.418024288723
           112.0200     -7.9700   978194.332758151344
           112.0300     -7.9700   978196.560360204778
           112.0400     -7.9700   978198.823516174802
           112.0500     -7.9700   978200.853134571575
           112.0600     -7.9700   978202.422442893265
           112.0700     -7.9700   978203.378457293496
           112.0800     -7.9700   978203.666773869772
           112.0900     -7.9700   978203.346197991399
           112.1000     -7.9700   978202.590747827664
           112.1100     -7.9700   978201.677936838707
           112.1200     -7.9700   978200.963809255860
           112.1300     -7.9700   978200.846795044024
           112.1400     -7.9700   978201.723879689700
           112.1500     -7.9700   978203.943675003597
           112.1600     -7.9700   978207.761588830501
           112.1700     -7.9700   978213.302333740867
           112.1800     -7.9700   978220.534459929797
           112.1900     -7.9700   978229.260486068903
           112.2000     -7.9700   978239.124639264774
           112.2100     -7.9700   978249.638361768215
           112.2200     -7.9700   978260.221795455320
           112.2300     -7.9700   978270.257628998719
           112.2400     -7.9700   978279.152192619396
           112.2500     -7.9700   978286.397685458418
           112.2600     -7.9700   978291.629043688881
           112.2700     -7.9700   978294.669260476716
           112.2800     -7.9700   978295.557936056983
           112.2900     -7.9700   978294.559379897546
           112.3000     -7.9700   978292.148556600208
           112.3100     -7.9700   978288.975364835351
           112.3200     -7.9700   978285.809939669329
           112.3300     -7.9700   978283.473645588732
           112.3400     -7.9700   978282.761973918066
           112.3500     -7.9700   978284.366510671098
           112.3600     -7.9700   978288.803396033705
           112.3700     -7.9700   978296.355222807848
           112.3800     -7.9700   978307.032161167124
           112.3900     -7.9700   978320.556364023942
           112.4000     -7.9700   978336.371572211385
           112.4100     -7.9700   978353.677512265975
           112.4200     -7.9700   978371.486389982281
           112.4300     -7.9700   978388.696751707001
           112.4400     -7.9700   978404.178405028302
           112.4500     -7.9700   978416.861105606891
           112.4600     -7.9700   978425.819410514785
           112.4700     -7.9700   978430.346486138646
           112.4800     -7.9700   978430.010689210962
           112.4900     -7.9700   978424.690302335192
           112.5000     -7.9700   978414.583743997733
           112.5100     -7.9700   978400.194701829343
           112.5200     -7.9700   978382.293760943459
           112.5300     -7.9700   978361.860029263771
           112.5400     -7.9700   978340.007836920093
           112.5500     -7.9700   978317.904684164096
           112.5600     -7.9700   978296.687156785978
           112.5700     -7.9700   978277.381496835966
           112.5800     -7.9700   978260.834937504027
           112.5900     -7.9700   978247.662857729243
           112.6000     -7.9700   978238.215393631253
           112.6100     -7.9700   978232.565493274247
           112.6200     -7.9700   978230.518662295653
           112.6300     -7.9700   978231.642961830832
           112.6400     -7.9700   978235.316314437194
           112.6500     -7.9700   978240.786952720839
           112.6600     -7.9700   978247.241984579246
           112.6700     -7.9700   978253.878591870307
           112.6800     -7.9700   978259.972337726271
           112.6900     -7.9700   978264.937414196786
           112.7000     -7.9700   978268.374374142266
           112.7100     -7.9700   978270.101897233748
           112.7200     -7.9700   978270.170363331796
           112.7300     -7.9700   978268.856362166465
           112.7400     -7.9700   978266.638666763785
           112.7500     -7.9700   978264.157549899188
           112.7600     -7.9700   978262.160542309517
           112.7700     -7.9700   978261.438739735750
           112.7800     -7.9700   978262.758495217655
           112.7900     -7.9700   978266.793729598983
           112.8000     -7.9700   978274.064121252741
           112.8100     -7.9700   978284.884081326774
           112.8200     -7.9700   978299.326693789917
           112.8300     -7.9700   978317.205737211159
           112.8400     -7.9700   978338.077571466332
           112.8500     -7.9700   978361.263156424393
           112.8600     -7.9700   978385.888880730723
           112.8700     -7.9700   978410.943340427475
           112.8800     -7.9700   978435.345847120159
           112.8900     -7.9700   978458.021385155036
           112.9000     -7.9700   978477.976080494467
           112.9100     -7.9700   978494.367065596511
           112.9200     -7.9700   978506.560961703188
           112.9300     -7.9700   978514.176045499742
           112.9400     -7.9700   978517.104467508849
           112.9500     -7.9700   978515.512546654907
           112.9600     -7.9700   978509.819042868796
           112.9700     -7.9700   978500.653243744047
           112.9800     -7.9700   978488.796515360940
           112.9900     -7.9700   978475.112488084007
           113.0000     -7.9700   978460.472122842446
           112.0000     -7.9800   978193.670805103611
           112.0100     -7.9800   978194.660952965962
           112.0200     -7.9800   978196.269787194906
           112.0300     -7.9800   978198.281924950657
           112.0400     -7.9800   978200.447201341973
           112.0500     -7.9800   978202.510193483438
           112.0600     -7.9800   978204.242530724965
           112.0700     -7.9800   978205.474096135702
           112.0800     -7.9800   978206.119141778676
           112.0900     -7.9800   978206.193742989795
           112.1000     -7.9800   978205.821875654045
           112.1100     -7.9800   978205.228630251251
           112.1200     -7.9800   978204.720544668729
           112.1300     -7.9800   978204.654578976799
           112.1400     -7.9800   978205.398689593887
           112.1500     -7.9800   978207.288114038995
           112.1600     -7.9800   978210.582204299513
           112.1700     -7.9800   978215.426845115609
           112.1800     -7.9800   978221.827119776281
           112.1900     -7.9800   978229.633961602463
           112.2000     -7.9800   978238.547139595845
           112.2100     -7.9800   978248.135212983936
           112.2200     -7.9800   978257.871233753860
           112.2300     -7.9800   978267.181181909982
           112.2400     -7.9800   978275.500586506329
           112.2500     -7.9800   978282.333693393390
           112.2600     -7.9800   978287.309020201559
           112.2700     -7.9800   978290.225262366585
           112.2800     -7.9800   978291.082284246339
           112.2900     -7.9800   978290.093279887456
           112.3000     -7.9800   978287.675988774863
           112.3100     -7.9800   978284.422922970960
           112.3200     -7.9800   978281.052692380734
           112.3300     -7.9800   978278.346484476235
           112.3400     -7.9800   978277.075358003494
           112.3500     -7.9800   978277.925077284803
           112.3600     -7.9800   978281.425629152800
           112.3700     -7.9800   978287.892279024469
           112.3800     -7.9800   978297.384058644297
           112.3900     -7.9800   978309.684027371928
           112.4000     -7.9800   978324.303662969847
           112.4100     -7.9800   978340.511511612334
           112.4200     -7.9800   978357.383978226339
           112.4300     -7.9800   978373.874085446238
           112.4400     -7.9800   978388.892368563218
           112.4500     -7.9800   978401.392959519057
           112.4600     -7.9800   978410.457443853491
           112.4700     -7.9800   978415.369285008172
           112.4800     -7.9800   978415.672469315468
           112.4900     -7.9800   978411.209440969978
           112.5000     -7.9800   978402.135228521191
           112.5100     -7.9800   978388.906738266000
           112.5200     -7.9800   978372.248314298806
           112.5300     -7.9800   978353.096650940483
           112.5400     -7.9800   978332.529821044649
           112.5500     -7.9800   978311.686417107005
           112.5600     -7.9800   978291.681499378989
           112.5700     -7.9800   978273.526164642419
           112.5800     -7.9800   978258.057100791368
           112.5900     -7.9800   978245.881533535081
           112.6000     -7.9800   978237.341600329150
           112.6100     -7.9800   978232.500530617894
           112.6200     -7.9800   978231.151215225458
           112.6300     -7.9800   978232.845959775848
           112.6400     -7.9800   978236.944577484159
           112.6500     -7.9800   978242.676606542664
           112.6600     -7.9800   978249.212430594605
           112.6700     -7.9800   978255.737499286770
           112.6800     -7.9800   978261.523717224598
           112.6900     -7.9800   978265.992387996754
           112.7000     -7.9800   978268.763828841504
           112.7100     -7.9800   978269.689848492388
           112.7200     -7.9800   978268.866622664034
           112.7300     -7.9800   978266.627010866883
           112.7400     -7.9800   978263.512928566197
           112.7500     -7.9800   978260.229911447037
           112.7600     -7.9800   978257.587378324126
           112.7700     -7.9800   978256.429219651152
           112.7800     -7.9800   978257.560127699748
           112.7900     -7.9800   978261.673480018042
           112.8000     -7.9800   978269.286551982514
           112.8100     -7.9800   978280.688357659732
           112.8200     -7.9800   978295.904522508034
           112.8300     -7.9800   978314.682330269250
           112.8400     -7.9800   978336.497543843696
           112.8500     -7.9800   978360.582886718912
           112.8600     -7.9800   978385.976317989174
           112.8700     -7.9800   978411.585581203108
           112.8800     -7.9800   978436.264095585211
           112.8900     -7.9800   978458.892215263331
           112.9000     -7.9800   978478.457310862723
           112.9100     -7.9800   978494.126095369807
           112.9200     -7.9800   978505.303145794198
           112.9300     -7.9800   978511.670638365904
           112.9400     -7.9800   978513.205842959462
           112.9500     -7.9800   978510.174792073085
           112.9600     -7.9800   978503.102594349068
           112.9700     -7.9800   978492.722921666689
           112.9800     -7.9800   978479.911073656054
           112.9900     -7.9800   978465.606534943101
           113.0000     -7.9800   978450.731936939992
           112.0000     -7.9900   978196.046562674223
           112.0100     -7.9900   978196.674617137061
           112.0200     -7.9900   978197.971440629801
           112.0300     -7.9900   978199.759513112833
           112.0400     -7.9900   978201.816911928821
           112.0500     -7.9900   978203.903480603243
           112.0600     -7.9900   978205.791014550952
           112.0700     -7.9900   978207.293837698991
           112.0800     -7.9900   978208.295911399997
           112.0900     -7.9900   978208.770851834095
           112.1000     -7.9900   978208.791922852630
           112.1100     -7.9900   978208.530150961597
           112.1200     -7.9900   978208.240062087774
           112.1300     -7.9900   978208.234013795969
           112.1400     -7.9900   978208.847520394949
           112.1500     -7.9900   978210.399171011057
           112.1600     -7.9900   978213.149571982445
           112.1700     -7.9900   978217.264093372622
           112.1800     -7.9900   978222.784006498405
           112.1900     -7.9900   978229.609867631691
           112.2000     -7.9900   978237.499797466910
           112.2100     -7.9900   978246.083747860044
           112.2200     -7.9900   978254.893101825262
           112.2300     -7.9900   978263.403210541117
           112.2400     -7.9900   978271.084927328397
           112.2500     -7.9900   978277.460030758521
           112.2600     -7.9900   978282.154776810086
           112.2700     -7.9900   978284.945768928737
           112.2800     -7.9900   978285.792906304123
           112.2900     -7.9900   978284.855318792514
           112.3000     -7.9900   978282.487812830368
           112.3100     -7.9900   978279.217275752453
           112.3200     -7.9900   978275.700520534767
           112.3300     -7.9900   978272.666988988640
           112.3400     -7.9900   978270.851366449497
           112.3500     -7.9900   978270.922321706195
           112.3600     -7.9900   978273.414146490861
           112.3700     -7.9900   978278.667964402121
           112.3800     -7.9900   978286.788412687252
           112.3900     -7.9900   978297.620342653594
           112.4000     -7.9900   978310.748266676790
           112.4100     -7.9900   978325.519179446157
           112.4200     -7.9900   978341.087203706265
           112.4300     -7.9900   978356.476468290435
           112.4400     -7.9900   978370.656915442669
           112.4500     -7.9900   978382.626517201541
           112.4600     -7.9900   978391.492768477998
           112.4700     -7.9900   978396.546368856099
           112.4800     -7.9900   978397.320693799877
           112.4900     -7.9900   978393.631916339160
           112.5000     -7.9900   978385.596348180668
           112.5100     -7.9900   978373.623562314315
           112.5200     -7.9900   978358.385953664663
           112.5300     -7.9900   978340.767402270343
           112.5400     -7.9900   978321.795450259699
           112.5500     -7.9900   978302.562743186834
           112.5600     -7.9900   978284.144312118180
           112.5700     -7.9900   978267.517527099000
           112.5800     -7.9900   978253.491228303290
           112.5900     -7.9900   978242.649680785602
           112.6000     -7.9900   978235.315688588074
           112.6100     -7.9900   978231.535564682330
           112.6200     -7.9900   978231.086828228203
           112.6300     -7.9900   978233.507642945508
           112.6400     -7.9900   978238.145269790664
           112.6500     -7.9900   978244.219318207470
           112.6600     -7.9900   978250.894452776061
           112.6700     -7.9900   978257.356524057337
           112.6800     -7.9900   978262.885885862401
           112.6900     -7.9900   978266.921941197361
           112.7000     -7.9900   978269.113695538370
           112.7100     -7.9900   978269.352226979332
           112.7200     -7.9900   978267.782420121017
           112.7300     -7.9900   978264.792946511065
           112.7400     -7.9900   978260.985188638093
           112.7500     -7.9900   978257.123471685802
           112.7600     -7.9900   978254.070464828168
           112.7700     -7.9900   978252.712829635479
           112.7800     -7.9900   978253.883032562910
           112.7900     -7.9900   978258.283631337574
           112.8000     -7.9900   978266.420251389034
           112.8100     -7.9900   978278.548882786534
           112.8200     -7.9900   978294.642081906903
           112.8300     -7.9900   978314.377223531948
           112.8400     -7.9900   978337.148220400675
           112.8500     -7.9900   978362.100238482468
           112.8600     -7.9900   978388.185036533279
           112.8700     -7.9900   978414.232804747066
           112.8800     -7.9900   978439.034921368933
           112.8900     -7.9900   978461.431021316675
           112.9000     -7.9900   978480.393279325450
           112.9100     -7.9900   978495.100912097958
           112.9200     -7.9900   978504.998610179522
           112.9300     -7.9900   978509.833878544159
           112.9400     -7.9900   978509.670001060585
           112.9500     -7.9900   978504.873408167041
           112.9600     -7.9900   978496.076443952508
           112.9700     -7.9900   978484.118702321779
           112.9800     -7.9900   978469.972032487509
           112.9900     -7.9900   978454.655817254214
           113.0000     -7.9900   978439.150052649202
           112.0000     -8.0000   978198.151653048582
           112.0100     -8.0000   978198.428276467137
           112.0200     -8.0000   978199.417641708627
           112.0300     -8.0000   978200.979960098863
           112.0400     -8.0000   978202.922449677251
           112.0500     -8.0000   978205.021925067762
           112.0600     -8.0000   978207.052548134350
           112.0700     -8.0000   978208.815419757739
           112.0800     -8.0000   978210.166315973620
           112.0900     -8.0000   978211.037939697737
           112.1000     -8.0000   978211.453578163288
           112.1100     -8.0000   978211.529977522558
           112.1200     -8.0000   978211.468471565866
           112.1300     -8.0000   978211.534793651663
           112.1400     -8.0000   978212.029398520128
           112.1500     -8.0000   978213.251357085072
           112.1600     -8.0000   978215.459810311790
           112.1700     -8.0000   978218.837458058842
           112.1800     -8.0000   978223.460542803514
           112.1900     -8.0000   978229.279250936350
           112.2000     -8.0000   978236.111440390348
           112.2100     -8.0000   978243.651213623816
           112.2200     -8.0000   978251.492236198159
           112.2300     -8.0000   978259.164030042943
           112.2400     -8.0000   978266.177933916100
           112.2500     -8.0000   978272.078197599621
           112.2600     -8.0000   978276.492906136322
           112.2700     -8.0000   978279.179213414784
           112.2800     -8.0000   978280.057738997974
           112.2900     -8.0000   978279.231922692270
           112.3000     -8.0000   978276.989550501807
           112.3100     -8.0000   978273.785422918620
           112.3200     -8.0000   978270.206053311122
           112.3300     -8.0000   978266.919162261882
           112.3400     -8.0000   978264.612376372446
           112.3500     -8.0000   978263.926772728562
           112.3600     -8.0000   978265.391599191469
           112.3700     -8.0000   978269.366567284451
           112.3800     -8.0000   978275.997543571517
           112.3900     -8.0000   978285.190307346988
           112.4000     -8.0000   978296.605407587835
           112.4100     -8.0000   978309.675199558144
           112.4200     -8.0000   978323.642062281724
           112.4300     -8.0000   978337.614795575966
           112.4400     -8.0000   978350.638464014977
           112.4500     -8.0000   978361.771661343868
           112.4600     -8.0000   978370.164434410282
           112.4700     -8.0000   978375.129996822448
           112.4800     -8.0000   978376.203884826042
           112.4900     -8.0000   978373.185306995874
           112.5000     -8.0000   978366.157008044887
           112.5100     -8.0000   978355.481856881292
           112.5200     -8.0000   978341.776405199198
           112.5300     -8.0000   978325.863661215873
           112.5400     -8.0000   978308.709107011673
           112.5500     -8.0000   978291.345403823885
           112.5600     -8.0000   978274.792160065030
           112.5700     -8.0000   978259.977509505115
           112.5800     -8.0000   978247.668039677781
           112.5900     -8.0000   978238.412851222674
           112.6000     -8.0000   978232.506291860715
           112.6100     -8.0000   978229.972306693671
           112.6200     -8.0000   978230.571519689285
           112.6300     -8.0000   978233.830264529446
           112.6400     -8.0000   978239.088972943835
           112.6500     -8.0000   978245.565750434995
           112.6600     -8.0000   978252.429745809408
           112.6700     -8.0000   978258.878143908689
           112.6800     -8.0000   978264.210335440701
           112.6900     -8.0000   978267.893059196533
           112.7000     -8.0000   978269.611046475708
           112.7100     -8.0000   978269.298865108169
           112.7200     -8.0000   978267.151169782039
           112.7300     -8.0000   978263.610300889704
           112.7400     -8.0000   978259.332003947929
           112.7500     -8.0000   978255.131826621364
           112.7600     -8.0000   978251.916353242239
           112.7700     -8.0000   978250.604731427273
           112.7800     -8.0000   978252.046826226404
           112.7900     -8.0000   978256.944726721267
           112.8000     -8.0000   978265.784185883240
           112.8100     -8.0000   978278.781894294312
           112.8200     -8.0000   978295.853311714600
           112.8300     -8.0000   978316.604188226280
           112.8400     -8.0000   978340.347016541054
           112.8500     -8.0000   978366.141616038978
           112.8600     -8.0000   978392.857022731914
           112.8700     -8.0000   978419.250018604682
           112.8800     -8.0000   978444.054140619584
           112.8900     -8.0000   978466.072002529516
           112.9000     -8.0000   978484.263343098573
           112.9100     -8.0000   978497.821436607977
           112.9200     -8.0000   978506.231365340529
           112.9300     -8.0000   978509.305102121318
           112.9400     -8.0000   978507.190272819134
           112.9500     -8.0000   978500.351706363959
           112.9600     -8.0000   978489.527241574600
           112.9700     -8.0000   978475.661536026513
           112.9800     -8.0000   978459.823603023426
           112.9900     -8.0000   978443.115299305064
           113.0000     -8.0000   978426.578848258010
