generating_institute     gfz-potsdam
     generating_date     2026/07/13
        product_type     gravity_field
                body     earth
           modelname     req_topo_2015_plusgrs80
     max_used_degree          2190
         tide_system     tide_free
          functional     gravity_anomaly_csb
    zero_degree_term     included
                unit     mgal
          refsysname     GRS80
            gmrefpot      3.98600500000E+14 m**3/s**2
        radiusrefpot     6378137.000 m
          flatrefpot      3.352810681183638E-03   (1/298.25722210088)
         omegarefpot      7.29211500000E-05 1/s
    normal_potential      6.263686085004611E+07 m**2/s**2
       long_lat_unit     degree
      latlimit_north      -7.0000000000000    
      latlimit_south      -8.0000000000000    
      longlimit_west       112.00000000000    
      longlimit_east       113.00000000000    
            gridstep      0.10000000000000E-01
  latitude_parallels           101
 longitude_parallels           101
number_of_gridpoints         10201
            gapvalue           9999.0000
       weighted_mean      1.6449132E+02 mgal
            maxvalue      2.3679586E+02 mgal
            minvalue      1.0652990E+02 mgal
         signal_wrms      2.8334968E+01 mgal
         grid_format     long_lat_value

          longitude    latitude    gravity_anomaly_csb
            [deg.]      [deg.]         [mgal]
end_of_head ============================================
           112.0000     -7.0000      179.698527017427
           112.0100     -7.0000      179.910150722892
           112.0200     -7.0000      180.097198668550
           112.0300     -7.0000      180.261831426473
           112.0400     -7.0000      180.408822604187
           112.0500     -7.0000      180.543998601081
           112.0600     -7.0000      180.672587265816
           112.0700     -7.0000      180.797784134614
           112.0800     -7.0000      180.919809135556
           112.0900     -7.0000      181.035643815752
           112.1000     -7.0000      181.139521890452
           112.1100     -7.0000      181.224112645673
           112.1200     -7.0000      181.282208915923
           112.1300     -7.0000      181.308630224309
           112.1400     -7.0000      181.301994845726
           112.1500     -7.0000      181.266013213669
           112.1600     -7.0000      181.210012011719
           112.1700     -7.0000      181.148507125101
           112.1800     -7.0000      181.099789567733
           112.1900     -7.0000      181.083650249971
           112.2000     -7.0000      181.118522254622
           112.2100     -7.0000      181.218438583043
           112.2200     -7.0000      181.390268511354
           112.2300     -7.0000      181.631693403555
           112.2400     -7.0000      181.930309295592
           112.2500     -7.0000      182.264105602167
           112.2600     -7.0000      182.603383751585
           112.2700     -7.0000      182.913971251616
           112.2800     -7.0000      183.161385134301
           112.2900     -7.0000      183.315433970076
           112.3000     -7.0000      183.354645908104
           112.3100     -7.0000      183.269889903884
           112.3200     -7.0000      183.066626021145
           112.3300     -7.0000      182.765373623987
           112.3400     -7.0000      182.400206329099
           112.3500     -7.0000      182.015342332777
           112.3600     -7.0000      181.660163823081
           112.3700     -7.0000      181.383232947186
           112.3800     -7.0000      181.226040257521
           112.3900     -7.0000      181.217298319805
           112.4000     -7.0000      181.368563406241
           112.4100     -7.0000      181.671831162135
           112.4200     -7.0000      182.099521773257
           112.4300     -7.0000      182.606973746405
           112.4400     -7.0000      183.137240272410
           112.4500     -7.0000      183.627670885577
           112.4600     -7.0000      184.017506035704
           112.4700     -7.0000      184.255549404130
           112.4800     -7.0000      184.306937266977
           112.4900     -7.0000      184.158105943885
           112.5000     -7.0000      183.819260649207
           112.5100     -7.0000      183.323948862340
           112.5200     -7.0000      182.725701977010
           112.5300     -7.0000      182.092084700208
           112.5400     -7.0000      181.496833473567
           112.5500     -7.0000      181.011027372290
           112.5600     -7.0000      180.694381229774
           112.5700     -7.0000      180.587759353654
           112.5800     -7.0000      180.707875047192
           112.5900     -7.0000      181.044880731273
           112.6000     -7.0000      181.563197312691
           112.6100     -7.0000      182.205524267381
           112.6200     -7.0000      182.899565883826
           112.6300     -7.0000      183.566657119319
           112.6400     -7.0000      184.131221152253
           112.6500     -7.0000      184.529874023013
           112.6600     -7.0000      184.719026590388
           112.6700     -7.0000      184.680017575607
           112.6800     -7.0000      184.421121377507
           112.6900     -7.0000      183.976171468167
           112.7000     -7.0000      183.399973544932
           112.7100     -7.0000      182.761096033071
           112.7200     -7.0000      182.132964962738
           112.7300     -7.0000      181.584410940691
           112.7400     -7.0000      181.170888430195
           112.7500     -7.0000      180.927501644311
           112.7600     -7.0000      180.864737596027
           112.7700     -7.0000      180.967455261150
           112.7800     -7.0000      181.197256042239
           112.7900     -7.0000      181.497920087427
           112.8000     -7.0000      181.803193228462
           112.8100     -7.0000      182.045902851438
           112.8200     -7.0000      182.167208216972
           112.8300     -7.0000      182.124774377569
           112.8400     -7.0000      181.898801073804
           112.8500     -7.0000      181.495120082804
           112.8600     -7.0000      180.944959229286
           112.8700     -7.0000      180.301407887963
           112.8800     -7.0000      179.633049716408
           112.8900     -7.0000      179.015596784604
           112.9000     -7.0000      178.522616787804
           112.9100     -7.0000      178.216557997915
           112.9200     -7.0000      178.141230613695
           112.9300     -7.0000      178.316704922915
           112.9400     -7.0000      178.737263090888
           112.9500     -7.0000      179.372635903220
           112.9600     -7.0000      180.172322606521
           112.9700     -7.0000      181.072388765722
           112.9800     -7.0000      182.003817203251
           112.9900     -7.0000      182.901292646552
           113.0000     -7.0000      183.711256776142
           112.0000     -7.0100      179.776961731370
           112.0100     -7.0100      179.952408635538
           112.0200     -7.0100      180.082118640314
           112.0300     -7.0100      180.170761416383
           112.0400     -7.0100      180.228046587196
           112.0500     -7.0100      180.266668484551
           112.0600     -7.0100      180.299928014605
           112.0700     -7.0100      180.339425263434
           112.0800     -7.0100      180.393197862330
           112.0900     -7.0100      180.464602086288
           112.1000     -7.0100      180.552108282607
           112.1100     -7.0100      180.650029030987
           112.1200     -7.0100      180.750041423415
           112.1300     -7.0100      180.843228893009
           112.1400     -7.0100      180.922275059388
           112.1500     -7.0100      180.983407702458
           112.1600     -7.0100      181.027721996409
           112.1700     -7.0100      181.061605252743
           112.1800     -7.0100      181.096127594550
           112.1900     -7.0100      181.145433177000
           112.2000     -7.0100      181.224338759132
           112.2100     -7.0100      181.345493445467
           112.2200     -7.0100      181.516551028548
           112.2300     -7.0100      181.737837069084
           112.2400     -7.0100      182.000948726240
           112.2500     -7.0100      182.288609576882
           112.2600     -7.0100      182.575928432315
           112.2700     -7.0100      182.833003954782
           112.2800     -7.0100      183.028605307559
           112.2900     -7.0100      183.134474728127
           112.3000     -7.0100      183.129669765078
           112.3100     -7.0100      183.004312962945
           112.3200     -7.0100      182.762156546802
           112.3300     -7.0100      182.421498125094
           112.3400     -7.0100      182.014186665511
           112.3500     -7.0100      181.582710669801
           112.3600     -7.0100      181.175629025051
           112.3700     -7.0100      180.841852138817
           112.3800     -7.0100      180.624470779150
           112.3900     -7.0100      180.554933184464
           112.4000     -7.0100      180.648369049447
           112.4100     -7.0100      180.900747409153
           112.4200     -7.0100      181.288344757924
           112.4300     -7.0100      181.769714593479
           112.4400     -7.0100      182.290025803429
           112.4500     -7.0100      182.787317369840
           112.4600     -7.0100      183.199944218259
           112.4700     -7.0100      183.474302215497
           112.4800     -7.0100      183.571847515175
           112.4900     -7.0100      183.474480349177
           112.5000     -7.0100      183.187542870006
           112.5100     -7.0100      182.739964824179
           112.5200     -7.0100      182.181445133956
           112.5300     -7.0100      181.576937003041
           112.5400     -7.0100      180.999059500456
           112.5500     -7.0100      180.519342241464
           112.5600     -7.0100      180.199382671780
           112.5700     -7.0100      180.083032256465
           112.5800     -7.0100      180.190620723310
           112.5900     -7.0100      180.515987422869
           112.6000     -7.0100      181.026744618081
           112.6100     -7.0100      181.667792149012
           112.6200     -7.0100      182.367688279394
           112.6300     -7.0100      183.047111541760
           112.6400     -7.0100      183.628371940944
           112.6500     -7.0100      184.044784253019
           112.6600     -7.0100      184.248721993542
           112.6700     -7.0100      184.217328932242
           112.6800     -7.0100      183.955156817685
           112.6900     -7.0100      183.493386554723
           112.7000     -7.0100      182.885725708913
           112.7100     -7.0100      182.201501544043
           112.7200     -7.0100      181.516830244752
           112.7300     -7.0100      180.904992055091
           112.7400     -7.0100      180.427245723293
           112.7500     -7.0100      180.125259718159
           112.7600     -7.0100      180.016128876126
           112.7700     -7.0100      180.090610249744
           112.7800     -7.0100      180.314794409256
           112.7900     -7.0100      180.634982734960
           112.8000     -7.0100      180.985125596837
           112.8100     -7.0100      181.295845164067
           112.8200     -7.0100      181.503863280423
           112.8300     -7.0100      181.560605936655
           112.8400     -7.0100      181.438867583397
           112.8500     -7.0100      181.136675899242
           112.8600     -7.0100      180.677866502835
           112.8700     -7.0100      180.109308654944
           112.8800     -7.0100      179.495160236324
           112.8900     -7.0100      178.908915603472
           112.9000     -7.0100      178.424292753589
           112.9100     -7.0100      178.106149756724
           112.9200     -7.0100      178.002606430103
           112.9300     -7.0100      178.139378509291
           112.9400     -7.0100      178.517031426250
           112.9500     -7.0100      179.111469908642
           112.9600     -7.0100      179.877550503733
           112.9700     -7.0100      180.755294135333
           112.9800     -7.0100      181.677839360536
           112.9900     -7.0100      182.580058373842
           113.0000     -7.0100      183.406685227551
           112.0000     -7.0200      179.870135412605
           112.0100     -7.0200      180.001480429921
           112.0200     -7.0200      180.066604245712
           112.0300     -7.0200      180.073276367991
           112.0400     -7.0200      180.036703283410
           112.0500     -7.0200      179.976913177228
           112.0600     -7.0200      179.915587006167
           112.0700     -7.0200      179.872822376358
           112.0800     -7.0200      179.864314937408
           112.0900     -7.0200      179.899367486072
           112.1000     -7.0200      179.980001379695
           112.1100     -7.0200      180.101268986119
           112.1200     -7.0200      180.252676560481
           112.1300     -7.0200      180.420453005710
           112.1400     -7.0200      180.590268060939
           112.1500     -7.0200      180.749933951375
           112.1600     -7.0200      180.891628473778
           112.1700     -7.0200      181.013254860402
           112.1800     -7.0200      181.118693353982
           112.1900     -7.0200      181.216880389727
           112.2000     -7.0200      181.319846128258
           112.2100     -7.0200      181.440019711284
           112.2200     -7.0200      181.587245777157
           112.2300     -7.0200      181.766023374926
           112.2400     -7.0200      181.973466939027
           112.2500     -7.0200      182.198397600040
           112.2600     -7.0200      182.421813070825
           112.2700     -7.0200      182.618777649361
           112.2800     -7.0200      182.761550256399
           112.2900     -7.0200      182.823561172350
           112.3000     -7.0200      182.783689288692
           112.3100     -7.0200      182.630207258713
           112.3200     -7.0200      182.363767903994
           112.3300     -7.0200      181.998904896474
           112.3400     -7.0200      181.563703789973
           112.3500     -7.0200      181.097543069104
           112.3600     -7.0200      180.647076495159
           112.3700     -7.0200      180.260889815173
           112.3800     -7.0200      179.983478938463
           112.3900     -7.0200      179.849330375826
           112.4000     -7.0200      179.877915615154
           112.4100     -7.0200      180.070330357556
           112.4200     -7.0200      180.408123686688
           112.4300     -7.0200      180.854592744917
           112.4400     -7.0200      181.358499208257
           112.4500     -7.0200      181.859836741356
           112.4600     -7.0200      182.296988150600
           112.4700     -7.0200      182.614398066508
           112.4800     -7.0200      182.769783318646
           112.4900     -7.0200      182.739926461816
           112.5000     -7.0200      182.524249203631
           112.5100     -7.0200      182.145625495446
           112.5200     -7.0200      181.648236958499
           112.5300     -7.0200      181.092652677449
           112.5400     -7.0200      180.548681726266
           112.5500     -7.0200      180.086851125313
           112.5600     -7.0200      179.769562406127
           112.5700     -7.0200      179.643047619131
           112.5800     -7.0200      179.731168544406
           112.5900     -7.0200      180.031888124839
           112.6000     -7.0200      180.516916199420
           112.6100     -7.0200      181.134633269157
           112.6200     -7.0200      181.815977232168
           112.6300     -7.0200      182.482593271844
           112.6400     -7.0200      183.056247217045
           112.6500     -7.0200      183.468328107367
           112.6600     -7.0200      183.668240828320
           112.6700     -7.0200      183.629619575272
           112.6800     -7.0200      183.353562314694
           112.6900     -7.0200      182.868461593988
           112.7000     -7.0200      182.226440043638
           112.7100     -7.0200      181.496833742623
           112.7200     -7.0200      180.757546621402
           112.7300     -7.0200      180.085374396107
           112.7400     -7.0200      179.546530732459
           112.7500     -7.0200      179.188583325125
           112.7600     -7.0200      179.034826061640
           112.7700     -7.0200      179.081798693178
           112.7800     -7.0200      179.300258300241
           112.7900     -7.0200      179.639460397233
           112.8000     -7.0200      180.034180097885
           112.8100     -7.0200      180.413551252670
           112.8200     -7.0200      180.710569921283
           112.8300     -7.0200      180.871028073481
           112.8400     -7.0200      180.860724207727
           112.8500     -7.0200      180.670028556139
           112.8600     -7.0200      180.315230836869
           112.8700     -7.0200      179.836521584630
           112.8800     -7.0200      179.292897934076
           112.8900     -7.0200      178.754683338278
           112.9000     -7.0200      178.294655768637
           112.9100     -7.0200      177.978950798297
           112.9200     -7.0200      177.858922828396
           112.9300     -7.0200      177.965008491272
           112.9400     -7.0200      178.303360632680
           112.9500     -7.0200      178.855646945581
           112.9600     -7.0200      179.581984914901
           112.9700     -7.0200      180.426570911840
           112.9800     -7.0200      181.325211161946
           112.9900     -7.0200      182.213722072956
           113.0000     -7.0200      183.036068127474
           112.0000     -7.0300      179.981371987105
           112.0100     -7.0300      180.065238789745
           112.0200     -7.0300      180.063283285334
           112.0300     -7.0300      179.986788287388
           112.0400     -7.0300      179.856799608321
           112.0500     -7.0300      179.700900277851
           112.0600     -7.0300      179.549205608762
           112.0700     -7.0300      179.430164450026
           112.0800     -7.0300      179.366766461266
           112.0900     -7.0300      179.373682924741
           112.1000     -7.0300      179.455720870685
           112.1100     -7.0300      179.607769383972
           112.1200     -7.0300      179.816192752897
           112.1300     -7.0300      180.061410748819
           112.1400     -7.0300      180.321233365557
           112.1500     -7.0300      180.574411216349
           112.1600     -7.0300      180.803839020916
           112.1700     -7.0300      180.998911577582
           112.1800     -7.0300      181.156669959881
           112.1900     -7.0300      181.281569666045
           112.2000     -7.0300      181.383922940341
           112.2100     -7.0300      181.477281163542
           112.2200     -7.0300      181.575197471963
           112.2300     -7.0300      181.687917539465
           112.2400     -7.0300      181.819570274008
           112.2500     -7.0300      181.966364880404
           112.2600     -7.0300      182.116154424520
           112.2700     -7.0300      182.249519084770
           112.2800     -7.0300      182.342284576157
           112.2900     -7.0300      182.369157943323
           112.3000     -7.0300      182.307969425101
           112.3100     -7.0300      182.143885809616
           112.3200     -7.0300      181.872928505467
           112.3300     -7.0300      181.504196515154
           112.3400     -7.0300      181.060354363355
           112.3500     -7.0300      180.576177780894
           112.3600     -7.0300      180.095224305628
           112.3700     -7.0300      179.664973622384
           112.3800     -7.0300      179.331023382820
           112.3900     -7.0300      179.131094333457
           112.4000     -7.0300      179.089666959667
           112.4100     -7.0300      179.214026942280
           112.4200     -7.0300      179.492340530840
           112.4300     -7.0300      179.894131220519
           112.4400     -7.0300      180.373217328758
           112.4500     -7.0300      180.872837320536
           112.4600     -7.0300      181.332381340340
           112.4700     -7.0300      181.694906691594
           112.4800     -7.0300      181.914477226954
           112.4900     -7.0300      181.962353907776
           112.5000     -7.0300      181.831181777193
           112.5100     -7.0300      181.536555191998
           112.5200     -7.0300      181.115669830391
           112.5300     -7.0300      180.623145237353
           112.5400     -7.0300      180.124476390701
           112.5500     -7.0300      179.687896778421
           112.5600     -7.0300      179.375664264694
           112.5700     -7.0300      179.235881898284
           112.5800     -7.0300      179.295922551645
           112.5900     -7.0300      179.558341593724
           112.6000     -7.0300      179.999857342157
           112.6100     -7.0300      180.573592805414
           112.6200     -7.0300      181.214353729124
           112.6300     -7.0300      181.846321798829
           112.6400     -7.0300      182.392220480832
           112.6500     -7.0300      182.782807697171
           112.6600     -7.0300      182.965492573869
           112.6700     -7.0300      182.910972127196
           112.6800     -7.0300      182.617026780163
           112.6900     -7.0300      182.108970685939
           112.7000     -7.0300      181.436678310025
           112.7100     -7.0300      180.668547520731
           112.7200     -7.0300      179.883154311101
           112.7300     -7.0300      179.159653367776
           112.7400     -7.0300      178.568142448021
           112.7500     -7.0300      178.161214960471
           112.7600     -7.0300      177.967772899411
           112.7700     -7.0300      177.989880854344
           112.7800     -7.0300      178.203049063875
           112.7900     -7.0300      178.559890667775
           112.8000     -7.0300      178.996663343584
           112.8100     -7.0300      179.441835298397
           112.8200     -7.0300      179.825558483312
           112.8300     -7.0300      180.088821319102
           112.8400     -7.0300      180.191103205771
           112.8500     -7.0300      180.115556460848
           112.8600     -7.0300      179.871070686107
           112.8700     -7.0300      179.490985944634
           112.8800     -7.0300      179.028659916116
           112.8900     -7.0300      178.550502390510
           112.9000     -7.0300      178.127414415378
           112.9100     -7.0300      177.825766966060
           112.9200     -7.0300      177.699100042757
           112.9300     -7.0300      177.781612811408
           112.9400     -7.0300      178.084264839686
           112.9500     -7.0300      178.593952264429
           112.9600     -7.0300      179.275809329174
           112.9700     -7.0300      180.078270873668
           112.9800     -7.0300      180.940170497043
           112.9900     -7.0300      181.798889992541
           113.0000     -7.0300      182.598451920192
           112.0000     -7.0400      180.115863667417
           112.0100     -7.0400      180.153291255712
           112.0200     -7.0400      180.086278484405
           112.0300     -7.0400      179.929848275624
           112.0400     -7.0400      179.711010673868
           112.0500     -7.0400      179.464892036795
           112.0600     -7.0400      179.229868240423
           112.0700     -7.0400      179.042390215136
           112.0800     -7.0400      178.932219985728
           112.0900     -7.0400      178.918723955680
           112.1000     -7.0400      179.008708628942
           112.1100     -7.0400      179.196056158833
           112.1200     -7.0400      179.463156152175
           112.1300     -7.0400      179.783873638412
           112.1400     -7.0400      180.127577771241
           112.1500     -7.0400      180.463612291419
           112.1600     -7.0400      180.765537200191
           112.1700     -7.0400      181.014518290345
           112.1800     -7.0400      181.201379668490
           112.1900     -7.0400      181.327043466996
           112.2000     -7.0400      181.401329629984
           112.2100     -7.0400      181.440340217034
           112.2200     -7.0400      181.462869863764
           112.2300     -7.0400      181.486434538751
           112.2400     -7.0400      181.523571832849
           112.2500     -7.0400      181.579027983729
           112.2600     -7.0400      181.648314444615
           112.2700     -7.0400      181.717908752881
           112.2800     -7.0400      181.767120795153
           112.2900     -7.0400      181.771383468487
           112.3000     -7.0400      181.706495170240
           112.3100     -7.0400      181.553175646661
           112.3200     -7.0400      181.301222636321
           112.3300     -7.0400      180.952587679555
           112.3400     -7.0400      180.522823589886
           112.3500     -7.0400      180.040576490893
           112.3600     -7.0400      179.545072186534
           112.3700     -7.0400      179.081841241746
           112.3800     -7.0400      178.697197273369
           112.3900     -7.0400      178.432188808274
           112.4000     -7.0400      178.316855050913
           112.4100     -7.0400      178.365611262746
           112.4200     -7.0400      178.574467233895
           112.4300     -7.0400      178.920556134600
           112.4400     -7.0400      179.364149507520
           112.4500     -7.0400      179.852997277087
           112.4600     -7.0400      180.328505379943
           112.4700     -7.0400      180.732993638331
           112.4800     -7.0400      181.017101825154
           112.4900     -7.0400      181.146359298949
           112.5000     -7.0400      181.106013717405
           112.5100     -7.0400      180.903419761897
           112.5200     -7.0400      180.567594758287
           112.5300     -7.0400      180.145915485804
           112.5400     -7.0400      179.698311010924
           112.5500     -7.0400      179.289648934886
           112.5600     -7.0400      178.981269972041
           112.5700     -7.0400      178.822761824903
           112.5800     -7.0400      178.845057139504
           112.5900     -7.0400      179.055789941388
           112.6000     -7.0400      179.437567747788
           112.6100     -7.0400      179.949447208616
           112.6200     -7.0400      180.531487218205
           112.6300     -7.0400      181.111849202305
           112.6400     -7.0400      181.615573437787
           112.6500     -7.0400      181.973928790786
           112.6600     -7.0400      182.133143165039
           112.6700     -7.0400      182.061386821912
           112.6800     -7.0400      181.753093729251
           112.6900     -7.0400      181.230040672336
           112.7000     -7.0400      180.539017127026
           112.7100     -7.0400      179.746357197292
           112.7200     -7.0400      178.930010897556
           112.7300     -7.0400      178.170152254830
           112.7400     -7.0400      177.539513685488
           112.7500     -7.0400      177.094674158785
           112.7600     -7.0400      176.869407297455
           112.7700     -7.0400      176.870930306275
           112.7800     -7.0400      177.079520003988
           112.7900     -7.0400      177.451527286322
           112.8000     -7.0400      177.925383089607
           112.8100     -7.0400      178.429804817363
           112.8200     -7.0400      178.893132507786
           112.8300     -7.0400      179.252585169218
           112.8400     -7.0400      179.462247419200
           112.8500     -7.0400      179.498771545590
           112.8600     -7.0400      179.364086550929
           112.8700     -7.0400      179.084802522881
           112.8800     -7.0400      178.708432896499
           112.8900     -7.0400      178.296971254066
           112.9000     -7.0400      177.918698670975
           112.9100     -7.0400      177.639317964375
           112.9200     -7.0400      177.513584377261
           112.9300     -7.0400      177.578519890958
           112.9400     -7.0400      177.849072971704
           112.9500     -7.0400      178.316748601201
           112.9600     -7.0400      178.951331057518
           112.9700     -7.0400      179.705408607168
           112.9800     -7.0400      180.521040523528
           112.9900     -7.0400      181.337631642894
           113.0000     -7.0400      182.099933936903
           112.0000     -7.0500      180.278883624182
           112.0100     -7.0500      180.274692574500
           112.0200     -7.0500      180.148447785907
           112.0300     -7.0500      179.918959755474
           112.0400     -7.0500      179.619127019922
           112.0500     -7.0500      179.291402298079
           112.0600     -7.0500      178.982057099606
           112.0700     -7.0500      178.735038096849
           112.0800     -7.0500      178.586252740487
           112.0900     -7.0500      178.559049840606
           112.1000     -7.0500      178.661484184232
           112.1100     -7.0500      178.885698283225
           112.1200     -7.0500      179.209455484222
           112.1300     -7.0500      179.599559106094
           112.1400     -7.0500      180.016633992147
           112.1500     -7.0500      180.420565794352
           112.1600     -7.0500      180.775814274514
           112.1700     -7.0500      181.055850198265
           112.1800     -7.0500      181.246105352633
           112.1900     -7.0500      181.345051074618
           112.2000     -7.0500      181.363299543907
           112.2100     -7.0500      181.320913625161
           112.2200     -7.0500      181.243373188135
           112.2300     -7.0500      181.156840799118
           112.2400     -7.0500      181.083469330698
           112.2500     -7.0500      181.037483926321
           112.2600     -7.0500      181.022652208318
           112.2700     -7.0500      181.031546602573
           112.2800     -7.0500      181.046731421780
           112.2900     -7.0500      181.043714176826
           112.3000     -7.0500      180.995228201558
           112.3100     -7.0500      180.876202169182
           112.3200     -7.0500      180.668653133894
           112.3300     -7.0500      180.365732016546
           112.3400     -7.0500      179.974256812996
           112.3500     -7.0500      179.515275678903
           112.3600     -7.0500      179.022481211508
           112.3700     -7.0500      178.538609659340
           112.3800     -7.0500      178.110259988254
           112.3900     -7.0500      177.781814098872
           112.4000     -7.0500      177.589294450976
           112.4100     -7.0500      177.555034663343
           112.4200     -7.0500      177.683954037490
           112.4300     -7.0500      177.962027496787
           112.4400     -7.0500      178.357253621952
           112.4500     -7.0500      178.823083861858
           112.4600     -7.0500      179.303932061542
           112.4700     -7.0500      179.742083164350
           112.4800     -7.0500      180.085106162673
           112.4900     -7.0500      180.292780753199
           112.5000     -7.0500      180.342585587479
           112.5100     -7.0500      180.232966149388
           112.5200     -7.0500      179.983881577631
           112.5300     -7.0500      179.634485950413
           112.5400     -7.0500      179.238183489586
           112.5500     -7.0500      178.855657019699
           112.5600     -7.0500      178.546755424741
           112.5700     -7.0500      178.362298559254
           112.5800     -7.0500      178.336891675907
           112.5900     -7.0500      178.483728989887
           112.6000     -7.0500      178.792120242748
           112.6100     -7.0500      179.228125983679
           112.6200     -7.0500      179.738281919291
           112.6300     -7.0500      180.255983554987
           112.6400     -7.0500      180.709744095019
           112.6500     -7.0500      181.032279634544
           112.6600     -7.0500      181.169251745823
           112.6700     -7.0500      181.086526622021
           112.6800     -7.0500      180.774989719898
           112.6900     -7.0500      180.252262931908
           112.7000     -7.0500      179.561068031792
           112.7100     -7.0500      178.764413698082
           112.7200     -7.0500      177.938196807196
           112.7300     -7.0500      177.162147230466
           112.7400     -7.0500      176.510264056556
           112.7500     -7.0500      176.041960692435
           112.7600     -7.0500      175.795047049115
           112.7700     -7.0500      175.781440389204
           112.7800     -7.0500      175.986143348780
           112.7900     -7.0500      176.369604552996
           112.8000     -7.0500      176.873139823354
           112.8100     -7.0500      177.426697801974
           112.8200     -7.0500      177.957954677376
           112.8300     -7.0500      178.401557681998
           112.8400     -7.0500      178.707327358063
           112.8500     -7.0500      178.846374799327
           112.8600     -7.0500      178.814372025659
           112.8700     -7.0500      178.631593255489
           112.8800     -7.0500      178.339771242819
           112.8900     -7.0500      177.996229241830
           112.9000     -7.0500      177.666100440417
           112.9100     -7.0500      177.413686803383
           112.9200     -7.0500      177.294107295155
           112.9300     -7.0500      177.346329737526
           112.9400     -7.0500      177.588480089112
           112.9500     -7.0500      178.016006013710
           112.9600     -7.0500      178.602881911911
           112.9700     -7.0500      179.305633181657
           112.9800     -7.0500      180.069583565462
           112.9900     -7.0500      180.836440941057
           113.0000     -7.0500      181.552171715687
           112.0000     -7.0600      180.474019769448
           112.0100     -7.0600      180.435779966732
           112.0200     -7.0600      180.258851414098
           112.0300     -7.0600      179.965721975231
           112.0400     -7.0600      179.594932208540
           112.0500     -7.0600      179.195876790919
           112.0600     -7.0600      178.822211993593
           112.0700     -7.0600      178.524767353723
           112.0800     -7.0600      178.344917071933
           112.0900     -7.0600      178.309293554201
           112.1000     -7.0600      178.426532908368
           112.1100     -7.0600      178.686457429856
           112.1200     -7.0600      179.061762992584
           112.1300     -7.0600      179.511936580922
           112.1400     -7.0600      179.988828212594
           112.1500     -7.0600      180.443083413038
           112.1600     -7.0600      180.830536685402
           112.1700     -7.0600      181.117686793813
           112.1800     -7.0600      181.285517258133
           112.1900     -7.0600      181.331169370292
           112.2000     -7.0600      181.267285382149
           112.2100     -7.0600      181.119172262216
           112.2200     -7.0600      180.920244607596
           112.2300     -7.0600      180.706445591241
           112.2400     -7.0600      180.510483576120
           112.2500     -7.0600      180.356739984724
           112.2600     -7.0600      180.257599006527
           112.2700     -7.0600      180.211736975031
           112.2800     -7.0600      180.204619216542
           112.2900     -7.0600      180.211126306489
           112.3000     -7.0600      180.199916558759
           112.3100     -7.0600      180.138872404931
           112.3200     -7.0600      180.000812490890
           112.3300     -7.0600      179.768603129352
           112.3400     -7.0600      179.438879912832
           112.3500     -7.0600      179.023782764302
           112.3600     -7.0600      178.550388984266
           112.3700     -7.0600      178.057859624832
           112.3800     -7.0600      177.592648096290
           112.3900     -7.0600      177.202408754336
           112.4000     -7.0600      176.929445627556
           112.4100     -7.0600      176.804627480371
           112.4200     -7.0600      176.842651192691
           112.4300     -7.0600      177.039365276064
           112.4400     -7.0600      177.371591298100
           112.4500     -7.0600      177.799539970999
           112.4600     -7.0600      178.271557455487
           112.4700     -7.0600      178.730606259611
           112.4800     -7.0600      179.121630679497
           112.4900     -7.0600      179.398815692802
           112.5000     -7.0600      179.531741977345
           112.5100     -7.0600      179.509571292936
           112.5200     -7.0600      179.342649816731
           112.5300     -7.0600      179.061259116142
           112.5400     -7.0600      178.711629569735
           112.5500     -7.0600      178.349706983192
           112.5600     -7.0600      178.033478265659
           112.5700     -7.0600      177.814872385696
           112.5800     -7.0600      177.732328257067
           112.5900     -7.0600      177.805049608221
           112.6000     -7.0600      178.029756052157
           112.6100     -7.0600      178.380416306363
           112.6200     -7.0600      178.811056180236
           112.6300     -7.0600      179.261322851265
           112.6400     -7.0600      179.664113314643
           112.6500     -7.0600      179.954289397477
           112.6600     -7.0600      180.077343623082
           112.6700     -7.0600      179.996871907695
           112.6800     -7.0600      179.699853010646
           112.6900     -7.0600      179.199012845698
           112.7000     -7.0600      178.531928071379
           112.7100     -7.0600      177.756948321251
           112.7200     -7.0600      176.946433744939
           112.7300     -7.0600      176.178158697220
           112.7400     -7.0600      175.525976136447
           112.7500     -7.0600      175.050937860222
           112.7600     -7.0600      174.794009409071
           112.7700     -7.0600      174.771312485415
           112.7800     -7.0600      174.972499195522
           112.7900     -7.0600      175.362454793506
           112.8000     -7.0600      175.886092877975
           112.8100     -7.0600      176.475606446388
           112.8200     -7.0600      177.059222755690
           112.8300     -7.0600      177.570321027418
           112.8400     -7.0600      177.955734152064
           112.8500     -7.0600      178.182172964660
           112.8600     -7.0600      178.239967936875
           112.8700     -7.0600      178.143683378075
           112.8800     -7.0600      177.929574889193
           112.8900     -7.0600      177.650276189915
           112.9000     -7.0600      177.367461259025
           112.9100     -7.0600      177.143484527001
           112.9200     -7.0600      177.033122325602
           112.9300     -7.0600      177.076508161211
           112.9400     -7.0600      177.294178273131
           112.9500     -7.0600      177.684847507153
           112.9600     -7.0600      178.226159892988
           112.9700     -7.0600      178.878254877222
           112.9800     -7.0600      179.589613617708
           112.9900     -7.0600      180.304350621940
           113.0000     -7.0600      180.969933874613
           112.0000     -7.0700      180.701663603567
           112.0100     -7.0700      180.638406163142
           112.0200     -7.0700      180.420757857165
           112.0300     -7.0700      180.074648275247
           112.0400     -7.0700      179.643881474393
           112.0500     -7.0700      179.184286626674
           112.0600     -7.0700      178.756296614585
           112.0700     -7.0700      178.416955291117
           112.0800     -7.0700      178.212423565926
           112.0900     -7.0700      178.171979241904
           112.1000     -7.0700      178.304296611882
           112.1100     -7.0700      178.596478329708
           112.1200     -7.0700      179.015937160946
           112.1300     -7.0700      179.514840202757
           112.1400     -7.0700      180.036485462918
           112.1500     -7.0700      180.522726682996
           112.1600     -7.0700      180.921431003400
           112.1700     -7.0700      181.192962558846
           112.1800     -7.0700      181.314831191268
           112.1900     -7.0700      181.283908142389
           112.2000     -7.0700      181.115952908940
           112.2100     -7.0700      180.842569711489
           112.2200     -7.0700      180.506066381171
           112.2300     -7.0700      180.152974039421
           112.2400     -7.0700      179.827163592413
           112.2500     -7.0700      179.563540744640
           112.2600     -7.0700      179.383209299099
           112.2700     -7.0700      179.290776422841
           112.2800     -7.0700      179.274164000122
           112.2900     -7.0700      179.306930787511
           112.3000     -7.0700      179.352751302628
           112.3100     -7.0700      179.371389539477
           112.3200     -7.0700      179.325291874310
           112.3300     -7.0700      179.185833916215
           112.3400     -7.0700      178.938303238306
           112.3500     -7.0700      178.584877454733
           112.3600     -7.0700      178.145140300146
           112.3700     -7.0700      177.654027700758
           112.3800     -7.0700      177.157462417284
           112.3900     -7.0700      176.706268230770
           112.4000     -7.0700      176.349205955696
           112.4100     -7.0700      176.126108049639
           112.4200     -7.0700      176.062086637485
           112.4300     -7.0700      176.163650712587
           112.4400     -7.0700      176.417310565918
           112.4500     -7.0700      176.790906221706
           112.4600     -7.0700      177.237518774239
           112.4700     -7.0700      177.701461380302
           112.4800     -7.0700      178.125550793923
           112.4900     -7.0700      178.458672427595
           112.5000     -7.0700      178.662599019632
           112.5100     -7.0700      178.717113626335
           112.5200     -7.0700      178.622710603314
           112.5300     -7.0700      178.400473900100
           112.5400     -7.0700      178.089116381438
           112.5500     -7.0700      177.739554596525
           112.5600     -7.0700      177.407736763564
           112.5700     -7.0700      177.146690139455
           112.5800     -7.0700      176.998872490175
           112.5900     -7.0700      176.989883686368
           112.6000     -7.0700      177.124420162092
           112.6100     -7.0700      177.385059512137
           112.6200     -7.0700      177.734084114370
           112.6300     -7.0700      178.118142165172
           112.6400     -7.0700      178.475157426460
           112.6500     -7.0700      178.742587985681
           112.6600     -7.0700      178.865942092825
           112.6700     -7.0700      178.806412467857
           112.6800     -7.0700      178.546596606095
           112.6900     -7.0700      178.093516157765
           112.7000     -7.0700      177.478501141205
           112.7100     -7.0700      176.753917704644
           112.7200     -7.0700      175.987136229819
           112.7300     -7.0700      175.252503767446
           112.7400     -7.0700      174.622351809391
           112.7500     -7.0700      174.158201302290
           112.7600     -7.0700      173.903303886321
           112.7700     -7.0700      173.877484520046
           112.7800     -7.0700      174.074949082875
           112.7900     -7.0700      174.465331497881
           112.8000     -7.0700      174.997830335072
           112.8100     -7.0700      175.607881358590
           112.8200     -7.0700      176.225483737850
           112.8300     -7.0700      176.784087154907
           112.8400     -7.0700      177.228882320727
           112.8500     -7.0700      177.523426335155
           112.8600     -7.0700      177.653764135936
           112.8700     -7.0700      177.629546404928
           112.8800     -7.0700      177.482046672606
           112.8900     -7.0700      177.259391716834
           112.9000     -7.0700      177.019684572083
           112.9100     -7.0700      176.822970025965
           112.9200     -7.0700      176.723132954746
           112.9300     -7.0700      176.760812612157
           112.9400     -7.0700      176.958263470425
           112.9500     -7.0700      177.316817443564
           112.9600     -7.0700      177.817241790098
           112.9700     -7.0700      178.422891310499
           112.9800     -7.0700      179.085176547620
           112.9900     -7.0700      179.750562444510
           113.0000     -7.0700      180.368115255418
           112.0000     -7.0800      180.957946219873
           112.0100     -7.0800      180.878785504403
           112.0200     -7.0800      180.630424543410
           112.0300     -7.0800      180.241911727732
           112.0400     -7.0800      179.761846534803
           112.0500     -7.0800      179.251907809699
           112.0600     -7.0800      178.778646823346
           112.0700     -7.0800      178.404644026559
           112.0800     -7.0800      178.180208814864
           112.0900     -7.0800      178.136723792333
           112.1000     -7.0800      178.282510002422
           112.1100     -7.0800      178.601748189883
           112.1200     -7.0800      179.056579756156
           112.1300     -7.0800      179.592085331803
           112.1400     -7.0800      180.143456204275
           112.1500     -7.0800      180.644385564947
           112.1600     -7.0800      181.035551071126
           112.1700     -7.0800      181.272057831362
           112.1800     -7.0800      181.328861084032
           112.1900     -7.0800      181.203469351773
           112.2000     -7.0800      180.915602803703
           112.2100     -7.0800      180.503896659671
           112.2200     -7.0800      180.020139088886
           112.2300     -7.0800      179.521862923977
           112.2400     -7.0800      179.064326118185
           112.2500     -7.0800      178.692988491098
           112.2600     -7.0800      178.437512857068
           112.2700     -7.0800      178.308098850593
           112.2800     -7.0800      178.294628537745
           112.2900     -7.0800      178.368709973251
           112.3000     -7.0800      178.488302518613
           112.3100     -7.0800      178.604251353583
           112.3200     -7.0800      178.667797059254
           112.3300     -7.0800      178.637995099885
           112.3400     -7.0800      178.487997099011
           112.3500     -7.0800      178.209308174633
           112.3600     -7.0800      177.813419445662
           112.3700     -7.0800      177.330582496183
           112.3800     -7.0800      176.805892088288
           112.3900     -7.0800      176.293219439333
           112.4000     -7.0800      175.847838922625
           112.4100     -7.0800      175.518774571592
           112.4200     -7.0800      175.341933901734
           112.4300     -7.0800      175.334989606243
           112.4400     -7.0800      175.494729363443
           112.4500     -7.0800      175.797253456776
           112.4600     -7.0800      176.201006134670
           112.4700     -7.0800      176.652233987735
           112.4800     -7.0800      177.092127348816
           112.4900     -7.0800      177.464665505396
           112.5000     -7.0800      177.724086025292
           112.5100     -7.0800      177.840946890285
           112.5200     -7.0800      177.805941079894
           112.5300     -7.0800      177.630930782584
           112.5400     -7.0800      177.347050473582
           112.5500     -7.0800      177.000132289643
           112.5600     -7.0800      176.644077897756
           112.5700     -7.0800      176.333087309121
           112.5800     -7.0800      176.113817226749
           112.5900     -7.0800      176.018556863050
           112.6000     -7.0800      176.060375120074
           112.6100     -7.0800      176.230927446722
           112.6200     -7.0800      176.501249480789
           112.6300     -7.0800      176.825456823126
           112.6400     -7.0800      177.146871530713
           112.6500     -7.0800      177.405760610391
           112.6600     -7.0800      177.547645866690
           112.6700     -7.0800      177.531059018522
           112.6800     -7.0800      177.333683096740
           112.6900     -7.0800      176.956032088061
           112.7000     -7.0800      176.422147360282
           112.7100     -7.0800      175.777187617534
           112.7200     -7.0800      175.082205261717
           112.7300     -7.0800      174.406779883717
           112.7400     -7.0800      173.820468148477
           112.7500     -7.0800      173.384189630792
           112.7600     -7.0800      173.142678619038
           112.7700     -7.0800      173.118991209830
           112.7800     -7.0800      173.311784255844
           112.7900     -7.0800      173.695714779461
           112.8000     -7.0800      174.224894960554
           112.8100     -7.0800      174.838934389715
           112.8200     -7.0800      175.470762050208
           112.8300     -7.0800      176.055190699929
           112.8400     -7.0800      176.537096271691
           112.8500     -7.0800      176.878145915587
           112.8600     -7.0800      177.061211259124
           112.8700     -7.0800      177.091920147549
           112.8800     -7.0800      176.997187153293
           112.8900     -7.0800      176.820967893016
           112.9000     -7.0800      176.617850005936
           112.9100     -7.0800      176.445375252289
           112.9200     -7.0800      176.356145340326
           112.9300     -7.0800      176.390778544220
           112.9400     -7.0800      176.572654330586
           112.9500     -7.0800      176.905128045565
           112.9600     -7.0800      177.371553062617
           112.9700     -7.0800      177.938061344771
           112.9800     -7.0800      178.558678096726
           112.9900     -7.0800      179.182033047641
           113.0000     -7.0800      179.758721966489
           112.0000     -7.0900      181.234248341231
           112.0100     -7.0900      181.147083286023
           112.0200     -7.0900      180.876785033482
           112.0300     -7.0900      180.455149584620
           112.0400     -7.0900      179.935055434171
           112.0500     -7.0900      179.383410992636
           112.0600     -7.0900      178.872218760385
           112.0700     -7.0900      178.468946982302
           112.0800     -7.0900      178.227489840671
           112.0900     -7.0900      178.180916709726
           112.1000     -7.0900      178.336970644172
           112.1100     -7.0900      178.676908512499
           112.1200     -7.0900      179.157829410864
           112.1300     -7.0900      179.718173948866
           112.1400     -7.0900      180.285656746074
           112.1500     -7.0900      180.786574066846
           112.1600     -7.0900      181.155250476542
           112.1700     -7.0900      181.342376046071
           112.1800     -7.0900      181.321139994078
           112.1900     -7.0900      181.090366393761
           112.2000     -7.0900      180.674261899401
           112.2100     -7.0900      180.118839682338
           112.2200     -7.0900      179.485526727462
           112.2300     -7.0900      178.842833913417
           112.2400     -7.0900      178.257220229548
           112.2500     -7.0900      177.784380839785
           112.2600     -7.0900      177.462121101017
           112.2700     -7.0900      177.305755131018
           112.2800     -7.0900      177.306619138681
           112.2900     -7.0900      177.433864228957
           112.3000     -7.0900      177.639248713920
           112.3100     -7.0900      177.864246340511
           112.3200     -7.0900      178.048478662930
           112.3300     -7.0900      178.138308217678
           112.3400     -7.0900      178.094416647321
           112.3500     -7.0900      177.897339219542
           112.3600     -7.0900      177.550213357265
           112.3700     -7.0900      177.078384131192
           112.3800     -7.0900      176.525941185196
           112.3900     -7.0900      175.949680266619
           112.4000     -7.0900      175.411331451447
           112.4100     -7.0900      174.969128103306
           112.4200     -7.0900      174.669874565261
           112.4300     -7.0900      174.542595858653
           112.4400     -7.0900      174.594630255275
           112.4500     -7.0900      174.810686607910
           112.4600     -7.0900      175.154979661370
           112.4700     -7.0900      175.576134431661
           112.4800     -7.0900      176.014172951337
           112.4900     -7.0900      176.408614751842
           112.5000     -7.0900      176.706574591934
           112.5100     -7.0900      176.869746857565
           112.5200     -7.0900      176.879324346403
           112.5300     -7.0900      176.738187546938
           112.5400     -7.0900      176.470079024646
           112.5500     -7.0900      176.115893922431
           112.5600     -7.0900      175.727614628325
           112.5700     -7.0900      175.360740940557
           112.5800     -7.0900      175.066272409879
           112.5900     -7.0900      174.883359078583
           112.6000     -7.0900      174.833642728872
           112.6100     -7.0900      174.918076229923
           112.6200     -7.0900      175.116666063294
           112.6300     -7.0900      175.391179754559
           112.6400     -7.0900      175.690451117833
           112.6500     -7.0900      175.957557936708
           112.6600     -7.0900      176.137887941723
           112.6700     -7.0900      176.186984979613
           112.6800     -7.0900      176.077094889676
           112.6900     -7.0900      175.801505856007
           112.7000     -7.0900      175.376076792090
           112.7100     -7.0900      174.837728732897
           112.7200     -7.0900      174.240086178044
           112.7300     -7.0900      173.646841725186
           112.7400     -7.0900      173.123725656751
           112.7500     -7.0900      172.730150666417
           112.7600     -7.0900      172.511645327781
           112.7700     -7.0900      172.494082724364
           112.7800     -7.0900      172.680467877697
           112.7900     -7.0900      173.050702601064
           112.8000     -7.0900      173.564346298410
           112.8100     -7.0900      174.165990431332
           112.8200     -7.0900      174.792517146084
           112.8300     -7.0900      175.381265601937
           112.8400     -7.0900      175.878015725728
           112.8500     -7.0900      176.243733027296
           112.8600     -7.0900      176.459194189166
           112.8700     -7.0900      176.526906553506
           112.8800     -7.0900      176.470104746546
           112.8900     -7.0900      176.329003725863
           112.9000     -7.0900      176.154855555602
           112.9100     -7.0900      176.002647456875
           112.9200     -7.0900      175.923452350865
           112.9300     -7.0900      175.957477592679
           112.9400     -7.0900      176.128749417581
           112.9500     -7.0900      176.442135809880
           112.9600     -7.0900      176.883082240164
           112.9700     -7.0900      177.420058678985
           112.9800     -7.0900      178.009344322537
           112.9900     -7.0900      178.601459414110
           113.0000     -7.0900      179.148334331489
           112.0000     -7.1000      181.517331092446
           112.0100     -7.1000      181.427778946303
           112.0200     -7.1000      181.142056641143
           112.0300     -7.1000      180.694323374909
           112.0400     -7.1000      180.141207203757
           112.0500     -7.1000      179.554224797666
           112.0600     -7.1000      179.010185009753
           112.0700     -7.1000      178.580850493684
           112.0800     -7.1000      178.323230968736
           112.0900     -7.1000      178.271798739559
           112.1000     -7.1000      178.433662748540
           112.1100     -7.1000      178.787345596195
           112.1200     -7.1000      179.285330726599
           112.1300     -7.1000      179.860047803468
           112.1400     -7.1000      180.432509538112
           112.1500     -7.1000      180.922463243558
           112.1600     -7.1000      181.258721532164
           112.1700     -7.1000      181.388315014695
           112.1800     -7.1000      181.283268115068
           112.1900     -7.1000      180.944115756961
           112.2000     -7.1000      180.399711232166
           112.2100     -7.1000      179.703366221510
           112.2200     -7.1000      178.925847325888
           112.2300     -7.1000      178.146165369427
           112.2400     -7.1000      177.441379697316
           112.2500     -7.1000      176.876762237714
           112.2600     -7.1000      176.497609701643
           112.2700     -7.1000      176.323765365143
           112.2800     -7.1000      176.347545539715
           112.2900     -7.1000      176.535309674157
           112.3000     -7.1000      176.832428366761
           112.3100     -7.1000      177.170955198760
           112.3200     -7.1000      177.478955800356
           112.3300     -7.1000      177.690237321247
           112.3400     -7.1000      177.753180557483
           112.3500     -7.1000      177.637509591060
           112.3600     -7.1000      177.338120846684
           112.3700     -7.1000      176.875495296767
           112.3800     -7.1000      176.292679361163
           112.3900     -7.1000      175.649279402509
           112.4000     -7.1000      175.013309956450
           112.4100     -7.1000      174.452014396985
           112.4200     -7.1000      174.022902174703
           112.4300     -7.1000      173.766203553520
           112.4400     -7.1000      173.699738252191
           112.4500     -7.1000      173.816857627333
           112.4600     -7.1000      174.087697703430
           112.4700     -7.1000      174.463530339047
           112.4800     -7.1000      174.883583267111
           112.4900     -7.1000      175.283372775513
           112.5000     -7.1000      175.603398913711
           112.5100     -7.1000      175.797017418235
           112.5200     -7.1000      175.836428457396
           112.5300     -7.1000      175.715991225403
           112.5400     -7.1000      175.452447488465
           112.5500     -7.1000      175.082064509911
           112.5600     -7.1000      174.655129622113
           112.5700     -7.1000      174.228587537026
           112.5800     -7.1000      173.857858795855
           112.5900     -7.1000      173.588980637123
           112.6000     -7.1000      173.452157061961
           112.6100     -7.1000      173.457601643712
           112.6200     -7.1000      173.594233582823
           112.6300     -7.1000      173.831389750361
           112.6400     -7.1000      174.123298012339
           112.6500     -7.1000      174.415677332614
           112.6600     -7.1000      174.653539840011
           112.6700     -7.1000      174.789108464783
           112.6800     -7.1000      174.788752282629
           112.6900     -7.1000      174.637981051444
           112.7000     -7.1000      174.343810634986
           112.7100     -7.1000      173.934174329844
           112.7200     -7.1000      173.454461273922
           112.7300     -7.1000      172.961656272294
           112.7400     -7.1000      172.516881791197
           112.7500     -7.1000      172.177358251608
           112.7600     -7.1000      171.988874260447
           112.7700     -7.1000      171.979784516739
           112.7800     -7.1000      172.157340782727
           112.7900     -7.1000      172.506840347201
           112.8000     -7.1000      172.993691332315
           112.8100     -7.1000      173.568097998138
           112.8200     -7.1000      174.171716056505
           112.8300     -7.1000      174.745365852256
           112.8400     -7.1000      175.236755277983
           112.8500     -7.1000      175.607172134802
           112.8600     -7.1000      175.836255211839
           112.8700     -7.1000      175.924223128750
           112.8800     -7.1000      175.891292164344
           112.8900     -7.1000      175.774400066142
           112.9000     -7.1000      175.621719142776
           112.9100     -7.1000      175.485738786734
           112.9200     -7.1000      175.415884857746
           112.9300     -7.1000      175.451696304432
           112.9400     -7.1000      175.617491857894
           112.9500     -7.1000      175.919244771554
           112.9600     -7.1000      176.344071963093
           112.9700     -7.1000      176.862379153454
           112.9800     -7.1000      177.432336280898
           112.9900     -7.1000      178.006038148053
           113.0000     -7.1000      178.536477504225
           112.0000     -7.1100      181.790050351229
           112.0100     -7.1100      181.700732795717
           112.0200     -7.1100      181.403165392283
           112.0300     -7.1100      180.933499864620
           112.0400     -7.1100      180.351596851565
           112.0500     -7.1100      179.732981563905
           112.0600     -7.1100      179.158665207581
           112.0700     -7.1100      178.704179829327
           112.0800     -7.1100      178.429281888885
           112.0900     -7.1100      178.369695031914
           112.1000     -7.1100      178.531996145136
           112.1100     -7.1100      178.892335820211
           112.1200     -7.1100      179.399179302974
           112.1300     -7.1100      179.979723587655
           112.1400     -7.1100      180.549160670652
           112.1500     -7.1100      181.021580348955
           112.1600     -7.1100      181.321088155091
           112.1700     -7.1100      181.391683849109
           112.1800     -7.1100      181.204607275628
           112.1900     -7.1100      180.762189920317
           112.2000     -7.1100      180.097708251953
           112.2100     -7.1100      179.271258358534
           112.2200     -7.1100      178.362191340540
           112.2300     -7.1100      177.459096875397
           112.2400     -7.1100      176.648639470914
           112.2500     -7.1100      176.004696811121
           112.2600     -7.1100      175.579203803642
           112.2700     -7.1100      175.395876286899
           112.2800     -7.1100      175.447605957403
           112.2900     -7.1100      175.697834104427
           112.3000     -7.1100      176.085690546080
           112.3100     -7.1100      176.534194679242
           112.3200     -7.1100      176.960422118225
           112.3300     -7.1100      177.286294215546
           112.3400     -7.1100      177.448580196674
           112.3500     -7.1100      177.406820167165
           112.3600     -7.1100      177.148164601913
           112.3700     -7.1100      176.688542574481
           112.3800     -7.1100      176.070060561593
           112.3900     -7.1100      175.355030592823
           112.4000     -7.1100      174.617464847838
           112.4100     -7.1100      173.933195986827
           112.4200     -7.1100      173.369947012995
           112.4300     -7.1100      172.978661221678
           112.4400     -7.1100      172.787215628376
           112.4500     -7.1100      172.797307219757
           112.4600     -7.1100      172.984866822422
           112.4700     -7.1100      173.303879665247
           112.4800     -7.1100      173.693039011696
           112.4900     -7.1100      174.084289934223
           112.5000     -7.1100      174.412082876780
           112.5100     -7.1100      174.622081291187
           112.5200     -7.1100      174.678162353959
           112.5300     -7.1100      174.566799566340
           112.5400     -7.1100      174.298285154231
           112.5500     -7.1100      173.904687158236
           112.5600     -7.1100      173.434880906628
           112.5700     -7.1100      172.947386811576
           112.5800     -7.1100      172.502033571844
           112.5900     -7.1100      172.151610233385
           112.6000     -7.1100      171.934654319997
           112.6100     -7.1100      171.870350618284
           112.6200     -7.1100      171.956211648922
           112.6300     -7.1100      172.168819402219
           112.6400     -7.1100      172.467483095661
           112.6500     -7.1100      172.800268019284
           112.6600     -7.1100      173.111530400494
           112.6700     -7.1100      173.349895615522
           112.6800     -7.1100      173.475567754602
           112.6900     -7.1100      173.465962696849
           112.7000     -7.1100      173.318898572355
           112.7100     -7.1100      173.052922184826
           112.7200     -7.1100      172.704749253674
           112.7300     -7.1100      172.324194800393
           112.7400     -7.1100      171.967312878594
           112.7500     -7.1100      171.688705505368
           112.7600     -7.1100      171.534066941788
           112.7700     -7.1100      171.533987999888
           112.7800     -7.1100      171.699862864280
           112.7900     -7.1100      172.022444340430
           112.8000     -7.1100      172.473224314838
           112.8100     -7.1100      173.008425991752
           112.8200     -7.1100      173.575037075317
           112.8300     -7.1100      174.118037436539
           112.8400     -7.1100      174.587818209984
           112.8500     -7.1100      174.946772266605
           112.8600     -7.1100      175.174159762262
           112.8700     -7.1100      175.268598713387
           112.8800     -7.1100      175.247864308157
           112.8900     -7.1100      175.146055144194
           112.9000     -7.1100      175.008547766813
           112.9100     -7.1100      174.885462709494
           112.9200     -7.1100      174.824564512056
           112.9300     -7.1100      174.864588190095
           112.9400     -7.1100      175.029916683664
           112.9500     -7.1100      175.327338375221
           112.9600     -7.1100      175.745318823532
           112.9700     -7.1100      176.255867944223
           112.9800     -7.1100      176.818722225037
           112.9900     -7.1100      177.387241297185
           113.0000     -7.1100      177.915183327323
           112.0000     -7.1200      182.032540713422
           112.0100     -7.1200      181.942796634183
           112.0200     -7.1200      181.633784024202
           112.0300     -7.1200      181.143306148094
           112.0400     -7.1200      180.533965022938
           112.0500     -7.1200      179.884725815858
           112.0600     -7.1200      179.280243631662
           112.0700     -7.1200      178.799362054623
           112.0800     -7.1200      178.504308140608
           112.0900     -7.1200      178.432022867303
           112.1000     -7.1200      178.588790036713
           112.1100     -7.1200      178.948896163811
           112.1200     -7.1200      179.457525352235
           112.1300     -7.1200      180.037536009531
           112.1400     -7.1200      180.599253868593
           112.1500     -7.1200      181.052015760267
           112.1600     -7.1200      181.315963805372
           112.1700     -7.1200      181.332551315867
           112.1800     -7.1200      181.072385009784
           112.1900     -7.1200      180.539371876209
           112.2000     -7.1200      179.770618136484
           112.2100     -7.1200      178.832079385417
           112.2200     -7.1200      177.810512806509
           112.2300     -7.1200      176.802762035306
           112.2400     -7.1200      175.903750081871
           112.2500     -7.1200      175.194720848805
           112.2600     -7.1200      174.733234047091
           112.2700     -7.1200      174.546187016708
           112.2800     -7.1200      174.626741065118
           112.2900     -7.1200      174.935521898033
           112.3000     -7.1200      175.405910476424
           112.3100     -7.1200      175.952714732243
           112.3200     -7.1200      176.483082558955
           112.3300     -7.1200      176.908237895162
           112.3400     -7.1200      177.154529811895
           112.3500     -7.1200      177.172389782432
           112.3600     -7.1200      176.942079241768
           112.3700     -7.1200      176.475538852890
           112.3800     -7.1200      175.814164920126
           112.3900     -7.1200      175.022868840740
           112.4000     -7.1200      174.181252584527
           112.4100     -7.1200      173.373094911462
           112.4200     -7.1200      172.675543248206
           112.4300     -7.1200      172.149420566608
           112.4400     -7.1200      171.831885811789
           112.4500     -7.1200      171.732355494317
           112.4600     -7.1200      171.832148980196
           112.4700     -7.1200      172.087821329448
           112.4800     -7.1200      172.437662121047
           112.4900     -7.1200      172.810430768070
           112.5000     -7.1200      173.135121384507
           112.5100     -7.1200      173.350438185550
           112.5200     -7.1200      173.412727983196
           112.5300     -7.1200      173.301347942919
           112.5400     -7.1200      173.020810698538
           112.5500     -7.1200      172.599494236252
           112.5600     -7.1200      172.085169538191
           112.5700     -7.1200      171.538021890397
           112.5800     -7.1200      171.022165770158
           112.5900     -7.1200      170.596836277701
           112.6000     -7.1200      170.308459783985
           112.6100     -7.1200      170.184662876504
           112.6200     -7.1200      170.230993961813
           112.6300     -7.1200      170.430747001739
           112.6400     -7.1200      170.747845786513
           112.6500     -7.1200      171.132329333391
           112.6600     -7.1200      171.527631213828
           112.6700     -7.1200      171.878614250958
           112.6800     -7.1200      172.139236921396
           112.6900     -7.1200      172.278798352967
           112.7000     -7.1200      172.285923006528
           112.7100     -7.1200      172.169772424736
           112.7200     -7.1200      171.958363336064
           112.7300     -7.1200      171.694274046769
           112.7400     -7.1200      171.428378813514
           112.7500     -7.1200      171.212514039397
           112.7600     -7.1200      171.092115462903
           112.7700     -7.1200      171.099854996661
           112.7800     -7.1200      171.251152833054
           112.7900     -7.1200      171.542167818839
           112.8000     -7.1200      171.950516117865
           112.8100     -7.1200      172.438584703204
           112.8200     -7.1200      172.958945785907
           112.8300     -7.1200      173.461090665017
           112.8400     -7.1200      173.898525828042
           112.8500     -7.1200      174.235233676919
           112.8600     -7.1200      174.450599254646
           112.8700     -7.1200      174.542127667201
           112.8800     -7.1200      174.525592287609
           112.8900     -7.1200      174.432616560260
           112.9000     -7.1200      174.306051382679
           112.9100     -7.1200      174.193815653261
           112.9200     -7.1200      174.142077517538
           112.9300     -7.1200      174.188739639169
           112.9400     -7.1200      174.358142457961
           112.9500     -7.1200      174.657722738433
           112.9600     -7.1200      175.077086255171
           112.9700     -7.1200      175.589612668586
           112.9800     -7.1200      176.156355369057
           112.9900     -7.1200      176.731678851145
           113.0000     -7.1200      177.269835370212
           112.0000     -7.1300      182.223696066535
           112.0100     -7.1300      182.129742453833
           112.0200     -7.1300      181.806705814239
           112.0300     -7.1300      181.293733131162
           112.0400     -7.1300      180.655702514234
           112.0500     -7.1300      179.974477598187
           112.0600     -7.1300      179.337835466201
           112.0700     -7.1300      178.827525995687
           112.0800     -7.1300      178.508043093974
           112.0900     -7.1300      178.417603054828
           112.1000     -7.1300      178.562542551072
           112.1100     -7.1300      178.915904989917
           112.1200     -7.1300      179.420436866295
           112.1300     -7.1300      179.995636935676
           112.1400     -7.1300      180.547966478998
           112.1500     -7.1300      180.982909033708
           112.1600     -7.1300      181.217318208204
           112.1700     -7.1300      181.190445836515
           112.1800     -7.1300      180.872206365063
           112.1900     -7.1300      180.267586031291
           112.2000     -7.1300      179.416601301824
           112.2100     -7.1300      178.389785569919
           112.2200     -7.1300      177.279761321437
           112.2300     -7.1300      176.189961440056
           112.2400     -7.1300      175.221932041601
           112.2500     -7.1300      174.462832298160
           112.2600     -7.1300      173.974720578264
           112.2700     -7.1300      173.786984725984
           112.2800     -7.1300      173.892868084608
           112.2900     -7.1300      174.250515312422
           112.3000     -7.1300      174.788382147716
           112.3100     -7.1300      175.414296588087
           112.3200     -7.1300      176.026997571862
           112.3300     -7.1300      176.528670450380
           112.3400     -7.1300      176.836885027883
           112.3500     -7.1300      176.894434927124
           112.3600     -7.1300      176.675862656294
           112.3700     -7.1300      176.189894102921
           112.3800     -7.1300      175.477540616894
           112.3900     -7.1300      174.606185847990
           112.4000     -7.1300      173.660485051822
           112.4100     -7.1300      172.731300774306
           112.4200     -7.1300      171.904130493216
           112.4300     -7.1300      171.248520925336
           112.4400     -7.1300      170.809807902107
           112.4500     -7.1300      170.604193216485
           112.4600     -7.1300      170.617716158227
           112.4700     -7.1300      170.809159075285
           112.4800     -7.1300      171.116412365164
           112.4900     -7.1300      171.465382346281
           112.5000     -7.1300      171.780212485432
           112.5100     -7.1300      171.993443510743
           112.5200     -7.1300      172.054777180199
           112.5300     -7.1300      171.937323358091
           112.5400     -7.1300      171.640568824739
           112.5500     -7.1300      171.189758534810
           112.5600     -7.1300      170.631863860610
           112.5700     -7.1300      170.028762578817
           112.5800     -7.1300      169.448612480225
           112.5900     -7.1300      168.956618518081
           112.6000     -7.1300      168.606445856919
           112.6100     -7.1300      168.433414266503
           112.6200     -7.1300      168.450342122585
           112.6300     -7.1300      168.646529850534
           112.6400     -7.1300      168.989936329018
           112.6500     -7.1300      169.432167784716
           112.6600     -7.1300      169.915525882093
           112.6700     -7.1300      170.381099512073
           112.6800     -7.1300      170.776766746455
           112.6900     -7.1300      171.064012847768
           112.7000     -7.1300      171.222658677797
           112.7100     -7.1300      171.252902672519
           112.7200     -7.1300      171.174464096294
           112.7300     -7.1300      171.023021274434
           112.7400     -7.1300      170.844509614736
           112.7500     -7.1300      170.688129874911
           112.7600     -7.1300      170.599079319398
           112.7700     -7.1300      170.612036781870
           112.7800     -7.1300      170.746307046164
           112.7900     -7.1300      171.003280143943
           112.8000     -7.1300      171.366523829970
           112.8100     -7.1300      171.804450942399
           112.8200     -7.1300      172.275140672176
           112.8300     -7.1300      172.732594399417
           112.8400     -7.1300      173.133513549259
           112.8500     -7.1300      173.443624562289
           112.8600     -7.1300      173.642651703660
           112.8700     -7.1300      173.727239858690
           112.8800     -7.1300      173.711427065596
           112.8900     -7.1300      173.624617584601
           112.9000     -7.1300      173.507361029026
           112.9100     -7.1300      173.405551686709
           112.9200     -7.1300      173.363881742642
           112.9300     -7.1300      173.419482601628
           112.9400     -7.1300      173.596656727854
           112.9500     -7.1300      173.903443787979
           112.9600     -7.1300      174.330502514590
           112.9700     -7.1300      174.852461037234
           112.9800     -7.1300      175.431539900371
           112.9900     -7.1300      176.022932509096
           113.0000     -7.1300      176.581181854691
           112.0000     -7.1400      182.342739383030
           112.0100     -7.1400      182.238248490385
           112.0200     -7.1400      181.896241573980
           112.0300     -7.1400      181.356925840008
           112.0400     -7.1400      180.687003829313
           112.0500     -7.1400      179.970706886730
           112.0600     -7.1400      179.298427750772
           112.0700     -7.1400      178.754444246535
           112.0800     -7.1400      178.405355566279
           112.0900     -7.1400      178.290769439301
           112.1000     -7.1400      178.417492404646
           112.1100     -7.1400      178.758022945442
           112.1200     -7.1400      179.253587022503
           112.1300     -7.1400      179.821360593772
           112.1400     -7.1400      180.364971934799
           112.1500     -7.1400      180.786940530343
           112.1600     -7.1400      181.001446609375
           112.1700     -7.1400      180.945771119641
           112.1800     -7.1400      180.588907943479
           112.1900     -7.1400      179.936207994313
           112.2000     -7.1400      179.029422377762
           112.2100     -7.1400      177.942103264513
           112.2200     -7.1400      176.770919661260
           112.2300     -7.1400      175.623973047893
           112.2400     -7.1400      174.607586247079
           112.2500     -7.1400      173.813237468539
           112.2600     -7.1400      173.306294561052
           112.2700     -7.1400      173.117974546411
           112.2800     -7.1400      173.241540663415
           112.2900     -7.1400      173.633207296571
           112.3000     -7.1400      174.217622788303
           112.3100     -7.1400      174.897219057186
           112.3200     -7.1400      175.564230130446
           112.3300     -7.1400      176.113851471907
           112.3400     -7.1400      176.456879960868
           112.3500     -7.1400      176.530256142843
           112.3600     -7.1400      176.304213627188
           112.3700     -7.1400      175.785186859767
           112.3800     -7.1400      175.014178690864
           112.3900     -7.1400      174.060870978300
           112.4000     -7.1400      173.014299308640
           112.4100     -7.1400      171.971337710901
           112.4200     -7.1400      171.024497409903
           112.4300     -7.1400      170.250604011765
           112.4400     -7.1400      169.701775024886
           112.4500     -7.1400      169.399795840696
           112.4600     -7.1400      169.334532174904
           112.4700     -7.1400      169.466482644007
           112.4800     -7.1400      169.733037563719
           112.4900     -7.1400      170.057539482864
           112.5000     -7.1400      170.359897770173
           112.5100     -7.1400      170.567336378313
           112.5200     -7.1400      170.623870244132
           112.5300     -7.1400      170.497305842708
           112.5400     -7.1400      170.182915230882
           112.5500     -7.1400      169.703390731214
           112.5600     -7.1400      169.105186593822
           112.5700     -7.1400      168.451827586137
           112.5800     -7.1400      167.815150224415
           112.5900     -7.1400      167.265690897157
           112.6000     -7.1400      166.863516327291
           112.6100     -7.1400      166.650698518023
           112.6200     -7.1400      166.646384867498
           112.6300     -7.1400      166.845041741664
           112.6400     -7.1400      167.218009177784
           112.6500     -7.1400      167.718056377044
           112.6600     -7.1400      168.286232808792
           112.6700     -7.1400      168.860020235748
           112.6800     -7.1400      169.381643588101
           112.6900     -7.1400      169.805410129863
           112.7000     -7.1400      170.103111587436
           112.7100     -7.1400      170.266816821078
           112.7200     -7.1400      170.308760278821
           112.7300     -7.1400      170.258440206909
           112.7400     -7.1400      170.157423531326
           112.7500     -7.1400      170.052659258271
           112.7600     -7.1400      169.989288699327
           112.7700     -7.1400      170.003985450828
           112.7800     -7.1400      170.119757524246
           112.7900     -7.1400      170.342915175276
           112.8000     -7.1400      170.662585158454
           112.8100     -7.1400      171.052782159399
           112.8200     -7.1400      171.476683635194
           112.8300     -7.1400      171.892446232737
           112.8400     -7.1400      172.259692697430
           112.8500     -7.1400      172.545715639513
           112.8600     -7.1400      172.730498477495
           112.8700     -7.1400      172.809834863421
           112.8800     -7.1400      172.796108762896
           112.8900     -7.1400      172.716637284788
           112.9000     -7.1400      172.609828685809
           112.9100     -7.1400      172.519719140871
           112.9200     -7.1400      172.489680311896
           112.9300     -7.1400      172.556203954707
           112.9400     -7.1400      172.743654603207
           112.9500     -7.1400      173.060739902006
           112.9600     -7.1400      173.499201271925
           112.9700     -7.1400      174.034910779425
           112.9800     -7.1400      174.631218390750
           112.9900     -7.1400      175.244075455182
           113.0000     -7.1400      175.828209922271
           112.0000     -7.1500      182.370670002099
           112.0100     -7.1500      182.247682736217
           112.0200     -7.1500      181.880332900389
           112.0300     -7.1500      181.309609351329
           112.0400     -7.1500      180.603578578520
           112.0500     -7.1500      179.848293675894
           112.0600     -7.1500      179.136242569223
           112.0700     -7.1500      178.553846047724
           112.0800     -7.1500      178.169652400321
           112.0900     -7.1500      178.024796170206
           112.1000     -7.1500      178.127002744208
           112.1100     -7.1500      178.448964423264
           112.1200     -7.1500      178.931346098254
           112.1300     -7.1500      179.490073459271
           112.1400     -7.1500      180.026992897426
           112.1500     -7.1500      180.442543964390
           112.1600     -7.1500      180.648811680915
           112.1700     -7.1500      180.581263736282
           112.1800     -7.1500      180.207635780639
           112.1900     -7.1500      179.532786869908
           112.2000     -7.1500      178.598860680605
           112.2100     -7.1500      177.480690052283
           112.2200     -7.1500      176.276994749495
           112.2300     -7.1500      175.098465591142
           112.2400     -7.1500      174.054231709226
           112.2500     -7.1500      173.238419242081
           112.2600     -7.1500      172.718501787923
           112.2700     -7.1500      172.526916538888
           112.2800     -7.1500      172.657004646072
           112.2900     -7.1500      173.063783968226
           112.3000     -7.1500      173.669448249453
           112.3100     -7.1500      174.372888308334
           112.3200     -7.1500      175.062025021930
           112.3300     -7.1500      175.627395415522
           112.3400     -7.1500      175.975285961998
           112.3500     -7.1500      176.038778861090
           112.3600     -7.1500      175.785356747225
           112.3700     -7.1500      175.220161242368
           112.3800     -7.1500      174.384561549959
           112.3900     -7.1500      173.350287570156
           112.4000     -7.1500      172.209940338708
           112.4100     -7.1500      171.065139465122
           112.4200     -7.1500      170.013846429836
           112.4300     -7.1500      169.138480280470
           112.4400     -7.1500      168.496311226266
           112.4500     -7.1500      168.113297880446
           112.4600     -7.1500      167.982069739035
           112.4700     -7.1500      168.064210385594
           112.4800     -7.1500      168.296441102556
           112.4900     -7.1500      168.599811429257
           112.5000     -7.1500      168.890635762470
           112.5100     -7.1500      169.091718883985
           112.5200     -7.1500      169.142410645753
           112.5300     -7.1500      169.006217485600
           112.5400     -7.1500      168.675047614176
           112.5500     -7.1500      168.169628485292
           112.5600     -7.1500      167.536146513278
           112.5700     -7.1500      166.839651591036
           112.5800     -7.1500      166.155178286797
           112.5900     -7.1500      165.557809482285
           112.6000     -7.1500      165.113013525776
           112.6100     -7.1500      164.868512670286
           112.6200     -7.1500      164.848702601062
           112.6300     -7.1500      165.052275842552
           112.6400     -7.1500      165.453257858191
           112.6500     -7.1500      166.005204962598
           112.6600     -7.1500      166.647899749024
           112.6700     -7.1500      167.315566978469
           112.6800     -7.1500      167.945460372340
           112.6900     -7.1500      168.485658247644
           112.7000     -7.1500      168.901051070135
           112.7100     -7.1500      169.176783070554
           112.7200     -7.1500      169.318781679114
           112.7300     -7.1500      169.351419597927
           112.7400     -7.1500      169.312747553630
           112.7500     -7.1500      169.248057565427
           112.7600     -7.1500      169.202744320828
           112.7700     -7.1500      169.215499984235
           112.7800     -7.1500      169.312799360524
           112.7900     -7.1500      169.505422029971
           112.8000     -7.1500      169.787448098957
           112.8100     -7.1500      170.137800027964
           112.8200     -7.1500      170.524036744823
           112.8300     -7.1500      170.907789398719
           112.8400     -7.1500      171.251004316192
           112.8500     -7.1500      171.522057872998
           112.8600     -7.1500      171.700842260402
           112.8700     -7.1500      171.782083511648
           112.8800     -7.1500      171.776418769097
           112.8900     -7.1500      171.709089547317
           112.9000     -7.1500      171.616454096938
           112.9100     -7.1500      171.540835572504
           112.9200     -7.1500      171.524459423861
           112.9300     -7.1500      171.603360461220
           112.9400     -7.1500      171.802140391431
           112.9500     -7.1500      172.130331319448
           112.9600     -7.1500      172.580888493754
           112.9700     -7.1500      173.131030099111
           112.9800     -7.1500      173.745306871843
           112.9900     -7.1500      174.380467276778
           113.0000     -7.1500      174.991429621127
           112.0000     -7.1600      182.291401566718
           112.0100     -7.1600      182.141459731848
           112.0200     -7.1600      181.742120819452
           112.0300     -7.1600      181.134854827129
           112.0400     -7.1600      180.388593882437
           112.0500     -7.1600      179.590620112895
           112.0600     -7.1600      178.834947634975
           112.0700     -7.1600      178.209711413204
           112.0800     -7.1600      177.785218661054
           112.0900     -7.1600      177.604245090174
           112.1000     -7.1600      177.675876717223
           112.1100     -7.1600      177.973743585236
           112.1200     -7.1600      178.438923049228
           112.1300     -7.1600      178.987180986424
           112.1400     -7.1600      179.519648951289
           112.1500     -7.1600      179.935578770168
           112.1600     -7.1600      180.145533706851
           112.1700     -7.1600      180.083304969065
           112.1800     -7.1600      179.714994246933
           112.1900     -7.1600      179.044058446185
           112.2000     -7.1600      178.111626418814
           112.2100     -7.1600      176.992003132550
           112.2200     -7.1600      175.783896009969
           112.2300     -7.1600      174.598450802155
           112.2400     -7.1600      173.545598566853
           112.2500     -7.1600      172.720437238016
           112.2600     -7.1600      172.191371994443
           112.2700     -7.1600      171.991517972894
           112.2800     -7.1600      172.114455365297
           112.2900     -7.1600      172.514874103723
           112.3000     -7.1600      173.114024643164
           112.3100     -7.1600      173.809282884963
           112.3200     -7.1600      174.486619288721
           112.3300     -7.1600      175.034400932276
           112.3400     -7.1600      175.356796353823
           112.3500     -7.1600      175.385115687517
           112.3600     -7.1600      175.085693348984
           112.3700     -7.1600      174.463370446667
           112.3800     -7.1600      173.560199919209
           112.3900     -7.1600      172.449605356167
           112.4000     -7.1600      171.226795989101
           112.4100     -7.1600      169.996702356506
           112.4200     -7.1600      168.860991501236
           112.4300     -7.1600      167.905811463953
           112.4400     -7.1600      167.191793289078
           112.4500     -7.1600      166.747523418098
           112.4600     -7.1600      166.567233767389
           112.4700     -7.1600      166.612903438466
           112.4800     -7.1600      166.820397856020
           112.4900     -7.1600      167.108761962497
           112.5000     -7.1600      167.391398863794
           112.5100     -7.1600      167.587651745298
           112.5200     -7.1600      167.633289473502
           112.5300     -7.1600      167.488573512757
           112.5400     -7.1600      167.142928626926
           112.5500     -7.1600      166.615703847828
           112.5600     -7.1600      165.953030209754
           112.5700     -7.1600      165.221288485068
           112.5800     -7.1600      164.498127462297
           112.5900     -7.1600      163.862266868391
           112.6000     -7.1600      163.383443335072
           112.6100     -7.1600      163.113800480159
           112.6200     -7.1600      163.081797191523
           112.6300     -7.1600      163.289345795854
           112.6400     -7.1600      163.712445441085
           112.6500     -7.1600      164.305107207004
           112.6600     -7.1600      165.005939244288
           112.6700     -7.1600      165.746428775386
           112.6800     -7.1600      166.459764906784
           112.6900     -7.1600      167.089014099179
           112.7000     -7.1600      167.593588806527
           112.7100     -7.1600      167.953217482819
           112.7200     -7.1600      168.168990806790
           112.7300     -7.1600      168.261472048369
           112.7400     -7.1600      168.266261391948
           112.7500     -7.1600      168.227740038407
           112.7600     -7.1600      168.191945645379
           112.7700     -7.1600      168.199617930210
           112.7800     -7.1600      168.280393566051
           112.7900     -7.1600      168.448934843431
           112.8000     -7.1600      168.703477356755
           112.8100     -7.1600      169.026922466604
           112.8200     -7.1600      169.390232198036
           112.8300     -7.1600      169.757559417405
           112.8400     -7.1600      170.092309372981
           112.8500     -7.1600      170.363211599988
           112.8600     -7.1600      170.549498033265
           112.8700     -7.1600      170.644429137020
           112.8800     -7.1600      170.656662063665
           112.8900     -7.1600      170.609275804620
           112.9000     -7.1600      170.536611372818
           112.9100     -7.1600      170.479401172559
           112.9200     -7.1600      170.478906238137
           112.9300     -7.1600      170.570919000653
           112.9400     -7.1600      170.780504028270
           112.9500     -7.1600      171.118238893909
           112.9600     -7.1600      171.578498759729
           112.9700     -7.1600      172.140033375534
           112.9800     -7.1600      172.768756413773
           112.9900     -7.1600      173.422351282682
           113.0000     -7.1600      174.056039446872
           112.0000     -7.1700      182.092454823633
           112.0100     -7.1700      181.907812015192
           112.0200     -7.1700      181.470788490846
           112.0300     -7.1700      180.822982734997
           112.0400     -7.1700      180.033625310892
           112.0500     -7.1700      179.190555486731
           112.0600     -7.1700      178.388661825515
           112.0700     -7.1700      177.717284736839
           112.0800     -7.1700      177.248228570982
           112.0900     -7.1700      177.025965537382
           112.1000     -7.1700      177.061340393134
           112.1100     -7.1700      177.329637714001
           112.1200     -7.1700      177.773309950484
           112.1300     -7.1700      178.309057389486
           112.1400     -7.1700      178.838379771818
           112.1500     -7.1700      179.260258646449
           112.1600     -7.1700      179.484340494069
           112.1700     -7.1700      179.442912005996
           112.1800     -7.1700      179.100102110287
           112.1900     -7.1700      178.457092895887
           112.2000     -7.1700      177.552629232361
           112.2100     -7.1700      176.458719289939
           112.2200     -7.1700      175.272037430644
           112.2300     -7.1700      174.102096748028
           112.2400     -7.1700      173.057678637739
           112.2500     -7.1700      172.233236466938
           112.2600     -7.1700      171.696999645850
           112.2700     -7.1700      171.482291774626
           112.2800     -7.1700      171.583169427198
           112.2900     -7.1700      171.954939137460
           112.3000     -7.1700      172.519490199343
           112.3100     -7.1700      173.174769971671
           112.3200     -7.1700      173.807205110763
           112.3300     -7.1700      174.305503562462
           112.3400     -7.1700      174.574104980783
           112.3500     -7.1700      174.544601984182
           112.3600     -7.1700      174.183722989295
           112.3700     -7.1700      173.496913386291
           112.3800     -7.1700      172.527116918038
           112.3900     -7.1700      171.348969717680
           112.4000     -7.1700      170.059196685427
           112.4100     -7.1700      168.764469901716
           112.4200     -7.1700      167.568292314496
           112.4300     -7.1700      166.558569890711
           112.4400     -7.1700      165.797421437605
           112.4500     -7.1700      165.314464858982
           112.4600     -7.1700      165.104354436859
           112.4700     -7.1700      165.128787917166
           112.4800     -7.1700      165.322627862898
           112.4900     -7.1700      165.603263400451
           112.5000     -7.1700      165.881942207545
           112.5100     -7.1700      166.075577538193
           112.5200     -7.1700      166.117507314145
           112.5300     -7.1700      165.965851733224
           112.5400     -7.1700      165.608456618307
           112.5500     -7.1700      165.063874097662
           112.5600     -7.1700      164.378357130638
           112.5700     -7.1700      163.619360113722
           112.5800     -7.1700      162.866477150270
           112.5900     -7.1700      162.201056771450
           112.6000     -7.1700      161.695869737124
           112.6100     -7.1700      161.406160923207
           112.6200     -7.1700      161.363197648888
           112.6300     -7.1700      161.571068202771
           112.6400     -7.1700      162.007036677950
           112.6500     -7.1700      162.625285060635
           112.6600     -7.1700      163.363434591377
           112.6700     -7.1700      164.150893138380
           112.6800     -7.1700      164.917867193525
           112.6900     -7.1700      165.603830192693
           112.7000     -7.1700      166.164354996847
           112.7100     -7.1700      166.575477374644
           112.7200     -7.1700      166.835120241946
           112.7300     -7.1700      166.961523185996
           112.7400     -7.1700      166.989030640701
           112.7500     -7.1700      166.961939438733
           112.7600     -7.1700      166.927346567494
           112.7700     -7.1700      166.928040826146
           112.7800     -7.1700      166.996437310892
           112.7900     -7.1700      167.150371407431
           112.8000     -7.1700      167.391278139728
           112.8100     -7.1700      167.704926569334
           112.8200     -7.1700      168.064508804263
           112.8300     -7.1700      168.435551223899
           112.8400     -7.1700      168.781867485545
           112.8500     -7.1700      169.071641812646
           112.8600     -7.1700      169.282733002326
           112.8700     -7.1700      169.406421596326
           112.8800     -7.1700      169.449063573451
           112.8900     -7.1700      169.431427623181
           112.9000     -7.1700      169.385833766494
           112.9100     -7.1700      169.351529926430
           112.9200     -7.1700      169.368994954822
           112.9300     -7.1700      169.474006620349
           112.9400     -7.1700      169.692341053719
           112.9500     -7.1700      170.035873534507
           112.9600     -7.1700      170.500644356794
           112.9700     -7.1700      171.067168229310
           112.9800     -7.1700      171.702942538446
           112.9900     -7.1700      172.366795077197
           113.0000     -7.1700      173.014450164126
           112.0000     -7.1800      181.765139024597
           112.0100     -7.1800      181.539903828970
           112.0200     -7.1800      181.061599045191
           112.0300     -7.1800      180.371517941305
           112.0400     -7.1800      179.538525225801
           112.0500     -7.1800      178.650237980626
           112.0600     -7.1800      177.801655635337
           112.0700     -7.1800      177.082704958902
           112.0800     -7.1800      176.566322330662
           112.0900     -7.1800      176.298640519867
           112.1000     -7.1800      176.292586242089
           112.1100     -7.1800      176.525760396621
           112.1200     -7.1800      176.942920699590
           112.1300     -7.1800      177.462787884893
           112.1400     -7.1800      177.988329809685
           112.1500     -7.1800      178.419217091881
           112.1600     -7.1800      178.664850291731
           112.1700     -7.1800      178.656271555909
           112.1800     -7.1800      178.355405669454
           112.1900     -7.1800      177.760410596202
           112.2000     -7.1800      176.906413186525
           112.2100     -7.1800      175.861498001805
           112.2200     -7.1800      174.718429497889
           112.2300     -7.1800      173.583140614701
           112.2400     -7.1800      172.561442163374
           112.2500     -7.1800      171.745642279861
           112.2600     -7.1800      171.202782800039
           112.2700     -7.1800      170.965997114537
           112.2800     -7.1800      171.030097874437
           112.2900     -7.1800      171.351964024855
           112.3000     -7.1800      171.855684723393
           112.3100     -7.1800      172.441811827797
           112.3200     -7.1800      172.999550953139
           112.3300     -7.1800      173.420350636487
           112.3400     -7.1800      173.611177131268
           112.3500     -7.1800      173.505810122393
           112.3600     -7.1800      173.072754986577
           112.3700     -7.1800      172.318805416172
           112.3800     -7.1800      171.287848754526
           112.3900     -7.1800      170.055112532926
           112.4000     -7.1800      168.717626094198
           112.4100     -7.1800      167.382142079453
           112.4200     -7.1800      166.152069352015
           112.4300     -7.1800      165.115073848882
           112.4400     -7.1800      164.332895624511
           112.4500     -7.1800      163.834625458015
           112.4600     -7.1800      163.614224610174
           112.4700     -7.1800      163.632517998360
           112.4800     -7.1800      163.823316916011
           112.4900     -7.1800      164.102806896489
           112.5000     -7.1800      164.380935833272
           112.5100     -7.1800      164.573306858331
           112.5200     -7.1800      164.612046715599
           112.5300     -7.1800      164.454284345675
           112.5400     -7.1800      164.087211225457
           112.5500     -7.1800      163.529157659251
           112.5600     -7.1800      162.826645072791
           112.5700     -7.1800      162.047893683126
           112.5800     -7.1800      161.273710151721
           112.5900     -7.1800      160.586994460071
           112.6000     -7.1800      160.062251051112
           112.6100     -7.1800      159.756451025144
           112.6200     -7.1800      159.702379204015
           112.6300     -7.1800      159.905244372211
           112.6400     -7.1800      160.342883283832
           112.6500     -7.1800      160.969410478262
           112.6600     -7.1800      161.721720635304
           112.6700     -7.1800      162.527896259540
           112.6800     -7.1800      163.316355487727
           112.6900     -7.1800      164.024518101808
           112.7000     -7.1800      164.605875532139
           112.7100     -7.1800      165.034603738164
           112.7200     -7.1800      165.307218257121
           112.7300     -7.1800      165.441186796739
           112.7400     -7.1800      165.470828663830
           112.7500     -7.1800      165.441185966058
           112.7600     -7.1800      165.400802131419
           112.7700     -7.1800      165.394457586744
           112.7800     -7.1800      165.456878568923
           112.7900     -7.1800      165.608261769140
           112.8000     -7.1800      165.852172550040
           112.8100     -7.1800      166.176020288908
           112.8200     -7.1800      166.553942025979
           112.8300     -7.1800      166.951587428930
           112.8400     -7.1800      167.332040592834
           112.8500     -7.1800      167.661971604332
           112.8600     -7.1800      167.917100572880
           112.8700     -7.1800      168.086177562028
           112.8800     -7.1800      168.172913800300
           112.8900     -7.1800      168.195607728195
           112.9000     -7.1800      168.184548762871
           112.9100     -7.1800      168.177603437709
           112.9200     -7.1800      168.214647367214
           112.9300     -7.1800      168.331666457849
           112.9400     -7.1800      168.555390573899
           112.9500     -7.1800      168.899238399274
           112.9600     -7.1800      169.361157060833
           112.9700     -7.1800      169.923663239250
           112.9800     -7.1800      170.556074249477
           112.9900     -7.1800      171.218603601321
           113.0000     -7.1800      171.867730452400
           112.0000     -7.1900      181.304233755173
           112.0100     -7.1900      181.035309553606
           112.0200     -7.1900      180.515160933884
           112.0300     -7.1900      179.784238255201
           112.0400     -7.1900      178.910258471979
           112.0500     -7.1900      177.979710428734
           112.0600     -7.1900      177.086809673776
           112.0700     -7.1900      176.321319472917
           112.0800     -7.1900      175.756817757243
           112.0900     -7.1900      175.440947160125
           112.1000     -7.1900      175.388940780950
           112.1100     -7.1900      175.581300193409
           112.1200     -7.1900      175.965967681767
           112.1300     -7.1900      176.464750928035
           112.1400     -7.1900      176.983201564795
           112.1500     -7.1900      177.422692322368
           112.1600     -7.1900      177.693141436442
           112.1700     -7.1900      177.724737331951
           112.1800     -7.1900      177.477135086580
           112.1900     -7.1900      176.944914525226
           112.2000     -7.1900      176.158567471724
           112.2100     -7.1900      175.180857109546
           112.2200     -7.1900      174.098990965666
           112.2300     -7.1900      173.013592829380
           112.2400     -7.1900      172.025876967252
           112.2500     -7.1900      171.224665555294
           112.2600     -7.1900      170.674916022461
           112.2700     -7.1900      170.409235265259
           112.2800     -7.1900      170.423476821453
           112.2900     -7.1900      170.676994364291
           112.3000     -7.1900      171.097528048312
           112.3100     -7.1900      171.590106654794
           112.3200     -7.1900      172.048834983068
           112.3300     -7.1900      172.370068796990
           112.3400     -7.1900      172.465305964497
           112.3500     -7.1900      172.272164047867
           112.3600     -7.1900      171.762065298624
           112.3700     -7.1900      170.943676451779
           112.3800     -7.1900      169.861696918523
           112.3900     -7.1900      168.591183732645
           112.4000     -7.1900      167.228167843457
           112.4100     -7.1900      165.877781225563
           112.4200     -7.1900      164.641418651804
           112.4300     -7.1900      163.604564017794
           112.4400     -7.1900      162.826807055969
           112.4500     -7.1900      162.335277755489
           112.4600     -7.1900      162.122273522362
           112.4700     -7.1900      162.147308309692
           112.4800     -7.1900      162.343245316801
           112.4900     -7.1900      162.625659059912
           112.5000     -7.1900      162.904174633936
           112.5100     -7.1900      163.094301576308
           112.5200     -7.1900      163.128244151486
           112.5300     -7.1900      162.963330556760
           112.5400     -7.1900      162.587036348731
           112.5500     -7.1900      162.018036072361
           112.5600     -7.1900      161.303239732196
           112.5700     -7.1900      160.511288170899
           112.5800     -7.1900      159.723426324901
           112.5900     -7.1900      159.022989165405
           112.6000     -7.1900      158.484883369210
           112.6100     -7.1900      158.166412636862
           112.6200     -7.1900      158.100584767322
           112.6300     -7.1900      158.292685629256
           112.6400     -7.1900      158.720458787007
           112.6500     -7.1900      159.337750764079
           112.6600     -7.1900      160.081034717144
           112.6700     -7.1900      160.877867974295
           112.6800     -7.1900      161.656116494240
           112.6900     -7.1900      162.352717829534
           112.7000     -7.1900      162.920857523019
           112.7100     -7.1900      163.334683775363
           112.7200     -7.1900      163.591044217029
           112.7300     -7.1900      163.708145470917
           112.7400     -7.1900      163.721453133381
           112.7500     -7.1900      163.677510478875
           112.7600     -7.1900      163.626611274131
           112.7700     -7.1900      163.615383487544
           112.7800     -7.1900      163.680313591985
           112.7900     -7.1900      163.843073380264
           112.8000     -7.1900      164.108229622828
           112.8100     -7.1900      164.463563368294
           112.8200     -7.1900      164.882851009633
           112.8300     -7.1900      165.330615945771
           112.8400     -7.1900      165.768094754960
           112.8500     -7.1900      166.159510340169
           112.8600     -7.1900      166.477725047553
           112.8700     -7.1900      166.708459052375
           112.8800     -7.1900      166.852484713184
           112.8900     -7.1900      166.925512016791
           112.9000     -7.1900      166.955819147768
           112.9100     -7.1900      166.980007061006
           112.9200     -7.1900      167.037521983563
           112.9300     -7.1900      167.164758473109
           112.9400     -7.1900      167.389605621669
           112.9500     -7.1900      167.727224908796
           112.9600     -7.1900      168.177662353241
           112.9700     -7.1900      168.725627877047
           112.9800     -7.1900      169.342460556621
           112.9900     -7.1900      169.989984867824
           113.0000     -7.1900      170.625694685523
           112.0000     -7.2000      180.707258314741
           112.0100     -7.2000      180.394969760482
           112.0200     -7.2000      179.836058642636
           112.0300     -7.2000      179.069477888884
           112.0400     -7.2000      178.160888492343
           112.0500     -7.2000      177.194611997145
           112.0600     -7.2000      176.263048378402
           112.0700     -7.2000      175.454909761256
           112.0800     -7.2000      174.843790310702
           112.0900     -7.2000      174.478564609057
           112.1000     -7.2000      174.376882685448
           112.1100     -7.2000      174.522637265846
           112.1200     -7.2000      174.867767945817
           112.1300     -7.2000      175.338204039941
           112.1400     -7.2000      175.843206399565
           112.1500     -7.2000      176.286919785791
           112.1600     -7.2000      176.580650979080
           112.1700     -7.2000      176.654283575052
           112.1800     -7.2000      176.465343187117
           112.1900     -7.2000      176.004524243395
           112.2000     -7.2000      175.296943772520
           112.2100     -7.2000      174.398939803283
           112.2200     -7.2000      173.390810427031
           112.2300     -7.2000      172.366418657071
           112.2400     -7.2000      171.420998657213
           112.2500     -7.2000      170.638736752053
           112.2600     -7.2000      170.081734408341
           112.2700     -7.2000      169.781785285890
           112.2800     -7.2000      169.736037021995
           112.2900     -7.2000      169.907107554736
           112.3000     -7.2000      170.227650675910
           112.3100     -7.2000      170.608790998895
           112.3200     -7.2000      170.951349370267
           112.3300     -7.2000      171.158420762865
           112.3400     -7.2000      171.147694276191
           112.3500     -7.2000      170.861941006593
           112.3600     -7.2000      170.276334943336
           112.3700     -7.2000      169.401682923975
           112.3800     -7.2000      168.283168041968
           112.3900     -7.2000      166.994787672721
           112.4000     -7.2000      165.630217445070
           112.4100     -7.2000      164.291284897069
           112.4200     -7.2000      163.075533258141
           112.4300     -7.2000      162.064459507768
           112.4400     -7.2000      161.313909699631
           112.4500     -7.2000      160.847823408610
           112.4600     -7.2000      160.656077566253
           112.4700     -7.2000      160.696646634296
           112.4800     -7.2000      160.901741125221
           112.4900     -7.2000      161.187082084929
           112.5000     -7.2000      161.463080076499
           112.5100     -7.2000      161.646462408968
           112.5200     -7.2000      161.670858760068
           112.5300     -7.2000      161.495014556187
           112.5400     -7.2000      161.107629902914
           112.5500     -7.2000      160.528274138542
           112.5600     -7.2000      159.804341328915
           112.5700     -7.2000      159.004522064324
           112.5800     -7.2000      158.209705377185
           112.5900     -7.2000      157.502535597480
           112.6000     -7.2000      156.956994332003
           112.6100     -7.2000      156.629341777886
           112.6200     -7.2000      156.551542697850
           112.6300     -7.2000      156.727951650334
           112.6400     -7.2000      157.135588642299
           112.6500     -7.2000      157.727860671729
           112.6600     -7.2000      158.441140088469
           112.6700     -7.2000      159.203255291997
           112.6800     -7.2000      159.942727881654
           112.6900     -7.2000      160.597529041166
           112.7000     -7.2000      161.122230815484
           112.7100     -7.2000      161.492677134448
           112.7200     -7.2000      161.707657888243
           112.7300     -7.2000      161.787486200921
           112.7400     -7.2000      161.769796757475
           112.7500     -7.2000      161.703245335237
           112.7600     -7.2000      161.640049110748
           112.7700     -7.2000      161.628431459198
           112.7800     -7.2000      161.706010571988
           112.7900     -7.2000      161.895005558539
           112.8000     -7.2000      162.199853145633
           112.8100     -7.2000      162.607474115778
           112.8200     -7.2000      163.090051816606
           112.8300     -7.2000      163.609837989854
           112.8400     -7.2000      164.125231093633
           112.8500     -7.2000      164.597214826391
           112.8600     -7.2000      164.995218945743
           112.8700     -7.2000      165.301571255020
           112.8800     -7.2000      165.513930936186
           112.8900     -7.2000      165.645395784315
           112.9000     -7.2000      165.722315235345
           112.9100     -7.2000      165.780168938143
           112.9200     -7.2000      165.858141061886
           112.9300     -7.2000      165.993196471274
           112.9400     -7.2000      166.214523160510
           112.9500     -7.2000      166.539139644686
           112.9600     -7.2000      166.969287629299
           112.9700     -7.2000      167.491966174751
           112.9800     -7.2000      168.080652391631
           112.9900     -7.2000      168.698940195332
           113.0000     -7.2000      169.305557303443
           112.0000     -7.2100      179.973477747674
           112.0100     -7.2100      179.621811345430
           112.0200     -7.2100      179.031071962896
           112.0300     -7.2100      178.237944145418
           112.0400     -7.2100      177.305004554957
           112.0500     -7.2100      176.313244905598
           112.0600     -7.2100      175.352091312009
           112.0700     -7.2100      174.508188012216
           112.0800     -7.2100      173.854390196748
           112.0900     -7.2100      173.440399198922
           112.1000     -7.2100      173.286273193244
           112.1100     -7.2100      173.379682438286
           112.1200     -7.2100      173.677296564083
           112.1300     -7.2100      174.110154959829
           112.1400     -7.2100      174.592350242647
           112.1500     -7.2100      175.031917847685
           112.1600     -7.2100      175.342530093347
           112.1700     -7.2100      175.454480342552
           112.1800     -7.2100      175.323528009727
           112.1900     -7.2100      174.936448030920
           112.2000     -7.2100      174.312554074786
           112.2100     -7.2100      173.500987964096
           112.2200     -7.2100      172.574120147557
           112.2300     -7.2100      171.617915153465
           112.2400     -7.2100      170.720514771480
           112.2500     -7.2100      169.960527575437
           112.2600     -7.2100      169.396554966397
           112.2700     -7.2100      169.059325333996
           112.2800     -7.2100      168.947469678262
           112.2900     -7.2100      169.027498229722
           112.3000     -7.2100      169.237990234443
           112.3100     -7.2100      169.497459806045
           112.3200     -7.2100      169.714881508207
           112.3300     -7.2100      169.801512809764
           112.3400     -7.2100      169.682481962415
           112.3500     -7.2100      169.306640992921
           112.3600     -7.2100      168.653409943522
           112.3700     -7.2100      167.735730206135
           112.3800     -7.2100      166.598750169250
           112.3900     -7.2100      165.314419100546
           112.4000     -7.2100      163.972692944919
           112.4100     -7.2100      162.670489827876
           112.4200     -7.2100      161.499817413160
           112.4300     -7.2100      160.536592668082
           112.4400     -7.2100      159.831575387864
           112.4500     -7.2100      159.404554298672
           112.4600     -7.2100      159.242496858821
           112.4700     -7.2100      159.301857866933
           112.4800     -7.2100      159.514705606220
           112.4900     -7.2100      159.797837509187
           112.5000     -7.2100      160.063683065157
           112.5100     -7.2100      160.231577409712
           112.5200     -7.2100      160.237960779641
           112.5300     -7.2100      160.044218188019
           112.5400     -7.2100      159.641197104372
           112.5500     -7.2100      159.049884213079
           112.5600     -7.2100      158.318225935655
           112.5700     -7.2100      157.514574708664
           112.5800     -7.2100      156.718669159462
           112.5900     -7.2100      156.011356781928
           112.6000     -7.2100      155.464405319153
           112.6100     -7.2100      155.131708674331
           112.6200     -7.2100      155.042983358058
           112.6300     -7.2100      155.200702999844
           112.6400     -7.2100      155.580579827590
           112.6500     -7.2100      156.135432808022
           112.6600     -7.2100      156.801844834679
           112.6700     -7.2100      157.508663011056
           112.6800     -7.2100      158.186180835884
           112.6900     -7.2100      158.774784501450
           112.7000     -7.2100      159.231951457140
           112.7100     -7.2100      159.536739991373
           112.7200     -7.2100      159.691267008909
           112.7300     -7.2100      159.719086937367
           112.7400     -7.2100      159.660800698195
           112.7500     -7.2100      159.567584051872
           112.7600     -7.2100      159.493582231676
           112.7700     -7.2100      159.488240396152
           112.7800     -7.2100      159.589613823734
           112.7900     -7.2100      159.819535107859
           112.8000     -7.2100      160.181234064048
           112.8100     -7.2100      160.659650875566
           112.8200     -7.2100      161.224304564780
           112.8300     -7.2100      161.834229640182
           112.8400     -7.2100      162.444221043123
           112.8500     -7.2100      163.011467080241
           112.8600     -7.2100      163.501621429753
           112.8700     -7.2100      163.893469506033
           112.8800     -7.2100      164.181564031526
           112.8900     -7.2100      164.376506546317
           112.9000     -7.2100      164.502891962831
           112.9100     -7.2100      164.595263822262
           112.9200     -7.2100      164.692702586428
           112.9300     -7.2100      164.832850697591
           112.9400     -7.2100      165.046242548537
           112.9500     -7.2100      165.351747988107
           112.9600     -7.2100      165.753765077322
           112.9700     -7.2100      166.241537771364
           112.9800     -7.2100      166.790665115979
           112.9900     -7.2100      167.366554815122
           113.0000     -7.2100      167.929300061754
           112.0000     -7.2200      179.102833855129
           112.0100     -7.2200      178.719264519992
           112.0200     -7.2200      178.107260894493
           112.0300     -7.2200      177.300367185171
           112.0400     -7.2200      176.356949715085
           112.0500     -7.2200      175.353411034244
           112.0600     -7.2200      174.374946026609
           112.0700     -7.2200      173.505010319191
           112.0800     -7.2200      172.814854972180
           112.0900     -7.2200      172.354488269473
           112.1000     -7.2200      172.146252712064
           112.1100     -7.2200      172.181874219224
           112.1200     -7.2200      172.423393519350
           112.1300     -7.2200      172.807885001837
           112.1400     -7.2200      173.255372271866
           112.1500     -7.2200      173.678928006250
           112.1600     -7.2200      173.995654724901
           112.1700     -7.2200      174.137122052807
           112.1800     -7.2200      174.057901910179
           112.1900     -7.2200      173.741088084191
           112.2000     -7.2200      173.200079251913
           112.2100     -7.2200      172.476393470372
           112.2200     -7.2200      171.633803171755
           112.2300     -7.2200      170.749564054053
           112.2400     -7.2200      169.903894823276
           112.2500     -7.2200      169.169096571008
           112.2600     -7.2200      168.599749676119
           112.2700     -7.2200      168.225285649183
           112.2800     -7.2200      168.045919529079
           112.2900     -7.2200      168.032486240174
           112.3000     -7.2200      168.130209979342
           112.3100     -7.2200      168.265917074020
           112.3200     -7.2200      168.357748286783
           112.3300     -7.2200      168.326096218373
           112.3400     -7.2200      168.104330836883
           112.3500     -7.2200      167.647902609831
           112.3600     -7.2200      166.940624614333
           112.3700     -7.2200      165.997304240993
           112.3800     -7.2200      164.862372856781
           112.3900     -7.2200      163.604685000919
           112.4000     -7.2200      162.309158462923
           112.4100     -7.2200      161.066337328847
           112.4200     -7.2200      159.961228128631
           112.4300     -7.2200      159.062849923728
           112.4400     -7.2200      158.415841393013
           112.4500     -7.2200      158.035195428114
           112.4600     -7.2200      157.904781089171
           112.4700     -7.2200      157.979818613115
           112.4800     -7.2200      158.192960765149
           112.4900     -7.2200      158.463170388832
           112.5000     -7.2200      158.706229813543
           112.5100     -7.2200      158.845518246710
           112.5200     -7.2200      158.821673110378
           112.5300     -7.2200      158.599911361570
           112.5400     -7.2200      158.174104327722
           112.5500     -7.2200      157.567131181456
           112.5600     -7.2200      156.827524014247
           112.5700     -7.2200      156.022896944212
           112.5800     -7.2200      155.231060082756
           112.5900     -7.2200      154.530003917731
           112.6000     -7.2200      153.988065171466
           112.6100     -7.2200      153.655537381426
           112.6200     -7.2200      153.558777334913
           112.6300     -7.2200      153.697512652588
           112.6400     -7.2200      154.045624063625
           112.6500     -7.2200      154.555216672897
           112.6600     -7.2200      155.163368904677
           112.6700     -7.2200      155.800611449171
           112.6800     -7.2200      156.399984253857
           112.6900     -7.2200      156.905471884225
           112.7000     -7.2200      157.278729625229
           112.7100     -7.2200      157.503266333488
           112.7200     -7.2200      157.585608536578
           112.7300     -7.2200      157.553383539810
           112.7400     -7.2200      157.450670904001
           112.7500     -7.2200      157.331326495076
           112.7600     -7.2200      157.251235001115
           112.7700     -7.2200      157.260563813155
           112.7800     -7.2200      157.397060733459
           112.7900     -7.2200      157.681267558352
           112.8000     -7.2200      158.114237434617
           112.8100     -7.2200      158.677987150551
           112.8200     -7.2200      159.338536355516
           112.8300     -7.2200      160.051036286756
           112.8400     -7.2200      160.766217967919
           112.8500     -7.2200      161.437229617511
           112.8600     -7.2200      162.025904636022
           112.8700     -7.2200      162.507606011730
           112.8800     -7.2200      162.874012997845
           112.8900     -7.2200      163.133518599612
           112.9000     -7.2200      163.309248135951
           112.9100     -7.2200      163.435041717862
           112.9200     -7.2200      163.550020905711
           112.9300     -7.2200      163.692544565530
           112.9400     -7.2200      163.894427091348
           112.9500     -7.2200      164.176236397776
           112.9600     -7.2200      164.544319508673
           112.9700     -7.2200      164.989945978927
           112.9800     -7.2200      165.490651466238
           112.9900     -7.2200      166.013549637699
           113.0000     -7.2200      166.520104560830
           112.0000     -7.2300      178.095000238917
           112.0100     -7.2300      177.689922078230
           112.0200     -7.2300      177.070208487696
           112.0300     -7.2300      176.265320992507
           112.0400     -7.2300      175.328230665051
           112.0500     -7.2300      174.329438079945
           112.0600     -7.2300      173.348594461109
           112.0700     -7.2300      172.464782960656
           112.0800     -7.2300      171.746709563671
           112.0900     -7.2300      171.244079809153
           112.1000     -7.2300      170.981295120011
           112.1100     -7.2300      170.954308436722
           112.1200     -7.2300      171.131070923382
           112.1300     -7.2300      171.455533186369
           112.1400     -7.2300      171.854697632256
           112.1500     -7.2300      172.247815448156
           112.1600     -7.2300      172.556536268523
           112.1700     -7.2300      172.714689549066
           112.1800     -7.2300      172.676421977890
           112.1900     -7.2300      172.421629698721
           112.2000     -7.2300      171.957979871395
           112.2100     -7.2300      171.319266333683
           112.2200     -7.2300      170.560329239373
           112.2300     -7.2300      169.749224047351
           112.2400     -7.2300      168.957690387957
           112.2500     -7.2300      168.251197286180
           112.2600     -7.2300      167.679897581610
           112.2700     -7.2300      167.271703327063
           112.2800     -7.2300      167.028411311826
           112.2900     -7.2300      166.925401075087
           112.3000     -7.2300      166.914950908540
           112.3100     -7.2300      166.932733873551
           112.3200     -7.2300      166.906630204422
           112.3300     -7.2300      166.766681402522
           112.3400     -7.2300      166.454856366065
           112.3500     -7.2300      165.933321771163
           112.3600     -7.2300      165.190104781328
           112.3700     -7.2300      164.241379998004
           112.3800     -7.2300      163.130058662247
           112.3900     -7.2300      161.920847187272
           112.4000     -7.2300      160.692409193077
           112.4100     -7.2300      159.527648385190
           112.4200     -7.2300      158.503378180671
           112.4300     -7.2300      157.680725227365
           112.4400     -7.2300      157.097517469949
           112.4500     -7.2300      156.763646383050
           112.4600     -7.2300      156.660002394231
           112.4700     -7.2300      156.741114381579
           112.4800     -7.2300      156.941140540335
           112.4900     -7.2300      157.182422721051
           112.5000     -7.2300      157.385486670406
           112.5100     -7.2300      157.479189292741
           112.5200     -7.2300      157.409704041625
           112.5300     -7.2300      157.147196976912
           112.5400     -7.2300      156.689356334163
           112.5500     -7.2300      156.061355578583
           112.5600     -7.2300      155.312297998328
           112.5700     -7.2300      154.508647822921
           112.5800     -7.2300      153.725538574373
           112.5900     -7.2300      153.037113828917
           112.6000     -7.2300      152.507165313087
           112.6100     -7.2300      152.181275662577
           112.6200     -7.2300      152.081457933767
           112.6300     -7.2300      152.203941555797
           112.6400     -7.2300      152.520331812951
           112.6500     -7.2300      152.981924156636
           112.6600     -7.2300      153.526544983672
           112.6700     -7.2300      154.086970677458
           112.6800     -7.2300      154.599787667345
           112.6900     -7.2300      155.013520973610
           112.7000     -7.2300      155.294979285016
           112.7100     -7.2300      155.433022347682
           112.7200     -7.2300      155.439314593853
           112.7300     -7.2300      155.346037945277
           112.7400     -7.2300      155.200941044827
           112.7500     -7.2300      155.060447831005
           112.7600     -7.2300      154.981790207963
           112.7700     -7.2300      155.015237160542
           112.7800     -7.2300      155.197454208243
           112.7900     -7.2300      155.546850668219
           112.8000     -7.2300      156.061484360501
           112.8100     -7.2300      156.719735261419
           112.8200     -7.2300      157.483581063361
           112.8300     -7.2300      158.303960333232
           112.8400     -7.2300      159.127439454990
           112.8500     -7.2300      159.903242814049
           112.8600     -7.2300      160.589680721122
           112.8700     -7.2300      161.159117026024
           112.8800     -7.2300      161.600840768537
           112.8900     -7.2300      161.921510676002
           112.9000     -7.2300      162.143184329118
           112.9100     -7.2300      162.299277380554
           112.9200     -7.2300      162.429076518116
           112.9300     -7.2300      162.571615569558
           112.9400     -7.2300      162.759793370703
           112.9500     -7.2300      163.015557426296
           112.9600     -7.2300      163.346808935192
           112.9700     -7.2300      163.746428013431
           112.9800     -7.2300      164.193510357691
           112.9900     -7.2300      164.656592039677
           113.0000     -7.2300      165.098361769485
           112.0000     -7.2400      176.948740677381
           112.0100     -7.2400      176.534563316332
           112.0200     -7.2400      175.922688388639
           112.0300     -7.2400      175.137526332074
           112.0400     -7.2400      174.225462172003
           112.0500     -7.2400      173.249785995546
           112.0600     -7.2400      172.283296068481
           112.0700     -7.2400      171.399510303486
           112.0800     -7.2400      170.663619156193
           112.0900     -7.2400      170.124360830585
           112.1000     -7.2400      169.807890034527
           112.1100     -7.2400      169.714457774091
           112.1200     -7.2400      169.818354720056
           112.1300     -7.2400      170.071142689302
           112.1400     -7.2400      170.407764767408
           112.1500     -7.2400      170.754742750787
           112.1600     -7.2400      171.039392421093
           112.1700     -7.2400      171.198850512201
           112.1800     -7.2400      171.187731052547
           112.1900     -7.2400      170.983410501056
           112.2000     -7.2400      170.588256905022
           112.2100     -7.2400      170.028526208441
           112.2200     -7.2400      169.350094296063
           112.2300     -7.2400      168.611616607855
           112.2400     -7.2400      167.876051255471
           112.2500     -7.2400      167.201700086631
           112.2600     -7.2400      166.633985454402
           112.2700     -7.2400      166.199079786602
           112.2800     -7.2400      165.900253728341
           112.2900     -7.2400      165.717440292803
           112.3000     -7.2400      165.610076578558
           112.3100     -7.2400      165.522839857200
           112.3200     -7.2400      165.393501149302
           112.3300     -7.2400      165.161829939075
           112.3400     -7.2400      164.778337604671
           112.3500     -7.2400      164.211664368838
           112.3600     -7.2400      163.453593040407
           112.3700     -7.2400      162.520988749558
           112.3800     -7.2400      161.454374987987
           112.3900     -7.2400      160.313307425571
           112.4000     -7.2400      159.169137646768
           112.4100     -7.2400      158.096111318725
           112.4200     -7.2400      157.161972053842
           112.4300     -7.2400      156.419312899610
           112.4400     -7.2400      155.898822448415
           112.4500     -7.2400      155.605324670248
           112.4600     -7.2400      155.517143857443
           112.4700     -7.2400      155.588887646457
           112.4800     -7.2400      155.757290437820
           112.4900     -7.2400      155.949356678897
           112.5000     -7.2400      156.091741891602
           112.5100     -7.2400      156.120148842399
           112.5200     -7.2400      155.987517743696
           112.5300     -7.2400      155.669952056144
           112.5400     -7.2400      155.169623070092
           112.5500     -7.2400      154.514296322424
           112.5600     -7.2400      153.753567519086
           112.5700     -7.2400      152.952325798347
           112.5800     -7.2400      152.182320987105
           112.5900     -7.2400      151.512951947472
           112.6000     -7.2400      151.002484246039
           112.6100     -7.2400      150.690836372188
           112.6200     -7.2400      150.594855152479
           112.6300     -7.2400      150.706663240379
           112.6400     -7.2400      150.995250578810
           112.6500     -7.2400      151.411052818648
           112.6600     -7.2400      151.892869942060
           112.6700     -7.2400      152.376179073979
           112.6800     -7.2400      152.801725331487
           112.6900     -7.2400      153.123254555859
           112.7000     -7.2400      153.313382608149
           112.7100     -7.2400      153.366858147926
           112.7200     -7.2400      153.300832709018
           112.7300     -7.2400      153.152154515907
           112.7400     -7.2400      152.972096473372
           112.7500     -7.2400      152.819261649735
           112.7600     -7.2400      152.751637839562
           112.7700     -7.2400      152.818867588121
           112.7800     -7.2400      153.055750894160
           112.7900     -7.2400      153.477813696643
           112.8000     -7.2400      154.079483225697
           112.8100     -7.2400      154.835052491050
           112.8200     -7.2400      155.702240059205
           112.8300     -7.2400      156.627808817515
           112.8400     -7.2400      157.554444211884
           112.8500     -7.2400      158.427942543127
           112.8600     -7.2400      159.203741432282
           112.8700     -7.2400      159.851937476080
           112.8800     -7.2400      160.360162502489
           112.8900     -7.2400      160.733996657372
           112.9000     -7.2400      160.994940374120
           112.9100     -7.2400      161.176300381732
           112.9200     -7.2400      161.317621889031
           112.9300     -7.2400      161.458483036879
           112.9400     -7.2400      161.632535154512
           112.9500     -7.2400      161.862616247414
           112.9600     -7.2400      162.157595587313
           112.9700     -7.2400      162.511349863886
           112.9800     -7.2400      162.903963405632
           112.9900     -7.2400      163.304930182945
           113.0000     -7.2400      163.677857615552
           112.0000     -7.2500      175.661702775663
           112.0100     -7.2500      175.251709443649
           112.0200     -7.2500      174.663960864582
           112.0300     -7.2500      173.916876924199
           112.0400     -7.2500      173.049123715020
           112.0500     -7.2500      172.115545049961
           112.0600     -7.2500      171.180848563235
           112.0700     -7.2500      170.311849216389
           112.0800     -7.2500      169.569277093753
           112.0900     -7.2500      169.000226219361
           112.1000     -7.2500      168.632246126353
           112.1100     -7.2500      168.469867126304
           112.1200     -7.2500      168.494031307939
           112.1300     -7.2500      168.664516804514
           112.1400     -7.2500      168.925044550208
           112.1500     -7.2500      169.210398503451
           112.1600     -7.2500      169.454620866027
           112.1700     -7.2500      169.599200025120
           112.1800     -7.2500      169.600170701573
           112.1900     -7.2500      169.433193283624
           112.2000     -7.2500      169.095952915494
           112.2100     -7.2500      168.607581732654
           112.2200     -7.2500      168.005210582606
           112.2300     -7.2500      167.338144950657
           112.2400     -7.2500      166.660480791447
           112.2500     -7.2500      166.023185786269
           112.2600     -7.2500      165.466741501305
           112.2700     -7.2500      165.015362321154
           112.2800     -7.2500      164.673588558816
           112.2900     -7.2500      164.425723440350
           112.3000     -7.2500      164.238191328396
           112.3100     -7.2500      164.064491082497
           112.3200     -7.2500      163.852058975454
           112.3300     -7.2500      163.550089319787
           112.3400     -7.2500      163.117224514951
           112.3500     -7.2500      162.528038580473
           112.3600     -7.2500      161.777398118650
           112.3700     -7.2500      160.882070665655
           112.3800     -7.2500      159.879323919369
           112.3900     -7.2500      158.822669747228
           112.4000     -7.2500      157.775298411863
           112.4100     -7.2500      156.802067779814
           112.4200     -7.2500      155.961115763766
           112.4300     -7.2500      155.296223887849
           112.4400     -7.2500      154.830967108213
           112.4500     -7.2500      154.565451950551
           112.4600     -7.2500      154.476102742620
           112.4700     -7.2500      154.518550138872
           112.4800     -7.2500      154.633261783782
           112.4900     -7.2500      154.753187603728
           112.5000     -7.2500      154.812421319752
           112.5100     -7.2500      154.754741821503
           112.5200     -7.2500      154.540911626861
           112.5300     -7.2500      154.153772975651
           112.5400     -7.2500      153.600473251557
           112.5500     -7.2500      152.911531339399
           112.5600     -7.2500      152.136874303023
           112.5700     -7.2500      151.339373540035
           112.5800     -7.2500      150.586738016809
           112.5900     -7.2500      149.942835709806
           112.6000     -7.2500      149.459584916132
           112.6100     -7.2500      149.170475835312
           112.6200     -7.2500      149.086561302679
           112.6300     -7.2500      149.195424014273
           112.6400     -7.2500      149.463230815739
           112.6500     -7.2500      149.839575884098
           112.6600     -7.2500      150.264448425976
           112.6700     -7.2500      150.676385306063
           112.6800     -7.2500      151.020720745522
           112.6900     -7.2500      151.256842585194
           112.7000     -7.2500      151.363506663635
           112.7100     -7.2500      151.341527347288
           112.7200     -7.2500      151.213516448003
           112.7300     -7.2500      151.020736571957
           112.7400     -7.2500      150.817515450585
           112.7500     -7.2500      150.663984434912
           112.7600     -7.2500      150.618115625875
           112.7700     -7.2500      150.728111187983
           112.7800     -7.2500      151.026136415511
           112.7900     -7.2500      151.524195277409
           112.8000     -7.2500      152.212651076845
           112.8100     -7.2500      153.061536639983
           112.8200     -7.2500      154.024426999569
           112.8300     -7.2500      155.044312856025
           112.8400     -7.2500      156.060659500281
           112.8500     -7.2500      157.016696099064
           112.8600     -7.2500      157.865971145897
           112.8700     -7.2500      158.577330420034
           112.8800     -7.2500      159.137705393797
           112.8900     -7.2500      159.552409357239
           112.9000     -7.2500      159.842982248077
           112.9100     -7.2500      160.042955978741
           112.9200     -7.2500      160.192185171797
           112.9300     -7.2500      160.330567486330
           112.9400     -7.2500      160.492040393904
           112.9500     -7.2500      160.699680924886
           112.9600     -7.2500      160.962562099867
           112.9700     -7.2500      161.274760300571
           112.9800     -7.2500      161.616599033343
           112.9900     -7.2500      161.957899911459
           113.0000     -7.2500      162.262734868871
           112.0000     -7.2600      174.230709011985
           112.0100     -7.2600      173.837796480309
           112.0200     -7.2600      173.289809820524
           112.0300     -7.2600      172.598329183912
           112.0400     -7.2600      171.793296464067
           112.0500     -7.2600      170.920020093110
           112.0600     -7.2600      170.034024723732
           112.0700     -7.2600      169.194408592635
           112.0800     -7.2600      168.456581964619
           112.0900     -7.2600      167.865352535820
           112.1000     -7.2600      167.449284592241
           112.1100     -7.2600      167.217092734860
           112.1200     -7.2600      167.156560281214
           112.1300     -7.2600      167.236133749519
           112.1400     -7.2600      167.408984348603
           112.1500     -7.2600      167.618994515608
           112.1600     -7.2600      167.807867994234
           112.1700     -7.2600      167.922411486605
           112.1800     -7.2600      167.921015364236
           112.1900     -7.2600      167.778473265032
           112.2000     -7.2600      167.488510313062
           112.2100     -7.2600      167.063705632465
           112.2200     -7.2600      166.532853340154
           112.2300     -7.2600      165.936157920210
           112.2400     -7.2600      165.318956308463
           112.2500     -7.2600      164.724859226803
           112.2600     -7.2600      164.189280620156
           112.2700     -7.2600      163.734265867840
           112.2800     -7.2600      163.365344748963
           112.2900     -7.2600      163.070849432085
           112.3000     -7.2600      162.823790547560
           112.3100     -7.2600      162.586023788318
           112.3200     -7.2600      162.314115529618
           112.3300     -7.2600      161.966073762155
           112.3400     -7.2600      161.507984094629
           112.3500     -7.2600      160.919597687519
           112.3600     -7.2600      160.198058273979
           112.3700     -7.2600      159.359210022206
           112.3800     -7.2600      158.436262135006
           112.3900     -7.2600      157.475953875562
           112.4000     -7.2600      156.532714424726
           112.4100     -7.2600      155.661597022419
           112.4200     -7.2600      154.910946466216
           112.4300     -7.2600      154.315807810214
           112.4400     -7.2600      153.892994482044
           112.4500     -7.2600      153.638517445733
           112.4600     -7.2600      153.527762386114
           112.4700     -7.2600      153.518431647172
           112.4800     -7.2600      153.555892091254
           112.4900     -7.2600      153.580240371182
           112.5000     -7.2600      153.534158487376
           112.5100     -7.2600      153.370517868635
           112.5200     -7.2600      153.058715745796
           112.5300     -7.2600      152.588890461813
           112.5400     -7.2600      151.973441104646
           112.5500     -7.2600      151.245634215681
           112.5600     -7.2600      150.455468334408
           112.5700     -7.2600      149.663333567873
           112.5800     -7.2600      148.932298833831
           112.5900     -7.2600      148.320044057316
           112.6000     -7.2600      147.871503459615
           112.6100     -7.2600      147.613192514673
           112.6200     -7.2600      147.549967686852
           112.6300     -7.2600      147.664644699154
           112.6400     -7.2600      147.920521202519
           112.6500     -7.2600      148.266464235504
           112.6600     -7.2600      148.643883334140
           112.6700     -7.2600      148.994661826947
           112.6800     -7.2600      149.268994609137
           112.6900     -7.2600      149.432096659425
           112.7000     -7.2600      149.468900015631
           112.7100     -7.2600      149.386126733417
           112.7200     -7.2600      149.211474920892
           112.7300     -7.2600      148.990037210880
           112.7400     -7.2600      148.778434865601
           112.7500     -7.2600      148.637447789786
           112.7600     -7.2600      148.624112034241
           112.7700     -7.2600      148.784317348046
           112.7800     -7.2600      149.146861081959
           112.7900     -7.2600      149.719712789733
           112.8000     -7.2600      150.488944469106
           112.8100     -7.2600      151.420425545240
           112.8200     -7.2600      152.464017562515
           112.8300     -7.2600      153.559679819277
           112.8400     -7.2600      154.644656558946
           112.8500     -7.2600      155.660789835184
           112.8600     -7.2600      156.561005072813
           112.8700     -7.2600      157.314146307143
           112.8800     -7.2600      157.907575669360
           112.8900     -7.2600      158.347263212860
           112.9000     -7.2600      158.655435452627
           112.9100     -7.2600      158.866177290925
           112.9200     -7.2600      159.019648453647
           112.9300     -7.2600      159.155747062205
           112.9400     -7.2600      159.308107845264
           112.9500     -7.2600      159.499255282013
           112.9600     -7.2600      159.737553919644
           112.9700     -7.2600      160.016335442031
           112.9800     -7.2600      160.315272183222
           112.9900     -7.2600      160.603752989180
           113.0000     -7.2600      160.845742846843
           112.0000     -7.2700      172.652527084916
           112.0100     -7.2700      172.287957241410
           112.0200     -7.2700      171.793324998374
           112.0300     -7.2700      171.172674364913
           112.0400     -7.2700      170.446415310226
           112.0500     -7.2700      169.649452002129
           112.0600     -7.2700      168.827252118995
           112.0700     -7.2700      168.030375671370
           112.0800     -7.2700      167.308198705675
           112.0900     -7.2700      166.702682599798
           112.1000     -7.2700      166.243037136387
           112.1100     -7.2700      165.942005341681
           112.1200     -7.2700      165.794276825030
           112.1300     -7.2700      165.777244781736
           112.1400     -7.2700      165.854000488383
           112.1500     -7.2700      165.978152742359
           112.1600     -7.2700      166.099810903103
           112.1700     -7.2700      166.171913560892
           112.1800     -7.2700      166.156042089049
           112.1900     -7.2700      166.026935213349
           112.2000     -7.2700      165.775106323456
           112.2100     -7.2700      165.407233430371
           112.2200     -7.2700      164.944304781471
           112.2300     -7.2700      164.417817257133
           112.2400     -7.2700      163.864595751327
           112.2500     -7.2700      163.320991797917
           112.2600     -7.2700      162.817302137436
           112.2700     -7.2700      162.373211233183
           112.2800     -7.2700      161.994911185389
           112.2900     -7.2700      161.674309321036
           112.3000     -7.2700      161.390432273810
           112.3100     -7.2700      161.112818191608
           112.3200     -7.2700      160.806400693932
           112.3300     -7.2700      160.437170227475
           112.3400     -7.2700      159.977781667213
           112.3500     -7.2700      159.412278369368
           112.3600     -7.2700      158.739222811149
           112.3700     -7.2700      157.972746164610
           112.3800     -7.2700      157.141322882484
           112.3900     -7.2700      156.284400625205
           112.4000     -7.2700      155.447325094934
           112.4100     -7.2700      154.675249839926
           112.4200     -7.2700      154.006877061711
           112.4300     -7.2700      153.468914086248
           112.4400     -7.2700      153.072044873408
           112.4500     -7.2700      152.809017410890
           112.4600     -7.2700      152.655162613306
           112.4700     -7.2700      152.571327247473
           112.4800     -7.2700      152.508868221328
           112.4900     -7.2700      152.416064759589
           112.5000     -7.2700      152.245099235373
           112.5100     -7.2700      151.958666000694
           112.5200     -7.2700      151.535304193858
           112.5300     -7.2700      150.972711410653
           112.5400     -7.2700      150.288559417731
           112.5500     -7.2700      149.518665538113
           112.5600     -7.2700      148.712729149707
           112.5700     -7.2700      147.928173617013
           112.5800     -7.2700      147.222894731287
           112.5900     -7.2700      146.647871459664
           112.6000     -7.2700      146.240621819038
           112.6100     -7.2700      146.020381551401
           112.6200     -7.2700      145.985659441723
           112.6300     -7.2700      146.114510174160
           112.6400     -7.2700      146.367505312655
           112.6500     -7.2700      146.693023587222
           112.6600     -7.2700      147.034171436687
           112.6700     -7.2700      147.336425439425
           112.6800     -7.2700      147.554989413431
           112.6900     -7.2700      147.660893968426
           112.7000     -7.2700      147.645030549492
           112.7100     -7.2700      147.519583581399
           112.7200     -7.2700      147.316666894894
           112.7300     -7.2700      147.084338426446
           112.7400     -7.2700      146.880511194814
           112.7500     -7.2700      146.765553068201
           112.7600     -7.2700      146.794536607879
           112.7700     -7.2700      147.010141371298
           112.7800     -7.2700      147.437119724971
           112.7900     -7.2700      148.079026432194
           112.8000     -7.2700      148.917610908304
           112.8100     -7.2700      149.914919851427
           112.8200     -7.2700      151.017804084021
           112.8300     -7.2700      152.164213972991
           112.8400     -7.2700      153.290443463442
           112.8500     -7.2700      154.338372504392
           112.8600     -7.2700      155.261774823736
           112.8700     -7.2700      156.030898748611
           112.8800     -7.2700      156.634772641543
           112.8900     -7.2700      157.080999479436
           112.9000     -7.2700      157.393144196619
           112.9100     -7.2700      157.606136703108
           112.9200     -7.2700      157.760370279756
           112.9300     -7.2700      157.895335635621
           112.9400     -7.2700      158.043675032005
           112.9500     -7.2700      158.226464315260
           112.9600     -7.2700      158.450345663379
           112.9700     -7.2700      158.706867117934
           112.9800     -7.2700      158.974074076712
           112.9900     -7.2700      159.220085915279
           113.0000     -7.2700      159.408120425934
           112.0000     -7.2800      170.925019891351
           112.0100     -7.2800      170.597308765791
           112.0200     -7.2800      170.166324550749
           112.0300     -7.2800      169.628089531213
           112.0400     -7.2800      168.992935622546
           112.0500     -7.2800      168.284780927955
           112.0600     -7.2800      167.538446733353
           112.0700     -7.2800      166.795387667482
           112.0800     -7.2800      166.098430779721
           112.0900     -7.2800      165.486257339901
           112.1000     -7.2800      164.988395179795
           112.1100     -7.2800      164.621415101670
           112.1200     -7.2800      164.386853324575
           112.1300     -7.2800      164.271137860296
           112.1400     -7.2800      164.247514971604
           112.1500     -7.2800      164.279692479321
           112.1600     -7.2800      164.326679131914
           112.1700     -7.2800      164.348136892748
           112.1800     -7.2800      164.309498377973
           112.1900     -7.2800      164.186143365323
           112.2000     -7.2800      163.966069733487
           112.2100     -7.2800      163.650714680399
           112.2200     -7.2800      163.253849748302
           112.2300     -7.2800      162.798749601543
           112.2400     -7.2800      162.314080102511
           112.2500     -7.2800      161.829130983461
           112.2600     -7.2800      161.369106797891
           112.2700     -7.2800      160.951174468248
           112.2800     -7.2800      160.581849125128
           112.2900     -7.2800      160.256099072656
           112.3000     -7.2800      159.958294718832
           112.3100     -7.2800      159.664852213924
           112.3200     -7.2800      159.348170027635
           112.3300     -7.2800      158.981262427018
           112.3400     -7.2800      158.542386178203
           112.3500     -7.2800      158.018951815021
           112.3600     -7.2800      157.410109829370
           112.3700     -7.2800      156.727591525331
           112.3800     -7.2800      155.994637346543
           112.3900     -7.2800      155.243126199172
           112.4000     -7.2800      154.509287359711
           112.4100     -7.2800      153.828593144284
           112.4200     -7.2800      153.230563790305
           112.4300     -7.2800      152.734245708697
           112.4400     -7.2800      152.345044708135
           112.4500     -7.2800      152.053416764084
           112.4600     -7.2800      151.835664444308
           112.4700     -7.2800      151.656792230548
           112.4800     -7.2800      151.475079865122
           112.4900     -7.2800      151.247781083662
           112.5000     -7.2800      150.937181825914
           112.5100     -7.2800      150.516182842945
           112.5200     -7.2800      149.972617890394
           112.5300     -7.2800      149.311675781246
           112.5400     -7.2800      148.556042335921
           112.5500     -7.2800      147.743683724651
           112.5600     -7.2800      146.923514454375
           112.5700     -7.2800      146.149487165260
           112.5800     -7.2800      145.473866651399
           112.5900     -7.2800      144.940575276630
           112.6000     -7.2800      144.579502843326
           112.6100     -7.2800      144.402558708969
           112.6200     -7.2800      144.402021792377
           112.6300     -7.2800      144.551444045809
           112.6400     -7.2800      144.809024832443
           112.6500     -7.2800      145.123042784166
           112.6600     -7.2800      145.438652824819
           112.6700     -7.2800      145.705167106532
           112.6800     -7.2800      145.882865679938
           112.6900     -7.2800      145.948436352587
           112.7000     -7.2800      145.898316931640
           112.7100     -7.2800      145.749484256266
           112.7200     -7.2800      145.537567286502
           112.7300     -7.2800      145.312511841878
           112.7400     -7.2800      145.132345762127
           112.7500     -7.2800      145.055842534045
           112.7600     -7.2800      145.135025641438
           112.7700     -7.2800      145.408475964827
           112.7800     -7.2800      145.896298017265
           112.7900     -7.2800      146.597382107182
           112.8000     -7.2800      147.489298064521
           112.8100     -7.2800      148.530812297530
           112.8200     -7.2800      149.666679500680
           112.8300     -7.2800      150.834068460198
           112.8400     -7.2800      151.969776506048
           112.8500     -7.2800      153.017295773721
           112.8600     -7.2800      153.932827736458
           112.8700     -7.2800      154.689494852104
           112.8800     -7.2800      155.279248141587
           112.8900     -7.2800      155.712282688727
           112.9000     -7.2800      156.014106869748
           112.9100     -7.2800      156.220720664134
           112.9200     -7.2800      156.372602450433
           112.9300     -7.2800      156.508350266242
           112.9400     -7.2800      156.658854088091
           112.9500     -7.2800      156.842787579283
           112.9600     -7.2800      157.064014325136
           112.9700     -7.2800      157.311232273156
           112.9800     -7.2800      157.559868597512
           112.9900     -7.2800      157.775928213793
           113.0000     -7.2800      157.921234569335
           112.0000     -7.2900      169.048506672790
           112.0100     -7.2900      168.762559407239
           112.0200     -7.2900      168.401217159276
           112.0300     -7.2900      167.952253918902
           112.0400     -7.2900      167.415691355211
           112.0500     -7.2900      166.804220963085
           112.0600     -7.2900      166.141766323812
           112.0700     -7.2900      165.460414244713
           112.0800     -7.2900      164.796172376500
           112.0900     -7.2900      164.184171160022
           112.1000     -7.2900      163.653997828066
           112.1100     -7.2900      163.225821036273
           112.1200     -7.2900      162.907842095780
           112.1300     -7.2900      162.695411560890
           112.1400     -7.2900      162.571907337680
           112.1500     -7.2900      162.511217892898
           112.1600     -7.2900      162.481447922002
           112.1700     -7.2900      162.449296122630
           112.1800     -7.2900      162.384468870550
           112.1900     -7.2900      162.263500912468
           112.2000     -7.2900      162.072452416249
           112.2100     -7.2900      161.808125484543
           112.2200     -7.2900      161.477666391602
           112.2300     -7.2900      161.096659276830
           112.2400     -7.2900      160.686037671644
           112.2500     -7.2900      160.268309921224
           112.2600     -7.2900      159.863688827251
           112.2700     -7.2900      159.486721396533
           112.2800     -7.2900      159.143931206182
           112.2900     -7.2900      158.832826404764
           112.3000     -7.2900      158.542414715368
           112.3100     -7.2900      158.255134569677
           112.3200     -7.2900      157.949893267153
           112.3300     -7.2900      157.605731360993
           112.3400     -7.2900      157.205533059415
           112.3500     -7.2900      156.739190453204
           112.3600     -7.2900      156.205707162530
           112.3700     -7.2900      155.613883634935
           112.3800     -7.2900      154.981439212669
           112.3900     -7.2900      154.332664132007
           112.4000     -7.2900      153.694922722058
           112.4100     -7.2900      153.094513211763
           112.4200     -7.2900      152.552501742264
           112.4300     -7.2900      152.081170593153
           112.4400     -7.2900      151.681648303718
           112.4500     -7.2900      151.343131075174
           112.4600     -7.2900      151.043881984981
           112.4700     -7.2900      150.753938251581
           112.4800     -7.2900      150.439203549749
           112.4900     -7.2900      150.066388893275
           112.5000     -7.2900      149.608123531216
           112.5100     -7.2900      149.047508668784
           112.5200     -7.2900      148.381440730021
           112.5300     -7.2900      147.622182028748
           112.5400     -7.2900      146.796885934884
           112.5500     -7.2900      145.945060365647
           112.5600     -7.2900      145.114239895872
           112.5700     -7.2900      144.354393117575
           112.5800     -7.2900      143.711781730837
           112.5900     -7.2900      143.223083483435
           112.6000     -7.2900      142.910577368683
           112.6100     -7.2900      142.779066194499
           112.6200     -7.2900      142.814993621723
           112.6300     -7.2900      142.987928163731
           112.6400     -7.2900      143.254273117437
           112.6500     -7.2900      143.562761114435
           112.6600     -7.2900      143.861045847931
           112.6700     -7.2900      144.102545592802
           112.6800     -7.2900      144.252645858859
           112.6900     -7.2900      144.293439616003
           112.7000     -7.2900      144.226364789507
           112.7100     -7.2900      144.072366986564
           112.7200     -7.2900      143.869535612854
           112.7300     -7.2900      143.668491359439
           112.7400     -7.2900      143.526098610871
           112.7500     -7.2900      143.498298123023
           112.7600     -7.2900      143.632973522546
           112.7700     -7.2900      143.963763722757
           112.7800     -7.2900      144.505612122605
           112.7900     -7.2900      145.252618349612
           112.8000     -7.2900      146.178459108450
           112.8100     -7.2900      147.239311085378
           112.8200     -7.2900      148.378885085422
           112.8300     -7.2900      149.534909519354
           112.8400     -7.2900      150.646218758607
           112.8500     -7.2900      151.659531575921
           112.8600     -7.2900      152.535055646155
           112.8700     -7.2900      153.250218449419
           112.8800     -7.2900      153.801080305406
           112.8900     -7.2900      154.201297034514
           112.9000     -7.2900      154.478825910039
           112.9100     -7.2900      154.670865496334
           112.9200     -7.2900      154.817748231778
           112.9300     -7.2900      154.956634269911
           112.9400     -7.2900      155.115869645301
           112.9500     -7.2900      155.310770370338
           112.9600     -7.2900      155.541391274072
           112.9700     -7.2900      155.792562445030
           112.9800     -7.2900      156.036164820187
           112.9900     -7.2900      156.235311993361
           113.0000     -7.2900      156.349848632143
           112.0000     -7.3000      167.027120553123
           112.0100     -7.3000      166.783692805431
           112.0200     -7.3000      166.493034230173
           112.0300     -7.3000      166.134736561082
           112.0400     -7.3000      165.698628535520
           112.0500     -7.3000      165.186312069879
           112.0600     -7.3000      164.610935634345
           112.0700     -7.3000      163.995294478314
           112.0800     -7.3000      163.368581689723
           112.0900     -7.3000      162.762295651425
           112.1000     -7.3000      162.205913861399
           112.1100     -7.3000      161.722957452446
           112.1200     -7.3000      161.327995376472
           112.1300     -7.3000      161.024985241518
           112.1400     -7.3000      160.807143031711
           112.1500     -7.3000      160.658307282385
           112.1600     -7.3000      160.555548077568
           112.1700     -7.3000      160.472598448771
           112.1800     -7.3000      160.383579524343
           112.1900     -7.3000      160.266465051426
           112.2000     -7.3000      160.105787587582
           112.2100     -7.3000      159.894217520983
           112.2200     -7.3000      159.632826487519
           112.2300     -7.3000      159.330050833710
           112.2400     -7.3000      158.999567613854
           112.2500     -7.3000      158.657455856143
           112.2600     -7.3000      158.319116007155
           112.2700     -7.3000      157.996446371792
           112.2800     -7.3000      157.695724104138
           112.2900     -7.3000      157.416518595491
           112.3000     -7.3000      157.151795907308
           112.3100     -7.3000      156.889180511899
           112.3200     -7.3000      156.613154713747
           112.3300     -7.3000      156.307825338124
           112.3400     -7.3000      155.959794841495
           112.3500     -7.3000      155.560654328198
           112.3600     -7.3000      155.108672438416
           112.3700     -7.3000      154.609378530214
           112.3800     -7.3000      154.074912446343
           112.3900     -7.3000      153.522210192159
           112.4000     -7.3000      152.970285005270
           112.4100     -7.3000      152.437017175475
           112.4200     -7.3000      151.935959234444
           112.4300     -7.3000      151.473680183699
           112.4400     -7.3000      151.048108860745
           112.4500     -7.3000      150.648199958232
           112.4600     -7.3000      150.255055286419
           112.4700     -7.3000      149.844414784024
           112.4800     -7.3000      149.390218370337
           112.4900     -7.3000      148.868762891027
           112.5000     -7.3000      148.262865443076
           112.5100     -7.3000      147.565413900910
           112.5200     -7.3000      146.781744583807
           112.5300     -7.3000      145.930429965295
           112.5400     -7.3000      145.042268132522
           112.5500     -7.3000      144.157512432480
           112.5600     -7.3000      143.321630323704
           112.5700     -7.3000      142.580099403385
           112.5800     -7.3000      141.972904011457
           112.5900     -7.3000      141.529464016321
           112.6000     -7.3000      141.264696340021
           112.6100     -7.3000      141.176781070437
           112.6200     -7.3000      141.246992868987
           112.6300     -7.3000      141.441691828051
           112.6400     -7.3000      141.716281213307
           112.6500     -7.3000      142.020671387157
           112.6600     -7.3000      142.305576593070
           112.6700     -7.3000      142.528844208026
           112.6800     -7.3000      142.660993406811
           112.6900     -7.3000      142.689226889686
           112.7000     -7.3000      142.619365591911
           112.7100     -7.3000      142.475418681131
           112.7200     -7.3000      142.296805618312
           112.7300     -7.3000      142.133553477727
           112.7400     -7.3000      142.040060245887
           112.7500     -7.3000      142.068207414580
           112.7600     -7.3000      142.260696540474
           112.7700     -7.3000      142.645461608757
           112.7800     -7.3000      143.231874251276
           112.7900     -7.3000      144.009229357742
           112.8000     -7.3000      144.947704357106
           112.8100     -7.3000      146.001665187406
           112.8200     -7.3000      147.114888069599
           112.8300     -7.3000      148.227018933917
           112.8400     -7.3000      149.280434509171
           112.8500     -7.3000      150.226621572040
           112.8600     -7.3000      151.031259848106
           112.8700     -7.3000      151.677370197175
           112.8800     -7.3000      152.166149353621
           112.8900     -7.3000      152.515420876069
           112.9000     -7.3000      152.755947907348
           112.9100     -7.3000      152.926134775472
           112.9200     -7.3000      153.065854043638
           112.9300     -7.3000      153.210245740668
           112.9400     -7.3000      153.384331972381
           112.9500     -7.3000      153.599173982560
           112.9600     -7.3000      153.850086100765
           112.9700     -7.3000      154.117140807136
           112.9800     -7.3000      154.367889167363
           112.9900     -7.3000      154.561922719516
           113.0000     -7.3000      154.656656282061
           112.0000     -7.3100      164.869931379871
           112.0100     -7.3100      164.665462548739
           112.0200     -7.3100      164.441330956537
           112.0300     -7.3100      164.169320171247
           112.0400     -7.3100      163.829547826835
           112.0500     -7.3100      163.413055468219
           112.0600     -7.3100      162.922727264614
           112.0700     -7.3100      162.372495986695
           112.0800     -7.3100      161.785034133062
           112.0900     -7.3100      161.188329780499
           112.1000     -7.3100      160.611683719083
           112.1100     -7.3100      160.081719877922
           112.1200     -7.3100      159.618970252724
           112.1300     -7.3100      159.235486253757
           112.1400     -7.3100      158.933759298343
           112.1500     -7.3100      158.707031215058
           112.1600     -7.3100      158.540870120101
           112.1700     -7.3100      158.415709733841
           112.1800     -7.3100      158.309924532907
           112.1900     -7.3100      158.202956144522
           112.2000     -7.3100      158.078023839267
           112.2100     -7.3100      157.924038542844
           112.2200     -7.3100      157.736480047235
           112.2300     -7.3100      157.517168084112
           112.2400     -7.3100      157.273032700998
           112.2500     -7.3100      157.014141184403
           112.2600     -7.3100      156.751345000517
           112.2700     -7.3100      156.493955750457
           112.2800     -7.3100      156.247838463835
           112.2900     -7.3100      156.014228470424
           112.3000     -7.3100      155.789448785088
           112.3100     -7.3100      155.565549712559
           112.3200     -7.3100      155.331736286724
           112.3300     -7.3100      155.076317146706
           112.3400     -7.3100      154.788821506190
           112.3500     -7.3100      154.461902808704
           112.3600     -7.3100      154.092683008036
           112.3700     -7.3100      153.683284711860
           112.3800     -7.3100      153.240435053682
           112.3900     -7.3100      152.774183542658
           112.4000     -7.3100      152.295931049315
           112.4100     -7.3100      151.816093485781
           112.4200     -7.3100      151.341800664352
           112.4300     -7.3100      150.875044648689
           112.4400     -7.3100      150.411638585223
           112.4500     -7.3100      149.941232803461
           112.4600     -7.3100      149.448475778585
           112.4700     -7.3100      148.915226609059
           112.4800     -7.3100      148.323550247580
           112.4900     -7.3100      147.659084104405
           112.5000     -7.3100      146.914277990059
           112.5100     -7.3100      146.090994181709
           112.5200     -7.3100      145.202016007620
           112.5300     -7.3100      144.271145827312
           112.5400     -7.3100      143.331760041630
           112.5500     -7.3100      142.423904656313
           112.5600     -7.3100      141.590229691768
           112.5700     -7.3100      140.871243265487
           112.5800     -7.3100      140.300488964802
           112.5900     -7.3100      139.900293329429
           112.6000     -7.3100      139.678684735008
           112.6100     -7.3100      139.627953861008
           112.6200     -7.3100      139.725124553447
           112.6300     -7.3100      139.934357877997
           112.6400     -7.3100      140.211054087831
           112.6500     -7.3100      140.507182253367
           112.6600     -7.3100      140.777188291609
           112.6700     -7.3100      140.983735068818
           112.6800     -7.3100      141.102528471452
           112.6900     -7.3100      141.125583214190
           112.7000     -7.3100      141.062470501564
           112.7100     -7.3100      140.939343039506
           112.7200     -7.3100      140.795818598494
           112.7300     -7.3100      140.680083701127
           112.7400     -7.3100      140.642816486128
           112.7500     -7.3100      140.730690038139
           112.7600     -7.3100      140.980281785817
           112.7700     -7.3100      141.413171136875
           112.7800     -7.3100      142.032860852091
           112.7900     -7.3100      142.823926154176
           112.8000     -7.3100      143.753509149428
           112.8100     -7.3100      144.774972343129
           112.8200     -7.3100      145.833244002566
           112.8300     -7.3100      146.871167251135
           112.8400     -7.3100      147.836033648260
           112.8500     -7.3100      148.685458391719
           112.8600     -7.3100      149.391841682308
           112.8700     -7.3100      149.944847937915
           112.8800     -7.3100      150.351596826792
           112.8900     -7.3100      150.634562826047
           112.9000     -7.3100      150.827483062735
           112.9100     -7.3100      150.969836328413
           112.9200     -7.3100      151.100644423379
           112.9300     -7.3100      151.252435392828
           112.9400     -7.3100      151.446185068354
           112.9500     -7.3100      151.687921781533
           112.9600     -7.3100      151.967456743160
           112.9700     -7.3100      152.259419003085
           112.9800     -7.3100      152.526466817569
           112.9900     -7.3100      152.724257381852
           113.0000     -7.3100      152.807522562411
           112.0000     -7.3200      162.591620986575
           112.0100     -7.3200      162.418446220965
           112.0200     -7.3200      162.251665124643
           112.0300     -7.3200      162.055930493652
           112.0400     -7.3200      161.802487518516
           112.0500     -7.3200      161.472729501592
           112.0600     -7.3200      161.060166068096
           112.0700     -7.3200      160.570641678231
           112.0800     -7.3200      160.020886526865
           112.0900     -7.3200      159.435702178247
           112.1000     -7.3200      158.844251333465
           112.1100     -7.3200      158.276014444655
           112.1200     -7.3200      157.756986153691
           112.1300     -7.3200      157.306614498536
           112.1400     -7.3200      156.935849453289
           112.1500     -7.3200      156.646487376358
           112.1600     -7.3200      156.431802241403
           112.1700     -7.3200      156.278271994888
           112.1800     -7.3200      156.168064671169
           112.1900     -7.3200      156.081862836878
           112.2000     -7.3200      156.001586081113
           112.2100     -7.3200      155.912618846831
           112.2200     -7.3200      155.805254334635
           112.2300     -7.3200      155.675206057492
           112.2400     -7.3200      155.523193610926
           112.2500     -7.3200      155.353753912171
           112.2600     -7.3200      155.173541683313
           112.2700     -7.3200      154.989447238519
           112.2800     -7.3200      154.806867689513
           112.2900     -7.3200      154.628420575670
           112.3000     -7.3200      154.453296374431
           112.3100     -7.3200      154.277324993689
           112.3200     -7.3200      154.093701991095
           112.3300     -7.3200      153.894204517721
           112.3400     -7.3200      153.670643840277
           112.3500     -7.3200      153.416264161630
           112.3600     -7.3200      153.126812072950
           112.3700     -7.3200      152.801064546444
           112.3800     -7.3200      152.440705081146
           112.3900     -7.3200      152.049560300950
           112.4000     -7.3200      151.632332246654
           112.4100     -7.3200      151.193063790436
           112.4200     -7.3200      150.733638099665
           112.4300     -7.3200      150.252625942707
           112.4400     -7.3200      149.744752912867
           112.4500     -7.3200      149.201167176762
           112.4600     -7.3200      148.610560170164
           112.4700     -7.3200      147.961047163442
           112.4800     -7.3200      147.242574680537
           112.4900     -7.3200      146.449510270317
           112.5000     -7.3200      145.583006445652
           112.5100     -7.3200      144.652727427596
           112.5200     -7.3200      143.677588549813
           112.5300     -7.3200      142.685277971606
           112.5400     -7.3200      141.710493727172
           112.5500     -7.3200      140.792013873672
           112.5600     -7.3200      139.968897181701
           112.5700     -7.3200      139.276259619101
           112.5800     -7.3200      138.741164521823
           112.5900     -7.3200      138.379185597478
           112.6000     -7.3200      138.192145214366
           112.6100     -7.3200      138.167400188642
           112.6200     -7.3200      138.278858577502
           112.6300     -7.3200      138.489687776065
           112.6400     -7.3200      138.756446207508
           112.6500     -7.3200      139.034169517064
           112.6600     -7.3200      139.281796198513
           112.6700     -7.3200      139.467248993714
           112.6800     -7.3200      139.571509176334
           112.6900     -7.3200      139.591130962416
           112.7000     -7.3200      139.538830517499
           112.7100     -7.3200      139.442025217117
           112.7200     -7.3200      139.339462893650
           112.7300     -7.3200      139.276332852804
           112.7400     -7.3200      139.298456409533
           112.7500     -7.3200      139.446286043929
           112.7600     -7.3200      139.749479996679
           112.7700     -7.3200      140.222756465479
           112.7800     -7.3200      140.863575170730
           112.7900     -7.3200      141.651963270304
           112.8000     -7.3200      142.552527024847
           112.8100     -7.3200      143.518406262093
           112.8200     -7.3200      144.496673210287
           112.8300     -7.3200      145.434484901424
           112.8400     -7.3200      146.285195262047
           112.8500     -7.3200      147.013633736094
           112.8600     -7.3200      147.599862632558
           112.8700     -7.3200      148.040922234682
           112.8800     -7.3200      148.350335633284
           112.8900     -7.3200      148.555439865001
           112.9000     -7.3200      148.692897421454
           112.9100     -7.3200      148.802984444393
           112.9200     -7.3200      148.923416641022
           112.9300     -7.3200      149.083538987248
           112.9400     -7.3200      149.299661603765
           112.9500     -7.3200      149.572177126212
           112.9600     -7.3200      149.884863471882
           112.9700     -7.3200      150.206490346572
           112.9800     -7.3200      150.494545543787
           112.9900     -7.3200      150.700617713318
           113.0000     -7.3200      150.776752459776
           112.0000     -7.3300      160.212548716707
           112.0100     -7.3300      160.059459264930
           112.0200     -7.3300      159.936413844825
           112.0300     -7.3300      159.801889948469
           112.0400     -7.3300      159.619425203882
           112.0500     -7.3300      159.362026396805
           112.0600     -7.3300      159.015064252334
           112.0700     -7.3300      158.577384375719
           112.0800     -7.3300      158.060613419777
           112.0900     -7.3300      157.486876553776
           112.1000     -7.3300      156.885336390893
           112.1100     -7.3300      156.288090836978
           112.1200     -7.3300      155.726014361774
           112.1300     -7.3300      155.225092220678
           112.1400     -7.3300      154.803689859752
           112.1500     -7.3300      154.471039338579
           112.1600     -7.3300      154.227036693208
           112.1700     -7.3300      154.063256766202
           112.1800     -7.3300      153.964931526739
           112.1900     -7.3300      153.913525323065
           112.2000     -7.3300      153.889488789862
           112.2100     -7.3300      153.874785652950
           112.2200     -7.3300      153.854857243388
           112.2300     -7.3300      153.819803783808
           112.2400     -7.3300      153.764699426381
           112.2500     -7.3300      153.689097203903
           112.2600     -7.3300      153.595899198127
           112.2700     -7.3300      153.489849297340
           112.2800     -7.3300      153.375940546587
           112.2900     -7.3300      153.258013896733
           112.3000     -7.3300      153.137765739371
           112.3100     -7.3300      153.014290372148
           112.3200     -7.3300      152.884177442103
           112.3300     -7.3300      152.742082134345
           112.3400     -7.3300      152.581604723646
           112.3500     -7.3300      152.396269278550
           112.3600     -7.3300      152.180385815744
           112.3700     -7.3300      151.929615858652
           112.3800     -7.3300      151.641130911117
           112.3900     -7.3300      151.313343789115
           112.4000     -7.3300      150.945287461754
           112.4100     -7.3300      150.535797640677
           112.4200     -7.3300      150.082708537538
           112.4300     -7.3300      149.582285380958
           112.4400     -7.3300      149.029088370092
           112.4500     -7.3300      148.416393990472
           112.4600     -7.3300      147.737201236706
           112.4700     -7.3300      146.985737945057
           112.4800     -7.3300      146.159274864791
           112.4900     -7.3300      145.259971125206
           112.5000     -7.3300      144.296430282039
           112.5100     -7.3300      143.284651440001
           112.5200     -7.3300      142.248117857656
           112.5300     -7.3300      141.216870514392
           112.5400     -7.3300      140.225553173505
           112.5500     -7.3300      139.310569275643
           112.5600     -7.3300      138.506636944162
           112.5700     -7.3300      137.843143809320
           112.5800     -7.3300      137.340768946473
           112.5900     -7.3300      137.008842057650
           112.6000     -7.3300      136.843845789453
           112.6100     -7.3300      136.829341064574
           112.6200     -7.3300      136.937422039100
           112.6300     -7.3300      137.131608818717
           112.6400     -7.3300      137.370889031371
           112.6500     -7.3300      137.614451394319
           112.6600     -7.3300      137.826540228119
           112.6700     -7.3300      137.980817612147
           112.6800     -7.3300      138.063658359945
           112.6900     -7.3300      138.075920140792
           112.7000     -7.3300      138.032913856551
           112.7100     -7.3300      137.962525292659
           112.7200     -7.3300      137.901678958227
           112.7300     -7.3300      137.891556978649
           112.7400     -7.3300      137.972159504073
           112.7500     -7.3300      138.176893697435
           112.7600     -7.3300      138.527890582849
           112.7700     -7.3300      139.032669071717
           112.7800     -7.3300      139.682602903684
           112.7900     -7.3300      140.453419062240
           112.8000     -7.3300      141.307694439128
           112.8100     -7.3300      142.199055328223
           112.8200     -7.3300      143.077556611526
           112.8300     -7.3300      143.895555127201
           112.8400     -7.3300      144.613317317330
           112.8500     -7.3300      145.203626072423
           112.8600     -7.3300      145.654773880291
           112.8700     -7.3300      145.971534108221
           112.8800     -7.3300      146.173963485361
           112.8900     -7.3300      146.294172766154
           112.9000     -7.3300      146.371471910469
           112.9100     -7.3300      146.446515211068
           112.9200     -7.3300      146.555211231902
           112.9300     -7.3300      146.723203047494
           112.9400     -7.3300      146.961659824803
           112.9500     -7.3300      147.264958786932
           112.9600     -7.3300      147.610597442835
           112.9700     -7.3300      147.961390307434
           112.9800     -7.3300      148.269709071084
           112.9900     -7.3300      148.483258617753
           113.0000     -7.3300      148.551678130684
           112.0000     -7.3400      157.758122899030
           112.0100     -7.3400      157.611211824422
           112.0200     -7.3400      157.514774694281
           112.0300     -7.3400      157.422303024968
           112.0400     -7.3400      157.291066138215
           112.0500     -7.3400      157.087240006455
           112.0600     -7.3400      156.789582863694
           112.0700     -7.3400      156.391295878454
           112.0800     -7.3400      155.899959808580
           112.0900     -7.3400      155.335690233020
           112.1000     -7.3400      154.727871597910
           112.1100     -7.3400      154.110987149789
           112.1200     -7.3400      153.520140709330
           112.1300     -7.3400      152.986861483734
           112.1400     -7.3400      152.535700691320
           112.1500     -7.3400      152.181984853351
           112.1600     -7.3400      151.930908798678
           112.1700     -7.3400      151.777959076660
           112.1800     -7.3400      151.710482661655
           112.1900     -7.3400      151.710079588363
           112.2000     -7.3400      151.755417453388
           112.2100     -7.3400      151.825047618766
           112.2200     -7.3400      151.899845136883
           112.2300     -7.3400      151.964786077216
           112.2400     -7.3400      152.009899865507
           112.2500     -7.3400      152.030369743871
           112.2600     -7.3400      152.025880600605
           112.2700     -7.3400      151.999412182647
           112.2800     -7.3400      151.955734514381
           112.2900     -7.3400      151.899875649974
           112.3000     -7.3400      151.835801587741
           112.3100     -7.3400      151.765482905779
           112.3200     -7.3400      151.688436056208
           112.3300     -7.3400      151.601735445319
           112.3400     -7.3400      151.500411400182
           112.3500     -7.3400      151.378092062108
           112.3600     -7.3400      151.227722495979
           112.3700     -7.3400      151.042204166159
           112.3800     -7.3400      150.814838495835
           112.3900     -7.3400      150.539520229294
           112.4000     -7.3400      150.210696852158
           112.4100     -7.3400      149.823175156567
           112.4200     -7.3400      149.371902098586
           112.4300     -7.3400      148.851864773627
           112.4400     -7.3400      148.258239188636
           112.4500     -7.3400      147.586871104009
           112.4600     -7.3400      146.835101972608
           112.4700     -7.3400      146.002871043360
           112.4800     -7.3400      145.093945898669
           112.4900     -7.3400      144.117073219905
           112.5000     -7.3400      143.086812292576
           112.5100     -7.3400      142.023823963006
           112.5200     -7.3400      140.954439540998
           112.5300     -7.3400      139.909422747457
           112.5400     -7.3400      138.921952022610
           112.5500     -7.3400      138.024974138124
           112.5600     -7.3400      137.248194213010
           112.5700     -7.3400      136.615053187500
           112.5800     -7.3400      136.140085913688
           112.5900     -7.3400      135.827041300475
           112.6000     -7.3400      135.668077932942
           112.6100     -7.3400      135.644230085497
           112.6200     -7.3400      135.727183723785
           112.6300     -7.3400      135.882229823826
           112.6400     -7.3400      136.072096612282
           112.6500     -7.3400      136.261226980976
           112.6600     -7.3400      136.419983089855
           112.6700     -7.3400      136.528241564574
           112.6800     -7.3400      136.577895668904
           112.6900     -7.3400      136.573901565560
           112.7000     -7.3400      136.533680823070
           112.7100     -7.3400      136.484899125247
           112.7200     -7.3400      136.461854751526
           112.7300     -7.3400      136.500901056587
           112.7400     -7.3400      136.635468234959
           112.7500     -7.3400      136.891320328835
           112.7600     -7.3400      137.282671862295
           112.7700     -7.3400      137.809693616277
           112.7800     -7.3400      138.457769118013
           112.7900     -7.3400      139.198642807852
           112.8000     -7.3400      139.993355631605
           112.8100     -7.3400      140.796626093827
           112.8200     -7.3400      141.562136486267
           112.8300     -7.3400      142.248052429304
           112.8400     -7.3400      142.822058060916
           112.8500     -7.3400      143.265237148079
           112.8600     -7.3400      143.574267705708
           112.8700     -7.3400      143.761608029817
           112.8800     -7.3400      143.853609020494
           112.8900     -7.3400      143.886758273491
           112.9000     -7.3400      143.902510290253
           112.9100     -7.3400      143.941351244382
           112.9200     -7.3400      144.036859729739
           112.9300     -7.3400      144.210540785956
           112.9400     -7.3400      144.468125772401
           112.9500     -7.3400      144.797854990200
           112.9600     -7.3400      145.171014963525
           112.9700     -7.3400      145.544718856738
           112.9800     -7.3400      145.866632755162
           112.9900     -7.3400      146.081099174750
           113.0000     -7.3400      146.135924670707
           112.0000     -7.3500      155.257489146734
           112.0100     -7.3500      155.101194602631
           112.0200     -7.3500      155.011907386504
           112.0300     -7.3500      154.939496217133
           112.0400     -7.3500      154.836606183966
           112.0500     -7.3500      154.664357864025
           112.0600     -7.3500      154.396640547187
           112.0700     -7.3500      154.022562735694
           112.0800     -7.3500      153.546879187767
           112.0900     -7.3500      152.988477827741
           112.1000     -7.3500      152.377247216179
           112.1100     -7.3500      151.749826716728
           112.1200     -7.3500      151.144846773438
           112.1300     -7.3500      150.598286825902
           112.1400     -7.3500      150.139516183217
           112.1500     -7.3500      149.788452294690
           112.1600     -7.3500      149.554093278097
           112.1700     -7.3500      149.434484143843
           112.1800     -7.3500      149.417986645111
           112.1900     -7.3500      149.485565896486
           112.2000     -7.3500      149.613701453340
           112.2100     -7.3500      149.777486670377
           112.2200     -7.3500      149.953498838119
           112.2300     -7.3500      150.122096024154
           112.2400     -7.3500      150.268909830111
           112.2500     -7.3500      150.385437049626
           112.2600     -7.3500      150.468766734726
           112.2700     -7.3500      150.520593437329
           112.2800     -7.3500      150.545747770383
           112.2900     -7.3500      150.550513549636
           112.3000     -7.3500      150.540995290207
           112.3100     -7.3500      150.521756124835
           112.3200     -7.3500      150.494875072467
           112.3300     -7.3500      150.459488138495
           112.3400     -7.3500      150.411794955638
           112.3500     -7.3500      150.345444958304
           112.3600     -7.3500      150.252174128608
           112.3700     -7.3500      150.122549820072
           112.3800     -7.3500      149.946696195945
           112.3900     -7.3500      149.714910495520
           112.4000     -7.3500      149.418130978683
           112.4100     -7.3500      149.048269428534
           112.4200     -7.3500      148.598463215041
           112.4300     -7.3500      148.063325162221
           112.4400     -7.3500      147.439268779255
           112.4500     -7.3500      146.724961622667
           112.4600     -7.3500      145.921915369408
           112.4700     -7.3500      145.035166414500
           112.4800     -7.3500      144.073946839607
           112.4900     -7.3500      143.052204351508
           112.5000     -7.3500      141.988811565584
           112.5100     -7.3500      140.907316543791
           112.5200     -7.3500      139.835129551517
           112.5300     -7.3500      138.802111748952
           112.5400     -7.3500      137.838620875384
           112.5500     -7.3500      136.973163737353
           112.5600     -7.3500      136.229890153272
           112.5700     -7.3500      135.626222868081
           112.5800     -7.3500      135.170940486947
           112.5900     -7.3500      134.863008237391
           112.6000     -7.3500      134.691383313511
           112.6100     -7.3500      134.635913641324
           112.6200     -7.3500      134.669313622849
           112.6300     -7.3500      134.760055305365
           112.6400     -7.3500      134.875878727589
           112.6500     -7.3500      134.987521010362
           112.6600     -7.3500      135.072207044723
           112.6700     -7.3500      135.116446547201
           112.6800     -7.3500      135.117746229646
           112.6900     -7.3500      135.084966669835
           112.7000     -7.3500      135.037217658184
           112.7100     -7.3500      135.001373040413
           112.7200     -7.3500      135.008471862233
           112.7300     -7.3500      135.089431486365
           112.7400     -7.3500      135.270607412027
           112.7500     -7.3500      135.569776781059
           112.7600     -7.3500      135.993089474448
           112.7700     -7.3500      136.533423731323
           112.7800     -7.3500      137.170413932229
           112.7900     -7.3500      137.872207041296
           112.8000     -7.3500      138.598778039555
           112.8100     -7.3500      139.306423264507
           112.8200     -7.3500      139.952882617700
           112.8300     -7.3500      140.502440863992
           112.8400     -7.3500      140.930340158325
           112.8500     -7.3500      141.225905315584
           112.8600     -7.3500      141.393933470832
           112.8700     -7.3500      141.454113035752
           112.8800     -7.3500      141.438486816011
           112.8900     -7.3500      141.387228919835
           112.9000     -7.3500      141.343231428950
           112.9100     -7.3500      141.346164533009
           112.9200     -7.3500      141.426759853996
           112.9300     -7.3500      141.602058172766
           112.9400     -7.3500      141.872258987113
           112.9500     -7.3500      142.219621925420
           112.9600     -7.3500      142.609621667012
           112.9700     -7.3500      142.994279514621
           112.9800     -7.3500      143.317321206138
           112.9900     -7.3500      143.520576748390
           113.0000     -7.3500      143.550874023070
           112.0000     -7.3600      152.741645159453
           112.0100     -7.3600      152.559888877479
           112.0200     -7.3600      152.457291062550
           112.0300     -7.3600      152.381563404615
           112.0400     -7.3600      152.282493391693
           112.0500     -7.3600      152.118053625545
           112.0600     -7.3600      151.859138085397
           112.0700     -7.3600      151.492431501929
           112.0800     -7.3600      151.021177066899
           112.0900     -7.3600      150.463881673041
           112.1000     -7.3600      149.851250877777
           112.1100     -7.3600      149.221846575308
           112.1200     -7.3600      148.617086224784
           112.1300     -7.3600      148.076241766404
           112.1400     -7.3600      147.632049423481
           112.1500     -7.3600      147.307420091170
           112.1600     -7.3600      147.113564700775
           112.1700     -7.3600      147.049646355915
           112.1800     -7.3600      147.103869572580
           112.1900     -7.3600      147.255742960067
           112.2000     -7.3600      147.479125994727
           112.2100     -7.3600      147.745606029722
           112.2200     -7.3600      148.027752019755
           112.2300     -7.3600      148.301851215753
           112.2400     -7.3600      148.549841208416
           112.2500     -7.3600      148.760283762675
           112.2600     -7.3600      148.928368130628
           112.2700     -7.3600      149.055059956867
           112.2800     -7.3600      149.145611035522
           112.2900     -7.3600      149.207704203311
           112.3000     -7.3600      149.249522457037
           112.3100     -7.3600      149.278004654543
           112.3200     -7.3600      149.297490404134
           112.3300     -7.3600      149.308876531728
           112.3400     -7.3600      149.309321193010
           112.3500     -7.3600      149.292453046510
           112.3600     -7.3600      149.248983006111
           112.3700     -7.3600      149.167581798710
           112.3800     -7.3600      149.035879728976
           112.3900     -7.3600      148.841462686900
           112.4000     -7.3600      148.572773549167
           112.4100     -7.3600      148.219871309199
           112.4200     -7.3600      147.775041532366
           112.4300     -7.3600      147.233282375374
           112.4400     -7.3600      146.592704591796
           112.4500     -7.3600      145.854879683236
           112.4600     -7.3600      145.025149791230
           112.4700     -7.3600      144.112881845171
           112.4800     -7.3600      143.131615163805
           112.4900     -7.3600      142.099025302801
           112.5000     -7.3600      141.036615673037
           112.5100     -7.3600      139.969057951559
           112.5200     -7.3600      138.923134355922
           112.5300     -7.3600      137.926286801142
           112.5400     -7.3600      137.004842892951
           112.5500     -7.3600      136.182056399174
           112.5600     -7.3600      135.476158308710
           112.5700     -7.3600      134.898652093017
           112.5800     -7.3600      134.453093872594
           112.5900     -7.3600      134.134569492776
           112.6000     -7.3600      133.930015988418
           112.6100     -7.3600      133.819440301113
           112.6200     -7.3600      133.777974464896
           112.6300     -7.3600      133.778588850738
           112.6400     -7.3600      133.795180464686
           112.6500     -7.3600      133.805678219669
           112.6600     -7.3600      133.794774977548
           112.6700     -7.3600      133.755915127504
           112.6800     -7.3600      133.692237821503
           112.6900     -7.3600      133.616293540848
           112.7000     -7.3600      133.548502200409
           112.7100     -7.3600      133.514485755059
           112.7200     -7.3600      133.541565351459
           112.7300     -7.3600      133.654840367108
           112.7400     -7.3600      133.873345027539
           112.7500     -7.3600      134.206794302523
           112.7600     -7.3600      134.653379001536
           112.7700     -7.3600      135.198954031954
           112.7800     -7.3600      135.817796230794
           112.7900     -7.3600      136.474909222119
           112.8000     -7.3600      137.129647719284
           112.8100     -7.3600      137.740249786912
           112.8200     -7.3600      138.268728233547
           112.8300     -7.3600      138.685501660377
           112.8400     -7.3600      138.973153677918
           112.8500     -7.3600      139.128797270419
           112.8600     -7.3600      139.164681435129
           112.8700     -7.3600      139.106890459410
           112.8800     -7.3600      138.992226346646
           112.8900     -7.3600      138.863601481050
           112.9000     -7.3600      138.764470779864
           112.9100     -7.3600      138.732973168533
           112.9200     -7.3600      138.796511441436
           112.9300     -7.3600      138.967467767802
           112.9400     -7.3600      139.240631179124
           112.9500     -7.3600      139.592716779719
           112.9600     -7.3600      139.984107578953
           112.9700     -7.3600      140.362679255682
           112.9800     -7.3600      140.669309558595
           112.9900     -7.3600      140.844460052056
           113.0000     -7.3600      140.835075860766
           112.0000     -7.3700      150.241182526405
           112.0100     -7.3700      150.018496781381
           112.0200     -7.3700      149.882483511170
           112.0300     -7.3700      149.780188828584
           112.0400     -7.3700      149.660342998382
           112.0500     -7.3700      149.479715280355
           112.0600     -7.3700      149.208113817670
           112.0700     -7.3700      148.831498470537
           112.0800     -7.3700      148.352935939598
           112.0900     -7.3700      147.791407823761
           112.1000     -7.3700      147.178746604942
           112.1100     -7.3700      146.555189224188
           112.1200     -7.3700      145.964178342946
           112.1300     -7.3700      145.447093954902
           112.1400     -7.3700      145.038561269133
           112.1500     -7.3700      144.762864951432
           112.1600     -7.3700      144.631824796786
           112.1700     -7.3700      144.644280116365
           112.1800     -7.3700      144.787118573230
           112.1900     -7.3700      145.037597507136
           112.2000     -7.3700      145.366564569947
           112.2100     -7.3700      145.742104669680
           112.2200     -7.3700      146.133127518158
           112.2300     -7.3700      146.512460876141
           112.2400     -7.3700      146.859117067959
           112.2500     -7.3700      147.159536663204
           112.2600     -7.3700      147.407762433647
           112.2700     -7.3700      147.604637814918
           112.2800     -7.3700      147.756239050245
           112.2900     -7.3700      147.871826060744
           112.3000     -7.3700      147.961627530346
           112.3100     -7.3700      148.034761278303
           112.3200     -7.3700      148.097538511697
           112.3300     -7.3700      148.152321494357
           112.3400     -7.3700      148.197012618631
           112.3500     -7.3700      148.225163175840
           112.3600     -7.3700      148.226614740906
           112.3700     -7.3700      148.188533860383
           112.3800     -7.3700      148.096675891633
           112.3900     -7.3700      147.936715805932
           112.4000     -7.3700      147.695507743016
           112.4100     -7.3700      147.362173305012
           112.4200     -7.3700      146.928961865243
           112.4300     -7.3700      146.391865787114
           112.4400     -7.3700      145.751002578681
           112.4500     -7.3700      145.010790863959
           112.4600     -7.3700      144.179947374387
           112.4700     -7.3700      143.271321033184
           112.4800     -7.3700      142.301563235177
           112.4900     -7.3700      141.290617489405
           112.5000     -7.3700      140.261003335074
           112.5100     -7.3700      139.236873826553
           112.5200     -7.3700      138.242845058499
           112.5300     -7.3700      137.302628884909
           112.5400     -7.3700      136.437541488824
           112.5500     -7.3700      135.665003372199
           112.5600     -7.3700      134.997181759174
           112.5700     -7.3700      134.439945542884
           112.5800     -7.3700      133.992298740858
           112.5900     -7.3700      133.646427206319
           112.6000     -7.3700      133.388435605826
           112.6100     -7.3700      133.199772590018
           112.6200     -7.3700      133.059251058897
           112.6300     -7.3700      132.945479948690
           112.6400     -7.3700      132.839447882354
           112.6500     -7.3700      132.726950422825
           112.6600     -7.3700      132.600541764823
           112.6700     -7.3700      132.460724007537
           112.6800     -7.3700      132.316162237863
           112.6900     -7.3700      132.182824747273
           112.7000     -7.3700      132.082082213561
           112.7100     -7.3700      132.037940628935
           112.7200     -7.3700      132.073710972047
           112.7300     -7.3700      132.208515355896
           112.7400     -7.3700      132.454079041925
           112.7500     -7.3700      132.812250272259
           112.7600     -7.3700      133.273622639416
           112.7700     -7.3700      133.817513106528
           112.7800     -7.3700      134.413386032617
           112.7900     -7.3700      135.023629235205
           112.8000     -7.3700      135.607405800308
           112.8100     -7.3700      136.125149512603
           112.8200     -7.3700      136.543164522224
           112.8300     -7.3700      136.837747779505
           112.8400     -7.3700      136.998284459241
           112.8500     -7.3700      137.028871198985
           112.8600     -7.3700      136.948188917974
           112.8700     -7.3700      136.787557045178
           112.8800     -7.3700      136.587328567329
           112.8900     -7.3700      136.392001625511
           112.9000     -7.3700      136.244600180490
           112.9100     -7.3700      136.180989536354
           112.9200     -7.3700      136.224825793088
           112.9300     -7.3700      136.383784999636
           112.9400     -7.3700      136.647582270254
           112.9500     -7.3700      136.988088406945
           112.9600     -7.3700      137.361605529094
           112.9700     -7.3700      137.713103699933
           112.9800     -7.3700      137.981979621529
           112.9900     -7.3700      138.108706336460
           113.0000     -7.3700      138.041623957760
           112.0000     -7.3800      147.783921331485
           112.0100     -7.3800      147.506464769138
           112.0200     -7.3800      147.318557835148
           112.0300     -7.3800      147.168021636588
           112.0400     -7.3800      147.004274597417
           112.0500     -7.3800      146.784769502419
           112.0600     -7.3800      146.480079314679
           112.0700     -7.3800      146.077080214070
           112.0800     -7.3800      145.579943486777
           112.0900     -7.3800      145.008933860721
           112.1000     -7.3800      144.397283214717
           112.1100     -7.3800      143.786631600182
           112.1200     -7.3800      143.221676437425
           112.1300     -7.3800      142.744730704792
           112.1400     -7.3800      142.390859320629
           112.1500     -7.3800      142.184149085670
           112.1600     -7.3800      142.135490967475
           112.1700     -7.3800      142.242040617926
           112.1800     -7.3800      142.488303386686
           112.1900     -7.3800      142.848592338571
           112.2000     -7.3800      143.290455837494
           112.2100     -7.3800      143.778581509103
           112.2200     -7.3800      144.278662976768
           112.2300     -7.3800      144.760762225933
           112.2400     -7.3800      145.201802710679
           112.2500     -7.3800      145.586968746829
           112.2600     -7.3800      145.909943995738
           112.2700     -7.3800      146.172074023482
           112.2800     -7.3800      146.380665557042
           112.2900     -7.3800      146.546723592405
           112.3000     -7.3800      146.682468885743
           112.3100     -7.3800      146.798971605464
           112.3200     -7.3800      146.904187683654
           112.3300     -7.3800      147.001603577147
           112.3400     -7.3800      147.089596876048
           112.3500     -7.3800      147.161519568047
           112.3600     -7.3800      147.206421560397
           112.3700     -7.3800      147.210264887947
           112.3800     -7.3800      147.157440108299
           112.3900     -7.3800      147.032387065873
           112.4000     -7.3800      146.821139336714
           112.4100     -7.3800      146.512648567177
           112.4200     -7.3800      146.099792862230
           112.4300     -7.3800      145.580023238899
           112.4400     -7.3800      144.955645990441
           112.4500     -7.3800      144.233771059736
           112.4600     -7.3800      143.425974748866
           112.4700     -7.3800      142.547730030344
           112.4800     -7.3800      141.617652785448
           112.4900     -7.3800      140.656602585568
           112.5000     -7.3800      139.686667710801
           112.5100     -7.3800      138.730060689335
           112.5200     -7.3800      137.807955554995
           112.5300     -7.3800      136.939311493749
           112.5400     -7.3800      136.139747102402
           112.5500     -7.3800      135.420550341782
           112.5600     -7.3800      134.787925283755
           112.5700     -7.3800      134.242581647885
           112.5800     -7.3800      133.779761849541
           112.5900     -7.3800      133.389770234108
           112.6000     -7.3800      133.059021049503
           112.6100     -7.3800      132.771559815639
           112.6200     -7.3800      132.510944669134
           112.6300     -7.3800      132.262309913073
           112.6400     -7.3800      132.014384194263
           112.6500     -7.3800      131.761210433128
           112.6600     -7.3800      131.503321223136
           112.6700     -7.3800      131.248165206194
           112.6800     -7.3800      131.009655204373
           112.6900     -7.3800      130.806810676993
           112.7000     -7.3800      130.661583719862
           112.7100     -7.3800      130.596074327895
           112.7200     -7.3800      130.629440607558
           112.7300     -7.3800      130.774877568741
           112.7400     -7.3800      131.037061813185
           112.7500     -7.3800      131.410431900039
           112.7600     -7.3800      131.878595084904
           112.7700     -7.3800      132.415027323039
           112.7800     -7.3800      132.985078384176
           112.7900     -7.3800      133.549126318388
           112.8000     -7.3800      134.066566916477
           112.8100     -7.3800      134.500195889689
           112.8200     -7.3800      134.820463036650
           112.8300     -7.3800      135.009061856975
           112.8400     -7.3800      135.061370432852
           112.8500     -7.3800      134.987376679208
           112.8600     -7.3800      134.810891276109
           112.8700     -7.3800      134.567055259633
           112.8800     -7.3800      134.298361665464
           112.8900     -7.3800      134.049604963541
           112.9000     -7.3800      133.862322789230
           112.9100     -7.3800      133.769380885197
           112.9200     -7.3800      133.790361024062
           112.9300     -7.3800      133.928339317305
           112.9400     -7.3800      134.168495320253
           112.9500     -7.3800      134.478786962186
           112.9600     -7.3800      134.812686586477
           112.9700     -7.3800      135.113728145967
           112.9800     -7.3800      135.321394963863
           112.9900     -7.3800      135.377708950168
           113.0000     -7.3800      135.233787139983
           112.0000     -7.3900      145.392739098468
           112.0100     -7.3900      145.049116999266
           112.0200     -7.3900      144.793545161962
           112.0300     -7.3900      144.575939174167
           112.0400     -7.3900      144.348013986759
           112.0500     -7.3900      144.069646781466
           112.0600     -7.3900      143.713878942768
           112.0700     -7.3900      143.270004480265
           112.0800     -7.3900      142.744456451553
           112.0900     -7.3900      142.159490860809
           112.1000     -7.3900      141.549941468785
           112.1100     -7.3900      140.958544811020
           112.1200     -7.3900      140.430486165359
           112.1300     -7.3900      140.007878789138
           112.1400     -7.3900      139.724857363371
           112.1500     -7.3900      139.603851278715
           112.1600     -7.3900      139.653423559613
           112.1700     -7.3900      139.867843499959
           112.1800     -7.3900      140.228335519180
           112.1900     -7.3900      140.705742655170
           112.2000     -7.3900      141.264185270505
           112.2100     -7.3900      141.865201216299
           112.2200     -7.3900      142.471830783852
           112.2300     -7.3900      143.052156373012
           112.2400     -7.3900      143.581912070853
           112.2500     -7.3900      144.045924492988
           112.2600     -7.3900      144.438311419540
           112.2700     -7.3900      144.761526178450
           112.2800     -7.3900      145.024472811108
           112.2900     -7.3900      145.240014016998
           112.3000     -7.3900      145.422241493240
           112.3100     -7.3900      145.583874636205
           112.3200     -7.3900      145.734103706717
           112.3300     -7.3900      145.877108242547
           112.3400     -7.3900      146.011375251687
           112.3500     -7.3900      146.129830485258
           112.3600     -7.3900      146.220694908331
           112.3700     -7.3900      146.268899481890
           112.3800     -7.3900      146.257842328396
           112.3900     -7.3900      146.171256074100
           112.4000     -7.3900      145.994967580772
           112.4100     -7.3900      145.718371315263
           112.4200     -7.3900      145.335492516504
           112.4300     -7.3900      144.845577336574
           112.4400     -7.3900      144.253205078783
           112.4500     -7.3900      143.567965303579
           112.4600     -7.3900      142.803775537849
           112.4700     -7.3900      141.977932385628
           112.4800     -7.3900      141.109991690348
           112.4900     -7.3900      140.220565896456
           112.5000     -7.3900      139.330113856340
           112.5100     -7.3900      138.457784903132
           112.5200     -7.3900      137.620368799953
           112.5300     -7.3900      136.831398030240
           112.5400     -7.3900      136.100448459915
           112.5500     -7.3900      135.432686306373
           112.5600     -7.3900      134.828709820781
           112.5700     -7.3900      134.284728912192
           112.5800     -7.3900      133.793111539595
           112.5900     -7.3900      133.343300154399
           112.6000     -7.3900      132.923065270331
           112.6100     -7.3900      132.520019548679
           112.6200     -7.3900      132.123270272036
           112.6300     -7.3900      131.725048141456
           112.6400     -7.3900      131.322123961757
           112.6500     -7.3900      130.916819161394
           112.6600     -7.3900      130.517436192654
           112.6700     -7.3900      130.137982243395
           112.6800     -7.3900      129.797131810239
           112.6900     -7.3900      129.516463746739
           112.7000     -7.3900      129.318105956535
           112.7100     -7.3900      129.222013047923
           112.7200     -7.3900      129.243175365960
           112.7300     -7.3900      129.389099487074
           112.7400     -7.3900      129.657901334741
           112.7500     -7.3900      130.037309256530
           112.7600     -7.3900      130.504787315835
           112.7700     -7.3900      131.028866502480
           112.7800     -7.3900      131.571626924883
           112.7900     -7.3900      132.092124781465
           112.8000     -7.3900      132.550423440055
           112.8100     -7.3900      132.911787091619
           112.8200     -7.3900      133.150543759961
           112.8300     -7.3900      133.253131947638
           112.8400     -7.3900      133.219914635412
           112.8500     -7.3900      133.065470463458
           112.8600     -7.3900      132.817241709807
           112.8700     -7.3900      132.512612771853
           112.8800     -7.3900      132.194687776653
           112.8900     -7.3900      131.907207047543
           112.9000     -7.3900      131.689166808239
           112.9100     -7.3900      131.569767140663
           112.9200     -7.3900      131.564299786894
           112.9300     -7.3900      131.671498935645
           112.9400     -7.3900      131.872723172543
           112.9500     -7.3900      132.133132452884
           112.9600     -7.3900      132.404794077777
           112.9700     -7.3900      132.631423772199
           112.9800     -7.3900      132.754269936506
           112.9900     -7.3900      132.718505598528
           113.0000     -7.3900      132.479421754318
           112.0000     -7.4000      143.083887676161
           112.0100     -7.4000      142.665715409966
           112.0200     -7.4000      142.330221986663
           112.0300     -7.4000      142.030557358194
           112.0400     -7.4000      141.722135014657
           112.0500     -7.4000      141.368776194663
           112.0600     -7.4000      140.947471660976
           112.0700     -7.4000      140.451224694810
           112.0800     -7.4000      139.889703388503
           112.0900     -7.4000      139.287717501300
           112.1000     -7.4000      138.681807464647
           112.1100     -7.4000      138.115456519083
           112.1200     -7.4000      137.633585199288
           112.1300     -7.4000      137.277045114297
           112.1400     -7.4000      137.077793244154
           112.1500     -7.4000      137.055308036926
           112.1600     -7.4000      137.214624092872
           112.1700     -7.4000      137.546140150013
           112.1800     -7.4000      138.027125861829
           112.1900     -7.4000      138.624646193231
           112.2000     -7.4000      139.299463302372
           112.2100     -7.4000      140.010382060609
           112.2200     -7.4000      140.718484944901
           112.2300     -7.4000      141.390752971843
           112.2400     -7.4000      142.002680532823
           112.2500     -7.4000      142.539645200255
           112.2600     -7.4000      142.996966281980
           112.2700     -7.4000      143.378754544791
           112.2800     -7.4000      143.695798699906
           112.2900     -7.4000      143.962835382084
           112.3000     -7.4000      144.195598611974
           112.3100     -7.4000      144.408039805792
           112.3200     -7.4000      144.610055280825
           112.3300     -7.4000      144.805965965115
           112.3400     -7.4000      144.993878826494
           112.3500     -7.4000      145.165938288976
           112.3600     -7.4000      145.309364796920
           112.3700     -7.4000      145.408090068759
           112.3800     -7.4000      145.444743393772
           112.3900     -7.4000      145.402724288815
           112.4000     -7.4000      145.268112448090
           112.4100     -7.4000      145.031210211490
           112.4200     -7.4000      144.687576608834
           112.4300     -7.4000      144.238484757345
           112.4400     -7.4000      143.690805534281
           112.4500     -7.4000      143.056381230968
           112.4600     -7.4000      142.350997286996
           112.4700     -7.4000      141.593085448426
           112.4800     -7.4000      140.802298256912
           112.4900     -7.4000      139.998085768655
           112.5000     -7.4000      139.198385633776
           112.5100     -7.4000      138.418512523488
           112.5200     -7.4000      137.670307247131
           112.5300     -7.4000      136.961583254387
           112.5400     -7.4000      136.295890210653
           112.5500     -7.4000      135.672600696920
           112.5600     -7.4000      135.087315014814
           112.5700     -7.4000      134.532567934375
           112.5800     -7.4000      133.998807414358
           112.5900     -7.4000      133.475597174872
           112.6000     -7.4000      132.952972427137
           112.6100     -7.4000      132.422852913316
           112.6200     -7.4000      131.880393373442
           112.6300     -7.4000      131.325133650328
           112.6400     -7.4000      130.761804320684
           112.6500     -7.4000      130.200653796958
           112.6600     -7.4000      129.657192299025
           112.6700     -7.4000      129.151297257787
           112.6800     -7.4000      128.705690631771
           112.6900     -7.4000      128.343875035397
           112.7000     -7.4000      128.087693463378
           112.7100     -7.4000      127.954746009697
           112.7200     -7.4000      127.955945349217
           112.7300     -7.4000      128.093511345786
           112.7400     -7.4000      128.359687517358
           112.7500     -7.4000      128.736406164434
           112.7600     -7.4000      129.196037860694
           112.7700     -7.4000      129.703243064429
           112.7800     -7.4000      130.217811729148
           112.7900     -7.4000      130.698246985862
           112.8000     -7.4000      131.105738387756
           112.8100     -7.4000      131.408094839490
           112.8200     -7.4000      131.583179711928
           112.8300     -7.4000      131.621417885431
           112.8400     -7.4000      131.527026939186
           112.8500     -7.4000      131.317755553980
           112.8600     -7.4000      131.023077829804
           112.8700     -7.4000      130.680973747611
           112.8800     -7.4000      130.333601463657
           112.8900     -7.4000      130.022314228171
           112.9000     -7.4000      129.782573765187
           112.9100     -7.4000      129.639348505576
           112.9200     -7.4000      129.603552053331
           112.9300     -7.4000      129.669976148359
           112.9400     -7.4000      129.817013262862
           112.9500     -7.4000      130.008264524726
           112.9600     -7.4000      130.195912125909
           112.9700     -7.4000      130.325527672544
           112.9800     -7.4000      130.341814444321
           112.9900     -7.4000      130.194663847982
           113.0000     -7.4000      129.844859486072
           112.0000     -7.4100      140.866046534609
           112.0100     -7.4100      140.368221670619
           112.0200     -7.4100      139.944544592520
           112.0300     -7.4100      139.552317356163
           112.0400     -7.4100      139.151795837872
           112.0500     -7.4100      138.711986722906
           112.0600     -7.4100      138.215030668976
           112.0700     -7.4100      137.658667648019
           112.0800     -7.4100      137.056544232113
           112.0900     -7.4100      136.436406375224
           112.1000     -7.4100      135.836487828301
           112.1100     -7.4100      135.300620221638
           112.1200     -7.4100      134.872730511226
           112.1300     -7.4100      134.591440317866
           112.1400     -7.4100      134.485437477188
           112.1500     -7.4100      134.570162790884
           112.1600     -7.4100      134.846164750744
           112.1700     -7.4100      135.299249314170
           112.1800     -7.4100      135.902321330823
           112.1900     -7.4100      136.618608744946
           112.2000     -7.4100      137.405805264556
           112.2100     -7.4100      138.220579043182
           112.2200     -7.4100      139.022881658600
           112.2300     -7.4100      139.779550756975
           112.2400     -7.4100      140.466819369616
           112.2500     -7.4100      141.071506126600
           112.2600     -7.4100      141.590840131661
           112.2700     -7.4100      142.031047906939
           112.2800     -7.4100      142.404975632751
           112.2900     -7.4100      142.729121006661
           112.3000     -7.4100      143.020495490833
           112.3100     -7.4100      143.293727382485
           112.3200     -7.4100      143.558754471404
           112.3300     -7.4100      143.819353800502
           112.3400     -7.4100      144.072631278981
           112.3500     -7.4100      144.309463512779
           112.3600     -7.4100      144.515765422193
           112.3700     -7.4100      144.674364281600
           112.3800     -7.4100      144.767203397564
           112.3900     -7.4100      144.777580877124
           112.4000     -7.4100      144.692149375915
           112.4100     -7.4100      144.502455027017
           112.4200     -7.4100      144.205868058081
           112.4300     -7.4100      143.805842185378
           112.4400     -7.4100      143.311522967415
           112.4500     -7.4100      142.736796734110
           112.4600     -7.4100      142.098924124918
           112.4700     -7.4100      141.416931816542
           112.4800     -7.4100      140.709942433518
           112.4900     -7.4100      139.995608771528
           112.5000     -7.4100      139.288789418806
           112.5100     -7.4100      138.600564839684
           112.5200     -7.4100      137.937652146957
           112.5300     -7.4100      137.302238267704
           112.5400     -7.4100      136.692218441305
           112.5500     -7.4100      136.101801474946
           112.5600     -7.4100      135.522424635026
           112.5700     -7.4100      134.943907916466
           112.5800     -7.4100      134.355767607418
           112.5900     -7.4100      133.748600698806
           112.6000     -7.4100      133.115443831244
           112.6100     -7.4100      132.453003501715
           112.6200     -7.4100      131.762649925006
           112.6300     -7.4100      131.051068084076
           112.6400     -7.4100      130.330469367726
           112.6500     -7.4100      129.618288637568
           112.6600     -7.4100      128.936326159890
           112.6700     -7.4100      128.309341123757
           112.6800     -7.4100      127.763160518252
           112.6900     -7.4100      127.322428544280
           112.7000     -7.4100      127.008180042139
           112.7100     -7.4100      126.835468044092
           112.7200     -7.4100      126.811302031113
           112.7300     -7.4100      126.933152795838
           112.7400     -7.4100      127.188247820425
           112.7500     -7.4100      127.553817460473
           112.7600     -7.4100      127.998361092065
           112.7700     -7.4100      128.483892187597
           112.7800     -7.4100      128.969004117087
           112.7900     -7.4100      129.412488681574
           112.8000     -7.4100      129.777151804632
           112.8100     -7.4100      130.033418711454
           112.8200     -7.4100      130.162314056267
           112.8300     -7.4100      130.157445405609
           112.8400     -7.4100      130.025709656969
           112.8500     -7.4100      129.786573373910
           112.8600     -7.4100      129.469935889359
           112.8700     -7.4100      129.112750317390
           112.8800     -7.4100      128.754732118626
           112.8900     -7.4100      128.433607782090
           112.9000     -7.4100      128.180430729222
           112.9100     -7.4100      128.015506278719
           112.9200     -7.4100      127.945418070593
           112.9300     -7.4100      127.961538290661
           112.9400     -7.4100      128.040244667500
           112.9500     -7.4100      128.144876386880
           112.9600     -7.4100      128.229261089634
           112.9700     -7.4100      128.242460008416
           112.9800     -7.4100      128.134230762680
           112.9900     -7.4100      127.860615842417
           113.0000     -7.4100      127.389041187125
           112.0000     -7.4200      138.740276697340
           112.0100     -7.4200      138.160953734850
           112.0200     -7.4200      137.644954524773
           112.0300     -7.4200      137.154405052191
           112.0400     -7.4200      136.655258238265
           112.0500     -7.4200      136.122633962561
           112.0600     -7.4200      135.544706441663
           112.0700     -7.4200      134.924681648256
           112.0800     -7.4200      134.280669576380
           112.0900     -7.4200      133.643533963081
           112.1000     -7.4200      133.053059066431
           112.1100     -7.4200      132.552976838693
           112.1200     -7.4200      132.185524040074
           112.1300     -7.4200      131.986234255374
           112.1400     -7.4200      131.979613475556
           112.1500     -7.4200      132.176210921800
           112.1600     -7.4200      132.571400182126
           112.1700     -7.4200      133.145957411215
           112.1800     -7.4200      133.868294123717
           112.1900     -7.4200      134.698001535416
           112.2000     -7.4200      135.590215937523
           112.2100     -7.4200      136.500236631903
           112.2200     -7.4200      137.387826083769
           112.2300     -7.4200      138.220692519665
           112.2400     -7.4200      138.976785336321
           112.2500     -7.4200      139.645203442924
           112.2600     -7.4200      140.225702009558
           112.2700     -7.4200      140.726959312790
           112.2800     -7.4200      141.163910325137
           112.2900     -7.4200      141.554550622131
           112.3000     -7.4200      141.916653575944
           112.3100     -7.4200      142.264824249776
           112.3200     -7.4200      142.608241259423
           112.3300     -7.4200      142.949325929607
           112.3400     -7.4200      143.283443475961
           112.3500     -7.4200      143.599602594496
           112.3600     -7.4200      143.881995787923
           112.3700     -7.4200      144.112127859669
           112.3800     -7.4200      144.271224189687
           112.3900     -7.4200      144.342597724405
           112.4000     -7.4200      144.313682170574
           112.4100     -7.4200      144.177501575859
           112.4200     -7.4200      143.933432391331
           112.4300     -7.4200      143.587210313521
           112.4400     -7.4200      143.150227676544
           112.4500     -7.4200      142.638246555637
           112.4600     -7.4200      142.069709727000
           112.4700     -7.4200      141.463861704555
           112.4800     -7.4200      140.838894740236
           112.4900     -7.4200      140.210313008308
           112.5000     -7.4200      139.589667964572
           112.5100     -7.4200      138.983766360774
           112.5200     -7.4200      138.394397147219
           112.5300     -7.4200      137.818571194598
           112.5400     -7.4200      137.249223403623
           112.5500     -7.4200      136.676293225959
           112.5600     -7.4200      136.088077654138
           112.5700     -7.4200      135.472739372728
           112.5800     -7.4200      134.819849922116
           112.5900     -7.4200      134.121850991169
           112.6000     -7.4200      133.375324271342
           112.6100     -7.4200      132.581970494480
           112.6200     -7.4200      131.749211255689
           112.6300     -7.4200      130.890343888622
           112.6400     -7.4200      130.024201475293
           112.6500     -7.4200      129.174298436794
           112.6600     -7.4200      128.367477704919
           112.6700     -7.4200      127.632117479453
           112.6800     -7.4200      126.996001531908
           112.6900     -7.4200      126.484002616311
           112.7000     -7.4200      126.115768028244
           112.7100     -7.4200      125.903623215883
           112.7200     -7.4200      125.850917362163
           112.7300     -7.4200      125.951019195902
           112.7400     -7.4200      126.187129595527
           112.7500     -7.4200      126.533010754459
           112.7600     -7.4200      126.954644396053
           112.7700     -7.4200      127.412731907273
           112.7800     -7.4200      127.865848271461
           112.7900     -7.4200      128.273971873278
           112.8000     -7.4200      128.602046152985
           112.8100     -7.4200      128.823197441369
           112.8200     -7.4200      128.921243381090
           112.8300     -7.4200      128.892180609092
           112.8400     -7.4200      128.744435757661
           112.8500     -7.4200      128.497791661032
           112.8600     -7.4200      128.181047418378
           112.8700     -7.4200      127.828619773885
           112.8800     -7.4200      127.476425888566
           112.8900     -7.4200      127.157486733965
           112.9000     -7.4200      126.897742077050
           112.9100     -7.4200      126.712563698529
           112.9200     -7.4200      126.604391132286
           112.9300     -7.4200      126.561799109123
           112.9400     -7.4200      126.560150153480
           112.9500     -7.4200      126.563807060361
           112.9600     -7.4200      126.529699342203
           112.9700     -7.4200      126.411877067086
           112.9800     -7.4200      126.166564719037
           112.9900     -7.4200      125.757162132448
           113.0000     -7.4200      125.158637894356
           112.0000     -7.4300      136.700930100024
           112.0100     -7.4300      136.041218808285
           112.0200     -7.4300      135.432668526541
           112.0300     -7.4300      134.842651167778
           112.0400     -7.4300      134.243373348343
           112.0500     -7.4300      133.616670209920
           112.0600     -7.4300      132.957303073570
           112.0700     -7.4300      132.274362651641
           112.0800     -7.4300      131.590638955698
           112.0900     -7.4300      130.940088386885
           112.1000     -7.4300      130.363772323112
           112.1100     -7.4300      129.904828892218
           112.1200     -7.4300      129.603148049922
           112.1300     -7.4300      129.490438185768
           112.1400     -7.4300      129.586301098484
           112.1500     -7.4300      129.895783821921
           112.1600     -7.4300      130.408672546788
           112.1700     -7.4300      131.100564199695
           112.1800     -7.4300      131.935525879301
           112.1900     -7.4300      132.869960281485
           112.2000     -7.4300      133.857159906663
           112.2100     -7.4300      134.851969278281
           112.2200     -7.4300      135.814987646420
           112.2300     -7.4300      136.715829500836
           112.2400     -7.4300      137.535102376227
           112.2500     -7.4300      138.264939806390
           112.2600     -7.4300      138.908117082197
           112.2700     -7.4300      139.475953644958
           112.2800     -7.4300      139.985346511063
           112.2900     -7.4300      140.455367882702
           112.3000     -7.4300      140.903888486768
           112.3100     -7.4300      141.344655979270
           112.3200     -7.4300      141.785172648039
           112.3300     -7.4300      142.225592781838
           112.3400     -7.4300      142.658715791470
           112.3500     -7.4300      143.071006338668
           112.3600     -7.4300      143.444446028680
           112.3700     -7.4300      143.758927746261
           112.3800     -7.4300      143.994853212533
           112.3900     -7.4300      144.135590295269
           112.4000     -7.4300      144.169486215842
           112.4100     -7.4300      144.091207806465
           112.4200     -7.4300      143.902278179231
           112.4300     -7.4300      143.610786353042
           112.4400     -7.4300      143.230348355601
           112.4500     -7.4300      142.778482795049
           112.4600     -7.4300      142.274621963534
           112.4700     -7.4300      141.738006506638
           112.4800     -7.4300      141.185707311952
           112.4900     -7.4300      140.630986276084
           112.5000     -7.4300      140.082154791587
           112.5100     -7.4300      139.542023719415
           112.5200     -7.4300      139.007970243423
           112.5300     -7.4300      138.472583436734
           112.5400     -7.4300      137.924797856960
           112.5500     -7.4300      137.351386869903
           112.5600     -7.4300      136.738665998211
           112.5700     -7.4300      136.074250501166
           112.5800     -7.4300      135.348718110001
           112.5900     -7.4300      134.557044045935
           112.6000     -7.4300      133.699697779231
           112.6100     -7.4300      132.783316697837
           112.6200     -7.4300      131.820899182140
           112.6300     -7.4300      130.831487821076
           112.6400     -7.4300      129.839342766379
           112.6500     -7.4300      128.872635969681
           112.6600     -7.4300      127.961729517409
           112.6700     -7.4300      127.137134926503
           112.6800     -7.4300      126.427283381259
           112.6900     -7.4300      125.856266492364
           112.7000     -7.4300      125.441729200817
           112.7100     -7.4300      125.193106371855
           112.7200     -7.4300      125.110388140305
           112.7300     -7.4300      125.183573073511
           112.7400     -7.4300      125.392921653776
           112.7500     -7.4300      125.710057091465
           112.7600     -7.4300      126.099880693148
           112.7700     -7.4300      126.523182374316
           112.7800     -7.4300      126.939743026990
           112.7900     -7.4300      127.311654991784
           112.8000     -7.4300      127.606540159201
           112.8100     -7.4300      127.800330687993
           112.8200     -7.4300      127.879300154014
           112.8300     -7.4300      127.841093953725
           112.8400     -7.4300      127.694602905090
           112.8500     -7.4300      127.458644344191
           112.8600     -7.4300      127.159547739316
           112.8700     -7.4300      126.827871487181
           112.8800     -7.4300      126.494587972575
           112.8900     -7.4300      126.187150425375
           112.9000     -7.4300      125.925886310619
           112.9100     -7.4300      125.721141793076
           112.9200     -7.4300      125.571530304770
           112.9300     -7.4300      125.463522004787
           112.9400     -7.4300      125.372462489455
           112.9500     -7.4300      125.264945565965
           112.9600     -7.4300      125.102305807063
           112.9700     -7.4300      124.844861542829
           112.9800     -7.4300      124.456444978396
           112.9900     -7.4300      123.908715512772
           113.0000     -7.4300      123.184770834158
           112.0000     -7.4400      134.737445781360
           112.0100     -7.4400      134.000877314456
           112.0200     -7.4400      133.302936780244
           112.0300     -7.4400      132.616429437636
           112.0400     -7.4400      131.920087095974
           112.0500     -7.4400      131.202747484904
           112.0600     -7.4400      130.465992134261
           112.0700     -7.4400      129.724913754106
           112.0800     -7.4400      129.006939654476
           112.0900     -7.4400      128.348896295475
           112.1000     -7.4400      127.792727499150
           112.1100     -7.4400      127.380446168700
           112.1200     -7.4400      127.148986319144
           112.1300     -7.4400      127.125619797209
           112.1400     -7.4400      127.324513274964
           112.1500     -7.4400      127.744840225001
           112.1600     -7.4400      128.370652919010
           112.1700     -7.4400      129.172489962052
           112.1800     -7.4400      130.110476024394
           112.1900     -7.4400      131.138490330208
           112.2000     -7.4400      132.208861084864
           112.2100     -7.4400      133.276997578490
           112.2200     -7.4400      134.305403221236
           112.2300     -7.4400      135.266614088849
           112.2400     -7.4400      136.144762694408
           112.2500     -7.4400      136.935653298408
           112.2600     -7.4400      137.645427621603
           112.2700     -7.4400      138.288073181307
           112.2800     -7.4400      138.882159132427
           112.2900     -7.4400      139.447261280093
           112.3000     -7.4400      140.000551687316
           112.3100     -7.4400      140.553980456313
           112.3200     -7.4400      141.112377210015
           112.3300     -7.4400      141.672663256854
           112.3400     -7.4400      142.224212018553
           112.3500     -7.4400      142.750245783457
           112.3600     -7.4400      143.230030278929
           112.3700     -7.4400      143.641539895074
           112.3800     -7.4400      143.964224765720
           112.3900     -7.4400      144.181518768434
           112.4000     -7.4400      144.282780710402
           112.4100     -7.4400      144.264449782169
           112.4200     -7.4400      144.130307106294
           112.4300     -7.4400      143.890852339493
           112.4400     -7.4400      143.561912582522
           112.4500     -7.4400      143.162687389622
           112.4600     -7.4400      142.713489343784
           112.4700     -7.4400      142.233460066114
           112.4800     -7.4400      141.738527113069
           112.4900     -7.4400      141.239822795059
           112.5000     -7.4400      140.742719633663
           112.5100     -7.4400      140.246558962026
           112.5200     -7.4400      139.745069428910
           112.5300     -7.4400      139.227400209953
           112.5400     -7.4400      138.679636729940
           112.5500     -7.4400      138.086629016302
           112.5600     -7.4400      137.433945813030
           112.5700     -7.4400      136.709769971575
           112.5800     -7.4400      135.906569047901
           112.5900     -7.4400      135.022404946497
           112.6000     -7.4400      134.061783068772
           112.6100     -7.4400      133.035980469485
           112.6200     -7.4400      131.962830782950
           112.6300     -7.4400      130.865979214023
           112.6400     -7.4400      129.773652941997
           112.6500     -7.4400      128.717020920291
           112.6600     -7.4400      127.728242626723
           112.6700     -7.4400      126.838327927363
           112.6800     -7.4400      126.074949266990
           112.6900     -7.4400      125.460361383332
           112.7000     -7.4400      125.009590310998
           112.7100     -7.4400      124.729049762633
           112.7200     -7.4400      124.615726338198
           112.7300     -7.4400      124.657043555179
           112.7400     -7.4400      124.831468115044
           112.7500     -7.4400      125.109861940416
           112.7600     -7.4400      125.457514510750
           112.7700     -7.4400      125.836718286401
           112.7800     -7.4400      126.209683587989
           112.7900     -7.4400      126.541536946593
           112.8000     -7.4400      126.803116925344
           112.8100     -7.4400      126.973280214432
           112.8200     -7.4400      127.040461929577
           112.8300     -7.4400      127.003297166837
           112.8400     -7.4400      126.870201414041
           112.8500     -7.4400      126.657916772621
           112.8600     -7.4400      126.389147232476
           112.8700     -7.4400      126.089515679083
           112.8800     -7.4400      125.784163910562
           112.8900     -7.4400      125.494372396604
           112.9000     -7.4400      125.234589969936
           112.9100     -7.4400      125.010231120683
           112.9200     -7.4400      124.816521770464
           112.9300     -7.4400      124.638560817672
           112.9400     -7.4400      124.452626921655
           112.9500     -7.4400      124.228614124206
           112.9600     -7.4400      123.933343833496
           112.9700     -7.4400      123.534391610399
           112.9800     -7.4400      123.003999348285
           112.9900     -7.4400      122.322626157014
           113.0000     -7.4400      121.481727600541
           112.0000     -7.4500      132.836844254196
           112.0100     -7.4500      132.028666844985
           112.0200     -7.4500      131.247122976579
           112.0300     -7.4500      130.470436102747
           112.0400     -7.4500      129.683881716852
           112.0500     -7.4500      128.883304345566
           112.0600     -7.4500      128.077048901498
           112.0700     -7.4500      127.286054657955
           112.0800     -7.4500      126.542110564558
           112.0900     -7.4500      125.884516193558
           112.1000     -7.4500      125.355600808736
           112.1100     -7.4500      124.995697155183
           112.1200     -7.4500      124.838229027418
           112.1300     -7.4500      124.905546209469
           112.1400     -7.4500      125.206032529198
           112.1500     -7.4500      125.732838819643
           112.1600     -7.4500      126.464377109874
           112.1700     -7.4500      127.366484739867
           112.1800     -7.4500      128.395957418446
           112.1900     -7.4500      129.504985360934
           112.2000     -7.4500      130.645926668166
           112.2100     -7.4500      131.775827979723
           112.2200     -7.4500      132.860154768619
           112.2300     -7.4500      133.875313005862
           112.2400     -7.4500      134.809712420919
           112.2500     -7.4500      135.663315542992
           112.2600     -7.4500      136.445810011527
           112.2700     -7.4500      137.173709278246
           112.2800     -7.4500      137.866808135503
           112.2900     -7.4500      138.544480758572
           112.3000     -7.4500      139.222304843077
           112.3100     -7.4500      139.909429430113
           112.3200     -7.4500      140.606987546510
           112.3300     -7.4500      141.307705316364
           112.3400     -7.4500      141.996697665785
           112.3500     -7.4500      142.653288633592
           112.3600     -7.4500      143.253570786436
           112.3700     -7.4500      143.773337761474
           112.3800     -7.4500      144.190994587550
           112.3900     -7.4500      144.490073137432
           112.4000     -7.4500      144.661048989303
           112.4100     -7.4500      144.702259624522
           112.4200     -7.4500      144.619846964088
           112.4300     -7.4500      144.426772906842
           112.4400     -7.4500      144.141068705992
           112.4500     -7.4500      143.783564462779
           112.4600     -7.4500      143.375394849020
           112.4700     -7.4500      142.935587722240
           112.4800     -7.4500      142.479015181547
           112.4900     -7.4500      142.014928084723
           112.5000     -7.4500      141.546214788298
           112.5100     -7.4500      141.069434411780
           112.5200     -7.4500      140.575585954720
           112.5300     -7.4500      140.051497414067
           112.5400     -7.4500      139.481661373073
           112.5500     -7.4500      138.850309772078
           112.5600     -7.4500      138.143511660192
           112.5700     -7.4500      137.351091465540
           112.5800     -7.4500      136.468197123870
           112.5900     -7.4500      135.496391293685
           112.6000     -7.4500      134.444188549889
           112.6100     -7.4500      133.327011188397
           112.6200     -7.4500      132.166581692175
           112.6300     -7.4500      130.989808254076
           112.6400     -7.4500      129.827249909881
           112.6500     -7.4500      128.711270007276
           112.6600     -7.4500      127.674001907787
           112.6700     -7.4500      126.745260148298
           112.6800     -7.4500      125.950534569830
           112.6900     -7.4500      125.309204221559
           112.7000     -7.4500      124.833101419406
           112.7100     -7.4500      124.525542808409
           112.7200     -7.4500      124.380922094155
           112.7300     -7.4500      124.384927135198
           112.7400     -7.4500      124.515402234168
           112.7500     -7.4500      124.743826193683
           112.7600     -7.4500      125.037321299224
           112.7700     -7.4500      125.361052894965
           112.7800     -7.4500      125.680829987562
           112.7900     -7.4500      125.965681251117
           112.8000     -7.4500      126.190164354753
           112.8100     -7.4500      126.336174574888
           112.8200     -7.4500      126.394053508826
           112.8300     -7.4500      126.362859406764
           112.8400     -7.4500      126.249742625024
           112.8500     -7.4500      126.068465035238
           112.8600     -7.4500      125.837200335897
           112.8700     -7.4500      125.575841129257
           112.8800     -7.4500      125.303106507412
           112.8900     -7.4500      125.033780687197
           112.9000     -7.4500      124.776412220654
           112.9100     -7.4500      124.531762261169
           112.9200     -7.4500      124.292212173723
           112.9300     -7.4500      124.042233375442
           112.9400     -7.4500      123.759897876696
           112.9500     -7.4500      123.419281596978
           112.9600     -7.4500      122.993500127993
           112.9700     -7.4500      122.458033002844
           112.9800     -7.4500      121.793949267723
           112.9900     -7.4500      120.990650884256
           113.0000     -7.4500      120.047801870625
           112.0000     -7.4600      130.986630111965
           112.0100     -7.4600      130.113007148247
           112.0200     -7.4600      129.255345306187
           112.0300     -7.4600      128.397113446143
           112.0400     -7.4600      127.529943665098
           112.0500     -7.4600      126.656456707395
           112.0600     -7.4600      125.791461659930
           112.0700     -7.4600      124.961361270819
           112.0800     -7.4600      124.201838298964
           112.0900     -7.4600      123.554128888323
           112.1000     -7.4600      123.060375469411
           112.1100     -7.4600      122.758670012900
           112.1200     -7.4600      122.678434073417
           112.1300     -7.4600      122.836731771514
           112.1400     -7.4600      123.235983983485
           112.1500     -7.4600      123.863364996164
           112.1600     -7.4600      124.691942630931
           112.1700     -7.4600      125.683399049630
           112.1800     -7.4600      126.791971581513
           112.1900     -7.4600      127.969106250576
           112.2000     -7.4600      129.168239115595
           112.2100     -7.4600      130.349120348175
           112.2200     -7.4600      131.481171031010
           112.2300     -7.4600      132.545500986815
           112.2400     -7.4600      133.535397620400
           112.2500     -7.4600      134.455295778709
           112.2600     -7.4600      135.318430418011
           112.2700     -7.4600      136.143532803944
           112.2800     -7.4600      136.951037614202
           112.2900     -7.4600      137.759310774933
           112.3000     -7.4600      138.581383098781
           112.3100     -7.4600      139.422588679937
           112.3200     -7.4600      140.279373205965
           112.3300     -7.4600      141.139375208011
           112.3400     -7.4600      141.982715013586
           112.3500     -7.4600      142.784273839995
           112.3600     -7.4600      143.516628047277
           112.3700     -7.4600      144.153234595526
           112.3800     -7.4600      144.671449796617
           112.3900     -7.4600      145.055003598000
           112.4000     -7.4600      145.295637979485
           112.4100     -7.4600      145.393737092825
           112.4200     -7.4600      145.357911535041
           112.4300     -7.4600      145.203631555097
           112.4400     -7.4600      144.951117352594
           112.4500     -7.4600      144.622775717459
           112.4600     -7.4600      144.240512856144
           112.4700     -7.4600      143.823250870669
           112.4800     -7.4600      143.384933192206
           112.4900     -7.4600      142.933230353261
           112.5000     -7.4600      142.469063266657
           112.5100     -7.4600      141.986959765775
           112.5200     -7.4600      141.476164439546
           112.5300     -7.4600      140.922342774456
           112.5400     -7.4600      140.309666149449
           112.5500     -7.4600      139.623038302525
           112.5600     -7.4600      138.850226499572
           112.5700     -7.4600      137.983688254273
           112.5800     -7.4600      137.021930908048
           112.5900     -7.4600      135.970299054208
           112.6000     -7.4600      134.841145829471
           112.6100     -7.4600      133.653401531966
           112.6200     -7.4600      132.431601597587
           112.6300     -7.4600      131.204472558640
           112.6400     -7.4600      130.003198271053
           112.6500     -7.4600      128.859500305339
           112.6600     -7.4600      127.803668050620
           112.6700     -7.4600      126.862668375333
           112.6800     -7.4600      126.058454022663
           112.6900     -7.4600      125.406575973789
           112.7000     -7.4600      124.915188488897
           112.7100     -7.4600      124.584516199071
           112.7200     -7.4600      124.406829621602
           112.7300     -7.4600      124.366947863442
           112.7400     -7.4600      124.443254624980
           112.7500     -7.4600      124.609176525840
           112.7600     -7.4600      124.835033242400
           112.7700     -7.4600      125.090130415165
           112.7800     -7.4600      125.344933359855
           112.7900     -7.4600      125.573137474276
           112.8000     -7.4600      125.753444784420
           112.8100     -7.4600      125.870869030427
           112.8200     -7.4600      125.917425696418
           112.8300     -7.4600      125.892117363102
           112.8400     -7.4600      125.800194642734
           112.8500     -7.4600      125.651751870735
           112.8600     -7.4600      125.459795658835
           112.8700     -7.4600      125.237993275625
           112.8800     -7.4600      124.998356818001
           112.8900     -7.4600      124.749140223980
           112.9000     -7.4600      124.493214377842
           112.9100     -7.4600      124.227139952469
           112.9200     -7.4600      123.941081819893
           112.9300     -7.4600      123.619610792458
           112.9400     -7.4600      123.243329629721
           112.9500     -7.4600      122.791154317494
           112.9600     -7.4600      122.242992635493
           112.9700     -7.4600      121.582502460900
           112.9800     -7.4600      120.799591206425
           112.9900     -7.4600      119.892339544214
           113.0000     -7.4600      118.868095765139
           112.0000     -7.4700      129.177745519921
           112.0100     -7.4700      128.244932838668
           112.0200     -7.4700      127.319335450879
           112.0300     -7.4700      126.389390134488
           112.0400     -7.4700      125.452750450350
           112.0500     -7.4700      124.518407749775
           112.0600     -7.4700      123.607153189679
           112.0700     -7.4700      122.750298849680
           112.0800     -7.4700      121.986812390973
           112.0900     -7.4700      121.359233489581
           112.1000     -7.4700      120.908903047104
           112.1100     -7.4700      120.671126719841
           112.1200     -7.4700      120.670901403284
           112.1300     -7.4700      120.919757104598
           112.1400     -7.4700      121.414118409314
           112.1500     -7.4700      122.135390207843
           112.1600     -7.4700      123.051748680899
           112.1700     -7.4700      124.121400656881
           112.1800     -7.4700      125.296890919904
           112.1900     -7.4700      126.529911313074
           112.2000     -7.4700      127.776012855172
           112.2100     -7.4700      128.998647879016
           112.2200     -7.4700      130.172068242838
           112.2300     -7.4700      131.282763266734
           112.2400     -7.4700      132.329315170352
           112.2500     -7.4700      133.320754180589
           112.2600     -7.4700      134.273683260628
           112.2700     -7.4700      135.208589663521
           112.2800     -7.4700      136.145849352109
           112.2900     -7.4700      137.101951091025
           112.3000     -7.4700      138.086419282002
           112.3100     -7.4700      139.099806945744
           112.3200     -7.4700      140.132978765720
           112.3300     -7.4700      141.167730066675
           112.3400     -7.4700      142.178614420954
           112.3500     -7.4700      143.135702654189
           112.3600     -7.4700      144.007887814743
           112.3700     -7.4700      144.766296419912
           112.3800     -7.4700      145.387370669789
           112.3900     -7.4700      145.855246147157
           112.4000     -7.4700      146.163154540968
           112.4100     -7.4700      146.313715490895
           112.4200     -7.4700      146.318127033165
           112.4300     -7.4700      146.194401169836
           112.4400     -7.4700      145.964902724213
           112.4500     -7.4700      145.653523058675
           112.4600     -7.4700      145.282848275580
           112.4700     -7.4700      144.871663342104
           112.4800     -7.4700      144.433074332027
           112.4900     -7.4700      143.973440761798
           112.5000     -7.4700      143.492202194915
           112.5100     -7.4700      142.982572562521
           112.5200     -7.4700      142.432975919777
           112.5300     -7.4700      141.829020023802
           112.5400     -7.4700      141.155756753961
           112.5500     -7.4700      140.399964078339
           112.5600     -7.4700      139.552201588945
           112.5700     -7.4700      138.608435301480
           112.5800     -7.4700      137.571089398725
           112.5900     -7.4700      136.449453466204
           112.6000     -7.4700      135.259444160080
           112.6100     -7.4700      134.022782128505
           112.6200     -7.4700      132.765692612834
           112.6300     -7.4700      131.517268468773
           112.6400     -7.4700      130.307647109999
           112.6500     -7.4700      129.166150159380
           112.6600     -7.4700      128.119520059083
           112.6700     -7.4700      127.190365897768
           112.6800     -7.4700      126.395905430713
           112.6900     -7.4700      125.747064966488
           112.7000     -7.4700      125.247975416378
           112.7100     -7.4700      124.895881883346
           112.7200     -7.4700      124.681465074373
           112.7300     -7.4700      124.589554257359
           112.7400     -7.4700      124.600192128881
           112.7500     -7.4700      124.689991092286
           112.7600     -7.4700      124.833698430243
           112.7700     -7.4700      125.005866357526
           112.7800     -7.4700      125.182504823285
           112.7900     -7.4700      125.342583837103
           112.8000     -7.4700      125.469251754559
           112.8100     -7.4700      125.550649389186
           112.8200     -7.4700      125.580228509321
           112.8300     -7.4700      125.556526574613
           112.8400     -7.4700      125.482404355901
           112.8500     -7.4700      125.363813895475
           112.8600     -7.4700      125.208223808070
           112.8700     -7.4700      125.022878994827
           112.8800     -7.4700      124.813104514715
           112.8900     -7.4700      124.580872250380
           112.9000     -7.4700      124.323830446729
           112.9100     -7.4700      124.034950078059
           112.9200     -7.4700      123.702872132653
           112.9300     -7.4700      123.312953842323
           112.9400     -7.4700      122.848920119156
           112.9500     -7.4700      122.294941123283
           112.9600     -7.4700      121.637890097111
           112.9700     -7.4700      120.869497714196
           112.9800     -7.4700      119.988117159103
           112.9900     -7.4700      118.999850310390
           113.0000     -7.4700      117.918856830764
           112.0000     -7.4800      127.407193414716
           112.0100     -7.4800      126.420769816229
           112.0200     -7.4800      125.435133783798
           112.0300     -7.4800      124.443363270345
           112.0400     -7.4800      123.448711777746
           112.0500     -7.4800      122.466025751061
           112.0600     -7.4800      121.521478925105
           112.0700     -7.4800      120.650630172973
           112.0800     -7.4800      119.895038675153
           112.0900     -7.4800      119.297865629987
           112.1000     -7.4800      118.899029127569
           112.1100     -7.4800      118.730540127104
           112.1200     -7.4800      118.812625037239
           112.1300     -7.4800      119.151137853486
           112.1400     -7.4800      119.736596508355
           112.1500     -7.4800      120.544967021789
           112.1600     -7.4800      121.540093611985
           112.1700     -7.4800      122.677463087285
           112.1800     -7.4800      123.908825037401
           112.1900     -7.4800      125.187086894548
           112.2000     -7.4800      126.470877282964
           112.2100     -7.4800      127.728224280385
           112.2200     -7.4800      128.938918878816
           112.2300     -7.4800      130.095310521082
           112.2400     -7.4800      131.201486956588
           112.2500     -7.4800      132.270997397355
           112.2600     -7.4800      133.323459109259
           112.2700     -7.4800      134.380520208297
           112.2800     -7.4800      135.461719571282
           112.2900     -7.4800      136.580781331846
           112.3000     -7.4800      137.742808921563
           112.3100     -7.4800      138.942713521157
           112.3200     -7.4800      140.165042791852
           112.3300     -7.4800      141.385191048117
           112.3400     -7.4800      142.571796086314
           112.3500     -7.4800      143.689983187112
           112.3600     -7.4800      144.705020959829
           112.3700     -7.4800      145.585917251097
           112.3800     -7.4800      146.308508685167
           112.3900     -7.4800      146.857678758859
           112.4000     -7.4800      147.228463927478
           112.4100     -7.4800      147.425956858662
           112.4200     -7.4800      147.464070581255
           112.4300     -7.4800      147.363366521460
           112.4400     -7.4800      147.148256267102
           112.4500     -7.4800      146.843949283769
           112.4600     -7.4800      146.473531091149
           112.4700     -7.4800      146.055519782930
           112.4800     -7.4800      145.602170716489
           112.4900     -7.4800      145.118692123050
           112.5000     -7.4800      144.603413705630
           112.5100     -7.4800      144.048832175870
           112.5200     -7.4800      143.443356874094
           112.5300     -7.4800      142.773506565495
           112.5400     -7.4800      142.026272069669
           112.5500     -7.4800      141.191360262544
           112.5600     -7.4800      140.263069909757
           112.5700     -7.4800      139.241611339702
           112.5800     -7.4800      138.133759962464
           112.5900     -7.4800      136.952816769289
           112.6000     -7.4800      135.717926403477
           112.6100     -7.4800      134.452866322582
           112.6200     -7.4800      133.184463084454
           112.6300     -7.4800      131.940811449688
           112.6400     -7.4800      130.749469747278
           112.6500     -7.4800      129.635784557582
           112.6600     -7.4800      128.621464864055
           112.6700     -7.4800      127.723486806053
           112.6800     -7.4800      126.953371073023
           112.6900     -7.4800      126.316840594288
           112.7000     -7.4800      125.813839429926
           112.7100     -7.4800      125.438875555994
           112.7200     -7.4800      125.181639646948
           112.7300     -7.4800      125.027846799570
           112.7400     -7.4800      124.960245694672
           112.7500     -7.4800      124.959737483577
           112.7600     -7.4800      125.006543160968
           112.7700     -7.4800      125.081353124543
           112.7800     -7.4800      125.166387226605
           112.7900     -7.4800      125.246290256973
           112.8000     -7.4800      125.308789425882
           112.8100     -7.4800      125.345049859387
           112.8200     -7.4800      125.349683260992
           112.8300     -7.4800      125.320394007096
           112.8400     -7.4800      125.257284293044
           112.8500     -7.4800      125.161881742750
           112.8600     -7.4800      125.035993668921
           112.8700     -7.4800      124.880525517279
           112.8800     -7.4800      124.694420619946
           112.8900     -7.4800      124.473879099356
           112.9000     -7.4800      124.211992737100
           112.9100     -7.4800      123.898890015356
           112.9200     -7.4800      123.522424895742
           112.9300     -7.4800      123.069370967972
           112.9400     -7.4800      122.527008609185
           112.9500     -7.4800      121.884927267771
           112.9600     -7.4800      121.136818235223
           112.9700     -7.4800      120.282013790272
           112.9800     -7.4800      119.326541611382
           112.9900     -7.4800      118.283509732946
           113.0000     -7.4800      117.172713115588
           112.0000     -7.4900      125.679974766394
           112.0100     -7.4900      124.644191243776
           112.0200     -7.4900      123.605251179701
           112.0300     -7.4900      122.560550103130
           112.0400     -7.4900      121.518493339583
           112.0500     -7.4900      120.499221257830
           112.0600     -7.4900      119.533638662592
           112.0700     -7.4900      118.660843247398
           112.0800     -7.4900      117.924264873314
           112.0900     -7.4900      117.367003079857
           112.1000     -7.4900      117.026961046277
           112.1100     -7.4900      116.932405427754
           112.1200     -7.4900      117.098529105016
           112.1300     -7.4900      117.525465178152
           112.1400     -7.4900      118.198012969604
           112.1500     -7.4900      119.087115597922
           112.1600     -7.4900      120.152903357195
           112.1700     -7.4900      121.348917489970
           112.1800     -7.4900      122.626981064163
           112.1900     -7.4900      123.942106485023
           112.2000     -7.4900      125.256832015614
           112.2100     -7.4900      126.544461147963
           112.2200     -7.4900      127.790826989176
           112.2300     -7.4900      128.994398581813
           112.2400     -7.4900      130.164761058641
           112.2500     -7.4900      131.319708332823
           112.2600     -7.4900      132.481358855551
           112.2700     -7.4900      133.671820185027
           112.2800     -7.4900      134.908972959624
           112.2900     -7.4900      136.202915162739
           112.3000     -7.4900      137.553509002602
           112.3100     -7.4900      138.949319892599
           112.3200     -7.4900      140.368051223498
           112.3300     -7.4900      141.778384914594
           112.3400     -7.4900      143.142961471975
           112.3500     -7.4900      144.422096769999
           112.3600     -7.4900      145.577752395824
           112.3700     -7.4900      146.577260653370
           112.3800     -7.4900      147.396353954792
           112.3900     -7.4900      148.021152659542
           112.4000     -7.4900      148.448909811881
           112.4100     -7.4900      148.687475401438
           112.4200     -7.4900      148.753604683964
           112.4300     -7.4900      148.670373931116
           112.4400     -7.4900      148.464065843086
           112.4500     -7.4900      148.160934873469
           112.4600     -7.4900      147.784256174779
           112.4700     -7.4900      147.352004400019
           112.4800     -7.4900      146.875410305558
           112.4900     -7.4900      146.358518922627
           112.5000     -7.4900      145.798740497621
           112.5100     -7.4900      145.188262035249
           112.5200     -7.4900      144.516088436737
           112.5300     -7.4900      143.770419044420
           112.5400     -7.4900      142.941043596511
           112.5500     -7.4900      142.021461027963
           112.5600     -7.4900      141.010479654152
           112.5700     -7.4900      139.913138168380
           112.5800     -7.4900      138.740881047486
           112.5900     -7.4900      137.511016129194
           112.6000     -7.4900      136.245564177204
           112.6100     -7.4900      134.969670781168
           112.6200     -7.4900      133.709784334602
           112.6300     -7.4900      132.491808715135
           112.6400     -7.4900      131.339418308139
           112.6500     -7.4900      130.272682071061
           112.6600     -7.4900      129.307090401765
           112.6700     -7.4900      128.453022297103
           112.6800     -7.4900      127.715638631032
           112.6900     -7.4900      127.095146499800
           112.7000     -7.4900      126.587353094330
           112.7100     -7.4900      126.184416304109
           112.7200     -7.4900      125.875701525574
           112.7300     -7.4900      125.648666332960
           112.7400     -7.4900      125.489712170505
           112.7500     -7.4900      125.384960445452
           112.7600     -7.4900      125.320925647889
           112.7700     -7.4900      125.285068251646
           112.7800     -7.4900      125.266214847119
           112.7900     -7.4900      125.254833628086
           112.8000     -7.4900      125.243152647562
           112.8100     -7.4900      125.225109327495
           112.8200     -7.4900      125.196125370349
           112.8300     -7.4900      125.152713172413
           112.8400     -7.4900      125.091938090135
           112.8500     -7.4900      125.010783566355
           112.8600     -7.4900      124.905489562930
           112.8700     -7.4900      124.770954191350
           112.8800     -7.4900      124.600298815901
           112.8900     -7.4900      124.384693888887
           112.9000     -7.4900      124.113523752201
           112.9100     -7.4900      123.774933488738
           112.9200     -7.4900      123.356752405342
           112.9300     -7.4900      122.847732448843
           112.9400     -7.4900      122.238983567699
           112.9500     -7.4900      121.525440644863
           112.9600     -7.4900      120.707166834649
           112.9700     -7.4900      119.790292941059
           112.9800     -7.4900      118.787415858246
           112.9900     -7.4900      117.717331041487
           113.0000     -7.4900      116.604050063121
           112.0000     -7.5000      124.010056946830
           112.0100     -7.5000      122.927356770095
           112.0200     -7.5000      121.839988590481
           112.0300     -7.5000      120.749389328190
           112.0400     -7.5000      119.668693712398
           112.0500     -7.5000      118.622786704106
           112.0600     -7.5000      117.646660055751
           112.0700     -7.5000      116.782254623682
           112.0800     -7.5000      116.074175188659
           112.0900     -7.5000      115.564819288480
           112.1000     -7.5000      115.289544970173
           112.1100     -7.5000      115.272503084418
           112.1200     -7.5000      115.523677562201
           112.1300     -7.5000      116.037522958144
           112.1400     -7.5000      116.793382964930
           112.1500     -7.5000      117.757643963029
           112.1600     -7.5000      118.887354434437
           112.1700     -7.5000      120.134853694404
           112.1800     -7.5000      121.452826384867
           112.1900     -7.5000      122.799148836149
           112.2000     -7.5000      124.140925743600
           112.2100     -7.5000      125.457225621272
           112.2200     -7.5000      126.740195962859
           112.2300     -7.5000      127.994450667510
           112.2400     -7.5000      129.234844914098
           112.2500     -7.5000      130.482957079203
           112.2600     -7.5000      131.762757123173
           112.2700     -7.5000      133.096036049184
           112.2800     -7.5000      134.498190362313
           112.2900     -7.5000      135.974897890927
           112.3000     -7.5000      137.520095971972
           112.3100     -7.5000      139.115497641551
           112.3200     -7.5000      140.731680066198
           112.3300     -7.5000      142.330578794846
           112.3400     -7.5000      143.869047525977
           112.3500     -7.5000      145.303017784662
           112.3600     -7.5000      146.591731023284
           112.3700     -7.5000      147.701523277277
           112.3800     -7.5000      148.608716398415
           112.3900     -7.5000      149.301298234246
           112.4000     -7.5000      149.779238351529
           112.4100     -7.5000      150.053463377144
           112.4200     -7.5000      150.143683198407
           112.4300     -7.5000      150.075394818592
           112.4400     -7.5000      149.876478295498
           112.4500     -7.5000      149.573829573284
           112.4600     -7.5000      149.190446767992
           112.4700     -7.5000      148.743306004923
           112.4800     -7.5000      148.242243259768
           112.4900     -7.5000      147.689917425741
           112.5000     -7.5000      147.082786617289
           112.5100     -7.5000      146.412903400202
           112.5200     -7.5000      145.670240848103
           112.5300     -7.5000      144.845210525726
           112.5400     -7.5000      143.931029827433
           112.5500     -7.5000      142.925637151079
           112.5600     -7.5000      141.832930911660
           112.5700     -7.5000      140.663209760775
           112.5800     -7.5000      139.432801548492
           112.5900     -7.5000      138.162972331636
           112.6000     -7.5000      136.878290808138
           112.6100     -7.5000      135.604678284727
           112.6200     -7.5000      134.367394732601
           112.6300     -7.5000      133.189197795293
           112.6400     -7.5000      132.088868607973
           112.6500     -7.5000      131.080234430340
           112.6600     -7.5000      130.171743997003
           112.6700     -7.5000      129.366578209193
           112.6800     -7.5000      128.663216203058
           112.6900     -7.5000      128.056332281804
           112.7000     -7.5000      127.537876666964
           112.7100     -7.5000      127.098192837501
           112.7200     -7.5000      126.727043382132
           112.7300     -7.5000      126.414449262090
           112.7400     -7.5000      126.151287254350
           112.7500     -7.5000      125.929630082817
           112.7600     -7.5000      125.742847361429
           112.7700     -7.5000      125.585508928753
           112.7800     -7.5000      125.453143832559
           112.7900     -7.5000      125.341908943839
           112.8000     -7.5000      125.248213757721
           112.8100     -7.5000      125.168336406042
           112.8200     -7.5000      125.098054545688
           112.8300     -7.5000      125.032307168994
           112.8400     -7.5000      124.964901588088
           112.8500     -7.5000      124.888284017266
           112.8600     -7.5000      124.793400492931
           112.8700     -7.5000      124.669683932928
           112.8800     -7.5000      124.505208725501
           112.8900     -7.5000      124.287052272174
           112.9000     -7.5000      124.001890447010
           112.9100     -7.5000      123.636830015104
           112.9200     -7.5000      123.180447199660
           112.9300     -7.5000      122.623961865194
           112.9400     -7.5000      121.962437358607
           112.9500     -7.5000      121.195864286391
           112.9600     -7.5000      120.329969748988
           112.9700     -7.5000      119.376597763236
           112.9800     -7.5000      118.353535092849
           112.9900     -7.5000      117.283709196326
           113.0000     -7.5000      116.193757195589
           112.0000     -7.5100      122.420203002961
           112.0100     -7.5100      121.290948470979
           112.0200     -7.5100      120.157709905526
           112.0300     -7.5100      119.025768851328
           112.0400     -7.5100      117.912632856667
           112.0500     -7.5100      116.847439789184
           112.0600     -7.5100      115.868680082418
           112.0700     -7.5100      115.020502228909
           112.0800     -7.5100      114.348059051338
           112.0900     -7.5100      113.892485263637
           112.1000     -7.5100      113.686152398821
           112.1100     -7.5100      113.748817497646
           112.1200     -7.5100      114.085170618838
           112.1300     -7.5100      114.684107799627
           112.1400     -7.5100      115.519834113703
           112.1500     -7.5100      116.554665311517
           112.1600     -7.5100      117.743177418325
           112.1700     -7.5100      119.037180509504
           112.1800     -7.5100      120.390888383267
           112.1900     -7.5100      121.765633502251
           112.2000     -7.5100      123.133538908432
           112.2100     -7.5100      124.479697131795
           112.2200     -7.5100      125.802601726399
           112.2300     -7.5100      127.112803881998
           112.2400     -7.5100      128.429994612288
           112.2500     -7.5100      129.778912511380
           112.2600     -7.5100      131.184622318129
           112.2700     -7.5100      132.667782334692
           112.2800     -7.5100      134.240510706418
           112.2900     -7.5100      135.903374044026
           112.3000     -7.5100      137.643869493286
           112.3100     -7.5100      139.436574195103
           112.3200     -7.5100      141.244920670361
           112.3300     -7.5100      143.024351401334
           112.3400     -7.5100      144.726437203566
           112.3500     -7.5100      146.303432910134
           112.3600     -7.5100      147.712703362004
           112.3700     -7.5100      148.920486044660
           112.3800     -7.5100      149.904557457347
           112.3900     -7.5100      150.655523284450
           112.4000     -7.5100      151.176636065509
           112.4100     -7.5100      151.482233366191
           112.4200     -7.5100      151.595059528180
           112.4300     -7.5100      151.542863388750
           112.4400     -7.5100      151.354737521700
           112.4500     -7.5100      151.057674167079
           112.4600     -7.5100      150.673760403330
           112.4700     -7.5100      150.218329809820
           112.4800     -7.5100      149.699246044019
           112.4900     -7.5100      149.117335797872
           112.5000     -7.5100      148.467836179899
           112.5100     -7.5100      147.742594686205
           112.5200     -7.5100      146.932674249174
           112.5300     -7.5100      146.030980801092
           112.5400     -7.5100      145.034548511830
           112.5500     -7.5100      143.946183276927
           112.5600     -7.5100      142.775266866329
           112.5700     -7.5100      141.537646754294
           112.5800     -7.5100      140.254662392402
           112.5900     -7.5100      138.951470437508
           112.6000     -7.5100      137.654914935878
           112.6100     -7.5100      136.391234099431
           112.6200     -7.5100      135.183899242653
           112.6300     -7.5100      134.051845790634
           112.6400     -7.5100      133.008288447799
           112.6500     -7.5100      132.060224020085
           112.6600     -7.5100      131.208629511173
           112.6700     -7.5100      130.449273539798
           112.6800     -7.5100      129.773987569822
           112.6900     -7.5100      129.172198228567
           112.7000     -7.5100      128.632507085146
           112.7100     -7.5100      128.144119040048
           112.7200     -7.5100      127.697960152764
           112.7300     -7.5100      127.287382391457
           112.7400     -7.5100      126.908416813385
           112.7500     -7.5100      126.559598347321
           112.7600     -7.5100      126.241436284735
           112.7700     -7.5100      125.955638954319
           112.7800     -7.5100      125.704216204607
           112.7900     -7.5100      125.488579896145
           112.8000     -7.5100      125.308744100102
           112.8100     -7.5100      125.162698568194
           112.8200     -7.5100      125.045997540486
           112.8300     -7.5100      124.951576955446
           112.8400     -7.5100      124.869791035935
           112.8500     -7.5100      124.788646305849
           112.8600     -7.5100      124.694207195097
           112.8700     -7.5100      124.571150187133
           112.8800     -7.5100      124.403449108588
           112.8900     -7.5100      124.175178255608
           112.9000     -7.5100      123.871418717083
           112.9100     -7.5100      123.479244112523
           112.9200     -7.5100      122.988744825387
           112.9300     -7.5100      122.394026946383
           112.9400     -7.5100      121.694098020087
           112.9500     -7.5100      120.893532269705
           112.9600     -7.5100      120.002799601442
           112.9700     -7.5100      119.038150798704
           112.9800     -7.5100      118.020979182287
           112.9900     -7.5100      116.976626763784
           113.0000     -7.5100      115.932667021000
           112.0000     -7.5200      120.940631295919
           112.0100     -7.5200      119.763054666955
           112.0200     -7.5200      118.583997079103
           112.0300     -7.5200      117.412484309175
           112.0400     -7.5200      116.270130712119
           112.0500     -7.5200      115.189923603711
           112.0600     -7.5200      114.213353593863
           112.0700     -7.5200      113.386235777588
           112.0800     -7.5200      112.753744895453
           112.0900     -7.5200      112.355298177142
           112.1000     -7.5200      112.219947250942
           112.1100     -7.5200      112.362880944908
           112.1200     -7.5200      112.783501397056
           112.1300     -7.5200      113.465334728725
           112.1400     -7.5200      114.377801031390
           112.1500     -7.5200      115.479627772135
           112.1600     -7.5200      116.723477736885
           112.1700     -7.5200      118.061205441989
           112.1800     -7.5200      119.449075262979
           112.1900     -7.5200      120.852280877112
           112.2000     -7.5200      122.248197949445
           112.2100     -7.5200      123.627967881558
           112.2200     -7.5200      124.996227782777
           112.2300     -7.5200      126.369041836967
           112.2400     -7.5200      127.770320345930
           112.2500     -7.5200      129.227204782557
           112.2600     -7.5200      130.765025456085
           112.2700     -7.5200      132.402486810553
           112.2800     -7.5200      134.147698579698
           112.2900     -7.5200      135.995554928884
           112.3000     -7.5200      137.926784606106
           112.3100     -7.5200      139.908777328960
           112.3200     -7.5200      141.898064181496
           112.3300     -7.5200      143.844122481595
           112.3400     -7.5200      145.694015000605
           112.3500     -7.5200      147.397279489324
           112.3600     -7.5200      148.910467908436
           112.3700     -7.5200      150.200795862216
           112.3800     -7.5200      151.248491527678
           112.3900     -7.5200      152.047611201788
           112.4000     -7.5200      152.605290801151
           112.4100     -7.5200      152.939602023938
           112.4200     -7.5200      153.076352344870
           112.4300     -7.5200      153.045288080336
           112.4400     -7.5200      152.876215300194
           112.4500     -7.5200      152.595539278037
           112.4600     -7.5200      152.223643817744
           112.4700     -7.5200      151.773400107125
           112.4800     -7.5200      151.249930233214
           112.4900     -7.5200      150.651576377483
           112.5000     -7.5200      149.971866682467
           112.5100     -7.5200      149.202143768825
           112.5200     -7.5200      148.334447300764
           112.5300     -7.5200      147.364225855240
           112.5400     -7.5200      146.292495422788
           112.5500     -7.5200      145.127154035617
           112.5600     -7.5200      143.883289675680
           112.5700     -7.5200      142.582462919590
           112.5800     -7.5200      141.251086402486
           112.5900     -7.5200      139.918141171716
           112.6000     -7.5200      138.612550315530
           112.6100     -7.5200      137.360563680656
           112.6200     -7.5200      136.183491667478
           112.6300     -7.5200      135.096065510183
           112.6400     -7.5200      134.105606534474
           112.6500     -7.5200      133.212072259835
           112.6600     -7.5200      132.408929459739
           112.6700     -7.5200      131.684699545162
           112.6800     -7.5200      131.024943349755
           112.6900     -7.5200      130.414409604988
           112.7000     -7.5200      129.839067696791
           112.7100     -7.5200      129.287778656385
           112.7200     -7.5200      128.753421718791
           112.7300     -7.5200      128.233376455058
           112.7400     -7.5200      127.729349804206
           112.7500     -7.5200      127.246620682784
           112.7600     -7.5200      126.792841467105
           112.7700     -7.5200      126.376578037352
           112.7800     -7.5200      126.005784875423
           112.7900     -7.5200      125.686399834310
           112.8000     -7.5200      125.421209336131
           112.8100     -7.5200      125.209086320204
           112.8200     -7.5200      125.044648975373
           112.8300     -7.5200      124.918336676671
           112.8400     -7.5200      124.816857563660
           112.8500     -7.5200      124.723934237551
           112.8600     -7.5200      124.621261453364
           112.8700     -7.5200      124.489590809008
           112.8800     -7.5200      124.309868299803
           112.8900     -7.5200      124.064365893115
           112.9000     -7.5200      123.737762547593
           112.9100     -7.5200      123.318138999489
           112.9200     -7.5200      122.797851835742
           112.9300     -7.5200      122.174246086844
           112.9400     -7.5200      121.450154556990
           112.9500     -7.5200      120.634121111921
           112.9600     -7.5200      119.740279916420
           112.9700     -7.5200      118.787828641245
           112.9800     -7.5200      117.800054859413
           112.9900     -7.5200      116.802912459941
           113.0000     -7.5200      115.823196793265
           112.0000     -7.5300      119.606622731909
           112.0100     -7.5300      118.377000459643
           112.0200     -7.5300      117.149762369353
           112.0300     -7.5300      115.937675149776
           112.0400     -7.5300      114.766292262628
           112.0500     -7.5300      113.672148722192
           112.0600     -7.5300      112.699343892537
           112.0700     -7.5300      111.894931808306
           112.0800     -7.5300      111.303701796003
           112.0900     -7.5300      110.963020064117
           112.1000     -7.5300      110.898403002557
           112.1100     -7.5300      111.120404408098
           112.1200     -7.5300      111.623232806385
           112.1300     -7.5300      112.385292979872
           112.1400     -7.5300      113.371596839850
           112.1500     -7.5300      114.537745726128
           112.1600     -7.5300      115.834981238047
           112.1700     -7.5300      117.215661972888
           112.1800     -7.5300      118.638467623051
           112.1900     -7.5300      120.072667197328
           112.2000     -7.5300      121.500910014343
           112.2100     -7.5300      122.920190429230
           112.2200     -7.5300      124.340874568469
           112.2300     -7.5300      125.783928361640
           112.2400     -7.5300      127.276717894299
           112.2500     -7.5300      128.847935308949
           112.2600     -7.5300      130.522312631835
           112.2700     -7.5300      132.315808301165
           112.2800     -7.5300      134.231884680083
           112.2900     -7.5300      136.259349063508
           112.3000     -7.5300      138.372025591221
           112.3100     -7.5300      140.530288605323
           112.3200     -7.5300      142.684250714364
           112.3300     -7.5300      144.778192135114
           112.3400     -7.5300      146.755668253328
           112.3500     -7.5300      148.564658288996
           112.3600     -7.5300      150.162127677060
           112.3700     -7.5300      151.517467263069
           112.3800     -7.5300      152.614430022990
           112.3900     -7.5300      153.451388500887
           112.4000     -7.5300      154.039955806714
           112.4100     -7.5300      154.402220472758
           112.4200     -7.5300      154.567013694828
           112.4300     -7.5300      154.565735340017
           112.4400     -7.5300      154.428300040325
           112.4500     -7.5300      154.179724243129
           112.4600     -7.5300      153.837766952077
           112.4700     -7.5300      153.411877633069
           112.4800     -7.5300      152.903517349745
           112.4900     -7.5300      152.307729728626
           112.5000     -7.5300      151.615672438891
           112.5100     -7.5300      150.817699154891
           112.5200     -7.5300      149.906521316677
           112.5300     -7.5300      148.879984669796
           112.5400     -7.5300      147.743064596023
           112.5500     -7.5300      146.508805157194
           112.5600     -7.5300      145.198081380527
           112.5700     -7.5300      143.838230427478
           112.5800     -7.5300      142.460751882844
           112.5900     -7.5300      141.098399794800
           112.6000     -7.5300      139.782063713021
           112.6100     -7.5300      138.537854304505
           112.6200     -7.5300      137.384770662460
           112.6300     -7.5300      136.333238429074
           112.6400     -7.5300      135.384684088301
           112.6500     -7.5300      134.532169363632
           112.6600     -7.5300      133.761970378146
           112.6700     -7.5300      133.055867786301
           112.6800     -7.5300      132.393831507702
           112.6900     -7.5300      131.756746450274
           112.7000     -7.5300      131.128836541933
           112.7100     -7.5300      130.499499618751
           112.7200     -7.5300      129.864355519055
           112.7300     -7.5300      129.225420185699
           112.7400     -7.5300      128.590433732779
           112.7500     -7.5300      127.971474657236
           112.7600     -7.5300      127.383072536566
           112.7700     -7.5300      126.840078718798
           112.7800     -7.5300      126.355564946330
           112.7900     -7.5300      125.938995209335
           112.8000     -7.5300      125.594862807586
           112.8100     -7.5300      125.321912496974
           112.8200     -7.5300      125.112988343526
           112.8300     -7.5300      124.955473011457
           112.8400     -7.5300      124.832223325312
           112.8500     -7.5300      124.722866547260
           112.8600     -7.5300      124.605304480866
           112.8700     -7.5300      124.457276898136
           112.8800     -7.5300      124.257857212647
           112.8900     -7.5300      123.988784926775
           112.9000     -7.5300      123.635573557152
           112.9100     -7.5300      123.188362617348
           112.9200     -7.5300      122.642502942016
           112.9300     -7.5300      121.998874138893
           112.9400     -7.5300      121.263932311969
           112.9500     -7.5300      120.449479199320
           112.9600     -7.5300      119.572136127096
           112.9700     -7.5300      118.652503850460
           112.9800     -7.5300      117.713997693983
           112.9900     -7.5300      116.781369475652
           113.0000     -7.5300      115.878963414918
           112.0000     -7.5400      118.455332725322
           112.0100     -7.5400      117.168364596113
           112.0200     -7.5400      115.888532846617
           112.0300     -7.5400      114.632423758465
           112.0400     -7.5400      113.429451480045
           112.0500     -7.5400      112.319495047380
           112.0600     -7.5400      111.348978760616
           112.0700     -7.5400      110.565884349939
           112.0800     -7.5400      110.014330982916
           112.0900     -7.5400      109.729424304402
           112.1000     -7.5400      109.733048810540
           112.1100     -7.5400      110.031161613817
           112.1200     -7.5400      110.612954702130
           112.1300     -7.5400      111.452011874670
           112.1400     -7.5400      112.509327239728
           112.1500     -7.5400      113.737808720126
           112.1600     -7.5400      115.087694735957
           112.1700     -7.5400      116.512191158753
           112.1800     -7.5400      117.972605014956
           112.1900     -7.5400      119.442315538377
           112.2000     -7.5400      120.909073734793
           112.2100     -7.5400      122.375338851482
           112.2200     -7.5400      123.856615424942
           112.2300     -7.5400      125.378014282238
           112.2400     -7.5400      126.969490846752
           112.2500     -7.5400      128.660384234752
           112.2600     -7.5400      130.473968847712
           112.2700     -7.5400      132.422725332580
           112.2800     -7.5400      134.504941132824
           112.2900     -7.5400      136.703075750922
           112.3000     -7.5400      138.984095914864
           112.3100     -7.5400      141.301731749082
           112.3200     -7.5400      143.600360343229
           112.3300     -7.5400      145.820019728960
           112.3400     -7.5400      147.901920303010
           112.3500     -7.5400      149.793769000150
           112.3600     -7.5400      151.454259456129
           112.3700     -7.5400      152.856202476530
           112.3800     -7.5400      153.987957886829
           112.3900     -7.5400      154.853055398761
           112.4000     -7.5400      155.468127775962
           112.4100     -7.5400      155.859492969635
           112.4200     -7.5400      156.058885255329
           112.4300     -7.5400      156.098928212452
           112.4400     -7.5400      156.008953996578
           112.4500     -7.5400      155.811704223286
           112.4600     -7.5400      155.521309204770
           112.4700     -7.5400      155.142754638172
           112.4800     -7.5400      154.672834659583
           112.4900     -7.5400      154.102386393825
           112.5000     -7.5400      153.419431136073
           112.5100     -7.5400      152.612733249240
           112.5200     -7.5400      151.675243776636
           112.5300     -7.5400      150.606925831705
           112.5400     -7.5400      149.416557032254
           112.5500     -7.5400      148.122255470920
           112.5600     -7.5400      146.750657997293
           112.5700     -7.5400      145.334867302184
           112.5800     -7.5400      143.911451737990
           112.5900     -7.5400      142.516906716277
           112.6000     -7.5400      141.184053020746
           112.6100     -7.5400      139.938847975371
           112.6200     -7.5400      138.798021806886
           112.6300     -7.5400      137.767834116647
           112.6400     -7.5400      136.844091516323
           112.6500     -7.5400      136.013398989027
           112.6600     -7.5400      135.255457508942
           112.6700     -7.5400      134.546090072280
           112.6800     -7.5400      133.860593996022
           112.6900     -7.5400      133.176988727891
           112.7000     -7.5400      132.478757181088
           112.7100     -7.5400      131.756758627358
           112.7200     -7.5400      131.010109643098
           112.7300     -7.5400      130.245969060432
           112.7400     -7.5400      129.478303855311
           112.7500     -7.5400      128.725836687084
           112.7600     -7.5400      128.009466975548
           112.7700     -7.5400      127.349505829283
           112.7800     -7.5400      126.763067100975
           112.7900     -7.5400      126.261915193676
           112.8000     -7.5400      125.850993615653
           112.8100     -7.5400      125.527759527996
           112.8200     -7.5400      125.282343599800
           112.8300     -7.5400      125.098456143338
           112.8400     -7.5400      124.954882190422
           112.8500     -7.5400      124.827358360333
           112.8600     -7.5400      124.690606601848
           112.8700     -7.5400      124.520312645109
           112.8800     -7.5400      124.294874347122
           112.8900     -7.5400      123.996798040813
           112.9000     -7.5400      123.613679123023
           112.9100     -7.5400      123.138756544454
           112.9200     -7.5400      122.571071830208
           112.9300     -7.5400      121.915287322718
           112.9400     -7.5400      121.181224928360
           112.9500     -7.5400      120.383178886694
           112.9600     -7.5400      119.539039935159
           112.9700     -7.5400      118.669251166752
           112.9800     -7.5400      117.795605191553
           112.9900     -7.5400      116.939893502494
           113.0000     -7.5400      116.122434792353
           112.0000     -7.5500      117.522174876978
           112.0100     -7.5500      116.171534247600
           112.0200     -7.5500      114.833236132927
           112.0300     -7.5500      113.527818340174
           112.0400     -7.5500      112.288542704962
           112.0500     -7.5500      111.158507679007
           112.0600     -7.5500      110.186271534907
           112.0700     -7.5500      109.420537382545
           112.0800     -7.5500      108.904582679580
           112.0900     -7.5500      108.671158562520
           112.1000     -7.5500      108.738531425931
           112.1100     -7.5500      109.108196750371
           112.1200     -7.5500      109.764581274075
           112.1300     -7.5500      110.676791989688
           112.1400     -7.5500      111.802202968728
           112.1500     -7.5500      113.091429091627
           112.1600     -7.5500      114.494051641952
           112.1700     -7.5500      115.964359150524
           112.1800     -7.5500      117.466361720987
           112.1900     -7.5500      118.977429430527
           112.2000     -7.5500      120.490083403703
           112.2100     -7.5500      122.011708509737
           112.2200     -7.5500      123.562227708340
           112.2300     -7.5500      125.170044126833
           112.2400     -7.5500      126.866782909803
           112.2500     -7.5500      128.681521004042
           112.2600     -7.5500      130.635258897137
           112.2700     -7.5500      132.736355507526
           112.2800     -7.5500      134.977520625890
           112.2900     -7.5500      137.334755667216
           112.3000     -7.5500      139.768380240036
           112.3100     -7.5500      142.226012814136
           112.3200     -7.5500      144.647124091792
           112.3300     -7.5500      146.968584208185
           112.3400     -7.5500      149.130505040160
           112.3500     -7.5500      151.081651575439
           112.3600     -7.5500      152.783763930134
           112.3700     -7.5500      154.214283996990
           112.3800     -7.5500      155.367196509384
           112.3900     -7.5500      156.251944003830
           112.4000     -7.5500      156.890625136551
           112.4100     -7.5500      157.313902892109
           112.4200     -7.5500      157.556205151757
           112.4300     -7.5500      157.650875237666
           112.4400     -7.5500      157.625915938601
           112.4500     -7.5500      157.500870801928
           112.4600     -7.5500      157.285216240347
           112.4700     -7.5500      156.978421571694
           112.4800     -7.5500      156.571601595599
           112.4900     -7.5500      156.050469439722
           112.5000     -7.5500      155.399125200832
           112.5100     -7.5500      154.604110789090
           112.5200     -7.5500      153.658136265857
           112.5300     -7.5500      152.562939656393
           112.5400     -7.5500      151.330871391378
           112.5500     -7.5500      149.984977198301
           112.5600     -7.5500      148.557563548961
           112.5700     -7.5500      147.087438562266
           112.5800     -7.5500      145.616200247280
           112.5900     -7.5500      144.184069467731
           112.6000     -7.5500      142.825821094268
           112.6100     -7.5500      141.567347323166
           112.6200     -7.5500      140.423296299851
           112.6300     -7.5500      139.396080780744
           112.6400     -7.5500      138.476366848601
           112.6500     -7.5500      137.644957301693
           112.6600     -7.5500      136.875804686602
           112.6700     -7.5500      136.139748623176
           112.6800     -7.5500      135.408488697247
           112.6900     -7.5500      134.658287195013
           112.7000     -7.5500      133.872945515259
           112.7100     -7.5500      133.045705447557
           112.7200     -7.5500      132.179875398394
           112.7300     -7.5500      131.288150837035
           112.7400     -7.5500      130.390764559646
           112.7500     -7.5500      129.512744003000
           112.7600     -7.5500      128.680652214660
           112.7700     -7.5500      127.919235143839
           112.7800     -7.5500      127.248387333920
           112.7900     -7.5500      126.680785392920
           112.8000     -7.5500      126.220435145004
           112.8100     -7.5500      125.862250383131
           112.8200     -7.5500      125.592647275752
           112.8300     -7.5500      125.391016966314
           112.8400     -7.5500      125.231845027008
           112.8500     -7.5500      125.087190512239
           112.8600     -7.5500      124.929223593100
           112.8700     -7.5500      124.732546991872
           112.8800     -7.5500      124.476084938217
           112.8900     -7.5500      124.144402367495
           112.9000     -7.5500      123.728402861534
           112.9100     -7.5500      123.225433003633
           112.9200     -7.5500      122.638882411412
           112.9300     -7.5500      121.977405763535
           112.9400     -7.5500      121.253903554558
           112.9500     -7.5500      120.484384871297
           112.9600     -7.5500      119.686805009257
           112.9700     -7.5500      118.879932630024
           112.9800     -7.5500      118.082265473396
           112.9900     -7.5500      117.310989181493
           113.0000     -7.5500      116.580966402870
           112.0000     -7.5600      116.837210955834
           112.0100     -7.5600      115.416219454664
           112.0200     -7.5600      114.012889470481
           112.0300     -7.5600      112.651856600451
           112.0400     -7.5600      111.370247583533
           112.0500     -7.5600      110.214303715441
           112.0600     -7.5600      109.234592193871
           112.0700     -7.5600      108.480412845355
           112.0800     -7.5600      107.994122840507
           112.0900     -7.5600      107.806122715796
           112.1000     -7.5600      107.931169360529
           112.1100     -7.5600      108.366514804567
           112.1200     -7.5600      109.092134905219
           112.1300     -7.5600      110.073039943500
           112.1400     -7.5600      111.263385556333
           112.1500     -7.5600      112.611863729809
           112.1600     -7.5600      114.067681774548
           112.1700     -7.5600      115.586355617644
           112.1800     -7.5600      117.134563809539
           112.1900     -7.5600      118.693428297350
           112.2000     -7.5600      120.259791903126
           112.2100     -7.5600      121.845323911942
           112.2200     -7.5600      123.473569791248
           112.2300     -7.5600      125.175331210559
           112.2400     -7.5600      126.982982428659
           112.2500     -7.5600      128.924469614022
           112.2600     -7.5600      131.017782153212
           112.2700     -7.5600      133.266623905313
           112.2800     -7.5600      135.657855879309
           112.2900     -7.5600      138.161050813938
           112.3000     -7.5600      140.730225348617
           112.3100     -7.5600      143.307533334840
           112.3200     -7.5600      145.828451624458
           112.3300     -7.5600      148.227800499562
           112.3400     -7.5600      150.445839321618
           112.3500     -7.5600      152.433676706239
           112.3600     -7.5600      154.157332859904
           112.3700     -7.5600      155.599975668430
           112.3800     -7.5600      156.762096433950
           112.3900     -7.5600      157.659662731316
           112.4000     -7.5600      158.320548300503
           112.4100     -7.5600      158.779758420581
           112.4200     -7.5600      159.074115302225
           112.4300     -7.5600      159.237123208945
           112.4400     -7.5600      159.294691213004
           112.4500     -7.5600      159.262259752214
           112.4600     -7.5600      159.143674521114
           112.4700     -7.5600      158.931906036902
           112.4800     -7.5600      158.611459147755
           112.4900     -7.5600      158.162088209952
           112.5000     -7.5600      157.563261128172
           112.5100     -7.5600      156.798721401698
           112.5200     -7.5600      155.860493281150
           112.5300     -7.5600      154.751760298929
           112.5400     -7.5600      153.488208914903
           112.5500     -7.5600      152.097643800601
           112.5600     -7.5600      150.617919490987
           112.5700     -7.5600      149.093462176936
           112.5800     -7.5600      147.570844467745
           112.5900     -7.5600      146.094000107055
           112.6000     -7.5600      144.699709156631
           112.6100     -7.5600      143.413942517036
           112.6200     -7.5600      142.249534863055
           112.6300     -7.5600      141.205474582063
           112.6400     -7.5600      140.267883411598
           112.6500     -7.5600      139.412536736609
           112.6600     -7.5600      138.608577651095
           112.6700     -7.5600      137.822929768627
           112.6800     -7.5600      137.024833952135
           112.6900     -7.5600      136.189931564811
           112.7000     -7.5600      135.303389858304
           112.7100     -7.5600      134.361701946527
           112.7200     -7.5600      133.372974470811
           112.7300     -7.5600      132.355715273973
           112.7400     -7.5600      131.336324212920
           112.7500     -7.5600      130.345647735280
           112.7600     -7.5600      129.415062474520
           112.7700     -7.5600      128.572593179064
           112.7800     -7.5600      127.839543247842
           112.7900     -7.5600      127.228028625392
           112.8000     -7.5600      126.739672329969
           112.8100     -7.5600      126.365557520044
           112.8200     -7.5600      126.087374354168
           112.8300     -7.5600      125.879551846080
           112.8400     -7.5600      125.712058589605
           112.8500     -7.5600      125.553497639056
           112.8600     -7.5600      125.374115491433
           112.8700     -7.5600      125.148389792611
           112.8800     -7.5600      124.856944994969
           112.8900     -7.5600      124.487654646420
           112.9000     -7.5600      124.035905719835
           112.9100     -7.5600      123.504107097691
           112.9200     -7.5600      122.900606569555
           112.9300     -7.5600      122.238228928367
           112.9400     -7.5600      121.532658482422
           112.9500     -7.5600      120.800865293961
           112.9600     -7.5600      120.059723894610
           112.9700     -7.5600      119.324908055359
           112.9800     -7.5600      118.610078897705
           112.9900     -7.5600      117.926328875384
           113.0000     -7.5600      117.281810566358
           112.0000     -7.5700      116.421995534784
           112.0100     -7.5700      114.924366654092
           112.0200     -7.5700      113.449616910174
           112.0300     -7.5700      112.026595710775
           112.0400     -7.5700      110.696300187943
           112.0500     -7.5700      109.508047404393
           112.0600     -7.5700      108.514319522558
           112.0700     -7.5700      107.764938942293
           112.0800     -7.5700      107.301329336566
           112.0900     -7.5700      107.151618163439
           112.1000     -7.5700      107.327235336087
           112.1100     -7.5700      107.821473503617
           112.1200     -7.5700      108.610222052421
           112.1300     -7.5700      109.654802581755
           112.1400     -7.5700      110.906555860326
           112.1500     -7.5700      112.312596255702
           112.1600     -7.5700      113.821990965310
           112.1700     -7.5700      115.391559878583
           112.1800     -7.5700      116.990536549288
           112.1900     -7.5700      118.603476404724
           112.2000     -7.5700      120.231026267559
           112.2100     -7.5700      121.888449696187
           112.2200     -7.5700      123.602098555307
           112.2300     -7.5700      125.404293349257
           112.2400     -7.5700      127.327286929328
           112.2500     -7.5700      129.397109845527
           112.2600     -7.5700      131.628114189806
           112.2700     -7.5700      134.018943588405
           112.2800     -7.5700      136.550471733237
           112.2900     -7.5700      139.185995008523
           112.3000     -7.5700      141.873670431968
           112.3100     -7.5700      144.550897339512
           112.3200     -7.5700      147.150088799344
           112.3300     -7.5700      149.605099995004
           112.3400     -7.5700      151.857499207277
           112.3500     -7.5700      153.861892955965
           112.3600     -7.5700      155.589646349972
           112.3700     -7.5700      157.030554945311
           112.3800     -7.5700      158.192296268003
           112.3900     -7.5700      159.097781067557
           112.4000     -7.5700      159.780797319073
           112.4100     -7.5700      160.280557785315
           112.4200     -7.5700      160.635896033878
           112.4300     -7.5700      160.879889072960
           112.4400     -7.5700      161.035613780997
           112.4500     -7.5700      161.113579647240
           112.4600     -7.5700      161.111145088879
           112.4700     -7.5700      161.013951120341
           112.4800     -7.5700      160.799131608895
           112.4900     -7.5700      160.439820717655
           112.5000     -7.5700      159.910307156532
           112.5100     -7.5700      159.191103825571
           112.5200     -7.5700      158.273220266609
           112.5300     -7.5700      157.161040379430
           112.5400     -7.5700      155.873402507642
           112.5500     -7.5700      154.442726104157
           112.5600     -7.5700      152.912294833078
           112.5700     -7.5700      151.332054147338
           112.5800     -7.5700      149.753478895310
           112.5900     -7.5700      148.224187407669
           112.6000     -7.5700      146.783007521399
           112.6100     -7.5700      145.456134423850
           112.6200     -7.5700      144.254870131635
           112.6300     -7.5700      143.175221161006
           112.6400     -7.5700      142.199383966322
           112.6500     -7.5700      141.298900536802
           112.6600     -7.5700      140.439052113952
           112.6700     -7.5700      139.583905289166
           112.6800     -7.5700      138.701351045667
           112.6900     -7.5700      137.767491780312
           112.7000     -7.5700      136.769830140241
           112.7100     -7.5700      135.708881575732
           112.7200     -7.5700      134.598045851441
           112.7300     -7.5700      133.461801908580
           112.7400     -7.5700      132.332504621260
           112.7500     -7.5700      131.246233202381
           112.7600     -7.5700      130.238247935088
           112.7700     -7.5700      129.338642485779
           112.7800     -7.5700      128.568731913409
           112.7900     -7.5700      127.938600773115
           112.8000     -7.5700      127.446069499682
           112.8100     -7.5700      127.077144781191
           112.8200     -7.5700      126.807827731553
           112.8300     -7.5700      126.606987983768
           112.8400     -7.5700      126.439893295109
           112.8500     -7.5700      126.271926394847
           112.8600     -7.5700      126.072028120096
           112.8700     -7.5700      125.815473621040
           112.8800     -7.5700      125.485703639161
           112.8900     -7.5700      125.075076666023
           112.9000     -7.5700      124.584558287968
           112.9100     -7.5700      124.022499645406
           112.9200     -7.5700      123.402759564064
           112.9300     -7.5700      122.742482373052
           112.9400     -7.5700      122.059850992912
           112.9500     -7.5700      121.372095633327
           112.9600     -7.5700      120.693962400841
           112.9700     -7.5700      120.036748351459
           112.9800     -7.5700      119.407907554513
           112.9900     -7.5700      118.811143646557
           113.0000     -7.5700      118.246842058351
           112.0000     -7.5800      116.287279698139
           112.0100     -7.5800      114.707870233742
           112.0200     -7.5800      113.156384401383
           112.0300     -7.5800      111.665926068636
           112.0400     -7.5800      110.281313114401
           112.0500     -7.5800      109.054839973939
           112.0600     -7.5800      108.040803184829
           112.0700     -7.5800      107.289489714486
           112.0800     -7.5800      106.841410965189
           112.0900     -7.5800      106.722545115051
           112.1000     -7.5800      106.941228093010
           112.1100     -7.5800      107.487124004481
           112.1200     -7.5800      108.332436151880
           112.1300     -7.5800      109.435225306913
           112.1400     -7.5800      110.744421733871
           112.1500     -7.5800      112.205889308211
           112.1600     -7.5800      113.768755019478
           112.1700     -7.5800      115.391175448971
           112.1800     -7.5800      117.044780044281
           112.1900     -7.5800      118.717201050889
           112.2000     -7.5800      120.412349946919
           112.2100     -7.5800      122.148397398330
           112.2200     -7.5800      123.953718769158
           112.2300     -7.5800      125.861339417789
           112.2400     -7.5800      127.902616854232
           112.2500     -7.5800      130.101002869826
           112.2600     -7.5800      132.466723343545
           112.2700     -7.5800      134.993096792921
           112.2800     -7.5800      137.654999975438
           112.2900     -7.5800      140.409707977413
           112.3000     -7.5800      143.200024465289
           112.3100     -7.5800      145.959316553200
           112.3200     -7.5800      148.617818157963
           112.3300     -7.5800      151.109399142279
           112.3400     -7.5800      153.377937146931
           112.3500     -7.5800      155.382482743989
           112.3600     -7.5800      157.100569097317
           112.3700     -7.5800      158.529263105703
           112.3800     -7.5800      159.683853072489
           112.3900     -7.5800      160.594378416479
           112.4000     -7.5800      161.300488384734
           112.4100     -7.5800      161.845331744059
           112.4200     -7.5800      162.269299649534
           112.4300     -7.5800      162.604453775551
           112.4400     -7.5800      162.870370673633
           112.4500     -7.5800      163.071935414616
           112.4600     -7.5800      163.199350014485
           112.4700     -7.5800      163.230321263173
           112.4800     -7.5800      163.134098955516
           112.4900     -7.5800      162.876788506371
           112.5000     -7.5800      162.427194328590
           112.5100     -7.5800      161.762384061590
           112.5200     -7.5800      160.872206870878
           112.5300     -7.5800      159.762144924199
           112.5400     -7.5800      158.454105349233
           112.5500     -7.5800      156.985039151087
           112.5600     -7.5800      155.403565793336
           112.5700     -7.5800      153.765048093495
           112.5800     -7.5800      152.125766331048
           112.5900     -7.5800      150.536956240719
           112.6000     -7.5800      149.039488263300
           112.6100     -7.5800      147.659874458733
           112.6200     -7.5800      146.408108189667
           112.6300     -7.5800      145.277595364592
           112.6400     -7.5800      144.247158399247
           112.6500     -7.5800      143.284822574130
           112.6600     -7.5800      142.352865240473
           112.6700     -7.5800      141.413451256538
           112.6800     -7.5800      140.434112874645
           112.6900     -7.5800      139.392366148521
           112.7000     -7.5800      138.278882493094
           112.7100     -7.5800      137.098834689828
           112.7200     -7.5800      135.871283198881
           112.7300     -7.5800      134.626727339692
           112.7400     -7.5800      133.403182055927
           112.7500     -7.5800      132.241323721382
           112.7600     -7.5800      131.179354812404
           112.7700     -7.5800      130.248255155257
           112.7800     -7.5800      129.468016969186
           112.7900     -7.5800      128.845314093632
           112.8000     -7.5800      128.372854598728
           112.8100     -7.5800      128.030439111551
           112.8200     -7.5800      127.787525904660
           112.8300     -7.5800      127.606917563496
           112.8400     -7.5800      127.449056566997
           112.8500     -7.5800      127.276363202830
           112.8600     -7.5800      127.057073082006
           112.8700     -7.5800      126.768126444367
           112.8800     -7.5800      126.396811228394
           112.8900     -7.5800      125.941043346177
           112.9000     -7.5800      125.408354160735
           112.9100     -7.5800      124.813820678453
           112.9200     -7.5800      124.177296485019
           112.9300     -7.5800      123.520366166095
           112.9400     -7.5800      122.863447074213
           112.9500     -7.5800      122.223403539501
           112.9600     -7.5800      121.611932260970
           112.9700     -7.5800      121.034842367685
           112.9800     -7.5800      120.492211596321
           112.9900     -7.5800      119.979273210089
           113.0000     -7.5800      119.487795280091
           112.0000     -7.5900      116.431882434669
           112.0100     -7.5900      114.767389676683
           112.0200     -7.5900      113.135757763088
           112.0300     -7.5900      111.574269777939
           112.0400     -7.5900      110.131420071846
           112.0500     -7.5900      108.862313053572
           112.0600     -7.5900      107.822917022971
           112.0700     -7.5900      107.063908851436
           112.0800     -7.5900      106.624913382839
           112.0900     -7.5900      106.529902776975
           112.1000     -7.5900      106.784379190603
           112.1100     -7.5900      107.374736731620
           112.1200     -7.5900      108.269914899248
           112.1300     -7.5900      109.425153119222
           112.1400     -7.5900      110.787374933390
           112.1500     -7.5900      112.301508959089
           112.1600     -7.5900      113.916922378151
           112.1700     -7.5900      115.593120146815
           112.1800     -7.5900      117.303953582377
           112.1900     -7.5900      119.039774542099
           112.2000     -7.5900      120.807241259764
           112.2100     -7.5900      122.626793587681
           112.2200     -7.5900      124.528127483615
           112.2300     -7.5900      126.544269234298
           112.2400     -7.5900      128.705042490438
           112.2500     -7.5900      131.030809277029
           112.2600     -7.5900      133.527337158417
           112.2700     -7.5900      136.182501741957
           112.2800     -7.5900      138.965295092270
           112.2900     -7.5900      141.827307743958
           112.3000     -7.5900      144.706524988426
           112.3100     -7.5900      147.532970555848
           112.3200     -7.5900      150.235483889548
           112.3300     -7.5900      152.748764128404
           112.3400     -7.5900      155.019775420742
           112.3500     -7.5900      157.012689742676
           112.3600     -7.5900      158.711734364228
           112.3700     -7.5900      160.121586194317
           112.3800     -7.5900      161.265277829710
           112.3900     -7.5900      162.179907220833
           112.4000     -7.5900      162.910730812824
           112.4100     -7.5900      163.504430430099
           112.4200     -7.5900      164.002449058724
           112.4300     -7.5900      164.435276219930
           112.4400     -7.5900      164.818432007752
           112.4500     -7.5900      165.150667970015
           112.4600     -7.5900      165.414603995759
           112.4700     -7.5900      165.579693434792
           112.4800     -7.5900      165.607097636485
           112.4900     -7.5900      165.455797491955
           112.5000     -7.5900      165.089107069158
           112.5100     -7.5900      164.480704354425
           112.5200     -7.5900      163.619362588722
           112.5300     -7.5900      162.511742911392
           112.5400     -7.5900      161.182870663247
           112.5500     -7.5900      159.674228237991
           112.5600     -7.5900      158.039714953382
           112.5700     -7.5900      156.340006523773
           112.5800     -7.5900      154.636055897472
           112.5900     -7.5900      152.982586085686
           112.6000     -7.5900      151.422420438915
           112.6100     -7.5900      149.982378315223
           112.6200     -7.5900      148.671250974698
           112.6300     -7.5900      147.480093223281
           112.6400     -7.5900      146.384758790614
           112.6500     -7.5900      145.350313008553
           112.6600     -7.5900      144.336714177121
           112.6700     -7.5900      143.304996705300
           112.6800     -7.5900      142.223134689253
           112.6900     -7.5900      141.070819836027
           112.7000     -7.5900      139.842543560959
           112.7100     -7.5900      138.548607311364
           112.7200     -7.5900      137.213965165916
           112.7300     -7.5900      135.875090380572
           112.7400     -7.5900      134.575314277830
           112.7500     -7.5900      133.359278027575
           112.7600     -7.5900      132.267241080279
           112.7700     -7.5900      131.329992369439
           112.7800     -7.5900      130.565013810560
           112.7900     -7.5900      129.974365299625
           112.8000     -7.5900      129.544522527692
           112.8100     -7.5900      129.248136823843
           112.8200     -7.5900      129.047435727980
           112.8300     -7.5900      128.898777414431
           112.8400     -7.5900      128.757737794572
           112.8500     -7.5900      128.584062058594
           112.8600     -7.5900      128.345856159088
           112.8700     -7.5900      128.022519353912
           112.8800     -7.5900      127.606106516476
           112.8900     -7.5900      127.101030689872
           112.9000     -7.5900      126.522240691930
           112.9100     -7.5900      125.892204558041
           112.9200     -7.5900      125.237171333802
           112.9300     -7.5900      124.583253798914
           112.9400     -7.5900      123.952866417845
           112.9500     -7.5900      123.361970795871
           112.9600     -7.5900      122.818440109357
           112.9700     -7.5900      122.321677165003
           112.9800     -7.5900      121.863435031508
           112.9900     -7.5900      121.429621937991
           113.0000     -7.5900      121.002746954411
           112.0000     -7.6000      116.842899238263
           112.0100     -7.6000      115.092444933067
           112.0200     -7.6000      113.379860306459
           112.0300     -7.6000      111.746385307980
           112.0400     -7.6000      110.243921216525
           112.0500     -7.6000      108.930116425933
           112.0600     -7.6000      107.862398120077
           112.0700     -7.6000      107.091715052321
           112.0800     -7.6000      106.656810760045
           112.0900     -7.6000      106.579791236097
           112.1000     -7.6000      106.863591976186
           112.1100     -7.6000      107.491706239240
           112.1200     -7.6000      108.430240820510
           112.1300     -7.6000      109.632056767129
           112.1400     -7.6000      111.042471773069
           112.1500     -7.6000      112.605786763380
           112.1600     -7.6000      114.271781233188
           112.1700     -7.6000      116.001317426512
           112.1800     -7.6000      117.770304472360
           112.1900     -7.6000      119.571486587869
           112.2000     -7.6000      121.413806906807
           112.2100     -7.6000      123.319422506727
           112.2200     -7.6000      125.318763533017
           112.2300     -7.6000      127.444297130840
           112.2400     -7.6000      129.723838612274
           112.2500     -7.6000      132.174322573333
           112.2600     -7.6000      134.796894989020
           112.2700     -7.6000      137.574019458267
           112.2800     -7.6000      140.469028257559
           112.2900     -7.6000      143.428226138755
           112.3000     -7.6000      146.385314704196
           112.3100     -7.6000      149.267593208135
           112.3200     -7.6000      152.003149810955
           112.3300     -7.6000      154.528118547051
           112.3400     -7.6000      156.793060813290
           112.3500     -7.6000      158.767638982163
           112.3600     -7.6000      160.442969931338
           112.3700     -7.6000      161.831348981661
           112.3800     -7.6000      162.963379872638
           112.3900     -7.6000      163.882888051598
           112.4000     -7.6000      164.640287089673
           112.4100     -7.6000      165.285272287409
           112.4200     -7.6000      165.859804046490
           112.4300     -7.6000      166.392304358774
           112.4400     -7.6000      166.893827883024
           112.4500     -7.6000      167.356706055475
           112.4600     -7.6000      167.755833576930
           112.4700     -7.6000      168.052415350505
           112.4800     -7.6000      168.199665375181
           112.4900     -7.6000      168.149690751183
           112.5000     -7.6000      167.860638158186
           112.5100     -7.6000      167.303147474935
           112.5200     -7.6000      166.465251648557
           112.5300     -7.6000      165.355070497795
           112.5400     -7.6000      164.000940617778
           112.5500     -7.6000      162.448964320420
           112.5600     -7.6000      160.758301937673
           112.5700     -7.6000      158.994828301873
           112.5800     -7.6000      157.223986505887
           112.5900     -7.6000      155.503772331177
           112.6000     -7.6000      153.878758371630
           112.6100     -7.6000      152.375922005684
           112.6200     -7.6000      151.002796220597
           112.6300     -7.6000      149.748150394939
           112.6400     -7.6000      148.585071699948
           112.6500     -7.6000      147.476001924062
           112.6600     -7.6000      146.379031232771
           112.6700     -7.6000      145.254592838970
           112.6800     -7.6000      144.071660797067
           112.6900     -7.6000      142.812631424710
           112.7000     -7.6000      141.476255317665
           112.7100     -7.6000      140.078255287409
           112.7200     -7.6000      138.649578863137
           112.7300     -7.6000      137.232549729780
           112.7400     -7.6000      135.875458322706
           112.7500     -7.6000      134.626331411682
           112.7600     -7.6000      133.526718302131
           112.7700     -7.6000      132.606315770374
           112.7800     -7.6000      131.879128984737
           112.7900     -7.6000      131.341650078709
           112.8000     -7.6000      130.973260297066
           112.8100     -7.6000      130.738763883635
           112.8200     -7.6000      130.592682556524
           112.8300     -7.6000      130.484715705744
           112.8400     -7.6000      130.365632272458
           112.8500     -7.6000      130.192822500047
           112.8600     -7.6000      129.934804128021
           112.8700     -7.6000      129.574136644612
           112.8800     -7.6000      129.108425065983
           112.8900     -7.6000      128.549358670852
           112.9000     -7.6000      127.919993332837
           112.9100     -7.6000      127.250712715859
           112.9200     -7.6000      126.574463730677
           112.9300     -7.6000      125.921935344217
           112.9400     -7.6000      125.317329632118
           112.9500     -7.6000      124.775265651108
           112.9600     -7.6000      124.299178179350
           112.9700     -7.6000      123.881351840607
           112.9800     -7.6000      123.504499059533
           112.9900     -7.6000      123.144580699642
           113.0000     -7.6000      122.774409966925
           112.0000     -7.6100      117.497253422037
           112.0100     -7.6100      115.662802883615
           112.0200     -7.6100      113.871553671027
           112.0300     -7.6100      112.168314997707
           112.0400     -7.6100      110.607982455796
           112.0500     -7.6100      109.250366404151
           112.0600     -7.6100      108.154052621112
           112.0700     -7.6100      107.370083459729
           112.0800     -7.6100      106.936289336476
           112.0900     -7.6100      106.873030433468
           112.1000     -7.6100      107.180934466105
           112.1100     -7.6100      107.840960060194
           112.1200     -7.6100      108.816810082088
           112.1300     -7.6100      110.059405777975
           112.1400     -7.6100      111.512853194968
           112.1500     -7.6100      113.121126495002
           112.1600     -7.6100      114.834587572854
           112.1700     -7.6100      116.615473604671
           112.1800     -7.6100      118.441613806267
           112.1900     -7.6100      120.307867842346
           112.2000     -7.6100      122.225081067472
           112.2100     -7.6100      124.216686050954
           112.2200     -7.6100      126.313400795459
           112.2300     -7.6100      128.546738094275
           112.2400     -7.6100      130.942211152044
           112.2500     -7.6100      133.513173694312
           112.2600     -7.6100      136.256159724895
           112.2700     -7.6100      139.148397244810
           112.2800     -7.6100      142.147886032637
           112.2900     -7.6100      145.196089296413
           112.3000     -7.6100      148.222937896638
           112.3100     -7.6100      151.153531080856
           112.3200     -7.6100      153.915681988411
           112.3300     -7.6100      156.447332045496
           112.3400     -7.6100      158.702863507177
           112.3500     -7.6100      160.657474297890
           112.3600     -7.6100      162.309026989453
           112.3700     -7.6100      163.677111981114
           112.3800     -7.6100      164.799430405167
           112.3900     -7.6100      165.725956381258
           112.4000     -7.6100      166.511633610344
           112.4100     -7.6100      167.208558164617
           112.4200     -7.6100      167.858670911036
           112.4300     -7.6100      168.487919173570
           112.4400     -7.6100      169.102655945037
           112.4500     -7.6100      169.688751239290
           112.4600     -7.6100      170.213532841252
           112.4700     -7.6100      170.630300185065
           112.4800     -7.6100      170.884815050833
           112.4900     -7.6100      170.922911500298
           112.5000     -7.6100      170.698219773990
           112.5100     -7.6100      170.178984391808
           112.5200     -7.6100      169.353077283588
           112.5300     -7.6100      168.230546228295
           112.5400     -7.6100      166.843365141113
           112.5500     -7.6100      165.242422210213
           112.5600     -7.6100      163.492145262284
           112.5700     -7.6100      161.663472681347
           112.5800     -7.6100      159.826091797138
           112.5900     -7.6100      158.040956869889
           112.6000     -7.6100      156.354054213493
           112.6100     -7.6100      154.792209289382
           112.6200     -7.6100      153.361453553500
           112.6300     -7.6100      152.048125075612
           112.6400     -7.6100      150.822512819491
           112.6500     -7.6100      149.644518763679
           112.6600     -7.6100      148.470549415413
           112.6700     -7.6100      147.260693273638
           112.6800     -7.6100      145.985213286975
           112.6900     -7.6100      144.629485919887
           112.7000     -7.6100      143.196736187923
           112.7100     -7.6100      141.708220704723
           112.7200     -7.6100      140.200857003370
           112.7300     -7.6100      138.722640280469
           112.7400     -7.6100      137.326482283648
           112.7500     -7.6100      136.063312432536
           112.7600     -7.6100      134.975371811068
           112.7700     -7.6100      134.090595522986
           112.7800     -7.6100      133.418824243104
           112.7900     -7.6100      132.950333841308
           112.8000     -7.6100      132.656857774657
           112.8100     -7.6100      132.494943566390
           112.8200     -7.6100      132.411177187600
           112.8300     -7.6100      132.348568502998
           112.8400     -7.6100      132.253248513202
           112.8500     -7.6100      132.080602569526
           112.8600     -7.6100      131.800054761382
           112.8700     -7.6100      131.397913042351
           112.8800     -7.6100      130.877954352329
           112.8900     -7.6100      130.259736239153
           112.9000     -7.6100      129.574924059713
           112.9100     -7.6100      128.862179907266
           112.9200     -7.6100      128.161337073092
           112.9300     -7.6100      127.507659681072
           112.9400     -7.6100      126.926953057353
           112.9500     -7.6100      126.432153543791
           112.9600     -7.6100      126.021807916396
           112.9700     -7.6100      125.680584201371
           112.9800     -7.6100      125.381675548340
           112.9900     -7.6100      125.090705776880
           113.0000     -7.6100      124.770553497971
           112.0000     -7.6200      118.364426712853
           112.0100     -7.6200      116.451002824122
           112.0200     -7.6200      114.586706433013
           112.0300     -7.6200      112.819360544504
           112.0400     -7.6200      111.206297028178
           112.0500     -7.6200      109.808987538896
           112.0600     -7.6200      108.686785342929
           112.0700     -7.6200      107.890583255295
           112.0800     -7.6200      107.457223705850
           112.0900     -7.6200      107.405414605127
           112.1000     -7.6200      107.733718201091
           112.1100     -7.6200      108.420912981208
           112.1200     -7.6200      109.428715840003
           112.1300     -7.6200      110.706535044696
           112.1400     -7.6200      112.197647095282
           112.1500     -7.6200      113.845990865467
           112.1600     -7.6200      115.602678924186
           112.1700     -7.6200      117.431353128776
           112.1800     -7.6200      119.311657662993
           112.1900     -7.6200      121.240349630673
           112.2000     -7.6200      123.229883043493
           112.2100     -7.6200      125.304644636947
           112.2200     -7.6200      127.495343212103
           112.2300     -7.6200      129.832313896126
           112.2400     -7.6200      132.338658628012
           112.2500     -7.6200      135.024181158455
           112.2600     -7.6200      137.880982145307
           112.2700     -7.6200      140.881368292308
           112.2800     -7.6200      143.978425963544
           112.2900     -7.6200      147.109254162771
           112.3000     -7.6200      150.200491600840
           112.3100     -7.6200      153.175456401221
           112.3200     -7.6200      155.961988061440
           112.3300     -7.6200      158.499971561399
           112.3400     -7.6200      160.747549220493
           112.3500     -7.6200      162.685185197468
           112.3600     -7.6200      164.317020524293
           112.3700     -7.6200      165.669307885243
           112.3800     -7.6200      166.786098737394
           112.3900     -7.6200      167.722719828348
           112.4000     -7.6200      168.537872808848
           112.4100     -7.6200      169.285379267369
           112.4200     -7.6200      170.006648104819
           112.4300     -7.6200      170.724854462484
           112.4400     -7.6200      171.441600146678
           112.4500     -7.6200      172.136503053803
           112.4600     -7.6200      172.769779828308
           112.4700     -7.6200      173.287492555617
           112.4800     -7.6200      173.628778946030
           112.4900     -7.6200      173.734123020685
           112.5000     -7.6200      173.553584860882
           112.5100     -7.6200      173.053912161869
           112.5200     -7.6200      172.223602778968
           112.5300     -7.6200      171.075256820992
           112.5400     -7.6200      169.644913366697
           112.5500     -7.6200      167.988463146540
           112.5600     -7.6200      166.175611840205
           112.5700     -7.6200      164.282188054492
           112.5800     -7.6200      162.381803224509
           112.5900     -7.6200      160.537949545453
           112.6000     -7.6200      158.797556524475
           112.6100     -7.6200      157.186826105378
           112.6200     -7.6200      155.709857873717
           112.6300     -7.6200      154.350201246399
           112.6400     -7.6200      153.075081144353
           112.6500     -7.6200      151.841689711970
           112.6600     -7.6200      150.604666341622
           112.6700     -7.6200      149.323737310500
           112.6800     -7.6200      147.970474274981
           112.6900     -7.6200      146.533258480930
           112.7000     -7.6200      145.019786856824
           112.7100     -7.6200      143.456792925459
           112.7200     -7.6200      141.887033905491
           112.7300     -7.6200      140.363964353012
           112.7400     -7.6200      138.944826684493
           112.7500     -7.6200      137.683098651624
           112.7600     -7.6200      136.621319802847
           112.7700     -7.6200      135.785263053935
           112.7800     -7.6200      135.180232225654
           112.7900     -7.6200      134.789977671215
           112.8000     -7.6200      134.578369525635
           112.8100     -7.6200      134.493599561574
           112.8200     -7.6200      134.474347779071
           112.8300     -7.6200      134.457093365988
           112.8400     -7.6200      134.383605254197
           112.8500     -7.6200      134.207633454105
           112.8600     -7.6200      133.899939215896
           112.8700     -7.6200      133.451032726477
           112.8800     -7.6200      132.871299231839
           112.8900     -7.6200      132.188545266042
           112.9000     -7.6200      131.443338450692
           112.9100     -7.6200      130.682801277532
           112.9200     -7.6200      129.953713562343
           112.9300     -7.6200      129.295855044917
           112.9400     -7.6200      128.736470323612
           112.9500     -7.6200      128.286571560353
           112.9600     -7.6200      127.939534574238
           112.9700     -7.6200      127.672127719402
           112.9800     -7.6200      127.447784067981
           112.9900     -7.6200      127.221630666540
           113.0000     -7.6200      126.946563668697
           112.0000     -7.6300      119.410052878459
           112.0100     -7.6300      117.425719340040
           112.0200     -7.6300      115.497270134469
           112.0300     -7.6300      113.674832522251
           112.0400     -7.6300      112.017485287793
           112.0500     -7.6300      110.587755306920
           112.0600     -7.6300      109.445292788519
           112.0700     -7.6300      108.640541741558
           112.0800     -7.6300      108.209244275448
           112.0900     -7.6300      108.168525039889
           112.1000     -7.6300      108.515105734108
           112.1100     -7.6300      109.225924007675
           112.1200     -7.6300      110.261112480166
           112.1300     -7.6300      111.568974881673
           112.1400     -7.6300      113.092321139352
           112.1500     -7.6300      114.775330106490
           112.1600     -7.6300      116.570025477263
           112.1700     -7.6300      118.441490584123
           112.1800     -7.6300      120.371107889330
           112.1900     -7.6300      122.357369213389
           112.2000     -7.6300      124.414129200530
           112.2100     -7.6300      126.566523686463
           112.2200     -7.6300      128.845099170711
           112.2300     -7.6300      131.278954771846
           112.2400     -7.6300      133.888847890204
           112.2500     -7.6300      136.681237163587
           112.2600     -7.6300      139.644126068590
           112.2700     -7.6300      142.745340578228
           112.2800     -7.6300      145.933554016118
           112.2900     -7.6300      149.142003754447
           112.3000     -7.6300      152.294476962951
           112.3100     -7.6300      155.312826069276
           112.3200     -7.6300      158.125052576885
           112.3300     -7.6300      160.672901839260
           112.3400     -7.6300      162.917956119446
           112.3500     -7.6300      164.845394749153
           112.3600     -7.6300      166.464885905452
           112.3700     -7.6300      167.808446230702
           112.3800     -7.6300      168.925503329002
           112.3900     -7.6300      169.875768975121
           112.4000     -7.6300      170.720827483102
           112.4100     -7.6300      171.515523626218
           112.4200     -7.6300      172.300272553467
           112.4300     -7.6300      173.095303868092
           112.4400     -7.6300      173.897606781750
           112.4500     -7.6300      174.680994560734
           112.4600     -7.6300      175.399299929428
           112.4700     -7.6300      175.992302325120
           112.4800     -7.6300      176.393627439937
           112.4900     -7.6300      176.539597464643
           112.5000     -7.6300      176.377882096874
           112.5100     -7.6300      175.874823248846
           112.5200     -7.6300      175.020477939828
           112.5300     -7.6300      173.830721701037
           112.5400     -7.6300      172.346139665599
           112.5500     -7.6300      170.627853383184
           112.5600     -7.6300      168.750832419235
           112.5700     -7.6300      166.795567687983
           112.5800     -7.6300      164.839194670780
           112.5900     -7.6300      162.947221204748
           112.6000     -7.6300      161.166927743640
           112.6100     -7.6300      159.523279745846
           112.6200     -7.6300      158.017852893191
           112.6300     -7.6300      156.630867723376
           112.6400     -7.6300      155.326015154827
           112.6500     -7.6300      154.057383851857
           112.6600     -7.6300      152.777523883539
           112.6700     -7.6300      151.445535406224
           112.6800     -7.6300      150.034075239983
           112.6900     -7.6300      148.534327132741
           112.7000     -7.6300      146.958262149804
           112.7100     -7.6300      145.337885826784
           112.7200     -7.6300      143.721578396718
           112.7300     -7.6300      142.168028315932
           112.7400     -7.6300      140.738584540105
           112.7500     -7.6300      139.489066034767
           112.7600     -7.6300      138.462139583645
           112.7700     -7.6300      137.681299822476
           112.7800     -7.6300      137.147269488124
           112.7900     -7.6300      136.837312671587
           112.8000     -7.6300      136.707563506578
           112.8100     -7.6300      136.698069888419
           112.8200     -7.6300      136.739890609819
           112.8300     -7.6300      136.763312972481
           112.8400     -7.6300      136.706112412954
           112.8500     -7.6300      136.520774800168
           112.8600     -7.6300      136.179745120145
           112.8700     -7.6300      135.678033238878
           112.8800     -7.6300      135.032861800957
           112.8900     -7.6300      134.280435074348
           112.9000     -7.6300      133.470287749046
           112.9100     -7.6300      132.657988622415
           112.9200     -7.6300      131.897184076047
           112.9300     -7.6300      131.232043160142
           112.9400     -7.6300      130.691100944956
           112.9500     -7.6300      130.283299720274
           112.9600     -7.6300      129.996726378209
           112.9700     -7.6300      129.800180355622
           112.9800     -7.6300      129.647329266854
           112.9900     -7.6300      129.482869476350
           113.0000     -7.6300      129.249851371315
           112.0000     -7.6400      120.599942491546
           112.0100     -7.6400      118.555548388915
           112.0200     -7.6400      116.574773382372
           112.0300     -7.6400      114.709214843427
           112.0400     -7.6400      113.018907547700
           112.0500     -7.6400      111.566750487054
           112.0600     -7.6400      110.412166337696
           112.0700     -7.6400      109.604816393875
           112.0800     -7.6400      109.179209351937
           112.0900     -7.6400      109.150942663615
           112.1000     -7.6400      109.515111498038
           112.1100     -7.6400      110.247138552214
           112.1200     -7.6400      111.305955281234
           112.1300     -7.6400      112.639145245680
           112.1400     -7.6400      114.189387341001
           112.1500     -7.6400      115.901349209757
           112.1600     -7.6400      117.728106616138
           112.1700     -7.6400      119.636215404504
           112.1800     -7.6400      121.608734248151
           112.1900     -7.6400      123.645767389865
           112.2000     -7.6400      125.762431583099
           112.2100     -7.6400      127.984505623926
           112.2200     -7.6400      130.342345946717
           112.2300     -7.6400      132.863902610037
           112.2400     -7.6400      135.567810884133
           112.2500     -7.6400      138.457543279299
           112.2600     -7.6400      141.517481542082
           112.2700     -7.6400      144.711522605337
           112.2800     -7.6400      147.984498094999
           112.2900     -7.6400      151.266307805398
           112.3000     -7.6400      154.478294421064
           112.3100     -7.6400      157.541070549962
           112.3200     -7.6400      160.382793772047
           112.3300     -7.6400      162.946801818431
           112.3400     -7.6400      165.197581698937
           112.3500     -7.6400      167.124247628428
           112.3600     -7.6400      168.741018067373
           112.3700     -7.6400      170.084571377978
           112.3800     -7.6400      171.208571285776
           112.3900     -7.6400      172.176032597765
           112.4000     -7.6400      173.050493195195
           112.4100     -7.6400      173.887129549342
           112.4200     -7.6400      174.724975480165
           112.4300     -7.6400      175.581272852709
           112.4400     -7.6400      176.448714166217
           112.4500     -7.6400      177.295964914493
           112.4600     -7.6400      178.071426706834
           112.4700     -7.6400      178.709776711992
           112.4800     -7.6400      179.140451559253
           112.4900     -7.6400      179.296983615334
           112.5000     -7.6400      179.125979796403
           112.5100     -7.6400      178.594574225377
           112.5200     -7.6400      177.695381454775
           112.5300     -7.6400      176.448301392413
           112.5400     -7.6400      174.898937916998
           112.5500     -7.6400      173.113836178792
           112.5600     -7.6400      171.173159993851
           112.5700     -7.6400      169.161765179366
           112.5800     -7.6400      167.159832565878
           112.5900     -7.6400      165.234277989885
           112.6000     -7.6400      163.432048617015
           112.6100     -7.6400      161.776159850948
           112.6200     -7.6400      160.264958916320
           112.6300     -7.6400      158.874669187472
           112.6400     -7.6400      157.564831259634
           112.6500     -7.6400      156.285871237777
           112.6600     -7.6400      154.987745320029
           112.6700     -7.6400      153.628470074205
           112.6800     -7.6400      152.181368420421
           112.6900     -7.6400      150.640039289459
           112.7000     -7.6400      149.020370150639
           112.7100     -7.6400      147.359314133024
           112.7200     -7.6400      145.710593099440
           112.7300     -7.6400      144.137905625475
           112.7400     -7.6400      142.706558243600
           112.7500     -7.6400      141.474653946361
           112.7600     -7.6400      140.485034884603
           112.7700     -7.6400      139.759078071087
           112.7800     -7.6400      139.293196975618
           112.7900     -7.6400      139.058541276377
           112.8000     -7.6400      139.003960171442
           112.8100     -7.6400      139.061858834748
           112.8200     -7.6400      139.156191215494
           112.8300     -7.6400      139.211547095661
           112.8400     -7.6400      139.162145156197
           112.8500     -7.6400      138.959556065089
           112.8600     -7.6400      138.578148344454
           112.8700     -7.6400      138.017552127053
           112.8800     -7.6400      137.301831209501
           112.8900     -7.6400      136.475489103213
           112.9000     -7.6400      135.596851984155
           112.9100     -7.6400      134.729715113788
           112.9200     -7.6400      133.934364073047
           112.9300     -7.6400      133.259158727652
           112.9400     -7.6400      132.733786850979
           112.9500     -7.6400      132.365067448271
           112.9600     -7.6400      132.135842096825
           112.9700     -7.6400      132.007082173667
           112.9800     -7.6400      131.922915636016
           112.9900     -7.6400      131.817895412367
           113.0000     -7.6400      131.625542682061
           112.0000     -7.6500      121.904042954023
           112.0100     -7.6500      119.812739528429
           112.0200     -7.6500      117.793782723700
           112.0300     -7.6500      115.899324035861
           112.0400     -7.6500      114.189504753446
           112.0500     -7.6500      112.726876934394
           112.0600     -7.6500      111.570094635423
           112.0700     -7.6500      110.767700010133
           112.0800     -7.6500      110.352840460544
           112.0900     -7.6500      110.339648689979
           112.1000     -7.6500      110.721809107556
           112.1100     -7.6500      111.473548205167
           112.1200     -7.6500      112.552961260256
           112.1300     -7.6500      113.907267301131
           112.1400     -7.6500      115.479313244024
           112.1500     -7.6500      117.214465069798
           112.1600     -7.6500      119.066956026237
           112.1700     -7.6500      121.004820877240
           112.1800     -7.6500      123.012725587968
           112.1900     -7.6500      125.092281053738
           112.2000     -7.6500      127.259770965622
           112.2100     -7.6500      129.541581766084
           112.2200     -7.6500      131.967947852899
           112.2300     -7.6500      134.565872275974
           112.2400     -7.6500      137.352216575737
           112.2500     -7.6500      140.327952541697
           112.2600     -7.6500      143.474431002783
           112.2700     -7.6500      146.752264506077
           112.2800     -7.6500      150.103074936620
           112.2900     -7.6500      153.453969405653
           112.3000     -7.6500      156.724230268019
           112.3100     -7.6500      159.833389626155
           112.3200     -7.6500      162.709649296343
           112.3300     -7.6500      165.297534418133
           112.3400     -7.6500      167.563745085217
           112.3500     -7.6500      169.500387942459
           112.3600     -7.6500      171.125101712186
           112.3700     -7.6500      172.477994241815
           112.3800     -7.6500      173.615730721217
           112.3900     -7.6500      174.603496736066
           112.4000     -7.6500      175.505853652132
           112.4100     -7.6500      176.377666734822
           112.4200     -7.6500      177.256294733382
           112.4300     -7.6500      178.156080202118
           112.4400     -7.6500      179.065890530693
           112.4500     -7.6500      179.950067411109
           112.4600     -7.6500      180.752698378221
           112.4700     -7.6500      181.404686695404
           112.4800     -7.6500      181.832723467264
           112.4900     -7.6500      181.969008549543
           112.5000     -7.6500      181.760459753370
           112.5100     -7.6500      181.176208385003
           112.5200     -7.6500      180.212396704776
           112.5300     -7.6500      178.893641541090
           112.5400     -7.6500      177.270962491685
           112.5500     -7.6500      175.416435635967
           112.5600     -7.6500      173.415263138396
           112.5700     -7.6500      171.356288325435
           112.5800     -7.6500      169.322189348586
           112.5900     -7.6500      167.380624924747
           112.6000     -7.6500      165.577477093606
           112.6100     -7.6500      163.933055232206
           112.6200     -7.6500      162.441729895815
           112.6300     -7.6500      161.075007068690
           112.6400     -7.6500      159.787594231983
           112.6500     -7.6500      158.525610707351
           112.6600     -7.6500      157.235809487772
           112.6700     -7.6500      155.874544557334
           112.6800     -7.6500      154.415254547930
           112.6900     -7.6500      152.853435722368
           112.7000     -7.6500      151.208417765638
           112.7100     -7.6500      149.521689155527
           112.7200     -7.6500      147.851986892978
           112.7300     -7.6500      146.267805275828
           112.7400     -7.6500      144.838331050643
           112.7500     -7.6500      143.624030153220
           112.7600     -7.6500      142.668164842023
           112.7700     -7.6500      141.990401829706
           112.7800     -7.6500      141.583397541924
           112.7900     -7.6500      141.412852363067
           112.8000     -7.6500      141.421064240959
           112.8100     -7.6500      141.533544950726
           112.8200     -7.6500      141.667852101832
           112.8300     -7.6500      141.743491499727
           112.8400     -7.6500      141.691597734417
           112.8500     -7.6500      141.463125608879
           112.8600     -7.6500      141.034478109499
           112.8700     -7.6500      140.409832483172
           112.8800     -7.6500      139.619860033636
           112.8900     -7.6500      138.717009854711
           112.9000     -7.6500      137.767978913610
           112.9100     -7.6500      136.844360779156
           112.9200     -7.6500      136.012703987997
           112.9300     -7.6500      135.325287199084
           112.9400     -7.6500      134.812822180877
           112.9500     -7.6500      134.480040442900
           112.9600     -7.6500      134.304739131868
           112.9700     -7.6500      134.240407239588
           112.9800     -7.6500      134.222084415893
           112.9900     -7.6500      134.174683533067
           113.0000     -7.6500      134.022689781657
           112.0000     -7.6600      123.299836540415
           112.0100     -7.6600      121.176396736230
           112.0200     -7.6600      119.134878114884
           112.0300     -7.6600      117.227040820867
           112.0400     -7.6600      115.512276989341
           112.0500     -7.6600      114.052086670737
           112.0600     -7.6600      112.903843018940
           112.0700     -7.6600      112.114669442140
           112.0800     -7.6600      111.716261600579
           112.0900     -7.6600      111.721380869439
           112.1000     -7.6600      112.122535299409
           112.1100     -7.6600      112.893076257860
           112.1200     -7.6600      113.990612308622
           112.1300     -7.6600      115.362321246333
           112.1400     -7.6600      116.951471429241
           112.1500     -7.6600      118.704283393956
           112.1600     -7.6600      120.576199246984
           112.1700     -7.6600      122.536691881722
           112.1800     -7.6600      124.571932450791
           112.1900     -7.6600      126.684919448851
           112.2000     -7.6600      128.893018782099
           112.2100     -7.6600      131.223224626833
           112.2200     -7.6600      133.705776076157
           112.2300     -7.6600      136.367008780358
           112.2400     -7.6600      139.222448522467
           112.2500     -7.6600      142.271144832740
           112.2600     -7.6600      145.492095671775
           112.2700     -7.6600      148.843346250683
           112.2800     -7.6600      152.263990529387
           112.2900     -7.6600      155.678909722839
           112.3000     -7.6600      159.005701478687
           112.3100     -7.6600      162.162938655915
           112.3200     -7.6600      165.078692184924
           112.3300     -7.6600      167.698188437162
           112.3400     -7.6600      169.989559389901
           112.3500     -7.6600      171.946874672609
           112.3600     -7.6600      173.589989765856
           112.3700     -7.6600      174.961159611903
           112.3800     -7.6600      176.118796897952
           112.3900     -7.6600      177.129141570735
           112.4000     -7.6600      178.056899873679
           112.4100     -7.6600      178.956066592391
           112.4200     -7.6600      179.862140251619
           112.4300     -7.6600      180.786775854852
           112.4400     -7.6600      181.715613179293
           112.4500     -7.6600      182.609609680919
           112.4600     -7.6600      183.409749008899
           112.4700     -7.6600      184.044549485660
           112.4800     -7.6600      184.439421355466
           112.4900     -7.6600      184.526667949702
           112.5000     -7.6600      184.254829184822
           112.5100     -7.6600      183.596140375139
           112.5200     -7.6600      182.551116815597
           112.5300     -7.6600      181.149644729584
           112.5400     -7.6600      179.448413770552
           112.5500     -7.6600      177.525005446269
           112.5600     -7.6600      175.469392018820
           112.5700     -7.6600      173.373942820914
           112.5800     -7.6600      171.323233413873
           112.5900     -7.6600      169.384980446057
           112.6000     -7.6600      167.603277013724
           112.6100     -7.6600      165.994998778124
           112.6200     -7.6600      164.549830069494
           112.6300     -7.6600      163.233877491451
           112.6400     -7.6600      161.996360272977
           112.6500     -7.6600      160.778455749429
           112.6600     -7.6600      159.523090068775
           112.6700     -7.6600      158.184337489275
           112.6800     -7.6600      156.735143937120
           112.6900     -7.6600      155.172315378937
           112.7000     -7.6600      153.518079434990
           112.7100     -7.6600      151.817990646984
           112.7200     -7.6600      150.135444269441
           112.7300     -7.6600      148.543524161831
           112.7400     -7.6600      147.115275403736
           112.7500     -7.6600      145.913712328486
           112.7600     -7.6600      144.982917715704
           112.7700     -7.6600      144.341452179301
           112.7800     -7.6600      143.978991915965
           112.7900     -7.6600      143.856687537885
           112.8000     -7.6600      143.911243077604
           112.8100     -7.6600      144.062218080725
           112.8200     -7.6600      144.221623183121
           112.8300     -7.6600      144.304568587433
           112.8400     -7.6600      144.239577246128
           112.8500     -7.6600      143.977210508212
           112.8600     -7.6600      143.495869298432
           112.8700     -7.6600      142.804000524355
           112.8800     -7.6600      141.938408155210
           112.8900     -7.6600      140.958879340119
           112.9000     -7.6600      139.939820555296
           112.9100     -7.6600      138.959993039155
           112.9200     -7.6600      138.091688564059
           112.9300     -7.6600      137.390762603812
           112.9400     -7.6600      136.888832111066
           112.9500     -7.6600      136.588663871697
           112.9600     -7.6600      136.463363787661
           112.9700     -7.6600      136.459482130667
           112.9800     -7.6600      136.503639860436
           112.9900     -7.6600      136.511823333386
           113.0000     -7.6600      136.400148908236
           112.0000     -7.6700      124.774739961601
           112.0100     -7.6700      122.634729315709
           112.0200     -7.6700      120.586746517550
           112.0300     -7.6700      118.681242623967
           112.0400     -7.6700      116.976055561771
           112.0500     -7.6700      115.530996091403
           112.0600     -7.6700      114.401721729518
           112.0700     -7.6700      113.633716495104
           112.0800     -7.6700      113.257205858200
           112.0900     -7.6700      113.283730810781
           112.1000     -7.6700      113.704894634172
           112.1100     -7.6700      114.493507892614
           112.1200     -7.6700      115.607030193572
           112.1300     -7.6700      116.992886420661
           112.1400     -7.6700      118.594965687690
           112.1500     -7.6700      120.360432175917
           112.1600     -7.6700      122.245915463725
           112.1700     -7.6700      124.222215222149
           112.1800     -7.6700      126.276844732815
           112.1900     -7.6700      128.414025856064
           112.2000     -7.6700      130.652096839487
           112.2100     -7.6700      133.018656459406
           112.2200     -7.6700      135.544093321089
           112.2300     -7.6700      138.254391653073
           112.2400     -7.6700      141.164229094768
           112.2500     -7.6700      144.271367939393
           112.2600     -7.6700      147.553187924966
           112.2700     -7.6700      150.965934076390
           112.2800     -7.6700      154.446892514340
           112.2900     -7.6700      157.919308360437
           112.3000     -7.6700      161.299476909204
           112.3100     -7.6700      164.505125040130
           112.3200     -7.6700      167.463998956037
           112.3300     -7.6700      170.121516652395
           112.3400     -7.6700      172.446439928297
           112.3500     -7.6700      174.433761286133
           112.3600     -7.6700      176.104355935072
           112.3700     -7.6700      177.501372401627
           112.3800     -7.6700      178.683770922634
           112.3900     -7.6700      179.717808153290
           112.4000     -7.6700      180.667556343484
           112.4100     -7.6700      181.585694211127
           112.4200     -7.6700      182.505792804879
           112.4300     -7.6700      183.437141892494
           112.4400     -7.6700      184.362842106641
           112.4500     -7.6700      185.241466013220
           112.4600     -7.6700      186.012122492519
           112.4700     -7.6700      186.602305422763
           112.4800     -7.6700      186.937530455865
           112.4900     -7.6700      186.951514038392
           112.5000     -7.6700      186.595561627404
           112.5100     -7.6700      185.845920781026
           112.5200     -7.6700      184.708109548963
           112.5300     -7.6700      183.217619098967
           112.5400     -7.6700      181.436861317263
           112.5500     -7.6700      179.448725116974
           112.5600     -7.6700      177.347553884033
           112.5700     -7.6700      175.228700750961
           112.5800     -7.6700      173.178011552480
           112.5900     -7.6700      171.262600558922
           112.6000     -7.6700      169.524118169099
           112.6100     -7.6700      167.975383638403
           112.6200     -7.6700      166.600812148086
           112.6300     -7.6700      165.360562628018
           112.6400     -7.6700      164.197837541123
           112.6500     -7.6700      163.048344510206
           112.6600     -7.6700      161.850638906202
           112.6700     -7.6700      160.555945860241
           112.6800     -7.6700      159.136126605408
           112.6900     -7.6700      157.588699645428
           112.7000     -7.6700      155.938220018200
           112.7100     -7.6700      154.233808040774
           112.7200     -7.6700      152.543137533401
           112.7300     -7.6700      150.943673358825
           112.7400     -7.6700      149.512324752811
           112.7500     -7.6700      148.314903416223
           112.7600     -7.6700      147.396813096131
           112.7700     -7.6700      146.776244346683
           112.7800     -7.6700      146.440823725732
           112.7900     -7.6700      146.348213215321
           112.8000     -7.6700      146.430632928178
           112.8100     -7.6700      146.602757458275
           112.8200     -7.6700      146.771983136739
           112.8300     -7.6700      146.849740588104
           112.8400     -7.6700      146.762377904306
           112.8500     -7.6700      146.460185109959
           112.8600     -7.6700      145.923365299099
           112.8700     -7.6700      145.164151672598
           112.8800     -7.6700      144.224771307235
           112.8900     -7.6700      143.171500035675
           112.9000     -7.6700      142.085566776263
           112.9100     -7.6700      141.052082216885
           112.9200     -7.6700      140.148430823421
           112.9300     -7.6700      139.433641600446
           112.9400     -7.6700      138.940131415506
           112.9500     -7.6700      138.668910577091
           112.9600     -7.6700      138.588893283643
           112.9700     -7.6700      138.640423856941
           112.9800     -7.6700      138.742582740703
           112.9900     -7.6700      138.803345437137
           113.0000     -7.6700      138.731296801441
           112.0000     -7.6800      126.327187473726
           112.0100     -7.6800      124.186050200558
           112.0200     -7.6800      122.147107908394
           112.0300     -7.6800      120.258669429776
           112.0400     -7.6800      118.576319786616
           112.0500     -7.6800      117.157663168974
           112.0600     -7.6800      116.056331049730
           112.0700     -7.6800      115.316066411000
           112.0800     -7.6800      114.965710642060
           112.0900     -7.6800      115.015817688449
           112.1000     -7.6800      115.457412211095
           112.1100     -7.6800      116.263121887561
           112.1200     -7.6800      117.390587371592
           112.1300     -7.6800      118.787732158954
           112.1400     -7.6800      120.399204261548
           112.1500     -7.6800      122.173121548248
           112.1600     -7.6800      124.067190373333
           112.1700     -7.6800      126.053334194566
           112.1800     -7.6800      128.120158857540
           112.1900     -7.6800      130.272870265142
           112.2000     -7.6800      132.530610021112
           112.2100     -7.6800      134.921537742632
           112.2200     -7.6800      137.476314600789
           112.2300     -7.6800      140.220884896516
           112.2400     -7.6800      143.169575395268
           112.2500     -7.6800      146.319515851882
           112.2600     -7.6800      149.647227708368
           112.2700     -7.6800      153.107949826078
           112.2800     -7.6800      156.637906059303
           112.2900     -7.6800      160.159317875234
           112.3000     -7.6800      163.587580662392
           112.3100     -7.6800      166.839708218260
           112.3200     -7.6800      169.842950941513
           112.3300     -7.6800      172.542439325110
           112.3400     -7.6800      174.906805996414
           112.3500     -7.6800      176.930986210342
           112.3600     -7.6800      178.635757756433
           112.3700     -7.6800      180.064009861207
           112.3800     -7.6800      181.274169927241
           112.3900     -7.6800      182.331607425310
           112.4000     -7.6800      183.299122083401
           112.4100     -7.6800      184.227767825436
           112.4200     -7.6800      185.149242593521
           112.4300     -7.6800      186.070887196099
           112.4400     -7.6800      186.974006028685
           112.4500     -7.6800      187.815791003173
           112.4600     -7.6800      188.534653696342
           112.4700     -7.6800      189.058312875592
           112.4800     -7.6800      189.313606896299
           112.4900     -7.6800      189.236754779990
           112.5000     -7.6800      188.782710820546
           112.5100     -7.6800      187.932358124357
           112.5200     -7.6800      186.696555425610
           112.5300     -7.6800      185.116454956668
           112.5400     -7.6800      183.259994789115
           112.5500     -7.6800      181.214972978652
           112.5600     -7.6800      179.079565988740
           112.5700     -7.6800      176.951499005462
           112.5800     -7.6800      174.917263770835
           112.5900     -7.6800      173.042783905155
           112.6000     -7.6800      171.366746136528
           112.6100     -7.6800      169.897471028029
           112.6200     -7.6800      168.613733339402
           112.6300     -7.6800      167.469420963992
           112.6400     -7.6800      166.401411534749
           112.6500     -7.6800      165.339615407728
           112.6600     -7.6800      164.217840812308
           112.6700     -7.6800      162.984021559052
           112.6800     -7.6800      161.608426434991
           112.6900     -7.6800      160.088733079261
           112.7000     -7.6800      158.451263735042
           112.7100     -7.6800      156.748191438936
           112.7200     -7.6800      155.051065303853
           112.7300     -7.6800      153.441500643093
           112.7400     -7.6800      152.000267121663
           112.7500     -7.6800      150.796233471446
           112.7600     -7.6800      149.876659433225
           112.7700     -7.6800      149.260158928146
           112.7800     -7.6800      148.933313909864
           112.7900     -7.6800      148.851440618799
           112.8000     -7.6800      148.943461750112
           112.8100     -7.6800      149.120291787878
           112.8200     -7.6800      149.285671024280
           112.8300     -7.6800      149.348049647284
           112.8400     -7.6800      149.231971892113
           112.8500     -7.6800      148.887462764935
           112.8600     -7.6800      148.296170515997
           112.8700     -7.6800      147.473434873833
           112.8800     -7.6800      146.465979956386
           112.8900     -7.6800      145.345502626798
           112.9000     -7.6800      144.198966799833
           112.9100     -7.6800      143.116850721755
           112.9200     -7.6800      142.180869777994
           112.9300     -7.6800      141.452775149684
           112.9400     -7.6800      140.965697730933
           112.9500     -7.6800      140.719183564610
           112.9600     -7.6800      140.678593304861
           112.9700     -7.6800      140.778975290406
           112.9800     -7.6800      140.932942861956
           112.9900     -7.6800      141.041566874148
           113.0000     -7.6800      141.006901524088
           112.0000     -7.6900      127.966240203970
           112.0100     -7.6900      125.838374995639
           112.0200     -7.6900      123.822336957425
           112.0300     -7.6900      121.963595386480
           112.0400     -7.6900      120.314939265738
           112.0500     -7.6900      118.931414049868
           112.0600     -7.6900      117.864478614452
           112.0700     -7.6900      117.156185292104
           112.0800     -7.6900      116.834208276341
           112.0900     -7.6900      116.908449729280
           112.1000     -7.6900      117.369749731986
           112.1100     -7.6900      118.190942388131
           112.1200     -7.6900      119.330174629914
           112.1300     -7.6900      120.736082078799
           112.1400     -7.6900      122.354143650051
           112.1500     -7.6900      124.133353382031
           112.1600     -7.6900      126.032282319268
           112.1700     -7.6900      128.023667249305
           112.1800     -7.6900      130.096850692404
           112.1900     -7.6900      132.257684195242
           112.2000     -7.6900      134.525856493492
           112.2100     -7.6900      136.929971750979
           112.2200     -7.6900      139.501030089341
           112.2300     -7.6900      142.265206250865
           112.2400     -7.6900      145.236946396907
           112.2500     -7.6900      148.413387554886
           112.2600     -7.6900      151.770947958107
           112.2700     -7.6900      155.264657935003
           112.2800     -7.6900      158.830435973710
           112.2900     -7.6900      162.390111766169
           112.3000     -7.6900      165.858612354915
           112.3100     -7.6900      169.152412689075
           112.3200     -7.6900      172.198153002926
           112.3300     -7.6900      174.940272463856
           112.3400     -7.6900      177.346612015732
           112.3500     -7.6900      179.411188485646
           112.3600     -7.6900      181.153705826952
           112.3700     -7.6900      182.615800506346
           112.3800     -7.6900      183.854459037304
           112.3900     -7.6900      184.933436599546
           112.4000     -7.6900      185.913792354669
           112.4100     -7.6900      186.844798475977
           112.4200     -7.6900      187.756454092990
           112.4300     -7.6900      188.654642692509
           112.4400     -7.6900      189.519635062985
           112.4500     -7.6900      190.308202555942
           112.4600     -7.6900      190.959124579912
           112.4700     -7.6900      191.401413972095
           112.4800     -7.6900      191.564206575150
           112.4900     -7.6900      191.387019105391
           112.5000     -7.6900      190.829006921477
           112.5100     -7.6900      189.875962905028
           112.5200     -7.6900      188.544078323614
           112.5300     -7.6900      186.879901196310
           112.5400     -7.6900      184.956423643288
           112.5500     -7.6900      182.865741675284
           112.5600     -7.6900      180.709190595713
           112.5700     -7.6900      178.586204551681
           112.5800     -7.6900      176.583332276325
           112.5900     -7.6900      174.764836347450
           112.6000     -7.6900      173.166108886696
           112.6100     -7.6900      171.790776446676
           112.6200     -7.6900      170.611887207851
           112.6300     -7.6900      169.577037294739
           112.6400     -7.6900      168.616770969045
           112.6500     -7.6900      167.655151374378
           112.6600     -7.6900      166.621103522498
           112.6700     -7.6900      165.459019869716
           112.6800     -7.6900      164.137207514981
           112.6900     -7.6900      162.653034583052
           112.7000     -7.6900      161.034066151683
           112.7100     -7.6900      159.335010697596
           112.7200     -7.6900      157.630856548413
           112.7300     -7.6900      156.007090061885
           112.7400     -7.6900      154.548284648633
           112.7500     -7.6900      153.326578542359
           112.7600     -7.6900      152.391587694667
           112.7700     -7.6900      151.763123053267
           112.7800     -7.6900      151.427720800567
           112.7900     -7.6900      151.339496458939
           112.8000     -7.6900      151.425264188912
           112.8100     -7.6900      151.593296164550
           112.8200     -7.6900      151.744608714087
           112.8300     -7.6900      151.785317166429
           112.8400     -7.6900      151.638446645392
           112.8500     -7.6900      151.253643130626
           112.8600     -7.6900      150.613491812944
           112.8700     -7.6900      149.735584776967
           112.8800     -7.6900      148.670031104044
           112.8900     -7.6900      147.492697782487
           112.9000     -7.6900      146.295031353030
           112.9100     -7.6900      145.171764104647
           112.9200     -7.6900      144.208094799606
           112.9300     -7.6900      143.468014048486
           112.9400     -7.6900      142.985307143887
           112.9500     -7.6900      142.758429391912
           112.9600     -7.6900      142.749954011846
           112.9700     -7.6900      142.890704404676
           112.9800     -7.6900      143.088077225786
           112.9900     -7.6900      143.237518801954
           113.0000     -7.6900      143.235705677935
           112.0000     -7.7000      129.709748682319
           112.0100     -7.7000      127.607653729053
           112.0200     -7.7000      125.625814100175
           112.0300     -7.7000      123.806338881569
           112.0400     -7.7000      122.198871155081
           112.0500     -7.7000      120.855743688019
           112.0600     -7.7000      119.826287630090
           112.0700     -7.7000      119.151088809736
           112.0800     -7.7000      118.857017956630
           112.0900     -7.7000      118.953773655413
           112.1000     -7.7000      119.432480142758
           112.1100     -7.7000      120.266602165375
           112.1200     -7.7000      121.415114442374
           112.1300     -7.7000      122.827539431155
           112.1400     -7.7000      124.450190504481
           112.1500     -7.7000      126.232768945942
           112.1600     -7.7000      128.134391323567
           112.1700     -7.7000      130.128181755615
           112.1800     -7.7000      132.203746125534
           112.1900     -7.7000      134.367129443414
           112.2000     -7.7000      136.638205420234
           112.2100     -7.7000      139.045811223220
           112.2200     -7.7000      141.621269322582
           112.2300     -7.7000      144.391185141569
           112.2400     -7.7000      147.370537223444
           112.2500     -7.7000      150.557065046095
           112.2600     -7.7000      153.927806768148
           112.2700     -7.7000      157.438363123208
           112.2800     -7.7000      161.025100030622
           112.2900     -7.7000      164.610099878102
           112.3000     -7.7000      168.108284932929
           112.3100     -7.7000      171.435819967299
           112.3200     -7.7000      174.518700364814
           112.3300     -7.7000      177.300377084230
           112.3400     -7.7000      179.747371720792
           112.3500     -7.7000      181.852082935377
           112.3600     -7.7000      183.632348765352
           112.3700     -7.7000      185.127760358840
           112.3800     -7.7000      186.393163801461
           112.3900     -7.7000      187.490177733388
           112.4000     -7.7000      188.477840892457
           112.4100     -7.7000      189.403644352590
           112.4200     -7.7000      190.296175999622
           112.4300     -7.7000      191.160410149751
           112.4400     -7.7000      191.976336451000
           112.4500     -7.7000      192.701182638090
           112.4600     -7.7000      193.275003127917
           112.4700     -7.7000      193.628944478180
           112.4800     -7.7000      193.695122179944
           112.4900     -7.7000      193.416803515347
           112.5000     -7.7000      192.757523020669
           112.5100     -7.7000      191.707872549867
           112.5200     -7.7000      190.288994519991
           112.5300     -7.7000      188.552228845193
           112.5400     -7.7000      186.574866765010
           112.5500     -7.7000      184.452482009964
           112.5600     -7.7000      182.288772391601
           112.5700     -7.7000      180.184190200743
           112.5800     -7.7000      178.224819899600
           112.5900     -7.7000      176.472950182043
           112.6000     -7.7000      174.960583561748
           112.6100     -7.7000      173.686755003817
           112.6200     -7.7000      172.619039252852
           112.6300     -7.7000      171.699078564957
           112.6400     -7.7000      170.851430870713
           112.6500     -7.7000      169.994593942840
           112.6600     -7.7000      169.052763982609
           112.6700     -7.7000      167.966778202702
           112.6800     -7.7000      166.702786796906
           112.6900     -7.7000      165.257489356647
           112.7000     -7.7000      163.659217604627
           112.7100     -7.7000      161.964692295047
           112.7200     -7.7000      160.251855598744
           112.7300     -7.7000      158.609705301698
           112.7400     -7.7000      157.126463561786
           112.7500     -7.7000      155.877645852398
           112.7600     -7.7000      154.915622756188
           112.7700     -7.7000      154.262083228133
           112.7800     -7.7000      153.904435572326
           112.7900     -7.7000      153.796669569096
           112.8000     -7.7000      153.864616808219
           112.8100     -7.7000      154.014963406307
           112.8200     -7.7000      154.146867051221
           112.8300     -7.7000      154.164675706745
           112.8400     -7.7000      153.990086227494
           112.8500     -7.7000      153.572139949772
           112.8600     -7.7000      152.893722788195
           112.8700     -7.7000      151.973685281901
           112.8800     -7.7000      150.864265625990
           112.8900     -7.7000      149.644112152262
           112.9000     -7.7000      148.407780732953
           112.9100     -7.7000      147.253051036009
           112.9200     -7.7000      146.267701469732
           112.9300     -7.7000      145.517466364768
           112.9400     -7.7000      145.036758413408
           112.9500     -7.7000      144.823391854466
           112.9600     -7.7000      144.838031686745
           112.9700     -7.7000      145.008487004546
           112.9800     -7.7000      145.238340882891
           112.9900     -7.7000      145.418846199752
           113.0000     -7.7000      145.442589494260
           112.0000     -7.7100      131.581278847605
           112.0100     -7.7100      129.514843033186
           112.0200     -7.7100      127.575206043931
           112.0300     -7.7100      125.800799331345
           112.0400     -7.7100      124.237985820211
           112.0500     -7.7100      122.936447102861
           112.0600     -7.7100      121.943634877096
           112.0700     -7.7100      121.299073446300
           112.0800     -7.7100      121.029343657065
           112.0900     -7.7100      121.144501724726
           112.1000     -7.7100      121.636497844128
           112.1100     -7.7100      122.479884406972
           112.1200     -7.7100      123.634780063899
           112.1300     -7.7100      125.051729469834
           112.1400     -7.7100      126.677816292995
           112.1500     -7.7100      128.463190487279
           112.1600     -7.7100      130.367090015103
           112.1700     -7.7100      132.362486315178
           112.1800     -7.7100      134.438657745072
           112.1900     -7.7100      136.601273899663
           112.2000     -7.7100      138.869918819814
           112.2100     -7.7100      141.273345159473
           112.2200     -7.7100      143.843083191728
           112.2300     -7.7100      146.606280398943
           112.2400     -7.7100      149.578781874774
           112.2500     -7.7100      152.759457174582
           112.2600     -7.7100      156.126632991896
           112.2700     -7.7100      159.637220353725
           112.2800     -7.7100      163.228764963739
           112.2900     -7.7100      166.824248174803
           112.3000     -7.7100      170.339078893557
           112.3100     -7.7100      173.689397769808
           112.3200     -7.7100      176.800610194609
           112.3300     -7.7100      179.615004902626
           112.3400     -7.7100      182.097411823880
           112.3500     -7.7100      184.238096268434
           112.3600     -7.7100      186.052446078641
           112.3700     -7.7100      187.577436913743
           112.3800     -7.7100      188.865300752054
           112.3900     -7.7100      189.975213714494
           112.4000     -7.7100      190.964106692254
           112.4100     -7.7100      191.877844451220
           112.4200     -7.7100      192.743993471595
           112.4300     -7.7100      193.567205900963
           112.4400     -7.7100      194.327909720455
           112.4500     -7.7100      194.984556786609
           112.4600     -7.7100      195.479198660817
           112.4700     -7.7100      195.745699873271
           112.4800     -7.7100      195.719522519503
           112.4900     -7.7100      195.347777500692
           112.5000     -7.7100      194.598171221323
           112.5100     -7.7100      193.465594327142
           112.5200     -7.7100      191.975388518063
           112.5300     -7.7100      190.182752578469
           112.5400     -7.7100      188.168254585609
           112.5500     -7.7100      186.029937067976
           112.5600     -7.7100      183.872966043764
           112.5700     -7.7100      181.798120156011
           112.5800     -7.7100      179.890594358977
           112.5900     -7.7100      178.210577358335
           112.6000     -7.7100      176.786852408000
           112.6100     -7.7100      175.614292295079
           112.6200     -7.7100      174.655619560518
           112.6300     -7.7100      173.847247174463
           112.6400     -7.7100      173.108476282717
           112.6500     -7.7100      172.352878123465
           112.6600     -7.7100      171.500387600454
           112.6700     -7.7100      170.488527814732
           112.6800     -7.7100      169.281284582182
           112.6900     -7.7100      167.874446574254
           112.7000     -7.7100      166.296682883655
           112.7100     -7.7100      164.606186618800
           112.7200     -7.7100      162.883297716745
           112.7300     -7.7100      161.220053315374
           112.7400     -7.7100      159.708028395186
           112.7500     -7.7100      158.426067050860
           112.7600     -7.7100      157.429532713564
           112.7700     -7.7100      156.742518476347
           112.7800     -7.7100      156.354079398734
           112.7900     -7.7100      156.219025922973
           112.8000     -7.7100      156.263219316465
           112.8100     -7.7100      156.392714834756
           112.8200     -7.7100      156.505584706787
           112.8300     -7.7100      156.504889464865
           112.8400     -7.7100      156.311101611873
           112.8500     -7.7100      155.872343230157
           112.8600     -7.7100      155.171072842231
           112.8700     -7.7100      154.226312083354
           112.8800     -7.7100      153.091080894054
           112.8900     -7.7100      151.845335848921
           112.9000     -7.7100      150.585298086221
           112.9100     -7.7100      149.410537316028
           112.9200     -7.7100      148.410483065133
           112.9300     -7.7100      147.652122832588
           112.9400     -7.7100      147.170506447231
           112.9500     -7.7100      146.963323762862
           112.9600     -7.7100      146.990303728903
           112.9700     -7.7100      147.177563584738
           112.9800     -7.7100      147.426397449571
           112.9900     -7.7100      147.625416769950
           113.0000     -7.7100      147.664515857603
           112.0000     -7.7200      133.606172612442
           112.0100     -7.7200      131.582180589056
           112.0200     -7.7200      129.689021562241
           112.0300     -7.7200      127.961345140535
           112.0400     -7.7200      126.442319948362
           112.0500     -7.7200      125.179252441643
           112.0600     -7.7200      124.218160772206
           112.0700     -7.7200      123.598084054922
           112.0800     -7.7200      123.345964999132
           112.0900     -7.7200      123.472879457914
           112.1000     -7.7200      123.972207408055
           112.1100     -7.7200      124.820070255445
           112.1200     -7.7200      125.978036668524
           112.1300     -7.7200      127.397769138273
           112.1400     -7.7200      129.026993730651
           112.1500     -7.7200      130.815968655372
           112.1600     -7.7200      132.723534804095
           112.1700     -7.7200      134.721868975028
           112.1800     -7.7200      136.799225448284
           112.1900     -7.7200      138.960223007204
           112.2000     -7.7200      141.223575924716
           112.2100     -7.7200      143.617531679172
           112.2200     -7.7200      146.173613880658
           112.2300     -7.7200      148.919527746150
           112.2400     -7.7200      151.872229041090
           112.2500     -7.7200      155.032162806814
           112.2600     -7.7200      158.379541555061
           112.2700     -7.7200      161.873270004050
           112.2800     -7.7200      165.452768973416
           112.2900     -7.7200      169.042552459724
           112.3000     -7.7200      172.559024052061
           112.3100     -7.7200      175.918636202817
           112.3200     -7.7200      179.046344914899
           112.3300     -7.7200      181.883224968527
           112.3400     -7.7200      184.392199355207
           112.3500     -7.7200      186.561072127176
           112.3600     -7.7200      188.402406819402
           112.3700     -7.7200      189.950216495002
           112.3800     -7.7200      191.253869098380
           112.3900     -7.7200      192.370002949353
           112.4000     -7.7200      193.353536907845
           112.4100     -7.7200      194.249005956038
           112.4200     -7.7200      195.083432629680
           112.4300     -7.7200      195.861757317185
           112.4400     -7.7200      196.565518334328
           112.4500     -7.7200      197.155038568328
           112.4600     -7.7200      197.574896852306
           112.4700     -7.7200      197.762003734195
           112.4800     -7.7200      197.655226041246
           112.4900     -7.7200      197.205265502810
           112.5000     -7.7200      196.383428970177
           112.5100     -7.7200      195.188044047122
           112.5200     -7.7200      193.647562008494
           112.5300     -7.7200      191.819813988855
           112.5400     -7.7200      189.787391758164
           112.5500     -7.7200      187.649644224779
           112.5600     -7.7200      185.512245296282
           112.5700     -7.7200      183.475634380989
           112.5800     -7.7200      181.623809110421
           112.5900     -7.7200      180.014934040900
           112.6000     -7.7200      178.675018054378
           112.6100     -7.7200      177.595532004369
           112.6200     -7.7200      176.735335081835
           112.6300     -7.7200      176.026718640582
           112.6400     -7.7200      175.384833516615
           112.6500     -7.7200      174.719313593453
           112.6600     -7.7200      173.946605891365
           112.6700     -7.7200      173.001407835880
           112.6800     -7.7200      171.845712454892
           112.6900     -7.7200      170.474261223259
           112.7000     -7.7200      168.915664723807
           112.7100     -7.7200      167.229013984303
           112.7200     -7.7200      165.496396868315
           112.7300     -7.7200      163.812276289039
           112.7400     -7.7200      162.271108105073
           112.7500     -7.7200      160.954819592215
           112.7600     -7.7200      159.921800700653
           112.7700     -7.7200      159.198873981529
           112.7800     -7.7200      158.777327930241
           112.7900     -7.7200      158.613571318048
           112.8000     -7.7200      158.634361314691
           112.8100     -7.7200      158.745955041645
           112.8200     -7.7200      158.846012186320
           112.8300     -7.7200      158.836704835635
           112.8400     -7.7200      158.637319742747
           112.8500     -7.7200      158.194691702733
           112.8600     -7.7200      157.490079051377
           112.8700     -7.7200      156.541549142652
           112.8800     -7.7200      155.401524166679
           112.8900     -7.7200      154.149770159896
           112.9000     -7.7200      152.882711883996
           112.9100     -7.7200      151.700444622289
           112.9200     -7.7200      150.693126296443
           112.9300     -7.7200      149.928527824097
           112.9400     -7.7200      149.442382809409
           112.9500     -7.7200      149.232826145588
           112.9600     -7.7200      149.259689654905
           112.9700     -7.7200      149.448798552756
           112.9800     -7.7200      149.700765963685
           112.9900     -7.7200      149.903197726282
           113.0000     -7.7200      149.944772301236
           112.0000     -7.7300      135.807230051616
           112.0100     -7.7300      133.829132029767
           112.0200     -7.7300      131.982888550165
           112.0300     -7.7300      130.299468843090
           112.0400     -7.7300      128.819139157240
           112.0500     -7.7300      127.587301673387
           112.0600     -7.7300      126.649160595062
           112.0700     -7.7300      126.043991238370
           112.0800     -7.7300      125.799861565018
           112.0900     -7.7300      125.929605347493
           112.1000     -7.7300      126.428677726805
           112.1100     -7.7300      127.275260170440
           112.1200     -7.7300      128.432659669692
           112.1300     -7.7300      129.853712268919
           112.1400     -7.7300      131.486602000413
           112.1500     -7.7300      133.281286890958
           112.1600     -7.7300      135.195617027733
           112.1700     -7.7300      137.200253185326
           112.1800     -7.7300      139.281647305930
           112.1900     -7.7300      141.442608749183
           112.2000     -7.7300      143.700317203290
           112.2100     -7.7300      146.082007746950
           112.2200     -7.7300      148.618894261251
           112.2300     -7.7300      151.339165152993
           112.2400     -7.7300      154.261040554435
           112.2500     -7.7300      157.386898414724
           112.2600     -7.7300      160.699352726257
           112.2700     -7.7300      164.159915091036
           112.2800     -7.7300      167.710523805160
           112.2900     -7.7300      171.277829514643
           112.3000     -7.7300      174.779737830686
           112.3100     -7.7300      178.133381788344
           112.3200     -7.7300      181.263477864330
           112.3300     -7.7300      184.109941348907
           112.3400     -7.7300      186.633713983034
           112.3500     -7.7300      188.819981327526
           112.3600     -7.7300      190.678301019074
           112.3700     -7.7300      192.239580446912
           112.3800     -7.7300      193.550276894390
           112.3900     -7.7300      194.664584815696
           112.4000     -7.7300      195.635668454593
           112.4100     -7.7300      196.507150802627
           112.4200     -7.7300      197.306057957308
           112.4300     -7.7300      198.038239616907
           112.4400     -7.7300      198.686963022509
           112.4500     -7.7300      199.214950828712
           112.4600     -7.7300      199.569659880078
           112.4700     -7.7300      199.691141909578
           112.4800     -7.7300      199.521451778001
           112.4900     -7.7300      199.014327196488
           112.5000     -7.7300      198.143791763409
           112.5100     -7.7300      196.910443936722
           112.5200     -7.7300      195.344476878165
           112.5300     -7.7300      193.504892995425
           112.5400     -7.7300      191.474878316874
           112.5500     -7.7300      189.353819246283
           112.5600     -7.7300      187.246908096451
           112.5700     -7.7300      185.253630462471
           112.5800     -7.7300      183.456608082124
           112.5900     -7.7300      181.912258031979
           112.6000     -7.7300      180.644521195137
           112.6100     -7.7300      179.642534371587
           112.6200     -7.7300      178.862618916658
           112.6300     -7.7300      178.234399297808
           112.6400     -7.7300      177.670321063428
           112.6500     -7.7300      177.077381971882
           112.6600     -7.7300      176.369584203038
           112.6700     -7.7300      175.479502257868
           112.6800     -7.7300      174.367457838183
           112.6900     -7.7300      173.027089463159
           112.7000     -7.7300      171.486563935643
           112.7100     -7.7300      169.805240101827
           112.7200     -7.7300      168.066189321693
           112.7300     -7.7300      166.365523550456
           112.7400     -7.7300      164.799908325338
           112.7500     -7.7300      163.453886886355
           112.7600     -7.7300      162.388678737098
           112.7700     -7.7300      161.633934500576
           112.7800     -7.7300      161.183551107904
           112.7900     -7.7300      160.996125452888
           112.8000     -7.7300      161.000018851226
           112.8100     -7.7300      161.102398192960
           112.8200     -7.7300      161.201092439729
           112.8300     -7.7300      161.197725048733
           112.8400     -7.7300      161.010404745243
           112.8500     -7.7300      160.584303536478
           112.8600     -7.7300      159.898717256366
           112.8700     -7.7300      158.969656586292
           112.8800     -7.7300      157.847597069734
           112.8900     -7.7300      156.610649673736
           112.9000     -7.7300      155.354016223897
           112.9100     -7.7300      154.177087400188
           112.9200     -7.7300      153.169859754440
           112.9300     -7.7300      152.400449801954
           112.9400     -7.7300      151.905353294401
           112.9500     -7.7300      151.683752149640
           112.9600     -7.7300      151.696654265585
           112.9700     -7.7300      151.871029176228
           112.9800     -7.7300      152.108455696019
           112.9900     -7.7300      152.297210231149
           113.0000     -7.7300      152.326272683558
           112.0000     -7.7400      138.200555554163
           112.0100     -7.7400      136.268530130329
           112.0200     -7.7400      134.466042508339
           112.0300     -7.7400      132.820664423658
           112.0400     -7.7400      131.370226171300
           112.0500     -7.7400      130.158854089671
           112.0600     -7.7400      129.231690962709
           112.0700     -7.7400      128.629073024677
           112.0800     -7.7400      128.381028544889
           112.0900     -7.7400      128.502928196605
           112.1000     -7.7400      128.992960425539
           112.1100     -7.7400      129.831847344750
           112.1200     -7.7400      130.984894545479
           112.1300     -7.7400      132.406127557057
           112.1400     -7.7400      134.043957637392
           112.1500     -7.7400      135.847585445950
           112.1600     -7.7400      137.773227926496
           112.1700     -7.7400      139.789260929664
           112.1800     -7.7400      141.879508818120
           112.1900     -7.7400      144.044164770329
           112.2000     -7.7400      146.298157433237
           112.2100     -7.7400      148.667144779356
           112.2200     -7.7400      151.181662824690
           112.2300     -7.7400      153.870235368129
           112.2400     -7.7400      156.752420118923
           112.2500     -7.7400      159.832800326816
           112.2600     -7.7400      163.096821932252
           112.2700     -7.7400      166.509137035524
           112.2800     -7.7400      170.014776497335
           112.2900     -7.7400      173.543083585760
           112.3000     -7.7400      177.013950906412
           112.3100     -7.7400      180.345569314551
           112.3200     -7.7400      183.462668111588
           112.3300     -7.7400      186.304134805093
           112.3400     -7.7400      188.828965490688
           112.3500     -7.7400      191.019707651839
           112.3600     -7.7400      192.882889211259
           112.3700     -7.7400      194.446336909002
           112.3800     -7.7400      195.753717852011
           112.3900     -7.7400      196.857030688510
           112.4000     -7.7400      197.808071846970
           112.4100     -7.7400      198.650064194183
           112.4200     -7.7400      199.410635113663
           112.4300     -7.7400      200.097165246995
           112.4400     -7.7400      200.695217713126
           112.4500     -7.7400      201.170340795909
           112.4600     -7.7400      201.473070464842
           112.4700     -7.7400      201.546506181336
           112.4800     -7.7400      201.335457058464
           112.4900     -7.7400      200.795909048167
           112.5000     -7.7400      199.903484031558
           112.5100     -7.7400      198.659662923497
           112.5200     -7.7400      197.094817091286
           112.5300     -7.7400      195.267501894255
           112.5400     -7.7400      193.259959986367
           112.5500     -7.7400      191.170294746364
           112.5600     -7.7400      189.102236617954
           112.5700     -7.7400      187.153773655889
           112.5800     -7.7400      185.406102887585
           112.5900     -7.7400      183.914353124261
           112.6000     -7.7400      182.701329825636
           112.6100     -7.7400      181.755161850750
           112.6200     -7.7400      181.031235041049
           112.6300     -7.7400      180.458242577943
           112.6400     -7.7400      179.947639940860
           112.6500     -7.7400      179.405335400712
           112.6600     -7.7400      178.744137281443
           112.6700     -7.7400      177.895359875025
           112.6800     -7.7400      176.818079272083
           112.6900     -7.7400      175.504819300469
           112.7000     -7.7400      173.982900451811
           112.7100     -7.7400      172.311243182916
           112.7200     -7.7400      170.573008709634
           112.7300     -7.7400      168.865007624277
           112.7400     -7.7400      167.285236761025
           112.7500     -7.7400      165.920159930808
           112.7600     -7.7400      164.833393294395
           112.7700     -7.7400      164.057283557625
           112.7800     -7.7400      163.588497879165
           112.7900     -7.7400      163.388225539854
           112.8000     -7.7400      163.386990275229
           112.8100     -7.7400      163.493467285723
           112.8200     -7.7400      163.606169888191
           112.8300     -7.7400      163.626487637542
           112.8400     -7.7400      163.471371801489
           112.8500     -7.7400      163.084000912457
           112.8600     -7.7400      162.441015159666
           112.8700     -7.7400      161.555351176104
           112.8800     -7.7400      160.474281156799
           112.8900     -7.7400      159.272887753958
           112.9000     -7.7400      158.043806792928
           112.9100     -7.7400      156.884564682403
           112.9200     -7.7400      155.884161145430
           112.9300     -7.7400      155.110657432506
           112.9400     -7.7400      154.601410244399
           112.9500     -7.7400      154.357256902582
           112.9600     -7.7400      154.341450681651
           112.9700     -7.7400      154.483532048024
           112.9800     -7.7400      154.687681279444
           112.9900     -7.7400      154.844513723706
           113.0000     -7.7400      154.844826810149
           112.0000     -7.7500      140.792100108531
           112.0100     -7.7500      138.903411396923
           112.0200     -7.7500      137.138498118294
           112.0300     -7.7500      135.521960270778
           112.0400     -7.7500      134.089786798206
           112.0500     -7.7500      132.885562415037
           112.0600     -7.7500      131.955199471038
           112.0700     -7.7500      131.340969067059
           112.0800     -7.7500      131.075715913882
           112.0900     -7.7500      131.178123144995
           112.1000     -7.7500      131.649748309749
           112.1100     -7.7500      132.474300168834
           112.1200     -7.7500      133.619303240488
           112.1300     -7.7500      135.039949345779
           112.1400     -7.7500      136.684612705907
           112.1500     -7.7500      138.501254356203
           112.1600     -7.7500      140.443799806247
           112.1700     -7.7500      142.477562801912
           112.1800     -7.7500      144.582911040866
           112.1900     -7.7500      146.756610903488
           112.2000     -7.7500      149.010614719669
           112.2100     -7.7500      151.368420222732
           112.2200     -7.7500      153.859485795678
           112.2300     -7.7500      156.512476066791
           112.2400     -7.7500      159.348297789132
           112.2500     -7.7500      162.373937572175
           112.2600     -7.7500      165.578021338446
           112.2700     -7.7500      168.928790961349
           112.2800     -7.7500      172.374865981137
           112.2900     -7.7500      175.848772229557
           112.3000     -7.7500      179.272828227692
           112.3100     -7.7500      182.566639506261
           112.3200     -7.7500      185.655209482113
           112.3300     -7.7500      188.476568978284
           112.3400     -7.7500      190.987872262816
           112.3500     -7.7500      193.169101848294
           112.3600     -7.7500      195.023842566976
           112.3700     -7.7500      196.576985158602
           112.3800     -7.7500      197.869646201154
           112.3900     -7.7500      198.951985417468
           112.4000     -7.7500      199.874907455745
           112.4100     -7.7500      200.681808767972
           112.4200     -7.7500      201.401544505936
           112.4300     -7.7500      202.043640440239
           112.4400     -7.7500      202.596478559112
           112.4500     -7.7500      203.028780659676
           112.4600     -7.7500      203.294256018108
           112.4700     -7.7500      203.338829676649
           112.4800     -7.7500      203.109489515130
           112.4900     -7.7500      202.563536897697
           112.5000     -7.7500      201.676934873869
           112.5100     -7.7500      200.450535555868
           112.5200     -7.7500      198.913226057314
           112.5300     -7.7500      197.121428446697
           112.5400     -7.7500      195.154872217018
           112.5500     -7.7500      193.109063661341
           112.5600     -7.7500      191.085336863407
           112.5700     -7.7500      189.179722332627
           112.5800     -7.7500      187.472061884549
           112.5900     -7.7500      186.016803086892
           112.6000     -7.7500      184.836719254684
           112.6100     -7.7500      183.920443223147
           112.6200     -7.7500      183.224219884222
           112.6300     -7.7500      182.677736237592
           112.6400     -7.7500      182.193350369124
           112.6500     -7.7500      181.677584074161
           112.6600     -7.7500      181.043429760322
           112.6700     -7.7500      180.221894559721
           112.6800     -7.7500      179.171282737981
           112.6900     -7.7500      177.882993821260
           112.7000     -7.7500      176.383054242852
           112.7100     -7.7500      174.729148431474
           112.7200     -7.7500      173.003499919677
           112.7300     -7.7500      171.302497471480
           112.7400     -7.7500      169.724393234922
           112.7500     -7.7500      168.356661562836
           112.7600     -7.7500      167.264662498109
           112.7700     -7.7500      166.483094051611
           112.7800     -7.7500      166.011361745111
           112.7900     -7.7500      165.813487877927
           112.8000     -7.7500      165.822592193680
           112.8100     -7.7500      165.949377268924
           112.8200     -7.7500      166.093524683957
           112.8300     -7.7500      166.156521612428
           112.8400     -7.7500      166.054243443486
           112.8500     -7.7500      165.727642911191
           112.8600     -7.7500      165.150137741461
           112.8700     -7.7500      164.330716301949
           112.8800     -7.7500      163.312338829296
           112.8900     -7.7500      162.165827790205
           112.9000     -7.7500      160.980034205047
           112.9100     -7.7500      159.849559419945
           112.9200     -7.7500      158.861638899067
           112.9300     -7.7500      158.083912683279
           112.9400     -7.7500      157.554700055512
           112.9500     -7.7500      157.277076945175
           112.9600     -7.7500      157.217564729127
           112.9700     -7.7500      157.309641802810
           112.9800     -7.7500      157.461662200166
           112.9900     -7.7500      157.568190238300
           113.0000     -7.7500      157.523311600426
           112.0000     -7.7600      143.575349676454
           112.0100     -7.7600      141.724971402875
           112.0200     -7.7600      139.989292304472
           112.0300     -7.7600      138.390460165704
           112.0400     -7.7600      136.963288435310
           112.0500     -7.7600      135.751598262194
           112.0600     -7.7600      134.802917244709
           112.0700     -7.7600      134.162312357287
           112.0800     -7.7600      133.866264739838
           112.0900     -7.7600      133.937492933615
           112.1000     -7.7600      134.381498486106
           112.1100     -7.7600      135.185362206204
           112.1200     -7.7600      136.318995551557
           112.1300     -7.7600      137.738695850772
           112.1400     -7.7600      139.392517318728
           112.1500     -7.7600      141.226700726542
           112.1600     -7.7600      143.192242412337
           112.1700     -7.7600      145.250652344762
           112.1800     -7.7600      147.378056899333
           112.1900     -7.7600      149.567031082690
           112.2000     -7.7600      151.825865630858
           112.2100     -7.7600      154.175341813371
           112.2200     -7.7600      156.643448861051
           112.2300     -7.7600      159.258783854906
           112.2400     -7.7600      162.043577367089
           112.2500     -7.7600      165.007359740820
           112.2600     -7.7600      168.142210608723
           112.2700     -7.7600      171.420326324616
           112.2800     -7.7600      174.794324008882
           112.2900     -7.7600      178.200320135866
           112.3000     -7.7600      181.563429026403
           112.3100     -7.7600      184.804977643163
           112.3200     -7.7600      187.850477726511
           112.3300     -7.7600      190.637272060121
           112.3400     -7.7600      193.120798083578
           112.3500     -7.7600      195.278587809328
           112.3600     -7.7600      197.111425667934
           112.3700     -7.7600      198.641474944693
           112.3800     -7.7600      199.907605590471
           112.3900     -7.7600      200.958552643210
           112.4000     -7.7600      201.844849220835
           112.4100     -7.7600      202.610665534657
           112.4200     -7.7600      203.286717180373
           112.4300     -7.7600      203.885274928972
           112.4400     -7.7600      204.398029796754
           112.4500     -7.7600      204.797177550348
           112.4600     -7.7600      205.039638305960
           112.4700     -7.7600      205.073880888737
           112.4800     -7.7600      204.848440214152
           112.4900     -7.7600      204.320953355493
           112.5000     -7.7600      203.466434906840
           112.5100     -7.7600      202.283582410198
           112.5200     -7.7600      200.798141830849
           112.5300     -7.7600      199.062741820605
           112.5400     -7.7600      197.153074617789
           112.5500     -7.7600      195.160798468542
           112.5600     -7.7600      193.183994083484
           112.5700     -7.7600      191.316362744535
           112.5800     -7.7600      189.636556003099
           112.5900     -7.7600      188.199046120996
           112.6000     -7.7600      187.027776473178
           112.6100     -7.7600      186.113491512050
           112.6200     -7.7600      185.415179249114
           112.6300     -7.7600      184.865525964079
           112.6400     -7.7600      184.379753274687
           112.6500     -7.7600      183.866752574566
           112.6600     -7.7600      183.241112953173
           112.6700     -7.7600      182.434500428719
           112.6800     -7.7600      181.404909471657
           112.6900     -7.7600      180.142566582352
           112.7000     -7.7600      178.671688200769
           112.7100     -7.7600      177.047827429122
           112.7200     -7.7600      175.351116767673
           112.7300     -7.7600      173.676252070221
           112.7400     -7.7600      172.120494898201
           112.7500     -7.7600      170.771238497989
           112.7600     -7.7600      169.694750082073
           112.7700     -7.7600      168.927558556921
           112.7800     -7.7600      168.471619728335
           112.7900     -7.7600      168.293903446829
           112.8000     -7.7600      168.330472392101
           112.8100     -7.7600      168.494535378851
           112.8200     -7.7600      168.687436336189
           112.8300     -7.7600      168.811152412565
           112.8400     -7.7600      168.780672579567
           112.8500     -7.7600      168.534638998886
           112.8600     -7.7600      168.042856674062
           112.8700     -7.7600      167.309683955737
           112.8800     -7.7600      166.372854436731
           112.8900     -7.7600      165.297879398123
           112.9000     -7.7600      164.168760809538
           112.9100     -7.7600      163.076231642127
           112.9200     -7.7600      162.105068805668
           112.9300     -7.7600      161.322150900823
           112.9400     -7.7600      160.766841105949
           112.9500     -7.7600      160.444976482773
           112.9600     -7.7600      160.327277543757
           112.9700     -7.7600      160.352416930316
           112.9800     -7.7600      160.434378479455
           112.9900     -7.7600      160.473177076390
           113.0000     -7.7600      160.367568683040
           112.0000     -7.7700      146.530475324575
           112.0100     -7.7700      144.711927090404
           112.0200     -7.7700      142.996056904693
           112.0300     -7.7700      141.403118675350
           112.0400     -7.7700      139.967425135405
           112.0500     -7.7700      138.733789133952
           112.0600     -7.7700      137.752146356406
           112.0700     -7.7700      137.071142759595
           112.0800     -7.7700      136.731620746046
           112.0900     -7.7700      136.760954549774
           112.1000     -7.7700      137.169065066275
           112.1100     -7.7700      137.946704460979
           112.1200     -7.7700      139.066275409386
           112.1300     -7.7700      140.485085090269
           112.1400     -7.7700      142.150582126382
           112.1500     -7.7700      144.006835961965
           112.1600     -7.7700      146.001334307659
           112.1700     -7.7700      148.091122164209
           112.1800     -7.7700      150.247393833858
           112.1900     -7.7700      152.457865635325
           112.2000     -7.7700      154.726571794492
           112.2100     -7.7700      157.071095010112
           112.2200     -7.7700      159.517614261900
           112.2300     -7.7700      162.094472599464
           112.2400     -7.7700      164.825190768553
           112.2500     -7.7700      167.721945810350
           112.2600     -7.7700      170.780482542999
           112.2700     -7.7700      173.977235784008
           112.2800     -7.7700      177.269137710060
           112.2900     -7.7700      180.596209613742
           112.3000     -7.7700      183.886642834701
           112.3100     -7.7700      187.063715463079
           112.3200     -7.7700      190.053620691466
           112.3300     -7.7700      192.793138840427
           112.3400     -7.7700      195.236090095568
           112.3500     -7.7700      197.357660159448
           112.3600     -7.7700      199.155976504352
           112.3700     -7.7700      200.650690292169
           112.3800     -7.7700      201.878736466997
           112.3900     -7.7700      202.887843870826
           112.4000     -7.7700      203.728692076092
           112.4100     -7.7700      204.446815225430
           112.4200     -7.7700      205.075405089482
           112.4300     -7.7700      205.630056147867
           112.4400     -7.7700      206.106237515974
           112.4500     -7.7700      206.479903657135
           112.4600     -7.7700      206.711218239257
           112.4700     -7.7700      206.750923200289
           112.4800     -7.7700      206.548499655018
           112.4900     -7.7700      206.060993365725
           112.5000     -7.7700      205.261255191990
           112.5100     -7.7700      204.144395984897
           112.5200     -7.7700      202.731472210826
           112.5300     -7.7700      201.069776408239
           112.5400     -7.7700      199.229558790871
           112.5500     -7.7700      197.297492584754
           112.5600     -7.7700      195.367650048752
           112.5700     -7.7700      193.531115901166
           112.5800     -7.7700      191.865579286547
           112.5900     -7.7700      190.426282687088
           112.6000     -7.7700      189.239558108037
           112.6100     -7.7700      188.299864249057
           112.6200     -7.7700      187.570793069365
           112.6300     -7.7700      186.989997972862
           112.6400     -7.7700      186.477476949158
           112.6500     -7.7700      185.946191861957
           112.6600     -7.7700      185.313681072298
           112.6700     -7.7700      184.513171704079
           112.6800     -7.7700      183.502742451857
           112.6900     -7.7700      182.271324375766
           112.7000     -7.7700      180.840726449131
           112.7100     -7.7700      179.263383548470
           112.7200     -7.7700      177.616080576224
           112.7300     -7.7700      175.990434352950
           112.7400     -7.7700      174.481344775527
           112.7500     -7.7700      173.174900932328
           112.7600     -7.7700      172.137309027150
           112.7700     -7.7700      171.406285039135
           112.7800     -7.7700      170.986041062697
           112.7900     -7.7700      170.846530496202
           112.8000     -7.7700      170.927063978734
           112.8100     -7.7700      171.143837641968
           112.8200     -7.7700      171.400402865074
           112.8300     -7.7700      171.599719969122
           112.8400     -7.7700      171.656228505527
           112.8500     -7.7700      171.506362141236
           112.8600     -7.7700      171.116137804934
           112.8700     -7.7700      170.484830713087
           112.8800     -7.7700      169.644259294262
           112.8900     -7.7700      168.653779738580
           112.9000     -7.7700      167.591653328597
           112.9100     -7.7700      166.543926783800
           112.9200     -7.7700      165.592293785529
           112.9300     -7.7700      164.802541425686
           112.9400     -7.7700      164.215110598880
           112.9500     -7.7700      163.839024027072
           112.9600     -7.7700      163.649995714990
           112.9700     -7.7700      163.592988823684
           112.9800     -7.7700      163.588906853136
           112.9900     -7.7700      163.544561841284
           113.0000     -7.7700      163.364633763855
           112.0000     -7.7800      149.625078940361
           112.0100     -7.7800      147.831396426337
           112.0200     -7.7800      146.126008075831
           112.0300     -7.7800      144.527815464803
           112.0400     -7.7800      143.071252249505
           112.0500     -7.7800      141.802790043289
           112.0600     -7.7800      140.775447190868
           112.0700     -7.7800      140.042091747152
           112.0800     -7.7800      139.648501419859
           112.0900     -7.7800      139.627177300039
           112.1000     -7.7800      139.992800294460
           112.1100     -7.7800      140.739984743608
           112.1200     -7.7800      141.843656078486
           112.1300     -7.7800      143.262005034150
           112.1400     -7.7800      144.941603026293
           112.1500     -7.7800      146.823954087078
           112.1600     -7.7800      148.852552301456
           112.1700     -7.7800      150.979439583597
           112.1800     -7.7800      153.170327816491
           112.1900     -7.7800      155.407552517091
           112.2000     -7.7800      157.690433945395
           112.2100     -7.7800      160.032992531579
           112.2200     -7.7800      162.459346222480
           112.2300     -7.7800      164.997453769624
           112.2400     -7.7800      167.672111991528
           112.2500     -7.7800      170.498231333473
           112.2600     -7.7800      173.475385157378
           112.2700     -7.7800      176.584457081069
           112.2800     -7.7800      179.786920442940
           112.2900     -7.7800      183.026914703628
           112.3000     -7.7800      186.235886907262
           112.3100     -7.7800      189.339198115700
           112.3200     -7.7800      192.263807377050
           112.3300     -7.7800      194.945980748612
           112.3400     -7.7800      197.337954772725
           112.3500     -7.7800      199.412616760525
           112.3600     -7.7800      201.165531210737
           112.3700     -7.7800      202.614006591058
           112.3800     -7.7800      203.793309301039
           112.3900     -7.7800      204.750534429768
           112.4000     -7.7800      205.536979153633
           112.4100     -7.7800      206.200086195455
           112.4200     -7.7800      206.776099077634
           112.4300     -7.7800      207.284485549556
           112.4400     -7.7800      207.724950317900
           112.4500     -7.7800      208.077503879670
           112.4600     -7.7800      208.305628684764
           112.4700     -7.7800      208.362145432008
           112.4800     -7.7800      208.196992003413
           112.4900     -7.7800      207.765840492151
           112.5000     -7.7800      207.038335552628
           112.5100     -7.7800      206.004761995255
           112.5200     -7.7800      204.680140495394
           112.5300     -7.7800      203.105083855869
           112.5400     -7.7800      201.343178831086
           112.5500     -7.7800      199.475132216928
           112.5600     -7.7800      197.590370382439
           112.5700     -7.7800      195.777146574715
           112.5800     -7.7800      194.112438858520
           112.5900     -7.7800      192.652980073498
           112.6000     -7.7800      191.428639013682
           112.6100     -7.7800      190.439082883900
           112.6200     -7.7800      189.654231527240
           112.6300     -7.7800      189.018518640555
           112.6400     -7.7800      188.458469814841
           112.6500     -7.7800      187.892659529265
           112.6600     -7.7800      187.242779994762
           112.6700     -7.7800      186.444389545398
           112.6800     -7.7800      185.455931147029
           112.6900     -7.7800      184.264821609054
           112.7000     -7.7800      182.889783268794
           112.7100     -7.7800      181.379074513203
           112.7200     -7.7800      179.804810200974
           112.7300     -7.7800      178.254077346199
           112.7400     -7.7800      176.817976999755
           112.7500     -7.7800      175.580003114602
           112.7600     -7.7800      174.605265300904
           112.7700     -7.7800      173.931960932436
           112.7800     -7.7800      173.566215363798
           112.7900     -7.7800      173.480973991631
           112.8000     -7.7800      173.619103296077
           112.8100     -7.7800      173.900308937833
           112.8200     -7.7800      174.230979783240
           112.8300     -7.7800      174.515683329485
           112.8400     -7.7800      174.668821204726
           112.8500     -7.7800      174.624932108434
           112.8600     -7.7800      174.346306836526
           112.8700     -7.7800      173.826932773441
           112.8800     -7.7800      173.092267103321
           112.8900     -7.7800      172.194885592212
           112.9000     -7.7800      171.206595027445
           112.9100     -7.7800      170.208061019980
           112.9200     -7.7800      169.277327898486
           112.9300     -7.7800      168.478751188259
           112.9400     -7.7800      167.853806950172
           112.9500     -7.7800      167.414993708200
           112.9600     -7.7800      167.143634793686
           112.9700     -7.7800      166.991875573345
           112.9800     -7.7800      166.888618857447
           112.9900     -7.7800      166.748625257397
           113.0000     -7.7800      166.483591068315
           112.0000     -7.7900      152.816471538488
           112.0100     -7.7900      151.041215458358
           112.0200     -7.7900      149.338257967979
           112.0300     -7.7900      147.725622027843
           112.0400     -7.7900      146.238374576386
           112.0500     -7.7900      144.925166514607
           112.0600     -7.7900      143.842597635681
           112.0700     -7.7900      143.048207463597
           112.0800     -7.7900      142.593084951600
           112.0900     -7.7900      142.515141457858
           112.1000     -7.7900      142.833995587251
           112.1100     -7.7900      143.548189241656
           112.1200     -7.7900      144.635124113821
           112.1300     -7.7900      146.053723546289
           112.1400     -7.7900      147.749440361232
           112.1500     -7.7900      149.660901102645
           112.1600     -7.7900      151.727247629855
           112.1700     -7.7900      153.895140505405
           112.1800     -7.7900      156.124438767328
           112.1900     -7.7900      158.391760467236
           112.2000     -7.7900      160.691431120784
           112.2100     -7.7900      163.033700331594
           112.2200     -7.7900      165.440497696288
           112.2300     -7.7900      167.939352438828
           112.2400     -7.7900      170.556366952876
           112.2500     -7.7900      173.309274637468
           112.2600     -7.7900      176.201606736670
           112.2700     -7.7900      179.218841460269
           112.2800     -7.7900      182.327132134770
           112.2900     -7.7900      185.474847904225
           112.3000     -7.7900      188.596761377126
           112.3100     -7.7900      191.620338751805
           112.3200     -7.7900      194.473282989951
           112.3300     -7.7900      197.091293136104
           112.3400     -7.7900      199.424960262581
           112.3500     -7.7900      201.444829951306
           112.3600     -7.7900      203.143908595088
           112.3700     -7.7900      204.537242521789
           112.3800     -7.7900      205.658606508779
           112.3900     -7.7900      206.554744913033
           112.4000     -7.7900      207.277957272364
           112.4100     -7.7900      207.878061318098
           112.4200     -7.7900      208.394864941858
           112.4300     -7.7900      208.852219419954
           112.4400     -7.7900      209.254515649247
           112.4500     -7.7900      209.586150997294
           112.4600     -7.7900      209.814081844052
           112.4700     -7.7900      209.893142616677
           112.4800     -7.7900      209.773416363321
           112.4900     -7.7900      209.408640269692
           112.5000     -7.7900      208.764465164736
           112.5100     -7.7900      207.825385640807
           112.5200     -7.7900      206.599319469576
           112.5300     -7.7900      205.119121381110
           112.5400     -7.7900      203.440726702294
           112.5500     -7.7900      201.638079730975
           112.5600     -7.7900      199.795447579290
           112.5700     -7.7900      197.998091193508
           112.5800     -7.7900      196.322509520562
           112.5900     -7.7900      194.827555235424
           112.6000     -7.7900      193.547627640010
           112.6100     -7.7900      192.488890588064
           112.6200     -7.7900      191.629073421676
           112.6300     -7.7900      190.920942054128
           112.6400     -7.7900      190.299038142464
           112.6500     -7.7900      189.688842522557
           112.6600     -7.7900      189.017184729965
           112.6700     -7.7900      188.222539582061
           112.6800     -7.7900      187.263850277711
           112.6900     -7.7900      186.126697219256
           112.7000     -7.7900      184.825970396312
           112.7100     -7.7900      183.404656837491
           112.7200     -7.7900      181.928863763052
           112.7300     -7.7900      180.479695272470
           112.7400     -7.7900      179.143019467778
           112.7500     -7.7900      177.998447689375
           112.7600     -7.7900      177.108959483034
           112.7700     -7.7900      176.512530322978
           112.7800     -7.7900      176.216863309459
           112.7900     -7.7900      176.197924227937
           112.8000     -7.7900      176.402484195045
           112.8100     -7.7900      176.754350850525
           112.8200     -7.7900      177.163486778082
           112.8300     -7.7900      177.536836322593
           112.8400     -7.7900      177.789459171784
           112.8500     -7.7900      177.854530474567
           112.8600     -7.7900      177.690917968098
           112.8700     -7.7900      177.287366604495
           112.8800     -7.7900      176.662768125659
           112.8900     -7.7900      175.862507793519
           112.9000     -7.7900      174.951395019222
           112.9100     -7.7900      174.004131077810
           112.9200     -7.7900      173.094586730190
           112.9300     -7.7900      172.285313606032
           112.9400     -7.7900      171.618676248061
           112.9500     -7.7900      171.110772310612
           112.9600     -7.7900      170.748936166514
           112.9700     -7.7900      170.493145807471
           112.9800     -7.7900      170.281137535309
           112.9900     -7.7900      170.036545641205
           113.0000     -7.7900      169.678989118013
           112.0000     -7.8000      156.055229092261
           112.0100     -7.8000      154.293430878486
           112.0200     -7.8000      152.587184315769
           112.0300     -7.8000      150.953997793683
           112.0400     -7.8000      149.429929410076
           112.0500     -7.8000      148.066137255038
           112.0600     -7.8000      146.923081100589
           112.0700     -7.8000      146.063187021800
           112.0800     -7.8000      145.542998456665
           112.0900     -7.8000      145.405905609842
           112.1000     -7.8000      145.676460990589
           112.1100     -7.8000      146.357064561825
           112.1200     -7.8000      147.427469251950
           112.1300     -7.8000      148.847163235553
           112.1400     -7.8000      150.560284672648
           112.1500     -7.8000      152.502373506164
           112.1600     -7.8000      154.608012397447
           112.1700     -7.8000      156.818290008674
           112.1800     -7.8000      159.087050962365
           112.1900     -7.8000      161.385073270679
           112.2000     -7.8000      163.701610854024
           112.2100     -7.8000      166.043114157594
           112.2200     -7.8000      168.429343043324
           112.2300     -7.8000      170.887456697222
           112.2400     -7.8000      173.444953137424
           112.2500     -7.8000      176.122495490662
           112.2600     -7.8000      178.927680221799
           112.2700     -7.8000      181.850671173904
           112.2800     -7.8000      184.862360770274
           112.2900     -7.8000      187.915362651262
           112.3000     -7.8000      190.947738336289
           112.3100     -7.8000      193.888970589951
           112.3200     -7.8000      196.667372946413
           112.3300     -7.8000      199.217914083156
           112.3400     -7.8000      201.489367635010
           112.3500     -7.8000      203.449782954404
           112.3600     -7.8000      205.089499225659
           112.3700     -7.8000      206.421263272077
           112.3800     -7.8000      207.477413692162
           112.3900     -7.8000      208.304504692877
           112.4000     -7.8000      208.956104700433
           112.4100     -7.8000      209.484766547096
           112.4200     -7.8000      209.934290392634
           112.4300     -7.8000      210.333369070524
           112.4400     -7.8000      210.691521356702
           112.4500     -7.8000      210.997906127429
           112.4600     -7.8000      211.223211920044
           112.4700     -7.8000      211.324386721048
           112.4800     -7.8000      211.251571337630
           112.4900     -7.8000      210.956282490854
           112.5000     -7.8000      210.399703629046
           112.5100     -7.8000      209.559909748277
           112.5200     -7.8000      208.436983194731
           112.5300     -7.8000      207.055254123564
           112.5400     -7.8000      205.462285348198
           112.5500     -7.8000      203.724664708473
           112.5600     -7.8000      201.921108456038
           112.5700     -7.8000      200.133756029215
           112.5800     -7.8000      198.438797672403
           112.5900     -7.8000      196.897684748697
           112.6000     -7.8000      195.550111950768
           112.6100     -7.8000      194.409737514436
           112.6200     -7.8000      193.463250747968
           112.6300     -7.8000      192.672952890801
           112.6400     -7.8000      191.982546806526
           112.6500     -7.8000      191.325396729387
           112.6600     -7.8000      190.634180203734
           112.6700     -7.8000      189.850656993715
           112.6800     -7.8000      188.934251770608
           112.6900     -7.8000      187.868293804770
           112.7000     -7.8000      186.663059231352
           112.7100     -7.8000      185.355180177935
           112.7200     -7.8000      184.003464753135
           112.7300     -7.8000      182.681648771309
           112.7400     -7.8000      181.469010415337
           112.7500     -7.8000      180.440067778117
           112.7600     -7.8000      179.654707422948
           112.7700     -7.8000      179.150042162055
           112.7800     -7.8000      178.935074320051
           112.7900     -7.8000      178.988875935214
           112.8000     -7.8000      179.262537857088
           112.8100     -7.8000      179.684646381559
           112.8200     -7.8000      180.169584307616
           112.8300     -7.8000      180.627584278869
           112.8400     -7.8000      180.975234790355
           112.8500     -7.8000      181.145083230115
           112.8600     -7.8000      181.093102883790
           112.8700     -7.8000      180.803075322323
           112.8800     -7.8000      180.287347918900
           112.8900     -7.8000      179.583903976608
           112.9000     -7.8000      178.750166644788
           112.9100     -7.8000      177.854383468591
           112.9200     -7.8000      176.965750042644
           112.9300     -7.8000      176.144588215951
           112.9400     -7.8000      175.433876743376
           112.9500     -7.8000      174.853243590704
           112.9600     -7.8000      174.396195354670
           112.9700     -7.8000      174.030925617836
           112.9800     -7.8000      173.704568633402
           112.9900     -7.8000      173.350310770749
           113.0000     -7.8000      172.896399570954
           112.0000     -7.8100      159.289607280141
           112.0100     -7.8100      157.538552049186
           112.0200     -7.8100      155.826450788157
           112.0300     -7.8100      154.170522704606
           112.0400     -7.8100      152.607990104950
           112.0500     -7.8100      151.192623712267
           112.0600     -7.8100      149.988773996944
           112.0700     -7.8100      149.063710652847
           112.0800     -7.8100      148.479323450511
           112.0900     -7.8100      148.284322330893
           112.1000     -7.8100      148.508001751542
           112.1100     -7.8100      149.156414738132
           112.1200     -7.8100      150.211466834882
           112.1300     -7.8100      151.633036071665
           112.1400     -7.8100      153.363808400902
           112.1500     -7.8100      155.336146566277
           112.1600     -7.8100      157.480035345076
           112.1700     -7.8100      159.731005304699
           112.1800     -7.8100      162.036949636430
           112.1900     -7.8100      164.362911953985
           112.2000     -7.8100      166.693213894993
           112.2100     -7.8100      169.030668990790
           112.2200     -7.8100      171.393040669390
           112.2300     -7.8100      173.807289942616
           112.2400     -7.8100      176.302468226047
           112.2500     -7.8100      178.902299698775
           112.2600     -7.8100      181.618539388365
           112.2700     -7.8100      184.446082068786
           112.2800     -7.8100      187.360548714221
           112.2900     -7.8100      190.318726430484
           112.3000     -7.8100      193.261833561738
           112.3100     -7.8100      196.121180593659
           112.3200     -7.8100      198.825455706032
           112.3300     -7.8100      201.308629324408
           112.3400     -7.8100      203.517377852762
           112.3500     -7.8100      205.416986502690
           112.3600     -7.8100      206.994896911129
           112.3700     -7.8100      208.261388830544
           112.3800     -7.8100      209.247281865777
           112.3900     -7.8100      209.998957989318
           112.4000     -7.8100      210.571380661959
           112.4100     -7.8100      211.020069396799
           112.4200     -7.8100      211.393139704223
           112.4300     -7.8100      211.724515873625
           112.4400     -7.8100      212.029267531716
           112.4500     -7.8100      212.301731268240
           112.4600     -7.8100      212.516695275228
           112.4700     -7.8100      212.633500493566
           112.4800     -7.8100      212.602504722550
           112.4900     -7.8100      212.373022921704
           112.5000     -7.8100      211.901644003813
           112.5100     -7.8100      211.159761906703
           112.5200     -7.8100      210.139256186406
           112.5300     -7.8100      208.855502369383
           112.5400     -7.8100      207.347252057267
           112.5500     -7.8100      205.673348581042
           112.5600     -7.8100      203.906677829596
           112.5700     -7.8100      202.126136315449
           112.5800     -7.8100      200.407676916649
           112.5900     -7.8100      198.815628356499
           112.6000     -7.8100      197.395457981753
           112.6100     -7.8100      196.168961446452
           112.6200     -7.8100      195.132541926968
           112.6300     -7.8100      194.258828408108
           112.6400     -7.8100      193.501433025418
           112.6500     -7.8100      192.802222242059
           112.6600     -7.8100      192.100133522951
           112.6700     -7.8100      191.340354964879
           112.6800     -7.8100      190.482629564198
           112.6900     -7.8100      189.507556624448
           112.7000     -7.8100      188.420025900610
           112.7100     -7.8100      187.249300524477
           112.7200     -7.8100      186.045711731067
           112.7300     -7.8100      184.874382023577
           112.7400     -7.8100      183.806792803328
           112.7500     -7.8100      182.911304001700
           112.7600     -7.8100      182.243877684798
           112.7700     -7.8100      181.840235485411
           112.7800     -7.8100      181.710493912723
           112.7900     -7.8100      181.836996889793
           112.8000     -7.8100      182.175644635178
           112.8100     -7.8100      182.660558319511
           112.8200     -7.8100      183.211482039423
           112.8300     -7.8100      183.742965750388
           112.8400     -7.8100      184.174142229143
           112.8500     -7.8100      184.437838084201
           112.8600     -7.8100      184.487852358049
           112.8700     -7.8100      184.303483172969
           112.8800     -7.8100      183.890749588285
           112.8900     -7.8100      183.280192999992
           112.9000     -7.8100      182.521591571807
           112.9100     -7.8100      181.676322667338
           112.9200     -7.8100      180.808409154863
           112.9300     -7.8100      179.975446675326
           112.9400     -7.8100      179.220610325508
           112.9500     -7.8100      178.566782015964
           112.9600     -7.8100      178.013546451115
           112.9700     -7.8100      177.537414627283
           112.9800     -7.8100      177.095201713767
           112.9900     -7.8100      176.630069132484
           113.0000     -7.8100      176.079393929569
           112.0000     -7.8200      162.470288113694
           112.0100     -7.8200      160.730049477548
           112.0200     -7.8200      159.013185904403
           112.0300     -7.8200      157.336700350002
           112.0400     -7.8200      155.738954521720
           112.0500     -7.8200      154.276203650934
           112.0600     -7.8200      153.016463559151
           112.0700     -7.8200      152.031541861760
           112.0800     -7.8200      151.388314180785
           112.0900     -7.8200      151.140426214700
           112.1000     -7.8200      151.321540424603
           112.1100     -7.8200      151.941031218816
           112.1200     -7.8200      152.982695061099
           112.1300     -7.8200      154.406628800817
           112.1400     -7.8200      156.153997825610
           112.1500     -7.8200      158.154024767227
           112.1600     -7.8200      160.332232967861
           112.1700     -7.8200      162.618817034655
           112.1800     -7.8200      164.956007150977
           112.1900     -7.8200      167.303444329652
           112.2000     -7.8200      169.640868904245
           112.2100     -7.8200      171.967804194898
           112.2200     -7.8200      174.300338496922
           112.2300     -7.8200      176.665512825221
           112.2400     -7.8200      179.094153260307
           112.2500     -7.8200      181.613199611119
           112.2600     -7.8200      184.238647319709
           112.2700     -7.8200      186.970128501990
           112.2800     -7.8200      189.787923836940
           112.2900     -7.8200      192.652852584448
           112.3000     -7.8200      195.509081448966
           112.3100     -7.8200      198.289480965299
           112.3200     -7.8200      200.922797898229
           112.3300     -7.8200      203.341653900724
           112.3400     -7.8200      205.490260273839
           112.3500     -7.8200      207.330772896720
           112.3600     -7.8200      208.847395594431
           112.3700     -7.8200      210.047648955540
           112.3800     -7.8200      210.960612216789
           112.3900     -7.8200      211.632364265348
           112.4000     -7.8200      212.119238151540
           112.4100     -7.8200      212.479807951994
           112.4200     -7.8200      212.766705110756
           112.4300     -7.8200      213.019388626177
           112.4400     -7.8200      213.258865569864
           112.4500     -7.8200      213.485092731906
           112.4600     -7.8200      213.677423006335
           112.4700     -7.8200      213.798041806760
           112.4800     -7.8200      213.797926782271
           112.4900     -7.8200      213.624515043975
           112.5000     -7.8200      213.230024091873
           112.5100     -7.8200      212.579278542838
           112.5200     -7.8200      211.655957788438
           112.5300     -7.8200      210.466391513128
           112.5400     -7.8200      209.040361843294
           112.5500     -7.8200      207.428777574122
           112.5600     -7.8200      205.698511950947
           112.5700     -7.8200      203.925082687920
           112.5800     -7.8200      202.184148374421
           112.5900     -7.8200      200.542958727165
           112.6000     -7.8200      199.052904885319
           112.6100     -7.8200      197.744168779199
           112.6200     -7.8200      196.623187438609
           112.6300     -7.8200      195.673267378226
           112.6400     -7.8200      194.858257616137
           112.6500     -7.8200      194.128775389053
           112.6600     -7.8200      193.430132504466
           112.6700     -7.8200      192.710879484790
           112.6800     -7.8200      191.930800496527
           112.6900     -7.8200      191.067265890906
           112.7000     -7.8200      190.119070959768
           112.7100     -7.8200      189.107229155237
           112.7200     -7.8200      188.072599550357
           112.7300     -7.8200      187.070656102804
           112.7400     -7.8200      186.164092608145
           112.7500     -7.8200      185.414250100630
           112.7600     -7.8200      184.872513622540
           112.7700     -7.8200      184.572831480903
           112.7800     -7.8200      184.526361890077
           112.7900     -7.8200      184.718969589983
           112.8000     -7.8200      185.111916913627
           112.8100     -7.8200      185.645670841578
           112.8200     -7.8200      186.246336585038
           112.8300     -7.8200      186.833884039338
           112.8400     -7.8200      187.331101625193
           112.8500     -7.8200      187.672122812030
           112.8600     -7.8200      187.809434906796
           112.8700     -7.8200      187.718487758898
           112.8800     -7.8200      187.399342965704
           112.8900     -7.8200      186.875197916850
           112.9000     -7.8200      186.188030460626
           112.9100     -7.8200      185.391984126459
           112.9200     -7.8200      184.545401264614
           112.9300     -7.8200      183.702574887565
           112.9400     -7.8200      182.906309175258
           112.9500     -7.8200      182.182252874974
           112.9600     -7.8200      181.535717966315
           112.9700     -7.8200      180.951353440222
           112.9800     -7.8200      180.395658025469
           112.9900     -7.8200      179.821938544786
           113.0000     -7.8200      179.177002707531
           112.0000     -7.8300      165.554884401290
           112.0100     -7.8300      163.828549149836
           112.0200     -7.8300      162.111800642565
           112.0300     -7.8300      160.421348205625
           112.0400     -7.8300      158.796475314821
           112.0500     -7.8300      157.295568284527
           112.0600     -7.8300      155.989838433063
           112.0700     -7.8300      154.955077410642
           112.0800     -7.8300      154.262550865541
           112.0900     -7.8300      153.970249895733
           112.1000     -7.8300      154.115667888431
           112.1100     -7.8300      154.711060212031
           112.1200     -7.8300      155.741805178117
           112.1300     -7.8300      157.168063577833
           112.1400     -7.8300      158.929488742087
           112.1500     -7.8300      160.952330335731
           112.1600     -7.8300      163.157958525460
           112.1700     -7.8300      165.471653435179
           112.1800     -7.8300      167.830481935520
           112.1900     -7.8300      170.189221957430
           112.2000     -7.8300      172.523573765316
           112.2100     -7.8300      174.830278833786
           112.2200     -7.8300      177.124197223699
           112.2300     -7.8300      179.432814266933
           112.2400     -7.8300      181.788999276359
           112.2500     -7.8300      184.223074849718
           112.2600     -7.8300      186.755343260460
           112.2700     -7.8300      189.390145038379
           112.2800     -7.8300      192.112304719206
           112.2900     -7.8300      194.886480893973
           112.3000     -7.8300      197.659529214600
           112.3100     -7.8300      200.365564566738
           112.3200     -7.8300      202.933030593472
           112.3300     -7.8300      205.292803235242
           112.3400     -7.8300      207.386208591854
           112.3500     -7.8300      209.171844150143
           112.3600     -7.8300      210.630254795159
           112.3700     -7.8300      211.765808436564
           112.3800     -7.8300      212.605499962993
           112.3900     -7.8300      213.194833658134
           112.4000     -7.8300      213.591335189441
           112.4100     -7.8300      213.856569745560
           112.4200     -7.8300      214.047748245769
           112.4300     -7.8300      214.210060724176
           112.4400     -7.8300      214.370777311872
           112.4500     -7.8300      214.535916374283
           112.4600     -7.8300      214.689929418689
           112.4700     -7.8300      214.798441333223
           112.4800     -7.8300      214.813668573369
           112.4900     -7.8300      214.681773836860
           112.5000     -7.8300      214.351153107778
           112.5100     -7.8300      213.780525283568
           112.5200     -7.8300      212.945722719947
           112.5300     -7.8300      211.844258716423
           112.5400     -7.8300      210.497050626652
           112.5500     -7.8300      208.947063373880
           112.5600     -7.8300      207.255054922784
           112.5700     -7.8300      205.492995959449
           112.5800     -7.8300      203.736047678900
           112.5900     -7.8300      202.054172159193
           112.6000     -7.8300      200.504493940469
           112.6100     -7.8300      199.125423780881
           112.6200     -7.8300      197.933311445471
           112.6300     -7.8300      196.922047597441
           112.6400     -7.8300      196.065632994294
           112.6500     -7.8300      195.323331083823
           112.6600     -7.8300      194.646672338622
           112.6700     -7.8300      193.987332184675
           112.6800     -7.8300      193.304792083806
           112.6900     -7.8300      192.572729733783
           112.7000     -7.8300      191.783263698275
           112.7100     -7.8300      190.948474952116
           112.7200     -7.8300      190.099001871508
           112.7300     -7.8300      189.279904987003
           112.7400     -7.8300      188.544369053833
           112.7500     -7.8300      187.946102604510
           112.7600     -7.8300      187.531470038812
           112.7700     -7.8300      187.332425585499
           112.7800     -7.8300      187.361208430173
           112.7900     -7.8300      187.607519772578
           112.8000     -7.8300      188.038568615548
           112.8100     -7.8300      188.601989370741
           112.8200     -7.8300      189.231252886020
           112.8300     -7.8300      189.852864475617
           112.8400     -7.8300      190.394411491337
           112.8500     -7.8300      190.792418930062
           112.8600     -7.8300      190.999007124349
           112.8700     -7.8300      190.986514364682
           112.8800     -7.8300      190.749525143440
           112.8900     -7.8300      190.304092999153
           112.9000     -7.8300      189.684318098199
           112.9100     -7.8300      188.936783709634
           112.9200     -7.8300      188.113626966399
           112.9300     -7.8300      187.265182611125
           112.9400     -7.8300      186.433173749006
           112.9500     -7.8300      185.645328524332
           112.9600     -7.8300      184.912091314915
           112.9700     -7.8300      184.225802032813
           112.9800     -7.8300      183.562378881485
           112.9900     -7.8300      182.885204994295
           113.0000     -7.8300      182.150632972515
           112.0000     -7.8400      168.511657507380
           112.0100     -7.8400      166.805209956293
           112.0200     -7.8400      165.096969926342
           112.0300     -7.8400      163.403142680081
           112.0400     -7.8400      161.763545098812
           112.0500     -7.8400      160.238142366956
           112.0600     -7.8400      158.900657063007
           112.0700     -7.8400      157.830095362668
           112.0800     -7.8400      157.101315302319
           112.0900     -7.8400      156.775889439510
           112.1000     -7.8400      156.894472133632
           112.1100     -7.8400      157.471676475145
           112.1200     -7.8400      158.494126138899
           112.1300     -7.8400      159.921919781846
           112.1400     -7.8400      161.693288414586
           112.1500     -7.8400      163.731801538403
           112.1600     -7.8400      165.955143105018
           112.1700     -7.8400      168.284278358740
           112.1800     -7.8400      170.651793637771
           112.1900     -7.8400      173.008317482151
           112.2000     -7.8400      175.326204655614
           112.2100     -7.8400      177.600046772736
           112.2200     -7.8400      179.844011369509
           112.2300     -7.8400      182.086445373329
           112.2400     -7.8400      184.362549826015
           112.2500     -7.8400      186.706190166165
           112.2600     -7.8400      189.142015930604
           112.2700     -7.8400      191.679011321803
           112.2800     -7.8400      194.306391842358
           112.2900     -7.8400      196.992431226814
           112.3000     -7.8400      199.686393205116
           112.3100     -7.8400      202.323310736460
           112.3200     -7.8400      204.830960535517
           112.3300     -7.8400      207.138076899632
           112.3400     -7.8400      209.182677267674
           112.3500     -7.8400      210.919355573129
           112.3600     -7.8400      212.324539962761
           112.3700     -7.8400      213.398989074389
           112.3800     -7.8400      214.167177408233
           112.3900     -7.8400      214.673643687557
           112.4000     -7.8400      214.976788598129
           112.4100     -7.8400      215.140953766531
           112.4200     -7.8400      215.227845503651
           112.4300     -7.8400      215.288453621335
           112.4400     -7.8400      215.356546297152
           112.4500     -7.8400      215.444606559700
           112.4600     -7.8400      215.542744333365
           112.4700     -7.8400      215.620715581051
           112.4800     -7.8400      215.632761736809
           112.4900     -7.8400      215.524604999417
           112.5000     -7.8400      215.241648978026
           112.5100     -7.8400      214.737277736353
           112.5200     -7.8400      213.980139760424
           112.5300     -7.8400      212.959446625037
           112.5400     -7.8400      211.687588731583
           112.5500     -7.8400      210.199734657363
           112.5600     -7.8400      208.550486519565
           112.5700     -7.8400      206.808056205339
           112.5800     -7.8400      205.046753523028
           112.5900     -7.8400      203.338793886369
           112.6000     -7.8400      201.746511884216
           112.6100     -7.8400      200.315998763473
           112.6200     -7.8400      199.072977214373
           112.6300     -7.8400      198.021415003655
           112.6400     -7.8400      197.145003291381
           112.6500     -7.8400      196.411237439831
           112.6600     -7.8400      195.777490455617
           112.6700     -7.8400      195.198208542441
           112.6800     -7.8400      194.632218918470
           112.6900     -7.8400      194.049139565038
           112.7000     -7.8400      193.434017381341
           112.7100     -7.8400      192.789575161317
           112.7200     -7.8400      192.135783048460
           112.7300     -7.8400      191.506840198579
           112.7400     -7.8400      190.946006636034
           112.7500     -7.8400      190.499015815321
           112.7600     -7.8400      190.206986511356
           112.7700     -7.8400      190.099814043165
           112.7800     -7.8400      190.190948672648
           112.7900     -7.8400      190.474274704387
           112.8000     -7.8400      190.923515160182
           112.8100     -7.8400      191.494244156276
           112.8200     -7.8400      192.128239304281
           112.8300     -7.8400      192.759596921892
           112.8400     -7.8400      193.321804772259
           112.8500     -7.8400      193.754849996899
           112.8600     -7.8400      194.011447919191
           112.8700     -7.8400      194.061607362288
           112.8800     -7.8400      193.894980467875
           112.8900     -7.8400      193.520746610230
           112.9000     -7.8400      192.965108970789
           112.9100     -7.8400      192.266793840798
           112.9200     -7.8400      191.471195161702
           112.9300     -7.8400      190.623967459425
           112.9400     -7.8400      189.764919605732
           112.9500     -7.8400      188.922995755529
           112.9600     -7.8400      188.112960185363
           112.9700     -7.8400      187.334155284438
           112.9800     -7.8400      186.571412354903
           112.9900     -7.8400      185.797903796173
           113.0000     -7.8400      184.979472498492
           112.0000     -7.8500      171.321998011181
           112.0100     -7.8500      169.643869358580
           112.0200     -7.8500      167.955403929686
           112.0300     -7.8500      166.271989487386
           112.0400     -7.8500      164.633453768620
           112.0500     -7.8500      163.100631729373
           112.0600     -7.8500      161.748904273127
           112.0700     -7.8500      160.659554480012
           112.0800     -7.8500      159.910080435040
           112.0900     -7.8500      159.564742981998
           112.1000     -7.8500      159.666593859232
           112.1100     -7.8500      160.232029778487
           112.1200     -7.8500      161.248578702426
           112.1300     -7.8500      162.676192185450
           112.1400     -7.8500      164.451850851921
           112.1500     -7.8500      166.496851945220
           112.1600     -7.8500      168.725797250448
           112.1700     -7.8500      171.056083298818
           112.1800     -7.8500      173.416641932116
           112.1900     -7.8500      175.754794234972
           112.2000     -7.8500      178.040347872298
           112.2100     -7.8500      180.266449868896
           112.2200     -7.8500      182.447151382504
           112.2300     -7.8500      184.612087463945
           112.2400     -7.8500      186.799062707644
           112.2500     -7.8500      189.045610930050
           112.2600     -7.8500      191.380726764737
           112.2700     -7.8500      193.817932754226
           112.2800     -7.8500      196.350652925837
           112.2900     -7.8500      198.950540168431
           112.3000     -7.8500      201.568994791991
           112.3100     -7.8500      204.141671684701
           112.3200     -7.8500      206.595363435125
           112.3300     -7.8500      208.856322181649
           112.3400     -7.8500      210.858887376564
           112.3500     -7.8500      212.553245935154
           112.3600     -7.8500      213.911270059635
           112.3700     -7.8500      214.929639421619
           112.3800     -7.8500      215.629822193227
           112.3900     -7.8500      216.054913302546
           112.4000     -7.8500      216.263750660487
           112.4100     -7.8500      216.323093953871
           112.4200     -7.8500      216.298907205475
           112.4300     -7.8500      216.247901764301
           112.4400     -7.8500      216.210456091161
           112.4500     -7.8500      216.205839136289
           112.4600     -7.8500      216.230351816914
           112.4700     -7.8500      216.258608949559
           112.4800     -7.8500      216.247765212667
           112.4900     -7.8500      216.144099654307
           112.5000     -7.8500      215.891065740900
           112.5100     -7.8500      215.437728325724
           112.5200     -7.8500      214.746468770848
           112.5300     -7.8500      213.798948562781
           112.5400     -7.8500      212.599563813929
           112.5500     -7.8500      211.175964068250
           112.5600     -7.8500      209.576601978322
           112.5700     -7.8500      207.865672428166
           112.5800     -7.8500      206.116138124233
           112.5900     -7.8500      204.401779053457
           112.6000     -7.8500      202.789314803331
           112.6100     -7.8500      201.331618608429
           112.6200     -7.8500      200.062876447690
           112.6300     -7.8500      198.996268022812
           112.6400     -7.8500      198.124398026209
           112.6500     -7.8500      197.422333863881
           112.6600     -7.8500      196.852760475775
           112.6700     -7.8500      196.372490194768
           112.6800     -7.8500      195.939401191074
           112.6900     -7.8500      195.518842193790
           112.7000     -7.8500      195.088636348028
           112.7100     -7.8500      194.642027941809
           112.7200     -7.8500      194.188211589538
           112.7300     -7.8500      193.750422571239
           112.7400     -7.8500      193.361902555084
           112.7500     -7.8500      193.060341363056
           112.7600     -7.8500      192.881594765333
           112.7700     -7.8500      192.853565038843
           112.7800     -7.8500      192.991095514462
           112.7900     -7.8500      193.292579694244
           112.8000     -7.8500      193.738742402944
           112.8100     -7.8500      194.293749649692
           112.8200     -7.8500      194.908487380544
           112.8300     -7.8500      195.525560357433
           112.8400     -7.8500      196.085339618187
           112.8500     -7.8500      196.532259145157
           112.8600     -7.8500      196.820544728717
           112.8700     -7.8500      196.918650435877
           112.8800     -7.8500      196.811865462547
           112.8900     -7.8500      196.502808746679
           112.9000     -7.8500      196.009814334716
           112.9100     -7.8500      195.363487586396
           112.9200     -7.8500      194.601943529096
           112.9300     -7.8500      193.765393976222
           112.9400     -7.8500      192.890810601311
           112.9500     -7.8500      192.007351770856
           112.9600     -7.8500      191.133110276889
           112.9700     -7.8500      190.273538217509
           112.9800     -7.8500      189.421664270198
           112.9900     -7.8500      188.559972224711
           113.0000     -7.8500      187.663592238970
           112.0000     -7.8600      173.981374159062
           112.0100     -7.8600      172.341699300655
           112.0200     -7.8600      170.686191318601
           112.0300     -7.8600      169.029043359847
           112.0400     -7.8600      167.409484335249
           112.0500     -7.8600      165.888406066371
           112.0600     -7.8600      164.541883047801
           112.0700     -7.8600      163.452427674149
           112.0800     -7.8600      162.699127617342
           112.0900     -7.8600      162.347961756021
           112.1000     -7.8600      162.443566979157
           112.1100     -7.8600      163.003534095668
           112.1200     -7.8600      164.015973627684
           112.1300     -7.8600      165.440657274074
           112.1400     -7.8600      167.213567051321
           112.1500     -7.8600      169.254235247648
           112.1600     -7.8600      171.474894402592
           112.1700     -7.8600      173.790225859066
           112.1800     -7.8600      176.126428162881
           112.1900     -7.8600      178.428430701566
           112.2000     -7.8600      180.664338383184
           112.2100     -7.8600      182.826573833060
           112.2200     -7.8600      184.929632558095
           112.2300     -7.8600      187.004822970721
           112.2400     -7.8600      189.092765651248
           112.2500     -7.8600      191.234721010335
           112.2600     -7.8600      193.463962711991
           112.2700     -7.8600      195.798396956966
           112.2800     -7.8600      198.235448542768
           112.2900     -7.8600      200.749918823149
           112.3000     -7.8600      203.295111812429
           112.3100     -7.8600      205.807078461900
           112.3200     -7.8600      208.211405939511
           112.3300     -7.8600      210.431635391332
           112.3400     -7.8600      212.398173809447
           112.3500     -7.8600      214.056501710474
           112.3600     -7.8600      215.373575865279
           112.3700     -7.8600      216.341571085689
           112.3800     -7.8600      216.978463182705
           112.3900     -7.8600      217.325377842631
           112.4000     -7.8600      217.441060257306
           112.4100     -7.8600      217.394200320069
           112.4200     -7.8600      217.254627712421
           112.4300     -7.8600      217.084533821025
           112.4400     -7.8600      216.930865362126
           112.4500     -7.8600      216.819870922062
           112.4600     -7.8600      216.754489635142
           112.4700     -7.8600      216.714891073550
           112.4800     -7.8600      216.662058580609
           112.4900     -7.8600      216.543910479597
           112.5000     -7.8600      216.303127344662
           112.5100     -7.8600      215.885641120177
           112.5200     -7.8600      215.248669875644
           112.5300     -7.8600      214.367257867835
           112.5400     -7.8600      213.238492034184
           112.5500     -7.8600      211.882882887153
           112.5600     -7.8600      210.342776297036
           112.5700     -7.8600      208.678051637651
           112.5800     -7.8600      206.959709516771
           112.5900     -7.8600      205.262213538854
           112.6000     -7.8600      203.655592348023
           112.6100     -7.8600      202.198314237821
           112.6200     -7.8600      200.931819004130
           112.6300     -7.8600      199.877350388988
           112.6400     -7.8600      199.035412138395
           112.6500     -7.8600      198.387815930779
           112.6600     -7.8600      197.901948415687
           112.6700     -7.8600      197.536602599512
           112.6800     -7.8600      197.248532126397
           112.6900     -7.8600      196.998818260890
           112.7000     -7.8600      196.758194794879
           112.7100     -7.8600      196.510644992113
           112.7200     -7.8600      196.254841303848
           112.7300     -7.8600      196.003305967554
           112.7400     -7.8600      195.779485817226
           112.7500     -7.8600      195.613214790151
           112.7600     -7.8600      195.535245662734
           112.7700     -7.8600      195.571642188077
           112.7800     -7.8600      195.738821805479
           112.7900     -7.8600      196.039930589780
           112.8000     -7.8600      196.463033806495
           112.8100     -7.8600      196.981346796813
           112.8200     -7.8600      197.555448815588
           112.8300     -7.8600      198.137155936493
           112.8400     -7.8600      198.674514030302
           112.8500     -7.8600      199.117236853470
           112.8600     -7.8600      199.421873538655
           112.8700     -7.8600      199.556046805756
           112.8800     -7.8600      199.501247071448
           112.8900     -7.8600      199.253875812335
           112.9000     -7.8600      198.824473411112
           112.9100     -7.8600      198.235308058964
           112.9200     -7.8600      197.516710137481
           112.9300     -7.8600      196.702683713349
           112.9400     -7.8600      195.826395618680
           112.9500     -7.8600      194.916126912982
           112.9600     -7.8600      193.992177231550
           112.9700     -7.8600      193.065056315440
           112.9800     -7.8600      192.135103627400
           112.9900     -7.8600      191.193475351691
           113.0000     -7.8600      190.224257145515
           112.0000     -7.8700      176.498642982060
           112.0100     -7.8700      174.908300526827
           112.0200     -7.8700      173.299676993064
           112.0300     -7.8700      171.685374359699
           112.0400     -7.8700      170.103378624027
           112.0500     -7.8700      168.613780845073
           112.0600     -7.8700      167.292335385480
           112.0700     -7.8700      166.221689931724
           112.0800     -7.8700      165.481434246694
           112.0900     -7.8700      165.138273406735
           112.1000     -7.8700      165.237615572228
           112.1100     -7.8700      165.797676694190
           112.1200     -7.8700      166.806870581863
           112.1300     -7.8700      168.224817587674
           112.1400     -7.8700      169.986827330693
           112.1500     -7.8700      172.011254371900
           112.1600     -7.8700      174.208751422042
           112.1700     -7.8700      176.492202057582
           112.1800     -7.8700      178.786035707067
           112.1900     -7.8700      181.033721474136
           112.2000     -7.8700      183.202490602131
           112.2100     -7.8700      185.284715223946
           112.2200     -7.8700      187.295822189920
           112.2300     -7.8700      189.269084460451
           112.2400     -7.8700      191.248046749338
           112.2500     -7.8700      193.277651818472
           112.2600     -7.8700      195.395298429154
           112.2700     -7.8700      197.623060529353
           112.2800     -7.8700      199.962131238609
           112.2900     -7.8700      202.390248020290
           112.3000     -7.8700      204.862449230293
           112.3100     -7.8700      207.315062030971
           112.3200     -7.8700      209.672387921285
           112.3300     -7.8700      211.855192624989
           112.3400     -7.8700      213.789869166623
           112.3500     -7.8700      215.417057386460
           112.3600     -7.8700      216.698580050020
           112.3700     -7.8700      217.621783500375
           112.3800     -7.8700      218.200717902160
           112.3900     -7.8700      218.474011385445
           112.4000     -7.8700      218.499727544961
           112.4100     -7.8700      218.347888992785
           112.4200     -7.8700      218.091649398927
           112.4300     -7.8700      217.798264072943
           112.4400     -7.8700      217.521023999901
           112.4500     -7.8700      217.293180196423
           112.4600     -7.8700      217.124614392764
           112.4700     -7.8700      217.001645771430
           112.4800     -7.8700      216.889951289775
           112.4900     -7.8700      216.740173813372
           112.5000     -7.8700      216.495450703123
           112.5100     -7.8700      216.099859450491
           112.5200     -7.8700      215.506675599018
           112.5300     -7.8700      214.685382400224
           112.5400     -7.8700      213.626552899681
           112.5500     -7.8700      212.344016988806
           112.5600     -7.8700      210.874087876323
           112.5700     -7.8700      209.272005502754
           112.5800     -7.8700      207.606107967134
           112.5900     -7.8700      205.950520404059
           112.6000     -7.8700      204.377319267823
           112.6100     -7.8700      202.949169321088
           112.6200     -7.8700      201.713339024854
           112.6300     -7.8700      200.697793104770
           112.6400     -7.8700      199.909769323439
           112.6500     -7.8700      199.336910854354
           112.6600     -7.8700      198.950691766050
           112.6700     -7.8700      198.711585097358
           112.6800     -7.8700      198.575217559665
           112.6900     -7.8700      198.498656655811
           112.7000     -7.8700      198.445994502463
           112.7100     -7.8700      198.392521506721
           112.7200     -7.8700      198.327001304477
           112.7300     -7.8700      198.251833709613
           112.7400     -7.8700      198.181185913885
           112.7500     -7.8700      198.137443724329
           112.7600     -7.8700      198.146548445303
           112.7700     -7.8700      198.232914350311
           112.7800     -7.8700      198.414652158770
           112.7900     -7.8700      198.699755069456
           112.8000     -7.8700      199.083748755107
           112.8100     -7.8700      199.549089612538
           112.8200     -7.8700      200.066348359999
           112.8300     -7.8700      200.596973560655
           112.8400     -7.8700      201.097224636710
           112.8500     -7.8700      201.522722811784
           112.8600     -7.8700      201.833007745198
           112.8700     -7.8700      201.995512224730
           112.8800     -7.8700      201.988470032463
           112.8900     -7.8700      201.802435368830
           112.9000     -7.8700      201.440290782879
           112.9100     -7.8700      200.915825420401
           112.9200     -7.8700      200.251148045648
           112.9300     -7.8700      199.473335673076
           112.9400     -7.8700      198.610792408563
           112.9500     -7.8700      197.689797568896
           112.9600     -7.8700      196.731660844734
           112.9700     -7.8700      195.750787939484
           112.9800     -7.8700      194.753812442760
           112.9900     -7.8700      193.739792113850
           113.0000     -7.8700      192.701323803188
           112.0000     -7.8800      178.893824859112
           112.0100     -7.8800      177.363362176064
           112.0200     -7.8800      175.815026090097
           112.0300     -7.8800      174.259455907191
           112.0400     -7.8800      172.732769398309
           112.0500     -7.8800      171.293414041537
           112.0600     -7.8800      170.015824381599
           112.0700     -7.8800      168.981706272535
           112.0800     -7.8800      168.270087361333
           112.0900     -7.8800      167.947439603389
           112.1000     -7.8800      168.059171893580
           112.1100     -7.8800      168.623610443512
           112.1200     -7.8800      169.629255840518
           112.1300     -7.8800      171.035673035025
           112.1400     -7.8800      172.777891808491
           112.1500     -7.8800      174.773734484183
           112.1600     -7.8800      176.933106010504
           112.1700     -7.8800      179.168029488451
           112.1800     -7.8800      181.402120624410
           112.1900     -7.8800      183.578278532994
           112.2000     -7.8800      185.663615672670
           112.2100     -7.8800      187.651022915830
           112.2200     -7.8800      189.557216455771
           112.2300     -7.8800      191.417581058592
           112.2400     -7.8800      193.278546822043
           112.2500     -7.8800      195.188558282492
           112.2600     -7.8800      197.188873419191
           112.2700     -7.8800      199.305443163093
           112.2800     -7.8800      201.542968935696
           112.2900     -7.8800      203.881938106630
           112.3000     -7.8800      206.279035671951
           112.3100     -7.8800      208.670878978310
           112.3200     -7.8800      210.980581160055
           112.3300     -7.8800      213.126276418336
           112.3400     -7.8800      215.030485022169
           112.3500     -7.8800      216.629090625394
           112.3600     -7.8800      217.878759678603
           112.3700     -7.8800      218.761843272586
           112.3800     -7.8800      219.288136418281
           112.3900     -7.8800      219.493283231627
           112.4000     -7.8800      219.434053569283
           112.4100     -7.8800      219.181119729002
           112.4200     -7.8800      218.810278468518
           112.4300     -7.8800      218.393253453495
           112.4400     -7.8800      217.989253184268
           112.4500     -7.8800      217.638346363602
           112.4600     -7.8800      217.357467576121
           112.4700     -7.8800      217.139515646216
           112.4800     -7.8800      216.955602440698
           112.4900     -7.8800      216.760104771760
           112.5000     -7.8800      216.497819125745
           112.5100     -7.8800      216.112263065517
           112.5200     -7.8800      215.554039626820
           112.5300     -7.8800      214.788195724062
           112.5400     -7.8800      213.799657482015
           112.5500     -7.8800      212.596091675101
           112.5600     -7.8800      211.207885822975
           112.5700     -7.8800      209.685313513956
           112.5800     -7.8800      208.093306913639
           112.5900     -7.8800      206.504549587745
           112.6000     -7.8800      204.991793777469
           112.6100     -7.8800      203.620375277980
           112.6200     -7.8800      202.441840862251
           112.6300     -7.8800      201.489429372169
           112.6400     -7.8800      200.775884585776
           112.6500     -7.8800      200.293763055401
           112.6600     -7.8800      200.018076186607
           112.6700     -7.8800      199.910815517972
           112.6800     -7.8800      199.926690175622
           112.6900     -7.8800      200.019281923166
           112.7000     -7.8800      200.146808502241
           112.7100     -7.8800      200.276777569300
           112.7200     -7.8800      200.388994969391
           112.7300     -7.8800      200.476634541780
           112.7400     -7.8800      200.545347178787
           112.7500     -7.8800      200.610647339793
           112.7600     -7.8800      200.694031451226
           112.7700     -7.8800      200.818427803990
           112.7800     -7.8800      201.003635627385
           112.7900     -7.8800      201.262378366887
           112.8000     -7.8800      201.597481633030
           112.8100     -7.8800      202.000509306001
           112.8200     -7.8800      202.451978897986
           112.8300     -7.8800      202.923060007410
           112.8400     -7.8800      203.378467196443
           112.8500     -7.8800      203.780115624655
           112.8600     -7.8800      204.091030921017
           112.8700     -7.8800      204.279000711431
           112.8800     -7.8800      204.319520153733
           112.8900     -7.8800      204.197704627475
           112.9000     -7.8800      203.908999234820
           112.9100     -7.8800      203.458683066927
           112.9200     -7.8800      202.860322189430
           112.9300     -7.8800      202.133448209871
           112.9400     -7.8800      201.300814424123
           112.9500     -7.8800      200.385602095666
           112.9600     -7.8800      199.408917008415
           112.9700     -7.8800      198.387840319935
           112.9800     -7.8800      197.334193000808
           112.9900     -7.8800      196.254058014559
           113.0000     -7.8800      195.147997276630
           112.0000     -7.8900      181.194633983035
           112.0100     -7.8900      179.733194639513
           112.0200     -7.8900      178.256794673816
           112.0300     -7.8900      176.773804451942
           112.0400     -7.8900      175.317915551640
           112.0500     -7.8900      173.945158435183
           112.0600     -7.8900      172.727719892931
           112.0700     -7.8900      171.745361417930
           112.0800     -7.8900      171.075562085963
           112.0900     -7.8900      170.783682103880
           112.1000     -7.8900      170.914443117432
           112.1100     -7.8900      171.485848937799
           112.1200     -7.8900      172.486348871751
           112.1300     -7.8900      173.875618463226
           112.1400     -7.8900      175.588856295317
           112.1500     -7.8900      177.544033981259
           112.1600     -7.8900      179.651150817979
           112.1700     -7.8900      181.822285665545
           112.1800     -7.8900      183.981140249030
           112.1900     -7.8900      186.070842559975
           112.2000     -7.8900      188.059015650549
           112.2100     -7.8900      189.939483692806
           112.2200     -7.8900      191.730434493871
           112.2300     -7.8900      193.469326088634
           112.2400     -7.8900      195.205252532723
           112.2500     -7.8900      196.989814385158
           112.2600     -7.8900      198.867729646317
           112.2700     -7.8900      200.868446988510
           112.2800     -7.8900      202.999882754388
           112.2900     -7.8900      205.245116169525
           112.3000     -7.8900      207.562482474151
           112.3100     -7.8900      209.889054040378
           112.3200     -7.8900      212.147054568727
           112.3300     -7.8900      214.252369530585
           112.3400     -7.8900      216.124046643575
           112.3500     -7.8900      217.693557528431
           112.3600     -7.8900      218.912630349982
           112.3700     -7.8900      219.758656416366
           112.3800     -7.8900      220.236994451143
           112.3900     -7.8900      220.379901244836
           112.4000     -7.8900      220.242252859633
           112.4100     -7.8900      219.894629478818
           112.4200     -7.8900      219.414666618648
           112.4300     -7.8900      218.877784148868
           112.4400     -7.8900      218.348467206549
           112.4500     -7.8900      217.873183888204
           112.4600     -7.8900      217.475797682360
           112.4700     -7.8900      217.155999734082
           112.4800     -7.8900      216.890892165964
           112.4900     -7.8900      216.639450810608
           112.5000     -7.8900      216.349235937077
           112.5100     -7.8900      215.964448273501
           112.5200     -7.8900      215.434277748172
           112.5300     -7.8900      214.720480297505
           112.5400     -7.8900      213.803241971741
           112.5500     -7.8900      212.684629989282
           112.5600     -7.8900      211.389253342320
           112.5700     -7.8900      209.962117269719
           112.5800     -7.8900      208.464008836377
           112.5900     -7.8900      206.965049976893
           112.6000     -7.8900      205.537263005025
           112.6100     -7.8900      204.247087976616
           112.6200     -7.8900      203.148763232639
           112.6300     -7.8900      202.279337914800
           112.6400     -7.8900      201.655850788847
           112.6500     -7.8900      201.274917000438
           112.6600     -7.8900      201.114653398221
           112.6700     -7.8900      201.138584583987
           112.6800     -7.8900      201.300942108993
           112.6900     -7.8900      201.552625279679
           112.7000     -7.8900      201.847048546930
           112.7100     -7.8900      202.145158315780
           112.7200     -7.8900      202.419048783671
           112.7300     -7.8900      202.653818557030
           112.7400     -7.8900      202.847556301328
           112.7500     -7.8900      203.009590547779
           112.7600     -7.8900      203.157353696278
           112.7700     -7.8900      203.312366833062
           112.7800     -7.8900      203.495933009944
           112.7900     -7.8900      203.725125913596
           112.8000     -7.8900      204.009583464007
           112.8100     -7.8900      204.349476870059
           112.8200     -7.8900      204.734847458254
           112.8300     -7.8900      205.146312491362
           112.8400     -7.8900      205.556963577764
           112.8500     -7.8900      205.935139936185
           112.8600     -7.8900      206.247670015142
           112.8700     -7.8900      206.463146707441
           112.8800     -7.8900      206.554832666222
           112.8900     -7.8900      206.502873862263
           112.9000     -7.8900      206.295616053918
           112.9100     -7.8900      205.929951154511
           112.9200     -7.8900      205.410748838421
           112.9300     -7.8900      204.749535690530
           112.9400     -7.8900      203.962657035255
           112.9500     -7.8900      203.069188772564
           112.9600     -7.8900      202.088858307366
           112.9700     -7.8900      201.040191330756
           112.9800     -7.8900      199.939035778307
           112.9900     -7.8900      198.797539229539
           113.0000     -7.8900      197.623584887449
           112.0000     -7.9000      183.432212686655
           112.0100     -7.9000      182.046586169927
           112.0200     -7.9000      180.650955510178
           112.0300     -7.9000      179.251213120372
           112.0400     -7.9000      177.878173348404
           112.0500     -7.9000      176.584790508480
           112.0600     -7.9000      175.440195030492
           112.0700     -7.9000      174.521323447511
           112.0800     -7.9000      173.903241729385
           112.0900     -7.9000      173.649438702632
           112.1000     -7.9000      173.803373500689
           112.1100     -7.9000      174.382397443900
           112.1200     -7.9000      175.374858510737
           112.1300     -7.9000      176.740777438278
           112.1400     -7.9000      178.416014391933
           112.1500     -7.9000      180.319386578168
           112.1600     -7.9000      182.361810889520
           112.1700     -7.9000      184.456282586288
           112.1800     -7.9000      186.527395496060
           112.1900     -7.9000      188.519174576460
           112.2000     -7.9000      190.400218572037
           112.2100     -7.9000      192.165508216857
           112.2200     -7.9000      193.834676180133
           112.2300     -7.9000      195.447000229649
           112.2400     -7.9000      197.053809532790
           112.2500     -7.9000      198.709329524787
           112.2600     -7.9000      200.461189880203
           112.2700     -7.9000      202.341857628580
           112.2800     -7.9000      204.362129602987
           112.2900     -7.9000      206.507543193561
           112.3000     -7.9000      208.738178969168
           112.3100     -7.9000      210.991884404937
           112.3200     -7.9000      213.190503208195
           112.3300     -7.9000      215.248307528622
           112.3400     -7.9000      217.081550490721
           112.3500     -7.9000      218.617919244773
           112.3600     -7.9000      219.804690329999
           112.3700     -7.9000      220.614564922009
           112.3800     -7.9000      221.048466833695
           112.3900     -7.9000      221.134979794835
           112.4000     -7.9000      220.926530509447
           112.4100     -7.9000      220.492834317056
           112.4200     -7.9000      219.912458436010
           112.4300     -7.9000      219.263581437086
           112.4400     -7.9000      218.615110027827
           112.4500     -7.9000      218.019247412630
           112.4600     -7.9000      217.506402851183
           112.4700     -7.9000      217.083018547361
           112.4800     -7.9000      216.732510071984
           112.4900     -7.9000      216.419120199709
           112.5000     -7.9000      216.094124336270
           112.5100     -7.9000      215.703543969277
           112.5200     -7.9000      215.196356724983
           112.5300     -7.9000      214.532156063081
           112.5400     -7.9000      213.687311301312
           112.5500     -7.9000      212.658893299931
           112.5600     -7.9000      211.465931969896
           112.5700     -7.9000      210.147917877825
           112.5800     -7.9000      208.760806158778
           112.5900     -7.9000      207.371082773308
           112.6000     -7.9000      206.048674066372
           112.6100     -7.9000      204.859595489173
           112.6200     -7.9000      203.859233640483
           112.6300     -7.9000      203.087042253000
           112.6400     -7.9000      202.563226345312
           112.6500     -7.9000      202.287719593665
           112.6600     -7.9000      202.241464957745
           112.6700     -7.9000      202.389726340433
           112.6800     -7.9000      202.686924799712
           112.6900     -7.9000      203.082333954096
           112.7000     -7.9000      203.525902071804
           112.7100     -7.9000      203.973496587218
           112.7200     -7.9000      204.390981600116
           112.7300     -7.9000      204.756720710695
           112.7400     -7.9000      205.062319159128
           112.7500     -7.9000      205.311649901345
           112.7600     -7.9000      205.518417853098
           112.7700     -7.9000      205.702679571251
           112.7800     -7.9000      205.886834335184
           112.7900     -7.9000      206.091628775257
           112.8000     -7.9000      206.332672795215
           112.8100     -7.9000      206.617860646255
           112.8200     -7.9000      206.945945776181
           112.8300     -7.9000      207.306353737652
           112.8400     -7.9000      207.680157005216
           112.8500     -7.9000      208.041999593847
           112.8600     -7.9000      208.362663383323
           112.8700     -7.9000      208.611920705859
           112.8800     -7.9000      208.761320264209
           112.8900     -7.9000      208.786600052314
           112.9000     -7.9000      208.669500367518
           112.9100     -7.9000      208.398847579971
           112.9200     -7.9000      207.970879516493
           112.9300     -7.9000      207.388872094784
           112.9400     -7.9000      206.662193669868
           112.9500     -7.9000      205.804952639090
           112.9600     -7.9000      204.834414551948
           112.9700     -7.9000      203.769351316618
           112.9800     -7.9000      202.628454574149
           112.9900     -7.9000      201.428907162608
           113.0000     -7.9000      200.185169920151
           112.0000     -7.9100      185.636615232107
           112.0100     -7.9100      184.330517849492
           112.0200     -7.9100      183.020896982272
           112.0300     -7.9100      181.711076326890
           112.0400     -7.9100      180.428676228863
           112.0500     -7.9100      179.223061753072
           112.0600     -7.9100      178.159651497168
           112.0700     -7.9100      177.311831752811
           112.0800     -7.9100      176.751543296320
           112.0900     -7.9100      176.539788418544
           112.1000     -7.9100      176.718319897048
           112.1100     -7.9100      177.303619815979
           112.1200     -7.9100      178.283975170108
           112.1300     -7.9100      179.620049303637
           112.1400     -7.9100      181.248887783017
           112.1500     -7.9100      183.090845446651
           112.1600     -7.9100      185.058537919726
           112.1700     -7.9100      187.066656347396
           112.1800     -7.9100      189.041373051867
           112.1900     -7.9100      190.928122377760
           112.2000     -7.9100      192.696757066896
           112.2100     -7.9100      194.343427001753
           112.2200     -7.9100      195.888957946387
           112.2300     -7.9100      197.373966034484
           112.2400     -7.9100      198.851369003598
           112.2500     -7.9100      200.377292064106
           112.2600     -7.9100      202.001571314253
           112.2700     -7.9100      203.759104865963
           112.2800     -7.9100      205.663186280839
           112.2900     -7.9100      207.701692807152
           112.3000     -7.9100      209.836627516327
           112.3100     -7.9100      212.007079193949
           112.3200     -7.9100      214.135223731481
           112.3300     -7.9100      216.134602797440
           112.3400     -7.9100      217.919629325384
           112.3500     -7.9100      219.415120631533
           112.3600     -7.9100      220.564666281961
           112.3700     -7.9100      221.336796383537
           112.3800     -7.9100      221.728204347898
           112.3900     -7.9100      221.763657521365
           112.4000     -7.9100      221.492649414621
           112.4100     -7.9100      220.983254182670
           112.4200     -7.9100      220.313985756258
           112.4300     -7.9100      219.564698199206
           112.4400     -7.9100      218.807662687632
           112.4500     -7.9100      218.099910135275
           112.4600     -7.9100      217.477745909337
           112.4700     -7.9100      216.954050531446
           112.4800     -7.9100      216.518617449146
           112.4900     -7.9100      216.141393633870
           112.5000     -7.9100      215.778130327576
           112.5100     -7.9100      215.377664402541
           112.5200     -7.9100      214.889869836660
           112.5300     -7.9100      214.273263566813
           112.5400     -7.9100      213.501323670070
           112.5500     -7.9100      212.566767105196
           112.5600     -7.9100      211.483311490051
           112.5700     -7.9100      210.284772672842
           112.5800     -7.9100      209.021684192079
           112.5900     -7.9100      207.755923767368
           112.6000     -7.9100      206.554059439199
           112.6100     -7.9100      205.480258100674
           112.6200     -7.9100      204.589619566771
           112.6300     -7.9100      203.922712098107
           112.6400     -7.9100      203.501906115911
           112.6500     -7.9100      203.329858376718
           112.6600     -7.9100      203.390222839811
           112.6700     -7.9100      203.650392963274
           112.6800     -7.9100      204.065846924581
           112.6900     -7.9100      204.585499378717
           112.7000     -7.9100      205.157378162685
           112.7100     -7.9100      205.733947657524
           112.7200     -7.9100      206.276486545680
           112.7300     -7.9100      206.758080480889
           112.7400     -7.9100      207.164986242985
           112.7500     -7.9100      207.496335821755
           112.7600     -7.9100      207.762348959816
           112.7700     -7.9100      207.981386857432
           112.7800     -7.9100      208.176290273246
           112.7900     -7.9100      208.370492680888
           112.8000     -7.9100      208.584382890170
           112.8100     -7.9100      208.832319309235
           112.8200     -7.9100      209.120584070940
           112.8300     -7.9100      209.446427926975
           112.8400     -7.9100      209.798215735289
           112.8500     -7.9100      210.156555615572
           112.8600     -7.9100      210.496196661287
           112.8700     -7.9100      210.788419292757
           112.8800     -7.9100      211.003621665307
           112.8900     -7.9100      211.113821990876
           112.9000     -7.9100      211.094842524350
           112.9100     -7.9100      210.928005698703
           112.9200     -7.9100      210.601244893310
           112.9300     -7.9100      210.109600967788
           112.9400     -7.9100      209.455132873265
           112.9500     -7.9100      208.646311714204
           112.9600     -7.9100      207.696991652267
           112.9700     -7.9100      206.625060384934
           112.9800     -7.9100      205.450871249985
           112.9900     -7.9100      204.195553894196
           113.0000     -7.9100      202.879296000777
           112.0000     -7.9200      187.832614631988
           112.0100     -7.9200      186.606286530309
           112.0200     -7.9200      185.383915012180
           112.0300     -7.9200      184.166290994228
           112.0400     -7.9200      182.977671554145
           112.0500     -7.9200      181.863481921881
           112.0600     -7.9200      180.884944404728
           112.0700     -7.9200      180.111342411219
           112.0800     -7.9200      179.610946795412
           112.0900     -7.9200      179.441813573450
           112.1000     -7.9200      179.643682604293
           112.1100     -7.9200      180.232063578963
           112.1200     -7.9200      181.195307950477
           112.1300     -7.9200      182.495071744384
           112.1400     -7.9200      184.070126964459
           112.1500     -7.9200      185.843037928336
           112.1600     -7.9200      187.728841726134
           112.1700     -7.9200      189.644608759323
           112.1800     -7.9200      191.518644391544
           112.1900     -7.9200      193.298140799560
           112.2000     -7.9200      194.954292261548
           112.2100     -7.9200      196.484219952465
           112.2200     -7.9200      197.909469649067
           112.2300     -7.9200      199.271292558646
           112.2400     -7.9200      200.623337231946
           112.2500     -7.9200      202.022714856987
           112.2600     -7.9200      203.520608108024
           112.2700     -7.9200      205.153648935561
           112.2800     -7.9200      206.937187140452
           112.2900     -7.9200      208.861323907355
           112.3000     -7.9200      210.890225904715
           112.3100     -7.9200      212.964813373030
           112.3200     -7.9200      215.008484839618
           112.3300     -7.9200      216.935157219260
           112.3400     -7.9200      218.658611851237
           112.3500     -7.9200      220.101980275305
           112.3600     -7.9200      221.206196620897
           112.3700     -7.9200      221.936385189844
           112.3800     -7.9200      222.285421884881
           112.3900     -7.9200      222.274270163224
           112.4000     -7.9200      221.949098606492
           112.4100     -7.9200      221.375585608889
           112.4200     -7.9200      220.631156736256
           112.4300     -7.9200      219.796140112997
           112.4400     -7.9200      218.944936547338
           112.4500     -7.9200      218.138272809312
           112.4600     -7.9200      217.417445383042
           112.4700     -7.9200      216.801191715374
           112.4800     -7.9200      216.285483356232
           112.4900     -7.9200      215.846165524923
           112.5000     -7.9200      215.444017843941
           112.5100     -7.9200      215.031524649281
           112.5200     -7.9200      214.560454454126
           112.5300     -7.9200      213.989277430128
           112.5400     -7.9200      213.289502164493
           112.5500     -7.9200      212.450177685434
           112.5600     -7.9200      211.480059219964
           112.5700     -7.9200      210.407241551531
           112.5800     -7.9200      209.276381998255
           112.5900     -7.9200      208.143925712562
           112.6000     -7.9200      207.071974085518
           112.6100     -7.9200      206.121576773227
           112.6200     -7.9200      205.346265758083
           112.6300     -7.9200      204.786585865011
           112.6400     -7.9200      204.466223050954
           112.6500     -7.9200      204.390112940561
           112.6600     -7.9200      204.544657935217
           112.6700     -7.9200      204.899925046281
           112.6800     -7.9200      205.413470090629
           112.6900     -7.9200      206.035263192214
           112.7000     -7.9200      206.713093247489
           112.7100     -7.9200      207.397812422809
           112.7200     -7.9200      208.047842553576
           112.7300     -7.9200      208.632490723366
           112.7400     -7.9200      209.133791335756
           112.7500     -7.9200      209.546782553209
           112.7600     -7.9200      209.878311257227
           112.7700     -7.9200      210.144620419739
           112.7800     -7.9200      210.368088927661
           112.7900     -7.9200      210.573556423178
           112.8000     -7.9200      210.784672245805
           112.8100     -7.9200      211.020662999564
           112.8200     -7.9200      211.293828449626
           112.8300     -7.9200      211.607965086132
           112.8400     -7.9200      211.957796985803
           112.8500     -7.9200      212.329379913525
           112.8600     -7.9200      212.701349469018
           112.8700     -7.9200      213.046815851264
           112.8800     -7.9200      213.335670074414
           112.8900     -7.9200      213.537058242430
           112.9000     -7.9200      213.621797093804
           112.9100     -7.9200      213.564538411654
           112.9200     -7.9200      213.345534173845
           112.9300     -7.9200      212.951901230286
           112.9400     -7.9200      212.378328335571
           112.9500     -7.9200      211.627206429308
           112.9600     -7.9200      210.708194511677
           112.9700     -7.9200      209.637259688068
           112.9800     -7.9200      208.435253478261
           112.9900     -7.9200      207.126109896974
           113.0000     -7.9200      205.734775730707
           112.0000     -7.9300      190.036360731096
           112.0100     -7.9300      188.886529434983
           112.0200     -7.9300      187.748651700996
           112.0300     -7.9300      186.621144146043
           112.0400     -7.9300      185.524877722972
           112.0500     -7.9300      184.501150612078
           112.0600     -7.9300      183.606676881023
           112.0700     -7.9300      182.906257838884
           112.0800     -7.9300      182.464115919876
           112.0900     -7.9300      182.335052610752
           112.1000     -7.9300      182.556618388799
           112.1100     -7.9300      183.143350635997
           112.1200     -7.9300      184.083862918413
           112.1300     -7.9300      185.341192381421
           112.1400     -7.9300      186.856381518621
           112.1500     -7.9300      188.554843392497
           112.1600     -7.9300      190.354692025054
           112.1700     -7.9300      192.175960500335
           112.1800     -7.9300      193.949512190363
           112.1900     -7.9300      195.624490402358
           112.2000     -7.9300      197.173342867140
           112.2100     -7.9300      198.593774210435
           112.2200     -7.9300      199.907379892498
           112.2300     -7.9300      201.155146385987
           112.2400     -7.9300      202.390408203289
           112.2500     -7.9300      203.670180119237
           112.2600     -7.9300      205.045990483852
           112.2700     -7.9300      206.555402790073
           112.2800     -7.9300      208.215320798196
           112.2900     -7.9300      210.017940595931
           112.3000     -7.9300      211.929872071363
           112.3100     -7.9300      213.894547230223
           112.3200     -7.9300      215.837616194813
           112.3300     -7.9300      217.674657015888
           112.3400     -7.9300      219.320239955003
           112.3500     -7.9300      220.697225874774
           112.3600     -7.9300      221.745160544182
           112.3700     -7.9300      222.426752132461
           112.3800     -7.9300      222.731669712477
           112.3900     -7.9300      222.677242363822
           112.4000     -7.9300      222.306026606632
           112.4100     -7.9300      221.680594548138
           112.4200     -7.9300      220.876227916388
           112.4300     -7.9300      219.972443378977
           112.4400     -7.9300      219.044394183626
           112.4500     -7.9300      218.155180168254
           112.4600     -7.9300      217.349957634847
           112.4700     -7.9300      216.652493536106
           112.4800     -7.9300      216.064488836353
           112.4900     -7.9300      215.567645903530
           112.5000     -7.9300      215.128119052356
           112.5100     -7.9300      214.702707359631
           112.5200     -7.9300      214.245957687982
           112.5300     -7.9300      213.717264237717
           112.5400     -7.9300      213.087085117975
           112.5500     -7.9300      212.341537809362
           112.5600     -7.9300      211.484862251092
           112.5700     -7.9300      210.539521019906
           112.5800     -7.9300      209.544003609000
           112.5900     -7.9300      208.548678572107
           112.6000     -7.9300      207.610259951824
           112.6100     -7.9300      206.785597950962
           112.6200     -7.9300      206.125554310553
           112.6300     -7.9300      205.669678724230
           112.6400     -7.9300      205.442274137842
           112.6500     -7.9300      205.450246213496
           112.6600     -7.9300      205.682902688674
           112.6700     -7.9300      206.113631971048
           112.6800     -7.9300      206.703176241980
           112.6900     -7.9300      207.404047152017
           112.7000     -7.9300      208.165529008937
           112.7100     -7.9300      208.938683212692
           112.7200     -7.9300      209.680807130434
           112.7300     -7.9300      210.358900574703
           112.7400     -7.9300      210.951836829188
           112.7500     -7.9300      211.451102034415
           112.7600     -7.9300      211.860134947364
           112.7700     -7.9300      212.192448707503
           112.7800     -7.9300      212.468831570517
           112.7900     -7.9300      212.713994711835
           112.8000     -7.9300      212.953058733050
           112.8100     -7.9300      213.208249208709
           112.8200     -7.9300      213.496113389807
           112.8300     -7.9300      213.825486384150
           112.8400     -7.9300      214.196338609524
           112.8500     -7.9300      214.599539486286
           112.8600     -7.9300      215.017485592950
           112.8700     -7.9300      215.425472127804
           112.8800     -7.9300      215.793638210203
           112.8900     -7.9300      216.089289632823
           112.9000     -7.9300      216.279394764299
           112.9100     -7.9300      216.333056368535
           112.9200     -7.9300      216.223779616742
           112.9300     -7.9300      215.931380516376
           112.9400     -7.9300      215.443406623139
           112.9500     -7.9300      214.755972056849
           112.9600     -7.9300      213.873941736338
           112.9700     -7.9300      212.810436464671
           112.9800     -7.9300      211.585672158591
           112.9900     -7.9300      210.225193411633
           113.0000     -7.9300      208.757612413912
           112.0000     -7.9400      192.253304123241
           112.0100     -7.9400      191.173523623934
           112.0200     -7.9400      190.113808122353
           112.0300     -7.9400      189.070465544529
           112.0400     -7.9400      188.061090123345
           112.0500     -7.9400      187.122815615211
           112.0600     -7.9400      186.307694719962
           112.0700     -7.9400      185.675826267852
           112.0800     -7.9400      185.287155959436
           112.0900     -7.9400      185.193056240238
           112.1000     -7.9400      185.428822597751
           112.1100     -7.9400      186.008103350528
           112.1200     -7.9400      186.920024266330
           112.1300     -7.9400      188.129412460228
           112.1400     -7.9400      189.580113635072
           112.1500     -7.9400      191.200987376646
           112.1600     -7.9400      192.913811061493
           112.1700     -7.9400      194.642070582275
           112.1800     -7.9400      196.319498478349
           112.1900     -7.9400      197.897252182901
           112.2000     -7.9400      199.348802181250
           112.2100     -7.9400      200.671898123917
           112.2200     -7.9400      201.887360820939
           112.2300     -7.9400      203.034859609855
           112.2400     -7.9400      204.166224107233
           112.2500     -7.9400      205.337156379384
           112.2600     -7.9400      206.598413509425
           112.2700     -7.9400      207.987595850242
           112.2800     -7.9400      209.522595606224
           112.2900     -7.9400      211.197545410125
           112.3000     -7.9400      212.981786103671
           112.3100     -7.9400      214.821989096068
           112.3200     -7.9400      216.647171190294
           112.3300     -7.9400      218.375979442829
           112.3400     -7.9400      219.925345773456
           112.3500     -7.9400      221.219449734676
           112.3600     -7.9400      222.197901709192
           112.3700     -7.9400      222.822168892978
           112.3800     -7.9400      223.079496442045
           112.3900     -7.9400      222.983894888534
           112.4000     -7.9400      222.574130529990
           112.4100     -7.9400      221.909021104574
           112.4200     -7.9400      221.060658907127
           112.4300     -7.9400      220.106418701303
           112.4400     -7.9400      219.120731153031
           112.4500     -7.9400      218.167601702552
           112.4600     -7.9400      217.294733459298
           112.4700     -7.9400      216.529889569907
           112.4800     -7.9400      215.879836531134
           112.4900     -7.9400      215.331883964847
           112.5000     -7.9400      214.857720024676
           112.5100     -7.9400      214.418973788663
           112.5200     -7.9400      213.973748134066
           112.5300     -7.9400      213.483278904238
           112.5400     -7.9400      212.917895538187
           112.5500     -7.9400      212.261577937012
           112.5600     -7.9400      211.514605133333
           112.5700     -7.9400      210.694044944513
           112.5800     -7.9400      209.832106555619
           112.5900     -7.9400      208.972635419645
           112.6000     -7.9400      208.166241100945
           112.6100     -7.9400      207.464690160848
           112.6200     -7.9400      206.915254242256
           112.6300     -7.9400      206.555675604573
           112.6400     -7.9400      206.410306742096
           112.6500     -7.9400      206.487814767150
           112.6600     -7.9400      206.780638712706
           112.6700     -7.9400      207.266175548828
           112.6800     -7.9400      207.909474667468
           112.6900     -7.9400      208.667063185203
           112.7000     -7.9400      209.491421583536
           112.7100     -7.9400      210.335588992276
           112.7200     -7.9400      211.157399577347
           112.7300     -7.9400      211.922928209223
           112.7400     -7.9400      212.608841131385
           112.7500     -7.9400      213.203488347728
           112.7600     -7.9400      213.706720437812
           112.7700     -7.9400      214.128546376086
           112.7800     -7.9400      214.486856936190
           112.7900     -7.9400      214.804511390759
           112.8000     -7.9400      215.106119746577
           112.8100     -7.9400      215.414850024734
           112.8200     -7.9400      215.749555614750
           112.8300     -7.9400      216.122459820101
           112.8400     -7.9400      216.537562937767
           112.8500     -7.9400      216.989860886685
           112.8600     -7.9400      217.465391358077
           112.8700     -7.9400      217.942059303492
           112.8800     -7.9400      218.391141412237
           112.8900     -7.9400      218.779329914814
           112.9000     -7.9400      219.071148803428
           112.9100     -7.9400      219.231558793208
           112.9200     -7.9400      219.228559487541
           112.9300     -7.9400      219.035597364251
           112.9400     -7.9400      218.633596488488
           112.9500     -7.9400      218.012446371743
           112.9600     -7.9400      217.171809764995
           112.9700     -7.9400      216.121153862016
           112.9800     -7.9400      214.878961859414
           112.9900     -7.9400      213.471146763399
           113.0000     -7.9400      211.928762148121
           112.0000     -7.9500      194.477634123960
           112.0100     -7.9500      193.458964868179
           112.0200     -7.9500      192.468289131251
           112.0300     -7.9500      191.500154795782
           112.0400     -7.9500      190.569096506479
           112.0500     -7.9500      189.708170843284
           112.0600     -7.9500      188.964748651284
           112.0700     -7.9500      188.394137409380
           112.0800     -7.9500      188.051899498643
           112.0900     -7.9500      187.985908320763
           112.1000     -7.9500      188.229220354100
           112.1100     -7.9500      188.794733129756
           112.1200     -7.9500      189.672361699680
           112.1300     -7.9500      190.829131509471
           112.1400     -7.9500      192.212198483918
           112.1500     -7.9500      193.754419103178
           112.1600     -7.9500      195.381755650347
           112.1700     -7.9500      197.021559045449
           112.1800     -7.9500      198.610655364436
           112.1900     -7.9500      200.102187035015
           112.2000     -7.9500      201.470321894990
           112.2100     -7.9500      202.712220884901
           112.2200     -7.9500      203.847011255440
           112.2300     -7.9500      204.911899946413
           112.2400     -7.9500      205.955930634111
           112.2500     -7.9500      207.032190152834
           112.2600     -7.9500      208.189466985267
           112.2700     -7.9500      209.464431729833
           112.2800     -7.9500      210.875339394942
           112.2900     -7.9500      212.418056359812
           112.3000     -7.9500      214.064917434400
           112.3100     -7.9500      215.766559766364
           112.3200     -7.9500      217.456506815971
           112.3300     -7.9500      219.057934890329
           112.3400     -7.9500      220.491789479634
           112.3500     -7.9500      221.685261194337
           112.3600     -7.9500      222.579599469062
           112.3700     -7.9500      223.136338040338
           112.3800     -7.9500      223.341214971837
           112.3900     -7.9500      223.205363151965
           112.4000     -7.9500      222.763686164814
           112.4100     -7.9500      222.070675826019
           112.4200     -7.9500      221.194228878039
           112.4300     -7.9500      220.208244967163
           112.4400     -7.9500      219.184910359266
           112.4500     -7.9500      218.187579800713
           112.4600     -7.9500      217.265065144404
           112.4700     -7.9500      216.447940419778
           112.4800     -7.9500      215.747206870703
           112.4900     -7.9500      215.155363478060
           112.5000     -7.9500      214.649636655414
           112.5100     -7.9500      214.196872939288
           112.5200     -7.9500      213.759419685598
           112.5300     -7.9500      213.301230031351
           112.5400     -7.9500      212.793436621513
           112.5500     -7.9500      212.218738363226
           112.5600     -7.9500      211.574119138656
           112.5700     -7.9500      210.871641857574
           112.5800     -7.9500      210.137305420316
           112.5900     -7.9500      209.408185179613
           112.6000     -7.9500      208.728271501229
           112.6100     -7.9500      208.143554607415
           112.6200     -7.9500      207.696964363897
           112.6300     -7.9500      207.423758169480
           112.6400     -7.9500      207.347865307653
           112.6500     -7.9500      207.479556783824
           112.6600     -7.9500      207.814636230566
           112.6700     -7.9500      208.335163037868
           112.6800     -7.9500      209.011546158429
           112.6900     -7.9500      209.805705510260
           112.7000     -7.9500      210.674901591723
           112.7100     -7.9500      211.575790162936
           112.7200     -7.9500      212.468267936815
           112.7300     -7.9500      213.318731084008
           112.7400     -7.9500      214.102459945996
           112.7500     -7.9500      214.804956591104
           112.7600     -7.9500      215.422181753696
           112.7700     -7.9500      215.959750382363
           112.7800     -7.9500      216.431239322192
           112.7900     -7.9500      216.855829160944
           112.8000     -7.9500      217.255541703129
           112.8100     -7.9500      217.652345491812
           112.8200     -7.9500      218.065387951670
           112.8300     -7.9500      218.508579726880
           112.8400     -7.9500      218.988711038890
           112.8500     -7.9500      219.504227453417
           112.8600     -7.9500      220.044738232076
           112.8700     -7.9500      220.591277801033
           112.8800     -7.9500      221.117291601594
           112.8900     -7.9500      221.590272337564
           112.9000     -7.9500      221.973931500749
           112.9100     -7.9500      222.230754285364
           112.9200     -7.9500      222.324754570232
           112.9300     -7.9500      222.224222584298
           112.9400     -7.9500      221.904244226937
           112.9500     -7.9500      221.348771452616
           112.9600     -7.9500      220.552041192779
           112.9700     -7.9500      219.519178478537
           112.9800     -7.9500      218.265878273711
           112.9900     -7.9500      216.817137838549
           113.0000     -7.9500      215.205101934696
           112.0000     -7.9600      196.693281325410
           112.0100     -7.9600      195.725235625428
           112.0200     -7.9600      194.792747688038
           112.0300     -7.9600      193.889007758560
           112.0400     -7.9600      193.025784518548
           112.0500     -7.9600      192.232236152619
           112.0600     -7.9600      191.551128995964
           112.0700     -7.9600      191.032985543677
           112.0800     -7.9600      190.728962769934
           112.0900     -7.9600      190.683432153351
           112.1000     -7.9600      190.927272359162
           112.1100     -7.9600      191.472789612312
           112.1200     -7.9600      192.310962902345
           112.1300     -7.9600      193.411400921780
           112.1400     -7.9600      194.725036753123
           112.1500     -7.9600      196.189222919462
           112.1600     -7.9600      197.734571629741
           112.1700     -7.9600      199.292654636466
           112.1800     -7.9600      200.803563990336
           112.1900     -7.9600      202.222353347998
           112.2000     -7.9600      203.523526177511
           112.2100     -7.9600      204.702992202136
           112.2200     -7.9600      205.777242700431
           112.2300     -7.9600      206.779855412906
           112.2400     -7.9600      207.755783763228
           112.2500     -7.9600      208.754168446074
           112.2600     -7.9600      209.820596088075
           112.2700     -7.9600      210.989796530822
           112.2800     -7.9600      212.279709979075
           112.2900     -7.9600      213.687676973081
           112.3000     -7.9600      215.189232115566
           112.3100     -7.9600      216.739652627497
           112.3200     -7.9600      218.278067877454
           112.3300     -7.9600      219.733619982578
           112.3400     -7.9600      221.032917884246
           112.3500     -7.9600      222.107877957383
           112.3600     -7.9600      222.903010095448
           112.3700     -7.9600      223.381291207694
           112.3800     -7.9600      223.527955175013
           112.3900     -7.9600      223.351793688882
           112.4000     -7.9600      222.883870983217
           112.4100     -7.9600      222.173867709013
           112.4200     -7.9600      221.284546221630
           112.4300     -7.9600      220.285038080572
           112.4400     -7.9600      219.243770990647
           112.4500     -7.9600      218.221865471115
           112.4600     -7.9600      217.267743301084
           112.4700     -7.9600      216.413514933073
           112.4800     -7.9600      215.673476538036
           112.4900     -7.9600      215.044780795157
           112.5000     -7.9600      214.510083041738
           112.5100     -7.9600      214.041738032409
           112.5200     -7.9600      213.606958437982
           112.5300     -7.9600      213.173261465421
           112.5400     -7.9600      212.713530998633
           112.5500     -7.9600      212.210104844114
           112.5600     -7.9600      211.657445570431
           112.5700     -7.9600      211.063147125422
           112.5800     -7.9600      210.447241676437
           112.5900     -7.9600      209.839974996806
           112.6000     -7.9600      209.278389987733
           112.6100     -7.9600      208.802177960911
           112.6200     -7.9600      208.449315083960
           112.6300     -7.9600      208.251994335619
           112.6400     -7.9600      208.233297026127
           112.6500     -7.9600      208.404934848577
           112.6600     -7.9600      208.766250704103
           112.6700     -7.9600      209.304513515295
           112.6800     -7.9600      209.996397764055
           112.6900     -7.9600      210.810418602489
           112.7000     -7.9600      211.710009554008
           112.7100     -7.9600      212.656887952982
           112.7200     -7.9600      213.614353567572
           112.7300     -7.9600      214.550203446235
           112.7400     -7.9600      215.439012240686
           112.7500     -7.9600      216.263611206684
           112.7600     -7.9600      217.015689413726
           112.7700     -7.9600      217.695527126152
           112.7800     -7.9600      218.310945823296
           112.7900     -7.9600      218.875616787507
           112.8000     -7.9600      219.406908507363
           112.8100     -7.9600      219.923472851348
           112.8200     -7.9600      220.442773475745
           112.8300     -7.9600      220.978750598742
           112.8400     -7.9600      221.539797496226
           112.8500     -7.9600      222.127198570264
           112.8600     -7.9600      222.734148256921
           112.8700     -7.9600      223.345434944533
           112.8800     -7.9600      223.937834298985
           112.8900     -7.9600      224.481211636016
           112.9000     -7.9600      224.940283509281
           112.9100     -7.9600      225.276935971699
           112.9200     -7.9600      225.452944098449
           112.9300     -7.9600      225.432889063179
           112.9400     -7.9600      225.187031332456
           112.9500     -7.9600      224.693877879361
           112.9600     -7.9600      223.942183632768
           112.9700     -7.9600      222.932156828327
           112.9800     -7.9600      221.675695799316
           112.9900     -7.9600      220.195568666952
           113.0000     -7.9600      218.523551015565
           112.0000     -7.9700      198.876330990924
           112.0100     -7.9700      197.947975377757
           112.0200     -7.9700      197.062309327275
           112.0300     -7.9700      196.211591094877
           112.0400     -7.9700      195.405159844011
           112.0500     -7.9700      194.668509192349
           112.0600     -7.9700      194.039937270699
           112.0700     -7.9700      193.565242528758
           112.0800     -7.9700      193.291197293801
           112.0900     -7.9700      193.258693837901
           112.1000     -7.9700      193.496499446554
           112.1100     -7.9700      194.016473036918
           112.1200     -7.9700      194.810898361038
           112.1300     -7.9700      195.852304871781
           112.1400     -7.9700      197.095815302221
           112.1500     -7.9700      198.483723330074
           112.1600     -7.9700      199.951709868019
           112.1700     -7.9700      201.435891224921
           112.1800     -7.9700      202.879784434663
           112.1900     -7.9700      204.240287833305
           112.2000     -7.9700      205.491905837768
           112.2100     -7.9700      206.628677707353
           112.2200     -7.9700      207.663569810170
           112.2300     -7.9700      208.625419861833
           112.2400     -7.9700      209.553836705537
           112.2500     -7.9700      210.492719756767
           112.2600     -7.9700      211.483235169196
           112.2700     -7.9700      212.557149846178
           112.2800     -7.9700      213.731372785127
           112.2900     -7.9700      215.004394109685
           112.3000     -7.9700      216.355067441118
           112.3100     -7.9700      217.743883525348
           112.3200     -7.9700      219.116571000168
           112.3300     -7.9700      220.409573656574
           112.3400     -7.9700      221.556728224399
           112.3500     -7.9700      222.496329706078
           112.3600     -7.9700      223.177737831535
           112.3700     -7.9700      223.566750024117
           112.3800     -7.9700      223.649131681395
           112.3900     -7.9700      223.431930401960
           112.4000     -7.9700      222.942475638860
           112.4100     -7.9700      222.225243796724
           112.4200     -7.9700      221.337016370125
           112.4300     -7.9700      220.340945787716
           112.4400     -7.9700      219.300249290681
           112.4500     -7.9700      218.272265548627
           112.4600     -7.9700      217.303533745729
           112.4700     -7.9700      216.426403599772
           112.4800     -7.9700      215.657479221569
           112.4900     -7.9700      214.997967670901
           112.5000     -7.9700      214.435774282849
           112.5100     -7.9700      213.948989191950
           112.5200     -7.9700      213.510265496862
           112.5300     -7.9700      213.091513791541
           112.5400     -7.9700      212.668335608118
           112.5500     -7.9700      212.223685467453
           112.5600     -7.9700      211.750375140282
           112.5700     -7.9700      211.252195560241
           112.5800     -7.9700      210.743609327572
           112.5900     -7.9700      210.248137249305
           112.6000     -7.9700      209.795705764562
           112.6100     -7.9700      209.419323201532
           112.6200     -7.9700      209.151502877347
           112.6300     -7.9700      209.020848416379
           112.6400     -7.9700      209.049166329987
           112.6500     -7.9700      209.249383303903
           112.6600     -7.9700      209.624434782459
           112.6700     -7.9700      210.167172733968
           112.6800     -7.9700      210.861228602559
           112.6900     -7.9700      211.682674507603
           112.7000     -7.9700      212.602260006888
           112.7100     -7.9700      213.587967012479
           112.7200     -7.9700      214.607621208370
           112.7300     -7.9700      215.631320393713
           112.7400     -7.9700      216.633481894197
           112.7500     -7.9700      217.594364734111
           112.7600     -7.9700      218.500980017492
           112.7700     -7.9700      219.347358577315
           112.7800     -7.9700      220.134194034239
           112.7900     -7.9700      220.867919768630
           112.8000     -7.9700      221.559309719271
           112.8100     -7.9700      222.221716515313
           112.8200     -7.9700      222.869077933260
           112.8300     -7.9700      223.513835513987
           112.8400     -7.9700      224.164917945333
           112.8500     -7.9700      224.825945836187
           112.8600     -7.9700      225.493811887204
           112.8700     -7.9700      226.157778515226
           112.8800     -7.9700      226.799210956554
           112.8900     -7.9700      227.392025821628
           112.9000     -7.9700      227.903882753394
           112.9100     -7.9700      228.298082356858
           112.9200     -7.9700      228.536061656686
           112.9300     -7.9700      228.580306183063
           112.9400     -7.9700      228.397434304261
           112.9500     -7.9700      227.961164140478
           112.9600     -7.9700      227.254855002927
           112.9700     -7.9700      226.273330167977
           112.9800     -7.9700      225.023738615263
           112.9900     -7.9700      223.525298238513
           113.0000     -7.9700      221.807875178064
           112.0000     -7.9800      200.998510528840
           112.0100     -7.9800      200.099595598951
           112.0200     -7.9800      199.250099930432
           112.0300     -7.9800      198.441770856348
           112.0400     -7.9800      197.681865496390
           112.0500     -7.9800      196.992466500419
           112.0600     -7.9800      196.407560898866
           112.0700     -7.9800      195.968298318779
           112.0800     -7.9800      195.717088608568
           112.0900     -7.9800      195.691351776739
           112.1000     -7.9800      195.917775596142
           112.1100     -7.9800      196.407863712081
           112.1200     -7.9800      197.155380451902
           112.1300     -7.9800      198.136042342810
           112.1400     -7.9800      199.309505482793
           112.1500     -7.9800      200.623392789000
           112.1600     -7.9800      202.018836271535
           112.1700     -7.9800      203.436812065011
           112.1800     -7.9800      204.824445326425
           112.1900     -7.9800      206.140470505203
           112.2000     -7.9800      207.359147605063
           112.2100     -7.9800      208.472140568755
           112.2200     -7.9800      209.488131856286
           112.2300     -7.9800      210.430241903287
           112.2400     -7.9800      211.331604731369
           112.2500     -7.9800      212.229685006409
           112.2600     -7.9800      213.160077699710
           112.2700     -7.9800      214.150590268201
           112.2800     -7.9800      215.216362940725
           112.2900     -7.9800      216.356642743927
           112.3000     -7.9800      217.553610992130
           112.3100     -7.9800      218.773401144407
           112.3200     -7.9800      219.969168628603
           112.3300     -7.9800      221.085821669723
           112.3400     -7.9800      222.065823775451
           112.3500     -7.9800      222.855358014516
           112.3600     -7.9800      223.410113676620
           112.3700     -7.9800      223.700018465408
           112.3800     -7.9800      223.712383448272
           112.3900     -7.9800      223.453132973200
           112.4000     -7.9800      222.946030058790
           112.4100     -7.9800      222.230048548362
           112.4200     -7.9800      221.355256628537
           112.4300     -7.9800      220.377736845941
           112.4400     -7.9800      219.354157924123
           112.4500     -7.9800      218.336625530391
           112.4600     -7.9800      217.368374930780
           112.4700     -7.9800      216.480739909400
           112.4800     -7.9800      215.691658607758
           112.4900     -7.9800      215.005781892449
           112.5000     -7.9800      214.416058655444
           112.5100     -7.9800      213.906508296041
           112.5200     -7.9800      213.455771907783
           112.5300     -7.9800      213.040971888291
           112.5400     -7.9800      212.641408372616
           112.5500     -7.9800      212.241675777745
           112.5600     -7.9800      211.833882808985
           112.5700     -7.9800      211.418788666779
           112.5800     -7.9800      211.005808659199
           112.5900     -7.9800      210.611975896497
           112.6000     -7.9800      210.260056661582
           112.6100     -7.9800      209.976094187710
           112.6200     -7.9800      209.786693109481
           112.6300     -7.9800      209.716354606799
           112.6400     -7.9800      209.785135134129
           112.6500     -7.9800      210.006838384503
           112.6600     -7.9800      210.387871768310
           112.6700     -7.9800      210.926816622836
           112.6800     -7.9800      211.614685833107
           112.6900     -7.9800      212.435781274140
           112.7000     -7.9800      213.369020980115
           112.7100     -7.9800      214.389583320894
           112.7200     -7.9800      215.470710858663
           112.7300     -7.9800      216.585525977373
           112.7400     -7.9800      217.708728807711
           112.7500     -7.9800      218.818070498255
           112.7600     -7.9800      219.895517661240
           112.7700     -7.9800      220.928044683094
           112.7800     -7.9800      221.908009234742
           112.7900     -7.9800      222.833084046129
           112.8000     -7.9800      223.705737089489
           112.8100     -7.9800      224.532275111178
           112.8200     -7.9800      225.321493511867
           112.8300     -7.9800      226.083008872832
           112.8400     -7.9800      226.825386915585
           112.8500     -7.9800      227.554214288263
           112.8600     -7.9800      228.270291647901
           112.8700     -7.9800      228.968141706123
           112.8800     -7.9800      229.635023333496
           112.8900     -7.9800      230.250617276080
           112.9000     -7.9800      230.787499128595
           112.9100     -7.9800      231.212443090424
           112.9200     -7.9800      231.488511652376
           112.9300     -7.9800      231.577791083665
           112.9400     -7.9800      231.444542188496
           112.9500     -7.9800      231.058462979250
           112.9600     -7.9800      230.397716477675
           112.9700     -7.9800      229.451371866307
           112.9800     -7.9800      228.220945355519
           112.9900     -7.9800      226.720807604914
           113.0000     -7.9800      224.977340654431
           112.0000     -7.9900      203.031275946545
           112.0100     -7.9900      202.153258107738
           112.0200     -7.9900      201.331092409215
           112.0300     -7.9900      200.556410082547
           112.0400     -7.9900      199.834718698029
           112.0500     -7.9900      199.184933486144
           112.0600     -7.9900      198.636875294649
           112.0700     -7.9900      198.227099075332
           112.0800     -7.9900      197.993638996742
           112.0900     -7.9900      197.970396934713
           112.1000     -7.9900      198.181942523046
           112.1100     -7.9900      198.639430979501
           112.1200     -7.9900      199.338189243193
           112.1300     -7.9900      200.257293607663
           112.1400     -7.9900      201.361194269049
           112.1500     -7.9900      202.603170197096
           112.1600     -7.9900      203.930157653924
           112.1700     -7.9900      205.288318901469
           112.1800     -7.9900      206.628626627484
           112.1900     -7.9900      207.911745128577
           112.2000     -7.9900      209.111589120390
           112.2100     -7.9900      210.217120586642
           112.2200     -7.9900      211.232178471781
           112.2300     -7.9900      212.173393649325
           112.2400     -7.9900      213.066488395709
           112.2500     -7.9900      213.941463601944
           112.2600     -7.9900      214.827312460409
           112.2700     -7.9900      215.746950172389
           112.2800     -7.9900      216.713010543655
           112.2900     -7.9900      217.725039138377
           112.3000     -7.9900      218.768426460231
           112.3100     -7.9900      219.815198910948
           112.3200     -7.9900      220.826549948441
           112.3300     -7.9900      221.756779224610
           112.3400     -7.9900      222.558140246867
           112.3500     -7.9900      223.185997055474
           112.3600     -7.9900      223.603668032409
           112.3700     -7.9900      223.786390421263
           112.3800     -7.9900      223.723962632730
           112.3900     -7.9900      223.421794809081
           112.4000     -7.9900      222.900297661236
           112.4100     -7.9900      222.192739196200
           112.4200     -7.9900      221.341873711453
           112.4300     -7.9900      220.395776784199
           112.4400     -7.9900      219.403390170531
           112.4500     -7.9900      218.410286046137
           112.4600     -7.9900      217.455103888874
           112.4700     -7.9900      216.567006213838
           112.4800     -7.9900      215.764357842161
           112.4900     -7.9900      215.054677256344
           112.5000     -7.9900      214.435758223976
           112.5100     -7.9900      213.897733427574
           112.5200     -7.9900      213.425763066225
           112.5300     -7.9900      213.002988123462
           112.5400     -7.9900      212.613391552831
           112.5500     -7.9900      212.244256187744
           112.5600     -7.9900      211.887985912526
           112.5700     -7.9900      211.543153486737
           112.5800     -7.9900      211.214740191067
           112.5900     -7.9900      210.913625863961
           112.6000     -7.9900      210.655462287961
           112.6100     -7.9900      210.459111497417
           112.6200     -7.9900      210.344851047046
           112.6300     -7.9900      210.332542458580
           112.6400     -7.9900      210.439932225487
           112.6500     -7.9900      210.681214352959
           112.6600     -7.9900      211.065937600716
           112.6700     -7.9900      211.598296825350
           112.6800     -7.9900      212.276811664579
           112.6900     -7.9900      213.094370269584
           112.7000     -7.9900      214.038601124445
           112.7100     -7.9900      215.092530049762
           112.7200     -7.9900      216.235478523266
           112.7300     -7.9900      217.444159167405
           112.7400     -7.9900      218.693920922824
           112.7500     -7.9900      219.960087835933
           112.7600     -7.9900      221.219321460398
           112.7700     -7.9900      222.450919809287
           112.7800     -7.9900      223.637949735205
           112.7900     -7.9900      224.768099840749
           112.8000     -7.9900      225.834142856650
           112.8100     -7.9900      226.833914031978
           112.8200     -7.9900      227.769747362569
           112.8300     -7.9900      228.647363315864
           112.8400     -7.9900      229.474265663982
           112.8500     -7.9900      230.257773683170
           112.8600     -7.9900      231.002879763151
           112.8700     -7.9900      231.710171060418
           112.8800     -7.9900      232.374077728870
           112.8900     -7.9900      232.981702458215
           112.9000     -7.9900      233.512443422763
           112.9100     -7.9900      233.938546973191
           112.9200     -7.9900      234.226624221615
           112.9300     -7.9900      234.340048335806
           112.9400     -7.9900      234.242031406492
           112.9500     -7.9900      233.899077144115
           112.9600     -7.9900      233.284433582969
           112.9700     -7.9900      232.381140582038
           112.9800     -7.9900      231.184287389125
           112.9900     -7.9900      229.702166704466
           113.0000     -7.9900      227.956127484863
           112.0000     -8.0000      204.949945666637
           112.0100     -8.0000      204.086775299241
           112.0200     -8.0000      203.285744651351
           112.0300     -8.0000      202.538724455017
           112.0400     -8.0000      201.849773016135
           112.0500     -8.0000      201.234850660518
           112.0600     -8.0000      200.719720643944
           112.0700     -8.0000      200.336349703813
           112.0800     -8.0000      200.118319469283
           112.0900     -8.0000      200.095885954385
           112.1000     -8.0000      200.291362798276
           112.1100     -8.0000      200.715451254699
           112.1200     -8.0000      201.365004882053
           112.1300     -8.0000      202.222519003925
           112.1400     -8.0000      203.257401867070
           112.1500     -8.0000      204.428847751179
           112.1600     -8.0000      205.689923645491
           112.1700     -8.0000      206.992327679019
           112.1800     -8.0000      208.291198527435
           112.1900     -8.0000      209.549359452462
           112.2000     -8.0000      210.740466108363
           112.2100     -8.0000      211.850680717059
           112.2200     -8.0000      212.878694897822
           112.2300     -8.0000      213.834141970704
           112.2400     -8.0000      214.734647752438
           112.2500     -8.0000      215.601939663055
           112.2600     -8.0000      216.457545952408
           112.2700     -8.0000      217.318656972700
           112.2800     -8.0000      218.194685437835
           112.2900     -8.0000      219.084959265249
           112.3000     -8.0000      219.977824398452
           112.3100     -8.0000      220.851247894872
           112.3200     -8.0000      221.674818774505
           112.3300     -8.0000      222.412870750437
           112.3400     -8.0000      223.028318625146
           112.3500     -8.0000      223.486724263867
           112.3600     -8.0000      223.760096084062
           112.3700     -8.0000      223.829976720497
           112.3800     -8.0000      223.689477621571
           112.3900     -8.0000      223.344060978973
           112.4000     -8.0000      222.811028661922
           112.4100     -8.0000      222.117833536658
           112.4200     -8.0000      221.299461144415
           112.4300     -8.0000      220.395223770825
           112.4400     -8.0000      219.445355014140
           112.4500     -8.0000      218.487788471335
           112.4600     -8.0000      217.555453325748
           112.4700     -8.0000      216.674332438100
           112.4800     -8.0000      215.862419050686
           112.4900     -8.0000      215.129592287641
           112.5000     -8.0000      214.478324672996
           112.5100     -8.0000      213.905049731166
           112.5200     -8.0000      213.401963077405
           112.5300     -8.0000      212.959009932241
           112.5400     -8.0000      212.565824294541
           112.5500     -8.0000      212.213424255307
           112.5600     -8.0000      211.895525159765
           112.5700     -8.0000      211.609397069315
           112.5800     -8.0000      211.356255031430
           112.5900     -8.0000      211.141221644215
           112.6000     -8.0000      210.972935873480
           112.6100     -8.0000      210.862898144853
           112.6200     -8.0000      210.824640960017
           112.6300     -8.0000      210.872801060342
           112.6400     -8.0000      211.022149588653
           112.6500     -8.0000      211.286617273301
           112.6600     -8.0000      211.678337925804
           112.6700     -8.0000      212.206729018058
           112.6800     -8.0000      212.877633601910
           112.6900     -8.0000      213.692561344063
           112.7000     -8.0000      214.648083574213
           112.7100     -8.0000      215.735452105130
           112.7200     -8.0000      216.940518049414
           112.7300     -8.0000      218.244019868509
           112.7400     -8.0000      219.622286637254
           112.7500     -8.0000      221.048363254182
           112.7600     -8.0000      222.493512700570
           112.7700     -8.0000      223.928993130104
           112.7800     -8.0000      225.327953399052
           112.7900     -8.0000      226.667249278591
           112.8000     -8.0000      227.928962886918
           112.8100     -8.0000      229.101416299311
           112.8200     -8.0000      230.179509563993
           112.8300     -8.0000      231.164281629182
           112.8400     -8.0000      232.061683410913
           112.8500     -8.0000      232.880654708785
           112.8600     -8.0000      233.630697368256
           112.8700     -8.0000      234.319221432250
           112.8800     -8.0000      234.948995551776
           112.8900     -8.0000      235.516047351692
           112.9000     -8.0000      236.008328431895
           112.9100     -8.0000      236.405382959065
           112.9200     -8.0000      236.679145481108
           112.9300     -8.0000      236.795855554300
           112.9400     -8.0000      236.718931170085
           112.9500     -8.0000      236.412509056141
           112.9600     -8.0000      235.845256447944
           112.9700     -8.0000      234.994001458037
           112.9800     -8.0000      233.846727784094
           112.9900     -8.0000      232.404537101889
           113.0000     -8.0000      230.682294106003
