generating_institute     gfz-potsdam
     generating_date     2026/07/13
        product_type     gravity_field
                body     earth
           modelname     xgm2019e_2159
     max_used_degree          2190
         tide_system     tide_free
          functional     gravity_anomaly_sa
    zero_degree_term     included
                unit     mgal
          refsysname     WGS84
            gmrefpot      3.98600441800E+14 m**3/s**2
        radiusrefpot     6378137.000 m
          flatrefpot      3.352810664747480E-03   (1/298.25722356300)
         omegarefpot      7.29211500000E-05 1/s
    normal_potential      6.263685171456948E+07 m**2/s**2
       long_lat_unit     degree
      latlimit_north      -7.0000000000000    
      latlimit_south      -8.0000000000000    
      longlimit_west       112.00000000000    
      longlimit_east       113.00000000000    
            gridstep      0.10000000000000E-01
     height_over_ell          0.0000 m
  latitude_parallels           101
 longitude_parallels           101
number_of_gridpoints         10201
            gapvalue           9999.0000
       weighted_mean      4.0318561E+01 mgal
            maxvalue      3.8114337E+02 mgal
            minvalue     -4.3341011E+01 mgal
         signal_wrms      7.9384197E+01 mgal
         grid_format     long_lat_value

          longitude    latitude    gravity_anomaly_sa
            [deg.]      [deg.]         [mgal]
end_of_head ============================================
           112.0000     -7.0000       55.357357439601
           112.0100     -7.0000       53.384396548455
           112.0200     -7.0000       51.246668353927
           112.0300     -7.0000       49.009794529809
           112.0400     -7.0000       46.735669361769
           112.0500     -7.0000       44.479870703432
           112.0600     -7.0000       42.289938101892
           112.0700     -7.0000       40.204543534572
           112.0800     -7.0000       38.253478233341
           112.0900     -7.0000       36.458294483674
           112.1000     -7.0000       34.833383946416
           112.1100     -7.0000       33.387250120721
           112.1200     -7.0000       32.123743724455
           112.1300     -7.0000       31.043072998227
           112.1400     -7.0000       30.142468939864
           112.1500     -7.0000       29.416467633906
           112.1600     -7.0000       28.856855655746
           112.1700     -7.0000       28.452397316107
           112.1800     -7.0000       28.188513147336
           112.1900     -7.0000       28.047099534364
           112.2000     -7.0000       28.006666086694
           112.2100     -7.0000       28.042921479166
           112.2200     -7.0000       28.129866166849
           112.2300     -7.0000       28.241361842015
           112.2400     -7.0000       28.353055788370
           112.2500     -7.0000       28.444457480312
           112.2600     -7.0000       28.500908023351
           112.2700     -7.0000       28.515160650081
           112.2800     -7.0000       28.488308359285
           112.2900     -7.0000       28.429853336088
           112.3000     -7.0000       28.356806654668
           112.3100     -7.0000       28.291825257298
           112.3200     -7.0000       28.260521537980
           112.3300     -7.0000       28.288201984259
           112.3400     -7.0000       28.396388158504
           112.3500     -7.0000       28.599531038979
           112.3600     -7.0000       28.902338023628
           112.3700     -7.0000       29.298086404310
           112.3800     -7.0000       29.768200452642
           112.3900     -7.0000       30.283230943495
           112.4000     -7.0000       30.805211484067
           112.4100     -7.0000       31.291195131191
           112.4200     -7.0000       31.697618989931
           112.4300     -7.0000       31.985024381536
           112.4400     -7.0000       32.122592676277
           112.4500     -7.0000       32.091952921832
           112.4600     -7.0000       31.889780210302
           112.4700     -7.0000       31.528828188083
           112.4800     -7.0000       31.037212070963
           112.4900     -7.0000       30.455960214305
           112.5000     -7.0000       29.835058636298
           112.5100     -7.0000       29.228398471478
           112.5200     -7.0000       28.688177560565
           112.5300     -7.0000       28.259385587399
           112.5400     -7.0000       27.975006102075
           112.5500     -7.0000       27.852496213141
           112.5600     -7.0000       27.891963027061
           112.5700     -7.0000       28.076261224694
           112.5800     -7.0000       28.373011617317
           112.5900     -7.0000       28.738313402981
           112.6000     -7.0000       29.121721195049
           112.6100     -7.0000       29.471906973038
           112.6200     -7.0000       29.742346109000
           112.6300     -7.0000       29.896366152942
           112.6400     -7.0000       29.910977654611
           112.6500     -7.0000       29.779058230288
           112.6600     -7.0000       29.509665494303
           112.6700     -7.0000       29.126485698195
           112.6800     -7.0000       28.664653720519
           112.6900     -7.0000       28.166377360234
           112.7000     -7.0000       27.675939573095
           112.7100     -7.0000       27.234718443507
           112.7200     -7.0000       26.876848000710
           112.7300     -7.0000       26.626045923455
           112.7400     -7.0000       26.493969696191
           112.7500     -7.0000       26.480252725816
           112.7600     -7.0000       26.574144205274
           112.7700     -7.0000       26.757461439196
           112.7800     -7.0000       27.008389662397
           112.7900     -7.0000       27.305555404374
           112.8000     -7.0000       27.631769933692
           112.8100     -7.0000       27.976893396822
           112.8200     -7.0000       28.339400824028
           112.8300     -7.0000       28.726420670711
           112.8400     -7.0000       29.152239288681
           112.8500     -7.0000       29.635490175619
           112.8600     -7.0000       30.195443795333
           112.8700     -7.0000       30.847954440225
           112.8800     -7.0000       31.601684555291
           112.8900     -7.0000       32.455203871161
           112.9000     -7.0000       33.395452055018
           112.9100     -7.0000       34.397872586783
           112.9200     -7.0000       35.428295589485
           112.9300     -7.0000       36.446398986935
           112.9400     -7.0000       37.410344450472
           112.9500     -7.0000       38.281999671895
           112.9600     -7.0000       39.032048404742
           112.9700     -7.0000       39.644271850912
           112.9800     -7.0000       40.118364727156
           112.9900     -7.0000       40.470819106657
           113.0000     -7.0000       40.733648958290
           112.0000     -7.0100       54.335673488876
           112.0100     -7.0100       52.334477830054
           112.0200     -7.0100       50.177890323929
           112.0300     -7.0100       47.933675908232
           112.0400     -7.0100       45.664806298203
           112.0500     -7.0100       43.426801433277
           112.0600     -7.0100       41.266081189155
           112.0700     -7.0100       39.219347242008
           112.0800     -7.0100       37.313894056021
           112.0900     -7.0100       35.568646771805
           112.1000     -7.0100       33.995654579934
           112.1100     -7.0100       32.601739000105
           112.1200     -7.0100       31.390010074556
           112.1300     -7.0100       30.361016864486
           112.1400     -7.0100       29.513383525328
           112.1500     -7.0100       28.843886087621
           112.1600     -7.0100       28.347032730596
           112.1700     -7.0100       28.014306063669
           112.1800     -7.0100       27.833295536960
           112.1900     -7.0100       27.786980920578
           112.2000     -7.0100       27.853418220739
           112.2100     -7.0100       28.006027782757
           112.2200     -7.0100       28.214597053930
           112.2300     -7.0100       28.446999246659
           112.2400     -7.0100       28.671509497854
           112.2500     -7.0100       28.859489406675
           112.2600     -7.0100       28.988125831126
           112.2700     -7.0100       29.042864407847
           112.2800     -7.0100       29.019181353475
           112.2900     -7.0100       28.923391261386
           112.3000     -7.0100       28.772289389692
           112.3100     -7.0100       28.591563244511
           112.3200     -7.0100       28.413063564524
           112.3300     -7.0100       28.271179163145
           112.3400     -7.0100       28.198692676099
           112.3500     -7.0100       28.222586192146
           112.3600     -7.0100       28.360302627162
           112.3700     -7.0100       28.616942773675
           112.3800     -7.0100       28.983789381019
           112.3900     -7.0100       29.438406776616
           112.4000     -7.0100       29.946383246576
           112.4100     -7.0100       30.464585120803
           112.4200     -7.0100       30.945600772709
           112.4300     -7.0100       31.342894034370
           112.4400     -7.0100       31.616081122727
           112.4500     -7.0100       31.735708280347
           112.4600     -7.0100       31.686945939676
           112.4700     -7.0100       31.471726930935
           112.4800     -7.0100       31.109029337994
           112.4900     -7.0100       30.633219231806
           112.5000     -7.0100       30.090599072038
           112.5100     -7.0100       29.534525810381
           112.5200     -7.0100       29.019641295510
           112.5300     -7.0100       28.595873513242
           112.5400     -7.0100       28.302904958150
           112.5500     -7.0100       28.165758027409
           112.5600     -7.0100       28.192021233986
           112.5700     -7.0100       28.371048818353
           112.5800     -7.0100       28.675232945935
           112.5900     -7.0100       29.063200646776
           112.6000     -7.0100       29.484557541350
           112.6100     -7.0100       29.885615909461
           112.6200     -7.0100       30.215428972047
           112.6300     -7.0100       30.431420994483
           112.6400     -7.0100       30.503958119837
           112.6500     -7.0100       30.419340734831
           112.6600     -7.0100       30.180897416874
           112.6700     -7.0100       29.808097745029
           112.6800     -7.0100       29.333846237491
           112.6900     -7.0100       28.800341164447
           112.7000     -7.0100       28.254051797235
           112.7100     -7.0100       27.740464341440
           112.7200     -7.0100       27.299258458858
           112.7300     -7.0100       26.960502133492
           112.7400     -7.0100       26.742303152157
           112.7500     -7.0100       26.650151016329
           112.7600     -7.0100       26.677951261705
           112.7700     -7.0100       26.810526093527
           112.7800     -7.0100       27.027161539917
           112.7900     -7.0100       27.305647919401
           112.8000     -7.0100       27.626205101424
           112.8100     -7.0100       27.974714028741
           112.8200     -7.0100       28.344786891152
           112.8300     -7.0100       28.738384748091
           112.8400     -7.0100       29.164908806204
           112.8500     -7.0100       29.638919699086
           112.8600     -7.0100       30.176846015490
           112.8700     -7.0100       30.793199649140
           112.8800     -7.0100       31.496898652517
           112.8900     -7.0100       32.288295392408
           112.9000     -7.0100       33.157417906878
           112.9100     -7.0100       34.083766505179
           112.9200     -7.0100       35.037787642877
           112.9300     -7.0100       35.983902709385
           112.9400     -7.0100       36.884734378044
           112.9500     -7.0100       37.705980870705
           112.9600     -7.0100       38.421267087537
           112.9700     -7.0100       39.016270227408
           112.9800     -7.0100       39.491483601443
           112.9900     -7.0100       39.863140025752
           113.0000     -7.0100       40.162047004992
           112.0000     -7.0200       52.462532890201
           112.0100     -7.0200       50.445539992071
           112.0200     -7.0200       48.294148896287
           112.0300     -7.0200       46.077831582020
           112.0400     -7.0200       43.859936857056
           112.0500     -7.0200       41.694958798388
           112.0600     -7.0200       39.626964869631
           112.0700     -7.0200       37.689202096257
           112.0800     -7.0200       35.904759415055
           112.0900     -7.0200       34.288045388037
           112.1000     -7.0200       32.846757677429
           112.1100     -7.0200       31.583984116521
           112.1200     -7.0200       30.500088926945
           112.1300     -7.0200       29.594099034986
           112.1400     -7.0200       28.864405568984
           112.1500     -7.0200       28.308720267739
           112.1600     -7.0200       27.923358067461
           112.1700     -7.0200       27.702036835034
           112.1800     -7.0200       27.634475764703
           112.1900     -7.0200       27.705121830231
           112.2000     -7.0200       27.892331069732
           112.2100     -7.0200       28.168277461407
           112.2200     -7.0200       28.499763002806
           112.2300     -7.0200       28.849971127981
           112.2400     -7.0200       29.181059521425
           112.2500     -7.0200       29.457348106327
           112.2600     -7.0200       29.648743829542
           112.2700     -7.0200       29.733973330153
           112.2800     -7.0200       29.703179829072
           112.2900     -7.0200       29.559486615387
           112.3000     -7.0200       29.319233231828
           112.3100     -7.0200       29.010740804556
           112.3200     -7.0200       28.671642075952
           112.3300     -7.0200       28.344997111920
           112.3400     -7.0200       28.074583103153
           112.3500     -7.0200       27.899873270738
           112.3600     -7.0200       27.851287183357
           112.3700     -7.0200       27.946291405190
           112.3800     -7.0200       28.186852717649
           112.3900     -7.0200       28.558603016162
           112.4000     -7.0200       29.031881040779
           112.4100     -7.0200       29.564594107873
           112.4200     -7.0200       30.106620071946
           112.4300     -7.0200       30.605273938753
           112.4400     -7.0200       31.011220329033
           112.4500     -7.0200       31.284141843069
           112.4600     -7.0200       31.397485160838
           112.4700     -7.0200       31.341702059333
           112.4800     -7.0200       31.125571516637
           112.4900     -7.0200       30.775412262768
           112.5000     -7.0200       30.332245858815
           112.5100     -7.0200       29.847217991468
           112.5200     -7.0200       29.375799369354
           112.5300     -7.0200       28.971440382452
           112.5400     -7.0200       28.679425787899
           112.5500     -7.0200       28.531657251903
           112.5600     -7.0200       28.542984015967
           112.5700     -7.0200       28.709517900609
           112.5800     -7.0200       29.009130683408
           112.5900     -7.0200       29.404068947123
           112.6000     -7.0200       29.845366443830
           112.6100     -7.0200       30.278518678489
           112.6200     -7.0200       30.649735685442
           112.6300     -7.0200       30.912025382541
           112.6400     -7.0200       31.030389182468
           112.6500     -7.0200       30.985529645927
           112.6600     -7.0200       30.775661484256
           112.6700     -7.0200       30.416257410865
           112.6800     -7.0200       29.937818291132
           112.6900     -7.0200       29.381999674134
           112.7000     -7.0200       28.796623170101
           112.7100     -7.0200       28.230226491702
           112.7200     -7.0200       27.726844926246
           112.7300     -7.0200       27.321665566040
           112.7400     -7.0200       27.038061707916
           112.7500     -7.0200       26.886317182190
           112.7600     -7.0200       26.864116049457
           112.7700     -7.0200       26.958633882485
           112.7800     -7.0200       27.149854958360
           112.7900     -7.0200       27.414583490629
           112.8000     -7.0200       27.730537223471
           112.8100     -7.0200       28.079918513671
           112.8200     -7.0200       28.451949801986
           112.8300     -7.0200       28.844023825383
           112.8400     -7.0200       29.261330868907
           112.8500     -7.0200       29.715055877437
           112.8600     -7.0200       30.219454741932
           112.8700     -7.0200       30.788290725928
           112.8800     -7.0200       31.431214034838
           112.8900     -7.0200       32.150684698656
           112.9000     -7.0200       32.939967712348
           112.9100     -7.0200       33.782578591412
           112.9200     -7.0200       34.653347296468
           112.9300     -7.0200       35.521027701234
           112.9400     -7.0200       36.352142119649
           112.9500     -7.0200       37.115549857915
           112.9600     -7.0200       37.787094909212
           112.9700     -7.0200       38.353641797030
           112.9800     -7.0200       38.815859587933
           112.9900     -7.0200       39.189258432481
           113.0000     -7.0200       39.503203852403
           112.0000     -7.0300       49.881549448585
           112.0100     -7.0300       47.863545089735
           112.0200     -7.0300       45.741701652010
           112.0300     -7.0300       43.586825043259
           112.0400     -7.0300       41.462066231651
           112.0500     -7.0300       39.420094539596
           112.0600     -7.0300       37.501584308900
           112.0700     -7.0300       35.735038065210
           112.0800     -7.0300       34.137809263871
           112.0900     -7.0300       32.718049665883
           112.1000     -7.0300       31.477207806863
           112.1100     -7.0300       30.412658294877
           112.1200     -7.0300       29.520052506521
           112.1300     -7.0300       28.795047802909
           112.1400     -7.0300       28.234185409521
           112.1500     -7.0300       27.834831057591
           112.1600     -7.0300       27.594247512452
           112.1700     -7.0300       27.508012622102
           112.1800     -7.0300       27.568110044191
           112.1900     -7.0300       27.761085795967
           112.2000     -7.0300       28.066671886774
           112.2100     -7.0300       28.457225960279
           112.2200     -7.0300       28.898228804775
           112.2300     -7.0300       29.349933212627
           112.2400     -7.0300       29.770087508760
           112.2500     -7.0300       30.117488264683
           112.2600     -7.0300       30.355972993226
           112.2700     -7.0300       30.458366098387
           112.2800     -7.0300       30.409855613488
           112.2900     -7.0300       30.210312070774
           112.3000     -7.0300       29.875162877886
           112.3100     -7.0300       29.434595289235
           112.3200     -7.0300       28.931059806659
           112.3300     -7.0300       28.415259091397
           112.3400     -7.0300       27.941007860602
           112.3500     -7.0300       27.559510114899
           112.3600     -7.0300       27.313698962010
           112.3700     -7.0300       27.233306121405
           112.3800     -7.0300       27.331267261843
           112.3900     -7.0300       27.601930481922
           112.4000     -7.0300       28.021333502495
           112.4100     -7.0300       28.549574005064
           112.4200     -7.0300       29.135046210301
           112.4300     -7.0300       29.720086500813
           112.4400     -7.0300       30.247391006178
           112.4500     -7.0300       30.666462234692
           112.4600     -7.0300       30.939324849622
           112.4700     -7.0300       31.044826421225
           112.4800     -7.0300       30.980999692274
           112.4900     -7.0300       30.765189989349
           112.5000     -7.0300       30.431917662676
           112.5100     -7.0300       30.028718298097
           112.5200     -7.0300       29.610449122348
           112.5300     -7.0300       29.232737755554
           112.5400     -7.0300       28.945355468074
           112.5500     -7.0300       28.786307659695
           112.5600     -7.0300       28.777347591612
           112.5700     -7.0300       28.921445891612
           112.5800     -7.0300       29.202509434006
           112.5900     -7.0300       29.587368606479
           112.6000     -7.0300       30.029776024873
           112.6100     -7.0300       30.475916961621
           112.6200     -7.0300       30.870752427880
           112.6300     -7.0300       31.164422215119
           112.6400     -7.0300       31.317938532759
           112.6500     -7.0300       31.307500050729
           112.6600     -7.0300       31.126937805771
           112.6700     -7.0300       30.788044695077
           112.6800     -7.0300       30.318807914693
           112.6900     -7.0300       29.759824144172
           112.7000     -7.0300       29.159397172575
           112.7100     -7.0300       28.567969187117
           112.7200     -7.0300       28.032601448502
           112.7300     -7.0300       27.592190468935
           112.7400     -7.0300       27.273987446924
           112.7500     -7.0300       27.091798630227
           112.7600     -7.0300       27.046008862409
           112.7700     -7.0300       27.125322003150
           112.7800     -7.0300       27.309883844054
           112.7900     -7.0300       27.575276158469
           112.8000     -7.0300       27.896768041590
           112.8100     -7.0300       28.253195816176
           112.8200     -7.0300       28.629916525970
           112.8300     -7.0300       29.020431243833
           112.8400     -7.0300       29.426481249052
           112.8500     -7.0300       29.856653063036
           112.8600     -7.0300       30.323754224491
           112.8700     -7.0300       30.841408309063
           112.8800     -7.0300       31.420438216747
           112.8900     -7.0300       32.065643464871
           112.9000     -7.0300       32.773524108981
           112.9100     -7.0300       33.531367563731
           112.9200     -7.0300       34.317913455322
           112.9300     -7.0300       35.105573587946
           112.9400     -7.0300       35.863942728251
           112.9500     -7.0300       36.564125906436
           112.9600     -7.0300       37.183260324804
           112.9700     -7.0300       37.708547731726
           112.9800     -7.0300       38.140147840856
           112.9900     -7.0300       38.492413392861
           113.0000     -7.0300       38.793157790551
           112.0000     -7.0400       46.783950541852
           112.0100     -7.0400       44.783045689773
           112.0200     -7.0400       42.715507095045
           112.0300     -7.0400       40.653147019406
           112.0400     -7.0400       38.658480002934
           112.0500     -7.0400       36.781760989630
           112.0600     -7.0400       35.059491433750
           112.0700     -7.0400       33.514429651549
           112.0800     -7.0400       32.156961476019
           112.0900     -7.0400       30.987528601365
           112.1000     -7.0400       29.999695081784
           112.1100     -7.0400       29.183372271567
           112.1200     -7.0400       28.527726796987
           112.1300     -7.0400       28.023364284965
           112.1400     -7.0400       27.663504451683
           112.1500     -7.0400       27.444024314565
           112.1600     -7.0400       27.362423955235
           112.1700     -7.0400       27.415939140215
           112.1800     -7.0400       27.599163594428
           112.1900     -7.0400       27.901631070871
           112.2000     -7.0400       28.305830400635
           112.2100     -7.0400       28.786080763645
           112.2200     -7.0400       29.308584123196
           112.2300     -7.0400       29.832810649842
           112.2400     -7.0400       30.314181852256
           112.2500     -7.0400       30.707820545575
           112.2600     -7.0400       30.972963605340
           112.2700     -7.0400       31.077507366897
           112.2800     -7.0400       31.002095661028
           112.2900     -7.0400       30.743177677211
           112.3000     -7.0400       30.314558010302
           112.3100     -7.0400       29.747124908937
           112.3200     -7.0400       29.086656037160
           112.3300     -7.0400       28.389837940159
           112.3400     -7.0400       27.718865875866
           112.3500     -7.0400       27.135184618804
           112.3600     -7.0400       26.693061957650
           112.3700     -7.0400       26.433735936416
           112.3800     -7.0400       26.380835476295
           112.3900     -7.0400       26.537644319515
           112.4000     -7.0400       26.886574088090
           112.4100     -7.0400       27.390957330368
           112.4200     -7.0400       27.998996439629
           112.4300     -7.0400       28.649443203753
           112.4400     -7.0400       29.278369359684
           112.4500     -7.0400       29.826248479435
           112.4600     -7.0400       30.244522508667
           112.4700     -7.0400       30.500879591561
           112.4800     -7.0400       30.582618200125
           112.4900     -7.0400       30.497698763121
           112.5000     -7.0400       30.273360695055
           112.5100     -7.0400       29.952476058489
           112.5200     -7.0400       29.588084757344
           112.5300     -7.0400       29.236776053033
           112.5400     -7.0400       28.951719763894
           112.5500     -7.0400       28.776190290114
           112.5600     -7.0400       28.738362513711
           112.5700     -7.0400       28.847998649057
           112.5800     -7.0400       29.095409366201
           112.5900     -7.0400       29.452790660244
           112.6000     -7.0400       29.877745484169
           112.6100     -7.0400       30.318532865301
           112.6200     -7.0400       30.720380420369
           112.6300     -7.0400       31.032074502239
           112.6400     -7.0400       31.212020304084
           112.6500     -7.0400       31.233043926879
           112.6600     -7.0400       31.085378469466
           112.6700     -7.0400       30.777513884884
           112.6800     -7.0400       30.334864398610
           112.6900     -7.0400       29.796482020378
           112.7000     -7.0400       29.210284679218
           112.7100     -7.0400       28.627442235093
           112.7200     -7.0400       28.096651393239
           112.7300     -7.0400       27.659021344111
           112.7400     -7.0400       27.344188639439
           112.7500     -7.0400       27.168097685106
           112.7600     -7.0400       27.132647878585
           112.7700     -7.0400       27.227152256862
           112.7800     -7.0400       27.431310396195
           112.7900     -7.0400       27.719202798874
           112.8000     -7.0400       28.063691043929
           112.8100     -7.0400       28.440573370986
           112.8200     -7.0400       28.831902677058
           112.8300     -7.0400       29.228014024635
           112.8400     -7.0400       29.628011173919
           112.8500     -7.0400       30.038697280616
           112.8600     -7.0400       30.472170098514
           112.8700     -7.0400       30.942503227317
           112.8800     -7.0400       31.462073314197
           112.8900     -7.0400       32.038148567363
           112.9000     -7.0400       32.670317984046
           112.9100     -7.0400       33.349217713625
           112.9200     -7.0400       34.056817724751
           112.9300     -7.0400       34.768295354219
           112.9400     -7.0400       35.455275862766
           112.9500     -7.0400       36.089999260652
           112.9600     -7.0400       36.649809910950
           112.9700     -7.0400       37.121285781063
           112.9800     -7.0400       37.503341577749
           112.9900     -7.0400       37.808754984228
           113.0000     -7.0400       38.063764793616
           112.0000     -7.0500       43.390176242551
           112.0100     -7.0500       41.428189084977
           112.0200     -7.0500       39.439919172991
           112.0300     -7.0500       37.497891431248
           112.0400     -7.0500       35.663691554695
           112.0500     -7.0500       33.984812670400
           112.0600     -7.0500       32.493120966311
           112.0700     -7.0500       31.205000033677
           112.0800     -7.0500       30.123033065697
           112.0900     -7.0500       29.238901170570
           112.1000     -7.0500       28.537038020729
           112.1100     -7.0500       27.998503744615
           112.1200     -7.0500       27.604534559358
           112.1300     -7.0500       27.339290175078
           112.1400     -7.0500       27.191450059126
           112.1500     -7.0500       27.154485315045
           112.1600     -7.0500       27.225631877731
           112.1700     -7.0500       27.403786191646
           112.1800     -7.0500       27.686709821342
           112.1900     -7.0500       28.068041458362
           112.2000     -7.0500       28.534657216520
           112.2100     -7.0500       29.064885708924
           112.2200     -7.0500       29.627976171108
           112.2300     -7.0500       30.185048886091
           112.2400     -7.0500       30.691548961500
           112.2500     -7.0500       31.101004532186
           112.2600     -7.0500       31.369688454599
           112.2700     -7.0500       31.461626668533
           112.2800     -7.0500       31.353309389290
           112.2900     -7.0500       31.037457377082
           112.3000     -7.0500       30.525278283944
           112.3100     -7.0500       29.846809687496
           112.3200     -7.0500       29.049167429074
           112.3300     -7.0500       28.192773342740
           112.3400     -7.0500       27.345893297060
           112.3500     -7.0500       26.578041495179
           112.3600     -7.0500       25.952970232783
           112.3700     -7.0500       25.522043031334
           112.3800     -7.0500       25.318770786576
           112.3900     -7.0500       25.355174983702
           112.4000     -7.0500       25.620441250940
           112.4100     -7.0500       26.082063796310
           112.4200     -7.0500       26.689388186296
           112.4300     -7.0500       27.379172513652
           112.4400     -7.0500       28.082541202488
           112.4500     -7.0500       28.732532762672
           112.4600     -7.0500       29.271365238802
           112.4700     -7.0500       29.656571679029
           112.4800     -7.0500       29.865290212084
           112.4900     -7.0500       29.896213729284
           112.5000     -7.0500       29.768985962076
           112.5100     -7.0500       29.521139248057
           112.5200     -7.0500       29.202966247046
           112.5300     -7.0500       28.870966336714
           112.5400     -7.0500       28.580676402209
           112.5500     -7.0500       28.379764206876
           112.5600     -7.0500       28.302222124736
           112.5700     -7.0500       28.364355119405
           112.5800     -7.0500       28.563027941968
           112.5900     -7.0500       28.876351793597
           112.6000     -7.0500       29.266686342900
           112.6100     -7.0500       29.685547528192
           112.6200     -7.0500       30.079780925315
           112.6300     -7.0500       30.398213318283
           112.6400     -7.0500       30.597949282756
           112.6500     -7.0500       30.649539755533
           112.6600     -7.0500       30.540406720843
           112.6700     -7.0500       30.276140872553
           112.6800     -7.0500       29.879566426230
           112.6900     -7.0500       29.387752709049
           112.7000     -7.0500       28.847408644942
           112.7100     -7.0500       28.309290880778
           112.7200     -7.0500       27.822364670419
           112.7300     -7.0500       27.428465999980
           112.7400     -7.0500       27.158124291514
           112.7500     -7.0500       27.028030924037
           112.7600     -7.0500       27.040404476146
           112.7700     -7.0500       27.184241504918
           112.7800     -7.0500       27.438187661859
           112.7900     -7.0500       27.774552342409
           112.8000     -7.0500       28.163849078133
           112.8100     -7.0500       28.579191806155
           112.8200     -7.0500       28.999919934138
           112.8300     -7.0500       29.413955601273
           112.8400     -7.0500       29.818595475500
           112.8500     -7.0500       30.219678174925
           112.8600     -7.0500       30.629312857071
           112.8700     -7.0500       31.062569841646
           112.8800     -7.0500       31.533689563471
           112.8900     -7.0500       32.052439297026
           112.9000     -7.0500       32.621227072656
           112.9100     -7.0500       33.233471236607
           112.9200     -7.0500       33.873537303773
           112.9300     -7.0500       34.518317130776
           112.9400     -7.0500       35.140272412852
           112.9500     -7.0500       35.711531330331
           112.9600     -7.0500       36.208447912628
           112.9700     -7.0500       36.615935475276
           112.9800     -7.0500       36.930884607142
           112.9900     -7.0500       37.164075640166
           113.0000     -7.0500       37.340184354766
           112.0000     -7.0600       39.929568694064
           112.0100     -7.0600       38.031680248293
           112.0200     -7.0600       36.147260503728
           112.0300     -7.0600       34.349284264889
           112.0400     -7.0600       32.698271553013
           112.0500     -7.0600       31.238872573855
           112.0600     -7.0600       29.998213578086
           112.0700     -7.0600       28.986098854373
           112.0800     -7.0600       28.196943093429
           112.0900     -7.0600       27.613103760308
           112.1000     -7.0600       27.209121086932
           112.1100     -7.0600       26.956274896771
           112.1200     -7.0600       26.826845772228
           112.1300     -7.0600       26.797526315726
           112.1400     -7.0600       26.851559251746
           112.1500     -7.0600       26.979366020116
           112.1600     -7.0600       27.177647866263
           112.1700     -7.0600       27.447162282600
           112.1800     -7.0600       27.789571288420
           112.1900     -7.0600       28.203897921808
           112.2000     -7.0600       28.683193680132
           112.2100     -7.0600       29.212002216226
           112.2200     -7.0600       29.765104156797
           112.2300     -7.0600       30.307856397344
           112.2400     -7.0600       30.798218371812
           112.2500     -7.0600       31.190316419386
           112.2600     -7.0600       31.439167706585
           112.2700     -7.0600       31.505998642095
           112.2800     -7.0600       31.363475786689
           112.2900     -7.0600       31.000137755289
           112.3000     -7.0600       30.423381230956
           112.3100     -7.0600       29.660507386270
           112.3200     -7.0600       28.757559354160
           112.3300     -7.0600       27.775949745085
           112.3400     -7.0600       26.787155977093
           112.3500     -7.0600       25.866014598194
           112.3600     -7.0600       25.083340506315
           112.3700     -7.0600       24.498706501232
           112.3800     -7.0600       24.154226817005
           112.3900     -7.0600       24.070091732136
           112.4000     -7.0600       24.242408925144
           112.4100     -7.0600       24.643643111256
           112.4200     -7.0600       25.225640468714
           112.4300     -7.0600       25.924915943115
           112.4400     -7.0600       26.669608175456
           112.4500     -7.0600       27.387303064746
           112.4600     -7.0600       28.012818982447
           112.4700     -7.0600       28.495048715225
           112.4800     -7.0600       28.802065879538
           112.4900     -7.0600       28.923913438912
           112.5000     -7.0600       28.872773339605
           112.5100     -7.0600       28.680534306432
           112.5200     -7.0600       28.394089914176
           112.5300     -7.0600       28.068971867413
           112.5400     -7.0600       27.762119981883
           112.5500     -7.0600       27.524686313420
           112.5600     -7.0600       27.395754645089
           112.5700     -7.0600       27.397730788846
           112.5800     -7.0600       27.533940448588
           112.5900     -7.0600       27.788688040620
           112.6000     -7.0600       28.129718272871
           112.6100     -7.0600       28.512722223980
           112.6200     -7.0600       28.887279159971
           112.6300     -7.0600       29.203455749379
           112.6400     -7.0600       29.418216386467
           112.6500     -7.0600       29.500839415834
           112.6600     -7.0600       29.436677415736
           112.6700     -7.0600       29.228825398508
           112.6800     -7.0600       28.897538395497
           112.6900     -7.0600       28.477532552460
           112.7000     -7.0600       28.013573171638
           112.7100     -7.0600       27.554964221318
           112.7200     -7.0600       27.149679906978
           112.7300     -7.0600       26.838904741632
           112.7400     -7.0600       26.652672433988
           112.7500     -7.0600       26.607127703363
           112.7600     -7.0600       26.703702606102
           112.7700     -7.0600       26.930232520276
           112.7800     -7.0600       27.263773186563
           112.7900     -7.0600       27.674654983689
           112.8000     -7.0600       28.131154159090
           112.8100     -7.0600       28.604093597395
           112.8200     -7.0600       29.070716025073
           112.8300     -7.0600       29.517294975717
           112.8400     -7.0600       29.940145334350
           112.8500     -7.0600       30.344937608348
           112.8600     -7.0600       30.744473715238
           112.8700     -7.0600       31.155310985855
           112.8800     -7.0600       31.593792666084
           112.8900     -7.0600       32.072132852327
           112.9000     -7.0600       32.595198332940
           112.9100     -7.0600       33.158529368310
           112.9200     -7.0600       33.747959556824
           112.9300     -7.0600       34.340956759343
           112.9400     -7.0600       34.909545989285
           112.9500     -7.0600       35.424428312980
           112.9600     -7.0600       35.859712829176
           112.9700     -7.0600       36.197561013527
           112.9800     -7.0600       36.432022892373
           112.9900     -7.0600       36.571428115935
           113.0000     -7.0600       36.638873204292
           112.0000     -7.0700       36.620209323475
           112.0100     -7.0700       34.813854556600
           112.0200     -7.0700       33.056483919597
           112.0300     -7.0700       31.421296993721
           112.0400     -7.0700       29.967775754663
           112.0500     -7.0700       28.737926630143
           112.0600     -7.0700       27.754410333526
           112.0700     -7.0700       27.020703496035
           112.0800     -7.0700       26.523195038840
           112.0900     -7.0700       26.234890600193
           112.1000     -7.0700       26.120209495232
           112.1100     -7.0700       26.140235155591
           112.1200     -7.0700       26.257738176029
           112.1300     -7.0700       26.441336985604
           112.1400     -7.0700       26.668289392782
           112.1500     -7.0700       26.925602609103
           112.1600     -7.0700       27.209384725898
           112.1700     -7.0700       27.522606170627
           112.1800     -7.0700       27.871662823401
           112.1900     -7.0700       28.262303178013
           112.2000     -7.0700       28.695576674074
           112.2100     -7.0700       29.164465352620
           112.2200     -7.0700       29.651774278130
           112.2300     -7.0700       30.129687902711
           112.2400     -7.0700       30.561170952551
           112.2500     -7.0700       30.903133150019
           112.2600     -7.0700       31.111021448343
           112.2700     -7.0700       31.144285938640
           112.2800     -7.0700       30.972016307378
           112.2900     -7.0700       30.577986363659
           112.3000     -7.0700       29.964384963965
           112.3100     -7.0700       29.153649880096
           112.3200     -7.0700       28.188041151931
           112.3300     -7.0700       27.126865551618
           112.3400     -7.0700       26.041559512758
           112.3500     -7.0700       25.009116404594
           112.3600     -7.0700       24.104568996510
           112.3700     -7.0700       23.393379235564
           112.3800     -7.0700       22.924625167864
           112.3900     -7.0700       22.725802067623
           112.4000     -7.0700       22.799878747854
           112.4100     -7.0700       23.124991094076
           112.4200     -7.0700       23.656844428499
           112.4300     -7.0700       24.333572680858
           112.4400     -7.0700       25.082505936214
           112.4500     -7.0700       25.828066130435
           112.4600     -7.0700       26.499872992468
           112.4700     -7.0700       27.040116610196
           112.4800     -7.0700       27.409342984887
           112.4900     -7.0700       27.589993773941
           112.5000     -7.0700       27.587316932991
           112.5100     -7.0700       27.427586718575
           112.5200     -7.0700       27.153899170458
           112.5300     -7.0700       26.820101681725
           112.5400     -7.0700       26.483636019609
           112.5500     -7.0700       26.198195809925
           112.5600     -7.0700       26.007107367003
           112.5700     -7.0700       25.938236720063
           112.5800     -7.0700       26.001020170332
           112.5900     -7.0700       26.185937756282
           112.6000     -7.0700       26.466434744672
           112.6100     -7.0700       26.802986224207
           112.6200     -7.0700       27.148733696468
           112.6300     -7.0700       27.455933860022
           112.6400     -7.0700       27.682371850875
           112.6500     -7.0700       27.796914014886
           112.6600     -7.0700       27.783504318259
           112.6700     -7.0700       27.643125418198
           112.6800     -7.0700       27.393520595233
           112.6900     -7.0700       27.066769261471
           112.7000     -7.0700       26.705087298516
           112.7100     -7.0700       26.355447571955
           112.7200     -7.0700       26.063756786649
           112.7300     -7.0700       25.869364968928
           112.7400     -7.0700       25.800619502364
           112.7500     -7.0700       25.872017048904
           112.7600     -7.0700       26.083276648720
           112.7700     -7.0700       26.420387992435
           112.7800     -7.0700       26.858417465816
           112.7900     -7.0700       27.365618177142
           112.8000     -7.0700       27.908220788829
           112.8100     -7.0700       28.455202165600
           112.8200     -7.0700       28.982348743102
           112.8300     -7.0700       29.475047442658
           112.8400     -7.0700       29.929431985916
           112.8500     -7.0700       30.351758765355
           112.8600     -7.0700       30.756149097414
           112.8700     -7.0700       31.161076549287
           112.8800     -7.0700       31.585164770712
           112.8900     -7.0700       32.042966167216
           112.9000     -7.0700       32.541399443722
           112.9100     -7.0700       33.077432675231
           112.9200     -7.0700       33.637420147578
           112.9300     -7.0700       34.198260104166
           112.9400     -7.0700       34.730270154832
           112.9500     -7.0700       35.201415419601
           112.9600     -7.0700       35.582308818515
           112.9700     -7.0700       35.851264803256
           112.9800     -7.0700       35.998648553421
           112.9900     -7.0700       36.029830218192
           113.0000     -7.0700       35.966221539803
           112.0000     -7.0800       33.650858233162
           112.0100     -7.0800       31.963917898613
           112.0200     -7.0800       30.354047312342
           112.0300     -7.0800       28.894499133087
           112.0400     -7.0800       27.643916651964
           112.0500     -7.0800       26.642144175712
           112.0600     -7.0800       25.908030907359
           112.0700     -7.0800       25.439435224541
           112.0800     -7.0800       25.215375802060
           112.0900     -7.0800       25.200020376074
           112.1000     -7.0800       25.347984676877
           112.1100     -7.0800       25.610261422869
           112.1200     -7.0800       25.940032435472
           112.1300     -7.0800       26.297645206303
           112.1400     -7.0800       26.654155675398
           112.1500     -7.0800       26.993036564703
           112.1600     -7.0800       27.309900101111
           112.1700     -7.0800       27.610353020811
           112.1800     -7.0800       27.906355102731
           112.1900     -7.0800       28.211656533720
           112.2000     -7.0800       28.537016676710
           112.2100     -7.0800       28.885939628485
           112.2200     -7.0800       29.251594926819
           112.2300     -7.0800       29.615432661883
           112.2400     -7.0800       29.947771133491
           112.2500     -7.0800       30.210361968440
           112.2600     -7.0800       30.360658177746
           112.2700     -7.0800       30.357262259690
           112.2800     -7.0800       30.165847871675
           112.2900     -7.0800       29.764755501170
           112.3000     -7.0800       29.149474133560
           112.3100     -7.0800       28.335337754691
           112.3200     -7.0800       27.357974420844
           112.3300     -7.0800       26.271321068648
           112.3400     -7.0800       25.143324589880
           112.3500     -7.0800       24.049749607715
           112.3600     -7.0800       23.066766861324
           112.3700     -7.0800       22.263169570183
           112.3800     -7.0800       21.693134912571
           112.3900     -7.0800       21.390403179961
           112.4000     -7.0800       21.364592210981
           112.4100     -7.0800       21.600117544028
           112.4200     -7.0800       22.057879551473
           112.4300     -7.0800       22.679546056017
           112.4400     -7.0800       23.393944349030
           112.4500     -7.0800       24.124819891143
           112.4600     -7.0800       24.799052900260
           112.4700     -7.0800       25.354369776048
           112.4800     -7.0800       25.745650978219
           112.4900     -7.0800       25.949112560316
           112.5000     -7.0800       25.963902929351
           112.5100     -7.0800       25.810976117876
           112.5200     -7.0800       25.529437464090
           112.5300     -7.0800       25.170864826625
           112.5400     -7.0800       24.792349666331
           112.5500     -7.0800       24.449147453444
           112.5600     -7.0800       24.187858295798
           112.5700     -7.0800       24.040973499990
           112.5800     -7.0800       24.023434036275
           112.5900     -7.0800       24.131578009549
           112.6000     -7.0800       24.344541669881
           112.6100     -7.0800       24.627862993096
           112.6200     -7.0800       24.938759190766
           112.6300     -7.0800       25.232345119481
           112.6400     -7.0800       25.467953992033
           112.6500     -7.0800       25.614727407298
           112.6600     -7.0800       25.655756169826
           112.6700     -7.0800       25.590260045706
           112.6800     -7.0800       25.433564911812
           112.6900     -7.0800       25.214933020495
           112.7000     -7.0800       24.973586477995
           112.7100     -7.0800       24.753497834139
           112.7200     -7.0800       24.597674374505
           112.7300     -7.0800       24.542714947917
           112.7400     -7.0800       24.614364291707
           112.7500     -7.0800       24.824638525004
           112.7600     -7.0800       25.170868536677
           112.7700     -7.0800       25.636737231703
           112.7800     -7.0800       26.195109545307
           112.7900     -7.0800       26.812208895806
           112.8000     -7.0800       27.452513828268
           112.8100     -7.0800       28.083658358338
           112.8200     -7.0800       28.680630868820
           112.8300     -7.0800       29.228677202910
           112.8400     -7.0800       29.724507959698
           112.8500     -7.0800       30.175660492224
           112.8600     -7.0800       30.598137498760
           112.8700     -7.0800       31.012698176192
           112.8800     -7.0800       31.440378744850
           112.8900     -7.0800       31.897938069456
           112.9000     -7.0800       32.393943634885
           112.9100     -7.0800       32.926129541379
           112.9200     -7.0800       33.480482044244
           112.9300     -7.0800       34.032263057692
           112.9400     -7.0800       34.548901430383
           112.9500     -7.0800       34.994404527442
           112.9600     -7.0800       35.334707684273
           112.9700     -7.0800       35.543220175552
           112.9800     -7.0800       35.605767306017
           112.9900     -7.0800       35.524179616072
           113.0000     -7.0800       35.317937609342
           112.0000     -7.0900       31.166644737655
           112.0100     -7.0900       29.625103791677
           112.0200     -7.0900       28.178818954878
           112.0300     -7.0900       26.900999769243
           112.0400     -7.0900       25.849825765252
           112.0500     -7.0900       25.063732669070
           112.0600     -7.0900       24.558770832912
           112.0700     -7.0900       24.328320031166
           112.0800     -7.0900       24.345166086202
           112.0900     -7.0900       24.565662532451
           112.1000     -7.0900       24.935450552766
           112.1100     -7.0900       25.396024956306
           112.1200     -7.0900       25.891337341162
           112.1300     -7.0900       26.373632932609
           112.1400     -7.0900       26.807824978076
           112.1500     -7.0900       27.173906835476
           112.1600     -7.0900       27.467162148877
           112.1700     -7.0900       27.696224330108
           112.1800     -7.0900       27.879320230198
           112.1900     -7.0900       28.039272269216
           112.2000     -7.0900       28.197996752785
           112.2100     -7.0900       28.371301679094
           112.2200     -7.0900       28.564745738853
           112.2300     -7.0900       28.771176152612
           112.2400     -7.0900       28.970334728235
           112.2500     -7.0900       29.130638576643
           112.2600     -7.0900       29.212941313585
           112.2700     -7.0900       29.175802022166
           112.2800     -7.0900       28.981569986272
           112.2900     -7.0900       28.602463051142
           112.3000     -7.0900       28.025794844938
           112.3100     -7.0900       27.257595491156
           112.3200     -7.0900       26.324061683343
           112.3300     -7.0900       25.270541436552
           112.3400     -7.0900       24.158072326669
           112.3500     -7.0900       23.057809293051
           112.3600     -7.0900       22.043957896392
           112.3700     -7.0900       21.186034515373
           112.3800     -7.0900       20.541378825545
           112.3900     -7.0900       20.148831448816
           112.4000     -7.0900       20.024361225236
           112.4100     -7.0900       20.159197451225
           112.4200     -7.0900       20.520721045120
           112.4300     -7.0900       21.056032818872
           112.4400     -7.0900       21.697789352894
           112.4500     -7.0900       22.371619034610
           112.4600     -7.0900       23.004238032760
           112.4700     -7.0900       23.531302906831
           112.4800     -7.0900       23.904073733476
           112.4900     -7.0900       24.094114201684
           112.5000     -7.0900       24.095503436158
           112.5100     -7.0900       23.924346468309
           112.5200     -7.0900       23.615706302754
           112.5300     -7.0900       23.218397531981
           112.5400     -7.0900       22.788339193512
           112.5500     -7.0900       22.381330662473
           112.5600     -7.0900       22.046168476691
           112.5700     -7.0900       21.818958367005
           112.5800     -7.0900       21.719304962793
           112.5900     -7.0900       21.748805165355
           112.6000     -7.0900       21.891964327782
           112.6100     -7.0900       22.119337685512
           112.6200     -7.0900       22.392414363134
           112.6300     -7.0900       22.669544590560
           112.6400     -7.0900       22.912089965461
           112.6500     -7.0900       23.089966236654
           112.6600     -7.0900       23.185847940453
           112.6700     -7.0900       23.197499476624
           112.6800     -7.0900       23.137960517539
           112.6900     -7.0900       23.033608871427
           112.7000     -7.0900       22.920411041196
           112.7100     -7.0900       22.838911193572
           112.7200     -7.0900       22.828671182874
           112.7300     -7.0900       22.922936651018
           112.7400     -7.0900       23.144259688281
           112.7500     -7.0900       23.501664288926
           112.7600     -7.0900       23.989717583147
           112.7700     -7.0900       24.589598922249
           112.7800     -7.0900       25.271978024967
           112.7900     -7.0900       26.001261434449
           112.8000     -7.0900       26.740578245573
           112.8100     -7.0900       27.456777344946
           112.8200     -7.0900       28.124712773493
           112.8300     -7.0900       28.730200546344
           112.8400     -7.0900       29.271224462395
           112.8500     -7.0900       29.757223080308
           112.8600     -7.0900       30.206569633785
           112.8700     -7.0900       30.642622082887
           112.8800     -7.0900       31.088934353441
           112.8900     -7.0900       31.564351578444
           112.9000     -7.0900       32.078742409847
           112.9100     -7.0900       32.630044664764
           112.9200     -7.0900       33.203125901143
           112.9300     -7.0900       33.770710809591
           112.9400     -7.0900       34.296336039455
           112.9500     -7.0900       34.738999931657
           112.9600     -7.0900       35.058920163161
           112.9700     -7.0900       35.223632439828
           112.9800     -7.0900       35.213584459413
           112.9900     -7.0900       35.026414490840
           113.0000     -7.0900       34.679250946280
           112.0000     -7.1000       29.259691916478
           112.0100     -7.1000       27.885016078141
           112.0200     -7.1000       26.612340721132
           112.0300     -7.1000       25.514836007075
           112.0400     -7.1000       24.650766130372
           112.0500     -7.1000       24.058159183064
           112.0600     -7.1000       23.751595833121
           112.0700     -7.1000       23.721492255439
           112.0800     -7.1000       23.935957467452
           112.0900     -7.1000       24.344996278627
           112.1000     -7.1000       24.886545597702
           112.1100     -7.1000       25.493610236236
           112.1200     -7.1000       26.101633447957
           112.1300     -7.1000       26.655214707508
           112.1400     -7.1000       27.113376318739
           112.1500     -7.1000       27.452770588268
           112.1600     -7.1000       27.668486577414
           112.1700     -7.1000       27.772425760246
           112.1800     -7.1000       27.789529360997
           112.1900     -7.1000       27.752416161340
           112.2000     -7.1000       27.695192231663
           112.2100     -7.1000       27.647296782961
           112.2200     -7.1000       27.628237482672
           112.2300     -7.1000       27.643945217768
           112.2400     -7.1000       27.685258225931
           112.2500     -7.1000       27.728757290936
           112.2600     -7.1000       27.739854926790
           112.2700     -7.1000       27.677733974774
           112.2800     -7.1000       27.501475373678
           112.2900     -7.1000       27.176545028589
           112.3000     -7.1000       26.680748626355
           112.3100     -7.1000       26.008819727756
           112.3200     -7.1000       25.174973953832
           112.3300     -7.1000       24.213019445095
           112.3400     -7.1000       23.173927991849
           112.3500     -7.1000       22.121101670232
           112.3600     -7.1000       21.123873486077
           112.3700     -7.1000       20.250017701148
           112.3800     -7.1000       19.558184929474
           112.3900     -7.1000       19.091200054531
           112.4000     -7.1000       18.871063892961
           112.4100     -7.1000       18.896294252151
           112.4200     -7.1000       19.141954587149
           112.4300     -7.1000       19.562385549212
           112.4400     -7.1000       20.096318966236
           112.4500     -7.1000       20.673758239558
           112.4600     -7.1000       21.223791622174
           112.4700     -7.1000       21.682393086575
           112.4800     -7.1000       21.999273513944
           112.4900     -7.1000       22.142971246854
           112.5000     -7.1000       22.103598869471
           112.5100     -7.1000       21.892962581785
           112.5200     -7.1000       21.542102761354
           112.5300     -7.1000       21.096626290792
           112.5400     -7.1000       20.610471619221
           112.5500     -7.1000       20.138931975645
           112.5600     -7.1000       19.731837776137
           112.5700     -7.1000       19.427757566828
           112.5800     -7.1000       19.249924730586
           112.5900     -7.1000       19.204355962232
           112.6000     -7.1000       19.280329975483
           112.6100     -7.1000       19.453080912095
           112.6200     -7.1000       19.688272100355
           112.6300     -7.1000       19.947590004397
           112.6400     -7.1000       20.194664500803
           112.6500     -7.1000       20.400496531877
           112.6600     -7.1000       20.547659563144
           112.6700     -7.1000       20.632724157943
           112.6800     -7.1000       20.666609456508
           112.6900     -7.1000       20.672856101604
           112.7000     -7.1000       20.684102302742
           112.7100     -7.1000       20.737289219153
           112.7200     -7.1000       20.868290710188
           112.7300     -7.1000       21.106733321673
           112.7400     -7.1000       21.471736236845
           112.7500     -7.1000       21.969163585486
           112.7600     -7.1000       22.590762578212
           112.7700     -7.1000       23.315291148693
           112.7800     -7.1000       24.111455792419
           112.7900     -7.1000       24.942223494428
           112.8000     -7.1000       25.769876814473
           112.8100     -7.1000       26.561075585133
           112.8200     -7.1000       27.291187230146
           112.8300     -7.1000       27.947251013643
           112.8400     -7.1000       28.529135673572
           112.8500     -7.1000       29.048708306274
           112.8600     -7.1000       29.527119406186
           112.8700     -7.1000       29.990584726682
           112.8800     -7.1000       30.465270405276
           112.8900     -7.1000       30.972031375541
           112.9000     -7.1000       31.521793218253
           112.9100     -7.1000       32.112297007233
           112.9200     -7.1000       32.726753214828
           112.9300     -7.1000       33.334696406852
           112.9400     -7.1000       33.895030713211
           112.9500     -7.1000       34.360947338097
           112.9600     -7.1000       34.686121717896
           112.9700     -7.1000       34.831397352624
           112.9800     -7.1000       34.771064629731
           112.9900     -7.1000       34.497861730966
           113.0000     -7.1000       34.025961102796
           112.0000     -7.1100       27.965289656045
           112.0100     -7.1100       26.771831061901
           112.0200     -7.1100       25.675164568456
           112.0300     -7.1100       24.748546356355
           112.0400     -7.1100       24.051036558981
           112.0500     -7.1100       23.621465184915
           112.0600     -7.1100       23.474527221031
           112.0700     -7.1100       23.599486796535
           112.0800     -7.1100       23.961660482178
           112.0900     -7.1100       24.506514654019
           112.1000     -7.1100       25.165893711049
           112.1100     -7.1100       25.865635453994
           112.1200     -7.1100       26.533660761863
           112.1300     -7.1100       27.107569053767
           112.1400     -7.1100       27.540836675011
           112.1500     -7.1100       27.806894516161
           112.1600     -7.1100       27.900631414699
           112.1700     -7.1100       27.837196904541
           112.1800     -7.1100       27.648318903427
           112.1900     -7.1100       27.376665109982
           112.2000     -7.1100       27.069020966430
           112.2100     -7.1100       26.769200615150
           112.2200     -7.1100       26.511631877764
           112.2300     -7.1100       26.316458848438
           112.2400     -7.1100       26.186798986919
           112.2500     -7.1100       26.108502598039
           112.2600     -7.1100       26.052428990729
           112.2700     -7.1100       25.978918945818
           112.2800     -7.1100       25.843851070167
           112.2900     -7.1100       25.605458316521
           112.3000     -7.1100       25.230978018735
           112.3100     -7.1100       24.702227705014
           112.3200     -7.1100       24.019337271668
           112.3300     -7.1100       23.202107791279
           112.3400     -7.1100       22.288777012377
           112.3500     -7.1100       21.332311043555
           112.3600     -7.1100       20.394666496379
           112.3700     -7.1100       19.539735105120
           112.3800     -7.1100       18.825858629466
           112.3900     -7.1100       18.298862785535
           112.4000     -7.1100       17.986497151015
           112.4100     -7.1100       17.894991576639
           112.4200     -7.1100       18.008171655577
           112.4300     -7.1100       18.289251180685
           112.4400     -7.1100       18.685080462498
           112.4500     -7.1100       19.132319834847
           112.4600     -7.1100       19.564767570507
           112.4700     -7.1100       19.920931471603
           112.4800     -7.1100       20.150911087164
           112.4900     -7.1100       20.221754903810
           112.5000     -7.1100       20.120660385783
           112.5100     -7.1100       19.855667074535
           112.5200     -7.1100       19.453816668713
           112.5300     -7.1100       18.957076554641
           112.5400     -7.1100       18.416602628195
           112.5500     -7.1100       17.886117477309
           112.5600     -7.1100       17.415275870672
           112.5700     -7.1100       17.043869817893
           112.5800     -7.1100       16.797594401869
           112.5900     -7.1100       16.685872011204
           112.6000     -7.1100       16.701947468463
           112.6100     -7.1100       16.825158665279
           112.6200     -7.1100       17.024998099630
           112.6300     -7.1100       17.266348642826
           112.6400     -7.1100       17.515132349795
           112.6500     -7.1100       17.743572479161
           112.6600     -7.1100       17.934339956380
           112.6700     -7.1100       18.083025260114
           112.6800     -7.1100       18.198620815841
           112.6900     -7.1100       18.301983204143
           112.7000     -7.1100       18.422529385712
           112.7100     -7.1100       18.593667439242
           112.7200     -7.1100       18.847636253336
           112.7300     -7.1100       19.210506568693
           112.7400     -7.1100       19.698067395918
           112.7500     -7.1100       20.313191494326
           112.7600     -7.1100       21.045059719831
           112.7700     -7.1100       21.870356610194
           112.7800     -7.1100       22.756265982174
           112.7900     -7.1100       23.664835283163
           112.8000     -7.1100       24.558077539531
           112.8100     -7.1100       25.403068362093
           112.8200     -7.1100       26.176288870860
           112.8300     -7.1100       26.866565429471
           112.8400     -7.1100       27.476150810456
           112.8500     -7.1100       28.019752821819
           112.8600     -7.1100       28.521609852135
           112.8700     -7.1100       29.010997734551
           112.8800     -7.1100       29.516788943705
           112.8900     -7.1100       30.061839680300
           112.9000     -7.1100       30.658029895066
           112.9100     -7.1100       31.302716812456
           112.9200     -7.1100       31.977190504613
           112.9300     -7.1100       32.647461745829
           112.9400     -7.1100       33.267401024509
           112.9500     -7.1100       33.783924231944
           112.9600     -7.1100       34.143628561636
           112.9700     -7.1100       34.300061486131
           112.9800     -7.1100       34.220687468579
           112.9900     -7.1100       33.892619373465
           113.0000     -7.1100       33.326306775640
           112.0000     -7.1200       27.263626989501
           112.0100     -7.1200       26.256394094767
           112.0200     -7.1200       25.329314294826
           112.0300     -7.1200       24.555990587606
           112.0400     -7.1200       23.997131426617
           112.0500     -7.1200       23.693733949828
           112.0600     -7.1200       23.662367781577
           112.0700     -7.1200       23.893155369134
           112.0800     -7.1200       24.350723033425
           112.0900     -7.1200       24.978036658133
           112.1000     -7.1200       25.702682640327
           112.1100     -7.1200       26.444853344899
           112.1200     -7.1200       27.126085513799
           112.1300     -7.1200       27.677707199582
           112.1400     -7.1200       28.047986184544
           112.1500     -7.1200       28.207136234956
           112.1600     -7.1200       28.149606483118
           112.1700     -7.1200       27.893419697915
           112.1800     -7.1200       27.476693929877
           112.1900     -7.1200       26.951832061615
           112.2000     -7.1200       26.378150606108
           112.2100     -7.1200       25.813906264293
           112.2200     -7.1200       25.308742722732
           112.2300     -7.1200       24.897513279112
           112.2400     -7.1200       24.596246338866
           112.2500     -7.1200       24.400735499396
           112.2600     -7.1200       24.287891105999
           112.2700     -7.1200       24.219630650087
           112.2800     -7.1200       24.148757720478
           112.2900     -7.1200       24.026025610959
           112.3000     -7.1200       23.807434524232
           112.3100     -7.1200       23.460789003493
           112.3200     -7.1200       22.970646855613
           112.3300     -7.1200       22.341007966342
           112.3400     -7.1200       21.595392044583
           112.3500     -7.1200       20.774298751931
           112.3600     -7.1200       19.930386685904
           112.3700     -7.1200       19.122004561558
           112.3800     -7.1200       18.405920254179
           112.3900     -7.1200       17.830194002156
           112.4000     -7.1200       17.428118683115
           112.4100     -7.1200       17.214006636233
           112.4200     -7.1200       17.181358660769
           112.4300     -7.1200       17.303639228491
           112.4400     -7.1200       17.537543880986
           112.4500     -7.1200       17.828324654824
           112.4600     -7.1200       18.116478872503
           112.4700     -7.1200       18.344939243622
           112.4800     -7.1200       18.465849883776
           112.4900     -7.1200       18.446079316992
           112.5000     -7.1200       18.270797683513
           112.5100     -7.1200       17.944706764664
           112.5200     -7.1200       17.490822594932
           112.5300     -7.1200       16.947029691512
           112.5400     -7.1200       16.360911013872
           112.5500     -7.1200       15.783571405796
           112.5600     -7.1200       15.263287137693
           112.5700     -7.1200       14.839816412715
           112.5800     -7.1200       14.540096692664
           112.5900     -7.1200       14.375850694447
           112.6000     -7.1200       14.343352729786
           112.6100     -7.1200       14.425308117456
           112.6200     -7.1200       14.594511561471
           112.6300     -7.1200       14.818714450966
           112.6400     -7.1200       15.065977474843
           112.6500     -7.1200       15.309733707925
           112.6600     -7.1200       15.532844212504
           112.6700     -7.1200       15.730084159143
           112.6800     -7.1200       15.908729927813
           112.6900     -7.1200       16.087193662060
           112.7000     -7.1200       16.291932562928
           112.7100     -7.1200       16.553106600576
           112.7200     -7.1200       16.899635979244
           112.7300     -7.1200       17.354393929905
           112.7400     -7.1200       17.930249550123
           112.7500     -7.1200       18.627552409384
           112.7600     -7.1200       19.433442664838
           112.7700     -7.1200       20.323106547174
           112.7800     -7.1200       21.262814249278
           112.7900     -7.1200       22.214315289896
           112.8000     -7.1200       23.139962495803
           112.8100     -7.1200       24.007819227688
           112.8200     -7.1200       24.795992850036
           112.8300     -7.1200       25.495533796574
           112.8400     -7.1200       26.111432035215
           112.8500     -7.1200       26.661505939339
           112.8600     -7.1200       27.173277029274
           112.8700     -7.1200       27.679216857870
           112.8800     -7.1200       28.210998693382
           112.8900     -7.1200       28.793551494010
           112.9000     -7.1200       29.439772391478
           112.9100     -7.1200       30.146695934381
           112.9200     -7.1200       30.893748753691
           112.9300     -7.1200       31.643457358075
           112.9400     -7.1200       32.344657393586
           112.9500     -7.1200       32.937916328951
           112.9600     -7.1200       33.362572643128
           112.9700     -7.1200       33.564554881325
           112.9800     -7.1200       33.504006727785
           112.9900     -7.1200       33.161729944600
           113.0000     -7.1200       32.543570315504
           112.0000     -7.1300       27.086523650035
           112.0100     -7.1300       26.259635028522
           112.0200     -7.1300       25.486285416389
           112.0300     -7.1300       24.840821683074
           112.0400     -7.1300       24.386559368887
           112.0500     -7.1300       24.168117542250
           112.0600     -7.1300       24.205785420511
           112.0700     -7.1300       24.492642369758
           112.0800     -7.1300       24.994822091927
           112.0900     -7.1300       25.654928153361
           112.1000     -7.1300       26.398219827260
           112.1100     -7.1300       27.140843750289
           112.1200     -7.1300       27.799131933271
           112.1300     -7.1300       28.298852911505
           112.1400     -7.1300       28.583307604050
           112.1500     -7.1300       28.619304465505
           112.1600     -7.1300       28.400311814101
           112.1700     -7.1300       27.946435508108
           112.1800     -7.1300       27.301263037722
           112.1900     -7.1300       26.526000844519
           112.2000     -7.1300       25.691661539758
           112.2100     -7.1300       24.870290212423
           112.2200     -7.1300       24.126325335534
           112.2300     -7.1300       23.509157291687
           112.2400     -7.1300       23.047781459391
           112.2500     -7.1300       22.748165405980
           112.2600     -7.1300       22.593597398541
           112.2700     -7.1300       22.547901880477
           112.2800     -7.1300       22.561045849870
           112.2900     -7.1300       22.576364309615
           112.3000     -7.1300       22.538440306195
           112.3100     -7.1300       22.400609036625
           112.3200     -7.1300       22.131122989559
           112.3300     -7.1300       21.717205658706
           112.3400     -7.1300       21.166508757096
           112.3500     -7.1300       20.505833537505
           112.3600     -7.1300       19.777335132073
           112.3700     -7.1300       19.032753008386
           112.3800     -7.1300       18.326458964014
           112.3900     -7.1300       17.708255233648
           112.4000     -7.1300       17.216872358790
           112.4100     -7.1300       16.875009033462
           112.4200     -7.1300       16.686540092430
           112.4300     -7.1300       16.636224115147
           112.4400     -7.1300       16.691908693076
           112.4500     -7.1300       16.808903735359
           112.4600     -7.1300       16.935914390861
           112.4700     -7.1300       17.021731314545
           112.4800     -7.1300       17.021791426245
           112.4900     -7.1300       16.903756486659
           112.5000     -7.1300       16.651403316218
           112.5100     -7.1300       16.266357004438
           112.5200     -7.1300       15.767493848236
           112.5300     -7.1300       15.188153590579
           112.5400     -7.1300       14.571588605877
           112.5500     -7.1300       13.965302706648
           112.5600     -7.1300       13.415064953235
           112.5700     -7.1300       12.959407817765
           112.5800     -7.1300       12.625332798528
           112.5900     -7.1300       12.425763586364
           112.6000     -7.1300       12.359033620633
           112.6100     -7.1300       12.410407069070
           112.6200     -7.1300       12.555349959280
           112.6300     -7.1300       12.764030219879
           112.6400     -7.1300       13.006364100603
           112.6500     -7.1300       13.256863299922
           112.6600     -7.1300       13.498579854028
           112.6700     -7.1300       13.725587426779
           112.6800     -7.1300       13.943657400266
           112.6900     -7.1300       14.169054648367
           112.7000     -7.1300       14.425653249326
           112.7100     -7.1300       14.740817696532
           112.7200     -7.1300       15.140675707830
           112.7300     -7.1300       15.645498902794
           112.7400     -7.1300       16.265894445208
           112.7500     -7.1300       17.000395734724
           112.7600     -7.1300       17.834839181965
           112.7700     -7.1300       18.743654991960
           112.7800     -7.1300       19.692919041736
           112.7900     -7.1300       20.644750065386
           112.8000     -7.1300       21.562429037178
           112.8100     -7.1300       22.415496115139
           112.8200     -7.1300       23.184063422526
           112.8300     -7.1300       23.861673652945
           112.8400     -7.1300       24.456224268030
           112.8500     -7.1300       24.988740410561
           112.8600     -7.1300       25.490081467362
           112.8700     -7.1300       25.995965417614
           112.8800     -7.1300       26.540950190383
           112.8900     -7.1300       27.152185931873
           112.9000     -7.1300       27.843820262381
           112.9100     -7.1300       28.612888103955
           112.9200     -7.1300       29.437352074366
           112.9300     -7.1300       30.276697914678
           112.9400     -7.1300       31.075164337886
           112.9500     -7.1300       31.767339593771
           112.9600     -7.1300       32.285533262976
           112.9700     -7.1300       32.568074490419
           112.9800     -7.1300       32.567532344240
           112.9900     -7.1300       32.257822915366
           113.0000     -7.1300       31.639268062518
           112.0000     -7.1400       27.328124048963
           112.0100     -7.1400       26.664209666307
           112.0200     -7.1400       26.019448591640
           112.0300     -7.1400       25.469449139932
           112.0400     -7.1400       25.081150585529
           112.0500     -7.1400       24.904261085776
           112.0600     -7.1400       24.964618738898
           112.0700     -7.1400       25.260330042005
           112.0800     -7.1400       25.761203475458
           112.0900     -7.1400       26.411591205536
           112.1000     -7.1400       27.136329921915
           112.1100     -7.1400       27.849085988454
           112.1200     -7.1400       28.462109334508
           112.1300     -7.1400       28.896223076042
           112.1400     -7.1400       29.089844320524
           112.1500     -7.1400       29.005950024104
           112.1600     -7.1400       28.636155130169
           112.1700     -7.1400       28.001426409907
           112.1800     -7.1400       27.149369362989
           112.1900     -7.1400       26.148444965580
           112.2000     -7.1400       25.079845255064
           112.2100     -7.1400       24.028035273138
           112.2200     -7.1400       23.071119488691
           112.2300     -7.1400       22.272195712812
           112.2400     -7.1400       21.672719572473
           112.2500     -7.1400       21.288637093574
           112.2600     -7.1400       21.109686898552
           112.2700     -7.1400       21.101873129650
           112.2800     -7.1400       21.212716754372
           112.2900     -7.1400       21.378556151597
           112.3000     -7.1400       21.532929661211
           112.3100     -7.1400       21.614961748559
           112.3200     -7.1400       21.576702495784
           112.3300     -7.1400       21.388531137490
           112.3400     -7.1400       21.042005142596
           112.3500     -7.1400       20.549879957957
           112.3600     -7.1400       19.943395231912
           112.3700     -7.1400       19.267272669145
           112.3800     -7.1400       18.573153808348
           112.3900     -7.1400       17.912387565442
           112.4000     -7.1400       17.329135860027
           112.4100     -7.1400       16.854696057324
           112.4200     -7.1400       16.503753220150
           112.4300     -7.1400       16.273000235833
           112.4400     -7.1400       16.142237970226
           112.4500     -7.1400       16.077734929468
           112.4600     -7.1400       16.037330759449
           112.4700     -7.1400       15.976548737450
           112.4800     -7.1400       15.854866815750
           112.4900     -7.1400       15.641298012328
           112.5000     -7.1400       15.318546361323
           112.5100     -7.1400       14.885216298781
           112.5200     -7.1400       14.355830691220
           112.5300     -7.1400       13.758716813669
           112.5400     -7.1400       13.132108601113
           112.5500     -7.1400       12.519048343820
           112.5600     -7.1400       11.961820608858
           112.5700     -7.1400       11.496696622256
           112.5800     -7.1400       11.149704270700
           112.5900     -7.1400       10.933977881196
           112.6000     -7.1400       10.849006950401
           112.6100     -7.1400       10.881827860982
           112.6200     -7.1400       11.009926317708
           112.6300     -7.1400       11.205379451805
           112.6400     -7.1400       11.439598340912
           112.6500     -7.1400       11.687956975441
           112.6600     -7.1400       11.933622104677
           112.6700     -7.1400       12.170025027788
           112.6800     -7.1400       12.401622591012
           112.6900     -7.1400       12.642850625338
           112.7000     -7.1400       12.915442083986
           112.7100     -7.1400       13.244525690594
           112.7200     -7.1400       13.654104046657
           112.7300     -7.1400       14.162606406482
           112.7400     -7.1400       14.779206444520
           112.7500     -7.1400       15.501489291067
           112.7600     -7.1400       16.314859194433
           112.7700     -7.1400       17.193826089105
           112.7800     -7.1400       18.105031596381
           112.7900     -7.1400       19.011611946484
           112.8000     -7.1400       19.878284834588
           112.8100     -7.1400       20.676420326188
           112.8200     -7.1400       21.388332410222
           112.8300     -7.1400       22.010113351385
           112.8400     -7.1400       22.552518206746
           112.8500     -7.1400       23.039668305852
           112.8600     -7.1400       23.505645673568
           112.8700     -7.1400       23.989354330588
           112.8800     -7.1400       24.528287152610
           112.8900     -7.1400       25.152021196087
           112.9000     -7.1400       25.876342610066
           112.9100     -7.1400       26.698860655394
           112.9200     -7.1400       27.596810952307
           112.9300     -7.1400       28.527488703396
           112.9400     -7.1400       29.431424846516
           112.9500     -7.1400       30.238063216675
           112.9600     -7.1400       30.873360659632
           112.9700     -7.1400       31.268458991148
           112.9800     -7.1400       31.368404775873
           112.9900     -7.1400       31.139844885635
           113.0000     -7.1400       30.576711803339
           112.0000     -7.1500       27.858181456172
           112.0100     -7.1500       27.328903125746
           112.0200     -7.1500       26.779323552081
           112.0300     -7.1500       26.286916314516
           112.0400     -7.1500       25.923257257239
           112.0500     -7.1500       25.744537756709
           112.0600     -7.1500       25.783854644443
           112.0700     -7.1500       26.046267692185
           112.0800     -7.1500       26.507276843925
           112.0900     -7.1500       27.114948451713
           112.1000     -7.1500       27.795465906988
           112.1100     -7.1500       28.461452555558
           112.1200     -7.1500       29.022067643882
           112.1300     -7.1500       29.393653070117
           112.1400     -7.1500       29.509637930021
           112.1500     -7.1500       29.328497953506
           112.1600     -7.1500       28.838806239130
           112.1700     -7.1500       28.060769703337
           112.1800     -7.1500       27.044077000148
           112.1900     -7.1500       25.862333955740
           112.2000     -7.1500       24.604775380623
           112.2100     -7.1500       23.366266199399
           112.2200     -7.1500       22.236800536314
           112.2300     -7.1500       21.291751651205
           112.2400     -7.1500       20.584014729700
           112.2500     -7.1500       20.138934420073
           112.2600     -7.1500       19.952552992299
           112.2700     -7.1500       19.993299325664
           112.2800     -7.1500       20.206816737222
           112.2900     -7.1500       20.523252071063
           112.3000     -7.1500       20.866045811201
           112.3100     -7.1500       21.161106970638
           112.3200     -7.1500       21.345244110646
           112.3300     -7.1500       21.372853371515
           112.3400     -7.1500       21.220116046409
           112.3500     -7.1500       20.886296954685
           112.3600     -7.1500       20.392115180481
           112.3700     -7.1500       19.775530788687
           112.3800     -7.1500       19.085607258233
           112.3900     -7.1500       18.375330274604
           112.4000     -7.1500       17.694363197585
           112.4100     -7.1500       17.082688399845
           112.4200     -7.1500       16.565929540548
           112.4300     -7.1500       16.152896448182
           112.4400     -7.1500       15.835577891660
           112.4500     -7.1500       15.591471819842
           112.4600     -7.1500       15.387832842211
           112.4700     -7.1500       15.187173453863
           112.4800     -7.1500       14.953209544480
           112.4900     -7.1500       14.656409047930
           112.5000     -7.1500       14.278386368751
           112.5100     -7.1500       13.814570009975
           112.5200     -7.1500       13.274828792364
           112.5300     -7.1500       12.682036016589
           112.5400     -7.1500       12.068839573264
           112.5500     -7.1500       11.473149628811
           112.5600     -7.1500       10.933021371118
           112.5700     -7.1500       10.481677009042
           112.5800     -7.1500       10.143371522017
           112.5900     -7.1500        9.930668196113
           112.6000     -7.1500        9.843474045839
           112.6100     -7.1500        9.869923604527
           112.6200     -7.1500        9.988930035608
           112.6300     -7.1500       10.173983482407
           112.6400     -7.1500       10.397601724434
           112.6500     -7.1500       10.635751843481
           112.6600     -7.1500       10.871575298270
           112.6700     -7.1500       11.097859868032
           112.6800     -7.1500       11.317893834359
           112.6900     -7.1500       11.544582553417
           112.7000     -7.1500       11.797969759433
           112.7100     -7.1500       12.101547573663
           112.7200     -7.1500       12.477925163474
           112.7300     -7.1500       12.944529007799
           112.7400     -7.1500       13.510012170091
           112.7500     -7.1500       14.171954201468
           112.7600     -7.1500       14.916249916440
           112.7700     -7.1500       15.718339542868
           112.7800     -7.1500       16.546159082456
           112.7900     -7.1500       17.364427028051
           112.8000     -7.1500       18.139669842486
           112.8100     -7.1500       18.845255540394
           112.8200     -7.1500       19.465673305496
           112.8300     -7.1500       19.999374463934
           112.8400     -7.1500       20.459668413362
           112.8500     -7.1500       20.873424157245
           112.8600     -7.1500       21.277630368832
           112.8700     -7.1500       21.714173826088
           112.8800     -7.1500       22.223465404061
           112.8900     -7.1500       22.837736448406
           112.9000     -7.1500       23.574917465949
           112.9100     -7.1500       24.433980224926
           112.9200     -7.1500       25.392473845294
           112.9300     -7.1500       26.406731549354
           112.9400     -7.1500       27.414897829980
           112.9500     -7.1500       28.342566637061
           112.9600     -7.1500       29.110475722465
           112.9700     -7.1500       29.643415699722
           112.9800     -7.1500       29.879323174755
           112.9900     -7.1500       29.777462199854
           113.0000     -7.1500       29.324668575630
           112.0000     -7.1600       28.536395081474
           112.0100     -7.1600       28.104138853546
           112.0200     -7.1600       27.609977032909
           112.0300     -7.1600       27.133885983049
           112.0400     -7.1600       26.753014483159
           112.0500     -7.1600       26.531268703962
           112.0600     -7.1600       26.510492950889
           112.0700     -7.1600       26.704374376262
           112.0800     -7.1600       27.095862664626
           112.0900     -7.1600       27.638457968165
           112.1000     -7.1600       28.261237315079
           112.1100     -7.1600       28.877022243350
           112.1200     -7.1600       29.392697372870
           112.1300     -7.1600       29.720420322247
           112.1400     -7.1600       29.788351323162
           112.1500     -7.1600       29.549589627149
           112.1600     -7.1600       28.988225279886
           112.1700     -7.1600       28.121770540447
           112.1800     -7.1600       26.999679916673
           112.1900     -7.1600       25.698145380037
           112.2000     -7.1600       24.311804050405
           112.2100     -7.1600       22.943363670398
           112.2200     -7.1600       21.692391652334
           112.2300     -7.1600       20.644598040321
           112.2400     -7.1600       19.862862981170
           112.2500     -7.1600       19.381027588377
           112.2600     -7.1600       19.201114676635
           112.2700     -7.1600       19.294218688288
           112.2800     -7.1600       19.604856809742
           112.2900     -7.1600       20.058161930173
           112.3000     -7.1600       20.568973268328
           112.3100     -7.1600       21.051680785707
           112.3200     -7.1600       21.429626870238
           112.3300     -7.1600       21.642966036620
           112.3400     -7.1600       21.654114261098
           112.3500     -7.1600       21.450251134662
           112.3600     -7.1600       21.042725325304
           112.3700     -7.1600       20.463605948871
           112.3800     -7.1600       19.759969152554
           112.3900     -7.1600       18.986767526327
           112.4000     -7.1600       18.199269516548
           112.4100     -7.1600       17.446062745234
           112.4200     -7.1600       16.763492682734
           112.4300     -7.1600       16.172176932735
           112.4400     -7.1600       15.675929613144
           112.4500     -7.1600       15.263092945879
           112.4600     -7.1600       14.909950118163
           112.4700     -7.1600       14.585627407305
           112.4800     -7.1600       14.257718261099
           112.4900     -7.1600       13.897798109349
           112.5000     -7.1600       13.486051132659
           112.5100     -7.1600       13.014388090036
           112.5200     -7.1600       12.487672595180
           112.5300     -7.1600       11.922956575981
           112.5400     -7.1600       11.346913408618
           112.5500     -7.1600       10.791909136870
           112.5600     -7.1600       10.291333939127
           112.5700     -7.1600        9.874903800078
           112.5800     -7.1600        9.564626025412
           112.5900     -7.1600        9.372006455733
           112.6000     -7.1600        9.296879551995
           112.6100     -7.1600        9.327994610220
           112.6200     -7.1600        9.445228687455
           112.6300     -7.1600        9.623057446340
           112.6400     -7.1600        9.834733335078
           112.6500     -7.1600       10.056522019437
           112.6600     -7.1600       10.271346341568
           112.6700     -7.1600       10.471281890460
           112.6800     -7.1600       10.658525275795
           112.6900     -7.1600       10.844689368607
           112.7000     -7.1600       11.048535014324
           112.7100     -7.1600       11.292488723598
           112.7200     -7.1600       11.598485365554
           112.7300     -7.1600       11.983785774706
           112.7400     -7.1600       12.457434398267
           112.7500     -7.1600       13.017938217819
           112.7600     -7.1600       13.652575935170
           112.7700     -7.1600       14.338509379107
           112.7800     -7.1600       15.045600445783
           112.7900     -7.1600       15.740574866491
           112.8000     -7.1600       16.391956687794
           112.8100     -7.1600       16.975056955919
           112.8200     -7.1600       17.476258926935
           112.8300     -7.1600       17.895908919221
           112.8400     -7.1600       18.249290511060
           112.8500     -7.1600       18.565409651596
           112.8600     -7.1600       18.883617098916
           112.8700     -7.1600       19.248402539005
           112.8800     -7.1600       19.702969599224
           112.8900     -7.1600       20.282403975600
           112.9000     -7.1600       21.007347991077
           112.9100     -7.1600       21.879076989390
           112.9200     -7.1600       22.876734452527
           112.9300     -7.1600       23.957238051061
           112.9400     -7.1600       25.058046873268
           112.9500     -7.1600       26.102620603398
           112.9600     -7.1600       27.008050071524
           112.9700     -7.1600       27.694041005687
           112.9800     -7.1600       28.092228653253
           112.9900     -7.1600       28.154718659433
           113.0000     -7.1600       27.860802592382
           112.0000     -7.1700       29.226275385122
           112.0100     -7.1700       28.846935246005
           112.0200     -7.1700       28.364784484272
           112.0300     -7.1700       27.862905332650
           112.0400     -7.1700       27.424799645657
           112.0500     -7.1700       27.123068637614
           112.0600     -7.1700       27.009477801513
           112.0700     -7.1700       27.107669605758
           112.0800     -7.1700       27.409454651803
           112.0900     -7.1700       27.875163266698
           112.1000     -7.1700       28.438030711391
           112.1100     -7.1700       29.012084434903
           112.1200     -7.1700       29.502564473729
           112.1300     -7.1700       29.817592783348
           112.1400     -7.1700       29.879652947554
           112.1500     -7.1700       29.635466809957
           112.1600     -7.1700       29.063054899773
           112.1700     -7.1700       28.175116889828
           112.1800     -7.1700       27.018322046689
           112.1900     -7.1700       25.668600347245
           112.2000     -7.1700       24.223009962371
           112.2100     -7.1700       22.789166115778
           112.2200     -7.1700       21.473500080004
           112.2300     -7.1700       20.369741794940
           112.2400     -7.1700       19.548972179611
           112.2500     -7.1700       19.052380284509
           112.2600     -7.1700       18.887514952907
           112.2700     -7.1700       19.028385922992
           112.2800     -7.1700       19.419300950917
           112.2900     -7.1700       19.981882333299
           112.3000     -7.1700       20.624342543689
           112.3100     -7.1700       21.251857771370
           112.3200     -7.1700       21.776786717427
           112.3300     -7.1700       22.127547321283
           112.3400     -7.1700       22.255173430954
           112.3500     -7.1700       22.136896157925
           112.3600     -7.1700       21.776486581281
           112.3700     -7.1700       21.201505837085
           112.3800     -7.1700       20.457982988043
           112.3900     -7.1700       19.603334028168
           112.4000     -7.1700       18.698512461251
           112.4100     -7.1700       17.800424687068
           112.4200     -7.1700       16.955551538463
           112.4300     -7.1700       16.195507905253
           112.4400     -7.1700       15.534977442480
           112.4500     -7.1700       14.972121060649
           112.4600     -7.1700       14.491222720718
           112.4700     -7.1700       14.067048516321
           112.4800     -7.1700       13.670191775957
           112.4900     -7.1700       13.272582075930
           112.5000     -7.1700       12.852358308865
           112.5100     -7.1700       12.397437814987
           112.5200     -7.1700       11.907332844807
           112.5300     -7.1700       11.393038766519
           112.5400     -7.1700       10.875105512511
           112.5500     -7.1700       10.380264045875
           112.5600     -7.1700        9.937177240313
           112.5700     -7.1700        9.571993334807
           112.5800     -7.1700        9.304387011079
           112.5900     -7.1700        9.144679795397
           112.6000     -7.1700        9.092453726101
           112.6100     -7.1700        9.136837574399
           112.6200     -7.1700        9.258388512615
           112.6300     -7.1700        9.432251702824
           112.6400     -7.1700        9.632090726490
           112.6500     -7.1700        9.834170255143
           112.6600     -7.1700       10.020954511832
           112.6700     -7.1700       10.183662874157
           112.6800     -7.1700       10.323385542152
           112.6900     -7.1700       10.450583553018
           112.7000     -7.1700       10.583045933853
           112.7100     -7.1700       10.742615824350
           112.7200     -7.1700       10.951191599731
           112.7300     -7.1700       11.226629307235
           112.7400     -7.1700       11.579200505051
           112.7500     -7.1700       12.009189469083
           112.7600     -7.1700       12.506054394199
           112.7700     -7.1700       13.049350325148
           112.7800     -7.1700       13.611348822495
           112.7900     -7.1700       14.161028207229
           112.8000     -7.1700       14.668886533113
           112.8100     -7.1700       15.111880275319
           112.8200     -7.1700       15.477738615275
           112.8300     -7.1700       15.767956660925
           112.8400     -7.1700       15.998926779896
           112.8500     -7.1700       16.200906846987
           112.8600     -7.1700       16.414816900621
           112.8700     -7.1700       16.687162602312
           112.8800     -7.1700       17.063663139135
           112.8900     -7.1700       17.582373581808
           112.9000     -7.1700       18.267206002340
           112.9100     -7.1700       19.122751046598
           112.9200     -7.1700       20.131178501733
           112.9300     -7.1700       21.251764021629
           112.9400     -7.1700       22.423276555293
           112.9500     -7.1700       23.569105517023
           112.9600     -7.1700       24.604653239775
           112.9700     -7.1700       25.446212436676
           112.9800     -7.1700       26.020330771271
           112.9900     -7.1700       26.272565201540
           113.0000     -7.1700       26.174562964468
           112.0000     -7.1800       29.807190404461
           112.0100     -7.1800       29.433829716577
           112.0200     -7.1800       28.919972632606
           112.0300     -7.1800       28.352297191298
           112.0400     -7.1800       27.821200762643
           112.0500     -7.1800       27.408626067964
           112.0600     -7.1800       27.177037816481
           112.0700     -7.1800       27.160940411373
           112.0800     -7.1800       27.362004244800
           112.0900     -7.1800       27.748412554293
           112.1000     -7.1800       28.258510403433
           112.1100     -7.1800       28.808298949448
           112.1200     -7.1800       29.301839254953
           112.1300     -7.1800       29.643270062367
           112.1400     -7.1800       29.748947373397
           112.1500     -7.1800       29.558203724717
           112.1600     -7.1800       29.041401487183
           112.1700     -7.1800       28.204293747032
           112.1800     -7.1800       27.088164609405
           112.1900     -7.1800       25.765739924378
           112.2000     -7.1800       24.333374359950
           112.2100     -7.1800       22.900467659930
           112.2200     -7.1800       21.577387400750
           112.2300     -7.1800       20.463339241096
           112.2400     -7.1800       19.635610845030
           112.2500     -7.1800       19.141427225147
           112.2600     -7.1800       18.993319656839
           112.2700     -7.1800       19.168471899379
           112.2800     -7.1800       19.612022534912
           112.2900     -7.1800       20.243831751785
           112.3000     -7.1800       20.967822654724
           112.3100     -7.1800       21.682728595939
           112.3200     -7.1800       22.292950343748
           112.3300     -7.1800       22.718261643524
           112.3400     -7.1800       22.901289642734
           112.3500     -7.1800       22.812009452820
           112.3600     -7.1800       22.448886547231
           112.3700     -7.1800       21.836724444015
           112.3800     -7.1800       21.021673790159
           112.3900     -7.1800       20.064183097525
           112.4000     -7.1800       19.030882697371
           112.4100     -7.1800       17.986469501719
           112.4200     -7.1800       16.986596648175
           112.4300     -7.1800       16.072583068262
           112.4400     -7.1800       15.268473319172
           112.4500     -7.1800       14.580638963088
           112.4600     -7.1800       13.999766320822
           112.4700     -7.1800       13.504767777772
           112.4800     -7.1800       13.067924328695
           112.4900     -7.1800       12.660443158723
           112.5000     -7.1800       12.257608001875
           112.5100     -7.1800       11.842807626214
           112.5200     -7.1800       11.409929558856
           112.5300     -7.1800       10.963870342663
           112.5400     -7.1800       10.519200927021
           112.5500     -7.1800       10.097295017568
           112.5600     -7.1800        9.722441926182
           112.5700     -7.1800        9.417595142777
           112.5800     -7.1800        9.200437602845
           112.5900     -7.1800        9.080373122890
           112.6000     -7.1800        9.056893825551
           112.6100     -7.1800        9.119550978225
           112.6200     -7.1800        9.249505402089
           112.6300     -7.1800        9.422390885626
           112.6400     -7.1800        9.612025437065
           112.6500     -7.1800        9.794379437000
           112.6600     -7.1800        9.951174613590
           112.6700     -7.1800       10.072547731774
           112.6800     -7.1800       10.158358561562
           112.6900     -7.1800       10.217931216062
           112.7000     -7.1800       10.268260204544
           112.7100     -7.1800       10.330951617262
           112.7200     -7.1800       10.428370196196
           112.7300     -7.1800       10.579594559659
           112.7400     -7.1800       10.796825242980
           112.7500     -7.1800       11.082835952806
           112.7600     -7.1800       11.429913900178
           112.7700     -7.1800       11.820519816058
           112.7800     -7.1800       12.229642310711
           112.7900     -7.1800       12.628561037325
           112.8000     -7.1800       12.989506388006
           112.8100     -7.1800       13.290543916868
           112.8200     -7.1800       13.519944275100
           112.8300     -7.1800       13.679336633955
           112.8400     -7.1800       13.785083426506
           112.8500     -7.1800       13.867540404318
           112.8600     -7.1800       13.968149691450
           112.8700     -7.1800       14.134617215449
           112.8800     -7.1800       14.414708337472
           112.8900     -7.1800       14.849417220139
           112.9000     -7.1800       15.466394181668
           112.9100     -7.1800       16.274530408351
           112.9200     -7.1800       17.260495060035
           112.9300     -7.1800       18.387805920983
           112.9400     -7.1800       19.598716019755
           112.9500     -7.1800       20.818851561153
           112.9600     -7.1800       21.964184782745
           112.9700     -7.1800       22.949614268356
           112.9800     -7.1800       23.698195836290
           112.9900     -7.1800       24.149950690264
           113.0000     -7.1800       24.269191504239
           112.0000     -7.1900       30.183556089558
           112.0100     -7.1900       29.770616658048
           112.0200     -7.1900       29.184698661356
           112.0300     -7.1900       28.516370399316
           112.0400     -7.1900       27.863152796363
           112.0500     -7.1900       27.316572468064
           112.0600     -7.1900       26.950113295037
           112.0700     -7.1900       26.809574682391
           112.0800     -7.1900       26.907034253608
           112.0900     -7.1900       27.219154701338
           112.1000     -7.1900       27.690027188856
           112.1100     -7.1900       28.238176143819
           112.1200     -7.1900       28.766833586841
           112.1300     -7.1900       29.176189396055
           112.1400     -7.1900       29.376086252197
           112.1500     -7.1900       29.297582542925
           112.1600     -7.1900       28.901956995542
           112.1700     -7.1900       28.186054464714
           112.1800     -7.1900       27.183330676424
           112.1900     -7.1900       25.960486308646
           112.2000     -7.1900       24.610120555219
           112.2100     -7.1900       23.240314283761
           112.2200     -7.1900       21.962414518553
           112.2300     -7.1900       20.878492384511
           112.2400     -7.1900       20.069963779164
           112.2500     -7.1900       19.588697072637
           112.2600     -7.1900       19.451608929665
           112.2700     -7.1900       19.639311027595
           112.2800     -7.1900       20.098873605957
           112.2900     -7.1900       20.750279097153
           112.3000     -7.1900       21.495711276649
           112.3100     -7.1900       22.230513593987
           112.3200     -7.1900       22.854489957630
           112.3300     -7.1900       23.282227703206
           112.3400     -7.1900       23.451289868313
           112.3500     -7.1900       23.327426250196
           112.3600     -7.1900       22.906347823171
           112.3700     -7.1900       22.212044313263
           112.3800     -7.1900       21.292044039628
           112.3900     -7.1900       20.210366378463
           112.4000     -7.1900       19.039158681287
           112.4100     -7.1900       17.850114990007
           112.4200     -7.1900       16.706735652912
           112.4300     -7.1900       15.658316018036
           112.4400     -7.1900       14.736276619833
           112.4500     -7.1900       13.953107151819
           112.4600     -7.1900       13.303839388900
           112.4700     -7.1900       12.769637863774
           112.4800     -7.1900       12.322843365332
           112.4900     -7.1900       11.932653772050
           112.5000     -7.1900       11.570594911308
           112.5100     -7.1900       11.215019991159
           112.5200     -7.1900       10.854062700433
           112.5300     -7.1900       10.486726212089
           112.5400     -7.1900       10.122079339780
           112.5500     -7.1900        9.776810228014
           112.5600     -7.1900        9.471618230297
           112.5700     -7.1900        9.227075174770
           112.5800     -7.1900        9.059639326849
           112.5900     -7.1900        8.978454791768
           112.6000     -7.1900        8.983426320096
           112.6100     -7.1900        9.064847850408
           112.6200     -7.1900        9.204615339374
           112.6300     -7.1900        9.378807703459
           112.6400     -7.1900        9.561210394855
           112.6500     -7.1900        9.727214611285
           112.6600     -7.1900        9.857471482239
           112.6700     -7.1900        9.940721853406
           112.6800     -7.1900        9.975351669271
           112.6900     -7.1900        9.969420774946
           112.7000     -7.1900        9.939149640901
           112.7100     -7.1900        9.906088836152
           112.7200     -7.1900        9.893404242735
           112.7300     -7.1900        9.921855791732
           112.7400     -7.1900       10.006106743304
           112.7500     -7.1900       10.151964341284
           112.7600     -7.1900       10.355024923324
           112.7700     -7.1900       10.600994455837
           112.7800     -7.1900       10.867707176619
           112.7900     -7.1900       11.128605860108
           112.8000     -7.1900       11.357214652244
           112.8100     -7.1900       11.531963857338
           112.8200     -7.1900       11.640641932590
           112.8300     -7.1900       11.683767886257
           112.8400     -7.1900       11.676297864229
           112.8500     -7.1900       11.647289151771
           112.8600     -7.1900       11.637416589943
           112.8700     -7.1900       11.694534679294
           112.8800     -7.1900       11.867763021283
           112.8900     -7.1900       12.200803701583
           112.9000     -7.1900       12.725343480764
           112.9100     -7.1900       13.455428846421
           112.9200     -7.1900       14.383619828600
           112.9300     -7.1900       15.479536212519
           112.9400     -7.1900       16.691129442714
           112.9500     -7.1900       17.948679306857
           112.9600     -7.1900       19.171168479246
           112.9700     -7.1900       20.274374709756
           112.9800     -7.1900       21.179781046538
           112.9900     -7.1900       21.823271398317
           113.0000     -7.1900       22.162571298248
           112.0000     -7.2000       30.290532591891
           112.0100     -7.2000       29.798174937886
           112.0200     -7.2000       29.106874229758
           112.0300     -7.2000       28.311110392773
           112.0400     -7.2000       27.515376754877
           112.0500     -7.2000       26.820569789130
           112.0600     -7.2000       26.311014547754
           112.0700     -7.2000       26.043738154854
           112.0800     -7.2000       26.041309044923
           112.0900     -7.2000       26.289103582874
           112.1000     -7.2000       26.737302605342
           112.1100     -7.2000       27.307328977895
           112.1200     -7.2000       27.901887532766
           112.1300     -7.2000       28.417328828254
           112.1400     -7.2000       28.756781682839
           112.1500     -7.2000       28.842418970628
           112.1600     -7.2000       28.625344418102
           112.1700     -7.2000       28.091897260033
           112.1800     -7.2000       27.265625755018
           112.1900     -7.2000       26.204721339622
           112.2000     -7.2000       24.995264253205
           112.2100     -7.2000       23.741139185636
           112.2200     -7.2000       22.551873792315
           112.2300     -7.2000       21.529886874644
           112.2400     -7.2000       20.758680548581
           112.2500     -7.2000       20.293369457224
           112.2600     -7.2000       20.154631253254
           112.2700     -7.2000       20.326727881330
           112.2800     -7.2000       20.759743145080
           112.2900     -7.2000       21.375672563659
           112.3000     -7.2000       22.077549716136
           112.3100     -7.2000       22.760453503112
           112.3200     -7.2000       23.323051991054
           112.3300     -7.2000       23.678319767432
           112.3400     -7.2000       23.762214193901
           112.3500     -7.2000       23.539387844402
           112.3600     -7.2000       23.005408649961
           112.3700     -7.2000       22.185403094648
           112.3800     -7.2000       21.129473882665
           112.3900     -7.2000       19.905617362679
           112.4000     -7.2000       18.591132954343
           112.4100     -7.2000       17.263647383331
           112.4200     -7.2000       15.992859737149
           112.4300     -7.2000       14.833957604917
           112.4400     -7.2000       13.823385899962
           112.4500     -7.2000       12.977308092479
           112.4600     -7.2000       12.292732228969
           112.4700     -7.2000       11.750930497948
           112.4800     -7.2000       11.322505374049
           112.4900     -7.2000       10.973280956572
           112.5000     -7.2000       10.670143615382
           112.5100     -7.2000       10.386023258984
           112.5200     -7.2000       10.103380748151
           112.5300     -7.2000        9.815819531562
           112.5400     -7.2000        9.527732191223
           112.5500     -7.2000        9.252182868260
           112.5600     -7.2000        9.007473938913
           112.5700     -7.2000        8.813016629776
           112.5800     -7.2000        8.685199039425
           112.5900     -7.2000        8.633914203366
           112.6000     -7.2000        8.660283333538
           112.6100     -7.2000        8.755906634375
           112.6200     -7.2000        8.903727785455
           112.6300     -7.2000        9.080345431886
           112.6400     -7.2000        9.259383122456
           112.6500     -7.2000        9.415370210437
           112.6600     -7.2000        9.527512762071
           112.6700     -7.2000        9.582755265794
           112.6800     -7.2000        9.577646702374
           112.6900     -7.2000        9.518710904759
           112.7000     -7.2000        9.421253071775
           112.7100     -7.2000        9.306777231646
           112.7200     -7.2000        9.199407258858
           112.7300     -7.2000        9.121864240862
           112.7400     -7.2000        9.091631365960
           112.7500     -7.2000        9.117921623007
           112.7600     -7.2000        9.199954617140
           112.7700     -7.2000        9.326861357899
           112.7800     -7.2000        9.479296113322
           112.7900     -7.2000        9.632576376514
           112.8000     -7.2000        9.760932828429
           112.8100     -7.2000        9.842265991922
           112.8200     -7.2000        9.862703099622
           112.8300     -7.2000        9.820244504510
           112.8400     -7.2000        9.726887098343
           112.8500     -7.2000        9.608801733744
           112.8600     -7.2000        9.504398638113
           112.8700     -7.2000        9.460405421854
           112.8800     -7.2000        9.526367261444
           112.8900     -7.2000        9.748218783154
           112.9000     -7.2000       10.161737919919
           112.9100     -7.2000       10.786749354956
           112.9200     -7.2000       11.622888293813
           112.9300     -7.2000       12.647568500029
           112.9400     -7.2000       13.816540832334
           112.9500     -7.2000       15.067111449189
           112.9600     -7.2000       16.323752405799
           112.9700     -7.2000       17.505524898376
           112.9800     -7.2000       18.534487934036
           112.9900     -7.2000       19.344116015799
           113.0000     -7.2000       19.886719654555
           112.0000     -7.2100       30.096022222997
           112.0100     -7.2100       29.494137618782
           112.0200     -7.2100       28.674453998726
           112.0300     -7.2100       27.735047118258
           112.0400     -7.2100       26.786806540354
           112.0500     -7.2100       25.939298893312
           112.0600     -7.2100       25.287000242901
           112.0700     -7.2100       24.897597513204
           112.0800     -7.2100       24.803782829315
           112.0900     -7.2100       24.999515006536
           112.1000     -7.2100       25.441157019528
           112.1100     -7.2100       26.053288833850
           112.1200     -7.2100       26.738417850615
           112.1300     -7.2100       27.389335840838
           112.1400     -7.2100       27.902559224565
           112.1500     -7.2100       28.191175575765
           112.1600     -7.2100       28.195514770617
           112.1700     -7.2100       27.890353376261
           112.1800     -7.2100       27.287806735841
           112.1900     -7.2100       26.435606926724
           112.2000     -7.2100       25.411037223956
           112.2100     -7.2100       24.311323306019
           112.2200     -7.2100       23.241703182328
           112.2300     -7.2100       22.302661310664
           112.2400     -7.2100       21.577887909746
           112.2500     -7.2100       21.124406402158
           112.2600     -7.2100       20.966018886106
           112.2700     -7.2100       21.090791642709
           112.2800     -7.2100       21.452796035332
           112.2900     -7.2100       21.977799428622
           112.3000     -7.2100       22.572130872836
           112.3100     -7.2100       23.133584242710
           112.3200     -7.2100       23.563009315047
           112.3300     -7.2100       23.775201041499
           112.3400     -7.2100       23.707828947095
           112.3500     -7.2100       23.327430467074
           112.3600     -7.2100       22.631884141209
           112.3700     -7.2100       21.649228227886
           112.3800     -7.2100       20.433139156141
           112.3900     -7.2100       19.055775953509
           112.4000     -7.2100       17.598984149451
           112.4100     -7.2100       16.145003347832
           112.4200     -7.2100       14.767822985592
           112.4300     -7.2100       13.526186839284
           112.4400     -7.2100       12.458983068346
           112.4500     -7.2100       11.583412055224
           112.4600     -7.2100       10.895947106141
           112.4700     -7.2100       10.375743737232
           112.4800     -7.2100        9.989858031233
           112.4900     -7.2100        9.699439413344
           112.5000     -7.2100        9.465989500002
           112.5100     -7.2100        9.256830746981
           112.5200     -7.2100        9.049093764514
           112.5300     -7.2100        8.831782919657
           112.5400     -7.2100        8.605778177754
           112.5500     -7.2100        8.381933929871
           112.5600     -7.2100        8.177700639505
           112.5700     -7.2100        8.012887029106
           112.5800     -7.2100        7.905275080657
           112.5900     -7.2100        7.866787572589
           112.6000     -7.2100        7.900793765929
           112.6100     -7.2100        8.000942884256
           112.6200     -7.2100        8.151667952707
           112.6300     -7.2100        8.330241603856
           112.6400     -7.2100        8.510028966040
           112.6500     -7.2100        8.664404748718
           112.6600     -7.2100        8.770707102652
           112.6700     -7.2100        8.813602293056
           112.6800     -7.2100        8.787330170564
           112.6900     -7.2100        8.696475698125
           112.7000     -7.2100        8.555139887277
           112.7100     -7.2100        8.384630444133
           112.7200     -7.2100        8.210021684712
           112.7300     -7.2100        8.056110968685
           112.7400     -7.2100        7.943398619026
           112.7500     -7.2100        7.884724875516
           112.7600     -7.2100        7.883109103839
           112.7700     -7.2100        7.931165157286
           112.7800     -7.2100        8.012236408499
           112.7900     -7.2100        8.103137182829
           112.8000     -7.2100        8.178140926871
           112.8100     -7.2100        8.213655219710
           112.8200     -7.2100        8.192899414192
           112.8300     -7.2100        8.109871735207
           112.8400     -7.2100        7.971965404962
           112.8500     -7.2100        7.800760004981
           112.8600     -7.2100        7.630753769535
           112.8700     -7.2100        7.506083272480
           112.8800     -7.2100        7.475561146650
           112.8900     -7.2100        7.586610982929
           112.9000     -7.2100        7.878856427802
           112.9100     -7.2100        8.378202693149
           112.9200     -7.2100        9.092219749073
           112.9300     -7.2100       10.007498504869
           112.9400     -7.2100       11.089420039171
           112.9500     -7.2100       12.284481887176
           112.9600     -7.2100       13.525002102180
           112.9700     -7.2100       14.735713081053
           112.9800     -7.2100       15.841503537314
           112.9900     -7.2100       16.775402472380
           113.0000     -7.2100       17.485846354475
           112.0000     -7.2200       29.599182485037
           112.0100     -7.2200       28.870623282315
           112.0200     -7.2200       27.912414469627
           112.0300     -7.2200       26.825532598553
           112.0400     -7.2200       25.726241728100
           112.0500     -7.2200       24.731591247821
           112.0600     -7.2200       23.945019262614
           112.0700     -7.2200       23.443829777217
           112.0800     -7.2200       23.270056886262
           112.0900     -7.2200       23.425790209927
           112.1000     -7.2200       23.873469775305
           112.1100     -7.2200       24.541037447612
           112.1200     -7.2200       25.331233831682
           112.1300     -7.2200       26.133828359849
           112.1400     -7.2200       26.839226990476
           112.1500     -7.2200       27.351756895111
           112.1600     -7.2200       27.600995680110
           112.1700     -7.2200       27.549782165756
           112.1800     -7.2200       27.197979657164
           112.1900     -7.2200       26.581604161785
           112.2000     -7.2200       25.767509823397
           112.2100     -7.2200       24.844369063163
           112.2200     -7.2200       23.911128303862
           112.2300     -7.2200       23.064408462291
           112.2400     -7.2200       22.386419823714
           112.2500     -7.2200       21.934864835330
           112.2600     -7.2200       21.736025937126
           112.2700     -7.2200       21.781817206675
           112.2800     -7.2200       22.031073697638
           112.2900     -7.2200       22.414825871117
           112.3000     -7.2200       22.844824616477
           112.3100     -7.2200       23.224204000924
           112.3200     -7.2200       23.458938556666
           112.3300     -7.2200       23.468694324769
           112.3400     -7.2200       23.195790325133
           112.3500     -7.2200       22.611259772042
           112.3600     -7.2200       21.717389320732
           112.3700     -7.2200       20.546567440965
           112.3800     -7.2200       19.156730670412
           112.3900     -7.2200       17.624101197731
           112.4000     -7.2200       16.034211714688
           112.4100     -7.2200       14.472379138621
           112.4200     -7.2200       13.014801666948
           112.4300     -7.2200       11.721317854679
           112.4400     -7.2200       10.630605160734
           112.4500     -7.2200        9.758247241501
           112.4600     -7.2200        9.097712628195
           112.4700     -7.2200        8.623914016587
           112.4800     -7.2200        8.298705317611
           112.4900     -7.2200        8.077461142519
           112.5000     -7.2200        7.915794256563
           112.5100     -7.2200        7.775507242220
           112.5200     -7.2200        7.629034149816
           112.5300     -7.2200        7.461879766566
           112.5400     -7.2200        7.272870339785
           112.5500     -7.2200        7.072346196801
           112.5600     -7.2200        6.878709900798
           112.5700     -7.2200        6.713955633708
           112.5800     -7.2200        6.598919705553
           112.5900     -7.2200        6.548996128982
           112.6000     -7.2200        6.570958407356
           112.6100     -7.2200        6.661337192968
           112.6200     -7.2200        6.806553311104
           112.6300     -7.2200        6.984734295099
           112.6400     -7.2200        7.168889575545
           112.6500     -7.2200        7.330920844646
           112.6600     -7.2200        7.445827420354
           112.6700     -7.2200        7.495447016813
           112.6800     -7.2200        7.471151386795
           112.6900     -7.2200        7.375080929409
           112.7000     -7.2200        7.219727545031
           112.7100     -7.2200        7.025927336995
           112.7200     -7.2200        6.819567161254
           112.7300     -7.2200        6.627506123694
           112.7400     -7.2200        6.473336186945
           112.7500     -7.2200        6.373637027102
           112.7600     -7.2200        6.335314331134
           112.7700     -7.2200        6.354456866442
           112.7800     -7.2200        6.416927490226
           112.7900     -7.2200        6.500647960886
           112.8000     -7.2200        6.579283327771
           112.8100     -7.2200        6.626815285128
           112.8200     -7.2200        6.622346666478
           112.8300     -7.2200        6.554423295025
           112.8400     -7.2200        6.424204208657
           112.8500     -7.2200        6.246952390105
           112.8600     -7.2200        6.051537630505
           112.8700     -7.2200        5.877912000246
           112.8800     -7.2200        5.772800332228
           112.8900     -7.2200        5.784104552198
           112.9000     -7.2200        5.954715954378
           112.9100     -7.2200        6.316535762679
           112.9200     -7.2200        6.885505349113
           112.9300     -7.2200        7.658341090296
           112.9400     -7.2200        8.611467234726
           112.9500     -7.2200        9.702368456220
           112.9600     -7.2200       10.873276798279
           112.9700     -7.2200       12.056805418416
           112.9800     -7.2200       13.182883739764
           112.9900     -7.2200       14.186169713131
           113.0000     -7.2200       15.013039288105
           112.0000     -7.2300       28.826019918766
           112.0100     -7.2300       27.968653434383
           112.0200     -7.2300       26.876097467308
           112.0300     -7.2300       25.651142017486
           112.0400     -7.2300       24.413967827440
           112.0500     -7.2300       23.287459695112
           112.0600     -7.2300       22.382371223501
           112.0700     -7.2300       21.784156193559
           112.0800     -7.2300       21.543049627461
           112.0900     -7.2300       21.668557342353
           112.1000     -7.2300       22.128951775457
           112.1100     -7.2300       22.855745785259
           112.1200     -7.2300       23.752503796558
           112.1300     -7.2300       24.706826978530
           112.1400     -7.2300       25.603979690342
           112.1500     -7.2300       26.340451614924
           112.1600     -7.2300       26.835791957170
           112.1700     -7.2300       27.041299767573
           112.1800     -7.2300       26.944573232819
           112.1900     -7.2300       26.569455203512
           112.2000     -7.2300       25.971493373783
           112.2100     -7.2300       25.229587880284
           112.2200     -7.2300       24.434957904647
           112.2300     -7.2300       23.678866733034
           112.2400     -7.2300       23.040666304754
           112.2500     -7.2300       22.577646359438
           112.2600     -7.2300       22.317913728211
           112.2700     -7.2300       22.257120776023
           112.2800     -7.2300       22.359362854449
           112.2900     -7.2300       22.562037673518
           112.3000     -7.2300       22.783971563030
           112.3100     -7.2300       22.935728981262
           112.3200     -7.2300       22.930778648799
           112.3300     -7.2300       22.696119086729
           112.3400     -7.2300       22.181072378373
           112.3500     -7.2300       21.363219422185
           112.3600     -7.2300       20.250834966281
           112.3700     -7.2300       18.881634198296
           112.3800     -7.2300       17.318105242430
           112.3900     -7.2300       15.640114761268
           112.4000     -7.2300       13.935786209878
           112.4100     -7.2300       12.291825744360
           112.4200     -7.2300       10.784491593896
           112.4300     -7.2300        9.472271522335
           112.4400     -7.2300        8.391071970849
           112.4500     -7.2300        7.552369773900
           112.4600     -7.2300        6.944381779875
           112.4700     -7.2300        6.535922036369
           112.4800     -7.2300        6.282290111406
           112.4900     -7.2300        6.132307835760
           112.5000     -7.2300        6.035521019612
           112.5100     -7.2300        5.948615847357
           112.5200     -7.2300        5.840257020948
           112.5300     -7.2300        5.693810469042
           112.5400     -7.2300        5.507729487045
           112.5500     -7.2300        5.293714649327
           112.5600     -7.2300        5.073059288231
           112.5700     -7.2300        4.871823865770
           112.5800     -7.2300        4.715615051933
           112.5900     -7.2300        4.624764071266
           112.6000     -7.2300        4.610605217520
           112.6100     -7.2300        4.673366121358
           112.6200     -7.2300        4.801925885001
           112.6300     -7.2300        4.975413447122
           112.6400     -7.2300        5.166347358507
           112.6500     -7.2300        5.344797647993
           112.6600     -7.2300        5.482910799480
           112.6700     -7.2300        5.559098227851
           112.6800     -7.2300        5.561250929431
           112.6900     -7.2300        5.488497500085
           112.7000     -7.2300        5.351245901600
           112.7100     -7.2300        5.169508258927
           112.7200     -7.2300        4.969764962456
           112.7300     -7.2300        4.780842453090
           112.7400     -7.2300        4.629427121935
           112.7500     -7.2300        4.535894727873
           112.7600     -7.2300        4.511092593379
           112.7700     -7.2300        4.554576599256
           112.7800     -7.2300        4.654595826386
           112.7900     -7.2300        4.789864179316
           112.8000     -7.2300        4.932896343869
           112.8100     -7.2300        5.054452128423
           112.8200     -7.2300        5.128461879584
           112.8300     -7.2300        5.136721005196
           112.8400     -7.2300        5.072656489844
           112.8500     -7.2300        4.943581709546
           112.8600     -7.2300        4.771053238945
           112.8700     -7.2300        4.589198383440
           112.8800     -7.2300        4.441160399412
           112.8900     -7.2300        4.374071853211
           112.9000     -7.2300        4.433179063977
           112.9100     -7.2300        4.655872453256
           112.9200     -7.2300        5.066409942841
           112.9300     -7.2300        5.672047663270
           112.9400     -7.2300        6.461122656907
           112.9500     -7.2300        7.403387549382
           112.9600     -7.2300        8.452609131304
           112.9700     -7.2300        9.551149278995
           112.9800     -7.2300       10.635986494473
           112.9900     -7.2300       11.645444230858
           113.0000     -7.2300       12.525793956366
           112.0000     -7.2400       27.822883833470
           112.0100     -7.2400       26.850180856094
           112.0200     -7.2400       25.641932235608
           112.0300     -7.2400       24.301282486893
           112.0400     -7.2400       22.950477372412
           112.0500     -7.2400       21.716187918469
           112.0600     -7.2400       20.714447019637
           112.0700     -7.2400       20.037037955071
           112.0800     -7.2400       19.740966242196
           112.0900     -7.2400       19.842240331501
           112.1000     -7.2400       20.314636189076
           112.1100     -7.2400       21.093496545650
           112.1200     -7.2400       22.083996358462
           112.1300     -7.2400       23.172768789998
           112.1400     -7.2400       24.241396190216
           112.1500     -7.2400       25.180074052236
           112.1600     -7.2400       25.899773566436
           112.1700     -7.2400       26.341453880045
           112.1800     -7.2400       26.481276182012
           112.1900     -7.2400       26.331294548386
           112.2000     -7.2400       25.935675097362
           112.2100     -7.2400       25.363051972557
           112.2200     -7.2400       24.696096490418
           112.2300     -7.2400       24.019697586850
           112.2400     -7.2400       23.409290201611
           112.2500     -7.2400       22.920810089464
           112.2600     -7.2400       22.583510519673
           112.2700     -7.2400       22.396483322744
           112.2800     -7.2400       22.329236887424
           112.2900     -7.2400       22.326161211709
           112.3000     -7.2400       22.314221867909
           112.3100     -7.2400       22.212831770186
           112.3200     -7.2400       21.944599425442
           112.3300     -7.2400       21.445573121607
           112.3400     -7.2400       20.673698039220
           112.3500     -7.2400       19.614460681227
           112.3600     -7.2400       18.283075451467
           112.3700     -7.2400       16.723020046700
           112.3800     -7.2400       15.001190129146
           112.3900     -7.2400       13.200360101011
           112.4000     -7.2400       11.409953943543
           112.4100     -7.2400        9.716310365030
           112.4200     -7.2400        8.193650889382
           112.4300     -7.2400        6.896829562502
           112.4400     -7.2400        5.856680058674
           112.4500     -7.2400        5.078418087880
           112.4600     -7.2400        4.543153276040
           112.4700     -7.2400        4.212168747423
           112.4800     -7.2400        4.033289500199
           112.4900     -7.2400        3.948424144719
           112.5000     -7.2400        3.901256058060
           112.5100     -7.2400        3.844089267134
           112.5200     -7.2400        3.743012760616
           112.5300     -7.2400        3.580809035992
           112.5400     -7.2400        3.357360160038
           112.5500     -7.2400        3.087651606160
           112.5600     -7.2400        2.797793578618
           112.5700     -7.2400        2.519729498269
           112.5800     -7.2400        2.285450441906
           112.5900     -7.2400        2.121565741307
           112.6000     -7.2400        2.044993200051
           112.6100     -7.2400        2.060343065085
           112.6200     -7.2400        2.159307127379
           112.6300     -7.2400        2.322066521907
           112.6400     -7.2400        2.520441185492
           112.6500     -7.2400        2.722260739172
           112.6600     -7.2400        2.896273556789
           112.6700     -7.2400        3.016848940562
           112.6800     -7.2400        3.067773183808
           112.6900     -7.2400        3.044585324696
           112.7000     -7.2400        2.955120409584
           112.7100     -7.2400        2.818194553474
           112.7200     -7.2400        2.660638753437
           112.7300     -7.2400        2.513128664156
           112.7400     -7.2400        2.405431748290
           112.7500     -7.2400        2.361777302042
           112.7600     -7.2400        2.397037555864
           112.7700     -7.2400        2.514292319525
           112.7800     -7.2400        2.704152138241
           112.7900     -7.2400        2.945963610677
           112.8000     -7.2400        3.210750716453
           112.8100     -7.2400        3.465495494168
           112.8200     -7.2400        3.678165228737
           112.8300     -7.2400        3.822778914428
           112.8400     -7.2400        3.883789314787
           112.8500     -7.2400        3.859141107134
           112.8600     -7.2400        3.761539213561
           112.8700     -7.2400        3.617701038515
           112.8800     -7.2400        3.465639446420
           112.8900     -7.2400        3.350292781864
           112.9000     -7.2400        3.318047342443
           112.9100     -7.2400        3.410855147864
           112.9200     -7.2400        3.660713939858
           112.9300     -7.2400        4.085238002793
           112.9400     -7.2400        4.684912321740
           112.9500     -7.2400        5.442406667130
           112.9600     -7.2400        6.324059048536
           112.9700     -7.2400        7.283355160113
           112.9800     -7.2400        8.265969635373
           112.9900     -7.2400        9.215730913638
           113.0000     -7.2400       10.080751505205
           112.0000     -7.2500       26.648810354183
           112.0100     -7.2500       25.588824324635
           112.0200     -7.2500       24.296754170726
           112.0300     -7.2500       22.874324714922
           112.0400     -7.2500       21.443676185466
           112.0500     -7.2500       20.132901790551
           112.0600     -7.2500       19.060979480138
           112.0700     -7.2500       18.323937783402
           112.0800     -7.2500       17.983912636980
           112.0900     -7.2500       18.062367727261
           112.1000     -7.2500       18.538216243709
           112.1100     -7.2500       19.350966209804
           112.1200     -7.2500       20.408392845577
           112.1300     -7.2500       21.597696874679
           112.1400     -7.2500       22.798703822387
           112.1500     -7.2500       23.897443817050
           112.1600     -7.2500       24.798447341252
           112.1700     -7.2500       25.434295901602
           112.1800     -7.2500       25.771347776170
           112.1900     -7.2500       25.811066142956
           112.2000     -7.2500       25.586943427632
           112.2100     -7.2500       25.157568920814
           112.2200     -7.2500       24.596857072719
           112.2300     -7.2500       23.982783781078
           112.2400     -7.2500       23.386128867956
           112.2500     -7.2500       22.860679756784
           112.2600     -7.2500       22.436124061377
           112.2700     -7.2500       22.114480546241
           112.2800     -7.2500       21.870440386945
           112.2900     -7.2500       21.655477061842
           112.3000     -7.2500       21.405099976248
           112.3100     -7.2500       21.048235151570
           112.3200     -7.2500       20.517464050932
           112.3300     -7.2500       19.758767979276
           112.3400     -7.2500       18.739517352087
           112.3500     -7.2500       17.453696674578
           112.3600     -7.2500       15.923731374992
           112.3700     -7.2500       14.198730673428
           112.3800     -7.2500       12.349422240633
           112.3900     -7.2500       10.460469932479
           112.4000     -7.2500        8.621183111498
           112.4100     -7.2500        6.915806616080
           112.4200     -7.2500        5.414604472917
           112.4300     -7.2500        4.166818804558
           112.4400     -7.2500        3.196318983036
           112.4500     -7.2500        2.500392750030
           112.4600     -7.2500        2.051720190467
           112.4700     -7.2500        1.803167438888
           112.4800     -7.2500        1.694691863286
           112.4900     -7.2500        1.661407247914
           112.5000     -7.2500        1.641744819673
           112.5100     -7.2500        1.584674672149
           112.5200     -7.2500        1.455114301361
           112.5300     -7.2500        1.236921368585
           112.5400     -7.2500        0.933207705428
           112.5500     -7.2500        0.564074132232
           112.5600     -7.2500        0.162202310374
           112.5700     -7.2500       -0.232993227480
           112.5800     -7.2500       -0.581785916266
           112.5900     -7.2500       -0.850221993912
           112.6000     -7.2500       -1.015042444100
           112.6100     -7.2500       -1.066806423134
           112.6200     -7.2500       -1.010852180912
           112.6300     -7.2500       -0.866044476186
           112.6400     -7.2500       -0.661568187504
           112.6500     -7.2500       -0.432293921575
           112.6600     -7.2500       -0.213427617094
           112.6700     -7.2500       -0.035238757997
           112.6800     -7.2500        0.081368230147
           112.6900     -7.2500        0.127811049929
           112.7000     -7.2500        0.108908263257
           112.7100     -7.2500        0.041947584774
           112.7200     -7.2500       -0.046099400127
           112.7300     -7.2500       -0.122796259781
           112.7400     -7.2500       -0.155273760166
           112.7500     -7.2500       -0.115342472378
           112.7600     -7.2500        0.016054591236
           112.7700     -7.2500        0.245694171269
           112.7800     -7.2500        0.566689348831
           112.7900     -7.2500        0.959081459451
           112.8000     -7.2500        1.392341028258
           112.8100     -7.2500        1.829443930946
           112.8200     -7.2500        2.231967973966
           112.8300     -7.2500        2.565510682415
           112.8400     -7.2500        2.804680768899
           112.8500     -7.2500        2.936969809894
           112.8600     -7.2500        2.964959398683
           112.8700     -7.2500        2.906541978367
           112.8800     -7.2500        2.793100232731
           112.8900     -7.2500        2.665864103801
           112.9000     -7.2500        2.570909151148
           112.9100     -7.2500        2.553442179099
           112.9200     -7.2500        2.652115524920
           112.9300     -7.2500        2.894107624162
           112.9400     -7.2500        3.291605369676
           112.9500     -7.2500        3.840137499223
           112.9600     -7.2500        4.518963163647
           112.9700     -7.2500        5.293449083347
           112.9800     -7.2500        6.119108697185
           112.9900     -7.2500        6.946762191704
           113.0000     -7.2500        7.728135704354
           112.0000     -7.2600       25.367674219787
           112.0100     -7.2600       24.260435305163
           112.0200     -7.2600       22.926988818651
           112.0300     -7.2600       21.465640709487
           112.0400     -7.2600       19.996041068268
           112.0500     -7.2600       18.645138318878
           112.0600     -7.2600       17.532334065198
           112.0700     -7.2600       16.755655432676
           112.0800     -7.2600       16.380603789775
           112.0900     -7.2600       16.432978521367
           112.1000     -7.2600       16.896460593341
           112.1100     -7.2600       17.715139947236
           112.1200     -7.2600       18.800559938152
           112.1300     -7.2600       20.042307597085
           112.1400     -7.2600       21.320767212090
           112.1500     -7.2600       22.520425312487
           112.1600     -7.2600       23.542092482943
           112.1700     -7.2600       24.312589835648
           112.1800     -7.2600       24.790807867949
           112.1900     -7.2600       24.969533377417
           112.2000     -7.2600       24.872991443315
           112.2100     -7.2600       24.550592863601
           112.2200     -7.2600       24.067844023935
           112.2300     -7.2600       23.495708365790
           112.2400     -7.2600       22.899867172627
           112.2500     -7.2600       22.331296076777
           112.2600     -7.2600       21.819360909583
           112.2700     -7.2600       21.368273749065
           112.2800     -7.2600       20.957287318319
           112.2900     -7.2600       20.544505096858
           112.3000     -7.2600       20.073711079690
           112.3100     -7.2600       19.483237629629
           112.3200     -7.2600       18.715640312082
           112.3300     -7.2600       17.726864457792
           112.3400     -7.2600       16.493676994761
           112.3500     -7.2600       15.018383858170
           112.3600     -7.2600       13.330222938608
           112.3700     -7.2600       11.483264781686
           112.3800     -7.2600        9.551109426614
           112.3900     -7.2600        7.619078545292
           112.4000     -7.2600        5.774915141213
           112.4100     -7.2600        4.099179890451
           112.4200     -7.2600        2.656553563920
           112.4300     -7.2600        1.489119330765
           112.4400     -7.2600        0.612427766264
           112.4500     -7.2600        0.014778840223
           112.4600     -7.2600       -0.340261329354
           112.4700     -7.2600       -0.508500803538
           112.4800     -7.2600       -0.557661093784
           112.4900     -7.2600       -0.558803757064
           112.5000     -7.2600       -0.577746219067
           112.5100     -7.2600       -0.667537704383
           112.5200     -7.2600       -0.862898082646
           112.5300     -7.2600       -1.177242509458
           112.5400     -7.2600       -1.602562146215
           112.5500     -7.2600       -2.112053763711
           112.5600     -7.2600       -2.665038593276
           112.5700     -7.2600       -3.213428857936
           112.5800     -7.2600       -3.708824142547
           112.5900     -7.2600       -4.109269568943
           112.6000     -7.2600       -4.384786958046
           112.6100     -7.2600       -4.520984945284
           112.6200     -7.2600       -4.520335555481
           112.6300     -7.2600       -4.401033381665
           112.6400     -7.2600       -4.193684230535
           112.6500     -7.2600       -3.936358600327
           112.6600     -7.2600       -3.668753947703
           112.6700     -7.2600       -3.426312163004
           112.6800     -7.2600       -3.235123544863
           112.6900     -7.2600       -3.108320380494
           112.7000     -7.2600       -3.044441623936
           112.7100     -7.2600       -3.027966939575
           112.7200     -7.2600       -3.031913074445
           112.7300     -7.2600       -3.022099955280
           112.7400     -7.2600       -2.962466527915
           112.7500     -7.2600       -2.820677153202
           112.7600     -7.2600       -2.573225972468
           112.7700     -7.2600       -2.209322148122
           112.7800     -7.2600       -1.733011628547
           112.7900     -7.2600       -1.163236478996
           112.8000     -7.2600       -0.531816789186
           112.8100     -7.2600        0.120376124822
           112.8200     -7.2600        0.748541387016
           112.8300     -7.2600        1.309677396801
           112.8400     -7.2600        1.768150234596
           112.8500     -7.2600        2.100357915548
           112.8600     -7.2600        2.297870188273
           112.8700     -7.2600        2.368628992144
           112.8800     -7.2600        2.336053759260
           112.8900     -7.2600        2.236173264243
           112.9000     -7.2600        2.113164406856
           112.9100     -7.2600        2.013883833618
           112.9200     -7.2600        1.982103858257
           112.9300     -7.2600        2.053193947556
           112.9400     -7.2600        2.249920330365
           112.9500     -7.2600        2.579879527837
           112.9600     -7.2600        3.034858930549
           112.9700     -7.2600        3.592159665801
           112.9800     -7.2600        4.217658951179
           112.9900     -7.2600        4.870165538752
           113.0000     -7.2600        5.506462260305
           112.0000     -7.2700       24.040998718658
           112.0100     -7.2700       22.934521509007
           112.0200     -7.2700       21.608875614647
           112.0300     -7.2700       20.156843127761
           112.0400     -7.2700       18.693114308617
           112.0500     -7.2700       17.340853801654
           112.0600     -7.2700       16.217302469054
           112.0700     -7.2700       15.420185699869
           112.0800     -7.2700       15.016565611213
           112.0900     -7.2700       15.035440584196
           112.1000     -7.2700       15.464906680064
           112.1100     -7.2700       16.254115901073
           112.1200     -7.2700       17.319670441977
           112.1300     -7.2700       18.555555090020
           112.1400     -7.2700       19.845297959688
           112.1500     -7.2700       21.074811874266
           112.1600     -7.2700       22.144330996612
           112.1700     -7.2700       22.978019937101
           112.1800     -7.2700       23.530170266457
           112.1900     -7.2700       23.787365141150
           112.2000     -7.2700       23.766524290141
           112.2100     -7.2700       23.509269521130
           112.2200     -7.2700       23.073507727543
           112.2300     -7.2700       22.523457198261
           112.2400     -7.2700       21.919504570201
           112.2500     -7.2700       21.309257080413
           112.2600     -7.2700       20.720955020624
           112.2700     -7.2700       20.160062335004
           112.2800     -7.2700       19.609407422463
           112.2900     -7.2700       19.032761546396
           112.3000     -7.2700       18.381282811312
           112.3100     -7.2700       17.601878934134
           112.3200     -7.2700       16.646299394924
           112.3300     -7.2700       15.479686330445
           112.3400     -7.2700       14.087401538014
           112.3500     -7.2700       12.479189822943
           112.3600     -7.2700       10.690102366695
           112.3700     -7.2700        8.778038401782
           112.3800     -7.2700        6.818211384603
           112.3900     -7.2700        4.895248394422
           112.4000     -7.2700        3.093936830121
           112.4100     -7.2700        1.489802262326
           112.4200     -7.2700        0.140715387810
           112.4300     -7.2700       -0.919415169112
           112.4400     -7.2700       -1.684083396400
           112.4500     -7.2700       -2.174351910127
           112.4600     -7.2700       -2.435755848447
           112.4700     -7.2700       -2.532369614477
           112.4800     -7.2700       -2.538813194830
           112.4900     -7.2700       -2.531221378694
           112.5000     -7.2700       -2.578310673859
           112.5100     -7.2700       -2.733643112600
           112.5200     -7.2700       -3.030010771021
           112.5300     -7.2700       -3.476574969428
           112.5400     -7.2700       -4.059029420787
           112.5500     -7.2700       -4.742665643838
           112.5600     -7.2700       -5.477852819261
           112.5700     -7.2700       -6.207149781042
           112.5800     -7.2700       -6.873080598191
           112.5900     -7.2700       -7.425548989790
           112.6000     -7.2700       -7.827945026722
           112.6100     -7.2700       -8.061196979664
           112.6200     -7.2700       -8.125312992010
           112.6300     -7.2700       -8.038301210804
           112.6400     -7.2700       -7.832706821873
           112.6500     -7.2700       -7.550314010760
           112.6600     -7.2700       -7.235790340219
           112.6700     -7.2700       -6.930171871729
           112.6800     -7.2700       -6.665085918290
           112.6900     -7.2700       -6.458487349766
           112.7000     -7.2700       -6.312462359879
           112.7100     -7.2700       -6.213362027628
           112.7200     -7.2700       -6.134206957790
           112.7300     -7.2700       -6.038997019239
           112.7400     -7.2700       -5.888307359939
           112.7500     -7.2700       -5.645386170520
           112.7600     -7.2700       -5.281911675392
           112.7700     -7.2700       -4.782621492644
           112.7800     -7.2700       -4.148187585883
           112.7900     -7.2700       -3.395951597576
           112.8000     -7.2700       -2.558425037771
           112.8100     -7.2700       -1.679757398458
           112.8200     -7.2700       -0.810643017664
           112.8300     -7.2700       -0.002339403261
           112.8400     -7.2700        0.699419987769
           112.8500     -7.2700        1.259830012242
           112.8600     -7.2700        1.659045000188
           112.8700     -7.2700        1.894334225547
           112.8800     -7.2700        1.980109635288
           112.8900     -7.2700        1.945853155320
           112.9000     -7.2700        1.832241731035
           112.9100     -7.2700        1.685994979284
           112.9200     -7.2700        1.554123820911
           112.9300     -7.2700        1.478319872112
           112.9400     -7.2700        1.490188427913
           112.9500     -7.2700        1.607899512291
           112.9600     -7.2700        1.834630696780
           112.9700     -7.2700        2.158930515889
           112.9800     -7.2700        2.556876011366
           112.9900     -7.2700        2.995666647667
           113.0000     -7.2700        3.438120098539
           112.0000     -7.2800       22.722078792048
           112.0100     -7.2800       21.667343281142
           112.0200     -7.2800       20.400686532302
           112.0300     -7.2800       19.007295664690
           112.0400     -7.2800       17.594491033316
           112.0500     -7.2800       16.279084372829
           112.0600     -7.2800       15.173638837386
           112.0700     -7.2800       14.373334236132
           112.0800     -7.2800       13.945030771188
           112.0900     -7.2800       13.919818293164
           112.1000     -7.2800       14.289877956925
           112.1100     -7.2800       15.009930240276
           112.1200     -7.2800       16.002969162777
           112.1300     -7.2800       17.169460052770
           112.1400     -7.2800       18.398772184758
           112.1500     -7.2800       19.581376760305
           112.1600     -7.2800       20.620291731072
           112.1700     -7.2800       21.440399552365
           112.1800     -7.2800       21.994579051392
           112.1900     -7.2800       22.266033812214
           112.2000     -7.2800       22.266707207872
           112.2100     -7.2800       22.032181554697
           112.2200     -7.2800       21.613900391086
           112.2300     -7.2800       21.069873022039
           112.2400     -7.2800       20.455180499211
           112.2500     -7.2800       19.813584941848
           112.2600     -7.2800       19.171355732314
           112.2700     -7.2800       18.534094970288
           112.2800     -7.2800       17.886917044845
           112.2900     -7.2800       17.197871413028
           112.3000     -7.2800       16.424055752642
           112.3100     -7.2800       15.519506493357
           112.3200     -7.2800       14.443721565307
           112.3300     -7.2800       13.169594766826
           112.3400     -7.2800       11.689630181304
           112.3500     -7.2800       10.019544618571
           112.3600     -7.2800        8.198722622462
           112.3700     -7.2800        6.287413779411
           112.3800     -7.2800        4.360999116305
           112.3900     -7.2800        2.502044671826
           112.4000     -7.2800        0.791154922821
           112.4100     -7.2800       -0.702201063033
           112.4200     -7.2800       -1.927711829562
           112.4300     -7.2800       -2.860062684329
           112.4400     -7.2800       -3.501840907183
           112.4500     -7.2800       -3.883132012557
           112.4600     -7.2800       -4.057853763603
           112.4700     -7.2800       -4.097287213774
           112.4800     -7.2800       -4.081614404455
           112.4900     -7.2800       -4.090516066988
           112.5000     -7.2800       -4.193989684686
           112.5100     -7.2800       -4.444506517927
           112.5200     -7.2800       -4.871442978788
           112.5300     -7.2800       -5.478422485888
           112.5400     -7.2800       -6.243828642635
           112.5500     -7.2800       -7.124348468735
           112.5600     -7.2800       -8.061027383790
           112.5700     -7.2800       -8.987013553111
           112.5800     -7.2800       -9.835975751228
           112.5900     -7.2800      -10.550118888252
           112.6000     -7.2800      -11.086800002033
           112.6100     -7.2800      -11.422952093150
           112.6200     -7.2800      -11.556824895416
           112.6300     -7.2800      -11.506909729365
           112.6400     -7.2800      -11.308282641504
           112.6500     -7.2800      -11.006928460180
           112.6600     -7.2800      -10.652856464657
           112.6700     -7.2800      -10.292955533243
           112.6800     -7.2800       -9.964547341931
           112.6900     -7.2800       -9.690481579302
           112.7000     -7.2800       -9.476394646706
           112.7100     -7.2800       -9.310454053293
           112.7200     -7.2800       -9.165575228308
           112.7300     -7.2800       -9.003770249549
           112.7400     -7.2800       -8.782011605755
           112.7500     -7.2800       -8.458803721373
           112.7600     -7.2800       -8.000573846590
           112.7700     -7.2800       -7.387030629871
           112.7800     -7.2800       -6.614786276724
           112.7900     -7.2800       -5.698775342112
           112.8000     -7.2800       -4.671297295494
           112.8100     -7.2800       -3.578821606504
           112.8200     -7.2800       -2.476982257284
           112.8300     -7.2800       -1.424416178272
           112.8400     -7.2800       -0.476238646279
           112.8500     -7.2800        0.322018105494
           112.8600     -7.2800        0.939251124637
           112.8700     -7.2800        1.361835794637
           112.8800     -7.2800        1.594537016109
           112.8900     -7.2800        1.659221568756
           112.9000     -7.2800        1.591591527407
           112.9100     -7.2800        1.436403842750
           112.9200     -7.2800        1.241819697362
           112.9300     -7.2800        1.053617350849
           112.9400     -7.2800        0.909994392501
           112.9500     -7.2800        0.837583283567
           112.9600     -7.2800        0.849123846108
           112.9700     -7.2800        0.943003987368
           112.9800     -7.2800        1.104627795854
           112.9900     -7.2800        1.309332416141
           113.0000     -7.2800        1.526383242168
           112.0000     -7.2900       21.451822613381
           112.0100     -7.2900       20.497217115424
           112.0200     -7.2900       19.337586829874
           112.0300     -7.2900       18.048635792058
           112.0400     -7.2900       16.728114010239
           112.0500     -7.2900       15.484124575170
           112.0600     -7.2900       14.422232268311
           112.0700     -7.2900       13.632989798846
           112.0800     -7.2900       13.181409689787
           112.0900     -7.2900       13.099632046059
           112.1000     -7.2900       13.383610123155
           112.1100     -7.2900       13.994114229532
           112.1200     -7.2900       14.861808153086
           112.1300     -7.2900       15.895650893864
           112.1400     -7.2900       16.993482727369
           112.1500     -7.2900       18.053416169489
           112.1600     -7.2900       18.984596039166
           112.1700     -7.2900       19.716021371876
           112.1800     -7.2900       20.202414446118
           112.1900     -7.2900       20.426536983958
           112.2000     -7.2900       20.397834095571
           112.2100     -7.2900       20.147768847211
           112.2200     -7.2900       19.722631613971
           112.2300     -7.2900       19.174915012666
           112.2400     -7.2900       18.554499584005
           112.2500     -7.2900       17.900880515776
           112.2600     -7.2900       17.237487058337
           112.2700     -7.2900       16.568830756008
           112.2800     -7.2900       15.880810605868
           112.2900     -7.2900       15.144058602938
           112.3000     -7.2900       14.319787636626
           112.3100     -7.2900       13.367261224266
           112.3200     -7.2900       12.251785748364
           112.3300     -7.2900       10.952058429614
           112.3400     -7.2900        9.465795603245
           112.3500     -7.2900        7.812802297293
           112.3600     -7.2900        6.034992948220
           112.3700     -7.2900        4.193287128965
           112.3800     -7.2900        2.361728037837
           112.3900     -7.2900        0.619549009556
           112.4000     -7.2900       -0.957805191783
           112.4100     -7.2900       -2.307546734020
           112.4200     -7.2900       -3.387150095310
           112.4300     -7.2900       -4.179695548415
           112.4400     -7.2900       -4.696235769037
           112.4500     -7.2900       -4.974847314698
           112.4600     -7.2900       -5.076449048923
           112.4700     -7.2900       -5.077879012676
           112.4800     -7.2900       -5.063067081289
           112.4900     -7.2900       -5.113378917212
           112.5000     -7.2900       -5.298307395812
           112.5100     -7.2900       -5.667638948849
           112.5200     -7.2900       -6.246031543805
           112.5300     -7.2900       -7.030633846922
           112.5400     -7.2900       -7.991991713017
           112.5500     -7.2900       -9.078078039176
           112.5600     -7.2900      -10.220897596166
           112.5700     -7.2900      -11.344808182167
           112.5800     -7.2900      -12.375501716606
           112.5900     -7.2900      -13.248527214972
           112.6000     -7.2900      -13.916317772453
           112.6100     -7.2900      -14.352893351479
           112.6200     -7.2900      -14.555721583480
           112.6300     -7.2900      -14.544588800668
           112.6400     -7.2900      -14.357714990622
           112.6500     -7.2900      -14.045690514160
           112.6600     -7.2900      -13.664076033856
           112.6700     -7.2900      -13.265657997319
           112.6800     -7.2900      -12.893373027205
           112.6900     -7.2900      -12.574805453494
           112.7000     -7.2900      -12.318939431453
           112.7100     -7.2900      -12.115541349854
           112.7200     -7.2900      -11.937200355023
           112.7300     -7.2900      -11.743710252251
           112.7400     -7.2900      -11.488178967918
           112.7500     -7.2900      -11.124039387842
           112.7600     -7.2900      -10.612033343642
           112.7700     -7.2900       -9.926259722697
           112.7800     -7.2900       -9.058513236256
           112.7900     -7.2900       -8.020372524415
           112.8000     -7.2900       -6.842793204534
           112.8100     -7.2900       -5.573283694744
           112.8200     -7.2900       -4.271047251605
           112.8300     -7.2900       -3.000723776892
           112.8400     -7.2900       -1.825528703828
           112.8500     -7.2900       -0.800644630417
           112.8600     -7.2900        0.032330668689
           112.8700     -7.2900        0.649229263027
           112.8800     -7.2900        1.045032350811
           112.8900     -7.2900        1.233323742512
           112.9000     -7.2900        1.243625887324
           112.9100     -7.2900        1.117027400085
           112.9200     -7.2900        0.900710954146
           112.9300     -7.2900        0.642105483010
           112.9400     -7.2900        0.383404493593
           112.9500     -7.2900        0.157113633346
           112.9600     -7.2900       -0.016871156814
           112.9700     -7.2900       -0.132374562906
           112.9800     -7.2900       -0.196210586702
           112.9900     -7.2900       -0.225820789811
           113.0000     -7.2900       -0.245698782637
           112.0000     -7.3000       20.256451301899
           112.0100     -7.3000       19.442247145555
           112.0200     -7.3000       18.429431163509
           112.0300     -7.3000       17.282665003672
           112.0400     -7.3000       16.088281124762
           112.0500     -7.3000       14.943666660131
           112.0600     -7.3000       13.945382896303
           112.0700     -7.3000       13.177532189178
           112.0800     -7.3000       12.701815924971
           112.0900     -7.3000       12.550478077596
           112.1000     -7.3000       12.722934762406
           112.1100     -7.3000       13.186404455153
           112.1200     -7.3000       13.880340344177
           112.1300     -7.3000       14.723991898553
           112.1400     -7.3000       15.626047073249
           112.1500     -7.3000       16.495075577750
           112.1600     -7.3000       17.249433627320
           112.1700     -7.3000       17.825405241839
           112.1800     -7.3000       18.182625415229
           112.1900     -7.3000       18.306217487684
           112.2000     -7.3000       18.205527541533
           112.2100     -7.3000       17.909792115518
           112.2200     -7.3000       17.461472290480
           112.2300     -7.3000       16.908276115997
           112.2400     -7.3000       16.295036416971
           112.2500     -7.3000       15.656595830492
           112.2600     -7.3000       15.012680505495
           112.2700     -7.3000       14.365443737383
           112.2800     -7.3000       13.699973203191
           112.2900     -7.3000       12.987633713283
           112.3000     -7.3000       12.191718645225
           112.3100     -7.3000       11.274560869497
           112.3200     -7.3000       10.205050661361
           112.3300     -7.3000        8.965450203099
           112.3400     -7.3000        7.556488622426
           112.3500     -7.3000        5.999954599564
           112.3600     -7.3000        4.338343586221
           112.3700     -7.3000        2.631517800982
           112.3800     -7.3000        0.950745730794
           112.3900     -7.3000       -0.629150528451
           112.4000     -7.3000       -2.038545110971
           112.4100     -7.3000       -3.221524049815
           112.4200     -7.3000       -4.143047440555
           112.4300     -7.3000       -4.793797778917
           112.4400     -7.3000       -5.192039574775
           112.4500     -7.3000       -5.382190172837
           112.4600     -7.3000       -5.430217419819
           112.4700     -7.3000       -5.416382728889
           112.4800     -7.3000       -5.426186348938
           112.4900     -7.3000       -5.540601912274
           112.5000     -7.3000       -5.826780333834
           112.5100     -7.3000       -6.330347336553
           112.5200     -7.3000       -7.070221858708
           112.5300     -7.3000       -8.036569940015
           112.5400     -7.3000       -9.192120550950
           112.5500     -7.3000      -10.476655720108
           112.5600     -7.3000      -11.814099643878
           112.5700     -7.3000      -13.121318846444
           112.5800     -7.3000      -14.317546544968
           112.5900     -7.3000      -15.333283017887
           112.6000     -7.3000      -16.117606153165
           112.6100     -7.3000      -16.643040382429
           112.6200     -7.3000      -16.907449289149
           112.6300     -7.3000      -16.932796045649
           112.6400     -7.3000      -16.761007952953
           112.6500     -7.3000      -16.447537200719
           112.6600     -7.3000      -16.053485314642
           112.6700     -7.3000      -15.637320251350
           112.6800     -7.3000      -15.247244303455
           112.6900     -7.3000      -14.915166500807
           112.7000     -7.3000      -14.653010597892
           112.7100     -7.3000      -14.451779275766
           112.7200     -7.3000      -14.283437712988
           112.7300     -7.3000      -14.105321266806
           112.7400     -7.3000      -13.866457991484
           112.7500     -7.3000      -13.514965950315
           112.7600     -7.3000      -13.005565277435
           112.7700     -7.3000      -12.306248629581
           112.7800     -7.3000      -11.403277977775
           112.7900     -7.3000      -10.303902298781
           112.8000     -7.3000       -9.036488692362
           112.8100     -7.3000       -7.648089424660
           112.8200     -7.3000       -6.199786833156
           112.8300     -7.3000       -4.760426691885
           112.8400     -7.3000       -3.399535707278
           112.8500     -7.3000       -2.180298930683
           112.8600     -7.3000       -1.153440602300
           112.8700     -7.3000       -0.352714417705
           112.8800     -7.3000        0.207513131479
           112.8900     -7.3000        0.532379061180
           112.9000     -7.3000        0.644426053870
           112.9100     -7.3000        0.579649194613
           112.9200     -7.3000        0.382263199047
           112.9300     -7.3000        0.098901724056
           112.9400     -7.3000       -0.227000352983
           112.9500     -7.3000       -0.559949763520
           112.9600     -7.3000       -0.875717064419
           112.9700     -7.3000       -1.162903824763
           112.9800     -7.3000       -1.422666718952
           112.9900     -7.3000       -1.666758067134
           113.0000     -7.3000       -1.914258251646
           112.0000     -7.3100       19.146951898976
           112.0100     -7.3100       18.500401611566
           112.0200     -7.3100       17.661433336554
           112.0300     -7.3100       16.682564910607
           112.0400     -7.3100       15.637342472076
           112.0500     -7.3100       14.610894678009
           112.0600     -7.3100       13.689191521065
           112.0700     -7.3100       12.948400978609
           112.0800     -7.3100       12.445686091012
           112.0900     -7.3100       12.212564427982
           112.1000     -7.3100       12.251593550937
           112.1100     -7.3100       12.536699318594
           112.1200     -7.3100       13.016988357002
           112.1300     -7.3100       13.623443819573
           112.1400     -7.3100       14.277551169974
           112.1500     -7.3100       14.900681768606
           112.1600     -7.3100       15.423001907333
           112.1700     -7.3100       15.790777762183
           112.1800     -7.3100       15.971195276344
           112.1900     -7.3100       15.954172241510
           112.2000     -7.3100       15.751058085658
           112.2100     -7.3100       15.390538395068
           112.2200     -7.3100       14.912429880818
           112.2300     -7.3100       14.360319189629
           112.2400     -7.3100       13.774131689342
           112.2500     -7.3100       13.183698632413
           112.2600     -7.3100       12.604227682618
           112.2700     -7.3100       12.034296818309
           112.2800     -7.3100       11.456625177577
           112.2900     -7.3100       10.841477009411
           112.3000     -7.3100       10.152180698963
           112.3100     -7.3100        9.351944415768
           112.3200     -7.3100        8.410963597171
           112.3300     -7.3100        7.312767997962
           112.3400     -7.3100        6.058853478096
           112.3500     -7.3100        4.670872736760
           112.3600     -7.3100        3.189988990079
           112.3700     -7.3100        1.673382937133
           112.3800     -7.3100        0.188294617246
           112.3900     -7.3100       -1.195674329001
           112.4000     -7.3100       -2.415021909407
           112.4100     -7.3100       -3.420470905163
           112.4200     -7.3100       -4.183678708933
           112.4300     -7.3100       -4.701615331809
           112.4400     -7.3100       -4.997977328786
           112.4500     -7.3100       -5.121375005899
           112.4600     -7.3100       -5.140437720797
           112.4700     -7.3100       -5.136374943333
           112.4800     -7.3100       -5.193858426006
           112.4900     -7.3100       -5.391311146930
           112.5000     -7.3100       -5.791773224850
           112.5100     -7.3100       -6.435452763802
           112.5200     -7.3100       -7.334868317000
           112.5300     -7.3100       -8.473174807749
           112.5400     -7.3100       -9.805876113540
           112.5500     -7.3100      -11.265714125215
           112.5600     -7.3100      -12.770137876058
           112.5700     -7.3100      -14.230445534747
           112.5800     -7.3100      -15.561495112699
           112.5900     -7.3100      -16.690820488997
           112.6000     -7.3100      -17.566074140704
           112.6100     -7.3100      -18.159934963802
           112.6200     -7.3100      -18.471940469415
           112.6300     -7.3100      -18.527086378679
           112.6400     -7.3100      -18.371434720344
           112.6500     -7.3100      -18.065334227477
           112.6600     -7.3100      -17.675139455158
           112.6700     -7.3100      -17.264483540026
           112.6800     -7.3100      -16.886194606237
           112.6900     -7.3100      -16.575845198217
           112.7000     -7.3100      -16.347702534665
           112.7100     -7.3100      -16.193534501555
           112.7200     -7.3100      -16.084362757123
           112.7300     -7.3100      -15.974886386281
           112.7400     -7.3100      -15.809973218851
           112.7500     -7.3100      -15.532371149094
           112.7600     -7.3100      -15.090657498324
           112.7700     -7.3100      -14.446435137777
           112.7800     -7.3100      -13.579898225831
           112.7900     -7.3100      -12.493111008834
           112.8000     -7.3100      -11.210640153992
           112.8100     -7.3100       -9.777515533452
           112.8200     -7.3100       -8.254823438359
           112.8300     -7.3100       -6.713518733575
           112.8400     -7.3100       -5.227244200728
           112.8500     -7.3100       -3.865043062721
           112.8600     -7.3100       -2.684835005808
           112.8700     -7.3100       -1.728402128233
           112.8800     -7.3100       -1.018417984021
           112.8900     -7.3100       -0.557779975172
           112.9000     -7.3100       -0.331209295795
           112.9100     -7.3100       -0.308801906969
           112.9200     -7.3100       -0.450984019899
           112.9300     -7.3100       -0.714174133008
           112.9400     -7.3100       -1.056397691214
           112.9500     -7.3100       -1.442143929532
           112.9600     -7.3100       -1.845888384741
           112.9700     -7.3100       -2.253908322985
           112.9800     -7.3100       -2.664262797218
           112.9900     -7.3100       -3.085060566448
           113.0000     -7.3100       -3.531364061239
           112.0000     -7.3200       18.119985487240
           112.0100     -7.3200       17.651594488425
           112.0200     -7.3200       16.997335484329
           112.0300     -7.3200       16.197038539799
           112.0400     -7.3200       15.310668667786
           112.0500     -7.3200       14.410106716490
           112.0600     -7.3200       13.569638204281
           112.0700     -7.3200       12.856413551391
           112.0800     -7.3200       12.322107578666
           112.0900     -7.3200       11.996813145843
           112.1000     -7.3200       11.885882220830
           112.1100     -7.3200       11.970022383897
           112.1200     -7.3200       12.208522570089
           112.1300     -7.3200       12.545076142837
           112.1400     -7.3200       12.915344657833
           112.1500     -7.3200       13.255202723642
           112.1600     -7.3200       13.508547185700
           112.1700     -7.3200       13.633646777281
           112.1800     -7.3200       13.607235815716
           112.1900     -7.3200       13.425884369241
           112.2000     -7.3200       13.104561593857
           112.2100     -7.3200       12.672696047083
           112.2200     -7.3200       12.168374585959
           112.2300     -7.3200       11.631565170700
           112.2400     -7.3200       11.097366956685
           112.2500     -7.3200       10.590269151170
           112.2600     -7.3200       10.120242885155
           112.2700     -7.3200        9.681220600508
           112.2800     -7.3200        9.252172910800
           112.2900     -7.3200        8.800621070556
           112.3000     -7.3200        8.288074956733
           112.3100     -7.3200        7.676609257568
           112.3200     -7.3200        6.935622057354
           112.3300     -7.3200        6.047783154347
           112.3400     -7.3200        5.013279483482
           112.3500     -7.3200        3.851688801496
           112.3600     -7.3200        2.601130622809
           112.3700     -7.3200        1.314712958921
           112.3800     -7.3200        0.054665415976
           112.3900     -7.3200       -1.115126116058
           112.4000     -7.3200       -2.137234254028
           112.4100     -7.3200       -2.968394561590
           112.4200     -7.3200       -3.585767473431
           112.4300     -7.3200       -3.990889427623
           112.4400     -7.3200       -4.210724868521
           112.4500     -7.3200       -4.295591375249
           112.4600     -7.3200       -4.314125385026
           112.4700     -7.3200       -4.345835104689
           112.4800     -7.3200       -4.472101400273
           112.4900     -7.3200       -4.766696060866
           112.5000     -7.3200       -5.286962595509
           112.5100     -7.3200       -6.066737292202
           112.5200     -7.3200       -7.111885519500
           112.5300     -7.3200       -8.399015255889
           112.5400     -7.3200       -9.877545639625
           112.5500     -7.3200      -11.474900973895
           112.5600     -7.3200      -13.104220994506
           112.5700     -7.3200      -14.673673610457
           112.5800     -7.3200      -16.096264503612
           112.5900     -7.3200      -17.298982383050
           112.6000     -7.3200      -18.230205634977
           112.6100     -7.3200      -18.864514044981
           112.6200     -7.3200      -19.204370377777
           112.6300     -7.3200      -19.278520408098
           112.6400     -7.3200      -19.137358561444
           112.6500     -7.3200      -18.845870309784
           112.6600     -7.3200      -18.475047341869
           112.6700     -7.3200      -18.092843083841
           112.6800     -7.3200      -17.755774666449
           112.6900     -7.3200      -17.502179984111
           112.7000     -7.3200      -17.347919063832
           112.7100     -7.3200      -17.284996506342
           112.7200     -7.3200      -17.283216343817
           112.7300     -7.3200      -17.294608284680
           112.7400     -7.3200      -17.260031085808
           112.7500     -7.3200      -17.117105128203
           112.7600     -7.3200      -16.808481955521
           112.7700     -7.3200      -16.289439165588
           112.7800     -7.3200      -15.533894346086
           112.7900     -7.3200      -14.538145899442
           112.8000     -7.3200      -13.321942540098
           112.8100     -7.3200      -11.926818572416
           112.8200     -7.3200      -10.411966064800
           112.8300     -7.3200       -8.848206187121
           112.8400     -7.3200       -7.310835114172
           112.8500     -7.3200       -5.872230536993
           112.8600     -7.3200       -4.595102018417
           112.8700     -7.3200       -3.527155838905
           112.8800     -7.3200       -2.697740061510
           112.8900     -7.3200       -2.116767006192
           112.9000     -7.3200       -1.775914183793
           112.9100     -7.3200       -1.651819550361
           112.9200     -7.3200       -1.710748784657
           112.9300     -7.3200       -1.914050201309
           112.9400     -7.3200       -2.223645313075
           112.9500     -7.3200       -2.606835640594
           112.9600     -7.3200       -3.039831670278
           112.9700     -7.3200       -3.509608543567
           112.9800     -7.3200       -4.013936715332
           112.9900     -7.3200       -4.559690890824
           113.0000     -7.3200       -5.159772848617
           112.0000     -7.3300       17.159831725874
           112.0100     -7.3300       16.861250262739
           112.0200     -7.3300       16.384465437817
           112.0300     -7.3300       15.756692267647
           112.0400     -7.3300       15.024150231588
           112.0500     -7.3300       14.245088925132
           112.0600     -7.3300       13.481557961771
           112.0700     -7.3300       12.791046767546
           112.0800     -7.3300       12.219096783143
           112.0900     -7.3300       11.793822096340
           112.1000     -7.3300       11.522990087733
           112.1100     -7.3300       11.393951579087
           112.1200     -7.3300       11.376319855137
           112.1300     -7.3300       11.426932075830
           112.1400     -7.3300       11.496333038877
           112.1500     -7.3300       11.535837513317
           112.1600     -7.3300       11.504175675112
           112.1700     -7.3300       11.372810781893
           112.1800     -7.3300       11.129225100499
           112.1900     -7.3300       10.777769081134
           112.2000     -7.3300       10.338017788274
           112.2100     -7.3300        9.840929444410
           112.2200     -7.3300        9.323405785704
           112.2300     -7.3300        8.822071699983
           112.2400     -7.3300        8.367193440173
           112.2500     -7.3300        7.977627650323
           112.2600     -7.3300        7.657542124648
           112.2700     -7.3300        7.395395060782
           112.2800     -7.3300        7.165337807218
           112.2900     -7.3300        6.930861003406
           112.3000     -7.3300        6.650182879218
           112.3100     -7.3300        6.282625324610
           112.3200     -7.3300        5.795072978954
           112.3300     -7.3300        5.167584007647
           112.3400     -7.3300        4.397322790913
           112.3500     -7.3300        3.500201593998
           112.3600     -7.3300        2.509922055860
           112.3700     -7.3300        1.474457895368
           112.3800     -7.3300        0.450370995364
           112.3900     -7.3300       -0.504342923893
           112.4000     -7.3300       -1.337966519852
           112.4100     -7.3300       -2.012319566121
           112.4200     -7.3300       -2.508585949320
           112.4300     -7.3300       -2.830892973787
           112.4400     -7.3300       -3.007098905574
           112.4500     -7.3300       -3.086592066411
           112.4600     -7.3300       -3.135283541303
           112.4700     -7.3300       -3.228337192333
           112.4800     -7.3300       -3.441478554697
           112.4900     -7.3300       -3.841919597103
           112.5000     -7.3300       -4.480003416045
           112.5100     -7.3300       -5.382602095415
           112.5200     -7.3300       -6.549100090895
           112.5300     -7.3300       -7.950489004760
           112.5400     -7.3300       -9.531725347242
           112.5500     -7.3300      -11.217107320677
           112.5600     -7.3300      -12.918059050950
           112.5700     -7.3300      -14.542416796197
           112.5800     -7.3300      -16.004128021203
           112.5900     -7.3300      -17.232223561465
           112.6000     -7.3300      -18.178011514265
           112.6100     -7.3300      -18.819657759124
           112.6200     -7.3300      -19.163635058205
           112.6300     -7.3300      -19.242901078840
           112.6400     -7.3300      -19.112058605218
           112.6500     -7.3300      -18.840110377870
           112.6600     -7.3300      -18.501702684880
           112.6700     -7.3300      -18.167922257290
           112.6800     -7.3300      -17.897750494642
           112.6900     -7.3300      -17.731184246065
           112.7000     -7.3300      -17.684816588961
           112.7100     -7.3300      -17.750362333866
           112.7200     -7.3300      -17.896250479182
           112.7300     -7.3300      -18.072034752324
           112.7400     -7.3300      -18.215039276519
           112.7500     -7.3300      -18.258399554193
           112.7600     -7.3300      -18.139509379059
           112.7700     -7.3300      -17.807858190435
           112.7800     -7.3300      -17.231341382867
           112.7900     -7.3300      -16.400333407696
           112.8000     -7.3300      -15.329102112450
           112.8100     -7.3300      -14.054475116143
           112.8200     -7.3300      -12.632002950596
           112.8300     -7.3300      -11.130157807538
           112.8400     -7.3300       -9.623325557822
           112.8500     -7.3300       -8.184467070599
           112.8600     -7.3300       -6.878330804212
           112.8700     -7.3300       -5.755994665343
           112.8800     -7.3300       -4.851317551874
           112.8900     -7.3300       -4.179617558937
           112.9000     -7.3300       -3.738599940627
           112.9100     -7.3300       -3.511271954484
           112.9200     -7.3300       -3.470340044531
           112.9300     -7.3300       -3.583417199363
           112.9400     -7.3300       -3.818294223316
           112.9500     -7.3300       -4.147554980352
           112.9600     -7.3300       -4.551936120378
           112.9700     -7.3300       -5.022027988542
           112.9800     -7.3300       -5.558157497239
           112.9900     -7.3300       -6.168552204015
           113.0000     -7.3300       -6.866123003253
           112.0000     -7.3400       16.240911292898
           112.0100     -7.3400       16.084736954081
           112.0200     -7.3400       15.759929899581
           112.0300     -7.3400       15.281790573986
           112.0400     -7.3400       14.683269593410
           112.0500     -7.3400       14.009219425157
           112.0600     -7.3400       13.309457210318
           112.0700     -7.3400       12.631621639757
           112.0800     -7.3400       12.014793560021
           112.0900     -7.3400       11.484708632966
           112.1000     -7.3400       11.051142950206
           112.1100     -7.3400       10.707734612978
           112.1200     -7.3400       10.434160146301
           112.1300     -7.3400       10.200261057470
           112.1400     -7.3400        9.971456067859
           112.1500     -7.3400        9.714612411985
           112.1600     -7.3400        9.403505275790
           112.1700     -7.3400        9.023071902844
           112.1800     -7.3400        8.571853582263
           112.1900     -7.3400        8.062287465122
           112.2000     -7.3400        7.518822945811
           112.2100     -7.3400        6.974150609799
           112.2200     -7.3400        6.464102240525
           112.2300     -7.3400        6.021971005980
           112.2400     -7.3400        5.673085739247
           112.2500     -7.3400        5.430440773802
           112.2600     -7.3400        5.292037708977
           112.2700     -7.3400        5.240357722678
           112.2800     -7.3400        5.244085189220
           112.2900     -7.3400        5.261886170466
           112.3000     -7.3400        5.247752303612
           112.3100     -7.3400        5.157192039115
           112.3200     -7.3400        4.953418852629
           112.3300     -7.3400        4.612668885844
           112.3400     -7.3400        4.127881972346
           112.3500     -7.3400        3.510187749813
           112.3600     -7.3400        2.787925781688
           112.3700     -7.3400        2.003257694941
           112.3800     -7.3400        1.206756761672
           112.3900     -7.3400        0.450642408106
           112.4000     -7.3400       -0.218474286059
           112.4100     -7.3400       -0.766380396935
           112.4200     -7.3400       -1.176669020372
           112.4300     -7.3400       -1.454005477547
           112.4400     -7.3400       -1.624751943454
           112.4500     -7.3400       -1.734780288311
           112.4600     -7.3400       -1.844660821540
           112.4700     -7.3400       -2.022754954047
           112.4800     -7.3400       -2.337018626091
           112.4900     -7.3400       -2.846504272317
           112.5000     -7.3400       -3.593607923538
           112.5100     -7.3400       -4.598035967600
           112.5200     -7.3400       -5.853270875079
           112.5300     -7.3400       -7.326020257667
           112.5400     -7.3400       -8.958775117423
           112.5500     -7.3400      -10.675225401018
           112.5600     -7.3400      -12.387930934312
           112.5700     -7.3400      -14.007367104228
           112.5800     -7.3400      -15.451292096643
           112.5900     -7.3400      -16.653337729279
           112.6000     -7.3400      -17.569814692675
           112.6100     -7.3400      -18.183934503685
           112.6200     -7.3400      -18.506958665899
           112.6300     -7.3400      -18.576152501215
           112.6400     -7.3400      -18.449801815285
           112.6500     -7.3400      -18.199898442453
           112.6600     -7.3400      -17.903373536056
           112.6700     -7.3400      -17.632922495566
           112.6800     -7.3400      -17.448503425569
           112.6900     -7.3400      -17.390498553933
           112.7000     -7.3400      -17.475317710472
           112.7100     -7.3400      -17.693921737517
           112.7200     -7.3400      -18.013389373404
           112.7300     -7.3400      -18.381287563851
           112.7400     -7.3400      -18.732276695747
           112.7500     -7.3400      -18.996128323849
           112.7600     -7.3400      -19.106183197528
           112.7700     -7.3400      -19.007248098666
           112.7800     -7.3400      -18.662022342459
           112.7900     -7.3400      -18.055344901616
           112.8000     -7.3400      -17.195834060472
           112.8100     -7.3400      -16.114816880203
           112.8200     -7.3400      -14.862774383929
           112.8300     -7.3400      -13.503819545003
           112.8400     -7.3400      -12.108943734529
           112.8500     -7.3400      -10.748887969268
           112.8600     -7.3400       -9.487505663281
           112.8700     -7.3400       -8.376385356758
           112.8800     -7.3400       -7.451310472548
           112.8900     -7.3400       -6.730875382211
           112.9000     -7.3400       -6.217287611636
           112.9100     -7.3400       -5.899102795573
           112.9200     -7.3400       -5.755398268193
           112.9300     -7.3400       -5.760722966813
           112.9400     -7.3400       -5.890085657217
           112.9500     -7.3400       -6.123268013845
           112.9600     -7.3400       -6.447868310493
           112.9700     -7.3400       -6.860677684797
           112.9800     -7.3400       -7.367236686889
           112.9900     -7.3400       -7.979681633805
           113.0000     -7.3400       -8.713233087728
           112.0000     -7.3500       15.330464693250
           112.0100     -7.3500       15.272052477153
           112.0200     -7.3500       15.057156386848
           112.0300     -7.3500       14.690449603241
           112.0400     -7.3500       14.192693438739
           112.0500     -7.3500       13.596163190973
           112.0600     -7.3500       12.938979278226
           112.0700     -7.3500       12.259181766920
           112.0800     -7.3500       11.589380702387
           112.0900     -7.3500       10.952696983713
           112.1000     -7.3500       10.360497628287
           112.1100     -7.3500        9.812155987218
           112.1200     -7.3500        9.296770414046
           112.1300     -7.3500        8.796495167015
           112.1400     -7.3500        8.290912997177
           112.1500     -7.3500        7.761739870703
           112.1600     -7.3500        7.197116467420
           112.1700     -7.3500        6.594812032732
           112.1800     -7.3500        5.963832723900
           112.1900     -7.3500        5.324164655900
           112.2000     -7.3500        4.704657654370
           112.2100     -7.3500        4.139330516840
           112.2200     -7.3500        3.662613931513
           112.2300     -7.3500        3.304210201851
           112.2400     -7.3500        3.084316659849
           112.2500     -7.3500        3.009922289438
           112.2600     -7.3500        3.072749201243
           112.2700     -7.3500        3.249190569857
           112.2800     -7.3500        3.502324156841
           112.2900     -7.3500        3.785792617709
           112.3000     -7.3500        4.049077802139
           112.3100     -7.3500        4.243492624912
           112.3200     -7.3500        4.328099364309
           112.3300     -7.3500        4.274754237274
           112.3400     -7.3500        4.071577535246
           112.3500     -7.3500        3.724344670862
           112.3600     -7.3500        3.255561307488
           112.3700     -7.3500        2.701290584481
           112.3800     -7.3500        2.106102246935
           112.3900     -7.3500        1.516772104381
           112.4000     -7.3500        0.975540769076
           112.4100     -7.3500        0.513818018040
           112.4200     -7.3500        0.147181579858
           112.4300     -7.3500       -0.127630236030
           112.4400     -7.3500       -0.333276149517
           112.4500     -7.3500       -0.509771286608
           112.4600     -7.3500       -0.710032431035
           112.4700     -7.3500       -0.993508478055
           112.4800     -7.3500       -1.418652541956
           112.4900     -7.3500       -2.035157485080
           112.5000     -7.3500       -2.876927830323
           112.5100     -7.3500       -3.956690110395
           112.5200     -7.3500       -5.262958162587
           112.5300     -7.3500       -6.759791755879
           112.5400     -7.3500       -8.389450169036
           112.5500     -7.3500      -10.077688489817
           112.5600     -7.3500      -11.741117460534
           112.5700     -7.3500      -13.295788519499
           112.5800     -7.3500      -14.666006881440
           112.5900     -7.3500      -15.792337283922
           112.6000     -7.3500      -16.637854692503
           112.6100     -7.3500      -17.191895490022
           112.6200     -7.3500      -17.470858839892
           112.6300     -7.3500      -17.515957133749
           112.6400     -7.3500      -17.388176071926
           112.6500     -7.3500      -17.161034893876
           112.6600     -7.3500      -16.911995511769
           112.6700     -7.3500      -16.713524714023
           112.6800     -7.3500      -16.624847883581
           112.6900     -7.3500      -16.685342473447
           112.7000     -7.3500      -16.910316734724
           112.7100     -7.3500      -17.289629524356
           112.7200     -7.3500      -17.789266461224
           112.7300     -7.3500      -18.355638135966
           112.7400     -7.3500      -18.922050017579
           112.7500     -7.3500      -19.416549000200
           112.7600     -7.3500      -19.770206784325
           112.7700     -7.3500      -19.924871378084
           112.7800     -7.3500      -19.839506323858
           112.7900     -7.3500      -19.494429718918
           112.8000     -7.3500      -18.893035978922
           112.8100     -7.3500      -18.060897614044
           112.8200     -7.3500      -17.042462322255
           112.8300     -7.3500      -15.895843013984
           112.8400     -7.3500      -14.686410744618
           112.8500     -7.3500      -13.480018148972
           112.8600     -7.3500      -12.336691434750
           112.8700     -7.3500      -11.305533637982
           112.8800     -7.3500      -10.421395365613
           112.8900     -7.3500       -9.703617621595
           112.9000     -7.3500       -9.156868311984
           112.9100     -7.3500       -8.773816818687
           112.9200     -7.3500       -8.539155388026
           112.9300     -7.3500       -8.434311816334
           112.9400     -7.3500       -8.442125161495
           112.9500     -7.3500       -8.550782955941
           112.9600     -7.3500       -8.756439609139
           112.9700     -7.3500       -9.064134105206
           112.9800     -7.3500       -9.486873582591
           112.9900     -7.3500      -10.043014499639
           113.0000     -7.3500      -10.752319490443
           112.0000     -7.3600       14.391064147923
           112.0100     -7.3600       14.372230490181
           112.0200     -7.3600       14.212060383542
           112.0300     -7.3600       13.906381640335
           112.0400     -7.3600       13.465362517679
           112.0500     -7.3600       12.910032688966
           112.0600     -7.3600       12.267826519173
           112.0700     -7.3600       11.567842383987
           112.0800     -7.3600       10.836511579781
           112.0900     -7.3600       10.094274986944
           112.1000     -7.3600        9.353690575222
           112.1100     -7.3600        8.619166093214
           112.1200     -7.3600        7.888261735850
           112.1300     -7.3600        7.154272419482
           112.1400     -7.3600        6.409611212864
           112.1500     -7.3600        5.649400261765
           112.1600     -7.3600        4.874648634364
           112.1700     -7.3600        4.094460951188
           112.1800     -7.3600        3.326866783101
           112.1900     -7.3600        2.598067620789
           112.2000     -7.3600        1.940136362145
           112.2100     -7.3600        1.387440009094
           112.2200     -7.3600        0.972256178489
           112.2300     -7.3600        0.720189549931
           112.2400     -7.3600        0.646045724878
           112.2500     -7.3600        0.750778905853
           112.2600     -7.3600        1.020000766733
           112.2700     -7.3600        1.424337471432
           112.2800     -7.3600        1.921676572939
           112.2900     -7.3600        2.461088478678
           112.3000     -7.3600        2.987973300304
           112.3100     -7.3600        3.449805507130
           112.3200     -7.3600        3.801751080282
           112.3300     -7.3600        4.011429484112
           112.3400     -7.3600        4.062187786996
           112.3500     -7.3600        3.954435710749
           112.3600     -7.3600        3.704835610374
           112.3700     -7.3600        3.343418918882
           112.3800     -7.3600        2.908974238271
           112.3900     -7.3600        2.443285819579
           112.4000     -7.3600        1.984963225367
           112.4100     -7.3600        1.563671034913
           112.4200     -7.3600        1.195531062703
           112.4300     -7.3600        0.880331740127
           112.4400     -7.3600        0.600956334745
           112.4500     -7.3600        0.325161101187
           112.4600     -7.3600        0.009531642547
           112.4700     -7.3600       -0.394840595257
           112.4800     -7.3600       -0.935652611035
           112.4900     -7.3600       -1.652494508914
           112.5000     -7.3600       -2.570648406073
           112.5100     -7.3600       -3.696398211432
           112.5200     -7.3600       -5.014495091216
           112.5300     -7.3600       -6.488167388979
           112.5400     -7.3600       -8.061754657502
           112.5500     -7.3600       -9.665721453932
           112.5600     -7.3600      -11.223508021322
           112.5700     -7.3600      -12.659439430473
           112.5800     -7.3600      -13.906772079939
           112.5900     -7.3600      -14.914925145022
           112.6000     -7.3600      -15.655029363736
           112.6100     -7.3600      -16.123116784463
           112.6200     -7.3600      -16.340549882454
           112.6300     -7.3600      -16.351613487430
           112.6400     -7.3600      -16.218528690996
           112.6500     -7.3600      -16.014453407033
           112.6600     -7.3600      -15.815272351116
           112.6700     -7.3600      -15.691121025497
           112.6800     -7.3600      -15.698616865569
           112.6900     -7.3600      -15.874682988369
           112.7000     -7.3600      -16.232657213088
           112.7100     -7.3600      -16.761105233214
           112.7200     -7.3600      -17.425435807430
           112.7300     -7.3600      -18.172086920859
           112.7400     -7.3600      -18.934754990791
           112.7500     -7.3600      -19.641909970213
           112.7600     -7.3600      -20.224704565448
           112.7700     -7.3600      -20.624360714671
           112.7800     -7.3600      -20.798202273788
           112.7900     -7.3600      -20.723687131301
           112.8000     -7.3600      -20.400050324070
           112.8100     -7.3600      -19.847468925014
           112.8200     -7.3600      -19.103961714941
           112.8300     -7.3600      -18.220504329825
           112.8400     -7.3600      -17.255040995496
           112.8500     -7.3600      -16.266183381026
           112.8600     -7.3600      -15.307393606970
           112.8700     -7.3600      -14.422353313450
           112.8800     -7.3600      -13.642038079162
           112.8900     -7.3600      -12.983771476588
           112.9000     -7.3600      -12.452258376301
           112.9100     -7.3600      -12.042328893219
           112.9200     -7.3600      -11.742897477211
           112.9300     -7.3600      -11.541485282094
           112.9400     -7.3600      -11.428587917879
           112.9500     -7.3600      -11.401202969691
           112.9600     -7.3600      -11.464957416018
           112.9700     -7.3600      -11.634477337691
           112.9800     -7.3600      -11.931894207963
           112.9900     -7.3600      -12.383650288176
           113.0000     -7.3600      -13.016014760720
           112.0000     -7.3700       13.382772168088
           112.0100     -7.3700       13.337073412386
           112.0200     -7.3700       13.168257399227
           112.0300     -7.3700       12.865444882779
           112.0400     -7.3700       12.430194817391
           112.0500     -7.3700       11.874021952041
           112.0600     -7.3700       11.215071275816
           112.0700     -7.3700       10.474501131593
           112.0800     -7.3700        9.673130562834
           112.0900     -7.3700        8.828832176515
           112.1000     -7.3700        7.955011790954
           112.1100     -7.3700        7.060331545681
           112.1200     -7.3700        6.149630999887
           112.1300     -7.3700        5.225810152532
           112.1400     -7.3700        4.292286468993
           112.1500     -7.3700        3.355546417247
           112.1600     -7.3700        2.427293611384
           112.1700     -7.3700        1.525752975978
           112.1800     -7.3700        0.675815230956
           112.1900     -7.3700       -0.092119257255
           112.2000     -7.3700       -0.744538428734
           112.2100     -7.3700       -1.248203148848
           112.2200     -7.3700       -1.574098788994
           112.2300     -7.3700       -1.701425354038
           112.2400     -7.3700       -1.621061477294
           112.2500     -7.3700       -1.337980513496
           112.2600     -7.3700       -0.872214881356
           112.2700     -7.3700       -0.258143147143
           112.2800     -7.3700        0.457910051222
           112.2900     -7.3700        1.221546920026
           112.3000     -7.3700        1.975225456211
           112.3100     -7.3700        2.663674797160
           112.3200     -7.3700        3.239145942933
           112.3300     -7.3700        3.665849361170
           112.3400     -7.3700        3.923018986641
           112.3500     -7.3700        4.006205729332
           112.3600     -7.3700        3.926622727894
           112.3700     -7.3700        3.708611450686
           112.3800     -7.3700        3.385540447816
           112.3900     -7.3700        2.994655212507
           112.4000     -7.3700        2.571540557176
           112.4100     -7.3700        2.144916394503
           112.4200     -7.3700        1.732454678666
           112.4300     -7.3700        1.338182278361
           112.4400     -7.3700        0.951836212183
           112.4500     -7.3700        0.550288451664
           112.4600     -7.3700        0.100888792378
           112.4700     -7.3700       -0.433679533770
           112.4800     -7.3700       -1.089642870631
           112.4900     -7.3700       -1.896221177557
           112.5000     -7.3700       -2.870333582277
           112.5100     -7.3700       -4.012644760443
           112.5200     -7.3700       -5.305517314206
           112.5300     -7.3700       -6.713206403187
           112.5400     -7.3700       -8.184357081542
           112.5500     -7.3700       -9.656576263216
           112.5600     -7.3700      -11.062586102501
           112.5700     -7.3700      -12.337257394199
           112.5800     -7.3700      -13.424697098073
           112.5900     -7.3700      -14.284539766553
           112.6000     -7.3700      -14.896672615977
           112.6100     -7.3700      -15.263799375296
           112.6200     -7.3700      -15.411498089934
           112.6300     -7.3700      -15.385722584815
           112.6400     -7.3700      -15.248000471676
           112.6500     -7.3700      -15.068855379693
           112.6600     -7.3700      -14.920193840735
           112.6700     -7.3700      -14.867521892255
           112.6800     -7.3700      -14.962877709133
           112.6900     -7.3700      -15.239281887836
           112.7000     -7.3700      -15.707326845171
           112.7100     -7.3700      -16.354273323558
           112.7200     -7.3700      -17.145726308552
           112.7300     -7.3700      -18.029660907577
           112.7400     -7.3700      -18.942297614082
           112.7500     -7.3700      -19.815118597480
           112.7600     -7.3700      -20.582196895611
           112.7700     -7.3700      -21.186992275493
           112.7800     -7.3700      -21.587852025963
           112.7900     -7.3700      -21.761630298477
           112.8000     -7.3700      -21.705082901786
           112.8100     -7.3700      -21.433974543490
           112.8200     -7.3700      -20.980116984217
           112.8300     -7.3700      -20.386804213149
           112.8400     -7.3700      -19.703293964106
           112.8500     -7.3700      -18.979081499202
           112.8600     -7.3700      -18.258710590777
           112.8700     -7.3700      -17.577769520664
           112.8800     -7.3700      -16.960540407544
           112.8900     -7.3700      -16.419532416008
           112.9000     -7.3700      -15.956864858991
           112.9100     -7.3700      -15.567209630768
           112.9200     -7.3700      -15.241787404240
           112.9300     -7.3700      -14.972766765209
           112.9400     -7.3700      -14.757359080592
           112.9500     -7.3700      -14.600942072441
           112.9600     -7.3700      -14.518676978557
           112.9700     -7.3700      -14.535291104508
           112.9800     -7.3700      -14.682952970375
           112.9900     -7.3700      -14.997438098829
           113.0000     -7.3700      -15.513034422822
           112.0000     -7.3800       12.264907032897
           112.0100     -7.3800       12.123995076843
           112.0200     -7.3800       11.880937415601
           112.0300     -7.3800       11.520468191120
           112.0400     -7.3800       11.037745070083
           112.0500     -7.3800       10.436754665980
           112.0600     -7.3800        9.728020594290
           112.0700     -7.3800        8.926027962162
           112.0800     -7.3800        8.046784796681
           112.0900     -7.3800        7.105886912198
           112.1000     -7.3800        6.117347108551
           112.1100     -7.3800        5.093308623998
           112.1200     -7.3800        4.044607520059
           112.1300     -7.3800        2.982002094753
           112.1400     -7.3800        1.917771094398
           112.1500     -7.3800        0.867313621221
           112.1600     -7.3800       -0.149627394448
           112.1700     -7.3800       -1.108447370582
           112.1800     -7.3800       -1.980094763087
           112.1900     -7.3800       -2.732503625128
           112.2000     -7.3800       -3.332968802518
           112.2100     -7.3800       -3.751231980879
           112.2200     -7.3800       -3.962917245891
           112.2300     -7.3800       -3.952871839505
           112.2400     -7.3800       -3.717944815958
           112.2500     -7.3800       -3.268778629100
           112.2600     -7.3800       -2.630292636772
           112.2700     -7.3800       -1.840690775600
           112.2800     -7.3800       -0.949008825925
           112.2900     -7.3800       -0.011405761559
           112.3000     -7.3800        0.913426725986
           112.3100     -7.3800        1.769235694641
           112.3200     -7.3800        2.506992845124
           112.3300     -7.3800        3.088933970842
           112.3400     -7.3800        3.491369346773
           112.3500     -7.3800        3.705924770262
           112.3600     -7.3800        3.739062248636
           112.3700     -7.3800        3.609941900772
           112.3800     -7.3800        3.346895321732
           112.3900     -7.3800        2.982958272127
           112.4000     -7.3800        2.551033488944
           112.4100     -7.3800        2.079305785251
           112.4200     -7.3800        1.587503557757
           112.4300     -7.3800        1.084495690727
           112.4400     -7.3800        0.567543007449
           112.4500     -7.3800        0.023309824681
           112.4600     -7.3800       -0.569489262241
           112.4700     -7.3800       -1.236149994097
           112.4800     -7.3800       -2.001265880098
           112.4900     -7.3800       -2.883874245991
           112.5000     -7.3800       -3.893125176719
           112.5100     -7.3800       -5.025084752984
           112.5200     -7.3800       -6.261151138416
           112.5300     -7.3800       -7.568364961085
           112.5400     -7.3800       -8.901658156177
           112.5500     -7.3800      -10.207837538392
           112.5600     -7.3800      -11.430872134995
           112.5700     -7.3800      -12.517875800073
           112.5800     -7.3800      -13.425071994816
           112.5900     -7.3800      -14.123010096748
           112.6000     -7.3800      -14.600375644300
           112.6100     -7.3800      -14.865892661647
           112.6200     -7.3800      -14.948036344623
           112.6300     -7.3800      -14.892532410568
           112.6400     -7.3800      -14.757883859628
           112.6500     -7.3800      -14.609404251480
           112.6600     -7.3800      -14.512419365702
           112.6700     -7.3800      -14.525403489752
           112.6800     -7.3800      -14.693829349673
           112.6900     -7.3800      -15.045429916861
           112.7000     -7.3800      -15.587405590091
           112.7100     -7.3800      -16.305881554188
           112.7200     -7.3800      -17.167655368876
           112.7300     -7.3800      -18.124006422583
           112.7400     -7.3800      -19.116099618740
           112.7500     -7.3800      -20.081334726118
           112.7600     -7.3800      -20.959892123443
           112.7700     -7.3800      -21.700717100856
           112.7800     -7.3800      -22.266268860636
           112.7900     -7.3800      -22.635525776163
           112.8000     -7.3800      -22.804964081945
           112.8100     -7.3800      -22.787484285575
           112.8200     -7.3800      -22.609515671189
           112.8300     -7.3800      -22.306752005902
           112.8400     -7.3800      -21.919132978571
           112.8500     -7.3800      -21.485765849807
           112.8600     -7.3800      -21.040470520340
           112.8700     -7.3800      -20.608530617659
           112.8800     -7.3800      -20.205056566996
           112.8900     -7.3800      -19.835137027223
           112.9000     -7.3800      -19.495702481029
           112.9100     -7.3800      -19.178782214410
           112.9200     -7.3800      -18.875635355625
           112.9300     -7.3800      -18.581104858090
           112.9400     -7.3800      -18.297498479087
           112.9500     -7.3800      -18.037350095239
           112.9600     -7.3800      -17.824553239157
           112.9700     -7.3800      -17.693570117335
           112.9800     -7.3800      -17.686677529610
           112.9900     -7.3800      -17.849483545640
           113.0000     -7.3800      -18.225200536444
           112.0000     -7.3900       10.997505030979
           112.0100     -7.3900       10.697933414678
           112.0200     -7.3900       10.319238711349
           112.0300     -7.3900        9.844074159624
           112.0400     -7.3900        9.263443336205
           112.0500     -7.3900        8.575884207566
           112.0600     -7.3900        7.786105736206
           112.0700     -7.3900        6.903357592587
           112.0800     -7.3900        5.939822870771
           112.0900     -7.3900        4.909289645752
           112.1000     -7.3900        3.826285615634
           112.1100     -7.3900        2.705762215828
           112.1200     -7.3900        1.563305541635
           112.1300     -7.3900        0.415747874973
           112.1400     -7.3900       -0.718028470410
           112.1500     -7.3900       -1.816351008029
           112.1600     -7.3900       -2.854342120382
           112.1700     -7.3900       -3.804052149940
           112.1800     -7.3900       -4.635285432014
           112.1900     -7.3900       -5.317157447780
           112.2000     -7.3900       -5.820300938555
           112.2100     -7.3900       -6.119522400264
           112.2200     -7.3900       -6.196615378530
           112.2300     -7.3900       -6.042978401414
           112.2400     -7.3900       -5.661673513332
           112.2500     -7.3900       -5.068600242879
           112.2600     -7.3900       -4.292546491178
           112.2700     -7.3900       -3.374002545893
           112.2800     -7.3900       -2.362771886313
           112.2900     -7.3900       -1.314563678714
           112.3000     -7.3900       -0.286886747511
           112.3100     -7.3900        0.665335222152
           112.3200     -7.3900        1.493956909846
           112.3300     -7.3900        2.161149789966
           112.3400     -7.3900        2.641888267304
           112.3500     -7.3900        2.925103542003
           112.3600     -7.3900        3.013380760059
           112.3700     -7.3900        2.921249442296
           112.3800     -7.3900        2.672288515222
           112.3900     -7.3900        2.295413407980
           112.4000     -7.3900        1.820814371246
           112.4100     -7.3900        1.276058553992
           112.4200     -7.3900        0.682846888062
           112.4300     -7.3900        0.054832214528
           112.4400     -7.3900       -0.603232715589
           112.4500     -7.3900       -1.294922724513
           112.4600     -7.3900       -2.030236756418
           112.4700     -7.3900       -2.822635379296
           112.4800     -7.3900       -3.685436265987
           112.4900     -7.3900       -4.628077320606
           112.5000     -7.3900       -5.652784404240
           112.5100     -7.3900       -6.752137924051
           112.5200     -7.3900       -7.907924206032
           112.5300     -7.3900       -9.091496418026
           112.5400     -7.3900      -10.265675685698
           112.5500     -7.3900      -11.388020339368
           112.5600     -7.3900      -12.415105824709
           112.5700     -7.3900      -13.307313788233
           112.5800     -7.3900      -14.033545397092
           112.5900     -7.3900      -14.575262850775
           112.6000     -7.3900      -14.929327064793
           112.6100     -7.3900      -15.109231951869
           112.6200     -7.3900      -15.144521146408
           112.6300     -7.3900      -15.078389063917
           112.6400     -7.3900      -14.963688348461
           112.6500     -7.3900      -14.857762663565
           112.6600     -7.3900      -14.816672623955
           112.6700     -7.3900      -14.889464368051
           112.6800     -7.3900      -15.113133933347
           112.6900     -7.3900      -15.508864945507
           112.7000     -7.3900      -16.079970771609
           112.7100     -7.3900      -16.811772710322
           112.7200     -7.3900      -17.673417259470
           112.7300     -7.3900      -18.621406062192
           112.7400     -7.3900      -19.604410135128
           112.7500     -7.3900      -20.568790522712
           112.7600     -7.3900      -21.464169276101
           112.7700     -7.3900      -22.248397488437
           112.7800     -7.3900      -22.891350781925
           112.7900     -7.3900      -23.377136738490
           112.8000     -7.3900      -23.704503977327
           112.8100     -7.3900      -23.885473044727
           112.8200     -7.3900      -23.942435789266
           112.8300     -7.3900      -23.904163566542
           112.8400     -7.3900      -23.801300543194
           112.8500     -7.3900      -23.661978805377
           112.8600     -7.3900      -23.508168659009
           112.8700     -7.3900      -23.353272807843
           112.8800     -7.3900      -23.201299837238
           112.8900     -7.3900      -23.047732405820
           112.9000     -7.3900      -22.881966864078
           112.9100     -7.3900      -22.690974637248
           112.9200     -7.3900      -22.463651555857
           112.9300     -7.3900      -22.195204476818
           112.9400     -7.3900      -21.890891991151
           112.9500     -7.3900      -21.568494337893
           112.9600     -7.3900      -21.259031965917
           112.9700     -7.3900      -21.005466560367
           112.9800     -7.3900      -20.859377510972
           112.9900     -7.3900      -20.875879106883
           113.0000     -7.3900      -21.107294982232
           112.0000     -7.4000        9.542658645789
           112.0100     -7.4000        9.032445772696
           112.0200     -7.4000        8.467165898656
           112.0300     -7.4000        7.829479070762
           112.0400     -7.4000        7.108328871660
           112.0500     -7.4000        6.298805452126
           112.0600     -7.4000        5.401607475910
           112.0700     -7.4000        4.422255297833
           112.0800     -7.4000        3.370220120113
           112.0900     -7.4000        2.258120016318
           112.1000     -7.4000        1.101096138052
           112.1100     -7.4000       -0.083572660886
           112.1200     -7.4000       -1.276622160686
           112.1300     -7.4000       -2.456789176728
           112.1400     -7.4000       -3.600748662289
           112.1500     -7.4000       -4.683146854774
           112.1600     -7.4000       -5.676878078535
           112.1700     -7.4000       -6.553727000466
           112.1800     -7.4000       -7.285446893570
           112.1900     -7.4000       -7.845274520085
           112.2000     -7.4000       -8.209803511592
           112.2100     -7.4000       -8.361062347595
           112.2200     -7.4000       -8.288582139175
           112.2300     -7.4000       -7.991203770116
           112.2400     -7.4000       -7.478370763720
           112.2500     -7.4000       -6.770686460910
           112.2600     -7.4000       -5.899579748963
           112.2700     -7.4000       -4.906015888073
           112.2800     -7.4000       -3.838297095748
           112.2900     -7.4000       -2.749107899177
           112.3000     -7.4000       -1.692058329407
           112.3100     -7.4000       -0.718050283060
           112.3200     -7.4000        0.128171837098
           112.3300     -7.4000        0.810932011181
           112.3400     -7.4000        1.305691294692
           112.3500     -7.4000        1.600059749599
           112.3600     -7.4000        1.693654838704
           112.3700     -7.4000        1.596841818848
           112.3800     -7.4000        1.328522103105
           112.3900     -7.4000        0.913247530043
           112.4000     -7.4000        0.378017367700
           112.4100     -7.4000       -0.250849979227
           112.4200     -7.4000       -0.950392441461
           112.4300     -7.4000       -1.702910673400
           112.4400     -7.4000       -2.496891728485
           112.4500     -7.4000       -3.326867161452
           112.4600     -7.4000       -4.192265074357
           112.4700     -7.4000       -5.095451277320
           112.4800     -7.4000       -6.039265881568
           112.4900     -7.4000       -7.024433368687
           112.5000     -7.4000       -8.047246437991
           112.5100     -7.4000       -9.097892936485
           112.5200     -7.4000      -10.159714005097
           112.5300     -7.4000      -11.209559908547
           112.5400     -7.4000      -12.219262994754
           112.5500     -7.4000      -13.158093594162
           112.5600     -7.4000      -13.995924402512
           112.5700     -7.4000      -14.706720652966
           112.5800     -7.4000      -15.271912078690
           112.5900     -7.4000      -15.683197443895
           112.6000     -7.4000      -15.944385387052
           112.6100     -7.4000      -16.071981131138
           112.6200     -7.4000      -16.094375022650
           112.6300     -7.4000      -16.049658146048
           112.6400     -7.4000      -15.982261400871
           112.6500     -7.4000      -15.938765724014
           112.6600     -7.4000      -15.963342966132
           112.6700     -7.4000      -16.093344284761
           112.6800     -7.4000      -16.355547408339
           112.6900     -7.4000      -16.763505169608
           112.7000     -7.4000      -17.316312739607
           112.7100     -7.4000      -17.998944672606
           112.7200     -7.4000      -18.784125349676
           112.7300     -7.4000      -19.635510872156
           112.7400     -7.4000      -20.511800247785
           112.7500     -7.4000      -21.371279371723
           112.7600     -7.4000      -22.176247918794
           112.7700     -7.4000      -22.896794457347
           112.7800     -7.4000      -23.513467928895
           112.7900     -7.4000      -24.018534570660
           112.8000     -7.4000      -24.415691292550
           112.8100     -7.4000      -24.718306827441
           112.8200     -7.4000      -24.946455252384
           112.8300     -7.4000      -25.123167721144
           112.8400     -7.4000      -25.270436021268
           112.8500     -7.4000      -25.405540809061
           112.8600     -7.4000      -25.538241445247
           112.8700     -7.4000      -25.669256078803
           112.8800     -7.4000      -25.790292169126
           112.8900     -7.4000      -25.885679192880
           112.9000     -7.4000      -25.935432737140
           112.9100     -7.4000      -25.919370996588
           112.9200     -7.4000      -25.821738391860
           112.9300     -7.4000      -25.635689703131
           112.9400     -7.4000      -25.366967401405
           112.9500     -7.4000      -25.036170750706
           112.9600     -7.4000      -24.679163041132
           112.9700     -7.4000      -24.345377840391
           112.9800     -7.4000      -24.094042351816
           112.9900     -7.4000      -23.988605541677
           113.0000     -7.4000      -24.089907641128
           112.0000     -7.4100        7.865944240656
           112.0100     -7.4100        7.110206317540
           112.0200     -7.4100        6.323269123397
           112.0300     -7.4100        5.489477109545
           112.0400     -7.4100        4.597471258411
           112.0500     -7.4100        3.640650253414
           112.0600     -7.4100        2.617365313089
           112.0700     -7.4100        1.530877490661
           112.0800     -7.4100        0.389122953207
           112.0900     -7.4100       -0.795660966316
           112.1000     -7.4100       -2.007399192351
           112.1100     -7.4100       -3.226694386494
           112.1200     -7.4100       -4.431375896424
           112.1300     -7.4100       -5.597084824017
           112.1400     -7.4100       -6.697916807266
           112.1500     -7.4100       -7.707156283803
           112.1600     -7.4100       -8.598137952519
           112.1700     -7.4100       -9.345261116832
           112.1800     -7.4100       -9.925160924119
           112.1900     -7.4100      -10.318009739145
           112.2000     -7.4100      -10.508886437687
           112.2100     -7.4100      -10.489117015595
           112.2200     -7.4100      -10.257462772803
           112.2300     -7.4100       -9.821018139550
           112.2400     -7.4100       -9.195683203816
           112.2500     -7.4100       -8.406098196091
           112.2600     -7.4100       -7.484967910047
           112.2700     -7.4100       -6.471759805927
           112.2800     -7.4100       -5.410824384418
           112.2900     -7.4100       -4.349052559606
           112.3000     -7.4100       -3.333243617934
           112.3100     -7.4100       -2.407400695126
           112.3200     -7.4100       -1.610191824628
           112.3300     -7.4100       -0.972809336698
           112.3400     -7.4100       -0.517427788139
           112.3500     -7.4100       -0.256403289961
           112.3600     -7.4100       -0.192281040747
           112.3700     -7.4100       -0.318591744314
           112.3800     -7.4100       -0.621331735675
           112.3900     -7.4100       -1.080946763668
           112.4000     -7.4100       -1.674585142147
           112.4100     -7.4100       -2.378359687439
           112.4200     -7.4100       -3.169363411222
           112.4300     -7.4100       -4.027221218108
           112.4400     -7.4100       -4.935024622228
           112.4500     -7.4100       -5.879580817624
           112.4600     -7.4100       -6.851000641095
           112.4700     -7.4100       -7.841739971769
           112.4800     -7.4100       -8.845283986116
           112.4900     -7.4100       -9.854713226116
           112.5000     -7.4100      -10.861407560421
           112.5100     -7.4100      -11.854125882393
           112.5200     -7.4100      -12.818647491297
           112.5300     -7.4100      -13.738081774002
           112.5400     -7.4100      -14.593856103669
           112.5500     -7.4100      -15.367290457103
           112.5600     -7.4100      -16.041574774814
           112.5700     -7.4100      -16.603894409398
           112.5800     -7.4100      -17.047410477495
           112.5900     -7.4100      -17.372801938367
           112.6000     -7.4100      -17.589116238706
           112.6100     -7.4100      -17.713751592922
           112.6200     -7.4100      -17.771497686520
           112.6300     -7.4100      -17.792680135441
           112.6400     -7.4100      -17.810572342901
           112.6500     -7.4100      -17.858340898750
           112.6600     -7.4100      -17.965863309408
           112.6700     -7.4100      -18.156788972123
           112.6800     -7.4100      -18.446200157765
           112.6900     -7.4100      -18.839169395940
           112.7000     -7.4100      -19.330409119700
           112.7100     -7.4100      -19.905080200102
           112.7200     -7.4100      -20.540683679841
           112.7300     -7.4100      -21.209822445659
           112.7400     -7.4100      -21.883504633318
           112.7500     -7.4100      -22.534583834879
           112.7600     -7.4100      -23.140903915430
           112.7700     -7.4100      -23.687743729334
           112.7800     -7.4100      -24.169237690395
           112.7900     -7.4100      -24.588573540016
           112.8000     -7.4100      -24.956924249346
           112.8100     -7.4100      -25.291237829815
           112.8200     -7.4100      -25.611165771675
           112.8300     -7.4100      -25.935537170612
           112.8400     -7.4100      -26.278863703850
           112.8500     -7.4100      -26.648378285257
           112.8600     -7.4100      -27.042062470770
           112.8700     -7.4100      -27.448007634416
           112.8800     -7.4100      -27.845293789920
           112.8900     -7.4100      -28.206375883381
           112.9000     -7.4100      -28.500763621671
           112.9100     -7.4100      -28.699592933732
           112.9200     -7.4100      -28.780539718863
           112.9300     -7.4100      -28.732440463569
           112.9400     -7.4100      -28.558973808331
           112.9500     -7.4100      -28.280827729130
           112.9600     -7.4100      -27.935924418196
           112.9700     -7.4100      -27.577485289568
           112.9800     -7.4100      -27.269969484830
           112.9900     -7.4100      -27.083182448192
           113.0000     -7.4100      -27.085095334723
           112.0000     -7.4200        5.938124447288
           112.0100     -7.4200        4.923170625526
           112.0200     -7.4200        3.899415133691
           112.0300     -7.4200        2.853990566675
           112.0400     -7.4200        1.776496810428
           112.0500     -7.4200        0.660006142969
           112.0600     -7.4200       -0.498082902650
           112.0700     -7.4200       -1.695433717821
           112.0800     -7.4200       -2.924469653411
           112.0900     -7.4200       -4.172419675234
           112.1000     -7.4200       -5.421716826436
           112.1100     -7.4200       -6.650723888573
           112.1200     -7.4200       -7.834735117081
           112.1300     -7.4200       -8.947184956881
           112.1400     -7.4200       -9.960985086209
           112.1500     -7.4200      -10.849909531785
           112.1600     -7.4200      -11.589952435498
           112.1700     -7.4200      -12.160592192887
           112.1800     -7.4200      -12.545906836213
           112.1900     -7.4200      -12.735496708036
           112.2000     -7.4200      -12.725180316469
           112.2100     -7.4200      -12.517437261620
           112.2200     -7.4200      -12.121578588255
           112.2300     -7.4200      -11.553630829048
           112.2400     -7.4200      -10.835926688833
           112.2500     -7.4200       -9.996404094794
           112.2600     -7.4200       -9.067627108404
           112.2700     -7.4200       -8.085557162184
           112.2800     -7.4200       -7.088120562972
           112.2900     -7.4200       -6.113636619701
           112.3000     -7.4200       -5.199187817879
           112.3100     -7.4200       -4.379026499244
           112.3200     -7.4200       -3.683118884629
           112.3300     -7.4200       -3.135924894399
           112.3400     -7.4200       -2.755499914718
           112.3500     -7.4200       -2.552982535263
           112.3600     -7.4200       -2.532501847686
           112.3700     -7.4200       -2.691501972499
           112.3800     -7.4200       -3.021443940023
           112.3900     -7.4200       -3.508810320902
           112.4000     -7.4200       -4.136310491653
           112.4100     -7.4200       -4.884167884503
           112.4200     -7.4200       -5.731367529200
           112.4300     -7.4200       -6.656753500952
           112.4400     -7.4200       -7.639890506484
           112.4500     -7.4200       -8.661638881704
           112.4600     -7.4200       -9.704433304682
           112.4700     -7.4200      -10.752297107204
           112.4800     -7.4200      -11.790660467537
           112.4900     -7.4200      -12.806076758125
           112.5000     -7.4200      -13.785942940659
           112.5100     -7.4200      -14.718325066761
           112.5200     -7.4200      -15.591968844783
           112.5300     -7.4200      -16.396540413746
           112.5400     -7.4200      -17.123098574214
           112.5500     -7.4200      -17.764752965489
           112.5600     -7.4200      -18.317420001786
           112.5700     -7.4200      -18.780556538763
           112.5800     -7.4200      -19.157735815052
           112.5900     -7.4200      -19.456934744406
           112.6000     -7.4200      -19.690427009136
           112.6100     -7.4200      -19.874220564284
           112.6200     -7.4200      -20.027036205916
           112.6300     -7.4200      -20.168888555711
           112.6400     -7.4200      -20.319393465150
           112.6500     -7.4200      -20.495977386419
           112.6600     -7.4200      -20.712196507027
           112.6700     -7.4200      -20.976380275261
           112.6800     -7.4200      -21.290792268125
           112.6900     -7.4200      -21.651451755641
           112.7000     -7.4200      -22.048686219537
           112.7100     -7.4200      -22.468396423556
           112.7200     -7.4200      -22.893922024337
           112.7300     -7.4200      -23.308309224334
           112.7400     -7.4200      -23.696714615739
           112.7500     -7.4200      -24.048641513309
           112.7600     -7.4200      -24.359703963773
           112.7700     -7.4200      -24.632652201006
           112.7800     -7.4200      -24.877469570666
           112.7900     -7.4200      -25.110457816372
           112.8000     -7.4200      -25.352353569244
           112.8100     -7.4200      -25.625649096908
           112.8200     -7.4200      -25.951408424249
           112.8300     -7.4200      -26.345959802073
           112.8400     -7.4200      -26.817893592179
           112.8500     -7.4200      -27.365791721113
           112.8600     -7.4200      -27.977057488056
           112.8700     -7.4200      -28.628105863013
           112.8800     -7.4200      -29.286024292851
           112.8900     -7.4200      -29.911638110052
           112.9000     -7.4200      -30.463732859489
           112.9100     -7.4200      -30.904020256060
           112.9200     -7.4200      -31.202306596099
           112.9300     -7.4200      -31.341250630537
           112.9400     -7.4200      -31.320094910863
           112.9500     -7.4200      -31.156825669986
           112.9600     -7.4200      -30.888358019638
           112.9700     -7.4200      -30.568543541954
           112.9800     -7.4200      -30.264036357758
           112.9900     -7.4200      -30.048305756095
           113.0000     -7.4200      -29.994319649410
           112.0000     -7.4300        3.737230290757
           112.0100     -7.4300        2.472657819895
           112.0200     -7.4300        1.219027361028
           112.0300     -7.4300       -0.033330305290
           112.0400     -7.4300       -1.293211223645
           112.0500     -7.4300       -2.567011054373
           112.0600     -7.4300       -3.857261330929
           112.0700     -7.4300       -5.161436849202
           112.0800     -7.4300       -6.471209858602
           112.0900     -7.4300       -7.772271578458
           112.1000     -7.4300       -9.044771678296
           112.1100     -7.4300      -10.264351591429
           112.1200     -7.4300      -11.403677788317
           112.1300     -7.4300      -12.434325087135
           112.1400     -7.4300      -13.328824097428
           112.1500     -7.4300      -14.062674383839
           112.1600     -7.4300      -14.616136089918
           112.1700     -7.4300      -14.975644746737
           112.1800     -7.4300      -15.134741530720
           112.1900     -7.4300      -15.094467463216
           112.2000     -7.4300      -14.863227507334
           112.2100     -7.4300      -14.456182184223
           112.2200     -7.4300      -13.894264473520
           112.2300     -7.4300      -13.202944601162
           112.2400     -7.4300      -12.410873357988
           112.2500     -7.4300      -11.548526638269
           112.2600     -7.4300      -10.646952738641
           112.2700     -7.4300       -9.736693872883
           112.2800     -7.4300       -8.846919352059
           112.2900     -7.4300       -8.004774982950
           112.3000     -7.4300       -7.234925805608
           112.3100     -7.4300       -6.559250464711
           112.3200     -7.4300       -5.996636885404
           112.3300     -7.4300       -5.562830469635
           112.3400     -7.4300       -5.270296226777
           112.3500     -7.4300       -5.128072453474
           112.3600     -7.4300       -5.141612478433
           112.3700     -7.4300       -5.312629170792
           112.3800     -7.4300       -5.638971354299
           112.3900     -7.4300       -6.114569764027
           112.4000     -7.4300       -6.729491591455
           112.4100     -7.4300       -7.470137009236
           112.4200     -7.4300       -8.319599433110
           112.4300     -7.4300       -9.258195565907
           112.4400     -7.4300      -10.264153844475
           112.4500     -7.4300      -11.314433215491
           112.4600     -7.4300      -12.385630344607
           112.4700     -7.4300      -13.454923968876
           112.4800     -7.4300      -14.501000924874
           112.4900     -7.4300      -15.504909414711
           112.5000     -7.4300      -16.450790600519
           112.5100     -7.4300      -17.326448444375
           112.5200     -7.4300      -18.123728417327
           112.5300     -7.4300      -18.838686938590
           112.5400     -7.4300      -19.471544138061
           112.5500     -7.4300      -20.026422198488
           112.5600     -7.4300      -20.510880081612
           112.5700     -7.4300      -20.935263268067
           112.5800     -7.4300      -21.311894892474
           112.5900     -7.4300      -21.654142980566
           112.6000     -7.4300      -21.975407768062
           112.6100     -7.4300      -22.288083160871
           112.6200     -7.4300      -22.602556483678
           112.6300     -7.4300      -22.926319285944
           112.6400     -7.4300      -23.263267122975
           112.6500     -7.4300      -23.613265648515
           112.6600     -7.4300      -23.972051938571
           112.6700     -7.4300      -24.331522216074
           112.6800     -7.4300      -24.680429612686
           112.6900     -7.4300      -25.005479229482
           112.7000     -7.4300      -25.292765049948
           112.7100     -7.4300      -25.529448238910
           112.7200     -7.4300      -25.705534264795
           112.7300     -7.4300      -25.815573015283
           112.7400     -7.4300      -25.860087480346
           112.7500     -7.4300      -25.846537588798
           112.7600     -7.4300      -25.789649596394
           112.7700     -7.4300      -25.710988766907
           112.7800     -7.4300      -25.637721759291
           112.7900     -7.4300      -25.600599868125
           112.8000     -7.4300      -25.631286995899
           112.8100     -7.4300      -25.759246784443
           112.8200     -7.4300      -26.008480447034
           112.8300     -7.4300      -26.394459513484
           112.8400     -7.4300      -26.921616593310
           112.8500     -7.4300      -27.581736095852
           112.8600     -7.4300      -28.353523525900
           112.8700     -7.4300      -29.203529311128
           112.8800     -7.4300      -30.088469002346
           112.8900     -7.4300      -30.958828633466
           112.9000     -7.4300      -31.763488097493
           112.9100     -7.4300      -32.454954578946
           112.9200     -7.4300      -32.994690292288
           112.9300     -7.4300      -33.357959663993
           112.9400     -7.4300      -33.537621966768
           112.9500     -7.4300      -33.546361491966
           112.9600     -7.4300      -33.416976631778
           112.9700     -7.4300      -33.200532167660
           112.9800     -7.4300      -32.962399019319
           112.9900     -7.4300      -32.776440480034
           113.0000     -7.4300      -32.717827919187
           112.0000     -7.4400        1.251005245051
           112.0100     -7.4400       -0.230469838050
           112.0200     -7.4400       -1.684847679762
           112.0300     -7.4400       -3.118946607113
           112.0400     -7.4400       -4.539999890724
           112.0500     -7.4400       -5.953592741639
           112.0600     -7.4400       -7.361609212952
           112.0700     -7.4400       -8.760512188883
           112.0800     -7.4400      -10.140235264266
           112.0900     -7.4400      -11.483882105930
           112.1000     -7.4400      -12.768319434138
           112.1100     -7.4400      -13.965629695237
           112.1200     -7.4400      -15.045275289438
           112.1300     -7.4400      -15.976732985930
           112.1400     -7.4400      -16.732296720056
           112.1500     -7.4400      -17.289726426199
           112.1600     -7.4400      -17.634441543071
           112.1700     -7.4400      -17.761016482607
           112.1800     -7.4400      -17.673823046552
           112.1900     -7.4400      -17.386769391888
           112.2000     -7.4400      -16.922192790715
           112.2100     -7.4400      -16.309060291000
           112.2200     -7.4400      -15.580705523677
           112.2300     -7.4400      -14.772372732369
           112.2400     -7.4400      -13.918846379991
           112.2500     -7.4400      -13.052416903661
           112.2600     -7.4400      -12.201375336676
           112.2700     -7.4400      -11.389150279414
           112.2800     -7.4400      -10.634111199581
           112.2900     -7.4400       -9.949974304865
           112.3000     -7.4400       -9.346672602392
           112.3100     -7.4400       -8.831499455576
           112.3200     -7.4400       -8.410310934310
           112.3300     -7.4400       -8.088578584422
           112.3400     -7.4400       -7.872118927568
           112.3500     -7.4400       -7.767383408826
           112.3600     -7.4400       -7.781264207743
           112.3700     -7.4400       -7.920447285127
           112.3800     -7.4400       -8.190413965016
           112.3900     -7.4400       -8.594247049330
           112.4000     -7.4400       -9.131429975040
           112.4100     -7.4400       -9.796833964259
           112.4200     -7.4400      -10.580068075321
           112.4300     -7.4400      -11.465323547464
           112.4400     -7.4400      -12.431782782263
           112.4500     -7.4400      -13.454592743849
           112.4600     -7.4400      -14.506331510630
           112.4700     -7.4400      -15.558834030606
           112.4800     -7.4400      -16.585196408982
           112.4900     -7.4400      -17.561752713251
           112.5000     -7.4400      -18.469816986318
           112.5100     -7.4400      -19.297005611358
           112.5200     -7.4400      -20.037998264519
           112.5300     -7.4400      -20.694654012099
           112.5400     -7.4400      -21.275465705341
           112.5500     -7.4400      -21.794403114005
           112.5600     -7.4400      -22.269255933287
           112.5700     -7.4400      -22.719635740882
           112.5800     -7.4400      -23.164826780378
           112.5900     -7.4400      -23.621686843407
           112.6000     -7.4400      -24.102791467607
           112.6100     -7.4400      -24.614989121090
           112.6200     -7.4400      -25.158495554962
           112.6300     -7.4400      -25.726606637258
           112.6400     -7.4400      -26.306055691140
           112.6500     -7.4400      -26.877988412241
           112.6600     -7.4400      -27.419479940514
           112.6700     -7.4400      -27.905477757955
           112.6800     -7.4400      -28.311022854249
           112.6900     -7.4400      -28.613581123817
           112.7000     -7.4400      -28.795307500962
           112.7100     -7.4400      -28.845066640816
           112.7200     -7.4400      -28.760045480593
           112.7300     -7.4400      -28.546814170883
           112.7400     -7.4400      -28.221722074430
           112.7500     -7.4400      -27.810554186091
           112.7600     -7.4400      -27.347419623839
           112.7700     -7.4400      -26.872896502464
           112.7800     -7.4400      -26.431514503842
           112.7900     -7.4400      -26.068714802551
           112.8000     -7.4400      -25.827482630908
           112.8100     -7.4400      -25.744895659329
           112.8200     -7.4400      -25.848865902558
           112.8300     -7.4400      -26.155368376471
           112.8400     -7.4400      -26.666441269612
           112.8500     -7.4400      -27.369206552782
           112.8600     -7.4400      -28.236095681789
           112.8700     -7.4400      -29.226374311537
           112.8800     -7.4400      -30.288948053579
           112.8900     -7.4400      -31.366306911035
           112.9000     -7.4400      -32.399340569476
           112.9100     -7.4400      -33.332643524977
           112.9200     -7.4400      -34.119841914330
           112.9300     -7.4400      -34.728425595511
           112.9400     -7.4400      -35.143569422497
           112.9500     -7.4400      -35.370482318703
           112.9600     -7.4400      -35.434931654678
           112.9700     -7.4400      -35.381747334046
           112.9800     -7.4400      -35.271302466416
           112.9900     -7.4400      -35.174177778849
           113.0000     -7.4400      -35.164423413266
           112.0000     -7.4500       -1.520446395265
           112.0100     -7.4500       -3.165457799986
           112.0200     -7.4500       -4.771365439007
           112.0300     -7.4500       -6.343240980366
           112.0400     -7.4500       -7.887494780142
           112.0500     -7.4500       -9.409227741362
           112.0600     -7.4500      -10.909579403639
           112.0700     -7.4500      -12.383511094854
           112.0800     -7.4500      -13.818402298549
           112.0900     -7.4500      -15.193723611410
           112.1000     -7.4500      -16.481897882400
           112.1100     -7.4500      -17.650294000295
           112.1200     -7.4500      -18.664138531785
           112.1300     -7.4500      -19.490000625244
           112.1400     -7.4500      -20.099422486907
           112.1500     -7.4500      -20.472241929801
           112.1600     -7.4500      -20.599187786523
           112.1700     -7.4500      -20.483418147055
           112.1800     -7.4500      -20.140803063713
           112.1900     -7.4500      -19.598909814860
           112.2000     -7.4500      -18.894809355199
           112.2100     -7.4500      -18.071966342576
           112.2200     -7.4500      -17.176583800702
           112.2300     -7.4500      -16.253833609351
           112.2400     -7.4500      -15.344408684768
           112.2500     -7.4500      -14.481782291956
           112.2600     -7.4500      -13.690461884707
           112.2700     -7.4500      -12.985392665085
           112.2800     -7.4500      -12.372517299885
           112.2900     -7.4500      -11.850352328788
           112.3000     -7.4500      -11.412317407698
           112.3100     -7.4500      -11.049466184601
           112.3200     -7.4500      -10.753227772415
           112.3300     -7.4500      -10.517779622184
           112.3400     -7.4500      -10.341733543264
           112.3500     -7.4500      -10.228917833981
           112.3600     -7.4500      -10.188166130117
           112.3700     -7.4500      -10.232160659321
           112.3800     -7.4500      -10.375506205527
           112.3900     -7.4500      -10.632314732738
           112.4000     -7.4500      -11.013646263192
           112.4100     -7.4500      -11.525171297436
           112.4200     -7.4500      -12.165391842398
           112.4300     -7.4500      -12.924686150583
           112.4400     -7.4500      -13.785336229856
           112.4500     -7.4500      -14.722570885193
           112.4600     -7.4500      -15.706526668871
           112.4700     -7.4500      -16.704911074702
           112.4800     -7.4500      -17.686061244552
           112.4900     -7.4500      -18.622038399566
           112.5000     -7.4500      -19.491389314345
           112.5100     -7.4500      -20.281242030489
           112.5200     -7.4500      -20.988478783195
           112.5300     -7.4500      -21.619835171654
           112.5400     -7.4500      -22.190897879460
           112.5500     -7.4500      -22.724098931472
           112.5600     -7.4500      -23.245917843393
           112.5700     -7.4500      -23.783591234343
           112.5800     -7.4500      -24.361683033264
           112.5900     -7.4500      -24.998882170003
           112.6000     -7.4500      -25.705368238000
           112.6100     -7.4500      -26.481023290329
           112.6200     -7.4500      -27.314677807729
           112.6300     -7.4500      -28.184471798606
           112.6400     -7.4500      -29.059300093654
           112.6500     -7.4500      -29.901206122345
           112.6600     -7.4500      -30.668501182956
           112.6700     -7.4500      -31.319324183170
           112.6800     -7.4500      -31.815324475429
           112.6900     -7.4500      -32.125148678132
           112.7000     -7.4500      -32.227438948051
           112.7100     -7.4500      -32.113100116981
           112.7200     -7.4500      -31.786659759832
           112.7300     -7.4500      -31.266621218982
           112.7400     -7.4500      -30.584787687837
           112.7500     -7.4500      -29.784609470052
           112.7600     -7.4500      -28.918671800080
           112.7700     -7.4500      -28.045494151802
           112.7800     -7.4500      -27.225852369117
           112.7900     -7.4500      -26.518862040162
           112.8000     -7.4500      -25.978075831976
           112.8100     -7.4500      -25.647849718764
           112.8200     -7.4500      -25.560223642759
           112.8300     -7.4500      -25.732541129199
           112.8400     -7.4500      -26.165999256898
           112.8500     -7.4500      -26.845274493681
           112.8600     -7.4500      -27.739310866032
           112.8700     -7.4500      -28.803285268133
           112.8800     -7.4500      -29.981682441226
           112.8900     -7.4500      -31.212323218660
           112.9000     -7.4500      -32.431100083537
           112.9100     -7.4500      -33.577091870654
           112.9200     -7.4500      -34.597663796351
           112.9300     -7.4500      -35.453119459014
           112.9400     -7.4500      -36.120466600231
           112.9500     -7.4500      -36.595894498040
           112.9600     -7.4500      -36.895640482810
           112.9700     -7.4500      -37.055044177361
           112.9800     -7.4500      -37.125743441625
           112.9900     -7.4500      -37.171143350749
           113.0000     -7.4500      -37.260472288085
           112.0000     -7.4600       -4.562093310088
           112.0100     -7.4600       -6.301190493050
           112.0200     -7.4600       -7.993429890881
           112.0300     -7.4600       -9.643930627823
           112.0400     -7.4600      -11.259669515877
           112.0500     -7.4600      -12.846165746311
           112.0600     -7.4600      -14.404192113106
           112.0700     -7.4600      -15.927068759658
           112.0800     -7.4600      -17.399014173787
           112.0900     -7.4600      -18.794877917926
           112.1000     -7.4600      -20.081382332791
           112.1100     -7.4600      -21.219784165598
           112.1200     -7.4600      -22.169661853796
           112.1300     -7.4600      -22.893368218392
           112.1400     -7.4600      -23.360584106377
           112.1500     -7.4600      -23.552380035706
           112.1600     -7.4600      -23.464243826463
           112.1700     -7.4600      -23.107655623045
           112.1800     -7.4600      -22.509971142575
           112.1900     -7.4600      -21.712585680256
           112.2000     -7.4600      -20.767567561256
           112.2100     -7.4600      -19.733142179145
           112.2200     -7.4600      -18.668551641137
           112.2300     -7.4600      -17.628891998761
           112.2400     -7.4600      -16.660530545433
           112.2500     -7.4600      -15.797630134270
           112.2600     -7.4600      -15.060166123041
           112.2700     -7.4600      -14.453632965664
           112.2800     -7.4600      -13.970426093795
           112.2900     -7.4600      -13.592677686171
           112.3000     -7.4600      -13.296148479322
           112.3100     -7.4600      -13.054654000028
           112.3200     -7.4600      -12.844447587090
           112.3300     -7.4600      -12.648000586403
           112.3400     -7.4600      -12.456708902354
           112.3500     -7.4600      -12.272202445955
           112.3600     -7.4600      -12.106120404640
           112.3700     -7.4600      -11.978416417413
           112.3800     -7.4600      -11.914447846326
           112.3900     -7.4600      -11.941258299346
           112.4000     -7.4600      -12.083563061806
           112.4100     -7.4600      -12.359980978376
           112.4200     -7.4600      -12.780020045728
           112.4300     -7.4600      -13.342222919059
           112.4400     -7.4600      -14.033726225756
           112.4500     -7.4600      -14.831303848490
           112.4600     -7.4600      -15.703772734216
           112.4700     -7.4600      -16.615464545919
           112.4800     -7.4600      -17.530329477325
           112.4900     -7.4600      -18.416156601762
           112.5000     -7.4600      -19.248377934890
           112.5100     -7.4600      -20.012972478810
           112.5200     -7.4600      -20.708095169005
           112.5300     -7.4600      -21.344209903968
           112.5400     -7.4600      -21.942686360425
           112.5500     -7.4600      -22.533004867307
           112.5600     -7.4600      -23.148879934141
           112.5700     -7.4600      -23.823741470718
           112.5800     -7.4600      -24.586088661722
           112.5900     -7.4600      -25.455246887449
           112.6000     -7.4600      -26.438012455928
           112.6100     -7.4600      -27.526569939774
           112.6200     -7.4600      -28.697925507281
           112.6300     -7.4600      -29.914934136287
           112.6400     -7.4600      -31.128828495644
           112.6500     -7.4600      -32.283001794286
           112.6600     -7.4600      -33.317672690717
           112.6700     -7.4600      -34.174979658369
           112.6800     -7.4600      -34.804021603255
           112.6900     -7.4600      -35.165381522260
           112.7000     -7.4600      -35.234735306075
           112.7100     -7.4600      -35.005248437351
           112.7200     -7.4600      -34.488586151371
           112.7300     -7.4600      -33.714493129004
           112.7400     -7.4600      -32.729023041374
           112.7500     -7.4600      -31.591604508853
           112.7600     -7.4600      -30.371209910916
           112.7700     -7.4600      -29.141942653344
           112.7800     -7.4600      -27.978376680510
           112.7900     -7.4600      -26.950972436585
           112.8000     -7.4600      -26.121861875933
           112.8100     -7.4600      -25.541248530567
           112.8200     -7.4600      -25.244614099225
           112.8300     -7.4600      -25.250866465703
           112.8400     -7.4600      -25.561509553941
           112.8500     -7.4600      -26.160864873470
           112.8600     -7.4600      -27.017327872814
           112.8700     -7.4600      -28.085597746341
           112.8800     -7.4600      -29.309775041142
           112.8900     -7.4600      -30.627175667257
           112.9000     -7.4600      -31.972662506880
           112.9100     -7.4600      -33.283248574237
           112.9200     -7.4600      -34.502682696210
           112.9300     -7.4600      -35.585696053546
           112.9400     -7.4600      -36.501572937167
           112.9500     -7.4600      -37.236719047142
           112.9600     -7.4600      -37.795941497398
           112.9700     -7.4600      -38.202229455168
           112.9800     -7.4600      -38.494932077819
           112.9900     -7.4600      -38.726365399629
           113.0000     -7.4600      -38.957031536998
           112.0000     -7.4700       -7.841877811538
           112.0100     -7.4700       -9.595768604630
           112.0200     -7.4700      -11.298919345873
           112.0300     -7.4700      -12.958849950193
           112.0400     -7.4700      -14.585034315408
           112.0500     -7.4700      -16.184809139212
           112.0600     -7.4700      -17.759385713040
           112.0700     -7.4700      -19.300640478535
           112.0800     -7.4700      -20.789253794702
           112.0900     -7.4700      -22.194576572303
           112.1000     -7.4700      -23.476358374672
           112.1100     -7.4700      -24.588202823534
           112.1200     -7.4700      -25.482363867405
           112.1300     -7.4700      -26.115294457118
           112.1400     -7.4700      -26.453235197126
           112.1500     -7.4700      -26.477101731506
           112.1600     -7.4700      -26.186000289025
           112.1700     -7.4700      -25.598861984989
           112.1800     -7.4700      -24.753917200466
           112.1900     -7.4700      -23.706001530136
           112.2000     -7.4700      -22.521959173819
           112.2100     -7.4700      -21.274652520250
           112.2200     -7.4700      -20.036266484933
           112.2300     -7.4700      -18.871689620825
           112.2400     -7.4700      -17.832749049401
           112.2500     -7.4700      -16.953973511491
           112.2600     -7.4700      -16.250371520193
           112.2700     -7.4700      -15.717463701831
           112.2800     -7.4700      -15.333531551684
           112.2900     -7.4700      -15.063774148300
           112.3000     -7.4700      -14.865834002492
           112.3100     -7.4700      -14.695991950136
           112.3200     -7.4700      -14.515258632002
           112.3300     -7.4700      -14.294615007731
           112.3400     -7.4700      -14.018772493236
           112.3500     -7.4700      -13.688018887039
           112.3600     -7.4700      -13.317963800849
           112.3700     -7.4700      -12.937265044816
           112.3800     -7.4700      -12.583671319081
           112.3900     -7.4700      -12.298924717482
           112.4000     -7.4700      -12.123203172629
           112.4100     -7.4700      -12.089831608497
           112.4200     -7.4700      -12.220946068141
           112.4300     -7.4700      -12.524664131140
           112.4400     -7.4700      -12.994115053771
           112.4500     -7.4700      -13.608440282595
           112.4600     -7.4700      -14.335620447690
           112.4700     -7.4700      -15.136750892855
           112.4800     -7.4700      -15.971203544624
           112.4900     -7.4700      -16.802001149072
           112.5000     -7.4700      -17.600703934625
           112.5100     -7.4700      -18.351171000739
           112.5200     -7.4700      -19.051700545820
           112.5300     -7.4700      -19.715255993361
           112.5400     -7.4700      -20.367723374277
           112.5500     -7.4700      -21.044389197002
           112.5600     -7.4700      -21.785047483844
           112.5700     -7.4700      -22.628313177660
           112.5800     -7.4700      -23.605816955241
           112.5900     -7.4700      -24.736972871783
           112.6000     -7.4700      -26.024944599089
           112.6100     -7.4700      -27.454297670276
           112.6200     -7.4700      -28.990632023109
           112.6300     -7.4700      -30.582265271320
           112.6400     -7.4700      -32.163809536251
           112.6500     -7.4700      -33.661279920804
           112.6600     -7.4700      -34.998213721564
           112.6700     -7.4700      -36.102182841935
           112.6800     -7.4700      -36.911056083310
           112.6900     -7.4700      -37.378412768389
           112.7000     -7.4700      -37.477615882991
           112.7100     -7.4700      -37.204206161616
           112.7200     -7.4700      -36.576458277451
           112.7300     -7.4700      -35.634124700063
           112.7400     -7.4700      -34.435561031516
           112.7500     -7.4700      -33.053561441617
           112.7600     -7.4700      -31.570322369969
           112.7700     -7.4700      -30.071991654301
           112.7800     -7.4700      -28.643250054225
           112.7900     -7.4700      -27.362320030182
           112.8000     -7.4700      -26.296714232196
           112.8100     -7.4700      -25.499937414084
           112.8200     -7.4700      -25.009254518374
           112.8300     -7.4700      -24.844546672364
           112.8400     -7.4700      -25.008204492180
           112.8500     -7.4700      -25.485958673324
           112.8600     -7.4700      -26.248521029960
           112.8700     -7.4700      -27.253900632346
           112.8800     -7.4700      -28.450262453155
           112.8900     -7.4700      -29.779201866746
           112.9000     -7.4700      -31.179310055437
           112.9100     -7.4700      -32.589897777165
           112.9200     -7.4700      -33.954726409566
           112.9300     -7.4700      -35.225568028999
           112.9400     -7.4700      -36.365386524082
           112.9500     -7.4700      -37.350908109749
           112.9600     -7.4700      -38.174341966056
           112.9700     -7.4700      -38.844029175045
           112.9800     -7.4700      -39.383847052707
           112.9900     -7.4700      -39.831278386712
           113.0000     -7.4700      -40.234167576560
           112.0000     -7.4800      -11.309508227656
           112.0100     -7.4800      -12.996379781812
           112.0200     -7.4800      -14.631666192554
           112.0300     -7.4800      -16.228015071974
           112.0400     -7.4800      -17.799708837332
           112.0500     -7.4800      -19.357670984759
           112.0600     -7.4800      -20.904697940833
           112.0700     -7.4800      -22.431715424520
           112.0800     -7.4800      -23.915722374942
           112.0900     -7.4800      -25.319852071272
           112.1000     -7.4800      -26.595681859274
           112.1100     -7.4800      -27.687601325709
           112.1200     -7.4800      -28.538748246024
           112.1300     -7.4800      -29.097783613502
           112.1400     -7.4800      -29.325634482047
           112.1500     -7.4800      -29.201306329765
           112.1600     -7.4800      -28.725959842615
           112.1700     -7.4800      -27.924649098683
           112.1800     -7.4800      -26.845403331164
           112.1900     -7.4800      -25.555665977924
           112.2000     -7.4800      -24.136439642190
           112.2100     -7.4800      -22.674780411695
           112.2200     -7.4800      -21.255501359356
           112.2300     -7.4800      -19.953054720994
           112.2400     -7.4800      -18.824550686489
           112.2500     -7.4800      -17.904738994827
           112.2600     -7.4800      -17.203544025979
           112.2700     -7.4800      -16.706434505142
           112.2800     -7.4800      -16.377564335033
           112.2900     -7.4800      -16.165284864004
           112.3000     -7.4800      -16.009343291861
           112.3100     -7.4800      -15.848882546478
           112.3200     -7.4800      -15.630269392252
           112.3300     -7.4800      -15.313810186079
           112.3400     -7.4800      -14.878562642236
           112.3500     -7.4800      -14.324697635959
           112.3600     -7.4800      -13.673175850911
           112.3700     -7.4800      -12.962840393953
           112.3800     -7.4800      -12.245345921825
           112.3900     -7.4800      -11.578607428049
           112.4000     -7.4800      -11.019625249315
           112.4100     -7.4800      -10.617606262325
           112.4200     -7.4800      -10.408247931915
           112.4300     -7.4800      -10.409889909206
           112.4400     -7.4800      -10.621988950154
           112.4500     -7.4800      -11.026069446426
           112.4600     -7.4800      -11.588982764664
           112.4700     -7.4800      -12.268014336590
           112.4800     -7.4800      -13.017144893837
           112.4900     -7.4800      -13.793630057085
           112.5000     -7.4800      -14.564027614166
           112.5100     -7.4800      -15.308877502710
           112.5200     -7.4800      -16.025415069863
           112.5300     -7.4800      -16.727950544104
           112.5400     -7.4800      -17.445844435743
           112.5500     -7.4800      -18.219312285346
           112.5600     -7.4800      -19.093564975081
           112.5700     -7.4800      -20.111999289876
           112.5800     -7.4800      -21.309272664015
           112.5900     -7.4800      -22.705112643971
           112.6000     -7.4800      -24.299625037024
           112.6100     -7.4800      -26.070687214875
           112.6200     -7.4800      -27.973767742850
           112.6300     -7.4800      -29.944231336600
           112.6400     -7.4800      -31.901903786640
           112.6500     -7.4800      -33.757418951994
           112.6600     -7.4800      -35.419678355931
           112.6700     -7.4800      -36.803644123250
           112.6800     -7.4800      -37.837668128942
           112.6900     -7.4800      -38.469632882191
           112.7000     -7.4800      -38.671330505269
           112.7100     -7.4800      -38.440713877140
           112.7200     -7.4800      -37.801891375797
           112.7300     -7.4800      -36.802974229011
           112.7400     -7.4800      -35.512095433623
           112.7500     -7.4800      -34.012078755653
           112.7600     -7.4800      -32.394330409856
           112.7700     -7.4800      -30.752548784559
           112.7800     -7.4800      -29.176802599079
           112.7900     -7.4800      -27.748427099444
           112.8000     -7.4800      -26.536049487378
           112.8100     -7.4800      -25.592900262815
           112.8200     -7.4800      -24.955418224827
           112.8300     -7.4800      -24.643032310799
           112.8400     -7.4800      -24.658916680444
           112.8500     -7.4800      -24.991472947938
           112.8600     -7.4800      -25.616294292053
           112.8700     -7.4800      -26.498402632328
           112.8800     -7.4800      -27.594609350648
           112.8900     -7.4800      -28.855916648064
           112.9000     -7.4800      -30.229935056426
           112.9100     -7.4800      -31.663330041304
           112.9200     -7.4800      -33.104319038261
           112.9300     -7.4800      -34.505217843683
           112.9400     -7.4800      -35.824986719713
           112.9500     -7.4800      -37.031662300686
           112.9600     -7.4800      -38.104495844540
           112.9700     -7.4800      -39.035567565727
           112.9800     -7.4800      -39.830625508693
           112.9900     -7.4800      -40.508916555774
           113.0000     -7.4800      -41.101841503837
           112.0000     -7.4900      -14.896539372726
           112.0100     -7.4900      -16.439742936390
           112.0200     -7.4900      -17.932352216652
           112.0300     -7.4900      -19.395015927695
           112.0400     -7.4900      -20.849316138903
           112.0500     -7.4900      -22.311738256360
           112.0600     -7.4900      -23.788033073502
           112.0700     -7.4900      -25.268896514637
           112.0800     -7.4900      -26.727723042138
           112.0900     -7.4900      -28.120907789329
           112.1000     -7.4900      -29.390818995184
           112.1100     -7.4900      -30.471184770487
           112.1200     -7.4900      -31.294288403101
           112.1300     -7.4900      -31.799092422259
           112.1400     -7.4900      -31.939251511267
           112.1500     -7.4900      -31.689950989744
           112.1600     -7.4900      -31.052625747457
           112.1700     -7.4900      -30.056860218237
           112.1800     -7.4900      -28.759112342742
           112.1900     -7.4900      -27.238299736935
           112.2000     -7.4900      -25.588683573524
           112.2100     -7.4900      -23.910833601567
           112.2200     -7.4900      -22.301711047290
           112.2300     -7.4900      -20.845031657863
           112.2400     -7.4900      -19.603051985395
           112.2500     -7.4900      -18.610759767844
           112.2600     -7.4900      -17.873163825431
           112.2700     -7.4900      -17.366005846088
           112.2800     -7.4900      -17.039802510692
           112.2900     -7.4900      -16.826723495629
           112.3000     -7.4900      -16.649469411568
           112.3100     -7.4900      -16.431076251343
           112.3200     -7.4900      -16.104468741953
           112.3300     -7.4900      -15.620626538935
           112.3400     -7.4900      -14.954408482284
           112.3500     -7.4900      -14.107377629438
           112.3600     -7.4900      -13.107345507737
           112.3700     -7.4900      -12.004760434379
           112.3800     -7.4900      -10.866450791906
           112.3900     -7.4900       -9.767551758861
           112.4000     -7.4900       -8.782654142921
           112.4100     -7.4900       -7.977291494226
           112.4200     -7.4900       -7.400818370472
           112.4300     -7.4900       -7.081538080666
           112.4400     -7.4900       -7.024638480964
           112.4500     -7.4900       -7.213128444185
           112.4600     -7.4900       -7.611582402845
           112.4700     -7.4900       -8.172144706933
           112.4800     -7.4900       -8.841963990096
           112.4900     -7.4900       -9.571054983605
           112.5000     -7.4900      -10.319541806670
           112.5100     -7.4900      -11.063326686563
           112.5200     -7.4900      -11.797438455268
           112.5300     -7.4900      -12.536618145086
           112.5400     -7.4900      -13.313055374198
           112.5500     -7.4900      -14.171553580581
           112.5600     -7.4900      -15.162728741674
           112.5700     -7.4900      -16.335094602959
           112.5800     -7.4900      -17.727027617736
           112.5900     -7.4900      -19.359620757905
           112.6000     -7.4900      -21.231326858035
           112.6100     -7.4900      -23.315074493381
           112.6200     -7.4900      -25.558241171360
           112.6300     -7.4900      -27.885527890312
           112.6400     -7.4900      -30.204438414222
           112.6500     -7.4900      -32.412767475256
           112.6600     -7.4900      -34.407279919569
           112.6700     -7.4900      -36.092642452017
           112.6800     -7.4900      -37.389662680567
           112.6900     -7.4900      -38.241993764735
           112.7000     -7.4900      -38.620660666184
           112.7100     -7.4900      -38.526028209420
           112.7200     -7.4900      -37.987127080342
           112.7300     -7.4900      -37.058544174196
           112.7400     -7.4900      -35.815333342122
           112.7500     -7.4900      -34.346583318057
           112.7600     -7.4900      -32.748373311982
           112.7700     -7.4900      -31.116847380327
           112.7800     -7.4900      -29.542052519067
           112.7900     -7.4900      -28.103029714501
           112.8000     -7.4900      -26.864447323039
           112.8100     -7.4900      -25.874851864414
           112.8200     -7.4900      -25.166412407985
           112.8300     -7.4900      -24.755876966930
           112.8400     -7.4900      -24.646360988898
           112.8500     -7.4900      -24.829557733013
           112.8600     -7.4900      -25.287996132506
           112.8700     -7.4900      -25.997061961281
           112.8800     -7.4900      -26.926623396717
           112.8900     -7.4900      -28.042238573214
           112.9000     -7.4900      -29.306045923238
           112.9100     -7.4900      -30.677526576313
           112.9200     -7.4900      -32.114366781914
           112.9300     -7.4900      -33.573630851053
           112.9400     -7.4900      -35.013384697809
           112.9500     -7.4900      -36.394799036403
           112.9600     -7.4900      -37.684629180690
           112.9700     -7.4900      -38.857838914187
           112.9800     -7.4900      -39.900033248399
           112.9900     -7.4900      -40.809309914855
           113.0000     -7.4900      -41.597146235933
           112.0000     -7.5000      -18.518042555814
           112.0100     -7.5000      -19.853384391967
           112.0200     -7.5000      -21.139524878881
           112.0300     -7.5000      -22.407882850227
           112.0400     -7.5000      -23.689784548105
           112.0500     -7.5000      -25.009268782953
           112.0600     -7.5000      -26.376490013045
           112.0700     -7.5000      -27.782774785486
           112.0800     -7.5000      -29.198179762562
           112.0900     -7.5000      -30.572067806350
           112.1000     -7.5000      -31.836807179289
           112.1100     -7.5000      -32.914263640378
           112.1200     -7.5000      -33.724355310898
           112.1300     -7.5000      -34.194630407292
           112.1400     -7.5000      -34.269651278067
           112.1500     -7.5000      -33.918950141597
           112.1600     -7.5000      -33.142467124447
           112.1700     -7.5000      -31.972672736844
           112.1800     -7.5000      -30.472978522607
           112.1900     -7.5000      -28.732500351669
           112.2000     -7.5000      -26.857699691602
           112.2100     -7.5000      -24.961829797492
           112.2200     -7.5000      -23.153403980576
           112.2300     -7.5000      -21.525043876457
           112.2400     -7.5000      -20.144037823190
           112.2500     -7.5000      -19.045745425854
           112.2600     -7.5000      -18.230647653578
           112.2700     -7.5000      -17.665404102166
           112.2800     -7.5000      -17.287794943008
           112.2900     -7.5000      -17.014955063426
           112.3000     -7.5000      -16.753910699873
           112.3100     -7.5000      -16.413153959297
           112.3200     -7.5000      -15.913872020935
           112.3300     -7.5000      -15.199499777090
           112.3400     -7.5000      -14.242479998502
           112.3500     -7.5000      -13.047466115803
           112.3600     -7.5000      -11.650644830584
           112.3700     -7.5000      -10.115333280805
           112.3800     -7.5000       -8.524458593560
           112.3900     -7.5000       -6.970900077012
           112.4000     -7.5000       -5.546920328836
           112.4100     -7.5000       -4.334001737638
           112.4200     -7.5000       -3.394329647294
           112.4300     -7.5000       -2.764934159480
           112.4400     -7.5000       -2.455149765062
           112.4500     -7.5000       -2.447621557695
           112.4600     -7.5000       -2.702633829299
           112.4700     -7.5000       -3.165118751352
           112.4800     -7.5000       -3.773371942826
           112.4900     -7.5000       -4.468298743343
           112.5000     -7.5000       -5.201964045298
           112.5100     -7.5000       -5.944324193390
           112.5200     -7.5000       -6.687266484552
           112.5300     -7.5000       -7.445437262332
           112.5400     -7.5000       -8.253757266207
           112.5500     -7.5000       -9.161949262665
           112.5600     -7.5000      -10.226784142335
           112.5700     -7.5000      -11.503040136034
           112.5800     -7.5000      -13.034330456791
           112.5900     -7.5000      -14.844969010012
           112.6000     -7.5000      -16.933912042558
           112.6100     -7.5000      -19.271554328115
           112.6200     -7.5000      -21.799806049574
           112.6300     -7.5000      -24.435476388393
           112.6400     -7.5000      -27.076592562565
           112.6500     -7.5000      -29.610937896635
           112.6600     -7.5000      -31.925841097210
           112.6700     -7.5000      -33.918120157094
           112.6800     -7.5000      -35.503091010321
           112.6900     -7.5000      -36.621688612964
           112.7000     -7.5000      -37.244995557281
           112.7100     -7.5000      -37.375796385208
           112.7200     -7.5000      -37.047131662468
           112.7300     -7.5000      -36.318169028014
           112.7400     -7.5000      -35.267996447445
           112.7500     -7.5000      -33.988141968401
           112.7600     -7.5000      -32.574713336606
           112.7700     -7.5000      -31.121023927679
           112.7800     -7.5000      -29.711438041026
           112.7900     -7.5000      -28.416951809929
           112.8000     -7.5000      -27.292759058227
           112.8100     -7.5000      -26.377772953430
           112.8200     -7.5000      -25.695822762689
           112.8300     -7.5000      -25.258053561700
           112.8400     -7.5000      -25.065948778626
           112.8500     -7.5000      -25.114381664382
           112.8600     -7.5000      -25.394179004552
           112.8700     -7.5000      -25.893832426756
           112.8800     -7.5000      -26.600192898429
           112.8900     -7.5000      -27.498199479104
           112.9000     -7.5000      -28.569889642827
           112.9100     -7.5000      -29.793084646177
           112.9200     -7.5000      -31.140216665064
           112.9300     -7.5000      -32.577753290234
           112.9400     -7.5000      -34.066580986725
           112.9500     -7.5000      -35.563546591859
           112.9600     -7.5000      -37.024149855186
           112.9700     -7.5000      -38.406162496669
           112.9800     -7.5000      -39.673754765850
           112.9900     -7.5000      -40.801570858352
           113.0000     -7.5000      -41.778134226484
           112.0000     -7.5100      -22.075998688704
           112.0100     -7.5100      -23.157916445484
           112.0200     -7.5100      -24.190927264052
           112.0300     -7.5100      -25.219630068895
           112.0400     -7.5100      -26.287259530295
           112.0500     -7.5100      -27.427215942749
           112.0600     -7.5100      -28.655431594554
           112.0700     -7.5100      -29.964760946528
           112.0800     -7.5100      -31.322334016072
           112.0900     -7.5100      -32.670427113712
           112.1000     -7.5100      -33.930933779127
           112.1100     -7.5100      -35.013024621759
           112.1200     -7.5100      -35.823134496202
           112.1300     -7.5100      -36.276070367435
           112.1400     -7.5100      -36.305841143514
           112.1500     -7.5100      -35.874799570294
           112.1600     -7.5100      -34.979860233104
           112.1700     -7.5100      -33.654896722235
           112.1800     -7.5100      -31.968883231929
           112.1900     -7.5100      -30.019872994500
           112.2000     -7.5100      -27.925430808477
           112.2100     -7.5100      -25.810592072549
           112.2200     -7.5100      -23.794747235389
           112.2300     -7.5100      -21.979005577099
           112.2400     -7.5100      -20.435554583425
           112.2500     -7.5100      -19.200304143328
           112.2600     -7.5100      -18.269715766298
           112.2700     -7.5100      -17.602213992901
           112.2800     -7.5100      -17.124022729045
           112.2900     -7.5100      -16.738732548523
           112.3000     -7.5100      -16.339453085466
           112.3100     -7.5100      -15.822093820360
           112.3200     -7.5100      -15.098185407791
           112.3300     -7.5100      -14.105718130666
           112.3400     -7.5100      -12.816725438243
           112.3500     -7.5100      -11.240746762640
           112.3600     -7.5100       -9.423813557954
           112.3700     -7.5100       -7.443151696607
           112.3800     -7.5100       -5.398313342948
           112.3900     -7.5100       -3.399877665731
           112.4000     -7.5100       -1.557139931372
           112.4100     -7.5100        0.033690938388
           112.4200     -7.5100        1.299356092878
           112.4300     -7.5100        2.196308427397
           112.4400     -7.5100        2.713617427817
           112.4500     -7.5100        2.871759670100
           112.4600     -7.5100        2.717559851952
           112.4700     -7.5100        2.316028665818
           112.4800     -7.5100        1.740224082346
           112.4900     -7.5100        1.060494929996
           112.5000     -7.5100        0.334522485586
           112.5100     -7.5100       -0.400547895597
           112.5200     -7.5100       -1.132879398942
           112.5300     -7.5100       -1.877025585022
           112.5400     -7.5100       -2.671207871898
           112.5500     -7.5100       -3.571165465813
           112.5600     -7.5100       -4.641391570031
           112.5700     -7.5100       -5.944898711471
           112.5800     -7.5100       -7.532836755809
           112.5900     -7.5100       -9.435298723992
           112.6000     -7.5100      -11.654492720112
           112.6100     -7.5100      -14.161155313449
           112.6200     -7.5100      -16.894672971689
           112.6300     -7.5100      -19.766916782519
           112.6400     -7.5100      -22.669340687270
           112.6500     -7.5100      -25.482501911484
           112.6600     -7.5100      -28.086882236818
           112.6700     -7.5100      -30.373753138813
           112.6800     -7.5100      -32.254850491496
           112.6900     -7.5100      -33.669798909877
           112.7000     -7.5100      -34.590526031629
           112.7100     -7.5100      -35.022291780581
           112.7200     -7.5100      -35.001375709546
           112.7300     -7.5100      -34.589862691955
           112.7400     -7.5100      -33.868293442842
           112.7500     -7.5100      -32.927162090820
           112.7600     -7.5100      -31.858324297156
           112.7700     -7.5100      -30.747320551424
           112.7800     -7.5100      -29.667433249620
           112.7900     -7.5100      -28.676012476532
           112.8000     -7.5100      -27.813265772708
           112.8100     -7.5100      -27.103359613078
           112.8200     -7.5100      -26.557372632978
           112.8300     -7.5100      -26.177413837785
           112.8400     -7.5100      -25.961101951674
           112.8500     -7.5100      -25.905607600136
           112.8600     -7.5100      -26.010583650245
           112.8700     -7.5100      -26.279529690388
           112.8800     -7.5100      -26.719419877233
           112.8900     -7.5100      -27.338726358907
           112.9000     -7.5100      -28.144248016671
           112.9100     -7.5100      -29.137365206391
           112.9200     -7.5100      -30.310454189509
           112.9300     -7.5100      -31.644192889687
           112.9400     -7.5100      -33.106371979888
           112.9500     -7.5100      -34.652608300776
           112.9600     -7.5100      -36.229071934783
           112.9700     -7.5100      -37.777024862503
           112.9800     -7.5100      -39.238673519570
           112.9900     -7.5100      -40.563603461876
           113.0000     -7.5100      -41.714927484201
           112.0000     -7.5200      -25.464349733887
           112.0100     -7.5200      -26.270364241847
           112.0200     -7.5200      -27.025278616851
           112.0300     -7.5200      -27.788685470389
           112.0400     -7.5200      -28.617390086171
           112.0500     -7.5200      -29.555585060303
           112.0600     -7.5200      -30.626124282572
           112.0700     -7.5200      -31.824215797863
           112.0800     -7.5200      -33.114562150809
           112.0900     -7.5200      -34.432536324193
           112.1000     -7.5200      -35.689449154476
           112.1100     -7.5200      -36.781410805386
           112.1200     -7.5200      -37.600788632962
           112.1300     -7.5200      -38.048884357535
           112.1400     -7.5200      -38.048247284531
           112.1500     -7.5200      -37.553037447032
           112.1600     -7.5200      -36.556056602008
           112.1700     -7.5200      -35.091452557136
           112.1800     -7.5200      -33.232625727450
           112.1900     -7.5200      -31.085460401774
           112.2000     -7.5200      -28.777591531174
           112.2100     -7.5200      -26.444925545430
           112.2200     -7.5200      -24.216995110739
           112.2300     -7.5200      -22.202895453204
           112.2400     -7.5200      -20.479500881343
           112.2500     -7.5200      -19.083398889232
           112.2600     -7.5200      -18.007537126897
           112.2700     -7.5200      -17.203010053014
           112.2800     -7.5200      -16.585787875929
           112.2900     -7.5200      -16.047588307079
           112.3000     -7.5200      -15.469586916843
           112.3100     -7.5200      -14.737317542170
           112.3200     -7.5200      -13.754973141330
           112.3300     -7.5200      -12.457397058356
           112.3400     -7.5200      -10.818344469603
           112.3500     -7.5200       -8.854057113737
           112.3600     -7.5200       -6.621772889362
           112.3700     -7.5200       -4.213412968089
           112.3800     -7.5200       -1.745275141541
           112.3900     -7.5200        0.654959571463
           112.4000     -7.5200        2.862288300019
           112.4100     -7.5200        4.767789281958
           112.4200     -7.5200        6.289748081893
           112.4300     -7.5200        7.381196928992
           112.4400     -7.5200        8.033024726931
           112.4500     -7.5200        8.272382129594
           112.4600     -7.5200        8.156699779999
           112.4700     -7.5200        7.764183387608
           112.4800     -7.5200        7.182078594347
           112.4900     -7.5200        6.494258762457
           112.5000     -7.5200        5.769749052337
           112.5100     -7.5200        5.053655228263
           112.5200     -7.5200        4.361636366270
           112.5300     -7.5200        3.678591011356
           112.5400     -7.5200        2.961677620824
           112.5500     -7.5200        2.147232946239
           112.5600     -7.5200        1.160657195734
           112.5700     -7.5200       -0.072035560977
           112.5800     -7.5200       -1.612503776572
           112.5900     -7.5200       -3.499710990744
           112.6000     -7.5200       -5.742229854424
           112.6100     -7.5200       -8.314193354008
           112.6200     -7.5200      -11.155400803651
           112.6300     -7.5200      -14.175560639133
           112.6400     -7.5200      -17.262136850846
           112.6500     -7.5200      -20.290826384609
           112.6600     -7.5200      -23.137385646958
           112.6700     -7.5200      -25.689382402790
           112.6800     -7.5200      -27.856489759781
           112.6900     -7.5200      -29.578152793525
           112.7000     -7.5200      -30.827814668152
           112.7100     -7.5200      -31.613338994022
           112.7200     -7.5200      -31.973748572030
           112.7300     -7.5200      -31.972854334693
           112.7400     -7.5200      -31.690714055693
           112.7500     -7.5200      -31.214092765625
           112.7600     -7.5200      -30.627168720269
           112.7700     -7.5200      -30.003634868266
           112.7800     -7.5200      -29.401102790021
           112.7900     -7.5200      -28.858360288406
           112.8000     -7.5200      -28.395615877755
           112.8100     -7.5200      -28.017441453940
           112.8200     -7.5200      -27.717756100585
           112.8300     -7.5200      -27.485928762407
           112.8400     -7.5200      -27.312950088577
           112.8500     -7.5200      -27.196649493863
           112.8600     -7.5200      -27.145106558537
           112.8700     -7.5200      -27.177700187796
           112.8800     -7.5200      -27.323611811202
           112.8900     -7.5200      -27.617997004175
           112.9000     -7.5200      -28.096406617942
           112.9100     -7.5200      -28.788321613521
           112.9200     -7.5200      -29.710824698862
           112.9300     -7.5200      -30.863443116426
           112.9400     -7.5200      -32.225057479331
           112.9500     -7.5200      -33.753499264685
           112.9600     -7.5200      -35.388090852821
           112.9700     -7.5200      -37.054966955293
           112.9800     -7.5200      -38.674611964138
           112.9900     -7.5200      -40.170710490328
           113.0000     -7.5200      -41.479186045366
           112.0000     -7.5300      -28.575416107455
           112.0100     -7.5300      -29.108423121070
           112.0200     -7.5300      -29.584541243599
           112.0300     -7.5300      -30.079374292909
           112.0400     -7.5300      -30.664267114503
           112.0500     -7.5300      -31.395086573209
           112.0600     -7.5300      -32.302379203867
           112.0700     -7.5300      -33.384355326948
           112.0800     -7.5300      -34.603814142870
           112.0900     -7.5300      -35.889627913611
           112.1000     -7.5300      -37.142810235815
           112.1100     -7.5300      -38.246581663592
           112.1200     -7.5300      -39.079296964101
           112.1300     -7.5300      -39.528686094783
           112.1400     -7.5300      -39.505642363084
           112.1500     -7.5300      -38.955798137961
           112.1600     -7.5300      -37.867363705612
           112.1700     -7.5300      -36.274141411076
           112.1800     -7.5300      -34.253211644989
           112.1900     -7.5300      -31.917446350297
           112.2000     -7.5300      -29.403655994615
           112.2100     -7.5300      -26.857734188293
           112.2200     -7.5300      -24.418558204373
           112.2300     -7.5300      -22.202581858454
           112.2400     -7.5300      -20.290994962703
           112.2500     -7.5300      -18.721026734366
           112.2600     -7.5300      -17.482474781613
           112.2700     -7.5300      -16.519907658815
           112.2800     -7.5300      -15.740296229710
           112.2900     -7.5300      -15.025163695504
           112.3000     -7.5300      -14.245789418464
           112.3100     -7.5300      -13.279627113241
           112.3200     -7.5300      -12.025950519307
           112.3300     -7.5300      -10.418837716021
           112.3400     -7.5300       -8.435936361969
           112.3500     -7.5300       -6.101974653749
           112.3600     -7.5300       -3.486631087734
           112.3700     -7.5300       -0.697068943001
           112.3800     -7.5300        2.133907764478
           112.3900     -7.5300        4.862592212555
           112.4000     -7.5300        7.350182121677
           112.4100     -7.5300        9.477721481924
           112.4200     -7.5300       11.158372440367
           112.4300     -7.5300       12.345567075047
           112.4400     -7.5300       13.036119641577
           112.4500     -7.5300       13.268019519039
           112.4600     -7.5300       13.113292199532
           112.4700     -7.5300       12.666926160047
           112.4800     -7.5300       12.033341094819
           112.4900     -7.5300       11.312159002435
           112.5000     -7.5300       10.585100017362
           112.5100     -7.5300        9.905654530022
           112.5200     -7.5300        9.292806210779
           112.5300     -7.5300        8.729547144860
           112.5400     -7.5300        8.166305837375
           112.5500     -7.5300        7.528781113705
           112.5600     -7.5300        6.729119725717
           112.5700     -7.5300        5.678962457425
           112.5800     -7.5300        4.302663463037
           112.5900     -7.5300        2.548986015529
           112.6000     -7.5300        0.399792132347
           112.6100     -7.5300       -2.125356549239
           112.6200     -7.5300       -4.969237361719
           112.6300     -7.5300       -8.041601304237
           112.6400     -7.5300      -11.227781176596
           112.6500     -7.5300      -14.400159930103
           112.6600     -7.5300      -17.431045807204
           112.6700     -7.5300      -20.205352320489
           112.6800     -7.5300      -22.631540291724
           112.6900     -7.5300      -24.649534921524
           112.7000     -7.5300      -26.234746731094
           112.7100     -7.5300      -27.397844446671
           112.7200     -7.5300      -28.180481058899
           112.7300     -7.5300      -28.647688511674
           112.7400     -7.5300      -28.878065020265
           112.7500     -7.5300      -28.953129970772
           112.7600     -7.5300      -28.947284282828
           112.7700     -7.5300      -28.919683865947
           112.7800     -7.5300      -28.909030906944
           112.7900     -7.5300      -28.931855464365
           112.8000     -7.5300      -28.984358281323
           112.8100     -7.5300      -29.047383593287
           112.8200     -7.5300      -29.093656185329
           112.8300     -7.5300      -29.096108581854
           112.8400     -7.5300      -29.035983156991
           112.8500     -7.5300      -28.909438428886
           112.8600     -7.5300      -28.731611943807
           112.8700     -7.5300      -28.537462865245
           112.8800     -7.5300      -28.379184577299
           112.8900     -7.5300      -28.320477102400
           112.9000     -7.5300      -28.428432241172
           112.9100     -7.5300      -28.764147111245
           112.9200     -7.5300      -29.373393551672
           112.9300     -7.5300      -30.278701176807
           112.9400     -7.5300      -31.474054523731
           112.9500     -7.5300      -32.923078809331
           112.9600     -7.5300      -34.561136204947
           112.9700     -7.5300      -36.301234546811
           112.9800     -7.5300      -38.043131937537
           112.9900     -7.5300      -39.684573189468
           113.0000     -7.5300      -41.133278269318
           112.0000     -7.5400      -31.307177411098
           112.0100     -7.5400      -31.595363606669
           112.0200     -7.5400      -31.816590472646
           112.0300     -7.5400      -32.062550123645
           112.0400     -7.5400      -32.419258939330
           112.0500     -7.5400      -32.954456794299
           112.0600     -7.5400      -33.706664103693
           112.0700     -7.5400      -34.677472021691
           112.0800     -7.5400      -35.828261202233
           112.0900     -7.5400      -37.081992735802
           112.1000     -7.5400      -38.330062164328
           112.1100     -7.5400      -39.443539150253
           112.1200     -7.5400      -40.287519895282
           112.1300     -7.5400      -40.736876727735
           112.1400     -7.5400      -40.691460257333
           112.1500     -7.5400      -40.088827728226
           112.1600     -7.5400      -38.912838389134
           112.1700     -7.5400      -37.196942160960
           112.1800     -7.5400      -35.021632264632
           112.1900     -7.5400      -32.506255216851
           112.2000     -7.5400      -29.796081197449
           112.2100     -7.5400      -27.046143500900
           112.2200     -7.5400      -24.403779327613
           112.2300     -7.5400      -21.991989870231
           112.2400     -7.5400      -19.895659708307
           112.2500     -7.5400      -18.152341503162
           112.2600     -7.5400      -16.748762017413
           112.2700     -7.5400      -15.623507321402
           112.2800     -7.5400      -14.675585555355
           112.2900     -7.5400      -13.777839800599
           112.3000     -7.5400      -12.793582593745
           112.3100     -7.5400      -11.594423058466
           112.3200     -7.5400      -10.077108119944
           112.3300     -7.5400       -8.177319881413
           112.3400     -7.5400       -5.878747093091
           112.3500     -7.5400       -3.216332750272
           112.3600     -7.5400       -0.273319082526
           112.3700     -7.5400        2.827524499379
           112.3800     -7.5400        5.937391101555
           112.3900     -7.5400        8.897969932953
           112.4000     -7.5400       11.558986354282
           112.4100     -7.5400       13.794602492584
           112.4200     -7.5400       15.516691501070
           112.4300     -7.5400       16.683403544008
           112.4400     -7.5400       17.302040350246
           112.4500     -7.5400       17.425971354219
           112.4600     -7.5400       17.146067357313
           112.4700     -7.5400       16.577803843899
           112.4800     -7.5400       15.845711185212
           112.4900     -7.5400       15.067158260782
           112.5000     -7.5400       14.337512579152
           112.5100     -7.5400       13.718519096517
           112.5200     -7.5400       13.231309538170
           112.5300     -7.5400       12.854850871488
           112.5400     -7.5400       12.529943795854
           112.5500     -7.5400       12.168179112435
           112.5600     -7.5400       11.664640814206
           112.5700     -7.5400       10.912687314420
           112.5800     -7.5400        9.818902641843
           112.5900     -7.5400        8.316315525751
           112.6000     -7.5400        6.374232235980
           112.6100     -7.5400        4.003484096484
           112.6200     -7.5400        1.256491862205
           112.6300     -7.5400       -1.777782336279
           112.6400     -7.5400       -4.983275741168
           112.6500     -7.5400       -8.229392335370
           112.6600     -7.5400      -11.385056134625
           112.6700     -7.5400      -14.332452812659
           112.6800     -7.5400      -16.978740177916
           112.6900     -7.5400      -19.264307704406
           112.7000     -7.5400      -21.166644465939
           112.7100     -7.5400      -22.699468379595
           112.7200     -7.5400      -23.907398319163
           112.7300     -7.5400      -24.857031323742
           112.7400     -7.5400      -25.625743836805
           112.7500     -7.5400      -26.289809732046
           112.7600     -7.5400      -26.913484523665
           112.7700     -7.5400      -27.540539321020
           112.7800     -7.5400      -28.189363985025
           112.7900     -7.5400      -28.852246950479
           112.8000     -7.5400      -29.498849053605
           112.8100     -7.5400      -30.083300290010
           112.8200     -7.5400      -30.553841054943
           112.8300     -7.5400      -30.863571397631
           112.8400     -7.5400      -30.980711420480
           112.8500     -7.5400      -30.896835012676
           112.8600     -7.5400      -30.631810153795
           112.8700     -7.5400      -30.234626243828
           112.8800     -7.5400      -29.779852868350
           112.8900     -7.5400      -29.360079841547
           112.9000     -7.5400      -29.075254145089
           112.9100     -7.5400      -29.020279175068
           112.9200     -7.5400      -29.272514116691
           112.9300     -7.5400      -29.880867964368
           112.9400     -7.5400      -30.858013612780
           112.9500     -7.5400      -32.176872202082
           112.9600     -7.5400      -33.771983453779
           112.9700     -7.5400      -35.545752347751
           112.9800     -7.5400      -37.378926948994
           112.9900     -7.5400      -39.144099332415
           113.0000     -7.5400      -40.720605489571
           112.0000     -7.5500      -33.570751452941
           112.0100     -7.5500      -33.665158426979
           112.0200     -7.5500      -33.678084181559
           112.0300     -7.5500      -33.716370606638
           112.0400     -7.5500      -33.879917851193
           112.0500     -7.5500      -34.247769650702
           112.0600     -7.5500      -34.866130648491
           112.0700     -7.5500      -35.740008727705
           112.0800     -7.5500      -36.829751628919
           112.0900     -7.5500      -38.053141710994
           112.1000     -7.5500      -39.293002950357
           112.1100     -7.5500      -40.409552452076
           112.1200     -7.5500      -41.256090037565
           112.1300     -7.5500      -41.696149414723
           112.1400     -7.5500      -41.619997581163
           112.1500     -7.5500      -40.958400363880
           112.1600     -7.5500      -39.691871755498
           112.1700     -7.5500      -37.854158471281
           112.1800     -7.5500      -35.529413682853
           112.1900     -7.5500      -32.843297375782
           112.2000     -7.5500      -29.949006005438
           112.2100     -7.5500      -27.009883154503
           112.2200     -7.5500      -24.180711700174
           112.2300     -7.5500      -21.589977367687
           112.2400     -7.5500      -19.325296856475
           112.2500     -7.5500      -17.423830579741
           112.2600     -7.5500      -15.868895293069
           112.2700     -7.5500      -14.593230062073
           112.2800     -7.5500      -13.488545079620
           112.2900     -7.5500      -12.420200142823
           112.3000     -7.5500      -11.245216799150
           112.3100     -7.5500       -9.831406690788
           112.3200     -7.5500       -8.075252259046
           112.3300     -7.5500       -5.916323977400
           112.3400     -7.5500       -3.346442866357
           112.3500     -7.5500       -0.412445528759
           112.3600     -7.5500        2.787799617217
           112.3700     -7.5500        6.115640851781
           112.3800     -7.5500        9.406897615648
           112.3900     -7.5500       12.490244939963
           112.4000     -7.5500       15.206469276216
           112.4100     -7.5500       17.426236597779
           112.4200     -7.5500       19.064206989420
           112.4300     -7.5500       20.087792079451
           112.4400     -7.5500       20.519523753986
           112.4500     -7.5500       20.432799564260
           112.4600     -7.5500       19.941591653267
           112.4700     -7.5500       19.185448808726
           112.4800     -7.5500       18.311692725510
           112.4900     -7.5500       17.457039147205
           112.5000     -7.5500       16.730922582100
           112.5100     -7.5500       16.202565862661
           112.5200     -7.5500       15.893345127494
           112.5300     -7.5500       15.775320825836
           112.5400     -7.5500       15.776023526048
           112.5500     -7.5500       15.788799313575
           112.5600     -7.5500       15.687332510705
           112.5700     -7.5500       15.342459304967
           112.5800     -7.5500       14.639126580973
           112.5900     -7.5500       13.491366015118
           112.6000     -7.5500       11.853439151099
           112.6100     -7.5500        9.725825134845
           112.6200     -7.5500        7.155400365863
           112.6300     -7.5500        4.229909785056
           112.6400     -7.5500        1.067555642293
           112.6500     -7.5500       -2.196861764156
           112.6600     -7.5500       -5.427402785610
           112.6700     -7.5500       -8.502029603079
           112.6800     -7.5500      -11.325309178716
           112.6900     -7.5500      -13.837202473969
           112.7000     -7.5500      -16.016910705275
           112.7100     -7.5500      -17.881423055780
           112.7200     -7.5500      -19.479121536112
           112.7300     -7.5500      -20.879453589135
           112.7400     -7.5500      -22.160195601186
           112.7500     -7.5500      -23.394133987146
           112.7600     -7.5500      -24.637046108617
           112.7700     -7.5500      -25.918664971796
           112.7800     -7.5500      -27.237886979356
           112.7900     -7.5500      -28.562888354732
           112.8000     -7.5500      -29.836132832358
           112.8100     -7.5500      -30.983572175557
           112.8200     -7.5500      -31.926753142097
           112.8300     -7.5500      -32.596128523639
           112.8400     -7.5500      -32.943682088000
           112.8500     -7.5500      -32.953043870954
           112.8600     -7.5500      -32.645585985117
           112.8700     -7.5500      -32.081509969049
           112.8800     -7.5500      -31.355597204279
           112.8900     -7.5500      -30.588007819385
           112.9000     -7.5500      -29.911186946635
           112.9100     -7.5500      -29.454481022195
           112.9200     -7.5500      -29.328408158334
           112.9300     -7.5500      -29.610618480148
           112.9400     -7.5500      -30.335407848141
           112.9500     -7.5500      -31.488230946938
           112.9600     -7.5500      -33.006048576460
           112.9700     -7.5500      -34.783615850545
           112.9800     -7.5500      -36.685065288723
           112.9900     -7.5500      -38.559457744509
           113.0000     -7.5500      -40.258452521732
           112.0000     -7.5600      -35.297310052547
           112.0100     -7.5600      -35.267305663337
           112.0200     -7.5600      -35.137229588405
           112.0300     -7.5600      -35.027121933100
           112.0400     -7.5600      -35.049046342797
           112.0500     -7.5600      -35.291987278161
           112.0600     -7.5600      -35.808936151621
           112.0700     -7.5600      -36.607965900428
           112.0800     -7.5600      -37.648627918515
           112.0900     -7.5600      -38.844349231894
           112.1000     -7.5600      -40.070744828980
           112.1100     -7.5600      -41.178989051183
           112.1200     -7.5600      -42.012712363201
           112.1300     -7.5600      -42.426396316073
           112.1400     -7.5600      -42.302997919366
           112.1500     -7.5600      -41.568580811595
           112.1600     -7.5600      -40.202063410709
           112.1700     -7.5600      -38.238775230725
           112.1800     -7.5600      -35.767270696928
           112.1900     -7.5600      -32.919690230663
           112.2000     -7.5600      -29.856774510555
           112.2100     -7.5600      -26.749324960179
           112.2200     -7.5600      -23.758372386653
           112.2300     -7.5600      -21.016504060527
           112.2400     -7.5600      -18.612680401520
           112.2500     -7.5600      -16.582457840443
           112.2600     -7.5600      -14.904874155426
           112.2700     -7.5600      -13.506428101685
           112.2800     -7.5600      -12.271699440195
           112.2900     -7.5600      -11.059320005055
           112.3000     -7.5600       -9.721327081591
           112.3100     -7.5600       -8.123493816856
           112.3200     -7.5600       -6.164094120388
           112.3300     -7.5600       -3.788740441134
           112.3400     -7.5600       -0.999410706832
           112.3500     -7.5600        2.143503225073
           112.3600     -7.5600        5.526428110804
           112.3700     -7.5600        8.994519300000
           112.3800     -7.5600       12.368811221639
           112.3900     -7.5600       15.466515464890
           112.4000     -7.5600       18.121977493078
           112.4100     -7.5600       20.205716828075
           112.4200     -7.5600       21.639210158214
           112.4300     -7.5600       22.403602868666
           112.4400     -7.5600       22.541285942816
           112.4500     -7.5600       22.150157724198
           112.4600     -7.5600       21.371292998027
           112.4700     -7.5600       20.371552230196
           112.4800     -7.5600       19.323280491664
           112.4900     -7.5600       18.383592163689
           112.5000     -7.5600       17.675771786520
           112.5100     -7.5600       17.275040685686
           112.5200     -7.5600       17.200380278058
           112.5300     -7.5600       17.413338069942
           112.5400     -7.5600       17.823868768391
           112.5500     -7.5600       18.302391236860
           112.5600     -7.5600       18.696481894514
           112.5700     -7.5600       18.850071384007
           112.5800     -7.5600       18.622731890547
           112.5900     -7.5600       17.906670045432
           112.6000     -7.5600       16.639368281852
           112.6100     -7.5600       14.810401038190
           112.6200     -7.5600       12.461714304520
           112.6300     -7.5600        9.681498487375
           112.6400     -7.5600        6.592596900206
           112.6500     -7.5600        3.337071494134
           112.6600     -7.5600        0.059007806476
           112.6700     -7.5600       -3.112174489161
           112.6800     -7.5600       -6.075751536540
           112.6900     -7.5600       -8.769303610236
           112.7000     -7.5600      -11.172756945776
           112.7100     -7.5600      -13.306474442631
           112.7200     -7.5600      -15.223812953906
           112.7300     -7.5600      -16.999303718937
           112.7400     -7.5600      -18.714190964252
           112.7500     -7.5600      -20.441406323742
           112.7600     -7.5600      -22.232119191776
           112.7700     -7.5600      -24.105777961249
           112.7800     -7.5600      -26.045074618195
           112.7900     -7.5600      -27.996589443405
           112.8000     -7.5600      -29.877093083361
           112.8100     -7.5600      -31.584703191837
           112.8200     -7.5600      -33.013415669476
           112.8300     -7.5600      -34.069046468082
           112.8400     -7.5600      -34.684394183488
           112.8500     -7.5600      -34.831497858511
           112.8600     -7.5600      -34.529212383120
           112.8700     -7.5600      -33.844912319656
           112.8800     -7.5600      -32.889888969545
           112.8900     -7.5600      -31.808828066100
           112.9000     -7.5600      -30.764540083519
           112.9100     -7.5600      -29.919759420155
           112.9200     -7.5600      -29.418247679390
           112.9300     -7.5600      -29.367573421083
           112.9400     -7.5600      -29.825775442278
           112.9500     -7.5600      -30.793666915563
           112.9600     -7.5600      -32.213858179329
           112.9700     -7.5600      -33.976750994364
           112.9800     -7.5600      -35.932890110200
           112.9900     -7.5600      -37.910258458255
           113.0000     -7.5600      -39.734471710381
           112.0000     -7.5700      -36.443666935555
           112.0100     -7.5700      -36.370788179240
           112.0200     -7.5700      -36.176086864897
           112.0300     -7.5700      -35.989919732922
           112.0400     -7.5700      -35.933922131935
           112.0500     -7.5700      -36.104899095650
           112.0600     -7.5700      -36.561135664485
           112.0700     -7.5700      -37.313018247664
           112.0800     -7.5700      -38.319354158598
           112.0900     -7.5700      -39.490073950412
           112.1000     -7.5700      -40.695190038054
           112.1100     -7.5700      -41.779070375119
           112.1200     -7.5700      -42.578374864628
           112.1300     -7.5700      -42.941489974155
           112.1400     -7.5700      -42.747054318225
           112.1500     -7.5700      -41.919231195364
           112.1600     -7.5700      -40.437750283587
           112.1700     -7.5700      -38.341367508893
           112.1800     -7.5700      -35.724202707774
           112.1900     -7.5700      -32.725307485143
           112.2000     -7.5700      -29.512677071943
           112.2100     -7.5700      -26.263639086610
           112.2200     -7.5700      -23.144034951168
           112.2300     -7.5700      -20.288791613666
           112.2400     -7.5700      -17.786335361467
           112.2500     -7.5700      -15.668840733528
           112.2600     -7.5700      -13.909590871667
           112.2700     -7.5700      -12.427839576891
           112.2800     -7.5700      -11.100620777101
           112.2900     -7.5700       -9.780067431275
           112.3000     -7.5700       -8.314091732464
           112.3100     -7.5700       -6.567833332820
           112.3200     -7.5700       -4.443160764275
           112.3300     -7.5700       -1.893731220648
           112.3400     -7.5700        1.066349802457
           112.3500     -7.5700        4.361440262742
           112.3600     -7.5700        7.861075363917
           112.3700     -7.5700       11.393737563588
           112.3800     -7.5700       14.766047314306
           112.3900     -7.5700       17.785048513726
           112.4000     -7.5700       20.280858930187
           112.4100     -7.5700       22.126890930007
           112.4200     -7.5700       23.255131144214
           112.4300     -7.5700       23.664564982807
           112.4400     -7.5700       23.421669291468
           112.4500     -7.5700       22.652869793423
           112.4600     -7.5700       21.529847891609
           112.4700     -7.5700       20.249460610684
           112.4800     -7.5700       19.010698230375
           112.4900     -7.5700       17.991464235039
           112.5000     -7.5700       17.327977111600
           112.5100     -7.5700       17.099262175564
           112.5200     -7.5700       17.318566357199
           112.5300     -7.5700       17.932670141669
           112.5400     -7.5700       18.829096847884
           112.5500     -7.5700       19.850252452605
           112.5600     -7.5700       20.812690112196
           112.5700     -7.5700       21.529086612636
           112.5800     -7.5700       21.830217587676
           112.5900     -7.5700       21.584259774335
           112.6000     -7.5700       20.711123693894
           112.6100     -7.5700       19.190178636001
           112.6200     -7.5700       17.060587764741
           112.6300     -7.5700       14.414414146963
           112.6400     -7.5700       11.383567806241
           112.6500     -7.5700        8.122423960075
           112.6600     -7.5700        4.788457717131
           112.6700     -7.5700        1.523447043501
           112.6800     -7.5700       -1.562329870769
           112.6900     -7.5700       -4.400915345319
           112.7000     -7.5700       -6.971215662926
           112.7100     -7.5700       -9.296825610689
           112.7200     -7.5700      -11.437595563834
           112.7300     -7.5700      -13.476236827081
           112.7400     -7.5700      -15.501917618385
           112.7500     -7.5700      -17.593195834174
           112.7600     -7.5700      -19.802714675709
           112.7700     -7.5700      -22.145843405911
           112.7800     -7.5700      -24.594910213187
           112.7900     -7.5700      -27.079917652360
           112.8000     -7.5700      -29.495752577548
           112.8100     -7.5700      -31.715017102564
           112.8200     -7.5700      -33.604831295772
           112.8300     -7.5700      -35.045394492235
           112.8400     -7.5700      -35.947815532383
           112.8500     -7.5700      -36.268771150918
           112.8600     -7.5700      -36.019922327115
           112.8700     -7.5700      -35.270665156912
           112.8800     -7.5700      -34.143634233805
           112.8900     -7.5700      -32.803305529329
           112.9000     -7.5700      -31.438943297249
           112.9100     -7.5700      -30.243885829232
           112.9200     -7.5700      -29.393670341802
           112.9300     -7.5700      -29.025690957475
           112.9400     -7.5700      -29.222938115312
           112.9500     -7.5700      -30.003898311303
           112.9600     -7.5700      -31.319956561250
           112.9700     -7.5700      -33.060731301691
           112.9800     -7.5700      -35.066796245645
           112.9900     -7.5700      -37.148328054372
           113.0000     -7.5700      -39.107477635995
           112.0000     -7.5800      -36.995860401482
           112.0100     -7.5800      -36.966646595594
           112.0200     -7.5800      -36.792043635167
           112.0300     -7.5800      -36.609073060656
           112.0400     -7.5800      -36.545611280062
           112.0500     -7.5800      -36.703506257319
           112.0600     -7.5800      -37.144309960426
           112.0700     -7.5800      -37.879593297164
           112.0800     -7.5800      -38.867270353060
           112.0900     -7.5800      -40.014614920051
           112.1000     -7.5800      -41.187799091514
           112.1100     -7.5800      -42.226931759042
           112.1200     -7.5800      -42.964836534932
           112.1300     -7.5800      -43.247283183326
           112.1400     -7.5800      -42.952146950515
           112.1500     -7.5800      -42.005052828814
           112.1600     -7.5800      -40.389461787147
           112.1700     -7.5800      -38.149826907828
           112.1800     -7.5800      -35.387306790587
           112.1900     -7.5800      -32.248463449839
           112.2000     -7.5800      -28.908272206962
           112.2100     -7.5800      -25.549515190746
           112.2200     -7.5800      -22.341120020029
           112.2300     -7.5800      -19.418174540339
           112.2400     -7.5800      -16.866171024917
           112.2500     -7.5800      -14.711527171794
           112.2600     -7.5800      -12.919657064984
           112.2700     -7.5800      -11.400918622967
           112.2800     -7.5800      -10.023763710061
           112.2900     -7.5800       -8.633490008047
           112.3000     -7.5800       -7.074258935870
           112.3100     -7.5800       -5.211597105827
           112.3200     -7.5800       -2.952500059177
           112.3300     -7.5800       -0.260522698159
           112.3400     -7.5800        2.836158855643
           112.3500     -7.5800        6.244866824398
           112.3600     -7.5800        9.816857486023
           112.3700     -7.5800       13.363160994595
           112.3800     -7.5800       16.675969586934
           112.3900     -7.5800       19.552997620515
           112.4000     -7.5800       21.821831460947
           112.4100     -7.5800       23.361250690019
           112.4200     -7.5800       24.116841844211
           112.4300     -7.5800       24.108902066683
           112.4400     -7.5800       23.431560339338
           112.4500     -7.5800       22.243113734834
           112.4600     -7.5800       20.748652773488
           112.4700     -7.5800       19.176999492042
           112.4800     -7.5800       17.754685707254
           112.4900     -7.5800       16.680069076346
           112.5000     -7.5800       16.100674357081
           112.5100     -7.5800       16.096457658044
           112.5200     -7.5800       16.670970755748
           112.5300     -7.5800       17.751440414856
           112.5400     -7.5800       19.197693859768
           112.5500     -7.5800       20.818790928112
           112.5600     -7.5800       22.395298887901
           112.5700     -7.5800       23.704481690642
           112.5800     -7.5800       24.545352859310
           112.5900     -7.5800       24.760598435028
           112.6000     -7.5800       24.252803758106
           112.6100     -7.5800       22.993159195291
           112.6200     -7.5800       21.021779868794
           112.6300     -7.5800       18.439830576134
           112.6400     -7.5800       15.394665544374
           112.6500     -7.5800       12.060045125374
           112.6600     -7.5800        8.614071506457
           112.6700     -7.5800        5.217721735974
           112.6800     -7.5800        1.996721769704
           112.6900     -7.5800       -0.970979792655
           112.7000     -7.5800       -3.660650048337
           112.7100     -7.5800       -6.098588571996
           112.7200     -7.5800       -8.352803380391
           112.7300     -7.5800      -10.517969491259
           112.7400     -7.5800      -12.696842668564
           112.7500     -7.5800      -14.980760212593
           112.7600     -7.5800      -17.431971229913
           112.7700     -7.5800      -20.070287075161
           112.7800     -7.5800      -22.865961802991
           112.7900     -7.5800      -25.739878240202
           112.8000     -7.5800      -28.571136193043
           112.8100     -7.5800      -31.211142666764
           112.8200     -7.5800      -33.502419572413
           112.8300     -7.5800      -35.299687781074
           112.8400     -7.5800      -36.490444020577
           112.8500     -7.5800      -37.012265217944
           112.8600     -7.5800      -36.864453451954
           112.8700     -7.5800      -36.112327330636
           112.8800     -7.5800      -34.883385466670
           112.8900     -7.5800      -33.355598397476
           112.9000     -7.5800      -31.739095669242
           112.9100     -7.5800      -30.253375718151
           112.9200     -7.5800      -29.102766896813
           112.9300     -7.5800      -28.453130320745
           112.9400     -7.5800      -28.412683527699
           112.9500     -7.5800      -29.019349823781
           112.9600     -7.5800      -30.236259040923
           112.9700     -7.5800      -31.956037329618
           112.9800     -7.5800      -34.013449247372
           112.9900     -7.5800      -36.204928647519
           113.0000     -7.5800      -38.312683931538
           112.0000     -7.5900      -36.970244172528
           112.0100     -7.5900      -37.068764555848
           112.0200     -7.5900      -36.998153066783
           112.0300     -7.5900      -36.897900921302
           112.0400     -7.5900      -36.898252957333
           112.0500     -7.5900      -37.102821797199
           112.0600     -7.5900      -37.573975360851
           112.0700     -7.5900      -38.323019631988
           112.0800     -7.5900      -39.306627838866
           112.0900     -7.5900      -40.430187992196
           112.1000     -7.5900      -41.557852358211
           112.1100     -7.5900      -42.528190578024
           112.1200     -7.5900      -43.173589611211
           112.1300     -7.5900      -43.341011061679
           112.1400     -7.5900      -42.911484299903
           112.1500     -7.5900      -41.815818437595
           112.1600     -7.5900      -40.044450361811
           112.1700     -7.5900      -37.650059150664
           112.1800     -7.5900      -34.742481450024
           112.1900     -7.5900      -31.476443626723
           112.2000     -7.5900      -28.033558736066
           112.2100     -7.5900      -24.600797955575
           112.2200     -7.5900      -21.348135804177
           112.2300     -7.5900      -18.408218522928
           112.2400     -7.5900      -15.860690665649
           112.2500     -7.5900      -13.723258126848
           112.2600     -7.5900      -11.950732865037
           112.2700     -7.5900      -10.442298286679
           112.2800     -7.5900       -9.056181179889
           112.2900     -7.5900       -7.629950521298
           112.3000     -7.5900       -6.003910336143
           112.3100     -7.5900       -4.044612481620
           112.3200     -7.5900       -1.665446632841
           112.3300     -7.5900        1.158416991021
           112.3400     -7.5900        4.382786481716
           112.3500     -7.5900        7.896021132064
           112.3600     -7.5900       11.529432865114
           112.3700     -7.5900       15.075413486457
           112.3800     -7.5900       18.311189396603
           112.3900     -7.5900       21.025358389913
           112.4000     -7.5900       23.043961867538
           112.4100     -7.5900       24.252844744207
           112.4200     -7.5900       24.613459278590
           112.4300     -7.5900       24.170031941061
           112.4400     -7.5900       23.047042775570
           112.4500     -7.5900       21.437138792385
           112.4600     -7.5900       19.580772336038
           112.4700     -7.5900       17.739877013420
           112.4800     -7.5900       16.168640051526
           112.4900     -7.5900       15.084806876656
           112.5000     -7.5900       14.644912771460
           112.5100     -7.5900       14.926380944309
           112.5200     -7.5900       15.918611049847
           112.5300     -7.5900       17.524106783931
           112.5400     -7.5900       19.569487787817
           112.5500     -7.5900       21.825047920122
           112.5600     -7.5900       24.030504715869
           112.5700     -7.5900       25.923858602178
           112.5800     -7.5900       27.269933925162
           112.5900     -7.5900       27.885248420192
           112.6000     -7.5900       27.656342266758
           112.6100     -7.5900       26.549530103596
           112.6200     -7.5900       24.611113974108
           112.6300     -7.5900       21.958276913310
           112.6400     -7.5900       18.762017762537
           112.6500     -7.5900       15.224445631324
           112.6600     -7.5900       11.553408743065
           112.6700     -7.5900        7.937707276763
           112.6800     -7.5900        4.526001814756
           112.6900     -7.5900        1.411998979416
           112.7000     -7.5900       -1.372355890793
           112.7100     -7.5900       -3.855011905533
           112.7200     -7.5900       -6.113741304695
           112.7300     -7.5900       -8.259398512372
           112.7400     -7.5900      -10.414902050596
           112.7500     -7.5900      -12.692872990847
           112.7600     -7.5900      -15.175020267208
           112.7700     -7.5900      -17.896116546756
           112.7800     -7.5900      -20.834791370210
           112.7900     -7.5900      -23.912461213074
           112.8000     -7.5900      -27.000636292554
           112.8100     -7.5900      -29.935730708404
           112.8200     -7.5900      -32.539499442554
           112.8300     -7.5900      -34.642462355870
           112.8400     -7.5900      -36.107250520760
           112.8500     -7.5900      -36.848779723515
           112.8600     -7.5900      -36.848525159707
           112.8700     -7.5900      -36.160894611308
           112.8800     -7.5900      -34.910683872061
           112.8900     -7.5900      -33.281723288512
           112.9000     -7.5900      -31.497945485269
           112.9100     -7.5900      -29.799079256512
           112.9200     -7.5900      -28.413879021513
           112.9300     -7.5900      -27.534142867200
           112.9400     -7.5900      -27.292710099646
           112.9500     -7.5900      -27.748167523558
           112.9600     -7.5900      -28.878188795988
           112.9700     -7.5900      -30.582382799076
           112.9800     -7.5900      -32.694365354526
           112.9900     -7.5900      -35.001638346576
           113.0000     -7.5900      -37.270902130343
           112.0000     -7.6000      -36.411845422952
           112.0100     -7.6000      -36.712637296094
           112.0200     -7.6000      -36.822134228296
           112.0300     -7.6000      -36.877837812457
           112.0400     -7.6000      -37.008194977072
           112.0500     -7.6000      -37.315008282971
           112.0600     -7.6000      -37.858735925186
           112.0700     -7.6000      -38.648736965503
           112.0800     -7.6000      -39.639920601497
           112.0900     -7.6000      -40.736450098291
           112.1000     -7.6000      -41.802235954507
           112.1100     -7.6000      -42.677048903138
           112.1200     -7.6000      -43.196312067720
           112.1300     -7.6000      -43.212098235229
           112.1400     -7.6000      -42.612638422222
           112.1500     -7.6000      -41.337777286406
           112.1600     -7.6000      -39.388279646815
           112.1700     -7.6000      -36.827645742992
           112.1800     -7.6000      -33.776037817279
           112.1900     -7.6000      -30.396937272976
           112.2000     -7.6000      -26.878108636519
           112.2100     -7.6000      -23.409217875846
           112.2200     -7.6000      -20.158934310686
           112.2300     -7.6000      -17.254469263941
           112.2400     -7.6000      -14.766247898418
           112.2500     -7.6000      -12.699799471737
           112.2600     -7.6000      -10.996057979249
           112.2700     -7.6000       -9.540199987495
           112.2800     -7.6000       -8.178043591770
           112.2900     -7.6000       -6.738033189211
           112.3000     -7.6000       -5.056069522524
           112.3100     -7.6000       -3.000015737736
           112.3200     -7.6000       -0.490679111983
           112.3300     -7.6000        2.483554102514
           112.3400     -7.6000        5.860507355422
           112.3500     -7.6000        9.507476883808
           112.3600     -7.6000       13.233839767411
           112.3700     -7.6000       16.811689410453
           112.3800     -7.6000       20.002135022983
           112.3900     -7.6000       22.584132248405
           112.4000     -7.6000       24.382320412894
           112.4100     -7.6000       25.290383122257
           112.4200     -7.6000       25.286924636938
           112.4300     -7.6000       24.441711717551
           112.4400     -7.6000       22.911268175578
           112.4500     -7.6000       20.924089738139
           112.4600     -7.6000       18.757013286675
           112.4700     -7.6000       16.705370425722
           112.4800     -7.6000       15.050343743268
           112.4900     -7.6000       14.027325041455
           112.5000     -7.6000       13.798997923078
           112.5100     -7.6000       14.436338365753
           112.5200     -7.6000       15.909808122845
           112.5300     -7.6000       18.091817261404
           112.5400     -7.6000       20.770199190122
           112.5500     -7.6000       23.671136549904
           112.5600     -7.6000       26.488858736067
           112.5700     -7.6000       28.918638198953
           112.5800     -7.6000       30.689239841527
           112.5900     -7.6000       31.591070754988
           112.6000     -7.6000       31.496823691368
           112.6100     -7.6000       30.372338632163
           112.6200     -7.6000       28.276606750852
           112.6300     -7.6000       25.351161221335
           112.6400     -7.6000       21.800376544218
           112.6500     -7.6000       17.865275155430
           112.6600     -7.6000       13.794185379101
           112.6700     -7.6000        9.813918503333
           112.6800     -7.6000        6.104998064915
           112.6900     -7.6000        2.783901885026
           112.7000     -7.6000       -0.105657834546
           112.7100     -7.6000       -2.591568819429
           112.7200     -7.6000       -4.762690329646
           112.7300     -7.6000       -6.750387361301
           112.7400     -7.6000       -8.704835870781
           112.7500     -7.6000      -10.769348515661
           112.7600     -7.6000      -13.056190414556
           112.7700     -7.6000      -15.627127985471
           112.7800     -7.6000      -18.481312248540
           112.7900     -7.6000      -21.552124765967
           112.8000     -7.6000      -24.713435054102
           112.8100     -7.6000      -27.794483989422
           112.8200     -7.6000      -30.601476131992
           112.8300     -7.6000      -32.943079266179
           112.8400     -7.6000      -34.656504415578
           112.8500     -7.6000      -35.630740901440
           112.8600     -7.6000      -35.823861270851
           112.8700     -7.6000      -35.272047039376
           112.8800     -7.6000      -34.089024966428
           112.8900     -7.6000      -32.455813548641
           112.9000     -7.6000      -30.601907530415
           112.9100     -7.6000      -28.780119219968
           112.9200     -7.6000      -27.238111361369
           112.9300     -7.6000      -26.190094075821
           112.9400     -7.6000      -25.792162445977
           112.9500     -7.6000      -26.124320745968
           112.9600     -7.6000      -27.181427771879
           112.9700     -7.6000      -28.874206587143
           112.9800     -7.6000      -31.040227535856
           112.9900     -7.6000      -33.463549568607
           113.0000     -7.6000      -35.900644090059
           112.0000     -7.6100      -35.390053060150
           112.0100     -7.6100      -35.952122228722
           112.0200     -7.6100      -36.303988678014
           112.0300     -7.6100      -36.576752959539
           112.0400     -7.6100      -36.892886818361
           112.0500     -7.6100      -37.348749220716
           112.0600     -7.6100      -38.000067889403
           112.0700     -7.6100      -38.852452994745
           112.0800     -7.6100      -39.858391950621
           112.0900     -7.6100      -40.921343749647
           112.1000     -7.6100      -41.906615192784
           112.1100     -7.6100      -42.657783316311
           112.1200     -7.6100      -43.016651942382
           112.1300     -7.6100      -42.844202765411
           112.1400     -7.6100      -42.039798879534
           112.1500     -7.6100      -40.556055573081
           112.1600     -7.6100      -38.407296944800
           112.1700     -7.6100      -35.670308593247
           112.1800     -7.6100      -32.477078170145
           112.1900     -7.6100      -29.000261780823
           112.2000     -7.6100      -25.433088785006
           112.2100     -7.6100      -21.966190830731
           112.2200     -7.6100      -18.764306998595
           112.2300     -7.6100      -15.945907820124
           112.2400     -7.6100      -13.568476330241
           112.2500     -7.6100      -11.621515007903
           112.2600     -7.6100      -10.028392301061
           112.2700     -7.6100       -8.657018986596
           112.2800     -7.6100       -7.338194649176
           112.2900     -7.6100       -5.889436161661
           112.3000     -7.6100       -4.141328634303
           112.3100     -7.6100       -1.963029963342
           112.3200     -7.6100        0.716426428563
           112.3300     -7.6100        3.893942034317
           112.3400     -7.6100        7.487360756369
           112.3500     -7.6100       11.340643258621
           112.3600     -7.6100       15.238912591228
           112.3700     -7.6100       18.931815788482
           112.3800     -7.6100       22.162551318112
           112.3900     -7.6100       24.699123641807
           112.4000     -7.6100       26.364009001458
           112.4100     -7.6100       27.058506279804
           112.4200     -7.6100       26.778601229035
           112.4300     -7.6100       25.620131218221
           112.4400     -7.6100       23.772289245908
           112.4500     -7.6100       21.499900533453
           112.4600     -7.6100       19.116272919801
           112.4700     -7.6100       16.949594908660
           112.4800     -7.6100       15.306685980381
           112.4900     -7.6100       14.438286538489
           112.5000     -7.6100       14.509957504518
           112.5100     -7.6100       15.582050968920
           112.5200     -7.6100       17.601182706707
           112.5300     -7.6100       20.404306326409
           112.5400     -7.6100       23.735016543637
           112.5500     -7.6100       27.270273004818
           112.5600     -7.6100       30.654510153010
           112.5700     -7.6100       33.537231781196
           112.5800     -7.6100       35.609786715289
           112.5900     -7.6100       36.637133548581
           112.6000     -7.6100       36.481013873989
           112.6100     -7.6100       35.111990306829
           112.6200     -7.6100       32.609141102111
           112.6300     -7.6100       29.147674352598
           112.6400     -7.6100       24.976152375752
           112.6500     -7.6100       20.386227604246
           112.6600     -7.6100       15.678638973493
           112.6700     -7.6100       11.129601555411
           112.6800     -7.6100        6.961598669658
           112.6900     -7.6100        3.321974276550
           112.7000     -7.6100        0.271703562724
           112.7100     -7.6100       -2.214579301584
           112.7200     -7.6100       -4.237632094982
           112.7300     -7.6100       -5.953424365522
           112.7400     -7.6100       -7.546542482771
           112.7500     -7.6100       -9.200756084280
           112.7600     -7.6100      -11.070624058702
           112.7700     -7.6100      -13.257828619556
           112.7800     -7.6100      -15.795272830274
           112.7900     -7.6100      -18.640945963003
           112.8000     -7.6100      -21.682284935576
           112.8100     -7.6100      -24.750401335963
           112.8200     -7.6100      -27.642274174066
           112.8300     -7.6100      -30.147988234454
           112.8400     -7.6100      -32.079454265215
           112.8500     -7.6100      -33.296859682655
           112.8600     -7.6100      -33.729388640303
           112.8700     -7.6100      -33.387479588507
           112.8800     -7.6100      -32.364963105961
           112.8900     -7.6100      -30.830706008077
           112.9000     -7.6100      -29.010717037955
           112.9100     -7.6100      -27.162877193336
           112.9200     -7.6100      -25.547392256036
           112.9300     -7.6100      -24.396609625020
           112.9400     -7.6100      -23.887928807434
           112.9500     -7.6100      -24.123155257635
           112.9600     -7.6100      -25.116849641171
           112.9700     -7.6100      -26.795110189622
           112.9800     -7.6100      -29.004934991575
           112.9900     -7.6100      -31.533005662038
           113.0000     -7.6100      -34.131576718615
           112.0000     -7.6200      -33.992006287817
           112.0100     -7.6200      -34.854410857525
           112.0200     -7.6200      -35.492363667875
           112.0300     -7.6200      -36.026523768500
           112.0400     -7.6200      -36.569497028640
           112.0500     -7.6200      -37.208760896138
           112.0600     -7.6200      -37.992593671810
           112.0700     -7.6200      -38.921063585898
           112.0800     -7.6200      -39.943499151861
           112.0900     -7.6200      -40.963015895914
           112.1000     -7.6200      -41.847725963266
           112.1100     -7.6200      -42.447332824226
           112.1200     -7.6200      -42.613039323215
           112.1300     -7.6200      -42.218182094783
           112.1400     -7.6200      -41.176824969253
           112.1500     -7.6200      -39.457731237339
           112.1600     -7.6200      -37.091673893834
           112.1700     -7.6200      -34.170871216653
           112.1800     -7.6200      -30.840349272217
           112.1900     -7.6200      -27.282103045094
           112.2000     -7.6200      -23.693913257016
           112.2100     -7.6200      -20.265443813055
           112.2200     -7.6200      -17.154687950424
           112.2300     -7.6200      -14.467882483542
           112.2400     -7.6200      -12.245651769743
           112.2500     -7.6200      -10.457412047030
           112.2600     -7.6200       -9.005048121706
           112.2700     -7.6200       -7.735693071817
           112.2800     -7.6200       -6.462246916091
           112.2900     -7.6200       -4.989216666252
           112.3000     -7.6200       -3.140687907326
           112.3100     -7.6200       -0.786854221951
           112.3200     -7.6200        2.134404800554
           112.3300     -7.6200        5.603889795188
           112.3400     -7.6200        9.517470422342
           112.3500     -7.6200       13.693368472126
           112.3600     -7.6200       17.889853839269
           112.3700     -7.6200       21.831539613259
           112.3800     -7.6200       25.241319555341
           112.3900     -7.6200       27.874185931404
           112.4000     -7.6200       29.548807088264
           112.4100     -7.6200       30.172887641237
           112.4200     -7.6200       29.758973409246
           112.4300     -7.6200       28.428430120473
           112.4400     -7.6200       26.402696830865
           112.4500     -7.6200       23.982429348097
           112.4600     -7.6200       21.516622720264
           112.4700     -7.6200       19.365054010205
           112.4800     -7.6200       17.858260549009
           112.4900     -7.6200       17.259652172482
           112.5000     -7.6200       17.734194650739
           112.5100     -7.6200       19.327407534997
           112.5200     -7.6200       21.957269973598
           112.5300     -7.6200       25.420155981725
           112.5400     -7.6200       29.410299927043
           112.5500     -7.6200       33.550716859942
           112.5600     -7.6200       37.432160022786
           112.5700     -7.6200       40.655751522381
           112.5800     -7.6200       42.874486761448
           112.5900     -7.6200       43.828942481317
           112.6000     -7.6200       43.373197747524
           112.6100     -7.6200       41.488125960517
           112.6200     -7.6200       38.280696257445
           112.6300     -7.6200       33.969556702757
           112.6400     -7.6200       28.858763281939
           112.6500     -7.6200       23.302877314339
           112.6600     -7.6200       17.667617698397
           112.6700     -7.6200       12.290710114798
           112.6800     -7.6200        7.447471866773
           112.6900     -7.6200        3.325025599109
           112.7000     -7.6200        0.007930733471
           112.7100     -7.6200       -2.523403507847
           112.7200     -7.6200       -4.381728622342
           112.7300     -7.6200       -5.751116320540
           112.7400     -7.6200       -6.857278828063
           112.7500     -7.6200       -7.933959484878
           112.7600     -7.6200       -9.189706353643
           112.7700     -7.6200      -10.779206552479
           112.7800     -7.6200      -12.782708856654
           112.7900     -7.6200      -15.195983292032
           112.8000     -7.6200      -17.931897760542
           112.8100     -7.6200      -20.833206622889
           112.8200     -7.6200      -23.694730869831
           112.8300     -7.6200      -26.291939859293
           112.8400     -7.6200      -28.412164169670
           112.8500     -7.6200      -29.884371646989
           112.8600     -7.6200      -30.603656789982
           112.8700     -7.6200      -30.547295091059
           112.8800     -7.6200      -29.780306520043
           112.8900     -7.6200      -28.449815527070
           112.9000     -7.6200      -26.768918066214
           112.9100     -7.6200      -24.992089903332
           112.9200     -7.6200      -23.385229468494
           112.9300     -7.6200      -22.194091843393
           112.9400     -7.6200      -21.615057859474
           112.9500     -7.6200      -21.771873730817
           112.9600     -7.6200      -22.701234477975
           112.9700     -7.6200      -24.348967456034
           112.9800     -7.6200      -26.577243102254
           112.9900     -7.6200      -29.181866553550
           113.0000     -7.6200      -31.917458239991
           112.0000     -7.6300      -32.314323305378
           112.0100     -7.6300      -33.493681892222
           112.0200     -7.6300      -34.439963966011
           112.0300     -7.6300      -35.260028495758
           112.0400     -7.6300      -36.053302245961
           112.0500     -7.6300      -36.895391563094
           112.0600     -7.6300      -37.824707600259
           112.0700     -7.6300      -38.834127482721
           112.0800     -7.6300      -39.869068431669
           112.0900     -7.6300      -40.832495602382
           112.1000     -7.6300      -41.596430241208
           112.1100     -7.6300      -42.018601571275
           112.1200     -7.6300      -41.962121214037
           112.1300     -7.6300      -41.315562046313
           112.1400     -7.6300      -40.010669612096
           112.1500     -7.6300      -38.035154406786
           112.1600     -7.6300      -35.438588655373
           112.1700     -7.6300      -32.330294412076
           112.1800     -7.6300      -28.869153256462
           112.1900     -7.6300      -25.246356845316
           112.2000     -7.6300      -21.663107640150
           112.2100     -7.6300      -18.306034994740
           112.2200     -7.6300      -15.323505510684
           112.2300     -7.6300      -12.806012466113
           112.2400     -7.6300      -10.773413468459
           112.2500     -7.6300       -9.170989614699
           112.2600     -7.6300       -7.875215731009
           112.2700     -7.6300       -6.708892325808
           112.2800     -7.6300       -5.464052334223
           112.2900     -7.6300       -3.929980421691
           112.3000     -7.6300       -1.922913945497
           112.3100     -7.6300        0.686358479847
           112.3200     -7.6300        3.950664045208
           112.3300     -7.6300        7.833447570207
           112.3400     -7.6300       12.206671047601
           112.3500     -7.6300       16.860370972094
           112.3600     -7.6300       21.523189996448
           112.3700     -7.6300       25.891793308399
           112.3800     -7.6300       29.665889216046
           112.3900     -7.6300       32.584753075602
           112.4000     -7.6300       34.460816607634
           112.4100     -7.6300       35.206085895963
           112.4200     -7.6300       34.847880286182
           112.4300     -7.6300       33.531564610606
           112.4400     -7.6300       31.509444772766
           112.4500     -7.6300       29.116635867895
           112.4600     -7.6300       26.736295881187
           112.4700     -7.6300       24.757952762173
           112.4800     -7.6300       23.533571403959
           112.4900     -7.6300       23.336390692324
           112.5000     -7.6300       24.327353421727
           112.5100     -7.6300       26.533168468494
           112.5200     -7.6300       29.838770092965
           112.5300     -7.6300       33.995318981136
           112.5400     -7.6300       38.643112411599
           112.5500     -7.6300       43.347046422326
           112.5600     -7.6300       47.640806367492
           112.5700     -7.6300       51.074929822584
           112.5800     -7.6300       53.263412633943
           112.5900     -7.6300       53.923673976029
           112.6000     -7.6300       52.905444820997
           112.6100     -7.6300       50.205409267325
           112.6200     -7.6300       45.966060814134
           112.6300     -7.6300       40.459042931405
           112.6400     -7.6300       34.055011366589
           112.6500     -7.6300       27.183575732868
           112.6600     -7.6300       20.287971417052
           112.6700     -7.6300       13.779652802656
           112.6800     -7.6300        7.997925194642
           112.6900     -7.6300        3.179059535347
           112.7000     -7.6300       -0.561853203140
           112.7100     -7.6300       -3.234605255495
           112.7200     -7.6300       -4.963161521819
           112.7300     -7.6300       -5.962262698534
           112.7400     -7.6300       -6.504532388946
           112.7500     -7.6300       -6.882332468285
           112.7600     -7.6300       -7.369134645053
           112.7700     -7.6300       -8.185113946185
           112.7800     -7.6300       -9.471038176937
           112.7900     -7.6300      -11.273411968476
           112.8000     -7.6300      -13.542378599144
           112.8100     -7.6300      -16.142270943947
           112.8200     -7.6300      -18.873135067704
           112.8300     -7.6300      -21.500218477607
           112.8400     -7.6300      -23.787480558723
           112.8500     -7.6300      -25.530754734771
           112.8600     -7.6300      -26.586315810478
           112.8700     -7.6300      -26.891258145058
           112.8800     -7.6300      -26.473181895675
           112.8900     -7.6300      -25.448073205382
           112.9000     -7.6300      -24.006772400349
           112.9100     -7.6300      -22.391861881194
           112.9200     -7.6300      -20.867993526228
           112.9300     -7.6300      -19.689468554453
           112.9400     -7.6300      -19.069186592410
           112.9500     -7.6300      -19.152863207485
           112.9600     -7.6300      -20.001710131663
           112.9700     -7.6300      -21.585674219777
           112.9800     -7.6300      -23.787982454747
           112.9900     -7.6300      -26.420313375322
           113.0000     -7.6300      -29.246590305747
           112.0000     -7.6400      -30.454028605167
           112.0100     -7.6400      -31.944082424028
           112.0200     -7.6400      -33.198466140994
           112.0300     -7.6400      -34.307838395039
           112.0400     -7.6400      -35.355974376713
           112.0500     -7.6400      -36.404300678636
           112.0600     -7.6400      -37.479431777713
           112.0700     -7.6400      -38.565678567272
           112.0800     -7.6400      -39.603845936800
           112.0900     -7.6400      -40.496775394716
           112.1000     -7.6400      -41.121135075338
           112.1100     -7.6400      -41.344043742456
           112.1200     -7.6400      -41.042366287916
           112.1300     -7.6400      -40.122044905132
           112.1400     -7.6400      -38.534706929697
           112.1500     -7.6400      -36.289045821504
           112.1600     -7.6400      -33.455083643426
           112.1700     -7.6400      -30.160320290666
           112.1800     -7.6400      -26.577844484251
           112.1900     -7.6400      -22.907585198714
           112.2000     -7.6400      -19.352871865494
           112.2100     -7.6400      -16.095210075297
           112.2200     -7.6400      -13.270558441277
           112.2300     -7.6400      -10.950347951390
           112.2400     -7.6400       -9.130007731354
           112.2500     -7.6400       -7.726897724745
           112.2600     -7.6400       -6.588398759301
           112.2700     -7.6400       -5.509614005035
           112.2800     -7.6400       -4.258856830131
           112.2900     -7.6400       -2.608005473188
           112.3000     -7.6400       -0.364043230289
           112.3100     -7.6400        2.602215738065
           112.3200     -7.6400        6.334033551524
           112.3300     -7.6400       10.776431497537
           112.3400     -7.6400       15.775689952664
           112.3500     -7.6400       21.091304379716
           112.3600     -7.6400       26.419500297275
           112.3700     -7.6400       31.425928780146
           112.3800     -7.6400       35.783924830035
           112.3900     -7.6400       39.213876171127
           112.4000     -7.6400       41.518936020173
           112.4100     -7.6400       42.612574870883
           112.4200     -7.6400       42.534288134249
           112.4300     -7.6400       41.451073797238
           112.4400     -7.6400       39.643921668101
           112.4500     -7.6400       37.480323864975
           112.4600     -7.6400       35.375514037610
           112.4700     -7.6400       33.746563406418
           112.4800     -7.6400       32.964427467296
           112.4900     -7.6400       33.309422173963
           112.5000     -7.6400       34.935354452139
           112.5100     -7.6400       37.846656902177
           112.5200     -7.6400       41.891473351227
           112.5300     -7.6400       46.771868122347
           112.5400     -7.6400       52.070391633781
           112.5500     -7.6400       57.290354818340
           112.5600     -7.6400       61.905566853067
           112.5700     -7.6400       65.414165466366
           112.5800     -7.6400       67.390652796915
           112.5900     -7.6400       67.530407343056
           112.6000     -7.6400       65.681759443760
           112.6100     -7.6400       61.862101348922
           112.6200     -7.6400       56.256293310653
           112.6300     -7.6400       49.197615906542
           112.6400     -7.6400       41.133474057217
           112.6500     -7.6400       32.579752104943
           112.6600     -7.6400       24.068955380137
           112.6700     -7.6400       16.097910146651
           112.6800     -7.6400        9.080760464113
           112.6900     -7.6400        3.312306775236
           112.7000     -7.6400       -1.054535493069
           112.7100     -7.6400       -4.015063525663
           112.7200     -7.6400       -5.702706571303
           112.7300     -7.6400       -6.364230764151
           112.7400     -7.6400       -6.323576434033
           112.7500     -7.6400       -5.938902349207
           112.7600     -7.6400       -5.558073778962
           112.7700     -7.6400       -5.477859798476
           112.7800     -7.6400       -5.911507972770
           112.7900     -7.6400       -6.968224746212
           112.8000     -7.6400       -8.646554988773
           112.8100     -7.6400      -10.841917086326
           112.8200     -7.6400      -13.366824920093
           112.8300     -7.6400      -15.980824193508
           112.8400     -7.6400      -18.426066421864
           112.8500     -7.6400      -20.463866136801
           112.8600     -7.6400      -21.907595406478
           112.8700     -7.6400      -22.647851509707
           112.8800     -7.6400      -22.666905085654
           112.8900     -7.6400      -22.040854927027
           112.9000     -7.6400      -20.929498981331
           112.9100     -7.6400      -19.555479092818
           112.9200     -7.6400      -18.175577479913
           112.9300     -7.6400      -17.047975462012
           112.9400     -7.6400      -16.399720198910
           112.9500     -7.6400      -16.398537803388
           112.9600     -7.6400      -17.132504370183
           112.9700     -7.6400      -18.600028137291
           112.9800     -7.6400      -20.711246740716
           112.9900     -7.6400      -23.300478192078
           113.0000     -7.6400      -26.147969464553
           112.0000     -7.6500      -28.499642018346
           112.0100     -7.6500      -30.272785937031
           112.0200     -7.6500      -31.813484240490
           112.0300     -7.6500      -33.194975089458
           112.0400     -7.6500      -34.483966715146
           112.0500     -7.6500      -35.726273247731
           112.0600     -7.6500      -36.935431155104
           112.0700     -7.6500      -38.086198469449
           112.0800     -7.6500      -39.114180419727
           112.0900     -7.6500      -39.921963350247
           112.1000     -7.6500      -40.391190445193
           112.1100     -7.6500      -40.399109617045
           112.1200     -7.6500      -39.837395195557
           112.1300     -7.6500      -38.630599565826
           112.1400     -7.6500      -36.751501507306
           112.1500     -7.6500      -34.230910644977
           112.1600     -7.6500      -31.160136349884
           112.1700     -7.6500      -27.685259087633
           112.1800     -7.6500      -23.993436115429
           112.1900     -7.6500      -20.292588620462
           112.2000     -7.6500      -16.786802915471
           112.2100     -7.6500      -13.650495203361
           112.2200     -7.6500      -11.004729700816
           112.2300     -7.6500       -8.898981924930
           112.2400     -7.6500       -7.301097072587
           112.2500     -7.6500       -6.097260615515
           112.2600     -7.6500       -5.102580963529
           112.2700     -7.6500       -4.081530067639
           112.2800     -7.6500       -2.776168218474
           112.2900     -7.6500       -0.938966927574
           112.3000     -7.6500        1.633709003631
           112.3100     -7.6500        5.071680860399
           112.3200     -7.6500        9.408573213569
           112.3300     -7.6500       14.570185438393
           112.3400     -7.6500       20.375634935098
           112.3500     -7.6500       26.551785772376
           112.3600     -7.6500       32.759845941886
           112.3700     -7.6500       38.631458483486
           112.3800     -7.6500       43.810323225815
           112.3900     -7.6500       47.994536169249
           112.4000     -7.6500       50.974542656279
           112.4100     -7.6500       52.661922845948
           112.4200     -7.6500       53.105143966281
           112.4300     -7.6500       52.489830167738
           112.4400     -7.6500       51.122860515599
           112.4500     -7.6500       49.401505679795
           112.4600     -7.6500       47.770628956546
           112.4700     -7.6500       46.672486989133
           112.4800     -7.6500       46.494681358533
           112.4900     -7.6500       47.522200861121
           112.5000     -7.6500       49.899195100155
           112.5100     -7.6500       53.605153483453
           112.5200     -7.6500       58.448630390751
           112.5300     -7.6500       64.079726908883
           112.5400     -7.6500       70.020431722591
           112.5500     -7.6500       75.709882278264
           112.5600     -7.6500       80.559871336096
           112.5700     -7.6500       84.014699380455
           112.5800     -7.6500       85.608907864260
           112.5900     -7.6500       85.016593551715
           112.6000     -7.6500       82.086886697107
           112.6100     -7.6500       76.861677730846
           112.6200     -7.6500       69.573627842780
           112.6300     -7.6500       60.624674687550
           112.6400     -7.6500       50.547395066967
           112.6500     -7.6500       39.953464478377
           112.6600     -7.6500       29.474843638697
           112.6700     -7.6500       19.704066856536
           112.6800     -7.6500       11.140024837263
           112.6900     -7.6500        4.144928984730
           112.7000     -7.6500       -1.083196147483
           112.7100     -7.6500       -4.519959010275
           112.7200     -7.6500       -6.305523248215
           112.7300     -7.6500       -6.718627755560
           112.7400     -7.6500       -6.137182378637
           112.7500     -7.6500       -4.990332477510
           112.7600     -7.6500       -3.707703432911
           112.7700     -7.6500       -2.671672501978
           112.7800     -7.6500       -2.177968305503
           112.7900     -7.6500       -2.408746968943
           112.8000     -7.6500       -3.420688309848
           112.8100     -7.6500       -5.148796624324
           112.8200     -7.6500       -7.424706076535
           112.8300     -7.6500      -10.006606396046
           112.8400     -7.6500      -12.616617660589
           112.8500     -7.6500      -14.980698298043
           112.8600     -7.6500      -16.866044134037
           112.8700     -7.6500      -18.111427558994
           112.8800     -7.6500      -18.646958630781
           112.8900     -7.6500      -18.501183587571
           112.9000     -7.6500      -17.795084226503
           112.9100     -7.6500      -16.724195153152
           112.9200     -7.6500      -15.531510285609
           112.9300     -7.6500      -14.474929707185
           112.9400     -7.6500      -13.793577910004
           112.9500     -7.6500      -13.677344510102
           112.9600     -7.6500      -14.243469648991
           112.9700     -7.6500      -15.522997929740
           112.9800     -7.6500      -17.458593418258
           112.9900     -7.6500      -19.913719480961
           113.0000     -7.6500      -22.691732736081
           112.0000     -7.6600      -26.523398379827
           112.0100     -7.6600      -28.533898518011
           112.0200     -7.6600      -30.320168470014
           112.0300     -7.6600      -31.938136632725
           112.0400     -7.6600      -33.437239223265
           112.0500     -7.6600      -34.847263746003
           112.0600     -7.6600      -36.168155867909
           112.0700     -7.6600      -37.364611551512
           112.0800     -7.6600      -38.366614255608
           112.0900     -7.6600      -39.076217154408
           112.1000     -7.6600      -39.379930507105
           112.1100     -7.6600      -39.165187224402
           112.1200     -7.6600      -38.338654743574
           112.1300     -7.6600      -36.843746601761
           112.1400     -7.6600      -34.674633700155
           112.1500     -7.6600      -31.884386399331
           112.1600     -7.6600      -28.585564910715
           112.1700     -7.6600      -24.942537318152
           112.1800     -7.6600      -21.155921289187
           112.1900     -7.6600      -17.440670392269
           112.2000     -7.6600      -14.000305136279
           112.2100     -7.6600      -11.000482032569
           112.2200     -7.6600       -8.545393540611
           112.2300     -7.6600       -6.660338402011
           112.2400     -7.6600       -5.283194247182
           112.2500     -7.6600       -4.266521350007
           112.2600     -7.6600       -3.390741526365
           112.2700     -7.6600       -2.387424651244
           112.2800     -7.6600       -0.970355260761
           112.2900     -7.6600        1.129078076736
           112.3000     -7.6600        4.126371357827
           112.3100     -7.6600        8.152716894617
           112.3200     -7.6600       13.232275771500
           112.3300     -7.6600       19.271204092297
           112.3400     -7.6600       26.060428767665
           112.3500     -7.6600       33.292562726359
           112.3600     -7.6600       40.591623469326
           112.3700     -7.6600       47.552583048905
           112.3800     -7.6600       53.786438185517
           112.3900     -7.6600       58.965622882017
           112.4000     -7.6600       62.864316454161
           112.4100     -7.6600       65.388581695323
           112.4200     -7.6600       66.592277016585
           112.4300     -7.6600       66.676221477052
           112.4400     -7.6600       65.969984200405
           112.4500     -7.6600       64.897703132873
           112.4600     -7.6600       63.931272847981
           112.4700     -7.6600       63.535843177359
           112.4800     -7.6600       64.113639981189
           112.4900     -7.6600       65.952515491892
           112.5000     -7.6600       69.185294670256
           112.5100     -7.6600       73.764928530911
           112.5200     -7.6600       79.458803245162
           112.5300     -7.6600       85.863466600040
           112.5400     -7.6600       92.438755960849
           112.5500     -7.6600       98.558105262286
           112.5600     -7.6600      103.569929260726
           112.5700     -7.6600      106.863652907146
           112.5800     -7.6600      107.933332329822
           112.5900     -7.6600      106.431980644963
           112.6000     -7.6600      102.210654761716
           112.6100     -7.6600       95.337976427413
           112.6200     -7.6600       86.097871160945
           112.6300     -7.6600       74.965673806644
           112.6400     -7.6600       62.565100547862
           112.6500     -7.6600       49.610657101033
           112.6600     -7.6600       36.841606922483
           112.6700     -7.6600       24.954487175077
           112.6800     -7.6600       14.541239867005
           112.6900     -7.6600        6.039318005836
           112.7000     -7.6600       -0.301280236668
           112.7100     -7.6600       -4.431034476062
           112.7200     -7.6600       -6.493208965666
           112.7300     -7.6600       -6.796955083604
           112.7400     -7.6600       -5.774787601262
           112.7500     -7.6600       -3.929628064353
           112.7600     -7.6600       -1.777596093706
           112.7700     -7.6600        0.207011103289
           112.7800     -7.6600        1.638592594879
           112.7900     -7.6600        2.254162030103
           112.8000     -7.6600        1.931167895300
           112.8100     -7.6600        0.688048322181
           112.8200     -7.6600       -1.331603281071
           112.8300     -7.6600       -3.888515827006
           112.8400     -7.6600       -6.686635741422
           112.8500     -7.6600       -9.416288487494
           112.8600     -7.6600      -11.796177081120
           112.8700     -7.6600      -13.609170944841
           112.8800     -7.6600      -14.727815029028
           112.8900     -7.6600      -15.126922601581
           112.9000     -7.6600      -14.882316646650
           112.9100     -7.6600      -14.156538047680
           112.9200     -7.6600      -13.173926897267
           112.9300     -7.6600      -12.188715858712
           112.9400     -7.6600      -11.450510076781
           112.9500     -7.6600      -11.171690667059
           112.9600     -7.6600      -11.500865524015
           112.9700     -7.6600      -12.505571150432
           112.9800     -7.6600      -14.166133037395
           112.9900     -7.6600      -16.381094199930
           113.0000     -7.6600      -18.983117086060
           112.0000     -7.6700      -24.575455335510
           112.0100     -7.6700      -26.763913499970
           112.0200     -7.6700      -28.739979714942
           112.0300     -7.6700      -30.543782666160
           112.0400     -7.6700      -32.208570453240
           112.0500     -7.6700      -33.748787563387
           112.0600     -7.6700      -35.151115667225
           112.0700     -7.6700      -36.370212512689
           112.0800     -7.6700      -37.330218064374
           112.0900     -7.6700      -37.932240090482
           112.1000     -7.6700      -38.067101594901
           112.1100     -7.6700      -37.631763153556
           112.1200     -7.6700      -36.547153700177
           112.1300     -7.6700      -34.774760751456
           112.1400     -7.6700      -32.329314692416
           112.1500     -7.6700      -29.285271970820
           112.1600     -7.6700      -25.775525941664
           112.1700     -7.6700      -21.981768004787
           112.1800     -7.6700      -18.117060836994
           112.1900     -7.6700      -14.402319582933
           112.2000     -7.6700      -11.039369362059
           112.2100     -7.6700       -8.183916718073
           112.2200     -7.6700       -5.922031513383
           112.2300     -7.6700       -4.253527300995
           112.2400     -7.6700       -3.084955245676
           112.2500     -7.6700       -2.233853885287
           112.2600     -7.6700       -1.444544835214
           112.2700     -7.6700       -0.414295494804
           112.2800     -7.6700        1.172730973545
           112.2900     -7.6700        3.607466174205
           112.3000     -7.6700        7.118330666955
           112.3100     -7.6700       11.838703778678
           112.3200     -7.6700       17.783771814192
           112.3300     -7.6700       24.840130120130
           112.3400     -7.6700       32.770120275258
           112.3500     -7.6700       41.231176347205
           112.3600     -7.6700       49.808632645466
           112.3700     -7.6700       58.058730560759
           112.3800     -7.6700       65.557169773117
           112.3900     -7.6700       71.947663181874
           112.4000     -7.6700       76.984703369875
           112.4100     -7.6700       80.565185880190
           112.4200     -7.6700       82.744633334867
           112.4300     -7.6700       83.735415377530
           112.4400     -7.6700       83.886383139222
           112.4500     -7.6700       83.645503536107
           112.4600     -7.6700       83.509134455153
           112.4700     -7.6700       83.963279216030
           112.4800     -7.6700       85.423286252245
           112.4900     -7.6700       88.178868798105
           112.5000     -7.6700       92.350942212022
           112.5100     -7.6700       97.865637510135
           112.5200     -7.6700      104.449063139479
           112.5300     -7.6700      111.644145788375
           112.5400     -7.6700      118.848434810177
           112.5500     -7.6700      125.369381614349
           112.5600     -7.6700      130.491579079539
           112.5700     -7.6700      133.549004250367
           112.5800     -7.6700      133.994623217380
           112.5900     -7.6700      131.459877474703
           112.6000     -7.6700      125.797566936592
           112.6100     -7.6700      117.103370648199
           112.6200     -7.6700      105.713511954256
           112.6300     -7.6700       92.178627544155
           112.6400     -7.6700       77.216452760245
           112.6500     -7.6700       61.648201782874
           112.6600     -7.6700       46.325246603084
           112.6700     -7.6700       32.053691191917
           112.6800     -7.6700       19.524589511455
           112.6900     -7.6700        9.256857060419
           112.7000     -7.6700        1.558461865622
           112.7100     -7.6700       -3.490574806192
           112.7200     -7.6700       -6.032246416517
           112.7300     -7.6700       -6.403061605250
           112.7400     -7.6700       -5.088621751244
           112.7500     -7.6700       -2.665743000658
           112.7600     -7.6700        0.261241855569
           112.7700     -7.6700        3.122970576968
           112.7800     -7.6700        5.439699472590
           112.7900     -7.6700        6.862618513404
           112.8000     -7.6700        7.198056112481
           112.8100     -7.6700        6.412879845890
           112.8200     -7.6700        4.621598854273
           112.8300     -7.6700        2.057730167068
           112.8400     -7.6700       -0.966330179836
           112.8500     -7.6700       -4.105573367103
           112.8600     -7.6700       -7.028980095001
           112.8700     -7.6700       -9.460916498887
           112.8800     -7.6700      -11.212686111916
           112.8900     -7.6700      -12.201019546433
           112.9000     -7.6700      -12.452027594906
           112.9100     -7.6700      -12.090989495356
           112.9200     -7.6700      -11.320068144274
           112.9300     -7.6700      -10.387432770129
           112.9400     -7.6700       -9.552168915943
           112.9500     -7.6700       -9.049672743572
           112.9600     -7.6700       -9.061943794381
           112.9700     -7.6700       -9.696364560597
           112.9800     -7.6700      -10.975309485607
           112.9900     -7.6700      -12.837431923519
           113.0000     -7.6700      -15.149932610373
           112.0000     -7.6800      -22.680717003410
           112.0100     -7.6800      -24.979242243364
           112.0200     -7.6800      -27.079061046415
           112.0300     -7.6800      -29.007392280730
           112.0400     -7.6800      -30.783666284807
           112.0500     -7.6800      -32.408775139290
           112.0600     -7.6800      -33.857318512707
           112.0700     -7.6800      -35.074489959381
           112.0800     -7.6800      -35.978579390089
           112.0900     -7.6800      -36.469212755946
           112.1000     -7.6800      -36.440529748869
           112.1100     -7.6800      -35.797648393215
           112.1200     -7.6800      -34.474111006056
           112.1300     -7.6800      -32.447655305144
           112.1400     -7.6800      -29.751674794606
           112.1500     -7.6800      -26.480141618268
           112.1600     -7.6800      -22.784526437314
           112.1700     -7.6800      -18.862276004616
           112.1800     -7.6800      -14.937571267961
           112.1900     -7.6800      -11.236233144399
           112.2000     -7.6800       -7.957610435475
           112.2100     -7.6800       -5.246931703186
           112.2200     -7.6800       -3.171823439701
           112.2300     -7.6800       -1.706435720300
           112.2400     -7.6800       -0.725880520529
           112.2500     -7.6800       -0.012547171969
           112.2600     -7.6800        0.725558954111
           112.2700     -7.6800        1.825834875042
           112.2800     -7.6800        3.634278427937
           112.2900     -7.6800        6.464858045109
           112.3000     -7.6800       10.559775685428
           112.3100     -7.6800       16.055521835775
           112.3200     -7.6800       22.959195054633
           112.3300     -7.6800       31.138552561714
           112.3400     -7.6800       40.327770953156
           112.3500     -7.6800       50.149089831833
           112.3600     -7.6800       60.148595107228
           112.3700     -7.6800       69.842604154228
           112.3800     -7.6800       78.769667246954
           112.3900     -7.6800       86.542289993480
           112.4000     -7.6800       92.892242377564
           112.4100     -7.6800       97.703806912442
           112.4200     -7.6800      101.030500476571
           112.4300     -7.6800      103.092565563982
           112.4400     -7.6800      104.254677215771
           112.4500     -7.6800      104.985609272200
           112.4600     -7.6800      105.803780273131
           112.4700     -7.6800      107.214394342265
           112.4800     -7.6800      109.645082720591
           112.4900     -7.6800      113.387379854582
           112.5000     -7.6800      118.550962553499
           112.5100     -7.6800      125.036366433220
           112.5200     -7.6800      132.529990729575
           112.5300     -7.6800      140.522813689543
           112.5400     -7.6800      148.351629856694
           112.5500     -7.6800      155.259082055848
           112.5600     -7.6800      160.466585810268
           112.5700     -7.6800      163.252685947601
           112.5800     -7.6800      163.028630460381
           112.5900     -7.6800      159.403091581956
           112.6000     -7.6800      152.229002846869
           112.6100     -7.6800      141.627305780656
           112.6200     -7.6800      127.984812551316
           112.6300     -7.6800      111.926125159092
           112.6400     -7.6800       94.262303735590
           112.6500     -7.6800       75.921439826650
           112.6600     -7.6800       57.868191339855
           112.6700     -7.6800       41.020464447831
           112.6800     -7.6800       26.171662516475
           112.6900     -7.6800       13.926243140825
           112.7000     -7.6800        4.654815134688
           112.7100     -7.6800       -1.527155515808
           112.7200     -7.6800       -4.755529458925
           112.7300     -7.6800       -5.389747460154
           112.7400     -7.6800       -3.964827962272
           112.7500     -7.6800       -1.128816691169
           112.7600     -7.6800        2.427248098616
           112.7700     -7.6800        6.039249155025
           112.7800     -7.6800        9.132488677408
           112.7900     -7.6800       11.270584864182
           112.8000     -7.6800       12.186333958821
           112.8100     -7.6800       11.792287848179
           112.8200     -7.6800       10.171146094530
           112.8300     -7.6800        7.548302184696
           112.8400     -7.6800        4.250763245311
           112.8500     -7.6800        0.657976858762
           112.8600     -7.6800       -2.849283169792
           112.8700     -7.6800       -5.935943220731
           112.8800     -7.6800       -8.350359796645
           112.8900     -7.6800       -9.948936742602
           112.9000     -7.6800      -10.705589261253
           112.9100     -7.6800      -10.705945391252
           112.9200     -7.6800      -10.128023783014
           112.9300     -7.6800       -9.212672126777
           112.9400     -7.6800       -8.228118644988
           112.9500     -7.6800       -7.433469563316
           112.9600     -7.6800       -7.045844457253
           112.9700     -7.6800       -7.215122717235
           112.9800     -7.6800       -8.009091875776
           112.9900     -7.6800       -9.410309532479
           113.0000     -7.6800      -11.324413427470
           112.0000     -7.6900      -20.838608573624
           112.0100     -7.6900      -23.176120138959
           112.0200     -7.6900      -25.328455203114
           112.0300     -7.6900      -27.314085572282
           112.0400     -7.6900      -29.142196377142
           112.0500     -7.6900      -30.802962710783
           112.0600     -7.6900      -32.260897712596
           112.0700     -7.6900      -33.452831521730
           112.0800     -7.6900      -34.291405085513
           112.0900     -7.6900      -34.674108041829
           112.1000     -7.6900      -34.496976808861
           112.1100     -7.6900      -33.671232072543
           112.1200     -7.6900      -32.140503239999
           112.1300     -7.6900      -29.895966454797
           112.1400     -7.6900      -26.986778085979
           112.1500     -7.6900      -23.523632303387
           112.1600     -7.6900      -19.674069756290
           112.1700     -7.6900      -15.649223183008
           112.1800     -7.6900      -11.682872448625
           112.1900     -7.6900       -8.004838622059
           112.2000     -7.6900       -4.811712387249
           112.2100     -7.6900       -2.238541797338
           112.2200     -7.6900       -0.335291257979
           112.2300     -7.6900        0.948425431917
           112.2400     -7.6900        1.767629890209
           112.2500     -7.6900        2.373778954551
           112.2600     -7.6900        3.094059163861
           112.2700     -7.6900        4.299739073597
           112.2800     -7.6900        6.366628407669
           112.2900     -7.6900        9.631885301457
           112.3000     -7.6900       14.352143519277
           112.3100     -7.6900       20.668083209992
           112.3200     -7.6900       28.580091999120
           112.3300     -7.6900       37.938585461953
           112.3400     -7.6900       48.450981386532
           112.3500     -7.6900       59.705421474091
           112.3600     -7.6900       71.209325906731
           112.3700     -7.6900       82.438991726149
           112.3800     -7.6900       92.894939860384
           112.3900     -7.6900      102.156776801299
           112.4000     -7.6900      109.931102789453
           112.4100     -7.6900      116.086525891846
           112.4200     -7.6900      120.671097478985
           112.4300     -7.6900      123.909347270868
           112.4400     -7.6900      126.178366301356
           112.4500     -7.6900      127.964809528096
           112.4600     -7.6900      129.806985739848
           112.4700     -7.6900      132.228096780388
           112.4800     -7.6900      135.667946255887
           112.4900     -7.6900      140.420893526414
           112.5000     -7.6900      146.587405358001
           112.5100     -7.6900      154.045279457664
           112.5200     -7.6900      162.444605760942
           112.5300     -7.6900      171.228004947444
           112.5400     -7.6900      179.674915833589
           112.5500     -7.6900      186.966003924852
           112.5600     -7.6900      192.261440117854
           112.5700     -7.6900      194.785120880623
           112.5800     -7.6900      193.906068936762
           112.5900     -7.6900      189.208372494651
           112.6000     -7.6900      180.542090361221
           112.6100     -7.6900      168.049460981215
           112.6200     -7.6900      152.163300524000
           112.6300     -7.6900      133.577380388601
           112.6400     -7.6900      113.191518066755
           112.6500     -7.6900       92.036772192482
           112.6600     -7.6900       71.188209795309
           112.6700     -7.6900       51.673983666215
           112.6800     -7.6900       34.389783994323
           112.6900     -7.6900       20.027081151817
           112.7000     -7.6900        9.022035105367
           112.7100     -7.6900        1.529690313649
           112.7200     -7.6900       -2.574639722459
           112.7300     -7.6900       -3.667761577614
           112.7400     -7.6900       -2.328430260053
           112.7500     -7.6900        0.729474910628
           112.7600     -7.6900        4.732972783996
           112.7700     -7.6900        8.927052243659
           112.7800     -7.6900       12.644855397743
           112.7900     -7.6900       15.364101798997
           112.8000     -7.6900       16.744663191749
           112.8100     -7.6900       16.644468220169
           112.8200     -7.6900       15.113405110877
           112.8300     -7.6900       12.367309120931
           112.8400     -7.6900        8.746199071875
           112.8500     -7.6900        4.662440262665
           112.8600     -7.6900        0.545309006311
           112.8700     -7.6900       -3.211545174900
           112.8800     -7.6900       -6.293969255507
           112.8900     -7.6900       -8.498092730945
           112.9000     -7.6900       -9.745411711877
           112.9100     -7.6900      -10.081560756952
           112.9200     -7.6900       -9.660132834663
           112.9300     -7.6900       -8.714607965767
           112.9400     -7.6900       -7.522689352745
           112.9500     -7.6900       -6.367994502800
           112.9600     -7.6900       -5.504057275733
           112.9700     -7.6900       -5.124994568607
           112.9800     -7.6900       -5.346081914910
           112.9900     -7.6900       -6.196027431923
           113.0000     -7.6900       -7.621131324700
           112.0000     -7.7000      -19.025788890054
           112.0100     -7.7000      -21.332906125516
           112.0200     -7.7000      -23.466198493150
           112.0300     -7.7000      -25.440638355637
           112.0400     -7.7000      -27.259779419657
           112.0500     -7.7000      -28.906830167875
           112.0600     -7.7000      -30.338929722434
           112.0700     -7.7000      -31.486109912984
           112.0800     -7.7000      -32.255742139228
           112.0900     -7.7000      -32.542408788269
           112.1000     -7.7000      -32.242228696776
           112.1100     -7.7000      -31.269839699430
           112.1200     -7.7000      -29.575628067943
           112.1300     -7.7000      -27.160499408460
           112.1400     -7.7000      -24.085572603044
           112.1500     -7.7000      -20.474660511308
           112.1600     -7.7000      -16.508235723914
           112.1700     -7.7000      -12.408671863183
           112.1800     -7.7000       -8.417764476872
           112.1900     -7.7000       -4.768709504914
           112.2000     -7.7000       -1.655686805846
           112.2100     -7.7000        0.795185128401
           112.2200     -7.7000        2.549596743971
           112.2300     -7.7000        3.679920601432
           112.2400     -7.7000        4.368480519610
           112.2500     -7.7000        4.897751772019
           112.2600     -7.7000        5.627571060775
           112.2700     -7.7000        6.961074862723
           112.2800     -7.7000        9.302615895052
           112.2900     -7.7000       13.012128129588
           112.3000     -7.7000       18.361148514226
           112.3100     -7.7000       25.495838499737
           112.3200     -7.7000       34.411831005289
           112.3300     -7.7000       44.944588531539
           112.3400     -7.7000       56.777304879471
           112.3500     -7.7000       69.466394315029
           112.3600     -7.7000       82.482515444513
           112.3700     -7.7000       95.263123142947
           112.3800     -7.7000      107.270974356898
           112.3900     -7.7000      118.052039131734
           112.4000     -7.7000      127.286029662082
           112.4100     -7.7000      134.823316925952
           112.4200     -7.7000      140.703322352596
           112.4300     -7.7000      145.151424237302
           112.4400     -7.7000      148.553798223616
           112.4500     -7.7000      151.412153188741
           112.4600     -7.7000      154.282735425941
           112.4700     -7.7000      157.705968449519
           112.4800     -7.7000      162.134426828552
           112.4900     -7.7000      167.867334640417
           112.5000     -7.7000      174.999350063075
           112.5100     -7.7000      183.390070038476
           112.5200     -7.7000      192.658590386519
           112.5300     -7.7000      202.204806893905
           112.5400     -7.7000      211.256229741651
           112.5500     -7.7000      218.936231275843
           112.5600     -7.7000      224.347178822855
           112.5700     -7.7000      226.660105010150
           112.5800     -7.7000      225.201651221546
           112.5900     -7.7000      219.529101616825
           112.6000     -7.7000      209.485410260532
           112.6100     -7.7000      195.228103861964
           112.6200     -7.7000      177.228607295192
           112.6300     -7.7000      156.241599972745
           112.6400     -7.7000      133.247133960960
           112.6500     -7.7000      109.371087140918
           112.6600     -7.7000       85.791775315398
           112.6700     -7.7000       63.641960730514
           112.6800     -7.7000       43.915919692750
           112.6900     -7.7000       27.390628179202
           112.7000     -7.7000       14.568565632656
           112.7100     -7.7000        5.647303112153
           112.7200     -7.7000        0.518196548834
           112.7300     -7.7000       -1.206533474231
           112.7400     -7.7000       -0.141952755478
           112.7500     -7.7000        2.940142523617
           112.7600     -7.7000        7.192692839209
           112.7700     -7.7000       11.777107076181
           112.7800     -7.7000       15.940715751658
           112.7900     -7.7000       19.080420481837
           112.8000     -7.7000       20.786807146426
           112.8100     -7.7000       20.865333978151
           112.8200     -7.7000       19.333821392470
           112.8300     -7.7000       16.398056312762
           112.8400     -7.7000       12.409591690144
           112.8500     -7.7000        7.811529531388
           112.8600     -7.7000        3.079053384990
           112.8700     -7.7000       -1.338355635677
           112.8800     -7.7000       -5.066709657729
           112.8900     -7.7000       -7.844310882264
           112.9000     -7.7000       -9.542363292718
           112.9100     -7.7000      -10.168283900190
           112.9200     -7.7000       -9.852684100268
           112.9300     -7.7000       -8.822841480003
           112.9400     -7.7000       -7.366888657113
           112.9500     -7.7000       -5.793763353506
           112.9600     -7.7000       -4.394125139076
           112.9700     -7.7000       -3.406963876825
           112.9800     -7.7000       -2.995595042570
           112.9900     -7.7000       -3.235313041324
           113.0000     -7.7000       -4.113352119538
           112.0000     -7.7100      -17.201437094840
           112.0100     -7.7100      -19.414503459771
           112.0200     -7.7100      -21.461088512182
           112.0300     -7.7100      -23.358740461160
           112.0400     -7.7100      -25.110809229943
           112.0500     -7.7100      -26.698013089784
           112.0600     -7.7100      -28.073402247139
           112.0700     -7.7100      -29.162143001765
           112.0800     -7.7100      -29.866846667112
           112.0900     -7.7100      -30.078299118766
           112.1000     -7.7100      -29.690533275355
           112.1100     -7.7100      -28.618364423552
           112.1200     -7.7100      -26.814907088871
           112.1300     -7.7100      -24.286316842253
           112.1400     -7.7100      -21.101114373293
           112.1500     -7.7100      -17.391963441195
           112.1600     -7.7100      -13.348643679510
           112.1700     -7.7100       -9.202085627340
           112.1800     -7.7100       -5.200578897359
           112.1900     -7.7100       -1.580460483382
           112.2000     -7.7100        1.465429172482
           112.2100     -7.7100        3.817618424984
           112.2200     -7.7100        5.454157632089
           112.2300     -7.7100        6.465387145257
           112.2400     -7.7100        7.056544737696
           112.2500     -7.7100        7.536754619783
           112.2600     -7.7100        8.294540773702
           112.2700     -7.7100        9.761702577985
           112.2800     -7.7100       12.368969528707
           112.2900     -7.7100       16.498106725451
           112.3000     -7.7100       22.435896355938
           112.3100     -7.7100       30.335549620463
           112.3200     -7.7100       40.190557660170
           112.3300     -7.7100       51.824800340794
           112.3400     -7.7100       64.901011093920
           112.3500     -7.7100       78.947628382551
           112.3600     -7.7100       93.401884861857
           112.3700     -7.7100      107.664953256765
           112.3800     -7.7100      121.163335901441
           112.3900     -7.7100      133.409667309344
           112.4000     -7.7100      144.055844981440
           112.4100     -7.7100      152.931975723157
           112.4200     -7.7100      160.065989083321
           112.4300     -7.7100      165.680796240195
           112.4400     -7.7100      170.168348303251
           112.4500     -7.7100      174.042598497432
           112.4600     -7.7100      177.875894163441
           112.4700     -7.7100      182.225418483144
           112.4800     -7.7100      187.557710792078
           112.4900     -7.7100      194.179833169099
           112.5000     -7.7100      202.185330662097
           112.5100     -7.7100      211.421772842176
           112.5200     -7.7100      221.484494260322
           112.5300     -7.7100      231.738396116134
           112.5400     -7.7100      241.366628566766
           112.5500     -7.7100      249.441979275314
           112.5600     -7.7100      255.014186643918
           112.5700     -7.7100      257.204475407872
           112.5800     -7.7100      255.297604702104
           112.5900     -7.7100      248.821751336051
           112.6000     -7.7100      237.607635307903
           112.6100     -7.7100      221.820324062518
           112.6200     -7.7100      201.959913306539
           112.6300     -7.7100      178.830478644168
           112.6400     -7.7100      153.479977039419
           112.6500     -7.7100      127.116792217629
           112.6600     -7.7100      101.011035006451
           112.6700     -7.7100       76.390266127856
           112.6800     -7.7100       54.339838802997
           112.6900     -7.7100       35.717509717915
           112.7000     -7.7100       21.090406972203
           112.7100     -7.7100       10.700051293024
           112.7200     -7.7100        4.458170841310
           112.7300     -7.7100        1.972858110048
           112.7400     -7.7100        2.601538835838
           112.7500     -7.7100        5.524588428962
           112.7600     -7.7100        9.831516903170
           112.7700     -7.7100       14.610639067093
           112.7800     -7.7100       19.033138041368
           112.7900     -7.7100       22.423389531356
           112.8000     -7.7100       24.309207180036
           112.8100     -7.7100       24.448071923023
           112.8200     -7.7100       22.828135135455
           112.8300     -7.7100       19.645523611219
           112.8400     -7.7100       15.261920204111
           112.8500     -7.7100       10.148287003150
           112.8600     -7.7100        4.821750020841
           112.8700     -7.7100       -0.217021206241
           112.8800     -7.7100       -4.539126173665
           112.8900     -7.7100       -7.829881999871
           112.9000     -7.7100       -9.914665698214
           112.9100     -7.7100      -10.766542264765
           112.9200     -7.7100      -10.496262716340
           112.9300     -7.7100       -9.327207638263
           112.9400     -7.7100       -7.559420042028
           112.9500     -7.7100       -5.527854300296
           112.9600     -7.7100       -3.560280922079
           112.9700     -7.7100       -1.939929578243
           112.9800     -7.7100       -0.877005495533
           112.9900     -7.7100       -0.491825087662
           113.0000     -7.7100       -0.810680079030
           112.0000     -7.7200      -15.314445229655
           112.0100     -7.7200      -17.378372117968
           112.0200     -7.7200      -19.277711324212
           112.0300     -7.7200      -21.039179803766
           112.0400     -7.7200      -22.671886233178
           112.0500     -7.7200      -24.159025914895
           112.0600     -7.7200      -25.453235872977
           112.0700     -7.7200      -26.476994360674
           112.0800     -7.7200      -27.128730049909
           112.0900     -7.7200      -27.294421721807
           112.1000     -7.7200      -26.863544795091
           112.1100     -7.7200      -25.747394522918
           112.1200     -7.7200      -23.897218352522
           112.1300     -7.7200      -21.319327036444
           112.1400     -7.7200      -18.084488702203
           112.1500     -7.7200      -14.329452148776
           112.1600     -7.7200      -10.249347811241
           112.1700     -7.7200       -6.080876186679
           112.1800     -7.7200       -2.077470694385
           112.1900     -7.7200        1.521153353464
           112.2000     -7.7200        4.521651378480
           112.2100     -7.7200        6.807866787970
           112.2200     -7.7200        8.365637749965
           112.2300     -7.7200        9.297819241433
           112.2400     -7.7200        9.826670197193
           112.2500     -7.7200       10.282117479600
           112.2600     -7.7200       11.076060627425
           112.2700     -7.7200       12.664630433119
           112.2800     -7.7200       15.501943527447
           112.2900     -7.7200       19.990190897676
           112.3000     -7.7200       26.431678027244
           112.3100     -7.7200       34.988570995344
           112.3200     -7.7200       45.655543407741
           112.3300     -7.7200       58.249294596237
           112.3400     -7.7200       72.417135283066
           112.3500     -7.7200       87.664701349638
           112.3600     -7.7200      103.400601067674
           112.3700     -7.7200      118.993693247682
           112.3800     -7.7200      133.836994093375
           112.3900     -7.7200      147.411141612137
           112.4000     -7.7200      159.340063808165
           112.4100     -7.7200      169.432067932437
           112.4200     -7.7200      177.700960617392
           112.4300     -7.7200      184.363891520011
           112.4400     -7.7200      189.815168177624
           112.4500     -7.7200      194.578035708177
           112.4600     -7.7200      199.239038335738
           112.4700     -7.7200      204.371771258627
           112.4800     -7.7200      210.458322694069
           112.4900     -7.7200      217.817302148565
           112.5000     -7.7200      226.546955499144
           112.5100     -7.7200      236.490495783708
           112.5200     -7.7200      247.228559012859
           112.5300     -7.7200      258.100855622743
           112.5400     -7.7200      268.255935247578
           112.5500     -7.7200      276.724862510973
           112.5600     -7.7200      282.511864874715
           112.5700     -7.7200      284.692973587275
           112.5800     -7.7200      282.512575351596
           112.5900     -7.7200      275.467763578157
           112.6000     -7.7200      263.371443342812
           112.6100     -7.7200      246.387200583796
           112.6200     -7.7200      225.031779208364
           112.6300     -7.7200      200.144317066762
           112.6400     -7.7200      172.824916171226
           112.6500     -7.7200      144.348292658656
           112.6600     -7.7200      116.060823739494
           112.6700     -7.7200       89.271004196547
           112.6800     -7.7200       65.143962998668
           112.6900     -7.7200       44.610207511098
           112.7000     -7.7200       28.297218558504
           112.7100     -7.7200       16.490090349232
           112.7200     -7.7200        9.124366613287
           112.7300     -7.7200        5.810903986129
           112.7400     -7.7200        5.889357224547
           112.7500     -7.7200        8.504074779947
           112.7600     -7.7200       12.694110483561
           112.7700     -7.7200       17.487905005997
           112.7800     -7.7200       21.993069557897
           112.7900     -7.7200       25.472597988184
           112.8000     -7.7200       27.400614156770
           112.8100     -7.7200       27.493206582892
           112.8200     -7.7200       25.712722048412
           112.8300     -7.7200       22.246761601920
           112.8400     -7.7200       17.465728684584
           112.8500     -7.7200       11.864843147088
           112.8600     -7.7200        5.997851119745
           112.8700     -7.7200        0.410115682791
           112.8800     -7.7200       -4.421644177845
           112.8900     -7.7200       -8.136900223528
           112.9000     -7.7200      -10.521892026490
           112.9100     -7.7200      -11.521162924549
           112.9200     -7.7200      -11.230270683789
           112.9300     -7.7200       -9.872010974831
           112.9400     -7.7200       -7.760212247286
           112.9500     -7.7200       -5.256301013931
           112.9600     -7.7200       -2.724295808490
           112.9700     -7.7200       -0.489650820536
           112.9800     -7.7200        1.193495097328
           112.9900     -7.7200        2.163461448080
           113.0000     -7.7200        2.359007566283
           112.0000     -7.7300      -13.311616083006
           112.0100     -7.7300      -15.181398967524
           112.0200     -7.7300      -16.882140080427
           112.0300     -7.7300      -18.456492241340
           112.0400     -7.7300      -19.925507882879
           112.0500     -7.7300      -21.280051987903
           112.0600     -7.7300      -22.476208586278
           112.0700     -7.7300      -23.436050988774
           112.0800     -7.7300      -24.054401710277
           112.0900     -7.7300      -24.211299968504
           112.1000     -7.7300      -23.788950422488
           112.1100     -7.7300      -22.691086602503
           112.1200     -7.7300      -20.862079327954
           112.1300     -7.7300      -18.302860870412
           112.1400     -7.7300      -15.080883304102
           112.1500     -7.7300      -11.331893882901
           112.1600     -7.7300       -7.252242602915
           112.1700     -7.7300       -3.081633977267
           112.1800     -7.7300        0.922450155686
           112.1900     -7.7300        4.516169371273
           112.2000     -7.7300        7.503066726319
           112.2100     -7.7300        9.765970516009
           112.2200     -7.7300       11.292745663758
           112.2300     -7.7300       12.191991595910
           112.2400     -7.7300       12.695728368358
           112.2500     -7.7300       13.147509139550
           112.2600     -7.7300       13.976094542237
           112.2700     -7.7300       15.656625349609
           112.2800     -7.7300       18.662911929094
           112.2900     -7.7300       23.415803052331
           112.3000     -7.7300       30.233414319520
           112.3100     -7.7300       39.289155639288
           112.3200     -7.7300       50.582941273837
           112.3300     -7.7300       63.929724368989
           112.3400     -7.7300       78.967686336236
           112.3500     -7.7300       95.186221286873
           112.3600     -7.7300      111.971533528456
           112.3700     -7.7300      128.665485733502
           112.3800     -7.7300      144.631565395260
           112.3900     -7.7300      159.320708070770
           112.4000     -7.7300      172.329390577722
           112.4100     -7.7300      183.442958886293
           112.4200     -7.7300      192.658555251088
           112.4300     -7.7300      200.184126575518
           112.4400     -7.7300      206.412610775297
           112.4500     -7.7300      211.873223282634
           112.4600     -7.7300      217.164480609410
           112.4700     -7.7300      222.875883326229
           112.4800     -7.7300      229.506758251031
           112.4900     -7.7300      237.391424306330
           112.5000     -7.7300      246.639493422164
           112.5100     -7.7300      257.098756589703
           112.5200     -7.7300      268.345861400289
           112.5300     -7.7300      279.707090996225
           112.5400     -7.7300      290.308314977324
           112.5500     -7.7300      299.149955820343
           112.5600     -7.7300      305.199960879727
           112.5700     -7.7300      307.495615633664
           112.5800     -7.7300      305.243830874304
           112.5900     -7.7300      297.909434397543
           112.6000     -7.7300      285.282024617350
           112.6100     -7.7300      267.514001934602
           112.6200     -7.7300      245.125270379514
           112.6300     -7.7300      218.973491200297
           112.6400     -7.7300      190.192307210224
           112.6500     -7.7300      160.103259418599
           112.6600     -7.7300      130.109828279466
           112.6700     -7.7300      101.583858315357
           112.6800     -7.7300       75.755372082451
           112.6900     -7.7300       53.616371755302
           112.7000     -7.7300       35.847715385708
           112.7100     -7.7300       22.775711997259
           112.7200     -7.7300       14.361977332458
           112.7300     -7.7300       10.226671496225
           112.7400     -7.7300        9.701872318721
           112.7500     -7.7300       11.908883712922
           112.7600     -7.7300       15.851044743638
           112.7700     -7.7300       20.512315550450
           112.7800     -7.7300       24.951685236268
           112.7900     -7.7300       28.384269869802
           112.8000     -7.7300       30.241725476224
           112.8100     -7.7300       30.207071277026
           112.8200     -7.7300       28.221910054720
           112.8300     -7.7300       24.467015389877
           112.8400     -7.7300       19.320000425876
           112.8500     -7.7300       13.295998485465
           112.8600     -7.7300        6.978750774342
           112.8700     -7.7300        0.950081667005
           112.8800     -7.7300       -4.274577095033
           112.8900     -7.7300       -8.298097112097
           112.9000     -7.7300      -10.876285081876
           112.9100     -7.7300      -11.932744961810
           112.9200     -7.7300      -11.553850278960
           112.9300     -7.7300       -9.965945947933
           112.9400     -7.7300       -7.498758269056
           112.9500     -7.7300       -4.540277581229
           112.9600     -7.7300       -1.488973702297
           112.9700     -7.7300        1.290919929016
           112.9800     -7.7300        3.506104872828
           112.9900     -7.7300        4.959268666713
           113.0000     -7.7300        5.560517980529
           112.0000     -7.7400      -11.145849613900
           112.0100     -7.7400      -12.786783125789
           112.0200     -7.7400      -14.247619148910
           112.0300     -7.7400      -15.593532351466
           112.0400     -7.7400      -16.863600636914
           112.0500     -7.7400      -18.061499044274
           112.0600     -7.7400      -19.150588015405
           112.0700     -7.7400      -20.054781233120
           112.0800     -7.7400      -20.665802877351
           112.0900     -7.7400      -20.856504516184
           112.1000     -7.7400      -20.498938287648
           112.1100     -7.7400      -19.485018477800
           112.1200     -7.7400      -17.746983725853
           112.1300     -7.7400      -15.274605605119
           112.1400     -7.7400      -12.126241258618
           112.1500     -7.7400       -8.431408017974
           112.1600     -7.7400       -4.383516987508
           112.1700     -7.7400       -0.222635136456
           112.1800     -7.7400        3.790498132547
           112.1900     -7.7400        7.406669704506
           112.2000     -7.7400       10.423004450269
           112.2100     -7.7400       12.716107783519
           112.2200     -7.7400       14.269087143030
           112.2300     -7.7400       15.188398144821
           112.2400     -7.7400       15.707412851453
           112.2500     -7.7400       16.175026941701
           112.2600     -7.7400       17.029357669459
           112.2700     -7.7400       18.758434316445
           112.2800     -7.7400       21.851520449666
           112.2900     -7.7400       26.746107599519
           112.3000     -7.7400       33.776488368591
           112.3100     -7.7400       43.130015351734
           112.3200     -7.7400       54.816618948624
           112.3300     -7.7400       68.655918183071
           112.3400     -7.7400       84.284428322919
           112.3500     -7.7400      101.183139731824
           112.3600     -7.7400      118.723363899803
           112.3700     -7.7400      136.226494245503
           112.3800     -7.7400      153.031486716548
           112.3900     -7.7400      168.562666830737
           112.4000     -7.7400      182.390086440168
           112.4100     -7.7400      194.275165344179
           112.4200     -7.7400      204.195736569011
           112.4300     -7.7400      212.346741989787
           112.4400     -7.7400      219.115476722778
           112.4500     -7.7400      225.033166689390
           112.4600     -7.7400      230.707457015874
           112.4700     -7.7400      236.742762756500
           112.4800     -7.7400      243.657099718756
           112.4900     -7.7400      251.804757292702
           112.5000     -7.7400      261.313882966118
           112.5100     -7.7400      272.046721725696
           112.5200     -7.7400      283.588013652206
           112.5300     -7.7400      295.264128005108
           112.5400     -7.7400      306.192213615170
           112.5500     -7.7400      315.355334282844
           112.5600     -7.7400      321.696603629025
           112.5700     -7.7400      324.223072573508
           112.5800     -7.7400      322.108818204872
           112.5900     -7.7400      314.786495905606
           112.6000     -7.7400      302.017585149353
           112.6100     -7.7400      283.933593021121
           112.6200     -7.7400      261.043368574461
           112.6300     -7.7400      234.205119422093
           112.6400     -7.7400      204.565340543795
           112.6500     -7.7400      173.470273696430
           112.6600     -7.7400      142.358345637929
           112.6700     -7.7400      112.643979559583
           112.6800     -7.7400       85.604028915994
           112.6900     -7.7400       62.277758749091
           112.7000     -7.7400       43.389838585077
           112.7100     -7.7400       29.303379002430
           112.7200     -7.7400       20.006911536936
           112.7300     -7.7400       15.135722669015
           112.7400     -7.7400       14.024485553051
           112.7500     -7.7400       15.785058052713
           112.7600     -7.7400       19.400953472263
           112.7700     -7.7400       23.828577930474
           112.7800     -7.7400       28.094993471301
           112.7900     -7.7400       31.382715588723
           112.8000     -7.7400       33.093775565257
           112.8100     -7.7400       32.887755784411
           112.8200     -7.7400       30.691446863252
           112.8300     -7.7400       26.680843849729
           112.8400     -7.7400       21.239056372708
           112.8500     -7.7400       14.896050994158
           112.8600     -7.7400        8.257737656818
           112.8700     -7.7400        1.932613096725
           112.8800     -7.7400       -3.536055023590
           112.8900     -7.7400       -7.725610112324
           112.9000     -7.7400      -10.371850865658
           112.9100     -7.7400      -11.386486796216
           112.9200     -7.7400      -10.853793882036
           112.9300     -7.7400       -9.008400010333
           112.9400     -7.7400       -6.198111205146
           112.9500     -7.7400       -2.837104771601
           112.9600     -7.7400        0.644466383151
           112.9700     -7.7400        3.848436053529
           112.9800     -7.7400        6.448848185848
           112.9900     -7.7400        8.220422694024
           113.0000     -7.7400        9.052916265863
           112.0000     -7.7500       -8.783303159582
           112.0100     -7.7500      -10.170081964541
           112.0200     -7.7500      -11.359528347067
           112.0300     -7.7500      -12.445397950952
           112.0400     -7.7500      -13.490454058997
           112.0500     -7.7500      -14.515998455108
           112.0600     -7.7500      -15.496257961035
           112.0700     -7.7500      -16.359058612410
           112.0800     -7.7500      -16.993407382164
           112.0900     -7.7500      -17.263622201848
           112.1000     -7.7500      -17.028638216311
           112.1100     -7.7500      -16.164218095646
           112.1200     -7.7500      -14.585145918643
           112.1300     -7.7500      -12.264199447265
           112.1400     -7.7500       -9.244841950022
           112.1500     -7.7500       -5.645163386505
           112.1600     -7.7500       -1.651582321640
           112.1700     -7.7500        2.497912204929
           112.1800     -7.7500        6.539797819794
           112.1900     -7.7500       10.217798130913
           112.2000     -7.7500       13.318742463407
           112.2100     -7.7500       15.707115622001
           112.2200     -7.7500       17.353697869287
           112.2300     -7.7500       18.354067191328
           112.2400     -7.7500       18.933679008709
           112.2500     -7.7500       19.437668116290
           112.2600     -7.7500       20.305281718589
           112.2700     -7.7500       22.030747658239
           112.2800     -7.7500       25.114177235235
           112.2900     -7.7500       30.007566584190
           112.3000     -7.7500       37.061893097175
           112.3100     -7.7500       46.481558724118
           112.3200     -7.7500       58.291941954182
           112.3300     -7.7500       72.324605549857
           112.3400     -7.7500       88.222878526493
           112.3500     -7.7500      105.468279645029
           112.3600     -7.7500      123.425827203318
           112.3700     -7.7500      141.403969417133
           112.3800     -7.7500      158.722953008530
           112.3900     -7.7500      174.784170914431
           112.4000     -7.7500      189.132572651318
           112.4100     -7.7500      201.504671360044
           112.4200     -7.7500      211.856023797636
           112.4300     -7.7500      220.364171137662
           112.4400     -7.7500      227.405691766571
           112.4500     -7.7500      233.508942280091
           112.4600     -7.7500      239.286919218408
           112.4700     -7.7500      245.357128778018
           112.4800     -7.7500      252.257108313523
           112.4900     -7.7500      260.365077576626
           112.5000     -7.7500      269.834985235491
           112.5100     -7.7500      280.553950310087
           112.5200     -7.7500      292.127892460512
           112.5300     -7.7500      303.898223487753
           112.5400     -7.7500      314.989145544194
           112.5500     -7.7500      324.381732674615
           112.5600     -7.7500      331.007936691699
           112.5700     -7.7500      333.855300638114
           112.5800     -7.7500      332.071757406650
           112.5900     -7.7500      325.059609167538
           112.6000     -7.7500      312.548673545309
           112.6100     -7.7500      294.640563432940
           112.6200     -7.7500      271.818935363250
           112.6300     -7.7500      244.923992907828
           112.6400     -7.7500      215.093196581969
           112.6500     -7.7500      183.673614858089
           112.6600     -7.7500      152.114275689278
           112.6700     -7.7500      121.848928968200
           112.6800     -7.7500       94.180588289504
           112.6900     -7.7500       70.178986297455
           112.7000     -7.7500       50.600683706838
           112.7100     -7.7500       35.839176258338
           112.7200     -7.7500       25.909212852873
           112.7300     -7.7500       20.466015699703
           112.7400     -7.7500       18.856561612441
           112.7500     -7.7500       20.196920064533
           112.7600     -7.7500       23.467179239644
           112.7700     -7.7500       27.613974518658
           112.7800     -7.7500       31.650204392256
           112.7900     -7.7500       34.742194331862
           112.8000     -7.7500       36.276245876938
           112.8100     -7.7500       35.898975174192
           112.8200     -7.7500       33.528810574755
           112.8300     -7.7500       29.339144622044
           112.8400     -7.7500       23.716576782888
           112.8500     -7.7500       17.200126435268
           112.8600     -7.7500       10.408993928617
           112.8700     -7.7500        3.967245846389
           112.8800     -7.7500       -1.566349895976
           112.8900     -7.7500       -5.756153498929
           112.9000     -7.7500       -8.329734450459
           112.9100     -7.7500       -9.197064535821
           112.9200     -7.7500       -8.448176875307
           112.9300     -7.7500       -6.331068888409
           112.9400     -7.7500       -3.213710460588
           112.9500     -7.7500        0.464456543426
           112.9600     -7.7500        4.245318311293
           112.9700     -7.7500        7.702913775995
           112.9800     -7.7500       10.486665271489
           112.9900     -7.7500       12.352657217615
           113.0000     -7.7500       13.180288440376
           112.0000     -7.7600       -6.208646426951
           112.0100     -7.7600       -7.323664949139
           112.0200     -7.7600       -8.218996279873
           112.0300     -7.7600       -9.022193670669
           112.0400     -7.7600       -9.824652263130
           112.0500     -7.7600      -10.669546215561
           112.0600     -7.7600      -11.545132198981
           112.0700     -7.7600      -12.384931212347
           112.0800     -7.7600      -13.075447035831
           112.0900     -7.7600      -13.471053452052
           112.1000     -7.7600      -13.414620565458
           112.1100     -7.7600      -12.761503551538
           112.1200     -7.7600      -11.403828331769
           112.1300     -7.7600       -9.291693883217
           112.1400     -7.7600       -6.448041021486
           112.1500     -7.7600       -2.974526236613
           112.1600     -7.7600        0.953261876714
           112.1700     -7.7600        5.101604069625
           112.1800     -7.7600        9.204379887184
           112.1900     -7.7600       12.996220360950
           112.2000     -7.7600       16.249389910647
           112.2100     -7.7600       18.809911211420
           112.2200     -7.7600       20.628180977114
           112.2300     -7.7600       21.779653293559
           112.2400     -7.7600       22.472085192285
           112.2500     -7.7600       23.037265268083
           112.2600     -7.7600       23.906929499206
           112.2700     -7.7600       25.574504644143
           112.2800     -7.7600       28.546174170393
           112.2900     -7.7600       33.286298304357
           112.3000     -7.7600       40.163230043967
           112.3100     -7.7600       49.401899700678
           112.3200     -7.7600       61.049115446672
           112.3300     -7.7600       74.956359822582
           112.3400     -7.7600       90.783057419132
           112.3500     -7.7600      108.021034856644
           112.3600     -7.7600      126.038441582605
           112.3700     -7.7600      144.139034514917
           112.3800     -7.7600      161.630738166599
           112.3900     -7.7600      177.896028204952
           112.4000     -7.7600      192.456138802143
           112.4100     -7.7600      205.021460795080
           112.4200     -7.7600      215.521771684741
           112.4300     -7.7600      224.112005218801
           112.4400     -7.7600      231.151915503836
           112.4500     -7.7600      237.160930653753
           112.4600     -7.7600      242.752392600617
           112.4700     -7.7600      248.553905685428
           112.4800     -7.7600      255.122363376235
           112.4900     -7.7600      262.863156285305
           112.5000     -7.7600      271.962950959434
           112.5100     -7.7600      282.344250157653
           112.5200     -7.7600      293.647805755311
           112.5300     -7.7600      305.246071637558
           112.5400     -7.7600      316.287562263876
           112.5500     -7.7600      325.768585475496
           112.5600     -7.7600      332.625723686796
           112.5700     -7.7600      335.839996629733
           112.5800     -7.7600      334.542134369247
           112.5900     -7.7600      328.108003634129
           112.6000     -7.7600      316.234023187338
           112.6100     -7.7600      298.984303862023
           112.6200     -7.7600      276.804061036814
           112.6300     -7.7600      250.497273932537
           112.6400     -7.7600      221.170239464447
           112.6500     -7.7600      190.146191783358
           112.6600     -7.7600      158.859150764604
           112.6700     -7.7600      128.737300264735
           112.6800     -7.7600      101.087250763647
           112.6900     -7.7600       76.990401286559
           112.7000     -7.7600       57.221303691112
           112.7100     -7.7600       42.195598016757
           112.7200     -7.7600       31.951990638360
           112.7300     -7.7600       26.169228062079
           112.7400     -7.7600       24.215460861247
           112.7500     -7.7600       25.224175857955
           112.7600     -7.7600       28.188338106527
           112.7700     -7.7600       32.062785056955
           112.7800     -7.7600       35.864403391625
           112.7900     -7.7600       38.760222110862
           112.8000     -7.7600       40.135178354114
           112.8100     -7.7600       39.633750561666
           112.8200     -7.7600       37.172618237845
           112.8300     -7.7600       32.924660437640
           112.8400     -7.7600       27.277597365913
           112.8500     -7.7600       20.773091283535
           112.8600     -7.7600       14.033898381887
           112.8700     -7.7600        7.687537326679
           112.8800     -7.7600        2.294854135413
           112.8900     -7.7600       -1.709132260643
           112.9000     -7.7600       -4.056473385537
           112.9100     -7.7600       -4.666276073822
           112.9200     -7.7600       -3.642613697992
           112.9300     -7.7600       -1.252034773766
           112.9400     -7.7600        2.115497269288
           112.9500     -7.7600        5.996787508129
           112.9600     -7.7600        9.910363512193
           112.9700     -7.7600       13.409710905036
           112.9800     -7.7600       16.128909642089
           112.9900     -7.7600       17.816032038911
           113.0000     -7.7600       18.351360796385
           112.0000     -7.7700       -3.427772714204
           112.0100     -7.7700       -4.259015784708
           112.0200     -7.7700       -4.844685722612
           112.0300     -7.7700       -5.350239868424
           112.0400     -7.7700       -5.899690832511
           112.0500     -7.7700       -6.561551997561
           112.0600     -7.7700       -7.340694469798
           112.0700     -7.7700       -8.177740879614
           112.0800     -7.7700       -8.956722445467
           112.0900     -7.7700       -9.520645923869
           112.1000     -7.7700       -9.693497251970
           112.1100     -7.7700       -9.306203886793
           112.1200     -7.7700       -8.223336482569
           112.1300     -7.7700       -6.366973560700
           112.1400     -7.7700       -3.734255614353
           112.1500     -7.7700       -0.405734849890
           112.1600     -7.7700        3.457362865507
           112.1700     -7.7700        7.627513300863
           112.1800     -7.7700       11.835954702628
           112.1900     -7.7700       15.806001790795
           112.2000     -7.7700       19.290915909736
           112.2100     -7.7700       22.111764103702
           112.2200     -7.7700       24.190360868917
           112.2300     -7.7700       25.572654066980
           112.2400     -7.7700       26.438792469835
           112.2500     -7.7700       27.097520368719
           112.2600     -7.7700       27.964336645197
           112.2700     -7.7700       29.524827510048
           112.2800     -7.7700       32.286496712388
           112.2900     -7.7700       36.724032884537
           112.3000     -7.7700       43.224054954234
           112.3100     -7.7700       52.035801115191
           112.3200     -7.7700       63.233888803876
           112.3300     -7.7700       76.698176616395
           112.3400     -7.7700       92.114001425028
           112.3500     -7.7700      108.993827346239
           112.3600     -7.7700      126.718875794174
           112.3700     -7.7700      144.596893867108
           112.3800     -7.7700      161.930152732414
           112.3900     -7.7700      178.086309133957
           112.4000     -7.7700      192.564109426386
           112.4100     -7.7700      205.046175651901
           112.4200     -7.7700      215.432291355595
           112.4300     -7.7700      223.848596698840
           112.4400     -7.7700      230.630704024149
           112.4500     -7.7700      236.281674049426
           112.4600     -7.7700      241.408719798480
           112.4700     -7.7700      246.645090984462
           112.4800     -7.7700      252.565526532769
           112.4900     -7.7700      259.604704836901
           112.5000     -7.7700      267.988124600186
           112.5100     -7.7700      277.683784183335
           112.5200     -7.7700      288.380986735039
           112.5300     -7.7700      299.499788382963
           112.5400     -7.7700      310.231326047791
           112.5500     -7.7700      319.605868273792
           112.5600     -7.7700      326.582304629019
           112.5700     -7.7700      330.150281094853
           112.5800     -7.7700      329.434590625390
           112.5900     -7.7700      323.790931834956
           112.6000     -7.7700      312.882825671157
           112.6100     -7.7700      296.731270753215
           112.6200     -7.7700      275.731438867059
           112.6300     -7.7700      250.634074096031
           112.6400     -7.7700      222.492900467062
           112.6500     -7.7700      192.582869453946
           112.6600     -7.7700      162.297107426000
           112.6700     -7.7700      133.032625857655
           112.6800     -7.7700      106.075996687180
           112.6900     -7.7700       82.500151965239
           112.7000     -7.7700       63.082251580610
           112.7100     -7.7700       48.250314588839
           112.7200     -7.7700       38.063279767027
           112.7300     -7.7700       32.225683858569
           112.7400     -7.7700       30.134600978187
           112.7500     -7.7700       30.953255511808
           112.7600     -7.7700       33.703145014596
           112.7700     -7.7700       37.364852878323
           112.7800     -7.7700       40.977150967284
           112.7900     -7.7700       43.724526649198
           112.8000     -7.7700       45.004830209411
           112.8100     -7.7700       44.471130231144
           112.8200     -7.7700       42.044802580701
           112.8300     -7.7700       37.900027117818
           112.8400     -7.7700       32.422875635058
           112.8500     -7.7700       26.150721366310
           112.8600     -7.7700       19.699522897223
           112.8700     -7.7700       13.687460923285
           112.8800     -7.7700        8.663368408785
           112.8900     -7.7700        5.047436653650
           112.9000     -7.7700        3.089946269513
           112.9100     -7.7700        2.851489163784
           112.9200     -7.7700        4.205594107359
           112.9300     -7.7700        6.862142071154
           112.9400     -7.7700       10.407740255725
           112.9500     -7.7700       14.357550201934
           112.9600     -7.7700       18.212097786044
           112.9700     -7.7700       21.512405522032
           112.9800     -7.7700       23.887361945666
           112.9900     -7.7700       25.088473997016
           113.0000     -7.7700       25.008860937751
           112.0000     -7.7800       -0.467652309170
           112.0100     -7.7800       -1.006592056317
           112.0200     -7.7800       -1.272494117266
           112.0300     -7.7800       -1.471510818475
           112.0400     -7.7800       -1.763107504441
           112.0500     -7.7800       -2.243669124783
           112.0600     -7.7800       -2.936579329195
           112.0700     -7.7800       -3.790543359735
           112.0800     -7.7800       -4.686979369956
           112.0900     -7.7800       -5.456164225599
           112.1000     -7.7800       -5.900634179213
           112.1100     -7.7800       -5.823268207688
           112.1200     -7.7800       -5.056676476470
           112.1300     -7.7800       -3.490105268468
           112.1400     -7.7800       -1.090133792989
           112.1500     -7.7800        2.088000605320
           112.1600     -7.7800        5.900597463104
           112.1700     -7.7800       10.127994357713
           112.1800     -7.7800       14.498607182192
           112.1900     -7.7800       18.722190481736
           112.2000     -7.7800       22.528648991477
           112.2100     -7.7800       25.707769668364
           112.2200     -7.7800       28.144814994315
           112.2300     -7.7800       29.847107524856
           112.2400     -7.7800       30.957552316524
           112.2500     -7.7800       31.752418470954
           112.2600     -7.7800       32.622490093780
           112.2700     -7.7800       34.038697931106
           112.2800     -7.7800       36.505317179734
           112.2900     -7.7800       40.505518173592
           112.3000     -7.7800       46.445261344946
           112.3100     -7.7800       54.602064136676
           112.3200     -7.7800       65.084938459867
           112.3300     -7.7800       77.810795795454
           112.3400     -7.7800       92.500930285469
           112.3500     -7.7800      108.698992357771
           112.3600     -7.7800      125.809399740996
           112.3700     -7.7800      143.152684118657
           112.3800     -7.7800      160.032133776288
           112.3900     -7.7800      175.804532485484
           112.4000     -7.7800      189.947019969982
           112.4100     -7.7800      202.112230542607
           112.4200     -7.7800      212.164921132730
           112.4300     -7.7800      220.195186301391
           112.4400     -7.7800      226.505883155821
           112.4500     -7.7800      231.574779364601
           112.4600     -7.7800      235.994867821472
           112.4700     -7.7800      240.398923022079
           112.4800     -7.7800      245.376393551033
           112.4900     -7.7800      251.391881771417
           112.5000     -7.7800      258.714599046534
           112.5100     -7.7800      267.367259770051
           112.5200     -7.7800      277.100968646851
           112.5300     -7.7800      287.399956205748
           112.5400     -7.7800      297.516815028757
           112.5500     -7.7800      306.535534158621
           112.5600     -7.7800      313.456495728583
           112.5700     -7.7800      317.295041233040
           112.5800     -7.7800      317.183530367706
           112.5900     -7.7800      312.466204062480
           112.6000     -7.7800      302.776708038238
           112.6100     -7.7800      288.089788004917
           112.6200     -7.7800      268.741261941580
           112.6300     -7.7800      245.413632070318
           112.6400     -7.7800      219.088267007591
           112.6500     -7.7800      190.968574957992
           112.6600     -7.7800      162.381621085430
           112.6700     -7.7800      134.667886092983
           112.6800     -7.7800      109.070075700985
           112.6900     -7.7800       86.631943709399
           112.7000     -7.7800       68.116984642799
           112.7100     -7.7800       53.954713318708
           112.7200     -7.7800       44.219318362000
           112.7300     -7.7800       38.642079825790
           112.7400     -7.7800       36.655450448281
           112.7500     -7.7800       37.463493936053
           112.7600     -7.7800       40.130793453811
           112.7700     -7.7800       43.680256226229
           112.7800     -7.7800       47.189609754062
           112.7900     -7.7800       49.876855940753
           112.8000     -7.7800       51.166443431679
           112.8100     -7.7800       50.730246587183
           112.8200     -7.7800       48.500325116965
           112.8300     -7.7800       44.653550368505
           112.8400     -7.7800       39.571175444993
           112.8500     -7.7800       33.778972988403
           112.8600     -7.7800       27.875402046958
           112.8700     -7.7800       22.456216707476
           112.8800     -7.7800       18.043921582272
           112.8900     -7.7800       15.029549940412
           112.9000     -7.7800       13.632528352088
           112.9100     -7.7800       13.882119035481
           112.9200     -7.7800       15.621374237455
           112.9300     -7.7800       18.531993815657
           112.9400     -7.7800       22.176232142148
           112.9500     -7.7800       26.050292512349
           112.9600     -7.7800       29.642644409220
           112.9700     -7.7800       32.490481816343
           112.9800     -7.7800       34.228096803718
           112.9900     -7.7800       34.622171648334
           113.0000     -7.7800       33.590722295930
           112.0000     -7.7900        2.626621265151
           112.0100     -7.7900        2.386740272056
           112.0200     -7.7900        2.446829921752
           112.0300     -7.7900        2.558701037906
           112.0400     -7.7900        2.525872731339
           112.0500     -7.7900        2.222586188287
           112.0600     -7.7900        1.605790051372
           112.0700     -7.7900        0.718150043077
           112.0800     -7.7900       -0.318869655971
           112.0900     -7.7900       -1.321605025108
           112.1000     -7.7900       -2.068964905689
           112.1100     -7.7900       -2.332722882323
           112.1200     -7.7900       -1.909793744062
           112.1300     -7.7900       -0.652483288857
           112.1400     -7.7900        1.507285707062
           112.1500     -7.7900        4.543236207041
           112.1600     -7.7900        8.331941658077
           112.1700     -7.7900       12.663039218293
           112.1800     -7.7900       17.261913732349
           112.1900     -7.7900       21.822687493977
           112.2000     -7.7900       26.047907587464
           112.2100     -7.7900       29.690256971471
           112.2200     -7.7900       32.591082281579
           112.2300     -7.7900       34.710625095436
           112.2400     -7.7900       36.145583692229
           112.2500     -7.7900       37.130958097280
           112.2600     -7.7900       38.024905103517
           112.2700     -7.7900       39.277352536123
           112.2800     -7.7900       41.385154153893
           112.2900     -7.7900       44.838357773128
           112.3000     -7.7900       50.063478324850
           112.3100     -7.7900       57.370332225917
           112.3200     -7.7900       66.908890368960
           112.3300     -7.7900       78.641724144118
           112.3400     -7.7900       92.336026994968
           112.3500     -7.7900      107.577056903036
           112.3600     -7.7900      123.802398789203
           112.3700     -7.7900      140.353971808905
           112.3800     -7.7900      156.542499728182
           112.3900     -7.7900      171.717495749086
           112.4000     -7.7900      185.334903438007
           112.4100     -7.7900      197.014516571228
           112.4200     -7.7900      206.580204719935
           112.4300     -7.7900      214.077721745397
           112.4400     -7.7900      219.767292238973
           112.4500     -7.7900      224.090993725163
           112.4600     -7.7900      227.617862757890
           112.4700     -7.7900      230.972314838464
           112.4800     -7.7900      234.753565817719
           112.4900     -7.7900      239.455018578541
           112.5000     -7.7900      245.392865218086
           112.5100     -7.7900      252.652394444399
           112.5200     -7.7900      261.058748956885
           112.5300     -7.7900      270.176325311000
           112.5400     -7.7900      279.337922353552
           112.5500     -7.7900      287.701462945259
           112.5600     -7.7900      294.329004410651
           112.5700     -7.7900      298.280169016866
           112.5800     -7.7900      298.710365106489
           112.5900     -7.7900      294.963441101188
           112.6000     -7.7900      286.648812971560
           112.6100     -7.7900      273.694599382901
           112.6200     -7.7900      256.370732613176
           112.6300     -7.7900      235.279125979237
           112.6400     -7.7900      211.311430992495
           112.6500     -7.7900      185.578331620539
           112.6600     -7.7900      159.317324107168
           112.6700     -7.7900      133.788189798091
           112.6800     -7.7900      110.166639151585
           112.6900     -7.7900       89.446751773218
           112.7000     -7.7900       72.361849345381
           112.7100     -7.7900       59.331430975743
           112.7200     -7.7900       50.439001048678
           112.7300     -7.7900       45.442341032182
           112.7400     -7.7900       43.814381459804
           112.7500     -7.7900       44.809689516239
           112.7600     -7.7900       47.549039062162
           112.7700     -7.7900       51.112840551954
           112.7800     -7.7900       54.633545489740
           112.7900     -7.7900       57.377554382647
           112.8000     -7.7900       58.808578712752
           112.8100     -7.7900       58.626656111169
           112.8200     -7.7900       56.779825759430
           112.8300     -7.7900       53.448514427199
           112.8400     -7.7900       49.005620860871
           112.8500     -7.7900       43.957796814002
           112.8600     -7.7900       38.875242838318
           112.8700     -7.7900       34.318286973380
           112.8800     -7.7900       30.769018484579
           112.8900     -7.7900       28.575339122987
           112.9000     -7.7900       27.913104932508
           112.9100     -7.7900       28.769779551400
           112.9200     -7.7900       30.950478239564
           112.9300     -7.7900       34.104746412442
           112.9400     -7.7900       37.770171563675
           112.9500     -7.7900       41.427213740801
           112.9600     -7.7900       44.558628261328
           112.9700     -7.7900       46.706629647416
           112.9800     -7.7900       47.521499472064
           112.9900     -7.7900       46.796576386762
           113.0000     -7.7900       44.486313965658
           112.0000     -7.8000        5.797179486224
           112.0100     -7.8000        5.862369083550
           112.0200     -7.8000        6.251888846002
           112.0300     -7.8000        6.675676464952
           112.0400     -7.8000        6.899995290470
           112.0500     -7.8000        6.769272104845
           112.0600     -7.8000        6.220378803349
           112.0700     -7.8000        5.287207825317
           112.0800     -7.8000        4.094432725044
           112.0900     -7.8000        2.840609391413
           112.1000     -7.8000        1.772107153246
           112.1100     -7.8000        1.150591121312
           112.1200     -7.8000        1.217740124006
           112.1300     -7.8000        2.161437166191
           112.1400     -7.8000        4.087716256786
           112.1500     -7.8000        7.002256298956
           112.1600     -7.8000       10.804213270041
           112.1700     -7.8000       15.293776821368
           112.1800     -7.8000       20.193184338015
           112.1900     -7.8000       25.179221262706
           112.2000     -7.8000       29.923693659681
           112.2100     -7.8000       34.137179396322
           112.2200     -7.8000       37.610712953786
           112.2300     -7.8000       40.250041527432
           112.2400     -7.8000       42.097737586620
           112.2500     -7.8000       43.339714502009
           112.2600     -7.8000       44.294437730663
           112.2700     -7.8000       45.385159525497
           112.2800     -7.8000       47.097591815013
           112.2900     -7.8000       49.927315846034
           112.3000     -7.8000       54.322669772903
           112.3100     -7.8000       60.629663262756
           112.3200     -7.8000       69.045518613171
           112.3300     -7.8000       79.586696086504
           112.3400     -7.8000       92.075787504428
           112.3500     -7.8000      106.149607736030
           112.3600     -7.8000      121.288404877997
           112.3700     -7.8000      136.863623018221
           112.3800     -7.8000      152.199380917936
           112.3900     -7.8000      166.641053233238
           112.4000     -7.8000      179.623284720064
           112.4100     -7.8000      190.729579544590
           112.4200     -7.8000      199.736335574001
           112.4300     -7.8000      206.635778200319
           112.4400     -7.8000      211.634527740851
           112.4500     -7.8000      215.127260513767
           112.4600     -7.8000      217.647789382535
           112.4700     -7.8000      219.802564304104
           112.4800     -7.8000      222.193761443968
           112.4900     -7.8000      225.340527272032
           112.5000     -7.8000      229.607392497095
           112.5100     -7.8000      235.148297276092
           112.5200     -7.8000      241.873118473286
           112.5300     -7.8000      249.441220264045
           112.5400     -7.8000      257.283616599276
           112.5500     -7.8000      264.652162316153
           112.5600     -7.8000      270.691135505716
           112.5700     -7.8000      274.523984975733
           112.5800     -7.8000      275.346192243149
           112.5900     -7.8000      272.514352633479
           112.6000     -7.8000      265.621820689304
           112.6100     -7.8000      254.552574908841
           112.6200     -7.8000      239.507198423947
           112.6300     -7.8000      220.997802104559
           112.6400     -7.8000      199.812012577466
           112.6500     -7.8000      176.949445417031
           112.6600     -7.8000      153.537018163972
           112.6700     -7.8000      130.731704425588
           112.6800     -7.8000      109.620642169002
           112.6900     -7.8000       91.128744806927
           112.7000     -7.8000       75.943102119327
           112.7100     -7.8000       64.461601469314
           112.7200     -7.8000       56.770560540890
           112.7300     -7.8000       52.653038839683
           112.7400     -7.8000       51.626235418169
           112.7500     -7.8000       53.003344790327
           112.7600     -7.8000       55.972762167985
           112.7700     -7.8000       59.685866717004
           112.7800     -7.8000       63.343935722050
           112.7900     -7.8000       66.275108524238
           112.8000     -7.8000       67.993664581503
           112.8100     -7.8000       68.236034404023
           112.8200     -7.8000       66.970667872606
           112.8300     -7.8000       64.381827921425
           112.8400     -7.8000       60.830225768809
           112.8500     -7.8000       56.795852647539
           112.8600     -7.8000       52.810132183491
           112.8700     -7.8000       49.385439304457
           112.8800     -7.8000       46.950028295121
           112.8900     -7.8000       45.795513327994
           112.9000     -7.8000       46.042378751358
           112.9100     -7.8000       47.626775550695
           112.9200     -7.8000       50.309352744556
           112.9300     -7.8000       53.704369836588
           112.9400     -7.8000       57.325120338638
           112.9500     -7.8000       60.640006196819
           112.9600     -7.8000       63.132610001790
           112.9700     -7.8000       64.358902128275
           112.9800     -7.8000       63.995287287153
           112.9900     -7.8000       61.872445219909
           113.0000     -7.8000       57.991685361456
           112.0000     -7.8100        8.980402287449
           112.0100     -7.8100        9.356097239603
           112.0200     -7.8100       10.076157268128
           112.0300     -7.8100       10.810296020885
           112.0400     -7.8100       11.288582080652
           112.0500     -7.8100       11.326218114121
           112.0600     -7.8100       10.840288491626
           112.0700     -7.8100        9.856100133406
           112.0800     -7.8100        8.501825821065
           112.0900     -7.8100        6.991485504675
           112.1000     -7.8100        5.597712554382
           112.1100     -7.8100        4.617071632797
           112.1200     -7.8100        4.331748270568
           112.1300     -7.8100        4.972067852452
           112.1400     -7.8100        6.684419926013
           112.1500     -7.8100        9.508720250080
           112.1600     -7.8100       13.368565097426
           112.1700     -7.8100       18.075816447133
           112.1800     -7.8100       23.349659079268
           112.1900     -7.8100       28.848389905168
           112.2000     -7.8100       34.210553854259
           112.2100     -7.8100       39.100739350954
           112.2200     -7.8100       43.254565539983
           112.2300     -7.8100       46.517250953295
           112.2400     -7.8100       48.870692682659
           112.2500     -7.8100       50.445167074556
           112.2600     -7.8100       51.513467508222
           112.2700     -7.8100       52.467333301200
           112.2800     -7.8100       53.778159875946
           112.2900     -7.8100       55.945957545427
           112.3000     -7.8100       59.442098895432
           112.3100     -7.8100       64.652358203381
           112.3200     -7.8100       71.826963544252
           112.3300     -7.8100       81.043802291709
           112.3400     -7.8100       92.189587614280
           112.3500     -7.8100      104.961843509116
           112.3600     -7.8100      118.892213388229
           112.3700     -7.8100      133.389111139201
           112.3800     -7.8100      147.795406232526
           112.3900     -7.8100      161.454946957916
           112.4000     -7.8100      173.780514128913
           112.4100     -7.8100      184.315422911583
           112.4200     -7.8100      192.781518542878
           112.4300     -7.8100      199.107702803624
           112.4400     -7.8100      203.435239344458
           112.4500     -7.8100      206.098686289721
           112.4600     -7.8100      207.584100407213
           112.4700     -7.8100      208.468826031130
           112.4800     -7.8100      209.349410006182
           112.4900     -7.8100      210.765703137238
           112.5000     -7.8100      213.129829048233
           112.5100     -7.8100      216.668334690166
           112.5200     -7.8100      221.384508193112
           112.5300     -7.8100      227.045696640855
           112.5400     -7.8100      233.197713477477
           112.5500     -7.8100      239.205398743339
           112.5600     -7.8100      244.315427737493
           112.5700     -7.8100      247.734894573379
           112.5800     -7.8100      248.717323580415
           112.5900     -7.8100      246.646803584966
           112.6000     -7.8100      241.111014615024
           112.6100     -7.8100      231.955023098638
           112.6200     -7.8100      219.309741972209
           112.6300     -7.8100      203.591663458365
           112.6400     -7.8100      185.473572491453
           112.6500     -7.8100      165.829090993908
           112.6600     -7.8100      145.656735584209
           112.6700     -7.8100      125.991377294707
           112.6800     -7.8100      107.812326452825
           112.6900     -7.8100       91.957583295446
           112.7000     -7.8100       79.053064966279
           112.7100     -7.8100       69.463930523056
           112.7200     -7.8100       63.272673285475
           112.7300     -7.8100       60.285714573044
           112.7400     -7.8100       60.067146676466
           112.7500     -7.8100       61.995381254646
           112.7600     -7.8100       65.336081623809
           112.7700     -7.8100       69.323150779070
           112.7800     -7.8100       73.238877935609
           112.7900     -7.8100       76.484672965007
           112.8000     -7.8100       78.635085016414
           112.8100     -7.8100       79.469848287634
           112.8200     -7.8100       78.981278658024
           112.8300     -7.8100       77.357158477677
           112.8400     -7.8100       74.941971893597
           112.8500     -7.8100       72.181685352810
           112.8600     -7.8100       69.558954434680
           112.8700     -7.8100       67.526505194556
           112.8800     -7.8100       66.446409247929
           112.8900     -7.8100       66.542074054308
           112.9000     -7.8100       67.868128432541
           112.9100     -7.8100       70.301204568491
           112.9200     -7.8100       73.552163352711
           112.9300     -7.8100       77.197865389435
           112.9400     -7.8100       80.728431525553
           112.9500     -7.8100       83.604299488371
           112.9600     -7.8100       85.316435864348
           112.9700     -7.8100       85.442890071707
           112.9800     -7.8100       83.695473243850
           112.9900     -7.8100       79.951617023348
           113.0000     -7.8100       74.268248716927
           112.0000     -7.8200       12.114677133219
           112.0100     -7.8200       12.805005812843
           112.0200     -7.8200       13.854144824490
           112.0300     -7.8200       14.894626133538
           112.0400     -7.8200       15.622598015710
           112.0500     -7.8200       15.825572236507
           112.0600     -7.8200       15.401740523942
           112.0700     -7.8200       14.368243073408
           112.0800     -7.8200       12.856893174560
           112.0900     -7.8200       11.097246689351
           112.1000     -7.8200        9.388393150106
           112.1100     -7.8200        8.062254529868
           112.1200     -7.8200        7.442326447999
           112.1300     -7.8200        7.802526744515
           112.1400     -7.8200        9.331015250991
           112.1500     -7.8200       12.103465118766
           112.1600     -7.8200       16.069319960394
           112.1700     -7.8200       21.053153327354
           112.1800     -7.8200       26.771511411189
           112.1900     -7.8200       32.863765935429
           112.2000     -7.8200       38.933754296311
           112.2100     -7.8200       44.597556203874
           112.2200     -7.8200       49.531836993978
           112.2300     -7.8200       53.516908337910
           112.2400     -7.8200       56.469074386396
           112.2500     -7.8200       58.457919285537
           112.2600     -7.8200       59.705841590097
           112.2700     -7.8200       60.569171516277
           112.2800     -7.8200       61.502385373311
           112.2900     -7.8200       63.008999975486
           112.3000     -7.8200       65.584436115547
           112.3100     -7.8200       69.657268549586
           112.3200     -7.8200       75.535678381262
           112.3300     -7.8200       83.365524012692
           112.3400     -7.8200       93.105274893270
           112.3500     -7.8200      104.521227427474
           112.3600     -7.8200      117.204145048331
           112.3700     -7.8200      130.605993974021
           112.3800     -7.8200      144.093070929509
           112.3900     -7.8200      157.009822583221
           112.4000     -7.8200      168.746283082336
           112.4100     -7.8200      178.801481335652
           112.4200     -7.8200      186.835477794944
           112.4300     -7.8200      192.703862658758
           112.4400     -7.8200      196.470462354562
           112.4500     -7.8200      198.396447683150
           112.4600     -7.8200      198.906737737586
           112.4700     -7.8200      198.537236868117
           112.4800     -7.8200      197.868717804270
           112.4900     -7.8200      197.454801463462
           112.5000     -7.8200      197.752283005981
           112.5100     -7.8200      199.061909940801
           112.5200     -7.8200      201.486636085942
           112.5300     -7.8200      204.912469043614
           112.5400     -7.8200      209.014509910463
           112.5500     -7.8200      213.287936901359
           112.5600     -7.8200      217.100834738725
           112.5700     -7.8200      219.763247257346
           112.5800     -7.8200      220.604924495981
           112.5900     -7.8200      219.053170638446
           112.6000     -7.8200      214.702102512532
           112.6100     -7.8200      207.365515733535
           112.6200     -7.8200      197.107329401699
           112.6300     -7.8200      184.246040672118
           112.6400     -7.8200      169.332488453382
           112.6500     -7.8200      153.103175019484
           112.6600     -7.8200      136.414090396055
           112.6700     -7.8200      120.162121637185
           112.6800     -7.8200      105.202467073154
           112.6900     -7.8200       92.270866266500
           112.7000     -7.8200       81.918860874854
           112.7100     -7.8200       74.468794017282
           112.7200     -7.8200       69.993013956417
           112.7300     -7.8200       68.319032292765
           112.7400     -7.8200       69.059509546194
           112.7500     -7.8200       71.663229417545
           112.7600     -7.8200       75.480982051842
           112.7700     -7.8200       79.838753673098
           112.7800     -7.8200       84.109977148235
           112.7900     -7.8200       87.778894592806
           112.8000     -7.8200       90.488269964286
           112.8100     -7.8200       92.066616506692
           112.8200     -7.8200       92.532538466570
           112.8300     -7.8200       92.076442104310
           112.8400     -7.8200       91.022440885956
           112.8500     -7.8200       89.775472588712
           112.8600     -7.8200       88.760219426876
           112.8700     -7.8200       88.359209563493
           112.8800     -7.8200       88.857406391993
           112.8900     -7.8200       90.399687631739
           112.9000     -7.8200       92.966001218153
           112.9100     -7.8200       96.366859449254
           112.9200     -7.8200      100.259450892079
           112.9300     -7.8200      104.182288391220
           112.9400     -7.8200      107.604239136551
           112.9500     -7.8200      109.982227278408
           112.9600     -7.8200      110.821024165677
           112.9700     -7.8200      109.728427118768
           112.9800     -7.8200      106.459767006138
           112.9900     -7.8200      100.946984644541
           113.0000     -7.8200       93.309310967748
           112.0000     -7.8300       15.147858271373
           112.0100     -7.8300       16.154128071771
           112.0200     -7.8300       17.527432815949
           112.0300     -7.8300       18.867403529381
           112.0400     -7.8300       19.839611404146
           112.0500     -7.8300       20.206218234097
           112.0600     -7.8300       19.847896179021
           112.0700     -7.8300       18.774146707210
           112.0800     -7.8300       17.120298400023
           112.0900     -7.8300       15.130899768331
           112.1000     -7.8300       13.130783969080
           112.1100     -7.8300       11.486580322379
           112.1200     -7.8300       10.562694006349
           112.1300     -7.8300       10.676603621786
           112.1400     -7.8300       12.058614137817
           112.1500     -7.8300       14.820889346846
           112.1600     -7.8300       18.939684469311
           112.1700     -7.8300       24.253290346424
           112.1800     -7.8300       30.476435749977
           112.1900     -7.8300       37.229973184726
           112.2000     -7.8300       44.082822190365
           112.2100     -7.8300       50.601588218418
           112.2200     -7.8300       56.402212182401
           112.2300     -7.8300       61.197580008848
           112.2400     -7.8300       64.835304628543
           112.2500     -7.8300       67.320873009885
           112.2600     -7.8300       68.822931724427
           112.2700     -7.8300       69.659494674585
           112.2800     -7.8300       70.266068156191
           112.2900     -7.8300       71.148843277152
           112.3000     -7.8300       72.827946008093
           112.3100     -7.8300       75.777034229427
           112.3200     -7.8300       80.366121849095
           112.3300     -7.8300       86.814305982626
           112.3400     -7.8300       95.158080811392
           112.3500     -7.8300      105.239241602166
           112.3600     -7.8300      116.714198855685
           112.3700     -7.8300      129.084083376257
           112.3800     -7.8300      141.742610813372
           112.3900     -7.8300      154.036573241801
           112.4000     -7.8300      165.332287782774
           112.4100     -7.8300      175.080547585901
           112.4200     -7.8300      182.872691968047
           112.4300     -7.8300      188.481343752071
           112.4400     -7.8300      191.881055060411
           112.4500     -7.8300      193.246369121319
           112.4600     -7.8300      192.927386428585
           112.4700     -7.8300      191.405520389568
           112.4800     -7.8300      189.234437005479
           112.4900     -7.8300      186.972922674958
           112.5000     -7.8300      185.117404819951
           112.5100     -7.8300      184.041941233388
           112.5200     -7.8300      183.952678849820
           112.5300     -7.8300      184.862150218269
           112.5400     -7.8300      186.586511766841
           112.5500     -7.8300      188.766192380452
           112.5600     -7.8300      190.907718869079
           112.5700     -7.8300      192.442030484313
           112.5800     -7.8300      192.792673659336
           112.5900     -7.8300      191.446104860826
           112.6000     -7.8300      188.016060012035
           112.6100     -7.8300      182.294605367860
           112.6200     -7.8300      174.283991040169
           112.6300     -7.8300      164.205609634916
           112.6400     -7.8300      152.484965350409
           112.6500     -7.8300      139.714281529967
           112.6600     -7.8300      126.596902130587
           112.6700     -7.8300      113.879683779242
           112.6800     -7.8300      102.280896783217
           112.6900     -7.8300       92.421607231724
           112.7000     -7.8300       84.768051518044
           112.7100     -7.8300       79.591199165410
           112.7200     -7.8300       76.947688566681
           112.7300     -7.8300       76.683851530960
           112.7400     -7.8300       78.461905821679
           112.7500     -7.8300       81.804896416437
           112.7600     -7.8300       86.154893117027
           112.7700     -7.8300       90.937538983221
           112.7800     -7.8300       95.625446099125
           112.7900     -7.8300       99.793211050746
           112.8000     -7.8300      103.157928538060
           112.8100     -7.8300      105.600878164467
           112.8200     -7.8300      107.168328645379
           112.8300     -7.8300      108.051875570414
           112.8400     -7.8300      108.551113885666
           112.8500     -7.8300      109.023469271627
           112.8600     -7.8300      109.827444663466
           112.8700     -7.8300      111.266222561527
           112.8800     -7.8300      113.538433020352
           112.8900     -7.8300      116.701979358185
           112.9000     -7.8300      120.655227371305
           112.9100     -7.8300      125.137802989563
           112.9200     -7.8300      129.750952905159
           112.9300     -7.8300      133.995169572149
           112.9400     -7.8300      137.320823382235
           112.9500     -7.8300      139.186098951079
           112.9600     -7.8300      139.115754062516
           112.9700     -7.8300      136.754183902570
           112.9800     -7.8300      131.906968291271
           112.9900     -7.8300      124.566411266128
           113.0000     -7.8300      114.918386269126
           112.0000     -7.8400       18.043421786959
           112.0100     -7.8400       19.362058184545
           112.0200     -7.8400       21.049821261434
           112.0300     -7.8400       22.678754790117
           112.0400     -7.8400       23.888075699195
           112.0500     -7.8400       24.417574465952
           112.0600     -7.8400       24.132104972376
           112.0700     -7.8400       23.034036478319
           112.0800     -7.8400       21.261708083788
           112.0900     -7.8400       19.073405155320
           112.1000     -7.8400       16.818003799832
           112.1100     -7.8400       14.895012490132
           112.1200     -7.8400       13.708084028303
           112.1300     -7.8400       13.617000981457
           112.1400     -7.8400       14.893521312616
           112.1500     -7.8400       17.686237163583
           112.1600     -7.8400       21.998750113991
           112.1700     -7.8400       27.684077308793
           112.1800     -7.8400       34.456419602932
           112.1900     -7.8400       41.919443363263
           112.2000     -7.8400       49.608280483451
           112.2100     -7.8400       57.040768957771
           112.2200     -7.8400       63.772247088770
           112.2300     -7.8400       69.447635784525
           112.2400     -7.8400       73.844682267594
           112.2500     -7.8400       76.903098398471
           112.2600     -7.8400       78.735825325986
           112.2700     -7.8400       79.620632781890
           112.2800     -7.8400       79.972494768450
           112.2900     -7.8400       80.299416797442
           112.3000     -7.8400       81.146360782918
           112.3100     -7.8400       83.033385398698
           112.3200     -7.8400       86.394909870527
           112.3300     -7.8400       91.527012679368
           112.3400     -7.8400       98.548879494434
           112.3500     -7.8400      107.382997082864
           112.3600     -7.8400      117.756618393230
           112.3700     -7.8400      129.224632581719
           112.3800     -7.8400      141.211537331965
           112.3900     -7.8400      153.068012988665
           112.4000     -7.8400      164.135897518430
           112.4100     -7.8400      173.814361084222
           112.4200     -7.8400      181.619901638781
           112.4300     -7.8400      187.233455328458
           112.4400     -7.8400      190.529364936587
           112.4500     -7.8400      191.583011586933
           112.4600     -7.8400      190.656352036706
           112.4700     -7.8400      188.163133396676
           112.4800     -7.8400      184.617884234010
           112.4900     -7.8400      180.574633702349
           112.5000     -7.8400      176.562471582033
           112.5100     -7.8400      173.025395743973
           112.5200     -7.8400      170.273360581105
           112.5300     -7.8400      168.450103337246
           112.5400     -7.8400      167.521342565651
           112.5500     -7.8400      167.284547727284
           112.5600     -7.8400      167.398953081756
           112.5700     -7.8400      167.432129333853
           112.5800     -7.8400      166.917509508941
           112.5900     -7.8400      165.416014775573
           112.6000     -7.8400      162.574485578568
           112.6100     -7.8400      158.174041419942
           112.6200     -7.8400      152.162715261778
           112.6300     -7.8400      144.668587314258
           112.6400     -7.8400      135.991952590526
           112.6500     -7.8400      126.577522025471
           112.6600     -7.8400      116.969986338124
           112.6700     -7.8400      107.758191284867
           112.6800     -7.8400       99.514458995259
           112.6900     -7.8400       92.736095803305
           112.7000     -7.8400       87.795799031535
           112.7100     -7.8400       84.906559428285
           112.7200     -7.8400       84.104891313983
           112.7300     -7.8400       85.254023679245
           112.7400     -7.8400       88.066316885813
           112.7500     -7.8400       92.141913464609
           112.7600     -7.8400       97.018754123089
           112.7700     -7.8400      102.227810417234
           112.7800     -7.8400      107.346849597288
           112.7900     -7.8400      112.046311269948
           112.8000     -7.8400      116.121900673023
           112.8100     -7.8400      119.510160637063
           112.8200     -7.8400      122.285371203244
           112.8300     -7.8400      124.638391043967
           112.8400     -7.8400      126.840228433723
           112.8500     -7.8400      129.194955301723
           112.8600     -7.8400      131.987843368803
           112.8700     -7.8400      135.435162337980
           112.8800     -7.8400      139.641876834838
           112.8900     -7.8400      144.572541940835
           112.9000     -7.8400      150.039142968736
           112.9100     -7.8400      155.707640577525
           112.9200     -7.8400      161.122802204997
           112.9300     -7.8400      165.748779531448
           112.9400     -7.8400      169.021073329457
           112.9500     -7.8400      170.404217045237
           112.9600     -7.8400      169.448852443047
           112.9700     -7.8400      165.841930977495
           112.9800     -7.8400      159.444536142196
           112.9900     -7.8400      150.313188042373
           113.0000     -7.8400      138.702298184246
           112.0000     -7.8500       20.784484867245
           112.0100     -7.8500       22.404753810966
           112.0200     -7.8500       24.390926586091
           112.0300     -7.8500       26.293565205677
           112.0400     -7.8500       27.730416099131
           112.0500     -7.8500       28.422324715317
           112.0600     -7.8500       28.220197698042
           112.0700     -7.8500       27.119630657176
           112.0800     -7.8500       25.260992546470
           112.0900     -7.8500       22.914267670775
           112.1000     -7.8500       20.449639144877
           112.1100     -7.8500       18.296459019965
           112.1200     -7.8500       16.894689101656
           112.1300     -7.8500       16.643929290135
           112.1400     -7.8500       17.855634889370
           112.1500     -7.8500       20.713978981858
           112.1600     -7.8500       25.250031644930
           112.1700     -7.8500       31.332572052108
           112.1800     -7.8500       38.677060953768
           112.1900     -7.8500       46.872274879506
           112.2000     -7.8500       55.422069693883
           112.2100     -7.8500       63.797938067026
           112.2200     -7.8500       71.496670934525
           112.2300     -7.8500       78.096698089307
           112.2400     -7.8500       83.306669964941
           112.2500     -7.8500       87.000571111293
           112.2600     -7.8500       89.235058584463
           112.2700     -7.8500       90.246647371232
           112.2800     -7.8500       90.428606981830
           112.2900     -7.8500       90.289734453244
           112.3000     -7.8500       90.399263577640
           112.3100     -7.8500       91.323812210502
           112.3200     -7.8500       93.563262069052
           112.3300     -7.8500       97.492684597533
           112.3400     -7.8500      103.316837029292
           112.3500     -7.8500      111.042413454250
           112.3600     -7.8500      120.471293363408
           112.3700     -7.8500      131.215703387242
           112.3800     -7.8500      142.733762033715
           112.3900     -7.8500      154.381593245129
           112.4000     -7.8500      165.476336459407
           112.4100     -7.8500      175.363164185963
           112.4200     -7.8500      183.478984543685
           112.4300     -7.8500      189.405906481727
           112.4400     -7.8500      192.908733038566
           112.4500     -7.8500      193.952584578836
           112.4600     -7.8500      192.699025317959
           112.4700     -7.8500      189.481507908599
           112.4800     -7.8500      184.763278449969
           112.4900     -7.8500      179.082828300289
           112.5000     -7.8500      172.993315955752
           112.5100     -7.8500      167.002960882931
           112.5200     -7.8500      161.523170516932
           112.5300     -7.8500      156.830137575513
           112.5400     -7.8500      153.043965520534
           112.5500     -7.8500      150.127250052161
           112.5600     -7.8500      147.902720274131
           112.5700     -7.8500      146.087301770223
           112.5800     -7.8500      144.338070046854
           112.5900     -7.8500      142.304237460015
           112.6000     -7.8500      139.678710677456
           112.6100     -7.8500      136.242932221867
           112.6200     -7.8500      131.899647587525
           112.6300     -7.8500      126.689797840696
           112.6400     -7.8500      120.791730980336
           112.6500     -7.8500      114.503107784758
           112.6600     -7.8500      108.207983293182
           112.6700     -7.8500      102.333319420957
           112.6800     -7.8500       97.300416098593
           112.6900     -7.8500       93.477294229622
           112.7000     -7.8500       91.137864788417
           112.7100     -7.8500       90.432806667301
           112.7200     -7.8500       91.375569919372
           112.7300     -7.8500       93.845010549217
           112.7400     -7.8500       97.604085307664
           112.7500     -7.8500      102.332045782356
           112.7600     -7.8500      107.665913386009
           112.7700     -7.8500      113.245891387815
           112.7800     -7.8500      118.758911450256
           112.7900     -7.8500      123.974772722605
           112.8000     -7.8500      128.770276108585
           112.8100     -7.8500      133.138266693053
           112.8200     -7.8500      137.180387316986
           112.8300     -7.8500      141.084384758776
           112.8400     -7.8500      145.088748937787
           112.8500     -7.8500      149.439070216060
           112.8600     -7.8500      154.341576763882
           112.8700     -7.8500      159.919733825700
           112.8800     -7.8500      166.179499532181
           112.8900     -7.8500      172.987872170930
           112.9000     -7.8500      180.067845822687
           112.9100     -7.8500      187.010994749684
           112.9200     -7.8500      193.306855233891
           112.9300     -7.8500      198.386306831171
           112.9400     -7.8500      201.674501681309
           112.9500     -7.8500      202.647740677069
           112.9600     -7.8500      200.888178886816
           112.9700     -7.8500      196.130415076471
           112.9800     -7.8500      188.294857033172
           112.9900     -7.8500      177.504155394609
           113.0000     -7.8500      164.080800635623
           112.0000     -7.8600       23.375128833791
           112.0100     -7.8600       25.277020978000
           112.0200     -7.8600       27.537765020974
           112.0300     -7.8600       29.693077472904
           112.0400     -7.8600       31.344546596981
           112.0500     -7.8600       32.197751732418
           112.0600     -7.8600       32.091540306071
           112.0700     -7.8600       31.014835462649
           112.0800     -7.8600       29.108511159292
           112.0900     -7.8600       26.651398459248
           112.1000     -7.8600       24.031213382933
           112.1100     -7.8600       21.702926967522
           112.1200     -7.8600       20.138626113020
           112.1300     -7.8600       19.774048326254
           112.1400     -7.8600       20.957562631556
           112.1500     -7.8600       23.907319837389
           112.1600     -7.8600       28.681587782626
           112.1700     -7.8600       35.165978542405
           112.1800     -7.8600       43.079495636814
           112.1900     -7.8600       51.999270888451
           112.2000     -7.8600       61.401752594492
           112.2100     -7.8600       70.716191735954
           112.2200     -7.8600       79.384777873901
           112.2300     -7.8600       86.922884876331
           112.2400     -7.8600       92.972716420036
           112.2500     -7.8600       97.344228664083
           112.2600     -7.8600      100.038501500602
           112.2700     -7.8600      101.250596082825
           112.2800     -7.8600      101.351171696031
           112.2900     -7.8600      100.848489992103
           112.3000     -7.8600      100.334641925109
           112.3100     -7.8600      100.421638473405
           112.3200     -7.8600      101.674199668783
           112.3300     -7.8600      104.546515159417
           112.3400     -7.8600      109.329876774437
           112.3500     -7.8600      116.116935678297
           112.3600     -7.8600      124.786539613065
           112.3700     -7.8600      135.010860796292
           112.3800     -7.8600      146.284086010951
           112.3900     -7.8600      157.969584017767
           112.4000     -7.8600      169.360459141604
           112.4100     -7.8600      179.746970795594
           112.4200     -7.8600      188.483606927860
           112.4300     -7.8600      195.048719453528
           112.4400     -7.8600      199.090542120846
           112.4500     -7.8600      200.455004910667
           112.4600     -7.8600      199.192844851617
           112.4700     -7.8600      195.545846429822
           112.4800     -7.8600      189.914354555332
           112.4900     -7.8600      182.810223946878
           112.5000     -7.8600      174.800872301608
           112.5100     -7.8600      166.450925694463
           112.5200     -7.8600      158.268000606990
           112.5300     -7.8600      150.658466350943
           112.5400     -7.8600      143.897672102441
           112.5500     -7.8600      138.117278378532
           112.5600     -7.8600      133.310232285719
           112.5700     -7.8600      129.351824489189
           112.5800     -7.8600      126.033414355545
           112.5900     -7.8600      123.104024280879
           112.6000     -7.8600      120.314240817220
           112.6100     -7.8600      117.456796657579
           112.6200     -7.8600      114.398835158864
           112.6300     -7.8600      111.102085046831
           112.6400     -7.8600      107.628832841807
           112.6500     -7.8600      104.133459517096
           112.6600     -7.8600      100.841167755568
           112.6700     -7.8600       98.017134988340
           112.6800     -7.8600       95.930488076183
           112.6900     -7.8600       94.818069655541
           112.7000     -7.8600       94.852890601503
           112.7100     -7.8600       96.121456684677
           112.7200     -7.8600       98.612918144143
           112.7300     -7.8600      102.221382326852
           112.7400     -7.8600      106.760960447778
           112.7500     -7.8600      111.991417136908
           112.7600     -7.8600      117.650873062486
           112.7700     -7.8600      123.491056905122
           112.7800     -7.8600      129.310234452471
           112.7900     -7.8600      134.979206756643
           112.8000     -7.8600      140.456633803712
           112.8100     -7.8600      145.791297455342
           112.8200     -7.8600      151.110598393410
           112.8300     -7.8600      156.596376771836
           112.8400     -7.8600      162.450831049726
           112.8500     -7.8600      168.856672923602
           112.8600     -7.8600      175.936526241626
           112.8700     -7.8600      183.716842087807
           112.8800     -7.8600      192.101222243653
           112.8900     -7.8600      200.857058469488
           112.9000     -7.8600      209.617918197506
           112.9100     -7.8600      217.902310445683
           112.9200     -7.8600      225.147559819679
           112.9300     -7.8600      230.755725439272
           112.9400     -7.8600      234.147036139811
           112.9500     -7.8600      234.815345651128
           112.9600     -7.8600      232.379755483213
           112.9700     -7.8600      226.626851359716
           112.9800     -7.8600      217.538917841876
           112.9900     -7.8600      205.304930700161
           113.0000     -7.8600      190.312914793955
           112.0000     -7.8700       25.838822132920
           112.0100     -7.8700       27.991471892915
           112.0200     -7.8700       30.494112163612
           112.0300     -7.8700       32.874515930192
           112.0400     -7.8700       34.723623691146
           112.0500     -7.8700       35.735494971619
           112.0600     -7.8700       35.738689154421
           112.0700     -7.8700       34.715219876389
           112.0800     -7.8700       32.804366380495
           112.0900     -7.8700       30.290152974372
           112.1000     -7.8700       27.573063400060
           112.1100     -7.8700       25.128343974333
           112.1200     -7.8700       23.454858144605
           112.1300     -7.8700       23.019687849869
           112.1400     -7.8700       24.204372417459
           112.1500     -7.8700       27.258729625908
           112.1600     -7.8700       32.267583921581
           112.1700     -7.8700       39.134479781474
           112.1800     -7.8700       47.584705411534
           112.1900     -7.8700       57.187878155613
           112.2000     -7.8700       67.398176166589
           112.2100     -7.8700       77.608286512208
           112.2200     -7.8700       87.211512378795
           112.2300     -7.8700       95.665436951337
           112.2400     -7.8700      102.550211738315
           112.2500     -7.8700      107.614975825779
           112.2600     -7.8700      110.807085637857
           112.2700     -7.8700      112.280623085620
           112.2800     -7.8700      112.382861765817
           112.2900     -7.8700      111.619762992609
           112.3000     -7.8700      110.603878886092
           112.3100     -7.8700      109.989998235557
           112.3200     -7.8700      110.405259086826
           112.3300     -7.8700      112.381109752646
           112.3400     -7.8700      116.294349072188
           112.3500     -7.8700      122.323530694576
           112.3600     -7.8700      130.425378817297
           112.3700     -7.8700      140.333716781216
           112.3800     -7.8700      151.580995594165
           112.3900     -7.8700      163.540097260043
           112.4000     -7.8700      175.481946977250
           112.4100     -7.8700      186.642835836645
           112.4200     -7.8700      196.294409127672
           112.4300     -7.8700      203.809112667447
           112.4400     -7.8700      208.714518269125
           112.4500     -7.8700      210.731286711419
           112.4600     -7.8700      209.791409632217
           112.4700     -7.8700      206.035577878239
           112.4800     -7.8700      199.790796909312
           112.4900     -7.8700      191.531450824566
           112.5000     -7.8700      181.828673776856
           112.5100     -7.8700      171.293943404120
           112.5200     -7.8700      160.523161898229
           112.5300     -7.8700      150.047117783041
           112.5400     -7.8700      140.293192110960
           112.5500     -7.8700      131.561629041983
           112.5600     -7.8700      124.017832152025
           112.5700     -7.8700      117.700205746882
           112.5800     -7.8700      112.541269673666
           112.5900     -7.8700      108.398346215282
           112.6000     -7.8700      105.089208181969
           112.6100     -7.8700      102.427779484173
           112.6200     -7.8700      100.255306542712
           112.6300     -7.8700       98.463306348337
           112.6400     -7.8700       97.005912301042
           112.6500     -7.8700       95.900799631972
           112.6600     -7.8700       95.219469667492
           112.6700     -7.8700       95.069098563493
           112.6800     -7.8700       95.569230480851
           112.6900     -7.8700       96.827185927541
           112.7000     -7.8700       98.916096859755
           112.7100     -7.8700      101.858977506939
           112.7200     -7.8700      105.621270986066
           112.7300     -7.8700      110.113013828706
           112.7400     -7.8700      115.200312480872
           112.7500     -7.8700      120.724424816992
           112.7600     -7.8700      126.525575589793
           112.7700     -7.8700      132.467865613141
           112.7800     -7.8700      138.461366432585
           112.7900     -7.8700      144.477765820013
           112.8000     -7.8700      150.556714474596
           112.8100     -7.8700      156.801223785937
           112.8200     -7.8700      163.361926787121
           112.8300     -7.8700      170.411552437639
           112.8400     -7.8700      178.112378251308
           112.8500     -7.8700      186.580532424538
           112.8600     -7.8700      195.851665143795
           112.8700     -7.8700      205.852606364039
           112.8800     -7.8700      216.383148319941
           112.8900     -7.8700      227.111080801119
           112.9000     -7.8700      237.582177240646
           112.9100     -7.8700      247.245144109659
           112.9200     -7.8700      255.489802147988
           112.9300     -7.8700      261.695172004621
           112.9400     -7.8700      265.282879726645
           112.9500     -7.8700      265.770531524448
           112.9600     -7.8700      262.819527930928
           112.9700     -7.8700      256.272222366190
           112.9800     -7.8700      246.174334479653
           112.9900     -7.8700      232.779994817748
           113.0000     -7.8700      216.538561888465
           112.0000     -7.8800       28.214126692797
           112.0100     -7.8800       30.575082290475
           112.0200     -7.8800       33.277720609728
           112.0300     -7.8800       35.848784754293
           112.0400     -7.8800       37.874061652307
           112.0500     -7.8800       39.039742218844
           112.0600     -7.8800       39.165648453322
           112.0700     -7.8800       38.226266037582
           112.0800     -7.8800       36.356618742964
           112.0900     -7.8800       33.841532014962
           112.1000     -7.8800       31.088600920137
           112.1100     -7.8800       28.587006919099
           112.1200     -7.8800       26.856006815282
           112.1300     -7.8800       26.388242319198
           112.1400     -7.8800       27.593819880676
           112.1500     -7.8800       30.751272686174
           112.1600     -7.8800       35.970995608732
           112.1700     -7.8800       43.175573439778
           112.1800     -7.8800       52.099713819148
           112.1900     -7.8800       62.310425951213
           112.2000     -7.8800       73.245878713587
           112.2100     -7.8800       84.269273599366
           112.2200     -7.8800       94.732319515502
           112.2300     -7.8800      104.041704015368
           112.2400     -7.8800      111.721466372612
           112.2500     -7.8800      117.464462106968
           112.2600     -7.8800      121.167149505642
           112.2700     -7.8800      122.943623413804
           112.2800     -7.8800      123.116991414963
           112.2900     -7.8800      122.188597580183
           112.3000     -7.8800      120.787984396589
           112.3100     -7.8800      119.608579568371
           112.3200     -7.8800      119.335666808896
           112.3300     -7.8800      120.574071601424
           112.3400     -7.8800      123.783065180129
           112.3500     -7.8800      129.225253099436
           112.3600     -7.8800      136.934749825496
           112.3700     -7.8800      146.707910333010
           112.3800     -7.8800      158.117519018694
           112.3900     -7.8800      170.548887518819
           112.4000     -7.8800      183.254055225695
           112.4100     -7.8800      195.418464537827
           112.4200     -7.8800      206.233290638327
           112.4300     -7.8800      214.966163225109
           112.4400     -7.8800      221.023359485942
           112.4500     -7.8800      223.997619404482
           112.4600     -7.8800      223.697400830614
           112.4700     -7.8800      220.155453200611
           112.4800     -7.8800      213.616806014608
           112.4900     -7.8800      204.508390406018
           112.5000     -7.8800      193.394306458657
           112.5100     -7.8800      180.922026906355
           112.5200     -7.8800      167.765466348186
           112.5300     -7.8800      154.570798934030
           112.5400     -7.8800      141.910212455974
           112.5500     -7.8800      130.247553140048
           112.5600     -7.8800      119.918212369564
           112.5700     -7.8800      111.123840157329
           112.5800     -7.8800      103.940757365956
           112.5900     -7.8800       98.339480650460
           112.6000     -7.8800       94.211732326234
           112.6100     -7.8800       91.400785123224
           112.6200     -7.8800       89.731023401206
           112.6300     -7.8800       89.033151350320
           112.6400     -7.8800       89.162444617989
           112.6500     -7.8800       90.008675312742
           112.6600     -7.8800       91.497663710801
           112.6700     -7.8800       93.585640893291
           112.6800     -7.8800       96.248581788442
           112.6900     -7.8800       99.469264427724
           112.7000     -7.8800      103.224960494425
           112.7100     -7.8800      107.478359136123
           112.7200     -7.8800      112.173627478126
           112.7300     -7.8800      117.238527817821
           112.7400     -7.8800      122.592391560530
           112.7500     -7.8800      128.158659588437
           112.7600     -7.8800      133.879798986048
           112.7700     -7.8800      139.731831271068
           112.7800     -7.8800      145.735547163884
           112.7900     -7.8800      151.961770282278
           112.8000     -7.8800      158.528738285763
           112.8100     -7.8800      165.590708158286
           112.8200     -7.8800      173.318128701620
           112.8300     -7.8800      181.870994263917
           112.8400     -7.8800      191.368126916042
           112.8500     -7.8800      201.855971126403
           112.8600     -7.8800      213.280901444695
           112.8700     -7.8800      225.468966870385
           112.8800     -7.8800      238.116413826882
           112.8900     -7.8800      250.793295153207
           112.9000     -7.8800      262.961095701391
           112.9100     -7.8800      274.003741842742
           112.9200     -7.8800      283.269795078866
           112.9300     -7.8800      290.122246366648
           112.9400     -7.8800      293.991296930706
           112.9500     -7.8800      294.424963634352
           112.9600     -7.8800      291.132357836157
           112.9700     -7.8800      284.015067029562
           112.9800     -7.8800      273.183163165198
           112.9900     -7.8800      258.953855045175
           113.0000     -7.8800      241.832532491487
           112.0000     -7.8900       30.548235386664
           112.0100     -7.8900       33.063797204358
           112.0200     -7.8900       35.915763879310
           112.0300     -7.8900       38.636543759898
           112.0400     -7.8900       40.812062003007
           112.0500     -7.8900       42.124067539951
           112.0600     -7.8900       42.384909726459
           112.0700     -7.8900       41.560546695928
           112.0800     -7.8900       39.778586705855
           112.0900     -7.8900       37.319639466394
           112.1000     -7.8900       34.592015901709
           112.1100     -7.8900       32.091669704109
           112.1200     -7.8900       30.351009998523
           112.1300     -7.8900       29.881623750129
           112.1400     -7.8900       31.116851318374
           112.1500     -7.8900       34.360432994121
           112.1600     -7.8900       39.747031535039
           112.1700     -7.8900       47.219356624945
           112.1800     -7.8900       56.524970715562
           112.1900     -7.8900       67.233809397234
           112.2000     -7.8900       78.775221835041
           112.2100     -7.8900       90.491173371826
           112.2200     -7.8900      101.700397734484
           112.2300     -7.8900      111.766955795805
           112.2400     -7.8900      120.166012316867
           112.2500     -7.8900      126.539768118211
           112.2600     -7.8900      130.737383867842
           112.2700     -7.8900      132.834317376990
           112.2800     -7.8900      133.128604836635
           112.2900     -7.8900      132.114023032595
           112.3000     -7.8900      130.432513711560
           112.3100     -7.8900      128.810465878071
           112.3200     -7.8900      127.985193490382
           112.3300     -7.8900      128.629022692586
           112.3400     -7.8900      131.278695413095
           112.3500     -7.8900      136.277272562495
           112.3600     -7.8900      143.734438095069
           112.3700     -7.8900      153.509206258198
           112.3800     -7.8900      165.216727049735
           112.3900     -7.8900      178.258421162977
           112.4000     -7.8900      191.872322094239
           112.4100     -7.8900      205.198510721636
           112.4200     -7.8900      217.353104137251
           112.4300     -7.8900      227.503547216171
           112.4400     -7.8900      234.938012699879
           112.4500     -7.8900      239.122517526045
           112.4600     -7.8900      239.740802260770
           112.4700     -7.8900      236.713921776888
           112.4800     -7.8900      230.198637799295
           112.4900     -7.8900      220.565847046929
           112.5000     -7.8900      208.362190311676
           112.5100     -7.8900      194.259470540474
           112.5200     -7.8900      178.997420705309
           112.5300     -7.8900      163.325634397463
           112.5400     -7.8900      147.950109210666
           112.5500     -7.8900      133.488933077760
           112.5600     -7.8900      120.440305084371
           112.5700     -7.8900      109.164504517114
           112.5800     -7.8900       99.879802688148
           112.5900     -7.8900       92.670842533154
           112.6000     -7.8900       87.506852776328
           112.6100     -7.8900       84.266330408190
           112.6200     -7.8900       82.764571522257
           112.6300     -7.8900       82.780646916475
           112.6400     -7.8900       84.081036811487
           112.6500     -7.8900       86.438042573574
           112.6600     -7.8900       89.642136269597
           112.6700     -7.8900       93.508435464301
           112.6800     -7.8900       97.878356723706
           112.6900     -7.8900      102.618093164708
           112.7000     -7.8900      107.615810277091
           112.7100     -7.8900      112.779344067026
           112.7200     -7.8900      118.035753596734
           112.7300     -7.8900      123.333410179771
           112.7400     -7.8900      128.646515596875
           112.7500     -7.8900      133.981165971629
           112.7600     -7.8900      139.381447750852
           112.7700     -7.8900      144.933677225645
           112.7800     -7.8900      150.766847409876
           112.7900     -7.8900      157.047650042620
           112.8000     -7.8900      163.969068156804
           112.8100     -7.8900      171.732409301743
           112.8200     -7.8900      180.523655264361
           112.8300     -7.8900      190.486001282757
           112.8400     -7.8900      201.691301362004
           112.8500     -7.8900      214.113695910736
           112.8600     -7.8900      227.608875543723
           112.8700     -7.8900      241.902179147561
           112.8800     -7.8900      256.588038605607
           112.8900     -7.8900      271.142226414931
           112.9000     -7.8900      284.947045400194
           112.9100     -7.8900      297.328169049392
           112.9200     -7.8900      307.600463984515
           112.9300     -7.8900      315.118969809158
           112.9400     -7.8900      319.330422196982
           112.9500     -7.8900      319.820389429129
           112.9600     -7.8900      316.351304334522
           112.9700     -7.8900      308.887405768359
           112.9800     -7.8900      297.603788560483
           112.9900     -7.8900      282.878276755702
           113.0000     -7.8900      265.266520397332
           112.0000     -7.9000       32.889194433391
           112.0100     -7.9000       35.495908104043
           112.0200     -7.9000       38.439120530471
           112.0300     -7.9000       41.263185837451
           112.0400     -7.9000       43.559107538564
           112.0500     -7.9000       45.007304949594
           112.0600     -7.9000       45.413610894060
           112.0700     -7.9000       44.734120836499
           112.0800     -7.9000       43.085477374618
           112.0900     -7.9000       40.738595131283
           112.1000     -7.9000       38.095566518313
           112.1100     -7.9000       35.651351140943
           112.1200     -7.9000       33.943629635593
           112.1300     -7.9000       33.495686050229
           112.1400     -7.9000       34.758186884590
           112.1500     -7.9000       38.056113690349
           112.1600     -7.9000       43.546810195222
           112.1700     -7.9000       51.194131553837
           112.1800     -7.9000       60.762118169155
           112.1900     -7.9000       71.829615868799
           112.2000     -7.9000       83.825038849667
           112.2100     -7.9000       96.078264042961
           112.2200     -7.9000      107.884702098721
           112.2300     -7.9000      118.575133884678
           112.2400     -7.9000      127.584105219124
           112.2500     -7.9000      134.509638946694
           112.2600     -7.9000      139.157771439468
           112.2700     -7.9000      141.566882332369
           112.2800     -7.9000      142.008813592303
           112.2900     -7.9000      140.966154114324
           112.3000     -7.9000      139.087544917032
           112.3100     -7.9000      137.125170600056
           112.3200     -7.9000      135.860494748381
           112.3300     -7.9000      136.025564988492
           112.3400     -7.9000      138.227719850263
           112.3500     -7.9000      142.885220081869
           112.3600     -7.9000      150.180236270384
           112.3700     -7.9000      160.033872021953
           112.3800     -7.9000      172.105678042013
           112.3900     -7.9000      185.817656984384
           112.4000     -7.9000      200.400333827388
           112.4100     -7.9000      214.956326564131
           112.4200     -7.9000      228.535216695978
           112.4300     -7.9000      240.212548996214
           112.4400     -7.9000      249.165570334593
           112.4500     -7.9000      254.738849841452
           112.4600     -7.9000      256.494127802412
           112.4700     -7.9000      254.240468609913
           112.4800     -7.9000      248.042842604455
           112.4900     -7.9000      238.209404176916
           112.5000     -7.9000      225.259739803107
           112.5100     -7.9000      209.878025532366
           112.5200     -7.9000      192.856201713698
           112.5300     -7.9000      175.032849110949
           112.5400     -7.9000      157.233411402815
           112.5500     -7.9000      140.216800685405
           112.5600     -7.9000      124.632352278866
           112.5700     -7.9000      110.989715373758
           112.5800     -7.9000       99.642754077888
           112.5900     -7.9000       90.787068774726
           112.6000     -7.9000       84.469490572273
           112.6100     -7.9000       80.606974678066
           112.6200     -7.9000       79.011794332896
           112.6300     -7.9000       79.419832231889
           112.6400     -7.9000       81.519043815891
           112.6500     -7.9000       84.975743520647
           112.6600     -7.9000       89.457126560655
           112.6700     -7.9000       94.649256508633
           112.6800     -7.9000      100.270498550522
           112.6900     -7.9000      106.080956900256
           112.7000     -7.9000      111.888814105874
           112.7100     -7.9000      117.554544071477
           112.7200     -7.9000      122.993797966483
           112.7300     -7.9000      128.179400733732
           112.7400     -7.9000      133.142432899427
           112.7500     -7.9000      137.971910180018
           112.7600     -7.9000      142.812213230088
           112.7700     -7.9000      147.857246080201
           112.7800     -7.9000      153.340368408247
           112.7900     -7.9000      159.519468634647
           112.8000     -7.9000      166.657094376517
           112.8100     -7.9000      174.996266952726
           112.8200     -7.9000      184.733379437588
           112.8300     -7.9000      195.990297665460
           112.8400     -7.9000      208.788333580763
           112.8500     -7.9000      223.027038750281
           112.8600     -7.9000      238.470701595478
           112.8700     -7.9000      254.744995890888
           112.8800     -7.9000      271.345439444197
           112.8900     -7.9000      287.658247865267
           112.9000     -7.9000      302.992917800889
           112.9100     -7.9000      316.624585264323
           112.9200     -7.9000      327.843029086749
           112.9300     -7.9000      336.004272903215
           112.9400     -7.9000      340.580203336512
           112.9500     -7.9000      341.201549127148
           112.9600     -7.9000      337.689986534841
           112.9700     -7.9000      330.076024424252
           112.9800     -7.9000      318.600596910200
           112.9900     -7.9000      303.699824227193
           113.0000     -7.9000      285.974032699091
           112.0000     -7.9100       35.277858754618
           112.0100     -7.9100       37.905104572593
           112.0200     -7.9100       40.876280724699
           112.0300     -7.9100       43.753398125818
           112.0400     -7.9100       46.137019980096
           112.0500     -7.9100       47.708987161561
           112.0600     -7.9100       48.269283799084
           112.0700     -7.9100       47.762560768992
           112.0800     -7.9100       46.290706707269
           112.0900     -7.9100       44.109203430602
           112.1000     -7.9100       41.606691750196
           112.1100     -7.9100       39.269023916440
           112.1200     -7.9100       37.630882388821
           112.1300     -7.9100       37.219589818409
           112.1400     -7.9100       38.496832086158
           112.1500     -7.9100       41.804519714444
           112.1600     -7.9100       47.320841062993
           112.1700     -7.9100       55.031706541691
           112.1800     -7.9100       64.721317861685
           112.1900     -7.9100       75.983663499659
           112.2000     -7.9100       88.254542046248
           112.2100     -7.9100      100.861485867594
           112.2200     -7.9100      113.086945103848
           112.2300     -7.9100      124.238524744317
           112.2400     -7.9100      133.719128999689
           112.2500     -7.9100      141.089674777665
           112.2600     -7.9100      146.117626406760
           112.2700     -7.9100      148.805927452318
           112.2800     -7.9100      149.398831499203
           112.2900     -7.9100      148.363463212829
           112.3000     -7.9100      146.348428578628
           112.3100     -7.9100      144.123174328556
           112.3200     -7.9100      142.503816456623
           112.3300     -7.9100      142.272599804116
           112.3400     -7.9100      144.098860468338
           112.3500     -7.9100      148.469264843140
           112.3600     -7.9100      155.634205145400
           112.3700     -7.9100      165.575638395535
           112.3800     -7.9100      177.999535148978
           112.3900     -7.9100      192.353681560858
           112.4000     -7.9100      207.869108594636
           112.4100     -7.9100      223.621161315239
           112.4200     -7.9100      238.604398232965
           112.4300     -7.9100      251.814303198198
           112.4400     -7.9100      262.328308429370
           112.4500     -7.9100      269.378895357115
           112.4600     -7.9100      272.412508128657
           112.4700     -7.9100      271.129558625591
           112.4800     -7.9100      265.502741264122
           112.4900     -7.9100      255.772995821768
           112.5000     -7.9100      242.424532739919
           112.5100     -7.9100      226.142159039250
           112.5200     -7.9100      207.755543261728
           112.5300     -7.9100      188.175918695809
           112.5400     -7.9100      168.330994353154
           112.5500     -7.9100      149.103538400437
           112.5600     -7.9100      131.278295702280
           112.5700     -7.9100      115.500724927243
           112.5800     -7.9100      102.249647286114
           112.5900     -7.9100       91.824455047408
           112.6000     -7.9100       84.346190579881
           112.6100     -7.9100       79.770705537980
           112.6200     -7.9100       77.911334075879
           112.6300     -7.9100       78.468104886371
           112.6400     -7.9100       81.060466971351
           112.6500     -7.9100       85.260762741445
           112.6600     -7.9100       90.626166242531
           112.6700     -7.9100       96.727412737481
           112.6800     -7.9100      103.173274734450
           112.6900     -7.9100      109.630297457039
           112.7000     -7.9100      115.837726875150
           112.7100     -7.9100      121.617811342906
           112.7200     -7.9100      126.881734209894
           112.7300     -7.9100      131.631372267634
           112.7400     -7.9100      135.956930930611
           112.7500     -7.9100      140.030352404436
           112.7600     -7.9100      144.094298951461
           112.7700     -7.9100      148.446538464768
           112.7800     -7.9100      153.419739385156
           112.7900     -7.9100      159.357021616422
           112.8000     -7.9100      166.584081775884
           112.8100     -7.9100      175.379257060053
           112.8200     -7.9100      185.943431908695
           112.8300     -7.9100      198.372134088858
           112.8400     -7.9100      212.632422843978
           112.8500     -7.9100      228.547168834360
           112.8600     -7.9100      245.789019905823
           112.8700     -7.9100      263.885731964441
           112.8800     -7.9100      282.237655648915
           112.8900     -7.9100      300.147082324654
           112.9000     -7.9100      316.857975337848
           112.9100     -7.9100      331.603473657649
           112.9200     -7.9100      343.657589942612
           112.9300     -7.9100      352.386857603871
           112.9400     -7.9100      357.297408332051
           112.9500     -7.9100      358.073138953127
           112.9600     -7.9100      354.601261079816
           112.9700     -7.9100      346.982573027462
           112.9800     -7.9100      335.525155860003
           112.9900     -7.9100      320.721739419601
           113.0000     -7.9100      303.212549675871
           112.0000     -7.9200       37.740693249921
           112.0100     -7.9200       40.314173605498
           112.0200     -7.9200       43.247731574948
           112.0300     -7.9200       46.126066183203
           112.0400     -7.9200       48.563259392049
           112.0500     -7.9200       50.244958440994
           112.0600     -7.9200       50.965738120130
           112.0700     -7.9200       50.657101634198
           112.0800     -7.9200       49.402343433168
           112.0900     -7.9200       47.435752131221
           112.1000     -7.9200       45.125254013712
           112.1100     -7.9200       42.939415722659
           112.1200     -7.9200       41.401535730317
           112.1300     -7.9200       41.035147501997
           112.1400     -7.9200       42.306438972202
           112.1500     -7.9200       45.569709544683
           112.1600     -7.9200       51.021943362721
           112.1700     -7.9200       58.671854717204
           112.1800     -7.9200       68.327414064122
           112.1900     -7.9200       79.604020156556
           112.2000     -7.9200       91.953334415543
           112.2100     -7.9200      104.710567102570
           112.2200     -7.9200      117.155945222958
           112.2300     -7.9200      128.584430943832
           112.2400     -7.9200      138.376689181504
           112.2500     -7.9200      146.063954943601
           112.2600     -7.9200      151.379878779229
           112.2700     -7.9200      154.293601618372
           112.2800     -7.9200      155.020115533222
           112.2900     -7.9200      154.006221149117
           112.3000     -7.9200      151.892861305720
           112.3100     -7.9200      149.457034469939
           112.3200     -7.9200      147.538613749585
           112.3300     -7.9200      146.958992812479
           112.3400     -7.9200      148.439379175983
           112.3500     -7.9200      152.526663148384
           112.3600     -7.9200      159.534096565767
           112.3700     -7.9200      169.502593861574
           112.3800     -7.9200      182.186469741549
           112.3900     -7.9200      197.065062831616
           112.4000     -7.9200      213.379208909744
           112.4100     -7.9200      230.189175257760
           112.4200     -7.9200      246.448685035929
           112.4300     -7.9200      261.088239479011
           112.4400     -7.9200      273.100215018757
           112.4500     -7.9200      281.618225742002
           112.4600     -7.9200      285.983973725224
           112.4700     -7.9200      285.796162127948
           112.4800     -7.9200      280.937859643289
           112.4900     -7.9200      271.580780333945
           112.5000     -7.9200      258.167062683133
           112.5100     -7.9200      241.371084964123
           112.5200     -7.9200      222.045458635464
           112.5300     -7.9200      201.156462041096
           112.5400     -7.9200      179.714736514377
           112.5500     -7.9200      158.707052588333
           112.5600     -7.9200      139.034412394449
           112.5700     -7.9200      121.460783449138
           112.5800     -7.9200      106.575493110440
           112.5900     -7.9200       94.770904685451
           112.6000     -7.9200       86.235597865977
           112.6100     -7.9200       80.962022789331
           112.6200     -7.9200       78.766592312829
           112.6300     -7.9200       79.319484863470
           112.6400     -7.9200       82.181071277378
           112.6500     -7.9200       86.841833769612
           112.6600     -7.9200       92.762861094331
           112.6700     -7.9200       99.414406805528
           112.6800     -7.9200      106.310504171947
           112.6900     -7.9200      113.038162529971
           112.7000     -7.9200      119.280161327444
           112.7100     -7.9200      124.830867942052
           112.7200     -7.9200      129.604817540746
           112.7300     -7.9200      133.638016574526
           112.7400     -7.9200      137.082094448171
           112.7500     -7.9200      140.191570422922
           112.7600     -7.9200      143.304666497337
           112.7700     -7.9200      146.818315232657
           112.7800     -7.9200      151.158301103851
           112.7900     -7.9200      156.745829984439
           112.8000     -7.9200      163.962215503718
           112.8100     -7.9200      173.113754298797
           112.8200     -7.9200      184.399171572491
           112.8300     -7.9200      197.882186236807
           112.8400     -7.9200      213.471710178094
           112.8500     -7.9200      230.911915351510
           112.8600     -7.9200      249.783858993042
           112.8700     -7.9200      269.519567814455
           112.8800     -7.9200      289.428498106175
           112.8900     -7.9200      308.735193568484
           112.9000     -7.9200      326.625863902555
           112.9100     -7.9200      342.300624683605
           112.9200     -7.9200      355.027391059240
           112.9300     -7.9200      364.193005927936
           112.9400     -7.9200      369.347178502186
           112.9500     -7.9200      370.235241272745
           112.9600     -7.9200      366.816584513525
           112.9700     -7.9200      359.266831474349
           112.9800     -7.9200      347.963265080178
           112.9900     -7.9200      333.454566619399
           113.0000     -7.9200      316.417419430103
           112.0000     -7.9300       40.284449575645
           112.0100     -7.9300       42.730258872608
           112.0200     -7.9300       45.561636948050
           112.0300     -7.9300       48.390257265229
           112.0400     -7.9300       50.847135348148
           112.0500     -7.9300       52.623775113838
           112.0600     -7.9300       53.509644800709
           112.0700     -7.9300       53.421428489317
           112.0800     -7.9300       52.420143022905
           112.0900     -7.9300       50.713354746636
           112.1000     -7.9300       48.641266249815
           112.1100     -7.9300       46.647208930485
           112.1200     -7.9300       45.234877102350
           112.1300     -7.9300       44.916265612591
           112.1400     -7.9300       46.155529477027
           112.1500     -7.9300       49.314710173414
           112.1600     -7.9300       54.607363642987
           112.1700     -7.9300       62.065543836284
           112.1800     -7.9300       71.524382605546
           112.1900     -7.9300       82.626774999051
           112.2000     -7.9300       94.848603977244
           112.2100     -7.9300      107.542739533677
           112.2200     -7.9300      119.997963413191
           112.2300     -7.9300      131.507234610425
           112.2400     -7.9300      141.438522043283
           112.2500     -7.9300      149.300932527776
           112.2600     -7.9300      154.799124581441
           112.2700     -7.9300      157.870009706490
           112.2800     -7.9300      158.697408820044
           112.2900     -7.9300      157.702486118990
           112.3000     -7.9300      155.510204762723
           112.3100     -7.9300      152.894486212176
           112.3200     -7.9300      150.706952169210
           112.3300     -7.9300      149.795853364209
           112.3400     -7.9300      150.922860904447
           112.3500     -7.9300      154.685700545366
           112.3600     -7.9300      161.454116118318
           112.3700     -7.9300      171.325407461475
           112.3800     -7.9300      184.103930294871
           112.3900     -7.9300      199.306663315172
           112.4000     -7.9300      216.194475760597
           112.4100     -7.9300      233.826317273486
           112.4200     -7.9300      251.131440740055
           112.4300     -7.9300      266.993161685476
           112.4400     -7.9300      280.336701997893
           112.4500     -7.9300      290.213438034088
           112.4600     -7.9300      295.874373943113
           112.4700     -7.9300      296.826816945678
           112.4800     -7.9300      292.869905585848
           112.4900     -7.9300      284.106651443751
           112.5000     -7.9300      270.932291062122
           112.5100     -7.9300      254.000797279682
           112.5200     -7.9300      234.173177061898
           112.5300     -7.9300      212.452534246712
           112.5400     -7.9300      189.911700554388
           112.5500     -7.9300      167.619496121368
           112.5600     -7.9300      146.571390332615
           112.5700     -7.9300      127.629566245530
           112.5800     -7.9300      111.476259755845
           112.5900     -7.9300       98.582885654312
           112.6000     -7.9300       89.196023102137
           112.6100     -7.9300       83.339951026917
           112.6200     -7.9300       80.834215717073
           112.6300     -7.9300       81.323762659741
           112.6400     -7.9300       84.318519428844
           112.6500     -7.9300       89.238985886662
           112.6600     -7.9300       95.464348982461
           112.6700     -7.9300      102.379844067998
           112.6800     -7.9300      109.420470287962
           112.6900     -7.9300      116.108667617259
           112.7000     -7.9300      122.084116481771
           112.7100     -7.9300      127.124379459345
           112.7200     -7.9300      131.155637089629
           112.7300     -7.9300      134.253262563061
           112.7400     -7.9300      136.632433943399
           112.7500     -7.9300      138.629407899548
           112.7600     -7.9300      140.674488563314
           112.7700     -7.9300      143.258127638871
           112.7800     -7.9300      146.891985734081
           112.7900     -7.9300      152.067154952596
           112.8000     -7.9300      159.212059878356
           112.8100     -7.9300      168.652777607641
           112.8200     -7.9300      180.578601059302
           112.8300     -7.9300      195.015568999039
           112.8400     -7.9300      211.810367267012
           112.8500     -7.9300      230.626453732177
           112.8600     -7.9300      250.953484997541
           112.8700     -7.9300      272.130165112245
           112.8800     -7.9300      293.379563132000
           112.8900     -7.9300      313.854848730040
           112.9000     -7.9300      332.692379984673
           112.9100     -7.9300      349.068255669969
           112.9200     -7.9300      362.253917350715
           112.9300     -7.9300      371.666233423109
           112.9400     -7.9300      376.907763131359
           112.9500     -7.9300      377.793586608644
           112.9600     -7.9300      374.362154499877
           112.9700     -7.9300      366.868971068307
           112.9800     -7.9300      355.763454302661
           112.9900     -7.9300      341.650866876831
           113.0000     -7.9300      325.242624845294
           112.0000     -7.9400       42.893531658721
           112.0100     -7.9400       45.142412136146
           112.0200     -7.9400       47.811478600059
           112.0300     -7.9400       50.542896955020
           112.0400     -7.9400       52.987501032560
           112.0500     -7.9400       54.844428387777
           112.0600     -7.9400       55.898320739137
           112.0700     -7.9400       56.049570743357
           112.0800     -7.9400       55.333608024908
           112.0900     -7.9400       53.926235864862
           112.1000     -7.9400       52.133460244220
           112.1100     -7.9400       50.365946173559
           112.1200     -7.9400       49.100005976190
           112.1300     -7.9400       48.828667213215
           112.1400     -7.9400       50.007687730639
           112.1500     -7.9400       53.002215420891
           112.1600     -7.9400       58.040014817988
           112.1700     -7.9400       65.176751327970
           112.1800     -7.9400       74.277759925635
           112.1900     -7.9400       85.019124608031
           112.2000     -7.9400       96.908917721585
           112.2100     -7.9400      109.327301641261
           112.2200     -7.9400      121.582111174127
           112.2300     -7.9400      132.974744621440
           112.2400     -7.9400      142.869898888208
           112.2500     -7.9400      150.762043275802
           112.2600     -7.9400      156.331623138984
           112.2700     -7.9400      159.484824971838
           112.2800     -7.9400      160.372244445072
           112.2900     -7.9400      159.383830594035
           112.3000     -7.9400      157.119826769869
           112.3100     -7.9400      154.339850031155
           112.3200     -7.9400      151.894493290477
           112.3300     -7.9400      150.645663929720
           112.3400     -7.9400      151.383096578962
           112.3500     -7.9400      154.744967393687
           112.3600     -7.9400      161.150240421664
           112.3700     -7.9400      170.749323512712
           112.3800     -7.9400      183.397909901402
           112.3900     -7.9400      198.656706267888
           112.4000     -7.9400      215.817319704009
           112.4100     -7.9400      233.952138352625
           112.4200     -7.9400      251.983834199716
           112.4300     -7.9400      268.768354059910
           112.4400     -7.9400      283.184109085252
           112.4500     -7.9400      294.219621876210
           112.4600     -7.9400      301.052167939882
           112.4700     -7.9400      303.110905948041
           112.4800     -7.9400      300.119514531678
           112.4900     -7.9400      292.115276556386
           112.5000     -7.9400      279.443677317988
           112.5100     -7.9400      262.729702963978
           112.5200     -7.9400      242.828943170734
           112.5300     -7.9400      220.763151879970
           112.5400     -7.9400      197.645981519242
           112.5500     -7.9400      174.605114140366
           112.5600     -7.9400      152.706959287519
           112.5700     -7.9400      132.889518979355
           112.5800     -7.9400      115.908025575957
           112.5900     -7.9400      102.296660843080
           112.6000     -7.9400       92.348202990882
           112.6100     -7.9400       86.111962463861
           112.6200     -7.9400       83.408983193666
           112.6300     -7.9400       83.862306044436
           112.6400     -7.9400       86.939186138726
           112.6500     -7.9400       92.001562580767
           112.6600     -7.9400       98.360802375219
           112.6700     -7.9400      105.332757369745
           112.6800     -7.9400      112.289441289833
           112.6900     -7.9400      118.704099513298
           112.7000     -7.9400      124.187050187408
           112.7100     -7.9400      128.510368388572
           112.7200     -7.9400      131.620220341163
           112.7300     -7.9400      133.636397605234
           112.7400     -7.9400      134.839326676076
           112.7500     -7.9400      135.645519765365
           112.7600     -7.9400      136.573073070765
           112.7700     -7.9400      138.199394214789
           112.7800     -7.9400      141.113831315014
           112.7900     -7.9400      145.868257196597
           112.8000     -7.9400      152.928903223338
           112.8100     -7.9400      162.632805318682
           112.8200     -7.9400      175.152089509806
           112.8300     -7.9400      190.468963674363
           112.8400     -7.9400      208.363688753207
           112.8500     -7.9400      228.416989441269
           112.8600     -7.9400      250.027368079572
           112.8700     -7.9400      272.442667571556
           112.8800     -7.9400      294.804073063405
           112.8900     -7.9400      316.199647190088
           112.9000     -7.9400      335.723565979230
           112.9100     -7.9400      352.536563582251
           112.9200     -7.9400      365.922788773343
           112.9300     -7.9400      375.338381433046
           112.9400     -7.9400      380.447612517299
           112.9500     -7.9400      381.143372898496
           112.9600     -7.9400      377.550077650364
           112.9700     -7.9400      370.008565740966
           112.9800     -7.9400      359.044182866534
           112.9900     -7.9400      345.320781955889
           113.0000     -7.9400      329.584704889250
           112.0000     -7.9500       45.530530195729
           112.0100     -7.9500       47.521885862463
           112.0200     -7.9500       49.976086026906
           112.0300     -7.9500       52.568551623193
           112.0400     -7.9500       54.972331924633
           112.0500     -7.9500       56.895781962647
           112.0600     -7.9500       58.119097642996
           112.0700     -7.9500       58.525275212809
           112.0800     -7.9500       58.121431112983
           112.0900     -7.9500       57.047296702968
           112.1000     -7.9500       55.569009848052
           112.1100     -7.9500       54.057927117973
           112.1200     -7.9500       52.955900957397
           112.1300     -7.9500       52.730109103958
           112.1400     -7.9500       53.821893606809
           112.1500     -7.9500       56.594993342821
           112.1600     -7.9500       61.288911474977
           112.1700     -7.9500       67.982883644203
           112.1800     -7.9500       76.575010150999
           112.1900     -7.9500       86.779664087448
           112.2000     -7.9500       98.144430224251
           112.2100     -7.9500      110.085759463752
           112.2200     -7.9500      121.940463266100
           112.2300     -7.9500      133.028348986372
           112.2400     -7.9500      142.719917310682
           112.2500     -7.9500      150.502269612845
           112.2600     -7.9500      156.036305690394
           112.2700     -7.9500      159.198955486577
           112.2800     -7.9500      160.105527660252
           112.2900     -7.9500      159.109144897366
           112.3000     -7.9500      156.776481641472
           112.3100     -7.9500      153.841394779047
           112.3200     -7.9500      151.140296020997
           112.3300     -7.9500      149.535020923227
           112.3400     -7.9500      149.830304000897
           112.3500     -7.9500      152.693629548576
           112.3600     -7.9500      158.585123009079
           112.3700     -7.9500      167.704286728005
           112.3800     -7.9500      179.958853201422
           112.3900     -7.9500      194.958983011592
           112.4000     -7.9500      212.037679169442
           112.4100     -7.9500      230.295859102118
           112.4200     -7.9500      248.668258732577
           112.4300     -7.9500      266.004458100913
           112.4400     -7.9500      281.157990341023
           112.4500     -7.9500      293.075841706370
           112.4600     -7.9500      300.880716356023
           112.4700     -7.9500      303.939200356039
           112.4800     -7.9500      301.910322505198
           112.4900     -7.9500      294.770827836997
           112.5000     -7.9500      282.815567762545
           112.5100     -7.9500      266.633565928087
           112.5200     -7.9500      247.062341475062
           112.5300     -7.9500      225.124784945400
           112.5400     -7.9500      201.954148951857
           112.5500     -7.9500      178.713448262845
           112.5600     -7.9500      156.515729532919
           112.5700     -7.9500      136.351291118991
           112.5800     -7.9500      119.027077647902
           112.5900     -7.9500      105.122248748265
           112.6000     -7.9500       94.962456748761
           112.6100     -7.9500       88.613803338632
           112.6200     -7.9500       85.895914447140
           112.6300     -7.9500       86.412193446671
           112.6400     -7.9500       89.594177325193
           112.6500     -7.9500       94.756090479124
           112.6600     -7.9500      101.155196573111
           112.6700     -7.9500      108.053391642496
           112.6800     -7.9500      114.775638086008
           112.6900     -7.9500      120.761268265474
           112.7000     -7.9500      125.604835827830
           112.7100     -7.9500      129.084005476200
           112.7200     -7.9500      131.172890744470
           112.7300     -7.9500      132.040220726003
           112.7400     -7.9500      132.032691812618
           112.7500     -7.9500      131.644795165004
           112.7600     -7.9500      131.477264387207
           112.7700     -7.9500      132.187022612257
           112.7800     -7.9500      134.432087333168
           112.7900     -7.9500      138.815279916780
           112.8000     -7.9500      145.830753103281
           112.8100     -7.9500      155.817268329508
           112.8200     -7.9500      168.921809950094
           112.8300     -7.9500      185.076514509981
           112.8400     -7.9500      203.991038041397
           112.8500     -7.9500      225.161422491067
           112.8600     -7.9500      247.895315926385
           112.8700     -7.9500      271.352132915695
           112.8800     -7.9500      294.595510120929
           112.8900     -7.9500      316.654324654252
           112.9000     -7.9500      336.587704509837
           112.9100     -7.9500      353.548964014434
           112.9200     -7.9500      366.843311457569
           112.9300     -7.9500      375.974535899838
           112.9400     -7.9500      380.676679989656
           112.9500     -7.9500      380.927896090473
           112.9600     -7.9500      376.945172646016
           112.9700     -7.9500      369.160279348964
           112.9800     -7.9500      358.178961509109
           112.9900     -7.9500      344.726954061473
           113.0000     -7.9500      329.587628376974
           112.0000     -7.9600       48.140005585317
           112.0100     -7.9600       49.825264451931
           112.0200     -7.9600       52.022172937293
           112.0300     -7.9600       54.441455775601
           112.0400     -7.9600       56.780348379230
           112.0500     -7.9600       58.757901881091
           112.0600     -7.9600       60.150467689079
           112.0700     -7.9600       60.823062238699
           112.0800     -7.9600       60.752533623255
           112.0900     -7.9600       60.039178788788
           112.1000     -7.9600       58.904629407625
           112.1100     -7.9600       57.675317095500
           112.1200     -7.9600       56.752481707276
           112.1300     -7.9600       56.571312049444
           112.1400     -7.9600       57.553214575315
           112.1500     -7.9600       60.056219166313
           112.1600     -7.9600       64.329018141428
           112.1700     -7.9600       70.474017688018
           112.1800     -7.9600       78.424049431533
           112.1900     -7.9600       87.936103358377
           112.2000     -7.9600       98.603726344901
           112.2100     -7.9600      109.887760179449
           112.2200     -7.9600      121.163079861754
           112.2300     -7.9600      131.777158331480
           112.2400     -7.9600      141.114834684528
           112.2500     -7.9600      148.662768840679
           112.2600     -7.9600      154.066838805787
           112.2700     -7.9600      157.176218823513
           112.2800     -7.9600      158.069033293917
           112.2900     -7.9600      157.056204352531
           112.3000     -7.9600      154.662229950845
           112.3100     -7.9600      151.583929075067
           112.3200     -7.9600      148.630434626838
           112.3300     -7.9600      146.649669377026
           112.3400     -7.9600      146.448001822887
           112.3500     -7.9600      148.710592696699
           112.3600     -7.9600      153.930021974845
           112.3700     -7.9600      162.350118928858
           112.3800     -7.9600      173.930568989724
           112.3900     -7.9600      188.335975076497
           112.4000     -7.9600      204.950796215907
           112.4100     -7.9600      222.919195738004
           112.4200     -7.9600      241.206538943891
           112.4300     -7.9600      258.677306531306
           112.4400     -7.9600      274.182720430435
           112.4500     -7.9600      286.650544900541
           112.4600     -7.9600      295.169394419513
           112.4700     -7.9600      299.060447775398
           112.4800     -7.9600      297.930664249845
           112.4900     -7.9600      291.703294413562
           112.5000     -7.9600      280.623503473962
           112.5100     -7.9600      265.239083709445
           112.5200     -7.9600      246.358324604828
           112.5300     -7.9600      224.988950636152
           112.5400     -7.9600      202.263475315780
           112.5500     -7.9600      179.357249071201
           112.5600     -7.9600      157.405842944742
           112.5700     -7.9600      137.428208906136
           112.5800     -7.9600      120.261339687534
           112.5900     -7.9600      106.511007009663
           112.6000     -7.9600       96.521707329384
           112.6100     -7.9600       90.367325748387
           112.6200     -7.9600       87.862381259777
           112.6300     -7.9600       88.592170270647
           112.6400     -7.9600       91.958790888689
           112.6500     -7.9600       97.238991778721
           112.6600     -7.9600      103.649100305611
           112.6700     -7.9600      110.411968504276
           112.6800     -7.9600      116.820927342203
           112.6900     -7.9600      122.296131133631
           112.7000     -7.9600      126.429357782128
           112.7100     -7.9600      129.014246959350
           112.7200     -7.9600      130.060040006105
           112.7300     -7.9600      129.788061658712
           112.7400     -7.9600      128.611384056074
           112.7500     -7.9600      127.099269528769
           112.7600     -7.9600      125.929035904633
           112.7700     -7.9600      125.828867103422
           112.7800     -7.9600      127.515749825913
           112.7900     -7.9600      131.633109855533
           112.8000     -7.9600      138.692815628786
           112.8100     -7.9600      149.025993216858
           112.8200     -7.9600      162.746554137545
           112.8300     -7.9600      179.730494495724
           112.8400     -7.9600      199.612922487792
           112.8500     -7.9600      221.803476051809
           112.8600     -7.9600      245.519389481693
           112.8700     -7.9600      269.834060252245
           112.8800     -7.9600      293.737668359511
           112.8900     -7.9600      316.205324436013
           112.9000     -7.9600      336.267474444193
           112.9100     -7.9600      353.076951938492
           112.9200     -7.9600      365.967196865450
           112.9300     -7.9600      374.496766723289
           112.9400     -7.9600      378.476321788254
           112.9500     -7.9600      377.975696647839
           112.9600     -7.9600      373.310360621809
           112.9700     -7.9600      365.008373285497
           112.9800     -7.9600      353.760692900566
           112.9900     -7.9600      340.359226739038
           113.0000     -7.9600      325.628168809096
           112.0000     -7.9700       50.655170329947
           112.0100     -7.9700       52.000155519163
           112.0200     -7.9700       53.909167437697
           112.0300     -7.9700       56.129630897450
           112.0400     -7.9700       58.384581171139
           112.0500     -7.9700       60.405222728186
           112.0600     -7.9700       61.964987948578
           112.0700     -7.9700       62.910978292023
           112.0800     -7.9700       63.188739409664
           112.0900     -7.9700       62.856888667371
           112.1000     -7.9700       62.089132047799
           112.1100     -7.9700       61.162574812451
           112.1200     -7.9700       60.432798394082
           112.1300     -7.9700       60.297767126270
           112.1400     -7.9700       61.154055769726
           112.1500     -7.9700       63.349978132453
           112.1600     -7.9700       67.140807629315
           112.1700     -7.9700       72.651322508144
           112.1800     -7.9700       79.850354586965
           112.1900     -7.9700       88.540911222276
           112.2000     -7.9700       98.367881101288
           112.2100     -7.9700      108.843484834802
           112.2200     -7.9700      119.388688129420
           112.2300     -7.9700      129.386971359954
           112.2400     -7.9700      138.245349728240
           112.2500     -7.9700      145.456537072780
           112.2600     -7.9700      150.655767078570
           112.2700     -7.9700      153.666085985663
           112.2800     -7.9700      154.526895932748
           112.2900     -7.9700      153.502070633638
           112.3000     -7.9700      151.065934457268
           112.3100     -7.9700      147.867593619187
           112.3200     -7.9700      144.676308748578
           112.3300     -7.9700      142.312573459675
           112.3400     -7.9700      141.571107213714
           112.3500     -7.9700      143.142919790305
           112.3600     -7.9700      147.543857021325
           112.3700     -7.9700      155.056562478860
           112.3800     -7.9700      165.691631357680
           112.3900     -7.9700      179.172004054021
           112.4000     -7.9700      194.942518222149
           112.4100     -7.9700      212.204218665814
           112.4200     -7.9700      229.970740622235
           112.4300     -7.9700      247.142053919929
           112.4400     -7.9700      262.589274870906
           112.4500     -7.9700      275.243264294522
           112.4600     -7.9700      284.179418110438
           112.4700     -7.9700      288.691438719478
           112.4800     -7.9700      288.347901343708
           112.4900     -7.9700      283.026990294569
           112.5000     -7.9700      272.926719484433
           112.5100     -7.9700      258.550083071662
           112.5200     -7.9700      240.666708726145
           112.5300     -7.9700      220.254518794817
           112.5400     -7.9700      198.426480586037
           112.5500     -7.9700      176.348622685873
           112.5600     -7.9700      155.156035110837
           112.5700     -7.9700      135.873535346851
           112.5800     -7.9700      119.347099384295
           112.5900     -7.9700      106.191101365871
           112.6000     -7.9700       96.754987383847
           112.6100     -7.9700       91.111361364078
           112.6200     -7.9700       89.065726839140
           112.6300     -7.9700       90.186447873005
           112.6400     -7.9700       93.851991567190
           112.6500     -7.9700       99.311296831025
           112.6600     -7.9700      105.752254305272
           112.6700     -7.9700      112.372824096814
           112.6800     -7.9700      118.449273707377
           112.6900     -7.9700      123.396371732146
           112.7000     -7.9700      126.815082176593
           112.7100     -7.9700      128.524308254020
           112.7200     -7.9700      128.574457310459
           112.7300     -7.9700      127.241954682133
           112.7400     -7.9700      125.005233844804
           112.7500     -7.9700      122.504082965481
           112.7600     -7.9700      120.485447467191
           112.7700     -7.9700      119.739795472556
           112.7800     -7.9700      121.032880082200
           112.7900     -7.9700      125.038126138373
           112.8000     -7.9700      132.274894468917
           112.8100     -7.9700      143.057520290943
           112.8200     -7.9700      157.459295596064
           112.8300     -7.9700      175.294505240452
           112.8400     -7.9700      196.120296781338
           112.8500     -7.9700      219.258653007164
           112.8600     -7.9700      243.837152070327
           112.8700     -7.9700      268.845665266760
           112.8800     -7.9700      293.204783710571
           112.8900     -7.9700      315.840703566575
           112.9000     -7.9700      335.760639191850
           112.9100     -7.9700      352.122650480126
           112.9200     -7.9700      364.294103352324
           112.9300     -7.9700      371.893824950509
           112.9400     -7.9700      374.814314889302
           112.9500     -7.9700      373.222032762299
           112.9600     -7.9700      367.535662969703
           112.9700     -7.9700      358.384195893935
           112.9800     -7.9700      346.548481309318
           112.9900     -7.9700      332.891431232563
           113.0000     -7.9700      318.283122206702
           112.0000     -7.9800       53.006730049458
           112.0100     -7.9800       53.992809270775
           112.0200     -7.9800       55.595801328015
           112.0300     -7.9800       57.600646727794
           112.0400     -7.9800       59.757504995800
           112.0500     -7.9800       61.811238701854
           112.0600     -7.9800       63.533686626577
           112.0700     -7.9800       64.754835674949
           112.0800     -7.9800       65.388917652424
           112.0900     -7.9800       65.451858475758
           112.1000     -7.9800       65.067364889757
           112.1100     -7.9800       64.460162309125
           112.1200     -7.9800       63.936364466214
           112.1300     -7.9800       63.852495494202
           112.1400     -7.9800       64.576117943507
           112.1500     -7.9800       66.442172613888
           112.1600     -7.9800       69.709861763969
           112.1700     -7.9800       74.525105087304
           112.1800     -7.9800       80.893224750354
           112.1900     -7.9800       88.665593286873
           112.2000     -7.9800       97.542591470544
           112.2100     -7.9800      107.093513145175
           112.2200     -7.9800      116.792201762832
           112.2300     -7.9800      126.065411411884
           112.2400     -7.9800      134.349354292435
           112.2500     -7.9800      141.148803724233
           112.2600     -7.9800      146.092599375385
           112.2700     -7.9800      148.979522230019
           112.2800     -7.9800      149.809274866029
           112.2900     -7.9800      148.794651722375
           112.3000     -7.9800      146.352784213366
           112.3100     -7.9800      143.075416425071
           112.3200     -7.9800      139.680296977857
           112.3300     -7.9800      136.947740896398
           112.3400     -7.9800      135.648016114588
           112.3500     -7.9800      136.466273294732
           112.3600     -7.9800      139.932150259539
           112.3700     -7.9800      146.360895427848
           112.3800     -7.9800      155.811891594719
           112.3900     -7.9800      168.068914328998
           112.4000     -7.9800      182.644479089912
           112.4100     -7.9800      198.808411596896
           112.4200     -7.9800      215.638533309810
           112.4300     -7.9800      232.089304743041
           112.4400     -7.9800      247.072608955761
           112.4500     -7.9800      259.543740572438
           112.4600     -7.9800      268.585191653427
           112.4700     -7.9800      273.481030609904
           112.4800     -7.9800      273.775524632963
           112.4900     -7.9800      269.311069573573
           112.5000     -7.9800      260.242323578989
           112.5100     -7.9800      247.025516850877
           112.5200     -7.9800      230.384037433970
           112.5300     -7.9800      211.253381537650
           112.5400     -7.9800      190.710235537407
           112.5500     -7.9800      169.891688811463
           112.5600     -7.9800      149.911270346911
           112.5700     -7.9800      131.778617008054
           112.5800     -7.9800      116.329128708591
           112.5900     -7.9800      104.169004490161
           112.6000     -7.9800       95.639682495479
           112.6100     -7.9800       90.804053700892
           112.6200     -7.9800       89.455027987261
           112.6300     -7.9800       91.145249012198
           112.6400     -7.9800       95.235120095526
           112.6500     -7.9800      100.954936802212
           112.6600     -7.9800      107.475916412342
           112.6700     -7.9800      113.984331848152
           112.6800     -7.9800      119.752826156540
           112.6900     -7.9800      124.203298473398
           112.7000     -7.9800      126.956478139598
           112.7100     -7.9800      127.864378571295
           112.7200     -7.9800      127.023163830352
           112.7300     -7.9800      124.765470681905
           112.7400     -7.9800      121.632800422826
           112.7500     -7.9800      118.330118375455
           112.7600     -7.9800      115.666168553718
           112.7700     -7.9800      114.484129857952
           112.7800     -7.9800      115.588026457574
           112.7900     -7.9800      119.670697189720
           112.8000     -7.9800      127.249090033491
           112.8100     -7.9800      138.612169651275
           112.8200     -7.9800      153.785831037330
           112.8300     -7.9800      172.517954284141
           112.8400     -7.9800      194.285198025576
           112.8500     -7.9800      218.321421809382
           112.8600     -7.9800      243.665879499387
           112.8700     -7.9800      269.227676439327
           112.8800     -7.9800      293.861572047580
           112.8900     -7.9800      316.449164291844
           112.9000     -7.9800      335.978916643937
           112.9100     -7.9800      351.618450180144
           112.9200     -7.9800      362.773048320760
           112.9300     -7.9800      369.125385154781
           112.9400     -7.9800      370.653016258507
           112.9500     -7.9800      367.622043137238
           112.9600     -7.9800      360.557421189915
           112.9700     -7.9800      350.192444287976
           112.9800     -7.9800      337.401816462504
           112.9900     -7.9800      323.124232690491
           113.0000     -7.9800      308.281384534935
           112.0000     -7.9900       55.132825003390
           112.0100     -7.9900       55.756746968734
           112.0200     -7.9900       57.047661649700
           112.0300     -7.9900       58.828333528339
           112.0400     -7.9900       60.877138105031
           112.0500     -7.9900       62.954193197284
           112.0600     -7.9900       64.831508430415
           112.0700     -7.9900       66.323531487608
           112.0800     -7.9900       67.314236301687
           112.0900     -7.9900       67.777132047422
           112.1000     -7.9900       67.785261269580
           112.1100     -7.9900       67.509333977239
           112.1200     -7.9900       67.203496295039
           112.1300     -7.9900       67.179705113126
           112.1400     -7.9900       67.773102699932
           112.1500     -7.9900       69.301986608750
           112.1600     -7.9900       72.026800375752
           112.1700     -7.9900       76.112918382126
           112.1800     -7.9900       81.601805662146
           112.1900     -7.9900       88.394403187591
           112.2000     -7.9900       96.249386153818
           112.2100     -7.9900      104.797387985544
           112.2200     -7.9900      113.570540551726
           112.2300     -7.9900      122.044941416970
           112.2400     -7.9900      129.692116439343
           112.2500     -7.9900      136.034377964080
           112.2600     -7.9900      140.698325112117
           112.2700     -7.9900      143.460679387564
           112.2800     -7.9900      144.281218112793
           112.2900     -7.9900      143.318714695441
           112.3000     -7.9900      140.927409755936
           112.3100     -7.9900      137.633459802186
           112.3200     -7.9900      134.092844231591
           112.3300     -7.9900      131.034146307448
           112.3400     -7.9900      129.191256723762
           112.3500     -7.9900      129.232206361108
           112.3600     -7.9900      131.690892760753
           112.3700     -7.9900      136.908358820711
           112.3800     -7.9900      144.989516200455
           112.3900     -7.9900      155.779851117100
           112.4000     -7.9900      168.864837431415
           112.4100     -7.9900      183.592687758668
           112.4200     -7.9900      199.118901812343
           112.4300     -7.9900      214.469032791277
           112.4400     -7.9900      228.614383092423
           112.4500     -7.9900      240.554121657377
           112.4600     -7.9900      249.396699056743
           112.4700     -7.9900      254.433475681178
           112.4800     -7.9900      255.198162508956
           112.4900     -7.9900      251.506931485200
           112.5000     -7.9900      243.475759962167
           112.5100     -7.9900      231.513568366131
           112.5200     -7.9900      216.291807369764
           112.5300     -7.9900      198.693161149176
           112.5400     -7.9900      179.743780937663
           112.5500     -7.9900      160.534801134091
           112.5600     -7.9900      142.139712795654
           112.5700     -7.9900      125.534419263468
           112.5800     -7.9900      111.526470274883
           112.5900     -7.9900      100.699108087647
           112.6000     -7.9900       93.374449060842
           112.6100     -7.9900       89.598487698344
           112.6200     -7.9900       89.148790147143
           112.6300     -7.9900       91.563892417597
           112.6400     -7.9900       96.191683474491
           112.6500     -7.9900      102.252568214264
           112.6600     -7.9900      108.912079258385
           112.6700     -7.9900      115.356917368439
           112.6800     -7.9900      120.868190829644
           112.6900     -7.9900      124.885900541468
           112.7000     -7.9900      127.059450687975
           112.7100     -7.9900      127.280093724913
           112.7200     -7.9900      125.692655240725
           112.7300     -7.9900      122.685520925114
           112.7400     -7.9900      118.859583319954
           112.7500     -7.9900      114.978513990657
           112.7600     -7.9900      111.904223885595
           112.7700     -7.9900      110.522588380820
           112.7800     -7.9900      111.665349541010
           112.7900     -7.9900      116.034497137556
           112.8000     -7.9900      124.135333145037
           112.8100     -7.9900      136.223837490575
           112.8200     -7.9900      152.272907963243
           112.8300     -7.9900      171.960612745103
           112.8400     -7.9900      194.681871433862
           112.8500     -7.9900      219.583098397770
           112.8600     -7.9900      245.617448315326
           112.8700     -7.9900      271.616553257854
           112.8800     -7.9900      296.373184663173
           112.8900     -7.9900      318.728245426402
           112.9000     -7.9900      337.655000227358
           112.9100     -7.9900      352.333547991708
           112.9200     -7.9900      362.209241593471
           112.9300     -7.9900      367.030025715786
           112.9400     -7.9900      366.859400676870
           112.9500     -7.9900      362.063787586922
           112.9600     -7.9900      353.275291839925
           112.9700     -7.9900      341.333039810973
           112.9800     -7.9900      327.208196514296
           112.9900     -7.9900      311.919274547605
           113.0000     -7.9900      296.445266129960
           112.0000     -8.0000       56.988828559063
           112.0100     -8.0000       57.261302000193
           112.0200     -8.0000       58.244734004293
           112.0300     -8.0000       59.799581050244
           112.0400     -8.0000       61.733332188841
           112.0500     -8.0000       63.823064378020
           112.0600     -8.0000       65.843158193198
           112.0700     -8.0000       67.594858747657
           112.0800     -8.0000       68.933989049782
           112.0900     -8.0000       69.793189978651
           112.1000     -8.0000       70.195578718189
           112.1100     -8.0000       70.257637561908
           112.1200     -8.0000       70.180369295123
           112.1300     -8.0000       70.229146379360
           112.1400     -8.0000       70.704077577013
           112.1500     -8.0000       71.903950923096
           112.1600     -8.0000       74.087733906354
           112.1700     -8.0000       77.438100827886
           112.1800     -8.0000       82.031441415805
           112.1900     -8.0000       87.818268614726
           112.2000     -8.0000       94.616931654533
           112.2100     -8.0000      102.122153655138
           112.2200     -8.0000      109.928297361921
           112.2300     -8.0000      117.565594126063
           112.2400     -8.0000      124.546036266336
           112.2500     -8.0000      130.414407220564
           112.2600     -8.0000      134.799152624879
           112.2700     -8.0000      137.457576566655
           112.2800     -8.0000      138.310219751321
           112.2900     -8.0000      137.460215155794
           112.3000     -8.0000      135.194834731708
           112.3100     -8.0000      131.968197373386
           112.3200     -8.0000      128.366024586168
           112.3300     -8.0000      125.055207405092
           112.3400     -8.0000      122.722589050749
           112.3500     -8.0000      122.008598144544
           112.3600     -8.0000      123.442053854872
           112.3700     -8.0000      127.382529304785
           112.3800     -8.0000      133.976088710796
           112.3900     -8.0000      143.129057807479
           112.4000     -8.0000      154.502856483411
           112.4100     -8.0000      167.530975525802
           112.4200     -8.0000      181.457105783757
           112.4300     -8.0000      195.391429794771
           112.4400     -8.0000      208.380356478284
           112.4500     -8.0000      219.483684800012
           112.4600     -8.0000      227.852444640841
           112.4700     -8.0000      232.800549817790
           112.4800     -8.0000      233.863916160585
           112.4900     -8.0000      230.841793679524
           112.5000     -8.0000      223.816629609009
           112.5100     -8.0000      213.150669863531
           112.5200     -8.0000      199.459544636612
           112.5300     -8.0000      183.565084141659
           112.5400     -8.0000      166.431395074655
           112.5500     -8.0000      149.089643110653
           112.5600     -8.0000      132.557914192673
           112.5700     -8.0000      117.762895997919
           112.5800     -8.0000      105.469909744327
           112.5900     -8.0000       96.227060797847
           112.6000     -8.0000       90.328039609262
           112.6100     -8.0000       87.796505268196
           112.6200     -8.0000       88.393162054652
           112.6300     -8.0000       91.644748625419
           112.6400     -8.0000       96.892354941840
           112.6500     -8.0000      103.354907677510
           112.6600     -8.0000      110.202442743810
           112.6700     -8.0000      116.633005499230
           112.6800     -8.0000      121.946740778700
           112.6900     -8.0000      125.610972623723
           112.7000     -8.0000      127.310804882527
           112.7100     -8.0000      126.980939445644
           112.7200     -8.0000      124.815917817202
           112.7300     -8.0000      121.257728065522
           112.7400     -8.0000      116.961550281114
           112.7500     -8.0000      112.742199279349
           112.7600     -8.0000      109.505425333957
           112.7700     -8.0000      108.169525914074
           112.7800     -8.0000      109.583598334311
           112.7900     -8.0000      114.449148501620
           112.8000     -8.0000      123.251623585386
           112.8100     -8.0000      136.207755272389
           112.8200     -8.0000      153.233425673900
           112.8300     -8.0000      173.935180685103
           112.8400     -8.0000      197.626632456262
           112.8500     -8.0000      223.368959013635
           112.8600     -8.0000      250.032688653770
           112.8700     -8.0000      276.376118950475
           112.8800     -8.0000      301.134226252368
           112.8900     -8.0000      323.110910107161
           112.9000     -8.0000      341.266991021788
           112.9100     -8.0000      354.796595426210
           112.9200     -8.0000      363.185420392351
           112.9300     -8.0000      366.245816987894
           112.9400     -8.0000      364.125554405861
           112.9500     -8.0000      357.289368891715
           112.9600     -8.0000      346.474768600636
           112.9700     -8.0000      332.625845999682
           112.9800     -8.0000      316.810832251334
           112.9900     -8.0000      300.130623174022
           113.0000     -8.0000      283.626364011034
