generating_institute     gfz-potsdam
     generating_date     2026/07/13
        product_type     gravity_field
                body     earth
           modelname     rwi_tois_2012_plusgrs80
     max_used_degree          1800
         tide_system     tide_free
          functional     gravity_anomaly_iso
    zero_degree_term     included
                unit     mgal
          refsysname     GRS80
            gmrefpot      3.98600500000E+14 m**3/s**2
        radiusrefpot     6378137.000 m
          flatrefpot      3.352810681183638E-03   (1/298.25722210088)
         omegarefpot      7.29211500000E-05 1/s
    normal_potential      6.263686085004611E+07 m**2/s**2
       long_lat_unit     degree
      latlimit_north      -7.0000000000000    
      latlimit_south      -8.0000000000000    
      longlimit_west       112.00000000000    
      longlimit_east       113.00000000000    
            gridstep      0.10000000000000E-01
  latitude_parallels           101
 longitude_parallels           101
number_of_gridpoints         10201
            gapvalue           9999.0000
       weighted_mean      1.5050459E+01 mgal
            maxvalue      1.2669355E+02 mgal
            minvalue     -4.8522729E+01 mgal
         signal_wrms      3.5672447E+01 mgal
         grid_format     long_lat_value

          longitude    latitude    gravity_anomaly_iso
            [deg.]      [deg.]         [mgal]
end_of_head ============================================
           112.0000     -7.0000       26.332498365693
           112.0100     -7.0000       26.232038803072
           112.0200     -7.0000       26.113555827435
           112.0300     -7.0000       25.972186662411
           112.0400     -7.0000       25.803366487402
           112.0500     -7.0000       25.603647871489
           112.0600     -7.0000       25.371437058392
           112.0700     -7.0000       25.107565652095
           112.0800     -7.0000       24.815630784494
           112.0900     -7.0000       24.502058112840
           112.1000     -7.0000       24.175868102444
           112.1100     -7.0000       23.848154623876
           112.1200     -7.0000       23.531313289178
           112.1300     -7.0000       23.238082497071
           112.1400     -7.0000       22.980480401139
           112.1500     -7.0000       22.768733955911
           112.1600     -7.0000       22.610300473763
           112.1700     -7.0000       22.509077157027
           112.1800     -7.0000       22.464880113036
           112.1900     -7.0000       22.473252503692
           112.2000     -7.0000       22.525633557418
           112.2100     -7.0000       22.609888597962
           112.2200     -7.0000       22.711167814234
           112.2300     -7.0000       22.813031126049
           112.2400     -7.0000       22.898750973288
           112.2500     -7.0000       22.952686560409
           112.2600     -7.0000       22.961613802328
           112.2700     -7.0000       22.915895939758
           112.2800     -7.0000       22.810390640845
           112.2900     -7.0000       22.645009599779
           112.3000     -7.0000       22.424874559316
           112.3100     -7.0000       22.160046994658
           112.3200     -7.0000       21.864844566432
           112.3300     -7.0000       21.556792787388
           112.3400     -7.0000       21.255292069051
           112.3500     -7.0000       20.980105624072
           112.3600     -7.0000       20.749790333585
           112.3700     -7.0000       20.580199118958
           112.3800     -7.0000       20.483178932055
           112.3900     -7.0000       20.465573483025
           112.4000     -7.0000       20.528615463375
           112.4100     -7.0000       20.667761314952
           112.4200     -7.0000       20.872985207016
           112.4300     -7.0000       21.129510892502
           112.4400     -7.0000       21.418923747559
           112.4500     -7.0000       21.720573650251
           112.4600     -7.0000       22.013155120376
           112.4700     -7.0000       22.276336384547
           112.4800     -7.0000       22.492305001146
           112.4900     -7.0000       22.647104712296
           112.5000     -7.0000       22.731655675111
           112.5100     -7.0000       22.742376662778
           112.5200     -7.0000       22.681360961832
           112.5300     -7.0000       22.556094709054
           112.5400     -7.0000       22.378744178300
           112.5500     -7.0000       22.165073866974
           112.5600     -7.0000       21.933087193229
           112.5700     -7.0000       21.701503725080
           112.5800     -7.0000       21.488199332300
           112.5900     -7.0000       21.308737523601
           112.6000     -7.0000       21.175111451322
           112.6100     -7.0000       21.094797479709
           112.6200     -7.0000       21.070194483812
           112.6300     -7.0000       21.098490502583
           112.6400     -7.0000       21.171962799824
           112.6500     -7.0000       21.278681793868
           112.6600     -7.0000       21.403556663045
           112.6700     -7.0000       21.529633387889
           112.6800     -7.0000       21.639536707947
           112.6900     -7.0000       21.716937417687
           112.7000     -7.0000       21.747926270200
           112.7100     -7.0000       21.722185325326
           112.7200     -7.0000       21.633865887133
           112.7300     -7.0000       21.482107531085
           112.7400     -7.0000       21.271162878202
           112.7500     -7.0000       21.010125137263
           112.7600     -7.0000       20.712287288463
           112.7700     -7.0000       20.394190514633
           112.7800     -7.0000       20.074442817188
           112.7900     -7.0000       19.772404911926
           112.8000     -7.0000       19.506848358867
           112.8100     -7.0000       19.294690037174
           112.8200     -7.0000       19.149897862996
           112.8300     -7.0000       19.082646082047
           112.8400     -7.0000       19.098776145660
           112.8500     -7.0000       19.199593120161
           112.8600     -7.0000       19.382000046836
           112.8700     -7.0000       19.638945968969
           112.8800     -7.0000       19.960139625191
           112.8900     -7.0000       20.332961899128
           112.9000     -7.0000       20.743497368284
           112.9100     -7.0000       21.177599499878
           112.9200     -7.0000       21.621905378156
           112.9300     -7.0000       22.064723897473
           112.9400     -7.0000       22.496735160645
           112.9500     -7.0000       22.911456989729
           112.9600     -7.0000       23.305455295926
           112.9700     -7.0000       23.678296733249
           112.9800     -7.0000       24.032262762444
           112.9900     -7.0000       24.371862333038
           113.0000     -7.0000       24.703194508397
           112.0000     -7.0100       25.774906225957
           112.0100     -7.0100       25.706680619902
           112.0200     -7.0100       25.622553414488
           112.0300     -7.0100       25.516662849051
           112.0400     -7.0100       25.383464193196
           112.0500     -7.0100       25.218611500535
           112.0600     -7.0100       25.019747774236
           112.0700     -7.0100       24.787117077027
           112.0800     -7.0100       24.523927846265
           112.0900     -7.0100       24.236419515768
           112.1000     -7.0100       23.933612469260
           112.1100     -7.0100       23.626751818693
           112.1200     -7.0100       23.328485698644
           112.1300     -7.0100       23.051845857883
           112.1400     -7.0100       22.809119713652
           112.1500     -7.0100       22.610716598393
           112.1600     -7.0100       22.464135243770
           112.1700     -7.0100       22.373134010078
           112.1800     -7.0100       22.337190272995
           112.1900     -7.0100       22.351311897448
           112.2000     -7.0100       22.406233821056
           112.2100     -7.0100       22.488999018317
           112.2200     -7.0100       22.583888497925
           112.2300     -7.0100       22.673632606355
           112.2400     -7.0100       22.740808730601
           112.2500     -7.0100       22.769311054061
           112.2600     -7.0100       22.745768213219
           112.2700     -7.0100       22.660785591033
           112.2800     -7.0100       22.509900692693
           112.2900     -7.0100       22.294161749580
           112.3000     -7.0100       22.020269661883
           112.3100     -7.0100       21.700259140548
           112.3200     -7.0100       21.350733425440
           112.3300     -7.0100       20.991704939097
           112.3400     -7.0100       20.645128392169
           112.3500     -7.0100       20.333240192716
           112.3600     -7.0100       20.076836094134
           112.3700     -7.0100       19.893626191492
           112.3800     -7.0100       19.796801918108
           112.3900     -7.0100       19.793933875365
           112.4000     -7.0100       19.886293399981
           112.4100     -7.0100       20.068656860552
           112.4200     -7.0100       20.329612599840
           112.4300     -7.0100       20.652349474457
           112.4400     -7.0100       21.015866534666
           112.4500     -7.0100       21.396508854214
           112.4600     -7.0100       21.769707773940
           112.4700     -7.0100       22.111787113366
           112.4800     -7.0100       22.401691630294
           112.4900     -7.0100       22.622500597304
           112.5000     -7.0100       22.762607240365
           112.5100     -7.0100       22.816472420912
           112.5200     -7.0100       22.784895994474
           112.5300     -7.0100       22.674788788666
           112.5400     -7.0100       22.498468795892
           112.5500     -7.0100       22.272543582817
           112.5600     -7.0100       22.016473905532
           112.5700     -7.0100       21.750938395083
           112.5800     -7.0100       21.496133956902
           112.5900     -7.0100       21.270150091385
           112.6000     -7.0100       21.087547524756
           112.6100     -7.0100       20.958253128025
           112.6200     -7.0100       20.886855761668
           112.6300     -7.0100       20.872353802707
           112.6400     -7.0100       20.908367588701
           112.6500     -7.0100       20.983792008361
           112.6600     -7.0100       21.083829128264
           112.6700     -7.0100       21.191310939769
           112.6800     -7.0100       21.288200397137
           112.6900     -7.0100       21.357146551167
           112.7000     -7.0100       21.382967589609
           112.7100     -7.0100       21.353943921881
           112.7200     -7.0100       21.262821180177
           112.7300     -7.0100       21.107448479209
           112.7400     -7.0100       20.891008205953
           112.7500     -7.0100       20.621827325172
           112.7600     -7.0100       20.312793848843
           112.7700     -7.0100       19.980432969973
           112.7800     -7.0100       19.643722954648
           112.7900     -7.0100       19.322749276955
           112.8000     -7.0100       19.037305380530
           112.8100     -7.0100       18.805549311959
           112.8200     -7.0100       18.642817514974
           112.8300     -7.0100       18.560681243769
           112.8400     -7.0100       18.566308912653
           112.8500     -7.0100       18.662171280028
           112.8600     -7.0100       18.846097981086
           112.8700     -7.0100       19.111665967115
           112.8800     -7.0100       19.448875144910
           112.8900     -7.0100       19.845045891345
           112.9000     -7.0100       20.285858635958
           112.9100     -7.0100       20.756448279327
           112.9200     -7.0100       21.242466143930
           112.9300     -7.0100       21.731029112082
           112.9400     -7.0100       22.211488699657
           112.9500     -7.0100       22.675970684176
           112.9600     -7.0100       23.119656859477
           112.9700     -7.0100       23.540802660577
           112.9800     -7.0100       23.940505916316
           112.9900     -7.0100       24.322261118370
           113.0000     -7.0100       24.691348903628
           112.0000     -7.0200       25.063028240364
           112.0100     -7.0200       25.026460451474
           112.0200     -7.0200       24.978126565024
           112.0300     -7.0200       24.911171592350
           112.0400     -7.0200       24.819005637550
           112.0500     -7.0200       24.696245474209
           112.0600     -7.0200       24.539561025606
           112.0700     -7.0200       24.348335446751
           112.0800     -7.0200       24.125064023843
           112.0900     -7.0200       23.875441116250
           112.1000     -7.0200       23.608113732111
           112.1100     -7.0200       23.334112383812
           112.1200     -7.0200       23.066001653779
           112.1300     -7.0200       22.816821430819
           112.1400     -7.0200       22.598912321208
           112.1500     -7.0200       22.422733071722
           112.1600     -7.0200       22.295782458451
           112.1700     -7.0200       22.221732356990
           112.1800     -7.0200       22.199862917687
           112.1900     -7.0200       22.224866150305
           112.2000     -7.0200       22.287052829482
           112.2100     -7.0200       22.372962172432
           112.2200     -7.0200       22.466337336993
           112.2300     -7.0200       22.549395705392
           112.2400     -7.0200       22.604294269026
           112.2500     -7.0200       22.614669890221
           112.2600     -7.0200       22.567123786061
           112.2700     -7.0200       22.452520387162
           112.2800     -7.0200       22.266982920554
           112.2900     -7.0200       22.012490795586
           112.3000     -7.0200       21.697015338122
           112.3100     -7.0200       21.334168031379
           112.3200     -7.0200       20.942376018090
           112.3300     -7.0200       20.543639734205
           112.3400     -7.0200       20.161963715011
           112.3500     -7.0200       19.821580679953
           112.3600     -7.0200       19.545108384129
           112.3700     -7.0200       19.351786654905
           112.3800     -7.0200       19.255937713930
           112.3900     -7.0200       19.265776565978
           112.4000     -7.0200       19.382671193333
           112.4100     -7.0200       19.600916728631
           112.4200     -7.0200       19.908046628238
           112.4300     -7.0200       20.285660557193
           112.4400     -7.0200       20.710706844429
           112.4500     -7.0200       21.157120476125
           112.4600     -7.0200       21.597688753007
           112.4700     -7.0200       22.005998352117
           112.4800     -7.0200       22.358311130062
           112.4900     -7.0200       22.635222096078
           112.5000     -7.0200       22.822971031284
           112.5100     -7.0200       22.914307695135
           112.5200     -7.0200       22.908847034841
           112.5300     -7.0200       22.812892235006
           112.5400     -7.0200       22.638746355693
           112.5500     -7.0200       22.403574152358
           112.5600     -7.0200       22.127911098244
           112.5700     -7.0200       21.833943770942
           112.5800     -7.0200       21.543702472799
           112.5900     -7.0200       21.277311977115
           112.6000     -7.0200       21.051439364680
           112.6100     -7.0200       20.878059772924
           112.6200     -7.0200       20.763633180582
           112.6300     -7.0200       20.708750521987
           112.6400     -7.0200       20.708268448968
           112.6500     -7.0200       20.751912211351
           112.6600     -7.0200       20.825288700022
           112.6700     -7.0200       20.911219718007
           112.6800     -7.0200       20.991281532403
           112.6900     -7.0200       21.047422517696
           112.7000     -7.0200       21.063527185220
           112.7100     -7.0200       21.026802148759
           112.7200     -7.0200       20.928876753671
           112.7300     -7.0200       20.766536545367
           112.7400     -7.0200       20.542039177209
           112.7500     -7.0200       20.262997027396
           112.7600     -7.0200       19.941845782985
           112.7700     -7.0200       19.594950685965
           112.7800     -7.0200       19.241429444069
           112.7900     -7.0200       18.901790912179
           112.8000     -7.0200       18.596500132927
           112.8100     -7.0200       18.344582530366
           112.8200     -7.0200       18.162373110124
           112.8300     -7.0200       18.062501317436
           112.8400     -7.0200       18.053180277844
           112.8500     -7.0200       18.137842532021
           112.8600     -7.0200       18.315135426656
           112.8700     -7.0200       18.579260491869
           112.8800     -7.0200       18.920614770711
           112.8900     -7.0200       19.326670217788
           112.9000     -7.0200       19.783011543017
           112.9100     -7.0200       20.274444261181
           112.9200     -7.0200       20.786083601402
           112.9300     -7.0200       21.304341077334
           112.9400     -7.0200       21.817738073552
           112.9500     -7.0200       22.317493429358
           112.9600     -7.0200       22.797853005038
           112.9700     -7.0200       23.256151707217
           112.9800     -7.0200       23.692620510442
           112.9900     -7.0200       24.109970856910
           113.0000     -7.0200       24.512804937564
           112.0000     -7.0300       24.245781386942
           112.0100     -7.0300       24.237064460580
           112.0200     -7.0300       24.222425826707
           112.0300     -7.0300       24.194085896322
           112.0400     -7.0300       24.144411008524
           112.0500     -7.0300       24.066910351707
           112.0600     -7.0300       23.957139287288
           112.0700     -7.0300       23.813413199695
           112.0800     -7.0300       23.637252879928
           112.0900     -7.0300       23.433507202549
           112.1000     -7.0300       23.210129271115
           112.1100     -7.0300       22.977615520087
           112.1200     -7.0300       22.748150395794
           112.1300     -7.0300       22.534529087794
           112.1400     -7.0300       22.348954492701
           112.1500     -7.0300       22.201819833282
           112.1600     -7.0300       22.100593537465
           112.1700     -7.0300       22.048917414015
           112.1800     -7.0300       22.046013128028
           112.1900     -7.0300       22.086466726563
           112.2000     -7.0300       22.160428601798
           112.2100     -7.0300       22.254229598700
           112.2200     -7.0300       22.351376208932
           112.2300     -7.0300       22.433852329038
           112.2400     -7.0300       22.483625136391
           112.2500     -7.0300       22.484231046194
           112.2600     -7.0300       22.422306553715
           112.2700     -7.0300       22.288929239844
           112.2800     -7.0300       22.080646513297
           112.2900     -7.0300       21.800092925425
           112.3000     -7.0300       21.456129290857
           112.3100     -7.0300       21.063475718293
           112.3200     -7.0300       20.641852737509
           112.3300     -7.0300       20.214686416646
           112.3400     -7.0300       19.807471102648
           112.3500     -7.0300       19.445913896022
           112.3600     -7.0300       19.154005490068
           112.3700     -7.0300       18.952170698040
           112.3800     -7.0300       18.855647992049
           112.3900     -7.0300       18.873230898283
           112.4000     -7.0300       19.006476414985
           112.4100     -7.0300       19.249448984966
           112.4200     -7.0300       19.589025978125
           112.4300     -7.0300       20.005745651769
           112.4400     -7.0300       20.475134902436
           112.4500     -7.0300       20.969415441528
           112.4600     -7.0300       21.459456541866
           112.4700     -7.0300       21.916822746244
           112.4800     -7.0300       22.315757531206
           112.4900     -7.0300       22.634949467980
           112.5000     -7.0300       22.858945420103
           112.5100     -7.0300       22.979104226352
           112.5200     -7.0300       22.994021697330
           112.5300     -7.0300       22.909400471479
           112.5400     -7.0300       22.737382776328
           112.5500     -7.0300       22.495406749117
           112.5600     -7.0300       22.204684204593
           112.5700     -7.0300       21.888426596894
           112.5800     -7.0300       21.569964136601
           112.5900     -7.0300       21.270909235486
           112.6000     -7.0300       21.009509316552
           112.6100     -7.0300       20.799316232199
           112.6200     -7.0300       20.648271722170
           112.6300     -7.0300       20.558272963394
           112.6400     -7.0300       20.525242350334
           112.6500     -7.0300       20.539684553021
           112.6600     -7.0300       20.587675021407
           112.6700     -7.0300       20.652190579831
           112.6800     -7.0300       20.714667217050
           112.6900     -7.0300       20.756654539925
           112.7000     -7.0300       20.761431674673
           112.7100     -7.0300       20.715455788718
           112.7200     -7.0300       20.609531069646
           112.7300     -7.0300       20.439611305934
           112.7400     -7.0300       20.207180864379
           112.7500     -7.0300       19.919194086229
           112.7600     -7.0300       19.587588944046
           112.7700     -7.0300       19.228424267449
           112.7800     -7.0300       18.860718294250
           112.7900     -7.0300       18.505087567666
           112.8000     -7.0300       18.182297776972
           112.8100     -7.0300       17.911841293801
           112.8200     -7.0300       17.710649958904
           112.8300     -7.0300       17.592036966461
           112.8400     -7.0300       17.564939991029
           112.8500     -7.0300       17.633511045444
           112.8600     -7.0300       17.797069318978
           112.8700     -7.0300       18.050403918076
           112.8800     -7.0300       18.384386418739
           112.8900     -7.0300       18.786830551750
           112.9000     -7.0300       19.243519834896
           112.9100     -7.0300       19.739314620241
           112.9200     -7.0300       20.259248276992
           112.9300     -7.0300       20.789527868896
           112.9400     -7.0300       21.318366893340
           112.9500     -7.0300       21.836595103741
           112.9600     -7.0300       22.338011442548
           112.9700     -7.0300       22.819468762814
           112.9800     -7.0300       23.280701365061
           112.9900     -7.0300       23.723926602306
           113.0000     -7.0300       24.153268361041
           112.0000     -7.0400       23.380932317513
           112.0100     -7.0400       23.393482967412
           112.0200     -7.0400       23.407272535255
           112.0300     -7.0400       23.413722234533
           112.0400     -7.0400       23.404218585388
           112.0500     -7.0400       23.371159311129
           112.0600     -7.0400       23.308912103911
           112.0700     -7.0400       23.214586146114
           112.0800     -7.0400       23.088533094225
           112.0900     -7.0400       22.934519291356
           112.1000     -7.0400       22.759542031656
           112.1100     -7.0400       22.573296926041
           112.1200     -7.0400       22.387337651392
           112.1300     -7.0400       22.214000396228
           112.1400     -7.0400       22.065190186329
           112.1500     -7.0400       21.951142549582
           112.1600     -7.0400       21.879279982115
           112.1700     -7.0400       21.853277647935
           112.1800     -7.0400       21.872436923255
           112.1900     -7.0400       21.931440018051
           112.2000     -7.0400       22.020526097605
           112.2100     -7.0400       22.126091924164
           112.2200     -7.0400       22.231681345582
           112.2300     -7.0400       22.319291447415
           112.2400     -7.0400       22.370892191733
           112.2500     -7.0400       22.370033782746
           112.2600     -7.0400       22.303404013311
           112.2700     -7.0400       22.162197734186
           112.2800     -7.0400       21.943172590965
           112.2900     -7.0400       21.649288465089
           112.3000     -7.0400       21.289860800860
           112.3100     -7.0400       20.880197509988
           112.3200     -7.0400       20.440732100900
           112.3300     -7.0400       19.995708422424
           112.3400     -7.0400       19.571511256151
           112.3500     -7.0400       19.194768552123
           112.3600     -7.0400       18.890372586687
           112.3700     -7.0400       18.679576779302
           112.3800     -7.0400       18.578321403009
           112.3900     -7.0400       18.595925129974
           112.4000     -7.0400       18.734251531217
           112.4100     -7.0400       18.987422549292
           112.4200     -7.0400       19.342107634283
           112.4300     -7.0400       19.778371265582
           112.4400     -7.0400       20.271016796099
           112.4500     -7.0400       20.791324679676
           112.4600     -7.0400       21.309051493139
           112.4700     -7.0400       21.794535365062
           112.4800     -7.0400       22.220745183131
           112.4900     -7.0400       22.565115923095
           112.5000     -7.0400       22.811030169506
           112.5100     -7.0400       22.948834862617
           112.5200     -7.0400       22.976320058571
           112.5300     -7.0400       22.898629867147
           112.5400     -7.0400       22.727621124436
           112.5500     -7.0400       22.480729022875
           112.5600     -7.0400       22.179437294199
           112.5700     -7.0400       21.847480536961
           112.5800     -7.0400       21.508925545873
           112.5900     -7.0400       21.186285603332
           112.6000     -7.0400       20.898816230317
           112.6100     -7.0400       20.661123509146
           112.6200     -7.0400       20.482188407126
           112.6300     -7.0400       20.364874997065
           112.6400     -7.0400       20.305950144485
           112.6500     -7.0400       20.296600508733
           112.6600     -7.0400       20.323393032183
           112.6700     -7.0400       20.369590673746
           112.6800     -7.0400       20.416708682119
           112.6900     -7.0400       20.446180182698
           112.7000     -7.0400       20.440994383508
           112.7100     -7.0400       20.387176460342
           112.7200     -7.0400       20.274994396825
           112.7300     -7.0400       20.099803121709
           112.7400     -7.0400       19.862467903763
           112.7500     -7.0400       19.569344356123
           112.7600     -7.0400       19.231828555984
           112.7700     -7.0400       18.865524717452
           112.7800     -7.0400       18.489106856342
           112.7900     -7.0400       18.122972741124
           112.8000     -7.0400       17.787801584027
           112.8100     -7.0400       17.503130613572
           112.8200     -7.0400       17.286059920115
           112.8300     -7.0400       17.150180596608
           112.8400     -7.0400       17.104799710748
           112.8500     -7.0400       17.154509079492
           112.8600     -7.0400       17.299115553650
           112.8700     -7.0400       17.533921070231
           112.8800     -7.0400       17.850313518645
           112.8900     -7.0400       18.236606632246
           112.9000     -7.0400       18.679050342347
           112.9100     -7.0400       19.162923423578
           112.9200     -7.0400       19.673618276754
           112.9300     -7.0400       20.197633141522
           112.9400     -7.0400       20.723399099340
           112.9500     -7.0400       21.241886596727
           112.9600     -7.0400       21.746957190778
           112.9700     -7.0400       22.235448878570
           112.9800     -7.0400       22.707005760404
           112.9900     -7.0400       23.163683069353
           113.0000     -7.0400       23.609375214108
           112.0000     -7.0500       22.530232748948
           112.0100     -7.0500       22.555337781708
           112.0200     -7.0500       22.589705827289
           112.0300     -7.0500       22.624131716400
           112.0400     -7.0500       22.649140832328
           112.0500     -7.0500       22.656075914937
           112.0600     -7.0500       22.638108017303
           112.0700     -7.0500       22.591067677042
           112.0800     -7.0500       22.514008694116
           112.0900     -7.0500       22.409441835101
           112.1000     -7.0500       22.283207069637
           112.1100     -7.0500       22.143987729735
           112.1200     -7.0500       22.002505048282
           112.1300     -7.0500       21.870463594059
           112.1400     -7.0500       21.759344127554
           112.1500     -7.0500       21.679157823774
           112.1600     -7.0500       21.637282872541
           112.1700     -7.0500       21.637500329673
           112.1800     -7.0500       21.679330928145
           112.1900     -7.0500       21.757749554921
           112.2000     -7.0500       21.863321362847
           112.2100     -7.0500       21.982765861225
           112.2200     -7.0500       22.099916145696
           112.2300     -7.0500       22.197003212289
           112.2400     -7.0500       22.256163453439
           112.2500     -7.0500       22.261043925709
           112.2600     -7.0500       22.198367077323
           112.2700     -7.0500       22.059315682096
           112.2800     -7.0500       21.840610053533
           112.2900     -7.0500       21.545172433570
           112.3000     -7.0500       21.182305963613
           112.3100     -7.0500       20.767355172648
           112.3200     -7.0500       20.320858131340
           112.3300     -7.0500       19.867243633004
           112.3400     -7.0500       19.433166242145
           112.3500     -7.0500       19.045604353645
           112.3600     -7.0500       18.729868673534
           112.3700     -7.0500       18.507678748569
           112.3800     -7.0500       18.395462340127
           112.3900     -7.0500       18.403016673457
           112.4000     -7.0500       18.532643117976
           112.4100     -7.0500       18.778829895025
           112.4200     -7.0500       19.128514009471
           112.4300     -7.0500       19.561907360232
           112.4400     -7.0500       20.053826750558
           112.4500     -7.0500       20.575427059401
           112.4600     -7.0500       21.096204516588
           112.4700     -7.0500       21.586115524722
           112.4800     -7.0500       22.017647554055
           112.4900     -7.0500       22.367683006524
           112.5000     -7.0500       22.619014190021
           112.5100     -7.0500       22.761396177283
           112.5200     -7.0500       22.792061917143
           112.5300     -7.0500       22.715667360644
           112.5400     -7.0500       22.543679944846
           112.5500     -7.0500       22.293267778645
           112.5600     -7.0500       21.985785703534
           112.5700     -7.0500       21.644984935272
           112.5800     -7.0500       21.295092834942
           112.5900     -7.0500       20.958917035664
           112.6000     -7.0500       20.656123221262
           112.6100     -7.0500       20.401818926095
           112.6200     -7.0500       20.205548397540
           112.6300     -7.0500       20.070768266183
           112.6400     -7.0500       19.994833552320
           112.6500     -7.0500       19.969481799312
           112.6600     -7.0500       19.981763320757
           112.6700     -7.0500       20.015330901845
           112.6800     -7.0500       20.051975529683
           112.6900     -7.0500       20.073277849657
           112.7000     -7.0500       20.062239194234
           112.7100     -7.0500       20.004761401584
           112.7200     -7.0500       19.890860492857
           112.7300     -7.0500       19.715524016591
           112.7400     -7.0500       19.479153209909
           112.7500     -7.0500       19.187566298903
           112.7600     -7.0500       18.851575257659
           112.7700     -7.0500       18.486182181973
           112.7800     -7.0500       18.109470397847
           112.7900     -7.0500       17.741287296812
           112.8000     -7.0500       17.401829113549
           112.8100     -7.0500       17.110241653068
           112.8200     -7.0500       16.883345364088
           112.8300     -7.0500       16.734578954249
           112.8400     -7.0500       16.673234449213
           112.8500     -7.0500       16.704030244899
           112.8600     -7.0500       16.827039666225
           112.8700     -7.0500       17.037963333375
           112.8800     -7.0500       17.328706666742
           112.8900     -7.0500       17.688201265574
           112.9000     -7.0500       18.103392347391
           112.9100     -7.0500       18.560305031200
           112.9200     -7.0500       19.045100435729
           112.9300     -7.0500       19.545038136610
           112.9400     -7.0500       20.049273666262
           112.9500     -7.0500       20.549437118005
           112.9600     -7.0500       21.039959827203
           112.9700     -7.0500       21.518138630655
           112.9800     -7.0500       21.983949395141
           112.9900     -7.0500       22.439641530708
           113.0000     -7.0500       22.889161515252
           112.0000     -7.0600       21.754224498722
           112.0100     -7.0600       21.781826684261
           112.0200     -7.0600       21.827098262085
           112.0300     -7.0600       21.880416008869
           112.0400     -7.0600       21.931606769546
           112.0500     -7.0600       21.971065683376
           112.0600     -7.0600       21.990814408366
           112.0700     -7.0600       21.985392063841
           112.0800     -7.0600       21.952487034993
           112.0900     -7.0600       21.893242149658
           112.1000     -7.0600       21.812196840517
           112.1100     -7.0600       21.716864891685
           112.1200     -7.0600       21.616981992900
           112.1300     -7.0600       21.523490249820
           112.1400     -7.0600       21.447353901114
           112.1500     -7.0600       21.398319151636
           112.1600     -7.0600       21.383739375353
           112.1700     -7.0600       21.407584030336
           112.1800     -7.0600       21.469735544583
           112.1900     -7.0600       21.565654287440
           112.2000     -7.0600       21.686459585767
           112.2100     -7.0600       21.819437386325
           112.2200     -7.0600       21.948945928653
           112.2300     -7.0600       22.057653215506
           112.2400     -7.0600       22.128007589703
           112.2500     -7.0600       22.143818373057
           112.2600     -7.0600       22.091809632436
           112.2700     -7.0600       21.963008141247
           112.2800     -7.0600       21.753836889895
           112.2900     -7.0600       21.466807366654
           112.3000     -7.0600       21.110735545501
           112.3100     -7.0600       20.700445453763
           112.3200     -7.0600       20.255967057655
           112.3300     -7.0600       19.801278324866
           112.3400     -7.0600       19.362680967187
           112.3500     -7.0600       18.966932065988
           112.3600     -7.0600       18.639276645125
           112.3700     -7.0600       18.401537212985
           112.3800     -7.0600       18.270414293717
           112.3900     -7.0600       18.256137061018
           112.4000     -7.0600       18.361576537128
           112.4100     -7.0600       18.581897596097
           112.4200     -7.0600       18.904783209590
           112.4300     -7.0600       19.311218559236
           112.4400     -7.0600       19.776777637199
           112.4500     -7.0600       20.273314525619
           112.4600     -7.0600       20.770929057250
           112.4700     -7.0600       21.240054710413
           112.4800     -7.0600       21.653507174983
           112.4900     -7.0600       21.988335783960
           112.5000     -7.0600       22.227336569277
           112.5100     -7.0600       22.360113630559
           112.5200     -7.0600       22.383612418941
           112.5300     -7.0600       22.302091318730
           112.5400     -7.0600       22.126542978394
           112.5500     -7.0600       21.873620463903
           112.5600     -7.0600       21.564161907651
           112.5700     -7.0600       21.221437792496
           112.5800     -7.0600       20.869264948171
           112.5900     -7.0600       20.530139262706
           112.6000     -7.0600       20.223534563558
           112.6100     -7.0600       19.964498687103
           112.6200     -7.0600       19.762650996541
           112.6300     -7.0600       19.621650924102
           112.6400     -7.0600       19.539167516071
           112.6500     -7.0600       19.507338810308
           112.6600     -7.0600       19.513670597760
           112.6700     -7.0600       19.542289903867
           112.6800     -7.0600       19.575442072051
           112.6900     -7.0600       19.595103628172
           112.7000     -7.0600       19.584577280662
           112.7100     -7.0600       19.529940658246
           112.7200     -7.0600       19.421235970594
           112.7300     -7.0600       19.253312118954
           112.7400     -7.0600       19.026261618777
           112.7500     -7.0600       18.745429282949
           112.7600     -7.0600       18.421004978432
           112.7700     -7.0600       18.067245962734
           112.7800     -7.0600       17.701402655719
           112.7900     -7.0600       17.342443024170
           112.8000     -7.0600       17.009683529310
           112.8100     -7.0600       16.721438056913
           112.8200     -7.0600       16.493790467051
           112.8300     -7.0600       16.339582191462
           112.8400     -7.0600       16.267685172368
           112.8500     -7.0600       16.282604404142
           112.8600     -7.0600       16.384425767720
           112.8700     -7.0600       16.569096217241
           112.8800     -7.0600       16.828997073358
           112.8900     -7.0600       17.153749288525
           112.9000     -7.0600       17.531173706239
           112.9100     -7.0600       17.948320589110
           112.9200     -7.0600       18.392481445132
           112.9300     -7.0600       18.852102191928
           112.9400     -7.0600       19.317529118037
           112.9500     -7.0600       19.781536579594
           112.9600     -7.0600       20.239606198309
           112.9700     -7.0600       20.689949591155
           112.9800     -7.0600       21.133288425865
           112.9900     -7.0600       21.572425062619
           113.0000     -7.0600       22.011652701895
           112.0000     -7.0700       21.107130935172
           112.0100     -7.0700       21.126691090532
           112.0200     -7.0700       21.172233084012
           112.0300     -7.0700       21.233945932245
           112.0400     -7.0700       21.301151501517
           112.0500     -7.0700       21.363443606097
           112.0600     -7.0700       21.411787162500
           112.0700     -7.0700       21.439467320512
           112.0800     -7.0700       21.442792616271
           112.0900     -7.0700       21.421479583188
           112.1000     -7.0700       21.378676775445
           112.1100     -7.0700       21.320620989972
           112.1200     -7.0700       21.255954376662
           112.1300     -7.0700       21.194764737717
           112.1400     -7.0700       21.147439454328
           112.1500     -7.0700       21.123443440046
           112.1600     -7.0700       21.130141335078
           112.1700     -7.0700       21.171782773077
           112.1800     -7.0700       21.248756943710
           112.1900     -7.0700       21.357199846513
           112.2000     -7.0700       21.489006541326
           112.2100     -7.0700       21.632264085376
           112.2200     -7.0700       21.772081981731
           112.2300     -7.0700       21.891759367646
           112.2400     -7.0700       21.974195290672
           112.2500     -7.0700       22.003423315899
           112.2600     -7.0700       21.966136774847
           112.2700     -7.0700       21.853067713666
           112.2800     -7.0700       21.660091504249
           112.2900     -7.0700       21.388949544003
           112.3000     -7.0700       21.047512850352
           112.3100     -7.0700       20.649547118474
           112.3200     -7.0700       20.213981740826
           112.3300     -7.0700       19.763727771567
           112.3400     -7.0700       19.324129163310
           112.3500     -7.0700       18.921164356608
           112.3600     -7.0700       18.579538561064
           112.3700     -7.0700       18.320818733277
           112.3800     -7.0700       18.161762224912
           112.3900     -7.0700       18.112976329946
           112.4000     -7.0700       18.178020584754
           112.4100     -7.0700       18.353028753809
           112.4200     -7.0700       18.626885876739
           112.4300     -7.0700       18.981951042222
           112.4400     -7.0700       19.395272445588
           112.4500     -7.0700       19.840201483463
           112.4600     -7.0700       20.288280474210
           112.4700     -7.0700       20.711256746067
           112.4800     -7.0700       21.083066103061
           112.4900     -7.0700       21.381631827522
           112.5000     -7.0700       21.590341081906
           112.5100     -7.0700       21.699087449976
           112.5200     -7.0700       21.704804095601
           112.5300     -7.0700       21.611453577814
           112.5400     -7.0700       21.429484243676
           112.5500     -7.0700       21.174805667213
           112.5600     -7.0700       20.867373307920
           112.5700     -7.0700       20.529502370233
           112.5800     -7.0700       20.184050402272
           112.5900     -7.0700       19.852616017397
           112.6000     -7.0700       19.553896797973
           112.6100     -7.0700       19.302333516352
           112.6200     -7.0700       19.107141814076
           112.6300     -7.0700       18.971798762878
           112.6400     -7.0700       18.894013238187
           112.6500     -7.0700       18.866169056938
           112.6600     -7.0700       18.876191711155
           112.6700     -7.0700       18.908756383307
           112.6800     -7.0700       18.946729387313
           112.6900     -7.0700       18.972719169122
           112.7000     -7.0700       18.970607605684
           112.7100     -7.0700       18.926937724770
           112.7200     -7.0700       18.832049385999
           112.7300     -7.0700       18.680878348211
           112.7400     -7.0700       18.473364264938
           112.7500     -7.0700       18.214446803635
           112.7600     -7.0700       17.913663363307
           112.7700     -7.0700       17.584393892810
           112.7800     -7.0700       17.242825491933
           112.7900     -7.0700       16.906729704874
           112.8000     -7.0700       16.594157241788
           112.8100     -7.0700       16.322157598129
           112.8200     -7.0700       16.105624784133
           112.8300     -7.0700       15.956355985230
           112.8400     -7.0700       15.882388962260
           112.8500     -7.0700       15.887658386026
           112.8600     -7.0700       15.971983414829
           112.8700     -7.0700       16.131371099163
           112.8800     -7.0700       16.358594957148
           112.8900     -7.0700       16.643987325220
           112.9000     -7.0700       16.976369402298
           112.9100     -7.0700       17.344035243773
           112.9200     -7.0700       17.735705655813
           112.9300     -7.0700       18.141374681937
           112.9400     -7.0700       18.552984267327
           112.9500     -7.0700       18.964880353294
           112.9600     -7.0700       19.374024373907
           112.9700     -7.0700       19.779955999719
           112.9800     -7.0700       20.184524094501
           112.9900     -7.0700       20.591421473782
           113.0000     -7.0700       21.005573734066
           112.0000     -7.0800       20.632246227323
           112.0100     -7.0800       20.633612454963
           112.0200     -7.0800       20.668740422084
           112.0300     -7.0800       20.727869412226
           112.0400     -7.0800       20.800026736878
           112.0500     -7.0800       20.874176496049
           112.0600     -7.0800       20.940352226667
           112.0700     -7.0800       20.990661153978
           112.0800     -7.0800       21.020060223014
           112.0900     -7.0800       21.026826113013
           112.1000     -7.0800       21.012670989584
           112.1100     -7.0800       20.982490080064
           112.1200     -7.0800       20.943763061276
           112.1300     -7.0800       20.905665357187
           112.1400     -7.0800       20.877974536256
           112.1500     -7.0800       20.869878300021
           112.1600     -7.0800       20.888801996226
           112.1700     -7.0800       20.939374001080
           112.1800     -7.0800       21.022636537984
           112.1900     -7.0800       21.135588408768
           112.2000     -7.0800       21.271116541123
           112.2100     -7.0800       21.418337832516
           112.2200     -7.0800       21.563334687357
           112.2300     -7.0800       21.690230365398
           112.2400     -7.0800       21.782517210050
           112.2500     -7.0800       21.824525078546
           112.2600     -7.0800       21.802901292438
           112.2700     -7.0800       21.707968750069
           112.2800     -7.0800       21.534836069967
           112.2900     -7.0800       21.284152279214
           112.3000     -7.0800       20.962427110683
           112.3100     -7.0800       20.581874017258
           112.3200     -7.0800       20.159773452752
           112.3300     -7.0800       19.717395296534
           112.3400     -7.0800       19.278557895978
           112.3500     -7.0800       18.867933667120
           112.3600     -7.0800       18.509234645849
           112.3700     -7.0800       18.223423708606
           112.3800     -7.0800       18.027097232582
           112.3900     -7.0800       17.931172653725
           112.4000     -7.0800       17.939990691783
           112.4100     -7.0800       18.050908917605
           112.4200     -7.0800       18.254423626591
           112.4300     -7.0800       18.534814013160
           112.4400     -7.0800       18.871260053581
           112.4500     -7.0800       19.239346901150
           112.4600     -7.0800       19.612837233137
           112.4700     -7.0800       19.965571489651
           112.4800     -7.0800       20.273346086135
           112.4900     -7.0800       20.515622238544
           112.5000     -7.0800       20.676932729093
           112.5100     -7.0800       20.747879447611
           112.5200     -7.0800       20.725648649109
           112.5300     -7.0800       20.614010643030
           112.5400     -7.0800       20.422812693715
           112.5500     -7.0800       20.167014727687
           112.5600     -7.0800       19.865353621151
           112.5700     -7.0800       19.538750426032
           112.5800     -7.0800       19.208593611536
           112.5900     -7.0800       18.895038844130
           112.6000     -7.0800       18.615461568883
           112.6100     -7.0800       18.383183251389
           112.6200     -7.0800       18.206567085221
           112.6300     -7.0800       18.088546545171
           112.6400     -7.0800       18.026613230197
           112.6500     -7.0800       18.013252174210
           112.6600     -7.0800       18.036776435165
           112.6700     -7.0800       18.082481300181
           112.6800     -7.0800       18.134014381611
           112.6900     -7.0800       18.174843055158
           112.7000     -7.0800       18.189696109569
           112.7100     -7.0800       18.165862248496
           112.7200     -7.0800       18.094243440274
           112.7300     -7.0800       17.970084489937
           112.7400     -7.0800       17.793329412230
           112.7500     -7.0800       17.568587584963
           112.7600     -7.0800       17.304725434823
           112.7700     -7.0800       17.014129781338
           112.7800     -7.0800       16.711714457379
           112.7900     -7.0800       16.413760448081
           112.8000     -7.0800       16.136690205108
           112.8100     -7.0800       15.895878404828
           112.8200     -7.0800       15.704594402728
           112.8300     -7.0800       15.573156898632
           112.8400     -7.0800       15.508360401699
           112.8500     -7.0800       15.513207978235
           112.8600     -7.0800       15.586957770084
           112.8700     -7.0800       15.725464253399
           112.8800     -7.0800       15.921771401529
           112.8900     -7.0800       16.166895736407
           112.9000     -7.0800       16.450724140700
           112.9100     -7.0800       16.762945119565
           112.9200     -7.0800       17.093933175750
           112.9300     -7.0800       17.435513699601
           112.9400     -7.0800       17.781549316416
           112.9500     -7.0800       18.128306559949
           112.9600     -7.0800       18.474582322018
           112.9700     -7.0800       18.821590883918
           112.9800     -7.0800       19.172632606924
           112.9900     -7.0800       19.532582870773
           113.0000     -7.0800       19.907253244363
           112.0000     -7.0900       20.358194683295
           112.0100     -7.0900       20.332409307224
           112.0200     -7.0900       20.347261501420
           112.0300     -7.0900       20.393272640126
           112.0400     -7.0900       20.459388567746
           112.0500     -7.0900       20.534126582997
           112.0600     -7.0900       20.606733400497
           112.0700     -7.0900       20.668240230328
           112.0800     -7.0900       20.712311591815
           112.0900     -7.0900       20.735804784635
           112.1000     -7.0900       20.738985168278
           112.1100     -7.0900       20.725375901034
           112.1200     -7.0900       20.701256417747
           112.1300     -7.0900       20.674858334011
           112.1400     -7.0900       20.655337411442
           112.1500     -7.0900       20.651622868363
           112.1600     -7.0900       20.671258505918
           112.1700     -7.0900       20.719352545490
           112.1800     -7.0900       20.797744435883
           112.1900     -7.0900       20.904477908326
           112.2000     -7.0900       21.033641914502
           112.2100     -7.0900       21.175607267463
           112.2200     -7.0900       21.317649891106
           112.2300     -7.0900       21.444914948827
           112.2400     -7.0900       21.541643141062
           112.2500     -7.0900       21.592554198133
           112.2600     -7.0900       21.584265521669
           112.2700     -7.0900       21.506617698590
           112.2800     -7.0900       21.353783908821
           112.2900     -7.0900       21.125056716699
           112.3000     -7.0900       20.825232013117
           112.3100     -7.0900       20.464543707693
           112.3200     -7.0900       20.058141214386
           112.3300     -7.0900       19.625141458403
           112.3400     -7.0900       19.187324557148
           112.3500     -7.0900       18.767574177211
           112.3600     -7.0900       18.388187006123
           112.3700     -7.0900       18.069188696396
           112.3800     -7.0900       17.826794853765
           112.3900     -7.0900       17.672144989038
           112.4000     -7.0900       17.610415709068
           112.4100     -7.0900       17.640388622859
           112.4200     -7.0900       17.754511117115
           112.4300     -7.0900       17.939447509786
           112.4400     -7.0900       18.177077602293
           112.4500     -7.0900       18.445862781023
           112.4600     -7.0900       18.722469703099
           112.4700     -7.0900       18.983520781507
           112.4800     -7.0900       19.207330889286
           112.4900     -7.0900       19.375491702125
           112.5000     -7.0900       19.474178646423
           112.5100     -7.0900       19.495079280268
           112.5200     -7.0900       19.435873999634
           112.5300     -7.0900       19.300237441181
           112.5400     -7.0900       19.097368622321
           112.5500     -7.0900       18.841096343910
           112.5600     -7.0900       18.548640448967
           112.5700     -7.0900       18.239136369659
           112.5800     -7.0900       17.932047848260
           112.5900     -7.0900       17.645599463075
           112.6000     -7.0900       17.395356238582
           112.6100     -7.0900       17.193062735232
           112.6200     -7.0900       17.045830051691
           112.6300     -7.0900       16.955728332246
           112.6400     -7.0900       16.919807400841
           112.6500     -7.0900       16.930532084724
           112.6600     -7.0900       16.976584718617
           112.6700     -7.0900       17.043958071976
           112.6800     -7.0900       17.117239879392
           112.6900     -7.0900       17.180976969717
           112.7000     -7.0900       17.221003576111
           112.7100     -7.0900       17.225624800503
           112.7200     -7.0900       17.186561595393
           112.7300     -7.0900       17.099586456370
           112.7400     -7.0900       16.964807136468
           112.7500     -7.0900       16.786586550234
           112.7600     -7.0900       16.573117919728
           112.7700     -7.0900       16.335702490834
           112.7800     -7.0900       16.087800483462
           112.7900     -7.0900       15.843942496529
           112.8000     -7.0900       15.618597172239
           112.8100     -7.0900       15.425091064160
           112.8200     -7.0900       15.274668623564
           112.8300     -7.0900       15.175764989388
           112.8400     -7.0900       15.133543399218
           112.8500     -7.0900       15.149724526660
           112.8600     -7.0900       15.222709134790
           112.8700     -7.0900       15.347970398077
           112.8800     -7.0900       15.518670209145
           112.8900     -7.0900       15.726436536014
           112.9000     -7.0900       15.962227730710
           112.9100     -7.0900       16.217205334027
           112.9200     -7.0900       16.483539475771
           112.9300     -7.0900       16.755079932406
           112.9400     -7.0900       17.027840235366
           112.9500     -7.0900       17.300260459818
           112.9600     -7.0900       17.573234724831
           112.9700     -7.0900       17.849910148005
           112.9800     -7.0900       18.135283222336
           112.9900     -7.0900       18.435635733796
           113.0000     -7.0900       18.757864169302
           112.0000     -7.1000       20.296362869787
           112.0100     -7.1000       20.236342786547
           112.0200     -7.1000       20.222651678544
           112.0300     -7.1000       20.246305911110
           112.0400     -7.1000       20.296372316760
           112.0500     -7.1000       20.361102169705
           112.0600     -7.1000       20.429105897284
           112.0700     -7.1000       20.490453749412
           112.0800     -7.1000       20.537595861119
           112.0900     -7.1000       20.566013419416
           112.1000     -7.1000       20.574539226820
           112.1100     -7.1000       20.565318315670
           112.1200     -7.1000       20.543414352890
           112.1300     -7.1000       20.516102080543
           112.1400     -7.1000       20.491916718771
           112.1500     -7.1000       20.479555229462
           112.1600     -7.1000       20.486739342169
           112.1700     -7.1000       20.519154853641
           112.1800     -7.1000       20.579575469036
           112.1900     -7.1000       20.667262903815
           112.2000     -7.1000       20.777709614355
           112.2100     -7.1000       20.902758693756
           112.2200     -7.1000       21.031100083249
           112.2300     -7.1000       21.149106570336
           112.2400     -7.1000       21.241940370718
           112.2500     -7.1000       21.294834454485
           112.2600     -7.1000       21.294434667488
           112.2700     -7.1000       21.230080834532
           112.2800     -7.1000       21.094908202128
           112.2900     -7.1000       20.886664573911
           112.3000     -7.1000       20.608162118005
           112.3100     -7.1000       20.267314013674
           112.3200     -7.1000       19.876742097191
           112.3300     -7.1000       19.452979266761
           112.3400     -7.1000       19.015326264225
           112.3500     -7.1000       18.584453366832
           112.3600     -7.1000       18.180860731464
           112.3700     -7.1000       17.823324555091
           112.3800     -7.1000       17.527458635773
           112.3900     -7.1000       17.304512099977
           112.4000     -7.1000       17.160504759660
           112.4100     -7.1000       17.095773455816
           112.4200     -7.1000       17.104968285440
           112.4300     -7.1000       17.177499799273
           112.4400     -7.1000       17.298400385635
           112.4500     -7.1000       17.449528400786
           112.4600     -7.1000       17.611015151636
           112.4700     -7.1000       17.762835007629
           112.4800     -7.1000       17.886369374087
           112.4900     -7.1000       17.965836750758
           112.5000     -7.1000       17.989473413379
           112.5100     -7.1000       17.950371241002
           112.5200     -7.1000       17.846908887856
           112.5300     -7.1000       17.682747239302
           112.5400     -7.1000       17.466396860963
           112.5500     -7.1000       17.210400772955
           112.5600     -7.1000       16.930207321186
           112.5700     -7.1000       16.642832542172
           112.5800     -7.1000       16.365427220698
           112.5900     -7.1000       16.113869608740
           112.6000     -7.1000       15.901500183708
           112.6100     -7.1000       15.738100450605
           112.6200     -7.1000       15.629195048556
           112.6300     -7.1000       15.575727418678
           112.6400     -7.1000       15.574126640900
           112.6500     -7.1000       15.616749630368
           112.6600     -7.1000       15.692651586026
           112.6700     -7.1000       15.788611047633
           112.6800     -7.1000       15.890316315956
           112.6900     -7.1000       15.983608847280
           112.7000     -7.1000       16.055677302261
           112.7100     -7.1000       16.096103146846
           112.7200     -7.1000       16.097674212803
           112.7300     -7.1000       16.056904870394
           112.7400     -7.1000       15.974228342546
           112.7500     -7.1000       15.853855746192
           112.7600     -7.1000       15.703325105400
           112.7700     -7.1000       15.532789369701
           112.7800     -7.1000       15.354113236229
           112.7900     -7.1000       15.179862661791
           112.8000     -7.1000       15.022277337976
           112.8100     -7.1000       14.892314769830
           112.8200     -7.1000       14.798845338347
           112.8300     -7.1000       14.748061887634
           112.8400     -7.1000       14.743146550901
           112.8500     -7.1000       14.784213695027
           112.8600     -7.1000       14.868523200297
           112.8700     -7.1000       14.990934981036
           112.8800     -7.1000       15.144555683227
           112.8900     -7.1000       15.321513495161
           112.9000     -7.1000       15.513788111469
           112.9100     -7.1000       15.714020658229
           112.9200     -7.1000       15.916232769513
           112.9300     -7.1000       16.116394376241
           112.9400     -7.1000       16.312794996128
           112.9500     -7.1000       16.506191883973
           112.9600     -7.1000       16.699728565723
           112.9700     -7.1000       16.898637218396
           112.9800     -7.1000       17.109756346745
           112.9900     -7.1000       17.340909766753
           113.0000     -7.1000       17.600202921901
           112.0000     -7.1100       20.439712573144
           112.0100     -7.1100       20.340749132242
           112.0200     -7.1100       20.292449299381
           112.0300     -7.1100       20.286507697811
           112.0400     -7.1100       20.312292481279
           112.0500     -7.1100       20.357955683531
           112.0600     -7.1100       20.411616081746
           112.0700     -7.1100       20.462499541500
           112.0800     -7.1100       20.501927543153
           112.0900     -7.1100       20.524060573942
           112.1000     -7.1100       20.526327722667
           112.1100     -7.1100       20.509504757910
           112.1200     -7.1100       20.477437260104
           112.1300     -7.1100       20.436439774538
           112.1400     -7.1100       20.394433227824
           112.1500     -7.1100       20.359908083468
           112.1600     -7.1100       20.340817558925
           112.1700     -7.1100       20.343512133278
           112.1800     -7.1100       20.371822918356
           112.1900     -7.1100       20.426387607556
           112.2000     -7.1100       20.504289962984
           112.2100     -7.1100       20.599054282050
           112.2200     -7.1100       20.701002750890
           112.2300     -7.1100       20.797949162068
           112.2400     -7.1100       20.876170344516
           112.2500     -7.1100       20.921569804602
           112.2600     -7.1100       20.920928999864
           112.2700     -7.1100       20.863132135413
           112.2800     -7.1100       20.740251284824
           112.2900     -7.1100       20.548389932640
           112.3000     -7.1100       20.288203706160
           112.3100     -7.1100       19.965045247351
           112.3200     -7.1100       19.588713326891
           112.3300     -7.1100       19.172821428478
           112.3400     -7.1100       18.733834964256
           112.3500     -7.1100       18.289855965537
           112.3600     -7.1100       17.859256860058
           112.3700     -7.1100       17.459278758920
           112.3800     -7.1100       17.104713304227
           112.3900     -7.1100       16.806780260277
           112.4000     -7.1100       16.572296295260
           112.4100     -7.1100       16.403205304740
           112.4200     -7.1100       16.296509419358
           112.4300     -7.1100       16.244605297326
           112.4400     -7.1100       16.235995488415
           112.4500     -7.1100       16.256312636614
           112.4600     -7.1100       16.289567861693
           112.4700     -7.1100       16.319516107181
           112.4800     -7.1100       16.331022131206
           112.4900     -7.1100       16.311311865671
           112.5000     -7.1100       16.251004893414
           112.5100     -7.1100       16.144843728197
           112.5200     -7.1100       15.992062590077
           112.5300     -7.1100       15.796370007026
           112.5400     -7.1100       15.565553021948
           112.5500     -7.1100       15.310743097161
           112.5600     -7.1100       15.045412179162
           112.5700     -7.1100       14.784189394275
           112.5800     -7.1100       14.541602663776
           112.5900     -7.1100       14.330854077704
           112.6000     -7.1100       14.162732903890
           112.6100     -7.1100       14.044756228978
           112.6200     -7.1100       13.980605802564
           112.6300     -7.1100       13.969902696061
           112.6400     -7.1100       14.008331358283
           112.6500     -7.1100       14.088094238907
           112.6600     -7.1100       14.198650030455
           112.6700     -7.1100       14.327665166653
           112.6800     -7.1100       14.462091463910
           112.6900     -7.1100       14.589274028581
           112.7000     -7.1100       14.697993368284
           112.7100     -7.1100       14.779353861994
           112.7200     -7.1100       14.827446443814
           112.7300     -7.1100       14.839734980338
           112.7400     -7.1100       14.817141323772
           112.7500     -7.1100       14.763831059494
           112.7600     -7.1100       14.686728114071
           112.7700     -7.1100       14.594809362083
           112.7800     -7.1100       14.498248219576
           112.7900     -7.1100       14.407487494069
           112.8000     -7.1100       14.332325651130
           112.8100     -7.1100       14.281097009032
           112.8200     -7.1100       14.260015712628
           112.8300     -7.1100       14.272736801556
           112.8400     -7.1100       14.320166903354
           112.8500     -7.1100       14.400534009279
           112.8600     -7.1100       14.509702537645
           112.8700     -7.1100       14.641698520400
           112.8800     -7.1100       14.789392099067
           112.8900     -7.1100       14.945272036941
           112.9000     -7.1100       15.102240591691
           112.9100     -7.1100       15.254357219944
           112.9200     -7.1100       15.397465987217
           112.9300     -7.1100       15.529653466363
           112.9400     -7.1100       15.651500095354
           112.9500     -7.1100       15.766106861683
           112.9600     -7.1100       15.878899032008
           112.9700     -7.1100       15.997227675690
           112.9800     -7.1100       16.129806302440
           112.9900     -7.1100       16.286032691444
           113.0000     -7.1100       16.475253968513
           112.0000     -7.1200       20.763070828727
           112.0100     -7.1200       20.623110238208
           112.0200     -7.1200       20.536735024822
           112.0300     -7.1200       20.496463615864
           112.0400     -7.1200       20.492114749388
           112.0500     -7.1200       20.511884569644
           112.0600     -7.1200       20.543529320138
           112.0700     -7.1200       20.575539012043
           112.0800     -7.1200       20.598190539289
           112.0900     -7.1200       20.604382200817
           112.1000     -7.1200       20.590174080826
           112.1100     -7.1200       20.554988018995
           112.1200     -7.1200       20.501454159769
           112.1300     -7.1200       20.434925150959
           112.1400     -7.1200       20.362710772385
           112.1500     -7.1200       20.293112173123
           112.1600     -7.1200       20.234353561741
           112.1700     -7.1200       20.193518449422
           112.1800     -7.1200       20.175596602290
           112.1900     -7.1200       20.182736882181
           112.2000     -7.1200       20.213781240983
           112.2100     -7.1200       20.264128200337
           112.2200     -7.1200       20.325942751284
           112.2300     -7.1200       20.388696698716
           112.2400     -7.1200       20.439992125074
           112.2500     -7.1200       20.466593764288
           112.2600     -7.1200       20.455576136841
           112.2700     -7.1200       20.395480120091
           112.2800     -7.1200       20.277372215138
           112.2900     -7.1200       20.095708217479
           112.3000     -7.1200       19.848920490217
           112.3100     -7.1200       19.539672935805
           112.3200     -7.1200       19.174757754450
           112.3300     -7.1200       18.764640400171
           112.3400     -7.1200       18.322690837587
           112.3500     -7.1200       17.864167377470
           112.3600     -7.1200       17.405041479723
           112.3700     -7.1200       16.960765980310
           112.3800     -7.1200       16.545093990757
           112.3900     -7.1200       16.169050854208
           112.4000     -7.1200       15.840147519249
           112.4100     -7.1200       15.561901837862
           112.4200     -7.1200       15.333706632273
           112.4300     -7.1200       15.151052441675
           112.4400     -7.1200       15.006081462919
           112.4500     -7.1200       14.888420164971
           112.4600     -7.1200       14.786213971568
           112.4700     -7.1200       14.687270384094
           112.4800     -7.1200       14.580208413552
           112.4900     -7.1200       14.455512878727
           112.5000     -7.1200       14.306401844177
           112.5100     -7.1200       14.129433241909
           112.5200     -7.1200       13.924800855743
           112.5300     -7.1200       13.696298106273
           112.5400     -7.1200       13.450957872545
           112.5500     -7.1200       13.198405234482
           112.5600     -7.1200       12.949984967042
           112.5700     -7.1200       12.717744681011
           112.5800     -7.1200       12.513366063240
           112.5900     -7.1200       12.347139798058
           112.6000     -7.1200       12.227074299893
           112.6100     -7.1200       12.158214978486
           112.6200     -7.1200       12.142230722688
           112.6300     -7.1200       12.177299532462
           112.6400     -7.1200       12.258298051745
           112.6500     -7.1200       12.377272637844
           112.6600     -7.1200       12.524144979531
           112.6700     -7.1200       12.687585313212
           112.6800     -7.1200       12.855972694173
           112.6900     -7.1200       13.018355662761
           112.7000     -7.1200       13.165328414665
           112.7100     -7.1200       13.289746932229
           112.7200     -7.1200       13.387225474367
           112.7300     -7.1200       13.456374793815
           112.7400     -7.1200       13.498767465886
           112.7500     -7.1200       13.518640549698
           112.7600     -7.1200       13.522369207809
           112.7700     -7.1200       13.517764803750
           112.7800     -7.1200       13.513265658855
           112.7900     -7.1200       13.517096866670
           112.8000     -7.1200       13.536476728886
           112.8100     -7.1200       13.576941533940
           112.8200     -7.1200       13.641848222112
           112.8300     -7.1200       13.732097200053
           112.8400     -7.1200       13.846096846802
           112.8500     -7.1200       13.979969029010
           112.8600     -7.1200       14.127973242582
           112.8700     -7.1200       14.283107754350
           112.8800     -7.1200       14.437830996140
           112.8900     -7.1200       14.584836719248
           112.9000     -7.1200       14.717812789027
           112.9100     -7.1200       14.832116158720
           112.9200     -7.1200       14.925305110857
           112.9300     -7.1200       14.997483378395
           112.9400     -7.1200       15.051427921060
           112.9500     -7.1200       15.092491311837
           112.9600     -7.1200       15.128289129993
           112.9700     -7.1200       15.168200736589
           112.9800     -7.1200       15.222726789246
           112.9900     -7.1200       15.302757618166
           113.0000     -7.1200       15.418812338353
           112.0000     -7.1300       21.224873223103
           112.0100     -7.1300       21.044556668404
           112.0200     -7.1300       20.919393507558
           112.0300     -7.1300       20.842828725550
           112.0400     -7.1300       20.805243948207
           112.0500     -7.1300       20.794992946620
           112.0600     -7.1300       20.799576365158
           112.0700     -7.1300       20.806842110928
           112.0800     -7.1300       20.806098209195
           112.0900     -7.1300       20.789035783739
           112.1000     -7.1300       20.750379969349
           112.1100     -7.1300       20.688213976017
           112.1200     -7.1300       20.603953534844
           112.1300     -7.1300       20.501982516411
           112.1400     -7.1300       20.388992480899
           112.1500     -7.1300       20.273096348375
           112.1600     -7.1300       20.162806785428
           112.1700     -7.1300       20.065981495594
           112.1800     -7.1300       19.988839423987
           112.1900     -7.1300       19.935143908486
           112.2000     -7.1300       19.905631907909
           112.2100     -7.1300       19.897744304918
           112.2200     -7.1300       19.905683259718
           112.2300     -7.1300       19.920791445008
           112.2400     -7.1300       19.932217649977
           112.2500     -7.1300       19.927806516961
           112.2600     -7.1300       19.895129514005
           112.2700     -7.1300       19.822561502523
           112.2800     -7.1300       19.700303528236
           112.2900     -7.1300       19.521257992988
           112.3000     -7.1300       19.281676541593
           112.3100     -7.1300       18.981522414111
           112.3200     -7.1300       18.624515608500
           112.3300     -7.1300       18.217858454606
           112.3400     -7.1300       17.771668384577
           112.3500     -7.1300       17.298171101740
           112.3600     -7.1300       16.810728592495
           112.3700     -7.1300       16.322790593174
           112.3800     -7.1300       15.846863991771
           112.3900     -7.1300       15.393591770435
           112.4000     -7.1300       14.971021848835
           112.4100     -7.1300       14.584127710130
           112.4200     -7.1300       14.234618773535
           112.4300     -7.1300       13.921051393877
           112.4400     -7.1300       13.639223656610
           112.4500     -7.1300       13.382811360389
           112.4600     -7.1300       13.144181090966
           112.4700     -7.1300       12.915301016343
           112.4800     -7.1300       12.688662301479
           112.4900     -7.1300       12.458124464652
           112.5000     -7.1300       12.219606428651
           112.5100     -7.1300       11.971560571593
           112.5200     -7.1300       11.715188220743
           112.5300     -7.1300       11.454379727988
           112.5400     -7.1300       11.195388184895
           112.5500     -7.1300       10.946270563217
           112.5600     -7.1300       10.716151329536
           112.5700     -7.1300       10.514379457721
           112.5800     -7.1300       10.349658850340
           112.5900     -7.1300       10.229233727839
           112.6000     -7.1300       10.158204506646
           112.6100     -7.1300       10.139036722414
           112.6200     -7.1300       10.171306952145
           112.6300     -7.1300       10.251707243999
           112.6400     -7.1300       10.374305403171
           112.6500     -7.1300       10.531034864197
           112.6600     -7.1300       10.712366982726
           112.6700     -7.1300       10.908102301322
           112.6800     -7.1300       11.108207130795
           112.6900     -7.1300       11.303618507809
           112.7000     -7.1300       11.486944456620
           112.7100     -7.1300       11.652997050222
           112.7200     -7.1300       11.799111974375
           112.7300     -7.1300       11.925228581104
           112.7400     -7.1300       12.033726855823
           112.7500     -7.1300       12.129040221228
           112.7600     -7.1300       12.217083591277
           112.7700     -7.1300       12.304552712452
           112.7800     -7.1300       12.398162110883
           112.7900     -7.1300       12.503893937264
           112.8000     -7.1300       12.626328293557
           112.8100     -7.1300       12.768117480204
           112.8200     -7.1300       12.929652849226
           112.8300     -7.1300       13.108954916247
           112.8400     -7.1300       13.301796772157
           112.8500     -7.1300       13.502049550022
           112.8600     -7.1300       13.702218682051
           112.8700     -7.1300       13.894122714538
           112.8800     -7.1300       14.069654016649
           112.8900     -7.1300       14.221553864860
           112.9000     -7.1300       14.344133626934
           112.9100     -7.1300       14.433879064454
           112.9200     -7.1300       14.489885531886
           112.9300     -7.1300       14.514087003134
           112.9400     -7.1300       14.511259961718
           112.9500     -7.1300       14.488802573451
           112.9600     -7.1300       14.456308472707
           112.9700     -7.1300       14.424971273943
           112.9800     -7.1300       14.406869144842
           112.9900     -7.1300       14.414187382693
           113.0000     -7.1300       14.458440306019
           112.0000     -7.1400       21.770218587855
           112.0100     -7.1400       21.552681362298
           112.0200     -7.1400       21.390675743298
           112.0300     -7.1400       21.278631326025
           112.0400     -7.1400       21.207565402446
           112.0500     -7.1400       21.166070058435
           112.0600     -7.1400       21.141471849645
           112.0700     -7.1400       21.121052180866
           112.0800     -7.1400       21.093214139067
           112.0900     -7.1400       21.048489679943
           112.1000     -7.1400       20.980298752690
           112.1100     -7.1400       20.885397329509
           112.1200     -7.1400       20.763981880773
           112.1300     -7.1400       20.619450676941
           112.1400     -7.1400       20.457854331083
           112.1500     -7.1400       20.287096286174
           112.1600     -7.1400       20.115965969636
           112.1700     -7.1400       19.953101184207
           112.1800     -7.1400       19.805980871850
           112.1900     -7.1400       19.680044447971
           112.2000     -7.1400       19.578020111962
           112.2100     -7.1400       19.499523357762
           112.2200     -7.1400       19.440960451209
           112.2300     -7.1400       19.395742472423
           112.2400     -7.1400       19.354786405998
           112.2500     -7.1400       19.307253404583
           112.2600     -7.1400       19.241453149357
           112.2700     -7.1400       19.145829054557
           112.2800     -7.1400       19.009933093771
           112.2900     -7.1400       18.825301656966
           112.3000     -7.1400       18.586154663921
           112.3100     -7.1400       18.289857991011
           112.3200     -7.1400       17.937112310395
           112.3300     -7.1400       17.531857437285
           112.3400     -7.1400       17.080907742461
           112.3500     -7.1400       16.593358626942
           112.3600     -7.1400       16.079824224143
           112.3700     -7.1400       15.551580585293
           112.3800     -7.1400       15.019695414630
           112.3900     -7.1400       14.494224457814
           112.4000     -7.1400       13.983546157191
           112.4100     -7.1400       13.493891124005
           112.4200     -7.1400       13.029102897013
           112.4300     -7.1400       12.590643362563
           112.4400     -7.1400       12.177832356917
           112.4500     -7.1400       11.788288643829
           112.4600     -7.1400       11.418520762184
           112.4700     -7.1400       11.064602891965
           112.4800     -7.1400       10.722864077069
           112.4900     -7.1400       10.390519412881
           112.5000     -7.1400       10.066179013664
           112.5100     -7.1400        9.750183917365
           112.5200     -7.1400        9.444736185525
           112.5300     -7.1400        9.153811499614
           112.5400     -7.1400        8.882864470235
           112.5500     -7.1400        8.638357533163
           112.5600     -7.1400        8.427161723088
           112.5700     -7.1400        8.255890143297
           112.5800     -7.1400        8.130231424690
           112.5900     -7.1400        8.054350320895
           112.6000     -7.1400        8.030415887665
           112.6100     -7.1400        8.058305141781
           112.6200     -7.1400        8.135512938606
           112.6300     -7.1400        8.257278729925
           112.6400     -7.1400        8.416919812002
           112.6500     -7.1400        8.606340674222
           112.6600     -7.1400        8.816671022434
           112.6700     -7.1400        9.038972595009
           112.6800     -7.1400        9.264948184407
           112.6900     -7.1400        9.487585940408
           112.7000     -7.1400        9.701678073741
           112.7100     -7.1400        9.904164907400
           112.7200     -7.1400       10.094271701155
           112.7300     -7.1400       10.273425234190
           112.7400     -7.1400       10.444957921247
           112.7500     -7.1400       10.613627303354
           112.7600     -7.1400       10.784996217681
           112.7700     -7.1400       10.964732188219
           112.7800     -7.1400       11.157892368987
           112.7900     -7.1400       11.368262007633
           112.8000     -7.1400       11.597809748059
           112.8100     -7.1400       11.846312608209
           112.8200     -7.1400       12.111188140738
           112.8300     -7.1400       12.387552537718
           112.8400     -7.1400       12.668503006208
           112.8500     -7.1400       12.945602491115
           112.8600     -7.1400       13.209526592708
           112.8700     -7.1400       13.450817954011
           112.8800     -7.1400       13.660683762684
           112.8900     -7.1400       13.831768143785
           112.9000     -7.1400       13.958833400801
           112.9100     -7.1400       14.039292027540
           112.9200     -7.1400       14.073544377181
           112.9300     -7.1400       14.065093611461
           112.9400     -7.1400       14.020428516295
           112.9500     -7.1400       13.948684239387
           112.9600     -7.1400       13.861109247594
           112.9700     -7.1400       13.770382228816
           112.9800     -7.1400       13.689833975925
           112.9900     -7.1400       13.632635590769
           113.0000     -7.1400       13.611015212252
           112.0000     -7.1500       22.334986504031
           112.0100     -7.1500       22.085435799764
           112.0200     -7.1500       21.890854926799
           112.0300     -7.1500       21.746672597982
           112.0400     -7.1500       21.644575784901
           112.0500     -7.1500       21.573443254251
           112.0600     -7.1500       21.520483910288
           112.0700     -7.1500       21.472470351525
           112.0800     -7.1500       21.416952997727
           112.0900     -7.1500       21.343345591011
           112.1000     -7.1500       21.243788038344
           112.1100     -7.1500       21.113715799368
           112.1200     -7.1500       20.952094000934
           112.1300     -7.1500       20.761306385925
           112.1400     -7.1500       20.546721091827
           112.1500     -7.1500       20.315984199402
           112.1600     -7.1500       20.078115434589
           112.1700     -7.1500       19.842496359119
           112.1800     -7.1500       19.617848597749
           112.1900     -7.1500       19.411297707566
           112.2000     -7.1500       19.227607634671
           112.2100     -7.1500       19.068652552831
           112.2200     -7.1500       18.933169121611
           112.2300     -7.1500       18.816805188409
           112.2400     -7.1500       18.712453277425
           112.2500     -7.1500       18.610831437118
           112.2600     -7.1500       18.501252487158
           112.2700     -7.1500       18.372507287787
           112.2800     -7.1500       18.213779600122
           112.2900     -7.1500       18.015509943557
           112.3000     -7.1500       17.770133361625
           112.3100     -7.1500       17.472630243345
           112.3200     -7.1500       17.120848769062
           112.3300     -7.1500       16.715580169014
           112.3400     -7.1500       16.260391563329
           112.3500     -7.1500       15.761243429693
           112.3600     -7.1500       15.225937642100
           112.3700     -7.1500       14.663455843970
           112.3800     -7.1500       14.083255496791
           112.3900     -7.1500       13.494591748030
           112.4000     -7.1500       12.905927423179
           112.4100     -7.1500       12.324481738856
           112.4200     -7.1500       11.755952079054
           112.4300     -7.1500       11.204424106190
           112.4400     -7.1500       10.672465556794
           112.4500     -7.1500       10.161380299344
           112.4600     -7.1500        9.671583451331
           112.4700     -7.1500        9.203047070624
           112.4800     -7.1500        8.755760183138
           112.4900     -7.1500        8.330147145425
           112.5000     -7.1500        7.927394423956
           112.5100     -7.1500        7.549647077853
           112.5200     -7.1500        7.200051333643
           112.5300     -7.1500        6.882637040894
           112.5400     -7.1500        6.602051687841
           112.5500     -7.1500        6.363174198446
           112.5600     -7.1500        6.170650241454
           112.5700     -7.1500        6.028399890815
           112.5800     -7.1500        5.939152267826
           112.5900     -7.1500        5.904059889226
           112.6000     -7.1500        5.922438033655
           112.6100     -7.1500        5.991662262802
           112.6200     -7.1500        6.107241508304
           112.6300     -7.1500        6.263066428619
           112.6400     -7.1500        6.451814817499
           112.6500     -7.1500        6.665479497032
           112.6600     -7.1500        6.895970992864
           112.6700     -7.1500        7.135738695786
           112.6800     -7.1500        7.378351051774
           112.6900     -7.1500        7.618977954670
           112.7000     -7.1500        7.854726744027
           112.7100     -7.1500        8.084796294016
           112.7200     -7.1500        8.310430404824
           112.7300     -7.1500        8.534670506520
           112.7400     -7.1500        8.761926781213
           112.7500     -7.1500        8.997404389270
           112.7600     -7.1500        9.246435871461
           112.7700     -7.1500        9.513780606686
           112.7800     -7.1500        9.802956475799
           112.7900     -7.1500       10.115667172552
           112.8000     -7.1500       10.451381027012
           112.8100     -7.1500       10.807104425709
           112.8200     -7.1500       11.177376071101
           112.8300     -7.1500       11.554488942799
           112.8400     -7.1500       11.928926660860
           112.8500     -7.1500       12.289981835337
           112.8600     -7.1500       12.626507645570
           112.8700     -7.1500       12.927741799613
           112.8800     -7.1500       13.184135258528
           112.8900     -7.1500       13.388117263128
           112.9000     -7.1500       13.534733322314
           112.9100     -7.1500       13.622103422519
           112.9200     -7.1500       13.651662814963
           112.9300     -7.1500       13.628165952988
           112.9400     -7.1500       13.559453840893
           112.9500     -7.1500       13.456004460004
           112.9600     -7.1500       13.330303349328
           112.9700     -7.1500       13.196085333477
           112.9800     -7.1500       13.067507646886
           112.9900     -7.1500       12.958318579474
           113.0000     -7.1500       12.881084044606
           112.0000     -7.1600       22.850682856643
           112.0100     -7.1600       22.575792815769
           112.0200     -7.1600       22.354680337046
           112.0300     -7.1600       22.183748105462
           112.0400     -7.1600       22.055351851373
           112.0500     -7.1600       21.958676887622
           112.0600     -7.1600       21.880849656939
           112.0700     -7.1600       21.808177543294
           112.0800     -7.1600       21.727402615323
           112.0900     -7.1600       21.626857794718
           112.1000     -7.1600       21.497426592048
           112.1100     -7.1600       21.333228579450
           112.1200     -7.1600       21.131980019980
           112.1300     -7.1600       20.895009900901
           112.1400     -7.1600       20.626943138380
           112.1500     -7.1600       20.335092078475
           112.1600     -7.1600       20.028622045801
           112.1700     -7.1600       19.717574530409
           112.1800     -7.1600       19.411841281347
           112.1900     -7.1600       19.120183505308
           112.2000     -7.1600       18.849382779862
           112.2100     -7.1600       18.603595181092
           112.2200     -7.1600       18.383959146240
           112.2300     -7.1600       18.188482874412
           112.2400     -7.1600       18.012211011840
           112.2500     -7.1600       17.847645409092
           112.2600     -7.1600       17.685373123085
           112.2700     -7.1600       17.514838421034
           112.2800     -7.1600       17.325185629100
           112.2900     -7.1600       17.106096902320
           112.3000     -7.1600       16.848553327279
           112.3100     -7.1600       16.545458492291
           112.3200     -7.1600       16.192079482590
           112.3300     -7.1600       15.786279458159
           112.3400     -7.1600       15.328536572306
           112.3500     -7.1600       14.821763956373
           112.3600     -7.1600       14.270962937378
           112.3700     -7.1600       13.682754997493
           112.3800     -7.1600       13.064846114584
           112.3900     -7.1600       12.425479484219
           112.4000     -7.1600       11.772929249209
           112.4100     -7.1600       11.115079356407
           112.4200     -7.1600       10.459119117740
           112.4300     -7.1600        9.811371937472
           112.4400     -7.1600        9.177257656430
           112.4500     -7.1600        8.561373769440
           112.4600     -7.1600        7.967667971578
           112.4700     -7.1600        7.399665365433
           112.4800     -7.1600        6.860709082588
           112.4900     -7.1600        6.354173407697
           112.5000     -7.1600        5.883613588091
           112.5100     -7.1600        5.452825710535
           112.5200     -7.1600        5.065802249742
           112.5300     -7.1600        4.726582752362
           112.5400     -7.1600        4.439013066966
           112.5500     -7.1600        4.206439016407
           112.5600     -7.1600        4.031370046782
           112.5700     -7.1600        3.915154092883
           112.5800     -7.1600        3.857706004189
           112.5900     -7.1600        3.857328191967
           112.6000     -7.1600        3.910654003483
           112.6100     -7.1600        4.012732492064
           112.6200     -7.1600        4.157258913104
           112.6300     -7.1600        4.336939892178
           112.6400     -7.1600        4.543967367066
           112.6500     -7.1600        4.770562655440
           112.6600     -7.1600        5.009542711196
           112.6700     -7.1600        5.254855846329
           112.6800     -7.1600        5.502034519628
           112.6900     -7.1600        5.748518337440
           112.7000     -7.1600        5.993810769938
           112.7100     -7.1600        6.239447371543
           112.7200     -7.1600        6.488770219782
           112.7300     -7.1600        6.746521286233
           112.7400     -7.1600        7.018284828630
           112.7500     -7.1600        7.309823977861
           112.7600     -7.1600        7.626368011643
           112.7700     -7.1600        7.971913216247
           112.7800     -7.1600        8.348601042683
           112.7900     -7.1600        8.756232284080
           112.8000     -7.1600        9.191965593822
           112.8100     -7.1600        9.650233694836
           112.8200     -7.1600       10.122892395651
           112.8300     -7.1600       10.599597637779
           112.8400     -7.1600       11.068386025950
           112.8500     -7.1600       11.516416413643
           112.8600     -7.1600       11.930815744244
           112.8700     -7.1600       12.299562784651
           112.8800     -7.1600       12.612339502478
           112.8900     -7.1600       12.861281988071
           112.9000     -7.1600       13.041570821078
           112.9100     -7.1600       13.151813915180
           112.9200     -7.1600       13.194191970466
           112.9300     -7.1600       13.174356196712
           112.9400     -7.1600       13.101088208508
           112.9500     -7.1600       12.985751149931
           112.9600     -7.1600       12.841577511016
           112.9700     -7.1600       12.682851343359
           112.9800     -7.1600       12.524049652226
           112.9900     -7.1600       12.379009101788
           113.0000     -7.1600       12.260179807258
           112.0000     -7.1700       23.249619945911
           112.0100     -7.1700       22.956798498349
           112.0200     -7.1700       22.716269586631
           112.0300     -7.1700       22.525351172122
           112.0400     -7.1700       22.377038304001
           112.0500     -7.1700       22.260820897400
           112.0600     -7.1700       22.163763776314
           112.0700     -7.1700       22.071745607046
           112.0800     -7.1700       21.970743454263
           112.0900     -7.1700       21.848050049819
           112.1000     -7.1700       21.693321074385
           112.1100     -7.1700       21.499368556598
           112.1200     -7.1700       21.262641919561
           112.1300     -7.1700       20.983367759312
           112.1400     -7.1700       20.665350357208
           112.1500     -7.1700       20.315464421978
           112.1600     -7.1700       19.942897073481
           112.1700     -7.1700       19.558215518225
           112.1800     -7.1700       19.172348751973
           112.1900     -7.1700       18.795575219094
           112.2000     -7.1700       18.436603699300
           112.2100     -7.1700       18.101822559956
           112.2200     -7.1700       17.794774329221
           112.2300     -7.1700       17.515890222055
           112.2400     -7.1700       17.262494990766
           112.2500     -7.1700       17.029068555496
           112.2600     -7.1700       16.807729443648
           112.2700     -7.1700       16.588887947136
           112.2800     -7.1700       16.362005425118
           112.2900     -7.1700       16.116391081553
           112.3000     -7.1700       15.841968942971
           112.3100     -7.1700       15.529955148366
           112.3200     -7.1700       15.173397995156
           112.3300     -7.1700       14.767549001589
           112.3400     -7.1700       14.310050827922
           112.3500     -7.1700       13.800945447693
           112.3600     -7.1700       13.242521777478
           112.3700     -7.1700       12.639034621524
           112.3800     -7.1700       11.996335221992
           112.3900     -7.1700       11.321457361403
           112.4000     -7.1700       10.622201792369
           112.4100     -7.1700        9.906756221239
           112.4200     -7.1700        9.183379030469
           112.4300     -7.1700        8.460163597620
           112.4400     -7.1700        7.744887852588
           112.4500     -7.1700        7.044942038584
           112.4600     -7.1700        6.367317818628
           112.4700     -7.1700        5.718634955407
           112.4800     -7.1700        5.105178486092
           112.4900     -7.1700        4.532919885583
           112.5000     -7.1700        4.007499985285
           112.5100     -7.1700        3.534158793197
           112.5200     -7.1700        3.117606898943
           112.5300     -7.1700        2.761843656241
           112.5400     -7.1700        2.469937516467
           112.5500     -7.1700        2.243792473842
           112.5600     -7.1700        2.083930479062
           112.5700     -7.1700        1.989322078924
           112.5800     -7.1700        1.957296020001
           112.5900     -7.1700        1.983553121248
           112.6000     -7.1700        2.062300815384
           112.6100     -7.1700        2.186513219589
           112.6200     -7.1700        2.348308573002
           112.6300     -7.1700        2.539422720380
           112.6400     -7.1700        2.751745437036
           112.6500     -7.1700        2.977877104827
           112.6600     -7.1700        3.211657663334
           112.6700     -7.1700        3.448618634717
           112.6800     -7.1700        3.686312687710
           112.6900     -7.1700        3.924483527853
           112.7000     -7.1700        4.165051270488
           112.7100     -7.1700        4.411903843469
           112.7200     -7.1700        4.670502022429
           112.7300     -7.1700        4.947322863138
           112.7400     -7.1700        5.249181946458
           112.7500     -7.1700        5.582487472502
           112.7600     -7.1700        5.952487558429
           112.7700     -7.1700        6.362575206967
           112.7800     -7.1700        6.813712883173
           112.7900     -7.1700        7.304030541834
           112.8000     -7.1700        7.828637880070
           112.8100     -7.1700        8.379674610131
           112.8200     -7.1700        8.946603093825
           112.8300     -7.1700        9.516727438827
           112.8400     -7.1700       10.075903909852
           112.8500     -7.1700       10.609390969290
           112.8600     -7.1700       11.102774921155
           112.8700     -7.1700       11.542900114882
           112.8800     -7.1700       11.918731627705
           112.8900     -7.1700       12.222083410885
           112.9000     -7.1700       12.448155634896
           112.9100     -7.1700       12.595840471916
           112.9200     -7.1700       12.667774455079
           112.9300     -7.1700       12.670136194517
           112.9400     -7.1700       12.612208799947
           112.9500     -7.1700       12.505745060263
           112.9600     -7.1700       12.364188640817
           112.9700     -7.1700       12.201814979493
           112.9800     -7.1700       12.032860334510
           112.9900     -7.1700       11.870706216816
           113.0000     -7.1700       11.727179429050
           112.0000     -7.1800       23.470011334515
           112.0100     -7.1800       23.166604866498
           112.0200     -7.1800       22.914044876743
           112.0300     -7.1800       22.710479999278
           112.0400     -7.1800       22.549494971509
           112.0500     -7.1800       22.420869454786
           112.0600     -7.1800       22.311622476266
           112.0700     -7.1800       22.207242982441
           112.0800     -7.1800       22.092995099272
           112.0900     -7.1800       21.955184817990
           112.1000     -7.1800       21.782282737104
           112.1100     -7.1800       21.565814112518
           112.1200     -7.1800       21.300951002767
           112.1300     -7.1800       20.986769415886
           112.1400     -7.1800       20.626164433346
           112.1500     -7.1800       20.225445608495
           112.1600     -7.1800       19.793660997619
           112.1700     -7.1800       19.341718864153
           112.1800     -7.1800       18.881389853670
           112.1900     -7.1800       18.424278405945
           112.2000     -7.1800       17.980850219041
           112.2100     -7.1800       17.559593287737
           112.2200     -7.1800       17.166374609525
           112.2300     -7.1800       16.804034777780
           112.2400     -7.1800       16.472240366138
           112.2500     -7.1800       16.167591364885
           112.2600     -7.1800       15.883959986611
           112.2700     -7.1800       15.613019671251
           112.2800     -7.1800       15.344910428097
           112.2900     -7.1800       15.068979570375
           112.3000     -7.1800       14.774535672247
           112.3100     -7.1800       14.451557891799
           112.3200     -7.1800       14.091311838541
           112.3300     -7.1800       13.686835707701
           112.3400     -7.1800       13.233274989363
           112.3500     -7.1800       12.728059124842
           112.3600     -7.1800       12.170927526327
           112.3700     -7.1800       11.563824109267
           112.3800     -7.1800       10.910687949038
           112.3900     -7.1800       10.217172310773
           112.4000     -7.1800        9.490325002869
           112.4100     -7.1800        8.738260088852
           112.4200     -7.1800        7.969845150344
           112.4300     -7.1800        7.194420495765
           112.4400     -7.1800        6.421558084759
           112.4500     -7.1800        5.660859643742
           112.4600     -7.1800        4.921786536192
           112.4700     -7.1800        4.213509255520
           112.4800     -7.1800        3.544762453773
           112.4900     -7.1800        2.923692370235
           112.5000     -7.1800        2.357687171954
           112.5100     -7.1800        1.853186512237
           112.5200     -7.1800        1.415473726921
           112.5300     -7.1800        1.048461518001
           112.5400     -7.1800        0.754488656493
           112.5500     -7.1800        0.534150171677
           112.5600     -7.1800        0.386185864737
           112.5700     -7.1800        0.307451254573
           112.5800     -7.1800        0.292991044665
           112.5900     -7.1800        0.336228086345
           112.6000     -7.1800        0.429271170810
           112.6100     -7.1800        0.563333697249
           112.6200     -7.1800        0.729243460916
           112.6300     -7.1800        0.918012730075
           112.6400     -7.1800        1.121428675996
           112.6500     -7.1800        1.332618190484
           112.6600     -7.1800        1.546539017077
           112.6700     -7.1800        1.760351425681
           112.6800     -7.1800        1.973631446185
           112.6900     -7.1800        2.188397570741
           112.7000     -7.1800        2.408937039965
           112.7100     -7.1800        2.641434187877
           112.7200     -7.1800        2.893420417381
           112.7300     -7.1800        3.173081664919
           112.7400     -7.1800        3.488473156733
           112.7500     -7.1800        3.846701488165
           112.7600     -7.1800        4.253139497364
           112.7700     -7.1800        4.710739387523
           112.7800     -7.1800        5.219503890333
           112.7900     -7.1800        5.776164280551
           112.8000     -7.1800        6.374098562618
           112.8100     -7.1800        7.003504398315
           112.8200     -7.1800        7.651820894327
           112.8300     -7.1800        8.304372970352
           112.8400     -7.1800        8.945193459130
           112.8500     -7.1800        9.557962993359
           112.8600     -7.1800       10.126997469058
           112.8700     -7.1800       10.638208386697
           112.8800     -7.1800       11.079963103807
           112.8900     -7.1800       11.443779881706
           112.9000     -7.1800       11.724805927056
           112.9100     -7.1800       11.922044280799
           112.9200     -7.1800       12.038315867887
           112.9300     -7.1800       12.079964513719
           112.9400     -7.1800       12.056333386232
           112.9500     -7.1800       11.979059340047
           112.9600     -7.1800       11.861245463208
           112.9700     -7.1800       11.716580578002
           112.9800     -7.1800       11.558476831415
           112.9900     -7.1800       11.399292681797
           113.0000     -7.1800       11.249698960337
           112.0000     -7.1900       23.460569825349
           112.0100     -7.1900       23.153077774839
           112.0200     -7.1900       22.895316464256
           112.0300     -7.1900       22.686163113433
           112.0400     -7.1900       22.519731768945
           112.0500     -7.1900       22.386074341960
           112.0600     -7.1900       22.272185768146
           112.0700     -7.1900       22.163218107697
           112.0800     -7.1900       22.043794890910
           112.0900     -7.1900       21.899313212340
           112.1000     -7.1900       21.717126895808
           112.1100     -7.1900       21.487518580577
           112.1200     -7.1900       21.204390191957
           112.1300     -7.1900       20.865627794010
           112.1400     -7.1900       20.473125787895
           112.1500     -7.1900       20.032484231870
           112.1600     -7.1900       19.552419270564
           112.1700     -7.1900       19.043948170051
           112.1800     -7.1900       18.519425674870
           112.1900     -7.1900       17.991516376995
           112.2000     -7.1900       17.472188242366
           112.2100     -7.1900       16.971805778040
           112.2200     -7.1900       16.498388544459
           112.2300     -7.1900       16.057083303780
           112.2400     -7.1900       15.649877847204
           112.2500     -7.1900       15.275563399910
           112.2600     -7.1900       14.929932353241
           112.2700     -7.1900       14.606180594591
           112.2800     -7.1900       14.295470212647
           112.2900     -7.1900       13.987599707993
           112.3000     -7.1900       13.671725387197
           112.3100     -7.1900       13.337079205946
           112.3200     -7.1900       12.973634338371
           112.3300     -7.1900       12.572679204489
           112.3400     -7.1900       12.127272359168
           112.3500     -7.1900       11.632563202085
           112.3600     -7.1900       11.085975611848
           112.3700     -7.1900       10.487262206883
           112.3800     -7.1900        9.838445128548
           112.3900     -7.1900        9.143664506738
           112.4000     -7.1900        8.408957955057
           112.4100     -7.1900        7.641993762797
           112.4200     -7.1900        6.851777428065
           112.4300     -7.1900        6.048346565362
           112.4400     -7.1900        5.242463905322
           112.4500     -7.1900        4.445312983211
           112.4600     -7.1900        3.668196990804
           112.4700     -7.1900        2.922238756868
           112.4800     -7.1900        2.218079277429
           112.4900     -7.1900        1.565573690082
           112.5000     -7.1900        0.973486826430
           112.5100     -7.1900        0.449194963087
           112.5200     -7.1900       -0.001594599562
           112.5300     -7.1900       -0.375089809155
           112.5400     -7.1900       -0.669606134424
           112.5500     -7.1900       -0.885683379239
           112.5600     -7.1900       -1.026106439865
           112.5700     -7.1900       -1.095813027597
           112.5800     -7.1900       -1.101677719119
           112.5900     -7.1900       -1.052170384567
           112.6000     -7.1900       -0.956897394084
           112.6100     -7.1900       -0.826045080738
           112.6200     -7.1900       -0.669755640298
           112.6300     -7.1900       -0.497474823330
           112.6400     -7.1900       -0.317317336887
           112.6500     -7.1900       -0.135498922799
           112.6600     -7.1900        0.044116990125
           112.6700     -7.1900        0.220315590365
           112.6800     -7.1900        0.394637084933
           112.6900     -7.1900        0.571273538096
           112.7000     -7.1900        0.756752305487
           112.7100     -7.1900        0.959419381214
           112.7200     -7.1900        1.188753009102
           112.7300     -7.1900        1.454553287184
           112.7400     -7.1900        1.766065769398
           112.7500     -7.1900        2.131105013873
           112.7600     -7.1900        2.555246761348
           112.7700     -7.1900        3.041154506250
           112.7800     -7.1900        3.588097696403
           112.7900     -7.1900        4.191705218453
           112.8000     -7.1900        4.843980215532
           112.8100     -7.1900        5.533582048419
           112.8200     -7.1900        6.246360026666
           112.8300     -7.1900        6.966103199262
           112.8400     -7.1900        7.675452764948
           112.8500     -7.1900        8.356910103425
           112.8600     -7.1900        8.993865261656
           112.8700     -7.1900        9.571568720022
           112.8800     -7.1900       10.077973644878
           112.8900     -7.1900       10.504386282025
           112.9000     -7.1900       10.845877797705
           112.9100     -7.1900       11.101430403745
           112.9200     -7.1900       11.273812334924
           112.9300     -7.1900       11.369198301204
           112.9400     -7.1900       11.396572501593
           112.9500     -7.1900       11.366968382843
           112.9600     -7.1900       11.292611575351
           112.9700     -7.1900       11.186038790994
           112.9800     -7.1900       11.059265401616
           112.9900     -7.1900       10.923067985267
           113.0000     -7.1900       10.786435954904
           112.0000     -7.2000       23.184239072711
           112.0100     -7.2000       22.877610526079
           112.0200     -7.2000       22.620146581926
           112.0300     -7.2000       22.411341906754
           112.0400     -7.2000       22.245778424534
           112.0500     -7.2000       22.113770876798
           112.0600     -7.2000       22.002329198598
           112.0700     -7.2000       21.896347296170
           112.0800     -7.2000       21.779913141150
           112.0900     -7.2000       21.637629744907
           112.1000     -7.2000       21.455840571398
           112.1100     -7.2000       21.223665519993
           112.1200     -7.2000       20.933773300137
           112.1300     -7.2000       20.582840831801
           112.1400     -7.2000       20.171677906829
           112.1500     -7.2000       19.705023284988
           112.1600     -7.2000       19.191044323374
           112.1700     -7.2000       18.640594097030
           112.1800     -7.2000       18.066296172629
           112.1900     -7.2000       17.481536732856
           112.2000     -7.2000       16.899446236591
           112.2100     -7.2000       16.331948488542
           112.2200     -7.2000       15.788944701314
           112.2300     -7.2000       15.277685144594
           112.2400     -7.2000       14.802362890698
           112.2500     -7.2000       14.363944737278
           112.2600     -7.2000       13.960235356607
           112.2700     -7.2000       13.586153654666
           112.2800     -7.2000       13.234186488260
           112.2900     -7.2000       12.894975153592
           112.3000     -7.2000       12.557984847370
           112.3100     -7.2000       12.212206583214
           112.3200     -7.2000       11.846844381717
           112.3300     -7.2000       11.451947169372
           112.3400     -7.2000       11.018953717803
           112.3500     -7.2000       10.541129021285
           112.3600     -7.2000       10.013880653033
           112.3700     -7.2000        9.434952892976
           112.3800     -7.2000        8.804504033428
           112.3900     -7.2000        8.125077776130
           112.4000     -7.2000        7.401482871280
           112.4100     -7.2000        6.640596249214
           112.4200     -7.2000        5.851104243318
           112.4300     -7.2000        5.043194666367
           112.4400     -7.2000        4.228210144151
           112.4500     -7.2000        3.418270892505
           112.4600     -7.2000        2.625873617683
           112.4700     -7.2000        1.863472828586
           112.4800     -7.2000        1.143051754431
           112.4900     -7.2000        0.475692198448
           112.5000     -7.2000       -0.128844276408
           112.5100     -7.2000       -0.662507944793
           112.5200     -7.2000       -1.119306144168
           112.5300     -7.2000       -1.495580617473
           112.5400     -7.2000       -1.790194680794
           112.5500     -7.2000       -2.004609242870
           112.5600     -7.2000       -2.142830443208
           112.5700     -7.2000       -2.211217887358
           112.5800     -7.2000       -2.218150896082
           112.5900     -7.2000       -2.173560309550
           112.6000     -7.2000       -2.088344401919
           112.6100     -7.2000       -1.973698379757
           112.6200     -7.2000       -1.840396677982
           112.6300     -7.2000       -1.698074760136
           112.6400     -7.2000       -1.554561432765
           112.6500     -7.2000       -1.415313086005
           112.6600     -7.2000       -1.282997385516
           112.6700     -7.2000       -1.157265756940
           112.6800     -7.2000       -1.034741922417
           112.6900     -7.2000       -0.909238560454
           112.7000     -7.2000       -0.772196994786
           112.7100     -7.2000       -0.613327052974
           112.7200     -7.2000       -0.421407380158
           112.7300     -7.2000       -0.185192052978
           112.7400     -7.2000        0.105641325905
           112.7500     -7.2000        0.459572676050
           112.7600     -7.2000        0.882420498302
           112.7700     -7.2000        1.376688265096
           112.7800     -7.2000        1.941130391650
           112.7900     -7.2000        2.570576207889
           112.8000     -7.2000        3.256030966683
           112.8100     -7.2000        3.985051535313
           112.8200     -7.2000        4.742372788843
           112.8300     -7.2000        5.510740683786
           112.8400     -7.2000        6.271891265912
           112.8500     -7.2000        7.007602929650
           112.8600     -7.2000        7.700743178565
           112.8700     -7.2000        8.336231522463
           112.8800     -7.2000        8.901847017116
           112.8900     -7.2000        9.388821772220
           112.9000     -7.2000        9.792179460722
           112.9100     -7.2000       10.110798959473
           112.9200     -7.2000       10.347205929571
           112.9300     -7.2000       10.507117446396
           112.9400     -7.2000       10.598784778485
           112.9500     -7.2000       10.632195350563
           112.9600     -7.2000       10.618205422155
           112.9700     -7.2000       10.567679160389
           112.9800     -7.2000       10.490707238905
           112.9900     -7.2000       10.395969106086
           113.0000     -7.2000       10.290288464395
           112.0000     -7.2100       22.620761694012
           112.0100     -7.2100       22.317839811092
           112.0200     -7.2100       22.064186838983
           112.0300     -7.2100       21.859802408566
           112.0400     -7.2100       21.699682936279
           112.0500     -7.2100       21.574414859431
           112.0600     -7.2100       21.471090649286
           112.0700     -7.2100       21.374462381236
           112.0800     -7.2100       21.268232338527
           112.0900     -7.2100       21.136373667822
           112.1000     -7.2100       20.964376599484
           112.1100     -7.2100       20.740326546277
           112.1200     -7.2100       20.455738191226
           112.1300     -7.2100       20.106092640425
           112.1400     -7.2100       19.691050685967
           112.1500     -7.2100       19.214341901792
           112.1600     -7.2100       18.683354457028
           112.1700     -7.2100       18.108472212278
           112.1800     -7.2100       17.502222312858
           112.1900     -7.2100       16.878307080031
           112.2000     -7.2100       16.250598077469
           112.2100     -7.2100       15.632167926361
           112.2200     -7.2100       15.034427421121
           112.2300     -7.2100       14.466422855488
           112.2400     -7.2100       13.934332611561
           112.2500     -7.2100       13.441184556245
           112.2600     -7.2100       12.986798203668
           112.2700     -7.2100       12.567939375933
           112.2800     -7.2100       12.178661412812
           112.2900     -7.2100       11.810796687574
           112.3000     -7.2100       11.454555738034
           112.3100     -7.2100       11.099188782530
           112.3200     -7.2100       10.733665462144
           112.3300     -7.2100       10.347332741141
           112.3400     -7.2100        9.930517210328
           112.3500     -7.2100        9.475045674952
           112.3600     -7.2100        8.974665975906
           112.3700     -7.2100        8.425357695851
           112.3800     -7.2100        7.825529121591
           112.3900     -7.2100        7.176102177241
           112.4000     -7.2100        6.480490860887
           112.4100     -7.2100        5.744481095411
           112.4200     -7.2100        4.976021121329
           112.4300     -7.2100        4.184932027970
           112.4400     -7.2100        3.382548209960
           112.4500     -7.2100        2.581297898977
           112.4600     -7.2100        1.794234812603
           112.4700     -7.2100        1.034533587205
           112.4800     -7.2100        0.314964035431
           112.4900     -7.2100       -0.352637793426
           112.5000     -7.2100       -0.957880637023
           112.5100     -7.2100       -1.492287188923
           112.5200     -7.2100       -1.949695540359
           112.5300     -7.2100       -2.326566559761
           112.5400     -7.2100       -2.622172379009
           112.5500     -7.2100       -2.838644959024
           112.5600     -7.2100       -2.980869918637
           112.5700     -7.2100       -3.056219272198
           112.5800     -7.2100       -3.074126998786
           112.5900     -7.2100       -3.045522765984
           112.6000     -7.2100       -2.982150753289
           112.6100     -7.2100       -2.895811331341
           112.6200     -7.2100       -2.797572285565
           112.6300     -7.2100       -2.697002330526
           112.6400     -7.2100       -2.601482027680
           112.6500     -7.2100       -2.515645351622
           112.6600     -7.2100       -2.440998855184
           112.6700     -7.2100       -2.375754859794
           112.6800     -7.2100       -2.314900942280
           112.6900     -7.2100       -2.250511168509
           112.7000     -7.2100       -2.172286302871
           112.7100     -7.2100       -2.068292064518
           112.7200     -7.2100       -1.925847943940
           112.7300     -7.2100       -1.732505611511
           112.7400     -7.2100       -1.477046817090
           112.7500     -7.2100       -1.150426846142
           112.7600     -7.2100       -0.746591589071
           112.7700     -7.2100       -0.263104135847
           112.7800     -7.2100        0.298469941320
           112.7900     -7.2100        0.932451759901
           112.8000     -7.2100        1.629225122594
           112.8100     -7.2100        2.375689521472
           112.8200     -7.2100        3.155958573865
           112.8300     -7.2100        3.952252812149
           112.8400     -7.2100        4.745920190825
           112.8500     -7.2100        5.518507430548
           112.8600     -7.2100        6.252801325810
           112.8700     -7.2100        6.933761809464
           112.8800     -7.2100        7.549277728994
           112.8900     -7.2100        8.090691215219
           112.9000     -7.2100        8.553055971964
           112.9100     -7.2100        8.935117135850
           112.9200     -7.2100        9.239023632788
           112.9300     -7.2100        9.469806176962
           112.9400     -7.2100        9.634673282614
           112.9500     -7.2100        9.742192203491
           112.9600     -7.2100        9.801430299061
           112.9700     -7.2100        9.821134190756
           112.9800     -7.2100        9.809019050568
           112.9900     -7.2100        9.771228905576
           113.0000     -7.2100        9.712011970640
           112.0000     -7.2200       21.767883431701
           112.0100     -7.2200       21.469051460088
           112.0200     -7.2200       21.220266835656
           112.0300     -7.2200       21.021926698604
           112.0400     -7.2200       20.869404353310
           112.0500     -7.2200       20.753593876439
           112.0600     -7.2200       20.661775858122
           112.0700     -7.2200       20.578724669860
           112.0800     -7.2200       20.487962303913
           112.0900     -7.2200       20.373056762081
           112.1000     -7.2200       20.218864339605
           112.1100     -7.2200       20.012624400384
           112.1200     -7.2200       19.744831198869
           112.1300     -7.2200       19.409828308963
           112.1400     -7.2200       19.006095287259
           112.1500     -7.2200       18.536221208497
           112.1600     -7.2200       18.006583600724
           112.1700     -7.2200       17.426772237437
           112.1800     -7.2200       16.808813743969
           112.1900     -7.2200       16.166264044701
           112.2000     -7.2200       15.513240839369
           112.2100     -7.2200       14.863467599929
           112.2200     -7.2200       14.229394556892
           112.2300     -7.2200       13.621451727350
           112.2400     -7.2200       13.047475443519
           112.2500     -7.2200       12.512334441597
           112.2600     -7.2200       12.017765756850
           112.2700     -7.2200       11.562415725017
           112.2800     -7.2200       11.142068383664
           112.2900     -7.2200       10.750033281763
           112.3000     -7.2200       10.377657593306
           112.3100     -7.2200       10.014923607286
           112.3200     -7.2200        9.651091939714
           112.3300     -7.2200        9.275352741787
           112.3400     -7.2200        8.877451145946
           112.3500     -7.2200        8.448258497385
           112.3600     -7.2200        7.980266863869
           112.3700     -7.2200        7.467990283841
           112.3800     -7.2200        6.908261726243
           112.3900     -7.2200        6.300419498984
           112.4000     -7.2200        5.646380751192
           112.4100     -7.2200        4.950602837480
           112.4200     -7.2200        4.219935858970
           112.4300     -7.2200        3.463371957439
           112.4400     -7.2200        2.691699227059
           112.4500     -7.2200        1.917070688776
           112.4600     -7.2200        1.152501809096
           112.4700     -7.2200        0.411313557664
           112.4800     -7.2200       -0.293458158364
           112.4900     -7.2200       -0.949661977236
           112.5000     -7.2200       -1.546611325102
           112.5100     -7.2200       -2.075614750504
           112.5200     -7.2200       -2.530424660526
           112.5300     -7.2200       -2.907573723919
           112.5400     -7.2200       -3.206571502894
           112.5500     -7.2200       -3.429939681100
           112.5600     -7.2200       -3.583072497213
           112.5700     -7.2200       -3.673919331770
           112.5800     -7.2200       -3.712498228205
           112.5900     -7.2200       -3.710261627316
           112.6000     -7.2200       -3.679347761977
           112.6100     -7.2200       -3.631761917914
           112.6200     -7.2200       -3.578540057925
           112.6300     -7.2200       -3.528952196653
           112.6400     -7.2200       -3.489803692594
           112.6500     -7.2200       -3.464888896385
           112.6600     -7.2200       -3.454643335494
           112.6700     -7.2200       -3.456028201278
           112.6800     -7.2200       -3.462665103697
           112.6900     -7.2200       -3.465220985833
           112.7000     -7.2200       -3.452024122764
           112.7100     -7.2200       -3.409873798413
           112.7200     -7.2200       -3.324990113296
           112.7300     -7.2200       -3.184037863382
           112.7400     -7.2200       -2.975150733239
           112.7500     -7.2200       -2.688879986633
           112.7600     -7.2200       -2.318995781993
           112.7700     -7.2200       -1.863079052578
           112.7800     -7.2200       -1.322856926681
           112.7900     -7.2200       -0.704253808148
           112.8000     -7.2200       -0.017151993820
           112.8100     -7.2200        0.725121689427
           112.8200     -7.2200        1.506545166471
           112.8300     -7.2200        2.309329531393
           112.8400     -7.2200        3.114955573764
           112.8500     -7.2200        3.905238886224
           112.8600     -7.2200        4.663342057547
           112.8700     -7.2200        5.374657256499
           112.8800     -7.2200        6.027493734718
           112.8900     -7.2200        6.613521511694
           112.9000     -7.2200        7.127943349964
           112.9100     -7.2200        7.569390308149
           112.9200     -7.2200        7.939559674539
           112.9300     -7.2200        8.242635887435
           112.9400     -7.2200        8.484553225593
           112.9500     -7.2200        8.672171991204
           112.9600     -7.2200        8.812446448443
           112.9700     -7.2200        8.911662319308
           112.9800     -7.2200        8.974814190535
           112.9900     -7.2200        9.005179387673
           113.0000     -7.2200        9.004125933968
           112.0000     -7.2300       20.641105800793
           112.0100     -7.2300       20.344171438798
           112.0200     -7.2300       20.098614218298
           112.0300     -7.2300       19.905130939080
           112.0400     -7.2300       19.759455709094
           112.0500     -7.2300       19.652859859904
           112.0600     -7.2300       19.572962947261
           112.0700     -7.2300       19.504781270716
           112.0800     -7.2300       19.431925586086
           112.0900     -7.2300       19.337852553387
           112.1000     -7.2300       19.207075117888
           112.1100     -7.2300       19.026244976306
           112.1200     -7.2300       18.785034479030
           112.1300     -7.2300       18.476764261716
           112.1400     -7.2300       18.098744791725
           112.1500     -7.2300       17.652322938421
           112.1600     -7.2300       17.142646759401
           112.1700     -7.2300       16.578181265589
           112.1800     -7.2300       15.970023643775
           112.1900     -7.2300       15.331077350220
           112.2000     -7.2300       14.675150183477
           112.2100     -7.2300       14.016041905386
           112.2200     -7.2300       13.366682641057
           112.2300     -7.2300       12.738374938612
           112.2400     -7.2300       12.140181046706
           112.2500     -7.2300       11.578483847900
           112.2600     -7.2300       11.056736163486
           112.2700     -7.2300       10.575399924645
           112.2800     -7.2300       10.132064911082
           112.2900     -7.2300        9.721727072713
           112.3000     -7.2300        9.337199277626
           112.3100     -7.2300        8.969622797271
           112.3200     -7.2300        8.609045822289
           112.3300     -7.2300        8.245035474156
           112.3400     -7.2300        7.867291678078
           112.3500     -7.2300        7.466234370192
           112.3600     -7.2300        7.033539316691
           112.3700     -7.2300        6.562601886830
           112.3800     -7.2300        6.048912126729
           112.3900     -7.2300        5.490328249733
           112.4000     -7.2300        4.887239158358
           112.4100     -7.2300        4.242609932427
           112.4200     -7.2300        3.561907532114
           112.4300     -7.2300        2.852907481393
           112.4400     -7.2300        2.125386203345
           112.4500     -7.2300        1.390708085721
           112.4600     -7.2300        0.661321257821
           112.4700     -7.2300       -0.049818690725
           112.4800     -7.2300       -0.729872519745
           112.4900     -7.2300       -1.366759229292
           112.5000     -7.2300       -1.949782570390
           112.5100     -7.2300       -2.470206168519
           112.5200     -7.2300       -2.921740706095
           112.5300     -7.2300       -3.300908494776
           112.5400     -7.2300       -3.607255345513
           112.5500     -7.2300       -3.843386950829
           112.5600     -7.2300       -4.014816806464
           112.5700     -7.2300       -4.129624524571
           112.5800     -7.2300       -4.197936483310
           112.5900     -7.2300       -4.231254168235
           112.6000     -7.2300       -4.241668208631
           112.6100     -7.2300       -4.241006876554
           112.6200     -7.2300       -4.239975642460
           112.6300     -7.2300       -4.247348383408
           112.6400     -7.2300       -4.269270399128
           112.6500     -7.2300       -4.308728231840
           112.6600     -7.2300       -4.365231525267
           112.6700     -7.2300       -4.434738321260
           112.6800     -7.2300       -4.509838188951
           112.6900     -7.2300       -4.580188646427
           112.7000     -7.2300       -4.633180935320
           112.7100     -7.2300       -4.654792924379
           112.7200     -7.2300       -4.630571305641
           112.7300     -7.2300       -4.546673701748
           112.7400     -7.2300       -4.390894927959
           112.7500     -7.2300       -4.153601149664
           112.7600     -7.2300       -3.828501269122
           112.7700     -7.2300       -3.413196273416
           112.7800     -7.2300       -2.909463682276
           112.7900     -7.2300       -2.323254401436
           112.8000     -7.2300       -1.664401610976
           112.8100     -7.2300       -0.946063971072
           112.8200     -7.2300       -0.183946512524
           112.8300     -7.2300        0.604639705931
           112.8400     -7.2300        1.401805293270
           112.8500     -7.2300        2.190116962928
           112.8600     -7.2300        2.953558077204
           112.8700     -7.2300        3.678341426658
           112.8800     -7.2300        4.353513397926
           112.8900     -7.2300        4.971306905200
           112.9000     -7.2300        5.527222340624
           112.9100     -7.2300        6.019839460602
           112.9200     -7.2300        6.450386513528
           112.9300     -7.2300        6.822113976100
           112.9400     -7.2300        7.139537129302
           112.9500     -7.2300        7.407622851351
           112.9600     -7.2300        7.631000404591
           112.9700     -7.2300        7.813273204758
           112.9800     -7.2300        7.956498777789
           112.9900     -7.2300        8.060888148995
           113.0000     -7.2300        8.124755149828
           112.0000     -7.2400       19.272019360842
           112.0100     -7.2400       18.972353623518
           112.0200     -7.2400       18.725698224626
           112.0300     -7.2400       18.532963912838
           112.0400     -7.2400       18.390254345798
           112.0500     -7.2400       18.289325188234
           112.0600     -7.2400       18.218335156375
           112.0700     -7.2400       18.162821923664
           112.0800     -7.2400       18.106822302687
           112.0900     -7.2400       18.034049501130
           112.1000     -7.2400       17.929040635975
           112.1100     -7.2400       17.778194626828
           112.1200     -7.2400       17.570633122510
           112.1300     -7.2400       17.298833901369
           112.1400     -7.2400       16.959005630656
           112.1500     -7.2400       16.551193278357
           112.1600     -7.2400       16.079123195982
           112.1700     -7.2400       15.549814470579
           112.1800     -7.2400       14.972997409427
           112.1900     -7.2400       14.360390170312
           112.2000     -7.2400       13.724890187750
           112.2100     -7.2400       13.079738177052
           112.2200     -7.2400       12.437709493888
           112.2300     -7.2400       11.810381152458
           112.2400     -7.2400       11.207513733148
           112.2500     -7.2400       10.636576719243
           112.2600     -7.2400       10.102434477993
           112.2700     -7.2400        9.607199045833
           112.2800     -7.2400        9.150245837601
           112.2900     -7.2400        8.728379916760
           112.3000     -7.2400        8.336133853949
           112.3100     -7.2400        7.966173559001
           112.3200     -7.2400        7.609785698023
           112.3300     -7.2400        7.257419157520
           112.3400     -7.2400        6.899253158365
           112.3500     -7.2400        6.525765693606
           112.3600     -7.2400        6.128277635199
           112.3700     -7.2400        5.699449871077
           112.3800     -7.2400        5.233713045237
           112.3900     -7.2400        4.727611843744
           112.4000     -7.2400        4.180048366390
           112.4100     -7.2400        3.592412090815
           112.4200     -7.2400        2.968587450496
           112.4300     -7.2400        2.314834272477
           112.4400     -7.2400        1.639541352199
           112.4500     -7.2400        0.952859270307
           112.4600     -7.2400        0.266225030658
           112.4700     -7.2400       -0.408202080253
           112.4800     -7.2400       -1.058167286237
           112.4900     -7.2400       -1.671977563594
           112.5000     -7.2400       -2.239152318442
           112.5100     -7.2400       -2.751027556430
           112.5200     -7.2400       -3.201273099969
           112.5300     -7.2400       -3.586284733043
           112.5400     -7.2400       -3.905418498684
           112.5500     -7.2400       -4.161042677653
           112.5600     -7.2400       -4.358393897664
           112.5700     -7.2400       -4.505236741846
           112.5800     -7.2400       -4.611340278983
           112.5900     -7.2400       -4.687799074528
           112.6000     -7.2400       -4.746239305245
           112.6100     -7.2400       -4.797961430983
           112.6200     -7.2400       -4.853078417212
           112.6300     -7.2400       -4.919711901804
           112.6400     -7.2400       -5.003307410172
           112.6500     -7.2400       -5.106123564774
           112.6600     -7.2400       -5.226939438973
           112.6700     -7.2400       -5.361009414087
           112.6800     -7.2400       -5.500277133617
           112.6900     -7.2400       -5.633840738120
           112.7000     -7.2400       -5.748642039699
           112.7100     -7.2400       -5.830334266349
           112.7200     -7.2400       -5.864268021261
           112.7300     -7.2400       -5.836524508629
           112.7400     -7.2400       -5.734919896283
           112.7500     -7.2400       -5.549905508940
           112.7600     -7.2400       -5.275295470748
           112.7700     -7.2400       -4.908766019013
           112.7800     -7.2400       -4.452088070112
           112.7900     -7.2400       -3.911075379217
           112.8000     -7.2400       -3.295253117186
           112.8100     -7.2400       -2.617274024385
           112.8200     -7.2400       -1.892129598335
           112.8300     -7.2400       -1.136220274541
           112.8400     -7.2400       -0.366359808231
           112.8500     -7.2400        0.401205970617
           112.8600     -7.2400        1.151687675185
           112.8700     -7.2400        1.872478317458
           112.8800     -7.2400        2.553661414265
           112.8900     -7.2400        3.188265325697
           112.9000     -7.2400        3.772250450113
           112.9100     -7.2400        4.304239665623
           112.9200     -7.2400        4.785025313342
           112.9300     -7.2400        5.216906028492
           112.9400     -7.2400        5.602922036686
           112.9500     -7.2400        5.946066732954
           112.9600     -7.2400        6.248554563367
           112.9700     -7.2400        6.511220156427
           112.9800     -7.2400        6.733111671050
           112.9900     -7.2400        6.911323426783
           113.0000     -7.2400        7.041090588291
           112.0000     -7.2500       17.705366197653
           112.0100     -7.2500       17.396290359777
           112.0200     -7.2500       17.141800501703
           112.0300     -7.2500       16.942948210361
           112.0400     -7.2500       16.796240942012
           112.0500     -7.2500       16.694063847025
           112.0600     -7.2500       16.625364766397
           112.0700     -7.2500       16.576542260556
           112.0800     -7.2500       16.532464983992
           112.0900     -7.2500       16.477545215374
           112.1000     -7.2500       16.396789932479
           112.1100     -7.2500       16.276759033827
           112.1200     -7.2500       16.106371282159
           112.1300     -7.2500       15.877513088370
           112.1400     -7.2500       15.585421981945
           112.1500     -7.2500       15.228834075172
           112.1600     -7.2500       14.809901636651
           112.1700     -7.2500       14.333901833792
           112.1800     -7.2500       13.808769836185
           112.1900     -7.2500       13.244498163993
           112.2000     -7.2500       12.652449133267
           112.2100     -7.2500       12.044628540590
           112.2200     -7.2500       11.432966683073
           112.2300     -7.2500       10.828647994485
           112.2400     -7.2500       10.241523712569
           112.2500     -7.2500        9.679633858584
           112.2600     -7.2500        9.148856173076
           112.2700     -7.2500        8.652691188559
           112.2800     -7.2500        8.192184866209
           112.2900     -7.2500        7.765983543645
           112.3000     -7.2500        7.370510518492
           112.3100     -7.2500        7.000249446906
           112.3200     -7.2500        6.648116753737
           112.3300     -7.2500        6.305903231775
           112.3400     -7.2500        5.964763716569
           112.3500     -7.2500        5.615732941845
           112.3600     -7.2500        5.250245248745
           112.3700     -7.2500        4.860635668711
           112.3800     -7.2500        4.440600054759
           112.3900     -7.2500        3.985592524445
           112.4000     -7.2500        3.493139696886
           112.4100     -7.2500        2.963053286591
           112.4200     -7.2500        2.397525776214
           112.4300     -7.2500        1.801098282024
           112.4400     -7.2500        1.180495393781
           112.4500     -7.2500        0.544328612298
           112.4600     -7.2500       -0.097322244801
           112.4700     -7.2500       -0.733432079230
           112.4800     -7.2500       -1.352632285727
           112.4900     -7.2500       -1.943858227172
           112.5000     -7.2500       -2.497003544614
           112.5100     -7.2500       -3.003538793826
           112.5200     -7.2500       -3.457051026067
           112.5300     -7.2500       -3.853663223202
           112.5400     -7.2500       -4.192298112594
           112.5500     -7.2500       -4.474759698089
           112.5600     -7.2500       -4.705617422650
           112.5700     -7.2500       -4.891891510985
           112.5800     -7.2500       -5.042552766805
           112.5900     -7.2500       -5.167864782963
           112.6000     -7.2500       -5.278609943588
           112.6100     -7.2500       -5.385251557000
           112.6200     -7.2500       -5.497091891457
           112.6300     -7.2500       -5.621488965505
           112.6400     -7.2500       -5.763193172041
           112.6500     -7.2500       -5.923858082273
           112.6600     -7.2500       -6.101768398100
           112.6700     -7.2500       -6.291812730343
           112.6800     -7.2500       -6.485710778792
           112.6900     -7.2500       -6.672484971983
           112.7000     -7.2500       -6.839147263175
           112.7100     -7.2500       -6.971554195993
           112.7200     -7.2500       -7.055369076422
           112.7300     -7.2500       -7.077060413954
           112.7400     -7.2500       -7.024861665979
           112.7500     -7.2500       -6.889619229747
           112.7600     -7.2500       -6.665463562345
           112.7700     -7.2500       -6.350251738280
           112.7800     -7.2500       -5.945747654766
           112.7900     -7.2500       -5.457527034200
           112.8000     -7.2500       -4.894616622789
           112.8100     -7.2500       -4.268898664946
           112.8200     -7.2500       -3.594330976927
           112.8300     -7.2500       -2.886048059037
           112.8400     -7.2500       -2.159418311881
           112.8500     -7.2500       -1.429135653109
           112.8600     -7.2500       -0.708420307471
           112.8700     -7.2500       -0.008393492590
           112.8800     -7.2500        0.662325047630
           112.8900     -7.2500        1.297767876906
           112.9000     -7.2500        1.894513113179
           112.9100     -7.2500        2.451337632341
           112.9200     -7.2500        2.968669856696
           112.9300     -7.2500        3.447900432923
           112.9400     -7.2500        3.890622657949
           112.9500     -7.2500        4.297881653066
           112.9600     -7.2500        4.669511280494
           112.9700     -7.2500        5.003630530398
           112.9800     -7.2500        5.296357114450
           112.9900     -7.2500        5.541776425792
           113.0000     -7.2500        5.732180523525
           112.0000     -7.2600       15.995084109593
           112.0100     -7.2600       15.668475702506
           112.0200     -7.2600       15.397520013933
           112.0300     -7.2600       15.183347541002
           112.0400     -7.2600       15.022927357421
           112.0500     -7.2600       14.909454639368
           112.0600     -7.2600       14.832962585576
           112.0700     -7.2600       14.781106032810
           112.0800     -7.2600       14.740055173091
           112.0900     -7.2600       14.695433992283
           112.1000     -7.2600       14.633239289559
           112.1100     -7.2600       14.540681923462
           112.1200     -7.2600       14.406901454010
           112.1300     -7.2600       14.223517568507
           112.1400     -7.2600       13.984995422823
           112.1500     -7.2600       13.688816116638
           112.1600     -7.2600       13.335456856218
           112.1700     -7.2600       12.928197023310
           112.1800     -7.2600       12.472775684175
           112.1900     -7.2600       11.976932632570
           112.2000     -7.2600       11.449868738734
           112.2100     -7.2600       10.901662304140
           112.2200     -7.2600       10.342676643661
           112.2300     -7.2600        9.782990728125
           112.2400     -7.2600        9.231879998058
           112.2500     -7.2600        8.697368990292
           112.2600     -7.2600        8.185871736845
           112.2700     -7.2600        7.701930429511
           112.2800     -7.2600        7.248057889077
           112.2900     -7.2600        6.824685083092
           112.3000     -7.2600        6.430211311983
           112.3100     -7.2600        6.061151631582
           112.3200     -7.2600        5.712373431919
           112.3300     -7.2600        5.377411657039
           112.3400     -7.2600        5.048849763473
           112.3500     -7.2600        4.718751078643
           112.3600     -7.2600        4.379122735552
           112.3700     -7.2600        4.022391939086
           112.3800     -7.2600        3.641872182540
           112.3900     -7.2600        3.232195486245
           112.4000     -7.2600        2.789686126221
           112.4100     -7.2600        2.312652010070
           112.4200     -7.2600        1.801572132544
           112.4300     -7.2600        1.259162585574
           112.4400     -7.2600        0.690309431462
           112.4500     -7.2600        0.101864210064
           112.4600     -7.2600       -0.497693420995
           112.4700     -7.2600       -1.098711969557
           112.4800     -7.2600       -1.690919914506
           112.4900     -7.2600       -2.264040963174
           112.5000     -7.2600       -2.808433637412
           112.5100     -7.2600       -3.315711403018
           112.5200     -7.2600       -3.779297922794
           112.5300     -7.2600       -4.194873830422
           112.5400     -7.2600       -4.560676841023
           112.5500     -7.2600       -4.877625873165
           112.5600     -7.2600       -5.149251673482
           112.5700     -7.2600       -5.381430425007
           112.5800     -7.2600       -5.581931950885
           112.5900     -7.2600       -5.759809191847
           112.6000     -7.2600       -5.924669363376
           112.6100     -7.2600       -6.085878352248
           112.6200     -7.2600       -6.251757412899
           112.6300     -7.2600       -6.428834254680
           112.6400     -7.2600       -6.621208703193
           112.6500     -7.2600       -6.830086212468
           112.6600     -7.2600       -7.053520972718
           112.6700     -7.2600       -7.286394991750
           112.6800     -7.2600       -7.520641483535
           112.6900     -7.2600       -7.745701608556
           112.7000     -7.2600       -7.949184670285
           112.7100     -7.2600       -8.117684898207
           112.7200     -7.2600       -8.237694437982
           112.7300     -7.2600       -8.296543366571
           112.7400     -7.2600       -8.283294322724
           112.7500     -7.2600       -8.189522097856
           112.7600     -7.2600       -8.009917164162
           112.7700     -7.2600       -7.742666005480
           112.7800     -7.2600       -7.389579167272
           112.7900     -7.2600       -6.955958671906
           112.8000     -7.2600       -6.450218104435
           112.8100     -7.2600       -5.883289395496
           112.8200     -7.2600       -5.267868291209
           112.8300     -7.2600       -4.617564093053
           112.8400     -7.2600       -3.946027219086
           112.8500     -7.2600       -3.266129701442
           112.8600     -7.2600       -2.589268669234
           112.8700     -7.2600       -1.924851530155
           112.8800     -7.2600       -1.280004882387
           112.8900     -7.2600       -0.659528576520
           112.9000     -7.2600       -0.066093595770
           112.9100     -7.2600        0.499340456003
           112.9200     -7.2600        1.036933416646
           112.9300     -7.2600        1.547260431737
           112.9400     -7.2600        2.030569509241
           112.9500     -7.2600        2.486079664827
           112.9600     -7.2600        2.911396382211
           112.9700     -7.2600        3.302111792223
           112.9800     -7.2600        3.651641202041
           112.9900     -7.2600        3.951326661943
           113.0000     -7.2600        4.190813907109
           112.0000     -7.2700       14.199667168846
           112.0100     -7.2700       13.846735208007
           112.0200     -7.2700       13.549503843703
           112.0300     -7.2700       13.309128843476
           112.0400     -7.2700       13.123118020297
           112.0500     -7.2700       12.985686665856
           112.0600     -7.2700       12.888288442595
           112.0700     -7.2700       12.820277007047
           112.0800     -7.2700       12.769648081638
           112.0900     -7.2700       12.723810215023
           112.1000     -7.2700       12.670334828065
           112.1100     -7.2700       12.597641793890
           112.1200     -7.2700       12.495584982268
           112.1300     -7.2700       12.355912011307
           112.1400     -7.2700       12.172582950782
           112.1500     -7.2700       11.941943016453
           112.1600     -7.2700       11.662753613893
           112.1700     -7.2700       11.336093847868
           112.1800     -7.2700       10.965150443492
           112.1900     -7.2700       10.554917791121
           112.2000     -7.2700       10.111831606431
           112.2100     -7.2700        9.643359745997
           112.2200     -7.2700        9.157572419308
           112.2300     -7.2700        8.662711836787
           112.2400     -7.2700        8.166778678536
           112.2500     -7.2700        7.677150052503
           112.2600     -7.2700        7.200241125470
           112.2700     -7.2700        6.741220517844
           112.2800     -7.2700        6.303787878689
           112.2900     -7.2700        5.890020697701
           112.3000     -7.2700        5.500296165604
           112.3100     -7.2700        5.133292507143
           112.3200     -7.2700        4.786072419547
           112.3300     -7.2700        4.454248838840
           112.3400     -7.2700        4.132230104121
           112.3500     -7.2700        3.813537701133
           112.3600     -7.2700        3.491185292194
           112.3700     -7.2700        3.158102976039
           112.3800     -7.2700        2.807586088096
           112.3900     -7.2700        2.433743853045
           112.4000     -7.2700        2.031920370507
           112.4100     -7.2700        1.599059251188
           112.4200     -7.2700        1.133984125682
           112.4300     -7.2700        0.637570463734
           112.4400     -7.2700        0.112789705377
           112.4500     -7.2700       -0.435385578776
           112.4600     -7.2700       -1.000217345940
           112.4700     -7.2700       -1.573569902100
           112.4800     -7.2700       -2.146390476716
           112.4900     -7.2700       -2.709273065971
           112.5000     -7.2700       -3.253067604333
           112.5100     -7.2700       -3.769490566417
           112.5200     -7.2700       -4.251690355477
           112.5300     -7.2700       -4.694721776095
           112.5400     -7.2700       -5.095888688788
           112.5500     -7.2700       -5.454922436677
           112.5600     -7.2700       -5.773975308564
           112.5700     -7.2700       -6.057422330982
           112.5800     -7.2700       -6.311479978449
           112.5900     -7.2700       -6.543665698548
           112.6000     -7.2700       -6.762136144291
           112.6100     -7.2700       -6.974953420357
           112.6200     -7.2700       -7.189336383837
           112.6300     -7.2700       -7.410957273547
           112.6400     -7.2700       -7.643342219534
           112.6500     -7.2700       -7.887427470832
           112.6600     -7.2700       -8.141311879939
           112.6700     -7.2700       -8.400231121176
           112.6800     -7.2700       -8.656761481307
           112.6900     -7.2700       -8.901242294713
           112.7000     -7.2700       -9.122387795229
           112.7100     -7.2700       -9.308042921620
           112.7200     -7.2700       -9.446024903748
           112.7300     -7.2700       -9.524984459266
           112.7400     -7.2700       -9.535217946402
           112.7500     -7.2700       -9.469365178508
           112.7600     -7.2700       -9.322936631388
           112.7700     -7.2700       -9.094627779386
           112.7800     -7.2700       -8.786396137637
           112.7900     -7.2700       -8.403296758092
           112.8000     -7.2700       -7.953092680072
           112.8100     -7.2700       -7.445676340814
           112.8200     -7.2700       -6.892354452507
           112.8300     -7.2700       -6.305060830902
           112.8400     -7.2700       -5.695567975156
           112.8500     -7.2700       -5.074768194765
           112.8600     -7.2700       -4.452088659680
           112.8700     -7.2700       -3.835092391095
           112.8800     -7.2700       -3.229299934758
           112.8900     -7.2700       -2.638245749755
           112.9000     -7.2700       -2.063761025346
           112.9100     -7.2700       -1.506452708867
           112.9200     -7.2700       -0.966328995441
           112.9300     -7.2700       -0.443506225434
           112.9400     -7.2700        0.061077455196
           112.9500     -7.2700        0.545019189992
           112.9600     -7.2700        1.003952517344
           112.9700     -7.2700        1.431254551292
           112.9800     -7.2700        1.818004024422
           112.9900     -7.2700        2.153213011012
           113.0000     -7.2700        2.424330339337
           112.0000     -7.2800       12.377231756651
           112.0100     -7.2800       11.989394321528
           112.0200     -7.2800       11.655756850113
           112.0300     -7.2800       11.377451227741
           112.0400     -7.2800       11.152614314896
           112.0500     -7.2800       10.976712569280
           112.0600     -7.2800       10.842983123352
           112.0700     -7.2800       10.742955129997
           112.0800     -7.2800       10.667013629631
           112.0900     -7.2800       10.604969587872
           112.1000     -7.2800       10.546603659237
           112.1100     -7.2800       10.482157021594
           112.1200     -7.2800       10.402749563889
           112.1300     -7.2800       10.300713035975
           112.1400     -7.2800       10.169833777433
           112.1500     -7.2800       10.005505746252
           112.1600     -7.2800        9.804799353591
           112.1700     -7.2800        9.566454862850
           112.1800     -7.2800        9.290810820336
           112.1900     -7.2800        8.979678327154
           112.2000     -7.2800        8.636171262438
           112.2100     -7.2800        8.264501244878
           112.2200     -7.2800        7.869744623911
           112.2300     -7.2800        7.457587543192
           112.2400     -7.2800        7.034054448942
           112.2500     -7.2800        6.605225523602
           112.2600     -7.2800        6.176949451702
           112.2700     -7.2800        5.754559546025
           112.2800     -7.2800        5.342603305805
           112.2900     -7.2800        4.944597558649
           112.3000     -7.2800        4.562823005495
           112.3100     -7.2800        4.198172792228
           112.3200     -7.2800        3.850069282071
           112.3300     -7.2800        3.516461228632
           112.3400     -7.2800        3.193909945279
           112.3500     -7.2800        2.877767922296
           112.3600     -7.2800        2.562446951499
           112.3700     -7.2800        2.241765657902
           112.3800     -7.2800        1.909359037052
           112.3900     -7.2800        1.559125872379
           112.4000     -7.2800        1.185684495464
           112.4100     -7.2800        0.784803929353
           112.4200     -7.2800        0.353776559626
           112.4300     -7.2800       -0.108299556644
           112.4400     -7.2800       -0.600355728533
           112.4500     -7.2800       -1.119324357754
           112.4600     -7.2800       -1.660256800587
           112.4700     -7.2800       -2.216585398402
           112.4800     -7.2800       -2.780515709175
           112.4900     -7.2800       -3.343523431941
           112.5000     -7.2800       -3.896920505110
           112.5100     -7.2800       -4.432447368305
           112.5200     -7.2800       -4.942844217512
           112.5300     -7.2800       -5.422353802860
           112.5400     -7.2800       -5.867112135782
           112.5500     -7.2800       -6.275391241642
           112.5600     -7.2800       -6.647669301200
           112.5700     -7.2800       -6.986517319824
           112.5800     -7.2800       -7.296306726934
           112.5900     -7.2800       -7.582757741206
           112.6000     -7.2800       -7.852362577002
           112.6100     -7.2800       -8.111729309327
           112.6200     -7.2800       -8.366900334379
           112.6300     -7.2800       -8.622703025443
           112.6400     -7.2800       -8.882188930321
           112.6500     -7.2800       -9.146211656079
           112.6600     -7.2800       -9.413182854236
           112.6700     -7.2800       -9.679031288479
           112.6800     -7.2800       -9.937373027135
           112.6900     -7.2800      -10.179882799909
           112.7000     -7.2800      -10.396839070071
           112.7100     -7.2800      -10.577799968236
           112.7200     -7.2800      -10.712355328481
           112.7300     -7.2800      -10.790892794444
           112.7400     -7.2800      -10.805314060316
           112.7500     -7.2800      -10.749641047761
           112.7600     -7.2800      -10.620460958225
           112.7700     -7.2800      -10.417172950448
           112.7800     -7.2800      -10.142016506856
           112.7900     -7.2800       -9.799880861123
           112.8000     -7.2800       -9.397914443511
           112.8100     -7.2800       -8.944971384262
           112.8200     -7.2800       -8.450947024828
           112.8300     -7.2800       -7.926064706318
           112.8400     -7.2800       -7.380180810485
           112.8500     -7.2800       -6.822173589610
           112.8600     -7.2800       -6.259473758180
           112.8700     -7.2800       -5.697781711482
           112.8800     -7.2800       -5.140998683214
           112.8900     -7.2800       -4.591378684356
           112.9000     -7.2800       -4.049886505812
           112.9100     -7.2800       -3.516726384332
           112.9200     -7.2800       -2.991988055160
           112.9300     -7.2800       -2.476343564183
           112.9400     -7.2800       -1.971720734001
           112.9500     -7.2800       -1.481878418757
           112.9600     -7.2800       -1.012814899916
           112.9700     -7.2800       -0.572953605282
           112.9800     -7.2800       -0.173068807479
           112.9900     -7.2800        0.174063422250
           113.0000     -7.2800        0.454278870254
           112.0000     -7.2900       10.580698858079
           112.0100     -7.2900       10.150484323023
           112.0200     -7.2900        9.770914707578
           112.0300     -7.2900        9.443049329058
           112.0400     -7.2900        9.165750280497
           112.0500     -7.2900        8.935976481597
           112.0600     -7.2900        8.749125478183
           112.0700     -7.2900        8.599395948998
           112.0800     -7.2900        8.480146921912
           112.0900     -7.2900        8.384234486294
           112.1000     -7.2900        8.304312635274
           112.1100     -7.2900        8.233091041582
           112.1200     -7.2900        8.163548344679
           112.1300     -7.2900        8.089104282724
           112.1400     -7.2900        8.003757278756
           112.1500     -7.2900        7.902195629126
           112.1600     -7.2900        7.779890212865
           112.1700     -7.2900        7.633174834577
           112.1800     -7.2900        7.459317316045
           112.1900     -7.2900        7.256580792788
           112.2000     -7.2900        7.024270960928
           112.2100     -7.2900        6.762761872139
           112.2200     -7.2900        6.473490837470
           112.2300     -7.2900        6.158912486468
           112.2400     -7.2900        5.822403261651
           112.2500     -7.2900        5.468110616644
           112.2600     -7.2900        5.100745710154
           112.2700     -7.2900        4.725324020393
           112.2800     -7.2900        4.346864452234
           112.2900     -7.2900        3.970063473766
           112.3000     -7.2900        3.598965871518
           112.3100     -7.2900        3.236657176221
           112.3200     -7.2900        2.885004133891
           112.3300     -7.2900        2.544468426156
           112.3400     -7.2900        2.214015069459
           112.3500     -7.2900        1.891130704297
           112.3600     -7.2900        1.571958749091
           112.3700     -7.2900        1.251548800552
           112.3800     -7.2900        0.924207555652
           112.3900     -7.2900        0.583928854750
           112.4000     -7.2900        0.224872158767
           112.4100     -7.2900       -0.158147249224
           112.4200     -7.2900       -0.569196104621
           112.4300     -7.2900       -1.010828451496
           112.4400     -7.2900       -1.483793869449
           112.4500     -7.2900       -1.986876831126
           112.4600     -7.2900       -2.516885235604
           112.4700     -7.2900       -3.068793967261
           112.4800     -7.2900       -3.636036121987
           112.4900     -7.2900       -4.210921492888
           112.5000     -7.2900       -4.785150215155
           112.5100     -7.2900       -5.350380250489
           112.5200     -7.2900       -5.898801569620
           112.5300     -7.2900       -6.423668107103
           112.5400     -7.2900       -6.919741101765
           112.5500     -7.2900       -7.383604194634
           112.5600     -7.2900       -7.813821136955
           112.5700     -7.2900       -8.210920310188
           112.5800     -7.2900       -8.577205337098
           112.5900     -7.2900       -8.916406538927
           112.6000     -7.2900       -9.233202469829
           112.6100     -7.2900       -9.532652896258
           112.6200     -7.2900       -9.819593230285
           112.6300     -7.2900      -10.098044712090
           112.6400     -7.2900      -10.370694090407
           112.6500     -7.2900      -10.638491127117
           112.6600     -7.2900      -10.900402358156
           112.6700     -7.2900      -11.153346001392
           112.6800     -7.2900      -11.392316888860
           112.6900     -7.2900      -11.610693241353
           112.7000     -7.2900      -11.800700545783
           112.7100     -7.2900      -11.953993269936
           112.7200     -7.2900      -12.062304024284
           112.7300     -7.2900      -12.118103135468
           112.7400     -7.2900      -12.115210114096
           112.7500     -7.2900      -12.049302397630
           112.7600     -7.2900      -11.918275749218
           112.7700     -7.2900      -11.722424039158
           112.7800     -7.2900      -11.464422653769
           112.7900     -7.2900      -11.149117977837
           112.8000     -7.2900      -10.783143608511
           112.8100     -7.2900      -10.374400475919
           112.8200     -7.2900       -9.931451289609
           112.8300     -7.2900       -9.462888395160
           112.8400     -7.2900       -8.976737307722
           112.8500     -7.2900       -8.479955476521
           112.8600     -7.2900       -7.978077354810
           112.8700     -7.2900       -7.475043270899
           112.8800     -7.2900       -6.973232074620
           112.8900     -7.2900       -6.473697619526
           112.9000     -7.2900       -5.976588642576
           112.9100     -7.2900       -5.481712426613
           112.9200     -7.2900       -4.989186608780
           112.9300     -7.2900       -4.500112218797
           112.9400     -7.2900       -4.017195689215
           112.9500     -7.2900       -3.545248858683
           112.9600     -7.2900       -3.091503986307
           112.9700     -7.2900       -2.665695001014
           112.9800     -7.2900       -2.279875539033
           112.9900     -7.2900       -1.947967199068
           113.0000     -7.2900       -1.685055930958
           112.0000     -7.3000        8.853491073704
           112.0100     -7.3000        8.375378912245
           112.0200     -7.3000        7.941864979096
           112.0300     -7.3000        7.553884306168
           112.0400     -7.3000        7.211118550128
           112.0500     -7.3000        6.912258590909
           112.0600     -7.3000        6.655237129358
           112.0700     -7.3000        6.437414028787
           112.0800     -7.3000        6.255705327812
           112.0900     -7.3000        6.106655475513
           112.1000     -7.3000        5.986460462883
           112.1100     -7.3000        5.890956275685
           112.1200     -7.3000        5.815591759557
           112.1300     -7.3000        5.755407084134
           112.1400     -7.3000        5.705038311738
           112.1500     -7.3000        5.658765208128
           112.1600     -7.3000        5.610613756669
           112.1700     -7.3000        5.554517481454
           112.1800     -7.3000        5.484533464196
           112.1900     -7.3000        5.395100771939
           112.2000     -7.3000        5.281321825352
           112.2100     -7.3000        5.139241871280
           112.2200     -7.3000        4.966098845215
           112.2300     -7.3000        4.760515939660
           112.2400     -7.3000        4.522612259978
           112.2500     -7.3000        4.254012863966
           112.2600     -7.3000        3.957747758342
           112.2700     -7.3000        3.638039319070
           112.2800     -7.3000        3.299988178115
           112.2900     -7.3000        2.949177841138
           112.3000     -7.3000        2.591227133513
           112.3100     -7.3000        2.231326083524
           112.3200     -7.3000        1.873794307047
           112.3300     -7.3000        1.521700898102
           112.3400     -7.3000        1.176581122466
           112.3500     -7.3000        0.838278073616
           112.3600     -7.3000        0.504927435158
           112.3700     -7.3000        0.173091446640
           112.3800     -7.3000       -0.161964846808
           112.3900     -7.3000       -0.505874782007
           112.4000     -7.3000       -0.864679814651
           112.4100     -7.3000       -1.244287805931
           112.4200     -7.3000       -1.649925359314
           112.4300     -7.3000       -2.085631232317
           112.4400     -7.3000       -2.553835166480
           112.4500     -7.3000       -3.055059748527
           112.4600     -7.3000       -3.587772673661
           112.4700     -7.3000       -4.148403902032
           112.4800     -7.3000       -4.731527815616
           112.4900     -7.3000       -5.330195888977
           112.5000     -7.3000       -5.936391917586
           112.5100     -7.3000       -6.541570752764
           112.5200     -7.3000       -7.137233822089
           112.5300     -7.3000       -7.715491215377
           112.5400     -7.3000       -8.269561159043
           112.5500     -7.3000       -8.794163239277
           112.5600     -7.3000       -9.285771302727
           112.5700     -7.3000       -9.742704717380
           112.5800     -7.3000      -10.165051465682
           112.5900     -7.3000      -10.554432013330
           112.6000     -7.3000      -10.913627619428
           112.6100     -7.3000      -11.246109350189
           112.6200     -7.3000      -11.555513336923
           112.6300     -7.3000      -11.845112885713
           112.6400     -7.3000      -12.117338392971
           112.6500     -7.3000      -12.373391577463
           112.6600     -7.3000      -12.612991685047
           112.6700     -7.3000      -12.834278855854
           112.6800     -7.3000      -13.033884912723
           112.6900     -7.3000      -13.207165827340
           112.7000     -7.3000      -13.348574556161
           112.7100     -7.3000      -13.452139297387
           112.7200     -7.3000      -13.512001823229
           112.7300     -7.3000      -13.522964417096
           112.7400     -7.3000      -13.480992728421
           112.7500     -7.3000      -13.383625725388
           112.7600     -7.3000      -13.230252572023
           112.7700     -7.3000      -13.022228915362
           112.7800     -7.3000      -12.762820579446
           112.7900     -7.3000      -12.456979573611
           112.8000     -7.3000      -12.110974021695
           112.8100     -7.3000      -11.731908486470
           112.8200     -7.3000      -11.327182723863
           112.8300     -7.3000      -10.903943964690
           112.8400     -7.3000      -10.468589602505
           112.8500     -7.3000      -10.026373365299
           112.8600     -7.3000       -9.581158891655
           112.8700     -7.3000       -9.135350857829
           112.8800     -7.3000       -8.690016606644
           112.8900     -7.3000       -8.245192161748
           112.9000     -7.3000       -7.800347338749
           112.9100     -7.3000       -7.354967213253
           112.9200     -7.3000       -6.909193189878
           112.9300     -7.3000       -6.464457779283
           112.9400     -7.3000       -6.024043964254
           112.9500     -7.3000       -5.593503236951
           112.9600     -7.3000       -5.180875957086
           112.9700     -7.3000       -4.796672970165
           112.9800     -7.3000       -4.453597250003
           112.9900     -7.3000       -4.166007058409
           113.0000     -7.3000       -3.949145804336
           112.0000     -7.3100        7.226097568000
           112.0100     -7.3100        6.697216387930
           112.0200     -7.3100        6.204069643809
           112.0300     -7.3100        5.747411081216
           112.0400     -7.3100        5.327827066821
           112.0500     -7.3100        4.945965681563
           112.0600     -7.3100        4.602649994993
           112.0700     -7.3100        4.298868718378
           112.0800     -7.3100        4.035651203368
           112.0900     -7.3100        3.813846582391
           112.1000     -7.3100        3.633837509812
           112.1100     -7.3100        3.495226442173
           112.1200     -7.3100        3.396535977146
           112.1300     -7.3100        3.334964109837
           112.1400     -7.3100        3.306230419163
           112.1500     -7.3100        3.304540621346
           112.1600     -7.3100        3.322685433128
           112.1700     -7.3100        3.352276366207
           112.1800     -7.3100        3.384107199410
           112.1900     -7.3100        3.408616780154
           112.2000     -7.3100        3.416417763704
           112.2100     -7.3100        3.398847996184
           112.2200     -7.3100        3.348497289071
           112.2300     -7.3100        3.259662758928
           112.2400     -7.3100        3.128690749815
           112.2500     -7.3100        2.954172236426
           112.2600     -7.3100        2.736970761332
           112.2700     -7.3100        2.480076312938
           112.2800     -7.3100        2.188293808504
           112.2900     -7.3100        1.867789616153
           112.3000     -7.3100        1.525532468293
           112.3100     -7.3100        1.168674978837
           112.3200     -7.3100        0.803927839501
           112.3300     -7.3100        0.436980055220
           112.3400     -7.3100        0.072015118599
           112.3500     -7.3100       -0.288634916045
           112.3600     -7.3100       -0.644667239667
           112.3700     -7.3100       -0.997802270882
           112.3800     -7.3100       -1.351594105370
           112.3900     -7.3100       -1.711073772297
           112.4000     -7.3100       -2.082256292812
           112.4100     -7.3100       -2.471554472905
           112.4200     -7.3100       -2.885150499700
           112.4300     -7.3100       -3.328380007032
           112.4400     -7.3100       -3.805182004351
           112.4500     -7.3100       -4.317662037677
           112.4600     -7.3100       -4.865805720901
           112.4700     -7.3100       -5.447366273308
           112.4800     -7.3100       -6.057934156704
           112.4900     -7.3100       -6.691180741251
           112.5000     -7.3100       -7.339252616672
           112.5100     -7.3100       -7.993280098035
           112.5200     -7.3100       -8.643953836268
           112.5300     -7.3100       -9.282118097441
           112.5400     -7.3100       -9.899328686389
           112.5500     -7.3100      -10.488327681781
           112.5600     -7.3100      -11.043395698994
           112.5700     -7.3100      -11.560554476754
           112.5800     -7.3100      -12.037607038938
           112.5900     -7.3100      -12.474018140308
           112.6000     -7.3100      -12.870652700891
           112.6100     -7.3100      -13.229403052658
           112.6200     -7.3100      -13.552745830285
           112.6300     -7.3100      -13.843275299946
           112.6400     -7.3100      -14.103261288651
           112.6500     -7.3100      -14.334276543992
           112.6600     -7.3100      -14.536930663950
           112.6700     -7.3100      -14.710736451578
           112.6800     -7.3100      -14.854120780217
           112.6900     -7.3100      -14.964577154342
           112.7000     -7.3100      -15.038942584772
           112.7100     -7.3100      -15.073768603915
           112.7200     -7.3100      -15.065746499053
           112.7300     -7.3100      -15.012141121888
           112.7400     -7.3100      -14.911186535188
           112.7500     -7.3100      -14.762400428644
           112.7600     -7.3100      -14.566782354825
           112.7700     -7.3100      -14.326872640258
           112.7800     -7.3100      -14.046663181101
           112.7900     -7.3100      -13.731366835430
           112.8000     -7.3100      -13.387067236707
           112.8100     -7.3100      -13.020284049416
           112.8200     -7.3100      -12.637498601052
           112.8300     -7.3100      -12.244690382025
           112.8400     -7.3100      -11.846935437576
           112.8500     -7.3100      -11.448112989961
           112.8600     -7.3100      -11.050757036128
           112.8700     -7.3100      -10.656075962087
           112.8800     -7.3100      -10.264146616650
           112.8900     -7.3100       -9.874271324718
           112.9000     -7.3100       -9.485468699962
           112.9100     -7.3100       -9.097053564037
           112.9200     -7.3100       -8.709249375874
           112.9300     -7.3100       -8.323769606199
           112.9400     -7.3100       -7.944303321231
           112.9500     -7.3100       -7.576845212855
           112.9600     -7.3100       -7.229821216155
           112.9700     -7.3100       -6.913976919488
           112.9800     -7.3100       -6.642015926837
           112.9900     -7.3100       -6.427997510244
           113.0000     -7.3100       -6.286525368275
           112.0000     -7.3200        5.713785949107
           112.0100     -7.3200        5.134395349292
           112.0200     -7.3200        4.578882686517
           112.0300     -7.3200        4.047757766621
           112.0400     -7.3200        3.542581495694
           112.0500     -7.3200        3.066158215916
           112.0600     -7.3200        2.622519628439
           112.0700     -7.3200        2.216704637908
           112.0800     -7.3200        1.854359148542
           112.0900     -7.3200        1.541197142792
           112.1000     -7.3200        1.282377755163
           112.1100     -7.3200        1.081861344162
           112.1200     -7.3200        0.941810048340
           112.1300     -7.3200        0.862094788303
           112.1400     -7.3200        0.839961478702
           112.1500     -7.3200        0.869895177839
           112.1600     -7.3200        0.943703290101
           112.1700     -7.3200        1.050819325133
           112.1800     -7.3200        1.178808859636
           112.1900     -7.3200        1.314041013987
           112.2000     -7.3200        1.442473580874
           112.2100     -7.3200        1.550489278658
           112.2200     -7.3200        1.625715399376
           112.2300     -7.3200        1.657759846238
           112.2400     -7.3200        1.638803149029
           112.2500     -7.3200        1.563997929620
           112.2600     -7.3200        1.431643418780
           112.2700     -7.3200        1.243121580901
           112.2800     -7.3200        1.002601520306
           112.2900     -7.3200        0.716538357614
           112.3000     -7.3200        0.393009972226
           112.3100     -7.3200        0.040948411439
           112.3200     -7.3200       -0.330668786776
           112.3300     -7.3200       -0.713599333522
           112.3400     -7.3200       -1.101024069263
           112.3500     -7.3200       -1.488085731591
           112.3600     -7.3200       -1.872235793117
           112.3700     -7.3200       -2.253363538821
           112.3800     -7.3200       -2.633700569929
           112.3900     -7.3200       -3.017513283330
           112.4000     -7.3200       -3.410613880025
           112.4100     -7.3200       -3.819735538565
           112.4200     -7.3200       -4.251828261189
           112.4300     -7.3200       -4.713337662329
           112.4400     -7.3200       -5.209529187780
           112.4500     -7.3200       -5.743914995880
           112.4600     -7.3200       -6.317830556204
           112.4700     -7.3200       -6.930193917618
           112.4800     -7.3200       -7.577463896063
           112.4900     -7.3200       -8.253795678366
           112.5000     -7.3200       -8.951375148239
           112.5100     -7.3200       -9.660898154316
           112.5200     -7.3200      -10.372149280506
           112.5300     -7.3200      -11.074627433569
           112.5400     -7.3200      -11.758163296552
           112.5500     -7.3200      -12.413476505466
           112.5600     -7.3200      -13.032627914024
           112.5700     -7.3200      -13.609333710097
           112.5800     -7.3200      -14.139122280517
           112.5900     -7.3200      -14.619330193237
           112.6000     -7.3200      -15.048948980407
           112.6100     -7.3200      -15.428348105070
           112.6200     -7.3200      -15.758910298210
           112.6300     -7.3200      -16.042622380223
           112.6400     -7.3200      -16.281667138477
           112.6500     -7.3200      -16.478059669730
           112.6600     -7.3200      -16.633365114643
           112.6700     -7.3200      -16.748524633652
           112.6800     -7.3200      -16.823803867714
           112.6900     -7.3200      -16.858864304222
           112.7000     -7.3200      -16.852944348417
           112.7100     -7.3200      -16.805124877623
           112.7200     -7.3200      -16.714644856508
           112.7300     -7.3200      -16.581227157742
           112.7400     -7.3200      -16.405373624397
           112.7500     -7.3200      -16.188591752360
           112.7600     -7.3200      -15.933522835558
           112.7700     -7.3200      -15.643952255311
           112.7800     -7.3200      -15.324695708181
           112.7900     -7.3200      -14.981369210766
           112.8000     -7.3200      -14.620064237229
           112.8100     -7.3200      -14.246960908359
           112.8200     -7.3200      -13.867920503624
           112.8300     -7.3200      -13.488102753220
           112.8400     -7.3200      -13.111652828261
           112.8500     -7.3200      -12.741497588381
           112.8600     -7.3200      -12.379280853045
           112.8700     -7.3200      -12.025454075096
           112.8800     -7.3200      -11.679523034530
           112.8900     -7.3200      -11.340434531825
           112.9000     -7.3200      -11.007071172341
           112.9100     -7.3200      -10.678808806697
           112.9200     -7.3200      -10.356081462107
           112.9300     -7.3200      -10.040893785781
           112.9400     -7.3200       -9.737221810902
           112.9500     -7.3200       -9.451249427078
           112.9600     -7.3200       -9.191399928177
           112.9700     -7.3200       -8.968138537554
           112.9800     -7.3200       -8.793541535122
           112.9900     -7.3200       -8.680648850818
           113.0000     -7.3200       -8.642637864208
           112.0000     -7.3300        4.315643253625
           112.0100     -7.3300        3.689341709908
           112.0200     -7.3300        3.072073153837
           112.0300     -7.3300        2.464037143307
           112.0400     -7.3300        1.867819408099
           112.0500     -7.3300        1.288542965258
           112.0600     -7.3300        0.733713057198
           112.0700     -7.3300        0.212772073533
           112.0800     -7.3300       -0.263593546769
           112.0900     -7.3300       -0.684330512969
           112.1000     -7.3300       -1.038999879109
           112.1100     -7.3300       -1.318773027170
           112.1200     -7.3300       -1.517351896874
           112.1300     -7.3300       -1.631729425327
           112.1400     -7.3300       -1.662719873408
           112.1500     -7.3300       -1.615208410871
           112.1600     -7.3300       -1.498093279692
           112.1700     -7.3300       -1.323919978024
           112.1800     -7.3300       -1.108232959520
           112.1900     -7.3300       -0.868694104244
           112.2000     -7.3300       -0.624036681373
           112.2100     -7.3300       -0.392937068854
           112.2200     -7.3300       -0.192893018972
           112.2300     -7.3300       -0.039196269457
           112.2400     -7.3300        0.055921048518
           112.2500     -7.3300        0.083901679864
           112.2600     -7.3300        0.040195835343
           112.2700     -7.3300       -0.075709613552
           112.2800     -7.3300       -0.260560978689
           112.2900     -7.3300       -0.507877925495
           112.3000     -7.3300       -0.808713667736
           112.3100     -7.3300       -1.152567855360
           112.3200     -7.3300       -1.528373726930
           112.3300     -7.3300       -1.925476779717
           112.3400     -7.3300       -2.334524920954
           112.3500     -7.3300       -2.748199445105
           112.3600     -7.3300       -3.161731307701
           112.3700     -7.3300       -3.573166631034
           112.3800     -7.3300       -3.983367425574
           112.3900     -7.3300       -4.395756198373
           112.4000     -7.3300       -4.815834483440
           112.4100     -7.3300       -5.250523561748
           112.4200     -7.3300       -5.707389243792
           112.4300     -7.3300       -6.193820505952
           112.4400     -7.3300       -6.716233465672
           112.4500     -7.3300       -7.279367671251
           112.4600     -7.3300       -7.885731537453
           112.4700     -7.3300       -8.535239029806
           112.4800     -7.3300       -9.225061819862
           112.4900     -7.3300       -9.949701775855
           112.5000     -7.3300      -10.701269580333
           112.5100     -7.3300      -11.469938167279
           112.5200     -7.3300      -12.244526009479
           112.5300     -7.3300      -13.013156173442
           112.5400     -7.3300      -13.763933158350
           112.5500     -7.3300      -14.485581015334
           112.5600     -7.3300      -15.167992771120
           112.5700     -7.3300      -15.802651965496
           112.5800     -7.3300      -16.382900991567
           112.5900     -7.3300      -16.904046481952
           112.6000     -7.3300      -17.363307678096
           112.6100     -7.3300      -17.759628050141
           112.6200     -7.3300      -18.093382072675
           112.6300     -7.3300      -18.366016975928
           112.6400     -7.3300      -18.579672842177
           112.6500     -7.3300      -18.736823407829
           112.6600     -7.3300      -18.839974622410
           112.6700     -7.3300      -18.891449088194
           112.6800     -7.3300      -18.893272986973
           112.6900     -7.3300      -18.847169263200
           112.7000     -7.3300      -18.754648054757
           112.7100     -7.3300      -18.617173995969
           112.7200     -7.3300      -18.436381249238
           112.7300     -7.3300      -18.214301857214
           112.7400     -7.3300      -17.953571779683
           112.7500     -7.3300      -17.657581896404
           112.7600     -7.3300      -17.330547991771
           112.7700     -7.3300      -16.977483560211
           112.7800     -7.3300      -16.604071123967
           112.7900     -7.3300      -16.216440356668
           112.8000     -7.3300      -15.820873282022
           112.8100     -7.3300      -15.423466838933
           112.8200     -7.3300      -15.029790025937
           112.8300     -7.3300      -14.644575814858
           112.8400     -7.3300      -14.271486604268
           112.8500     -7.3300      -13.912986162096
           112.8600     -7.3300      -13.570341233732
           112.8700     -7.3300      -13.243763138182
           112.8800     -7.3300      -12.932684954590
           112.8900     -7.3300      -12.636154760603
           112.9000     -7.3300      -12.353311361604
           112.9100     -7.3300      -12.083897529712
           112.9200     -7.3300      -11.828758234005
           112.9300     -7.3300      -11.590268635136
           112.9400     -7.3300      -11.372639248685
           112.9500     -7.3300      -11.182053663673
           112.9600     -7.3300      -11.026607031834
           112.9700     -7.3300      -10.916030232260
           112.9800     -7.3300      -10.861203772542
           112.9900     -7.3300      -10.873485432769
           113.0000     -7.3300      -10.963894575363
           112.0000     -7.3400        3.015017066873
           112.0100     -7.3400        2.348639299027
           112.0200     -7.3400        1.673664660311
           112.0300     -7.3400        0.989917135618
           112.0400     -7.3400        0.301036240950
           112.0500     -7.3400       -0.385418758491
           112.0600     -7.3400       -1.058271839425
           112.0700     -7.3400       -1.703411753497
           112.0800     -7.3400       -2.304791384982
           112.0900     -7.3400       -2.845657648933
           112.1000     -7.3400       -3.309905693277
           112.1100     -7.3400       -3.683441306018
           112.1200     -7.3400       -3.955435360340
           112.1300     -7.3400       -4.119363738897
           112.1400     -7.3400       -4.173744545043
           112.1500     -7.3400       -4.122509898801
           112.1600     -7.3400       -3.974980023336
           112.1700     -7.3400       -3.745440068078
           112.1800     -7.3400       -3.452352442383
           112.1900     -7.3400       -3.117266675673
           112.2000     -7.3400       -2.763512597642
           112.2100     -7.3400       -2.414779056469
           112.2200     -7.3400       -2.093688215787
           112.2300     -7.3400       -1.820474180847
           112.2400     -7.3400       -1.611864557529
           112.2500     -7.3400       -1.480245536415
           112.2600     -7.3400       -1.433166849837
           112.2700     -7.3400       -1.473214596813
           112.2800     -7.3400       -1.598249897827
           112.2900     -7.3400       -1.801982152367
           112.3000     -7.3400       -2.074819729762
           112.3100     -7.3400       -2.404920310162
           112.3200     -7.3400       -2.779349397031
           112.3300     -7.3400       -3.185249718222
           112.3400     -7.3400       -3.610926604952
           112.3500     -7.3400       -4.046764575400
           112.3600     -7.3400       -4.485907193361
           112.3700     -7.3400       -4.924654222196
           112.3800     -7.3400       -5.362555156858
           112.3900     -7.3400       -5.802204187213
           112.4000     -7.3400       -6.248766301993
           112.4100     -7.3400       -6.709285537696
           112.4200     -7.3400       -7.191842611286
           112.4300     -7.3400       -7.704639137071
           112.4400     -7.3400       -8.255088682199
           112.4500     -7.3400       -8.848991046133
           112.4600     -7.3400       -9.489855943412
           112.4700     -7.3400      -10.178426845869
           112.4800     -7.3400      -10.912436638802
           112.4900     -7.3400      -11.686605774363
           112.5000     -7.3400      -12.492872674235
           112.5100     -7.3400      -13.320827079714
           112.5200     -7.3400      -14.158301471876
           112.5300     -7.3400      -14.992064817057
           112.5400     -7.3400      -15.808557490548
           112.5500     -7.3400      -16.594606526200
           112.5600     -7.3400      -17.338066033949
           112.5700     -7.3400      -18.028337938888
           112.5800     -7.3400      -18.656741946231
           112.5900     -7.3400      -19.216719375142
           112.6000     -7.3400      -19.703871651974
           112.6100     -7.3400      -20.115849256928
           112.6200     -7.3400      -20.452119396949
           112.6300     -7.3400      -20.713649551130
           112.6400     -7.3400      -20.902548616676
           112.6500     -7.3400      -21.021707436704
           112.6600     -7.3400      -21.074476238069
           112.6700     -7.3400      -21.064408594979
           112.6800     -7.3400      -20.995090957561
           112.6900     -7.3400      -20.870064779848
           112.7000     -7.3400      -20.692836194013
           112.7100     -7.3400      -20.466957324437
           112.7200     -7.3400      -20.196154869575
           112.7300     -7.3400      -19.884476377078
           112.7400     -7.3400      -19.536423207911
           112.7500     -7.3400      -19.157041624310
           112.7600     -7.3400      -18.751949420028
           112.7700     -7.3400      -18.327284331098
           112.7800     -7.3400      -17.889571104151
           112.7900     -7.3400      -17.445515338343
           112.8000     -7.3400      -17.001742762639
           112.8100     -7.3400      -16.564511230549
           112.8200     -7.3400      -16.139428368569
           112.8300     -7.3400      -15.731209764954
           112.8400     -7.3400      -15.343510479556
           112.8500     -7.3400      -14.978856569518
           112.8600     -7.3400      -14.638693765803
           112.8700     -7.3400      -14.323558294852
           112.8800     -7.3400      -14.033361315662
           112.8900     -7.3400      -13.767764922814
           112.9000     -7.3400      -13.526615591101
           112.9100     -7.3400      -13.310391657579
           112.9200     -7.3400      -13.120616071968
           112.9300     -7.3400      -12.960184967035
           112.9400     -7.3400      -12.833566939693
           112.9500     -7.3400      -12.746837138667
           112.9600     -7.3400      -12.707523686193
           112.9700     -7.3400      -12.724260538087
           112.9800     -7.3400      -12.806259175038
           112.9900     -7.3400      -12.962629857233
           113.0000     -7.3400      -13.201599826954
           112.0000     -7.3500        1.781311482241
           112.0100     -7.3500        1.084503992107
           112.0200     -7.3500        0.359094663288
           112.0300     -7.3500       -0.395525130754
           112.0400     -7.3500       -1.174653434863
           112.0500     -7.3500       -1.968227279033
           112.0600     -7.3500       -2.761281584432
           112.0700     -7.3500       -3.534875581109
           112.0800     -7.3500       -4.267406724193
           112.0900     -7.3500       -4.936201002605
           112.1000     -7.3500       -5.519246955054
           112.1100     -7.3500       -5.996930251232
           112.1200     -7.3500       -6.353627040023
           112.1300     -7.3500       -6.579027116096
           112.1400     -7.3500       -6.669081082084
           112.1500     -7.3500       -6.626497037022
           112.1600     -7.3500       -6.460749215373
           112.1700     -7.3500       -6.187600340068
           112.1800     -7.3500       -5.828177996048
           112.1900     -7.3500       -5.407679959429
           112.2000     -7.3500       -4.953811390469
           112.2100     -7.3500       -4.495075972184
           112.2200     -7.3500       -4.059052069615
           112.2300     -7.3500       -3.670783279498
           112.2400     -7.3500       -3.351400707430
           112.2500     -7.3500       -3.117073161631
           112.2600     -7.3500       -2.978353124053
           112.2700     -7.3500       -2.939953333299
           112.2800     -7.3500       -3.000953901114
           112.2900     -7.3500       -3.155405984275
           112.3000     -7.3500       -3.393267889552
           112.3100     -7.3500       -3.701585462632
           112.3200     -7.3500       -4.065812494157
           112.3300     -7.3500       -4.471159753064
           112.3400     -7.3500       -4.903863435924
           112.3500     -7.3500       -5.352274823379
           112.3600     -7.3500       -5.807691560365
           112.3700     -7.3500       -6.264875423433
           112.3800     -7.3500       -6.722229472406
           112.3900     -7.3500       -7.181636641267
           112.4000     -7.3500       -7.647989628559
           112.4100     -7.3500       -8.128466123377
           112.4200     -7.3500       -8.631622059631
           112.4300     -7.3500       -9.166387377135
           112.4400     -7.3500       -9.741052967592
           112.4500     -7.3500      -10.362334058851
           112.4600     -7.3500      -11.034584860820
           112.4700     -7.3500      -11.759223060834
           112.4800     -7.3500      -12.534402369419
           112.4900     -7.3500      -13.354948726864
           112.5000     -7.3500      -14.212553044750
           112.5100     -7.3500      -15.096192456498
           112.5200     -7.3500      -15.992734719372
           112.5300     -7.3500      -16.887667984308
           112.5400     -7.3500      -17.765891466830
           112.5500     -7.3500      -18.612501893479
           112.5600     -7.3500      -19.413515686282
           112.5700     -7.3500      -20.156476894034
           112.5800     -7.3500      -20.830914678065
           112.5900     -7.3500      -21.428630217574
           112.6000     -7.3500      -21.943809585296
           112.6100     -7.3500      -22.372974850767
           112.6200     -7.3500      -22.714798962855
           112.6300     -7.3500      -22.969819717711
           112.6400     -7.3500      -23.140093606362
           112.6500     -7.3500      -23.228831287800
           112.6600     -7.3500      -23.240053043840
           112.6700     -7.3500      -23.178295464892
           112.6800     -7.3500      -23.048390764935
           112.6900     -7.3500      -22.855328743507
           112.7000     -7.3500      -22.604199824217
           112.7100     -7.3500      -22.300207094829
           112.7200     -7.3500      -21.948726980490
           112.7300     -7.3500      -21.555392949662
           112.7400     -7.3500      -21.126174971371
           112.7500     -7.3500      -20.667429397467
           112.7600     -7.3500      -20.185899211759
           112.7700     -7.3500      -19.688652479226
           112.7800     -7.3500      -19.182956362567
           112.7900     -7.3500      -18.676094088217
           112.8000     -7.3500      -18.175141520689
           112.8100     -7.3500      -17.686727400417
           112.8200     -7.3500      -17.216805873633
           112.8300     -7.3500      -16.770471055429
           112.8400     -7.3500      -16.351840758649
           112.8500     -7.3500      -15.964030343192
           112.8600     -7.3500      -15.609228448317
           112.8700     -7.3500      -15.288875073758
           112.8800     -7.3500      -15.003930249263
           112.8900     -7.3500      -14.755209700969
           112.9000     -7.3500      -14.543753825165
           112.9100     -7.3500      -14.371189129107
           112.9200     -7.3500      -14.240038052216
           112.9300     -7.3500      -14.153934334106
           112.9400     -7.3500      -14.117707005305
           112.9500     -7.3500      -14.137306329670
           112.9600     -7.3500      -14.219558854500
           112.9700     -7.3500      -14.371754957907
           112.9800     -7.3500      -14.601089457328
           112.9900     -7.3500      -14.913992326496
           113.0000     -7.3500      -15.315400715081
           112.0000     -7.3600        0.572981141536
           112.0100     -7.3600       -0.142528058994
           112.0200     -7.3600       -0.908409657162
           112.0300     -7.3600       -1.725743920294
           112.0400     -7.3600       -2.588774221177
           112.0500     -7.3600       -3.484918480849
           112.0600     -7.3600       -4.395390784432
           112.0700     -7.3600       -5.296377572553
           112.0800     -7.3600       -6.160668729293
           112.0900     -7.3600       -6.959608533746
           112.1000     -7.3600       -7.665207502131
           112.1100     -7.3600       -8.252245340936
           112.1200     -7.3600       -8.700198190443
           112.1300     -7.3600       -8.994839572252
           112.1400     -7.3600       -9.129392412220
           112.1500     -7.3600       -9.105146722543
           112.1600     -7.3600       -8.931500824995
           112.1700     -7.3600       -8.625429784016
           112.1800     -7.3600       -8.210429268427
           112.1900     -7.3600       -7.715022827209
           112.2000     -7.3600       -7.170952465326
           112.2100     -7.3600       -6.611194063312
           112.2200     -7.3600       -6.067949107530
           112.2300     -7.3600       -5.570761882623
           112.2400     -7.3600       -5.144897225978
           112.2500     -7.3600       -4.810089600002
           112.2600     -7.3600       -4.579741846179
           112.2700     -7.3600       -4.460614385764
           112.2800     -7.3600       -4.453006013177
           112.2900     -7.3600       -4.551389052340
           112.3000     -7.3600       -4.745427579116
           112.3100     -7.3600       -5.021280275571
           112.3200     -7.3600       -5.363071244863
           112.3300     -7.3600       -5.754403955051
           112.3400     -7.3600       -6.179795702653
           112.3500     -7.3600       -6.625922030508
           112.3600     -7.3600       -7.082581042953
           112.3700     -7.3600       -7.543314522874
           112.3800     -7.3600       -8.005653693069
           112.3900     -7.3600       -8.470989661288
           112.4000     -7.3600       -8.944099324382
           112.4100     -7.3600       -9.432384289984
           112.4200     -7.3600       -9.944901143625
           112.4300     -7.3600      -10.491274676540
           112.4400     -7.3600      -11.080590720905
           112.4500     -7.3600      -11.720361976777
           112.4600     -7.3600      -12.415649330152
           112.4700     -7.3600      -13.168403949776
           112.4800     -7.3600      -13.977073692780
           112.4900     -7.3600      -14.836493137730
           112.5000     -7.3600      -15.738052103816
           112.5100     -7.3600      -16.670114927511
           112.5200     -7.3600      -17.618643904176
           112.5300     -7.3600      -18.567966591439
           112.5400     -7.3600      -19.501619011546
           112.5500     -7.3600      -20.403195491846
           112.5600     -7.3600      -21.257140667332
           112.5700     -7.3600      -22.049429222139
           112.5800     -7.3600      -22.768093017444
           112.5900     -7.3600      -23.403571790958
           112.6000     -7.3600      -23.948880927291
           112.6100     -7.3600      -24.399606222735
           112.6200     -7.3600      -24.753749618244
           112.6300     -7.3600      -25.011460380950
           112.6400     -7.3600      -25.174692420910
           112.6500     -7.3600      -25.246830045971
           112.6600     -7.3600      -25.232321667370
           112.6700     -7.3600      -25.136354389428
           112.6800     -7.3600      -24.964593017642
           112.6900     -7.3600      -24.722996008859
           112.7000     -7.3600      -24.417709577065
           112.7100     -7.3600      -24.055030836188
           112.7200     -7.3600      -23.641422615731
           112.7300     -7.3600      -23.183557255929
           112.7400     -7.3600      -22.688364747026
           112.7500     -7.3600      -22.163062092993
           112.7600     -7.3600      -21.615145427235
           112.7700     -7.3600      -21.052333506862
           112.7800     -7.3600      -20.482459810246
           112.7900     -7.3600      -19.913319444366
           112.8000     -7.3600      -19.352485279329
           112.8100     -7.3600      -18.807114104699
           112.8200     -7.3600      -18.283767292576
           112.8300     -7.3600      -17.788270909802
           112.8400     -7.3600      -17.325637271521
           112.8500     -7.3600      -16.900063792599
           112.8600     -7.3600      -16.515016273669
           112.8700     -7.3600      -16.173393378272
           112.8800     -7.3600      -15.877758168885
           112.8900     -7.3600      -15.630612434011
           112.9000     -7.3600      -15.434681393125
           112.9100     -7.3600      -15.293171289541
           112.9200     -7.3600      -15.209961170874
           112.9300     -7.3600      -15.189693234210
           112.9400     -7.3600      -15.237733462551
           112.9500     -7.3600      -15.359985431311
           112.9600     -7.3600      -15.562554222802
           112.9700     -7.3600      -15.851273104161
           112.9800     -7.3600      -16.231121507931
           112.9900     -7.3600      -16.705577308338
           113.0000     -7.3600      -17.275957863347
           112.0000     -7.3700       -0.658531294365
           112.0100     -7.3700       -1.379925639799
           112.0200     -7.3700       -2.174439481146
           112.0300     -7.3700       -3.043634119565
           112.0400     -7.3700       -3.980715852303
           112.0500     -7.3700       -4.970618571481
           112.0600     -7.3700       -5.990793509569
           112.0700     -7.3700       -7.012636217308
           112.0800     -7.3700       -8.003431289057
           112.0900     -7.3700       -8.928656150406
           112.1000     -7.3700       -9.754459311580
           112.1100     -7.3700      -10.450117667613
           112.1200     -7.3700      -10.990282251214
           112.1300     -7.3700      -11.356841612134
           112.1400     -7.3700      -11.540264821407
           112.1500     -7.3700      -11.540329088354
           112.1600     -7.3700      -11.366186488830
           112.1700     -7.3700      -11.035776249871
           112.1800     -7.3700      -10.574639231818
           112.1900     -7.3700      -10.014235747243
           112.2000     -7.3700       -9.389903263237
           112.2100     -7.3700       -8.738614272849
           112.2200     -7.3700       -8.096705121316
           112.2300     -7.3700       -7.497743370112
           112.2400     -7.3700       -6.970685031732
           112.2500     -7.3700       -6.538445400563
           112.2600     -7.3700       -6.216970799526
           112.2700     -7.3700       -6.014856553972
           112.2800     -7.3700       -5.933512445394
           112.2900     -7.3700       -5.967834394539
           112.3000     -7.3700       -6.107303539512
           112.3100     -7.3700       -6.337404059927
           112.3200     -7.3700       -6.641231171470
           112.3300     -7.3700       -7.001151911248
           112.3400     -7.3700       -7.400383930992
           112.3500     -7.3700       -7.824370842809
           112.3600     -7.3700       -8.261855191340
           112.3700     -7.3700       -8.705579626304
           112.3800     -7.3700       -9.152580599778
           112.3900     -7.3700       -9.604073949381
           112.4000     -7.3700      -10.064965103093
           112.4100     -7.3700      -10.543045668312
           112.4200     -7.3700      -11.047960642088
           112.4300     -7.3700      -11.590044845170
           112.4400     -7.3700      -12.179132637622
           112.4500     -7.3700      -12.823441509154
           112.4600     -7.3700      -13.528618501912
           112.4700     -7.3700      -14.297020028891
           112.4800     -7.3700      -15.127272418482
           112.4900     -7.3700      -16.014134686860
           112.5000     -7.3700      -16.948658966669
           112.5100     -7.3700      -17.918619952653
           112.5200     -7.3700      -18.909164617158
           112.5300     -7.3700      -19.903618801019
           112.5400     -7.3700      -20.884379032197
           112.5500     -7.3700      -21.833816377870
           112.5600     -7.3700      -22.735123989157
           112.5700     -7.3700      -23.573050385493
           112.5800     -7.3700      -24.334475131173
           112.5900     -7.3700      -25.008800756919
           112.6000     -7.3700      -25.588152812677
           112.6100     -7.3700      -26.067397075993
           112.6200     -7.3700      -26.443997650001
           112.6300     -7.3700      -26.717750764517
           112.6400     -7.3700      -26.890435769832
           112.6500     -7.3700      -26.965426794439
           112.6600     -7.3700      -26.947306017908
           112.6700     -7.3700      -26.841513121763
           112.6800     -7.3700      -26.654056210644
           112.6900     -7.3700      -26.391298565095
           112.7000     -7.3700      -26.059824315085
           112.7100     -7.3700      -25.666375785224
           112.7200     -7.3700      -25.217846956689
           112.7300     -7.3700      -24.721312029092
           112.7400     -7.3700      -24.184065897265
           112.7500     -7.3700      -23.613654534014
           112.7600     -7.3700      -23.017877450131
           112.7700     -7.3700      -22.404750905662
           112.7800     -7.3700      -21.782428432291
           112.7900     -7.3700      -21.159083411900
           112.8000     -7.3700      -20.542765836673
           112.8100     -7.3700      -19.941250955147
           112.8200     -7.3700      -19.361900511907
           112.8300     -7.3700      -18.811557253685
           112.8400     -7.3700      -18.296490207193
           112.8500     -7.3700      -17.822402224177
           112.8600     -7.3700      -17.394503084569
           112.8700     -7.3700      -17.017641989673
           112.8800     -7.3700      -16.696483697001
           112.8900     -7.3700      -16.435704051210
           112.9000     -7.3700      -16.240174392992
           112.9100     -7.3700      -16.115101229741
           112.9200     -7.3700      -16.066088271495
           112.9300     -7.3700      -16.099092726448
           112.9400     -7.3700      -16.220256427820
           112.9500     -7.3700      -16.435604305307
           112.9600     -7.3700      -16.750616900348
           112.9700     -7.3700      -17.169698726733
           112.9800     -7.3700      -17.695578779224
           112.9900     -7.3700      -18.328691833218
           113.0000     -7.3700      -19.066597910918
           112.0000     -7.3800       -1.964244403812
           112.0100     -7.3800       -2.678806503945
           112.0200     -7.3800       -3.489276210649
           112.0300     -7.3800       -4.397662848867
           112.0400     -7.3800       -5.396154215316
           112.0500     -7.3800       -6.467280775411
           112.0600     -7.3800       -7.584877451738
           112.0700     -7.3800       -8.715758308806
           112.0800     -7.3800       -9.821964953207
           112.0900     -7.3800      -10.863406986369
           112.1000     -7.3800      -11.800685475924
           112.1100     -7.3800      -12.597879992545
           112.1200     -7.3800      -13.225086746061
           112.1300     -7.3800      -13.660518806400
           112.1400     -7.3800      -13.892017079988
           112.1500     -7.3800      -13.917869316536
           112.1600     -7.3800      -13.746889838497
           112.1700     -7.3800      -13.397770366045
           112.1800     -7.3800      -12.897767637982
           112.1900     -7.3800      -12.280842194548
           112.2000     -7.3800      -11.585401029834
           112.2100     -7.3800      -10.851822104352
           112.2200     -7.3800      -10.119949320723
           112.2300     -7.3800       -9.426742119178
           112.2400     -7.3800       -8.804245178114
           112.2500     -7.3800       -8.278012759912
           112.2600     -7.3800       -7.866081902816
           112.2700     -7.3800       -7.578542469654
           112.2800     -7.3800       -7.417703922521
           112.2900     -7.3800       -7.378812523106
           112.3000     -7.3800       -7.451232087707
           112.3100     -7.3800       -7.619969495414
           112.3200     -7.3800       -7.867405082926
           112.3300     -7.3800       -8.175079114550
           112.3400     -7.3800       -8.525388904824
           112.3500     -7.3800       -8.903066087732
           112.3600     -7.3800       -9.296328247752
           112.3700     -7.3800       -9.697631194078
           112.3800     -7.3800      -10.103984605820
           112.3900     -7.3800      -10.516831402813
           112.4000     -7.3800      -10.941526846205
           112.4100     -7.3800      -11.386484194387
           112.4200     -7.3800      -11.862077417191
           112.4300     -7.3800      -12.379406397436
           112.4400     -7.3800      -12.949035431345
           112.4500     -7.3800      -13.579811731889
           112.4600     -7.3800      -14.277857899315
           112.4700     -7.3800      -15.045812501339
           112.4800     -7.3800      -15.882368078439
           112.4900     -7.3800      -16.782128455397
           112.5000     -7.3800      -17.735779692619
           112.5100     -7.3800      -18.730543716861
           112.5200     -7.3800      -19.750862668281
           112.5300     -7.3800      -20.779246833686
           112.5400     -7.3800      -21.797210643665
           112.5500     -7.3800      -22.786219875482
           112.5600     -7.3800      -23.728578557955
           112.5700     -7.3800      -24.608195172883
           112.5800     -7.3800      -25.411183182745
           112.5900     -7.3800      -26.126268972670
           112.6000     -7.3800      -26.744999132963
           112.6100     -7.3800      -27.261756833287
           112.6200     -7.3800      -27.673612274538
           112.6300     -7.3800      -27.980043627188
           112.6400     -7.3800      -28.182571705161
           112.6500     -7.3800      -28.284353612232
           112.6600     -7.3800      -28.289777961846
           112.6700     -7.3800      -28.204097686771
           112.6800     -7.3800      -28.033126950827
           112.6900     -7.3800      -27.783017509451
           112.7000     -7.3800      -27.460118383417
           112.7100     -7.3800      -27.070912197146
           112.7200     -7.3800      -26.622013084164
           112.7300     -7.3800      -26.120205472271
           112.7400     -7.3800      -25.572500752847
           112.7500     -7.3800      -24.986189832641
           112.7600     -7.3800      -24.368873493842
           112.7700     -7.3800      -23.728458647828
           112.7800     -7.3800      -23.073116014698
           112.7900     -7.3800      -22.411202423457
           112.8000     -7.3800      -21.751157734481
           112.8100     -7.3800      -21.101391391990
           112.8200     -7.3800      -20.470176111659
           112.8300     -7.3800      -19.865565810901
           112.8400     -7.3800      -19.295351579342
           112.8500     -7.3800      -18.767063623303
           112.8600     -7.3800      -18.288019399372
           112.8700     -7.3800      -17.865409542814
           112.8800     -7.3800      -17.506404821009
           112.8900     -7.3800      -17.218260358172
           112.9000     -7.3800      -17.008388843254
           112.9100     -7.3800      -16.884373179755
           112.9200     -7.3800      -16.853891562603
           112.9300     -7.3800      -16.924534365516
           112.9400     -7.3800      -17.103502144411
           112.9500     -7.3800      -17.397186734166
           112.9600     -7.3800      -17.810651694493
           112.9700     -7.3800      -18.347042835114
           112.9800     -7.3800      -19.006972674412
           112.9900     -7.3800      -19.787932930574
           113.0000     -7.3800      -20.683795157225
           112.0000     -7.3900       -3.392852305152
           112.0100     -7.3900       -4.089258410693
           112.0200     -7.3900       -4.903363461426
           112.0300     -7.3900       -5.837536452422
           112.0400     -7.3900       -6.882955801257
           112.0500     -7.3900       -8.019866698453
           112.0600     -7.3900       -9.218717267541
           112.0700     -7.3900      -10.442073696273
           112.0800     -7.3900      -11.647155838636
           112.0900     -7.3900      -12.788789732789
           112.1000     -7.3900      -13.822545276288
           112.1100     -7.3900      -14.707817783628
           112.1200     -7.3900      -15.410621635134
           112.1300     -7.3900      -15.905891508821
           112.1400     -7.3900      -16.179129181017
           112.1500     -7.3900      -16.227287856033
           112.1600     -7.3900      -16.058846889684
           112.1700     -7.3900      -15.693092623327
           112.1800     -7.3900      -15.158680839924
           112.1900     -7.3900      -14.491608469418
           112.2000     -7.3900      -13.732762729026
           112.2100     -7.3900      -12.925242043751
           112.2200     -7.3900      -12.111653249033
           112.2300     -7.3900      -11.331583458019
           112.2400     -7.3900      -10.619423621400
           112.2500     -7.3900      -10.002686448980
           112.2600     -7.3900       -9.500917201239
           112.2700     -7.3900       -9.125245778325
           112.2800     -7.3900       -8.878576756149
           112.2900     -7.3900       -8.756364752222
           112.3000     -7.3900       -8.747879595341
           112.3100     -7.3900       -8.837832408319
           112.3200     -7.3900       -9.008212175333
           112.3300     -7.3900       -9.240173882322
           112.3400     -7.3900       -9.515823998330
           112.3500     -7.3900       -9.819765931307
           112.3600     -7.3900      -10.140295204589
           112.3700     -7.3900      -10.470168759711
           112.3800     -7.3900      -10.806911790549
           112.3900     -7.3900      -11.152665430678
           112.4000     -7.3900      -11.513616108199
           112.4100     -7.3900      -11.899079467609
           112.4200     -7.3900      -12.320336049357
           112.4300     -7.3900      -12.789330800077
           112.4400     -7.3900      -13.317353219811
           112.4500     -7.3900      -13.913809694920
           112.4600     -7.3900      -14.585185316759
           112.4700     -7.3900      -15.334270962779
           112.4800     -7.3900      -16.159704866916
           112.4900     -7.3900      -17.055848889677
           112.5000     -7.3900      -18.012990846105
           112.5100     -7.3900      -19.017838030144
           112.5200     -7.3900      -20.054245582339
           112.5300     -7.3900      -21.104108141624
           112.5400     -7.3900      -22.148335209300
           112.5500     -7.3900      -23.167830047319
           112.5600     -7.3900      -24.144398270740
           112.5700     -7.3900      -25.061524516083
           112.5800     -7.3900      -25.904972148406
           112.5900     -7.3900      -26.663180086294
           112.6000     -7.3900      -27.327450540441
           112.6100     -7.3900      -27.891939918459
           112.6200     -7.3900      -28.353480733816
           112.6300     -7.3900      -28.711273844261
           112.6400     -7.3900      -28.966496989687
           112.6500     -7.3900      -29.121877180882
           112.6600     -7.3900      -29.181271303000
           112.6700     -7.3900      -29.149292090085
           112.6800     -7.3900      -29.031006499950
           112.6900     -7.3900      -28.831721792340
           112.7000     -7.3900      -28.556862676939
           112.7100     -7.3900      -28.211932062130
           112.7200     -7.3900      -27.802539296723
           112.7300     -7.3900      -27.334474131148
           112.7400     -7.3900      -26.813802319462
           112.7500     -7.3900      -26.246959813587
           112.7600     -7.3900      -25.640826450083
           112.7700     -7.3900      -25.002766153628
           112.7800     -7.3900      -24.340628006030
           112.7900     -7.3900      -23.662709973139
           112.8000     -7.3900      -22.977693584431
           112.8100     -7.3900      -22.294562510665
           112.8200     -7.3900      -21.622520130741
           112.8300     -7.3900      -20.970920502478
           112.8400     -7.3900      -20.349223712151
           112.8500     -7.3900      -19.766980806253
           112.8600     -7.3900      -19.233846164756
           112.8700     -7.3900      -18.759607260302
           112.8800     -7.3900      -18.354214393066
           112.8900     -7.3900      -18.027787325421
           112.9000     -7.3900      -17.790572754644
           112.9100     -7.3900      -17.652826984581
           112.9200     -7.3900      -17.624602354629
           112.9300     -7.3900      -17.715423896763
           112.9400     -7.3900      -17.933853812152
           112.9500     -7.3900      -18.286954763313
           112.9600     -7.3900      -18.779677395712
           112.9700     -7.3900      -19.414211434481
           112.9800     -7.3900      -20.189351561859
           112.9900     -7.3900      -21.099937559959
           113.0000     -7.3900      -22.136431630256
           112.0000     -7.4000       -4.986098095415
           112.0100     -7.4000       -5.655717408071
           112.0200     -7.4000       -6.462743090823
           112.0300     -7.4000       -7.409748108603
           112.0400     -7.4000       -8.486890030313
           112.0500     -7.4000       -9.672274118970
           112.0600     -7.4000      -10.933264577155
           112.0700     -7.4000      -12.228628725316
           112.0800     -7.4000      -13.511336946675
           112.0900     -7.4000      -14.731794449853
           112.1000     -7.4000      -15.841252597762
           112.1100     -7.4000      -16.795139507879
           112.1200     -7.4000      -17.556061976656
           112.1300     -7.4000      -18.096262031723
           112.1400     -7.4000      -18.399358619282
           112.1500     -7.4000      -18.461263950620
           112.1600     -7.4000      -18.290229892311
           112.1700     -7.4000      -17.906047113157
           112.1800     -7.4000      -17.338483156057
           112.1900     -7.4000      -16.625100307915
           112.2000     -7.4000      -15.808636062550
           112.2100     -7.4000      -14.934155223094
           112.2200     -7.4000      -14.046191729576
           112.2300     -7.4000      -13.186090011225
           112.2400     -7.4000      -12.389731333240
           112.2500     -7.4000      -11.685792761675
           112.2600     -7.4000      -11.094638535112
           112.2700     -7.4000      -10.627890014447
           112.2800     -7.4000      -10.288665501170
           112.2900     -7.4000      -10.072429520699
           112.3000     -7.4000       -9.968346679910
           112.3100     -7.4000       -9.961001200736
           112.3200     -7.4000      -10.032321990045
           112.3300     -7.4000      -10.163545775984
           112.3400     -7.4000      -10.337057378166
           112.3500     -7.4000      -10.537965399233
           112.3600     -7.4000      -10.755301348562
           112.3700     -7.4000      -10.982767483037
           112.3800     -7.4000      -11.219000029193
           112.3900     -7.4000      -11.467356307944
           112.4000     -7.4000      -11.735273120621
           112.4100     -7.4000      -12.033276498041
           112.4200     -7.4000      -12.373747150683
           112.4300     -7.4000      -12.769560115168
           112.4400     -7.4000      -13.232720531482
           112.4500     -7.4000      -13.773110513991
           112.4600     -7.4000      -14.397445878127
           112.4700     -7.4000      -15.108517964068
           112.4800     -7.4000      -15.904767396128
           112.4900     -7.4000      -16.780206058022
           112.5000     -7.4000      -17.724673609865
           112.5100     -7.4000      -18.724388072982
           112.5200     -7.4000      -19.762728488056
           112.5300     -7.4000      -20.821172944374
           112.5400     -7.4000      -21.880308219024
           112.5500     -7.4000      -22.920827957268
           112.5600     -7.4000      -23.924444168241
           112.5700     -7.4000      -24.874650594728
           112.5800     -7.4000      -25.757294570000
           112.5900     -7.4000      -26.560934344602
           112.6000     -7.4000      -27.276979514308
           112.6100     -7.4000      -27.899631182207
           112.6200     -7.4000      -28.425654206067
           112.6300     -7.4000      -28.854025106891
           112.6400     -7.4000      -29.185505253421
           112.6500     -7.4000      -29.422189651982
           112.6600     -7.4000      -29.567077456311
           112.6700     -7.4000      -29.623702025186
           112.6800     -7.4000      -29.595847200984
           112.6900     -7.4000      -29.487363868897
           112.7000     -7.4000      -29.302088238861
           112.7100     -7.4000      -29.043852017637
           112.7200     -7.4000      -28.716565808365
           112.7300     -7.4000      -28.324351441439
           112.7400     -7.4000      -27.871696842833
           112.7500     -7.4000      -27.363608393626
           112.7600     -7.4000      -26.805740038357
           112.7700     -7.4000      -26.204484846414
           112.7800     -7.4000      -25.567022288038
           112.7900     -7.4000      -24.901322035709
           112.8000     -7.4000      -24.216111570692
           112.8100     -7.4000      -23.520819369183
           112.8200     -7.4000      -22.825507352036
           112.8300     -7.4000      -22.140805353724
           112.8400     -7.4000      -21.477856736676
           112.8500     -7.4000      -20.848278460484
           112.8600     -7.4000      -20.264131745153
           112.8700     -7.4000      -19.737892002135
           112.8800     -7.4000      -19.282400105993
           112.8900     -7.4000      -18.910772465526
           112.9000     -7.4000      -18.636245671898
           112.9100     -7.4000      -18.471933398338
           112.9200     -7.4000      -18.430478950876
           112.9300     -7.4000      -18.523596221331
           112.9400     -7.4000      -18.761504112001
           112.9500     -7.4000      -19.152273709874
           112.9600     -7.4000      -19.701122182658
           112.9700     -7.4000      -20.409700948743
           112.9800     -7.4000      -21.275436497776
           112.9900     -7.4000      -22.290988799454
           113.0000     -7.4000      -23.443893326003
           112.0000     -7.4100       -6.774684228797
           112.0100     -7.4100       -7.412775132638
           112.0200     -7.4100       -8.204817845188
           112.0300     -7.4100       -9.153356363566
           112.0400     -7.4100      -10.247484516100
           112.0500     -7.4100      -11.463328279565
           112.0600     -7.4100      -12.765531217978
           112.0700     -7.4100      -14.109612335725
           112.0800     -7.4100      -15.445001449073
           112.0900     -7.4100      -16.718509635395
           112.1000     -7.4100      -17.877964744545
           112.1100     -7.4100      -18.875736015145
           112.1200     -7.4100      -19.671887437690
           112.1300     -7.4100      -20.236734847033
           112.1400     -7.4100      -20.552633488741
           112.1500     -7.4100      -20.614886451728
           112.1600     -7.4100      -20.431734537898
           112.1700     -7.4100      -20.023459126187
           112.1800     -7.4100      -19.420695765103
           112.1900     -7.4100      -18.662112530564
           112.2000     -7.4100      -17.791649497595
           112.2100     -7.4100      -16.855541130197
           112.2200     -7.4100      -15.899350574707
           112.2300     -7.4100      -14.965233845077
           112.2400     -7.4100      -14.089624270732
           112.2500     -7.4100      -13.301486181000
           112.2600     -7.4100      -12.621235476952
           112.2700     -7.4100      -12.060368004798
           112.2800     -7.4100      -11.621779275604
           112.2900     -7.4100      -11.300705720351
           112.3000     -7.4100      -11.086172461194
           112.3100     -7.4100      -10.962798819191
           112.3200     -7.4100      -10.912792689688
           112.3300     -7.4100      -10.917959504565
           112.3400     -7.4100      -10.961560516757
           112.3500     -7.4100      -11.029877155050
           112.3600     -7.4100      -11.113370759010
           112.3700     -7.4100      -11.207366900764
           112.3800     -7.4100      -11.312237053233
           112.3900     -7.4100      -11.433093760920
           112.4000     -7.4100      -11.579055091958
           112.4100     -7.4100      -11.762166875691
           112.4200     -7.4100      -11.996094673449
           112.4300     -7.4100      -12.294710115368
           112.4400     -7.4100      -12.670697680172
           112.4500     -7.4100      -13.134298703350
           112.4600     -7.4100      -13.692290774704
           112.4700     -7.4100      -14.347274863307
           112.4800     -7.4100      -15.097312129733
           112.4900     -7.4100      -15.935920347775
           112.5000     -7.4100      -16.852409039797
           112.5100     -7.4100      -17.832505440760
           112.5200     -7.4100      -18.859202366488
           112.5300     -7.4100      -19.913745440544
           112.5400     -7.4100      -20.976671649946
           112.5500     -7.4100      -22.028813797688
           112.5600     -7.4100      -23.052195317691
           112.5700     -7.4100      -24.030755718158
           112.5800     -7.4100      -24.950866773602
           112.5900     -7.4100      -25.801621389817
           112.6000     -7.4100      -26.574898672202
           112.6100     -7.4100      -27.265228148855
           112.6200     -7.4100      -27.869491688514
           112.6300     -7.4100      -28.386512239850
           112.6400     -7.4100      -28.816583494906
           112.6500     -7.4100      -29.160993925726
           112.6600     -7.4100      -29.421592893983
           112.6700     -7.4100      -29.600436692025
           112.6800     -7.4100      -29.699539782782
           112.6900     -7.4100      -29.720742691249
           112.7000     -7.4100      -29.665694502045
           112.7100     -7.4100      -29.535936129975
           112.7200     -7.4100      -29.333061561507
           112.7300     -7.4100      -29.058928834001
           112.7400     -7.4100      -28.715890899616
           112.7500     -7.4100      -28.307018531942
           112.7600     -7.4100      -27.836292484294
           112.7700     -7.4100      -27.308749283605
           112.7800     -7.4100      -26.730573221134
           112.7900     -7.4100      -26.109135094421
           112.8000     -7.4100      -25.452984955139
           112.8100     -7.4100      -24.771810627614
           112.8200     -7.4100      -24.076375503612
           112.8300     -7.4100      -23.378447899189
           112.8400     -7.4100      -22.690730299537
           112.8500     -7.4100      -22.026790727389
           112.8600     -7.4100      -21.400991178047
           112.8700     -7.4100      -20.828400709689
           112.8800     -7.4100      -20.324674577525
           112.8900     -7.4100      -19.905876899567
           112.9000     -7.4100      -19.588223668177
           112.9100     -7.4100      -19.387726061629
           112.9200     -7.4100      -19.319721114834
           112.9300     -7.4100      -19.398287547850
           112.9400     -7.4100      -19.635558115075
           112.9500     -7.4100      -20.040954995816
           112.9600     -7.4100      -20.620389949774
           112.9700     -7.4100      -21.375484489950
           112.9800     -7.4100      -22.302875462743
           112.9900     -7.4100      -23.393676637301
           113.0000     -7.4100      -24.633166018701
           112.0000     -7.4200       -8.775049982751
           112.0100     -7.4200       -9.381747711061
           112.0200     -7.4200      -10.154772065647
           112.0300     -7.4200      -11.096321277056
           112.0400     -7.4200      -12.194341666883
           112.0500     -7.4200      -13.423143389902
           112.0600     -7.4200      -14.745057603202
           112.0700     -7.4200      -16.112988927240
           112.0800     -7.4200      -17.473651791663
           112.0900     -7.4200      -18.771232021430
           112.1000     -7.4200      -19.951189073443
           112.1100     -7.4200      -20.963911166368
           112.1200     -7.4200      -21.767954794483
           112.1300     -7.4200      -22.332639644282
           112.1400     -7.4200      -22.639826046685
           112.1500     -7.4200      -22.684769885485
           112.1600     -7.4200      -22.476023639845
           112.1700     -7.4200      -22.034425952399
           112.1800     -7.4200      -21.391289957241
           112.1900     -7.4200      -20.585957398446
           112.2000     -7.4200      -19.662927196493
           112.2100     -7.4200      -18.668790808927
           112.2200     -7.4200      -17.649211253060
           112.2300     -7.4200      -16.646168372255
           112.2400     -7.4200      -15.695661701429
           112.2500     -7.4200      -14.826017295883
           112.2600     -7.4200      -14.056890304616
           112.2700     -7.4200      -13.398995692733
           112.2800     -7.4200      -12.854540350684
           112.2900     -7.4200      -12.418275659414
           112.3000     -7.4200      -12.079044595484
           112.3100     -7.4200      -11.821664916001
           112.3200     -7.4200      -11.628971953760
           112.3300     -7.4200      -11.483841879003
           112.3400     -7.4200      -11.371028437697
           112.3500     -7.4200      -11.278671435726
           112.3600     -7.4200      -11.199370863375
           112.3700     -7.4200      -11.130763059564
           112.3800     -7.4200      -11.075580796343
           112.3900     -7.4200      -11.041223648868
           112.4000     -7.4200      -11.038904804943
           112.4100     -7.4200      -11.082472439952
           112.4200     -7.4200      -11.187025635944
           112.4300     -7.4200      -11.367455238162
           112.4400     -7.4200      -11.637038748632
           112.4500     -7.4200      -12.006206110805
           112.4600     -7.4200      -12.481571708201
           112.4700     -7.4200      -13.065299472472
           112.4800     -7.4200      -13.754835537592
           112.4900     -7.4200      -14.543009453200
           112.5000     -7.4200      -15.418473566308
           112.5100     -7.4200      -16.366423438220
           112.5200     -7.4200      -17.369522161841
           112.5300     -7.4200      -18.408939542136
           112.5400     -7.4200      -19.465413851385
           112.5500     -7.4200      -20.520249008635
           112.5600     -7.4200      -21.556172549565
           112.5700     -7.4200      -22.557998023718
           112.5800     -7.4200      -23.513057424790
           112.5900     -7.4200      -24.411392653077
           112.6000     -7.4200      -25.245717563016
           112.6100     -7.4200      -26.011181819761
           112.6200     -7.4200      -26.704982937477
           112.6300     -7.4200      -27.325882396922
           112.6400     -7.4200      -27.873685153390
           112.6500     -7.4200      -28.348739287406
           112.6600     -7.4200      -28.751504736221
           112.6700     -7.4200      -29.082228164137
           112.6800     -7.4200      -29.340746600520
           112.6900     -7.4200      -29.526427167527
           112.7000     -7.4200      -29.638235679850
           112.7100     -7.4200      -29.674914576246
           112.7200     -7.4200      -29.635241649059
           112.7300     -7.4200      -29.518336047301
           112.7400     -7.4200      -29.323977226265
           112.7500     -7.4200      -29.052905602763
           112.7600     -7.4200      -28.707079921899
           112.7700     -7.4200      -28.289874694152
           112.7800     -7.4200      -27.806210272703
           112.7900     -7.4200      -27.262616923791
           112.8000     -7.4200      -26.667241424563
           112.8100     -7.4200      -26.029809384467
           112.8200     -7.4200      -25.361558069946
           112.8300     -7.4200      -24.675152888157
           112.8400     -7.4200      -23.984596167664
           112.8500     -7.4200      -23.305130186076
           112.8600     -7.4200      -22.653128585547
           112.8700     -7.4200      -22.045962640018
           112.8800     -7.4200      -21.501822600036
           112.8900     -7.4200      -21.039470743884
           112.9000     -7.4200      -20.677902750033
           112.9100     -7.4200      -20.435898130313
           112.9200     -7.4200      -20.331448799663
           112.9300     -7.4200      -20.381066959895
           112.9400     -7.4200      -20.598988386107
           112.9500     -7.4200      -20.996303533523
           112.9600     -7.4200      -21.580064921916
           112.9700     -7.4200      -22.352433145080
           112.9800     -7.4200      -23.309933770466
           112.9900     -7.4200      -24.442901748424
           113.0000     -7.4200      -25.735187566707
           112.0000     -7.4300      -10.987272000569
           112.0100     -7.4300      -11.568273303683
           112.0200     -7.4300      -12.322924752766
           112.0300     -7.4300      -13.252675841492
           112.0400     -7.4300      -14.344193727748
           112.0500     -7.4300      -15.570127043643
           112.0600     -7.4300      -16.890930806474
           112.0700     -7.4300      -18.257591098447
           112.0800     -7.4300      -19.615023091887
           112.0900     -7.4300      -20.905870217040
           112.1000     -7.4300      -22.074408910690
           112.1100     -7.4300      -23.070263688494
           112.1200     -7.4300      -23.851660574721
           112.1300     -7.4300      -24.387990703388
           112.1400     -7.4300      -24.661516107771
           112.1500     -7.4300      -24.668121073963
           112.1600     -7.4300      -24.417088939935
           112.1700     -7.4300      -23.929959632749
           112.1800     -7.4300      -23.238591591476
           112.1900     -7.4300      -22.382607817856
           112.2000     -7.4300      -21.406445585151
           112.2100     -7.4300      -20.356250226424
           112.2200     -7.4300      -19.276854445356
           112.2300     -7.4300      -18.209066422502
           112.2400     -7.4300      -17.187454843433
           112.2500     -7.4300      -16.238770373126
           112.2600     -7.4300      -15.381085534066
           112.2700     -7.4300      -14.623673469495
           112.2800     -7.4300      -13.967585869391
           112.2900     -7.4300      -13.406836276956
           112.3000     -7.4300      -12.930051245007
           112.3100     -7.4300      -12.522421515695
           112.3200     -7.4300      -12.167770443779
           112.3300     -7.4300      -11.850557801976
           112.3400     -7.4300      -11.557653072669
           112.3500     -7.4300      -11.279741290047
           112.3600     -7.4300      -11.012263391325
           112.3700     -7.4300      -10.755838101530
           112.3800     -7.4300      -10.516159495972
           112.3900     -7.4300      -10.303409454156
           112.4000     -7.4300      -10.131263500549
           112.4100     -7.4300      -10.015598955899
           112.4200     -7.4300       -9.973033740830
           112.4300     -7.4300      -10.019431480762
           112.4400     -7.4300      -10.168503762278
           112.4500     -7.4300      -10.430624545865
           112.4600     -7.4300      -10.811946822530
           112.4700     -7.4300      -11.313880284700
           112.4800     -7.4300      -11.932954166592
           112.4900     -7.4300      -12.661054731196
           112.5000     -7.4300      -13.485995213292
           112.5100     -7.4300      -14.392350014207
           112.5200     -7.4300      -15.362466580244
           112.5300     -7.4300      -16.377558882605
           112.5400     -7.4300      -17.418786084581
           112.5500     -7.4300      -18.468228310138
           112.5600     -7.4300      -19.509687130774
           112.5700     -7.4300      -20.529259571913
           112.5800     -7.4300      -21.515658812907
           112.5900     -7.4300      -22.460279856979
           112.6000     -7.4300      -23.357031894271
           112.6100     -7.4300      -24.201978783319
           112.6200     -7.4300      -24.992843424154
           112.6300     -7.4300      -25.728439788967
           112.6400     -7.4300      -26.408097686588
           112.6500     -7.4300      -27.031140307660
           112.6600     -7.4300      -27.596464171890
           112.6700     -7.4300      -28.102256696297
           112.6800     -7.4300      -28.545869951209
           112.6900     -7.4300      -28.923852114068
           112.7000     -7.4300      -29.232122436965
           112.7100     -7.4300      -29.466262724108
           112.7200     -7.4300      -29.621889479985
           112.7300     -7.4300      -29.695066648937
           112.7400     -7.4300      -29.682719292511
           112.7500     -7.4300      -29.583013188987
           112.7600     -7.4300      -29.395673286031
           112.7700     -7.4300      -29.122223957794
           112.7800     -7.4300      -28.766144698630
           112.7900     -7.4300      -28.332944805097
           112.8000     -7.4300      -27.830168491355
           112.8100     -7.4300      -27.267346790686
           112.8200     -7.4300      -26.655913973310
           112.8300     -7.4300      -26.009103992358
           112.8400     -7.4300      -25.341837076917
           112.8500     -7.4300      -24.670598884645
           112.8600     -7.4300      -24.013305807899
           112.8700     -7.4300      -23.389141499684
           112.8800     -7.4300      -22.818342886832
           112.8900     -7.4300      -22.321910166281
           112.9000     -7.4300      -21.921215530160
           112.9100     -7.4300      -21.637490190412
           112.9200     -7.4300      -21.491178693900
           112.9300     -7.4300      -21.501162983956
           112.9400     -7.4300      -21.683875075832
           112.9500     -7.4300      -22.052335010902
           112.9600     -7.4300      -22.615168052730
           112.9700     -7.4300      -23.375669859783
           112.9800     -7.4300      -24.330998651010
           112.9900     -7.4300      -25.471577484097
           113.0000     -7.4300      -26.780786476455
           112.0000     -7.4400      -13.394249658259
           112.0100     -7.4400      -13.961119128311
           112.0200     -7.4400      -14.703211166621
           112.0300     -7.4400      -15.620740241304
           112.0400     -7.4400      -16.698911172610
           112.0500     -7.4400      -17.908845748720
           112.0600     -7.4400      -19.209569903837
           112.0700     -7.4400      -20.550885348801
           112.0800     -7.4400      -21.876885974912
           112.0900     -7.4400      -23.129836235222
           112.1000     -7.4400      -24.254108922896
           112.1100     -7.4400      -25.199884247207
           112.1200     -7.4400      -25.926339815710
           112.1300     -7.4400      -26.404109188122
           112.1400     -7.4400      -26.616850636355
           112.1500     -7.4400      -26.561842033069
           112.1600     -7.4400      -26.249596134925
           112.1700     -7.4400      -25.702566524208
           112.1800     -7.4400      -24.953082108848
           112.1900     -7.4400      -24.040702211212
           112.2000     -7.4400      -23.009221020944
           112.2100     -7.4400      -21.903567214275
           112.2200     -7.4400      -20.766841209832
           112.2300     -7.4400      -19.637709887970
           112.2400     -7.4400      -18.548339244810
           112.2500     -7.4400      -17.522993264077
           112.2600     -7.4400      -16.577367066456
           112.2700     -7.4400      -15.718659420533
           112.2800     -7.4400      -14.946329281001
           112.2900     -7.4400      -14.253428049809
           112.3000     -7.4400      -13.628357809888
           112.3100     -7.4400      -13.056878806072
           112.3200     -7.4400      -12.524178554447
           112.3300     -7.4400      -12.016820337181
           112.3400     -7.4400      -11.524409287718
           112.3500     -7.4400      -11.040847364174
           112.3600     -7.4400      -10.565090845468
           112.3700     -7.4400      -10.101371519938
           112.3800     -7.4400       -9.658891154282
           112.3900     -7.4400       -9.251043929606
           112.4000     -7.4400       -8.894259581910
           112.4100     -7.4400       -8.606588035738
           112.4200     -7.4400       -8.406162423994
           112.4300     -7.4400       -8.309680728963
           112.4400     -7.4400       -8.331037199831
           112.4500     -7.4400       -8.480214618777
           112.4600     -7.4400       -8.762519724360
           112.4700     -7.4400       -9.178209641653
           112.4800     -7.4400       -9.722520362404
           112.4900     -7.4400      -10.386072564692
           112.5000     -7.4400      -11.155598500684
           112.5100     -7.4400      -12.014908924214
           112.5200     -7.4400      -12.946002944336
           112.5300     -7.4400      -13.930217265123
           112.5400     -7.4400      -14.949314563383
           112.5500     -7.4400      -15.986422929533
           112.5600     -7.4400      -17.026757742189
           112.5700     -7.4400      -18.058081863690
           112.5800     -7.4400      -19.070887073768
           112.5900     -7.4400      -20.058306542346
           112.6000     -7.4400      -21.015792374835
           112.6100     -7.4400      -21.940611722515
           112.6200     -7.4400      -22.831228083387
           112.6300     -7.4400      -23.686640361644
           112.6400     -7.4400      -24.505750883552
           112.6500     -7.4400      -25.286825477790
           112.6600     -7.4400      -26.027095137263
           112.6700     -7.4400      -26.722531379358
           112.6800     -7.4400      -27.367808187351
           112.6900     -7.4400      -27.956444393094
           112.7000     -7.4400      -28.481103455276
           112.7100     -7.4400      -28.934014374698
           112.7200     -7.4400      -29.307469066163
           112.7300     -7.4400      -29.594348402317
           112.7400     -7.4400      -29.788631281558
           112.7500     -7.4400      -29.885847803571
           112.7600     -7.4400      -29.883447838377
           112.7700     -7.4400      -29.781068488716
           112.7800     -7.4400      -29.580696549512
           112.7900     -7.4400      -29.286733468327
           112.8000     -7.4400      -28.905979121827
           112.8100     -7.4400      -28.447555926938
           112.8200     -7.4400      -27.922795864349
           112.8300     -7.4400      -27.345109911069
           112.8400     -7.4400      -26.729852704265
           112.8500     -7.4400      -26.094186017699
           112.8600     -7.4400      -25.456934215369
           112.8700     -7.4400      -24.838414850190
           112.8800     -7.4400      -24.260219612684
           112.8900     -7.4400      -23.744916345930
           112.9000     -7.4400      -23.315642914690
           112.9100     -7.4400      -22.995568935968
           112.9200     -7.4400      -22.807211735872
           112.9300     -7.4400      -22.771607753554
           112.9400     -7.4400      -22.907358727660
           112.9500     -7.4400      -23.229591634021
           112.9600     -7.4400      -23.748890410640
           112.9700     -7.4400      -24.470273779621
           112.9800     -7.4400      -25.392304811511
           112.9900     -7.4400      -26.506422446033
           113.0000     -7.4400      -27.796581680573
           112.0000     -7.4500      -15.962230604812
           112.0100     -7.4500      -16.532279156984
           112.0200     -7.4500      -17.272896551129
           112.0300     -7.4500      -18.182501218484
           112.0400     -7.4500      -19.244601491374
           112.0500     -7.4500      -20.428899415341
           112.0600     -7.4500      -21.693433250715
           112.0700     -7.4500      -22.987568397718
           112.0800     -7.4500      -24.255585818059
           112.0900     -7.4500      -25.440577804642
           112.1000     -7.4500      -26.488345733323
           112.1100     -7.4500      -27.351003775834
           112.1200     -7.4500      -27.990025018330
           112.1300     -7.4500      -28.378518737634
           112.1400     -7.4500      -28.502594938319
           112.1500     -7.4500      -28.361748762314
           112.1600     -7.4500      -27.968276586879
           112.1700     -7.4500      -27.345811037006
           112.1800     -7.4500      -26.527127772749
           112.1900     -7.4500      -25.551427776762
           112.2000     -7.4500      -24.461331340523
           112.2100     -7.4500      -23.299832040261
           112.2200     -7.4500      -22.107450464489
           112.2300     -7.4500      -20.919799778314
           112.2400     -7.4500      -19.765731397424
           112.2500     -7.4500      -18.666173346005
           112.2600     -7.4500      -17.633711377250
           112.2700     -7.4500      -16.672899116653
           112.2800     -7.4500      -15.781223730933
           112.2900     -7.4500      -14.950602770663
           112.3000     -7.4500      -14.169249789462
           112.3100     -7.4500      -13.423723779355
           112.3200     -7.4500      -12.700971634103
           112.3300     -7.4500      -11.990183537191
           112.3400     -7.4500      -11.284306742337
           112.3500     -7.4500      -10.581100832157
           112.3600     -7.4500       -9.883663441801
           112.3700     -7.4500       -9.200405291977
           112.3800     -7.4500       -8.544502695937
           112.3900     -7.4500       -7.932900224622
           112.4000     -7.4500       -7.384972264742
           112.4100     -7.4500       -6.920977011436
           112.4200     -7.4500       -6.560448328694
           112.4300     -7.4500       -6.320669424250
           112.4400     -7.4500       -6.215358160354
           112.4500     -7.4500       -6.253668887293
           112.4600     -7.4500       -6.439582656056
           112.4700     -7.4500       -6.771719860351
           112.4800     -7.4500       -7.243570380728
           112.4900     -7.4500       -7.844099708538
           112.5000     -7.4500       -8.558658497822
           112.5100     -7.4500       -9.370100068279
           112.5200     -7.4500      -10.259997252233
           112.5300     -7.4500      -11.209847364431
           112.5400     -7.4500      -12.202161701116
           112.5500     -7.4500      -13.221352640984
           112.5600     -7.4500      -14.254355142053
           112.5700     -7.4500      -15.290947659061
           112.5800     -7.4500      -16.323767397578
           112.5900     -7.4500      -17.348043502449
           112.6000     -7.4500      -18.361096627721
           112.6100     -7.4500      -19.361672217044
           112.6200     -7.4500      -20.349186271242
           112.6300     -7.4500      -21.322965707995
           112.6400     -7.4500      -22.281560755661
           112.6500     -7.4500      -23.222195064456
           112.6600     -7.4500      -24.140401905448
           112.6700     -7.4500      -25.029873970776
           112.6800     -7.4500      -25.882532146120
           112.6900     -7.4500      -26.688797470649
           112.7000     -7.4500      -27.438032386190
           112.7100     -7.4500      -28.119103946064
           112.7200     -7.4500      -28.721013976861
           112.7300     -7.4500      -29.233539678836
           112.7400     -7.4500      -29.647832552779
           112.7500     -7.4500      -29.956932969635
           112.7600     -7.4500      -30.156170762500
           112.7700     -7.4500      -30.243437186649
           112.7800     -7.4500      -30.219328587460
           112.7900     -7.4500      -30.087175334493
           112.8000     -7.4500      -29.852979488166
           112.8100     -7.4500      -29.525290169595
           112.8200     -7.4500      -29.115046169936
           112.8300     -7.4500      -28.635411047888
           112.8400     -7.4500      -28.101617516215
           112.8500     -7.4500      -27.530826536870
           112.8600     -7.4500      -26.941993851242
           112.8700     -7.4500      -26.355724503501
           112.8800     -7.4500      -25.794086111400
           112.8900     -7.4500      -25.280345830944
           112.9000     -7.4500      -24.838595372102
           112.9100     -7.4500      -24.493233709401
           112.9200     -7.4500      -24.268288281168
           112.9300     -7.4500      -24.186571768915
           112.9400     -7.4500      -24.268691613065
           112.9500     -7.4500      -24.531951321005
           112.9600     -7.4500      -24.989204047905
           112.9700     -7.4500      -25.647737415707
           112.9800     -7.4500      -26.508281711463
           112.9900     -7.4500      -27.564239450855
           113.0000     -7.4500      -28.801231361350
           112.0000     -7.4600      -18.642622482749
           112.0100     -7.4600      -19.238339273015
           112.0200     -7.4600      -19.993526631522
           112.0300     -7.4600      -20.904185803368
           112.0400     -7.4600      -21.951848742752
           112.0500     -7.4600      -23.104872628755
           112.0600     -7.4600      -24.320729259150
           112.0700     -7.4600      -25.549085734303
           112.0800     -7.4600      -26.735416491729
           112.0900     -7.4600      -27.824852652487
           112.1000     -7.4600      -28.765964959581
           112.1100     -7.4600      -29.514191447258
           112.1200     -7.4600      -30.034658491731
           112.1300     -7.4600      -30.304200367319
           112.1400     -7.4600      -30.312452719537
           112.1500     -7.4600      -30.061973327799
           112.1600     -7.4600      -29.567422564573
           112.1700     -7.4600      -28.853909566223
           112.1800     -7.4600      -27.954672453432
           112.1900     -7.4600      -26.908307227179
           112.2000     -7.4600      -25.755786947490
           112.2100     -7.4600      -24.537518914030
           112.2200     -7.4600      -23.290673039100
           112.2300     -7.4600      -22.046981384000
           112.2400     -7.4600      -20.831160373240
           112.2500     -7.4600      -19.660048130114
           112.2600     -7.4600      -18.542485053976
           112.2700     -7.4600      -17.479901809377
           112.2800     -7.4600      -16.467520719280
           112.2900     -7.4600      -15.496028869388
           112.3000     -7.4600      -14.553547696465
           112.3100     -7.4600      -13.627706766992
           112.3200     -7.4600      -12.707629672569
           112.3300     -7.4600      -11.785656774569
           112.3400     -7.4600      -10.858660813613
           112.3500     -7.4600       -9.928853871935
           112.3600     -7.4600       -9.004033697791
           112.3700     -7.4600       -8.097269367388
           112.3800     -7.4600       -7.226076023688
           112.3900     -7.4600       -6.411171710811
           112.4000     -7.4600       -5.674942565023
           112.4100     -7.4600       -5.039763294932
           112.4200     -7.4600       -4.526326657713
           112.4300     -7.4600       -4.152128472529
           112.4400     -7.4600       -3.930234806216
           112.4500     -7.4600       -3.868427611805
           112.4600     -7.4600       -3.968787437637
           112.4700     -7.4600       -4.227730530722
           112.4800     -7.4600       -4.636476595399
           112.4900     -7.4600       -5.181886331411
           112.5000     -7.4600       -5.847577859313
           112.5100     -7.4600       -6.615210670729
           112.5200     -7.4600       -7.465816276183
           112.5300     -7.4600       -8.381056661004
           112.5400     -7.4600       -9.344304335416
           112.5500     -7.4600      -10.341459551964
           112.5600     -7.4600      -11.361448759324
           112.5700     -7.4600      -12.396380638531
           112.5800     -7.4600      -13.441368965401
           112.5900     -7.4600      -14.494061972001
           112.6000     -7.4600      -15.553943110503
           112.6100     -7.4600      -16.621486027604
           112.6200     -7.4600      -17.697255792805
           112.6300     -7.4600      -18.781048526724
           112.6400     -7.4600      -19.871152976949
           112.6500     -7.4600      -20.963801537854
           112.6600     -7.4600      -22.052856623682
           112.6700     -7.4600      -23.129753552879
           112.6800     -7.4600      -24.183695763807
           112.6900     -7.4600      -25.202074779321
           112.7000     -7.4600      -26.171068085779
           112.7100     -7.4600      -27.076354689807
           112.7200     -7.4600      -27.903881590620
           112.7300     -7.4600      -28.640615030360
           112.7400     -7.4600      -29.275217675320
           112.7500     -7.4600      -29.798605668562
           112.7600     -7.4600      -30.204356068899
           112.7700     -7.4600      -30.488953496471
           112.7800     -7.4600      -30.651882667140
           112.7900     -7.4600      -30.695588863569
           112.8000     -7.4600      -30.625339548521
           112.8100     -7.4600      -30.449026090572
           112.8200     -7.4600      -30.176944411647
           112.8300     -7.4600      -29.821587456768
           112.8400     -7.4600      -29.397471595839
           112.8500     -7.4600      -28.921004858456
           112.8600     -7.4600      -28.410389175156
           112.8700     -7.4600      -27.885533681083
           112.8800     -7.4600      -27.367943751879
           112.8900     -7.4600      -26.880542660538
           112.9000     -7.4600      -26.447380974992
           112.9100     -7.4600      -26.093193824853
           112.9200     -7.4600      -25.842777963401
           112.9300     -7.4600      -25.720178359986
           112.9400     -7.4600      -25.747696356438
           112.9500     -7.4600      -25.944756069462
           112.9600     -7.4600      -26.326690155249
           112.9700     -7.4600      -26.903527531712
           112.9800     -7.4600      -27.678881533480
           112.9900     -7.4600      -28.649044985998
           113.0000     -7.4600      -29.802397184711
           112.0000     -7.4700      -21.374933559422
           112.0100     -7.4700      -22.022986053136
           112.0200     -7.4700      -22.813022297489
           112.0300     -7.4700      -23.737965510187
           112.0400     -7.4700      -24.777055797828
           112.0500     -7.4700      -25.897347374876
           112.0600     -7.4700      -27.056134865829
           112.0700     -7.4700      -28.204092836204
           112.0800     -7.4700      -29.288862037149
           112.0900     -7.4700      -30.258788060327
           112.1000     -7.4700      -31.066514873316
           112.1100     -7.4700      -31.672156665077
           112.1200     -7.4700      -32.045814210751
           112.1300     -7.4700      -32.169262452201
           112.1400     -7.4700      -32.036708707552
           112.1500     -7.4700      -31.654599517349
           112.1600     -7.4700      -31.040531932684
           112.1700     -7.4700      -30.221395624045
           112.1800     -7.4700      -29.230929891918
           112.1900     -7.4700      -28.106920081610
           112.2000     -7.4700      -26.888278213581
           112.2100     -7.4700      -25.612251781596
           112.2200     -7.4700      -24.311983408416
           112.2300     -7.4700      -23.014604852361
           112.2400     -7.4700      -21.739995646842
           112.2500     -7.4700      -20.500274422856
           112.2600     -7.4700      -19.300025322592
           112.2700     -7.4700      -18.137198591107
           112.2800     -7.4700      -17.004568785215
           112.2900     -7.4700      -15.891590588991
           112.3000     -7.4700      -14.786464302813
           112.3100     -7.4700      -13.678212557259
           112.3200     -7.4700      -12.558577003789
           112.3300     -7.4700      -11.423567408144
           112.3400     -7.4700      -10.274533079583
           112.3500     -7.4700       -9.118674143676
           112.3600     -7.4700       -7.968963280249
           112.3700     -7.4700       -6.843502332262
           112.3800     -7.4700       -5.764387874339
           112.3900     -7.4700       -4.756201156595
           112.4000     -7.4700       -3.844267432811
           112.4100     -7.4700       -3.052845315981
           112.4200     -7.4700       -2.403407566451
           112.4300     -7.4700       -1.913161052804
           112.4400     -7.4700       -1.593927252352
           112.4500     -7.4700       -1.451468378411
           112.4600     -7.4700       -1.485301635051
           112.4700     -7.4700       -1.688999255649
           112.4800     -7.4700       -2.050928998521
           112.4900     -7.4700       -2.555352465604
           112.5000     -7.4700       -3.183770151652
           112.5100     -7.4700       -3.916384784787
           112.5200     -7.4700       -4.733549458979
           112.5300     -7.4700       -5.617074298079
           112.5400     -7.4700       -6.551283815222
           112.5500     -7.4700       -7.523744637742
           112.5600     -7.4700       -8.525616989325
           112.5700     -7.4700       -9.551619916375
           112.5800     -7.4700      -10.599636224211
           112.5900     -7.4700      -11.670015140923
           112.6000     -7.4700      -12.764656027913
           112.6100     -7.4700      -13.885972915909
           112.6200     -7.4700      -15.035846081548
           112.6300     -7.4700      -16.214663101471
           112.6400     -7.4700      -17.420538614704
           112.6500     -7.4700      -18.648781047532
           112.6600     -7.4700      -19.891648149774
           112.6700     -7.4700      -21.138404135055
           112.6800     -7.4700      -22.375662440515
           112.6900     -7.4700      -23.587972414878
           112.7000     -7.4700      -24.758587989453
           112.7100     -7.4700      -25.870343333573
           112.7200     -7.4700      -26.906555603249
           112.7300     -7.4700      -27.851878255367
           112.7400     -7.4700      -28.693039265446
           112.7500     -7.4700      -29.419415449390
           112.7600     -7.4700      -30.023414865159
           112.7700     -7.4700      -30.500661525876
           112.7800     -7.4700      -30.849997870450
           112.7900     -7.4700      -31.073338269879
           112.8000     -7.4700      -31.175419380928
           112.8100     -7.4700      -31.163499103791
           112.8200     -7.4700      -31.047054726973
           112.8300     -7.4700      -30.837522836257
           112.8400     -7.4700      -30.548109794589
           112.8500     -7.4700      -30.193683807238
           112.8600     -7.4700      -29.790739998995
           112.8700     -7.4700      -29.357411024688
           112.8800     -7.4700      -28.913479970062
           112.8900     -7.4700      -28.480341849201
           112.9000     -7.4700      -28.080856507177
           112.9100     -7.4700      -27.739040106182
           112.9200     -7.4700      -27.479554672881
           112.9300     -7.4700      -27.326974588061
           112.9400     -7.4700      -27.304833741686
           112.9500     -7.4700      -27.434484993914
           112.9600     -7.4700      -27.733831726950
           112.9700     -7.4700      -28.216016583258
           112.9800     -7.4700      -28.888171991876
           112.9900     -7.4700      -29.750348211804
           113.0000     -7.4700      -30.794735468920
           112.0000     -7.4800      -24.090596249842
           112.0100     -7.4800      -24.820446659050
           112.0200     -7.4800      -25.668738166462
           112.0300     -7.4800      -26.624641219138
           112.0400     -7.4800      -27.664768006298
           112.0500     -7.4800      -28.754882171752
           112.0600     -7.4800      -29.852450371283
           112.0700     -7.4800      -30.909808837165
           112.0800     -7.4800      -31.877674467567
           112.0900     -7.4800      -32.708709600206
           112.1000     -7.4800      -33.360853694837
           112.1100     -7.4800      -33.800162711023
           112.1200     -7.4800      -34.002945153968
           112.1300     -7.4800      -33.957048035448
           112.1400     -7.4800      -33.662220575091
           112.1500     -7.4800      -33.129561834174
           112.1600     -7.4800      -32.380133949586
           112.1700     -7.4800      -31.442888946189
           112.1800     -7.4800      -30.352108908560
           112.1900     -7.4800      -29.144592610426
           112.2000     -7.4800      -27.856834227913
           112.2100     -7.4800      -26.522431029496
           112.2200     -7.4800      -25.169928299781
           112.2300     -7.4800      -23.821264245211
           112.2400     -7.4800      -22.490919646794
           112.2500     -7.4800      -21.185811925753
           112.2600     -7.4800      -19.905906902245
           112.2700     -7.4800      -18.645459640624
           112.2800     -7.4800      -17.394743627594
           112.2900     -7.4800      -16.142089375231
           112.3000     -7.4800      -14.876032298710
           112.3100     -7.4800      -13.587366752544
           112.3200     -7.4800      -12.270918147283
           112.3300     -7.4800      -10.926876266695
           112.3400     -7.4800       -9.561577049543
           112.3500     -7.4800       -8.187672922405
           112.3600     -7.4800       -6.823688352610
           112.3700     -7.4800       -5.493012515389
           112.3800     -7.4800       -4.222429977276
           112.3900     -7.4800       -3.040328911745
           112.4000     -7.4800       -1.974751442689
           112.4100     -7.4800       -1.051460406173
           112.4200     -7.4800       -0.292190702294
           112.4300     -7.4800        0.286767527110
           112.4400     -7.4800        0.675540118467
           112.4500     -7.4800        0.871123355641
           112.4600     -7.4800        0.877298250949
           112.4700     -7.4800        0.704029564501
           112.4800     -7.4800        0.366419138632
           112.4900     -7.4800       -0.116679849187
           112.5000     -7.4800       -0.724254818939
           112.5100     -7.4800       -1.434785502133
           112.5200     -7.4800       -2.227809140594
           112.5300     -7.4800       -3.085266164221
           112.5400     -7.4800       -3.992518194689
           112.5500     -7.4800       -4.938964004955
           112.5600     -7.4800       -5.918218404788
           112.5700     -7.4800       -6.927860136924
           112.5800     -7.4800       -7.968793923889
           112.5900     -7.4800       -9.044305274883
           112.6000     -7.4800      -10.158911645352
           112.6100     -7.4800      -11.317128017687
           112.6200     -7.4800      -12.522267964381
           112.6300     -7.4800      -13.775392897260
           112.6400     -7.4800      -15.074503696352
           112.6500     -7.4800      -16.414042370851
           112.6600     -7.4800      -17.784739650591
           112.6700     -7.4800      -19.173810665451
           112.6800     -7.4800      -20.565468455712
           112.6900     -7.4800      -21.941697047061
           112.7000     -7.4800      -23.283204769430
           112.7100     -7.4800      -24.570466185084
           112.7200     -7.4800      -25.784758282348
           112.7300     -7.4800      -26.909103365955
           112.7400     -7.4800      -27.929046260301
           112.7500     -7.4800      -28.833215141253
           112.7600     -7.4800      -29.613641011797
           112.7700     -7.4800      -30.265837672971
           112.7800     -7.4800      -30.788669097304
           112.7900     -7.4800      -31.184051719540
           112.8000     -7.4800      -31.456553171547
           112.8100     -7.4800      -31.612954998435
           112.8200     -7.4800      -31.661844377168
           112.8300     -7.4800      -31.613289229216
           112.8400     -7.4800      -31.478633679425
           112.8500     -7.4800      -31.270428627255
           112.8600     -7.4800      -31.002487872026
           112.8700     -7.4800      -30.690036654331
           112.8800     -7.4800      -30.349899497800
           112.8900     -7.4800      -30.000660386184
           112.9000     -7.4800      -29.662722513287
           112.9100     -7.4800      -29.358198199783
           112.9200     -7.4800      -29.110572223348
           112.9300     -7.4800      -28.944102895264
           112.9400     -7.4800      -28.882952927142
           112.9500     -7.4800      -28.950073860568
           112.9600     -7.4800      -29.165900415311
           112.9700     -7.4800      -29.546941123792
           112.9800     -7.4800      -30.104375709820
           112.9900     -7.4800      -30.842784898748
           113.0000     -7.4800      -31.759142493633
           112.0000     -7.4900      -26.717360754591
           112.0100     -7.4900      -27.559578096622
           112.0200     -7.4900      -28.491233981119
           112.0300     -7.4900      -29.497087671134
           112.0400     -7.4900      -30.550786112101
           112.0500     -7.4900      -31.616792959698
           112.0600     -7.4900      -32.653051902228
           112.0700     -7.4900      -33.614147969570
           112.0800     -7.4900      -34.454695127836
           112.0900     -7.4900      -35.132666545568
           112.1000     -7.4900      -35.612396001848
           112.1100     -7.4900      -35.867013466008
           112.1200     -7.4900      -35.880131512524
           112.1300     -7.4900      -35.646666988545
           112.1400     -7.4900      -35.172758165078
           112.1500     -7.4900      -34.474814850613
           112.1600     -7.4900      -33.577811012242
           112.1700     -7.4900      -32.512990298365
           112.1800     -7.4900      -31.315199539267
           112.1900     -7.4900      -30.020090360744
           112.2000     -7.4900      -28.661432787393
           112.2100     -7.4900      -27.268767317526
           112.2200     -7.4900      -25.865585425443
           112.2300     -7.4900      -24.468176408314
           112.2400     -7.4900      -23.085215831513
           112.2500     -7.4900      -21.718103244555
           112.2600     -7.4900      -20.361990351283
           112.2700     -7.4900      -19.007381209302
           112.2800     -7.4900      -17.642138364854
           112.2900     -7.4900      -16.253697005860
           112.3000     -7.4900      -14.831275668627
           112.3100     -7.4900      -13.367877535891
           112.3200     -7.4900      -11.861899995733
           112.3300     -7.4900      -10.318209394936
           112.3400     -7.4900       -8.748588993114
           112.3500     -7.4900       -7.171526221057
           112.3600     -7.4900       -5.611365164353
           112.3700     -7.4900       -4.096906389512
           112.3800     -7.4900       -2.659583898004
           112.3900     -7.4900       -1.331384090221
           112.4000     -7.4900       -0.142691307135
           112.4100     -7.4900        0.879752613871
           112.4200     -7.4900        1.714601158671
           112.4300     -7.4900        2.347223633455
           112.4400     -7.4900        2.770489718946
           112.4500     -7.4900        2.984963761638
           112.4600     -7.4900        2.998507412720
           112.4700     -7.4900        2.825340973011
           112.4800     -7.4900        2.484659768486
           112.4900     -7.4900        1.998938092300
           112.5000     -7.4900        1.392076702453
           112.5100     -7.4900        0.687558776452
           112.5200     -7.4900       -0.093226831493
           112.5300     -7.4900       -0.932356271770
           112.5400     -7.4900       -1.816328490616
           112.5500     -7.4900       -2.736543867847
           112.5600     -7.4900       -3.689282721393
           112.5700     -7.4900       -4.675208453250
           112.5800     -7.4900       -5.698462153192
           112.5900     -7.4900       -6.765450070707
           112.6000     -7.4900       -7.883449560708
           112.6100     -7.4900       -9.059170990683
           112.6200     -7.4900      -10.297411945029
           112.6300     -7.4900      -11.599926387208
           112.6400     -7.4900      -12.964606909618
           112.6500     -7.4900      -14.385045455530
           112.6600     -7.4900      -15.850500281713
           112.6700     -7.4900      -17.346258159036
           112.6800     -7.4900      -18.854344606511
           112.6900     -7.4900      -20.354504700836
           112.7000     -7.4900      -21.825355414473
           112.7100     -7.4900      -23.245599316263
           112.7200     -7.4900      -24.595189557190
           112.7300     -7.4900      -25.856346978817
           112.7400     -7.4900      -27.014350479810
           112.7500     -7.4900      -28.058049112002
           112.7600     -7.4900      -28.980075750049
           112.7700     -7.4900      -29.776774238367
           112.7800     -7.4900      -30.447881305580
           112.7900     -7.4900      -30.996028218006
           112.8000     -7.4900      -31.426142717258
           112.8100     -7.4900      -31.744837719569
           112.8200     -7.4900      -31.959869033677
           112.8300     -7.4900      -32.079730539159
           112.8400     -7.4900      -32.113433431647
           112.8500     -7.4900      -32.070488716400
           112.8600     -7.4900      -31.961082160422
           112.8700     -7.4900      -31.796401744842
           112.8800     -7.4900      -31.589052607674
           112.8900     -7.4900      -31.353476471626
           112.9000     -7.4900      -31.106283868724
           112.9100     -7.4900      -30.866409433688
           112.9200     -7.4900      -30.655013389444
           112.9300     -7.4900      -30.495075206353
           112.9400     -7.4900      -30.410656322494
           112.9500     -7.4900      -30.425844900603
           112.9600     -7.4900      -30.563433353714
           112.9700     -7.4900      -30.843414963265
           112.9800     -7.4900      -31.281415555207
           112.9900     -7.4900      -31.887196527260
           113.0000     -7.4900      -32.663373931817
           112.0000     -7.5000      -29.183905782496
           112.0100     -7.5000      -30.168278746084
           112.0200     -7.5000      -31.208458374540
           112.0300     -7.5000      -32.284184089131
           112.0400     -7.5000      -33.365821928247
           112.0500     -7.5000      -34.416515954395
           112.0600     -7.5000      -35.394947802302
           112.0700     -7.5000      -36.258460333012
           112.0800     -7.5000      -36.966275328073
           112.0900     -7.5000      -37.482532570338
           112.1000     -7.5000      -37.778898353857
           112.1100     -7.5000      -37.836533289402
           112.1200     -7.5000      -37.647268284486
           112.1300     -7.5000      -37.213908417033
           112.1400     -7.5000      -36.549660790506
           112.1500     -7.5000      -35.676757675454
           112.1600     -7.5000      -34.624413829933
           112.1700     -7.5000      -33.426311132979
           112.1800     -7.5000      -32.117840091568
           112.1900     -7.5000      -30.733343540493
           112.2000     -7.5000      -29.303601936951
           112.2100     -7.5000      -27.853772952112
           112.2200     -7.5000      -26.401953273447
           112.2300     -7.5000      -24.958471884402
           112.2400     -7.5000      -23.525956956259
           112.2500     -7.5000      -22.100148903280
           112.2600     -7.5000      -20.671366267073
           112.2700     -7.5000      -19.226474638857
           112.2800     -7.5000      -17.751166608613
           112.2900     -7.5000      -16.232336229995
           112.3000     -7.5000      -14.660326576371
           112.3100     -7.5000      -13.030843748743
           112.3200     -7.5000      -11.346363554261
           112.3300     -7.5000       -9.616904809265
           112.3400     -7.5000       -7.860101375018
           112.3500     -7.5000       -6.100568299312
           112.3600     -7.5000       -4.368620137253
           112.3700     -7.5000       -2.698456124894
           112.3800     -7.5000       -1.125972473961
           112.3900     -7.5000        0.313607206953
           112.4000     -7.5000        1.588078951616
           112.4100     -7.5000        2.670383338660
           112.4200     -7.5000        3.540330961959
           112.4300     -7.5000        4.185788682831
           112.4400     -7.5000        4.603236003993
           112.4500     -7.5000        4.797657086101
           112.4600     -7.5000        4.781792054102
           112.4700     -7.5000        4.574826121015
           112.4800     -7.5000        4.200641884023
           112.4900     -7.5000        3.685794922652
           112.5000     -7.5000        3.057392705560
           112.5100     -7.5000        2.341060333732
           112.5200     -7.5000        1.559163852046
           112.5300     -7.5000        0.729434251729
           112.5400     -7.5000       -0.135904330117
           112.5500     -7.5000       -1.030446498694
           112.5600     -7.5000       -1.953353336416
           112.5700     -7.5000       -2.908582170488
           112.5800     -7.5000       -3.903689404919
           112.5900     -7.5000       -4.948332785461
           112.6000     -7.5000       -6.052622320961
           112.6100     -7.5000       -7.225477693955
           112.6200     -7.5000       -8.473143942282
           112.6300     -7.5000       -9.797997428878
           112.6400     -7.5000      -11.197742833901
           112.6500     -7.5000      -12.665062318113
           112.6600     -7.5000      -14.187734038025
           112.6700     -7.5000      -15.749193083026
           112.6800     -7.5000      -17.329467813528
           112.6900     -7.5000      -18.906392196016
           112.7000     -7.5000      -20.456972931894
           112.7100     -7.5000      -21.958780766355
           112.7200     -7.5000      -23.391238917458
           112.7300     -7.5000      -24.736697396773
           112.7400     -7.5000      -25.981208233855
           112.7500     -7.5000      -27.114950416027
           112.7600     -7.5000      -28.132291165437
           112.7700     -7.5000      -29.031508107178
           112.7800     -7.5000      -29.814231085662
           112.7900     -7.5000      -30.484689429131
           112.8000     -7.5000      -31.048867663762
           112.8100     -7.5000      -31.513678371712
           112.8200     -7.5000      -31.886254578420
           112.8300     -7.5000      -32.173446472470
           112.8400     -7.5000      -32.381580285154
           112.8500     -7.5000      -32.516503632307
           112.8600     -7.5000      -32.583905081063
           112.8700     -7.5000      -32.589860022788
           112.8800     -7.5000      -32.541523941777
           112.8900     -7.5000      -32.447871274839
           112.9000     -7.5000      -32.320365898575
           112.9100     -7.5000      -32.173449456794
           112.9200     -7.5000      -32.024746630691
           112.9300     -7.5000      -31.894911163349
           112.9400     -7.5000      -31.807070866778
           112.9500     -7.5000      -31.785870820327
           112.9600     -7.5000      -31.856157618481
           112.9700     -7.5000      -32.041389558231
           112.9800     -7.5000      -32.361893799156
           112.9900     -7.5000      -32.833117935753
           113.0000     -7.5000      -33.464037047193
           112.0000     -7.5100      -31.424303399901
           112.0100     -7.5100      -32.577878066449
           112.0200     -7.5100      -33.750021392934
           112.0300     -7.5100      -34.914929134319
           112.0400     -7.5100      -36.039417826288
           112.0500     -7.5100      -37.085297089006
           112.0600     -7.5100      -38.012207569940
           112.0700     -7.5100      -38.780674731291
           112.0800     -7.5100      -39.355112973410
           112.0900     -7.5100      -39.706522040696
           112.1000     -7.5100      -39.814647396399
           112.1100     -7.5100      -39.669425463819
           112.1200     -7.5100      -39.271598832177
           112.1300     -7.5100      -38.632459971078
           112.1400     -7.5100      -37.772758191334
           112.1500     -7.5100      -36.720876858008
           112.1600     -7.5100      -35.510449936116
           112.1700     -7.5100      -34.177633514388
           112.1800     -7.5100      -32.758275099357
           112.1900     -7.5100      -31.285229029996
           112.2000     -7.5100      -29.786050073121
           112.2100     -7.5100      -28.281260780162
           112.2200     -7.5100      -26.783334929259
           112.2300     -7.5100      -25.296474194099
           112.2400     -7.5100      -23.817183922902
           112.2500     -7.5100      -22.335582903856
           112.2600     -7.5100      -20.837317478991
           112.2700     -7.5100      -19.305897955986
           112.2800     -7.5100      -17.725239445931
           112.2900     -7.5100      -16.082173009316
           112.3000     -7.5100      -14.368697554697
           112.3100     -7.5100      -12.583767692742
           112.3200     -7.5100      -10.734455319625
           112.3300     -7.5100       -8.836379160380
           112.3400     -7.5100       -6.913361736056
           112.3500     -7.5100       -4.996341400162
           112.3600     -7.5100       -3.121632194644
           112.3700     -7.5100       -1.328680615317
           112.3800     -7.5100        0.342488901618
           112.3900     -7.5100        1.853922453675
           112.4000     -7.5100        3.172255535112
           112.4100     -7.5100        4.270892032692
           112.4200     -7.5100        5.131664568467
           112.4300     -7.5100        5.745844030620
           112.4400     -7.5100        6.114423618060
           112.4500     -7.5100        6.247665866092
           112.4600     -7.5100        6.163964288553
           112.4700     -7.5100        5.888128911466
           112.4800     -7.5100        5.449252099127
           112.4900     -7.5100        4.878343704955
           112.5000     -7.5100        4.205940082823
           112.5100     -7.5100        3.459888798704
           112.5200     -7.5100        2.663490553654
           112.5300     -7.5100        1.834143995976
           112.5400     -7.5100        0.982591241482
           112.5500     -7.5100        0.112806531764
           112.5600     -7.5100       -0.777487365084
           112.5700     -7.5100       -1.695745445291
           112.5800     -7.5100       -2.653087258001
           112.5900     -7.5100       -3.662497604642
           112.6000     -7.5100       -4.736915445173
           112.6100     -7.5100       -5.887389899775
           112.6200     -7.5100       -7.121470483191
           112.6300     -7.5100       -8.441972055318
           112.6400     -7.5100       -9.846216197477
           112.6500     -7.5100      -11.325803674488
           112.6600     -7.5100      -12.866921857683
           112.6700     -7.5100      -14.451141265652
           112.6800     -7.5100      -16.056611345177
           112.6900     -7.5100      -17.659531268619
           112.7000     -7.5100      -19.235749892288
           112.7100     -7.5100      -20.762341880486
           112.7200     -7.5100      -22.219014729499
           112.7300     -7.5100      -23.589222982978
           112.7400     -7.5100      -24.860898968259
           112.7500     -7.5100      -26.026750486315
           112.7600     -7.5100      -27.084120905973
           112.7700     -7.5100      -28.034451563071
           112.7800     -7.5100      -28.882425863291
           112.7900     -7.5100      -29.634905167692
           112.8000     -7.5100      -30.299785424166
           112.8100     -7.5100      -30.884908788596
           112.8200     -7.5100      -31.397155691918
           112.8300     -7.5100      -31.841820875611
           112.8400     -7.5100      -32.222344058913
           112.8500     -7.5100      -32.540425423231
           112.8600     -7.5100      -32.796512079500
           112.8700     -7.5100      -32.990598578816
           112.8800     -7.5100      -33.123246741401
           112.8900     -7.5100      -33.196701543639
           112.9000     -7.5100      -33.215963585789
           112.9100     -7.5100      -33.189676666214
           112.9200     -7.5100      -33.130701749167
           112.9300     -7.5100      -33.056275236129
           112.9400     -7.5100      -32.987687669001
           112.9500     -7.5100      -32.949465367016
           112.9600     -7.5100      -32.968087720670
           112.9700     -7.5100      -33.070322155592
           112.9800     -7.5100      -33.281302327521
           112.9900     -7.5100      -33.622508530632
           113.0000     -7.5100      -34.109829051970
           112.0000     -7.5200      -33.381994634363
           112.0100     -7.5200      -34.727171070688
           112.0200     -7.5200      -36.051234859623
           112.0300     -7.5200      -37.322434077220
           112.0400     -7.5200      -38.503840780548
           112.0500     -7.5200      -39.555937432682
           112.0600     -7.5200      -40.439512863683
           112.0700     -7.5200      -41.118614397525
           112.0800     -7.5200      -41.563298146487
           112.0900     -7.5200      -41.751937500647
           112.1000     -7.5200      -41.672888876310
           112.1100     -7.5200      -41.325370348116
           112.1200     -7.5200      -40.719477860664
           112.1300     -7.5200      -39.875339196980
           112.1400     -7.5200      -38.821481127584
           112.1500     -7.5200      -37.592553570192
           112.1600     -7.5200      -36.226610171390
           112.1700     -7.5200      -34.762182638591
           112.1800     -7.5200      -33.235403130721
           112.1900     -7.5200      -31.677423636723
           112.2000     -7.5200      -30.112354078137
           112.2100     -7.5200      -28.555894325873
           112.2200     -7.5200      -27.014773572570
           112.2300     -7.5200      -25.487039021689
           112.2400     -7.5200      -23.963160947034
           112.2500     -7.5200      -22.427849422988
           112.2600     -7.5200      -20.862415704297
           112.2700     -7.5200      -19.247463768862
           112.2800     -7.5200      -17.565669025716
           112.2900     -7.5200      -15.804394050210
           112.3000     -7.5200      -13.957905971600
           112.3100     -7.5200      -12.028995414329
           112.3200     -7.5200      -10.029849502511
           112.3300     -7.5200       -7.982096694941
           112.3400     -7.5200       -5.916013361117
           112.3500     -7.5200       -3.868954703797
           112.3600     -7.5200       -1.883139537739
           112.3700     -7.5200       -0.002973752686
           112.3800     -7.5200        1.727863719772
           112.3900     -7.5200        3.269329229010
           112.4000     -7.5200        4.587675566631
           112.4100     -7.5200        5.657647086028
           112.4200     -7.5200        6.464031141134
           112.4300     -7.5200        7.002444353590
           112.4400     -7.5200        7.279298238762
           112.4500     -7.5200        7.310958763603
           112.4600     -7.5200        7.122182327601
           112.4700     -7.5200        6.743970557260
           112.4800     -7.5200        6.211033059213
           112.4900     -7.5200        5.559076975821
           112.5000     -7.5200        4.822152467107
           112.5100     -7.5200        4.030273482048
           112.5200     -7.5200        3.207504536515
           112.5300     -7.5200        2.370659495348
           112.5400     -7.5200        1.528701760001
           112.5500     -7.5200        0.682871985042
           112.5600     -7.5200       -0.172494797553
           112.5700     -7.5200       -1.048560257741
           112.5800     -7.5200       -1.960129186197
           112.5900     -7.5200       -2.923533704142
           112.6000     -7.5200       -3.954455919900
           112.6100     -7.5200       -5.065889461535
           112.6200     -7.5200       -6.266422023767
           112.6300     -7.5200       -7.558986707442
           112.6400     -7.5200       -8.940182927177
           112.6500     -7.5200      -10.400212543884
           112.6600     -7.5200      -11.923418846134
           112.6700     -7.5200      -13.489360451242
           112.6800     -7.5200      -15.074304213102
           112.6900     -7.5200      -16.652985129679
           112.7000     -7.5200      -18.200460200355
           112.7100     -7.5200      -19.693878915103
           112.7200     -7.5200      -21.114005701740
           112.7300     -7.5200      -22.446357769166
           112.7400     -7.5200      -23.681862482363
           112.7500     -7.5200      -24.816987651694
           112.7600     -7.5200      -25.853351105841
           112.7700     -7.5200      -26.796867519069
           112.7800     -7.5200      -27.656535719554
           112.7900     -7.5200      -28.443004286733
           112.8000     -7.5200      -29.167073858537
           112.8100     -7.5200      -29.838299263250
           112.8200     -7.5200      -30.463842940636
           112.8300     -7.5200      -31.047704262395
           112.8400     -7.5200      -31.590409900849
           112.8500     -7.5200      -32.089202140216
           112.8600     -7.5200      -32.538709648903
           112.8700     -7.5200      -32.932033826514
           112.8800     -7.5200      -33.262138440734
           112.8900     -7.5200      -33.523395379026
           112.9000     -7.5200      -33.713118499584
           112.9100     -7.5200      -33.832913015547
           112.9200     -7.5200      -33.889680303549
           112.9300     -7.5200      -33.896146605421
           112.9400     -7.5200      -33.870826364955
           112.9500     -7.5200      -33.837383157451
           112.9600     -7.5200      -33.823408580651
           112.9700     -7.5200      -33.858696769411
           112.9800     -7.5200      -33.973143980592
           112.9900     -7.5200      -34.194443993886
           113.0000     -7.5200      -34.545776793972
           112.0000     -7.5300      -35.012980286301
           112.0100     -7.5300      -36.565802277969
           112.0200     -7.5300      -38.056628735730
           112.0300     -7.5300      -39.447508866607
           112.0400     -7.5300      -40.697675081960
           112.0500     -7.5300      -41.766330810526
           112.0600     -7.5300      -42.615581315585
           112.0700     -7.5300      -43.213252955772
           112.0800     -7.5300      -43.535353345791
           112.0900     -7.5300      -43.567953788672
           112.1000     -7.5300      -43.308323739541
           112.1100     -7.5300      -42.765210764580
           112.1200     -7.5300      -41.958232949671
           112.1300     -7.5300      -40.916427574908
           112.1400     -7.5300      -39.676073363066
           112.1500     -7.5300      -38.277967260945
           112.1600     -7.5300      -36.764384891591
           112.1700     -7.5300      -35.175982231661
           112.1800     -7.5300      -33.548902151758
           112.1900     -7.5300      -31.912332590666
           112.2000     -7.5300      -30.286724710331
           112.2100     -7.5300      -28.682822683714
           112.2200     -7.5300      -27.101586697008
           112.2300     -7.5300      -25.535013377627
           112.2400     -7.5300      -23.967779915875
           112.2500     -7.5300      -22.379566419292
           112.2600     -7.5300      -20.747851778031
           112.2700     -7.5300      -19.050936699605
           112.2800     -7.5300      -17.270927229073
           112.2900     -7.5300      -15.396414789991
           112.3000     -7.5300      -13.424614336494
           112.3100     -7.5300      -11.362768383665
           112.3200     -7.5300       -9.228687474445
           112.3300     -7.5300       -7.050371597849
           112.3400     -7.5300       -4.864735783450
           112.3500     -7.5300       -2.715539747829
           112.3600     -7.5300       -0.650689441195
           112.3700     -7.5300        1.280868210031
           112.3800     -7.5300        3.032401712814
           112.3900     -7.5300        4.562534544622
           112.4000     -7.5300        5.838010374691
           112.4100     -7.5300        6.835859033594
           112.4200     -7.5300        7.544789802096
           112.4300     -7.5300        7.965704534223
           112.4400     -7.5300        8.111297721192
           112.4500     -7.5300        8.004787338623
           112.4600     -7.5300        7.677892554853
           112.4700     -7.5300        7.168235910712
           112.4800     -7.5300        6.516393191267
           112.4900     -7.5300        5.762840111849
           112.5000     -7.5300        4.945049104497
           112.5100     -7.5300        4.094971807290
           112.5200     -7.5300        3.237105134540
           112.5300     -7.5300        2.387284586649
           112.5400     -7.5300        1.552282704024
           112.5500     -7.5300        0.730219200969
           112.5600     -7.5300       -0.088281316325
           112.5700     -7.5300       -0.918311825488
           112.5800     -7.5300       -1.778464542064
           112.5900     -7.5300       -2.688385116380
           112.6000     -7.5300       -3.666327488238
           112.6100     -7.5300       -4.726931619520
           112.6200     -7.5300       -5.879420627588
           112.6300     -7.5300       -7.126370952917
           112.6400     -7.5300       -8.463153238733
           112.6500     -7.5300       -9.878077834718
           112.6600     -7.5300      -11.353213164641
           112.6700     -7.5300      -12.865783628867
           112.6800     -7.5300      -14.390001819979
           112.6900     -7.5300      -15.899152245966
           112.7000     -7.5300      -17.367723759661
           112.7100     -7.5300      -18.773387122741
           112.7200     -7.5300      -20.098632444507
           112.7300     -7.5300      -21.331916731816
           112.7400     -7.5300      -22.468220997511
           112.7500     -7.5300      -23.508974586767
           112.7600     -7.5300      -24.461366074580
           112.7700     -7.5300      -25.337119448634
           112.7800     -7.5300      -26.150865747032
           112.7900     -7.5300      -26.918279050276
           112.8000     -7.5300      -27.654168108785
           112.8100     -7.5300      -28.370718826452
           112.8200     -7.5300      -29.076067944084
           112.8300     -7.5300      -29.773355954833
           112.8400     -7.5300      -30.460360546652
           112.8500     -7.5300      -31.129755066215
           112.8600     -7.5300      -31.769974949131
           112.8700     -7.5300      -32.366614541994
           112.8800     -7.5300      -32.904222965527
           112.8900     -7.5300      -33.368325755043
           112.9000     -7.5300      -33.747473017796
           112.9100     -7.5300      -34.035107375692
           112.9200     -7.5300      -34.231056933240
           112.9300     -7.5300      -34.342489055940
           112.9400     -7.5300      -34.384207276232
           112.9500     -7.5300      -34.378232082935
           112.9600     -7.5300      -34.352671483277
           112.9700     -7.5300      -34.339953175943
           112.9800     -7.5300      -34.374550923320
           112.9900     -7.5300      -34.490387652542
           113.0000     -7.5300      -34.718132256031
           112.0000     -7.5400      -36.288002257564
           112.0100     -7.5400      -38.056764677726
           112.0200     -7.5400      -39.722702931442
           112.0300     -7.5400      -41.241598151349
           112.0400     -7.5400      -42.568871973263
           112.0500     -7.5400      -43.662556508532
           112.0600     -7.5400      -44.486233872726
           112.0700     -7.5400      -45.011692086484
           112.0800     -7.5400      -45.221063156176
           112.0900     -7.5400      -45.108249038767
           112.1000     -7.5400      -44.679498783845
           112.1100     -7.5400      -43.953070609211
           112.1200     -7.5400      -42.957989993601
           112.1300     -7.5400      -41.731992375182
           112.1400     -7.5400      -40.318809949976
           112.1500     -7.5400      -38.765020099330
           112.1600     -7.5400      -37.116712931376
           112.1700     -7.5400      -35.416253620967
           112.1800     -7.5400      -33.699409865593
           112.1900     -7.5400      -31.993086072989
           112.2000     -7.5400      -30.313856128643
           112.2100     -7.5400      -28.667419881531
           112.2200     -7.5400      -27.049030464020
           112.2300     -7.5400      -25.444856881894
           112.2400     -7.5400      -23.834166077518
           112.2500     -7.5400      -22.192137821408
           112.2600     -7.5400      -20.493070490098
           112.2700     -7.5400      -18.713700892854
           112.2800     -7.5400      -16.836349926227
           112.2900     -7.5400      -14.851619053564
           112.3000     -7.5400      -12.760399394018
           112.3100     -7.5400      -10.575012490177
           112.3200     -7.5400       -8.319374754415
           112.3300     -7.5400       -6.028159958055
           112.3400     -7.5400       -3.745018885348
           112.3500     -7.5400       -1.519995170514
           112.3600     -7.5400        0.593655472993
           112.3700     -7.5400        2.542984773428
           112.3800     -7.5400        4.278923533563
           112.3900     -7.5400        5.759614261826
           112.4000     -7.5400        6.953233859412
           112.4100     -7.5400        7.840078454844
           112.4200     -7.5400        8.413744623832
           112.4300     -7.5400        8.681317103765
           112.4400     -7.5400        8.662556155603
           112.4500     -7.5400        8.388160794925
           112.4600     -7.5400        7.897260091407
           112.4700     -7.5400        7.234347153200
           112.4800     -7.5400        6.445914009365
           112.4900     -7.5400        5.577066780246
           112.5000     -7.5400        4.668397650813
           112.5100     -7.5400        3.753363702539
           112.5200     -7.5400        2.856375130713
           112.5300     -7.5400        1.991731106626
           112.5400     -7.5400        1.163466294846
           112.5500     -7.5400        0.366091473894
           112.5600     -7.5400       -0.413865175579
           112.5700     -7.5400       -1.195677062823
           112.5800     -7.5400       -2.001811734925
           112.5900     -7.5400       -2.855142978691
           112.6000     -7.5400       -3.776238940513
           112.6100     -7.5400       -4.780970280256
           112.6200     -7.5400       -5.878648393546
           112.6300     -7.5400       -7.070851503288
           112.6400     -7.5400       -8.351030814456
           112.6500     -7.5400       -9.704915976259
           112.6600     -7.5400      -11.111665439868
           112.6700     -7.5400      -12.545639583832
           112.6800     -7.5400      -13.978618764756
           112.6900     -7.5400      -15.382249673852
           112.7000     -7.5400      -16.730484915373
           112.7100     -7.5400      -18.001784088614
           112.7200     -7.5400      -19.180869384706
           112.7300     -7.5400      -20.259872403012
           112.7400     -7.5400      -21.238767440421
           112.7500     -7.5400      -22.125054469299
           112.7600     -7.5400      -22.932726118482
           112.7700     -7.5400      -23.680620662462
           112.7800     -7.5400      -24.390321088072
           112.7900     -7.5400      -25.083803414544
           112.8000     -7.5400      -25.781061629438
           112.8100     -7.5400      -26.497939633121
           112.8200     -7.5400      -27.244382149203
           112.8300     -7.5400      -28.023278303600
           112.8400     -7.5400      -28.830016953659
           112.8500     -7.5400      -29.652806810064
           112.8600     -7.5400      -30.473742937258
           112.8700     -7.5400      -31.270530852674
           112.8800     -7.5400      -32.018716604131
           112.8900     -7.5400      -32.694221665466
           112.9000     -7.5400      -33.275949850998
           112.9100     -7.5400      -33.748222713208
           112.9200     -7.5400      -34.102811188507
           112.9300     -7.5400      -34.340363749865
           112.9400     -7.5400      -34.471082260716
           112.9500     -7.5400      -34.514561683351
           112.9600     -7.5400      -34.498783078929
           112.9700     -7.5400      -34.458324473987
           112.9800     -7.5400      -34.431924487641
           112.9900     -7.5400      -34.459592836109
           113.0000     -7.5400      -34.579504629552
           112.0000     -7.5500      -37.193578342416
           112.0100     -7.5500      -39.177857402989
           112.0200     -7.5500      -41.019742968301
           112.0300     -7.5500      -42.668884408270
           112.0400     -7.5500      -44.077066169027
           112.0500     -7.5500      -45.201333811719
           112.0600     -7.5500      -46.006913001690
           112.0700     -7.5500      -46.469672362704
           112.0800     -7.5500      -46.577912163761
           112.0900     -7.5500      -46.333311539669
           112.1000     -7.5500      -45.750933369755
           112.1100     -7.5500      -44.858262601847
           112.1200     -7.5500      -43.693334259745
           112.1300     -7.5500      -42.302084710519
           112.1400     -7.5500      -40.735127242220
           112.1500     -7.5500      -39.044204608204
           112.1600     -7.5500      -37.278602209505
           112.1700     -7.5500      -35.481813005827
           112.1800     -7.5500      -33.688728064619
           112.1900     -7.5500      -31.923585988958
           112.2000     -7.5500      -30.198853467286
           112.2100     -7.5500      -28.515132816800
           112.2200     -7.5500      -26.862106989220
           112.2300     -7.5500      -25.220445266080
           112.2400     -7.5500      -23.564511219880
           112.2500     -7.5500      -21.865645482278
           112.2600     -7.5500      -20.095745448691
           112.2700     -7.5500      -18.230836722809
           112.2800     -7.5500      -16.254329383617
           112.2900     -7.5500      -14.159676384363
           112.3000     -7.5500      -11.952199689206
           112.3100     -7.5500       -9.649918166568
           112.3200     -7.5500       -7.283294090801
           112.3300     -7.5500       -4.893905392947
           112.3400     -7.5500       -2.532140914034
           112.3500     -7.5500       -0.254098200367
           112.3600     -7.5500        1.882069168128
           112.3700     -7.5500        3.820060869078
           112.3800     -7.5500        5.509279652942
           112.3900     -7.5500        6.908309864589
           112.4000     -7.5500        7.987743307332
           112.4100     -7.5500        8.732125128194
           112.4200     -7.5500        9.140865428134
           112.4300     -7.5500        9.228048079743
           112.4400     -7.5500        9.021159453123
           112.4500     -7.5500        8.558848639417
           112.4600     -7.5500        7.887909767965
           112.4700     -7.5500        7.059739452076
           112.4800     -7.5500        6.126563028925
           112.4900     -7.5500        5.137738733757
           112.5000     -7.5500        4.136438099748
           112.5100     -7.5500        3.156964808670
           112.5200     -7.5500        2.222916212517
           112.5300     -7.5500        1.346316959953
           112.5400     -7.5500        0.527769177200
           112.5500     -7.5500       -0.242424099664
           112.5600     -7.5500       -0.982288438842
           112.5700     -7.5500       -1.715557551743
           112.5800     -7.5500       -2.468652737292
           112.5900     -7.5500       -3.267542390048
           112.6000     -7.5500       -4.134767038021
           112.6100     -7.5500       -5.086895472311
           112.6200     -7.5500       -6.132634391542
           112.6300     -7.5500       -7.271751617905
           112.6400     -7.5500       -8.494897028099
           112.6500     -7.5500       -9.784322723749
           112.6600     -7.5500      -11.115422039059
           112.6700     -7.5500      -12.458933043806
           112.6800     -7.5500      -13.783592796604
           112.6900     -7.5500      -15.058988962944
           112.7000     -7.5500      -16.258338979354
           112.7100     -7.5500      -17.360935082735
           112.7200     -7.5500      -18.354025400159
           112.7300     -7.5500      -19.233953961189
           112.7400     -7.5500      -20.006451155541
           112.7500     -7.5500      -20.686044599217
           112.7600     -7.5500      -21.294641515067
           112.7700     -7.5500      -21.859410270303
           112.7800     -7.5500      -22.410153753919
           112.7900     -7.5500      -22.976414962176
           112.8000     -7.5500      -23.584581182885
           112.8100     -7.5500      -24.255255154512
           112.8200     -7.5500      -25.001139293557
           112.8300     -7.5500      -25.825634465833
           112.8400     -7.5500      -26.722291749226
           112.8500     -7.5500      -27.675179766236
           112.8600     -7.5500      -28.660148173941
           112.8700     -7.5500      -29.646887063147
           112.8800     -7.5500      -30.601609525247
           112.8900     -7.5500      -31.490126959934
           112.9000     -7.5500      -32.281048988532
           112.9100     -7.5500      -32.948825524318
           112.9200     -7.5500      -33.476358995457
           112.9300     -7.5500      -33.856949106050
           112.9400     -7.5500      -34.095387938187
           112.9500     -7.5500      -34.208094876722
           112.9600     -7.5500      -34.222262580282
           112.9700     -7.5500      -34.174069941537
           112.9800     -7.5500      -34.106098324391
           112.9900     -7.5500      -34.064156359710
           113.0000     -7.5500      -34.093770234270
           112.0000     -7.5600      -37.731850127934
           112.0100     -7.5600      -39.922034336756
           112.0200     -7.5600      -41.932608243565
           112.0300     -7.5600      -43.707447610194
           112.0400     -7.5600      -45.195033638471
           112.0500     -7.5600      -46.351701958868
           112.0600     -7.5600      -47.144508703905
           112.0700     -7.5600      -47.553471525989
           112.0800     -7.5600      -47.572986366932
           112.0900     -7.5600      -47.212281971720
           112.1000     -7.5600      -46.494848817087
           112.1100     -7.5600      -45.456861254094
           112.1200     -7.5600      -44.144694404639
           112.1300     -7.5600      -42.611713650229
           112.1400     -7.5600      -40.914577749207
           112.1500     -7.5600      -39.109341042710
           112.1600     -7.5600      -37.247661684560
           112.1700     -7.5600      -35.373419070642
           112.1800     -7.5600      -33.520014485603
           112.1900     -7.5600      -31.708576439592
           112.2000     -7.5600      -29.947220282140
           112.2100     -7.5600      -28.231426221213
           112.2200     -7.5600      -26.545507858538
           112.2300     -7.5600      -24.865052456622
           112.2400     -7.5600      -23.160132068428
           112.2500     -7.5600      -21.399018428760
           112.2600     -7.5600      -19.552089905785
           112.2700     -7.5600      -17.595599847837
           112.2800     -7.5600      -15.514984204501
           112.2900     -7.5600      -13.307421902698
           112.3000     -7.5600      -10.983421365380
           112.3100     -7.5600       -8.567285930539
           112.3200     -7.5600       -6.096403226687
           112.3300     -7.5600       -3.619401105138
           112.3400     -7.5600       -1.193307337469
           112.3500     -7.5600        1.120066026327
           112.3600     -7.5600        3.258227081551
           112.3700     -7.5600        5.162268691161
           112.3800     -7.5600        6.780949964361
           112.3900     -7.5600        8.074265086340
           112.4000     -7.5600        9.016211334575
           112.4100     -7.5600        9.596533527930
           112.4200     -7.5600        9.821306150610
           112.4300     -7.5600        9.712309899345
           112.4400     -7.5600        9.305258357555
           112.4500     -7.5600        8.647024545032
           112.4600     -7.5600        7.792098283791
           112.4700     -7.5600        6.798566817136
           112.4800     -7.5600        5.723947763285
           112.4900     -7.5600        4.621212250302
           112.5000     -7.5600        3.535316328303
           112.5100     -7.5600        2.500512293012
           112.5200     -7.5600        1.538642472684
           112.5300     -7.5600        0.658532348844
           112.5400     -7.5600       -0.143494970441
           112.5500     -7.5600       -0.882056734012
           112.5600     -7.5600       -1.580263352425
           112.5700     -7.5600       -2.266622080832
           112.5800     -7.5600       -2.971580189775
           112.5900     -7.5600       -3.724023227503
           112.6000     -7.5600       -4.548043226764
           112.6100     -7.5600       -5.460263447882
           112.6200     -7.5600       -6.467953106027
           112.6300     -7.5600       -7.568092289625
           112.6400     -7.5600       -8.747460461699
           112.6500     -7.5600       -9.983729231987
           112.6600     -7.5600      -11.247449671231
           112.6700     -7.5600      -12.504744259846
           112.6800     -7.5600      -13.720450651954
           112.6900     -7.5600      -14.861424289564
           112.7000     -7.5600      -15.899693006357
           112.7100     -7.5600      -16.815170289023
           112.7200     -7.5600      -17.597673576756
           112.7300     -7.5600      -18.248056337079
           112.7400     -7.5600      -18.778342131818
           112.7500     -7.5600      -19.210838453724
           112.7600     -7.5600      -19.576299861590
           112.7700     -7.5600      -19.911295769475
           112.7800     -7.5600      -20.255010574196
           112.7900     -7.5600      -20.645756237644
           112.8000     -7.5600      -21.117505322940
           112.8100     -7.5600      -21.696753310467
           112.8200     -7.5600      -22.399992653049
           112.8300     -7.5600      -23.232029708479
           112.8400     -7.5600      -24.185303833223
           112.8500     -7.5600      -25.240281749349
           112.8600     -7.5600      -26.366907275623
           112.8700     -7.5600      -27.526994712895
           112.8800     -7.5600      -28.677371561288
           112.8900     -7.5600      -29.773509997400
           112.9000     -7.5600      -30.773342412239
           112.9100     -7.5600      -31.640938150542
           112.9200     -7.5600      -32.349728000466
           112.9300     -7.5600      -32.884999181979
           112.9400     -7.5600      -33.245443487554
           112.9500     -7.5600      -33.443619720819
           112.9600     -7.5600      -33.505281949773
           112.9700     -7.5600      -33.467619629635
           112.9800     -7.5600      -33.376546308305
           112.9900     -7.5600      -33.283252715557
           113.0000     -7.5600      -33.240300884342
           112.0000     -7.5700      -37.919301175438
           112.0100     -7.5700      -40.296667208985
           112.0200     -7.5700      -42.460486520674
           112.0300     -7.5700      -44.349449105082
           112.0400     -7.5700      -45.909236546151
           112.0500     -7.5700      -47.095853898464
           112.0600     -7.5700      -47.878407458433
           112.0700     -7.5700      -48.241096160993
           112.0800     -7.5700      -48.184238759539
           112.0900     -7.5700      -47.724229959454
           112.1000     -7.5700      -46.892400820400
           112.1100     -7.5700      -45.732845439333
           112.1200     -7.5700      -44.299360012570
           112.1300     -7.5700      -42.651714712212
           112.1400     -7.5700      -40.851536902747
           112.1500     -7.5700      -38.958120789249
           112.1600     -7.5700      -37.024490053688
           112.1700     -7.5700      -35.094024874215
           112.1800     -7.5700      -33.197923632959
           112.1900     -7.5700      -31.353705511991
           112.2000     -7.5700      -29.564877972693
           112.2100     -7.5700      -27.821799353377
           112.2200     -7.5700      -26.103669141243
           112.2300     -7.5700      -24.381484977141
           112.2400     -7.5700      -22.621724013294
           112.2500     -7.5700      -20.790443846794
           112.2600     -7.5700      -18.857460372222
           112.2700     -7.5700      -16.800250019526
           112.2800     -7.5700      -14.607243136609
           112.2900     -7.5700      -12.280222462845
           112.3000     -7.5700       -9.835612076592
           112.3100     -7.5700       -7.304532158900
           112.3200     -7.5700       -4.731596049610
           112.3300     -7.5700       -2.172530020602
           112.3400     -7.5700        0.309205717988
           112.3500     -7.5700        2.646532279899
           112.3600     -7.5700        4.773278384524
           112.3700     -7.5700        6.628756277648
           112.3800     -7.5700        8.162019571597
           112.3900     -7.5700        9.335459420480
           112.4000     -7.5700       10.127448168685
           112.4100     -7.5700       10.533816611536
           112.4200     -7.5700       10.568045908933
           112.4300     -7.5700       10.260160082707
           112.4400     -7.5700        9.654411123877
           112.4500     -7.5700        8.805947129479
           112.4600     -7.5700        7.776736305200
           112.4700     -7.5700        6.631079174366
           112.4800     -7.5700        5.431072924786
           112.4900     -7.5700        4.232392866118
           112.5000     -7.5700        3.080726420031
           112.5100     -7.5700        2.009137482956
           112.5200     -7.5700        1.036558332879
           112.5300     -7.5700        0.167509408301
           112.5400     -7.5700       -0.606957444736
           112.5500     -7.5700       -1.307200331140
           112.5600     -7.5700       -1.962015101662
           112.5700     -7.5700       -2.605027271764
           112.5800     -7.5700       -3.270777267447
           112.5900     -7.5700       -3.990851034896
           112.6000     -7.5700       -4.790400336441
           112.6100     -7.5700       -5.685359558705
           112.6200     -7.5700       -6.680601911729
           112.6300     -7.5700       -7.769193108762
           112.6400     -7.5700       -8.932802385814
           112.6500     -7.5700      -10.143227599948
           112.6600     -7.5700      -11.364892100883
           112.6700     -7.5700      -12.558084704250
           112.6800     -7.5700      -13.682647904397
           112.6900     -7.5700      -14.701779194178
           112.7000     -7.5700      -15.585599504206
           112.7100     -7.5700      -16.314162279851
           112.7200     -7.5700      -16.879624895090
           112.7300     -7.5700      -17.287376788419
           112.7400     -7.5700      -17.556009604412
           112.7500     -7.5700      -17.716115864169
           112.7600     -7.5700      -17.808005499930
           112.7700     -7.5700      -17.878525064366
           112.7800     -7.5700      -17.977244283733
           112.7900     -7.5700      -18.152331928919
           112.8000     -7.5700      -18.446472733459
           112.8100     -7.5700      -18.893176666213
           112.8200     -7.5700      -19.513801237264
           112.8300     -7.5700      -20.315549242125
           112.8400     -7.5700      -21.290623367862
           112.8500     -7.5700      -22.416622277320
           112.8600     -7.5700      -23.658158389155
           112.8700     -7.5700      -24.969574461556
           112.8800     -7.5700      -26.298543028956
           112.8900     -7.5700      -27.590257630209
           112.9000     -7.5700      -28.791873960457
           112.9100     -7.5700      -29.856836856707
           112.9200     -7.5700      -30.748737231951
           112.9300     -7.5700      -31.444380963492
           112.9400     -7.5700      -31.935816065830
           112.9500     -7.5700      -32.231149763370
           112.9600     -7.5700      -32.354086103557
           112.9700     -7.5700      -32.342219175823
           112.9800     -7.5700      -32.244218078366
           112.9900     -7.5700      -32.116129095498
           113.0000     -7.5700      -32.017090755681
           112.0000     -7.5800      -37.784492336199
           112.0100     -7.5800      -40.321832598324
           112.0200     -7.5800      -42.615689830707
           112.0300     -7.5800      -44.600384256160
           112.0400     -7.5800      -46.219473140355
           112.0500     -7.5800      -47.429118919424
           112.0600     -7.5800      -48.200740546061
           112.0700     -7.5800      -48.522728636302
           112.0800     -7.5800      -48.401070226305
           112.0900     -7.5800      -47.858808933348
           112.1000     -7.5800      -46.934354942412
           112.1100     -7.5800      -45.678749456878
           112.1200     -7.5800      -44.152072645950
           112.1300     -7.5800      -42.419255542548
           112.1400     -7.5800      -40.545608527351
           112.1500     -7.5800      -38.592407153811
           112.1600     -7.5800      -36.612877195375
           112.1700     -7.5800      -34.648894191317
           112.1800     -7.5800      -32.728660001251
           112.1900     -7.5800      -30.865543749717
           112.2000     -7.5800      -29.058182807119
           112.2100     -7.5800      -27.291838379053
           112.2200     -7.5800      -25.540898055895
           112.2300     -7.5800      -23.772322752835
           112.2400     -7.5800      -21.949755832258
           112.2500     -7.5800      -20.037954688054
           112.2600     -7.5800      -18.007174786701
           112.2700     -7.5800      -15.837136004248
           112.2800     -7.5800      -13.520231493591
           112.2900     -7.5800      -11.063698132504
           112.3000     -7.5800       -8.490550301711
           112.3100     -7.5800       -5.839178728441
           112.3200     -7.5800       -3.161625282298
           112.3300     -7.5800       -0.520653945411
           112.3400     -7.5800        2.014161395501
           112.3500     -7.5800        4.371028608982
           112.3600     -7.5800        6.480846037161
           112.3700     -7.5800        8.282036703207
           112.3800     -7.5800        9.724919403525
           112.3900     -7.5800       10.775263160007
           112.4000     -7.5800       11.416735981137
           112.4100     -7.5800       11.652047541436
           112.4200     -7.5800       11.502690966915
           112.4300     -7.5800       11.007302677660
           112.4400     -7.5800       10.218771722360
           112.4500     -7.5800        9.200331841596
           112.4600     -7.5800        8.020952074891
           112.4700     -7.5800        6.750398125294
           112.4800     -7.5800        5.454362142409
           112.4900     -7.5800        4.190050904615
           112.5000     -7.5800        3.002582189439
           112.5100     -7.5800        1.922469781284
           112.5200     -7.5800        0.964384914097
           112.5300     -7.5800        0.127273801615
           112.5400     -7.5800       -0.604203587588
           112.5500     -7.5800       -1.257059506694
           112.5600     -7.5800       -1.866433549218
           112.5700     -7.5800       -2.471438592001
           112.5800     -7.5800       -3.110768882710
           112.5900     -7.5800       -3.818459372338
           112.6000     -7.5800       -4.620169826095
           112.6100     -7.5800       -5.530319683616
           112.6200     -7.5800       -6.550324165312
           112.6300     -7.5800       -7.668085204264
           112.6400     -7.5800       -8.858780726890
           112.6500     -7.5800      -10.086882042075
           112.6600     -7.5800      -11.309221382479
           112.6700     -7.5800      -12.478839217206
           112.6800     -7.5800      -13.549271764950
           112.6900     -7.5800      -14.478899143579
           112.7000     -7.5800      -15.234967266500
           112.7100     -7.5800      -15.796922619292
           112.7200     -7.5800      -16.158756253978
           112.7300     -7.5800      -16.330136889410
           112.7400     -7.5800      -16.336215817355
           112.7500     -7.5800      -16.216099647919
           112.7600     -7.5800      -16.020101142935
           112.7700     -7.5800      -15.805983756279
           112.7800     -7.5800      -15.634503045368
           112.7900     -7.5800      -15.564610366109
           112.8000     -7.5800      -15.648715886154
           112.8100     -7.5800      -15.928406213849
           112.8200     -7.5800      -16.430976932905
           112.8300     -7.5800      -17.167074957609
           112.8400     -7.5800      -18.129655345248
           112.8500     -7.5800      -19.294349580636
           112.8600     -7.5800      -20.621226392179
           112.8700     -7.5800      -22.057811565086
           112.8800     -7.5800      -23.543129544707
           112.8900     -7.5800      -25.012445490080
           112.9000     -7.5800      -26.402328798282
           112.9100     -7.5800      -27.655632685802
           112.9200     -7.5800      -28.725991267007
           112.9300     -7.5800      -29.581475006715
           112.9400     -7.5800      -30.207114025288
           112.9500     -7.5800      -30.606090675248
           112.9600     -7.5800      -30.799510360897
           112.9700     -7.5800      -30.824773772236
           112.9800     -7.5800      -30.732685111835
           112.9900     -7.5800      -30.583530389244
           113.0000     -7.5800      -30.442439405428
           112.0000     -7.5900      -37.365036138256
           112.0100     -7.5900      -40.027806393358
           112.0200     -7.5900      -42.421639453078
           112.0300     -7.5900      -44.477518561794
           112.0400     -7.5900      -46.137717643160
           112.0500     -7.5900      -47.359153073780
           112.0600     -7.5900      -48.115868195986
           112.0700     -7.5900      -48.400446957677
           112.0800     -7.5900      -48.224228191234
           112.0900     -7.5900      -47.616279929826
           112.1000     -7.5900      -46.621187105061
           112.1100     -7.5900      -45.295798528968
           112.1200     -7.5900      -43.705162652565
           112.1300     -7.5900      -41.917949130284
           112.1400     -7.5900      -40.001698737761
           112.1500     -7.5900      -38.018263377224
           112.1600     -7.5900      -36.019788513072
           112.1700     -7.5900      -34.045552476467
           112.1800     -7.5900      -32.119913096647
           112.1900     -7.5900      -30.251526717527
           112.2000     -7.5900      -28.433904386675
           112.2100     -7.5900      -26.647262785839
           112.2200     -7.5900      -24.861521978463
           112.2300     -7.5900      -23.040206983078
           112.2400     -7.5900      -21.144933546755
           112.2500     -7.5900      -19.140106910648
           112.2600     -7.5900      -16.997440484736
           112.2700     -7.5900      -14.699911443752
           112.2800     -7.5900      -12.244811960071
           112.2900     -7.5900       -9.645625105202
           112.3000     -7.5900       -6.932547955905
           112.3100     -7.5900       -4.151593702696
           112.3200     -7.5900       -1.362320733361
           112.3300     -7.5900        1.365649782444
           112.3400     -7.5900        3.957064783010
           112.3500     -7.5900        6.336074749898
           112.3600     -7.5900        8.431476367131
           112.3700     -7.5900       10.181743897193
           112.3800     -7.5900       11.539443844730
           112.3900     -7.5900       12.474674035674
           112.4000     -7.5900       12.977244688462
           112.4100     -7.5900       13.057419280668
           112.4200     -7.5900       12.745148868242
           112.4300     -7.5900       12.087855476841
           112.4400     -7.5900       11.146938157841
           112.4500     -7.5900        9.993279453886
           112.4600     -7.5900        8.702111614180
           112.4700     -7.5900        7.347654039548
           112.4800     -7.5900        5.997951654136
           112.4900     -7.5900        4.710326548011
           112.5000     -7.5900        3.527803643458
           112.5100     -7.5900        2.476789517513
           112.5200     -7.5900        1.566178615138
           112.5300     -7.5900        0.787941643992
           112.5400     -7.5900        0.119126941014
           112.5500     -7.5900       -0.474912552458
           112.5600     -7.5900       -1.036356431801
           112.5700     -7.5900       -1.610185737298
           112.5800     -7.5900       -2.239298164363
           112.5900     -7.5900       -2.959895947078
           112.6000     -7.5900       -3.797548518171
           112.6100     -7.5900       -4.764273664556
           112.6200     -7.5900       -5.856893273790
           112.6300     -7.5900       -7.056810260561
           112.6400     -7.5900       -8.331231097246
           112.6500     -7.5900       -9.635733861961
           112.6600     -7.5900      -10.917965395779
           112.6700     -7.5900      -12.122152891897
           112.6800     -7.5900      -13.194043383443
           112.6900     -7.5900      -14.085845299038
           112.7000     -7.5900      -14.760742925744
           112.7100     -7.5900      -15.196587639009
           112.7200     -7.5900      -15.388436446119
           112.7300     -7.5900      -15.349703220142
           112.7400     -7.5900      -15.111803074454
           112.7500     -7.5900      -14.722296029781
           112.7600     -7.5900      -14.241661937844
           112.7700     -7.5900      -13.738954010395
           112.7800     -7.5900      -13.286673588566
           112.7900     -7.5900      -12.955275982271
           112.8000     -7.5900      -12.807750668582
           112.8100     -7.5900      -12.894716035742
           112.8200     -7.5900      -13.250429421736
           112.8300     -7.5900      -13.890040675464
           112.8400     -7.5900      -14.808317864721
           112.8500     -7.5900      -15.979955307182
           112.8600     -7.5900      -17.361446590483
           112.8700     -7.5900      -18.894379179180
           112.8800     -7.5900      -20.509892926252
           112.8900     -7.5900      -22.133951643260
           112.9000     -7.5900      -23.693012375119
           112.9100     -7.5900      -25.119646305638
           112.9200     -7.5900      -26.357670604623
           112.9300     -7.5900      -27.366391343509
           112.9400     -7.5900      -28.123630270895
           112.9500     -7.5900      -28.627306581861
           112.9600     -7.5900      -28.895460612416
           112.9700     -7.5900      -28.964730071169
           112.9800     -7.5900      -28.887410870799
           112.9900     -7.5900      -28.727344032929
           113.0000     -7.5900      -28.554958815627
           112.0000     -7.6000      -36.704086054048
           112.0100     -7.6000      -39.452004982873
           112.0200     -7.6000      -41.910244367280
           112.0300     -7.6000      -44.007678911904
           112.0400     -7.6000      -45.686291603740
           112.0500     -7.6000      -46.904451499688
           112.0600     -7.6000      -47.639189351147
           112.0700     -7.6000      -47.887286150153
           112.0800     -7.6000      -47.665073573336
           112.0900     -7.6000      -47.006939821176
           112.1000     -7.6000      -45.962632293975
           112.1100     -7.6000      -44.593542160923
           112.1200     -7.6000      -42.968237499085
           112.1300     -7.6000      -41.157574370290
           112.1400     -7.6000      -39.229753366722
           112.1500     -7.6000      -37.245699038526
           112.1600     -7.6000      -35.255119683797
           112.1700     -7.6000      -33.293556108435
           112.1800     -7.6000      -31.380653431082
           112.1900     -7.6000      -29.519795293167
           112.2000     -7.6000      -27.699132208311
           112.2100     -7.6000      -25.893923754235
           112.2200     -7.6000      -24.070006931970
           112.2300     -7.6000      -22.188109158753
           112.2400     -7.6000      -20.208651955025
           112.2500     -7.6000      -18.096646747798
           112.2600     -7.6000      -15.826271481458
           112.2700     -7.6000      -13.384737477045
           112.2800     -7.6000      -10.775109042301
           112.2900     -7.6000       -8.017819841820
           112.3000     -7.6000       -5.150733703573
           112.3100     -7.6000       -2.227715143936
           112.3200     -7.6000        0.684203062677
           112.3300     -7.6000        3.508851468526
           112.3400     -7.6000        6.165849669076
           112.3500     -7.6000        8.576043709187
           112.3600     -7.6000       10.667025801558
           112.3700     -7.6000       12.378294762347
           112.3800     -7.6000       13.665639468203
           112.3900     -7.6000       14.504386069164
           112.4000     -7.6000       14.891238179168
           112.4100     -7.6000       14.844550790346
           112.4200     -7.6000       14.403004212469
           112.4300     -7.6000       13.622773664780
           112.4400     -7.6000       12.573412575984
           112.4500     -7.6000       11.332772992189
           112.4600     -7.6000        9.981365902195
           112.4700     -7.6000        8.596611004719
           112.4800     -7.6000        7.247435375430
           112.4900     -7.6000        5.989652591786
           112.5000     -7.6000        4.862490236516
           112.5100     -7.6000        3.886539416070
           112.5200     -7.6000        3.063282677479
           112.5300     -7.6000        2.376226127068
           112.5400     -7.6000        1.793528455895
           112.5500     -7.6000        1.271895037132
           112.5600     -7.6000        0.761399699132
           112.5700     -7.6000        0.210819079938
           112.5800     -7.6000       -0.426978767387
           112.5900     -7.6000       -1.190054876445
           112.6000     -7.6000       -2.103258582937
           112.6100     -7.6000       -3.175285201560
           112.6200     -7.6000       -4.397191645722
           112.6300     -7.6000       -5.742507061893
           112.6400     -7.6000       -7.168941144415
           112.6500     -7.6000       -8.621557578986
           112.6600     -7.6000      -10.037155325563
           112.6700     -7.6000      -11.349496647400
           112.6800     -7.6000      -12.494946661469
           112.6900     -7.6000      -13.418051016406
           112.7000     -7.6000      -14.076579407258
           112.7100     -7.6000      -14.445603059068
           112.7200     -7.6000      -14.520250829466
           112.7300     -7.6000      -14.316894962268
           112.7400     -7.6000      -13.872645046307
           112.7500     -7.6000      -13.243166906331
           112.7600     -7.6000      -12.498980590897
           112.7700     -7.6000      -11.720516992281
           112.7800     -7.6000      -10.992315595619
           112.7900     -7.6000      -10.396817918849
           112.8000     -7.6000      -10.008246434590
           112.8100     -7.6000       -9.887054262643
           112.8200     -7.6000      -10.075387064100
           112.8300     -7.6000      -10.593918965335
           112.8400     -7.6000      -11.440315528339
           112.8500     -7.6000      -12.589447673365
           112.8600     -7.6000      -13.995341590378
           112.8700     -7.6000      -15.594712339635
           112.8800     -7.6000      -17.311804148095
           112.8900     -7.6000      -19.064158370937
           112.9000     -7.6000      -20.768858806171
           112.9100     -7.6000      -22.348769060025
           112.9200     -7.6000      -23.738280496389
           112.9300     -7.6000      -24.888131318432
           112.9400     -7.6000      -25.768933778708
           112.9500     -7.6000      -26.373150891774
           112.9600     -7.6000      -26.715387630930
           112.9700     -7.6000      -26.830994275242
           112.9800     -7.6000      -26.773110578590
           112.9900     -7.6000      -26.608398293336
           113.0000     -7.6000      -26.411806975577
           112.0000     -7.6100      -35.846645633197
           112.0100     -7.6100      -38.635646296986
           112.0200     -7.6100      -41.118915138050
           112.0300     -7.6100      -43.224611974497
           112.0400     -7.6100      -44.895550353286
           112.0500     -7.6100      -46.092339886695
           112.0600     -7.6100      -46.795410114201
           112.0700     -7.6100      -47.005752431954
           112.0800     -7.6100      -46.744307963346
           112.0900     -7.6100      -46.050028964621
           112.1000     -7.6100      -44.976741852236
           112.1100     -7.6100      -43.589033243857
           112.1200     -7.6100      -41.957458866430
           112.1300     -7.6100      -40.153432097159
           112.1400     -7.6100      -38.244179099485
           112.1500     -7.6100      -36.288147848136
           112.1600     -7.6100      -34.331228000114
           112.1700     -7.6100      -32.404079239230
           112.1800     -7.6100      -30.520781493046
           112.1900     -7.6100      -28.678917529522
           112.2000     -7.6100      -26.861084807914
           112.2100     -7.6100      -25.037718077883
           112.2200     -7.6100      -23.170996437906
           112.2300     -7.6100      -21.219517309897
           112.2400     -7.6100      -19.143352826279
           112.2500     -7.6100      -16.909067386989
           112.2600     -7.6100      -14.494272186059
           112.2700     -7.6100      -11.891324175593
           112.2800     -7.6100       -9.109841234662
           112.2900     -7.6100       -6.177797518759
           112.3000     -7.6100       -3.141075970609
           112.3100     -7.6100       -0.061479824386
           112.3200     -7.6100        2.986668446831
           112.3300     -7.6100        5.921094294378
           112.3400     -7.6100        8.656958386199
           112.3500     -7.6100       11.112645431141
           112.3600     -7.6100       13.215496603451
           112.3700     -7.6100       14.907025275578
           112.3800     -7.6100       16.147191069073
           112.3900     -7.6100       16.917377775149
           112.4000     -7.6100       17.221821108271
           112.4100     -7.6100       17.087354627934
           112.4200     -7.6100       16.561476671775
           112.4300     -7.6100       15.708876844400
           112.4400     -7.6100       14.606686335772
           112.4500     -7.6100       13.338821640844
           112.4600     -7.6100       11.989867241163
           112.4700     -7.6100       10.638982950769
           112.4800     -7.6100        9.354322290203
           112.4900     -7.6100        8.188409037585
           112.5000     -7.6100        7.174842918708
           112.5100     -7.6100        6.326598230323
           112.5200     -7.6100        5.636049651075
           112.5300     -7.6100        5.076718112841
           112.5400     -7.6100        4.606587974002
           112.5500     -7.6100        4.172716553487
           112.5600     -7.6100        3.716749182760
           112.5700     -7.6100        3.180876372612
           112.5800     -7.6100        2.513730996321
           112.5900     -7.6100        1.675725989155
           112.6000     -7.6100        0.643376986745
           112.6100     -7.6100       -0.587763818004
           112.6200     -7.6100       -2.001823075569
           112.6300     -7.6100       -3.563095960091
           112.6400     -7.6100       -5.218288547372
           112.6500     -7.6100       -6.900345587721
           112.6600     -7.6100       -8.533563547420
           112.6700     -7.6100      -10.039579866878
           112.6800     -7.6100      -11.343753428683
           112.6900     -7.6100      -12.381414633605
           112.7000     -7.6100      -13.103469417397
           112.7100     -7.6100      -13.480889687465
           112.7200     -7.6100      -13.507709228668
           112.7300     -7.6100      -13.202262172061
           112.7400     -7.6100      -12.606541096457
           112.7500     -7.6100      -11.783702388121
           112.7600     -7.6100      -10.813895390767
           112.7700     -7.6100       -9.788727037802
           112.7800     -7.6100       -8.804784096152
           112.7900     -7.6100       -7.956711913220
           112.8000     -7.6100       -7.330385446152
           112.8100     -7.6100       -6.996702420890
           112.8200     -7.6100       -7.006480259861
           112.8300     -7.6100       -7.386851904135
           112.8400     -7.6100       -8.139437902920
           112.8500     -7.6100       -9.240432714943
           112.8600     -7.6100      -10.642593333013
           112.8700     -7.6100      -12.278970151340
           112.8800     -7.6100      -14.068085279775
           112.8900     -7.6100      -15.920152929900
           112.9000     -7.6100      -17.743858680855
           112.9100     -7.6100      -19.453175284990
           112.9200     -7.6100      -20.973694928426
           112.9300     -7.6100      -22.248000889415
           112.9400     -7.6100      -23.239681432673
           112.9500     -7.6100      -23.935698717949
           112.9600     -7.6100      -24.346956336788
           112.9700     -7.6100      -24.507050124519
           112.9800     -7.6100      -24.469326770402
           112.9900     -7.6100      -24.302502391548
           113.0000     -7.6100      -24.085198745967
           112.0000     -7.6200      -34.836004936218
           112.0100     -7.6200      -37.620413355441
           112.0200     -7.6200      -40.087470821806
           112.0300     -7.6200      -42.166142411725
           112.0400     -7.6200      -43.801292978213
           112.0500     -7.6200      -44.956630191381
           112.0600     -7.6200      -45.616433948872
           112.0700     -7.6200      -45.785932722282
           112.0800     -7.6200      -45.490284677833
           112.0900     -7.6200      -44.772224754201
           112.1000     -7.6200      -43.688540375284
           112.1100     -7.6200      -42.305630055796
           112.1200     -7.6200      -40.694473271970
           112.1300     -7.6200      -38.925390222236
           112.1400     -7.6200      -37.062991818956
           112.1500     -7.6200      -35.161710922784
           112.1600     -7.6200      -33.262265389212
           112.1700     -7.6200      -31.389334400672
           112.1800     -7.6200      -29.550636664576
           112.1900     -7.6200      -27.737489293785
           112.2000     -7.6200      -25.926808032540
           112.2100     -7.6200      -24.084392327033
           112.2200     -7.6200      -22.169232091136
           112.2300     -7.6200      -20.138485773390
           112.2400     -7.6200      -17.952718993233
           112.2500     -7.6200      -15.580965043763
           112.2600     -7.6200      -13.005175877333
           112.2700     -7.6200      -10.223674882662
           112.2800     -7.6200       -7.253298005584
           112.2900     -7.6200       -4.130012003476
           112.3000     -7.6200       -0.907919969822
           112.3100     -7.6200        2.343304888151
           112.3200     -7.6200        5.542386457275
           112.3300     -7.6200        8.601525109079
           112.3400     -7.6200       11.432204056025
           112.3500     -7.6200       13.951270942565
           112.3600     -7.6200       16.086812274898
           112.3700     -7.6200       17.783346563626
           112.3800     -7.6200       19.005909185351
           112.3900     -7.6200       19.742684682691
           112.4000     -7.6200       20.005954254974
           112.4100     -7.6200       19.831258772974
           112.4200     -7.6200       19.274820192048
           112.4300     -7.6200       18.409405183739
           112.4400     -7.6200       17.318942578897
           112.4500     -7.6200       16.092310173397
           112.4600     -7.6200       14.816777777059
           112.4700     -7.6200       13.571625853597
           112.4800     -7.6200       12.422449597545
           112.4900     -7.6200       11.416607135413
           112.5000     -7.6200       10.580181467388
           112.5100     -7.6200        9.916705685761
           112.5200     -7.6200        9.407759442299
           112.5300     -7.6200        9.015392974374
           112.5400     -7.6200        8.686185563951
           112.5500     -7.6200        8.356610349304
           112.5600     -7.6200        7.959268110946
           112.5700     -7.6200        7.429478173246
           112.5800     -7.6200        6.711681281790
           112.5900     -7.6200        5.765120284369
           112.6000     -7.6200        4.568319106310
           112.6100     -7.6200        3.121974731034
           112.6200     -7.6200        1.450003268718
           112.6300     -7.6200       -0.401370362955
           112.6400     -7.6200       -2.366431060963
           112.6500     -7.6200       -4.364496538991
           112.6600     -7.6200       -6.305800360423
           112.6700     -7.6200       -8.098277133221
           112.6800     -7.6200       -9.654714736061
           112.6900     -7.6200      -10.899703880676
           112.7000     -7.6200      -11.775826437243
           112.7100     -7.6200      -12.248580044324
           112.7200     -7.6200      -12.309633226747
           112.7300     -7.6200      -11.978134886673
           112.7400     -7.6200      -11.299954267400
           112.7500     -7.6200      -10.344890130328
           112.7600     -7.6200       -9.202047900046
           112.7700     -7.6200       -7.973728101771
           112.7800     -7.6200       -6.768286975900
           112.7900     -7.6200       -5.692511334624
           112.8000     -7.6200       -4.844088101872
           112.8100     -7.6200       -4.304741585743
           112.8200     -7.6200       -4.134559095170
           112.8300     -7.6200       -4.367932364988
           112.8400     -7.6200       -5.011415974996
           112.8500     -7.6200       -6.043654729456
           112.8600     -7.6200       -7.417371765506
           112.8700     -7.6200       -9.063250735169
           112.8800     -7.6200      -10.895401263592
           112.8900     -7.6200      -12.817978280412
           112.9000     -7.6200      -14.732441855368
           112.9100     -7.6200      -16.544901084157
           112.9200     -7.6200      -18.172986270573
           112.9300     -7.6200      -19.551737510779
           112.9400     -7.6200      -20.638080743009
           112.9500     -7.6200      -21.413577259327
           112.9600     -7.6200      -21.885270019831
           112.9700     -7.6200      -22.084598667079
           112.9800     -7.6200      -22.064503010943
           112.9900     -7.6200      -21.894970315685
           113.0000     -7.6200      -21.657394554112
           112.0000     -7.6300      -33.710587754158
           112.0100     -7.6300      -36.445387919830
           112.0200     -7.6300      -38.855189382676
           112.0300     -7.6300      -40.871363514800
           112.0400     -7.6300      -42.442110116984
           112.0500     -7.6300      -43.535136608232
           112.0600     -7.6300      -44.139051644574
           112.0700     -7.6300      -44.263360061495
           112.0800     -7.6300      -43.937047609884
           112.0900     -7.6300      -43.205849244434
           112.1000     -7.6300      -42.128395610806
           112.1100     -7.6300      -40.771520801037
           112.1200     -7.6300      -39.205083056287
           112.1300     -7.6300      -37.496692883149
           112.1400     -7.6300      -35.706755886359
           112.1500     -7.6300      -33.884218662486
           112.1600     -7.6300      -32.063356013853
           112.1700     -7.6300      -30.261859736215
           112.1800     -7.6300      -28.480388869181
           112.1900     -7.6300      -26.703626106751
           112.2000     -7.6300      -24.902763986844
           112.2100     -7.6300      -23.039227167192
           112.2200     -7.6300      -21.069333142734
           112.2300     -7.6300      -18.949511906220
           112.2400     -7.6300      -16.641652443539
           112.2500     -7.6300      -14.118125508247
           112.2600     -7.6300      -11.366050071368
           112.2700     -7.6300       -8.390424494903
           112.2800     -7.6300       -5.215829188780
           112.2900     -7.6300       -1.886518929814
           112.3000     -7.6300        1.535148449382
           112.3100     -7.6300        4.971864833924
           112.3200     -7.6300        8.335892461518
           112.3300     -7.6300       11.534622253080
           112.3400     -7.6300       14.476747810484
           112.3500     -7.6300       17.078573879806
           112.3600     -7.6300       19.269957047305
           112.3700     -7.6300       20.999395962248
           112.3800     -7.6300       22.237847593021
           112.3900     -7.6300       22.980940772644
           112.4000     -7.6300       23.249381439798
           112.4100     -7.6300       23.087485944244
           112.4200     -7.6300       22.559928273842
           112.4300     -7.6300       21.746931990689
           112.4400     -7.6300       20.738266139833
           112.4500     -7.6300       19.626505688630
           112.4600     -7.6300       18.500082511045
           112.4700     -7.6300       17.436676702984
           112.4800     -7.6300       16.497477586602
           112.4900     -7.6300       15.722780199038
           112.5000     -7.6300       15.129280969750
           112.5100     -7.6300       14.709303481113
           112.5200     -7.6300       14.432032093092
           112.5300     -7.6300       14.246669986968
           112.5400     -7.6300       14.087281837475
           112.5500     -7.6300       13.878942593304
           112.5600     -7.6300       13.544704168121
           112.5700     -7.6300       13.012820404412
           112.5800     -7.6300       12.223643637032
           112.5900     -7.6300       11.135626167867
           112.6000     -7.6300        9.729925789590
           112.6100     -7.6300        8.013221259805
           112.6200     -7.6300        6.018483065806
           112.6300     -7.6300        3.803605968126
           112.6400     -7.6300        1.447979869619
           112.6500     -7.6300       -0.952759073793
           112.6600     -7.6300       -3.293407805861
           112.6700     -7.6300       -5.466799425407
           112.6800     -7.6300       -7.371745200165
           112.6900     -7.6300       -8.920698727799
           112.7000     -7.6300      -10.046542048250
           112.7100     -7.6300      -10.707957675270
           112.7200     -7.6300      -10.892957275357
           112.7300     -7.6300      -10.620278705460
           112.7400     -7.6300       -9.938527202764
           112.7500     -7.6300       -8.923110723652
           112.7600     -7.6300       -7.671189970580
           112.7700     -7.6300       -6.295017045361
           112.7800     -7.6300       -4.914160833487
           112.7900     -7.6300       -3.647202422202
           112.8000     -7.6300       -2.603523482815
           112.8100     -7.6300       -1.875801652957
           112.8200     -7.6300       -1.533770456146
           112.8300     -7.6300       -1.619701888738
           112.8400     -7.6300       -2.145935560251
           112.8500     -7.6300       -3.094619970423
           112.8600     -7.6300       -4.419661745830
           112.8700     -7.6300       -6.050710838195
           112.8800     -7.6300       -7.898856919526
           112.8900     -7.6300       -9.863586278868
           112.9000     -7.6300      -11.840458953567
           112.9100     -7.6300      -13.728919139295
           112.9200     -7.6300      -15.439651159831
           112.9300     -7.6300      -16.900937802258
           112.9400     -7.6300      -18.063563421033
           112.9500     -7.6300      -18.903923486833
           112.9600     -7.6300      -19.425145262586
           112.9700     -7.6300      -19.656179389914
           112.9800     -7.6300      -19.648976988195
           112.9900     -7.6300      -19.474009302514
           113.0000     -7.6300      -19.214506122988
           112.0000     -7.6400      -32.501446567334
           112.0100     -7.6400      -35.144485637304
           112.0200     -7.6400      -37.458225292048
           112.0300     -7.6400      -39.378074422978
           112.0400     -7.6400      -40.856872801011
           112.0500     -7.6400      -41.867242987725
           112.0600     -7.6400      -42.402609459204
           112.0700     -7.6400      -42.476800140877
           112.0800     -7.6400      -42.122249688925
           112.0900     -7.6400      -41.386929340019
           112.1000     -7.6400      -40.330226795065
           112.1100     -7.6400      -39.018083454644
           112.1200     -7.6400      -37.517758331094
           112.1300     -7.6400      -35.892622576694
           112.1400     -7.6400      -34.197392253912
           112.1500     -7.6400      -32.474178569445
           112.1600     -7.6400      -30.749675686182
           112.1700     -7.6400      -29.033720325460
           112.1800     -7.6400      -27.319350869506
           112.1900     -7.6400      -25.584374613167
           112.2000     -7.6400      -23.794329483786
           112.2100     -7.6400      -21.906610759132
           112.2200     -7.6400      -19.875433607496
           112.2300     -7.6400      -17.657227133558
           112.2400     -7.6400      -15.216011734319
           112.2500     -7.6400      -12.528303262031
           112.2600     -7.6400       -9.587116264943
           112.2700     -7.6400       -6.404702943061
           112.2800     -7.6400       -3.013759976388
           112.2900     -7.6400        0.533045037667
           112.3000     -7.6400        4.165241393533
           112.3100     -7.6400        7.798292608822
           112.3200     -7.6400       11.338647035659
           112.3300     -7.6400       14.689731957934
           112.3400     -7.6400       17.758435459932
           112.3500     -7.6400       20.461569668254
           112.3600     -7.6400       22.731798399740
           112.3700     -7.6400       24.522543484229
           112.3800     -7.6400       25.811455375368
           112.3900     -7.6400       26.602140102622
           112.4000     -7.6400       26.923968174284
           112.4100     -7.6400       26.829941369119
           112.4200     -7.6400       26.392748547503
           112.4300     -7.6400       25.699289154677
           112.4400     -7.6400       24.844070866237
           112.4500     -7.6400       23.921985130070
           112.4600     -7.6400       23.021022783386
           112.4700     -7.6400       22.215506089361
           112.4800     -7.6400       21.560381579944
           112.4900     -7.6400       21.087041862401
           112.5000     -7.6400       20.801029521300
           112.5100     -7.6400       20.681831123373
           112.5200     -7.6400       20.684805368887
           112.5300     -7.6400       20.745119564367
           112.5400     -7.6400       20.783406397926
           112.5500     -7.6400       20.712711609154
           112.5600     -7.6400       20.446194167937
           112.5700     -7.6400       19.904973137788
           112.5800     -7.6400       19.025495380788
           112.5900     -7.6400       17.765827790744
           112.6000     -7.6400       16.110354985231
           112.6100     -7.6400       14.072482665291
           112.6200     -7.6400       11.695099062613
           112.6300     -7.6400        9.048720225554
           112.6400     -7.6400        6.227425755498
           112.6500     -7.6400        3.342865706656
           112.6600     -7.6400        0.516772867797
           112.6700     -7.6400       -2.127464719862
           112.6800     -7.6400       -4.473538104378
           112.6900     -7.6400       -6.420596625528
           112.7000     -7.6400       -7.890632341135
           112.7100     -7.6400       -8.834302281908
           112.7200     -7.6400       -9.234737723213
           112.7300     -7.6400       -9.109041529463
           112.7400     -7.6400       -8.507349919086
           112.7500     -7.6400       -7.509520005406
           112.7600     -7.6400       -6.219684725624
           112.7700     -7.6400       -4.759078210563
           112.7800     -7.6400       -3.257664726044
           112.7900     -7.6400       -1.845193001677
           112.8000     -7.6400       -0.642338327385
           112.8100     -7.6400        0.247415661736
           112.8200     -7.6400        0.744563945491
           112.8300     -7.6400        0.798549457489
           112.8400     -7.6400        0.390569947991
           112.8500     -7.6400       -0.465955980090
           112.8600     -7.6400       -1.727263690477
           112.8700     -7.6400       -3.323282042981
           112.8800     -7.6400       -5.163501102327
           112.8900     -7.6400       -7.144199129861
           112.9000     -7.6400       -9.156465483690
           112.9100     -7.6400      -11.094406213092
           112.9200     -7.6400      -12.862917070459
           112.9300     -7.6400      -14.384453709967
           112.9400     -7.6400      -15.604316632498
           112.9500     -7.6400      -16.494091322396
           112.9600     -7.6400      -17.053031735013
           112.9700     -7.6400      -17.307335816463
           112.9800     -7.6400      -17.307422292556
           112.9900     -7.6400      -17.123466056003
           113.0000     -7.6400      -16.839573886582
           112.0000     -7.6500      -31.230576071089
           112.0100     -7.6500      -33.744568325618
           112.0200     -7.6500      -35.927571984433
           112.0300     -7.6500      -37.720641103281
           112.0400     -7.6500      -39.082536800914
           112.0500     -7.6500      -39.991691537178
           112.0600     -7.6500      -40.446819047708
           112.0700     -7.6500      -40.466115018646
           112.0800     -7.6500      -40.085098476096
           112.0900     -7.6500      -39.353247771955
           112.1000     -7.6500      -38.329679823917
           112.1100     -7.6500      -37.078199185992
           112.1200     -7.6500      -35.662097922501
           112.1300     -7.6500      -34.139113113301
           112.1400     -7.6500      -32.556943226635
           112.1500     -7.6500      -30.949687082875
           112.1600     -7.6500      -29.335501777859
           112.1700     -7.6500      -27.715683292606
           112.1800     -7.6500      -26.075262328207
           112.1900     -7.6500      -24.385086618758
           112.2000     -7.6500      -22.605239111200
           112.2100     -7.6500      -20.689528803600
           112.2200     -7.6500      -18.590697076158
           112.2300     -7.6500      -16.265915150701
           112.2400     -7.6500      -13.682114036756
           112.2500     -7.6500      -10.820690607771
           112.2600     -7.6500       -7.681173054305
           112.2700     -7.6500       -4.283503606240
           112.2800     -7.6500       -0.668700903811
           112.2900     -7.6500        3.102209045783
           112.3000     -7.6500        6.950965538194
           112.3100     -7.6500       10.786381558179
           112.3200     -7.6500       14.509889978041
           112.3300     -7.6500       18.021920642506
           112.3400     -7.6500       21.228622755509
           112.3500     -7.6500       24.048405816515
           112.3600     -7.6500       26.417772908949
           112.3700     -7.6500       28.295963343528
           112.3800     -7.6500       29.668004970172
           112.3900     -7.6500       30.545894035187
           112.4000     -7.6500       30.967763502818
           112.4100     -7.6500       30.995058252251
           112.4200     -7.6500       30.707895071913
           112.4300     -7.6500       30.198934057939
           112.4400     -7.6500       29.566213664154
           112.4500     -7.6500       28.905493661170
           112.4600     -7.6500       28.302700580855
           112.4700     -7.6500       27.827074012261
           112.4800     -7.6500       27.525568211104
           112.4900     -7.6500       27.418974549422
           112.5000     -7.6500       27.500102700213
           112.5100     -7.6500       27.734201675002
           112.5200     -7.6500       28.061627953465
           112.5300     -7.6500       28.402590560050
           112.5400     -7.6500       28.663636127426
           112.5500     -7.6500       28.745394163629
           112.5600     -7.6500       28.550995591433
           112.5700     -7.6500       27.994515135521
           112.5800     -7.6500       27.008775822034
           112.5900     -7.6500       25.551893317384
           112.6000     -7.6500       23.612026557552
           112.6100     -7.6500       21.209932654267
           112.6200     -7.6500       18.399088500011
           112.6300     -7.6500       15.263326225818
           112.6400     -7.6500       11.912120381853
           112.6500     -7.6500        8.473846521625
           112.6600     -7.6500        5.087489493389
           112.6700     -7.6500        1.893402640547
           112.6800     -7.6500       -0.976203496520
           112.6900     -7.6500       -3.406338744345
           112.7000     -7.6500       -5.307201197202
           112.7100     -7.6500       -6.620439737154
           112.7200     -7.6500       -7.323241459139
           112.7300     -7.6500       -7.429936372910
           112.7400     -7.6500       -6.990997384769
           112.7500     -7.6500       -6.089508369280
           112.7600     -7.6500       -4.835362062407
           112.7700     -7.6500       -3.357617980936
           112.7800     -7.6500       -1.795585685891
           112.7900     -7.6500       -0.289290209985
           112.8000     -7.6500        1.029982429598
           112.8100     -7.6500        2.048373826998
           112.8200     -7.6500        2.676754060783
           112.8300     -7.6500        2.856123457983
           112.8400     -7.6500        2.560751813129
           112.8500     -7.6500        1.798865284100
           112.8600     -7.6500        0.610876879307
           112.8700     -7.6500       -0.934660268268
           112.8800     -7.6500       -2.747030845896
           112.8900     -7.6500       -4.720782802033
           112.9000     -7.6500       -6.744018033191
           112.9100     -7.6500       -8.706913648334
           112.9200     -7.6500      -10.509836021900
           112.9300     -7.6500      -12.070455301509
           112.9400     -7.6500      -13.329357557014
           112.9500     -7.6500      -14.253777474382
           112.9600     -7.6500      -14.839225868176
           112.9700     -7.6500      -15.108950986414
           112.9800     -7.6500      -15.111337522546
           112.9900     -7.6500      -14.915499636431
           113.0000     -7.6500      -14.605452631510
           112.0000     -7.6600      -29.910139120096
           112.0100     -7.6600      -32.264342542065
           112.0200     -7.6600      -34.287690171651
           112.0300     -7.6600      -35.928410683926
           112.0400     -7.6600      -37.152397607693
           112.0500     -7.6600      -37.944730672920
           112.0600     -7.6600      -38.309847276989
           112.0700     -7.6600      -38.270340163709
           112.0800     -7.6600      -37.864461218671
           112.0900     -7.6600      -37.142511846257
           112.1000     -7.6600      -36.162389726903
           112.1100     -7.6600      -34.984632461623
           112.1200     -7.6600      -33.667344505344
           112.1300     -7.6600      -32.261410438967
           112.1400     -7.6600      -30.806382786788
           112.1500     -7.6600      -29.327386457351
           112.1600     -7.6600      -27.833307206314
           112.1700     -7.6600      -26.316433419983
           112.1800     -7.6600      -24.753606192100
           112.1900     -7.6600      -23.108810855489
           112.2000     -7.6600      -21.337023461310
           112.2100     -7.6600      -19.389017925980
           112.2200     -7.6600      -17.216752776416
           112.2300     -7.6600      -14.778898272283
           112.2400     -7.6600      -12.046040719316
           112.2500     -7.6600       -9.005113936004
           112.2600     -7.6600       -5.662658080145
           112.2700     -7.6600       -2.046590336984
           112.2800     -7.6600        1.793715594013
           112.2900     -7.6600        5.789112074589
           112.3000     -7.6600        9.854051275644
           112.3100     -7.6600       13.891439184988
           112.3200     -7.6600       17.798632105474
           112.3300     -7.6600       21.474134851914
           112.3400     -7.6600       24.824489673513
           112.3500     -7.6600       27.770814150515
           112.3600     -7.6600       30.254458463782
           112.3700     -7.6600       32.241307636693
           112.3800     -7.6600       33.724349229740
           112.3900     -7.6600       34.724254859026
           112.4000     -7.6600       35.287875307725
           112.4100     -7.6600       35.484712278622
           112.4200     -7.6600       35.401592146531
           112.4300     -7.6600       35.135915354913
           112.4400     -7.6600       34.787977153006
           112.4500     -7.6600       34.452940833849
           112.4600     -7.6600       34.213085884856
           112.4700     -7.6600       34.130946273677
           112.4800     -7.6600       34.243898038166
           112.4900     -7.6600       34.560653910741
           112.5000     -7.6600       35.059983057812
           112.5100     -7.6600       35.691806505767
           112.5200     -7.6600       36.380636206446
           112.5300     -7.6600       37.031142129191
           112.5400     -7.6600       37.535461715115
           112.5500     -7.6600       37.781723098996
           112.5600     -7.6600       37.663149349217
           112.5700     -7.6600       37.087054340908
           112.5800     -7.6600       35.983036865352
           112.5900     -7.6600       34.309729202623
           112.6000     -7.6600       32.059556442797
           112.6100     -7.6600       29.261106129630
           112.6200     -7.6600       25.978883646201
           112.6300     -7.6600       22.310423840222
           112.6400     -7.6600       18.380928754610
           112.6500     -7.6600       14.335789596912
           112.6600     -7.6600       10.331513625787
           112.6700     -7.6600        6.525700754730
           112.6800     -7.6600        3.066790608863
           112.6900     -7.6600        0.084322471081
           112.7000     -7.6600       -2.319583826780
           112.7100     -7.6600       -4.076905963706
           112.7200     -7.6600       -5.158070883622
           112.7300     -7.6600       -5.573666414894
           112.7400     -7.6600       -5.373393787718
           112.7500     -7.6600       -4.642345438131
           112.7600     -7.6600       -3.494888780808
           112.7700     -7.6600       -2.066610910551
           112.7800     -7.6600       -0.504918275443
           112.7900     -7.6600        1.041021127553
           112.8000     -7.6600        2.430264336570
           112.8100     -7.6600        3.539293986399
           112.8200     -7.6600        4.269785386008
           112.8300     -7.6600        4.554407717108
           112.8400     -7.6600        4.360280402056
           112.8500     -7.6600        3.689885298188
           112.8600     -7.6600        2.579427068613
           112.8700     -7.6600        1.094823031632
           112.8800     -7.6600       -0.674324391740
           112.8900     -7.6600       -2.622277670101
           112.9000     -7.6600       -4.635640062878
           112.9100     -7.6600       -6.602106593843
           112.9200     -7.6600       -8.418835403114
           112.9300     -7.6600       -9.999830573414
           112.9400     -7.6600      -11.281818310823
           112.9500     -7.6600      -12.228226082159
           112.9600     -7.6600      -12.831028211824
           112.9700     -7.6600      -13.110388971930
           112.9800     -7.6600      -13.112202055346
           112.9900     -7.6600      -12.903780513293
           113.0000     -7.6600      -12.568082119769
           112.0000     -7.6700      -28.542615548668
           112.0100     -7.6700      -30.714078998912
           112.0200     -7.6700      -32.555857009511
           112.0300     -7.6700      -34.024750961813
           112.0400     -7.6700      -35.094881217909
           112.0500     -7.6700      -35.758717245758
           112.0600     -7.6700      -36.026788135387
           112.0700     -7.6700      -35.926081224967
           112.0800     -7.6700      -35.497237458600
           112.0900     -7.6700      -34.790747597408
           112.1000     -7.6700      -33.862435806300
           112.1100     -7.6700      -32.768579478141
           112.1200     -7.6700      -31.561050800258
           112.1300     -7.6700      -30.282872721250
           112.1400     -7.6700      -28.964558069272
           112.1500     -7.6700      -27.621546477801
           112.1600     -7.6700      -26.252972829800
           112.1700     -7.6700      -24.841898763350
           112.1800     -7.6700      -23.357022935461
           112.1900     -7.6700      -21.755765130621
           112.2000     -7.6700      -19.988503533878
           112.2100     -7.6700      -18.003643103007
           112.2200     -7.6700      -15.753114657073
           112.2300     -7.6700      -13.197856144058
           112.2400     -7.6700      -10.312814427621
           112.2500     -7.6700       -7.091030013530
           112.2600     -7.6700       -3.546427629105
           112.2700     -7.6700        0.284971309200
           112.2800     -7.6700        4.345579112736
           112.2900     -7.6700        8.558543515018
           112.3000     -7.6700       12.831706019852
           112.3100     -7.6700       17.062964031245
           112.3200     -7.6700       21.146661766260
           112.3300     -7.6700       24.980539318467
           112.3400     -7.6700       28.472708617842
           112.3500     -7.6700       31.548105340394
           112.3600     -7.6700       34.153889823694
           112.3700     -7.6700       36.263337047787
           112.3800     -7.6700       37.877861555534
           112.3900     -7.6700       39.026960379932
           112.4000     -7.6700       39.766015464638
           112.4100     -7.6700       40.172064588801
           112.4200     -7.6700       40.337813287326
           112.4300     -7.6700       40.364306548472
           112.4400     -7.6700       40.352796094472
           112.4500     -7.6700       40.396416793547
           112.4600     -7.6700       40.572317111913
           112.4700     -7.6700       40.934869935139
           112.4800     -7.6700       41.510521912971
           112.4900     -7.6700       42.294726003146
           112.5000     -7.6700       43.251251080475
           112.5100     -7.6700       44.313985419860
           112.5200     -7.6700       45.391160918734
           112.5300     -7.6700       46.371736711791
           112.5400     -7.6700       47.133509077042
           112.5500     -7.6700       47.552372908350
           112.5600     -7.6700       47.512060051370
           112.5700     -7.6700       46.913629884597
           112.5800     -7.6700       45.683992289553
           112.5900     -7.6700       43.782802993650
           112.6000     -7.6700       41.207182292477
           112.6100     -7.6700       37.993862439367
           112.6200     -7.6700       34.218555155978
           112.6300     -7.6700       29.992534811097
           112.6400     -7.6700       25.456639369906
           112.6500     -7.6700       20.773084459719
           112.6600     -7.6700       16.115650985236
           112.6700     -7.6700       11.658930904968
           112.6800     -7.6700        7.567389399843
           112.6900     -7.6700        3.985018939737
           112.7000     -7.6700        1.026320225744
           112.7100     -7.6700       -1.230750353998
           112.7200     -7.6700       -2.749370060034
           112.7300     -7.6700       -3.535658914935
           112.7400     -7.6700       -3.637594328489
           112.7500     -7.6700       -3.141127378772
           112.7600     -7.6700       -2.163799028074
           112.7700     -7.6700       -0.846333187919
           112.7800     -7.6700        0.657174648988
           112.7900     -7.6700        2.189759933238
           112.8000     -7.6700        3.602028853085
           112.8100     -7.6700        4.761797353786
           112.8200     -7.6700        5.562261773483
           112.8300     -7.6700        5.928152489850
           112.8400     -7.6700        5.819479854470
           112.8500     -7.6700        5.232665908333
           112.8600     -7.6700        4.199051530575
           112.8700     -7.6700        2.780961683943
           112.8800     -7.6700        1.065686685991
           112.8900     -7.6700       -0.842118020637
           112.9000     -7.6700       -2.829007665901
           112.9100     -7.6700       -4.781638196635
           112.9200     -7.6700       -6.595305052347
           112.9300     -7.6700       -8.181511249237
           112.9400     -7.6700       -9.474036936224
           112.9500     -7.6700      -10.433111458605
           112.9600     -7.6700      -11.047444211045
           112.9700     -7.6700      -11.334039495451
           112.9800     -7.6700      -11.335889802970
           112.9900     -7.6700      -11.117798342974
           113.0000     -7.6700      -10.760713551687
           112.0000     -7.6800      -27.121804303015
           112.0100     -7.6800      -29.096114653362
           112.0200     -7.6800      -30.742225536549
           112.0300     -7.6800      -32.026728244161
           112.0400     -7.6800      -32.932903799858
           112.0500     -7.6800      -33.461222412666
           112.0600     -7.6800      -33.628578658298
           112.0700     -7.6800      -33.466301788698
           112.0800     -7.6800      -33.017076789736
           112.0900     -7.6800      -32.331000613993
           112.1000     -7.6800      -31.461072114168
           112.1100     -7.6800      -30.458467160469
           112.1200     -7.6800      -29.367977232798
           112.1300     -7.6800      -28.223987319264
           112.1400     -7.6800      -27.047336338511
           112.1500     -7.6800      -25.843342042516
           112.1600     -7.6800      -24.601186330076
           112.1700     -7.6800      -23.294752144197
           112.1800     -7.6800      -21.884887422361
           112.1900     -7.6800      -20.322953881301
           112.2000     -7.6800      -18.555408206430
           112.2100     -7.6800      -16.529069679200
           112.2200     -7.6800      -14.196659590404
           112.2300     -7.6800      -11.522160402269
           112.2400     -7.6800       -8.485540668378
           112.2500     -7.6800       -5.086426590617
           112.2600     -7.6800       -1.346371232428
           112.2700     -7.6800        2.690526658129
           112.2800     -7.6800        6.958777663548
           112.2900     -7.6800       11.374415025763
           112.3000     -7.6800       15.839508180760
           112.3100     -7.6800       20.247983601745
           112.3200     -7.6800       24.492344198673
           112.3300     -7.6800       28.470791559048
           112.3400     -7.6800       32.094205177036
           112.3500     -7.6800       35.292424706058
           112.3600     -7.6800       38.019317153657
           112.3700     -7.6800       40.256189300820
           112.3800     -7.6800       42.013221495806
           112.3900     -7.6800       43.328744216774
           112.4000     -7.6800       44.266342708081
           112.4100     -7.6800       44.909945075502
           112.4200     -7.6800       45.357212151867
           112.4300     -7.6800       45.711690115525
           112.4400     -7.6800       46.074297436693
           112.4500     -7.6800       46.534786673760
           112.4600     -7.6800       47.163842447964
           112.4700     -7.6800       48.006446753992
           112.4800     -7.6800       49.077062743641
           112.4900     -7.6800       50.357063333474
           112.5000     -7.6800       51.794670151277
           112.5100     -7.6800       53.307483176463
           112.5200     -7.6800       54.787485810953
           112.5300     -7.6800       56.108218983106
           112.5400     -7.6800       57.133646100406
           112.5500     -7.6800       57.728091834042
           112.5600     -7.6800       57.766543103391
           112.5700     -7.6800       57.144558229744
           112.5800     -7.6800       55.787044110516
           112.5900     -7.6800       53.655231187326
           112.6000     -7.6800       50.751297368171
           112.6100     -7.6800       47.120256314317
           112.6200     -7.6800       42.848920621410
           112.6300     -7.6800       38.061961927116
           112.6400     -7.6800       32.915301998443
           112.6500     -7.6800       27.587265366856
           112.6600     -7.6800       22.268090152719
           112.6700     -7.6800       17.148516667696
           112.6800     -7.6800       12.408243766715
           112.6900     -7.6800        8.205055289055
           112.7000     -7.6800        4.665372249421
           112.7100     -7.6800        1.876884186610
           112.7200     -7.6800       -0.116237041736
           112.7300     -7.6800       -1.315224369928
           112.7400     -7.6800       -1.765595954843
           112.7500     -7.6800       -1.553137072747
           112.7600     -7.6800       -0.797297844784
           112.7700     -7.6800        0.357497509917
           112.7800     -7.6800        1.751991098363
           112.7900     -7.6800        3.222948141962
           112.8000     -7.6800        4.613957417335
           112.8100     -7.6800        5.785420631174
           112.8200     -7.6800        6.623049265514
           112.8300     -7.6800        7.044309628343
           112.8400     -7.6800        7.002418019438
           112.8500     -7.6800        6.487675276785
           112.8600     -7.6800        5.526128912151
           112.8700     -7.6800        4.175746345344
           112.8800     -7.6800        2.520459732467
           112.8900     -7.6800        0.662588568946
           112.9000     -7.6800       -1.285749681948
           112.9100     -7.6800       -3.211575122551
           112.9200     -7.6800       -5.009657248835
           112.9300     -7.6800       -6.590179610758
           112.9400     -7.6800       -7.884925783056
           112.9500     -7.6800       -8.851584274591
           112.9600     -7.6800       -9.475925369188
           112.9700     -7.6800       -9.771771739364
           112.9800     -7.6800       -9.778853586245
           112.9900     -7.6800       -9.558795003061
           113.0000     -7.6800       -9.189609615595
           112.0000     -7.6900      -25.634538308711
           112.0100     -7.6900      -27.406033023318
           112.0200     -7.6900      -28.850522424861
           112.0300     -7.6900      -29.945380257231
           112.0400     -7.6900      -30.683781799542
           112.0500     -7.6900      -31.074643687305
           112.0600     -7.6900      -31.141378624545
           112.0700     -7.6900      -30.919535531063
           112.0800     -7.6900      -30.453485512590
           112.0900     -7.6900      -29.792394645370
           112.1000     -7.6900      -28.985789143948
           112.1100     -7.6900      -28.079061216910
           112.1200     -7.6900      -27.109280485706
           112.1300     -7.6900      -26.101663835530
           112.1400     -7.6900      -25.067015772163
           112.1500     -7.6900      -24.000383878499
           112.1600     -7.6900      -22.881084151972
           112.1700     -7.6900      -21.674145204447
           112.1800     -7.6900      -20.333106425340
           112.1900     -7.6900      -18.803992133558
           112.2000     -7.6900      -17.030180657207
           112.2100     -7.6900      -14.957802922083
           112.2200     -7.6900      -12.541247066495
           112.2300     -7.6900       -9.748319557102
           112.2400     -7.6900       -6.564622606014
           112.2500     -7.6900       -2.996752986974
           112.2600     -7.6900        0.925993673583
           112.2700     -7.6900        5.151621505632
           112.2800     -7.6900        9.607215771232
           112.2900     -7.6900       14.202446990013
           112.3000     -7.6900       18.834597388266
           112.3100     -7.6900       23.394779582398
           112.3200     -7.6900       27.774909289185
           112.3300     -7.6900       31.874916712484
           112.3400     -7.6900       35.609642345580
           112.3500     -7.6900       38.914866674948
           112.3600     -7.6900       41.751970822230
           112.3700     -7.6900       44.110814192778
           112.3800     -7.6900       46.010539998375
           112.3900     -7.6900       47.498171346750
           112.4000     -7.6900       48.645028283939
           112.4100     -7.6900       49.541166991272
           112.4200     -7.6900       50.288202917594
           112.4300     -7.6900       50.991017047422
           112.4400     -7.6900       51.748947324260
           112.4500     -7.6900       52.647126448803
           112.4600     -7.6900       53.748637040249
           112.4700     -7.6900       55.088113409964
           112.4800     -7.6900       56.667327863725
           112.4900     -7.6900       58.453164360058
           112.5000     -7.6900       60.378212894089
           112.5100     -7.6900       62.344026415814
           112.5200     -7.6900       64.226882668631
           112.5300     -7.6900       65.885701179338
           112.5400     -7.6900       67.171595597934
           112.5500     -7.6900       67.938407082542
           112.5600     -7.6900       68.053476344640
           112.5700     -7.6900       67.407877803189
           112.5800     -7.6900       65.925362500395
           112.5900     -7.6900       63.569336108724
           112.6000     -7.6900       60.347329272599
           112.6100     -7.6900       56.312590462857
           112.6200     -7.6900       51.562633954617
           112.6300     -7.6900       46.234792579028
           112.6400     -7.6900       40.499040419127
           112.6500     -7.6900       34.548548491736
           112.6600     -7.6900       28.588601797002
           112.6700     -7.6900       22.824626436034
           112.6800     -7.6900       17.450141674251
           112.6900     -7.6900       12.635458820125
           112.7000     -7.6900        8.517896025717
           112.7100     -7.6900        5.194169546222
           112.7200     -7.6900        2.715465784760
           112.7300     -7.6900        1.085506340711
           112.7400     -7.6900        0.261704690920
           112.7500     -7.6900        0.159294032041
           112.7600     -7.6900        0.658097489593
           112.7700     -7.6900        1.611429712984
           112.7800     -7.6900        2.856476079815
           112.7900     -7.6900        4.225402475098
           112.8000     -7.6900        5.556411182433
           112.8100     -7.6900        6.703978814000
           112.8200     -7.6900        7.547587996948
           112.8300     -7.6900        7.998389142172
           112.8400     -7.6900        8.003391860691
           112.8500     -7.6900        7.546974510128
           112.8600     -7.6900        6.649700273221
           112.8700     -7.6900        5.364623854851
           112.8800     -7.6900        3.771449725420
           112.8900     -7.6900        1.969047976273
           112.9000     -7.6900        0.066937139736
           112.9100     -7.6900       -1.823601939682
           112.9200     -7.6900       -3.598113723496
           112.9300     -7.6900       -5.166636398803
           112.9400     -7.6900       -6.459922272261
           112.9500     -7.6900       -7.433809861628
           112.9600     -7.6900       -8.071501639553
           112.9700     -7.6900       -8.383668619469
           112.9800     -7.6900       -8.406469905176
           112.9900     -7.6900       -8.197729086854
           113.0000     -7.6900       -7.831638534603
           112.0000     -7.7000      -24.062915944136
           112.0100     -7.7000      -25.634364707182
           112.0200     -7.7000      -26.879260868786
           112.0300     -7.7000      -27.786492281587
           112.0400     -7.7000      -28.359628300489
           112.0500     -7.7000      -28.616282886620
           112.0600     -7.7000      -28.586393914809
           112.0700     -7.7000      -28.309519218242
           112.0800     -7.7000      -27.831331794474
           112.0900     -7.7000      -27.199567638050
           112.1000     -7.7000      -26.459733678782
           112.1100     -7.7000      -25.650915171536
           112.1200     -7.7000      -24.802028012263
           112.1300     -7.7000      -23.928840156228
           112.1400     -7.7000      -23.032038032392
           112.1500     -7.7000      -22.096541230868
           112.1600     -7.7000      -21.092176531722
           112.1700     -7.7000      -19.975717093688
           112.1800     -7.7000      -18.694182238917
           112.1900     -7.7000      -17.189186436354
           112.2000     -7.7000      -15.402031583519
           112.2100     -7.7000      -13.279162682761
           112.2200     -7.7000      -10.777560365552
           112.2300     -7.7000       -7.869629375932
           112.2400     -7.7000       -4.547162614505
           112.2500     -7.7000       -0.824015486055
           112.2600     -7.7000        3.262787902838
           112.2700     -7.7000        7.653682354206
           112.2800     -7.7000       12.268957860187
           112.2900     -7.7000       17.012820382449
           112.3000     -7.7000       21.778876479026
           112.3100     -7.7000       26.456678215039
           112.3200     -7.7000       30.938865775753
           112.3300     -7.7000       35.128378872896
           112.3400     -7.7000       38.945180898167
           112.3500     -7.7000       42.331955431331
           112.3600     -7.7000       45.258293469405
           112.3700     -7.7000       47.722988503392
           112.3800     -7.7000       49.754188944408
           112.3900     -7.7000       51.407314132889
           112.4000     -7.7000       52.760809770663
           112.4100     -7.7000       53.909988239196
           112.4200     -7.7000       54.959355658407
           112.4300     -7.7000       56.013958097094
           112.4400     -7.7000       57.170373129699
           112.4500     -7.7000       58.508021579177
           112.4600     -7.7000       60.081472725845
           112.4700     -7.7000       61.914363211512
           112.4800     -7.7000       63.995448013929
           112.4900     -7.7000       66.277157749222
           112.5000     -7.7000       68.676860147201
           112.5100     -7.7000       71.080827524398
           112.5200     -7.7000       73.350710926515
           112.5300     -7.7000       75.332130491609
           112.5400     -7.7000       76.864825190010
           112.5500     -7.7000       77.793676494329
           112.5600     -7.7000       77.979840127551
           112.5700     -7.7000       77.311194723091
           112.5800     -7.7000       75.711348808335
           112.5900     -7.7000       73.146536428421
           112.6000     -7.7000       69.629871097951
           112.6100     -7.7000       65.222607848233
           112.6200     -7.7000       60.032270985183
           112.6300     -7.7000       54.207725627242
           112.6400     -7.7000       47.931487918226
           112.6500     -7.7000       41.409765933147
           112.6600     -7.7000       34.860886036264
           112.6700     -7.7000       28.502875652261
           112.6800     -7.7000       22.541034377453
           112.6900     -7.7000       17.156326524973
           112.7000     -7.7000       12.495369489157
           112.7100     -7.7000        8.662678145860
           112.7200     -7.7000        5.715664443693
           112.7300     -7.7000        3.662695440502
           112.7400     -7.7000        2.464296910983
           112.7500     -7.7000        2.037369336321
           112.7600     -7.7000        2.262074825032
           112.7700     -7.7000        2.990872503208
           112.7800     -7.7000        4.059039155715
           112.7900     -7.7000        5.295921233559
           112.8000     -7.7000        6.536129716335
           112.8100     -7.7000        7.629912384593
           112.8200     -7.7000        8.452016096989
           112.8300     -7.7000        8.908477860695
           112.8400     -7.7000        8.940947490862
           112.8500     -7.7000        8.528333466318
           112.8600     -7.7000        7.685762570553
           112.8700     -7.7000        6.461037956549
           112.8800     -7.7000        4.928954994300
           112.8900     -7.7000        3.183977056347
           112.9000     -7.7000        1.331874415105
           112.9100     -7.7000       -0.519017745043
           112.9200     -7.7000       -2.266264106560
           112.9300     -7.7000       -3.820905921624
           112.9400     -7.7000       -5.113630139950
           112.9500     -7.7000       -6.099138536311
           112.9600     -7.7000       -6.758476247884
           112.9700     -7.7000       -7.099243204953
           112.9800     -7.7000       -7.153775176413
           112.9900     -7.7000       -6.975530979472
           113.0000     -7.7000       -6.634047725142
           112.0000     -7.7100      -22.386817048216
           112.0100     -7.7100      -23.768613151859
           112.0200     -7.7100      -24.823308116573
           112.0300     -7.7100      -25.551747492420
           112.0400     -7.7100      -25.968134852543
           112.0500     -7.7100      -26.098814030143
           112.0600     -7.7100      -25.980088973107
           112.0700     -7.7100      -25.655209958567
           112.0800     -7.7100      -25.170727415392
           112.0900     -7.7100      -24.572474898201
           112.1000     -7.7100      -23.901485363527
           112.1100     -7.7100      -23.190165457633
           112.1200     -7.7100      -22.459048214380
           112.1300     -7.7100      -21.714414414428
           112.1400     -7.7100      -20.947017944478
           112.1500     -7.7100      -20.132073947542
           112.1600     -7.7100      -19.230575416844
           112.1700     -7.7100      -18.191900802840
           112.1800     -7.7100      -16.957569962471
           112.1900     -7.7100      -15.465906732475
           112.2000     -7.7100      -13.657281814270
           112.2100     -7.7100      -11.479547008227
           112.2200     -7.7100       -8.893237206330
           112.2300     -7.7100       -5.876114043975
           112.2400     -7.7100       -2.426656423996
           112.2500     -7.7100        1.433832689013
           112.2600     -7.7100        5.660740382208
           112.2700     -7.7100       10.187399475489
           112.2800     -7.7100       14.928075079041
           112.2900     -7.7100       19.782534956327
           112.3000     -7.7100       24.641925826412
           112.3100     -7.7100       29.395563133215
           112.3200     -7.7100       33.938153131834
           112.3300     -7.7100       38.176911453654
           112.3400     -7.7100       42.038027284550
           112.3500     -7.7100       45.471949664936
           112.3600     -7.7100       48.457041683272
           112.3700     -7.7100       51.001255643762
           112.3800     -7.7100       53.141620666245
           112.3900     -7.7100       54.941493956616
           112.4000     -7.7100       56.485696497014
           112.4100     -7.7100       57.873820326469
           112.4200     -7.7100       59.212144924929
           112.4300     -7.7100       60.604722335946
           112.4400     -7.7100       62.144274254137
           112.4500     -7.7100       63.903581741392
           112.4600     -7.7100       65.928035259488
           112.4700     -7.7100       68.229948836460
           112.4800     -7.7100       70.785130854003
           112.4900     -7.7100       73.532052328420
           112.5000     -7.7100       76.373772102558
           112.5100     -7.7100       79.182580046334
           112.5200     -7.7100       81.807118732997
           112.5300     -7.7100       84.081556155773
           112.5400     -7.7100       85.836221246364
           112.5500     -7.7100       86.908992835800
           112.5600     -7.7100       87.156661056788
           112.5700     -7.7100       86.465464238044
           112.5800     -7.7100       84.760046186234
           112.5900     -7.7100       82.010176161096
           112.6000     -7.7100       78.234720382618
           112.6100     -7.7100       73.502539356219
           112.6200     -7.7100       67.930196426190
           112.6300     -7.7100       61.676584487755
           112.6400     -7.7100       54.934793526048
           112.6500     -7.7100       47.921735755563
           112.6600     -7.7100       40.866203291869
           112.6700     -7.7100       33.996143812099
           112.6800     -7.7100       27.525994390641
           112.6900     -7.7100       21.644908619516
           112.7000     -7.7100       16.506647683983
           112.7100     -7.7100       12.221787127647
           112.7200     -7.7100        8.852726515747
           112.7300     -7.7100        6.411791353064
           112.7400     -7.7100        4.862500108283
           112.7500     -7.7100        4.123849998311
           112.7600     -7.7100        4.077269318497
           112.7700     -7.7100        4.575706440850
           112.7800     -7.7100        5.454188745087
           112.7900     -7.7100        6.541098094438
           112.8000     -7.7100        7.669378534473
           112.8100     -7.7100        8.686917940067
           112.8200     -7.7100        9.465425332519
           112.8300     -7.7100        9.907252509730
           112.8400     -7.7100        9.949772055836
           112.8500     -7.7100        9.567110762257
           112.8600     -7.7100        8.769233540014
           112.8700     -7.7100        7.598563212578
           112.8800     -7.7100        6.124492116283
           112.8900     -7.7100        4.436280018604
           112.9000     -7.7100        2.634930061163
           112.9100     -7.7100        0.824684226593
           112.9200     -7.7100       -0.895220003224
           112.9300     -7.7100       -2.437937932218
           112.9400     -7.7100       -3.735047490175
           112.9500     -7.7100       -4.740841968461
           112.9600     -7.7100       -5.434655169162
           112.9700     -7.7100       -5.821147845942
           112.9800     -7.7100       -5.928642141697
           112.9900     -7.7100       -5.805734870667
           113.0000     -7.7100       -5.516540311239
           112.0000     -7.7200      -20.586458329358
           112.0100     -7.7200      -21.795394022259
           112.0200     -7.7200      -22.675627531338
           112.0300     -7.7200      -23.240100567562
           112.0400     -7.7200      -23.513614328576
           112.0500     -7.7200      -23.531040335023
           112.0600     -7.7200      -23.334708052397
           112.0700     -7.7200      -22.971123849170
           112.0800     -7.7200      -22.487237700064
           112.0900     -7.7200      -21.926522608461
           112.1000     -7.7200      -21.325162293454
           112.1100     -7.7200      -20.708651717894
           112.1200     -7.7200      -20.089100493390
           112.1300     -7.7200      -19.463490833745
           112.1400     -7.7200      -18.813081193898
           112.1500     -7.7200      -18.104067567364
           112.1600     -7.7200      -17.289521870399
           112.1700     -7.7200      -16.312527542522
           112.1800     -7.7200      -15.110333984087
           112.1900     -7.7200      -13.619261627511
           112.2000     -7.7200      -11.780015923747
           112.2100     -7.7200       -9.543018038428
           112.2200     -7.7200       -6.873337813311
           112.2300     -7.7200       -3.754823780573
           112.2400     -7.7200       -0.193066584047
           112.2500     -7.7200        3.783095618535
           112.2600     -7.7200        8.121722535815
           112.2700     -7.7200       12.749642085707
           112.2800     -7.7200       17.575989788935
           112.2900     -7.7200       22.497229412585
           112.3000     -7.7200       27.403343668113
           112.3100     -7.7200       32.184778935491
           112.3200     -7.7200       36.739650747183
           112.3300     -7.7200       40.980674355337
           112.3400     -7.7200       44.841281908042
           112.3500     -7.7200       48.280426436062
           112.3600     -7.7200       51.285651676871
           112.3700     -7.7200       53.874121217098
           112.3800     -7.7200       56.091443040786
           112.3900     -7.7200       58.008286382001
           112.4000     -7.7200       59.714955077593
           112.4100     -7.7200       61.314242771460
           112.4200     -7.7200       62.913037759420
           112.4300     -7.7200       64.613257446093
           112.4400     -7.7200       66.502764745778
           112.4500     -7.7200       68.646944506841
           112.4600     -7.7200       71.081593764664
           112.4700     -7.7200       73.807705661345
           112.4800     -7.7200       76.788607352182
           112.4900     -7.7200       79.949754876476
           112.5000     -7.7200       83.181303605930
           112.5100     -7.7200       86.343374613420
           112.5200     -7.7200       89.273739597897
           112.5300     -7.7200       91.797464597808
           112.5400     -7.7200       93.737899511651
           112.5500     -7.7200       94.928288372608
           112.5600     -7.7200       95.223213467307
           112.5700     -7.7200       94.509080200634
           112.5800     -7.7200       92.712900455280
           112.5900     -7.7200       89.808737194779
           112.6000     -7.7200       85.821325249136
           112.6100     -7.7200       80.826572040790
           112.6200     -7.7200       74.948854059745
           112.6300     -7.7200       68.355244939825
           112.6400     -7.7200       61.247023078142
           112.6500     -7.7200       53.848995427230
           112.6600     -7.7200       46.397325590732
           112.6700     -7.7200       39.126657596871
           112.6800     -7.7200       32.257374192621
           112.6900     -7.7200       25.983816803678
           112.7000     -7.7200       20.464224430334
           112.7100     -7.7200       15.813025986545
           112.7200     -7.7200       12.095954118517
           112.7300     -7.7200        9.328250721425
           112.7400     -7.7200        7.476019804363
           112.7500     -7.7200        6.460567747031
           112.7600     -7.7200        6.165369983514
           112.7700     -7.7200        6.445131117231
           112.7800     -7.7200        7.136274463865
           112.7900     -7.7200        8.068115866273
           112.8000     -7.7200        9.073950313046
           112.8100     -7.7200       10.001309237379
           112.8200     -7.7200       10.720728023969
           112.8300     -7.7200       11.132490012195
           112.8400     -7.7200       11.170974727398
           112.8500     -7.7200       10.806421397942
           112.8600     -7.7200       10.044109874716
           112.8700     -7.7200        8.921145475291
           112.8800     -7.7200        7.501198513616
           112.8900     -7.7200        5.867681725696
           112.9000     -7.7200        4.115940582426
           112.9100     -7.7200        2.345077071909
           112.9200     -7.7200        0.650025113890
           112.9300     -7.7200       -0.885552743669
           112.9400     -7.7200       -2.195066897197
           112.9500     -7.7200       -3.233141606219
           112.9600     -7.7200       -3.977879602029
           112.9700     -7.7200       -4.431187839336
           112.9800     -7.7200       -4.617252558896
           112.9900     -7.7200       -4.579388555398
           113.0000     -7.7200       -4.375600228390
           112.0000     -7.7300      -18.644752331860
           112.0100     -7.7300      -19.702479522334
           112.0200     -7.7300      -20.429012642953
           112.0300     -7.7300      -20.849216612736
           112.0400     -7.7300      -20.998169546767
           112.0500     -7.7300      -20.918825535434
           112.0600     -7.7300      -20.659008559216
           112.0700     -7.7300      -20.267914902235
           112.0800     -7.7300      -19.792351563764
           112.0900     -7.7300      -19.272974229425
           112.1000     -7.7300      -18.740806495567
           112.1100     -7.7300      -18.214319545630
           112.1200     -7.7300      -17.697327125124
           112.1300     -7.7300      -17.177904889280
           112.1400     -7.7300      -16.628478188420
           112.1500     -7.7300      -16.007141979953
           112.1600     -7.7300      -15.260186163666
           112.1700     -7.7300      -14.325705720038
           112.1800     -7.7300      -13.138084766583
           112.1900     -7.7300      -11.633064356353
           112.2000     -7.7300       -9.753042408055
           112.2100     -7.7300       -7.452216439524
           112.2200     -7.7300       -4.701170083382
           112.2300     -7.7300       -1.490525016169
           112.2400     -7.7300        2.166669030588
           112.2500     -7.7300        6.234054454770
           112.2600     -7.7300       10.652742078070
           112.2700     -7.7300       15.343770585119
           112.2800     -7.7300       20.212149179734
           112.2900     -7.7300       25.152257969259
           112.3000     -7.7300       30.054266254250
           112.3100     -7.7300       34.811135198107
           112.3200     -7.7300       39.325706495202
           112.3300     -7.7300       43.517348970090
           112.3400     -7.7300       47.327644376295
           112.3500     -7.7300       50.724642993121
           112.3600     -7.7300       53.705306843434
           112.3700     -7.7300       56.295878346996
           112.3800     -7.7300       58.550057114254
           112.3900     -7.7300       60.545027279747
           112.4000     -7.7300       62.375540660438
           112.4100     -7.7300       64.146414825963
           112.4200     -7.7300       65.963937878204
           112.4300     -7.7300       67.926772561270
           112.4400     -7.7300       70.117012551544
           112.4500     -7.7300       72.592057527431
           112.4600     -7.7300       75.377938368682
           112.4700     -7.7300       78.464640715854
           112.4800     -7.7300       81.803848925197
           112.4900     -7.7300       85.309371366269
           112.5000     -7.7300       88.860323057897
           112.5100     -7.7300       92.306945920584
           112.5200     -7.7300       95.478754651907
           112.5300     -7.7300       98.194521671015
           112.5400     -7.7300      100.273470962788
           112.5500     -7.7300      101.546949157759
           112.5600     -7.7300      101.869791046019
           112.5700     -7.7300      101.130600563691
           112.5800     -7.7300       99.260227714663
           112.5900     -7.7300       96.237833385785
           112.6000     -7.7300       92.094090165413
           112.6100     -7.7300       86.911257280769
           112.6200     -7.7300       80.820078220128
           112.6300     -7.7300       73.993665473466
           112.6400     -7.7300       66.638742580950
           112.6500     -7.7300       58.984794456603
           112.6600     -7.7300       51.271819671730
           112.6700     -7.7300       43.737472725492
           112.6800     -7.7300       36.604423534394
           112.6900     -7.7300       30.068742731808
           112.7000     -7.7300       24.290046434206
           112.7100     -7.7300       19.384008585165
           112.7200     -7.7300       15.417682205582
           112.7300     -7.7300       12.407875201593
           112.7400     -7.7300       10.322616178752
           112.7500     -7.7300        9.085536279508
           112.7600     -7.7300        8.582799471164
           112.7700     -7.7300        8.672049673418
           112.7800     -7.7300        9.192719962782
           112.7900     -7.7300        9.976974959055
           112.8000     -7.7300       10.860536750492
           112.8100     -7.7300       11.692677671327
           112.8200     -7.7300       12.344746230022
           112.8300     -7.7300       12.716718171387
           112.8400     -7.7300       12.741422689541
           112.8500     -7.7300       12.386271665252
           112.8600     -7.7300       11.652503782368
           112.8700     -7.7300       10.572131686178
           112.8800     -7.7300        9.202936146013
           112.8900     -7.7300        7.621975562760
           112.9000     -7.7300        5.918163922321
           112.9100     -7.7300        4.184510516437
           112.9200     -7.7300        2.510609076465
           112.9300     -7.7300        0.975914604746
           112.9400     -7.7300       -0.355741357500
           112.9500     -7.7300       -1.440063760312
           112.9600     -7.7300       -2.254439229665
           112.9700     -7.7300       -2.798262607999
           112.9800     -7.7300       -3.091535988807
           112.9900     -7.7300       -3.171959005214
           113.0000     -7.7300       -3.090833099012
           112.0000     -7.7400      -16.549264463167
           112.0100     -7.7400      -17.480561088814
           112.0200     -7.7400      -18.077645387028
           112.0300     -7.7400      -18.376825774951
           112.0400     -7.7400      -18.422855192747
           112.0500     -7.7400      -18.266082863405
           112.0600     -7.7400      -17.959104001717
           112.0700     -7.7400      -17.553104096831
           112.0800     -7.7400      -17.094131934213
           112.0900     -7.7400      -16.619558532640
           112.1000     -7.7400      -16.154984687869
           112.1100     -7.7400      -15.711846017296
           112.1200     -7.7400      -15.285930852221
           112.1300     -7.7400      -14.856974117869
           112.1400     -7.7400      -14.389422125610
           112.1500     -7.7400      -13.834383087084
           112.1600     -7.7400      -13.132691492584
           112.1700     -7.7400      -12.218927514657
           112.1800     -7.7400      -11.026151993950
           112.1900     -7.7400       -9.491049973095
           112.2000     -7.7400       -7.559127210176
           112.2100     -7.7400       -5.189579555333
           112.2200     -7.7400       -2.359457863878
           112.2300     -7.7400        0.933217344193
           112.2400     -7.7400        4.667677745045
           112.2500     -7.7400        8.800167343087
           112.2600     -7.7400       13.265338231705
           112.2700     -7.7400       17.979262015198
           112.2800     -7.7400       22.843914992332
           112.2900     -7.7400       27.752877777174
           112.3000     -7.7400       32.597886341425
           112.3100     -7.7400       37.275790118692
           112.3200     -7.7400       41.695421111728
           112.3300     -7.7400       45.783861232323
           112.3400     -7.7400       49.491616264632
           112.3500     -7.7400       52.796263966812
           112.3600     -7.7400       55.704238084353
           112.3700     -7.7400       58.250533792911
           112.3800     -7.7400       60.496265177180
           112.3900     -7.7400       62.524161686444
           112.4000     -7.7400       64.432246739610
           112.4100     -7.7400       66.326086020516
           112.4200     -7.7400       68.310114224455
           112.4300     -7.7400       70.478637170968
           112.4400     -7.7400       72.907153540960
           112.4500     -7.7400       75.644642120002
           112.4600     -7.7400       78.707414725176
           112.4700     -7.7400       82.075043869241
           112.4800     -7.7400       85.688743052453
           112.4900     -7.7400       89.452414900499
           112.5000     -7.7400       93.236399300473
           112.5100     -7.7400       96.883763139097
           112.5200     -7.7400      100.218788993382
           112.5300     -7.7400      103.057155774015
           112.5400     -7.7400      105.217172290687
           112.5500     -7.7400      106.531335253849
           112.5600     -7.7400      106.857443639325
           112.5700     -7.7400      106.088515346008
           112.5800     -7.7400      104.160819499888
           112.5900     -7.7400      101.059454489457
           112.6000     -7.7400       96.821060070446
           112.6100     -7.7400       91.533440730695
           112.6200     -7.7400       85.332083692673
           112.6300     -7.7400       78.393763813729
           112.6400     -7.7400       70.927624299017
           112.6500     -7.7400       63.164292471957
           112.6600     -7.7400       55.343721639756
           112.6700     -7.7400       47.702533933019
           112.6800     -7.7400       40.461668982081
           112.6900     -7.7400       33.815117456570
           112.7000     -7.7400       27.920438962545
           112.7100     -7.7400       22.891636601499
           112.7200     -7.7400       18.794795131337
           112.7300     -7.7400       15.646698331541
           112.7400     -7.7400       13.416437848907
           112.7500     -7.7400       12.029825194785
           112.7600     -7.7400       11.376235002589
           112.7700     -7.7400       11.317354002738
           112.7800     -7.7400       11.697196895922
           112.7900     -7.7400       12.352684713738
           112.8000     -7.7400       13.124066999802
           112.8100     -7.7400       13.864506004679
           112.8200     -7.7400       14.448225058478
           112.8300     -7.7400       14.776746951079
           112.8400     -7.7400       14.782901319728
           112.8500     -7.7400       14.432450583793
           112.8600     -7.7400       13.723358771525
           112.8700     -7.7400       12.682893600984
           112.8800     -7.7400       11.362897406401
           112.8900     -7.7400        9.833676887532
           112.9000     -7.7400        8.177037816387
           112.9100     -7.7400        6.479024538500
           112.9200     -7.7400        4.822914526946
           112.9300     -7.7400        3.282967914615
           112.9400     -7.7400        1.919346425858
           112.9500     -7.7400        0.774503548820
           112.9600     -7.7400       -0.128781973096
           112.9700     -7.7400       -0.787693355572
           112.9800     -7.7400       -1.218079260706
           112.9900     -7.7400       -1.451786015625
           113.0000     -7.7400       -1.532924758951
           112.0000     -7.7500      -14.293611681233
           112.0100     -7.7500      -15.124583718303
           112.0200     -7.7500      -15.618342117172
           112.0300     -7.7500      -15.821867650420
           112.0400     -7.7500      -15.788717431791
           112.0500     -7.7500      -15.575715753474
           112.0600     -7.7500      -15.239319358849
           112.0700     -7.7500      -14.831868987171
           112.0800     -7.7500      -14.397963311587
           112.0900     -7.7500      -13.971201023872
           112.1000     -7.7500      -13.571529769347
           112.1100     -7.7500      -13.203415970323
           112.1200     -7.7500      -12.855007634692
           112.1300     -7.7500      -12.498404726849
           112.1400     -7.7500      -12.091081623083
           112.1500     -7.7500      -11.578427839651
           112.1600     -7.7500      -10.897291841799
           112.1700     -7.7500       -9.980334185805
           112.1800     -7.7500       -8.760926604793
           112.1900     -7.7500       -7.178278767789
           112.2000     -7.7500       -5.182439439694
           112.2100     -7.7500       -2.738807585322
           112.2200     -7.7500        0.168196041557
           112.2300     -7.7500        3.532604601765
           112.2400     -7.7500        7.325769099492
           112.2500     -7.7500       11.496763009980
           112.2600     -7.7500       15.974375428004
           112.2700     -7.7500       20.670626693150
           112.2800     -7.7500       25.485625445889
           112.2900     -7.7500       30.313478536688
           112.3000     -7.7500       35.048873640613
           112.3100     -7.7500       39.593886530468
           112.3200     -7.7500       43.864527018759
           112.3300     -7.7500       47.796533897652
           112.3400     -7.7500       51.349961682966
           112.3500     -7.7500       54.512169831738
           112.3600     -7.7500       57.298924855229
           112.3700     -7.7500       59.753451317667
           112.3800     -7.7500       61.943410808319
           112.3900     -7.7500       63.955938646985
           112.4000     -7.7500       65.891015410042
           112.4100     -7.7500       67.853583259352
           112.4200     -7.7500       69.944925110273
           112.4300     -7.7500       72.253898975116
           112.4400     -7.7500       74.848653679484
           112.4500     -7.7500       77.769441695150
           112.4600     -7.7500       81.023089380067
           112.4700     -7.7500       84.579587117942
           112.4800     -7.7500       88.371127593302
           112.4900     -7.7500       92.293758484612
           112.5000     -7.7500       96.211637255743
           112.5100     -7.7500       99.963693032343
           112.5200     -7.7500      103.372326919676
           112.5300     -7.7500      106.253630328892
           112.5400     -7.7500      108.428482360468
           112.5500     -7.7500      109.733811248624
           112.5600     -7.7500      110.033277544002
           112.5700     -7.7500      109.226660876184
           112.5800     -7.7500      107.257306835348
           112.5900     -7.7500      104.117111076662
           112.6000     -7.7500       99.848676111111
           112.6100     -7.7500       94.544461492060
           112.6200     -7.7500       88.342947276264
           112.6300     -7.7500       81.422029665858
           112.6400     -7.7500       73.990052496004
           112.6500     -7.7500       66.275035578359
           112.6600     -7.7500       58.512779668439
           112.6700     -7.7500       50.934599619061
           112.6800     -7.7500       43.755457161042
           112.6900     -7.7500       37.163231551773
           112.7000     -7.7500       31.309782752438
           112.7100     -7.7500       26.304334183163
           112.7200     -7.7500       22.209539965733
           112.7300     -7.7500       19.040416824200
           112.7400     -7.7500       16.766126920093
           112.7500     -7.7500       15.314408794298
           112.7600     -7.7500       14.578282666857
           112.7700     -7.7500       14.424515460050
           112.7800     -7.7500       14.703229501062
           112.7900     -7.7500       15.257983289495
           112.8000     -7.7500       15.935645836368
           112.8100     -7.7500       16.595427091666
           112.8200     -7.7500       17.116511547455
           112.8300     -7.7500       17.403862778904
           112.8400     -7.7500       17.391913521396
           112.8500     -7.7500       17.046017257610
           112.8600     -7.7500       16.361700834491
           112.8700     -7.7500       15.361911193079
           112.8800     -7.7500       14.092581864288
           112.8900     -7.7500       12.616947407769
           112.9000     -7.7500       11.009099995647
           112.9100     -7.7500        9.347308434499
           112.9200     -7.7500        7.707605835607
           112.9300     -7.7500        6.158100750154
           112.9400     -7.7500        4.754383526033
           112.9500     -7.7500        3.536292797396
           112.9600     -7.7500        2.526185805504
           112.9700     -7.7500        1.728730821452
           112.9800     -7.7500        1.132120347378
           112.9900     -7.7500        0.710499159740
           113.0000     -7.7500        0.427319169330
           112.0000     -7.7600      -11.878206142321
           112.0100     -7.7600      -12.634554465308
           112.0200     -7.7600      -13.051390820388
           112.0300     -7.7600      -13.185331041844
           112.0400     -7.7600      -13.097619704777
           112.0500     -7.7600      -12.850422119602
           112.0600     -7.7600      -12.502974128201
           112.0700     -7.7600      -12.107812276735
           112.0800     -7.7600      -11.707317519923
           112.0900     -7.7600      -11.330801763130
           112.1000     -7.7600      -10.992347199524
           112.1100     -7.7600      -10.689573499459
           112.1200     -7.7600      -10.403458541369
           112.1300     -7.7600      -10.099276786249
           112.1400     -7.7600       -9.728648945584
           112.1500     -7.7600       -9.232621579935
           112.1600     -7.7600       -8.545620701957
           112.1700     -7.7600       -7.600054731198
           112.1800     -7.7600       -6.331284641322
           112.1900     -7.7600       -4.682637813030
           112.2000     -7.7600       -2.610121078598
           112.2100     -7.7600       -0.086490615020
           112.2200     -7.7600        2.895636925170
           112.2300     -7.7600        6.321896751821
           112.2400     -7.7600       10.155703603009
           112.2500     -7.7600       14.339295830668
           112.2600     -7.7600       18.796293930334
           112.2700     -7.7600       23.435663056398
           112.2800     -7.7600       28.156862861266
           112.2900     -7.7600       32.855872034928
           112.3000     -7.7600       37.431696830855
           112.3100     -7.7600       41.792919339104
           112.3200     -7.7600       45.863817503203
           112.3300     -7.7600       49.589598093860
           112.3400     -7.7600       52.940326950183
           112.3500     -7.7600       55.913216177023
           112.3600     -7.7600       58.533031549712
           112.3700     -7.7600       60.850508734019
           112.3800     -7.7600       62.938805780929
           112.3900     -7.7600       64.888162048074
           112.4000     -7.7600       66.799069900188
           112.4100     -7.7600       68.774384998603
           112.4200     -7.7600       70.910894314447
           112.4300     -7.7600       73.290920405110
           112.4400     -7.7600       75.974560439604
           112.4500     -7.7600       78.993136147538
           112.4600     -7.7600       82.344366539323
           112.4700     -7.7600       85.989672256249
           112.4800     -7.7600       89.853885063931
           112.4900     -7.7600       93.827477166589
           112.5000     -7.7600       97.771253519221
           112.5100     -7.7600      101.523278176040
           112.5200     -7.7600      104.907645290509
           112.5300     -7.7600      107.744568440769
           112.5400     -7.7600      109.861158783369
           112.5500     -7.7600      111.102201154492
           112.5600     -7.7600      111.340222750309
           112.5700     -7.7600      110.484183200818
           112.5800     -7.7600      108.486195964558
           112.5900     -7.7600      105.345813843961
           112.6000     -7.7600      101.111567795280
           112.6100     -7.7600       95.879627319947
           112.6200     -7.7600       89.789640083706
           112.6300     -7.7600       83.017994707089
           112.6400     -7.7600       75.768920762101
           112.6500     -7.7600       68.263981888460
           112.6600     -7.7600       60.730621632337
           112.6700     -7.7600       53.390479903027
           112.6800     -7.7600       46.448206933032
           112.6900     -7.7600       40.081460991961
           112.7000     -7.7600       34.432689116786
           112.7100     -7.7600       29.603163385712
           112.7200     -7.7600       25.649588207013
           112.7300     -7.7600       22.583418241755
           112.7400     -7.7600       20.372844675750
           112.7500     -7.7600       18.947232604579
           112.7600     -7.7600       18.203636584864
           112.7700     -7.7600       18.014895601660
           112.7800     -7.7600       18.238721077507
           112.7900     -7.7600       18.727147400219
           112.8000     -7.7600       19.335715753495
           112.8100     -7.7600       19.931807375196
           112.8200     -7.7600       20.401627099644
           112.8300     -7.7600       20.655454721451
           112.8400     -7.7600       20.630920742447
           112.8500     -7.7600       20.294213442915
           112.8600     -7.7600       19.639274461996
           112.8700     -7.7600       18.685179077513
           112.8800     -7.7600       17.472015273420
           112.8900     -7.7600       16.055664560147
           112.9000     -7.7600       14.501941965281
           112.9100     -7.7600       12.880570082301
           112.9200     -7.7600       11.259442948773
           112.9300     -7.7600        9.699583036767
           112.9400     -7.7600        8.251114457945
           112.9500     -7.7600        6.950475220527
           112.9600     -7.7600        5.818979882789
           112.9700     -7.7600        4.862730580207
           112.9800     -7.7600        4.073768238363
           112.9900     -7.7600        3.432264903242
           113.0000     -7.7600        2.909488995389
           112.0000     -7.7700       -9.310315567952
           112.0100     -7.7700      -10.015786658998
           112.0200     -7.7700      -10.380933137346
           112.0300     -7.7700      -10.470736586880
           112.0400     -7.7700      -10.352797614880
           112.0500     -7.7700      -10.093301576311
           112.0600     -7.7700       -9.753029615069
           112.0700     -7.7700       -9.383643525956
           112.0800     -7.7700       -9.024469578090
           112.0900     -7.7700       -8.699989222793
           112.1000     -7.7700       -8.418213430227
           112.1100     -7.7700       -8.170073075315
           112.1200     -7.7700       -7.929902110006
           112.1300     -7.7700       -7.657025947299
           112.1400     -7.7700       -7.298398122726
           112.1500     -7.7700       -6.792158142665
           112.1600     -7.7700       -6.071917153887
           112.1700     -7.7700       -5.071520472491
           112.1800     -7.7700       -3.729991666705
           112.1900     -7.7700       -1.996335786610
           112.2000     -7.7700        0.166127465880
           112.2100     -7.7700        2.776214506181
           112.2200     -7.7700        5.832388643388
           112.2300     -7.7700        9.311547884705
           112.2400     -7.7700       13.169229383331
           112.2500     -7.7700       17.341278786871
           112.2600     -7.7700       21.746933137870
           112.2700     -7.7700       26.293164787830
           112.2800     -7.7700       30.880038188986
           112.2900     -7.7700       35.406748607922
           112.3000     -7.7700       39.777948411239
           112.3100     -7.7700       43.909928187910
           112.3200     -7.7700       47.736210631292
           112.3300     -7.7700       51.212136907346
           112.3400     -7.7700       54.318078093650
           112.3500     -7.7700       57.060985800053
           112.3600     -7.7700       59.474101663887
           112.3700     -7.7700       61.614768455142
           112.3800     -7.7700       63.560417858243
           112.3900     -7.7700       65.402942415637
           112.4000     -7.7700       67.241782040159
           112.4100     -7.7700       69.176159666080
           112.4200     -7.7700       71.296977778777
           112.4300     -7.7700       73.678931189066
           112.4400     -7.7700       76.373397182340
           112.4500     -7.7700       79.402630387409
           112.4600     -7.7700       82.755717530830
           112.4700     -7.7700       86.386640668207
           112.4800     -7.7700       90.214663142792
           112.4900     -7.7700       94.127099250417
           112.5000     -7.7700       97.984366835145
           112.5100     -7.7700      101.627063122011
           112.5200     -7.7700      104.884659385797
           112.5300     -7.7700      107.585290142914
           112.5400     -7.7700      109.566026433925
           112.5500     -7.7700      110.682977149158
           112.5600     -7.7700      110.820561131760
           112.5700     -7.7700      109.899336712422
           112.5800     -7.7700      107.881861878441
           112.5900     -7.7700      104.776181841522
           112.6000     -7.7700      100.636693003283
           112.6100     -7.7700       95.562302748492
           112.6200     -7.7700       89.691981267596
           112.6300     -7.7700       83.197972351654
           112.6400     -7.7700       76.277082839658
           112.6500     -7.7700       69.140594434494
           112.6600     -7.7700       62.003428314914
           112.6700     -7.7700       55.073236437598
           112.6800     -7.7700       48.540090866257
           112.6900     -7.7700       42.567394437878
           112.7000     -7.7700       37.284546411157
           112.7100     -7.7700       32.781772243043
           112.7200     -7.7700       29.107376555843
           112.7300     -7.7700       26.267513674638
           112.7400     -7.7700       24.228402719687
           112.7500     -7.7700       22.920756022278
           112.7600     -7.7700       22.246051606081
           112.7700     -7.7700       22.084171960100
           112.7800     -7.7700       22.301859286741
           112.7900     -7.7700       22.761405965129
           112.8000     -7.7700       23.329009161603
           112.8100     -7.7700       23.882268280440
           112.8200     -7.7700       24.316388338188
           112.8300     -7.7700       24.548763994836
           112.8400     -7.7700       24.521748708400
           112.8500     -7.7700       24.203551063932
           112.8600     -7.7700       23.587335288916
           112.8700     -7.7700       22.688725400384
           112.8800     -7.7700       21.542013749989
           112.8900     -7.7700       20.195448297985
           112.9000     -7.7700       18.706014507658
           112.9100     -7.7700       17.134135705087
           112.9200     -7.7700       15.538691169740
           112.9300     -7.7700       13.972697678513
           112.9400     -7.7700       12.479923407134
           112.9500     -7.7700       11.092610268227
           112.9600     -7.7700        9.830380143113
           112.9700     -7.7700        8.700300490305
           112.9800     -7.7700        7.697993477188
           112.9900     -7.7700        6.809596983397
           113.0000     -7.7700        6.014330856419
           112.0000     -7.7800       -6.603478966829
           112.0100     -7.7800       -7.278599357249
           112.0200     -7.7800       -7.614894500249
           112.0300     -7.7800       -7.684251946189
           112.0400     -7.7800       -7.559121194133
           112.0500     -7.7800       -7.308234352321
           112.0600     -7.7800       -6.992561167095
           112.0700     -7.7800       -6.661727807529
           112.0800     -7.7800       -6.351111453032
           112.0900     -7.7800       -6.079792455748
           112.1000     -7.7800       -5.849503493961
           112.1100     -7.7800       -5.644662350981
           112.1200     -7.7800       -5.433514180490
           112.1300     -7.7800       -5.170343495316
           112.1400     -7.7800       -4.798649357156
           112.1500     -7.7800       -4.255113447144
           112.1600     -7.7800       -3.474134101928
           112.1700     -7.7800       -2.392654112164
           112.1800     -7.7800       -0.954979773975
           112.1900     -7.7800        0.882723694780
           112.2000     -7.7800        3.148567763152
           112.2100     -7.7800        5.851986504166
           112.2200     -7.7800        8.981924027548
           112.2300     -7.7800       12.506328656042
           112.2400     -7.7800       16.373038644700
           112.2500     -7.7800       20.512054057014
           112.2600     -7.7800       24.839095144391
           112.2700     -7.7800       29.260255538610
           112.2800     -7.7800       33.677475289705
           112.2900     -7.7800       37.994490545916
           112.3000     -7.7800       42.122869036535
           112.3100     -7.7800       45.987717866296
           112.3200     -7.7800       49.532655281401
           112.3300     -7.7800       52.723671983960
           112.3400     -7.7800       55.551569188739
           112.3500     -7.7800       58.032746815968
           112.3600     -7.7800       60.208220956541
           112.3700     -7.7800       62.140868349399
           112.3800     -7.7800       63.911019170700
           112.3900     -7.7800       65.610639354715
           112.4000     -7.7800       67.336451265631
           112.4100     -7.7800       69.182428690360
           112.4200     -7.7800       71.232161873161
           112.4300     -7.7800       73.551615446441
           112.4400     -7.7800       76.182793592898
           112.4500     -7.7800       79.138782047473
           112.4600     -7.7800       82.400557660865
           112.4700     -7.7800       85.915847778820
           112.4800     -7.7800       89.600190490409
           112.4900     -7.7800       93.340201537565
           112.5000     -7.7800       96.998904265395
           112.5100     -7.7800      100.422835871512
           112.5200     -7.7800      103.450516604725
           112.5300     -7.7800      105.921767711861
           112.5400     -7.7800      107.687296401960
           112.5500     -7.7800      108.617937189923
           112.5600     -7.7800      108.612951305786
           112.5700     -7.7800      107.606839095415
           112.5800     -7.7800      105.574211237997
           112.5900     -7.7800      102.532387173558
           112.6000     -7.7800       98.541535054666
           112.6100     -7.7800       93.702326762199
           112.6200     -7.7800       88.151243000464
           112.6300     -7.7800       82.053815956421
           112.6400     -7.7800       75.596229842698
           112.6500     -7.7800       68.975803623543
           112.6600     -7.7800       62.390948215587
           112.6700     -7.7800       56.031217938828
           112.6800     -7.7800       50.068061382651
           112.6900     -7.7800       44.646821601545
           112.7000     -7.7800       39.880444034502
           112.7100     -7.7800       35.845229688421
           112.7200     -7.7800       32.578829908034
           112.7300     -7.7800       30.080527784498
           112.7400     -7.7800       28.313700804424
           112.7500     -7.7800       27.210220324852
           112.7600     -7.7800       26.676425446713
           112.7700     -7.7800       26.600219674274
           112.7800     -7.7800       26.858783918187
           112.7900     -7.7800       27.326381784664
           112.8000     -7.7800       27.881752728147
           112.8100     -7.7800       28.414642803089
           112.8200     -7.7800       28.831106219787
           112.8300     -7.7800       29.057316453719
           112.8400     -7.7800       29.041744627944
           112.8500     -7.7800       28.755685926096
           112.8600     -7.7800       28.192232577397
           112.8700     -7.7800       27.363895919128
           112.8800     -7.7800       26.299163020675
           112.8900     -7.7800       25.038330092000
           112.9000     -7.7800       23.628982402511
           112.9100     -7.7800       22.121488120686
           112.9200     -7.7800       20.564843136176
           112.9300     -7.7800       19.003149466022
           112.9400     -7.7800       17.472936932849
           112.9500     -7.7800       16.001453302603
           112.9600     -7.7800       14.605959451450
           112.9700     -7.7800       13.293980830201
           112.9800     -7.7800       12.064391299143
           112.9900     -7.7800       10.909145926788
           113.0000     -7.7800        9.815439596476
           112.0000     -7.7900       -3.776377016313
           112.0100     -7.7900       -4.437545062483
           112.0200     -7.7900       -4.764512484885
           112.0300     -7.7900       -4.834469822600
           112.0400     -7.7900       -4.723077802672
           112.0500     -7.7900       -4.500030608472
           112.0600     -7.7900       -4.225041656058
           112.0700     -7.7900       -3.944476979384
           112.0800     -7.7900       -3.688830166277
           112.0900     -7.7900       -3.471189947111
           112.1000     -7.7900       -3.286798818215
           112.1100     -7.7900       -3.113740933908
           112.1200     -7.7900       -2.914732947400
           112.1300     -7.7900       -2.639925993311
           112.1400     -7.7900       -2.230564340619
           112.1500     -7.7900       -1.623290247831
           112.1600     -7.7900       -0.754838924651
           112.1700     -7.7900        0.433164434712
           112.1800     -7.7900        1.989609138977
           112.1900     -7.7900        3.949805934063
           112.2000     -7.7900        6.332175617247
           112.2100     -7.7900        9.135958216041
           112.2200     -7.7900       12.340124224120
           112.2300     -7.7900       15.903597783858
           112.2400     -7.7900       19.766819844237
           112.2500     -7.7900       23.854592082045
           112.2600     -7.7900       28.080055281673
           112.2700     -7.7900       32.349574761692
           112.2800     -7.7900       36.568236070524
           112.2900     -7.7900       40.645601812863
           112.3000     -7.7900       44.501349482414
           112.3100     -7.7900       48.070403677070
           112.3200     -7.7900       51.307195620909
           112.3300     -7.7900       54.188728327743
           112.3400     -7.7900       56.716195001859
           112.3500     -7.7900       58.914987597335
           112.3600     -7.7900       60.833036475067
           112.3700     -7.7900       62.537534158404
           112.3800     -7.7900       64.110208795702
           112.3900     -7.7900       65.641418248076
           112.4000     -7.7900       67.223426100657
           112.4100     -7.7900       68.943289487667
           112.4200     -7.7900       70.875829870115
           112.4300     -7.7900       73.077168010901
           112.4400     -7.7900       75.579281651415
           112.4500     -7.7900       78.385989392431
           112.4600     -7.7900       81.470679927647
           112.4700     -7.7900       84.775997157904
           112.4800     -7.7900       88.215565787228
           112.4900     -7.7900       91.677707142791
           112.5000     -7.7900       95.030960384340
           112.5100     -7.7900       98.131099376634
           112.5200     -7.7900      100.829229199260
           112.5300     -7.7900      102.980466313825
           112.5400     -7.7900      104.452658808736
           112.5500     -7.7900      105.134591692365
           112.5600     -7.7900      104.943148177785
           112.5700     -7.7900      103.828959913402
           112.5800     -7.7900      101.780173194541
           112.5900     -7.7900       98.824078048175
           112.6000     -7.7900       95.026484537674
           112.6100     -7.7900       90.488876206987
           112.6200     -7.7900       85.343514179670
           112.6300     -7.7900       79.746797075522
           112.6400     -7.7900       73.871292488843
           112.6500     -7.7900       67.896937693346
           112.6600     -7.7900       62.001954987602
           112.6700     -7.7900       56.354037639861
           112.6800     -7.7900       51.102335396024
           112.6900     -7.7900       46.370706346306
           112.7000     -7.7900       42.252609480230
           112.7100     -7.7900       38.807896495753
           112.7200     -7.7900       36.061630948435
           112.7300     -7.7900       34.004927135800
           112.7400     -7.7900       32.597669918379
           112.7500     -7.7900       31.772859162867
           112.7600     -7.7900       31.442226629374
           112.7700     -7.7900       31.502705105698
           112.7800     -7.7900       31.843293395469
           112.7900     -7.7900       32.351857906603
           112.8000     -7.7900       32.921441051496
           112.8100     -7.7900       33.455705068643
           112.8200     -7.7900       33.873221754883
           112.8300     -7.7900       34.110416924300
           112.8400     -7.7900       34.123085157504
           112.8500     -7.7900       33.886497208653
           112.8600     -7.7900       33.394221257565
           112.8700     -7.7900       32.655862935459
           112.8800     -7.7900       31.693992092983
           112.8900     -7.7900       30.540562860621
           112.9000     -7.7900       29.233146014093
           112.9100     -7.7900       27.811279491283
           112.9200     -7.7900       26.313206630772
           112.9300     -7.7900       24.773216576329
           112.9400     -7.7900       23.219732901548
           112.9500     -7.7900       21.674221248087
           112.9600     -7.7900       20.150911279010
           112.9700     -7.7900       18.657258844979
           112.9800     -7.7900       17.195016427780
           112.9900     -7.7900       15.761737880088
           113.0000     -7.7900       14.352519869348
           112.0000     -7.8000       -0.851306142811
           112.0100     -7.8000       -1.510283936961
           112.0200     -7.8000       -1.843554263102
           112.0300     -7.8000       -1.931915609983
           112.0400     -7.8000       -1.852521400328
           112.0500     -7.8000       -1.674377598651
           112.0600     -7.8000       -1.454447808110
           112.0700     -7.8000       -1.234581494747
           112.0800     -7.8000       -1.039436333517
           112.0900     -7.8000       -0.875510919584
           112.1000     -7.8000       -0.731341948590
           112.1100     -7.8000       -0.578853641701
           112.1200     -7.8000       -0.375780218283
           112.1300     -7.8000       -0.069018320319
           112.1400     -7.8000        0.401290824277
           112.1500     -7.8000        1.097196554666
           112.1600     -7.8000        2.078171798347
           112.1700     -7.8000        3.396442215527
           112.1800     -7.8000        5.092709987003
           112.1900     -7.8000        7.192552904090
           112.2000     -7.8000        9.703743796582
           112.2100     -7.8000       12.614683420803
           112.2200     -7.8000       15.894074275713
           112.2300     -7.8000       19.491886962314
           112.2400     -7.8000       23.341589016954
           112.2500     -7.8000       27.363523594267
           112.2600     -7.8000       31.469247216964
           112.2700     -7.8000       35.566567290139
           112.2800     -7.8000       39.564966063664
           112.2900     -7.8000       43.381062359061
           112.3000     -7.8000       46.943748751947
           112.3100     -7.8000       50.198651798084
           112.3200     -7.8000       53.111596583676
           112.3300     -7.8000       55.670813039426
           112.3400     -7.8000       57.887697163244
           112.3500     -7.8000       59.796031164694
           112.3600     -7.8000       61.449666967781
           112.3700     -7.8000       62.918780994049
           112.3800     -7.8000       64.284907737120
           112.3900     -7.8000       65.635048382293
           112.4000     -7.8000       67.055222172444
           112.4100     -7.8000       68.623876906926
           112.4200     -7.8000       70.405596823252
           112.4300     -7.8000       72.445538840570
           112.4400     -7.8000       74.764991400581
           112.4500     -7.8000       77.358385649164
           112.4600     -7.8000       80.192000185509
           112.4700     -7.8000       83.204493582508
           112.4800     -7.8000       86.309280314232
           112.4900     -7.8000       89.398643555463
           112.5000     -7.8000       92.349360916432
           112.5100     -7.8000       95.029514750589
           112.5200     -7.8000       97.306074669235
           112.5300     -7.8000       99.052782442831
           112.5400     -7.8000      100.157842908897
           112.5500     -7.8000      100.530931056330
           112.5600     -7.8000      100.109065010457
           112.5700     -7.8000       98.860964753774
           112.5800     -7.8000       96.789612443985
           112.5900     -7.8000       93.932845618679
           112.6000     -7.8000       90.361941475065
           112.6100     -7.8000       86.178280009407
           112.6200     -7.8000       81.508297112734
           112.6300     -7.8000       76.497047215731
           112.6400     -7.8000       71.300781301121
           112.6500     -7.8000       66.079004223746
           112.6600     -7.8000       60.986501513929
           112.6700     -7.8000       56.165818724096
           112.6800     -7.8000       51.740636863727
           112.6900     -7.8000       47.810418831654
           112.7000     -7.8000       44.446609338978
           112.7100     -7.8000       41.690561605801
           112.7200     -7.8000       39.553246198427
           112.7300     -7.8000       38.016679320143
           112.7400     -7.8000       37.036898078976
           112.7500     -7.8000       36.548216331378
           112.7600     -7.8000       36.468422884503
           112.7700     -7.8000       36.704538569130
           112.7800     -7.8000       37.158732304446
           112.7900     -7.8000       37.734008865314
           112.8000     -7.8000       38.339320547491
           112.8100     -7.8000       38.893817254928
           112.8200     -7.8000       39.330029056376
           112.8300     -7.8000       39.595865216495
           112.8400     -7.8000       39.655406794115
           112.8500     -7.8000       39.488558859940
           112.8600     -7.8000       39.089706583685
           112.8700     -7.8000       38.465581373701
           112.8800     -7.8000       37.632584953499
           112.8900     -7.8000       36.613838562001
           112.9000     -7.8000       35.436221112099
           112.9100     -7.8000       34.127635738783
           112.9200     -7.8000       32.714701972895
           112.9300     -7.8000       31.221015367823
           112.9400     -7.8000       29.666053245418
           112.9500     -7.8000       28.064740160646
           112.9600     -7.8000       26.427625430600
           112.9700     -7.8000       24.761572737317
           112.9800     -7.8000       23.070822469154
           112.9900     -7.8000       21.358263842920
           113.0000     -7.8000       19.626747149300
           112.0000     -7.8100        2.147562573384
           112.0100     -7.8100        1.483747572244
           112.0200     -7.8100        1.132658654724
           112.0300     -7.8100        1.011623453439
           112.0400     -7.8100        1.043742996737
           112.0500     -7.8100        1.162366530364
           112.0600     -7.8100        1.314779045565
           112.0700     -7.8100        1.464900398252
           112.0800     -7.8100        1.594852541000
           112.0900     -7.8100        1.705317263247
           112.1000     -7.8100        1.814677347810
           112.1100     -7.8100        1.957005311244
           112.1200     -7.8100        2.179031910744
           112.1300     -7.8100        2.536287488351
           112.1400     -7.8100        3.088659416912
           112.1500     -7.8100        3.895645360186
           112.1600     -7.8100        5.011602407208
           112.1700     -7.8100        6.481294884853
           112.1800     -7.8100        8.336028254832
           112.1900     -7.8100       10.590623459285
           112.2000     -7.8100       13.241436939117
           112.2100     -7.8100       16.265568862255
           112.2200     -7.8100       19.621329314356
           112.2300     -7.8100       23.249953504814
           112.2400     -7.8100       27.078477120769
           112.2500     -7.8100       31.023606764814
           112.2600     -7.8100       34.996352832744
           112.2700     -7.8100       38.907137762439
           112.2800     -7.8100       42.671055185768
           112.2900     -7.8100       46.212938069632
           112.3000     -7.8100       49.471898189540
           112.3100     -7.8100       52.405025642730
           112.3200     -7.8100       54.989984547936
           112.3300     -7.8100       57.226307138171
           112.3400     -7.8100       59.135269350122
           112.3500     -7.8100       60.758321843006
           112.3600     -7.8100       62.154145398263
           112.3700     -7.8100       63.394492638040
           112.3800     -7.8100       64.559062664460
           112.3900     -7.8100       65.729725634747
           112.4000     -7.8100       66.984465306996
           112.4100     -7.8100       68.391435247278
           112.4200     -7.8100       70.003526198604
           112.4300     -7.8100       71.853817305085
           112.4400     -7.8100       73.952233506889
           112.4500     -7.8100       76.283658318379
           112.4600     -7.8100       78.807659865095
           112.4700     -7.8100       81.459884349802
           112.4800     -7.8100       84.155061899095
           112.4900     -7.8100       86.791462390198
           112.5000     -7.8100       89.256540763095
           112.5100     -7.8100       91.433429357024
           112.5200     -7.8100       93.207874822099
           112.5300     -7.8100       94.475183535359
           112.5400     -7.8100       95.146734785096
           112.5500     -7.8100       95.155645854127
           112.5600     -7.8100       94.461226027855
           112.5700     -7.8100       93.051933976901
           112.5800     -7.8100       90.946649657349
           112.5900     -7.8100       88.194181181562
           112.6000     -7.8100       84.871041470513
           112.6100     -7.8100       81.077640966889
           112.6200     -7.8100       76.933143540779
           112.6300     -7.8100       72.569316008187
           112.6400     -7.8100       68.123761748223
           112.6500     -7.8100       63.732961791766
           112.6600     -7.8100       59.525550498586
           112.6700     -7.8100       55.616227702086
           112.6800     -7.8100       52.100657242584
           112.6900     -7.8100       49.051627306433
           112.7000     -7.8100       46.516656696983
           112.7100     -7.8100       44.517129973834
           112.7200     -7.8100       43.048940796662
           112.7300     -7.8100       42.084524308393
           112.7400     -7.8100       41.576072951008
           112.7500     -7.8100       41.459661616175
           112.7600     -7.8100       41.659961881652
           112.7700     -7.8100       42.095203853096
           112.7800     -7.8100       42.682048431809
           112.7900     -7.8100       43.340061303213
           112.8000     -7.8100       43.995529415386
           112.8100     -7.8100       44.584426500274
           112.8200     -7.8100       45.054410486067
           112.8300     -7.8100       45.365816050329
           112.8400     -7.8100       45.491683582999
           112.8500     -7.8100       45.416935427525
           112.8600     -7.8100       45.136866333170
           112.8700     -7.8100       44.655153781993
           112.8800     -7.8100       43.981613036188
           112.8900     -7.8100       43.129920886577
           112.9000     -7.8100       42.115512373199
           112.9100     -7.8100       40.953818935936
           112.9200     -7.8100       39.658968532403
           112.9300     -7.8100       38.243013094895
           112.9400     -7.8100       36.715691567418
           112.9500     -7.8100       35.084682889517
           112.9600     -7.8100       33.356257382558
           112.9700     -7.8100       31.536200839711
           112.9800     -7.8100       29.630865794175
           112.9900     -7.8100       27.648200100142
           113.0000     -7.8100       25.598613793952
           112.0000     -7.8200        5.195945373480
           112.0100     -7.8200        4.524712204585
           112.0200     -7.8200        4.148286391503
           112.0300     -7.8200        3.983841827280
           112.0400     -7.8200        3.956456839521
           112.0500     -7.8200        4.003469337718
           112.0600     -7.8200        4.077871811230
           112.0700     -7.8200        4.150564407692
           112.0800     -7.8200        4.211354323892
           112.0900     -7.8200        4.268665840959
           112.1000     -7.8200        4.348003103975
           112.1100     -7.8200        4.489282661341
           112.1200     -7.8200        4.743220478133
           112.1300     -7.8200        5.167014657189
           112.1400     -7.8200        5.819607101107
           112.1500     -7.8200        6.756832301136
           112.1600     -7.8200        8.026767782460
           112.1700     -7.8200        9.665587971764
           112.1800     -7.8200       11.694191993720
           112.1900     -7.8200       14.115827854067
           112.2000     -7.8200       16.914873351986
           112.2100     -7.8200       20.056861489078
           112.2200     -7.8200       23.489759403855
           112.2300     -7.8200       27.146429711408
           112.2400     -7.8200       30.948126503059
           112.2500     -7.8200       34.808809986717
           112.2600     -7.8200       38.640008244311
           112.2700     -7.8200       42.355915577058
           112.2800     -7.8200       45.878397187131
           112.2900     -7.8200       49.141571142327
           112.3000     -7.8200       52.095661036937
           112.3100     -7.8200       54.709855493363
           112.3200     -7.8200       56.973971309732
           112.3300     -7.8200       58.898792090547
           112.3400     -7.8200       60.515039011941
           112.3500     -7.8200       61.871019621336
           112.3600     -7.8200       63.029088473935
           112.3700     -7.8200       64.061134128368
           112.3800     -7.8200       65.043375056007
           112.3900     -7.8200       66.050797572134
           112.4000     -7.8200       67.151598241670
           112.4100     -7.8200       68.401998962358
           112.4200     -7.8200       69.841784244302
           112.4300     -7.8200       71.490867892421
           112.4400     -7.8200       73.347132794078
           112.4500     -7.8200       75.385706756729
           112.4600     -7.8200       77.559744530947
           112.4700     -7.8200       79.802687419521
           112.4800     -7.8200       82.031873855353
           112.4900     -7.8200       84.153283727514
           112.5000     -7.8200       86.067122326747
           112.5100     -7.8200       87.673891979060
           112.5200     -7.8200       88.880564878440
           112.5300     -7.8200       89.606461871232
           112.5400     -7.8200       89.788459750027
           112.5500     -7.8200       89.385192881450
           112.5600     -7.8200       88.379980811105
           112.5700     -7.8200       86.782297337450
           112.5800     -7.8200       84.627692604470
           112.5900     -7.8200       81.976181328409
           112.6000     -7.8200       78.909210247313
           112.6100     -7.8200       75.525409286217
           112.6200     -7.8200       71.935407423351
           112.6300     -7.8200       68.256050584494
           112.6400     -7.8200       64.604391334872
           112.6500     -7.8200       61.091826696417
           112.6600     -7.8200       57.818741015411
           112.6700     -7.8200       54.869967265151
           112.6800     -7.8200       52.311316066406
           112.6900     -7.8200       50.187342088838
           112.7000     -7.8200       48.520428473909
           112.7100     -7.8200       47.311178203069
           112.7200     -7.8200       46.540013706330
           112.7300     -7.8200       46.169808798010
           112.7400     -7.8200       46.149315639630
           112.7500     -7.8200       46.417107927956
           112.7600     -7.8200       46.905742322260
           112.7700     -7.8200       47.545843899112
           112.7800     -7.8200       48.269846988269
           112.7900     -7.8200       49.015167254465
           112.8000     -7.8200       49.726640087685
           112.8100     -7.8200       50.358128951143
           112.8200     -7.8200       50.873279427985
           112.8300     -7.8200       51.245464331323
           112.8400     -7.8200       51.457026826763
           112.8500     -7.8200       51.497977346637
           112.8600     -7.8200       51.364332662286
           112.8700     -7.8200       51.056299824879
           112.8800     -7.8200       50.576503407938
           112.8900     -7.8200       49.928432817181
           112.9000     -7.8200       49.115250071859
           112.9100     -7.8200       48.139051295656
           112.9200     -7.8200       47.000621898172
           112.9300     -7.8200       45.699671183754
           112.9400     -7.8200       44.235481925979
           112.9500     -7.8200       42.607868808747
           112.9600     -7.8200       40.818310163932
           112.9700     -7.8200       38.871102519853
           112.9800     -7.8200       36.774388095782
           112.9900     -7.8200       34.540921047570
           113.0000     -7.8200       32.188467102626
           112.0000     -7.8300        8.271039875998
           112.0100     -7.8300        7.593632061525
           112.0200     -7.8300        7.187934636027
           112.0300     -7.8300        6.972622959919
           112.0400     -7.8300        6.876399573563
           112.0500     -7.8300        6.842141295484
           112.0600     -7.8300        6.829921782450
           112.0700     -7.8300        6.818751591371
           112.0800     -7.8300        6.806959408138
           112.0900     -7.8300        6.811223458456
           112.1000     -7.8300        6.864345983302
           112.1100     -7.8300        7.011940963713
           112.1200     -7.8300        7.308271356650
           112.1300     -7.8300        7.811522993064
           112.1400     -7.8300        8.578834957070
           112.1500     -7.8300        9.661418783986
           112.1600     -7.8300       11.100090477582
           112.1700     -7.8300       12.921510709517
           112.1800     -7.8300       15.135381416762
           112.1900     -7.8300       17.732784278390
           112.2000     -7.8300       20.685772118085
           112.2100     -7.8300       23.948242766824
           112.2200     -7.8300       27.458041419719
           112.2300     -7.8300       31.140157280044
           112.2400     -7.8300       34.910808391164
           112.2500     -7.8300       38.682149629058
           112.2600     -7.8300       42.367296713354
           112.2700     -7.8300       45.885336625340
           112.2800     -7.8300       49.165993617257
           112.2900     -7.8300       52.153640343586
           112.3000     -7.8300       54.810384449677
           112.3100     -7.8300       57.118019790324
           112.3200     -7.8300       59.078704690858
           112.3300     -7.8300       60.714312683738
           112.3400     -7.8300       62.064488619758
           112.3500     -7.8300       63.183529253117
           112.3600     -7.8300       64.136286613763
           112.3700     -7.8300       64.993359359426
           112.3800     -7.8300       65.825887230310
           112.3900     -7.8300       66.700293158386
           112.4000     -7.8300       67.673324279738
           112.4100     -7.8300       68.787726331325
           112.4200     -7.8300       70.068846531264
           112.4300     -7.8300       71.522400444936
           112.4400     -7.8300       73.133562344062
           112.4500     -7.8300       74.867451166586
           112.4600     -7.8300       76.670991227135
           112.4700     -7.8300       78.476034613920
           112.4800     -7.8300       80.203547064362
           112.4900     -7.8300       81.768586942396
           112.5000     -7.8300       83.085752803717
           112.5100     -7.8300       84.074742773335
           112.5200     -7.8300       84.665660909502
           112.5300     -7.8300       84.803722535723
           112.5400     -7.8300       84.453051080035
           112.5500     -7.8300       83.599320468044
           112.5600     -7.8300       82.251075269823
           112.5700     -7.8300       80.439650095157
           112.5800     -7.8300       78.217703853082
           112.5900     -7.8300       75.656476776497
           112.6000     -7.8300       72.841962035878
           112.6100     -7.8300       69.870253423445
           112.6200     -7.8300       66.842381135806
           112.6300     -7.8300       63.858975695639
           112.6400     -7.8300       61.015103784272
           112.6500     -7.8300       58.395599264932
           112.6600     -7.8300       56.071169815375
           112.6700     -7.8300       54.095497860977
           112.6800     -7.8300       52.503478782566
           112.6900     -7.8300       51.310655537105
           112.7000     -7.8300       50.513823278585
           112.7100     -7.8300       50.092696741429
           112.7200     -7.8300       50.012463024528
           112.7300     -7.8300       50.226988038000
           112.7400     -7.8300       50.682409980504
           112.7500     -7.8300       51.320839941165
           112.7600     -7.8300       52.083898461131
           112.7700     -7.8300       52.915846284894
           112.7800     -7.8300       53.766114599284
           112.7900     -7.8300       54.591100458850
           112.8000     -7.8300       55.355161505738
           112.8100     -7.8300       56.030814651629
           112.8200     -7.8300       56.598210196598
           112.8300     -7.8300       57.044010460473
           112.8400     -7.8300       57.359845837077
           112.8500     -7.8300       57.540547957184
           112.8600     -7.8300       57.582367593172
           112.8700     -7.8300       57.481373940409
           112.8800     -7.8300       57.232203489734
           112.8900     -7.8300       56.827283867239
           112.9000     -7.8300       56.256604971467
           112.9100     -7.8300       55.508051513669
           112.9200     -7.8300       54.568253064190
           112.9300     -7.8300       53.423855217705
           112.9400     -7.8300       52.063073226609
           112.9500     -7.8300       50.477361140932
           112.9600     -7.8300       48.663017548684
           112.9700     -7.8300       46.622554330149
           112.9800     -7.8300       44.365676735479
           112.9900     -7.8300       41.909759367934
           113.0000     -7.8300       39.279749802328
           112.0000     -7.8400       11.352788294524
           112.0100     -7.8400       10.673394744686
           112.0200     -7.8400       10.237429714376
           112.0300     -7.8400        9.966613021993
           112.0400     -7.8400        9.794793891108
           112.0500     -7.8400        9.671807839875
           112.0600     -7.8400        9.566054375523
           112.0700     -7.8400        9.465665339578
           112.0800     -7.8400        9.378226165083
           112.0900     -7.8400        9.329105879266
           112.1000     -7.8400        9.358540488852
           112.1100     -7.8400        9.517692844926
           112.1200     -7.8400        9.863975319137
           112.1300     -7.8400       10.455965747054
           112.1400     -7.8400       11.348269452654
           112.1500     -7.8400       12.586679495682
           112.1600     -7.8400       14.203963779937
           112.1700     -7.8400       16.216562970201
           112.1800     -7.8400       18.622420272499
           112.1900     -7.8400       21.400087170973
           112.2000     -7.8400       24.509163208316
           112.2100     -7.8400       27.892038442431
           112.2200     -7.8400       31.476820126750
           112.2300     -7.8400       35.181246114759
           112.2400     -7.8400       38.917321640108
           112.2500     -7.8400       42.596367791133
           112.2600     -7.8400       46.134142377984
           112.2700     -7.8400       49.455688841842
           112.2800     -7.8400       52.499586772693
           112.2900     -7.8400       55.221317374796
           112.3000     -7.8400       57.595516292082
           112.3100     -7.8400       59.616960732264
           112.3200     -7.8400       61.300222908174
           112.3300     -7.8400       62.678011807494
           112.3400     -7.8400       63.798314191868
           112.3500     -7.8400       64.720527519708
           112.3600     -7.8400       65.510846613189
           112.3700     -7.8400       66.237217582220
           112.3800     -7.8400       66.964203146269
           112.3900     -7.8400       67.748110826175
           112.4000     -7.8400       68.632718849179
           112.4100     -7.8400       69.645894992871
           112.4200     -7.8400       70.797343549517
           112.4300     -7.8400       72.077639117141
           112.4400     -7.8400       73.458618188760
           112.4500     -7.8400       74.895106517026
           112.4600     -7.8400       76.327868398525
           112.4700     -7.8400       77.687579743502
           112.4800     -7.8400       78.899555987634
           112.4900     -7.8400       79.888913573181
           112.5000     -7.8400       80.585813617323
           112.5100     -7.8400       80.930430683861
           112.5200     -7.8400       80.877308744249
           112.5300     -7.8400       80.398809144628
           112.5400     -7.8400       79.487418681518
           112.5500     -7.8400       78.156765233825
           112.5600     -7.8400       76.441278132841
           112.5700     -7.8400       74.394524138525
           112.5800     -7.8400       72.086340795125
           112.5900     -7.8400       69.598970525910
           112.6000     -7.8400       67.022465242621
           112.6100     -7.8400       64.449677759935
           112.6200     -7.8400       61.971179667738
           112.6300     -7.8400       59.670444001477
           112.6400     -7.8400       57.619605385740
           112.6500     -7.8400       55.876062454193
           112.6600     -7.8400       54.480121076877
           112.6700     -7.8400       53.453797429146
           112.6800     -7.8400       52.800813361353
           112.6900     -7.8400       52.507729515669
           112.7000     -7.8400       52.546080805256
           112.7100     -7.8400       52.875310303950
           112.7200     -7.8400       53.446246362772
           112.7300     -7.8400       54.204837537412
           112.7400     -7.8400       55.095852653141
           112.7500     -7.8400       56.066269185679
           112.7600     -7.8400       57.068110393617
           112.7700     -7.8400       58.060546900929
           112.7800     -7.8400       59.011146888411
           112.7900     -7.8400       59.896234889647
           112.8000     -7.8400       60.700396048396
           112.8100     -7.8400       61.415234220212
           112.8200     -7.8400       62.037552647389
           112.8300     -7.8400       62.567170255236
           112.8400     -7.8400       63.004611454160
           112.8500     -7.8400       63.348910905207
           112.8600     -7.8400       63.595757049365
           112.8700     -7.8400       63.736161146858
           112.8800     -7.8400       63.755785593266
           112.8900     -7.8400       63.635001179392
           112.9000     -7.8400       63.349673464739
           112.9100     -7.8400       62.872609687453
           112.9200     -7.8400       62.175535677487
           112.9300     -7.8400       61.231422487792
           112.9400     -7.8400       60.016949228931
           112.9500     -7.8400       58.514874735906
           112.9600     -7.8400       56.716097348245
           112.9700     -7.8400       54.621208569989
           112.9800     -7.8400       52.241390268112
           112.9900     -7.8400       49.598562401613
           113.0000     -7.8400       46.724753895954
           112.0000     -7.8500       14.424688465889
           112.0100     -7.8500       13.749401195801
           112.0200     -7.8500       13.284316039469
           112.0300     -7.8500       12.955586014100
           112.0400     -7.8500       12.703561362969
           112.0500     -7.8500       12.486282576304
           112.0600     -7.8500       12.281550311172
           112.0700     -7.8500       12.087473286474
           112.0800     -7.8500       11.921497535294
           112.0900     -7.8500       11.818021139599
           112.1000     -7.8500       11.824791172057
           112.1100     -7.8500       11.998358028377
           112.1200     -7.8500       12.398921621234
           112.1300     -7.8500       13.084940283543
           112.1400     -7.8500       14.107884481101
           112.1500     -7.8500       15.507503012627
           112.1600     -7.8500       17.307930421003
           112.1700     -7.8500       19.514903606251
           112.1800     -7.8500       22.114277297589
           112.1900     -7.8500       25.071937436285
           112.2000     -7.8500       28.335114767437
           112.2100     -7.8500       31.835004554320
           112.2200     -7.8500       35.490508794478
           112.2300     -7.8500       39.212840647764
           112.2400     -7.8500       42.910672135117
           112.2500     -7.8500       46.495469477597
           112.2600     -7.8500       49.886648189184
           112.2700     -7.8500       53.016193042635
           112.2800     -7.8500       55.832425418425
           112.2900     -7.8500       58.302659791781
           112.3000     -7.8500       60.414568188697
           112.3100     -7.8500       62.176161096033
           112.3200     -7.8500       63.614389409270
           112.3300     -7.8500       64.772467939769
           112.3400     -7.8500       65.706110153888
           112.3500     -7.8500       66.478939981489
           112.3600     -7.8500       67.157404373746
           112.3700     -7.8500       67.805545707271
           112.3800     -7.8500       68.480003551552
           112.3900     -7.8500       69.225599890949
           112.4000     -7.8500       70.071821571778
           112.4100     -7.8500       71.030451230663
           112.4200     -7.8500       72.094517532198
           112.4300     -7.8500       73.238642775664
           112.4400     -7.8500       74.420767308419
           112.4500     -7.8500       75.585132656598
           112.4600     -7.8500       76.666315774101
           112.4700     -7.8500       77.594031719137
           112.4800     -7.8500       78.298366809815
           112.4900     -7.8500       78.715072918231
           112.5000     -7.8500       78.790548380178
           112.5100     -7.8500       78.486152494722
           112.5200     -7.8500       77.781547309347
           112.5300     -7.8500       76.676829039732
           112.5400     -7.8500       75.193297154529
           112.5500     -7.8500       73.372805694401
           112.5600     -7.8500       71.275741799060
           112.5700     -7.8500       68.977773382090
           112.5800     -7.8500       66.565594344013
           112.5900     -7.8500       64.131965327615
           112.6000     -7.8500       61.770395705737
           112.6100     -7.8500       59.569834780739
           112.6200     -7.8500       57.609735487016
           112.6300     -7.8500       55.955822662571
           112.6400     -7.8500       54.656842627639
           112.6500     -7.8500       53.742495630744
           112.6600     -7.8500       53.222663450493
           112.6700     -7.8500       53.087947894919
           112.6800     -7.8500       53.311439484563
           112.6900     -7.8500       53.851546583809
           112.7000     -7.8500       54.655640409001
           112.7100     -7.8500       55.664216326627
           112.7200     -7.8500       56.815240736481
           112.7300     -7.8500       58.048347809044
           112.7400     -7.8500       59.308571555020
           112.7500     -7.8500       60.549344221910
           112.7600     -7.8500       61.734557996816
           112.7700     -7.8500       62.839567994953
           112.7800     -7.8500       63.851103904334
           112.7900     -7.8500       64.766148170692
           112.8000     -7.8500       65.589922918138
           112.8100     -7.8500       66.333199121024
           112.8200     -7.8500       67.009194168024
           112.8300     -7.8500       67.630353739043
           112.8400     -7.8500       68.205318586848
           112.8500     -7.8500       68.736356191616
           112.8600     -7.8500       69.217493241324
           112.8700     -7.8500       69.633521319223
           112.8800     -7.8500       69.959970502166
           112.8900     -7.8500       70.164060400761
           112.9000     -7.8500       70.206552724879
           112.9100     -7.8500       70.044350961073
           112.9200     -7.8500       69.633627825358
           112.9300     -7.8500       68.933215268100
           112.9400     -7.8500       67.907968796947
           112.9500     -7.8500       66.531819637423
           112.9600     -7.8500       64.790254543664
           112.9700     -7.8500       62.682011580678
           112.9800     -7.8500       60.219846697344
           112.9900     -7.8500       57.430304624706
           113.0000     -7.8500       54.352511742106
           112.0000     -7.8600       17.474083275699
           112.0100     -7.8600       16.809794205728
           112.0200     -7.8600       16.318022596527
           112.0300     -7.8600       15.930553659062
           112.0400     -7.8600       15.595387458993
           112.0500     -7.8600       15.279804914688
           112.0600     -7.8600       14.971878324852
           112.0700     -7.8600       14.680361498332
           112.0800     -7.8600       14.433005810943
           112.0900     -7.8600       14.273455377671
           112.1000     -7.8600       14.256969834955
           112.1100     -7.8600       14.445300625172
           112.1200     -7.8600       14.901101051992
           112.1300     -7.8600       15.682278198912
           112.1400     -7.8600       16.836694353736
           112.1500     -7.8600       18.397597062310
           112.1600     -7.8600       20.380102453293
           112.1700     -7.8600       22.778979898765
           112.1800     -7.8600       25.567892763982
           112.1900     -7.8600       28.700146444168
           112.2000     -7.8600       32.110888265847
           112.2100     -7.8600       35.720601523946
           112.2200     -7.8600       39.439645010267
           112.2300     -7.8600       43.173516154497
           112.2400     -7.8600       46.828465418199
           112.2500     -7.8600       50.317065359814
           112.2600     -7.8600       53.563341514741
           112.2700     -7.8600       56.507103663604
           112.2800     -7.8600       59.107173020540
           112.2900     -7.8600       61.343279403138
           112.3000     -7.8600       63.216497067302
           112.3100     -7.8600       64.748191976827
           112.3200     -7.8600       65.977559508237
           112.3300     -7.8600       66.957932459611
           112.3400     -7.8600       67.752127568320
           112.3500     -7.8600       68.427168221294
           112.3600     -7.8600       69.048766632286
           112.3700     -7.8600       69.675967094300
           112.3800     -7.8600       70.356341536420
           112.3900     -7.8600       71.122090100691
           112.4000     -7.8600       71.987335396320
           112.4100     -7.8600       72.946813920737
           112.4200     -7.8600       73.976067842100
           112.4300     -7.8600       75.033132031249
           112.4400     -7.8600       76.061602661698
           112.4500     -7.8600       76.994872694984
           112.4600     -7.8600       77.761233483635
           112.4700     -7.8600       78.289476883922
           112.4800     -7.8600       78.514593515069
           112.4900     -7.8600       78.383153113902
           112.5000     -7.8600       77.857973204403
           112.5100     -7.8600       76.921731241400
           112.5200     -7.8600       75.579249601763
           112.5300     -7.8600       73.858277011813
           112.5400     -7.8600       71.808697436191
           112.5500     -7.8600       69.500210309823
           112.5600     -7.8600       67.018636017096
           112.5700     -7.8600       64.461099613051
           112.5800     -7.8600       61.930426602775
           112.5900     -7.8600       59.529141124177
           112.6000     -7.8600       57.353484868964
           112.6100     -7.8600       55.487872389011
           112.6200     -7.8600       54.000165218580
           112.6300     -7.8600       52.938085936827
           112.6400     -7.8600       52.327008463158
           112.6500     -7.8600       52.169258874231
           112.6600     -7.8600       52.444949529894
           112.6700     -7.8600       53.114256710634
           112.6800     -7.8600       54.120946818081
           112.6900     -7.8600       55.396866437697
           112.7000     -7.8600       56.867044006025
           112.7100     -7.8600       58.455010562597
           112.7200     -7.8600       60.087937096643
           112.7300     -7.8600       61.701206975897
           112.7400     -7.8600       63.242092121296
           112.7500     -7.8600       64.672276943647
           112.7600     -7.8600       65.969068596087
           112.7700     -7.8600       67.125238325943
           112.7800     -7.8600       68.147548222990
           112.7900     -7.8600       69.054121797005
           112.8000     -7.8600       69.870907349150
           112.8100     -7.8600       70.627552894025
           112.8200     -7.8600       71.353054969634
           112.8300     -7.8600       72.071557675104
           112.8400     -7.8600       72.798661714479
           112.8500     -7.8600       73.538557577993
           112.8600     -7.8600       74.282226088068
           112.8700     -7.8600       75.006859246667
           112.8800     -7.8600       75.676552083990
           112.8900     -7.8600       76.244210429895
           112.9000     -7.8600       76.654518891814
           112.9100     -7.8600       76.847726074899
           112.9200     -7.8600       76.763937356913
           112.9300     -7.8600       76.347564762629
           112.9400     -7.8600       75.551571944057
           112.9500     -7.8600       74.341170805146
           112.9600     -7.8600       72.696673247271
           112.9700     -7.8600       70.615272817233
           112.9800     -7.8600       68.111620636066
           112.9900     -7.8600       65.217160265696
           113.0000     -7.8600       61.978288627413
           112.0000     -7.8700       20.491918170478
           112.0100     -7.8700       19.845256857876
           112.0200     -7.8700       19.329687422159
           112.0300     -7.8700       18.883608557863
           112.0400     -7.8700       18.463583517678
           112.0500     -7.8700       18.046928097507
           112.0600     -7.8700       17.632622889998
           112.0700     -7.8700       17.240520911775
           112.0800     -7.8700       16.908940940145
           112.0900     -7.8700       16.690848854982
           112.1000     -7.8700       16.648926280345
           112.1100     -7.8700       16.849901218486
           112.1200     -7.8700       17.358564033871
           112.1300     -7.8700       18.231910804222
           112.1400     -7.8700       19.513843522535
           112.1500     -7.8700       21.230813889193
           112.1600     -7.8700       23.388727558075
           112.1700     -7.8700       25.971333665056
           112.1800     -7.8700       28.940216787310
           112.1900     -7.8700       32.236392768825
           112.2000     -7.8700       35.783394280275
           112.2100     -7.8700       39.491624737026
           112.2200     -7.8700       43.263667881969
           112.2300     -7.8700       47.000171447135
           112.2400     -7.8700       50.605881769574
           112.2500     -7.8700       53.995395063124
           112.2600     -7.8700       57.098211106818
           112.2700     -7.8700       59.862725058098
           112.2800     -7.8700       62.258869458084
           112.2900     -7.8700       64.279215891837
           112.3000     -7.8700       65.938457293003
           112.3100     -7.8700       67.271309583648
           112.3200     -7.8700       68.328986767535
           112.3300     -7.8700       69.174508406314
           112.3400     -7.8700       69.877184963605
           112.3500     -7.8700       70.506688418210
           112.3600     -7.8700       71.127148166268
           112.3700     -7.8700       71.791712970665
           112.3800     -7.8700       72.537988274274
           112.3900     -7.8700       73.384696598001
           112.4000     -7.8700       74.329821225906
           112.4100     -7.8700       75.350386089984
           112.4200     -7.8700       76.403905354221
           112.4300     -7.8700       77.431413266230
           112.4400     -7.8700       78.361867340657
           112.4500     -7.8700       79.117614500842
           112.4600     -7.8700       79.620528131117
           112.4700     -7.8700       79.798370264409
           112.4800     -7.8700       79.590911545484
           112.4900     -7.8700       78.955354050525
           112.5000     -7.8700       77.870647909173
           112.5100     -7.8700       76.340368901787
           112.5200     -7.8700       74.393925462291
           112.5300     -7.8700       72.085982578148
           112.5400     -7.8700       69.494118333450
           112.5500     -7.8700       66.714856919355
           112.5600     -7.8700       63.858340397894
           112.5700     -7.8700       61.042001541653
           112.5800     -7.8700       58.383674169121
           112.5900     -7.8700       55.994619909324
           112.6000     -7.8700       53.972957925754
           112.6100     -7.8700       52.397956057477
           112.6200     -7.8700       51.325580005673
           112.6300     -7.8700       50.785606060768
           112.6400     -7.8700       50.780489110404
           112.6500     -7.8700       51.286049714158
           112.6600     -7.8700       52.253911416191
           112.6700     -7.8700       53.615492130085
           112.6800     -7.8700       55.287240955572
           112.6900     -7.8700       57.176722670771
           112.7000     -7.8700       59.189093136715
           112.7100     -7.8700       61.233484430040
           112.7200     -7.8700       63.228830529752
           112.7300     -7.8700       65.108711880913
           112.7400     -7.8700       66.824876467593
           112.7500     -7.8700       68.349200014824
           112.7600     -7.8700       69.673970475416
           112.7700     -7.8700       70.810512541304
           112.7800     -7.8700       71.786296414957
           112.7900     -7.8700       72.640791503343
           112.8000     -7.8700       73.420421013128
           112.8100     -7.8700       74.173040242758
           112.8200     -7.8700       74.942394536804
           112.8300     -7.8700       75.763009898018
           112.8400     -7.8700       76.655930508791
           112.8500     -7.8700       77.625646100085
           112.8600     -7.8700       78.658454014306
           112.8700     -7.8700       79.722383861196
           112.8800     -7.8700       80.768686285157
           112.8900     -7.8700       81.734761714891
           112.9000     -7.8700       82.548290145057
           112.9100     -7.8700       83.132228207993
           112.9200     -7.8700       83.410272597015
           112.9300     -7.8700       83.312354612194
           112.9400     -7.8700       82.779731834402
           112.9500     -7.8700       81.769279404662
           112.9600     -7.8700       80.256651915176
           112.9700     -7.8700       78.238081696737
           112.9800     -7.8700       75.730692349694
           112.9900     -7.8700       72.771328249129
           113.0000     -7.8700       69.414021280170
           112.0000     -7.8800       23.472017012789
           112.0100     -7.8800       22.848422702150
           112.0200     -7.8800       22.311674154599
           112.0300     -7.8800       21.807527366835
           112.0400     -7.8800       21.301765180676
           112.0500     -7.8800       20.782269688679
           112.0600     -7.8800       20.259311133362
           112.0700     -7.8800       19.764061692166
           112.0800     -7.8800       19.345468776890
           112.0900     -7.8800       19.065738554540
           112.1000     -7.8800       18.994778169585
           112.1100     -7.8800       19.204017750145
           112.1200     -7.8800       19.760075613367
           112.1300     -7.8800       20.718739177371
           112.1400     -7.8800       22.119709311925
           112.1500     -7.8800       23.982498985832
           112.1600     -7.8800       26.303792143198
           112.1700     -7.8800       29.056461812239
           112.1800     -7.8800       32.190325149454
           112.1900     -7.8800       35.634586127871
           112.2000     -7.8800       39.301793006811
           112.2100     -7.8800       43.093026479990
           112.2200     -7.8800       46.903943553292
           112.2300     -7.8800       50.631238393783
           112.2400     -7.8800       54.179049350762
           112.2500     -7.8800       57.464843553054
           112.2600     -7.8800       60.424346955946
           112.2700     -7.8800       63.015155995593
           112.2800     -7.8800       65.218762340128
           112.2900     -7.8800       67.040837843661
           112.3000     -7.8800       68.509754425554
           112.3100     -7.8800       69.673443987053
           112.3200     -7.8800       70.594827131392
           112.3300     -7.8800       71.346147266053
           112.3400     -7.8800       72.002630598160
           112.3500     -7.8800       72.635946208929
           112.3600     -7.8800       73.307959577499
           112.3700     -7.8800       74.065255860847
           112.3800     -7.8800       74.934856800002
           112.3900     -7.8800       75.921470787846
           112.4000     -7.8800       77.006505251816
           112.4100     -7.8800       78.148941904637
           112.4200     -7.8800       79.288037855013
           112.4300     -7.8800       80.347679072754
           112.4400     -7.8800       81.242087334571
           112.4500     -7.8800       81.882476904710
           112.4600     -7.8800       82.184180799174
           112.4700     -7.8800       82.073724511674
           112.4800     -7.8800       81.495321044674
           112.4900     -7.8800       80.416295733119
           112.5000     -7.8800       78.831020567535
           112.5100     -7.8800       76.763040685743
           112.5200     -7.8800       74.265203173431
           112.5300     -7.8800       71.417741162358
           112.5400     -7.8800       68.324414069042
           112.5500     -7.8800       65.106946820338
           112.5600     -7.8800       61.898136527625
           112.5700     -7.8800       58.834094869065
           112.5800     -7.8800       56.046160814651
           112.5900     -7.8800       53.653046090502
           112.6000     -7.8800       51.753762564343
           112.6100     -7.8800       50.421827215637
           112.6200     -7.8800       49.701150219671
           112.6300     -7.8800       49.603891381038
           112.6400     -7.8800       50.110428462786
           112.6500     -7.8800       51.171428305082
           112.6600     -7.8800       52.711859338502
           112.6700     -7.8800       54.636643542918
           112.6800     -7.8800       56.837527637097
           112.6900     -7.8800       59.200666234445
           112.7000     -7.8800       61.614360477223
           112.7100     -7.8800       63.976388037971
           112.7200     -7.8800       66.200394980540
           112.7300     -7.8800       68.220894219087
           112.7400     -7.8800       69.996523583423
           112.7500     -7.8800       71.511350556243
           112.7600     -7.8800       72.774160358461
           112.7700     -7.8800       73.815817772307
           112.7800     -7.8800       74.684939122110
           112.7900     -7.8800       75.442237970865
           112.8000     -7.8800       76.154006579079
           112.8100     -7.8800       76.885257470667
           112.8200     -7.8800       77.693070831479
           112.8300     -7.8800       78.620672395069
           112.8400     -7.8800       79.692704733604
           112.8500     -7.8800       80.912057445245
           112.8600     -7.8800       82.258496391228
           112.8700     -7.8800       83.689188857855
           112.8800     -7.8800       85.141071677918
           112.8900     -7.8800       86.534864822506
           112.9000     -7.8800       87.780405202826
           112.9100     -7.8800       88.782874478121
           112.9200     -7.8800       89.449428455500
           112.9300     -7.8800       89.695709288573
           112.9400     -7.8800       89.451737010525
           112.9500     -7.8800       88.666732474428
           112.9600     -7.8800       87.312514763237
           112.9700     -7.8800       85.385234946516
           112.9800     -7.8800       82.905344821964
           112.9900     -7.8800       79.915842665567
           113.0000     -7.8800       76.478976188242
           112.0000     -7.8900       26.409977173156
           112.0100     -7.8900       25.812981571074
           112.0200     -7.8900       25.256849407940
           112.0300     -7.8900       24.695189122781
           112.0400     -7.8900       24.103390002944
           112.0500     -7.8900       23.480155688596
           112.0600     -7.8900       22.847159090677
           112.0700     -7.8900       22.246864842114
           112.0800     -7.8900       21.738697685055
           112.0900     -7.8900       21.393854478280
           112.1000     -7.8900       21.289155250112
           112.1100     -7.8900       21.500397888776
           112.1200     -7.8900       22.095716633504
           112.1300     -7.8900       23.129443867359
           112.1400     -7.8900       24.636937763707
           112.1500     -7.8900       26.630767654190
           112.1600     -7.8900       29.098549557745
           112.1700     -7.8900       32.002603226265
           112.1800     -7.8900       35.281468015029
           112.1900     -7.8900       38.853177558125
           112.2000     -7.8900       42.620062605174
           112.2100     -7.8900       46.474737024039
           112.2200     -7.8900       50.306832353380
           112.2300     -7.8900       54.009988125917
           112.2400     -7.8900       57.488582971071
           112.2500     -7.8900       60.663707156750
           112.2600     -7.8900       63.477929911250
           112.2700     -7.8900       65.898501032250
           112.2800     -7.8900       67.918739911636
           112.2900     -7.8900       69.557498082247
           112.3000     -7.8900       70.856724121197
           112.3100     -7.8900       71.877301799914
           112.3200     -7.8900       72.693463260806
           112.3300     -7.8900       73.386188930724
           112.3400     -7.8900       74.036086483115
           112.3500     -7.8900       74.716286121037
           112.3600     -7.8900       75.485895005391
           112.3700     -7.8900       76.384518886254
           112.3800     -7.8900       77.428285960813
           112.3900     -7.8900       78.607701580119
           112.4000     -7.8900       79.887530087724
           112.4100     -7.8900       81.208751241344
           112.4200     -7.8900       82.492484134847
           112.4300     -7.8900       83.645622662869
           112.4400     -7.8900       84.567794451220
           112.4500     -7.8900       85.159149823930
           112.4600     -7.8900       85.328416959620
           112.4700     -7.8900       85.000629599759
           112.4800     -7.8900       84.123947272702
           112.4900     -7.8900       82.675044577588
           112.5000     -7.8900       80.662642029231
           112.5100     -7.8900       78.128879731678
           112.5200     -7.8900       75.148387639460
           112.5300     -7.8900       71.825071421704
           112.5400     -7.8900       68.286798921629
           112.5500     -7.8900       64.678326658324
           112.5600     -7.8900       61.152937215455
           112.5700     -7.8900       57.863356748991
           112.5800     -7.8900       54.952579612671
           112.5900     -7.8900       52.545239575487
           112.6000     -7.8900       50.740132943244
           112.6100     -7.8900       49.604420211947
           112.6200     -7.8900       49.169915130550
           112.6300     -7.8900       49.431721657347
           112.6400     -7.8900       50.349311043410
           112.6500     -7.8900       51.849955527082
           112.6600     -7.8900       53.834264891322
           112.6700     -7.8900       56.183420115601
           112.6800     -7.8900       58.767575957486
           112.6900     -7.8900       61.454820779327
           112.7000     -7.8900       64.120043668181
           112.7100     -7.8900       66.653068875179
           112.7200     -7.8900       68.965475181984
           112.7300     -7.8900       70.995618734899
           112.7400     -7.8900       72.711514612457
           112.7500     -7.8900       74.111394601934
           112.7600     -7.8900       75.221934073807
           112.7700     -7.8900       76.094316140071
           112.7800     -7.8900       76.798463123487
           112.7900     -7.8900       77.415901420831
           112.8000     -7.8900       78.031825751682
           112.8100     -7.8900       78.726984960326
           112.8200     -7.8900       79.570019771762
           112.8300     -7.8900       80.610842697023
           112.8400     -7.8900       81.875564902400
           112.8500     -7.8900       83.363351081956
           112.8600     -7.8900       85.045430973874
           112.8700     -7.8900       86.866327138657
           112.8800     -7.8900       88.747186257827
           112.8900     -7.8900       90.590939041488
           112.9000     -7.8900       92.288874546236
           112.9100     -7.8900       93.728109155323
           112.9200     -7.8900       94.799366808337
           112.9300     -7.8900       95.404470077537
           112.9400     -7.8900       95.462972418182
           112.9500     -7.8900       94.917437587893
           112.9600     -7.8900       93.736986445835
           112.9700     -7.8900       91.918874626032
           112.9800     -7.8900       89.488025125578
           112.9900     -7.8900       86.494604487641
           113.0000     -7.8900       83.009886527748
           112.0000     -7.9000       29.301830007170
           112.0100     -7.9000       28.732605327237
           112.0200     -7.9000       28.157725484034
           112.0300     -7.9000       27.538895184577
           112.0400     -7.9000       26.861224033494
           112.0500     -7.9000       26.134212421595
           112.0600     -7.9000       25.390776505488
           112.0700     -7.9000       24.684395743277
           112.0800     -7.9000       24.084603847423
           112.0900     -7.9000       23.671165661858
           112.1000     -7.9000       23.527379497114
           112.1100     -7.9000       23.733009712597
           112.1200     -7.9000       24.357382913166
           112.1300     -7.9000       25.453170741191
           112.1400     -7.9000       27.051333416124
           112.1500     -7.9000       29.157614217427
           112.1600     -7.9000       31.750861920641
           112.1700     -7.9000       34.783323855944
           112.1800     -7.9000       38.182906452745
           112.1900     -7.9000       41.857253477337
           112.2000     -7.9000       45.699355441271
           112.2100     -7.9000       49.594287012845
           112.2200     -7.9000       53.426581491958
           112.2300     -7.9000       57.087699272873
           112.2400     -7.9000       60.483034939370
           112.2500     -7.9000       63.537936549390
           112.2600     -7.9000       66.202279091113
           112.2700     -7.9000       68.453237419142
           112.2800     -7.9000       70.296034966626
           112.2900     -7.9000       71.762593803099
           112.3000     -7.9000       72.908168322729
           112.3100     -7.9000       73.806197464492
           112.3200     -7.9000       74.541747491849
           112.3300     -7.9000       75.204028591762
           112.3400     -7.9000       75.878545258345
           112.3500     -7.9000       76.639476406742
           112.3600     -7.9000       77.542873146684
           112.3700     -7.9000       78.621210074842
           112.3800     -7.9000       79.879733028096
           112.3900     -7.9000       81.294918760855
           112.4000     -7.9000       82.815208912132
           112.4100     -7.9000       84.364012891493
           112.4200     -7.9000       85.844804170023
           112.4300     -7.9000       87.147974510671
           112.4400     -7.9000       88.158972944376
           112.4500     -7.9000       88.767151360469
           112.4600     -7.9000       88.874674723452
           112.4700     -7.9000       88.404836520261
           112.4800     -7.9000       87.309151080769
           112.4900     -7.9000       85.572672331101
           112.5000     -7.9000       83.217108262152
           112.5100     -7.9000       80.301453676329
           112.5200     -7.9000       76.920039757422
           112.5300     -7.9000       73.198084999955
           112.5400     -7.9000       69.285014429085
           112.5500     -7.9000       65.345979322399
           112.5600     -7.9000       61.552145392236
           112.5700     -7.9000       58.070413224827
           112.5800     -7.9000       55.053283167419
           112.5900     -7.9000       52.629573717067
           112.6000     -7.9000       50.896647496054
           112.6100     -7.9000       49.914695658766
           112.6200     -7.9000       49.703487257920
           112.6300     -7.9000       50.241815034245
           112.6400     -7.9000       51.469676004643
           112.6500     -7.9000       53.293028289990
           112.6600     -7.9000       55.590779430848
           112.6700     -7.9000       58.223499881667
           112.6800     -7.9000       61.043230599115
           112.6900     -7.9000       63.903675115277
           112.7000     -7.9000       66.670040259518
           112.7100     -7.9000       69.227817907828
           112.7200     -7.9000       71.489880843625
           112.7300     -7.9000       73.401393081730
           112.7400     -7.9000       74.942199360694
           112.7500     -7.9000       76.126547621790
           112.7600     -7.9000       77.000197918411
           112.7700     -7.9000       77.635166247281
           112.7800     -7.9000       78.122527485703
           112.7900     -7.9000       78.563844628426
           112.8000     -7.9000       79.061890996786
           112.8100     -7.9000       79.711380523058
           112.8200     -7.9000       80.590414995945
           112.8300     -7.9000       81.753296902989
           112.8400     -7.9000       83.225247011070
           112.8500     -7.9000       84.999415689486
           112.8600     -7.9000       87.036397953450
           112.8700     -7.9000       89.266268277941
           112.8800     -7.9000       91.592957535799
           112.8900     -7.9000       93.900616038663
           112.9000     -7.9000       96.061457461627
           112.9100     -7.9000       97.944469941340
           112.9200     -7.9000       99.424321139345
           112.9300     -7.9000      100.389777942385
           112.9400     -7.9000      100.751008861382
           112.9500     -7.9000      100.445233958361
           112.9600     -7.9000       99.440325208817
           112.9700     -7.9000       97.736128241215
           112.9800     -7.9000       95.363460656592
           112.9900     -7.9000       92.380927624882
           113.0000     -7.9000       88.869867133782
           112.0000     -7.9100       32.142637362669
           112.0100     -7.9100       31.599837605974
           112.0200     -7.9100       31.005588785846
           112.0300     -7.9100       30.329690052480
           112.0400     -7.9100       29.566817787342
           112.0500     -7.9100       28.736969666294
           112.0600     -7.9100       27.883878191190
           112.0700     -7.9100       27.071513307057
           112.0800     -7.9100       26.378935335325
           112.0900     -7.9100       25.893882710928
           112.1000     -7.9100       25.705574771093
           112.1100     -7.9100       25.897270880563
           112.1200     -7.9100       26.539148727963
           112.1300     -7.9100       27.682044763565
           112.1400     -7.9100       29.352539551715
           112.1500     -7.9100       31.549774329228
           112.1600     -7.9100       34.244259046797
           112.1700     -7.9100       37.378785620832
           112.1800     -7.9100       40.871403648074
           112.1900     -7.9100       44.620260900825
           112.2000     -7.9100       48.509969018186
           112.2100     -7.9100       52.419036611422
           112.2200     -7.9100       56.227826568825
           112.2300     -7.9100       59.826448433564
           112.2400     -7.9100       63.121994260404
           112.2500     -7.9100       66.044568095711
           112.2600     -7.9100       68.551642666544
           112.2700     -7.9100       70.630396379520
           112.2800     -7.9100       72.297830930655
           112.2900     -7.9100       73.598634147418
           112.3000     -7.9100       74.600922126888
           112.3100     -7.9100       75.390156739171
           112.3200     -7.9100       76.061676930766
           112.3300     -7.9100       76.712394055433
           112.3400     -7.9100       77.432273847531
           112.3500     -7.9100       78.296254592133
           112.3600     -7.9100       79.357229779175
           112.3700     -7.9100       80.640654839662
           112.3800     -7.9100       82.141225777929
           112.3900     -7.9100       83.821930241098
           112.4000     -7.9100       85.615599179034
           112.4100     -7.9100       87.428902160005
           112.4200     -7.9100       89.148545183893
           112.4300     -7.9100       90.649260200975
           112.4400     -7.9100       91.803033363641
           112.4500     -7.9100       92.488915342087
           112.4600     -7.9100       92.602700168987
           112.4700     -7.9100       92.065754037909
           112.4800     -7.9100       90.832323485288
           112.4900     -7.9100       88.894750728331
           112.5000     -7.9100       86.286166117763
           112.5100     -7.9100       83.080403841645
           112.5200     -7.9100       79.389084656810
           112.5300     -7.9100       75.356014221116
           112.5400     -7.9100       71.149242510670
           112.5500     -7.9100       66.951304167435
           112.5600     -7.9100       62.948298250797
           112.5700     -7.9100       59.318558065161
           112.5800     -7.9100       56.221700129474
           112.5900     -7.9100       53.788822485050
           112.6000     -7.9100       52.114547172473
           112.6100     -7.9100       51.251474833595
           112.6200     -7.9100       51.207449893031
           112.6300     -7.9100       51.945834800517
           112.6400     -7.9100       53.388775921540
           112.6500     -7.9100       55.423227724687
           112.6600     -7.9100       57.909301949781
           112.6700     -7.9100       60.690339406924
           112.6800     -7.9100       63.603976706755
           112.6900     -7.9100       66.493408124310
           112.7000     -7.9100       69.218029583436
           112.7100     -7.9100       71.662698650678
           112.7200     -7.9100       73.744948158974
           112.7300     -7.9100       75.419644047882
           112.7400     -7.9100       76.680768856522
           112.7500     -7.9100       77.560226768484
           112.7600     -7.9100       78.123788070044
           112.7700     -7.9100       78.464503604377
           112.7800     -7.9100       78.694107200234
           112.7900     -7.9100       78.933071928760
           112.8000     -7.9100       79.300083192263
           112.8100     -7.9100       79.901730733293
           112.8200     -7.9100       80.823199775553
           112.8300     -7.9100       82.120660458117
           112.8400     -7.9100       83.815920847543
           112.8500     -7.9100       85.893732534819
           112.8600     -7.9100       88.301932849214
           112.8700     -7.9100       90.954389969378
           112.8800     -7.9100       93.736503581557
           112.8900     -7.9100       96.512820779583
           112.9000     -7.9100       99.136169532256
           112.9100     -7.9100      101.457602354210
           112.9200     -7.9100      103.336389125688
           112.9300     -7.9100      104.649304200297
           112.9400     -7.9100      105.298518158801
           112.9500     -7.9100      105.217523273903
           112.9600     -7.9100      104.374684169616
           112.9700     -7.9100      102.774198053663
           112.9800     -7.9100      100.454456636943
           112.9900     -7.9100       97.484007649810
           113.0000     -7.9100       93.955501146571
           112.0000     -7.9200       34.925205471426
           112.0100     -7.9200       34.405101450097
           112.0200     -7.9200       33.789743353295
           112.0300     -7.9200       33.056790695789
           112.0400     -7.9200       32.210079800119
           112.0500     -7.9200       31.279545777577
           112.0600     -7.9200       30.319056899439
           112.0700     -7.9200       29.402315158001
           112.0800     -7.9200       28.617121797142
           112.0900     -7.9200       28.058430798289
           112.1000     -7.9200       27.820707380461
           112.1100     -7.9200       27.990165250735
           112.1200     -7.9200       28.637471019981
           112.1300     -7.9200       29.811475306232
           112.1400     -7.9200       31.534459201815
           112.1500     -7.9200       33.799276713481
           112.1600     -7.9200       36.568636041467
           112.1700     -7.9200       39.776604984811
           112.1800     -7.9200       43.332259791934
           112.1900     -7.9200       47.125234647095
           112.2000     -7.9200       51.032782816954
           112.2100     -7.9200       54.927841393769
           112.2200     -7.9200       58.687508835752
           112.2300     -7.9200       62.201304834869
           112.2400     -7.9200       65.378589053573
           112.2500     -7.9200       68.154569165491
           112.2600     -7.9200       70.494426123899
           112.2700     -7.9200       72.395219079997
           112.2800     -7.9200       73.885394427916
           112.2900     -7.9200       75.021901401675
           112.3000     -7.9200       75.885097445981
           112.3100     -7.9200       76.571796749334
           112.3200     -7.9200       77.186961947563
           112.3300     -7.9200       77.834650696480
           112.3400     -7.9200       78.608896600716
           112.3500     -7.9200       79.585222019125
           112.3600     -7.9200       80.813446304573
           112.3700     -7.9200       82.312368678529
           112.3800     -7.9200       84.066775581031
           112.3900     -7.9200       86.027056820874
           112.4000     -7.9200       88.111524881713
           112.4100     -7.9200       90.211331050792
           112.4200     -7.9200       92.197675403198
           112.4300     -7.9200       93.930829826685
           112.4400     -7.9200       95.270347795300
           112.4500     -7.9200       96.085732898699
           112.4600     -7.9200       96.266788542895
           112.4700     -7.9200       95.732878346587
           112.4800     -7.9200       94.440391004501
           112.4900     -7.9200       92.387820962681
           112.5000     -7.9200       89.618039301969
           112.5100     -7.9200       86.217526393781
           112.5200     -7.9200       82.312555096813
           112.5300     -7.9200       78.062534718432
           112.5400     -7.9200       73.650935333529
           112.5500     -7.9200       69.274393664954
           112.5600     -7.9200       65.130741760471
           112.5700     -7.9200       61.406787239831
           112.5800     -7.9200       58.266701789901
           112.5900     -7.9200       55.841840070342
           112.6000     -7.9200       54.222716093394
           112.6100     -7.9200       53.453714839293
           112.6200     -7.9200       53.530923862924
           112.6300     -7.9200       54.403246816538
           112.6400     -7.9200       55.976724409889
           112.6500     -7.9200       58.121755780692
           112.6600     -7.9200       60.682701857178
           112.6700     -7.9200       63.489177930363
           112.6800     -7.9200       66.368218540888
           112.6900     -7.9200       69.156433478914
           112.7000     -7.9200       71.711274324014
           112.7100     -7.9200       73.920596791955
           112.7200     -7.9200       75.709830570282
           112.7300     -7.9200       77.046246079513
           112.7400     -7.9200       77.940023527349
           112.7500     -7.9200       78.442067610217
           112.7600     -7.9200       78.638753397227
           112.7700     -7.9200       78.644017052644
           112.7800     -7.9200       78.589401864692
           112.7900     -7.9200       78.612820631480
           112.8000     -7.9200       78.846888376363
           112.8100     -7.9200       79.407707573565
           112.8200     -7.9200       80.384949450961
           112.8300     -7.9200       81.833972515414
           112.8400     -7.9200       83.770561139936
           112.8500     -7.9200       86.168665095213
           112.8600     -7.9200       88.961290908422
           112.8700     -7.9200       92.044455666176
           112.8800     -7.9200       95.283881912119
           112.8900     -7.9200       98.523906530454
           112.9000     -7.9200      101.597912801829
           112.9100     -7.9200      104.339485708669
           112.9200     -7.9200      106.593444299027
           112.9300     -7.9200      108.225924786959
           112.9400     -7.9200      109.132772154557
           112.9500     -7.9200      109.245639340205
           112.9600     -7.9200      108.535380146842
           112.9700     -7.9200      107.012539676539
           112.9800     -7.9200      104.724976884439
           112.9900     -7.9200      101.752879233797
           113.0000     -7.9200       98.201631391034
           112.0000     -7.9300       37.639086215034
           112.0100     -7.9300       37.135967833266
           112.0200     -7.9300       36.496988811376
           112.0300     -7.9300       35.707223025553
           112.0400     -7.9300       34.779028507296
           112.0500     -7.9300       33.751480063529
           112.0600     -7.9300       32.687669521979
           112.0700     -7.9300       31.670058892735
           112.0800     -7.9300       30.794219283482
           112.0900     -7.9300       30.161412990029
           112.1000     -7.9300       29.870568277518
           112.1100     -7.9300       30.010248704191
           112.1200     -7.9300       30.651226983487
           112.1300     -7.9300       31.840236100829
           112.1400     -7.9300       33.595389814213
           112.1500     -7.9300       35.903646132793
           112.1600     -7.9300       38.720539145769
           112.1700     -7.9300       41.972237262461
           112.1800     -7.9300       45.559811710987
           112.1900     -7.9300       49.365430927403
           112.2000     -7.9300       53.260046916445
           112.2100     -7.9300       57.112020267060
           112.2200     -7.9300       60.796050695508
           112.2300     -7.9300       64.201746409026
           112.2400     -7.9300       67.241181540889
           112.2500     -7.9300       69.854856069139
           112.2600     -7.9300       72.015582979016
           112.2700     -7.9300       73.729975497480
           112.2800     -7.9300       75.037382595481
           112.2900     -7.9300       76.006310967635
           112.3000     -7.9300       76.728562379530
           112.3100     -7.9300       77.311492333293
           112.3200     -7.9300       77.868945909988
           112.3300     -7.9300       78.511537651800
           112.3400     -7.9300       79.337005389660
           112.3500     -7.9300       80.421377365843
           112.3600     -7.9300       81.811646115708
           112.3700     -7.9300       83.520543736950
           112.3800     -7.9300       85.523867775070
           112.3900     -7.9300       87.760624980353
           112.4000     -7.9300       90.136054557615
           112.4100     -7.9300       92.527378157233
           112.4200     -7.9300       94.791916594836
           112.4300     -7.9300       96.777028745671
           112.4400     -7.9300       98.331180429919
           112.4500     -7.9300       99.315352074189
           112.4600     -7.9300       99.613951764254
           112.4700     -7.9300       99.144419152327
           112.4800     -7.9300       97.864785219539
           112.4900     -7.9300       95.778588252603
           112.5000     -7.9300       92.936728453993
           112.5100     -7.9300       89.436059612249
           112.5200     -7.9300       85.414750717911
           112.5300     -7.9300       81.044686205767
           112.5400     -7.9300       76.521393158077
           112.5500     -7.9300       72.052170783481
           112.5600     -7.9300       67.843237459723
           112.5700     -7.9300       64.086792571465
           112.5800     -7.9300       60.948907448147
           112.5900     -7.9300       58.559109829132
           112.6000     -7.9300       57.002412350255
           112.6100     -7.9300       56.314365279686
           112.6200     -7.9300       56.479499159605
           112.6300     -7.9300       57.433279615586
           112.6400     -7.9300       59.067442187261
           112.6500     -7.9300       61.238328432309
           112.6600     -7.9300       63.777624183987
           112.6700     -7.9300       66.504723328049
           112.6800     -7.9300       69.239819365809
           112.6900     -7.9300       71.816771776985
           112.7000     -7.9300       74.094809338660
           112.7100     -7.9300       75.968217375037
           112.7200     -7.9300       77.373304425030
           112.7300     -7.9300       78.292145189083
           112.7400     -7.9300       78.752835956944
           112.7500     -7.9300       78.826258167882
           112.7600     -7.9300       78.619605839205
           112.7700     -7.9300       78.267173699965
           112.7800     -7.9300       77.919106724213
           112.7900     -7.9300       77.728962874481
           112.8000     -7.9300       77.841027711640
           112.8100     -7.9300       78.378335445157
           112.8200     -7.9300       79.432294740004
           112.8300     -7.9300       81.054693444629
           112.8400     -7.9300       83.252673860513
           112.8500     -7.9300       85.987043247148
           112.8600     -7.9300       89.174030392775
           112.8700     -7.9300       92.690337821077
           112.8800     -7.9300       96.381090669374
           112.8900     -7.9300      100.070066602107
           112.9000     -7.9300      103.571422972450
           112.9100     -7.9300      106.702030684967
           112.9200     -7.9300      109.293486910455
           112.9300     -7.9300      111.202913582874
           112.9400     -7.9300      112.321752431051
           112.9500     -7.9300      112.581931700478
           112.9600     -7.9300      111.958991474090
           112.9700     -7.9300      110.471996653959
           112.9800     -7.9300      108.180319886682
           112.9900     -7.9300      105.177620828002
           113.0000     -7.9300      101.583563735714
           112.0000     -7.9400       40.270008767546
           112.0100     -7.9400       39.776804663934
           112.0200     -7.9400       39.111432014880
           112.0300     -7.9400       38.265747378536
           112.0400     -7.9400       37.259789521561
           112.0500     -7.9400       36.140767023544
           112.0600     -7.9400       34.979880767918
           112.0700     -7.9400       33.867194762877
           112.0800     -7.9400       32.904918100948
           112.0900     -7.9400       32.199585345845
           112.1000     -7.9400       31.853712579367
           112.1100     -7.9400       31.957554501274
           112.1200     -7.9400       32.581590085213
           112.1300     -7.9400       33.770319439973
           112.1400     -7.9400       35.537865273430
           112.1500     -7.9400       37.865744624955
           112.1600     -7.9400       40.703019212028
           112.1700     -7.9400       43.968857085948
           112.1800     -7.9400       47.557357138015
           112.1900     -7.9400       51.344314814092
           112.2000     -7.9400       55.195455305804
           112.2100     -7.9400       58.975541279552
           112.2200     -7.9400       62.557685428177
           112.2300     -7.9400       65.832170335605
           112.2400     -7.9400       68.714102338432
           112.2500     -7.9400       71.149301419205
           112.2600     -7.9400       73.117950992162
           112.2700     -7.9400       74.635691487615
           112.2800     -7.9400       75.752028623426
           112.2900     -7.9400       76.546127648823
           112.3000     -7.9400       77.120263864018
           112.3100     -7.9400       77.591382379425
           112.3200     -7.9400       78.081372334511
           112.3300     -7.9400       78.706770607885
           112.3400     -7.9400       79.568668324769
           112.3500     -7.9400       80.743594801899
           112.3600     -7.9400       82.276096726205
           112.3700     -7.9400       84.173618446122
           112.3800     -7.9400       86.404129559767
           112.3900     -7.9400       88.896749534449
           112.4000     -7.9400       91.545399879291
           112.4100     -7.9400       94.215288385020
           112.4200     -7.9400       96.751813923720
           112.4300     -7.9400       98.991290617048
           112.4400     -7.9400      100.772741516056
           112.4500     -7.9400      101.949916169453
           112.4600     -7.9400      102.402651724065
           112.4700     -7.9400      102.046727209849
           112.4800     -7.9400      100.841454338365
           112.4900     -7.9400       98.794399627256
           112.5000     -7.9400       95.962831664774
           112.5100     -7.9400       92.451719827686
           112.5200     -7.9400       88.408360003789
           112.5300     -7.9400       84.013950564220
           112.5400     -7.9400       79.472669525542
           112.5500     -7.9400       74.998994295439
           112.5600     -7.9400       70.804143897054
           112.5700     -7.9400       67.082599080215
           112.5800     -7.9400       63.999661779403
           112.5900     -7.9400       61.680950610366
           112.6000     -7.9400       60.204597441600
           112.6100     -7.9400       59.596720531306
           112.6200     -7.9400       59.830515736548
           112.6300     -7.9400       60.829045827588
           112.6400     -7.9400       62.471538184494
           112.6500     -7.9400       64.602743158161
           112.6600     -7.9400       67.044678516092
           112.6700     -7.9400       69.609906891487
           112.6800     -7.9400       72.115376766017
           112.6900     -7.9400       74.395812442512
           112.7000     -7.9400       76.315668607097
           112.7100     -7.9400       77.778768698576
           112.7200     -7.9400       78.734916088119
           112.7300     -7.9400       79.182990656153
           112.7400     -7.9400       79.170304206486
           112.7500     -7.9400       78.788266815057
           112.7600     -7.9400       78.164691735182
           112.7700     -7.9400       77.453318051600
           112.7800     -7.9400       76.821338781171
           112.7900     -7.9400       76.435871633067
           112.8000     -7.9400       76.450388666903
           112.8100     -7.9400       76.992123460886
           112.8200     -7.9400       78.151399800924
           112.8300     -7.9400       79.973679898937
           112.8400     -7.9400       82.454923811668
           112.8500     -7.9400       85.540600793236
           112.8600     -7.9400       89.128416976362
           112.8700     -7.9400       93.074543233894
           112.8800     -7.9400       97.202863876041
           112.8900     -7.9400      101.316541224098
           112.9000     -7.9400      105.211020406039
           112.9100     -7.9400      108.687496022599
           112.9200     -7.9400      111.565835422814
           112.9300     -7.9400      113.696004079696
           112.9400     -7.9400      114.967162770396
           112.9500     -7.9400      115.313793985107
           112.9600     -7.9400      114.718451276300
           112.9700     -7.9400      113.210991363742
           112.9800     -7.9400      110.864423643737
           112.9900     -7.9400      107.787773558155
           113.0000     -7.9400      104.116584363391
           112.0000     -7.9500       42.799840413126
           112.0100     -7.9500       42.308886608247
           112.0200     -7.9500       41.614697231780
           112.0300     -7.9500       40.715125168425
           112.0400     -7.9500       39.636880375982
           112.0500     -7.9500       38.434126765431
           112.0600     -7.9500       37.184892929033
           112.0700     -7.9500       35.985534416928
           112.0800     -7.9500       34.943635750169
           112.0900     -7.9500       34.169864334823
           112.1000     -7.9500       33.769376175218
           112.1100     -7.9500       33.833417563501
           112.1200     -7.9500       34.431763643326
           112.1300     -7.9500       35.606583277743
           112.1400     -7.9500       37.368222954302
           112.1500     -7.9500       39.693266932495
           112.1600     -7.9500       42.525065907897
           112.1700     -7.9500       45.776743947271
           112.1800     -7.9500       49.336506702292
           112.1900     -7.9500       53.074896880310
           112.2000     -7.9500       56.853489130946
           112.2100     -7.9500       60.534397917576
           112.2200     -7.9500       63.989898200822
           112.2300     -7.9500       67.111436311248
           112.2400     -7.9500       69.817339953089
           112.2500     -7.9500       72.058620579520
           112.2600     -7.9500       73.822393142804
           112.2700     -7.9500       75.132608504030
           112.2800     -7.9500       76.047990561791
           112.2900     -7.9500       76.657279162483
           112.3000     -7.9500       77.072085609193
           112.3100     -7.9500       77.417854539858
           112.3200     -7.9500       77.823579641084
           112.3300     -7.9500       78.411028849348
           112.3400     -7.9500       79.284288285943
           112.3500     -7.9500       80.520428016440
           112.3600     -7.9500       82.162026049176
           112.3700     -7.9500       84.212163555947
           112.3800     -7.9500       86.632332222001
           112.3900     -7.9500       89.343485841894
           112.4000     -7.9500       92.230237701939
           112.4100     -7.9500       95.147969790437
           112.4200     -7.9500       97.932397015943
           112.4300     -7.9500      100.410936344852
           112.4400     -7.9500      102.415082147460
           112.4500     -7.9500      103.792897052718
           112.4600     -7.9500      104.420700212325
           112.4700     -7.9500      104.213075316241
           112.4800     -7.9500      103.130427199882
           112.4900     -7.9500      101.183481661275
           112.5000     -7.9500       98.434336816578
           112.5100     -7.9500       94.993920822345
           112.5200     -7.9500       91.015972221399
           112.5300     -7.9500       86.687916248342
           112.5400     -7.9500       82.219243896347
           112.5500     -7.9500       77.828192603100
           112.5600     -7.9500       73.727663099743
           112.5700     -7.9500       70.111375330937
           112.5800     -7.9500       67.141261343307
           112.5900     -7.9500       64.937014028986
           112.6000     -7.9500       63.568562531343
           112.6100     -7.9500       63.052038164164
           112.6200     -7.9500       63.349543619381
           112.6300     -7.9500       64.372761306786
           112.6400     -7.9500       65.990154317849
           112.6500     -7.9500       68.037246820894
           112.6600     -7.9500       70.329239822467
           112.6700     -7.9500       72.675040835257
           112.6800     -7.9500       74.891675891508
           112.6900     -7.9500       76.818018404218
           112.7000     -7.9500       78.326814805984
           112.7100     -7.9500       79.334108911417
           112.7200     -7.9500       79.805356952991
           112.7300     -7.9500       79.757769404620
           112.7400     -7.9500       79.258695984212
           112.7500     -7.9500       78.420165685212
           112.7600     -7.9500       77.389982090752
           112.7700     -7.9500       76.340033716615
           112.7800     -7.9500       75.452689914667
           112.7900     -7.9500       74.906298741092
           112.8000     -7.9500       74.860872809384
           112.8100     -7.9500       75.445036927463
           112.8200     -7.9500       76.745217914518
           112.8300     -7.9500       78.797889280208
           112.8400     -7.9500       81.585454027368
           112.8500     -7.9500       85.036075096959
           112.8600     -7.9500       89.027465765791
           112.8700     -7.9500       93.394354359627
           112.8800     -7.9500       97.939061801067
           112.8900     -7.9500      102.444397963830
           112.9000     -7.9500      106.687911435676
           112.9100     -7.9500      110.456430272431
           112.9200     -7.9500      113.559816071473
           112.9300     -7.9500      115.842921267264
           112.9400     -7.9500      117.194884561704
           112.9500     -7.9500      117.555110404596
           112.9600     -7.9500      116.915538821998
           112.9700     -7.9500      115.319101165542
           112.9800     -7.9500      112.854552766521
           112.9900     -7.9500      109.648151788990
           113.0000     -7.9500      105.852892908292
           112.0000     -7.9600       45.207121381124
           112.0100     -7.9600       44.710998954257
           112.0200     -7.9600       43.986558957595
           112.0300     -7.9600       43.036744041608
           112.0400     -7.9600       41.893795529833
           112.0500     -7.9600       40.617521876145
           112.0600     -7.9600       39.291371281347
           112.0700     -7.9600       38.016566078348
           112.0800     -7.9600       36.904707457806
           112.0900     -7.9600       36.069382254283
           112.1000     -7.9600       35.617389069484
           112.1100     -7.9600       35.640241812706
           112.1200     -7.9600       36.206600833205
           112.1300     -7.9600       37.356224818862
           112.1400     -7.9600       39.095933827617
           112.1500     -7.9600       41.397931996036
           112.1600     -7.9600       44.200667496582
           112.1700     -7.9600       47.412219452009
           112.1800     -7.9600       50.916010548596
           112.1900     -7.9600       54.578464331516
           112.2000     -7.9600       58.258071387349
           112.2100     -7.9600       61.815211005377
           112.2200     -7.9600       65.122004108606
           112.2300     -7.9600       68.071455586217
           112.2400     -7.9600       70.585182103627
           112.2500     -7.9600       72.619113341180
           112.2600     -7.9600       74.166694644290
           112.2700     -7.9600       75.259297730922
           112.2800     -7.9600       75.963750754058
           112.2900     -7.9600       76.377114784947
           112.3000     -7.9600       76.619044638296
           112.3100     -7.9600       76.822261901904
           112.3200     -7.9600       77.121822294981
           112.3300     -7.9600       77.643965672590
           112.3400     -7.9600       78.495386091728
           112.3500     -7.9600       79.753746445756
           112.3600     -7.9600       81.460186919383
           112.3700     -7.9600       83.614443270859
           112.3800     -7.9600       86.173008529387
           112.3900     -7.9600       89.050552810147
           112.4000     -7.9600       92.124576311889
           112.4100     -7.9600       95.243027770088
           112.4200     -7.9600       98.234392879724
           112.4300     -7.9600      100.919561891566
           112.4400     -7.9600      103.124638035681
           112.4500     -7.9600      104.693760644985
           112.4600     -7.9600      105.500996575142
           112.4700     -7.9600      105.460403539313
           112.4800     -7.9600      104.533486847413
           112.4900     -7.9600      102.733449152450
           112.5000     -7.9600      100.125858878768
           112.5100     -7.9600       96.825620925373
           112.5200     -7.9600       92.990404209360
           112.5300     -7.9600       88.810944543634
           112.5400     -7.9600       84.498878328781
           112.5500     -7.9600       80.272954385761
           112.5600     -7.9600       76.344602880734
           112.5700     -7.9600       72.903900917646
           112.5800     -7.9600       70.106958410314
           112.5900     -7.9600       68.065655400924
           112.6000     -7.9600       66.840498946446
           112.6100     -7.9600       66.437145342694
           112.6200     -7.9600       66.806867726360
           112.6300     -7.9600       67.850959408943
           112.6400     -7.9600       69.428771138288
           112.6500     -7.9600       71.368807798229
           112.6600     -7.9600       73.482077586889
           112.6700     -7.9600       75.576712405368
           112.6800     -7.9600       77.472775789473
           112.6900     -7.9600       79.016152681189
           112.7000     -7.9600       80.090476114926
           112.7100     -7.9600       80.626185679832
           112.7200     -7.9600       80.606021570339
           112.7300     -7.9600       80.066520959178
           112.7400     -7.9600       79.095380882257
           112.7500     -7.9600       77.824861572806
           112.7600     -7.9600       76.421702856772
           112.7700     -7.9600       75.074291107189
           112.7800     -7.9600       73.978025035520
           112.7900     -7.9600       73.319968933291
           112.8000     -7.9600       73.263940792409
           112.8100     -7.9600       73.937155109817
           112.8200     -7.9600       75.419427785476
           112.8300     -7.9600       77.735761518916
           112.8400     -7.9600       80.852878582205
           112.8500     -7.9600       84.679972751092
           112.8600     -7.9600       89.073635902964
           112.8700     -7.9600       93.846601459057
           112.8800     -7.9600       98.779660448168
           112.8900     -7.9600      103.635868499507
           112.9000     -7.9600      108.175991827184
           112.9100     -7.9600      112.174050397239
           112.9200     -7.9600      115.431813929211
           112.9300     -7.9600      117.791191378907
           112.9400     -7.9600      119.143620478243
           112.9500     -7.9600      119.435797862871
           112.9600     -7.9600      118.671374068665
           112.9700     -7.9600      116.908549083668
           112.9800     -7.9600      114.253818878099
           112.9900     -7.9600      110.852416798528
           113.0000     -7.9600      106.876242958787
           112.0000     -7.9700       47.468157318357
           112.0100     -7.9700       46.960514799350
           112.0200     -7.9700       46.205974350935
           112.0300     -7.9700       45.211578231663
           112.0400     -7.9700       44.013869933154
           112.0500     -7.9700       42.676902404532
           112.0600     -7.9700       41.288051733417
           112.0700     -7.9700       39.951909115867
           112.0800     -7.9700       38.782674782655
           112.0900     -7.9700       37.895599606320
           112.1000     -7.9700       37.398103604252
           112.1100     -7.9700       37.381238373938
           112.1200     -7.9700       37.912148820733
           112.1300     -7.9700       39.028128177977
           112.1400     -7.9700       40.732752819344
           112.1500     -7.9700       42.994436820935
           112.1600     -7.9700       45.747570839556
           112.1700     -7.9700       48.896218227509
           112.1800     -7.9700       52.320147501222
           112.1900     -7.9700       55.882798896323
           112.2000     -7.9700       59.440627738810
           112.2100     -7.9700       62.853151025388
           112.2200     -7.9700       65.992955577137
           112.2300     -7.9700       68.754912619099
           112.2400     -7.9700       71.063886876282
           112.2500     -7.9700       72.880326259721
           112.2600     -7.9700       74.203264760193
           112.2700     -7.9700       75.070456280777
           112.2800     -7.9700       75.555567694599
           112.2900     -7.9700       75.762580069064
           112.3000     -7.9700       75.817761307658
           112.3100     -7.9700       75.859765097941
           112.3200     -7.9700       76.028565047368
           112.3300     -7.9700       76.454036784404
           112.3400     -7.9700       77.245045664826
           112.3500     -7.9700       78.479878886556
           112.3600     -7.9700       80.198778331280
           112.3700     -7.9700       82.399189181664
           112.3800     -7.9700       85.034148721358
           112.3900     -7.9700       88.014013054001
           112.4000     -7.9700       91.211473122470
           112.4100     -7.9700       94.469563541268
           112.4200     -7.9700       97.612137029485
           112.4300     -7.9700      100.456081386666
           112.4400     -7.9700      102.824410443099
           112.4500     -7.9700      104.559277193373
           112.4600     -7.9700      105.533943864172
           112.4700     -7.9700      105.662802319562
           112.4800     -7.9700      104.908665906546
           112.4900     -7.9700      103.286742248541
           112.5000     -7.9700      100.864932518146
           112.5100     -7.9700       97.760369437862
           112.5200     -7.9700       94.132384119639
           112.5300     -7.9700       90.172360126625
           112.5400     -7.9700       86.091171458010
           112.5500     -7.9700       82.105091077574
           112.5600     -7.9700       78.421183043858
           112.5700     -7.9700       75.223243731303
           112.5800     -7.9700       72.659330971098
           112.5900     -7.9700       70.831815013939
           112.6000     -7.9700       69.790708794179
           112.6100     -7.9700       69.530799346853
           112.6200     -7.9700       69.992824356072
           112.6300     -7.9700       71.068638103286
           112.6400     -7.9700       72.610011887484
           112.6500     -7.9700       74.440437923910
           112.6600     -7.9700       76.369073955716
           112.6700     -7.9700       78.205796407521
           112.6800     -7.9700       79.776236433295
           112.6900     -7.9700       80.935663620522
           112.7000     -7.9700       81.580658080068
           112.7100     -7.9700       81.657668357190
           112.7200     -7.9700       81.167779023051
           112.7300     -7.9700       80.167291495458
           112.7400     -7.9700       78.764033906106
           112.7500     -7.9700       77.109637294937
           112.7600     -7.9700       75.388321752747
           112.7700     -7.9700       73.803003952207
           112.7800     -7.9700       72.559746132315
           112.7900     -7.9700       71.851699696573
           112.8000     -7.9700       71.843743450093
           112.8100     -7.9700       72.658972942490
           112.8200     -7.9700       74.368066095705
           112.8300     -7.9700       76.982340711754
           112.8400     -7.9700       80.451047072566
           112.8500     -7.9700       84.663124079213
           112.8600     -7.9700       89.453314026398
           112.8700     -7.9700       94.612204531196
           112.8800     -7.9700       99.899471310038
           112.8900     -7.9700      105.059355082876
           112.9000     -7.9700      109.837238449257
           112.9100     -7.9700      113.996107147431
           112.9200     -7.9700      117.331691103307
           112.9300     -7.9700      119.685183404535
           112.9400     -7.9700      120.952621995008
           112.9500     -7.9700      121.090275144943
           112.9600     -7.9700      120.115677839296
           112.9700     -7.9700      118.104298451786
           112.9800     -7.9700      115.182147661205
           112.9900     -7.9700      111.514948678296
           113.0000     -7.9700      107.294745598518
           112.0000     -7.9800       49.558593685068
           112.0100     -7.9800       49.034873570359
           112.0200     -7.9800       48.252448296817
           112.0300     -7.9800       47.221423366945
           112.0400     -7.9800       45.981367858546
           112.0500     -7.9800       44.599134264038
           112.0600     -7.9800       43.164495700420
           112.0700     -7.9800       41.783883644066
           112.0800     -7.9800       40.572659487876
           112.0900     -7.9800       39.646473971466
           112.1000     -7.9800       39.112350129435
           112.1100     -7.9800       39.060160796441
           112.1200     -7.9800       39.555157180669
           112.1300     -7.9800       40.632140528624
           112.1400     -7.9800       42.291758183251
           112.1500     -7.9800       44.499255690156
           112.1600     -7.9800       47.185838448618
           112.1700     -7.9800       50.252602547065
           112.1800     -7.9800       53.576799162396
           112.1900     -7.9800       57.020014973356
           112.2000     -7.9800       60.437696508571
           112.2100     -7.9800       63.689331541745
           112.2200     -7.9800       66.648535162259
           112.2300     -7.9800       69.212278079706
           112.2400     -7.9800       71.308542102069
           112.2500     -7.9800       72.901790291741
           112.2600     -7.9800       73.995790551401
           112.2700     -7.9800       74.633520985999
           112.2800     -7.9800       74.894099847993
           112.2900     -7.9800       74.886906529683
           112.3000     -7.9800       74.743276194797
           112.3100     -7.9800       74.606342710726
           112.3200     -7.9800       74.619757474217
           112.3300     -7.9800       74.916113069140
           112.3400     -7.9800       75.605941642398
           112.3500     -7.9800       76.768134006282
           112.3600     -7.9800       78.442537165440
           112.3700     -7.9800       80.625340512317
           112.3800     -7.9800       83.267664225331
           112.3900     -7.9800       86.277531275712
           112.4000     -7.9800       89.525153718888
           112.4100     -7.9800       92.851213195797
           112.4200     -7.9800       96.077583767395
           112.4300     -7.9800       99.019750273151
           112.4400     -7.9800      101.500032828839
           112.4500     -7.9800      103.360649685595
           112.4600     -7.9800      104.475643649119
           112.4700     -7.9800      104.760763516068
           112.4800     -7.9800      104.180527908289
           112.4900     -7.9800      102.751895499327
           112.5000     -7.9800      100.544209177705
           112.5100     -7.9800       97.675354603031
           112.5200     -7.9800       94.304355755973
           112.5300     -7.9800       90.620900268474
           112.5400     -7.9800       86.832524885236
           112.5500     -7.9800       83.150377808116
           112.5600     -7.9800       79.774594939505
           112.5700     -7.9800       76.880370972665
           112.5800     -7.9800       74.605769317498
           112.5900     -7.9800       73.042198521100
           112.6000     -7.9800       72.228294731679
           112.6100     -7.9800       72.147703036119
           112.6200     -7.9800       72.730963018272
           112.6300     -7.9800       73.861396859086
           112.6400     -7.9800       75.384594761083
           112.6500     -7.9800       77.120815532925
           112.6600     -7.9800       78.879391226722
           112.6700     -7.9800       80.474061836277
           112.6800     -7.9800       81.738082506024
           112.6900     -7.9800       82.537948863638
           112.7000     -7.9800       82.784676850194
           112.7100     -7.9800       82.441745980936
           112.7200     -7.9800       81.529057208661
           112.7300     -7.9800       80.122550889744
           112.7400     -7.9800       78.349454987808
           112.7500     -7.9800       76.379464236976
           112.7600     -7.9800       74.412462437655
           112.7700     -7.9800       72.663668468013
           112.7800     -7.9800       71.347291093118
           112.7900     -7.9800       70.659902040375
           112.8000     -7.9800       70.764770849805
           112.8100     -7.9800       71.778345280652
           112.8200     -7.9800       73.759911286866
           112.8300     -7.9800       76.705237416962
           112.8400     -7.9800       80.544716773334
           112.8500     -7.9800       85.146187138526
           112.8600     -7.9800       90.322261592813
           112.8700     -7.9800       95.841664350833
           112.8800     -7.9800      101.443765437351
           112.8900     -7.9800      106.855266368070
           112.9000     -7.9800      111.807825918165
           112.9100     -7.9800      116.055343140360
           112.9200     -7.9800      119.389639873000
           112.9300     -7.9800      121.653405443814
           112.9400     -7.9800      122.749473146524
           112.9500     -7.9800      122.645775653284
           112.9600     -7.9800      121.375653608629
           112.9700     -7.9800      119.033543110377
           112.9800     -7.9800      115.766416537264
           112.9900     -7.9800      111.761670290333
           113.0000     -7.9800      107.232417779374
           112.0000     -7.9900       51.455340824726
           112.0100     -7.9900       50.913340167723
           112.0200     -7.9900       50.107621642578
           112.0300     -7.9900       49.050308290382
           112.0400     -7.9900       47.782712359236
           112.0500     -7.9900       46.373040002065
           112.0600     -7.9900       44.911935506666
           112.0700     -7.9900       43.506153542276
           112.0800     -7.9900       42.270796826426
           112.0900     -7.9900       41.320675888549
           112.1000     -7.9900       40.761427511519
           112.1100     -7.9900       40.681061991381
           112.1200     -7.9900       41.142592929042
           112.1300     -7.9900       42.178336910753
           112.1400     -7.9900       43.786357982846
           112.1500     -7.9900       45.929380699789
           112.1600     -7.9900       48.536316250904
           112.1700     -7.9900       51.506351665105
           112.1800     -7.9900       54.715356734613
           112.1900     -7.9900       58.024181878846
           112.2000     -7.9900       61.288266777171
           112.2100     -7.9900       64.367866533537
           112.2200     -7.9900       67.138138930635
           112.2300     -7.9900       69.498328961428
           112.2400     -7.9900       71.379337169549
           112.2500     -7.9900       72.749063925820
           112.2600     -7.9900       73.615075899196
           112.2700     -7.9900       74.024333083984
           112.2800     -7.9900       74.059931125016
           112.2900     -7.9900       73.835038478146
           112.3000     -7.9900       73.484424286442
           112.3100     -7.9900       73.154164128881
           112.3200     -7.9900       72.990261919274
           112.3300     -7.9900       73.127024821266
           112.3400     -7.9900       73.676065439402
           112.3500     -7.9900       74.716777547673
           112.3600     -7.9900       76.289038909302
           112.3700     -7.9900       78.388742949231
           112.3800     -7.9900       80.966560409114
           112.3900     -7.9900       83.930096830184
           112.4000     -7.9900       87.149358902819
           112.4100     -7.9900       90.465191223794
           112.4200     -7.9900       93.700113941802
           112.4300     -7.9900       96.670799120601
           112.4400     -7.9900       99.201284823933
           112.4500     -7.9900      101.135952556966
           112.4600     -7.9900      102.351292661199
           112.4700     -7.9900      102.765555051372
           112.4800     -7.9900      102.345525200876
           112.4900     -7.9900      101.109868023965
           112.5000     -7.9900       99.128730986792
           112.5100     -7.9900       96.519574343815
           112.5200     -7.9900       93.439480309956
           112.5300     -7.9900       90.074462766400
           112.5400     -7.9900       86.626533965547
           112.5500     -7.9900       83.299466143982
           112.5600     -7.9900       80.284299215942
           112.5700     -7.9900       77.745680996992
           112.5800     -7.9900       75.810079681797
           112.5900     -7.9900       74.556781755058
           112.6000     -7.9900       74.012390476982
           112.6100     -7.9900       74.149284489947
           112.6200     -7.9900       74.888201512846
           112.6300     -7.9900       76.104800384111
           112.6400     -7.9900       77.639749408644
           112.6500     -7.9900       79.311613468579
           112.6600     -7.9900       80.931588170067
           112.6700     -7.9900       82.318974320131
           112.6800     -7.9900       83.316213134962
           112.6900     -7.9900       83.802318557327
           112.7000     -7.9900       83.703647984727
           112.7100     -7.9900       83.001139849879
           112.7200     -7.9900       81.733402728162
           112.7300     -7.9900       79.995347376115
           112.7400     -7.9900       77.932387614451
           112.7500     -7.9900       75.730573111068
           112.7600     -7.9900       73.603331218959
           112.7700     -7.9900       71.775761842788
           112.7800     -7.9900       70.467627929472
           112.7900     -7.9900       69.876298654978
           112.8000     -7.9900       70.160923020789
           112.8100     -7.9900       71.429035762746
           112.8200     -7.9900       73.726629950964
           112.8300     -7.9900       77.032483233040
           112.8400     -7.9900       81.257215390293
           112.8500     -7.9900       86.247206695820
           112.8600     -7.9900       91.793145630948
           112.8700     -7.9900       97.642628185840
           112.8800     -7.9900      103.515925700674
           112.8900     -7.9900      109.123797514977
           112.9000     -7.9900      114.186067323291
           112.9100     -7.9900      118.449620559262
           112.9200     -7.9900      121.704519546050
           112.9300     -7.9900      123.797071027394
           112.9400     -7.9900      124.638906913629
           112.9500     -7.9900      124.211436671768
           112.9600     -7.9900      122.565376211647
           112.9700     -7.9900      119.815426962719
           112.9800     -7.9900      116.130541858023
           112.9900     -7.9900      111.720544255182
           113.0000     -7.9900      106.820136065093
           112.0000     -8.0000       53.138676566583
           112.0100     -8.0000       52.578888569151
           112.0200     -8.0000       51.756943278629
           112.0300     -8.0000       50.685961332021
           112.0400     -8.0000       49.407749569178
           112.0500     -8.0000       47.990463011832
           112.0600     -8.0000       46.524138416116
           112.0700     -8.0000       45.114388255571
           112.0800     -8.0000       43.874691180075
           112.0900     -8.0000       42.917832633733
           112.1000     -8.0000       42.347127754133
           112.1100     -8.0000       42.248091003172
           112.1200     -8.0000       42.681199609584
           112.1300     -8.0000       43.676330933109
           112.1400     -8.0000       45.229341156306
           112.1500     -8.0000       47.301101709646
           112.1600     -8.0000       49.819131070641
           112.1700     -8.0000       52.681765952820
           112.1800     -8.0000       55.764621768744
           112.1900     -8.0000       58.928912360029
           112.2000     -8.0000       62.031047363631
           112.2100     -8.0000       64.932814447321
           112.2200     -8.0000       67.511392435778
           112.2300     -8.0000       69.668435927088
           112.2400     -8.0000       71.337524126174
           112.2500     -8.0000       72.489373712016
           112.2600     -8.0000       73.134370773949
           112.2700     -8.0000       73.322169529747
           112.2800     -8.0000       73.138321894579
           112.2900     -8.0000       72.698126092397
           112.3000     -8.0000       72.138097508521
           112.3100     -8.0000       71.605654293141
           112.3200     -8.0000       71.247758833678
           112.3300     -8.0000       71.199351873347
           112.3400     -8.0000       71.572450279723
           112.3500     -8.0000       72.446748274703
           112.3600     -8.0000       73.862466248107
           112.3700     -8.0000       75.816036961837
           112.3800     -8.0000       78.259016492495
           112.3900     -8.0000       81.100371051697
           112.4000     -8.0000       84.212038154704
           112.4100     -8.0000       87.437410403150
           112.4200     -8.0000       90.602161547824
           112.4300     -8.0000       93.526645398438
           112.4400     -8.0000       96.038963797926
           112.4500     -8.0000       97.987731654206
           112.4600     -8.0000       99.253571468238
           112.4700     -8.0000       99.758448025191
           112.4800     -8.0000       99.472101405280
           112.4900     -8.0000       98.415043300833
           112.5000     -8.0000       96.657833126379
           112.5100     -8.0000       94.316628192992
           112.5200     -8.0000       91.545285523603
           112.5300     -8.0000       88.524560123769
           112.5400     -8.0000       85.449174922005
           112.5500     -8.0000       82.513712818886
           112.5600     -8.0000       79.898386890245
           112.5700     -8.0000       77.755771411044
           112.5800     -8.0000       76.199520533107
           112.5900     -8.0000       75.295965964916
           112.6000     -8.0000       75.059278841542
           112.6100     -8.0000       75.450618708505
           112.6200     -8.0000       76.381393318469
           112.6300     -8.0000       77.720439077548
           112.6400     -8.0000       79.304627317073
           112.6500     -8.0000       80.952129650168
           112.6600     -8.0000       82.477357928763
           112.6700     -8.0000       83.706448372274
           112.6800     -8.0000       84.492097696071
           112.6900     -8.0000       84.726587662195
           112.7000     -8.0000       84.351952701287
           112.7100     -8.0000       83.366445511853
           112.7200     -8.0000       81.826723809667
           112.7300     -8.0000       79.845498215806
           112.7400     -8.0000       77.584723153921
           112.7500     -8.0000       75.244753817538
           112.7600     -8.0000       73.050206685386
           112.7700     -8.0000       71.233524303597
           112.7800     -8.0000       70.017436297592
           112.7900     -8.0000       69.597612234899
           112.8000     -8.0000       70.126808947797
           112.8100     -8.0000       71.701723442021
           112.8200     -8.0000       74.353578281395
           112.8300     -8.0000       78.043202233475
           112.8400     -8.0000       82.661044134054
           112.8500     -8.0000       88.032196384788
           112.8600     -8.0000       93.926133309252
           112.8700     -8.0000      100.070516844087
           112.8800     -8.0000      106.168114681259
           112.8900     -8.0000      111.915637728579
           112.9000     -8.0000      117.023153260870
           112.9100     -8.0000      121.232679471792
           112.9200     -8.0000      124.334620834319
           112.9300     -8.0000      126.180858302137
           112.9400     -8.0000      126.693552743239
           112.9500     -8.0000      125.869035947741
           112.9600     -8.0000      123.776527354552
           112.9700     -8.0000      120.551798756379
           112.9800     -8.0000      116.386284438657
           112.9900     -8.0000      111.512471814724
           113.0000     -8.0000      106.186681752040
