generating_institute     gfz-potsdam
     generating_date     2026/05/23
        product_type     gravity_field
                body     earth
           modelname     egm2008
     max_used_degree          2190
         tide_system     tide_free
          functional     height_anomaly_ell
    zero_degree_term     included
                unit     meter
          refsysname     WGS84
            gmrefpot      3.98600441800E+14 m**3/s**2
        radiusrefpot     6378137.000 m
          flatrefpot      3.352810664747480E-03   (1/298.25722356300)
         omegarefpot      7.29211500000E-05 1/s
    normal_potential      6.263685171456948E+07 m**2/s**2
       long_lat_unit     degree
      latlimit_north      -7.0000000000000    
      latlimit_south      -8.0000000000000    
      longlimit_west       112.00000000000    
      longlimit_east       113.00000000000    
            gridstep      0.10000000000000E-01
     height_over_ell          0.0000 m
  latitude_parallels           101
 longitude_parallels           101
number_of_gridpoints         10201
            gapvalue            999.0000
       weighted_mean      2.9529546E+01 meter
            maxvalue      3.4363176E+01 meter
            minvalue      2.6948682E+01 meter
         signal_wrms      1.3888052E+00 meter
         grid_format     long_lat_value

          longitude    latitude    height_anomaly_ell
            [deg.]      [deg.]         [meter]
end_of_head ============================================
           112.0000     -7.0000       29.431768465484
           112.0100     -7.0000       29.434706539880
           112.0200     -7.0000       29.436633557167
           112.0300     -7.0000       29.437919189705
           112.0400     -7.0000       29.438910313173
           112.0500     -7.0000       29.439921814991
           112.0600     -7.0000       29.441231225798
           112.0700     -7.0000       29.443076900651
           112.0800     -7.0000       29.445659111046
           112.0900     -7.0000       29.449143155575
           112.1000     -7.0000       29.453663482341
           112.1100     -7.0000       29.459327848269
           112.1200     -7.0000       29.466220707614
           112.1300     -7.0000       29.474405295304
           112.1400     -7.0000       29.483924207530
           112.1500     -7.0000       29.494798631410
           112.1600     -7.0000       29.507026685864
           112.1700     -7.0000       29.520581560846
           112.1800     -7.0000       29.535410248038
           112.1900     -7.0000       29.551433625675
           112.2000     -7.0000       29.568548495844
           112.2100     -7.0000       29.586631895691
           112.2200     -7.0000       29.605547653035
           112.2300     -7.0000       29.625154781747
           112.2400     -7.0000       29.645316968293
           112.2500     -7.0000       29.665912140752
           112.2600     -7.0000       29.686840978536
           112.2700     -7.0000       29.708033241988
           112.2800     -7.0000       29.729450982710
           112.2900     -7.0000       29.751088022470
           112.3000     -7.0000       29.772965524735
           112.3100     -7.0000       29.795123975172
           112.3200     -7.0000       29.817612372509
           112.3300     -7.0000       29.840475843369
           112.3400     -7.0000       29.863743174709
           112.3500     -7.0000       29.887415860799
           112.3600     -7.0000       29.911460164677
           112.3700     -7.0000       29.935803398411
           112.3800     -7.0000       29.960335160149
           112.3900     -7.0000       29.984913680094
           112.4000     -7.0000       30.009376791557
           112.4100     -7.0000       30.033556436041
           112.4200     -7.0000       30.057295111703
           112.4300     -7.0000       30.080462351020
           112.4400     -7.0000       30.102969215034
           112.4500     -7.0000       30.124778940513
           112.4600     -7.0000       30.145912264585
           112.4700     -7.0000       30.166446540115
           112.4800     -7.0000       30.186508478601
           112.4900     -7.0000       30.206261130587
           112.5000     -7.0000       30.225886441788
           112.5100     -7.0000       30.245565314111
           112.5200     -7.0000       30.265457475872
           112.5300     -7.0000       30.285683570774
           112.5400     -7.0000       30.306311688332
           112.5500     -7.0000       30.327350092815
           112.5600     -7.0000       30.348747212172
           112.5700     -7.0000       30.370399101412
           112.5800     -7.0000       30.392163696403
           112.5900     -7.0000       30.413880333146
           112.6000     -7.0000       30.435392329182
           112.6100     -7.0000       30.456569995536
           112.6200     -7.0000       30.477331328351
           112.6300     -7.0000       30.497657841284
           112.6400     -7.0000       30.517603524363
           112.6500     -7.0000       30.537295695078
           112.6600     -7.0000       30.556927452581
           112.6700     -7.0000       30.576742443643
           112.6800     -7.0000       30.597013577922
           112.6900     -7.0000       30.618018075301
           112.7000     -7.0000       30.640011694811
           112.7100     -7.0000       30.663205121516
           112.7200     -7.0000       30.687745253980
           112.7300     -7.0000       30.713703564458
           112.7400     -7.0000       30.741072862671
           112.7500     -7.0000       30.769772782539
           112.7600     -7.0000       30.799663252736
           112.7700     -7.0000       30.830564237089
           112.7800     -7.0000       30.862279261626
           112.7900     -7.0000       30.894619779418
           112.8000     -7.0000       30.927427323216
           112.8100     -7.0000       30.960590675587
           112.8200     -7.0000       30.994055915270
           112.8300     -7.0000       31.027828101174
           112.8400     -7.0000       31.061964420910
           112.8500     -7.0000       31.096559726110
           112.8600     -7.0000       31.131726364043
           112.8700     -7.0000       31.167570968025
           112.8800     -7.0000       31.204171290031
           112.8900     -7.0000       31.241556190451
           112.9000     -7.0000       31.279691533774
           112.9100     -7.0000       31.318474016719
           112.9200     -7.0000       31.357733964448
           112.9300     -7.0000       31.397246993435
           112.9400     -7.0000       31.436753298946
           112.9500     -7.0000       31.475982325697
           112.9600     -7.0000       31.514679850911
           112.9700     -7.0000       31.552634145811
           112.9800     -7.0000       31.589697935684
           112.9900     -7.0000       31.625803348711
           113.0000     -7.0000       31.660967876061
           112.0000     -7.0100       29.381207164684
           112.0100     -7.0100       29.383942431549
           112.0200     -7.0100       29.385706425967
           112.0300     -7.0100       29.386881302081
           112.0400     -7.0100       29.387823776251
           112.0500     -7.0100       29.388855227760
           112.0600     -7.0100       29.390255955010
           112.0700     -7.0100       29.392263347769
           112.0800     -7.0100       29.395073326746
           112.0900     -7.0100       29.398844104938
           112.1000     -7.0100       29.403701173067
           112.1100     -7.0100       29.409742417209
           112.1200     -7.0100       29.417042432792
           112.1300     -7.0100       29.425655378448
           112.1400     -7.0100       29.435616072502
           112.1500     -7.0100       29.446939421073
           112.1600     -7.0100       29.459618623137
           112.1700     -7.0100       29.473622872610
           112.1800     -7.0100       29.488895429781
           112.1900     -7.0100       29.505352940787
           112.2000     -7.0100       29.522886741083
           112.2100     -7.0100       29.541366605048
           112.2200     -7.0100       29.560647036150
           112.2300     -7.0100       29.580575781852
           112.2400     -7.0100       29.601003863815
           112.2500     -7.0100       29.621796095694
           112.2600     -7.0100       29.642840868330
           112.2700     -7.0100       29.664057950180
           112.2800     -7.0100       29.685403193345
           112.2900     -7.0100       29.706869342961
           112.3000     -7.0100       29.728482587244
           112.3100     -7.0100       29.750295004925
           112.3200     -7.0100       29.772373600550
           112.3300     -7.0100       29.794787095529
           112.3400     -7.0100       29.817591997514
           112.3500     -7.0100       29.840819649353
           112.3600     -7.0100       29.864465929057
           112.3700     -7.0100       29.888485027338
           112.3800     -7.0100       29.912788290542
           112.3900     -7.0100       29.937248531503
           112.4000     -7.0100       29.961709547382
           112.4100     -7.0100       29.985999923176
           112.4200     -7.0100       30.009949626396
           112.4300     -7.0100       30.033407488861
           112.4400     -7.0100       30.056257483876
           112.4500     -7.0100       30.078431773610
           112.4600     -7.0100       30.099918823305
           112.4700     -7.0100       30.120765424832
           112.4800     -7.0100       30.141072181271
           112.4900     -7.0100       30.160982793307
           112.5000     -7.0100       30.180668260949
           112.5100     -7.0100       30.200307773290
           112.5200     -7.0100       30.220068518696
           112.5300     -7.0100       30.240086844587
           112.5400     -7.0100       30.260453097647
           112.5500     -7.0100       30.281202085732
           112.5600     -7.0100       30.302310462568
           112.5700     -7.0100       30.323701518529
           112.5800     -7.0100       30.345256962613
           112.5900     -7.0100       30.366834411736
           112.6000     -7.0100       30.388288572429
           112.6100     -7.0100       30.409493600719
           112.6200     -7.0100       30.430363925620
           112.6300     -7.0100       30.450870951250
           112.6400     -7.0100       30.471053502794
           112.6500     -7.0100       30.491020602572
           112.6600     -7.0100       30.510946069889
           112.6700     -7.0100       30.531055422718
           112.6800     -7.0100       30.551606499658
           112.6900     -7.0100       30.572865999539
           112.7000     -7.0100       30.595084654238
           112.7100     -7.0100       30.618473939723
           112.7200     -7.0100       30.643187063056
           112.7300     -7.0100       30.669306455669
           112.7400     -7.0100       30.696839215115
           112.7500     -7.0100       30.725720964312
           112.7600     -7.0100       30.755827559336
           112.7700     -7.0100       30.786993103901
           112.7800     -7.0100       30.819031944278
           112.7900     -7.0100       30.851761823392
           112.8000     -7.0100       30.885025232841
           112.8100     -7.0100       30.918706237779
           112.8200     -7.0100       30.952740635568
           112.8300     -7.0100       30.987118173653
           112.8400     -7.0100       31.021876587406
           112.8500     -7.0100       31.057088293934
           112.8600     -7.0100       31.092841555265
           112.8700     -7.0100       31.129218677020
           112.8800     -7.0100       31.166274236621
           112.8900     -7.0100       31.204016378788
           112.9000     -7.0100       31.242393864265
           112.9100     -7.0100       31.281290849787
           112.9200     -7.0100       31.320530399158
           112.9300     -7.0100       31.359886598438
           112.9400     -7.0100       31.399104015594
           112.9500     -7.0100       31.437922252162
           112.9600     -7.0100       31.476102611729
           112.9700     -7.0100       31.513453555115
           112.9800     -7.0100       31.549851677296
           112.9900     -7.0100       31.585255425838
           113.0000     -7.0100       31.619709630767
           112.0000     -7.0200       29.327385690852
           112.0100     -7.0200       29.330119477356
           112.0200     -7.0200       29.331959872496
           112.0300     -7.0200       29.333296383115
           112.0400     -7.0200       29.334489766513
           112.0500     -7.0200       29.335861515511
           112.0600     -7.0200       29.337687842990
           112.0700     -7.0200       29.340197969707
           112.0800     -7.0200       29.343576064940
           112.0900     -7.0200       29.347965845960
           112.1000     -7.0200       29.353476647841
           112.1100     -7.0200       29.360189748893
           112.1200     -7.0200       29.368163875847
           112.1300     -7.0200       29.377439092697
           112.1400     -7.0200       29.388038655092
           112.1500     -7.0200       29.399968833239
           112.1600     -7.0200       29.413217109761
           112.1700     -7.0200       29.427749486985
           112.1800     -7.0200       29.443507843133
           112.1900     -7.0200       29.460408328379
           112.2000     -7.0200       29.478341680206
           112.2100     -7.0200       29.497176076538
           112.2200     -7.0200       29.516762769422
           112.2300     -7.0200       29.536944303433
           112.2400     -7.0200       29.557564683538
           112.2500     -7.0200       29.578480481039
           112.2600     -7.0200       29.599571610922
           112.2700     -7.0200       29.620750422191
           112.2800     -7.0200       29.641967836442
           112.2900     -7.0200       29.663215546041
           112.3000     -7.0200       29.684523714006
           112.3100     -7.0200       29.705954152652
           112.3200     -7.0200       29.727589530964
           112.3300     -7.0200       29.749519696815
           112.3400     -7.0200       29.771826626897
           112.3500     -7.0200       29.794569772863
           112.3600     -7.0200       29.817773615304
           112.3700     -7.0200       29.841419052135
           112.3800     -7.0200       29.865439848583
           112.3900     -7.0200       29.889724804036
           112.4000     -7.0200       29.914125612731
           112.4100     -7.0200       29.938469692566
           112.4200     -7.0200       29.962576617624
           112.4300     -7.0200       29.986276298473
           112.4400     -7.0200       30.009426777211
           112.4500     -7.0200       30.031929483772
           112.4600     -7.0200       30.053740046988
           112.4700     -7.0200       30.074873245619
           112.4800     -7.0200       30.095401366479
           112.4900     -7.0200       30.115446028636
           112.5000     -7.0200       30.135164338207
           112.5100     -7.0200       30.154730956628
           112.5200     -7.0200       30.174318204172
           112.5300     -7.0200       30.194076607793
           112.5400     -7.0200       30.214118296062
           112.5500     -7.0200       30.234505337937
           112.5600     -7.0200       30.255244548099
           112.5700     -7.0200       30.276289505716
           112.5800     -7.0200       30.297549648859
           112.5900     -7.0200       30.318905422123
           112.6000     -7.0200       30.340227681331
           112.6100     -7.0200       30.361398995568
           112.6200     -7.0200       30.382334207865
           112.6300     -7.0200       30.402997661471
           112.6400     -7.0200       30.423414868657
           112.6500     -7.0200       30.443677052058
           112.6600     -7.0200       30.463937846972
           112.6700     -7.0200       30.484402411953
           112.6800     -7.0200       30.505310135226
           112.6900     -7.0200       30.526912927232
           112.7000     -7.0200       30.549451652173
           112.7100     -7.0200       30.573133499886
           112.7200     -7.0200       30.598112998744
           112.7300     -7.0200       30.624478929624
           112.7400     -7.0200       30.652248672675
           112.7500     -7.0200       30.681370592382
           112.7600     -7.0200       30.711734058423
           112.7700     -7.0200       30.743185737972
           112.7800     -7.0200       30.775550003089
           112.7900     -7.0200       30.808650777799
           112.8000     -7.0200       30.842331972937
           112.8100     -7.0200       30.876473848894
           112.8200     -7.0200       30.911003185865
           112.8300     -7.0200       30.945895961972
           112.8400     -7.0200       30.981172237954
           112.8500     -7.0200       31.016883995150
           112.8600     -7.0200       31.053097634918
           112.8700     -7.0200       31.089873595503
           112.8800     -7.0200       31.127245975455
           112.8900     -7.0200       31.165205109194
           112.9000     -7.0200       31.203685706293
           112.9100     -7.0200       31.242562478214
           112.9200     -7.0200       31.281654217763
           112.9300     -7.0200       31.320736187594
           112.9400     -7.0200       31.359559556261
           112.9500     -7.0200       31.397875639398
           112.9600     -7.0200       31.435461990249
           112.9700     -7.0200       31.472147036775
           112.9800     -7.0200       31.507830035347
           112.9900     -7.0200       31.542493603942
           113.0000     -7.0200       31.576206957133
           112.0000     -7.0300       29.270911966908
           112.0100     -7.0300       29.273856379728
           112.0200     -7.0300       29.276016228972
           112.0300     -7.0300       29.277783080315
           112.0400     -7.0300       29.279516022333
           112.0500     -7.0300       29.281530603140
           112.0600     -7.0300       29.284092610374
           112.0700     -7.0300       29.287416555020
           112.0800     -7.0300       29.291668219504
           112.0900     -7.0300       29.296970236953
           112.1000     -7.0300       29.303409426433
           112.1100     -7.0300       29.311044543962
           112.1200     -7.0300       29.319913223484
           112.1300     -7.0300       29.330037155464
           112.1400     -7.0300       29.341424942019
           112.1500     -7.0300       29.354072520434
           112.1600     -7.0300       29.367961497311
           112.1700     -7.0300       29.383056119937
           112.1800     -7.0300       29.399299875297
           112.1900     -7.0300       29.416612812274
           112.2000     -7.0300       29.434890612663
           112.2100     -7.0300       29.454006199306
           112.2200     -7.0300       29.473814296293
           112.2300     -7.0300       29.494158897524
           112.2400     -7.0300       29.514883120193
           112.2500     -7.0300       29.535840487517
           112.2600     -7.0300       29.556906364667
           112.2700     -7.0300       29.577988114053
           112.2800     -7.0300       29.599032571212
           112.2900     -7.0300       29.620029675236
           112.3000     -7.0300       29.641011496055
           112.3100     -7.0300       29.662046438209
           112.3200     -7.0300       29.683229001119
           112.3300     -7.0300       29.704666062104
           112.3400     -7.0300       29.726461142323
           112.3500     -7.0300       29.748698448201
           112.3600     -7.0300       29.771428601080
           112.3700     -7.0300       29.794657851117
           112.3800     -7.0300       29.818342222906
           112.3900     -7.0300       29.842387495463
           112.4000     -7.0300       29.866655240098
           112.4100     -7.0300       29.890974407817
           112.4200     -7.0300       29.915157264216
           112.4300     -7.0300       29.939017903287
           112.4400     -7.0300       29.962391207572
           112.4500     -7.0300       29.985150012553
           112.4600     -7.0300       30.007218398859
           112.4700     -7.0300       30.028579463323
           112.4800     -7.0300       30.049276562011
           112.4900     -7.0300       30.069407799427
           112.5000     -7.0300       30.089114363315
           112.5100     -7.0300       30.108564070910
           112.5200     -7.0300       30.127932102656
           112.5300     -7.0300       30.147381273323
           112.5400     -7.0300       30.167044276696
           112.5500     -7.0300       30.187010122312
           112.5600     -7.0300       30.207316483386
           112.5700     -7.0300       30.227948952257
           112.5800     -7.0300       30.248847341174
           112.5900     -7.0300       30.269918278361
           112.6000     -7.0300       30.291052544010
           112.6100     -7.0300       30.312144971320
           112.6200     -7.0300       30.333114385058
           112.6300     -7.0300       30.353921012728
           112.6400     -7.0300       30.374579090236
           112.6500     -7.0300       30.395162962482
           112.6600     -7.0300       30.415805779705
           112.6700     -7.0300       30.436690813251
           112.6800     -7.0300       30.458036343517
           112.6900     -7.0300       30.480075889658
           112.7000     -7.0300       30.503036149733
           112.7100     -7.0300       30.527115322390
           112.7200     -7.0300       30.552464445468
           112.7300     -7.0300       30.579174014440
           112.7400     -7.0300       30.607267479378
           112.7500     -7.0300       30.636702346248
           112.7600     -7.0300       30.667378637919
           112.7700     -7.0300       30.699153527249
           112.7800     -7.0300       30.731860161894
           112.7900     -7.0300       30.765328162751
           112.8000     -7.0300       30.799403067956
           112.8100     -7.0300       30.833962142899
           112.8200     -7.0300       30.868924468135
           112.8300     -7.0300       30.904253990467
           112.8400     -7.0300       30.939955179203
           112.8500     -7.0300       30.976061945385
           112.8600     -7.0300       31.012621422698
           112.8700     -7.0300       31.049674948605
           112.8800     -7.0300       31.087239021084
           112.8900     -7.0300       31.125289076311
           112.9000     -7.0300       31.163748619153
           112.9100     -7.0300       31.202485574775
           112.9200     -7.0300       31.241316796401
           112.9300     -7.0300       31.280020578482
           112.9400     -7.0300       31.318355926376
           112.9500     -7.0300       31.356086367608
           112.9600     -7.0300       31.393005386706
           112.9700     -7.0300       31.428960224810
           112.9800     -7.0300       31.463870861254
           112.9900     -7.0300       31.497741488847
           113.0000     -7.0300       31.530662654858
           112.0000     -7.0400       29.212559389259
           112.0100     -7.0400       29.215930597394
           112.0200     -7.0400       29.218647378145
           112.0300     -7.0400       29.221098136042
           112.0400     -7.0400       29.223634977412
           112.0500     -7.0400       29.226562133031
           112.0600     -7.0400       29.230129553463
           112.0700     -7.0400       29.234531611899
           112.0800     -7.0400       29.239910303260
           112.0900     -7.0400       29.246361881717
           112.1000     -7.0400       29.253945583597
           112.1100     -7.0400       29.262692971421
           112.1200     -7.0400       29.272616516523
           112.1300     -7.0400       29.283716296695
           112.1400     -7.0400       29.295984083132
           112.1500     -7.0400       29.309404571144
           112.1600     -7.0400       29.323954005009
           112.1700     -7.0400       29.339596889988
           112.1800     -7.0400       29.356281812555
           112.1900     -7.0400       29.373937557186
           112.2000     -7.0400       29.392470690252
           112.2100     -7.0400       29.411765579661
           112.2200     -7.0400       29.431687459201
           112.2300     -7.0400       29.452088677758
           112.2400     -7.0400       29.472817760502
           112.2500     -7.0400       29.493730424108
           112.2600     -7.0400       29.514701301603
           112.2700     -7.0400       29.535634903224
           112.2800     -7.0400       29.556474306864
           112.2900     -7.0400       29.577206248528
           112.3000     -7.0400       29.597861655082
           112.3100     -7.0400       29.618511186648
           112.3200     -7.0400       29.639255970467
           112.3300     -7.0400       29.660214333671
           112.3400     -7.0400       29.681505896694
           112.3500     -7.0400       29.703234795818
           112.3600     -7.0400       29.725474003406
           112.3700     -7.0400       29.748252673149
           112.3800     -7.0400       29.771548151323
           112.3900     -7.0400       29.795283791144
           112.4000     -7.0400       29.819333042613
           112.4100     -7.0400       29.843529543911
           112.4200     -7.0400       29.867682204592
           112.4300     -7.0400       29.891593638718
           112.4400     -7.0400       29.915079860439
           112.4500     -7.0400       29.937988956226
           112.4600     -7.0400       29.960216527962
           112.4700     -7.0400       29.981716055693
           112.4800     -7.0400       30.002502919193
           112.4900     -7.0400       30.022651574158
           112.5000     -7.0400       30.042286209606
           112.5100     -7.0400       30.061566014774
           112.5200     -7.0400       30.080666854933
           112.5300     -7.0400       30.099761609497
           112.5400     -7.0400       30.119001602187
           112.5500     -7.0400       30.138501425801
           112.5600     -7.0400       30.158329045561
           112.5700     -7.0400       30.178502404738
           112.5800     -7.0400       30.198992935355
           112.5900     -7.0400       30.219735497986
           112.6000     -7.0400       30.240643449536
           112.6100     -7.0400       30.261626872173
           112.6200     -7.0400       30.282611577223
           112.6300     -7.0400       30.303556380780
           112.6400     -7.0400       30.324466350949
           112.6500     -7.0400       30.345400226806
           112.6600     -7.0400       30.366470944589
           112.6700     -7.0400       30.387839084499
           112.6800     -7.0400       30.409699959690
           112.6900     -7.0400       30.432265890346
           112.7000     -7.0400       30.455745832980
           112.7100     -7.0400       30.480324885465
           112.7200     -7.0400       30.506146213928
           112.7300     -7.0400       30.533297642784
           112.7400     -7.0400       30.561804551132
           112.7500     -7.0400       30.591629903423
           112.7600     -7.0400       30.622681315273
           112.7700     -7.0400       30.654824137390
           112.7800     -7.0400       30.687898753378
           112.7900     -7.0400       30.721739735788
           112.8000     -7.0400       30.756194264995
           112.8100     -7.0400       30.791137322253
           112.8200     -7.0400       30.826481611514
           112.8300     -7.0400       30.862180889059
           112.8400     -7.0400       30.898226292375
           112.8500     -7.0400       30.934636240149
           112.8600     -7.0400       30.971441392768
           112.8700     -7.0400       31.008666892475
           112.8800     -7.0400       31.046314542071
           112.8900     -7.0400       31.084347665200
           112.9000     -7.0400       31.122681100347
           112.9100     -7.0400       31.161178144635
           112.9200     -7.0400       31.199655358947
           112.9300     -7.0400       31.237895087007
           112.9400     -7.0400       31.275664465033
           112.9500     -7.0400       31.312738748747
           112.9600     -7.0400       31.348926090820
           112.9700     -7.0400       31.384090564265
           112.9800     -7.0400       31.418170301467
           112.9900     -7.0400       31.451188107900
           113.0000     -7.0400       31.483252763216
           112.0000     -7.0500       29.153209020140
           112.0100     -7.0500       29.157219087491
           112.0200     -7.0500       29.160714975438
           112.0300     -7.0500       29.164077031234
           112.0400     -7.0500       29.167645751122
           112.0500     -7.0500       29.171709684859
           112.0600     -7.0500       29.176498811500
           112.0700     -7.0500       29.182183417305
           112.0800     -7.0500       29.188877915063
           112.0900     -7.0500       29.196648541967
           112.1000     -7.0500       29.205523519205
           112.1100     -7.0500       29.215504091227
           112.1200     -7.0500       29.226574902552
           112.1300     -7.0500       29.238712405235
           112.1400     -7.0500       29.251890386217
           112.1500     -7.0500       29.266082205388
           112.1600     -7.0500       29.281259873549
           112.1700     -7.0500       29.297390601188
           112.1800     -7.0500       29.314431845680
           112.1900     -7.0500       29.332326121846
           112.2000     -7.0500       29.350996885709
           112.2100     -7.0500       29.370346646848
           112.2200     -7.0500       29.390258131040
           112.2300     -7.0500       29.410598847015
           112.2400     -7.0500       29.431228873207
           112.2500     -7.0500       29.452011147362
           112.2600     -7.0500       29.472823089738
           112.2700     -7.0500       29.493568085812
           112.2800     -7.0500       29.514185245174
           112.2900     -7.0500       29.534655962171
           112.3000     -7.0500       29.555006124708
           112.3100     -7.0500       29.575303315031
           112.3200     -7.0500       29.595648960220
           112.3300     -7.0500       29.616166042739
           112.3400     -7.0500       29.636983587251
           112.3500     -7.0500       29.658219617073
           112.3600     -7.0500       29.679964554408
           112.3700     -7.0500       29.702267078998
           112.3800     -7.0500       29.725124246082
           112.3900     -7.0500       29.748477215528
           112.4000     -7.0500       29.772213309440
           112.4100     -7.0500       29.796174370865
           112.4200     -7.0500       29.820170632838
           112.4300     -7.0500       29.843998621100
           112.4400     -7.0500       29.867461094051
           112.4500     -7.0500       29.890386739229
           112.4600     -7.0500       29.912647337585
           112.4700     -7.0500       29.934170381532
           112.4800     -7.0500       29.954945660500
           112.4900     -7.0500       29.975025046425
           112.5000     -7.0500       29.994515533325
           112.5100     -7.0500       30.013566407934
           112.5200     -7.0500       30.032352148241
           112.5300     -7.0500       30.051053171786
           112.5400     -7.0500       30.069836817149
           112.5500     -7.0500       30.088840904793
           112.5600     -7.0500       30.108161889434
           112.5700     -7.0500       30.127849025884
           112.5800     -7.0500       30.147905197361
           112.5900     -7.0500       30.168294197429
           112.6000     -7.0500       30.188953423703
           112.6100     -7.0500       30.209810240529
           112.6200     -7.0500       30.230799790311
           112.6300     -7.0500       30.251881841967
           112.6400     -7.0500       30.273054386573
           112.6500     -7.0500       30.294362110471
           112.6600     -7.0500       30.315898541900
           112.6700     -7.0500       30.337801493021
           112.6800     -7.0500       30.360242297889
           112.6900     -7.0500       30.383410163640
           112.7000     -7.0500       30.407493599194
           112.7100     -7.0500       30.432661277008
           112.7200     -7.0500       30.459044765592
           112.7300     -7.0500       30.486725330845
           112.7400     -7.0500       30.515726472426
           112.7500     -7.0500       30.546013106000
           112.7600     -7.0500       30.577497422397
           112.7700     -7.0500       30.610050567015
           112.7800     -7.0500       30.643518506213
           112.7900     -7.0500       30.677739887337
           112.8000     -7.0500       30.712563433186
           112.8100     -7.0500       30.747862479434
           112.8200     -7.0500       30.783544659698
           112.8300     -7.0500       30.819555418496
           112.8400     -7.0500       30.855874899336
           112.8500     -7.0500       30.892508698854
           112.8600     -7.0500       30.929473870547
           112.8700     -7.0500       30.966782280343
           112.8800     -7.0500       31.004423858670
           112.8900     -7.0500       31.042352392718
           112.9000     -7.0500       31.080476235816
           112.9100     -7.0500       31.118655704401
           112.9200     -7.0500       31.156708059580
           112.9300     -7.0500       31.194419940020
           112.9400     -7.0500       31.231566060113
           112.9500     -7.0500       31.267932053087
           112.9600     -7.0500       31.303338652276
           112.9700     -7.0500       31.337664065397
           112.9800     -7.0500       31.370861463424
           112.9900     -7.0500       31.402968983180
           113.0000     -7.0500       31.434110482577
           112.0000     -7.0600       29.093783853937
           112.0100     -7.0600       29.098631570093
           112.0200     -7.0600       29.103103763797
           112.0300     -7.0600       29.107568397677
           112.0400     -7.0600       29.112350668742
           112.0500     -7.0600       29.117720348959
           112.0600     -7.0600       29.123884848032
           112.0700     -7.0600       29.130988150502
           112.0800     -7.0600       29.139115143908
           112.0900     -7.0600       29.148300294826
           112.1000     -7.0600       29.158539211715
           112.1100     -7.0600       29.169801406263
           112.1200     -7.0600       29.182042553248
           112.1300     -7.0600       29.195214750281
           112.1400     -7.0600       29.209273663680
           112.1500     -7.0600       29.224181962155
           112.1600     -7.0600       29.239909016435
           112.1700     -7.0600       29.256427402917
           112.1800     -7.0600       29.273707218041
           112.1900     -7.0600       29.291709524353
           112.2000     -7.0600       29.310380366935
           112.2100     -7.0600       29.329646703956
           112.2200     -7.0600       29.349415300169
           112.2300     -7.0600       29.369575177176
           112.2400     -7.0600       29.390003661240
           112.2500     -7.0600       29.410575494767
           112.2600     -7.0600       29.431173961693
           112.2700     -7.0600       29.451702593917
           112.2800     -7.0600       29.472095832801
           112.2900     -7.0600       29.492327049389
           112.3000     -7.0600       29.512412582532
           112.3100     -7.0600       29.532410908194
           112.3200     -7.0600       29.552416651106
           112.3300     -7.0600       29.572549815843
           112.3400     -7.0600       29.592941261621
           112.3500     -7.0600       29.613715986752
           112.3600     -7.0600       29.634976149584
           112.3700     -7.0600       29.656785879476
           112.3800     -7.0600       29.679159799710
           112.3900     -7.0600       29.702056803372
           112.4000     -7.0600       29.725380034697
           112.4100     -7.0600       29.748983302069
           112.4200     -7.0600       29.772683373792
           112.4300     -7.0600       29.796276881497
           112.4400     -7.0600       29.819559971771
           112.4500     -7.0600       29.842348481192
           112.4600     -7.0600       29.864496313682
           112.4700     -7.0600       29.885909888492
           112.4800     -7.0600       29.906556982755
           112.4900     -7.0600       29.926468960179
           112.5000     -7.0600       29.945736175538
           112.5100     -7.0600       29.964497173422
           112.5200     -7.0600       29.982923054774
           112.5300     -7.0600       30.001198969730
           112.5400     -7.0600       30.019505034925
           112.5500     -7.0600       30.037999023108
           112.5600     -7.0600       30.056802925127
           112.5700     -7.0600       30.075994969794
           112.5800     -7.0600       30.095607971019
           112.5900     -7.0600       30.115634045874
           112.6000     -7.0600       30.136034918292
           112.6100     -7.0600       30.156756298512
           112.6200     -7.0600       30.177744302590
           112.6300     -7.0600       30.198961618297
           112.6400     -7.0600       30.220401167808
           112.6500     -7.0600       30.242095358524
           112.6600     -7.0600       30.264119606956
           112.6700     -7.0600       30.286589588945
           112.6800     -7.0600       30.309652511451
           112.6900     -7.0600       30.333473504858
           112.7000     -7.0600       30.358218893269
           112.7100     -7.0600       30.384038524853
           112.7200     -7.0600       30.411049477110
           112.7300     -7.0600       30.439323273637
           112.7400     -7.0600       30.468878281703
           112.7500     -7.0600       30.499678265033
           112.7600     -7.0600       30.531637235946
           112.7700     -7.0600       30.564629897065
           112.7800     -7.0600       30.598506201192
           112.7900     -7.0600       30.633107993437
           112.8000     -7.0600       30.668285411872
           112.8100     -7.0600       30.703910754639
           112.8200     -7.0600       30.739887872946
           112.8300     -7.0600       30.776155777041
           112.8400     -7.0600       30.812685964514
           112.8500     -7.0600       30.849473886950
           112.8600     -7.0600       30.886525838576
           112.8700     -7.0600       30.923843258049
           112.8800     -7.0600       30.961406879917
           112.8900     -7.0600       30.999163287024
           112.9000     -7.0600       31.037016173592
           112.9100     -7.0600       31.074824053267
           112.9200     -7.0600       31.112405305139
           112.9300     -7.0600       31.149550449733
           112.9400     -7.0600       31.186040516873
           112.9500     -7.0600       31.221669446891
           112.9600     -7.0600       31.256267784129
           112.9700     -7.0600       31.289724577737
           112.9800     -7.0600       31.322004458196
           112.9900     -7.0600       31.353157317042
           113.0000     -7.0600       31.383318836737
           112.0000     -7.0700       29.035181286450
           112.0100     -7.0700       29.041042628537
           112.0200     -7.0700       29.046654375076
           112.0300     -7.0700       29.052368567436
           112.0400     -7.0700       29.058492550611
           112.0500     -7.0700       29.065275662420
           112.0600     -7.0700       29.072901831817
           112.0700     -7.0700       29.081488387837
           112.0800     -7.0700       29.091090703982
           112.0900     -7.0700       29.101711684166
           112.1000     -7.0700       29.113314609601
           112.1100     -7.0700       29.125837568951
           112.1200     -7.0700       29.139207620821
           112.1300     -7.0700       29.153352994089
           112.1400     -7.0700       29.168211994682
           112.1500     -7.0700       29.183737807802
           112.1600     -7.0700       29.199898992999
           112.1700     -7.0700       29.216676085382
           112.1800     -7.0700       29.234055258348
           112.1900     -7.0700       29.252020400223
           112.2000     -7.0700       29.270545156799
           112.2100     -7.0700       29.289586468029
           112.2200     -7.0700       29.309080883847
           112.2300     -7.0700       29.328944514499
           112.2400     -7.0700       29.349076913483
           112.2500     -7.0700       29.369368582529
           112.2600     -7.0700       29.389711212098
           112.2700     -7.0700       29.410009308306
           112.2800     -7.0700       29.430191574397
           112.2900     -7.0700       29.450220355070
           112.3000     -7.0700       29.470097628789
           112.3100     -7.0700       29.489866428544
           112.3200     -7.0700       29.509607137629
           112.3300     -7.0700       29.529428771860
           112.3400     -7.0700       29.549456036637
           112.3500     -7.0700       29.569813546048
           112.3600     -7.0700       29.590609029879
           112.3700     -7.0700       29.611917570307
           112.3800     -7.0700       29.633768868593
           112.3900     -7.0700       29.656139241647
           112.4000     -7.0700       29.678949521284
           112.4100     -7.0700       29.702069337780
           112.4200     -7.0700       29.725327499248
           112.4300     -7.0700       29.748527426304
           112.4400     -7.0700       29.771465963942
           112.4500     -7.0700       29.793953452756
           112.4600     -7.0700       29.815832758629
           112.4700     -7.0700       29.836995060657
           112.4800     -7.0700       29.857390572136
           112.4900     -7.0700       29.877032974165
           112.5000     -7.0700       29.895997101300
           112.5100     -7.0700       29.914410238281
           112.5200     -7.0700       29.932438162456
           112.5300     -7.0700       29.950267699167
           112.5400     -7.0700       29.968087965899
           112.5500     -7.0700       29.986072612798
           112.5600     -7.0700       30.004365205048
           112.5700     -7.0700       30.023069457475
           112.5800     -7.0700       30.042245379977
           112.5900     -7.0700       30.061911608822
           112.6000     -7.0700       30.082053385646
           112.6100     -7.0700       30.102634909522
           112.6200     -7.0700       30.123614224217
           112.6300     -7.0700       30.144958486624
           112.6400     -7.0700       30.166657434790
           112.6500     -7.0700       30.188733138177
           112.6600     -7.0700       30.211244633488
           112.6700     -7.0700       30.234286756680
           112.6800     -7.0700       30.257983280969
           112.6900     -7.0700       30.282475254051
           112.7000     -7.0700       30.307906089635
           112.7100     -7.0700       30.334405418727
           112.7200     -7.0700       30.362073882902
           112.7300     -7.0700       30.390970929875
           112.7400     -7.0700       30.421107266087
           112.7500     -7.0700       30.452442985463
           112.7600     -7.0700       30.484891613783
           112.7700     -7.0700       30.518329490250
           112.7800     -7.0700       30.552609164506
           112.7900     -7.0700       30.587574922373
           112.8000     -7.0700       30.623078247485
           112.8100     -7.0700       30.658991025279
           112.8200     -7.0700       30.695214605257
           112.8300     -7.0700       30.731683419619
           112.8400     -7.0700       30.768362635175
           112.8500     -7.0700       30.805240186331
           112.8600     -7.0700       30.842314380196
           112.8700     -7.0700       30.879578961870
           112.8800     -7.0700       30.917007977132
           112.8900     -7.0700       30.954542900987
           112.9000     -7.0700       30.992084285193
           112.9100     -7.0700       31.029489634214
           112.9200     -7.0700       31.066578410350
           112.9300     -7.0700       31.103144096556
           112.9400     -7.0700       31.138972236742
           112.9500     -7.0700       31.173862463986
           112.9600     -7.0700       31.207651844522
           112.9700     -7.0700       31.240236510602
           112.9800     -7.0700       31.271588589392
           112.9900     -7.0700       31.301765869199
           113.0000     -7.0700       31.330912437377
           112.0000     -7.0800       28.978209874699
           112.0100     -7.0800       28.985228866395
           112.0200     -7.0800       28.992101868520
           112.0300     -7.0800       28.999162436002
           112.0400     -7.0800       29.006698771742
           112.0500     -7.0800       29.014939638860
           112.0600     -7.0800       29.024046290275
           112.0700     -7.0800       29.034110896416
           112.0800     -7.0800       29.045161237587
           112.0900     -7.0800       29.057170749807
           112.1000     -7.0800       29.070072453469
           112.1100     -7.0800       29.083774919856
           112.1200     -7.0800       29.098178285735
           112.1300     -7.0800       29.113188426496
           112.1400     -7.0800       29.128727728136
           112.1500     -7.0800       29.144741413689
           112.1600     -7.0800       29.161199012457
           112.1700     -7.0800       29.178091228056
           112.1800     -7.0800       29.195423076931
           112.1900     -7.0800       29.213204652745
           112.2000     -7.0800       29.231441161427
           112.2100     -7.0800       29.250123929969
           112.2200     -7.0800       29.269223912848
           112.2300     -7.0800       29.288688828668
           112.2400     -7.0800       29.308444509600
           112.2500     -7.0800       29.328400412547
           112.2600     -7.0800       29.348458610093
           112.2700     -7.0800       29.368525037975
           112.2800     -7.0800       29.388521399359
           112.2900     -7.0800       29.408395968431
           112.3000     -7.0800       29.428131621816
           112.3100     -7.0800       29.447749748381
           112.3200     -7.0800       29.467309206865
           112.3300     -7.0800       29.486900149816
           112.3400     -7.0800       29.506633226784
           112.3500     -7.0800       29.526625326982
           112.3600     -7.0800       29.546983534148
           112.3700     -7.0800       29.567789272713
           112.3800     -7.0800       29.589084679444
           112.3900     -7.0800       29.610863025688
           112.4000     -7.0800       29.633064564010
           112.4100     -7.0800       29.655578533262
           112.4200     -7.0800       29.678251307582
           112.4300     -7.0800       29.700899912178
           112.4400     -7.0800       29.723329450275
           112.4500     -7.0800       29.745352479555
           112.4600     -7.0800       29.766808109986
           112.4700     -7.0800       29.787578604940
           112.4800     -7.0800       29.807601555288
           112.4900     -7.0800       29.826876227216
           112.5000     -7.0800       29.845463392496
           112.5100     -7.0800       29.863478745312
           112.5200     -7.0800       29.881080790909
           112.5300     -7.0800       29.898454758348
           112.5400     -7.0800       29.915794556722
           112.5500     -7.0800       29.933285001510
           112.5600     -7.0800       29.951086459055
           112.5700     -7.0800       29.969323703521
           112.5800     -7.0800       29.988080199174
           112.5900     -7.0800       30.007398288476
           112.6000     -7.0800       30.027284979947
           112.6100     -7.0800       30.047722293135
           112.6200     -7.0800       30.068680528529
           112.6300     -7.0800       30.090132465546
           112.6400     -7.0800       30.112066399620
           112.6500     -7.0800       30.134496121078
           112.6600     -7.0800       30.157466387151
           112.6700     -7.0800       30.181053082671
           112.6800     -7.0800       30.205358016752
           112.6900     -7.0800       30.230499059413
           112.7000     -7.0800       30.256596979914
           112.7100     -7.0800       30.283760816990
           112.7200     -7.0800       30.312073825062
           112.7300     -7.0800       30.341581969235
           112.7400     -7.0800       30.372286593880
           112.7500     -7.0800       30.404142311386
           112.7600     -7.0800       30.437060428002
           112.7700     -7.0800       30.470917443235
           112.7800     -7.0800       30.505567436697
           112.7900     -7.0800       30.540856593989
           112.8000     -7.0800       30.576637802555
           112.8100     -7.0800       30.612783218697
           112.8200     -7.0800       30.649192977802
           112.8300     -7.0800       30.685798759102
           112.8400     -7.0800       30.722561654048
           112.8500     -7.0800       30.759464624225
           112.8600     -7.0800       30.796500655102
           112.8700     -7.0800       30.833658399732
           112.8800     -7.0800       30.870907560511
           112.8900     -7.0800       30.908186405893
           112.9000     -7.0800       30.945393630620
           112.9100     -7.0800       30.982386256591
           112.9200     -7.0800       31.018984495147
           112.9300     -7.0800       31.054983547292
           112.9400     -7.0800       31.090171328821
           112.9500     -7.0800       31.124350205963
           112.9600     -7.0800       31.157360140081
           112.9700     -7.0800       31.189100269057
           112.9800     -7.0800       31.219545961603
           112.9900     -7.0800       31.248758783843
           113.0000     -7.0800       31.276887578511
           112.0000     -7.0900       28.923535828860
           112.0100     -7.0900       28.931816623876
           112.0200     -7.0900       28.940025477822
           112.0300     -7.0900       28.948475988193
           112.0400     -7.0900       28.957437231502
           112.0500     -7.0900       28.967118741802
           112.0600     -7.0900       28.977661524126
           112.0700     -7.0900       28.989135793346
           112.0800     -7.0900       29.001545381828
           112.0900     -7.0900       29.014838023809
           112.1000     -7.0900       29.028920089045
           112.1100     -7.0900       29.043673880276
           112.1200     -7.0900       29.058975383149
           112.1300     -7.0900       29.074710389909
           112.1400     -7.0900       29.090787202908
           112.1500     -7.0900       29.107144623027
           112.1600     -7.0900       29.123754576287
           112.1700     -7.0900       29.140619445575
           112.1800     -7.0900       29.157764861635
           112.1900     -7.0900       29.175229280290
           112.2000     -7.0900       29.193052058277
           112.2100     -7.0900       29.211261889856
           112.2200     -7.0900       29.229867363106
           112.2300     -7.0900       29.248851054341
           112.2400     -7.0900       29.268168048479
           112.2500     -7.0900       29.287749124516
           112.2600     -7.0900       29.307508166256
           112.2700     -7.0900       29.327352740994
           112.2800     -7.0900       29.347196316729
           112.2900     -7.0900       29.366970326395
           112.3000     -7.0900       29.386634272411
           112.3100     -7.0900       29.406182300518
           112.3200     -7.0900       29.425645128900
           112.3300     -7.0900       29.445086837416
           112.3400     -7.0900       29.464596720901
           112.3500     -7.0900       29.484277096670
           112.3600     -7.0900       29.504228537290
           112.3700     -7.0900       29.524534395981
           112.3800     -7.0900       29.545246648129
           112.3900     -7.0900       29.566374963732
           112.4000     -7.0900       29.587880562785
           112.4100     -7.0900       29.609675832447
           112.4200     -7.0900       29.631629973786
           112.4300     -7.0900       29.653580187903
           112.4400     -7.0900       29.675347204614
           112.4500     -7.0900       29.696753393803
           112.4600     -7.0900       29.717641354419
           112.4700     -7.0900       29.737890795192
           112.4800     -7.0900       29.757431716666
           112.4900     -7.0900       29.776252352197
           112.5000     -7.0900       29.794400969342
           112.5100     -7.0900       29.811981389787
           112.5200     -7.0900       29.829142858149
           112.5300     -7.0900       29.846065577724
           112.5400     -7.0900       29.862943745789
           112.5500     -7.0900       29.879968196116
           112.5600     -7.0900       29.897310757432
           112.5700     -7.0900       29.915112164907
           112.5800     -7.0900       29.933474854983
           112.5900     -7.0900       29.952461300355
           112.6000     -7.0900       29.972097792162
           112.6100     -7.0900       29.992382850814
           112.6200     -7.0900       30.013298842259
           112.6300     -7.0900       30.034824973286
           112.6400     -7.0900       30.056949690679
           112.6500     -7.0900       30.079680633418
           112.6600     -7.0900       30.103050665960
           112.6700     -7.0900       30.127119100971
           112.6800     -7.0900       30.151967920868
           112.6900     -7.0900       30.177693531931
           112.7000     -7.0900       30.204395231781
           112.7100     -7.0900       30.232162050274
           112.7200     -7.0900       30.261059867833
           112.7300     -7.0900       30.291120688611
           112.7400     -7.0900       30.322335650784
           112.7500     -7.0900       30.354652832366
           112.7600     -7.0900       30.387980230158
           112.7700     -7.0900       30.422193546638
           112.7800     -7.0900       30.457147719485
           112.7900     -7.0900       30.492690571410
           112.8000     -7.0900       30.528676625886
           112.8100     -7.0900       30.564979079087
           112.8200     -7.0900       30.601498153788
           112.8300     -7.0900       30.638164560467
           112.8400     -7.0900       30.674937490194
           112.8500     -7.0900       30.711797368896
           112.8600     -7.0900       30.748734402148
           112.8700     -7.0900       30.785734619724
           112.8800     -7.0900       30.822765589547
           112.8900     -7.0900       30.859764138003
           112.9000     -7.0900       30.896628253196
           112.9100     -7.0900       30.933214868699
           112.9200     -7.0900       30.969344481228
           112.9300     -7.0900       31.004812638012
           112.9400     -7.0900       31.039407357211
           112.9500     -7.0900       31.072930647947
           112.9600     -7.0900       31.105221600601
           112.9700     -7.0900       31.136178125697
           112.9800     -7.0900       31.165774397055
           112.9900     -7.0900       31.194071421135
           113.0000     -7.0900       31.221218878193
           112.0000     -7.1000       28.871643517639
           112.0100     -7.1000       28.881244511329
           112.0200     -7.1000       28.890813728257
           112.0300     -7.1000       28.900644482722
           112.0400     -7.1000       28.910987999566
           112.0500     -7.1000       28.922037281270
           112.0600     -7.1000       28.933916928552
           112.0700     -7.1000       28.946679843974
           112.0800     -7.1000       28.960310974305
           112.0900     -7.1000       28.974737456233
           112.1000     -7.1000       28.989843817364
           112.1100     -7.1000       29.005490337131
           112.1200     -7.1000       29.021532356715
           112.1300     -7.1000       29.037838281164
           112.1400     -7.1000       29.054304244637
           112.1500     -7.1000       29.070863880678
           112.1600     -7.1000       29.087492292939
           112.1700     -7.1000       29.104204073992
           112.1800     -7.1000       29.121045974888
           112.1900     -7.1000       29.138085490268
           112.2000     -7.1000       29.155397109562
           112.2100     -7.1000       29.173048234037
           112.2200     -7.1000       29.191086742629
           112.2300     -7.1000       29.209531912037
           112.2400     -7.1000       29.228369897398
           112.2500     -7.1000       29.247554327034
           112.2600     -7.1000       29.267011845773
           112.2700     -7.1000       29.286651752319
           112.2800     -7.1000       29.306378308631
           112.2900     -7.1000       29.326103928836
           112.3000     -7.1000       29.345761330709
           112.3100     -7.1000       29.365312870857
           112.3200     -7.1000       29.384755666690
           112.3300     -7.1000       29.404121683199
           112.3400     -7.1000       29.423472653622
           112.3500     -7.1000       29.442890417876
           112.3600     -7.1000       29.462463905260
           112.3700     -7.1000       29.482274471911
           112.3800     -7.1000       29.502381562907
           112.3900     -7.1000       29.522810667697
           112.4000     -7.1000       29.543545273765
           112.4100     -7.1000       29.564524030410
           112.4200     -7.1000       29.585643675601
           112.4300     -7.1000       29.606767540137
           112.4400     -7.1000       29.627738721353
           112.4500     -7.1000       29.648396408376
           112.4600     -7.1000       29.668593422917
           112.4700     -7.1000       29.688212869065
           112.4800     -7.1000       29.707181885495
           112.4900     -7.1000       29.725480851081
           112.5000     -7.1000       29.743146963557
           112.5100     -7.1000       29.760271816029
           112.5200     -7.1000       29.776993345432
           112.5300     -7.1000       29.793483222319
           112.5400     -7.1000       29.809931301983
           112.5500     -7.1000       29.826529091331
           112.5600     -7.1000       29.843454261982
           112.5700     -7.1000       29.860858049630
           112.5800     -7.1000       29.878856950681
           112.5900     -7.1000       29.897529518905
           112.6000     -7.1000       29.916918360701
           112.6100     -7.1000       29.937036723255
           112.6200     -7.1000       29.957878460830
           112.6300     -7.1000       29.979429732562
           112.6400     -7.1000       30.001680588078
           112.6500     -7.1000       30.024634660116
           112.6600     -7.1000       30.048315495631
           112.6700     -7.1000       30.072768573585
           112.6800     -7.1000       30.098058705608
           112.6900     -7.1000       30.124263203438
           112.7000     -7.1000       30.151461827385
           112.7100     -7.1000       30.179725013529
           112.7200     -7.1000       30.209102144700
           112.7300     -7.1000       30.239611642221
           112.7400     -7.1000       30.271234408358
           112.7500     -7.1000       30.303911676276
           112.7600     -7.1000       30.337547690554
           112.7700     -7.1000       30.372016935786
           112.7800     -7.1000       30.407174954103
           112.7900     -7.1000       30.442871242737
           112.8000     -7.1000       30.478962381912
           112.8100     -7.1000       30.515323465580
           112.8200     -7.1000       30.551856110677
           112.8300     -7.1000       30.588491783281
           112.8400     -7.1000       30.625189843649
           112.8500     -7.1000       30.661930487820
           112.8600     -7.1000       30.698703544133
           112.8700     -7.1000       30.735494757402
           112.8800     -7.1000       30.772271661678
           112.8900     -7.1000       30.808971329782
           112.9000     -7.1000       30.845492156156
           112.9100     -7.1000       30.881691383501
           112.9200     -7.1000       30.917389371395
           112.9300     -7.1000       30.952380713112
           112.9400     -7.1000       30.986451349398
           112.9500     -7.1000       31.019399932833
           112.9600     -7.1000       31.051060987475
           112.9700     -7.1000       31.081326989914
           112.9800     -7.1000       31.110166438555
           112.9900     -7.1000       31.137635301941
           113.0000     -7.1000       31.163879918320
           112.0000     -7.1100       28.822812736509
           112.0100     -7.1100       28.833743396127
           112.0200     -7.1100       28.844647401487
           112.0300     -7.1100       28.855798573345
           112.0400     -7.1100       28.867432681533
           112.0500     -7.1100       28.879730015187
           112.0600     -7.1100       28.892803721651
           112.0700     -7.1100       28.906695109452
           112.0800     -7.1100       28.921376317284
           112.0900     -7.1100       28.936759907850
           112.1000     -7.1100       28.952714155301
           112.1100     -7.1100       28.969082154446
           112.1200     -7.1100       28.985702467404
           112.1300     -7.1100       29.002428888854
           112.1400     -7.1100       29.019147070019
           112.1500     -7.1100       29.035786172556
           112.1600     -7.1100       29.052324371266
           112.1700     -7.1100       29.068787806520
           112.1800     -7.1100       29.085243404456
           112.1900     -7.1100       29.101786732601
           112.2000     -7.1100       29.118526646822
           112.2100     -7.1100       29.135568840035
           112.2200     -7.1100       29.153000481859
           112.2300     -7.1100       29.170877934914
           112.2400     -7.1100       29.189219077768
           112.2500     -7.1100       29.208001118790
           112.2600     -7.1100       29.227164035636
           112.2700     -7.1100       29.246619020854
           112.2800     -7.1100       29.266260653909
           112.2900     -7.1100       29.285981039488
           112.3000     -7.1100       29.305683912846
           112.3100     -7.1100       29.325296744449
           112.3200     -7.1100       29.344779171799
           112.3300     -7.1100       29.364126604838
           112.3400     -7.1100       29.383368522069
           112.3500     -7.1100       29.402561707326
           112.3600     -7.1100       29.421779373674
           112.3700     -7.1100       29.441097688476
           112.3800     -7.1100       29.460581576637
           112.3900     -7.1100       29.480271789580
           112.4000     -7.1100       29.500175071170
           112.4100     -7.1100       29.520258849927
           112.4200     -7.1100       29.540451293176
           112.4300     -7.1100       29.560646852486
           112.4400     -7.1100       29.580716704777
           112.4500     -7.1100       29.600522846041
           112.4600     -7.1100       29.619934110317
           112.4700     -7.1100       29.638842129137
           112.4800     -7.1100       29.657175249408
           112.4900     -7.1100       29.674908689281
           112.5000     -7.1100       29.692069696146
           112.5100     -7.1100       29.708737113206
           112.5200     -7.1100       29.725035475035
           112.5300     -7.1100       29.741124443070
           112.5400     -7.1100       29.757184967608
           112.5500     -7.1100       29.773403948204
           112.5600     -7.1100       29.789959309889
           112.5700     -7.1100       29.807007301636
           112.5800     -7.1100       29.824673473873
           112.5900     -7.1100       29.843048253807
           112.6000     -7.1100       29.862187386239
           112.6100     -7.1100       29.882116833716
           112.6200     -7.1100       29.902841126157
           112.6300     -7.1100       29.924353699018
           112.6400     -7.1100       29.946647521802
           112.6500     -7.1100       29.969724326284
           112.6600     -7.1100       29.993600993231
           112.6700     -7.1100       30.018312110694
           112.6800     -7.1100       30.043908310538
           112.6900     -7.1100       30.070450637537
           112.7000     -7.1100       30.098001813970
           112.7100     -7.1100       30.126615744465
           112.7200     -7.1100       30.156326890391
           112.7300     -7.1100       30.187141187944
           112.7400     -7.1100       30.219029980118
           112.7500     -7.1100       30.251928006892
           112.7600     -7.1100       30.285735908945
           112.7700     -7.1100       30.320327031184
           112.7800     -7.1100       30.355557659540
           112.7900     -7.1100       30.391279283459
           112.8000     -7.1100       30.427351129174
           112.8100     -7.1100       30.463651111079
           112.8200     -7.1100       30.500083522167
           112.8300     -7.1100       30.536582213070
           112.8400     -7.1100       30.573108639622
           112.8500     -7.1100       30.609644907473
           112.8600     -7.1100       30.646182706174
           112.8700     -7.1100       30.682709695571
           112.8800     -7.1100       30.719195384910
           112.8900     -7.1100       30.755578753663
           112.9000     -7.1100       30.791759761159
           112.9100     -7.1100       30.827596479684
           112.9200     -7.1100       30.862908905367
           112.9300     -7.1100       30.897489634164
           112.9400     -7.1100       30.931120646383
           112.9500     -7.1100       30.963594547016
           112.9600     -7.1100       30.994737884007
           112.9700     -7.1100       31.024433717353
           112.9800     -7.1100       31.052640511270
           112.9900     -7.1100       31.079404698357
           113.0000     -7.1100       31.104864899250
           112.0000     -7.1200       28.777113760161
           112.0100     -7.1200       28.789334666938
           112.0200     -7.1200       28.801500960036
           112.0300     -7.1200       28.813868757847
           112.0400     -7.1200       28.826661672647
           112.0500     -7.1200       28.840051906094
           112.0600     -7.1200       28.854146825149
           112.0700     -7.1200       28.868982502309
           112.0800     -7.1200       28.884524898951
           112.0900     -7.1200       28.900678480568
           112.1000     -7.1200       28.917301186675
           112.1100     -7.1200       28.934223942284
           112.1200     -7.1200       28.951272382526
           112.1300     -7.1200       28.968288230241
           112.1400     -7.1200       28.985147845656
           112.1500     -7.1200       29.001775846562
           112.1600     -7.1200       29.018152327797
           112.1700     -7.1200       29.034313010549
           112.1800     -7.1200       29.050342523879
           112.1900     -7.1200       29.066361853934
           112.2000     -7.1200       29.082511686915
           112.2100     -7.1200       29.098933835460
           112.2200     -7.1200       29.115753119497
           112.2300     -7.1200       29.133061952959
           112.2400     -7.1200       29.150909486677
           112.2500     -7.1200       29.169296530626
           112.2600     -7.1200       29.188176708994
           112.2700     -7.1200       29.207463490249
           112.2800     -7.1200       29.227041986354
           112.2900     -7.1200       29.246783826195
           112.3000     -7.1200       29.266563051761
           112.3100     -7.1200       29.286270904332
           112.3200     -7.1200       29.305827568216
           112.3300     -7.1200       29.325189390726
           112.3400     -7.1200       29.344350736223
           112.3500     -7.1200       29.363340372119
           112.3600     -7.1200       29.382213026633
           112.3700     -7.1200       29.401037403515
           112.3800     -7.1200       29.419882403476
           112.3900     -7.1200       29.438803526144
           112.4000     -7.1200       29.457831382976
           112.4100     -7.1200       29.476963949365
           112.4200     -7.1200       29.496163666350
           112.4300     -7.1200       29.515359840101
           112.4400     -7.1200       29.534456070671
           112.4500     -7.1200       29.553341766542
           112.4600     -7.1200       29.571906258152
           112.4700     -7.1200       29.590053682976
           112.4800     -7.1200       29.607716720518
           112.4900     -7.1200       29.624867417599
           112.5000     -7.1200       29.641523738155
           112.5100     -7.1200       29.657751042054
           112.5200     -7.1200       29.673658365420
           112.5300     -7.1200       29.689390049814
           112.5400     -7.1200       29.705113858180
           112.5500     -7.1200       29.721007143354
           112.5600     -7.1200       29.737242844270
           112.5700     -7.1200       29.753977050779
           112.5800     -7.1200       29.771339608381
           112.5900     -7.1200       29.789428769834
           112.6000     -7.1200       29.808310308607
           112.6100     -7.1200       29.828020873496
           112.6200     -7.1200       29.848574773861
           112.6300     -7.1200       29.869972923161
           112.6400     -7.1200       29.892212398537
           112.6500     -7.1200       29.915295032444
           112.6600     -7.1200       29.939233642748
           112.6700     -7.1200       29.964054901245
           112.6800     -7.1200       29.989798379147
           112.6900     -7.1200       30.016511913169
           112.7000     -7.1200       30.044244018726
           112.7100     -7.1200       30.073034551860
           112.7200     -7.1200       30.102905118094
           112.7300     -7.1200       30.133850798906
           112.7400     -7.1200       30.165834601336
           112.7500     -7.1200       30.198785654183
           112.7600     -7.1200       30.232601627688
           112.7700     -7.1200       30.267155220086
           112.7800     -7.1200       30.302303925438
           112.7900     -7.1200       30.337901765837
           112.8000     -7.1200       30.373811318759
           112.8100     -7.1200       30.409914254636
           112.8200     -7.1200       30.446118745932
           112.8300     -7.1200       30.482362505631
           112.8400     -7.1200       30.518610812187
           112.8500     -7.1200       30.554849601392
           112.8600     -7.1200       30.591074454382
           112.8700     -7.1200       30.627276979040
           112.8800     -7.1200       30.663430570538
           112.8900     -7.1200       30.699477767967
           112.9000     -7.1200       30.735321353204
           112.9100     -7.1200       30.770820960222
           112.9200     -7.1200       30.805796315321
           112.9300     -7.1200       30.840037386702
           112.9400     -7.1200       30.873320790712
           112.9500     -7.1200       30.905430903406
           112.9600     -7.1200       30.936183381993
           112.9700     -7.1200       30.965448317657
           112.9800     -7.1200       30.993170095007
           112.9900     -7.1200       31.019381258536
           113.0000     -7.1200       31.044208269750
           112.0000     -7.1300       28.734419466896
           112.0100     -7.1300       28.747845797777
           112.0200     -7.1300       28.761161205258
           112.0300     -7.1300       28.774606703597
           112.0400     -7.1300       28.788397653184
           112.0500     -7.1300       28.802703227789
           112.0600     -7.1300       28.817630974600
           112.0700     -7.1300       28.833218256463
           112.0800     -7.1300       28.849431557564
           112.0900     -7.1300       28.866173703458
           112.1000     -7.1300       28.883298107749
           112.1100     -7.1300       28.900628326464
           112.1200     -7.1300       28.917980579381
           112.1300     -7.1300       28.935186561441
           112.1400     -7.1300       28.952113857572
           112.1500     -7.1300       28.968681590392
           112.1600     -7.1300       28.984869531702
           112.1700     -7.1300       29.000719719134
           112.1800     -7.1300       29.016330536988
           112.1900     -7.1300       29.031844130695
           112.2000     -7.1300       29.047428814811
           112.2100     -7.1300       29.063258708383
           112.2200     -7.1300       29.079493120552
           112.2300     -7.1300       29.096258181396
           112.2400     -7.1300       29.113632876893
           112.2500     -7.1300       29.131641049523
           112.2600     -7.1300       29.150250147291
           112.2700     -7.1300       29.169376645140
           112.2800     -7.1300       29.188897234108
           112.2900     -7.1300       29.208664179613
           112.3000     -7.1300       29.228522776653
           112.3100     -7.1300       29.248328632324
           112.3200     -7.1300       29.267962604397
           112.3300     -7.1300       29.287341599797
           112.3400     -7.1300       29.306424034005
           112.3500     -7.1300       29.325209489618
           112.3600     -7.1300       29.343732890201
           112.3700     -7.1300       29.362054221790
           112.3800     -7.1300       29.380245396237
           112.3900     -7.1300       29.398376187359
           112.4000     -7.1300       29.416501242895
           112.4100     -7.1300       29.434649978452
           112.4200     -7.1300       29.452820725593
           112.4300     -7.1300       29.470979897588
           112.4400     -7.1300       29.489066237712
           112.4500     -7.1300       29.506999521701
           112.4600     -7.1300       29.524692490797
           112.4700     -7.1300       29.542064372980
           112.4800     -7.1300       29.559054160456
           112.4900     -7.1300       29.575631872582
           112.5000     -7.1300       29.591806332174
           112.5100     -7.1300       29.607628474528
           112.5200     -7.1300       29.623189822214
           112.5300     -7.1300       29.638616408626
           112.5400     -7.1300       29.654059030121
           112.5500     -7.1300       29.669681169255
           112.5600     -7.1300       29.685646199330
           112.5700     -7.1300       29.702105519725
           112.5800     -7.1300       29.719189081466
           112.5900     -7.1300       29.736999374029
           112.6000     -7.1300       29.755609415804
           112.6100     -7.1300       29.775064699263
           112.6200     -7.1300       29.795388472894
           112.6300     -7.1300       29.816589276629
           112.6400     -7.1300       29.838669351525
           112.6500     -7.1300       29.861632458798
           112.6600     -7.1300       29.885489778526
           112.6700     -7.1300       29.910262892930
           112.6800     -7.1300       29.935983342861
           112.6900     -7.1300       29.962688806771
           112.7000     -7.1300       29.990416505634
           112.7100     -7.1300       30.019194901726
           112.7200     -7.1300       30.049035063392
           112.7300     -7.1300       30.079923163887
           112.7400     -7.1300       30.111815452200
           112.7500     -7.1300       30.144636692541
           112.7600     -7.1300       30.178282563112
           112.7700     -7.1300       30.212625905702
           112.7800     -7.1300       30.247526112401
           112.7900     -7.1300       30.282840414705
           112.8000     -7.1300       30.318435484013
           112.8100     -7.1300       30.354197620265
           112.8200     -7.1300       30.390039925693
           112.8300     -7.1300       30.425905226701
           112.8400     -7.1300       30.461764076162
           112.8500     -7.1300       30.497607867775
           112.8600     -7.1300       30.533437828949
           112.8700     -7.1300       30.569251325534
           112.8800     -7.1300       30.605027412260
           112.8900     -7.1300       30.640713818056
           112.9000     -7.1300       30.676217516950
           112.9100     -7.1300       30.711400693365
           112.9200     -7.1300       30.746083296539
           112.9300     -7.1300       30.780052562617
           112.9400     -7.1300       30.813078964846
           112.9500     -7.1300       30.844937150532
           112.9600     -7.1300       30.875429659095
           112.9700     -7.1300       30.904410696118
           112.9800     -7.1300       30.931807043492
           112.9900     -7.1300       30.957633355425
           113.0000     -7.1300       30.981999618063
           112.0000     -7.1400       28.694432262839
           112.0100     -7.1400       28.708940629221
           112.0200     -7.1400       28.723260321508
           112.0300     -7.1400       28.737620390494
           112.0400     -7.1400       28.752232113294
           112.0500     -7.1400       28.767266720114
           112.0600     -7.1400       28.782837734763
           112.0700     -7.1400       28.798990033617
           112.0800     -7.1400       28.815696925919
           112.0900     -7.1400       28.832865595277
           112.1000     -7.1400       28.850350236518
           112.1100     -7.1400       28.867971297414
           112.1200     -7.1400       28.885538505221
           112.1300     -7.1400       28.902874912707
           112.1400     -7.1400       28.919839091351
           112.1500     -7.1400       28.936342842372
           112.1600     -7.1400       28.952362357154
           112.1700     -7.1400       28.967941566427
           112.1800     -7.1400       28.983187370650
           112.1900     -7.1400       28.998257423793
           112.2000     -7.1400       29.013342028113
           112.2100     -7.1400       29.028642380607
           112.2200     -7.1400       29.044347810962
           112.2300     -7.1400       29.060614720891
           112.2400     -7.1400       29.077549672338
           112.2500     -7.1400       29.095198515246
           112.2600     -7.1400       29.113542669122
           112.2700     -7.1400       29.132502777199
           112.2800     -7.1400       29.151949051841
           112.2900     -7.1400       29.171716837559
           112.3000     -7.1400       29.191625330465
           112.3100     -7.1400       29.211497079190
           112.3200     -7.1400       29.231175885039
           112.3300     -7.1400       29.250541011471
           112.3400     -7.1400       29.269516159744
           112.3500     -7.1400       29.288072392123
           112.3600     -7.1400       29.306224988492
           112.3700     -7.1400       29.324025000866
           112.3800     -7.1400       29.341546923156
           112.3900     -7.1400       29.358874339499
           112.4000     -7.1400       29.376085601461
           112.4100     -7.1400       29.393241495483
           112.4200     -7.1400       29.410376516857
           112.4300     -7.1400       29.427494818524
           112.4400     -7.1400       29.444571230536
           112.4500     -7.1400       29.461557042522
           112.4600     -7.1400       29.478389601878
           112.4700     -7.1400       29.495004288813
           112.4800     -7.1400       29.511347147928
           112.4900     -7.1400       29.527386416871
           112.5000     -7.1400       29.543121394355
           112.5100     -7.1400       29.558587498197
           112.5200     -7.1400       29.573856917437
           112.5300     -7.1400       29.589034880774
           112.5400     -7.1400       29.604252159308
           112.5500     -7.1400       29.619654912718
           112.5600     -7.1400       29.635393308572
           112.5700     -7.1400       29.651610453940
           112.5800     -7.1400       29.668433066612
           112.5900     -7.1400       29.685965001510
           112.6000     -7.1400       29.704284285482
           112.6100     -7.1400       29.723443770837
           112.6200     -7.1400       29.743474975155
           112.6300     -7.1400       29.764394211660
           112.6400     -7.1400       29.786209797750
           112.6500     -7.1400       29.808929004312
           112.6600     -7.1400       29.832563491750
           112.6700     -7.1400       29.857132256269
           112.6800     -7.1400       29.882661539051
           112.6900     -7.1400       29.909181666364
           112.7000     -7.1400       29.936721311850
           112.7100     -7.1400       29.965300123289
           112.7200     -7.1400       29.994920964679
           112.7300     -7.1400       30.025563140747
           112.7400     -7.1400       30.057177873005
           112.7500     -7.1400       30.089686993765
           112.7600     -7.1400       30.122985357497
           112.7700     -7.1400       30.156946903396
           112.7800     -7.1400       30.191433721345
           112.7900     -7.1400       30.226306962989
           112.8000     -7.1400       30.261438080036
           112.8100     -7.1400       30.296718723712
           112.8200     -7.1400       30.332067734273
           112.8300     -7.1400       30.367433985466
           112.8400     -7.1400       30.402794388665
           112.8500     -7.1400       30.438147037130
           112.8600     -7.1400       30.473500192157
           112.8700     -7.1400       30.508858479102
           112.8800     -7.1400       30.544208174799
           112.8900     -7.1400       30.579503748406
           112.9000     -7.1400       30.614657813211
           112.9100     -7.1400       30.649536342746
           112.9200     -7.1400       30.683960426095
           112.9300     -7.1400       30.717715048622
           112.9400     -7.1400       30.750564480543
           112.9500     -7.1400       30.782272951675
           112.9600     -7.1400       30.812628505807
           112.9700     -7.1400       30.841467371348
           112.9800     -7.1400       30.868695939288
           112.9900     -7.1400       30.894307550688
           113.0000     -7.1400       30.918391764966
           112.0000     -7.1500       28.656722300957
           112.0100     -7.1500       28.672160537411
           112.0200     -7.1500       28.687319221807
           112.0300     -7.1500       28.702418806978
           112.0400     -7.1500       28.717670543842
           112.0500     -7.1500       28.733252412923
           112.0600     -7.1500       28.749289110197
           112.0700     -7.1500       28.765838508808
           112.0800     -7.1500       28.782886232419
           112.0900     -7.1500       28.800348989331
           112.1000     -7.1500       28.818086250826
           112.1100     -7.1500       28.835918843842
           112.1200     -7.1500       28.853652191816
           112.1300     -7.1500       28.871101380775
           112.1400     -7.1500       28.888115017797
           112.1500     -7.1500       28.904595009922
           112.1600     -7.1500       28.920509901315
           112.1700     -7.1500       28.935900199854
           112.1800     -7.1500       28.950875101522
           112.1900     -7.1500       28.965601060252
           112.2000     -7.1500       28.980283624058
           112.2100     -7.1500       28.995144746648
           112.2200     -7.1500       29.010398293019
           112.2300     -7.1500       29.026226629294
           112.2400     -7.1500       29.042761005502
           112.2500     -7.1500       29.060067933627
           112.2600     -7.1500       29.078143000331
           112.2700     -7.1500       29.096912633431
           112.2800     -7.1500       29.116243380347
           112.2900     -7.1500       29.135957374990
           112.3000     -7.1500       29.155851974137
           112.3100     -7.1500       29.175721116775
           112.3200     -7.1500       29.195375846178
           112.3300     -7.1500       29.214661639881
           112.3400     -7.1500       29.233470682146
           112.3500     -7.1500       29.251747916650
           112.3600     -7.1500       29.269490538631
           112.3700     -7.1500       29.286741417367
           112.3800     -7.1500       29.303577675727
           112.3900     -7.1500       29.320096202651
           112.4000     -7.1500       29.336398172906
           112.4100     -7.1500       29.352574666849
           112.4200     -7.1500       29.368695228962
           112.4300     -7.1500       29.384800720998
           112.4400     -7.1500       29.400901185473
           112.4500     -7.1500       29.416978728522
           112.4600     -7.1500       29.432994754038
           112.4700     -7.1500       29.448900322863
           112.4800     -7.1500       29.464648042070
           112.4900     -7.1500       29.480203752696
           112.5000     -7.1500       29.495556389565
           112.5100     -7.1500       29.510724710626
           112.5200     -7.1500       29.525760082956
           112.5300     -7.1500       29.540745094326
           112.5400     -7.1500       29.555788348655
           112.5500     -7.1500       29.571016317858
           112.5600     -7.1500       29.586563491452
           112.5700     -7.1500       29.602562241318
           112.5800     -7.1500       29.619133783362
           112.5900     -7.1500       29.636381382271
           112.6000     -7.1500       29.654386550584
           112.6100     -7.1500       29.673208501403
           112.6200     -7.1500       29.692886600849
           112.6300     -7.1500       29.713445109051
           112.6400     -7.1500       29.734899165004
           112.6500     -7.1500       29.757260809754
           112.6600     -7.1500       29.780543876494
           112.6700     -7.1500       29.804766798420
           112.6800     -7.1500       29.829952760374
           112.6900     -7.1500       29.856127089961
           112.7000     -7.1500       29.883312274978
           112.7100     -7.1500       29.911521429763
           112.7200     -7.1500       29.940751343995
           112.7300     -7.1500       29.970976382015
           112.7400     -7.1500       30.002144433133
           112.7500     -7.1500       30.034175847913
           112.7600     -7.1500       30.066965866498
           112.7700     -7.1500       30.100390512660
           112.7800     -7.1500       30.134315369079
           112.7900     -7.1500       30.168606149512
           112.8000     -7.1500       30.203139620759
           112.8100     -7.1500       30.237813263255
           112.8200     -7.1500       30.272552128668
           112.8300     -7.1500       30.307311658510
           112.8400     -7.1500       30.342075737594
           112.8500     -7.1500       30.376849907752
           112.8600     -7.1500       30.411650374575
           112.8700     -7.1500       30.446490105407
           112.8800     -7.1500       30.481363843742
           112.8900     -7.1500       30.516234171799
           112.9000     -7.1500       30.551020784108
           112.9100     -7.1500       30.585594870582
           112.9200     -7.1500       30.619779967230
           112.9300     -7.1500       30.653359874146
           112.9400     -7.1500       30.686093353490
           112.9500     -7.1500       30.717734415616
           112.9600     -7.1500       30.748056197375
           112.9700     -7.1500       30.776875842494
           112.9800     -7.1500       30.804077496476
           112.9900     -7.1500       30.829630578968
           113.0000     -7.1500       30.853600903340
           112.0000     -7.1600       28.620772691412
           112.0100     -7.1600       28.636971882078
           112.0200     -7.1600       28.652796365563
           112.0300     -7.1600       28.668461239254
           112.0400     -7.1600       28.684181296627
           112.0500     -7.1600       28.700145180302
           112.0600     -7.1600       28.716492963004
           112.0700     -7.1600       28.733299887293
           112.0800     -7.1600       28.750568234954
           112.0900     -7.1600       28.768228296956
           112.1000     -7.1600       28.786148298267
           112.1100     -7.1600       28.804152036758
           112.1200     -7.1600       28.822042056443
           112.1300     -7.1600       28.839625507323
           112.1400     -7.1600       28.856739527776
           112.1500     -7.1600       28.873273057496
           112.1600     -7.1600       28.889182437762
           112.1700     -7.1600       28.904498923334
           112.1800     -7.1600       28.919327219499
           112.1900     -7.1600       28.933835245334
           112.2000     -7.1600       28.948236375810
           112.2100     -7.1600       28.962766302754
           112.2200     -7.1600       28.977657271450
           112.2300     -7.1600       28.993112724458
           112.2400     -7.1600       29.009285288748
           112.2500     -7.1600       29.026260594729
           112.2600     -7.1600       29.044048677315
           112.2700     -7.1600       29.062583776096
           112.2800     -7.1600       29.081732342272
           112.2900     -7.1600       29.101308099756
           112.3000     -7.1600       29.121092213161
           112.3100     -7.1600       29.140856079614
           112.3200     -7.1600       29.160384043118
           112.3300     -7.1600       29.179493447020
           112.3400     -7.1600       29.198049867280
           112.3500     -7.1600       29.215976043455
           112.3600     -7.1600       29.233253853385
           112.3700     -7.1600       29.249919552349
           112.3800     -7.1600       29.266053306591
           112.3900     -7.1600       29.281764695104
           112.4000     -7.1600       29.297176257415
           112.4100     -7.1600       29.312407287185
           112.4200     -7.1600       29.327559907863
           112.4300     -7.1600       29.342709050551
           112.4400     -7.1600       29.357897350665
           112.4500     -7.1600       29.373135275652
           112.4600     -7.1600       29.388406088005
           112.4700     -7.1600       29.403674629660
           112.4800     -7.1600       29.418898463714
           112.4900     -7.1600       29.434039679738
           112.5000     -7.1600       29.449075680685
           112.5100     -7.1600       29.464007509597
           112.5200     -7.1600       29.478864699613
           112.5300     -7.1600       29.493706173845
           112.5400     -7.1600       29.508617301444
           112.5500     -7.1600       29.523703749443
           112.5600     -7.1600       29.539083183200
           112.5700     -7.1600       29.554876107360
           112.5800     -7.1600       29.571197177083
           112.5900     -7.1600       29.588148148425
           112.6000     -7.1600       29.605813308636
           112.6100     -7.1600       29.624257786938
           112.6200     -7.1600       29.643528664121
           112.6300     -7.1600       29.663658350069
           112.6400     -7.1600       29.684669350403
           112.6500     -7.1600       29.706579348875
           112.6600     -7.1600       29.729405519004
           112.6700     -7.1600       29.753167146719
           112.6800     -7.1600       29.777885967758
           112.6900     -7.1600       29.803584047635
           112.7000     -7.1600       29.830279490728
           112.7100     -7.1600       29.857980684848
           112.7200     -7.1600       29.886680100128
           112.7300     -7.1600       29.916348813095
           112.7400     -7.1600       29.946932888978
           112.7500     -7.1600       29.978352526719
           112.7600     -7.1600       30.010504480188
           112.7700     -7.1600       30.043267770013
           112.7800     -7.1600       30.076512165796
           112.7900     -7.1600       30.110108429409
           112.8000     -7.1600       30.143938943862
           112.8100     -7.1600       30.177907171786
           112.8200     -7.1600       30.211944430764
           112.8300     -7.1600       30.246012746632
           112.8400     -7.1600       30.280103024310
           112.8500     -7.1600       30.314228401434
           112.8600     -7.1600       30.348413342180
           112.8700     -7.1600       30.382679692384
           112.8800     -7.1600       30.417031457152
           112.8900     -7.1600       30.451440395476
           112.9000     -7.1600       30.485834594477
           112.9100     -7.1600       30.520091963794
           112.9200     -7.1600       30.554040091510
           112.9300     -7.1600       30.587463178206
           112.9400     -7.1600       30.620115899248
           112.9500     -7.1600       30.651743143724
           112.9600     -7.1600       30.682103757535
           112.9700     -7.1600       30.710995788219
           112.9800     -7.1600       30.738280379843
           112.9900     -7.1600       30.763901454862
           113.0000     -7.1600       30.787898661570
           112.0000     -7.1700       28.586027089932
           112.0100     -7.1700       28.602814867684
           112.0200     -7.1700       28.619137020701
           112.0300     -7.1700       28.635206059263
           112.0400     -7.1700       28.651243049010
           112.0500     -7.1700       28.667450084725
           112.0600     -7.1700       28.683985513488
           112.0700     -7.1700       28.700944930140
           112.0800     -7.1700       28.718350243911
           112.0900     -7.1700       28.736148112550
           112.1000     -7.1700       28.754217883829
           112.1100     -7.1700       28.772388016793
           112.1200     -7.1700       28.790458920187
           112.1300     -7.1700       28.808229369522
           112.1400     -7.1700       28.825523240737
           112.1500     -7.1700       28.842213276788
           112.1600     -7.1700       28.858238983091
           112.1700     -7.1700       28.873616478437
           112.1800     -7.1700       28.888439116851
           112.1900     -7.1700       28.902868819147
           112.2000     -7.1700       28.917119171668
           112.2100     -7.1700       28.931432327306
           112.2200     -7.1700       28.946052462925
           112.2300     -7.1700       28.961198923862
           112.2400     -7.1700       28.977042179883
           112.2500     -7.1700       28.993685335134
           112.2600     -7.1700       29.011153230819
           112.2700     -7.1700       29.029390245730
           112.2800     -7.1700       29.048266854906
           112.2900     -7.1700       29.067593980539
           112.3000     -7.1700       29.087143286278
           112.3100     -7.1700       29.106670930199
           112.3200     -7.1700       29.125941973678
           112.3300     -7.1700       29.144752672554
           112.3400     -7.1700       29.162948238821
           112.3500     -7.1700       29.180434300135
           112.3600     -7.1700       29.197181112286
           112.3700     -7.1700       29.213220487256
           112.3800     -7.1700       29.228636271060
           112.3900     -7.1700       29.243549934197
           112.4000     -7.1700       29.258103338120
           112.4100     -7.1700       29.272440960579
           112.4200     -7.1700       29.286693785893
           112.4300     -7.1700       29.300966716446
           112.4400     -7.1700       29.315330796555
           112.4500     -7.1700       29.329820842360
           112.4600     -7.1700       29.344438338320
           112.4700     -7.1700       29.359158789557
           112.4800     -7.1700       29.373942194534
           112.4900     -7.1700       29.388744986221
           112.5000     -7.1700       29.403531713030
           112.5100     -7.1700       29.418284890913
           112.5200     -7.1700       29.433011820650
           112.5300     -7.1700       29.447747668725
           112.5400     -7.1700       29.462554678853
           112.5500     -7.1700       29.477517931135
           112.5600     -7.1700       29.492738520167
           112.5700     -7.1700       29.508325322306
           112.5800     -7.1700       29.524386630400
           112.5900     -7.1700       29.541022845470
           112.6000     -7.1700       29.558321151705
           112.6100     -7.1700       29.576352711409
           112.6200     -7.1700       29.595172465085
           112.6300     -7.1700       29.614821180892
           112.6400     -7.1700       29.635329036104
           112.6500     -7.1700       29.656719785957
           112.6600     -7.1700       29.679014515873
           112.6700     -7.1700       29.702234088308
           112.6800     -7.1700       29.726399664989
           112.6900     -7.1700       29.751531064407
           112.7000     -7.1700       29.777643141141
           112.7100     -7.1700       29.804740777787
           112.7200     -7.1700       29.832813394680
           112.7300     -7.1700       29.861830052531
           112.7400     -7.1700       29.891736215677
           112.7500     -7.1700       29.922453052625
           112.7600     -7.1700       29.953879798330
           112.7700     -7.1700       29.985899237464
           112.7800     -7.1700       30.018385857364
           112.7900     -7.1700       30.051215740961
           112.8000     -7.1700       30.084276900024
           112.8100     -7.1700       30.117478551058
           112.8200     -7.1700       30.150757851381
           112.8300     -7.1700       30.184082852949
           112.8400     -7.1700       30.217450875879
           112.8500     -7.1700       30.250882101043
           112.8600     -7.1700       30.284408855451
           112.8700     -7.1700       30.318061724482
           112.8800     -7.1700       30.351854177181
           112.8900     -7.1700       30.385767751065
           112.9000     -7.1700       30.419739949405
           112.9100     -7.1700       30.453656826556
           112.9200     -7.1700       30.487351782564
           112.9300     -7.1700       30.520611401516
           112.9400     -7.1700       30.553188326627
           112.9500     -7.1700       30.584820270741
           112.9600     -7.1700       30.615253427129
           112.9700     -7.1700       30.644267882410
           112.9800     -7.1700       30.671702233815
           112.9900     -7.1700       30.697474539191
           113.0000     -7.1700       30.721597002792
           112.0000     -7.1800       28.551935226459
           112.0100     -7.1800       28.569149209189
           112.0200     -7.1800       28.585818278488
           112.0300     -7.1800       28.602154326050
           112.0400     -7.1800       28.618386282818
           112.0500     -7.1800       28.634731101824
           112.0600     -7.1800       28.651366775043
           112.0700     -7.1800       28.668410672550
           112.0800     -7.1800       28.685905813626
           112.0900     -7.1800       28.703816686311
           112.1000     -7.1800       28.722035047949
           112.1100     -7.1800       28.740394911048
           112.1200     -7.1800       28.758694797386
           112.1300     -7.1800       28.776724465380
           112.1400     -7.1800       28.794292787086
           112.1500     -7.1800       28.811253333498
           112.1600     -7.1800       28.827524530585
           112.1700     -7.1800       28.843101932372
           112.1800     -7.1800       28.858061133434
           112.1900     -7.1800       28.872550988794
           112.2000     -7.1800       28.886777982228
           112.2100     -7.1800       28.900983640886
           112.2200     -7.1800       28.915417707575
           112.2300     -7.1800       28.930310256695
           112.2400     -7.1800       28.945846023251
           112.2500     -7.1800       28.962143903418
           112.2600     -7.1800       28.979243924845
           112.2700     -7.1800       28.997103062629
           112.2800     -7.1800       29.015600210211
           112.2900     -7.1800       29.034549536282
           112.3000     -7.1800       29.053720500297
           112.3100     -7.1800       29.072862073740
           112.3200     -7.1800       29.091728303535
           112.3300     -7.1800       29.110102298651
           112.3400     -7.1800       29.127816016649
           112.3500     -7.1800       29.144763825923
           112.3600     -7.1800       29.160908637967
           112.3700     -7.1800       29.176280333714
           112.3800     -7.1800       29.190967130303
           112.3900     -7.1800       29.205101336172
           112.4000     -7.1800       29.218841528927
           112.4100     -7.1800       29.232353498603
           112.4200     -7.1800       29.245792302897
           112.4300     -7.1800       29.259287494482
           112.4400     -7.1800       29.272933054033
           112.4500     -7.1800       29.286782874842
           112.4600     -7.1800       29.300851892065
           112.4700     -7.1800       29.315122231976
           112.4800     -7.1800       29.329553164940
           112.4900     -7.1800       29.344093250403
           112.5000     -7.1800       29.358692903673
           112.5100     -7.1800       29.373315699927
           112.5200     -7.1800       29.387947034772
           112.5300     -7.1800       29.402599228555
           112.5400     -7.1800       29.417312719558
           112.5500     -7.1800       29.432153556564
           112.5600     -7.1800       29.447207894411
           112.5700     -7.1800       29.462574551514
           112.5800     -7.1800       29.478356863259
           112.5900     -7.1800       29.494655044702
           112.6000     -7.1800       29.511560074697
           112.6100     -7.1800       29.529149771622
           112.6200     -7.1800       29.547487308074
           112.6300     -7.1800       29.566621977940
           112.6400     -7.1800       29.586591653142
           112.6500     -7.1800       29.607426107267
           112.6600     -7.1800       29.629150277800
           112.6700     -7.1800       29.651786601493
           112.6800     -7.1800       29.675355775223
           112.6900     -7.1800       29.699875629753
           112.7000     -7.1800       29.725358199624
           112.7100     -7.1800       29.751805462331
           112.7200     -7.1800       29.779204537643
           112.7300     -7.1800       29.807523327476
           112.7400     -7.1800       29.836707601302
           112.7500     -7.1800       29.866680380385
           112.7600     -7.1800       29.897344162173
           112.7700     -7.1800       29.928586096171
           112.7800     -7.1800       29.960285736908
           112.7900     -7.1800       29.992324532093
           112.8000     -7.1800       30.024595829617
           112.8100     -7.1800       30.057013970100
           112.8200     -7.1800       30.089521016510
           112.8300     -7.1800       30.122089875621
           112.8400     -7.1800       30.154722972977
           112.8500     -7.1800       30.187446208542
           112.8600     -7.1800       30.220298573579
           112.8700     -7.1800       30.253318463432
           112.8800     -7.1800       30.286528283543
           112.8900     -7.1800       30.319919332749
           112.9000     -7.1800       30.353439093803
           112.9100     -7.1800       30.386982930996
           112.9200     -7.1800       30.420391789017
           112.9300     -7.1800       30.453456843305
           112.9400     -7.1800       30.485931241220
           112.9500     -7.1800       30.517548191964
           112.9600     -7.1800       30.548043821500
           112.9700     -7.1800       30.577182516628
           112.9800     -7.1800       30.604782034869
           112.9900     -7.1800       30.630735521220
           113.0000     -7.1800       30.655027779178
           112.0000     -7.1900       28.517992541328
           112.0100     -7.1900       28.535492703574
           112.0200     -7.1900       28.552385931191
           112.0300     -7.1900       28.568884394403
           112.0400     -7.1900       28.585225126992
           112.0500     -7.1900       28.601639797386
           112.0600     -7.1900       28.618325776536
           112.0700     -7.1900       28.635422020347
           112.0800     -7.1900       28.652992660382
           112.0900     -7.1900       28.671020225027
           112.1000     -7.1900       28.689409215645
           112.1100     -7.1900       28.707999487113
           112.1200     -7.1900       28.726587686258
           112.1300     -7.1900       28.744954030888
           112.1400     -7.1900       28.762891083065
           112.1500     -7.1900       28.780230956556
           112.1600     -7.1900       28.796867621743
           112.1700     -7.1900       28.812771599393
           112.1800     -7.1900       28.827995285912
           112.1900     -7.1900       28.842668306751
           112.2000     -7.1900       28.856983507724
           112.2100     -7.1900       28.871175317295
           112.2200     -7.1900       28.885493110667
           112.2300     -7.1900       28.900172772873
           112.2400     -7.1900       28.915409829696
           112.2500     -7.1900       28.931337278117
           112.2600     -7.1900       28.948010638842
           112.2700     -7.1900       28.965401853658
           112.2800     -7.1900       28.983402575496
           112.2900     -7.1900       29.001836283596
           112.3000     -7.1900       29.020477636386
           112.3100     -7.1900       29.039076671993
           112.3200     -7.1900       29.057384972151
           112.3300     -7.1900       29.075180770786
           112.3400     -7.1900       29.092290219083
           112.3500     -7.1900       29.108602574529
           112.3600     -7.1900       29.124077883520
           112.3700     -7.1900       29.138746668863
           112.3800     -7.1900       29.152702094446
           112.3900     -7.1900       29.166085940874
           112.4000     -7.1900       29.179070386198
           112.4100     -7.1900       29.191837972028
           112.4200     -7.1900       29.204562211986
           112.4300     -7.1900       29.217391071402
           112.4400     -7.1900       29.230435057713
           112.4500     -7.1900       29.243760984804
           112.4600     -7.1900       29.257391706549
           112.4700     -7.1900       29.271311357595
           112.4800     -7.1900       29.285474989158
           112.4900     -7.1900       29.299821021812
           112.5000     -7.1900       29.314284705576
           112.5100     -7.1900       29.328810796272
           112.5200     -7.1900       29.343363908094
           112.5300     -7.1900       29.357935437658
           112.5400     -7.1900       29.372546503969
           112.5500     -7.1900       29.387246929430
           112.5600     -7.1900       29.402110817248
           112.5700     -7.1900       29.417229689393
           112.5800     -7.1900       29.432704386997
           112.5900     -7.1900       29.448636978706
           112.6000     -7.1900       29.465123778468
           112.6100     -7.1900       29.482250276009
           112.6200     -7.1900       29.500088385581
           112.6300     -7.1900       29.518695988705
           112.6400     -7.1900       29.538118354030
           112.6500     -7.1900       29.558390723192
           112.6600     -7.1900       29.579541199547
           112.6700     -7.1900       29.601593087110
           112.6800     -7.1900       29.624565993968
           112.6900     -7.1900       29.648475306745
           112.7000     -7.1900       29.673330009354
           112.7100     -7.1900       29.699129196995
           112.7200     -7.1900       29.725857959866
           112.7300     -7.1900       29.753483522708
           112.7400     -7.1900       29.781952585693
           112.7500     -7.1900       29.811190702293
           112.7600     -7.1900       29.841104260472
           112.7700     -7.1900       29.871585240562
           112.7800     -7.1900       29.902518463424
           112.7900     -7.1900       29.933790586186
           112.8000     -7.1900       29.965299723148
           112.8100     -7.1900       29.996964331733
           112.8200     -7.1900       30.028729955094
           112.8300     -7.1900       30.060572575664
           112.8400     -7.1900       30.092497699267
           112.8500     -7.1900       30.124534818489
           112.8600     -7.1900       30.156727532249
           112.8700     -7.1900       30.189120242887
           112.8800     -7.1900       30.221742922821
           112.8900     -7.1900       30.254595854960
           112.9000     -7.1900       30.287636437062
           112.9100     -7.1900       30.320770059794
           112.9200     -7.1900       30.353846715042
           112.9300     -7.1900       30.386664395320
           112.9400     -7.1900       30.418979570838
           112.9500     -7.1900       30.450524168687
           112.9600     -7.1900       30.481027635195
           112.9700     -7.1900       30.510241946429
           112.9800     -7.1900       30.537966940072
           112.9900     -7.1900       30.564073146287
           113.0000     -7.1900       30.588519432609
           112.0000     -7.2000       28.483771030778
           112.0100     -7.2000       28.501449857664
           112.0200     -7.2000       28.518480467612
           112.0300     -7.2000       28.535074943221
           112.0400     -7.2000       28.551477181861
           112.0500     -7.2000       28.567931821251
           112.0600     -7.2000       28.584653716660
           112.0700     -7.2000       28.601801672819
           112.0800     -7.2000       28.619459572748
           112.0900     -7.2000       28.637627108105
           112.1000     -7.2000       28.656221119251
           112.1100     -7.2000       28.675087246579
           112.1200     -7.2000       28.694020338752
           112.1300     -7.2000       28.712791011263
           112.1400     -7.2000       28.731175026855
           112.1500     -7.2000       28.748981862165
           112.1600     -7.2000       28.766078965254
           112.1700     -7.2000       28.782408773638
           112.1800     -7.2000       28.797996477386
           112.1900     -7.2000       28.812947660201
           112.2000     -7.2000       28.827436189481
           112.2100     -7.2000       28.841683901525
           112.2200     -7.2000       28.855934597965
           112.2300     -7.2000       28.870425519055
           112.2400     -7.2000       28.885359715141
           112.2500     -7.2000       28.900882575451
           112.2600     -7.2000       28.917065221068
           112.2700     -7.2000       28.933896601747
           112.2800     -7.2000       28.951285066434
           112.2900     -7.2000       28.969069039442
           112.3000     -7.2000       28.987035368398
           112.3100     -7.2000       29.004943043893
           112.3200     -7.2000       29.022549424237
           112.3300     -7.2000       29.039635892333
           112.3400     -7.2000       29.056030039850
           112.3500     -7.2000       29.071621984396
           112.3600     -7.2000       29.086373204897
           112.3700     -7.2000       29.100317224491
           112.3800     -7.2000       29.113552457549
           112.3900     -7.2000       29.126228445605
           112.4000     -7.2000       29.138527427550
           112.4100     -7.2000       29.150643641691
           112.4200     -7.2000       29.162762896920
           112.4300     -7.2000       29.175044774073
           112.4400     -7.2000       29.187609363307
           112.4500     -7.2000       29.200529779192
           112.4600     -7.2000       29.213830916178
           112.4700     -7.2000       29.227494116992
           112.4800     -7.2000       29.241466726196
           112.4900     -7.2000       29.255674974618
           112.5000     -7.2000       29.270038345164
           112.5100     -7.2000       29.284483530945
           112.5200     -7.2000       29.298956302130
           112.5300     -7.2000       29.313430006036
           112.5400     -7.2000       29.327909968400
           112.5500     -7.2000       29.342433660809
           112.5600     -7.2000       29.357067065186
           112.5700     -7.2000       29.371898125657
           112.5800     -7.2000       29.387028474294
           112.5900     -7.2000       29.402564719928
           112.6000     -7.2000       29.418610497118
           112.6100     -7.2000       29.435260212609
           112.6200     -7.2000       29.452595049306
           112.6300     -7.2000       29.470681358079
           112.6400     -7.2000       29.489571155539
           112.6500     -7.2000       29.509304115514
           112.6600     -7.2000       29.529910242323
           112.6700     -7.2000       29.551412372073
           112.6800     -7.2000       29.573827764976
           112.6900     -7.2000       29.597168302904
           112.7000     -7.2000       29.621439146122
           112.7100     -7.2000       29.646636071505
           112.7200     -7.2000       29.672742046980
           112.7300     -7.2000       29.699723834219
           112.7400     -7.2000       29.727529509205
           112.7500     -7.2000       29.756087725623
           112.7600     -7.2000       29.785309322341
           112.7700     -7.2000       29.815091522536
           112.7800     -7.2000       29.845324539771
           112.7900     -7.2000       29.875899961553
           112.8000     -7.2000       29.906719895234
           112.8100     -7.2000       29.937705600654
           112.8200     -7.2000       29.968804249383
           112.8300     -7.2000       29.999992568485
           112.8400     -7.2000       30.031276445577
           112.8500     -7.2000       30.062686059623
           112.8600     -7.2000       30.094266699974
           112.8700     -7.2000       30.126066066613
           112.8800     -7.2000       30.158119420141
           112.8900     -7.2000       30.190434386040
           112.9000     -7.2000       30.222977443938
           112.9100     -7.2000       30.255664103842
           112.9200     -7.2000       30.288354474500
           112.9300     -7.2000       30.320855386892
           112.9400     -7.2000       30.352929504657
           112.9500     -7.2000       30.384311017543
           112.9600     -7.2000       30.414726675606
           112.9700     -7.2000       30.443920188007
           112.9800     -7.2000       30.471677478826
           112.9900     -7.2000       30.497850039404
           113.0000     -7.2000       30.522373685690
           112.0000     -7.2100       28.448939539677
           112.0100     -7.2100       28.466728977540
           112.0200     -7.2100       28.483850789818
           112.0300     -7.2100       28.500515250300
           112.0400     -7.2100       28.516970393654
           112.0500     -7.2100       28.533470539336
           112.0600     -7.2100       28.550244626378
           112.0700     -7.2100       28.567468196397
           112.0800     -7.2100       28.585242372050
           112.0900     -7.2100       28.603582286877
           112.1000     -7.2100       28.622416242737
           112.1100     -7.2100       28.641595549771
           112.1200     -7.2100       28.660913704181
           112.1300     -7.2100       28.680132439429
           112.1400     -7.2100       28.699011381673
           112.1500     -7.2100       28.717337644687
           112.1600     -7.2100       28.734951756205
           112.1700     -7.2100       28.751766803560
           112.1800     -7.2100       28.767778554660
           112.1900     -7.2100       28.783065439131
           112.2000     -7.2100       28.797778521790
           112.2100     -7.2100       28.812122812045
           112.2200     -7.2100       28.826332280841
           112.2300     -7.2100       28.840641678898
           112.2400     -7.2100       28.855258583576
           112.2500     -7.2100       28.870339013225
           112.2600     -7.2100       28.885969456616
           112.2700     -7.2100       28.902157339182
           112.2800     -7.2100       28.918830895443
           112.2900     -7.2100       28.935848271577
           112.3000     -7.2100       28.953014585707
           112.3100     -7.2100       28.970104758524
           112.3200     -7.2100       28.986889300338
           112.3300     -7.2100       29.003159971093
           112.3400     -7.2100       29.018752340005
           112.3500     -7.2100       29.033562736494
           112.3600     -7.2100       29.047557836010
           112.3700     -7.2100       29.060776061839
           112.3800     -7.2100       29.073320985833
           112.3900     -7.2100       29.085347852116
           112.4000     -7.2100       29.097045114817
           112.4100     -7.2100       29.108613386232
           112.4200     -7.2100       29.120244383731
           112.4300     -7.2100       29.132102331900
           112.4400     -7.2100       29.144309851255
           112.4500     -7.2100       29.156939712842
           112.4600     -7.2100       29.170013051201
           112.4700     -7.2100       29.183503811830
           112.4800     -7.2100       29.197348467576
           112.4900     -7.2100       29.211459461250
           112.5000     -7.2100       29.225740483372
           112.5100     -7.2100       29.240101605923
           112.5200     -7.2100       29.254472461255
           112.5300     -7.2100       29.268812042467
           112.5400     -7.2100       29.283114243216
           112.5500     -7.2100       29.297408869580
           112.5600     -7.2100       29.311758457467
           112.5700     -7.2100       29.326251735909
           112.5800     -7.2100       29.340994926812
           112.5900     -7.2100       29.356102227775
           112.6000     -7.2100       29.371686778374
           112.6100     -7.2100       29.387853182907
           112.6200     -7.2100       29.404692300107
           112.6300     -7.2100       29.422278575918
           112.6400     -7.2100       29.440669760003
           112.6500     -7.2100       29.459908477464
           112.6600     -7.2100       29.480024878728
           112.6700     -7.2100       29.501039496119
           112.6800     -7.2100       29.522965503245
           112.6900     -7.2100       29.545809785331
           112.7000     -7.2100       29.569572544068
           112.7100     -7.2100       29.594245522925
           112.7200     -7.2100       29.619809284002
           112.7300     -7.2100       29.646230234347
           112.7400     -7.2100       29.673458239575
           112.7500     -7.2100       29.701425646937
           112.7600     -7.2100       29.730048365221
           112.7700     -7.2100       29.759229337140
           112.7800     -7.2100       29.788864336760
           112.7900     -7.2100       29.818849591841
           112.8000     -7.2100       29.849090338625
           112.8100     -7.2100       29.879509131344
           112.8200     -7.2100       29.910052604572
           112.8300     -7.2100       29.940695455653
           112.8400     -7.2100       29.971440681617
           112.8500     -7.2100       30.002315545692
           112.8600     -7.2100       30.033363310956
           112.8700     -7.2100       30.064631390319
           112.8800     -7.2100       30.096157138672
           112.8900     -7.2100       30.127952970638
           112.9000     -7.2100       30.159992753327
           112.9100     -7.2100       30.192201447943
           112.9200     -7.2100       30.224449737265
           112.9300     -7.2100       30.256554892550
           112.9400     -7.2100       30.288288451991
           112.9500     -7.2100       30.319390480690
           112.9600     -7.2100       30.349589356337
           112.9700     -7.2100       30.378625279771
           112.9800     -7.2100       30.406275144062
           112.9900     -7.2100       30.432376089152
           113.0000     -7.2100       30.456845070995
           112.0000     -7.2200       28.413272936318
           112.0100     -7.2200       28.431147424238
           112.0200     -7.2200       28.448355629842
           112.0300     -7.2200       28.465102963349
           112.0400     -7.2200       28.481637489127
           112.0500     -7.2200       28.498218554459
           112.0600     -7.2200       28.515084503427
           112.0700     -7.2200       28.532423391113
           112.0800     -7.2200       28.550350200667
           112.0900     -7.2200       28.568893232665
           112.1000     -7.2200       28.587991188806
           112.1100     -7.2200       28.607501153935
           112.1200     -7.2200       28.627216354637
           112.1300     -7.2200       28.646891401445
           112.1400     -7.2200       28.666271846101
           112.1500     -7.2200       28.685124408533
           112.1600     -7.2200       28.703264202888
           112.1700     -7.2200       28.720575714629
           112.1800     -7.2200       28.737025092777
           112.1900     -7.2200       28.752662417227
           112.2000     -7.2200       28.767613841875
           112.2100     -7.2200       28.782064745450
           112.2200     -7.2200       28.796236092903
           112.2300     -7.2200       28.810356992472
           112.2400     -7.2200       28.824636836824
           112.2500     -7.2200       28.839240398841
           112.2600     -7.2200       28.854268824519
           112.2700     -7.2200       28.869748688112
           112.2800     -7.2200       28.885630251072
           112.2900     -7.2200       28.901794927679
           112.3000     -7.2200       28.918070848738
           112.3100     -7.2200       28.934254466191
           112.3200     -7.2200       28.950135468133
           112.3300     -7.2200       28.965521950817
           112.3400     -7.2200       28.980262852070
           112.3500     -7.2200       28.994265070795
           112.3600     -7.2200       29.007503417904
           112.3700     -7.2200       29.020022466837
           112.3800     -7.2200       29.031930377004
           112.3900     -7.2200       29.043385724252
           112.4000     -7.2200       29.054579171934
           112.4100     -7.2200       29.065712361373
           112.4200     -7.2200       29.076976633575
           112.4300     -7.2200       29.088534098199
           112.4400     -7.2200       29.100503166256
           112.4500     -7.2200       29.112950022269
           112.4600     -7.2200       29.125886720093
           112.4700     -7.2200       29.139275750192
           112.4800     -7.2200       29.153040151912
           112.4900     -7.2200       29.167077626663
           112.5000     -7.2200       29.181276717144
           112.5100     -7.2200       29.195532991408
           112.5200     -7.2200       29.209763310404
           112.5300     -7.2200       29.223916630606
           112.5400     -7.2200       29.237980337428
           112.5500     -7.2200       29.251981739095
           112.5600     -7.2200       29.265984985427
           112.5700     -7.2200       29.280084227298
           112.5800     -7.2200       29.294394231855
           112.5900     -7.2200       29.309039872000
           112.6000     -7.2200       29.324145901700
           112.6100     -7.2200       29.339828227109
           112.6200     -7.2200       29.356187529646
           112.6300     -7.2200       29.373305652973
           112.6400     -7.2200       29.391244703051
           112.6500     -7.2200       29.410048399807
           112.6600     -7.2200       29.429744920180
           112.6700     -7.2200       29.450350325229
           112.6800     -7.2200       29.471871683673
           112.6900     -7.2200       29.494309179049
           112.7000     -7.2200       29.517656782011
           112.7100     -7.2200       29.541901429201
           112.7200     -7.2200       29.567021012079
           112.7300     -7.2200       29.592981779845
           112.7400     -7.2200       29.619735946990
           112.7500     -7.2200       29.647220333389
           112.7600     -7.2200       29.675356742475
           112.7700     -7.2200       29.704054516105
           112.7800     -7.2200       29.733215332518
           112.7900     -7.2200       29.762739893936
           112.8000     -7.2200       29.792535750654
           112.8100     -7.2200       29.822525196455
           112.8200     -7.2200       29.852652003171
           112.8300     -7.2200       29.882885777925
           112.8400     -7.2200       29.913222936887
           112.8500     -7.2200       29.943683677274
           112.8600     -7.2200       29.974304850475
           112.8700     -7.2200       30.005129226642
           112.8800     -7.2200       30.036192214644
           112.8900     -7.2200       30.067507577545
           112.9000     -7.2200       30.099053988571
           112.9100     -7.2200       30.130764351132
           112.9200     -7.2200       30.162519632550
           112.9300     -7.2200       30.194148541335
           112.9400     -7.2200       30.225433752365
           112.9500     -7.2200       30.256124623181
           112.9600     -7.2200       30.285955538868
           112.9700     -7.2200       30.314668274181
           112.9800     -7.2200       30.342036168022
           112.9900     -7.2200       30.367887549570
           113.0000     -7.2200       30.392125792480
           112.0000     -7.2300       28.376650728396
           112.0100     -7.2300       28.394625948584
           112.0200     -7.2300       28.411953910489
           112.0300     -7.2300       28.428830911316
           112.0400     -7.2300       28.445499774203
           112.0500     -7.2300       28.462219131350
           112.0600     -7.2300       28.479231090075
           112.0700     -7.2300       28.496731215270
           112.0800     -7.2300       28.514844431872
           112.0900     -7.2300       28.533609687183
           112.1000     -7.2300       28.552975113311
           112.1100     -7.2300       28.572804133239
           112.1200     -7.2300       28.592891620938
           112.1300     -7.2300       28.612988020365
           112.1400     -7.2300       28.632828395727
           112.1500     -7.2300       28.652162836506
           112.1600     -7.2300       28.670784536814
           112.1700     -7.2300       28.688552215630
           112.1800     -7.2300       28.705404292370
           112.1900     -7.2300       28.721363282702
           112.2000     -7.2300       28.736530098186
           112.2100     -7.2300       28.751069167511
           112.2200     -7.2300       28.765186394793
           112.2300     -7.2300       28.779102799131
           112.2400     -7.2300       28.793027142793
           112.2500     -7.2300       28.807130903218
           112.2600     -7.2300       28.821528579496
           112.2700     -7.2300       28.836265600644
           112.2800     -7.2300       28.851315118306
           112.2900     -7.2300       28.866583847603
           112.3000     -7.2300       28.881926008394
           112.3100     -7.2300       28.897163452064
           112.3200     -7.2300       28.912109352224
           112.3300     -7.2300       28.926592472233
           112.3400     -7.2300       28.940479034332
           112.3500     -7.2300       28.953689592934
           112.3600     -7.2300       28.966209001145
           112.3700     -7.2300       28.978088460955
           112.3800     -7.2300       28.989439645620
           112.3900     -7.2300       29.000421850615
           112.4000     -7.2300       29.011223948036
           112.4100     -7.2300       29.022043491442
           112.4200     -7.2300       29.033065581122
           112.4300     -7.2300       29.044444031592
           112.4400     -7.2300       29.056287004347
           112.4500     -7.2300       29.068648638421
           112.4600     -7.2300       29.081527417821
           112.4700     -7.2300       29.094871164460
           112.4800     -7.2300       29.108587746865
           112.4900     -7.2300       29.122559947036
           112.5000     -7.2300       29.136662505150
           112.5100     -7.2300       29.150779207378
           112.5200     -7.2300       29.164818002211
           112.5300     -7.2300       29.178722496090
           112.5400     -7.2300       29.192478729861
           112.5500     -7.2300       29.206116792261
           112.5600     -7.2300       29.219707494289
           112.5700     -7.2300       29.233354920628
           112.5800     -7.2300       29.247186117629
           112.5900     -7.2300       29.261339421826
           112.6000     -7.2300       29.275952958515
           112.6100     -7.2300       29.291154657328
           112.6200     -7.2300       29.307054780507
           112.6300     -7.2300       29.323741500342
           112.6400     -7.2300       29.341279568248
           112.6500     -7.2300       29.359711663414
           112.6600     -7.2300       29.379061658820
           112.6700     -7.2300       29.399338843034
           112.6800     -7.2300       29.420542109301
           112.6900     -7.2300       29.442663263683
           112.7000     -7.2300       29.465688880332
           112.7100     -7.2300       29.489600493291
           112.7200     -7.2300       29.514373297127
           112.7300     -7.2300       29.539973867538
           112.7400     -7.2300       29.566357650253
           112.7500     -7.2300       29.593467060773
           112.7600     -7.2300       29.621230971010
           112.7700     -7.2300       29.649566139335
           112.7800     -7.2300       29.678380801119
           112.7900     -7.2300       29.707580230468
           112.8000     -7.2300       29.737073676295
           112.8100     -7.2300       29.766781735336
           112.8200     -7.2300       29.796643011828
           112.8300     -7.2300       29.826618871667
           112.8400     -7.2300       29.856695247250
           112.8500     -7.2300       29.886880778695
           112.8600     -7.2300       29.917201051153
           112.8700     -7.2300       29.947689245890
           112.8800     -7.2300       29.978374088563
           112.8900     -7.2300       30.009266469867
           112.9000     -7.2300       30.040346455649
           112.9100     -7.2300       30.071552536709
           112.9200     -7.2300       30.102774859782
           112.9300     -7.2300       30.133853829197
           112.9400     -7.2300       30.164584905047
           112.9500     -7.2300       30.194729710417
           112.9600     -7.2300       30.224032782078
           112.9700     -7.2300       30.252242553758
           112.9800     -7.2300       30.279134546109
           112.9900     -7.2300       30.304534337556
           113.0000     -7.2300       30.328337765778
           112.0000     -7.2400       28.339046616115
           112.0100     -7.2400       28.357174001594
           112.0200     -7.2400       28.374686302531
           112.0300     -7.2400       28.391765509922
           112.0400     -7.2400       28.408643089235
           112.0500     -7.2400       28.425570486722
           112.0600     -7.2400       28.442787346969
           112.0700     -7.2400       28.460491332674
           112.0800     -7.2400       28.478813194695
           112.0900     -7.2400       28.497800055910
           112.1000     -7.2400       28.517408835557
           112.1100     -7.2400       28.537510483049
           112.1200     -7.2400       28.557904368951
           112.1300     -7.2400       28.578340958769
           112.1400     -7.2400       28.598549921139
           112.1500     -7.2400       28.618270211580
           112.1600     -7.2400       28.637278495667
           112.1700     -7.2400       28.655412545846
           112.1800     -7.2400       28.672586923418
           112.1900     -7.2400       28.688799250800
           112.2000     -7.2400       28.704126560897
           112.2100     -7.2400       28.718712431018
           112.2200     -7.2400       28.732746716702
           112.2300     -7.2400       28.746440561497
           112.2400     -7.2400       28.759999870651
           112.2500     -7.2400       28.773600543743
           112.2600     -7.2400       28.787368458919
           112.2700     -7.2400       28.801366535998
           112.2800     -7.2400       28.815590268176
           112.2900     -7.2400       28.829972025052
           112.3000     -7.2400       28.844393332119
           112.3100     -7.2400       28.858703360713
           112.3200     -7.2400       28.872741135758
           112.3300     -7.2400       28.886358571291
           112.3400     -7.2400       28.899441417040
           112.3500     -7.2400       28.911925537332
           112.3600     -7.2400       28.923806594435
           112.3700     -7.2400       28.935142082558
           112.3800     -7.2400       28.946045640449
           112.3900     -7.2400       28.956674534010
           112.4000     -7.2400       28.967212025244
           112.4100     -7.2400       28.977846930640
           112.4200     -7.2400       28.988752954407
           112.4300     -7.2400       29.000070333401
           112.4400     -7.2400       29.011891967902
           112.4500     -7.2400       29.024255591178
           112.4600     -7.2400       29.037142737934
           112.4700     -7.2400       29.050484412985
           112.4800     -7.2400       29.064172547289
           112.4900     -7.2400       29.078075659920
           112.5000     -7.2400       29.092056700215
           112.5100     -7.2400       29.105990871343
           112.5200     -7.2400       29.119781345229
           112.5300     -7.2400       29.133371142665
           112.5400     -7.2400       29.146750013421
           112.5500     -7.2400       29.159955827483
           112.5600     -7.2400       29.173070687509
           112.5700     -7.2400       29.186212602145
           112.5800     -7.2400       29.199524041779
           112.5900     -7.2400       29.213158977458
           112.6000     -7.2400       29.227270054840
           112.6100     -7.2400       29.241997384982
           112.6200     -7.2400       29.257460079188
           112.6300     -7.2400       29.273751176233
           112.6400     -7.2400       29.290936081673
           112.6500     -7.2400       29.309054138621
           112.6600     -7.2400       29.328122547332
           112.6700     -7.2400       29.348141600094
           112.6800     -7.2400       29.369100126317
           112.6900     -7.2400       29.390980151031
           112.7000     -7.2400       29.413760031744
           112.7100     -7.2400       29.437415705009
           112.7200     -7.2400       29.461920081768
           112.7300     -7.2400       29.487241011466
           112.7400     -7.2400       29.513338526523
           112.7500     -7.2400       29.540162233351
           112.7600     -7.2400       29.567649708396
           112.7700     -7.2400       29.595726587980
           112.7800     -7.2400       29.624308735580
           112.7900     -7.2400       29.653306478013
           112.8000     -7.2400       29.682630486245
           112.8100     -7.2400       29.712198505977
           112.8200     -7.2400       29.741941881812
           112.8300     -7.2400       29.771810715677
           112.8400     -7.2400       29.801776582000
           112.8500     -7.2400       29.831831988112
           112.8600     -7.2400       29.861986189733
           112.8700     -7.2400       29.892257494547
           112.8800     -7.2400       29.922662740134
           112.8900     -7.2400       29.953205136123
           112.9000     -7.2400       29.983862037309
           112.9100     -7.2400       30.014574401654
           112.9200     -7.2400       30.045239645071
           112.9300     -7.2400       30.075709323978
           112.9400     -7.2400       30.105792579806
           112.9500     -7.2400       30.135265620415
           112.9600     -7.2400       30.163886769941
           112.9700     -7.2400       30.191415883908
           112.9800     -7.2400       30.217636296742
           112.9900     -7.2400       30.242377030314
           113.0000     -7.2400       30.265532809976
           112.0000     -7.2500       28.300511149329
           112.0100     -7.2500       28.318868600141
           112.0200     -7.2500       28.336650908822
           112.0300     -7.2500       28.354019971066
           112.0400     -7.2500       28.371189329770
           112.0500     -7.2500       28.388396466415
           112.0600     -7.2500       28.405872168006
           112.0700     -7.2500       28.423810758493
           112.0800     -7.2500       28.442344830131
           112.0900     -7.2500       28.461527513604
           112.1000     -7.2500       28.481324365217
           112.1100     -7.2500       28.501615747967
           112.1200     -7.2500       28.522209292444
           112.1300     -7.2500       28.542860803354
           112.1400     -7.2500       28.563300977500
           112.1500     -7.2500       28.583264638982
           112.1600     -7.2500       28.602518953129
           112.1700     -7.2500       28.620887275259
           112.1800     -7.2500       28.638265891935
           112.1900     -7.2500       28.654631839198
           112.2000     -7.2500       28.670041113154
           112.2100     -7.2500       28.684617779336
           112.2200     -7.2500       28.698535589130
           112.2300     -7.2500       28.711994589220
           112.2400     -7.2500       28.725195758875
           112.2500     -7.2500       28.738316868449
           112.2600     -7.2500       28.751492509541
           112.2700     -7.2500       28.764800641995
           112.2800     -7.2500       28.778257119359
           112.2900     -7.2500       28.791818609668
           112.3000     -7.2500       28.805393257563
           112.3100     -7.2500       28.818857472084
           112.3200     -7.2500       28.832076490775
           112.3300     -7.2500       28.844925952157
           112.3400     -7.2500       28.857311650805
           112.3500     -7.2500       28.869184950908
           112.3600     -7.2500       28.880551948710
           112.3700     -7.2500       28.891475316264
           112.3800     -7.2500       28.902068716468
           112.3900     -7.2500       28.912484628093
           112.4000     -7.2500       28.922897239508
           112.4100     -7.2500       28.933482660244
           112.4200     -7.2500       28.944398991385
           112.4300     -7.2500       28.955768759636
           112.4400     -7.2500       28.967665869122
           112.4500     -7.2500       28.980108612273
           112.4600     -7.2500       28.993059491532
           112.4700     -7.2500       29.006431742103
           112.4800     -7.2500       29.020101623590
           112.4900     -7.2500       29.033924868234
           112.5000     -7.2500       29.047755216783
           112.5100     -7.2500       29.061462790207
           112.5200     -7.2500       29.074950149901
           112.5300     -7.2500       29.088164266643
           112.5400     -7.2500       29.101103192329
           112.5500     -7.2500       29.113816926738
           112.5600     -7.2500       29.126402699454
           112.5700     -7.2500       29.138995549714
           112.5800     -7.2500       29.151755601848
           112.5900     -7.2500       29.164853741294
           112.6000     -7.2500       29.178457466470
           112.6100     -7.2500       29.192718528090
           112.6200     -7.2500       29.207763604450
           112.6300     -7.2500       29.223688758786
           112.6400     -7.2500       29.240557859126
           112.6500     -7.2500       29.258404593955
           112.6600     -7.2500       29.277237263469
           112.6700     -7.2500       29.297045225339
           112.6800     -7.2500       29.317805759976
           112.6900     -7.2500       29.339490199680
           112.7000     -7.2500       29.362068416470
           112.7100     -7.2500       29.385511138344
           112.7200     -7.2500       29.409789999629
           112.7300     -7.2500       29.434875657310
           112.7400     -7.2500       29.460734654186
           112.7500     -7.2500       29.487325927356
           112.7600     -7.2500       29.514597913852
           112.7700     -7.2500       29.542487087153
           112.7800     -7.2500       29.570918488788
           112.7900     -7.2500       29.599808441830
           112.8000     -7.2500       29.629069208965
           112.8100     -7.2500       29.658614956256
           112.8200     -7.2500       29.688368071855
           112.8300     -7.2500       29.718264721718
           112.8400     -7.2500       29.748258535864
           112.8500     -7.2500       29.778321516740
           112.8600     -7.2500       29.808441625162
           112.8700     -7.2500       29.838616982733
           112.8800     -7.2500       29.868847165851
           112.8900     -7.2500       29.899122578076
           112.9000     -7.2500       29.929413296766
           112.9100     -7.2500       29.959659030061
           112.9200     -7.2500       29.989761845401
           112.9300     -7.2500       30.019583123307
           112.9400     -7.2500       30.048945764050
           112.9500     -7.2500       30.077642075037
           112.9600     -7.2500       30.105447064176
           112.9700     -7.2500       30.132136147158
           112.9800     -7.2500       30.157505638609
           112.9900     -7.2500       30.181393925759
           113.0000     -7.2500       30.203700987819
           112.0000     -7.2600       28.261150017967
           112.0100     -7.2600       28.279829657273
           112.0200     -7.2600       28.297976293689
           112.0300     -7.2600       28.315725763551
           112.0400     -7.2600       28.333267122753
           112.0500     -7.2600       28.350817250857
           112.0600     -7.2600       28.368591935627
           112.0700     -7.2600       28.386777068632
           112.0800     -7.2600       28.405503519547
           112.0900     -7.2600       28.424828755015
           112.1000     -7.2600       28.444727395608
           112.1100     -7.2600       28.465091775065
           112.1200     -7.2600       28.485742323183
           112.1300     -7.2600       28.506446393360
           112.1400     -7.2600       28.526943145873
           112.1500     -7.2600       28.546971400620
           112.1600     -7.2600       28.566297069541
           112.1700     -7.2600       28.584736899753
           112.1800     -7.2600       28.602175780989
           112.1900     -7.2600       28.618575722306
           112.2000     -7.2600       28.633975670877
           112.2100     -7.2600       28.648482492117
           112.2200     -7.2600       28.662254510616
           112.2300     -7.2600       28.675479891309
           112.2400     -7.2600       28.688352713854
           112.2500     -7.2600       28.701049794849
           112.2600     -7.2600       28.713711125006
           112.2700     -7.2600       28.726426244053
           112.2800     -7.2600       28.739228051672
           112.2900     -7.2600       28.752094559094
           112.3000     -7.2600       28.764958053010
           112.3100     -7.2600       28.777720203574
           112.3200     -7.2600       28.790270919333
           112.3300     -7.2600       28.802508322303
           112.3400     -7.2600       28.814357134730
           112.3500     -7.2600       28.825783038170
           112.3600     -7.2600       28.836801143661
           112.3700     -7.2600       28.847477518164
           112.3800     -7.2600       28.857923638992
           112.3900     -7.2600       28.868284573257
           112.4000     -7.2600       28.878722484631
           112.4100     -7.2600       28.889397654113
           112.4200     -7.2600       28.900449494592
           112.4300     -7.2600       28.911980009120
           112.4400     -7.2600       28.924041800512
           112.4500     -7.2600       28.936632135533
           112.4600     -7.2600       28.949693783254
           112.4700     -7.2600       28.963122488132
           112.4800     -7.2600       28.976780115155
           112.4900     -7.2600       28.990511820758
           112.5000     -7.2600       29.004165142547
           112.5100     -7.2600       29.017608715699
           112.5200     -7.2600       29.030748429944
           112.5300     -7.2600       29.043539216187
           112.5400     -7.2600       29.055991239818
           112.5500     -7.2600       29.068169996868
           112.5600     -7.2600       29.080190562915
           112.5700     -7.2600       29.092206935583
           112.5800     -7.2600       29.104397953441
           112.5900     -7.2600       29.116951603414
           112.6000     -7.2600       29.130049612090
           112.6100     -7.2600       29.143854053769
           112.6200     -7.2600       29.158497332455
           112.6300     -7.2600       29.174076366282
           112.6400     -7.2600       29.190651199052
           112.6500     -7.2600       29.208247669808
           112.6600     -7.2600       29.226863267870
           112.6700     -7.2600       29.246474952132
           112.6800     -7.2600       29.267047560170
           112.6900     -7.2600       29.288541486293
           112.7000     -7.2600       29.310918549951
           112.7100     -7.2600       29.334145362321
           112.7200     -7.2600       29.358193965658
           112.7300     -7.2600       29.383039993691
           112.7400     -7.2600       29.408659009607
           112.7500     -7.2600       29.435021960351
           112.7600     -7.2600       29.462090801616
           112.7700     -7.2600       29.489815282463
           112.7800     -7.2600       29.518131645306
           112.7900     -7.2600       29.546963634843
           112.8000     -7.2600       29.576225777053
           112.8100     -7.2600       29.605828456228
           112.8200     -7.2600       29.635683954581
           112.8300     -7.2600       29.665712385660
           112.8400     -7.2600       29.695846391426
           112.8500     -7.2600       29.726033599409
           112.8600     -7.2600       29.756236139026
           112.8700     -7.2600       29.786426955503
           112.8800     -7.2600       29.816583174965
           112.8900     -7.2600       29.846677290062
           112.9000     -7.2600       29.876667374053
           112.9100     -7.2600       29.906487822435
           112.9200     -7.2600       29.936042213113
           112.9300     -7.2600       29.965199743130
           112.9400     -7.2600       29.993796347268
           112.9500     -7.2600       30.021641067515
           112.9600     -7.2600       30.048527585858
           112.9700     -7.2600       30.074250138778
           112.9800     -7.2600       30.098622391522
           112.9900     -7.2600       30.121497351808
           113.0000     -7.2600       30.142786118623
           112.0000     -7.2700       28.221100561475
           112.0100     -7.2700       28.240194673466
           112.0200     -7.2700       28.258794991780
           112.0300     -7.2700       28.277005617254
           112.0400     -7.2700       28.294985023415
           112.0500     -7.2700       28.312923440053
           112.0600     -7.2700       28.331016166647
           112.0700     -7.2700       28.349436237268
           112.0800     -7.2700       28.368309885356
           112.0900     -7.2700       28.387697854752
           112.1000     -7.2700       28.407584829365
           112.1100     -7.2700       28.427878210370
           112.1200     -7.2700       28.448416291468
           112.1300     -7.2700       28.468984718819
           112.1400     -7.2700       28.489339117924
           112.1500     -7.2700       28.509231047671
           112.1600     -7.2700       28.528434087218
           112.1700     -7.2700       28.546766911903
           112.1800     -7.2700       28.564110655798
           112.1900     -7.2700       28.580418627916
           112.2000     -7.2700       28.595717442893
           112.2100     -7.2700       28.610099715623
           112.2200     -7.2700       28.623709513238
           112.2300     -7.2700       28.636722626117
           112.2400     -7.2700       28.649324305834
           112.2500     -7.2700       28.661687353896
           112.2600     -7.2700       28.673953308249
           112.2700     -7.2700       28.686218990560
           112.2800     -7.2700       28.698529915586
           112.2900     -7.2700       28.710881128352
           112.3000     -7.2700       28.723225049311
           112.3100     -7.2700       28.735485000255
           112.3200     -7.2700       28.747572370128
           112.3300     -7.2700       28.759404948491
           112.3400     -7.2700       28.770923855577
           112.3500     -7.2700       28.782106738344
           112.3600     -7.2700       28.792975444028
           112.3700     -7.2700       28.803597150763
           112.3800     -7.2700       28.814078825040
           112.3900     -7.2700       28.824555770281
           112.4000     -7.2700       28.835175813224
           112.4100     -7.2700       28.846081245271
           112.4200     -7.2700       28.857390923458
           112.4300     -7.2700       28.869184907310
           112.4400     -7.2700       28.881493671858
           112.4500     -7.2700       28.894293341386
           112.4600     -7.2700       28.907507613812
           112.4700     -7.2700       28.921016194285
           112.4800     -7.2700       28.934668738981
           112.4900     -7.2700       28.948302630356
           112.5000     -7.2700       28.961762447357
           112.5100     -7.2700       28.974918812627
           112.5200     -7.2700       28.987684410670
           112.5300     -7.2700       29.000025355805
           112.5400     -7.2700       29.011966690960
           112.5500     -7.2700       29.023591536028
           112.5600     -7.2700       29.035034180152
           112.5700     -7.2700       29.046468126161
           112.5800     -7.2700       29.058090658373
           112.5900     -7.2700       29.070105850317
           112.6000     -7.2700       29.082708019785
           112.6100     -7.2700       29.096067472951
           112.6200     -7.2700       29.110319988294
           112.6300     -7.2700       29.125560934873
           112.6400     -7.2700       29.141844277850
           112.6500     -7.2700       29.159186085513
           112.6600     -7.2700       29.177571601181
           112.6700     -7.2700       29.196964550396
           112.6800     -7.2700       29.217317164592
           112.6900     -7.2700       29.238579433642
           112.7000     -7.2700       29.260706336617
           112.7100     -7.2700       29.283662200273
           112.7200     -7.2700       29.307421833932
           112.7300     -7.2700       29.331968611597
           112.7400     -7.2700       29.357290140153
           112.7500     -7.2700       29.383372499413
           112.7600     -7.2700       29.410194217770
           112.7700     -7.2700       29.437721134476
           112.7800     -7.2700       29.465903102820
           112.7900     -7.2700       29.494673141772
           112.8000     -7.2700       29.523949203073
           112.8100     -7.2700       29.553638256162
           112.8200     -7.2700       29.583641978018
           112.8300     -7.2700       29.613863035007
           112.8400     -7.2700       29.644210808126
           112.8500     -7.2700       29.674605466256
           112.8600     -7.2700       29.704979530609
           112.8700     -7.2700       29.735276465784
           112.8800     -7.2700       29.765446323159
           112.8900     -7.2700       29.795438978874
           112.9000     -7.2700       29.825195973352
           112.9100     -7.2700       29.854642299071
           112.9200     -7.2700       29.883679640491
           112.9300     -7.2700       29.912182511509
           112.9400     -7.2700       29.939998457668
           112.9500     -7.2700       29.966953020200
           112.9600     -7.2700       29.992859552342
           112.9700     -7.2700       30.017533312178
           112.9800     -7.2700       30.040808619012
           112.9900     -7.2700       30.062557339911
           113.0000     -7.2700       30.082706645408
           112.0000     -7.2800       28.180508868936
           112.0100     -7.2800       28.200095366841
           112.0200     -7.2800       28.219220214626
           112.0300     -7.2800       28.237950858373
           112.0400     -7.2800       28.256410016488
           112.0500     -7.2800       28.274756224191
           112.0600     -7.2800       28.293159805815
           112.0700     -7.2800       28.311777444030
           112.0800     -7.2800       28.330728629328
           112.0900     -7.2800       28.350076973652
           112.1000     -7.2800       28.369818703981
           112.1100     -7.2800       28.389879705725
           112.1200     -7.2800       28.410121385969
           112.1300     -7.2800       28.430354514396
           112.1400     -7.2800       28.450359215404
           112.1500     -7.2800       28.469908550394
           112.1600     -7.2800       28.488792732371
           112.1700     -7.2800       28.506840999374
           112.1800     -7.2800       28.523938533214
           112.1900     -7.2800       28.540036492279
           112.2000     -7.2800       28.555154138221
           112.2100     -7.2800       28.569373055546
           112.2200     -7.2800       28.582824457916
           112.2300     -7.2800       28.595671418707
           112.2400     -7.2800       28.608088451011
           112.2500     -7.2800       28.620241123740
           112.2600     -7.2800       28.632268309059
           112.2700     -7.2800       28.644269231267
           112.2800     -7.2800       28.656296790588
           112.2900     -7.2800       28.668357763178
           112.3000     -7.2800       28.680419548291
           112.3100     -7.2800       28.692422267524
           112.3200     -7.2800       28.704294331840
           112.3300     -7.2800       28.715969166742
           112.3400     -7.2800       28.727400676255
           112.3500     -7.2800       28.738575241507
           112.3600     -7.2800       28.749518556588
           112.3700     -7.2800       28.760296332035
           112.3800     -7.2800       28.771008745850
           112.3900     -7.2800       28.781779379952
           112.4000     -7.2800       28.792740133089
           112.4100     -7.2800       28.804014151507
           112.4200     -7.2800       28.815699095668
           112.4300     -7.2800       28.827853031073
           112.4400     -7.2800       28.840484900494
           112.4500     -7.2800       28.853550949190
           112.4600     -7.2800       28.866957712369
           112.4700     -7.2800       28.880571335529
           112.4800     -7.2800       28.894232192427
           112.4900     -7.2800       28.907773095733
           112.5000     -7.2800       28.921038946324
           112.5100     -7.2800       28.933905493648
           112.5200     -7.2800       28.946295000086
           112.5300     -7.2800       28.958186997193
           112.5400     -7.2800       28.969622936467
           112.5500     -7.2800       28.980704290011
           112.5600     -7.2800       28.991584448874
           112.5700     -7.2800       29.002455497717
           112.5800     -7.2800       29.013531522477
           112.5900     -7.2800       29.025030463307
           112.6000     -7.2800       29.037156619119
           112.6100     -7.2800       29.050085738158
           112.6200     -7.2800       29.063954221401
           112.6300     -7.2800       29.078853382389
           112.6400     -7.2800       29.094829029662
           112.6500     -7.2800       29.111885957678
           112.6600     -7.2800       29.129996337931
           112.6700     -7.2800       29.149110568866
           112.6800     -7.2800       29.169168922170
           112.6900     -7.2800       29.190112335085
           112.7000     -7.2800       29.211890932586
           112.7100     -7.2800       29.234469278514
           112.7200     -7.2800       29.257827886701
           112.7300     -7.2800       29.281961093234
           112.7400     -7.2800       29.306871917653
           112.7500     -7.2800       29.332564951102
           112.7600     -7.2800       29.359038548408
           112.7700     -7.2800       29.386277639935
           112.7800     -7.2800       29.414248318173
           112.7900     -7.2800       29.442895022690
           112.8000     -7.2800       29.472140698793
           112.8100     -7.2800       29.501889809972
           112.8200     -7.2800       29.532033617888
           112.8300     -7.2800       29.562456777597
           112.8400     -7.2800       29.593044085979
           112.8500     -7.2800       29.623686200683
           112.8600     -7.2800       29.654283320223
           112.8700     -7.2800       29.684746158859
           112.8800     -7.2800       29.714994012759
           112.8900     -7.2800       29.744950228037
           112.9000     -7.2800       29.774535868870
           112.9100     -7.2800       29.803662769259
           112.9200     -7.2800       29.832227372184
           112.9300     -7.2800       29.860106774339
           112.9400     -7.2800       29.887158190914
           112.9500     -7.2800       29.913222651986
           112.9600     -7.2800       29.938133187586
           112.9700     -7.2800       29.961727123788
           112.9800     -7.2800       29.983861482054
           112.9900     -7.2800       30.004429936487
           113.0000     -7.2800       30.023379416881
           112.0000     -7.2900       28.139509424125
           112.0100     -7.2900       28.159638275838
           112.0200     -7.2900       28.179327814901
           112.0300     -7.2900       28.198605107402
           112.0400     -7.2900       28.217553270372
           112.0500     -7.2900       28.236295452994
           112.0600     -7.2900       28.254973796326
           112.0700     -7.2900       28.273726253402
           112.0800     -7.2900       28.292664349165
           112.0900     -7.2900       28.311854763375
           112.1000     -7.2900       28.331307062570
           112.1100     -7.2900       28.350969067574
           112.1200     -7.2900       28.370730333563
           112.1300     -7.2900       28.390433172209
           112.1400     -7.2900       28.409889694252
           112.1500     -7.2900       28.428902615218
           112.1600     -7.2900       28.447287136566
           112.1700     -7.2900       28.464891137757
           112.1800     -7.2900       28.481611194131
           112.1900     -7.2900       28.497402527360
           112.2000     -7.2900       28.512281816864
           112.2100     -7.2900       28.526322740831
           112.2200     -7.2900       28.539645050190
           112.2300     -7.2900       28.552398786889
           112.2400     -7.2900       28.564745836665
           112.2500     -7.2900       28.576841285395
           112.2600     -7.2900       28.588816996731
           112.2700     -7.2900       28.600769460426
           112.2800     -7.2900       28.612753330098
           112.2900     -7.2900       28.624781264413
           112.3000     -7.2900       28.636829816266
           112.3100     -7.2900       28.648850297148
           112.3200     -7.2900       28.660782886189
           112.3300     -7.2900       28.672571840802
           112.3400     -7.2900       28.684179550061
           112.3500     -7.2900       28.695597364818
           112.3600     -7.2900       28.706851610829
           112.3700     -7.2900       28.718003876945
           112.3800     -7.2900       28.729145476133
           112.3900     -7.2900       28.740386794099
           112.4000     -7.2900       28.751842959414
           112.4100     -7.2900       28.763617794762
           112.4200     -7.2900       28.775788272071
           112.4300     -7.2900       28.788391660650
           112.4400     -7.2900       28.801417232159
           112.4500     -7.2900       28.814803812643
           112.4600     -7.2900       28.828443725701
           112.4700     -7.2900       28.842192849908
           112.4800     -7.2900       28.855885724829
           112.4900     -7.2900       28.869353985490
           112.5000     -7.2900       28.882445968965
           112.5100     -7.2900       28.895045173846
           112.5200     -7.2900       28.907085383147
           112.5300     -7.2900       28.918560664908
           112.5400     -7.2900       28.929529088787
           112.5500     -7.2900       28.940109759698
           112.5600     -7.2900       28.950473572724
           112.5700     -7.2900       28.960828835051
           112.5800     -7.2900       28.971403487512
           112.5900     -7.2900       28.982426019215
           112.6000     -7.2900       28.994107262346
           112.6100     -7.2900       29.006625074451
           112.6200     -7.2900       29.020113491616
           112.6300     -7.2900       29.034657328027
           112.6400     -7.2900       29.050292487975
           112.6500     -7.2900       29.067011539392
           112.6600     -7.2900       29.084773465913
           112.6700     -7.2900       29.103516046465
           112.6800     -7.2900       29.123169063028
           112.6900     -7.2900       29.143666533633
           112.7000     -7.2900       29.164956400888
           112.7100     -7.2900       29.187006537160
           112.7200     -7.2900       29.209806491172
           112.7300     -7.2900       29.233365016717
           112.7400     -7.2900       29.257704006583
           112.7500     -7.2900       29.282849925159
           112.7600     -7.2900       29.308824130227
           112.7700     -7.2900       29.335633562598
           112.7800     -7.2900       29.363263155819
           112.7900     -7.2900       29.391671001867
           112.8000     -7.2900       29.420786853421
           112.8100     -7.2900       29.450514018791
           112.8200     -7.2900       29.480734190258
           112.8300     -7.2900       29.511314316624
           112.8400     -7.2900       29.542114348817
           112.8500     -7.2900       29.572994594201
           112.8600     -7.2900       29.603821523685
           112.8700     -7.2900       29.634471168835
           112.8800     -7.2900       29.664829679995
           112.8900     -7.2900       29.694791125539
           112.9000     -7.2900       29.724253119778
           112.9100     -7.2900       29.753111294673
           112.9200     -7.2900       29.781253910501
           112.9300     -7.2900       29.808557985453
           112.9400     -7.2900       29.834888193161
           112.9500     -7.2900       29.860099440943
           112.9600     -7.2900       29.884043540002
           112.9700     -7.2900       29.906579777427
           112.9800     -7.2900       29.927588579892
           112.9900     -7.2900       29.946986907884
           113.0000     -7.2900       29.964743617579
           112.0000     -7.3000       28.098208710194
           112.0100     -7.3000       28.118890689684
           112.0200     -7.3000       28.139144769938
           112.0300     -7.3000       28.158955474360
           112.0400     -7.3000       28.178364121298
           112.0500     -7.3000       28.197456397208
           112.0600     -7.3000       28.216344516482
           112.0700     -7.3000       28.235146537474
           112.0800     -7.3000       28.253965679623
           112.0900     -7.3000       28.272872391662
           112.1000     -7.3000       28.291891477116
           112.1100     -7.3000       28.310995856142
           112.1200     -7.3000       28.330107632445
           112.1300     -7.3000       28.349106161968
           112.1400     -7.3000       28.367841913087
           112.1500     -7.3000       28.386154181737
           112.1600     -7.3000       28.403890269101
           112.1700     -7.3000       28.420923597066
           112.1800     -7.3000       28.437168437408
           112.1900     -7.3000       28.452589430841
           112.2000     -7.3000       28.467204799484
           112.2100     -7.3000       28.481083010529
           112.2200     -7.3000       28.494333514781
           112.2300     -7.3000       28.507092946790
           112.2400     -7.3000       28.519508734622
           112.2500     -7.3000       28.531722356436
           112.2600     -7.3000       28.543854464726
           112.2700     -7.3000       28.555993785039
           112.2800     -7.3000       28.568191131553
           112.2900     -7.3000       28.580459146825
           112.3000     -7.3000       28.592777568972
           112.3100     -7.3000       28.605103065805
           112.3200     -7.3000       28.617382054933
           112.3300     -7.3000       28.629564533785
           112.3400     -7.3000       28.641616825487
           112.3500     -7.3000       28.653531319231
           112.3600     -7.3000       28.665331721805
           112.3700     -7.3000       28.677072979698
           112.3800     -7.3000       28.688835790526
           112.3900     -7.3000       28.700716395437
           112.4000     -7.3000       28.712813025982
           112.4100     -7.3000       28.725210877457
           112.4200     -7.3000       28.737967728518
           112.4300     -7.3000       28.751102289670
           112.4400     -7.3000       28.764587045008
           112.4500     -7.3000       28.778346793225
           112.4600     -7.3000       28.792263368140
           112.4700     -7.3000       28.806186220605
           112.4800     -7.3000       28.819947776892
           112.4900     -7.3000       28.833381853591
           112.5000     -7.3000       28.846342988576
           112.5100     -7.3000       28.858724396446
           112.5200     -7.3000       28.870472394833
           112.5300     -7.3000       28.881595557507
           112.5400     -7.3000       28.892167478452
           112.5500     -7.3000       28.902322797767
           112.5600     -7.3000       28.912246947289
           112.5700     -7.3000       28.922160819056
           112.5800     -7.3000       28.932302149505
           112.5900     -7.3000       28.942905773908
           112.6000     -7.3000       28.954184996177
           112.6100     -7.3000       28.966316131334
           112.6200     -7.3000       28.979427839777
           112.6300     -7.3000       28.993596243819
           112.6400     -7.3000       29.008846081267
           112.6500     -7.3000       29.025157403575
           112.6600     -7.3000       29.042476662789
           112.6700     -7.3000       29.060730534780
           112.6800     -7.3000       29.079840555471
           112.6900     -7.3000       29.099736630774
           112.7000     -7.3000       29.120367714505
           112.7100     -7.3000       29.141708394213
           112.7200     -7.3000       29.163760717762
           112.7300     -7.3000       29.186551251311
           112.7400     -7.3000       29.210123992839
           112.7500     -7.3000       29.234530290967
           112.7600     -7.3000       29.259817269433
           112.7700     -7.3000       29.286016391485
           112.7800     -7.3000       29.313133704264
           112.7900     -7.3000       29.341143001303
           112.8000     -7.3000       29.369982679743
           112.8100     -7.3000       29.399556517309
           112.8200     -7.3000       29.429738032966
           112.8300     -7.3000       29.460377604874
           112.8400     -7.3000       29.491311168792
           112.8500     -7.3000       29.522369157347
           112.8600     -7.3000       29.553384386280
           112.8700     -7.3000       29.584197837889
           112.8800     -7.3000       29.614661696096
           112.8900     -7.3000       29.644639489976
           112.9000     -7.3000       29.674003726883
           112.9100     -7.3000       29.702631862649
           112.9200     -7.3000       29.730401792305
           112.9300     -7.3000       29.757188196273
           112.9400     -7.3000       29.782861015768
           112.9500     -7.3000       29.807287059440
           112.9600     -7.3000       29.830335293895
           112.9700     -7.3000       29.851885802938
           112.9800     -7.3000       29.871841792348
           112.9900     -7.3000       29.890143455001
           113.0000     -7.3000       29.906782077982
           112.0000     -7.3100       28.056673612380
           112.0100     -7.3100       28.077872548700
           112.0200     -7.3100       28.098644617233
           112.0300     -7.3100       28.118931465997
           112.0400     -7.3100       28.138732280911
           112.0500     -7.3100       28.158094977303
           112.0600     -7.3100       28.177101648755
           112.0700     -7.3100       28.195850515689
           112.0800     -7.3100       28.214436962074
           112.0900     -7.3100       28.232936251160
           112.1000     -7.3100       28.251390180200
           112.1100     -7.3100       28.269799322370
           112.1200     -7.3100       28.288121698869
           112.1300     -7.3100       28.306277835558
           112.1400     -7.3100       28.324161304755
           112.1500     -7.3100       28.341653144674
           112.1600     -7.3100       28.358638075611
           112.1700     -7.3100       28.375020249487
           112.1800     -7.3100       28.390736394642
           112.1900     -7.3100       28.405764626319
           112.2000     -7.3100       28.420127824107
           112.2100     -7.3100       28.433891240984
           112.2200     -7.3100       28.447154799409
           112.2300     -7.3100       28.460041240945
           112.2400     -7.3100       28.472681832860
           112.2500     -7.3100       28.485201628578
           112.2600     -7.3100       28.497706293170
           112.2700     -7.3100       28.510272242849
           112.2800     -7.3100       28.522941348635
           112.2900     -7.3100       28.535720790321
           112.3000     -7.3100       28.548587910716
           112.3100     -7.3100       28.561499213610
           112.3200     -7.3100       28.574402069083
           112.3300     -7.3100       28.587247315579
           112.3400     -7.3100       28.600000830184
           112.3500     -7.3100       28.612652292246
           112.3600     -7.3100       28.625219769299
           112.3700     -7.3100       28.637749352673
           112.3800     -7.3100       28.650309781313
           112.3900     -7.3100       28.662982718929
           112.4000     -7.3100       28.675849992213
           112.4100     -7.3100       28.688979568068
           112.4200     -7.3100       28.702412280185
           112.4300     -7.3100       28.716151276041
           112.4400     -7.3100       28.730155847002
           112.4500     -7.3100       28.744340765013
           112.4600     -7.3100       28.758581548796
           112.4700     -7.3100       28.772725311462
           112.4800     -7.3100       28.786606101169
           112.4900     -7.3100       28.800063034033
           112.5000     -7.3100       28.812959115408
           112.5100     -7.3100       28.825198505761
           112.5200     -7.3100       28.836740131082
           112.5300     -7.3100       28.847605948318
           112.5400     -7.3100       28.857882802674
           112.5500     -7.3100       28.867717576760
           112.5600     -7.3100       28.877306134868
           112.5700     -7.3100       28.886877307495
           112.5800     -7.3100       28.896673748094
           112.5900     -7.3100       28.906931852506
           112.6000     -7.3100       28.917863017787
           112.6100     -7.3100       28.929638322336
           112.6200     -7.3100       28.942378260472
           112.6300     -7.3100       28.956148521031
           112.6400     -7.3100       28.970962044734
           112.6500     -7.3100       28.986786825598
           112.6600     -7.3100       29.003558234978
           112.6700     -7.3100       29.021194128169
           112.6800     -7.3100       29.039610705529
           112.6900     -7.3100       29.058737074587
           112.7000     -7.3100       29.078526694140
           112.7100     -7.3100       29.098964339871
           112.7200     -7.3100       29.120067849249
           112.7300     -7.3100       29.141884597575
           112.7400     -7.3100       29.164483335107
           112.7500     -7.3100       29.187942589431
           112.7600     -7.3100       29.212337235413
           112.7700     -7.3100       29.237725009957
           112.7800     -7.3100       29.264134683927
           112.7900     -7.3100       29.291557315001
           112.8000     -7.3100       29.319941538642
           112.8100     -7.3100       29.349193278649
           112.8200     -7.3100       29.379179656144
           112.8300     -7.3100       29.409736330336
           112.8400     -7.3100       29.440677090676
           112.8500     -7.3100       29.471804292675
           112.8600     -7.3100       29.502918716308
           112.8700     -7.3100       29.533827623540
           112.8800     -7.3100       29.564350166806
           112.8900     -7.3100       29.594319795014
           112.9000     -7.3100       29.623583842448
           112.9100     -7.3100       29.652000987276
           112.9200     -7.3100       29.679437653994
           112.9300     -7.3100       29.705764647753
           112.9400     -7.3100       29.730855312719
           112.9500     -7.3100       29.754586295977
           112.9600     -7.3100       29.776841598720
           112.9700     -7.3100       29.797520061206
           112.9800     -7.3100       29.816545832002
           112.9900     -7.3100       29.833880800616
           113.0000     -7.3100       29.849537510495
           112.0000     -7.3200       28.014924921033
           112.0100     -7.3200       28.036554301268
           112.0200     -7.3200       28.057749521769
           112.0300     -7.3200       28.078410993409
           112.0400     -7.3200       28.098497387457
           112.0500     -7.3200       28.118020342000
           112.0600     -7.3200       28.137033164254
           112.0700     -7.3200       28.155615439419
           112.0800     -7.3200       28.173855864883
           112.0900     -7.3200       28.191835722466
           112.1000     -7.3200       28.209615180194
           112.1100     -7.3200       28.227224118768
           112.1200     -7.3200       28.244658480578
           112.1300     -7.3200       28.261882339151
           112.1400     -7.3200       28.278835093070
           112.1500     -7.3200       28.295442505688
           112.1600     -7.3200       28.311629827827
           112.1700     -7.3200       28.327335013813
           112.1800     -7.3200       28.342520094766
           112.1900     -7.3200       28.357179091808
           112.2000     -7.3200       28.371341385502
           112.2100     -7.3200       28.385070128109
           112.2200     -7.3200       28.398455997009
           112.2300     -7.3200       28.411607242035
           112.2400     -7.3200       28.424637487205
           112.2500     -7.3200       28.437653040601
           112.2600     -7.3200       28.450741507629
           112.2700     -7.3200       28.463963290238
           112.2800     -7.3200       28.477347120596
           112.2900     -7.3200       28.490890185063
           112.3000     -7.3200       28.504562727269
           112.3100     -7.3200       28.518316371619
           112.3200     -7.3200       28.532094871278
           112.3300     -7.3200       28.545845632852
           112.3400     -7.3200       28.559530252999
           112.3500     -7.3200       28.573132436943
           112.3600     -7.3200       28.586662037752
           112.3700     -7.3200       28.600154508072
           112.3800     -7.3200       28.613665717323
           112.3900     -7.3200       28.627262766220
           112.4000     -7.3200       28.641012033049
           112.4100     -7.3200       28.654966128147
           112.4200     -7.3200       28.669151651377
           112.4300     -7.3200       28.683559608803
           112.4400     -7.3200       28.698140050020
           112.4500     -7.3200       28.712801972451
           112.4600     -7.3200       28.727418868547
           112.4700     -7.3200       28.741839553248
           112.4800     -7.3200       28.755903199138
           112.4900     -7.3200       28.769456919597
           112.5000     -7.3200       28.782373854961
           112.5100     -7.3200       28.794569586483
           112.5200     -7.3200       28.806014848302
           112.5300     -7.3200       28.816742913311
           112.5400     -7.3200       28.826850645778
           112.5500     -7.3200       28.836492964994
           112.5600     -7.3200       28.845871255552
           112.5700     -7.3200       28.855216991134
           112.5800     -7.3200       28.864772417050
           112.5900     -7.3200       28.874770488974
           112.6000     -7.3200       28.885416346826
           112.6100     -7.3200       28.896872403437
           112.6200     -7.3200       28.909248673414
           112.6300     -7.3200       28.922599316395
           112.6400     -7.3200       28.936925603643
           112.6500     -7.3200       28.952184734467
           112.6600     -7.3200       28.968303227546
           112.6700     -7.3200       28.985193079147
           112.6800     -7.3200       29.002768580295
           112.6900     -7.3200       29.020961652627
           112.7000     -7.3200       29.039733797886
           112.7100     -7.3200       29.059083224467
           112.7200     -7.3200       29.079046352464
           112.7300     -7.3200       29.099693621904
           112.7400     -7.3200       29.121120243313
           112.7500     -7.3200       29.143433144427
           112.7600     -7.3200       29.166735805161
           112.7700     -7.3200       29.191112883087
           112.7800     -7.3200       29.216616492430
           112.7900     -7.3200       29.243255723219
           112.8000     -7.3200       29.270990516919
           112.8100     -7.3200       29.299730418596
           112.8200     -7.3200       29.329338086879
           112.8300     -7.3200       29.359636848844
           112.8400     -7.3200       29.390421116772
           112.8500     -7.3200       29.421468198264
           112.8600     -7.3200       29.452549964298
           112.8700     -7.3200       29.483442994708
           112.8800     -7.3200       29.513936168934
           112.8900     -7.3200       29.543835156868
           112.9000     -7.3200       29.572963815898
           112.9100     -7.3200       29.601163033102
           112.9200     -7.3200       29.628287986018
           112.9300     -7.3200       29.654205065933
           112.9400     -7.3200       29.678789771977
           112.9500     -7.3200       29.701926729956
           112.9600     -7.3200       29.723512635927
           112.9700     -7.3200       29.743462419251
           112.9800     -7.3200       29.761718334808
           112.9900     -7.3200       29.778261113463
           113.0000     -7.3200       29.793121810329
           112.0000     -7.3300       27.972935799898
           112.0100     -7.3300       27.994860176454
           112.0200     -7.3300       28.016338056006
           112.0300     -7.3300       28.037232220008
           112.0400     -7.3300       28.057464346016
           112.0500     -7.3300       28.077013002475
           112.0600     -7.3300       28.095905451025
           112.0700     -7.3300       28.114204840258
           112.0800     -7.3300       28.131994835686
           112.0900     -7.3300       28.149363908002
           112.1000     -7.3300       28.166391384768
           112.1100     -7.3300       28.183136986893
           112.1200     -7.3300       28.199634981932
           112.1300     -7.3300       28.215893377283
           112.1400     -7.3300       28.231897846806
           112.1500     -7.3300       28.247619432561
           112.1600     -7.3300       28.263024574318
           112.1700     -7.3300       28.278085753800
           112.1800     -7.3300       28.292791026876
           112.1900     -7.3300       28.307150948886
           112.2000     -7.3300       28.321201836219
           112.2100     -7.3300       28.335004884185
           112.2200     -7.3300       28.348641292623
           112.2300     -7.3300       28.362204146027
           112.2400     -7.3300       28.375788270726
           112.2500     -7.3300       28.389479581986
           112.2600     -7.3300       28.403345500151
           112.2700     -7.3300       28.417427850104
           112.2800     -7.3300       28.431739287922
           112.2900     -7.3300       28.446263776975
           112.3000     -7.3300       28.460961037953
           112.3100     -7.3300       28.475774309161
           112.3200     -7.3300       28.490640259039
           112.3300     -7.3300       28.505499563366
           112.3400     -7.3300       28.520306542979
           112.3500     -7.3300       28.535036372733
           112.3600     -7.3300       28.549688704764
           112.3700     -7.3300       28.564287054789
           112.3800     -7.3300       28.578873910105
           112.3900     -7.3300       28.593502148149
           112.4000     -7.3300       28.608223916904
           112.4100     -7.3300       28.623078543346
           112.4200     -7.3300       28.638081242986
           112.4300     -7.3300       28.653214369197
           112.4400     -7.3300       28.668422664901
           112.4500     -7.3300       28.683613493348
           112.4600     -7.3300       28.698662390162
           112.4700     -7.3300       28.713423577525
           112.4800     -7.3300       28.727744405536
           112.4900     -7.3300       28.741482125817
           112.5000     -7.3300       28.754521034648
           112.5100     -7.3300       28.766787899700
           112.5200     -7.3300       28.778263726494
           112.5300     -7.3300       28.788990314652
           112.5400     -7.3300       28.799070653272
           112.5500     -7.3300       28.808662935603
           112.5600     -7.3300       28.817968744160
           112.5700     -7.3300       28.827216670812
           112.5800     -7.3300       28.836643201179
           112.5900     -7.3300       28.846473036152
           112.6000     -7.3300       28.856901100616
           112.6100     -7.3300       28.868078289346
           112.6200     -7.3300       28.880102546704
           112.6300     -7.3300       28.893016226446
           112.6400     -7.3300       28.906809912170
           112.6500     -7.3300       28.921432093518
           112.6600     -7.3300       28.936803386658
           112.6700     -7.3300       28.952833447669
           112.6800     -7.3300       28.969438420755
           112.6900     -7.3300       28.986556726291
           112.7000     -7.3300       29.004161228526
           112.7100     -7.3300       29.022266297019
           112.7200     -7.3300       29.040928926998
           112.7300     -7.3300       29.060243827529
           112.7400     -7.3300       29.080333127667
           112.7500     -7.3300       29.101331996244
           112.7600     -7.3300       29.123371940904
           112.7700     -7.3300       29.146563790671
           112.7800     -7.3300       29.170982348578
           112.7900     -7.3300       29.196654435438
           112.8000     -7.3300       29.223551573364
           112.8100     -7.3300       29.251587945037
           112.8200     -7.3300       29.280623596090
           112.8300     -7.3300       29.310472212869
           112.8400     -7.3300       29.340912289472
           112.8500     -7.3300       29.371700162246
           112.8600     -7.3300       29.402583276374
           112.8700     -7.3300       29.433312166425
           112.8800     -7.3300       29.463649957244
           112.8900     -7.3300       29.493378671464
           112.9000     -7.3300       29.522302192280
           112.9100     -7.3300       29.550246290974
           112.9200     -7.3300       29.577056605325
           112.9300     -7.3300       29.602595776620
           112.9400     -7.3300       29.626741071522
           112.9500     -7.3300       29.649383711323
           112.9600     -7.3300       29.670430818068
           112.9700     -7.3300       29.689810408120
           112.9800     -7.3300       29.707479287143
           112.9900     -7.3300       29.723433109899
           113.0000     -7.3300       29.737717351659
           112.0000     -7.3400       27.930634775773
           112.0100     -7.3400       27.952675969194
           112.0200     -7.3400       27.974257373671
           112.0300     -7.3400       27.995209569735
           112.0400     -7.3400       28.015422481143
           112.0500     -7.3400       28.034846322480
           112.0600     -7.3400       28.053486243507
           112.0700     -7.3400       28.071391941105
           112.0800     -7.3400       28.088644012866
           112.0900     -7.3400       28.105339077805
           112.1000     -7.3400       28.121575669272
           112.1100     -7.3400       28.137442628711
           112.1200     -7.3400       28.153011244833
           112.1300     -7.3400       28.168331764769
           112.1400     -7.3400       28.183434240521
           112.1500     -7.3400       28.198333056886
           112.1600     -7.3400       28.213033997828
           112.1700     -7.3400       28.227542408758
           112.1800     -7.3400       28.241870936035
           112.1900     -7.3400       28.256045474174
           112.2000     -7.3400       28.270108296529
           112.2100     -7.3400       28.284117830708
           112.2200     -7.3400       28.298145091718
           112.2300     -7.3400       28.312267322083
           112.2400     -7.3400       28.326559831132
           112.2500     -7.3400       28.341087312007
           112.2600     -7.3400       28.355896004742
           112.2700     -7.3400       28.371007955635
           112.2800     -7.3400       28.386418315544
           112.2900     -7.3400       28.402096168239
           112.3000     -7.3400       28.417988850824
           112.3100     -7.3400       28.434029198518
           112.3200     -7.3400       28.450144693533
           112.3300     -7.3400       28.466267189092
           112.3400     -7.3400       28.482341761631
           112.3500     -7.3400       28.498333336961
           112.3600     -7.3400       28.514230029775
           112.3700     -7.3400       28.530042592208
           112.3800     -7.3400       28.545799924132
           112.3900     -7.3400       28.561541178605
           112.4000     -7.3400       28.577305518615
           112.4100     -7.3400       28.593120970882
           112.4200     -7.3400       28.608994020965
           112.4300     -7.3400       28.624901568410
           112.4400     -7.3400       28.640786608499
           112.4500     -7.3400       28.656558556632
           112.4600     -7.3400       28.672098538357
           112.4700     -7.3400       28.687269308953
           112.4800     -7.3400       28.701928828257
           112.4900     -7.3400       28.715945984976
           112.5000     -7.3400       28.729216613678
           112.5100     -7.3400       28.741677827900
           112.5200     -7.3400       28.753318825952
           112.5300     -7.3400       28.764186700533
           112.5400     -7.3400       28.774386356077
           112.5500     -7.3400       28.784074338954
           112.5600     -7.3400       28.793447127607
           112.5700     -7.3400       28.802725118351
           112.5800     -7.3400       28.812134089000
           112.5900     -7.3400       28.821886255541
           112.6000     -7.3400       28.832163111505
           112.6100     -7.3400       28.843102043378
           112.6200     -7.3400       28.854788270297
           112.6300     -7.3400       28.867253016346
           112.6400     -7.3400       28.880478068038
           112.6500     -7.3400       28.894406092015
           112.6600     -7.3400       28.908955385886
           112.6700     -7.3400       28.924037196182
           112.6800     -7.3400       28.939573428932
           112.6900     -7.3400       28.955512538391
           112.7000     -7.3400       28.971841612117
           112.7100     -7.3400       28.988593145463
           112.7200     -7.3400       29.005845654864
           112.7300     -7.3400       29.023718033673
           112.7400     -7.3400       29.042358311611
           112.7500     -7.3400       29.061928144662
           112.7600     -7.3400       29.082584854434
           112.7700     -7.3400       29.104463095968
           112.7800     -7.3400       29.127658232213
           112.7900     -7.3400       29.152213237550
           112.8000     -7.3400       29.178110479929
           112.8100     -7.3400       29.205269107041
           112.8200     -7.3400       29.233548070529
           112.8300     -7.3400       29.262754154784
           112.8400     -7.3400       29.292653819671
           112.8500     -7.3400       29.322987289550
           112.8600     -7.3400       29.353483168673
           112.8700     -7.3400       29.383871948782
           112.8800     -7.3400       29.413897079256
           112.8900     -7.3400       29.443322744462
           112.9000     -7.3400       29.471938065291
           112.9100     -7.3400       29.499558027829
           112.9200     -7.3400       29.526021955863
           112.9300     -7.3400       29.551190710909
           112.9400     -7.3400       29.574943969684
           112.9500     -7.3400       29.597178869596
           112.9600     -7.3400       29.617811035111
           112.9700     -7.3400       29.636778540662
           112.9800     -7.3400       29.654048794379
           112.9900     -7.3400       29.669627724403
           113.0000     -7.3400       29.683570105341
           112.0000     -7.3500       27.887912634804
           112.0100     -7.3500       27.909860257616
           112.0200     -7.3500       27.931338283933
           112.0300     -7.3500       27.952152053609
           112.0400     -7.3500       27.972166386316
           112.0500     -7.3500       27.991309058236
           112.0600     -7.3500       28.009567945550
           112.0700     -7.3500       28.026982813238
           112.0800     -7.3500       28.043633262633
           112.0900     -7.3500       28.059624666168
           112.1000     -7.3500       28.075073984695
           112.1100     -7.3500       28.090097186303
           112.1200     -7.3500       28.104799601833
           112.1300     -7.3500       28.119270022841
           112.1400     -7.3500       28.133578750876
           112.1500     -7.3500       28.147779226555
           112.1600     -7.3500       28.161912381185
           112.1700     -7.3500       28.176012524968
           112.1800     -7.3500       28.190113452177
           112.1900     -7.3500       28.204253514999
           112.2000     -7.3500       28.218478674616
           112.2100     -7.3500       28.232842935772
           112.2200     -7.3500       28.247406045849
           112.2300     -7.3500       28.262228818521
           112.2400     -7.3500       28.277366853282
           112.2500     -7.3500       28.292863705062
           112.2600     -7.3500       28.308744671530
           112.2700     -7.3500       28.325012293918
           112.2800     -7.3500       28.341644421725
           112.2900     -7.3500       28.358595309445
           112.3000     -7.3500       28.375799751460
           112.3100     -7.3500       28.393179788376
           112.3200     -7.3500       28.410653104996
           112.3300     -7.3500       28.428141949685
           112.3400     -7.3500       28.445581282441
           112.3500     -7.3500       28.462924926382
           112.3600     -7.3500       28.480148749180
           112.3700     -7.3500       28.497250305227
           112.3800     -7.3500       28.514244871477
           112.3900     -7.3500       28.531158340395
           112.4000     -7.3500       28.548017917097
           112.4100     -7.3500       28.564841934225
           112.4200     -7.3500       28.581630291865
           112.4300     -7.3500       28.598357018085
           112.4400     -7.3500       28.614966223305
           112.4500     -7.3500       28.631372312680
           112.4600     -7.3500       28.647464775114
           112.4700     -7.3500       28.663117255554
           112.4800     -7.3500       28.678200019920
           112.4900     -7.3500       28.692594420318
           112.5000     -7.3500       28.706207632558
           112.5100     -7.3500       28.718985818032
           112.5200     -7.3500       28.730923980106
           112.5300     -7.3500       28.742071132560
           112.5400     -7.3500       28.752529934989
           112.5500     -7.3500       28.762450612540
           112.5600     -7.3500       28.772019682073
           112.5700     -7.3500       28.781444663943
           112.5800     -7.3500       28.790936482694
           112.5900     -7.3500       28.800691581249
           112.6000     -7.3500       28.810875847071
           112.6100     -7.3500       28.821612261446
           112.6200     -7.3500       28.832973754260
           112.6300     -7.3500       28.844982127119
           112.6400     -7.3500       28.857613172992
           112.6500     -7.3500       28.870807361814
           112.6600     -7.3500       28.884484773600
           112.6700     -7.3500       28.898562430147
           112.6800     -7.3500       28.912971870662
           112.6900     -7.3500       28.927674774704
           112.7000     -7.3500       28.942674663697
           112.7100     -7.3500       28.958023181826
           112.7200     -7.3500       28.973820109918
           112.7300     -7.3500       28.990207020223
           112.7400     -7.3500       29.007355241969
           112.7500     -7.3500       29.025449482240
           112.7600     -7.3500       29.044668951417
           112.7700     -7.3500       29.065168116014
           112.7800     -7.3500       29.087059213479
           112.7900     -7.3500       29.110398416017
           112.8000     -7.3500       29.135177059499
           112.8100     -7.3500       29.161318723016
           112.8200     -7.3500       29.188682238094
           112.8300     -7.3500       29.217070016064
           112.8400     -7.3500       29.246240496003
           112.8500     -7.3500       29.275923107178
           112.8600     -7.3500       29.305833957520
           112.8700     -7.3500       29.335690520709
           112.8800     -7.3500       29.365223883422
           112.8900     -7.3500       29.394187584956
           112.9000     -7.3500       29.422362663245
           112.9100     -7.3500       29.449559129408
           112.9200     -7.3500       29.475614639452
           112.9300     -7.3500       29.500391538130
           112.9400     -7.3500       29.523773657636
           112.9500     -7.3500       29.545664232364
           112.9600     -7.3500       29.565986042681
           112.9700     -7.3500       29.584684460136
           112.9800     -7.3500       29.601733496520
           112.9900     -7.3500       29.617144342058
           113.0000     -7.3500       29.630975304837
           112.0000     -7.3600       27.844632554855
           112.0100     -7.3600       27.866257955400
           112.0200     -7.3600       27.887411758102
           112.0300     -7.3600       27.907882143208
           112.0400     -7.3600       27.927516472112
           112.0500     -7.3600       27.946226807590
           112.0600     -7.3600       27.963989152956
           112.0700     -7.3600       27.980837122422
           112.0800     -7.3600       27.996851310875
           112.0900     -7.3600       28.012145998747
           112.1000     -7.3600       28.026854971572
           112.1100     -7.3600       28.041118148538
           112.1200     -7.3600       28.055070424260
           112.1300     -7.3600       28.068833682923
           112.1400     -7.3600       28.082512411720
           112.1500     -7.3600       28.096192797469
           112.1600     -7.3600       28.109944710619
           112.1700     -7.3600       28.123825626886
           112.1800     -7.3600       28.137885350569
           112.1900     -7.3600       28.152170402270
           112.2000     -7.3600       28.166727107572
           112.2100     -7.3600       28.181602737841
           112.2200     -7.3600       28.196844456513
           112.2300     -7.3600       28.212496249453
           112.2400     -7.3600       28.228594400320
           112.2500     -7.3600       28.245162353186
           112.2600     -7.3600       28.262205942851
           112.2700     -7.3600       28.279709948349
           112.2800     -7.3600       28.297636741530
           112.2900     -7.3600       28.315927488671
           112.3000     -7.3600       28.334505966627
           112.3100     -7.3600       28.353284636531
           112.3200     -7.3600       28.372172241564
           112.3300     -7.3600       28.391081919456
           112.3400     -7.3600       28.409938689646
           112.3500     -7.3600       28.428685213011
           112.3600     -7.3600       28.447284928288
           112.3700     -7.3600       28.465722018277
           112.3800     -7.3600       28.483998103957
           112.3900     -7.3600       28.502126043953
           112.4000     -7.3600       28.520121661868
           112.4100     -7.3600       28.537994569556
           112.4200     -7.3600       28.555739447191
           112.4300     -7.3600       28.573329148117
           112.4400     -7.3600       28.590710809918
           112.4500     -7.3600       28.607805791862
           112.4600     -7.3600       28.624513766731
           112.4700     -7.3600       28.640720735127
           112.4800     -7.3600       28.656310177162
           112.4900     -7.3600       28.671176085626
           112.5000     -7.3600       28.685236303113
           112.5100     -7.3600       28.698444461630
           112.5200     -7.3600       28.710798920257
           112.5300     -7.3600       28.722347408877
           112.5400     -7.3600       28.733186579329
           112.5500     -7.3600       28.743456280254
           112.5600     -7.3600       28.753329031478
           112.5700     -7.3600       28.762995793249
           112.5800     -7.3600       28.772649623714
           112.5900     -7.3600       28.782469127070
           112.6000     -7.3600       28.792603670697
           112.6100     -7.3600       28.803162177005
           112.6200     -7.3600       28.814206891638
           112.6300     -7.3600       28.825752940632
           112.6400     -7.3600       28.837773786621
           112.6500     -7.3600       28.850211964974
           112.6600     -7.3600       28.862993816452
           112.6700     -7.3600       28.876046418095
           112.6800     -7.3600       28.889314614891
           112.6900     -7.3600       28.902776011331
           112.7000     -7.3600       28.916452001716
           112.7100     -7.3600       28.930413375801
           112.7200     -7.3600       28.944779676233
           112.7300     -7.3600       28.959712227521
           112.7400     -7.3600       28.975401510826
           112.7500     -7.3600       28.992050231251
           112.7600     -7.3600       29.009853931375
           112.7700     -7.3600       29.028981284651
           112.7800     -7.3600       29.049556222021
           112.7900     -7.3600       29.071643804976
           112.8000     -7.3600       29.095241291556
           112.8100     -7.3600       29.120275210410
           112.8200     -7.3600       29.146604544361
           112.8300     -7.3600       29.174029420916
           112.8400     -7.3600       29.202304102467
           112.8500     -7.3600       29.231152638955
           112.8600     -7.3600       29.260285342062
           112.8700     -7.3600       29.289414283366
           112.8800     -7.3600       29.318266297038
           112.8900     -7.3600       29.346592436816
           112.9000     -7.3600       29.374173427999
           112.9100     -7.3600       29.400821283000
           112.9200     -7.3600       29.426377823895
           112.9300     -7.3600       29.450711295853
           112.9400     -7.3600       29.473712498201
           112.9500     -7.3600       29.495291870349
           112.9600     -7.3600       29.515378745102
           112.9700     -7.3600       29.533923553110
           112.9800     -7.3600       29.550903189484
           112.9900     -7.3600       29.566329118905
           113.0000     -7.3600       29.580257191335
           112.0000     -7.3700       27.800642826201
           112.0100     -7.3700       27.821715205417
           112.0200     -7.3700       27.842325581604
           112.0300     -7.3700       27.862253673214
           112.0400     -7.3700       27.881337535819
           112.0500     -7.3700       27.899480608771
           112.0600     -7.3700       27.916652613669
           112.0700     -7.3700       27.932884780198
           112.0800     -7.3700       27.948260441232
           112.0900     -7.3700       27.962902448056
           112.1000     -7.3700       27.976959066435
           112.1100     -7.3700       27.990590010467
           112.1200     -7.3700       28.003954066918
           112.1300     -7.3700       28.017199396425
           112.1400     -7.3700       28.030457127391
           112.1500     -7.3700       28.043838352033
           112.1600     -7.3700       28.057434162047
           112.1700     -7.3700       28.071317985407
           112.1800     -7.3700       28.085549251750
           112.1900     -7.3700       28.100177345298
           112.2000     -7.3700       28.115244900748
           112.2100     -7.3700       28.130789734973
           112.2200     -7.3700       28.146845042187
           112.2300     -7.3700       28.163437856443
           112.2400     -7.3700       28.180586142730
           112.2500     -7.3700       28.198295160731
           112.2600     -7.3700       28.216553910482
           112.2700     -7.3700       28.235332492226
           112.2800     -7.3700       28.254581091276
           112.2900     -7.3700       28.274231052243
           112.3000     -7.3700       28.294198174427
           112.3100     -7.3700       28.314387993326
           112.3200     -7.3700       28.334702469849
           112.3300     -7.3700       28.355047243436
           112.3400     -7.3700       28.375338461602
           112.3500     -7.3700       28.395508202429
           112.3600     -7.3700       28.415507662615
           112.3700     -7.3700       28.435307573679
           112.3800     -7.3700       28.454895694121
           112.3900     -7.3700       28.474271652122
           112.4000     -7.3700       28.493439820229
           112.4100     -7.3700       28.512401230015
           112.4200     -7.3700       28.531145730221
           112.4300     -7.3700       28.549645622761
           112.4400     -7.3700       28.567851866061
           112.4500     -7.3700       28.585693627929
           112.4600     -7.3700       28.603081537166
           112.4700     -7.3700       28.619914480134
           112.4800     -7.3700       28.636089282610
           112.4900     -7.3700       28.651512178460
           112.5000     -7.3700       28.666110657848
           112.5100     -7.3700       28.679844156153
           112.5200     -7.3700       28.692712115105
           112.5300     -7.3700       28.704758217854
           112.5400     -7.3700       28.716070040877
           112.5500     -7.3700       28.726773924820
           112.5600     -7.3700       28.737025473527
           112.5700     -7.3700       28.746996666892
           112.5800     -7.3700       28.756861042089
           112.5900     -7.3700       28.766778694460
           112.6000     -7.3700       28.776882930061
           112.6100     -7.3700       28.787270249999
           112.6200     -7.3700       28.797994975429
           112.6300     -7.3700       28.809069273578
           112.6400     -7.3700       28.820468685314
           112.6500     -7.3700       28.832142565349
           112.6600     -7.3700       28.844028214226
           112.6700     -7.3700       28.856066988220
           112.6800     -7.3700       28.868220384068
           112.6900     -7.3700       28.880484050114
           112.7000     -7.3700       28.892897883464
           112.7100     -7.3700       28.905550811549
           112.7200     -7.3700       28.918579474007
           112.7300     -7.3700       28.932160741783
           112.7400     -7.3700       28.946498745882
           112.7500     -7.3700       28.961807747023
           112.7600     -7.3700       28.978292677401
           112.7700     -7.3700       28.996129464833
           112.7800     -7.3700       29.015447273307
           112.7900     -7.3700       29.036314560638
           112.8000     -7.3700       29.058730394201
           112.8100     -7.3700       29.082621839224
           112.8200     -7.3700       29.107847521306
           112.8300     -7.3700       29.134206756928
           112.8400     -7.3700       29.161453032486
           112.8500     -7.3700       29.189310170681
           112.8600     -7.3700       29.217489306632
           112.8700     -7.3700       29.245704828534
           112.8800     -7.3700       29.273687709472
           112.8900     -7.3700       29.301195126793
           112.9000     -7.3700       29.328015865384
           112.9100     -7.3700       29.353971646463
           112.9200     -7.3700       29.378915122997
           112.9300     -7.3700       29.402725752367
           112.9400     -7.3700       29.425305029771
           112.9500     -7.3700       29.446572602564
           112.9600     -7.3700       29.466464579770
           112.9700     -7.3700       29.484934929385
           112.9800     -7.3700       29.501960277017
           112.9900     -7.3700       29.517547764199
           113.0000     -7.3700       29.531744987166
           112.0000     -7.3800       27.755791567926
           112.0100     -7.3800       27.776094793907
           112.0200     -7.3800       27.795960145396
           112.0300     -7.3800       27.815167633263
           112.0400     -7.3800       27.833554136191
           112.0500     -7.3800       27.851021457241
           112.0600     -7.3800       27.867538441730
           112.0700     -7.3800       27.883137425737
           112.0800     -7.3800       27.897905851839
           112.0900     -7.3800       27.911974328236
           112.1000     -7.3800       27.925502672583
           112.1100     -7.3800       27.938665549586
           112.1200     -7.3800       27.951639184570
           112.1300     -7.3800       27.964590341455
           112.1400     -7.3800       27.977668340628
           112.1500     -7.3800       27.991000421083
           112.1600     -7.3800       28.004690287448
           112.1700     -7.3800       28.018819287352
           112.1800     -7.3800       28.033449386784
           112.1900     -7.3800       28.048626980652
           112.2000     -7.3800       28.064386600857
           112.2100     -7.3800       28.080753750375
           112.2200     -7.3800       28.097746365250
           112.2300     -7.3800       28.115374739072
           112.2400     -7.3800       28.133640081674
           112.2500     -7.3800       28.152532172008
           112.2600     -7.3800       28.172026760239
           112.2700     -7.3800       28.192083447007
           112.2800     -7.3800       28.212644709158
           112.2900     -7.3800       28.233636561882
           112.3000     -7.3800       28.254971076877
           112.3100     -7.3800       28.276550658386
           112.3200     -7.3800       28.298273665014
           112.3300     -7.3800       28.320040705975
           112.3400     -7.3800       28.341760778862
           112.3500     -7.3800       28.363356381003
           112.3600     -7.3800       28.384766827647
           112.3700     -7.3800       28.405949236990
           112.3800     -7.3800       28.426876964363
           112.3900     -7.3800       28.447535640376
           112.4000     -7.3800       28.467917336328
           112.4100     -7.3800       28.488013689370
           112.4200     -7.3800       28.507809021232
           112.4300     -7.3800       28.527274543615
           112.4400     -7.3800       28.546364645502
           112.4500     -7.3800       28.565016010221
           112.4600     -7.3800       28.583149941912
           112.4700     -7.3800       28.600677839614
           112.4800     -7.3800       28.617509301852
           112.4900     -7.3800       28.633561939052
           112.5000     -7.3800       28.648771674207
           112.5100     -7.3800       28.663102169962
           112.5200     -7.3800       28.676552058827
           112.5300     -7.3800       28.689158874713
           112.5400     -7.3800       28.700998965593
           112.5500     -7.3800       28.712183163318
           112.5600     -7.3800       28.722848534843
           112.5700     -7.3800       28.733147067593
           112.5800     -7.3800       28.743232578967
           112.5900     -7.3800       28.753247424548
           112.6000     -7.3800       28.763310668239
           112.6100     -7.3800       28.773509252016
           112.6200     -7.3800       28.783893372531
           112.6300     -7.3800       28.794476773045
           112.6400     -7.3800       28.805242051881
           112.6500     -7.3800       28.816150448232
           112.6600     -7.3800       28.827154974360
           112.6700     -7.3800       28.838215297532
           112.6800     -7.3800       28.849312498236
           112.6900     -7.3800       28.860461783147
           112.7000     -7.3800       28.871721423393
           112.7100     -7.3800       28.883196601486
           112.7200     -7.3800       28.895037435986
           112.7300     -7.3800       28.907431140895
           112.7400     -7.3800       28.920588982133
           112.7500     -7.3800       28.934729328209
           112.7600     -7.3800       28.950058576320
           112.7700     -7.3800       28.966752007021
           112.7800     -7.3800       28.984936645158
           112.7900     -7.3800       29.004677978136
           112.8000     -7.3800       29.025971933020
           112.8100     -7.3800       29.048742898092
           112.8200     -7.3800       29.072847870488
           112.8300     -7.3800       29.098086108818
           112.8400     -7.3800       29.124213057426
           112.8500     -7.3800       29.150956864506
           112.8600     -7.3800       29.178035594865
           112.8700     -7.3800       29.205173265599
           112.8800     -7.3800       29.232113102298
           112.8900     -7.3800       29.258626885419
           112.9000     -7.3800       29.284519865076
           112.9100     -7.3800       29.309631382967
           112.9200     -7.3800       29.333831961035
           112.9300     -7.3800       29.357018110822
           112.9400     -7.3800       29.379106415855
           112.9500     -7.3800       29.400028498193
           112.9600     -7.3800       29.419728288931
           112.9700     -7.3800       29.438162604746
           112.9800     -7.3800       29.455305444296
           112.9900     -7.3800       29.471155740086
           113.0000     -7.3800       29.485747628556
           112.0000     -7.3900       27.709942886905
           112.0100     -7.3900       27.729291445667
           112.0200     -7.3900       27.748242679993
           112.0300     -7.3900       27.766585129428
           112.0400     -7.3900       27.784162068802
           112.0500     -7.3900       27.800880091011
           112.0600     -7.3900       27.816712029692
           112.0700     -7.3900       27.831694314532
           112.0800     -7.3900       27.845919411566
           112.0900     -7.3900       27.859524461301
           112.1000     -7.3900       27.872677537839
           112.1100     -7.3900       27.885563081878
           112.1200     -7.3900       27.898368002751
           112.1300     -7.3900       27.911269716859
           112.1400     -7.3900       27.924427030202
           112.1500     -7.3900       27.937974334602
           112.1600     -7.3900       27.952019131776
           112.1700     -7.3900       27.966642486985
           112.1800     -7.3900       27.981901695962
           112.1900     -7.3900       27.997834261314
           112.2000     -7.3900       28.014462233771
           112.2100     -7.3900       28.031796074656
           112.2200     -7.3900       28.049837413881
           112.2300     -7.3900       28.068580372596
           112.2400     -7.3900       28.088011441632
           112.2500     -7.3900       28.108108204932
           112.2600     -7.3900       28.128837425512
           112.2700     -7.3900       28.150153136625
           112.2800     -7.3900       28.171995386211
           112.2900     -7.3900       28.194290170387
           112.3000     -7.3900       28.216950882462
           112.3100     -7.3900       28.239881332823
           112.3200     -7.3900       28.262980107145
           112.3300     -7.3900       28.286145772834
           112.3400     -7.3900       28.309282259398
           112.3500     -7.3900       28.332303659141
           112.3600     -7.3900       28.355137735865
           112.3700     -7.3900       28.377727588413
           112.3800     -7.3900       28.400031171742
           112.3900     -7.3900       28.422018694270
           112.4000     -7.3900       28.443668239728
           112.4100     -7.3900       28.464960254564
           112.4200     -7.3900       28.485871751742
           112.4300     -7.3900       28.506371173319
           112.4400     -7.3900       28.526414808453
           112.4500     -7.3900       28.545945481219
           112.4600     -7.3900       28.564893924491
           112.4700     -7.3900       28.583182880815
           112.4800     -7.3900       28.600733569567
           112.4900     -7.3900       28.617473788890
           112.5000     -7.3900       28.633346635450
           112.5100     -7.3900       28.648318669598
           112.5200     -7.3900       28.662386356021
           112.5300     -7.3900       28.675579777149
           112.5400     -7.3900       28.687962932263
           112.5500     -7.3900       28.699630362163
           112.5600     -7.3900       28.710700322980
           112.5700     -7.3900       28.721305209183
           112.5800     -7.3900       28.731580329451
           112.5900     -7.3900       28.741652411832
           112.6000     -7.3900       28.751629314233
           112.6100     -7.3900       28.761592322319
           112.6200     -7.3900       28.771592134470
           112.6300     -7.3900       28.781649192847
           112.6400     -7.3900       28.791758473632
           112.6500     -7.3900       28.801898266314
           112.6600     -7.3900       28.812041926999
           112.6700     -7.3900       28.822171156742
           112.6800     -7.3900       28.832289093106
           112.6900     -7.3900       28.842431451027
           112.7000     -7.3900       28.852674120750
           112.7100     -7.3900       28.863136010462
           112.7200     -7.3900       28.873976466206
           112.7300     -7.3900       28.885387246472
           112.7400     -7.3900       28.897579693862
           112.7500     -7.3900       28.910768347598
           112.7600     -7.3900       28.925152701345
           112.7700     -7.3900       28.940899070393
           112.7800     -7.3900       28.958124555204
           112.7900     -7.3900       28.976884869130
           112.8000     -7.3900       28.997167362041
           112.8100     -7.3900       29.018889972211
           112.8200     -7.3900       29.041906151057
           112.8300     -7.3900       29.066015116218
           112.8400     -7.3900       29.090976185682
           112.8500     -7.3900       29.116525506252
           112.8600     -7.3900       29.142393269771
           112.8700     -7.3900       29.168319537722
           112.8800     -7.3900       29.194067064525
           112.8900     -7.3900       29.219429984991
           112.9000     -7.3900       29.244237847744
           112.9100     -7.3900       29.268355150186
           112.9200     -7.3900       29.291677169631
           112.9300     -7.3900       29.314123401395
           112.9400     -7.3900       29.335630235154
           112.9500     -7.3900       29.356144578944
           112.9600     -7.3900       29.375619961181
           112.9700     -7.3900       29.394016225415
           112.9800     -7.3900       29.411303333600
           112.9900     -7.3900       29.427469091183
           113.0000     -7.3900       29.442529897562
           112.0000     -7.4000       27.662993913645
           112.0100     -7.4000       27.681246497785
           112.0200     -7.4000       27.699159506075
           112.0300     -7.4000       27.716537180792
           112.0400     -7.4000       27.733235714855
           112.0500     -7.4000       27.749171939830
           112.0600     -7.4000       27.764326690841
           112.0700     -7.4000       27.778742791216
           112.0800     -7.4000       27.792518144649
           112.0900     -7.4000       27.805794895674
           112.1000     -7.4000       27.818745966037
           112.1100     -7.4000       27.831560457603
           112.1200     -7.4000       27.844429416290
           112.1300     -7.4000       27.857533283525
           112.1400     -7.4000       27.871032050919
           112.1500     -7.4000       27.885058726379
           112.1600     -7.4000       27.899716272252
           112.1700     -7.4000       27.915077747643
           112.1800     -7.4000       27.931189031672
           112.1900     -7.4000       27.948073263827
           112.2000     -7.4000       27.965736035774
           112.2100     -7.4000       27.984170410046
           112.2200     -7.4000       28.003361009167
           112.2300     -7.4000       28.023286680974
           112.2400     -7.4000       28.043921557919
           112.2500     -7.4000       28.065234640313
           112.2600     -7.4000       28.087188298738
           112.2700     -7.4000       28.109736270887
           112.2800     -7.4000       28.132821799102
           112.2900     -7.4000       28.156376510117
           112.3000     -7.4000       28.180320489477
           112.3100     -7.4000       28.204563776792
           112.3200     -7.4000       28.229009243024
           112.3300     -7.4000       28.253556551394
           112.3400     -7.4000       28.278106691931
           112.3500     -7.4000       28.302566451197
           112.3600     -7.4000       28.326852155193
           112.3700     -7.4000       28.350892110387
           112.3800     -7.4000       28.374627353538
           112.3900     -7.4000       28.398010577970
           112.4000     -7.4000       28.421003393308
           112.4100     -7.4000       28.443572352436
           112.4200     -7.4000       28.465684399607
           112.4300     -7.4000       28.487302520677
           112.4400     -7.4000       28.508382386955
           112.4500     -7.4000       28.528870671869
           112.4600     -7.4000       28.548705496398
           112.4700     -7.4000       28.567819154130
           112.4800     -7.4000       28.586142922201
           112.4900     -7.4000       28.603613430011
           112.5000     -7.4000       28.620179783608
           112.5100     -7.4000       28.635810473352
           112.5200     -7.4000       28.650499055556
           112.5300     -7.4000       28.664267707142
           112.5400     -7.4000       28.677167996921
           112.5500     -7.4000       28.689278569394
           112.5600     -7.4000       28.700699851574
           112.5700     -7.4000       28.711546314376
           112.5800     -7.4000       28.721937188520
           112.5900     -7.4000       28.731986796336
           112.6000     -7.4000       28.741795774050
           112.6100     -7.4000       28.751444401551
           112.6200     -7.4000       28.760989028369
           112.6300     -7.4000       28.770462209528
           112.6400     -7.4000       28.779876687562
           112.6500     -7.4000       28.789232837886
           112.6600     -7.4000       28.798528702002
           112.6700     -7.4000       28.807771334164
           112.6800     -7.4000       28.816987939126
           112.6900     -7.4000       28.826235220561
           112.7000     -7.4000       28.835605506585
           112.7100     -7.4000       28.845228559079
           112.7200     -7.4000       28.855268469535
           112.7300     -7.4000       28.865915636877
           112.7400     -7.4000       28.877374438507
           112.7500     -7.4000       28.889847765992
           112.7600     -7.4000       28.903520027982
           112.7700     -7.4000       28.918540466331
           112.7800     -7.4000       28.935008651666
           112.7900     -7.4000       28.952963814212
           112.8000     -7.4000       28.972379246983
           112.8100     -7.4000       28.993162441205
           112.8200     -7.4000       29.015160949285
           112.8300     -7.4000       29.038173302513
           112.8400     -7.4000       29.061963724484
           112.8500     -7.4000       29.086278953044
           112.8600     -7.4000       29.110865269952
           112.8700     -7.4000       29.135483867483
           112.8800     -7.4000       29.159922952440
           112.8900     -7.4000       29.184005466075
           112.9000     -7.4000       29.207591920943
           112.9100     -7.4000       29.230578540395
           112.9200     -7.4000       29.252891541147
           112.9300     -7.4000       29.274478934821
           112.9400     -7.4000       29.295301565263
           112.9500     -7.4000       29.315325194620
           112.9600     -7.4000       29.334515284102
           112.9700     -7.4000       29.352835701985
           112.9800     -7.4000       29.370251982135
           112.9900     -7.4000       29.386739029866
           113.0000     -7.4000       29.402292424777
           112.0000     -7.4100       27.614892071127
           112.0100     -7.4100       27.631961517154
           112.0200     -7.4100       27.648766071630
           112.0300     -7.4100       27.665131320148
           112.0400     -7.4100       27.680931423656
           112.0500     -7.4100       27.696097579077
           112.0600     -7.4100       27.710621538656
           112.0700     -7.4100       27.724554003022
           112.0800     -7.4100       27.737998227888
           112.0900     -7.4100       27.751099663500
           112.1000     -7.4100       27.764032821965
           112.1100     -7.4100       27.776986797140
           112.1200     -7.4100       27.790150920719
           112.1300     -7.4100       27.803701924615
           112.1400     -7.4100       27.817793713939
           112.1500     -7.4100       27.832550475524
           112.1600     -7.4100       27.848063406341
           112.1700     -7.4100       27.864390902339
           112.1800     -7.4100       27.881561657481
           112.1900     -7.4100       27.899579832046
           112.2000     -7.4100       27.918431290323
           112.2100     -7.4100       27.938089893410
           112.2200     -7.4100       27.958522955628
           112.2300     -7.4100       27.979695207487
           112.2400     -7.4100       28.001570914488
           112.2500     -7.4100       28.024114131525
           112.2600     -7.4100       28.047287378263
           112.2700     -7.4100       28.071049258642
           112.2800     -7.4100       28.095351686146
           112.2900     -7.4100       28.120137400207
           112.3000     -7.4100       28.145338370208
           112.3100     -7.4100       28.170875500762
           112.3200     -7.4100       28.196659807698
           112.3300     -7.4100       28.222594969199
           112.3400     -7.4100       28.248580913648
           112.3500     -7.4100       28.274517923568
           112.3600     -7.4100       28.300310641995
           112.3700     -7.4100       28.325871377979
           112.3800     -7.4100       28.351122219590
           112.3900     -7.4100       28.375995657900
           112.4000     -7.4100       28.400433672859
           112.4100     -7.4100       28.424385492438
           112.4200     -7.4100       28.447804468010
           112.4300     -7.4100       28.470644673877
           112.4400     -7.4100       28.492857909101
           112.4500     -7.4100       28.514391741508
           112.4600     -7.4100       28.535189089620
           112.4700     -7.4100       28.555189607401
           112.4800     -7.4100       28.574332852264
           112.4900     -7.4100       28.592562920813
           112.5000     -7.4100       28.609833974907
           112.5100     -7.4100       28.626115894463
           112.5200     -7.4100       28.641399214874
           112.5300     -7.4100       28.655698552905
           112.5400     -7.4100       28.669053894367
           112.5500     -7.4100       28.681529390258
           112.5600     -7.4100       28.693209649835
           112.5700     -7.4100       28.704193882036
           112.5800     -7.4100       28.714588568482
           112.5900     -7.4100       28.724499601967
           112.6000     -7.4100       28.734024953406
           112.6100     -7.4100       28.743248912848
           112.6200     -7.4100       28.752238781390
           112.6300     -7.4100       28.761044587106
           112.6400     -7.4100       28.769701995470
           112.6500     -7.4100       28.778238135009
           112.6600     -7.4100       28.786679622564
           112.6700     -7.4100       28.795061710953
           112.6800     -7.4100       28.803437248750
           112.6900     -7.4100       28.811884075659
           112.7000     -7.4100       28.820509594661
           112.7100     -7.4100       28.829451556653
           112.7200     -7.4100       28.838874533195
           112.7300     -7.4100       28.848962085996
           112.7400     -7.4100       28.859905201130
           112.7500     -7.4100       28.871888068842
           112.7600     -7.4100       28.885072687008
           112.7700     -7.4100       28.899583991374
           112.7800     -7.4100       28.915497233286
           112.7900     -7.4100       28.932829126309
           112.8000     -7.4100       28.951533885998
           112.8100     -7.4100       28.971504737539
           112.8200     -7.4100       28.992580830852
           112.8300     -7.4100       29.014558861779
           112.8400     -7.4100       29.037208133895
           112.8500     -7.4100       29.060287382770
           112.8600     -7.4100       29.083561479866
           112.8700     -7.4100       29.106816167079
           112.8800     -7.4100       29.129869245235
           112.8900     -7.4100       29.152577118865
           112.9000     -7.4100       29.174836225821
           112.9100     -7.4100       29.196579573073
           112.9200     -7.4100       29.217769268127
           112.9300     -7.4100       29.238386488666
           112.9400     -7.4100       29.258420693904
           112.9500     -7.4100       29.277859996210
           112.9600     -7.4100       29.296684458279
           112.9700     -7.4100       29.314863672521
           112.9800     -7.4100       29.332359362474
           112.9900     -7.4100       29.349132997648
           113.0000     -7.4100       29.365157629876
           112.0000     -7.4200       27.565651780402
           112.0100     -7.4200       27.581510403364
           112.0200     -7.4200       27.597194635627
           112.0300     -7.4200       27.612555152392
           112.0400     -7.4200       27.627487345753
           112.0500     -7.4200       27.641939333393
           112.0600     -7.4200       27.655915436615
           112.0700     -7.4200       27.669474830986
           112.0800     -7.4200       27.682725574439
           112.0900     -7.4200       27.695814698602
           112.1000     -7.4200       27.708915449570
           112.1100     -7.4200       27.722213035226
           112.1200     -7.4200       27.735890345550
           112.1300     -7.4200       27.750115049288
           112.1400     -7.4200       27.765029246234
           112.1500     -7.4200       27.780742501154
           112.1600     -7.4200       27.797328650776
           112.1700     -7.4200       27.814826316114
           112.1800     -7.4200       27.833242627372
           112.1900     -7.4200       27.852559329702
           112.2000     -7.4200       27.872740224588
           112.2100     -7.4200       27.893738834721
           112.2200     -7.4200       27.915505261108
           112.2300     -7.4200       27.937991411315
           112.2400     -7.4200       27.961154081981
           112.2500     -7.4200       27.984955730896
           112.2600     -7.4200       28.009363123127
           112.2700     -7.4200       28.034344333785
           112.2800     -7.4200       28.059864798180
           112.2900     -7.4200       28.085883193685
           112.3000     -7.4200       28.112347909341
           112.3100     -7.4200       28.139194719564
           112.3200     -7.4200       28.166346053352
           112.3300     -7.4200       28.193711977613
           112.3400     -7.4200       28.221192735888
           112.3500     -7.4200       28.248682444032
           112.3600     -7.4200       28.276073377751
           112.3700     -7.4200       28.303260216465
           112.3800     -7.4200       28.330143641862
           112.3900     -7.4200       28.356632819544
           112.4000     -7.4200       28.382646495666
           112.4100     -7.4200       28.408112683659
           112.4200     -7.4200       28.432967159486
           112.4300     -7.4200       28.457151188359
           112.4400     -7.4200       28.480609038349
           112.4500     -7.4200       28.503285875454
           112.4600     -7.4200       28.525126573333
           112.4700     -7.4200       28.546075817964
           112.4800     -7.4200       28.566079666128
           112.4900     -7.4200       28.585088461412
           112.5000     -7.4200       28.603060762535
           112.5100     -7.4200       28.619967736660
           112.5200     -7.4200       28.635797348695
           112.5300     -7.4200       28.650557658888
           112.5400     -7.4200       28.664278632252
           112.5500     -7.4200       28.677012054648
           112.5600     -7.4200       28.688829416417
           112.5700     -7.4200       28.699817927057
           112.5800     -7.4200       28.710075118747
           112.5900     -7.4200       28.719702736748
           112.6000     -7.4200       28.728800761424
           112.6100     -7.4200       28.737462432585
           112.6200     -7.4200       28.745771041667
           112.6300     -7.4200       28.753799029505
           112.6400     -7.4200       28.761609604108
           112.6500     -7.4200       28.769260716429
           112.6600     -7.4200       28.776810854885
           112.6700     -7.4200       28.784325796311
           112.6800     -7.4200       28.791885232226
           112.6900     -7.4200       28.799588112381
           112.7000     -7.4200       28.807555631993
           112.7100     -7.4200       28.815931032486
           112.7200     -7.4200       28.824875763208
           112.7300     -7.4200       28.834562018786
           112.7400     -7.4200       28.845162164185
           112.7500     -7.4200       28.856836020874
           112.7600     -7.4200       28.869717348193
           112.7700     -7.4200       28.883901060213
           112.7800     -7.4200       28.899432734720
           112.7900     -7.4200       28.916301786046
           112.8000     -7.4200       28.934439302492
           112.8100     -7.4200       28.953721032630
           112.8200     -7.4200       28.973975404553
           112.8300     -7.4200       28.994995853279
           112.8400     -7.4200       29.016556193223
           112.8500     -7.4200       29.038427377686
           112.8600     -7.4200       29.060393791947
           112.8700     -7.4200       29.082267263014
           112.8800     -7.4200       29.103897239639
           112.8900     -7.4200       29.125176072744
           112.9000     -7.4200       29.146038952464
           112.9100     -7.4200       29.166458755518
           112.9200     -7.4200       29.186436735745
           112.9300     -7.4200       29.205990560638
           112.9400     -7.4200       29.225141578555
           112.9500     -7.4200       29.243903337900
           112.9600     -7.4200       29.262273244264
           112.9700     -7.4200       29.280228842678
           112.9800     -7.4200       29.297729592903
           112.9900     -7.4200       29.314724239939
           113.0000     -7.4200       29.331163065430
           112.0000     -7.4300       27.515369626277
           112.0100     -7.4300       27.530049428017
           112.0200     -7.4300       27.544659444808
           112.0300     -7.4300       27.559077072695
           112.0400     -7.4300       27.573220226912
           112.0500     -7.4300       27.587054794397
           112.0600     -7.4300       27.600597977511
           112.0700     -7.4300       27.613917129769
           112.0800     -7.4300       27.627124161384
           112.0900     -7.4300       27.640366072959
           112.1000     -7.4300       27.653812597990
           112.1100     -7.4300       27.667642244250
           112.1200     -7.4300       27.682028181076
           112.1300     -7.4300       27.697125404362
           112.1400     -7.4300       27.713060426554
           112.1500     -7.4300       27.729924410228
           112.1600     -7.4300       27.747770234123
           112.1700     -7.4300       27.766613505676
           112.1800     -7.4300       27.786437074800
           112.1900     -7.4300       27.807198217139
           112.2000     -7.4300       27.828837387986
           112.2100     -7.4300       27.851287330146
           112.2200     -7.4300       27.874481359849
           112.2300     -7.4300       27.898359842789
           112.2400     -7.4300       27.922874176895
           112.2500     -7.4300       27.947987974768
           112.2600     -7.4300       27.973675534021
           112.2700     -7.4300       27.999918044681
           112.2800     -7.4300       28.026698262819
           112.2900     -7.4300       28.053994544736
           112.3000     -7.4300       28.081775169539
           112.3100     -7.4300       28.109993781785
           112.3200     -7.4300       28.138586579685
           112.3300     -7.4300       28.167471592490
           112.3400     -7.4300       28.196550076592
           112.3500     -7.4300       28.225709759695
           112.3600     -7.4300       28.254829418651
           112.3700     -7.4300       28.283784121673
           112.3800     -7.4300       28.312450418115
           112.3900     -7.4300       28.340710820890
           112.4000     -7.4300       28.368457083688
           112.4100     -7.4300       28.395591999632
           112.4200     -7.4300       28.422029702926
           112.4300     -7.4300       28.447694699715
           112.4400     -7.4300       28.472520051124
           112.4500     -7.4300       28.496445250536
           112.4600     -7.4300       28.519414361786
           112.4700     -7.4300       28.541374912992
           112.4800     -7.4300       28.562277885615
           112.4900     -7.4300       28.582078925997
           112.5000     -7.4300       28.600740672351
           112.5100     -7.4300       28.618235872327
           112.5200     -7.4300       28.634550800977
           112.5300     -7.4300       28.649688404027
           112.5400     -7.4300       28.663670602206
           112.5500     -7.4300       28.676539299295
           112.5600     -7.4300       28.688355824556
           112.5700     -7.4300       28.699198780802
           112.5800     -7.4300       28.709160525271
           112.5900     -7.4300       28.718342740376
           112.6000     -7.4300       28.726851717075
           112.6100     -7.4300       28.734794045136
           112.6200     -7.4300       28.742273365987
           112.6300     -7.4300       28.749388695352
           112.6400     -7.4300       28.756234582103
           112.6500     -7.4300       28.762903069337
           112.6600     -7.4300       28.769487107165
           112.6700     -7.4300       28.776084782497
           112.6800     -7.4300       28.782803525427
           112.6900     -7.4300       28.789763361605
           112.7000     -7.4300       28.797098327355
           112.7100     -7.4300       28.804955351917
           112.7200     -7.4300       28.813490221703
           112.7300     -7.4300       28.822860638146
           112.7400     -7.4300       28.833216812445
           112.7500     -7.4300       28.844690447903
           112.7600     -7.4300       28.857383284042
           112.7700     -7.4300       28.871356565108
           112.7800     -7.4300       28.886622813525
           112.7900     -7.4300       28.903141122520
           112.8000     -7.4300       28.920816842380
           112.8100     -7.4300       28.939506056696
           112.8200     -7.4300       28.959024684422
           112.8300     -7.4300       28.979161470428
           112.8400     -7.4300       28.999693616838
           112.8500     -7.4300       29.020403430143
           112.8600     -7.4300       29.041094171310
           112.8700     -7.4300       29.061603331375
           112.8800     -7.4300       29.081811819015
           112.8900     -7.4300       29.101648015138
           112.9000     -7.4300       29.121086270051
           112.9100     -7.4300       29.140140116811
           112.9200     -7.4300       29.158851161851
           112.9300     -7.4300       29.177275200534
           112.9400     -7.4300       29.195467510209
           112.9500     -7.4300       29.213469435950
           112.9600     -7.4300       29.231298273339
           112.9700     -7.4300       29.248942071173
           112.9800     -7.4300       29.266360363351
           112.9900     -7.4300       29.283491063227
           113.0000     -7.4300       29.300262909352
           112.0000     -7.4400       27.464236817886
           112.0100     -7.4400       27.477824526562
           112.0200     -7.4400       27.491459161472
           112.0300     -7.4400       27.505044293921
           112.0400     -7.4400       27.518519644103
           112.0500     -7.4400       27.531867997401
           112.0600     -7.4400       27.545118426905
           112.0700     -7.4400       27.558345322556
           112.0800     -7.4400       27.571663180494
           112.0900     -7.4400       27.585217586686
           112.1000     -7.4400       27.599173272906
           112.1100     -7.4400       27.613700470670
           112.1200     -7.4400       27.628960992568
           112.1300     -7.4400       27.645095502199
           112.1400     -7.4400       27.662213288114
           112.1500     -7.4400       27.680385551930
           112.1600     -7.4400       27.699642795066
           112.1700     -7.4400       27.719976397109
           112.1800     -7.4400       27.741343984454
           112.1900     -7.4400       27.763677753154
           112.2000     -7.4400       27.786894588829
           112.2100     -7.4400       27.810906657483
           112.2200     -7.4400       27.835631141956
           112.2300     -7.4400       27.860997965098
           112.2400     -7.4400       27.886954646621
           112.2500     -7.4400       27.913467842495
           112.2600     -7.4400       27.940521558970
           112.2700     -7.4400       27.968112459138
           112.2800     -7.4400       27.996243033963
           112.2900     -7.4400       28.024913648524
           112.3000     -7.4400       28.054114571314
           112.3100     -7.4400       28.083819042938
           112.3200     -7.4400       28.113978253744
           112.3300     -7.4400       28.144518808582
           112.3400     -7.4400       28.175342904878
           112.3500     -7.4400       28.206331087561
           112.3600     -7.4400       28.237347120864
           112.3700     -7.4400       28.268244274543
           112.3800     -7.4400       28.298872189934
           112.3900     -7.4400       28.329083481889
           112.4000     -7.4400       28.358739340775
           112.4100     -7.4400       28.387713602747
           112.4200     -7.4400       28.415895022025
           112.4300     -7.4400       28.443187764097
           112.4400     -7.4400       28.469510400818
           112.4500     -7.4400       28.494793889531
           112.4600     -7.4400       28.518979131435
           112.4700     -7.4400       28.542014716410
           112.4800     -7.4400       28.563855375248
           112.4900     -7.4400       28.584461493230
           112.5000     -7.4400       28.603799820887
           112.5100     -7.4400       28.621845285168
           112.5200     -7.4400       28.638583595147
           112.5300     -7.4400       28.654014184443
           112.5400     -7.4400       28.668152961581
           112.5500     -7.4400       28.681034360181
           112.5600     -7.4400       28.692712289046
           112.5700     -7.4400       28.703259759401
           112.5800     -7.4400       28.712767183113
           112.5900     -7.4400       28.721339555309
           112.6000     -7.4400       28.729092920161
           112.6100     -7.4400       28.736150637266
           112.6200     -7.4400       28.742639996104
           112.6300     -7.4400       28.748689659156
           112.6400     -7.4400       28.754428258209
           112.6500     -7.4400       28.759984245500
           112.6600     -7.4400       28.765486846367
           112.6700     -7.4400       28.771067714337
           112.6800     -7.4400       28.776862695449
           112.6900     -7.4400       28.783013002556
           112.7000     -7.4400       28.789665107087
           112.7100     -7.4400       28.796968783769
           112.7200     -7.4400       28.805072983263
           112.7300     -7.4400       28.814119530644
           112.7400     -7.4400       28.824235011564
           112.7500     -7.4400       28.835521560570
           112.7600     -7.4400       28.848047553452
           112.7700     -7.4400       28.861839378684
           112.7800     -7.4400       28.876875486721
           112.7900     -7.4400       28.893083773259
           112.8000     -7.4400       28.910343049490
           112.8100     -7.4400       28.928488917886
           112.8200     -7.4400       28.947323855338
           112.8300     -7.4400       28.966630770673
           112.8400     -7.4400       28.986188821405
           112.8500     -7.4400       29.005789913262
           112.8600     -7.4400       29.025254121592
           112.8700     -7.4400       29.044442301955
           112.8800     -7.4400       29.063264407582
           112.8900     -7.4400       29.081682484251
           112.9000     -7.4400       29.099707921391
           112.9100     -7.4400       29.117393231250
           112.9200     -7.4400       29.134819320860
           112.9300     -7.4400       29.152079824497
           112.9400     -7.4400       29.169264495292
           112.9500     -7.4400       29.186443849383
           112.9600     -7.4400       29.203657178012
           112.9700     -7.4400       29.220905689129
           112.9800     -7.4400       29.238151942545
           112.9900     -7.4400       29.255325966378
           113.0000     -7.4400       29.272337578142
           112.0000     -7.4500       27.412547655905
           112.0100     -7.4500       27.425175040293
           112.0200     -7.4500       27.437976183491
           112.0300     -7.4500       27.450878213439
           112.0400     -7.4500       27.463840037064
           112.0500     -7.4500       27.476858859836
           112.0600     -7.4500       27.489973402139
           112.0700     -7.4500       27.503263207538
           112.0800     -7.4500       27.516843870015
           112.0900     -7.4500       27.530858490245
           112.1000     -7.4500       27.545466138921
           112.1100     -7.4500       27.560828492629
           112.1200     -7.4500       27.577096059877
           112.1300     -7.4500       27.594395494489
           112.1400     -7.4500       27.612819386724
           112.1500     -7.4500       27.632419640467
           112.1600     -7.4500       27.653205122286
           112.1700     -7.4500       27.675143758794
           112.1800     -7.4500       27.698168727685
           112.1900     -7.4500       27.722187902983
           112.2000     -7.4500       27.747095338051
           112.2100     -7.4500       27.772783347897
           112.2200     -7.4500       27.799153711817
           112.2300     -7.4500       27.826126661177
           112.2400     -7.4500       27.853646623891
           112.2500     -7.4500       27.881684125029
           112.2600     -7.4500       27.910233735063
           112.2700     -7.4500       27.939308449645
           112.2800     -7.4500       27.968931314860
           112.2900     -7.4500       27.999125426687
           112.3000     -7.4500       28.029903596301
           112.3100     -7.4500       28.061258968045
           112.3200     -7.4500       28.093157710803
           112.3300     -7.4500       28.125534603416
           112.3400     -7.4500       28.158291944660
           112.3500     -7.4500       28.191301792144
           112.3600     -7.4500       28.224411129330
           112.3700     -7.4500       28.257449227436
           112.3800     -7.4500       28.290236249416
           112.3900     -7.4500       28.322592059788
           112.4000     -7.4500       28.354344260784
           112.4100     -7.4500       28.385334656881
           112.4200     -7.4500       28.415423624783
           112.4300     -7.4500       28.444492191379
           112.4400     -7.4500       28.472441950267
           112.4500     -7.4500       28.499193232182
           112.4600     -7.4500       28.524682148359
           112.4700     -7.4500       28.548857224354
           112.4800     -7.4500       28.571676326922
           112.4900     -7.4500       28.593104467202
           112.5000     -7.4500       28.613112863233
           112.5100     -7.4500       28.631679398452
           112.5200     -7.4500       28.648790360238
           112.5300     -7.4500       28.664443123020
           112.5400     -7.4500       28.678649286599
           112.5500     -7.4500       28.691437713323
           112.5600     -7.4500       28.702856934559
           112.5700     -7.4500       28.712976509232
           112.5800     -7.4500       28.721887093648
           112.5900     -7.4500       28.729699190663
           112.6000     -7.4500       28.736540751719
           112.6100     -7.4500       28.742553971965
           112.6200     -7.4500       28.747891718758
           112.6300     -7.4500       28.752714050086
           112.6400     -7.4500       28.757185209432
           112.6500     -7.4500       28.761471339244
           112.6600     -7.4500       28.765738961792
           112.6700     -7.4500       28.770154068168
           112.6800     -7.4500       28.774881471914
           112.6900     -7.4500       28.780083959270
           112.7000     -7.4500       28.785920731047
           112.7100     -7.4500       28.792544696288
           112.7200     -7.4500       28.800098343339
           112.7300     -7.4500       28.808708161116
           112.7400     -7.4500       28.818477878444
           112.7500     -7.4500       28.829481088087
           112.7600     -7.4500       28.841754075506
           112.7700     -7.4500       28.855289834457
           112.7800     -7.4500       28.870034286065
           112.7900     -7.4500       28.885885604960
           112.8000     -7.4500       28.902697295745
           112.8100     -7.4500       28.920285277310
           112.8200     -7.4500       28.938438763565
           112.8300     -7.4500       28.956934234317
           112.8400     -7.4500       28.975551335412
           112.8500     -7.4500       28.994089198353
           112.8600     -7.4500       29.012381482602
           112.8700     -7.4500       29.030308456961
           112.8800     -7.4500       29.047804663828
           112.8900     -7.4500       29.064861138025
           112.9000     -7.4500       29.081521739121
           112.9100     -7.4500       29.097873837611
           112.9200     -7.4500       29.114034289720
           112.9300     -7.4500       29.130132254708
           112.9400     -7.4500       29.146290868993
           112.9500     -7.4500       29.162610025379
           112.9600     -7.4500       29.179152470806
           112.9700     -7.4500       29.195935122004
           112.9800     -7.4500       29.212926930239
           112.9900     -7.4500       29.230053862139
           113.0000     -7.4500       29.247210689633
           112.0000     -7.4600       27.360702708611
           112.0100     -7.4600       27.372533051920
           112.0200     -7.4600       27.384672401611
           112.0300     -7.4600       27.397067013613
           112.0400     -7.4600       27.409690715477
           112.0500     -7.4600       27.422551274956
           112.0600     -7.4600       27.435693815842
           112.0700     -7.4600       27.449200559473
           112.0800     -7.4600       27.463186585506
           112.0900     -7.4600       27.477791795635
           112.1000     -7.4600       27.493169760227
           112.1100     -7.4600       27.509474559189
           112.1200     -7.4600       27.526847032118
           112.1300     -7.4600       27.545401982550
           112.1400     -7.4600       27.565217814772
           112.1500     -7.4600       27.586329823133
           112.1600     -7.4600       27.608727933822
           112.1700     -7.4600       27.632359170168
           112.1800     -7.4600       27.657134542337
           112.1900     -7.4600       27.682939524378
           112.2000     -7.4600       27.709646845367
           112.2100     -7.4600       27.737130043098
           112.2200     -7.4600       27.765276143900
           112.2300     -7.4600       27.793995950817
           112.2400     -7.4600       27.823230728436
           112.2500     -7.4600       27.852954525635
           112.2600     -7.4600       27.883171918783
           112.2700     -7.4600       27.913911517854
           112.2800     -7.4600       27.945216085974
           112.2900     -7.4600       27.977130516025
           112.3000     -7.4600       28.009689139305
           112.3100     -7.4600       28.042903885638
           112.3200     -7.4600       28.076754671123
           112.3300     -7.4600       28.111183082426
           112.3400     -7.4600       28.146089998875
           112.3500     -7.4600       28.181337303875
           112.3600     -7.4600       28.216753349236
           112.3700     -7.4600       28.252141411841
           112.3800     -7.4600       28.287290072869
           112.3900     -7.4600       28.321984289882
           112.4000     -7.4600       28.356015934990
           112.4100     -7.4600       28.389192729646
           112.4200     -7.4600       28.421344789856
           112.4300     -7.4600       28.452328360902
           112.4400     -7.4600       28.482026715218
           112.4500     -7.4600       28.510348556583
           112.4600     -7.4600       28.537224570022
           112.4700     -7.4600       28.562602943901
           112.4800     -7.4600       28.586444749518
           112.4900     -7.4600       28.608719993801
           112.5000     -7.4600       28.629404980023
           112.5100     -7.4600       28.648481352254
           112.5200     -7.4600       28.665936903347
           112.5300     -7.4600       28.681767938645
           112.5400     -7.4600       28.695982749687
           112.5500     -7.4600       28.708605596007
           112.5600     -7.4600       28.719680536888
           112.5700     -7.4600       28.729274501063
           112.5800     -7.4600       28.737479117393
           112.5900     -7.4600       28.744411027314
           112.6000     -7.4600       28.750210625300
           112.6100     -7.4600       28.755039389086
           112.6200     -7.4600       28.759076132430
           112.6300     -7.4600       28.762512613783
           112.6400     -7.4600       28.765548951320
           112.6500     -7.4600       28.768389229500
           112.6600     -7.4600       28.771237550503
           112.6700     -7.4600       28.774294612730
           112.6800     -7.4600       28.777754722362
           112.6900     -7.4600       28.781802998696
           112.7000     -7.4600       28.786612450464
           112.7100     -7.4600       28.792340599788
           112.7200     -7.4600       28.799125419607
           112.7300     -7.4600       28.807080520250
           112.7400     -7.4600       28.816289747202
           112.7500     -7.4600       28.826801598323
           112.7600     -7.4600       28.838624091661
           112.7700     -7.4600       28.851720870640
           112.7800     -7.4600       28.866009384832
           112.7900     -7.4600       28.881361907702
           112.8000     -7.4600       28.897609941483
           112.8100     -7.4600       28.914552228017
           112.8200     -7.4600       28.931966166768
           112.8300     -7.4600       28.949621987811
           112.8400     -7.4600       28.967298598897
           112.8500     -7.4600       28.984799684710
           112.8600     -7.4600       29.001968439524
           112.8700     -7.4600       29.018699303027
           112.8800     -7.4600       29.034945262575
           112.8900     -7.4600       29.050719676824
           112.9000     -7.4600       29.066092131588
           112.9100     -7.4600       29.081178500565
           112.9200     -7.4600       29.096126074505
           112.9300     -7.4600       29.111095256787
           112.9400     -7.4600       29.126239816708
           112.9500     -7.4600       29.141687972660
           112.9600     -7.4600       29.157526596913
           112.9700     -7.4600       29.173790573539
           112.9800     -7.4600       29.190458817297
           112.9900     -7.4600       29.207457724174
           113.0000     -7.4600       29.224671953691
           112.0000     -7.4700       27.309205543601
           112.0100     -7.4700       27.320417516617
           112.0200     -7.4700       27.332080919490
           112.0300     -7.4700       27.344155300744
           112.0400     -7.4700       27.356623870709
           112.0500     -7.4700       27.369500050422
           112.0600     -7.4700       27.382831365214
           112.0700     -7.4700       27.396699828055
           112.0800     -7.4700       27.411218361987
           112.0900     -7.4700       27.426523314331
           112.1000     -7.4700       27.442763646094
           112.1100     -7.4700       27.460087861068
           112.1200     -7.4700       27.478630099123
           112.1300     -7.4700       27.498497002066
           112.1400     -7.4700       27.519756936774
           112.1500     -7.4700       27.542432926347
           112.1600     -7.4700       27.566500222063
           112.1700     -7.4700       27.591888898556
           112.1800     -7.4700       27.618491242400
           112.1900     -7.4700       27.646173109350
           112.2000     -7.4700       27.674787925707
           112.2100     -7.4700       27.704191670213
           112.2200     -7.4700       27.734257039312
           112.2300     -7.4700       27.764885088641
           112.2400     -7.4700       27.796012946098
           112.2500     -7.4700       27.827616668389
           112.2600     -7.4700       27.859708902822
           112.2700     -7.4700       27.892331644338
           112.2800     -7.4700       27.925544965436
           112.2900     -7.4700       27.959413070493
           112.3000     -7.4700       27.993989328654
           112.3100     -7.4700       28.029302035978
           112.3200     -7.4700       28.065342539930
           112.3300     -7.4700       28.102057046814
           112.3400     -7.4700       28.139342969139
           112.3500     -7.4700       28.177050116840
           112.3600     -7.4700       28.214986465357
           112.3700     -7.4700       28.252927716488
           112.3800     -7.4700       28.290629467359
           112.3900     -7.4700       28.327840564549
           112.4000     -7.4700       28.364316167601
           112.4100     -7.4700       28.399829177633
           112.4200     -7.4700       28.434178977192
           112.4300     -7.4700       28.467196832393
           112.4400     -7.4700       28.498747769855
           112.4500     -7.4700       28.528729196429
           112.4600     -7.4700       28.557066920187
           112.4700     -7.4700       28.583709508882
           112.4800     -7.4700       28.608622056703
           112.4900     -7.4700       28.631780411869
           112.5000     -7.4700       28.653166757744
           112.5100     -7.4700       28.672767168656
           112.5200     -7.4700       28.690571422242
           112.5300     -7.4700       28.706574993452
           112.5400     -7.4700       28.720782831961
           112.5500     -7.4700       28.733214277411
           112.5600     -7.4700       28.743908325788
           112.5700     -7.4700       28.752928438203
           112.5800     -7.4700       28.760366175857
           112.5900     -7.4700       28.766343130717
           112.6000     -7.4700       28.771010867003
           112.6100     -7.4700       28.774548853364
           112.6200     -7.4700       28.777160608746
           112.6300     -7.4700       28.779068471213
           112.6400     -7.4700       28.780507504281
           112.6500     -7.4700       28.781719070047
           112.6600     -7.4700       28.782944528262
           112.6700     -7.4700       28.784419385520
           112.6800     -7.4700       28.786368049257
           112.6900     -7.4700       28.788999172875
           112.7000     -7.4700       28.792501445795
           112.7100     -7.4700       28.797039613275
           112.7200     -7.4700       28.802750521564
           112.7300     -7.4700       28.809739075372
           112.7400     -7.4700       28.818074152310
           112.7500     -7.4700       28.827784714614
           112.7600     -7.4700       28.838856554343
           112.7700     -7.4700       28.851230262681
           112.7800     -7.4700       28.864801088816
           112.7900     -7.4700       28.879421320268
           112.8000     -7.4700       28.894905661483
           112.8100     -7.4700       28.911039816338
           112.8200     -7.4700       28.927592118093
           112.8300     -7.4700       28.944327639675
           112.8400     -7.4700       28.961023812797
           112.8500     -7.4700       28.977486246373
           112.8600     -7.4700       28.993563219833
           112.8700     -7.4700       29.009157280303
           112.8800     -7.4700       29.024232519995
           112.8900     -7.4700       29.038816452914
           112.9000     -7.4700       29.052995922813
           112.9100     -7.4700       29.066907106696
           112.9200     -7.4700       29.080720359573
           112.9300     -7.4700       29.094621293646
           112.9400     -7.4700       29.108790014262
           112.9500     -7.4700       29.123380770188
           112.9600     -7.4700       29.138504361508
           112.9700     -7.4700       29.154215457077
           112.9800     -7.4700       29.170506511051
           112.9900     -7.4700       29.187309274883
           113.0000     -7.4700       29.204504049298
           112.0000     -7.4800       27.258652195059
           112.0100     -7.4800       27.269422602967
           112.0200     -7.4800       27.280793364793
           112.0300     -7.4800       27.292730592724
           112.0400     -7.4800       27.305220542856
           112.0500     -7.4800       27.318276734236
           112.0600     -7.4800       27.331944647950
           112.0700     -7.4800       27.346302997582
           112.0800     -7.4800       27.361460962514
           112.0900     -7.4800       27.377551299542
           112.1000     -7.4800       27.394719821039
           112.1100     -7.4800       27.413112265445
           112.1200     -7.4800       27.432860008336
           112.1300     -7.4800       27.454066304807
           112.1400     -7.4800       27.476794776059
           112.1500     -7.4800       27.501061645009
           112.1600     -7.4800       27.526832809249
           112.1700     -7.4800       27.554026265979
           112.1800     -7.4800       27.582519745638
           112.1900     -7.4800       27.612162754628
           112.2000     -7.4800       27.642791659009
           112.2100     -7.4800       27.674246035836
           112.2200     -7.4800       27.706384331571
           112.2300     -7.4800       27.739096923828
           112.2400     -7.4800       27.772314978264
           112.2500     -7.4800       27.806013990240
           112.2600     -7.4800       27.840211538356
           112.2700     -7.4800       27.874959473841
           112.2800     -7.4800       27.910331438413
           112.2900     -7.4800       27.946407160143
           112.3000     -7.4800       27.983255353666
           112.3100     -7.4800       28.020917202748
           112.3200     -7.4800       28.059392314045
           112.3300     -7.4800       28.098628715693
           112.3400     -7.4800       28.138517976361
           112.3500     -7.4800       28.178895905012
           112.3600     -7.4800       28.219548637700
           112.3700     -7.4800       28.260223307053
           112.3800     -7.4800       28.300641997068
           112.3900     -7.4800       28.340517367648
           112.4000     -7.4800       28.379568223474
           112.4100     -7.4800       28.417533406328
           112.4200     -7.4800       28.454182687125
           112.4300     -7.4800       28.489323778489
           112.4400     -7.4800       28.522805117918
           112.4500     -7.4800       28.554514614459
           112.4600     -7.4800       28.584375038336
           112.4700     -7.4800       28.612337103341
           112.4800     -7.4800       28.638371504049
           112.4900     -7.4800       28.662461204461
           112.5000     -7.4800       28.684595136358
           112.5100     -7.4800       28.704764181856
           112.5200     -7.4800       28.722959930758
           112.5300     -7.4800       28.739176275972
           112.5400     -7.4800       28.753413498902
           112.5500     -7.4800       28.765684155740
           112.5600     -7.4800       28.776019846822
           112.5700     -7.4800       28.784477858828
           112.5800     -7.4800       28.791146717768
           112.5900     -7.4800       28.796149863734
           112.6000     -7.4800       28.799646924039
           112.6100     -7.4800       28.801832376409
           112.6200     -7.4800       28.802931710674
           112.6300     -7.4800       28.803195471233
           112.6400     -7.4800       28.802891758151
           112.6500     -7.4800       28.802297860940
           112.6600     -7.4800       28.801691691598
           112.6700     -7.4800       28.801343584667
           112.6800     -7.4800       28.801508868222
           112.6900     -7.4800       28.802421416423
           112.7000     -7.4800       28.804288210042
           112.7100     -7.4800       28.807284791390
           112.7200     -7.4800       28.811551429781
           112.7300     -7.4800       28.817189825043
           112.7400     -7.4800       28.824260265303
           112.7500     -7.4800       28.832779301737
           112.7600     -7.4800       28.842718175108
           112.7700     -7.4800       28.854002387299
           112.7800     -7.4800       28.866512915633
           112.7900     -7.4800       28.880089584926
           112.8000     -7.4800       28.894537020524
           112.8100     -7.4800       28.909633401251
           112.8200     -7.4800       28.925141929249
           112.8300     -7.4800       28.940824567980
           112.8400     -7.4800       28.956457218522
           112.8500     -7.4800       28.971845164693
           112.8600     -7.4800       28.986837376770
           112.8700     -7.4800       29.001338170917
           112.8800     -7.4800       29.015314809860
           112.8900     -7.4800       29.028799910528
           112.9000     -7.4800       29.041887980889
           112.9100     -7.4800       29.054726000151
           112.9200     -7.4800       29.067498620281
           112.9300     -7.4800       29.080409224002
           112.9400     -7.4800       29.093658640706
           112.9500     -7.4800       29.107423717990
           112.9600     -7.4800       29.121838109779
           112.9700     -7.4800       29.136977534661
           112.9800     -7.4800       29.152851374578
           112.9900     -7.4800       29.169401853316
           113.0000     -7.4800       29.186511218329
           112.0000     -7.4900       27.209713063469
           112.0100     -7.4900       27.220200030302
           112.0200     -7.4900       27.231442660081
           112.0300     -7.4900       27.243406590202
           112.0400     -7.4900       27.256074520324
           112.0500     -7.4900       27.269454318497
           112.0600     -7.4900       27.283584876090
           112.0700     -7.4900       27.298538526747
           112.0800     -7.4900       27.314419247908
           112.0900     -7.4900       27.331356416271
           112.1000     -7.4900       27.349494511349
           112.1100     -7.4900       27.368979763036
           112.1200     -7.4900       27.389945230542
           112.1300     -7.4900       27.412496106280
           112.1400     -7.4900       27.436697109645
           112.1500     -7.4900       27.462563654858
           112.1600     -7.4900       27.490058061702
           112.1700     -7.4900       27.519091478595
           112.1800     -7.4900       27.549531480346
           112.1900     -7.4900       27.581214580349
           112.2000     -7.4900       27.613962254207
           112.2100     -7.4900       27.647598594877
           112.2200     -7.4900       27.681967472914
           112.2300     -7.4900       27.716947094412
           112.2400     -7.4900       27.752460134033
           112.2500     -7.4900       27.788478137047
           112.2600     -7.4900       27.825019568263
           112.2700     -7.4900       27.862141651254
           112.2800     -7.4900       27.899926892165
           112.2900     -7.4900       27.938465824442
           112.3000     -7.4900       27.977837964406
           112.3100     -7.4900       28.018093177271
           112.3200     -7.4900       28.059235595182
           112.3300     -7.4900       28.101211913173
           112.3400     -7.4900       28.143905358281
           112.3500     -7.4900       28.187135950220
           112.3600     -7.4900       28.230666935341
           112.3700     -7.4900       28.274216571047
           112.3800     -7.4900       28.317473851539
           112.3900     -7.4900       28.360116366880
           112.4000     -7.4900       28.401828319809
           112.4100     -7.4900       28.442316801926
           112.4200     -7.4900       28.481324735041
           112.4300     -7.4900       28.518639368567
           112.4400     -7.4900       28.554095822311
           112.4500     -7.4900       28.587575796221
           112.4600     -7.4900       28.619002153380
           112.4700     -7.4900       28.648330547649
           112.4800     -7.4900       28.675539558891
           112.4900     -7.4900       28.700620887073
           112.5000     -7.4900       28.723571039818
           112.5100     -7.4900       28.744385650827
           112.5200     -7.4900       28.763057136217
           112.5300     -7.4900       28.779575894769
           112.5400     -7.4900       28.793934755320
           112.5500     -7.4900       28.806135936013
           112.5600     -7.4900       28.816199460116
           112.5700     -7.4900       28.824171807335
           112.5800     -7.4900       28.830133581351
           112.5900     -7.4900       28.834205133639
           112.6000     -7.4900       28.836549369839
           112.6100     -7.4900       28.837371331814
           112.6200     -7.4900       28.836914541526
           112.6300     -7.4900       28.835454457491
           112.6400     -7.4900       28.833289683645
           112.6500     -7.4900       28.830731751131
           112.6600     -7.4900       28.828094350766
           112.6700     -7.4900       28.825682832278
           112.6800     -7.4900       28.823784627864
           112.6900     -7.4900       28.822661037783
           112.7000     -7.4900       28.822540577151
           112.7100     -7.4900       28.823613868750
           112.7200     -7.4900       28.826029912108
           112.7300     -7.4900       28.829893487646
           112.7400     -7.4900       28.835263472930
           112.7500     -7.4900       28.842151945522
           112.7600     -7.4900       28.850524097457
           112.7700     -7.4900       28.860299152895
           112.7800     -7.4900       28.871352620946
           112.7900     -7.4900       28.883520290727
           112.8000     -7.4900       28.896604355348
           112.8100     -7.4900       28.910381921237
           112.8200     -7.4900       28.924615923446
           112.8300     -7.4900       28.939068150269
           112.8400     -7.4900       28.953513723013
           112.8500     -7.4900       28.967756032335
           112.8600     -7.4900       28.981640859049
           112.8700     -7.4900       28.995068258429
           112.8800     -7.4900       29.008000803759
           112.8900     -7.4900       29.020466988328
           112.9000     -7.4900       29.032558971212
           112.9100     -7.4900       29.044424390886
           112.9200     -7.4900       29.056252607266
           112.9300     -7.4900       29.068256394098
           112.9400     -7.4900       29.080650706471
           112.9500     -7.4900       29.093630610390
           112.9600     -7.4900       29.107350712168
           112.9700     -7.4900       29.121908416548
           112.9800     -7.4900       29.137333055583
           112.9900     -7.4900       29.153582381194
           113.0000     -7.4900       29.170547153166
           112.0000     -7.5000       27.163107600210
           112.0100     -7.5000       27.173435697234
           112.0200     -7.5000       27.184681497668
           112.0300     -7.5000       27.196803425396
           112.0400     -7.5000       27.209774311302
           112.0500     -7.5000       27.223590896880
           112.0600     -7.5000       27.238281189209
           112.0700     -7.5000       27.253908283976
           112.0800     -7.5000       27.270569687246
           112.0900     -7.5000       27.288391756364
           112.1000     -7.5000       27.307519561442
           112.1100     -7.5000       27.328103142485
           112.1200     -7.5000       27.350281704132
           112.1300     -7.5000       27.374167665039
           112.1400     -7.5000       27.399832602765
           112.1500     -7.5000       27.427296982847
           112.1600     -7.5000       27.456525146069
           112.1700     -7.5000       27.487426400576
           112.1800     -7.5000       27.519862305501
           112.1900     -7.5000       27.553659439100
           112.2000     -7.5000       27.588626222134
           112.2100     -7.5000       27.624571812967
           112.2200     -7.5000       27.661324780011
           112.2300     -7.5000       27.698749233689
           112.2400     -7.5000       27.736756370683
           112.2500     -7.5000       27.775309916077
           112.2600     -7.5000       27.814424678278
           112.2700     -7.5000       27.854158265891
           112.2800     -7.5000       27.894596849800
           112.2900     -7.5000       27.935836582792
           112.3000     -7.5000       27.977962821538
           112.3100     -7.5000       28.021029565875
           112.3200     -7.5000       28.065041505519
           112.3300     -7.5000       28.109940750040
           112.3400     -7.5000       28.155599755681
           112.3500     -7.5000       28.201821225021
           112.3600     -7.5000       28.248344936053
           112.3700     -7.5000       28.294860658527
           112.3800     -7.5000       28.341025635412
           112.3900     -7.5000       28.386484627463
           112.4000     -7.5000       28.430890293613
           112.4100     -7.5000       28.473921730464
           112.4200     -7.5000       28.515299306579
           112.4300     -7.5000       28.554794454906
           112.4400     -7.5000       28.592233756870
           112.4500     -7.5000       28.627497376051
           112.4600     -7.5000       28.660512585076
           112.4700     -7.5000       28.691243691621
           112.4800     -7.5000       28.719680041818
           112.4900     -7.5000       28.745823922126
           112.5000     -7.5000       28.769680084754
           112.5100     -7.5000       28.791248309061
           112.5200     -7.5000       28.810519931024
           112.5300     -7.5000       28.827478693561
           112.5400     -7.5000       28.842105671183
           112.5500     -7.5000       28.854387481048
           112.5600     -7.5000       28.864326576361
           112.5700     -7.5000       28.871952174966
           112.5800     -7.5000       28.877330328785
           112.5900     -7.5000       28.880571784630
           112.6000     -7.5000       28.881836594554
           112.6100     -7.5000       28.881334855304
           112.6200     -7.5000       28.879323429694
           112.6300     -7.5000       28.876098963030
           112.6400     -7.5000       28.871987895571
           112.6500     -7.5000       28.867334441941
           112.6600     -7.5000       28.862487634282
           112.6700     -7.5000       28.857788503728
           112.6800     -7.5000       28.853558322134
           112.6900     -7.5000       28.850088578237
           112.7000     -7.5000       28.847633066697
           112.7100     -7.5000       28.846402175439
           112.7200     -7.5000       28.846559213261
           112.7300     -7.5000       28.848218460748
           112.7400     -7.5000       28.851444571760
           112.7500     -7.5000       28.856252999287
           112.7600     -7.5000       28.862611248671
           112.7700     -7.5000       28.870440938551
           112.7800     -7.5000       28.879620831220
           112.7900     -7.5000       28.889991134036
           112.8000     -7.5000       28.901359432561
           112.8100     -7.5000       28.913508568330
           112.8200     -7.5000       28.926206611956
           112.8300     -7.5000       28.939218818980
           112.8400     -7.5000       28.952321124637
           112.8500     -7.5000       28.965314383513
           112.8600     -7.5000       28.978038248947
           112.8700     -7.5000       28.990383373282
           112.8800     -7.5000       29.002300543382
           112.8900     -7.5000       29.013805478523
           112.9000     -7.5000       29.024978318794
           112.9100     -7.5000       29.035957303624
           112.9200     -7.5000       29.046926737607
           112.9300     -7.5000       29.058099998169
           112.9400     -7.5000       29.069698975935
           112.9500     -7.5000       29.081931868855
           112.9600     -7.5000       29.094971597336
           112.9700     -7.5000       29.108937210042
           112.9800     -7.5000       29.123880476477
           112.9900     -7.5000       29.139779414039
           113.0000     -7.5000       29.156539810568
           112.0000     -7.5100       27.119572896037
           112.0100     -7.5100       27.129821514273
           112.0200     -7.5100       27.141157243478
           112.0300     -7.5100       27.153525441934
           112.0400     -7.5100       27.166883583442
           112.0500     -7.5100       27.181212528691
           112.0600     -7.5100       27.196525689663
           112.0700     -7.5100       27.212874484813
           112.0800     -7.5100       27.230348914433
           112.0900     -7.5100       27.249072719839
           112.1000     -7.5100       27.269193336942
           112.1100     -7.5100       27.290867607142
           112.1200     -7.5100       27.314244856877
           112.1300     -7.5100       27.339449405403
           112.1400     -7.5100       27.366564739394
           112.1500     -7.5100       27.395621470428
           112.1600     -7.5100       27.426590776512
           112.1700     -7.5100       27.459384371279
           112.1800     -7.5100       27.493861228004
           112.1900     -7.5100       27.529840416577
           112.2000     -7.5100       27.567118604889
           112.2100     -7.5100       27.605490139772
           112.2200     -7.5100       27.644767242926
           112.2300     -7.5100       27.684797787733
           112.2400     -7.5100       27.725478376318
           112.2500     -7.5100       27.766760983717
           112.2600     -7.5100       27.808652209855
           112.2700     -7.5100       27.851205083242
           112.2800     -7.5100       27.894504278629
           112.2900     -7.5100       27.938646428245
           112.3000     -7.5100       27.983717819370
           112.3100     -7.5100       28.029772102956
           112.3200     -7.5100       28.076810647728
           112.3300     -7.5100       28.124767861975
           112.3400     -7.5100       28.173503211697
           112.3500     -7.5100       28.222800865238
           112.3600     -7.5100       28.272376991940
           112.3700     -7.5100       28.321893848864
           112.3800     -7.5100       28.370979015697
           112.3900     -7.5100       28.419247577238
           112.4000     -7.5100       28.466324770750
           112.4100     -7.5100       28.511866641151
           112.4200     -7.5100       28.555576570288
           112.4300     -7.5100       28.597216120021
           112.4400     -7.5100       28.636609374727
           112.4500     -7.5100       28.673640789301
           112.4600     -7.5100       28.708247339217
           112.4700     -7.5100       28.740406431436
           112.4800     -7.5100       28.770121490020
           112.4900     -7.5100       28.797407327437
           112.5000     -7.5100       28.822277335721
           112.5100     -7.5100       28.844734199889
           112.5200     -7.5100       28.864765300551
           112.5300     -7.5100       28.882343308711
           112.5400     -7.5100       28.897431772694
           112.5500     -7.5100       28.909994845767
           112.5600     -7.5100       28.920009784331
           112.5700     -7.5100       28.927480521010
           112.5800     -7.5100       28.932450517822
           112.5900     -7.5100       28.935013234134
           112.6000     -7.5100       28.935318875017
           112.6100     -7.5100       28.933576565450
           112.6200     -7.5100       28.930051655416
           112.6300     -7.5100       28.925058424052
           112.6400     -7.5100       28.918948945387
           112.6500     -7.5100       28.912099244682
           112.6600     -7.5100       28.904894074892
           112.6700     -7.5100       28.897711664126
           112.6800     -7.5100       28.890909639877
           112.6900     -7.5100       28.884813059201
           112.7000     -7.5100       28.879705117571
           112.7100     -7.5100       28.875820732159
           112.7200     -7.5100       28.873342856058
           112.7300     -7.5100       28.872401126642
           112.7400     -7.5100       28.873072315010
           112.7500     -7.5100       28.875382034208
           112.7600     -7.5100       28.879307269487
           112.7700     -7.5100       28.884779482402
           112.7800     -7.5100       28.891688266343
           112.7900     -7.5100       28.899885742134
           112.8000     -7.5100       28.909192029173
           112.8100     -7.5100       28.919402171843
           112.8200     -7.5100       28.930294821817
           112.8300     -7.5100       28.941642775813
           112.8400     -7.5100       28.953225169065
           112.8500     -7.5100       28.964840771088
           112.8600     -7.5100       28.976321479723
           112.8700     -7.5100       28.987544824792
           112.8800     -7.5100       28.998444132526
           112.8900     -7.5100       29.009015010868
           112.9000     -7.5100       29.019317016749
           112.9100     -7.5100       29.029469755431
           112.9200     -7.5100       29.039643206792
           112.9300     -7.5100       29.050042715989
           112.9400     -7.5100       29.060889749161
           112.9500     -7.5100       29.072400111945
           112.9600     -7.5100       29.084761774598
           112.9700     -7.5100       29.098114671349
           112.9800     -7.5100       29.112534796141
           112.9900     -7.5100       29.128024587439
           113.0000     -7.5100       29.144511002451
           112.0000     -7.5200       27.079828030702
           112.0100     -7.5200       27.090023976724
           112.0200     -7.5200       27.101484514090
           112.0300     -7.5200       27.114137487678
           112.0400     -7.5200       27.127920821839
           112.0500     -7.5200       27.142795858600
           112.0600     -7.5200       27.158758579554
           112.0700     -7.5200       27.175846873646
           112.0800     -7.5200       27.194142468637
           112.0900     -7.5200       27.213766829261
           112.1000     -7.5200       27.234871144277
           112.1100     -7.5200       27.257621361516
           112.1200     -7.5200       27.282179964451
           112.1300     -7.5200       27.308686708580
           112.1400     -7.5200       27.337240771942
           112.1500     -7.5200       27.367886681350
           112.1600     -7.5200       27.400605959813
           112.1700     -7.5200       27.435315750517
           112.1800     -7.5200       27.471874796695
           112.1900     -7.5200       27.510096208633
           112.2000     -7.5200       27.549765554262
           112.2100     -7.5200       27.590662087751
           112.2200     -7.5200       27.632580478980
           112.2300     -7.5200       27.675350288675
           112.2400     -7.5200       27.718850668919
           112.2500     -7.5200       27.763018330060
           112.2600     -7.5200       27.807847633587
           112.2700     -7.5200       27.853382643173
           112.2800     -7.5200       27.899701969639
           112.2900     -7.5200       27.946898152211
           112.3000     -7.5200       27.995054013035
           112.3100     -7.5200       28.044218816090
           112.3200     -7.5200       28.094387105837
           112.3300     -7.5200       28.145482790028
           112.3400     -7.5200       28.197350405294
           112.3500     -7.5200       28.249754643173
           112.3600     -7.5200       28.302388227079
           112.3700     -7.5200       28.354887241528
           112.3800     -7.5200       28.406852146526
           112.3900     -7.5200       28.457872069104
           112.4000     -7.5200       28.507549626729
           112.4100     -7.5200       28.555523541050
           112.4200     -7.5200       28.601486638676
           112.4300     -7.5200       28.645197460032
           112.4400     -7.5200       28.686484524383
           112.4500     -7.5200       28.725243221217
           112.4600     -7.5200       28.761426198213
           112.4700     -7.5200       28.795028882011
           112.4800     -7.5200       28.826072307454
           112.4900     -7.5200       28.854585682324
           112.5000     -7.5200       28.880591054150
           112.5100     -7.5200       28.904092089867
           112.5200     -7.5200       28.925068381387
           112.5300     -7.5200       28.943475933013
           112.5400     -7.5200       28.959253670451
           112.5500     -7.5200       28.972335040586
           112.5600     -7.5200       28.982663141695
           112.5700     -7.5200       28.990207409513
           112.5800     -7.5200       28.994979729669
           112.5900     -7.5200       28.997047960689
           112.6000     -7.5200       28.996545208453
           112.6100     -7.5200       28.993673737084
           112.6200     -7.5200       28.988703055281
           112.6300     -7.5200       28.981962393112
           112.6400     -7.5200       28.973828395727
           112.6500     -7.5200       28.964709333736
           112.6600     -7.5200       28.955027413746
           112.6700     -7.5200       28.945200843704
           112.6800     -7.5200       28.935627172986
           112.6900     -7.5200       28.926669121231
           112.7000     -7.5200       28.918643688707
           112.7100     -7.5200       28.911814873006
           112.7200     -7.5200       28.906389872745
           112.7300     -7.5200       28.902518301011
           112.7400     -7.5200       28.900293704591
           112.7500     -7.5200       28.899756611599
           112.7600     -7.5200       28.900898406110
           112.7700     -7.5200       28.903665525751
           112.7800     -7.5200       28.907963749849
           112.7900     -7.5200       28.913662633045
           112.8000     -7.5200       28.920600382450
           112.8100     -7.5200       28.928589623442
           112.8200     -7.5200       28.937424515123
           112.8300     -7.5200       28.946889548957
           112.8400     -7.5200       28.956770106390
           112.8500     -7.5200       28.966864500356
           112.8600     -7.5200       28.976996837659
           112.8700     -7.5200       28.987029681036
           112.8800     -7.5200       28.996875228749
           112.8900     -7.5200       29.006503623256
           112.9000     -7.5200       29.015947086875
           112.9100     -7.5200       29.025298872827
           112.9200     -7.5200       29.034706496015
           112.9300     -7.5200       29.044359321751
           112.9400     -7.5200       29.054471270415
           112.9500     -7.5200       29.065260054699
           112.9600     -7.5200       29.076924912437
           112.9700     -7.5200       29.089625149548
           112.9800     -7.5200       29.103461902292
           112.9900     -7.5200       29.118465333923
           113.0000     -7.5200       29.134589002091
           112.0000     -7.5300       27.044536710330
           112.0100     -7.5300       27.054651592442
           112.0200     -7.5300       27.066217163374
           112.0300     -7.5300       27.079141117417
           112.0400     -7.5300       27.093339305561
           112.0500     -7.5300       27.108751342090
           112.0600     -7.5300       27.125354048062
           112.0700     -7.5300       27.143170647447
           112.0800     -7.5300       27.162274115978
           112.0900     -7.5300       27.182783824034
           112.1000     -7.5300       27.204855510912
           112.1100     -7.5300       27.228665553143
           112.1200     -7.5300       27.254391312836
           112.1300     -7.5300       27.282189954991
           112.1400     -7.5300       27.312178416140
           112.1500     -7.5300       27.344417143231
           112.1600     -7.5300       27.378899802578
           112.1700     -7.5300       27.415550433935
           112.1800     -7.5300       27.454228586429
           112.1900     -7.5300       27.494741943372
           112.2000     -7.5300       27.536864957647
           112.2100     -7.5300       27.580361209748
           112.2200     -7.5300       27.625006675944
           112.2300     -7.5300       27.670610926965
           112.2400     -7.5300       27.717033494067
           112.2500     -7.5300       27.764193215353
           112.2600     -7.5300       27.812069239411
           112.2700     -7.5300       27.860693406715
           112.2800     -7.5300       27.910134818801
           112.2900     -7.5300       27.960478401748
           112.3000     -7.5300       28.011800046249
           112.3100     -7.5300       28.064141362064
           112.3200     -7.5300       28.117487161470
           112.3300     -7.5300       28.171748474395
           112.3400     -7.5300       28.226753236834
           112.3500     -7.5300       28.282245867867
           112.3600     -7.5300       28.337895876274
           112.3700     -7.5300       28.393314550822
           112.3800     -7.5300       28.448077824918
           112.3900     -7.5300       28.501752685848
           112.4000     -7.5300       28.553924109046
           112.4100     -7.5300       28.604219483758
           112.4200     -7.5300       28.652327855455
           112.4300     -7.5300       28.698011992431
           112.4400     -7.5300       28.741112199578
           112.4500     -7.5300       28.781541833382
           112.4600     -7.5300       28.819275488051
           112.4700     -7.5300       28.854331697004
           112.4800     -7.5300       28.886752620145
           112.4900     -7.5300       28.916583492265
           112.5000     -7.5300       28.943854560293
           112.5100     -7.5300       28.968567850728
           112.5200     -7.5300       28.990690439525
           112.5300     -7.5300       29.010155035483
           112.5400     -7.5300       29.026867747077
           112.5500     -7.5300       29.040722001328
           112.5600     -7.5300       29.051616832795
           112.5700     -7.5300       29.059477250098
           112.5800     -7.5300       29.064274172359
           112.5900     -7.5300       29.066041525260
           112.6000     -7.5300       29.064888472648
           112.6100     -7.5300       29.061005375399
           112.6200     -7.5300       29.054662828597
           112.6300     -7.5300       29.046203929948
           112.6400     -7.5300       29.036030674862
           112.6500     -7.5300       29.024585967213
           112.6600     -7.5300       29.012333113438
           112.6700     -7.5300       28.999734797023
           112.6800     -7.5300       28.987233410597
           112.6900     -7.5300       28.975234287429
           112.7000     -7.5300       28.964092883372
           112.7100     -7.5300       28.954106392512
           112.7200     -7.5300       28.945509718760
           112.7300     -7.5300       28.938475249221
           112.7400     -7.5300       28.933115543992
           112.7500     -7.5300       28.929487906630
           112.7600     -7.5300       28.927599836003
           112.7700     -7.5300       28.927414560533
           112.7800     -7.5300       28.928856172050
           112.7900     -7.5300       28.931814243982
           112.8000     -7.5300       28.936148166391
           112.8100     -7.5300       28.941691692343
           112.8200     -7.5300       28.948258315394
           112.8300     -7.5300       28.955648059225
           112.8400     -7.5300       28.963656058227
           112.8500     -7.5300       28.972082970903
           112.8600     -7.5300       28.980746849647
           112.8700     -7.5300       28.989495660437
           112.8800     -7.5300       28.998219280351
           112.8900     -7.5300       29.006859570086
           112.9000     -7.5300       29.015417076699
           112.9100     -7.5300       29.023953096985
           112.9200     -7.5300       29.032586221146
           112.9300     -7.5300       29.041483044215
           112.9400     -7.5300       29.050843414587
           112.9500     -7.5300       29.060881299033
           112.9600     -7.5300       29.071802985808
           112.9700     -7.5300       29.083784828609
           112.9800     -7.5300       29.096952977126
           112.9900     -7.5300       29.111367494912
           113.0000     -7.5300       29.127012918301
           112.0000     -7.5400       27.014271183668
           112.0100     -7.5400       27.024223698088
           112.0200     -7.5400       27.035821789731
           112.0300     -7.5400       27.048952436893
           112.0400     -7.5400       27.063508804802
           112.0500     -7.5400       27.079408204913
           112.0600     -7.5400       27.096607823211
           112.0700     -7.5400       27.115115882789
           112.0800     -7.5400       27.134996422326
           112.0900     -7.5400       27.156366672401
           112.1000     -7.5400       27.179386986958
           112.1100     -7.5400       27.204244302464
           112.1200     -7.5400       27.231131010196
           112.1300     -7.5400       27.260221807891
           112.1400     -7.5400       27.291651446694
           112.1500     -7.5400       27.325496253288
           112.1600     -7.5400       27.361761882967
           112.1700     -7.5400       27.400378997719
           112.1800     -7.5400       27.441207560875
           112.1900     -7.5400       27.484049327157
           112.2000     -7.5400       27.528667030398
           112.2100     -7.5400       27.574807874261
           112.2200     -7.5400       27.622228334630
           112.2300     -7.5400       27.670717068005
           112.2400     -7.5400       27.720112920669
           112.2500     -7.5400       27.770315626500
           112.2600     -7.5400       27.821287693667
           112.2700     -7.5400       27.873047096412
           112.2800     -7.5400       27.925651564881
           112.2900     -7.5400       27.979176352329
           112.3000     -7.5400       28.033688214724
           112.3100     -7.5400       28.089218852088
           112.3200     -7.5400       28.145741166657
           112.3300     -7.5400       28.203151375449
           112.3400     -7.5400       28.261259313510
           112.3500     -7.5400       28.319788267570
           112.3600     -7.5400       28.378384514108
           112.3700     -7.5400       28.436635548281
           112.3800     -7.5400       28.494094930504
           112.3900     -7.5400       28.550310878456
           112.4000     -7.5400       28.604855293182
           112.4100     -7.5400       28.657349881632
           112.4200     -7.5400       28.707486425097
           112.4300     -7.5400       28.755038991729
           112.4400     -7.5400       28.799866904870
           112.4500     -7.5400       28.841908428071
           112.4600     -7.5400       28.881166267395
           112.4700     -7.5400       28.917686979983
           112.4800     -7.5400       28.951537093601
           112.4900     -7.5400       28.982779099653
           112.5000     -7.5400       29.011450442952
           112.5100     -7.5400       29.037548206415
           112.5200     -7.5400       29.061021437425
           112.5300     -7.5400       29.081772083875
           112.5400     -7.5400       29.099664427638
           112.5500     -7.5400       29.114541856985
           112.5600     -7.5400       29.126248935743
           112.5700     -7.5400       29.134656110602
           112.5800     -7.5400       29.139684117692
           112.5900     -7.5400       29.141325230182
           112.6000     -7.5400       29.139658909065
           112.6100     -7.5400       29.134860116311
           112.6200     -7.5400       29.127199427683
           112.6300     -7.5400       29.117035026532
           112.6400     -7.5400       29.104797551035
           112.6500     -7.5400       29.090969498238
           112.6600     -7.5400       29.076061376686
           112.6700     -7.5400       29.060586998075
           112.6800     -7.5400       29.045040199560
           112.6900     -7.5400       29.029874923699
           112.7000     -7.5400       29.015490017435
           112.7100     -7.5400       29.002219433016
           112.7200     -7.5400       28.990327820842
           112.7300     -7.5400       28.980010891590
           112.7400     -7.5400       28.971399470564
           112.7500     -7.5400       28.964565922357
           112.7600     -7.5400       28.959531606303
           112.7700     -7.5400       28.956274216515
           112.7800     -7.5400       28.954734216932
           112.7900     -7.5400       28.954820031510
           112.8000     -7.5400       28.956412110273
           112.8100     -7.5400       28.959366382132
           112.8200     -7.5400       28.963517857234
           112.8300     -7.5400       28.968685210611
           112.8400     -7.5400       28.974677050973
           112.8500     -7.5400       28.981300272125
           112.8600     -7.5400       28.988370448040
           112.8700     -7.5400       28.995723737560
           112.8800     -7.5400       29.003229294624
           112.8900     -7.5400       29.010800818390
           112.9000     -7.5400       29.018405695134
           112.9100     -7.5400       29.026070226659
           112.9200     -7.5400       29.033879722618
           112.9300     -7.5400       29.041972735420
           112.9400     -7.5400       29.050529381288
           112.9500     -7.5400       29.059754437197
           112.9600     -7.5400       29.069856631547
           112.9700     -7.5400       29.081026153898
           112.9800     -7.5400       29.093412804031
           112.9900     -7.5400       29.107107315105
           113.0000     -7.5400       29.122128186407
           112.0000     -7.5500       26.989480607503
           112.0100     -7.5500       26.999143380105
           112.0200     -7.5500       27.010655057883
           112.0300     -7.5500       27.023883502089
           112.0400     -7.5500       27.038700583666
           112.0500     -7.5500       27.055002450908
           112.0600     -7.5500       27.072727494823
           112.0700     -7.5500       27.091869430731
           112.0800     -7.5500       27.112483464683
           112.0900     -7.5500       27.134684373491
           112.1000     -7.5500       27.158636381846
           112.1100     -7.5500       27.184535824193
           112.1200     -7.5500       27.212588579585
           112.1300     -7.5500       27.242985023840
           112.1400     -7.5500       27.275875646247
           112.1500     -7.5500       27.311350466392
           112.1600     -7.5500       27.349424954705
           112.1700     -7.5500       27.390034359509
           112.1800     -7.5500       27.433037275618
           112.1900     -7.5500       27.478228093614
           112.2000     -7.5500       27.525356802568
           112.2100     -7.5500       27.574153637087
           112.2200     -7.5500       27.624355394470
           112.2300     -7.5500       27.675729990517
           112.2400     -7.5500       27.728096011526
           112.2500     -7.5500       27.781334634874
           112.2600     -7.5500       27.835392254957
           112.2700     -7.5500       27.890273342685
           112.2800     -7.5500       27.946024331991
           112.2900     -7.5500       28.002710502512
           112.3000     -7.5500       28.060388760923
           112.3100     -7.5500       28.119079792272
           112.3200     -7.5500       28.178743181639
           112.3300     -7.5500       28.239258776469
           112.3400     -7.5500       28.300416811124
           112.3500     -7.5500       28.361918241291
           112.3600     -7.5500       28.423385472726
           112.3700     -7.5500       28.484382376347
           112.3800     -7.5500       28.544441323805
           112.3900     -7.5500       28.603094101043
           112.4000     -7.5500       28.659903072691
           112.4100     -7.5500       28.714488938389
           112.4200     -7.5500       28.766551846488
           112.4300     -7.5500       28.815883456796
           112.4400     -7.5500       28.862368667259
           112.4500     -7.5500       28.905976997942
           112.4600     -7.5500       28.946744899031
           112.4700     -7.5500       28.984751359103
           112.4800     -7.5500       29.020089998694
           112.4900     -7.5500       29.052841244215
           112.5000     -7.5500       29.083048141187
           112.5100     -7.5500       29.110698892643
           112.5200     -7.5500       29.135718361527
           112.5300     -7.5500       29.157969664129
           112.5400     -7.5500       29.177265745173
           112.5500     -7.5500       29.193389617701
           112.5600     -7.5500       29.206120919442
           112.5700     -7.5500       29.215265704382
           112.5800     -7.5500       29.220686036791
           112.5900     -7.5500       29.222326018507
           112.6000     -7.5500       29.220231340603
           112.6100     -7.5500       29.214560240208
           112.6200     -7.5500       29.205584756296
           112.6300     -7.5500       29.193682284087
           112.6400     -7.5500       29.179318488650
           112.6500     -7.5500       29.163023527259
           112.6600     -7.5500       29.145364146433
           112.6700     -7.5500       29.126914501315
           112.6800     -7.5500       29.108228475038
           112.6900     -7.5500       29.089815883005
           112.7000     -7.5500       29.072124300330
           112.7100     -7.5500       29.055527448927
           112.7200     -7.5500       29.040320237622
           112.7300     -7.5500       29.026719777942
           112.7400     -7.5500       29.014871097203
           112.7500     -7.5500       29.004855908556
           112.7600     -7.5500       28.996702706578
           112.7700     -7.5500       28.990396629076
           112.7800     -7.5500       28.985887915288
           112.7900     -7.5500       28.983098322590
           112.8000     -7.5500       28.981925444770
           112.8100     -7.5500       28.982245407787
           112.8200     -7.5500       28.983914817085
           112.8300     -7.5500       28.986773030344
           112.8400     -7.5500       28.990645799883
           112.8500     -7.5500       28.995351075305
           112.8600     -7.5500       29.000707320665
           112.8700     -7.5500       29.006544152479
           112.8800     -7.5500       29.012714535349
           112.8900     -7.5500       29.019107276732
           112.9000     -7.5500       29.025658228836
           112.9100     -7.5500       29.032358499412
           112.9200     -7.5500       29.039258127744
           112.9300     -7.5500       29.046464093113
           112.9400     -7.5500       29.054132147465
           112.9500     -7.5500       29.062452725473
           112.9600     -7.5500       29.071631983526
           112.9700     -7.5500       29.081869743876
           112.9800     -7.5500       29.093336665655
           112.9900     -7.5500       29.106153244831
           113.0000     -7.5500       29.120373207076
           112.0000     -7.5600       26.970466886410
           112.0100     -7.5600       26.979677115598
           112.0200     -7.5600       26.990947064148
           112.0300     -7.5600       27.004129152757
           112.0400     -7.5600       27.019077284916
           112.0500     -7.5600       27.035669247733
           112.0600     -7.5600       27.053826753182
           112.0700     -7.5600       27.073530303669
           112.0800     -7.5600       27.094826649190
           112.0900     -7.5600       27.117827522209
           112.1000     -7.5600       27.142699467667
           112.1100     -7.5600       27.169645775072
           112.1200     -7.5600       27.198882603315
           112.1300     -7.5600       27.230612215312
           112.1400     -7.5600       27.264996690805
           112.1500     -7.5600       27.302135493891
           112.1600     -7.5600       27.342049828557
           112.1700     -7.5600       27.384675873556
           112.1800     -7.5600       27.429867854409
           112.1900     -7.5600       27.477410632856
           112.2000     -7.5600       27.527040240964
           112.2100     -7.5600       27.578469725361
           112.2200     -7.5600       27.631416939564
           112.2300     -7.5600       27.685630629325
           112.2400     -7.5600       27.740911340595
           112.2500     -7.5600       27.797124322965
           112.2600     -7.5600       27.854202623487
           112.2700     -7.5600       27.912139836341
           112.2800     -7.5600       27.970973329255
           112.2900     -7.5600       28.030760031712
           112.3000     -7.5600       28.091547877413
           112.3100     -7.5600       28.153346611049
           112.3200     -7.5600       28.216101813758
           112.3300     -7.5600       28.279675650017
           112.3400     -7.5600       28.343837032640
           112.3500     -7.5600       28.408262741967
           112.3600     -7.5600       28.472549666742
           112.3700     -7.5600       28.536236930987
           112.3800     -7.5600       28.598835412354
           112.3900     -7.5600       28.659861203787
           112.4000     -7.5600       28.718869044574
           112.4100     -7.5600       28.775481717336
           112.4200     -7.5600       28.829411879945
           112.4300     -7.5600       28.880473717911
           112.4400     -7.5600       28.928583049392
           112.4500     -7.5600       28.973745936227
           112.4600     -7.5600       29.016037272967
           112.4700     -7.5600       29.055572065100
           112.4800     -7.5600       29.092473013961
           112.4900     -7.5600       29.126838487481
           112.5000     -7.5600       29.158714917473
           112.5100     -7.5600       29.188077132252
           112.5200     -7.5600       29.214819176050
           112.5300     -7.5600       29.238756903890
           112.5400     -7.5600       29.259642228754
           112.5500     -7.5600       29.277187510223
           112.5600     -7.5600       29.291097378010
           112.5700     -7.5600       29.301104421815
           112.5800     -7.5600       29.307004749196
           112.5900     -7.5600       29.308689459382
           112.6000     -7.5600       29.306168587560
           112.6100     -7.5600       29.299584969607
           112.6200     -7.5600       29.289216643979
           112.6300     -7.5600       29.275467697833
           112.6400     -7.5600       29.258848719966
           112.6500     -7.5600       29.239949094550
           112.6600     -7.5600       29.219404135518
           112.6700     -7.5600       29.197860442731
           112.6800     -7.5600       29.175942829742
           112.6900     -7.5600       29.154225753766
           112.7000     -7.5600       29.133211444299
           112.7100     -7.5600       29.113315987146
           112.7200     -7.5600       29.094863606293
           112.7300     -7.5600       29.078088431204
           112.7400     -7.5600       29.063142261416
           112.7500     -7.5600       29.050106333498
           112.7600     -7.5600       29.039004906525
           112.7700     -7.5600       29.029818614272
           112.7800     -7.5600       29.022495943717
           112.7900     -7.5600       29.016961811216
           112.8000     -7.5600       29.013122915870
           112.8100     -7.5600       29.010870240372
           112.8200     -7.5600       29.010079636255
           112.8300     -7.5600       29.010611788016
           112.8400     -7.5600       29.012312948099
           112.8500     -7.5600       29.015017661821
           112.8600     -7.5600       29.018554289334
           112.8700     -7.5600       29.022753548848
           112.8800     -7.5600       29.027459646165
           112.8900     -7.5600       29.032542927518
           112.9000     -7.5600       29.037912499943
           112.9100     -7.5600       29.043526991702
           112.9200     -7.5600       29.049401629039
           112.9300     -7.5600       29.055610099483
           112.9400     -7.5600       29.062280227998
           112.9500     -7.5600       29.069583242980
           112.9600     -7.5600       29.077717255926
           112.9700     -7.5600       29.086886405515
           112.9800     -7.5600       29.097277805962
           112.9900     -7.5600       29.109038887613
           113.0000     -7.5600       29.122257851168
           112.0000     -7.5700       26.957370503966
           112.0100     -7.5700       26.965943326703
           112.0200     -7.5700       26.976792628693
           112.0300     -7.5700       26.989760880383
           112.0400     -7.5700       27.004689051861
           112.0500     -7.5700       27.021440848117
           112.0600     -7.5700       27.039924557334
           112.0700     -7.5700       27.060109481440
           112.0800     -7.5700       27.082034533163
           112.0900     -7.5700       27.105807557616
           112.1000     -7.5700       27.131595139328
           112.1100     -7.5700       27.159603924128
           112.1200     -7.5700       27.190055645169
           112.1300     -7.5700       27.223158931803
           112.1400     -7.5700       27.259081472866
           112.1500     -7.5700       27.297926128176
           112.1600     -7.5700       27.339714123399
           112.1700     -7.5700       27.384377578157
           112.1800     -7.5700       27.431762418368
           112.1900     -7.5700       27.481641367442
           112.2000     -7.5700       27.533735376403
           112.2100     -7.5700       27.587740718505
           112.2200     -7.5700       27.643358192905
           112.2300     -7.5700       27.700320562528
           112.2400     -7.5700       27.758414541320
           112.2500     -7.5700       27.817494326546
           112.2600     -7.5700       27.877484758540
           112.2700     -7.5700       27.938373545008
           112.2800     -7.5700       28.000193434417
           112.2900     -7.5700       28.062996574337
           112.3000     -7.5700       28.126824367738
           112.3100     -7.5700       28.191676799034
           112.3200     -7.5700       28.257485351500
           112.3300     -7.5700       28.324093252957
           112.3400     -7.5700       28.391245911121
           112.3500     -7.5700       28.458593141194
           112.3600     -7.5700       28.525703304190
           112.3700     -7.5700       28.592087953359
           112.3800     -7.5700       28.657234222413
           112.3900     -7.5700       28.720641158990
           112.4000     -7.5700       28.781855644412
           112.4100     -7.5700       28.840503522275
           112.4200     -7.5700       28.896312091051
           112.4300     -7.5700       28.949121137323
           112.4400     -7.5700       28.998881072121
           112.4500     -7.5700       29.045638312207
           112.4600     -7.5700       29.089509625431
           112.4700     -7.5700       29.130648538289
           112.4800     -7.5700       29.169207913003
           112.4900     -7.5700       29.205303314738
           112.5000     -7.5700       29.238981742795
           112.5100     -7.5700       29.270199697493
           112.5200     -7.5700       29.298813470428
           112.5300     -7.5700       29.324583112269
           112.5400     -7.5700       29.347189923539
           112.5500     -7.5700       29.366265724855
           112.5600     -7.5700       29.381430784419
           112.5700     -7.5700       29.392336275386
           112.5800     -7.5700       29.398706619801
           112.5900     -7.5700       29.400377103904
           112.6000     -7.5700       29.397322709686
           112.6100     -7.5700       29.389675123239
           112.6200     -7.5700       29.377726221878
           112.6300     -7.5700       29.361917842508
           112.6400     -7.5700       29.342819111763
           112.6500     -7.5700       29.321093900004
           112.6600     -7.5700       29.297461901374
           112.6700     -7.5700       29.272657342304
           112.6800     -7.5700       29.247389339740
           112.6900     -7.5700       29.222307487612
           112.7000     -7.5700       29.197975421443
           112.7100     -7.5700       29.174854017552
           112.7200     -7.5700       29.153294673848
           112.7300     -7.5700       29.133541950815
           112.7400     -7.5700       29.115743868187
           112.7500     -7.5700       29.099967468757
           112.7600     -7.5700       29.086216944690
           112.7700     -7.5700       29.074451690571
           112.7800     -7.5700       29.064602065914
           112.7900     -7.5700       29.056581336745
           112.8000     -7.5700       29.050293106890
           112.8100     -7.5700       29.045634414056
           112.8200     -7.5700       29.042495425124
           112.8300     -7.5700       29.040757210813
           112.8400     -7.5700       29.040289338120
           112.8500     -7.5700       29.040948960240
           112.8600     -7.5700       29.042582726062
           112.8700     -7.5700       29.045032237157
           112.8800     -7.5700       29.048143046410
           112.8900     -7.5700       29.051776436397
           112.9000     -7.5700       29.055822558018
           112.9100     -7.5700       29.060213057267
           112.9200     -7.5700       29.064931147425
           112.9300     -7.5700       29.070017231591
           112.9400     -7.5700       29.075568636372
           112.9500     -7.5700       29.081732726194
           112.9600     -7.5700       29.088693535586
           112.9700     -7.5700       29.096652964953
           112.9800     -7.5700       29.105808405706
           112.9900     -7.5700       29.116329273656
           113.0000     -7.5700       29.128335241360
           112.0000     -7.5800       26.950168041257
           112.0100     -7.5800       26.957911333667
           112.0200     -7.5800       26.968151789508
           112.0300     -7.5800       26.980728808565
           112.0400     -7.5800       26.995476794294
           112.0500     -7.5800       27.012250818077
           112.0600     -7.5800       27.030949911435
           112.0700     -7.5800       27.051534768279
           112.0800     -7.5800       27.074037282448
           112.0900     -7.5800       27.098560369113
           112.1000     -7.5800       27.125267785690
           112.1100     -7.5800       27.154365006843
           112.1200     -7.5800       27.186073434641
           112.1300     -7.5800       27.220601168195
           112.1400     -7.5800       27.258114082762
           112.1500     -7.5800       27.298710997735
           112.1600     -7.5800       27.342406233952
           112.1700     -7.5800       27.389121930173
           112.1800     -7.5800       27.438691225187
           112.1900     -7.5800       27.490871980767
           112.2000     -7.5800       27.545369311578
           112.2100     -7.5800       27.601863990155
           112.2200     -7.5800       27.660042971574
           112.2300     -7.5800       27.719627948567
           112.2400     -7.5800       27.780398055064
           112.2500     -7.5800       27.842203564535
           112.2600     -7.5800       27.904968589680
           112.2700     -7.5800       27.968682234567
           112.2800     -7.5800       28.033379192127
           112.2900     -7.5800       28.099112217019
           112.3000     -7.5800       28.165920045302
           112.3100     -7.5800       28.233795023730
           112.3200     -7.5800       28.302654855118
           112.3300     -7.5800       28.372322434941
           112.3400     -7.5800       28.442516795149
           112.3500     -7.5800       28.512856800426
           112.3600     -7.5800       28.582877630702
           112.3700     -7.5800       28.652058435756
           112.3800     -7.5800       28.719858074442
           112.3900     -7.5800       28.785754743906
           112.4000     -7.5800       28.849284709831
           112.4100     -7.5800       28.910075350456
           112.4200     -7.5800       28.967868333218
           112.4300     -7.5800       29.022529885271
           112.4400     -7.5800       29.074046661698
           112.4500     -7.5800       29.122507469969
           112.4600     -7.5800       29.168072860408
           112.4700     -7.5800       29.210936122779
           112.4800     -7.5800       29.251280347741
           112.4900     -7.5800       29.289236777471
           112.5000     -7.5800       29.324849608753
           112.5100     -7.5800       29.358051727541
           112.5200     -7.5800       29.388654625976
           112.5300     -7.5800       29.416354127238
           112.5400     -7.5800       29.440751714832
           112.5500     -7.5800       29.461389449566
           112.5600     -7.5800       29.477794875404
           112.5700     -7.5800       29.489531151273
           112.5800     -7.5800       29.496247034716
           112.5900     -7.5800       29.497721352034
           112.6000     -7.5800       29.493897210365
           112.6100     -7.5800       29.484902358584
           112.6200     -7.5800       29.471053642552
           112.6300     -7.5800       29.452845238870
           112.6400     -7.5800       29.430922082566
           112.6500     -7.5800       29.406041426553
           112.6600     -7.5800       29.379026612741
           112.6700     -7.5800       29.350717775563
           112.6800     -7.5800       29.321924281522
           112.6900     -7.5800       29.293383245767
           112.7000     -7.5800       29.265727537087
           112.7100     -7.5800       29.239465418483
           112.7200     -7.5800       29.214972540114
           112.7300     -7.5800       29.192495586767
           112.7400     -7.5800       29.172165655233
           112.7500     -7.5800       29.154018538835
           112.7600     -7.5800       29.138018619367
           112.7700     -7.5800       29.124083045108
           112.7800     -7.5800       29.112103280824
           112.7900     -7.5800       29.101961870295
           112.8000     -7.5800       29.093543230182
           112.8100     -7.5800       29.086738347897
           112.8200     -7.5800       29.081444234002
           112.8300     -7.5800       29.077559746778
           112.8400     -7.5800       29.074979863275
           112.8500     -7.5800       29.073590565011
           112.8600     -7.5800       29.073266238612
           112.8700     -7.5800       29.073870915295
           112.8800     -7.5800       29.075263884497
           112.8900     -7.5800       29.077309341923
           112.9000     -7.5800       29.079888906911
           112.9100     -7.5800       29.082915196377
           112.9200     -7.5800       29.086344273638
           112.9300     -7.5800       29.090184760612
           112.9400     -7.5800       29.094501722295
           112.9500     -7.5800       29.099414063220
           112.9600     -7.5800       29.105085031847
           112.9700     -7.5800       29.111706391704
           112.9800     -7.5800       29.119477751895
           112.9900     -7.5800       29.128583320089
           113.0000     -7.5800       29.139168834498
           112.0000     -7.5900       26.948681967965
           112.0100     -7.5900       26.955411218568
           112.0200     -7.5900       26.964859926284
           112.0300     -7.5900       26.976872131612
           112.0400     -7.5900       26.991282873700
           112.0500     -7.5900       27.007944796657
           112.0600     -7.5900       27.026752449005
           112.0700     -7.5900       27.047660904815
           112.0800     -7.5900       27.070696001948
           112.0900     -7.5900       27.095954558583
           112.1000     -7.5900       27.123594251522
           112.1100     -7.5900       27.153814238410
           112.1200     -7.5900       27.186828887976
           112.1300     -7.5900       27.222837968271
           112.1400     -7.5900       27.261997191453
           112.1500     -7.5900       27.304393042077
           112.1600     -7.5900       27.350025311215
           112.1700     -7.5900       27.398799780605
           112.1800     -7.5900       27.450532174479
           112.1900     -7.5900       27.504962995550
           112.2000     -7.5900       27.561781386085
           112.2100     -7.5900       27.620654904491
           112.2200     -7.5900       27.681261254674
           112.2300     -7.5900       27.743317670946
           112.2400     -7.5900       27.806603899285
           112.2500     -7.5900       27.870975504378
           112.2600     -7.5900       27.936365475516
           112.2700     -7.5900       28.002773645459
           112.2800     -7.5900       28.070245075402
           112.2900     -7.5900       28.138840080439
           112.3000     -7.5900       28.208599769924
           112.3100     -7.5900       28.279511691226
           112.3200     -7.5900       28.351480289970
           112.3300     -7.5900       28.424306406835
           112.3400     -7.5900       28.497678972186
           112.3500     -7.5900       28.571180561636
           112.3600     -7.5900       28.644306723354
           112.3700     -7.5900       28.716497202869
           112.3800     -7.5900       28.787175602200
           112.3900     -7.5900       28.855792825149
           112.4000     -7.5900       28.921869038726
           112.4100     -7.5900       28.985028912086
           112.4200     -7.5900       29.045025587793
           112.4300     -7.5900       29.101750120752
           112.4400     -7.5900       29.155224838165
           112.4500     -7.5900       29.205581022726
           112.4600     -7.5900       29.253023263102
           112.4700     -7.5900       29.297784510475
           112.4800     -7.5900       29.340077115737
           112.4900     -7.5900       29.380045741109
           112.5000     -7.5900       29.417727959474
           112.5100     -7.5900       29.453027576119
           112.5200     -7.5900       29.485704317748
           112.5300     -7.5900       29.515381693814
           112.5400     -7.5900       29.541572761831
           112.5500     -7.5900       29.563721466075
           112.5600     -7.5900       29.581255411614
           112.5700     -7.5900       29.593644595433
           112.5800     -7.5900       29.600459899560
           112.5900     -7.5900       29.601425138669
           112.6000     -7.5900       29.596457143065
           112.6100     -7.5900       29.585689661042
           112.6200     -7.5900       29.569478624116
           112.6300     -7.5900       29.548388324750
           112.6400     -7.5900       29.523160073527
           112.6500     -7.5900       29.494666698929
           112.6600     -7.5900       29.463857626975
           112.6700     -7.5900       29.431700083659
           112.6800     -7.5900       29.399122125473
           112.6900     -7.5900       29.366962726105
           112.7000     -7.5900       29.335933110568
           112.7100     -7.5900       29.306592075799
           112.7200     -7.5900       29.279336358298
           112.7300     -7.5900       29.254405413788
           112.7400     -7.5900       29.231898464082
           112.7500     -7.5900       29.211800513869
           112.7600     -7.5900       29.194013364835
           112.7700     -7.5900       29.178387511407
           112.7800     -7.5900       29.164751176812
           112.7900     -7.5900       29.152933560548
           112.8000     -7.5900       29.142780486604
           112.8100     -7.5900       29.134161900350
           112.8200     -7.5900       29.126971884838
           112.8300     -7.5900       29.121122891156
           112.8400     -7.5900       29.116536573256
           112.8500     -7.5900       29.113133906465
           112.8600     -7.5900       29.110827130734
           112.8700     -7.5900       29.109515534695
           112.8800     -7.5900       29.109086277702
           112.8900     -7.5900       29.109420465510
           112.9000     -7.5900       29.110403702298
           112.9100     -7.5900       29.111939486361
           112.9200     -7.5900       29.113963225831
           112.9300     -7.5900       29.116454411005
           112.9400     -7.5900       29.119444626921
           112.9500     -7.5900       29.123019603314
           112.9600     -7.5900       29.127314306357
           112.9700     -7.5900       29.132501062798
           112.9800     -7.5900       29.138771731675
           112.9900     -7.5900       29.146315854785
           113.0000     -7.5900       29.155297391939
           112.0000     -7.6000       26.952602078565
           112.0100     -7.6000       26.958154029700
           112.0200     -7.6000       26.966646978201
           112.0300     -7.6000       26.977937496334
           112.0400     -7.6000       26.991868710270
           112.0500     -7.6000       27.008297312279
           112.0600     -7.6000       27.027118383767
           112.0700     -7.6000       27.048284542288
           112.0800     -7.6000       27.071816610986
           112.0900     -7.6000       27.097804109279
           112.1000     -7.6000       27.126395230755
           112.1100     -7.6000       27.157777420867
           112.1200     -7.6000       27.192150991828
           112.1300     -7.6000       27.229699228269
           112.1400     -7.6000       27.270558997620
           112.1500     -7.6000       27.314795897712
           112.1600     -7.6000       27.362387437829
           112.1700     -7.6000       27.413216721500
           112.1800     -7.6000       27.467077711075
           112.1900     -7.6000       27.523691588486
           112.2000     -7.6000       27.582732193594
           112.2100     -7.6000       27.643857230445
           112.2200     -7.6000       27.706741063006
           112.2300     -7.6000       27.771104601915
           112.2400     -7.6000       27.836738067482
           112.2500     -7.6000       27.903513276629
           112.2600     -7.6000       27.971383439402
           112.2700     -7.6000       28.040370095840
           112.2800     -7.6000       28.110538563318
           112.2900     -7.6000       28.181964868605
           112.3000     -7.6000       28.254698391410
           112.3100     -7.6000       28.328725172801
           112.3200     -7.6000       28.403936933688
           112.3300     -7.6000       28.480110277693
           112.3400     -7.6000       28.556899377140
           112.3500     -7.6000       28.633843798559
           112.3600     -7.6000       28.710391216115
           112.3700     -7.6000       28.785932827725
           112.3800     -7.6000       28.859847577090
           112.3900     -7.6000       28.931550020279
           112.4000     -7.6000       29.000536029917
           112.4100     -7.6000       29.066420600480
           112.4200     -7.6000       29.128962812914
           112.4300     -7.6000       29.188074453064
           112.4400     -7.6000       29.243810691415
           112.4500     -7.6000       29.296343394366
           112.4600     -7.6000       29.345919787599
           112.4700     -7.6000       29.392811065512
           112.4800     -7.6000       29.437256902541
           112.4900     -7.6000       29.479412497654
           112.5000     -7.6000       29.519304678611
           112.5100     -7.6000       29.556802708360
           112.5200     -7.6000       29.591607866466
           112.5300     -7.6000       29.623263802157
           112.5400     -7.6000       29.651187312330
           112.5500     -7.6000       29.674716861402
           112.5600     -7.6000       29.693174103754
           112.5700     -7.6000       29.705932134853
           112.5800     -7.6000       29.712483363189
           112.5900     -7.6000       29.712499858338
           112.6000     -7.6000       29.705879792936
           112.6100     -7.6000       29.692775066498
           112.6200     -7.6000       29.673597203088
           112.6300     -7.6000       29.649000918649
           112.6400     -7.6000       29.619847090900
           112.6500     -7.6000       29.587148969383
           112.6600     -7.6000       29.552007101131
           112.6700     -7.6000       29.515539443987
           112.6800     -7.6000       29.478813398814
           112.6900     -7.6000       29.442786006696
           112.7000     -7.6000       29.408257408091
           112.7100     -7.6000       29.375841003860
           112.7200     -7.6000       29.345951804041
           112.7300     -7.6000       29.318812437905
           112.7400     -7.6000       29.294474464912
           112.7500     -7.6000       29.272851176771
           112.7600     -7.6000       29.253757166970
           112.7700     -7.6000       29.236949645446
           112.7800     -7.6000       29.222166793235
           112.7900     -7.6000       29.209159309588
           112.8000     -7.6000       29.197712563104
           112.8100     -7.6000       29.187658236001
           112.8200     -7.6000       29.178875844918
           112.8300     -7.6000       29.171285838510
           112.8400     -7.6000       29.164836949774
           112.8500     -7.6000       29.159491009887
           112.8600     -7.6000       29.155208465275
           112.8700     -7.6000       29.151937403615
           112.8800     -7.6000       29.149608073315
           112.8900     -7.6000       29.148133809292
           112.9000     -7.6000       29.147418120024
           112.9100     -7.6000       29.147366617091
           112.9200     -7.6000       29.147901632388
           112.9300     -7.6000       29.148976885614
           112.9400     -7.6000       29.150589498780
           112.9500     -7.6000       29.152787008560
           112.9600     -7.6000       29.155667744845
           112.9700     -7.6000       29.159373918055
           112.9800     -7.6000       29.164077846255
           112.9900     -7.6000       29.169962798938
           113.0000     -7.6000       29.177200786970
           112.0000     -7.6100       26.961516685788
           112.0100     -7.6100       26.965760624762
           112.0200     -7.6100       26.973164209108
           112.0300     -7.6100       26.983603912610
           112.0400     -7.6100       26.996938013044
           112.0500     -7.6100       27.013033462166
           112.0600     -7.6100       27.031790732754
           112.0700     -7.6100       27.053163080831
           112.0800     -7.6100       27.077167359814
           112.0900     -7.6100       27.103884649880
           112.1000     -7.6100       27.133450367274
           112.1100     -7.6100       27.166035000389
           112.1200     -7.6100       27.201817973984
           112.1300     -7.6100       27.240958176425
           112.1400     -7.6100       27.283565245397
           112.1500     -7.6100       27.329675706829
           112.1600     -7.6100       27.379237487615
           112.1700     -7.6100       27.432105242284
           112.1800     -7.6100       27.488047485345
           112.1900     -7.6100       27.546764896324
           112.2000     -7.6100       27.607917583209
           112.2100     -7.6100       27.671157770726
           112.2200     -7.6100       27.736163509946
           112.2300     -7.6100       27.802668715716
           112.2400     -7.6100       27.870485183350
           112.2500     -7.6100       27.939513186292
           112.2600     -7.6100       28.009738700419
           112.2700     -7.6100       28.081217057834
           112.2800     -7.6100       28.154044676447
           112.2900     -7.6100       28.228322197617
           112.3000     -7.6100       28.304113663462
           112.3100     -7.6100       28.381407094381
           112.3200     -7.6100       28.460081872571
           112.3300     -7.6100       28.539887672160
           112.3400     -7.6100       28.620438366575
           112.3500     -7.6100       28.701222539765
           112.3600     -7.6100       28.781630148679
           112.3700     -7.6100       28.860992789667
           112.3800     -7.6100       28.938633179332
           112.3900     -7.6100       29.013918113479
           112.4000     -7.6100       29.086308501438
           112.4100     -7.6100       29.155400191081
           112.4200     -7.6100       29.220950209378
           112.4300     -7.6100       29.282884652676
           112.4400     -7.6100       29.341286588622
           112.4500     -7.6100       29.396364728303
           112.4600     -7.6100       29.448406004750
           112.4700     -7.6100       29.497717261167
           112.4800     -7.6100       29.544562750430
           112.4900     -7.6100       29.589104882719
           112.5000     -7.6100       29.631355526186
           112.5100     -7.6100       29.671144165118
           112.5200     -7.6100       29.708107454336
           112.5300     -7.6100       29.741702373779
           112.5400     -7.6100       29.771242549325
           112.5500     -7.6100       29.795954669440
           112.5600     -7.6100       29.815049598756
           112.5700     -7.6100       29.827801041092
           112.5800     -7.6100       29.833623640614
           112.5900     -7.6100       29.832142344317
           112.6000     -7.6100       29.823245690366
           112.6100     -7.6100       29.807117338404
           112.6200     -7.6100       29.784242429480
           112.6300     -7.6100       29.755387994217
           112.6400     -7.6100       29.721559318750
           112.6500     -7.6100       29.683936625945
           112.6600     -7.6100       29.643798364078
           112.6700     -7.6100       29.602438609836
           112.6800     -7.6100       29.561086467562
           112.6900     -7.6100       29.520834861912
           112.7000     -7.6100       29.482584856114
           112.7100     -7.6100       29.447009750564
           112.7200     -7.6100       29.414540960218
           112.7300     -7.6100       29.385375304570
           112.7400     -7.6100       29.359501144559
           112.7500     -7.6100       29.336739010668
           112.7600     -7.6100       29.316791172327
           112.7700     -7.6100       29.299294108477
           112.7800     -7.6100       29.283868072302
           112.7900     -7.6100       29.270158831304
           112.8000     -7.6100       29.257868062551
           112.8100     -7.6100       29.246770592077
           112.8200     -7.6100       29.236718458577
           112.8300     -7.6100       29.227633427415
           112.8400     -7.6100       29.219490883732
           112.8500     -7.6100       29.212298848937
           112.8600     -7.6100       29.206076118233
           112.8700     -7.6100       29.200833209947
           112.8800     -7.6100       29.196559024891
           112.8900     -7.6100       29.193214971184
           112.9000     -7.6100       29.190736992522
           112.9100     -7.6100       29.189044637174
           112.9200     -7.6100       29.188055202225
           112.9300     -7.6100       29.187700229690
           112.9400     -7.6100       29.187941312506
           112.9500     -7.6100       29.188782319403
           112.9600     -7.6100       29.190275732674
           112.9700     -7.6100       29.192521716779
           112.9800     -7.6100       29.195659658398
           112.9900     -7.6100       29.199853075154
           113.0000     -7.6100       29.205269814290
           112.0000     -7.6200       26.974950574917
           112.0100     -7.6200       26.977796444951
           112.0200     -7.6200       26.984016065783
           112.0300     -7.6200       26.993511960931
           112.0400     -7.6200       27.006163596751
           112.0500     -7.6200       27.021853590371
           112.0600     -7.6200       27.040492098721
           112.0700     -7.6200       27.062035792329
           112.0800     -7.6200       27.086498524527
           112.0900     -7.6200       27.113951951728
           112.1000     -7.6200       27.144515785785
           112.1100     -7.6200       27.178338864935
           112.1200     -7.6200       27.215573601138
           112.1300     -7.6200       27.256347399697
           112.1400     -7.6200       27.300735196129
           112.1500     -7.6200       27.348737225821
           112.1600     -7.6200       27.400265523395
           112.1700     -7.6200       27.455141512935
           112.1800     -7.6200       27.513105542525
           112.1900     -7.6200       27.573837537765
           112.2000     -7.6200       27.636986328029
           112.2100     -7.6200       27.702203863399
           112.2200     -7.6200       27.769179683197
           112.2300     -7.6200       27.837670752303
           112.2400     -7.6200       27.907522202864
           112.2500     -7.6200       27.978675571210
           112.2600     -7.6200       28.051162681499
           112.2700     -7.6200       28.125085205203
           112.2800     -7.6200       28.200581877386
           112.2900     -7.6200       28.277787118236
           112.3000     -7.6200       28.356786149446
           112.3100     -7.6200       28.437572416938
           112.3200     -7.6200       28.520013116964
           112.3300     -7.6200       28.603827847328
           112.3400     -7.6200       28.688583943693
           112.3500     -7.6200       28.773710077993
           112.3600     -7.6200       28.858527429541
           112.3700     -7.6200       28.942295470672
           112.3800     -7.6200       29.024267427147
           112.3900     -7.6200       29.103749040490
           112.4000     -7.6200       29.180153574068
           112.4100     -7.6200       29.253046177509
           112.4200     -7.6200       29.322171760805
           112.4300     -7.6200       29.387462328108
           112.4400     -7.6200       29.449022082703
           112.4500     -7.6200       29.507091265081
           112.4600     -7.6200       29.561992309634
           112.4700     -7.6200       29.614064182447
           112.4800     -7.6200       29.663592408354
           112.4900     -7.6200       29.710743095889
           112.5000     -7.6200       29.755509107894
           112.5100     -7.6200       29.797675400360
           112.5200     -7.6200       29.836808575035
           112.5300     -7.6200       29.872273077693
           112.5400     -7.6200       29.903273517570
           112.5500     -7.6200       29.928919621976
           112.5600     -7.6200       29.948307715404
           112.5700     -7.6200       29.960610629944
           112.5800     -7.6200       29.965166846306
           112.5900     -7.6200       29.961559564428
           112.6000     -7.6200       29.949677326017
           112.6100     -7.6200       29.929749656549
           112.6200     -7.6200       29.902353754162
           112.6300     -7.6200       29.868391238986
           112.6400     -7.6200       29.829037053718
           112.6500     -7.6200       29.785665431975
           112.6600     -7.6200       29.739760115168
           112.6700     -7.6200       29.692817459529
           112.6800     -7.6200       29.646251586021
           112.6900     -7.6200       29.601310251608
           112.7000     -7.6200       29.559008738115
           112.7100     -7.6200       29.520086943535
           112.7200     -7.6200       29.484992277657
           112.7300     -7.6200       29.453888212961
           112.7400     -7.6200       29.426685736427
           112.7500     -7.6200       29.403092774145
           112.7600     -7.6200       29.382675144063
           112.7700     -7.6200       29.364921873535
           112.7800     -7.6200       29.349307839245
           112.7900     -7.6200       29.335347589050
           112.8000     -7.6200       29.322635740059
           112.8100     -7.6200       29.310871298395
           112.8200     -7.6200       29.299865357567
           112.8300     -7.6200       29.289533641554
           112.8400     -7.6200       29.279877028984
           112.8500     -7.6200       29.270954342967
           112.8600     -7.6200       29.262852208977
           112.8700     -7.6200       29.255656646455
           112.8800     -7.6200       29.249430328727
           112.8900     -7.6200       29.244198252982
           112.9000     -7.6200       29.239943092736
           112.9100     -7.6200       29.236609971148
           112.9200     -7.6200       29.234119004298
           112.9300     -7.6200       29.232382899376
           112.9400     -7.6200       29.231326282112
           112.9500     -7.6200       29.230903332243
           112.9600     -7.6200       29.231110714709
           112.9700     -7.6200       29.231993628472
           112.9800     -7.6200       29.233643919946
           112.9900     -7.6200       29.236190454422
           113.0000     -7.6200       29.239783125564
           112.0000     -7.6300       26.992405910329
           112.0100     -7.6300       26.993808764357
           112.0200     -7.6300       26.998793990305
           112.0300     -7.6300       27.007294439227
           112.0400     -7.6300       27.019215175149
           112.0500     -7.6300       27.034458569689
           112.0600     -7.6300       27.052947802680
           112.0700     -7.6300       27.074645175977
           112.0800     -7.6300       27.099562359287
           112.0900     -7.6300       27.127760843729
           112.1000     -7.6300       27.159342318932
           112.1100     -7.6300       27.194430207521
           112.1200     -7.6300       27.233144967043
           112.1300     -7.6300       27.275576800016
           112.1400     -7.6300       27.321759939439
           112.1500     -7.6300       27.371652609672
           112.1600     -7.6300       27.425126093022
           112.1700     -7.6300       27.481965137788
           112.1800     -7.6300       27.541880376877
           112.1900     -7.6300       27.604531697075
           112.2000     -7.6300       27.669559845934
           112.2100     -7.6300       27.736622221269
           112.2200     -7.6300       27.805427956715
           112.2300     -7.6300       27.875767231363
           112.2400     -7.6300       27.947530243489
           112.2500     -7.6300       28.020712456003
           112.2600     -7.6300       28.095404412011
           112.2700     -7.6300       28.171766425437
           112.2800     -7.6300       28.249990516712
           112.2900     -7.6300       28.330253813213
           112.3000     -7.6300       28.412669013404
           112.3100     -7.6300       28.497238220628
           112.3200     -7.6300       28.583816366753
           112.3300     -7.6300       28.672089546173
           112.3400     -7.6300       28.761571950990
           112.3500     -7.6300       28.851622919842
           112.3600     -7.6300       28.941483143742
           112.3700     -7.6300       29.030326616339
           112.3800     -7.6300       29.117322785339
           112.3900     -7.6300       29.201701837609
           112.4000     -7.6300       29.282815346078
           112.4100     -7.6300       29.360184739569
           112.4200     -7.6300       29.433531230800
           112.4300     -7.6300       29.502782840384
           112.4400     -7.6300       29.568056767162
           112.4500     -7.6300       29.629618278238
           112.4600     -7.6300       29.687820180046
           112.4700     -7.6300       29.743029434596
           112.4800     -7.6300       29.795549290413
           112.4900     -7.6300       29.845546170194
           112.5000     -7.6300       29.892990367940
           112.5100     -7.6300       29.937618352389
           112.5200     -7.6300       29.978922272671
           112.5300     -7.6300       30.016169351853
           112.5400     -7.6300       30.048450557375
           112.5500     -7.6300       30.074754627282
           112.5600     -7.6300       30.094060587187
           112.5700     -7.6300       30.105439656403
           112.5800     -7.6300       30.108156175429
           112.5900     -7.6300       30.101757044165
           112.6000     -7.6300       30.086140165930
           112.6100     -7.6300       30.061594440565
           112.6200     -7.6300       30.028806715873
           112.6300     -7.6300       29.988834472802
           112.6400     -7.6300       29.943046513391
           112.6500     -7.6300       29.893037156377
           112.6600     -7.6300       29.840522070869
           112.6700     -7.6300       29.787225613436
           112.6800     -7.6300       29.734770202254
           112.6900     -7.6300       29.684577810098
           112.7000     -7.6300       29.637792159515
           112.7100     -7.6300       29.595227847995
           112.7200     -7.6300       29.557349699896
           112.7300     -7.6300       29.524282474181
           112.7400     -7.6300       29.495848008450
           112.7500     -7.6300       29.471624281368
           112.7600     -7.6300       29.451018996126
           112.7700     -7.6300       29.433349303920
           112.7800     -7.6300       29.417919266330
           112.7900     -7.6300       29.404087552996
           112.8000     -7.6300       29.391319536190
           112.8100     -7.6300       29.379220144530
           112.8200     -7.6300       29.367546290188
           112.8300     -7.6300       29.356200087924
           112.8400     -7.6300       29.345206161422
           112.8500     -7.6300       29.334677857605
           112.8600     -7.6300       29.324778016226
           112.8700     -7.6300       29.315680016327
           112.8800     -7.6300       29.307534184539
           112.8900     -7.6300       29.300443429701
           112.9000     -7.6300       29.294450356579
           112.9100     -7.6300       29.289536339932
           112.9200     -7.6300       29.285631347198
           112.9300     -7.6300       29.282631899046
           112.9400     -7.6300       29.280423617323
           112.9500     -7.6300       29.278904426035
           112.9600     -7.6300       29.278004661110
           112.9700     -7.6300       29.277701049986
           112.9800     -7.6300       29.278022617444
           112.9900     -7.6300       29.279047888085
           113.0000     -7.6300       29.280894095024
           112.0000     -7.6400       27.013401834172
           112.0100     -7.6400       27.013362544046
           112.0200     -7.6400       27.017108674962
           112.0300     -7.6400       27.024605262371
           112.0400     -7.6400       27.035785232370
           112.0500     -7.6400       27.050573038498
           112.0600     -7.6400       27.068906927526
           112.0700     -7.6400       27.090756277982
           112.0800     -7.6400       27.116131169401
           112.0900     -7.6400       27.145082504291
           112.1000     -7.6400       27.177692452658
           112.1100     -7.6400       27.214056510701
           112.1200     -7.6400       27.254259836401
           112.1300     -7.6400       27.298351537673
           112.1400     -7.6400       27.346321083171
           112.1500     -7.6400       27.398080891885
           112.1600     -7.6400       27.453458430713
           112.1700     -7.6400       27.512199891897
           112.1800     -7.6400       27.573985895770
           112.1900     -7.6400       27.638457887231
           112.2000     -7.6400       27.705252214410
           112.2100     -7.6400       27.774037537851
           112.2200     -7.6400       27.844550422842
           112.2300     -7.6400       27.916623852943
           112.2400     -7.6400       27.990204017743
           112.2500     -7.6400       28.065352022686
           112.2600     -7.6400       28.142228999265
           112.2700     -7.6400       28.221065237773
           112.2800     -7.6400       28.302116148459
           112.2900     -7.6400       28.385609790802
           112.3000     -7.6400       28.471692126126
           112.3100     -7.6400       28.560376835331
           112.3200     -7.6400       28.651506377466
           112.3300     -7.6400       28.744729928808
           112.3400     -7.6400       28.839502030806
           112.3500     -7.6400       28.935103386655
           112.3600     -7.6400       29.030682560111
           112.3700     -7.6400       29.125314674170
           112.3800     -7.6400       29.218070917374
           112.3900     -7.6400       29.308091043660
           112.4000     -7.6400       29.394650326366
           112.4100     -7.6400       29.477212722858
           112.4200     -7.6400       29.555463325332
           112.4300     -7.6400       29.629315391350
           112.4400     -7.6400       29.698890126150
           112.4500     -7.6400       29.764470601124
           112.4600     -7.6400       29.826434362373
           112.4700     -7.6400       29.885172027817
           112.4800     -7.6400       29.941001149310
           112.4900     -7.6400       29.994085569386
           112.5000     -7.6400       30.044370287772
           112.5100     -7.6400       30.091540463212
           112.5200     -7.6400       30.135010742570
           112.5300     -7.6400       30.173947887944
           112.5400     -7.6400       30.207326017043
           112.5500     -7.6400       30.234010092319
           112.5600     -7.6400       30.252860009621
           112.5700     -7.6400       30.262845126876
           112.5800     -7.6400       30.263157632611
           112.5900     -7.6400       30.253312958895
           112.6000     -7.6400       30.233226528769
           112.6100     -7.6400       30.203258384904
           112.6200     -7.6400       30.164220431598
           112.6300     -7.6400       30.117344788975
           112.6400     -7.6400       30.064215694102
           112.6500     -7.6400       30.006671058851
           112.6600     -7.6400       29.946682810533
           112.6700     -7.6400       29.886227177249
           112.6800     -7.6400       29.827156926824
           112.6900     -7.6400       29.771087152426
           112.7000     -7.6400       29.719304587426
           112.7100     -7.6400       29.672707826021
           112.7200     -7.6400       29.631782530434
           112.7300     -7.6400       29.596612095202
           112.7400     -7.6400       29.566920714525
           112.7500     -7.6400       29.542142738768
           112.7600     -7.6400       29.521509926217
           112.7700     -7.6400       29.504146912985
           112.7800     -7.6400       29.489165034411
           112.7900     -7.6400       29.475745505158
           112.8000     -7.6400       29.463204752901
           112.8100     -7.6400       29.451037154869
           112.8200     -7.6400       29.438933235538
           112.8300     -7.6400       29.426774209442
           112.8400     -7.6400       29.414606272335
           112.8500     -7.6400       29.402599986207
           112.8600     -7.6400       29.391001280404
           112.8700     -7.6400       29.380080914968
           112.8800     -7.6400       29.370088742193
           112.8900     -7.6400       29.361217876792
           112.9000     -7.6400       29.353582141900
           112.9100     -7.6400       29.347208147250
           112.9200     -7.6400       29.342041344971
           112.9300     -7.6400       29.337963649342
           112.9400     -7.6400       29.334818904433
           112.9500     -7.6400       29.332441772576
           112.9600     -7.6400       29.330685548100
           112.9700     -7.6400       29.329444939752
           112.9800     -7.6400       29.328670899848
           112.9900     -7.6400       29.328375937804
           113.0000     -7.6400       29.328629836373
           112.0000     -7.6500       27.037508560411
           112.0100     -7.6500       27.036071063969
           112.0200     -7.6500       27.038617278719
           112.0300     -7.6500       27.045143449290
           112.0400     -7.6500       27.055610088560
           112.0500     -7.6500       27.069963952212
           112.0600     -7.6500       27.088158836015
           112.0700     -7.6500       27.110171701787
           112.0800     -7.6500       27.136011354962
           112.0900     -7.6500       27.165718065672
           112.1000     -7.6500       27.199353976717
           112.1100     -7.6500       27.236985661339
           112.1200     -7.6500       27.278661552562
           112.1300     -7.6500       27.324387953235
           112.1400     -7.6500       27.374107790061
           112.1500     -7.6500       27.427686107198
           112.1600     -7.6500       27.484905504315
           112.1700     -7.6500       27.545473399738
           112.1800     -7.6500       27.609041310664
           112.1900     -7.6500       27.675234517559
           112.2000     -7.6500       27.743688775598
           112.2100     -7.6500       27.814089402661
           112.2200     -7.6500       27.886207320411
           112.2300     -7.6500       27.959926589858
           112.2400     -7.6500       28.035258710199
           112.2500     -7.6500       28.112340381496
           112.2600     -7.6500       28.191413411151
           112.2700     -7.6500       28.272787733355
           112.2800     -7.6500       28.356790819036
           112.2900     -7.6500       28.443708775381
           112.3000     -7.6500       28.533725886397
           112.3100     -7.6500       28.626870009582
           112.3200     -7.6500       28.722970991739
           112.3300     -7.6500       28.821638086278
           112.3400     -7.6500       28.922260350603
           112.3500     -7.6500       29.024031391419
           112.3600     -7.6500       29.125996909845
           112.3700     -7.6500       29.227120630146
           112.3800     -7.6500       29.326361736375
           112.3900     -7.6500       29.422755213879
           112.4000     -7.6500       29.515485741914
           112.4100     -7.6500       29.603946141956
           112.4200     -7.6500       29.687772854027
           112.4300     -7.6500       29.766853354685
           112.4400     -7.6500       29.841303586008
           112.4500     -7.6500       29.911416980537
           112.4600     -7.6500       29.977590133401
           112.4700     -7.6500       30.040233174229
           112.4800     -7.6500       30.099675055627
           112.4900     -7.6500       30.156075019167
           112.5000     -7.6500       30.209351266362
           112.5100     -7.6500       30.259136339923
           112.5200     -7.6500       30.304766049914
           112.5300     -7.6500       30.345305237549
           112.5400     -7.6500       30.379609640855
           112.5500     -7.6500       30.406419059559
           112.5600     -7.6500       30.424473371973
           112.5700     -7.6500       30.432640153952
           112.5800     -7.6500       30.430041018602
           112.5900     -7.6500       30.416163535723
           112.6000     -7.6500       30.390946749116
           112.6100     -7.6500       30.354830775664
           112.6200     -7.6500       30.308764482807
           112.6300     -7.6500       30.254169423017
           112.6400     -7.6500       30.192862602396
           112.6500     -7.6500       30.126944799086
           112.6600     -7.6500       30.058664579927
           112.6700     -7.6500       29.990270525556
           112.6800     -7.6500       29.923865220927
           112.6900     -7.6500       29.861274203828
           112.7000     -7.6500       29.803941348781
           112.7100     -7.6500       29.752859305615
           112.7200     -7.6500       29.708539940858
           112.7300     -7.6500       29.671025657873
           112.7400     -7.6500       29.639938444725
           112.7500     -7.6500       29.614559946402
           112.7600     -7.6500       29.593933144739
           112.7700     -7.6500       29.576974615158
           112.7800     -7.6500       29.562585943585
           112.7900     -7.6500       29.549753717565
           112.8000     -7.6500       29.537629405608
           112.8100     -7.6500       29.525583147439
           112.8200     -7.6500       29.513228655019
           112.8300     -7.6500       29.500419692731
           112.8400     -7.6500       29.487221595612
           112.8500     -7.6500       29.473863678103
           112.8600     -7.6500       29.460679949002
           112.8700     -7.6500       29.448046156200
           112.8800     -7.6500       29.436320830875
           112.8900     -7.6500       29.425796791728
           112.9000     -7.6500       29.416667706816
           112.9100     -7.6500       29.409012060724
           112.9200     -7.6500       29.402794535220
           112.9300     -7.6500       29.397882671466
           112.9400     -7.6500       29.394074987902
           112.9500     -7.6500       29.391135655969
           112.9600     -7.6500       29.388830473097
           112.9700     -7.6500       29.386959211448
           112.9800     -7.6500       29.385380366258
           112.9900     -7.6500       29.384025712250
           113.0000     -7.6500       29.382903688076
           112.0000     -7.6600       27.064372290327
           112.0100     -7.6600       27.061617984343
           112.0200     -7.6600       27.063042569663
           112.0300     -7.6600       27.068669452639
           112.0400     -7.6600       27.078483674984
           112.0500     -7.6600       27.092452188244
           112.0600     -7.6600       27.110543084940
           112.0700     -7.6600       27.132740370747
           112.0800     -7.6600       27.159051584415
           112.0900     -7.6600       27.189506747203
           112.1000     -7.6600       27.224148577937
           112.1100     -7.6600       27.263015424895
           112.1200     -7.6600       27.306119708517
           112.1300     -7.6600       27.353425625919
           112.1400     -7.6600       27.404830276520
           112.1500     -7.6600       27.460152140657
           112.1600     -7.6600       27.519129983114
           112.1700     -7.6600       27.581433857116
           112.1800     -7.6600       27.646688129578
           112.1900     -7.6600       27.714504573227
           112.2000     -7.6600       27.784521841728
           112.2100     -7.6600       27.856446318434
           112.2200     -7.6600       27.930088621867
           112.2300     -7.6600       28.005390099885
           112.2400     -7.6600       28.082434490162
           112.2500     -7.6600       28.161441500309
           112.2600     -7.6600       28.242741196755
           112.2700     -7.6600       28.326730533430
           112.2800     -7.6600       28.413815791078
           112.2900     -7.6600       28.504346812663
           112.3000     -7.6600       28.598550413222
           112.3100     -7.6600       28.696470984340
           112.3200     -7.6600       28.797925974257
           112.3300     -7.6600       28.902482595122
           112.3400     -7.6600       29.009459906417
           112.3500     -7.6600       29.117957581818
           112.3600     -7.6600       29.226909511028
           112.3700     -7.6600       29.335157296957
           112.3800     -7.6600       29.441536068871
           112.3900     -7.6600       29.544963189791
           112.4000     -7.6600       29.644519653107
           112.4100     -7.6600       29.739514379791
           112.4200     -7.6600       29.829523243286
           112.4300     -7.6600       29.914397316770
           112.4400     -7.6600       29.994238277261
           112.4500     -7.6600       30.069342729889
           112.4600     -7.6600       30.140120991184
           112.4700     -7.6600       30.206999142235
           112.4800     -7.6600       30.270315526616
           112.4900     -7.6600       30.330224015581
           112.5000     -7.6600       30.386616120026
           112.5100     -7.6600       30.439072379700
           112.5200     -7.6600       30.486850553355
           112.5300     -7.6600       30.528914267054
           112.5400     -7.6600       30.564001367588
           112.5500     -7.6600       30.590726761148
           112.5600     -7.6600       30.607710497332
           112.5700     -7.6600       30.613718746457
           112.5800     -7.6600       30.607803479606
           112.5900     -7.6600       30.589426322519
           112.6000     -7.6600       30.558553277127
           112.6100     -7.6600       30.515709674550
           112.6200     -7.6600       30.461988564703
           112.6300     -7.6600       30.399010352476
           112.6400     -7.6600       30.328836364952
           112.6500     -7.6600       30.253843654167
           112.6600     -7.6600       30.176572210208
           112.6700     -7.6600       30.099558468763
           112.6800     -7.6600       30.025170264222
           112.6900     -7.6600       29.955458083054
           112.7000     -7.6600       29.892035663272
           112.7100     -7.6600       29.835999879644
           112.7200     -7.6600       29.787895803835
           112.7300     -7.6600       29.747728283065
           112.7400     -7.6600       29.715016833177
           112.7500     -7.6600       29.688886573750
           112.7600     -7.6600       29.668184759946
           112.7700     -7.6600       29.651610493951
           112.7800     -7.6600       29.637844592712
           112.7900     -7.6600       29.625667357009
           112.8000     -7.6600       29.614053987151
           112.8100     -7.6600       29.602240349944
           112.8200     -7.6600       29.589755352385
           112.8300     -7.6600       29.576419903036
           112.8400     -7.6600       29.562315925151
           112.8500     -7.6600       29.547731757379
           112.8600     -7.6600       29.533092256723
           112.8700     -7.6600       29.518882839475
           112.8800     -7.6600       29.505576523795
           112.8900     -7.6600       29.493571864711
           112.9000     -7.6600       29.483147701215
           112.9100     -7.6600       29.474438148916
           112.9200     -7.6600       29.467428596447
           112.9300     -7.6600       29.461970927055
           112.9400     -7.6600       29.457814078496
           112.9500     -7.6600       29.454644593761
           112.9600     -7.6600       29.452131128650
           112.9700     -7.6600       29.449966992948
           112.9800     -7.6600       29.447905633557
           112.9900     -7.6600       29.445785359747
           113.0000     -7.6600       29.443541343228
           112.0000     -7.6700       27.093728243717
           112.0100     -7.6700       27.089768373106
           112.0200     -7.6700       27.090181774013
           112.0300     -7.6700       27.095011845493
           112.0400     -7.6700       27.104262246452
           112.0500     -7.6700       27.117915616605
           112.0600     -7.6700       27.135951296327
           112.0700     -7.6700       27.158358713153
           112.0800     -7.6700       27.185143835958
           112.0900     -7.6700       27.216327283514
           112.1000     -7.6700       27.251934134786
           112.1100     -7.6700       27.291977000755
           112.1200     -7.6700       27.336435244764
           112.1300     -7.6700       27.385234163609
           112.1400     -7.6700       27.438228301443
           112.1500     -7.6700       27.495192777376
           112.1600     -7.6700       27.555825573441
           112.1700     -7.6700       27.619762255506
           112.1800     -7.6700       27.686602773073
           112.1900     -7.6700       27.755948052892
           112.2000     -7.6700       27.827442341841
           112.2100     -7.6700       27.900815933263
           112.2200     -7.6700       27.975922246865
           112.2300     -7.6700       28.052763364806
           112.2400     -7.6700       28.131499092279
           112.2500     -7.6700       28.212436334044
           112.2600     -7.6700       28.295997875848
           112.2700     -7.6700       28.382672260861
           112.2800     -7.6700       28.472949029919
           112.2900     -7.6700       28.567245809592
           112.3000     -7.6700       28.665835272495
           112.3100     -7.6700       28.768780620073
           112.3200     -7.6700       28.875887815444
           112.3300     -7.6700       28.986681317011
           112.3400     -7.6700       29.100407660684
           112.3500     -7.6700       29.216068161529
           112.3600     -7.6700       29.332478602964
           112.3700     -7.6700       29.448350458270
           112.3800     -7.6700       29.562385358434
           112.3900     -7.6700       29.673372552021
           112.4000     -7.6700       29.780278276201
           112.4100     -7.6700       29.882316423946
           112.4200     -7.6700       29.978991649822
           112.4300     -7.6700       30.070108948205
           112.4400     -7.6700       30.155747462814
           112.4500     -7.6700       30.236200433875
           112.4600     -7.6700       30.311887282986
           112.4700     -7.6700       30.383247390212
           112.4800     -7.6700       30.450627695642
           112.4900     -7.6700       30.514177522808
           112.5000     -7.6700       30.573763782202
           112.5100     -7.6700       30.628917948069
           112.5200     -7.6700       30.678823066103
           112.5300     -7.6700       30.722344861376
           112.5400     -7.6700       30.758106221681
           112.5500     -7.6700       30.784599457691
           112.5600     -7.6700       30.800326334529
           112.5700     -7.6700       30.803952433346
           112.5800     -7.6700       30.794460339606
           112.5900     -7.6700       30.771285721709
           112.6000     -7.6700       30.734421635358
           112.6100     -7.6700       30.684479252325
           112.6200     -7.6700       30.622697375917
           112.6300     -7.6700       30.550898132289
           112.6400     -7.6700       30.471391582226
           112.6500     -7.6700       30.386837109935
           112.6600     -7.6700       30.300073767934
           112.6700     -7.6700       30.213934831640
           112.6800     -7.6700       30.131063323151
           112.6900     -7.6700       30.053745052859
           112.7000     -7.6700       29.983773839617
           112.7100     -7.6700       29.922360225808
           112.7200     -7.6700       29.870090578029
           112.7300     -7.6700       29.826938442552
           112.7400     -7.6700       29.792324947687
           112.7500     -7.6700       29.765220446640
           112.7600     -7.6700       29.744275943566
           112.7700     -7.6700       29.727970495675
           112.7800     -7.6700       29.714759937328
           112.7900     -7.6700       29.703212959987
           112.8000     -7.6700       29.692122668764
           112.8100     -7.6700       29.680584938461
           112.8200     -7.6700       29.668038815493
           112.8300     -7.6700       29.654268400485
           112.8400     -7.6700       29.639369634634
           112.8500     -7.6700       29.623688780246
           112.8600     -7.6700       29.607741801317
           112.8700     -7.6700       29.592125105941
           112.8800     -7.6700       29.577428142502
           112.8900     -7.6700       29.564157221760
           112.9000     -7.6700       29.552677868949
           112.9100     -7.6700       29.543180291907
           112.9200     -7.6700       29.535669537480
           112.9300     -7.6700       29.529978965204
           112.9400     -7.6700       29.525803128749
           112.9500     -7.6700       29.522744286448
           112.9600     -7.6700       29.520365729783
           112.9700     -7.6700       29.518244979472
           112.9800     -7.6700       29.516020597632
           112.9900     -7.6700       29.513427749346
           113.0000     -7.6700       29.510319492681
           112.0000     -7.6800       27.125400462883
           112.0100     -7.6800       27.120367491729
           112.0200     -7.6800       27.119904070605
           112.0300     -7.6800       27.124063449628
           112.0400     -7.6800       27.132859249453
           112.0500     -7.6800       27.146282967614
           112.0600     -7.6800       27.164320402858
           112.0700     -7.6800       27.186963741169
           112.0800     -7.6800       27.214216799838
           112.0900     -7.6800       27.246092130618
           112.1000     -7.6800       27.282600157619
           112.1100     -7.6800       27.323732041945
           112.1200     -7.6800       27.369439281343
           112.1300     -7.6800       27.419613949522
           112.1400     -7.6800       27.474073791558
           112.1500     -7.6800       27.532556035054
           112.1600     -7.6800       27.594722764104
           112.1700     -7.6800       27.660179145164
           112.1800     -7.6800       27.728503887760
           112.1900     -7.6800       27.799289327264
           112.2000     -7.6800       27.872186718620
           112.2100     -7.6800       27.946951004133
           112.2200     -7.6800       28.023478690408
           112.2300     -7.6800       28.101832680153
           112.2400     -7.6800       28.182248987138
           112.2500     -7.6800       28.265122132932
           112.2600     -7.6800       28.350968485971
           112.2700     -7.6800       28.440369569550
           112.2800     -7.6800       28.533900090929
           112.2900     -7.6800       28.632047769456
           112.3000     -7.6800       28.735133640319
           112.3100     -7.6800       28.843242130949
           112.3200     -7.6800       28.956169710570
           112.3300     -7.6800       29.073399296313
           112.3400     -7.6800       29.194105000344
           112.3500     -7.6800       29.317188490622
           112.3600     -7.6800       29.441344584890
           112.3700     -7.6800       29.565150134712
           112.3800     -7.6800       29.687167224168
           112.3900     -7.6800       29.806049600659
           112.4000     -7.6800       29.920640371546
           112.4100     -7.6800       30.030049501813
           112.4200     -7.6800       30.133701535078
           112.4300     -7.6800       30.231347066279
           112.4400     -7.6800       30.323035499646
           112.4500     -7.6800       30.409051091313
           112.4600     -7.6800       30.489818692541
           112.4700     -7.6800       30.565789455900
           112.4800     -7.6800       30.637319571464
           112.4900     -7.6800       30.704556498868
           112.5000     -7.6800       30.767346942923
           112.5100     -7.6800       30.825178956070
           112.5200     -7.6800       30.877167200903
           112.5300     -7.6800       30.922085906406
           112.5400     -7.6800       30.958448878962
           112.5500     -7.6800       30.984630648289
           112.5600     -7.6800       30.999018028902
           112.5700     -7.6800       31.000177606641
           112.5800     -7.6800       30.987022359153
           112.5900     -7.6800       30.958960073366
           112.6000     -7.6800       30.916007525025
           112.6100     -7.6800       30.858857424175
           112.6200     -7.6800       30.788889601724
           112.6300     -7.6800       30.708123350880
           112.6400     -7.6800       30.619113669155
           112.6500     -7.6800       30.524799751855
           112.6600     -7.6800       30.428318870085
           112.6700     -7.6800       30.332802218513
           112.6800     -7.6800       30.241171078969
           112.6900     -7.6800       30.155951538829
           112.7000     -7.6800       30.079124054322
           112.7100     -7.6800       30.012020582580
           112.7200     -7.6800       29.955277218023
           112.7300     -7.6800       29.908844778969
           112.7400     -7.6800       29.872054185962
           112.7500     -7.6800       29.843728340857
           112.7600     -7.6800       29.822328078014
           112.7700     -7.6800       29.806117018094
           112.7800     -7.6800       29.793329051796
           112.7900     -7.6800       29.782322772324
           112.8000     -7.6800       29.771709333734
           112.8100     -7.6800       29.760443645267
           112.8200     -7.6800       29.747873099947
           112.8300     -7.6800       29.733742684133
           112.8400     -7.6800       29.718159810423
           112.8500     -7.6800       29.701526086370
           112.8600     -7.6800       29.684446094272
           112.8700     -7.6800       29.667624861440
           112.8800     -7.6800       29.651765946634
           112.8900     -7.6800       29.637481014449
           112.9000     -7.6800       29.625219614676
           112.9100     -7.6800       29.615224939962
           112.9200     -7.6800       29.607517984322
           112.9300     -7.6800       29.601909171969
           112.9400     -7.6800       29.598033549451
           112.9500     -7.6800       29.595403344951
           112.9600     -7.6800       29.593470307046
           112.9700     -7.6800       29.591689832134
           112.9800     -7.6800       29.589579443577
           112.9900     -7.6800       29.586765553954
           113.0000     -7.6800       29.583014395530
           112.0000     -7.6900       27.159288560469
           112.0100     -7.6900       27.153327535294
           112.0200     -7.6900       27.152136977212
           112.0300     -7.6900       27.155767214357
           112.0400     -7.6900       27.164230717278
           112.0500     -7.6900       27.177518919302
           112.0600     -7.6900       27.195617721981
           112.0700     -7.6900       27.218518484668
           112.0800     -7.6900       27.246222080728
           112.0900     -7.6900       27.278734838662
           112.1000     -7.6900       27.316056687197
           112.1100     -7.6900       27.358163354765
           112.1200     -7.6900       27.404985788737
           112.1300     -7.6900       27.456390834278
           112.1400     -7.6900       27.512167480318
           112.1500     -7.6900       27.572022558411
           112.1600     -7.6900       27.635588686069
           112.1700     -7.6900       27.702445597899
           112.1800     -7.6900       27.772154012411
           112.1900     -7.6900       27.844299110168
           112.2000     -7.6900       27.918538848015
           112.2100     -7.6900       27.994650990141
           112.2200     -7.6900       28.072572131510
           112.2300     -7.6900       28.152422266775
           112.2400     -7.6900       28.234509649007
           112.2500     -7.6900       28.319312695748
           112.2600     -7.6900       28.407438326089
           112.2700     -7.6900       28.499559047975
           112.2800     -7.6900       28.596333996019
           112.2900     -7.6900       28.698321568745
           112.3000     -7.6900       28.805892985838
           112.3100     -7.6900       28.919156717193
           112.3200     -7.6900       29.037903180645
           112.3300     -7.6900       29.161577361907
           112.3400     -7.6900       29.289284225547
           112.3500     -7.6900       29.419828245241
           112.3600     -7.6900       29.551784478809
           112.3700     -7.6900       29.683594806522
           112.3800     -7.6900       29.813679707352
           112.3900     -7.6900       29.940553687278
           112.4000     -7.6900       30.062931515143
           112.4100     -7.6900       30.179812939489
           112.4200     -7.6900       30.290535557933
           112.4300     -7.6900       30.394788814933
           112.4400     -7.6900       30.492586377193
           112.4500     -7.6900       30.584198913295
           112.4600     -7.6900       30.670054043475
           112.4700     -7.6900       30.750614370168
           112.4800     -7.6900       30.826247544241
           112.4900     -7.6900       30.897103872116
           112.5000     -7.6900       30.963016793080
           112.5100     -7.6900       31.023439615065
           112.5200     -7.6900       31.077428354582
           112.5300     -7.6900       31.123675734620
           112.5400     -7.6900       31.160595857263
           112.5500     -7.6900       31.186453387390
           112.5600     -7.6900       31.199525891723
           112.5700     -7.6900       31.198283864236
           112.5800     -7.6900       31.181570415470
           112.5900     -7.6900       31.148761925144
           112.6000     -7.6900       31.099892266504
           112.6100     -7.6900       31.035726400574
           112.6200     -7.6900       30.957773893663
           112.6300     -7.6900       30.868238741552
           112.6400     -7.6900       30.769908176877
           112.6500     -7.6900       30.665989226195
           112.6600     -7.6900       30.559907023775
           112.6700     -7.6900       30.455082725156
           112.6800     -7.6900       30.354710892225
           112.6900     -7.6900       30.261556236207
           112.7000     -7.6900       30.177787616700
           112.7100     -7.6900       30.104863429315
           112.7200     -7.6900       30.043477385279
           112.7300     -7.6900       29.993567747096
           112.7400     -7.6900       29.954386966410
           112.7500     -7.6900       29.924623011958
           112.7600     -7.6900       29.902559052628
           112.7700     -7.6900       29.886255024512
           112.7800     -7.6900       29.873733241783
           112.7900     -7.6900       29.863150692625
           112.8000     -7.6900       29.852942875491
           112.8100     -7.6900       29.841927678339
           112.8200     -7.6900       29.829362441227
           112.8300     -7.6900       29.814952438688
           112.8400     -7.6900       29.798814012641
           112.8500     -7.6900       29.781399954973
           112.8600     -7.6900       29.763398048978
           112.8700     -7.6900       29.745615634688
           112.8800     -7.6900       29.728863532157
           112.8900     -7.6900       29.713851676813
           112.9000     -7.6900       29.701106588209
           112.9100     -7.6900       29.690917631867
           112.9200     -7.6900       29.683315352204
           112.9300     -7.6900       29.678081395111
           112.9400     -7.6900       29.674786125150
           112.9500     -7.6900       29.672847331610
           112.9600     -7.6900       29.671601663289
           112.9700     -7.6900       29.670379760249
           112.9800     -7.6900       29.668576454748
           112.9900     -7.6900       29.665708761457
           113.0000     -7.6900       29.661456436542
           112.0000     -7.7000       27.195343156155
           112.0100     -7.7000       27.188603984060
           112.0200     -7.7000       27.186843232127
           112.0300     -7.7000       27.190093416703
           112.0400     -7.7000       27.198352739592
           112.0500     -7.7000       27.211601927602
           112.0600     -7.7000       27.229819347889
           112.0700     -7.7000       27.252991219715
           112.0800     -7.7000       27.281114571437
           112.0900     -7.7000       27.314191874272
           112.1000     -7.7000       27.352217827583
           112.1100     -7.7000       27.395160332824
           112.1200     -7.7000       27.442939020993
           112.1300     -7.7000       27.495405562424
           112.1400     -7.7000       27.552330218864
           112.1500     -7.7000       27.613398614026
           112.1600     -7.7000       27.678221521328
           112.1700     -7.7000       27.746358722029
           112.1800     -7.7000       27.817355890976
           112.1900     -7.7000       27.890791303168
           112.2000     -7.7000       27.966327233066
           112.2100     -7.7000       28.043759537059
           112.2200     -7.7000       28.123058308302
           112.2300     -7.7000       28.204392820622
           112.2400     -7.7000       28.288135264582
           112.2500     -7.7000       28.374839926013
           112.2600     -7.7000       28.465197244896
           112.2700     -7.7000       28.559965300437
           112.2800     -7.7000       28.659884314189
           112.2900     -7.7000       28.765582349132
           112.3000     -7.7000       28.877482146374
           112.3100     -7.7000       28.995719704459
           112.3200     -7.7000       29.120084615233
           112.3300     -7.7000       29.249990321137
           112.3400     -7.7000       29.384479505501
           112.3500     -7.7000       29.522266069747
           112.3600     -7.7000       29.661811004165
           112.3700     -7.7000       29.801425405326
           112.3800     -7.7000       29.939390428213
           112.3900     -7.7000       30.074081530843
           112.4000     -7.7000       30.204083314121
           112.4100     -7.7000       30.328281769296
           112.4200     -7.7000       30.445922828825
           112.4300     -7.7000       30.556629595066
           112.4400     -7.7000       30.660375142855
           112.4500     -7.7000       30.757412867473
           112.4600     -7.7000       30.848171405746
           112.4700     -7.7000       30.933125604060
           112.4800     -7.7000       31.012658302539
           112.4900     -7.7000       31.086929425689
           112.5000     -7.7000       31.155768761594
           112.5100     -7.7000       31.218606823150
           112.5200     -7.7000       31.274454479812
           112.5300     -7.7000       31.321936992088
           112.5400     -7.7000       31.359382202902
           112.5500     -7.7000       31.384956576088
           112.5600     -7.7000       31.396837195038
           112.5700     -7.7000       31.393403376575
           112.5800     -7.7000       31.373428736854
           112.5900     -7.7000       31.336253714922
           112.6000     -7.7000       31.281919848191
           112.6100     -7.7000       31.211250403094
           112.6200     -7.7000       31.125866970272
           112.6300     -7.7000       31.028137823970
           112.6400     -7.7000       30.921060573061
           112.6500     -7.7000       30.808088186353
           112.6600     -7.7000       30.692913163222
           112.6700     -7.7000       30.579228839515
           112.6800     -7.7000       30.470489123910
           112.6900     -7.7000       30.369688113851
           112.7000     -7.7000       30.279179036767
           112.7100     -7.7000       30.200548026433
           112.7200     -7.7000       30.134552804941
           112.7300     -7.7000       30.081129981748
           112.7400     -7.7000       30.039468076056
           112.7500     -7.7000       30.008137205179
           112.7600     -7.7000       29.985261286767
           112.7700     -7.7000       29.968715076407
           112.7800     -7.7000       29.956326724282
           112.7900     -7.7000       29.946066895524
           112.8000     -7.7000       29.936207752490
           112.8100     -7.7000       29.925438938563
           112.8200     -7.7000       29.912932668111
           112.8300     -7.7000       29.898355548609
           112.8400     -7.7000       29.881830233772
           112.8500     -7.7000       29.863854856570
           112.8600     -7.7000       29.845191936366
           112.8700     -7.7000       29.826740755192
           112.8800     -7.7000       29.809407888189
           112.8900     -7.7000       29.793989670235
           112.9000     -7.7000       29.781078076490
           112.9100     -7.7000       29.770998124188
           112.9200     -7.7000       29.763780900840
           112.9300     -7.7000       29.759172168944
           112.9400     -7.7000       29.756672656457
           112.9500     -7.7000       29.755603018558
           112.9600     -7.7000       29.755184345682
           112.9700     -7.7000       29.754624157634
           112.9800     -7.7000       29.753198080875
           112.9900     -7.7000       29.750318735570
           113.0000     -7.7000       29.745585525435
           112.0000     -7.7100       27.233533155370
           112.0100     -7.7100       27.226164534294
           112.0200     -7.7100       27.223990992420
           112.0300     -7.7100       27.227010885882
           112.0400     -7.7100       27.235193608170
           112.0500     -7.7100       27.248497307424
           112.0600     -7.7100       27.266884275768
           112.0700     -7.7100       27.290330806377
           112.0800     -7.7100       27.318829203228
           112.0900     -7.7100       27.352380976957
           112.1000     -7.7100       27.390981866270
           112.1100     -7.7100       27.434600937950
           112.1200     -7.7100       27.483157377654
           112.1300     -7.7100       27.536499452685
           112.1400     -7.7100       27.594390333639
           112.1500     -7.7100       27.656504921777
           112.1600     -7.7100       27.722440567597
           112.1700     -7.7100       27.791742716648
           112.1800     -7.7100       27.863944309162
           112.1900     -7.7100       27.938615486168
           112.2000     -7.7100       28.015418141165
           112.2100     -7.7100       28.094158413101
           112.2200     -7.7100       28.174829594764
           112.2300     -7.7100       28.257638285417
           112.2400     -7.7100       28.343007979372
           112.2500     -7.7100       28.431556550349
           112.2600     -7.7100       28.524047034364
           112.2700     -7.7100       28.621314396124
           112.2800     -7.7100       28.724174184490
           112.2900     -7.7100       28.833321723084
           112.3000     -7.7100       28.949232360825
           112.3100     -7.7100       29.072074029635
           112.3200     -7.7100       29.201642757953
           112.3300     -7.7100       29.337329861368
           112.3400     -7.7100       29.478126433635
           112.3500     -7.7100       29.622666804343
           112.3600     -7.7100       29.769308247416
           112.3700     -7.7100       29.916239925049
           112.3800     -7.7100       30.061610356471
           112.3900     -7.7100       30.203660083020
           112.4000     -7.7100       30.340845024224
           112.4100     -7.7100       30.471936490301
           112.4200     -7.7100       30.596085952539
           112.4300     -7.7100       30.712846293902
           112.4400     -7.7100       30.822146004300
           112.4500     -7.7100       30.924218137534
           112.4600     -7.7100       31.019491208518
           112.4700     -7.7100       31.108453955729
           112.4800     -7.7100       31.191509450673
           112.4900     -7.7100       31.268835948608
           112.5000     -7.7100       31.340271863544
           112.5100     -7.7100       31.405240249916
           112.5200     -7.7100       31.462724344063
           112.5300     -7.7100       31.511300435678
           112.5400     -7.7100       31.549228153140
           112.5500     -7.7100       31.574591824703
           112.5600     -7.7100       31.585480630045
           112.5700     -7.7100       31.580190457112
           112.5800     -7.7100       31.557427286608
           112.5900     -7.7100       31.516490920980
           112.6000     -7.7100       31.457419111751
           112.6100     -7.7100       31.381075528686
           112.6200     -7.7100       31.289170229056
           112.6300     -7.7100       31.184207793588
           112.6400     -7.7100       31.069365419740
           112.6500     -7.7100       30.948310252591
           112.6600     -7.7100       30.824971349020
           112.6700     -7.7100       30.703286263946
           112.6800     -7.7100       30.586944833067
           112.6900     -7.7100       30.479153035838
           112.7000     -7.7100       30.382437830696
           112.7100     -7.7100       30.298509783241
           112.7200     -7.7100       30.228194598261
           112.7300     -7.7100       30.171437928955
           112.7400     -7.7100       30.127380783068
           112.7500     -7.7100       30.094496210127
           112.7600     -7.7100       30.070772412479
           112.7700     -7.7100       30.053923521451
           112.7800     -7.7100       30.041607377607
           112.7900     -7.7100       30.031629888180
           112.8000     -7.7100       30.022117811689
           112.8100     -7.7100       30.011645831182
           112.8200     -7.7100       29.999309040516
           112.8300     -7.7100       29.984737882779
           112.8400     -7.7100       29.968058499526
           112.8500     -7.7100       29.949806752151
           112.8600     -7.7100       29.930808333246
           112.8700     -7.7100       29.912040013931
           112.8800     -7.7100       29.894487973838
           112.8900     -7.7100       29.879018331644
           112.9000     -7.7100       29.866272622513
           112.9100     -7.7100       29.856597399997
           112.9200     -7.7100       29.850012832194
           112.9300     -7.7100       29.846220629100
           112.9400     -7.7100       29.844647389335
           112.9500     -7.7100       29.844515936430
           112.9600     -7.7100       29.844934765746
           112.9700     -7.7100       29.844994539036
           112.9800     -7.7100       29.843860686047
           112.9900     -7.7100       29.840852491738
           113.0000     -7.7100       29.835501325890
           112.0000     -7.7200       27.273809075037
           112.0100     -7.7200       27.265954556076
           112.0200     -7.7200       27.263521081064
           112.0300     -7.7200       27.266455801268
           112.0400     -7.7200       27.274684028403
           112.0500     -7.7200       27.288128809707
           112.0600     -7.7200       27.306727366487
           112.0700     -7.7200       27.330441109007
           112.0800     -7.7200       27.359256908609
           112.0900     -7.7200       27.393178743693
           112.1000     -7.7200       27.432210528606
           112.1100     -7.7200       27.476332623345
           112.1200     -7.7200       27.525475935185
           112.1300     -7.7200       27.579498416838
           112.1400     -7.7200       27.638168960584
           112.1500     -7.7200       27.701163099685
           112.1600     -7.7200       27.768073584305
           112.1700     -7.7200       27.838436939122
           112.1800     -7.7200       27.911774772994
           112.1900     -7.7200       27.987646206721
           112.2000     -7.7200       28.065705653340
           112.2100     -7.7200       28.145758651524
           112.2200     -7.7200       28.227807780879
           112.2300     -7.7200       28.312081042001
           112.2400     -7.7200       28.399036499707
           112.2500     -7.7200       28.489339359674
           112.2600     -7.7200       28.583810737854
           112.2700     -7.7200       28.683350838819
           112.2800     -7.7200       28.788842664237
           112.2900     -7.7200       28.901045286696
           112.3000     -7.7200       29.020487744420
           112.3100     -7.7200       29.147375426111
           112.3200     -7.7200       29.281520243748
           112.3300     -7.7200       29.422303919859
           112.3400     -7.7200       29.568680503404
           112.3500     -7.7200       29.719220095729
           112.3600     -7.7200       29.872191165551
           112.3700     -7.7200       30.025674289767
           112.3800     -7.7200       30.177696223330
           112.3900     -7.7200       30.326370376562
           112.4000     -7.7200       30.470028450684
           112.4100     -7.7200       30.607328378169
           112.4200     -7.7200       30.737325863111
           112.4300     -7.7200       30.859500540177
           112.4400     -7.7200       30.973732697140
           112.4500     -7.7200       31.080232107325
           112.4600     -7.7200       31.179426167308
           112.4700     -7.7200       31.271819576751
           112.4800     -7.7200       31.357841623845
           112.4900     -7.7200       31.437699265238
           112.5000     -7.7200       31.511254308219
           112.5100     -7.7200       31.577941031839
           112.5200     -7.7200       31.636736676779
           112.5300     -7.7200       31.686191770955
           112.5400     -7.7200       31.724520806546
           112.5500     -7.7200       31.749747038930
           112.5600     -7.7200       31.759888883457
           112.5700     -7.7200       31.753170253762
           112.5800     -7.7200       31.728233812143
           112.5900     -7.7200       31.684334901428
           112.6000     -7.7200       31.621495078379
           112.6100     -7.7200       31.540597594107
           112.6200     -7.7200       31.443412539006
           112.6300     -7.7200       31.332546142911
           112.6400     -7.7200       31.211316191417
           112.6500     -7.7200       31.083562900711
           112.6600     -7.7200       30.953411104395
           112.6700     -7.7200       30.825004555849
           112.6800     -7.7200       30.702236014309
           112.6900     -7.7200       30.588497261666
           112.7000     -7.7200       30.486471245393
           112.7100     -7.7200       30.397984376500
           112.7200     -7.7200       30.323931079525
           112.7300     -7.7200       30.264275627486
           112.7400     -7.7200       30.218128844137
           112.7500     -7.7200       30.183890194572
           112.7600     -7.7200       30.159439834432
           112.7700     -7.7200       30.142360937058
           112.7800     -7.7200       30.130170463039
           112.7900     -7.7200       30.120536641647
           112.8000     -7.7200       30.111463718305
           112.8100     -7.7200       30.101428676599
           112.8200     -7.7200       30.089460168206
           112.8300     -7.7200       30.075156150769
           112.8400     -7.7200       30.058643056854
           112.8500     -7.7200       30.040485031076
           112.8600     -7.7200       30.021556304025
           112.8700     -7.7200       30.002892698634
           112.8800     -7.7200       29.985539357076
           112.8900     -7.7200       29.970411013259
           112.9000     -7.7200       29.958178699034
           112.9100     -7.7200       29.949193016375
           112.9200     -7.7200       29.943449513620
           112.9300     -7.7200       29.940596818299
           112.9400     -7.7200       29.939983550556
           112.9500     -7.7200       29.940736158446
           112.9600     -7.7200       29.941857056474
           112.9700     -7.7200       29.942331040642
           112.9800     -7.7200       29.941227960563
           112.9900     -7.7200       29.937790952424
           113.0000     -7.7200       29.931501934463
           112.0000     -7.7300       27.316067213195
           112.0100     -7.7300       27.307863577772
           112.0200     -7.7300       27.305315522843
           112.0300     -7.7300       27.308302075052
           112.0400     -7.7300       27.316689203693
           112.0500     -7.7300       27.330352315946
           112.0600     -7.7300       27.349194600938
           112.0700     -7.7300       27.373157784883
           112.0800     -7.7300       27.402222925059
           112.0900     -7.7300       27.436400416576
           112.1000     -7.7300       27.475710190733
           112.1100     -7.7300       27.520154874991
           112.1200     -7.7300       27.569690177924
           112.1300     -7.7300       27.624197703272
           112.1400     -7.7300       27.683465598877
           112.1500     -7.7300       27.747181820893
           112.1600     -7.7300       27.814943369552
           112.1700     -7.7300       27.886282776255
           112.1800     -7.7300       27.960710642984
           112.1900     -7.7300       28.037770478054
           112.2000     -7.7300       28.117099793995
           112.2100     -7.7300       28.198489776368
           112.2200     -7.7300       28.281935076238
           112.2300     -7.7300       28.367665599859
           112.2400     -7.7300       28.456153608980
           112.2500     -7.7300       28.548091899524
           112.2600     -7.7300       28.644342049633
           112.2700     -7.7300       28.745855358183
           112.2800     -7.7300       28.853572694192
           112.2900     -7.7300       28.968312585730
           112.3000     -7.7300       29.090659068769
           112.3100     -7.7300       29.220861758138
           112.3200     -7.7300       29.358760098925
           112.3300     -7.7300       29.503741781879
           112.3400     -7.7300       29.654742016370
           112.3500     -7.7300       29.810286075486
           112.3600     -7.7300       29.968572723840
           112.3700     -7.7300       30.127591360395
           112.3800     -7.7300       30.285261529526
           112.3900     -7.7300       30.439580401176
           112.4000     -7.7300       30.588762310360
           112.4100     -7.7300       30.731354725773
           112.4200     -7.7300       30.866317131770
           112.4300     -7.7300       30.993053086178
           112.4400     -7.7300       31.111390783187
           112.4500     -7.7300       31.221513264631
           112.4600     -7.7300       31.323845335320
           112.4700     -7.7300       31.418909565078
           112.4800     -7.7300       31.507167862845
           112.4900     -7.7300       31.588867468683
           112.5000     -7.7300       31.663910494779
           112.5100     -7.7300       31.731764252530
           112.5200     -7.7300       31.791425672593
           112.5300     -7.7300       31.841447538414
           112.5400     -7.7300       31.880027590355
           112.5500     -7.7300       31.905154533390
           112.5600     -7.7300       31.914798371353
           112.5700     -7.7300       31.907127041151
           112.5800     -7.7300       31.880727664007
           112.5900     -7.7300       31.834809313385
           112.6000     -7.7300       31.769365226231
           112.6100     -7.7300       31.685275794598
           112.6200     -7.7300       31.584339144222
           112.6300     -7.7300       31.469223081132
           112.6400     -7.7300       31.343339942121
           112.6500     -7.7300       31.210653603837
           112.6600     -7.7300       31.075434770248
           112.6700     -7.7300       30.941985939456
           112.6800     -7.7300       30.814360587000
           112.6900     -7.7300       30.696101762667
           112.7000     -7.7300       30.590023415998
           112.7100     -7.7300       30.498053548700
           112.7200     -7.7300       30.421152194243
           112.7300     -7.7300       30.359309896742
           112.7400     -7.7300       30.311624576825
           112.7500     -7.7300       30.276447243841
           112.7600     -7.7300       30.251580702859
           112.7700     -7.7300       30.234510840248
           112.7800     -7.7300       30.222647683837
           112.7900     -7.7300       30.213553412005
           112.8000     -7.7300       30.205136763784
           112.8100     -7.7300       30.195797569482
           112.8200     -7.7300       30.184510866116
           112.8300     -7.7300       30.170846630341
           112.8400     -7.7300       30.154927834267
           112.8500     -7.7300       30.137335601849
           112.8600     -7.7300       30.118975102253
           112.8700     -7.7300       30.100919003620
           112.8800     -7.7300       30.084246567572
           112.8900     -7.7300       30.069895753367
           112.9000     -7.7300       30.058543197790
           112.9100     -7.7300       30.050523006169
           112.9200     -7.7300       30.045790432749
           112.9300     -7.7300       30.043931322008
           112.9400     -7.7300       30.044213211575
           112.9500     -7.7300       30.045669789064
           112.9600     -7.7300       30.047207362584
           112.9700     -7.7300       30.047720406639
           112.9800     -7.7300       30.046203165131
           112.9900     -7.7300       30.041845640218
           113.0000     -7.7300       30.034104824434
           112.0000     -7.7400       27.360119456173
           112.0100     -7.7400       27.351697287427
           112.0200     -7.7400       27.349171587971
           112.0300     -7.7400       27.352337296029
           112.0400     -7.7400       27.360986551619
           112.0500     -7.7400       27.374935212588
           112.0600     -7.7400       27.394044007091
           112.0700     -7.7400       27.418230658822
           112.0800     -7.7400       27.447470502988
           112.0900     -7.7400       27.481784791528
           112.1000     -7.7400       27.521217830986
           112.1100     -7.7400       27.565806019204
           112.1200     -7.7400       27.615543449064
           112.1300     -7.7400       27.670349761117
           112.1400     -7.7400       27.730046155796
           112.1500     -7.7400       27.794344826457
           112.1600     -7.7400       27.862855574916
           112.1700     -7.7400       27.935111173219
           112.1800     -7.7400       28.010610400205
           112.1900     -7.7400       28.088874948421
           112.2000     -7.7400       28.169513941661
           112.2100     -7.7400       28.252287987603
           112.2200     -7.7400       28.337163812130
           112.2300     -7.7400       28.424350772800
           112.2400     -7.7400       28.514311980948
           112.2500     -7.7400       28.607745273890
           112.2600     -7.7400       28.705532621332
           112.2700     -7.7400       28.808660350363
           112.2800     -7.7400       28.918116376587
           112.2900     -7.7400       29.034773953026
           112.3000     -7.7400       29.159273844167
           112.3100     -7.7400       29.291917942932
           112.3200     -7.7400       29.432586957484
           112.3300     -7.7400       29.580692862468
           112.3400     -7.7400       29.735173484137
           112.3500     -7.7400       29.894532198109
           112.3600     -7.7400       30.056920736391
           112.3700     -7.7400       30.220258095286
           112.3800     -7.7400       30.382374105222
           112.3900     -7.7400       30.541162922492
           112.4000     -7.7400       30.694729974121
           112.4100     -7.7400       30.841516004374
           112.4200     -7.7400       30.980383898960
           112.4300     -7.7400       31.110657741231
           112.4400     -7.7400       31.232108710210
           112.4500     -7.7400       31.344888413898
           112.4600     -7.7400       31.449416396549
           112.4700     -7.7400       31.546234156869
           112.4800     -7.7400       31.635842396706
           112.4900     -7.7400       31.718540837588
           112.5000     -7.7400       31.794290433040
           112.5100     -7.7400       31.862616040218
           112.5200     -7.7400       31.922563722418
           112.5300     -7.7400       31.972721209138
           112.5400     -7.7400       32.011303227155
           112.5500     -7.7400       32.036296166847
           112.5600     -7.7400       32.045649662438
           112.5700     -7.7400       32.037496919956
           112.5800     -7.7400       32.010381688775
           112.5900     -7.7400       31.963468119367
           112.6000     -7.7400       31.896710614196
           112.6100     -7.7400       31.810964118434
           112.6200     -7.7400       31.708020796865
           112.6300     -7.7400       31.590566145987
           112.6400     -7.7400       31.462055557129
           112.6500     -7.7400       31.326520337592
           112.6600     -7.7400       31.188319363400
           112.6700     -7.7400       31.051858115181
           112.6800     -7.7400       30.921300242745
           112.6900     -7.7400       30.800297653384
           112.7000     -7.7400       30.691763336588
           112.7100     -7.7400       30.597706918884
           112.7200     -7.7400       30.519146741403
           112.7300     -7.7400       30.456104731912
           112.7400     -7.7400       30.407682299064
           112.7500     -7.7400       30.372207751359
           112.7600     -7.7400       30.347439132652
           112.7700     -7.7400       30.330801533262
           112.7800     -7.7400       30.319635342223
           112.7900     -7.7400       30.311431764842
           112.8000     -7.7400       30.304034187223
           112.8100     -7.7400       30.295788317936
           112.8200     -7.7400       30.285629954459
           112.8300     -7.7400       30.273106034010
           112.8400     -7.7400       30.258331587024
           112.8500     -7.7400       30.241891578356
           112.8600     -7.7400       30.224701748755
           112.8700     -7.7400       30.207845967575
           112.8800     -7.7400       30.192408994040
           112.8900     -7.7400       30.179322865205
           112.9000     -7.7400       30.169242557353
           112.9100     -7.7400       30.162462475234
           112.9200     -7.7400       30.158880230511
           112.9300     -7.7400       30.158008681387
           112.9400     -7.7400       30.159031937248
           112.9500     -7.7400       30.160896546787
           112.9600     -7.7400       30.162425830331
           112.9700     -7.7400       30.162443571762
           112.9800     -7.7400       30.159893152959
           112.9900     -7.7400       30.153939609251
           113.0000     -7.7400       30.144044757241
           112.0000     -7.7500       27.405672949773
           112.0100     -7.7500       27.397159001662
           112.0200     -7.7500       27.394785038557
           112.0300     -7.7500       27.398247694863
           112.0400     -7.7500       27.407252297936
           112.0500     -7.7500       27.421544496815
           112.0600     -7.7500       27.440935135673
           112.0700     -7.7500       27.465314402058
           112.0800     -7.7500       27.494652595519
           112.0900     -7.7500       27.528986700706
           112.1000     -7.7500       27.568394061921
           112.1100     -7.7500       27.612956540593
           112.1200     -7.7500       27.662720278076
           112.1300     -7.7500       27.717657300246
           112.1400     -7.7500       27.777635478965
           112.1500     -7.7500       27.842402707389
           112.1600     -7.7500       27.911589577482
           112.1700     -7.7500       27.984732525287
           112.1800     -7.7500       28.061316604160
           112.1900     -7.7500       28.140834113826
           112.2000     -7.7500       28.222852649204
           112.2100     -7.7500       28.307084121166
           112.2200     -7.7500       28.393445261419
           112.2300     -7.7500       28.482100265222
           112.2400     -7.7500       28.573477614327
           112.2500     -7.7500       28.668255664405
           112.2600     -7.7500       28.767315025735
           112.2700     -7.7500       28.871659731595
           112.2800     -7.7500       28.982313204505
           112.2900     -7.7500       29.100198592511
           112.3000     -7.7500       29.226015681600
           112.3100     -7.7500       29.360127912822
           112.3200     -7.7500       29.502472803996
           112.3300     -7.7500       29.652507236745
           112.3400     -7.7500       29.809195756387
           112.3500     -7.7500       29.971045569253
           112.3600     -7.7500       30.136186789105
           112.3700     -7.7500       30.302491264828
           112.3800     -7.7500       30.467718635138
           112.3900     -7.7500       30.629674684664
           112.4000     -7.7500       30.786365091833
           112.4100     -7.7500       30.936127564196
           112.4200     -7.7500       31.077727239444
           112.4300     -7.7500       31.210403947429
           112.4400     -7.7500       31.333865114425
           112.4500     -7.7500       31.448224194144
           112.4600     -7.7500       31.553890851665
           112.4700     -7.7500       31.651424977205
           112.4800     -7.7500       31.741371270322
           112.4900     -7.7500       31.824094031819
           112.5000     -7.7500       31.899632537441
           112.5100     -7.7500       31.967595789373
           112.5200     -7.7500       32.027111655603
           112.5300     -7.7500       32.076839776555
           112.5400     -7.7500       32.115050726375
           112.5500     -7.7500       32.139766504537
           112.5600     -7.7500       32.148950320258
           112.5700     -7.7500       32.140727620742
           112.5800     -7.7500       32.113616100752
           112.5900     -7.7500       32.066740524572
           112.6000     -7.7500       32.000008852846
           112.6100     -7.7500       31.914229376601
           112.6200     -7.7500       31.811154016923
           112.6300     -7.7500       31.693440098020
           112.6400     -7.7500       31.564530998205
           112.6500     -7.7500       31.428464271254
           112.6600     -7.7500       31.289623236930
           112.6700     -7.7500       31.152453871203
           112.6800     -7.7500       31.021172458826
           112.6900     -7.7500       30.899490514839
           112.7000     -7.7500       30.790381828074
           112.7100     -7.7500       30.695912309805
           112.7200     -7.7500       30.617147094524
           112.7300     -7.7500       30.554141705888
           112.7400     -7.7500       30.506015880633
           112.7500     -7.7500       30.471100701713
           112.7600     -7.7500       30.447142851887
           112.7700     -7.7500       30.431544752647
           112.7800     -7.7500       30.421616588393
           112.7900     -7.7500       30.414815966152
           112.8000     -7.7500       30.408953186562
           112.8100     -7.7500       30.402344498059
           112.8200     -7.7500       30.393901744604
           112.8300     -7.7500       30.383153808066
           112.8400     -7.7500       30.370202418558
           112.8500     -7.7500       30.355621494357
           112.8600     -7.7500       30.340314501201
           112.8700     -7.7500       30.325347873590
           112.8800     -7.7500       30.311780014528
           112.8900     -7.7500       30.300504719464
           112.9000     -7.7500       30.292125225542
           112.9100     -7.7500       30.286870847533
           112.9200     -7.7500       30.284562863679
           112.9300     -7.7500       30.284630586424
           112.9400     -7.7500       30.286173040601
           112.9500     -7.7500       30.288056965849
           112.9600     -7.7500       30.289038432897
           112.9700     -7.7500       30.287893520826
           112.9800     -7.7500       30.283543358313
           112.9900     -7.7500       30.275160304529
           113.0000     -7.7500       30.262244877368
           112.0000     -7.7600       27.452322728894
           112.0100     -7.7600       27.443843481844
           112.0200     -7.7600       27.441745252165
           112.0300     -7.7600       27.445614611938
           112.0400     -7.7600       27.455059250960
           112.0500     -7.7600       27.469745754000
           112.0600     -7.7600       27.489429079910
           112.0700     -7.7600       27.513969383968
           112.0800     -7.7600       27.543333290074
           112.0900     -7.7600       27.577578738025
           112.1000     -7.7600       27.616824839012
           112.1100     -7.7600       27.661210448856
           112.1200     -7.7600       27.710847078825
           112.1300     -7.7600       27.765773007194
           112.1400     -7.7600       27.825915807186
           112.1500     -7.7600       27.891069857523
           112.1600     -7.7600       27.960893772639
           112.1700     -7.7600       28.034930240316
           112.1800     -7.7600       28.112647766732
           112.1900     -7.7600       28.193500674838
           112.2000     -7.7600       28.277000798233
           112.2100     -7.7600       28.362792067086
           112.2200     -7.7600       28.450717939348
           112.2300     -7.7600       28.540871621146
           112.2400     -7.7600       28.633620328049
           112.2500     -7.7600       28.729597380182
           112.2600     -7.7600       28.829659450979
           112.2700     -7.7600       28.934810413413
           112.2800     -7.7600       29.046097463314
           112.2900     -7.7600       29.164489021124
           112.3000     -7.7600       29.290746820201
           112.3100     -7.7600       29.425306169560
           112.3200     -7.7600       29.568178364309
           112.3300     -7.7600       29.718887524931
           112.3400     -7.7600       29.876450896562
           112.3500     -7.7600       30.039407147348
           112.3600     -7.7600       30.205891952285
           112.3700     -7.7600       30.373754730193
           112.3800     -7.7600       30.540705456385
           112.3900     -7.7600       30.704476610821
           112.4000     -7.7600       30.862983044114
           112.4100     -7.7600       31.014462184469
           112.4200     -7.7600       31.157578684097
           112.4300     -7.7600       31.291481193262
           112.4400     -7.7600       31.415804102259
           112.4500     -7.7600       31.530613258534
           112.4600     -7.7600       31.636301162470
           112.4700     -7.7600       31.733443225177
           112.4800     -7.7600       31.822631614491
           112.4900     -7.7600       31.904306411475
           112.5000     -7.7600       31.978604824544
           112.5100     -7.7600       32.045247876346
           112.5200     -7.7600       32.103480371361
           112.5300     -7.7600       32.152074414993
           112.5400     -7.7600       32.189399862628
           112.5500     -7.7600       32.213557573304
           112.5600     -7.7600       32.222564057437
           112.5700     -7.7600       32.214569864927
           112.5800     -7.7600       32.188089581853
           112.5900     -7.7600       32.142219129187
           112.6000     -7.7600       32.076816475730
           112.6100     -7.7600       31.992624895406
           112.6200     -7.7600       31.891323233309
           112.6300     -7.7600       31.775494752477
           112.6400     -7.7600       31.648514269816
           112.6500     -7.7600       31.514361590065
           112.6600     -7.7600       31.377376822138
           112.6700     -7.7600       31.241979197218
           112.6800     -7.7600       31.112374852209
           112.6900     -7.7600       30.992280281728
           112.7000     -7.7600       30.884686665089
           112.7100     -7.7600       30.791686206416
           112.7200     -7.7600       30.714375427097
           112.7300     -7.7600       30.652842688221
           112.7400     -7.7600       30.606238915654
           112.7500     -7.7600       30.572922431460
           112.7600     -7.7600       30.550661805145
           112.7700     -7.7600       30.536875440624
           112.7800     -7.7600       30.528883718943
           112.7900     -7.7600       30.524149174517
           112.8000     -7.7600       30.520482365903
           112.8100     -7.7600       30.516195511704
           112.8200     -7.7600       30.510192066469
           112.8300     -7.7600       30.501987510604
           112.8400     -7.7600       30.491663934874
           112.8500     -7.7600       30.479767728780
           112.8600     -7.7600       30.467165135383
           112.8700     -7.7600       30.454874078094
           112.8800     -7.7600       30.443892178820
           112.8900     -7.7600       30.435040197123
           112.9000     -7.7600       30.428837396331
           112.9100     -7.7600       30.425420970553
           112.9200     -7.7600       30.424516197421
           112.9300     -7.7600       30.425458063386
           112.9400     -7.7600       30.427259410906
           112.9500     -7.7600       30.428715794461
           112.9600     -7.7600       30.428533698344
           112.9700     -7.7600       30.425466885724
           112.9800     -7.7600       30.418445537990
           112.9900     -7.7600       30.406684424605
           113.0000     -7.7600       30.389759350194
           112.0000     -7.7700       27.499558871455
           112.0100     -7.7700       27.491244527910
           112.0200     -7.7700       27.489543512532
           112.0300     -7.7700       27.493923618924
           112.0400     -7.7700       27.503886775545
           112.0500     -7.7700       27.519013905885
           112.0600     -7.7700       27.538999833782
           112.0700     -7.7700       27.563673405109
           112.0800     -7.7700       27.592999624886
           112.0900     -7.7700       27.627062827204
           112.1000     -7.7700       27.666032423310
           112.1100     -7.7700       27.710115269992
           112.1200     -7.7700       27.759500810218
           112.1300     -7.7700       27.814306539364
           112.1400     -7.7700       27.874531801931
           112.1500     -7.7700       27.940027301799
           112.1600     -7.7700       28.010486029945
           112.1700     -7.7700       28.085458738432
           112.1800     -7.7700       28.164393909423
           112.1900     -7.7700       28.246698771765
           112.2000     -7.7700       28.331814744397
           112.2100     -7.7700       28.419298169536
           112.2200     -7.7700       28.508895710663
           112.2300     -7.7700       28.600603588108
           112.2400     -7.7700       28.694701012984
           112.2500     -7.7700       28.791750688779
           112.2600     -7.7700       28.892562837123
           112.2700     -7.7700       28.998123477821
           112.2800     -7.7700       29.109492154620
           112.2900     -7.7700       29.227678400081
           112.3000     -7.7700       29.353509446752
           112.3100     -7.7700       29.487503574423
           112.3200     -7.7700       29.629763735704
           112.3300     -7.7700       29.779904613169
           112.3400     -7.7700       29.937023128281
           112.3500     -7.7700       30.099717947480
           112.3600     -7.7700       30.266158192399
           112.3700     -7.7700       30.434195961149
           112.3800     -7.7700       30.601512063205
           112.3900     -7.7700       30.765780196258
           112.4000     -7.7700       30.924832184109
           112.4100     -7.7700       31.076806217044
           112.4200     -7.7700       31.220261439644
           112.4300     -7.7700       31.354245623065
           112.4400     -7.7700       31.478307708421
           112.4500     -7.7700       31.592453177628
           112.4600     -7.7700       31.697046812266
           112.4700     -7.7700       31.792673682264
           112.4800     -7.7700       31.879974423063
           112.4900     -7.7700       31.959474374211
           112.5000     -7.7700       32.031427506671
           112.5100     -7.7700       32.095695041744
           112.5200     -7.7700       32.151675312228
           112.5300     -7.7700       32.198296056818
           112.5400     -7.7700       32.234073530747
           112.5500     -7.7700       32.257235296723
           112.5600     -7.7700       32.265896165094
           112.5700     -7.7700       32.258270318494
           112.5800     -7.7700       32.232897929085
           112.5900     -7.7700       32.188862121645
           112.6000     -7.7700       32.125972272993
           112.6100     -7.7700       32.044892401530
           112.6200     -7.7700       31.947198531415
           112.6300     -7.7700       31.835355888672
           112.6400     -7.7700       31.712614865902
           112.6500     -7.7700       31.582833014021
           112.6600     -7.7700       31.450237986031
           112.6700     -7.7700       31.319152538894
           112.6800     -7.7700       31.193706724370
           112.6900     -7.7700       31.077563832032
           112.7000     -7.7700       30.973685333933
           112.7100     -7.7700       30.884156166392
           112.7200     -7.7700       30.810085597421
           112.7300     -7.7700       30.751591329034
           112.7400     -7.7700       30.707866190952
           112.7500     -7.7700       30.677318681630
           112.7600     -7.7700       30.657771557925
           112.7700     -7.7700       30.646697394602
           112.7800     -7.7700       30.641467053880
           112.7900     -7.7700       30.639586589547
           112.8000     -7.7700       30.638900242840
           112.8100     -7.7700       30.637741575403
           112.8200     -7.7700       30.635020897491
           112.8300     -7.7700       30.630244282527
           112.8400     -7.7700       30.623466815599
           112.8500     -7.7700       30.615189505614
           112.8600     -7.7700       30.606214787512
           112.8700     -7.7700       30.597479204568
           112.8800     -7.7700       30.589883363041
           112.8900     -7.7700       30.584138512681
           112.9000     -7.7700       30.580646297173
           112.9100     -7.7700       30.579423730896
           112.9200     -7.7700       30.580079855244
           112.9300     -7.7700       30.581844473572
           112.9400     -7.7700       30.583643545784
           112.9500     -7.7700       30.584210873941
           112.9600     -7.7700       30.582222137373
           112.9700     -7.7700       30.576435472025
           112.9800     -7.7700       30.565822760378
           112.9900     -7.7700       30.549677520626
           113.0000     -7.7700       30.527688479864
           112.0000     -7.7800       27.546787967374
           112.0100     -7.7800       27.538776099155
           112.0200     -7.7800       27.537594157270
           112.0300     -7.7800       27.542585915144
           112.0400     -7.7800       27.553142517714
           112.0500     -7.7800       27.568755216280
           112.0600     -7.7800       27.589056423292
           112.0700     -7.7800       27.613843710632
           112.0800     -7.7800       27.643083174576
           112.0900     -7.7800       27.676891024530
           112.1000     -7.7800       27.715495022300
           112.1100     -7.7800       27.759180141810
           112.1200     -7.7800       27.808225156737
           112.1300     -7.7800       27.862838451029
           112.1400     -7.7800       27.923101923440
           112.1500     -7.7800       27.988931283002
           112.1600     -7.7800       28.060059316116
           112.1700     -7.7800       28.136046008381
           112.1800     -7.7800       28.216316025140
           112.1900     -7.7800       28.300220399119
           112.2000     -7.7800       28.387115803883
           112.2100     -7.7800       28.476451970192
           112.2200     -7.7800       28.567856030064
           112.2300     -7.7800       28.661202136955
           112.2400     -7.7800       28.756655739118
           112.2500     -7.7800       28.854684325966
           112.2600     -7.7800       28.956030091001
           112.2700     -7.7800       29.061644366906
           112.2800     -7.7800       29.172588378476
           112.2900     -7.7800       29.289909259336
           112.3000     -7.7800       29.414503831701
           112.3100     -7.7800       29.546984878071
           112.3200     -7.7800       29.687565206116
           112.3300     -7.7800       29.835973578705
           112.3400     -7.7800       29.991413620102
           112.3500     -7.7800       30.152572400218
           112.3600     -7.7800       30.317680011239
           112.3700     -7.7800       30.484615690225
           112.3800     -7.7800       30.651050579422
           112.3900     -7.7800       30.814612712362
           112.4000     -7.7800       30.973056835419
           112.4100     -7.7800       31.124420624784
           112.4200     -7.7800       31.267149924494
           112.4300     -7.7800       31.400178753634
           112.4400     -7.7800       31.522954705958
           112.4500     -7.7800       31.635406473241
           112.4600     -7.7800       31.737856884871
           112.4700     -7.7800       31.830891307284
           112.4800     -7.7800       31.915196729110
           112.4900     -7.7800       31.991390706398
           112.5000     -7.7800       32.059861066546
           112.5100     -7.7800       32.120636614207
           112.5200     -7.7800       32.173306062766
           112.5300     -7.7800       32.216997320137
           112.5400     -7.7800       32.250422622576
           112.5500     -7.7800       32.271987558234
           112.5600     -7.7800       32.279954584649
           112.5700     -7.7800       32.272645066511
           112.5800     -7.7800       32.248658904195
           112.5900     -7.7800       32.207088080453
           112.6000     -7.7800       32.147700271691
           112.6100     -7.7800       32.071071116671
           112.6200     -7.7800       31.978648580005
           112.6300     -7.7800       31.872739589686
           112.6400     -7.7800       31.756417049580
           112.6500     -7.7800       31.633353574232
           112.6600     -7.7800       31.507595967655
           112.6700     -7.7800       31.383300731987
           112.6800     -7.7800       31.264455060806
           112.6900     -7.7800       31.154609390244
           112.7000     -7.7800       31.056646473991
           112.7100     -7.7800       30.972608240486
           112.7200     -7.7800       30.903595791065
           112.7300     -7.7800       30.849750453079
           112.7400     -7.7800       30.810315622176
           112.7500     -7.7800       30.783771095705
           112.7600     -7.7800       30.768024570887
           112.7700     -7.7800       30.760639691966
           112.7800     -7.7800       30.759077014126
           112.7900     -7.7800       30.760923785005
           112.8000     -7.7800       30.764090519836
           112.8100     -7.7800       30.766956678278
           112.8200     -7.7800       30.768453813653
           112.8300     -7.7800       30.768081655092
           112.8400     -7.7800       30.765859901486
           112.8500     -7.7800       30.762225250825
           112.8600     -7.7800       30.757888643047
           112.8700     -7.7800       30.753671305957
           112.8800     -7.7800       30.750339630116
           112.8900     -7.7800       30.748458079608
           112.9000     -7.7800       30.748276443943
           112.9100     -7.7800       30.749663150759
           112.9200     -7.7800       30.752090661670
           112.9300     -7.7800       30.754672840298
           112.9400     -7.7800       30.756248311503
           112.9500     -7.7800       30.755498867489
           112.9600     -7.7800       30.751088436218
           112.9700     -7.7800       30.741806346793
           112.9800     -7.7800       30.726698730092
           112.9900     -7.7800       30.705173788902
           113.0000     -7.7800       30.677070070780
           112.0000     -7.7900       27.593366889633
           112.0100     -7.7900       27.585805003478
           112.0200     -7.7900       27.585266649338
           112.0300     -7.7900       27.590970071932
           112.0400     -7.7900       27.602193950427
           112.0500     -7.7900       27.618338621949
           112.0600     -7.7900       27.638973883171
           112.0700     -7.7900       27.663867375339
           112.0800     -7.7900       27.692989534161
           112.0900     -7.7900       27.726493746550
           112.1000     -7.7900       27.764673384853
           112.1100     -7.7900       27.807900400737
           112.1200     -7.7900       27.856552751542
           112.1300     -7.7900       27.910939731954
           112.1400     -7.7900       27.971235009507
           112.1500     -7.7900       28.037426657141
           112.1600     -7.7900       28.109291737360
           112.1700     -7.7900       28.186400179265
           112.1800     -7.7900       28.268149108452
           112.1900     -7.7900       28.353824861712
           112.2000     -7.7900       28.442686129752
           112.2100     -7.7900       28.534058513183
           112.2200     -7.7900       28.627428683659
           112.2300     -7.7900       28.722525631882
           112.2400     -7.7900       28.819377315144
           112.2500     -7.7900       28.918333360121
           112.2600     -7.7900       29.020048111879
           112.2700     -7.7900       29.125422856731
           112.2800     -7.7900       29.235510965658
           112.2900     -7.7900       29.351394418481
           112.3000     -7.7900       29.474044090955
           112.3100     -7.7900       29.604178805350
           112.3200     -7.7900       29.742139088052
           112.3300     -7.7900       29.887790663722
           112.3400     -7.7900       30.040469981951
           112.3500     -7.7900       30.198979778324
           112.3600     -7.7900       30.361637273605
           112.3700     -7.7900       30.526371716517
           112.3800     -7.7900       30.690862260957
           112.3900     -7.7900       30.852702320077
           112.4000     -7.7900       31.009573157341
           112.4100     -7.7900       31.159408000860
           112.4200     -7.7900       31.300528630186
           112.4300     -7.7900       31.431739165092
           112.4400     -7.7900       31.552366413429
           112.4500     -7.7900       31.662242114623
           112.4600     -7.7900       31.761629079633
           112.4700     -7.7900       31.851099814027
           112.4800     -7.7900       31.931381946165
           112.4900     -7.7900       32.003188978152
           112.5000     -7.7900       32.067057008905
           112.5100     -7.7900       32.123207852337
           112.5200     -7.7900       32.171456363856
           112.5300     -7.7900       32.211175046282
           112.5400     -7.7900       32.241322635035
           112.5500     -7.7900       32.260536062701
           112.5600     -7.7900       32.267277794674
           112.5700     -7.7900       32.260023856303
           112.5800     -7.7900       32.237472712193
           112.5900     -7.7900       32.198752122791
           112.6000     -7.7900       32.143600570841
           112.6100     -7.7900       32.072501919713
           112.6200     -7.7900       31.986756442015
           112.6300     -7.7900       31.888477771485
           112.6400     -7.7900       31.780512992546
           112.6500     -7.7900       31.666291153746
           112.6600     -7.7900       31.549613086280
           112.6700     -7.7900       31.434401689285
           112.6800     -7.7900       31.324436116105
           112.6900     -7.7900       31.223095089791
           112.7000     -7.7900       31.133133696318
           112.7100     -7.7900       31.056514552475
           112.7200     -7.7900       30.994308607792
           112.7300     -7.7900       30.946673642073
           112.7400     -7.7900       30.912910554963
           112.7500     -7.7900       30.891589682211
           112.7600     -7.7900       30.880732464234
           112.7700     -7.7900       30.878028569775
           112.7800     -7.7900       30.881065577719
           112.7900     -7.7900       30.887547825977
           112.8000     -7.7900       30.895483048515
           112.8100     -7.7900       30.903319663406
           112.8200     -7.7900       30.910023528211
           112.8300     -7.7900       30.915089947605
           112.8400     -7.7900       30.918493908974
           112.8500     -7.7900       30.920588136378
           112.8600     -7.7900       30.921963878361
           112.8700     -7.7900       30.923292830052
           112.8800     -7.7900       30.925169905661
           112.8900     -7.7900       30.927975646829
           112.9000     -7.7900       30.931774052866
           112.9100     -7.7900       30.936256955023
           112.9200     -7.7900       30.940740307511
           112.9300     -7.7900       30.944211615347
           112.9400     -7.7900       30.945421868614
           112.9500     -7.7900       30.943010451605
           112.9600     -7.7900       30.935648061187
           112.9700     -7.7900       30.922181035174
           112.9800     -7.7900       30.901760776628
           112.9900     -7.7900       30.873944060700
           113.0000     -7.7900       30.838753622943
           112.0000     -7.8000       27.638645248837
           112.0100     -7.8000       27.631691678769
           112.0200     -7.8000       27.631925200241
           112.0300     -7.8000       27.638440830448
           112.0400     -7.8000       27.650406507507
           112.0500     -7.8000       27.667133211284
           112.0600     -7.8000       27.688129960275
           112.0700     -7.8000       27.713137011041
           112.0800     -7.8000       27.742132738377
           112.0900     -7.8000       27.775312567309
           112.1000     -7.8000       27.813041627164
           112.1100     -7.8000       27.855786095176
           112.1200     -7.8000       27.904031062081
           112.1300     -7.8000       27.958194788525
           112.1400     -7.8000       28.018550120194
           112.1500     -7.8000       28.085163414843
           112.1600     -7.8000       28.157859590264
           112.1700     -7.8000       28.236218983282
           112.1800     -7.8000       28.319607928031
           112.1900     -7.8000       28.407240753316
           112.2000     -7.8000       28.498266773638
           112.2100     -7.8000       28.591872328265
           112.2200     -7.8000       28.687385475681
           112.2300     -7.8000       28.784369930448
           112.2400     -7.8000       28.882695425900
           112.2500     -7.8000       28.982573896002
           112.2600     -7.8000       29.084554489840
           112.2700     -7.8000       29.189475077424
           112.2800     -7.8000       29.298373049947
           112.2900     -7.8000       29.412363255086
           112.3000     -7.8000       29.532495223166
           112.3100     -7.8000       29.659604884569
           112.3200     -7.8000       29.794177339574
           112.3300     -7.8000       29.936236695995
           112.3400     -7.8000       30.085276537641
           112.3500     -7.8000       30.240240457108
           112.3600     -7.8000       30.399556717363
           112.3700     -7.8000       30.561225096435
           112.3800     -7.8000       30.722948010084
           112.3900     -7.8000       30.882292802700
           112.4000     -7.8000       31.036868279422
           112.4100     -7.8000       31.184496606121
           112.4200     -7.8000       31.323361901546
           112.4300     -7.8000       31.452119213528
           112.4400     -7.8000       31.569951878376
           112.4500     -7.8000       31.676571045724
           112.4600     -7.8000       31.772157762530
           112.4700     -7.8000       31.857254692236
           112.4800     -7.8000       31.932620517633
           112.4900     -7.8000       31.999064627486
           112.5000     -7.8000       32.057282259913
           112.5100     -7.8000       32.107710534556
           112.5200     -7.8000       32.150423680426
           112.5300     -7.8000       32.185081463487
           112.5400     -7.8000       32.210938801308
           112.5500     -7.8000       32.226917490949
           112.5600     -7.8000       32.231733670816
           112.5700     -7.8000       32.224067926691
           112.5800     -7.8000       32.202759617117
           112.5900     -7.8000       32.167003665529
           112.6000     -7.8000       32.116527153204
           112.6100     -7.8000       32.051724683104
           112.6200     -7.8000       31.973735514131
           112.6300     -7.8000       31.884451457965
           112.6400     -7.8000       31.786451830162
           112.6500     -7.8000       31.682869544654
           112.6600     -7.8000       31.577199868070
           112.6700     -7.8000       31.473069577791
           112.6800     -7.8000       31.373988600524
           112.6900     -7.8000       31.283108164184
           112.7000     -7.8000       31.203008861035
           112.7100     -7.8000       31.135538871517
           112.7200     -7.8000       31.081717294752
           112.7300     -7.8000       31.041710671240
           112.7400     -7.8000       31.014883133531
           112.7500     -7.8000       30.999913030722
           112.7600     -7.8000       30.994962176005
           112.7700     -7.8000       30.997878786695
           112.7800     -7.8000       31.006412256019
           112.7900     -7.8000       31.018417399685
           112.8000     -7.8000       31.032027764774
           112.8100     -7.8000       31.045781706671
           112.8200     -7.8000       31.058690725664
           112.8300     -7.8000       31.070246324724
           112.8400     -7.8000       31.080368624127
           112.8500     -7.8000       31.089306361042
           112.8600     -7.8000       31.097503011047
           112.8700     -7.8000       31.105447053588
           112.8800     -7.8000       31.113525544394
           112.8900     -7.8000       31.121899085812
           112.9000     -7.8000       31.130413184844
           112.9100     -7.8000       31.138556268086
           112.9200     -7.8000       31.145468865260
           112.9300     -7.8000       31.150002362883
           112.9400     -7.8000       31.150819971570
           112.9500     -7.8000       31.146527788457
           112.9600     -7.8000       31.135820581768
           112.9700     -7.8000       31.117625501531
           112.9800     -7.8000       31.091227434691
           112.9900     -7.8000       31.056362056413
           113.0000     -7.8000       31.013266461654
           112.0000     -7.8100       27.682011712635
           112.0100     -7.8100       27.675834456898
           112.0200     -7.8100       27.676971501299
           112.0300     -7.8100       27.684400643433
           112.0400     -7.8100       27.697184109938
           112.0500     -7.8100       27.714547758911
           112.0600     -7.8100       27.735943555479
           112.0700     -7.8100       27.761087919558
           112.0800     -7.8100       27.789970865856
           112.0900     -7.8100       27.822833980567
           112.1000     -7.8100       27.860118854242
           112.1100     -7.8100       27.902391184488
           112.1200     -7.8100       27.950248917938
           112.1300     -7.8100       28.004225093958
           112.1400     -7.8100       28.064697147251
           112.1500     -7.8100       28.131814124105
           112.1600     -7.8100       28.205451536491
           112.1700     -7.8100       28.285200567291
           112.1800     -7.8100       28.370394364237
           112.1900     -7.8100       28.460169669349
           112.2000     -7.8100       28.553557557925
           112.2100     -7.8100       28.649593158938
           112.2200     -7.8100       28.747431400911
           112.2300     -7.8100       28.846454464717
           112.2400     -7.8100       28.946356952484
           112.2500     -7.8100       29.047196825829
           112.2600     -7.8100       29.149403744246
           112.2700     -7.8100       29.253741169181
           112.2800     -7.8100       29.361223961603
           112.2900     -7.8100       29.472998567492
           112.3000     -7.8100       29.590197613251
           112.3100     -7.8100       29.713784235242
           112.3200     -7.8100       29.844403288292
           112.3300     -7.8100       29.982256449182
           112.3400     -7.8100       30.127016111114
           112.3500     -7.8100       30.277789048537
           112.3600     -7.8100       30.433135532219
           112.3700     -7.8100       30.591143480342
           112.3800     -7.8100       30.749551038769
           112.3900     -7.8100       30.905905416030
           112.4000     -7.8100       31.057741520663
           112.4100     -7.8100       31.202761486254
           112.4200     -7.8100       31.338995844496
           112.4300     -7.8100       31.464928994300
           112.4400     -7.8100       31.579575531628
           112.4500     -7.8100       31.682499524528
           112.4600     -7.8100       31.773775319710
           112.4700     -7.8100       31.853895205105
           112.4800     -7.8100       31.923635442908
           112.4900     -7.8100       31.983897098992
           112.5000     -7.8100       32.035541137249
           112.5100     -7.8100       32.079238043120
           112.5200     -7.8100       32.115350669911
           112.5300     -7.8100       32.143865220806
           112.5400     -7.8100       32.164379705283
           112.5500     -7.8100       32.176152471398
           112.5600     -7.8100       32.178206287425
           112.5700     -7.8100       32.169476752549
           112.5800     -7.8100       32.148988338379
           112.5900     -7.8100       32.116037747348
           112.6000     -7.8100       32.070362955973
           112.6100     -7.8100       32.012277462327
           112.6200     -7.8100       31.942752765674
           112.6300     -7.8100       31.863437586853
           112.6400     -7.8100       31.776609177232
           112.6500     -7.8100       31.685059489858
           112.6600     -7.8100       31.591926158270
           112.6700     -7.8100       31.500484333602
           112.6800     -7.8100       31.413919778625
           112.6900     -7.8100       31.335105719255
           112.7000     -7.8100       31.266405578066
           112.7100     -7.8100       31.209520911996
           112.7200     -7.8100       31.165398974997
           112.7300     -7.8100       31.134207889869
           112.7400     -7.8100       31.115380176090
           112.7500     -7.8100       31.107718160823
           112.7600     -7.8100       31.109548406796
           112.7700     -7.8100       31.118907428658
           112.7800     -7.8100       31.133738160965
           112.7900     -7.8100       31.152076167436
           112.8000     -7.8100       31.172206453784
           112.8100     -7.8100       31.192775708869
           112.8200     -7.8100       31.212850360316
           112.8300     -7.8100       31.231917326514
           112.8400     -7.8100       31.249831017487
           112.8500     -7.8100       31.266716217708
           112.8600     -7.8100       31.282841292513
           112.8700     -7.8100       31.298479174102
           112.8800     -7.8100       31.313774498537
           112.8900     -7.8100       31.328634024418
           112.9000     -7.8100       31.342654259719
           112.9100     -7.8100       31.355095469658
           112.9200     -7.8100       31.364905518742
           112.9300     -7.8100       31.370790995248
           112.9400     -7.8100       31.371327473935
           112.9500     -7.8100       31.365096226287
           112.9600     -7.8100       31.350831684509
           112.9700     -7.8100       31.327562813891
           112.9800     -7.8100       31.294732335616
           112.9900     -7.8100       31.252280332247
           113.0000     -7.8100       31.200682822484
           112.0000     -7.8200       27.722938728889
           112.0100     -7.8200       27.717712102825
           112.0200     -7.8200       27.719885565003
           112.0300     -7.8200       27.728329139002
           112.0400     -7.8200       27.742007415786
           112.0500     -7.8200       27.760067787850
           112.0600     -7.8200       27.781910512357
           112.0700     -7.8200       27.807232440613
           112.0800     -7.8200       27.836038729080
           112.0900     -7.8200       27.868620195443
           112.1000     -7.8200       27.905497832501
           112.1100     -7.8200       27.947339888306
           112.1200     -7.8200       27.994860378534
           112.1300     -7.8200       28.048710462712
           112.1400     -7.8200       28.109375426172
           112.1500     -7.8200       28.177089841096
           112.1600     -7.8200       28.251781783813
           112.1700     -7.8200       28.333053900425
           112.1800     -7.8200       28.420204955288
           112.1900     -7.8200       28.512290728589
           112.2000     -7.8200       28.608218305252
           112.2100     -7.8200       28.706863500682
           112.2200     -7.8200       28.807197939803
           112.2300     -7.8200       28.908410574033
           112.2400     -7.8200       29.010008449201
           112.2500     -7.8200       29.111883384491
           112.2600     -7.8200       29.214334729235
           112.2700     -7.8200       29.318043166800
           112.2800     -7.8200       29.423996102500
           112.2900     -7.8200       29.533370867527
           112.3000     -7.8200       29.647387122698
           112.3100     -7.8200       29.767143830180
           112.3200     -7.8200       29.893458476945
           112.3300     -7.8200       30.026726565129
           112.3400     -7.8200       30.166817643750
           112.3500     -7.8200       30.313020498761
           112.3600     -7.8200       30.464044929028
           112.3700     -7.8200       30.618081387715
           112.3800     -7.8200       30.772913358568
           112.3900     -7.8200       30.926071404735
           112.4000     -7.8200       31.075013070063
           112.4100     -7.8200       31.217309798234
           112.4200     -7.8200       31.350821136370
           112.4300     -7.8200       31.473837836382
           112.4400     -7.8200       31.585178927248
           112.4500     -7.8200       31.684233023412
           112.4600     -7.8200       31.770940470305
           112.4700     -7.8200       31.845719679503
           112.4800     -7.8200       31.909347390163
           112.4900     -7.8200       31.962807863366
           112.5000     -7.8200       32.007129550416
           112.5100     -7.8200       32.043229152674
           112.5200     -7.8200       32.071782037415
           112.5300     -7.8200       32.093134792024
           112.5400     -7.8200       32.107270650354
           112.5500     -7.8200       32.113832193729
           112.5600     -7.8200       32.112198851492
           112.5700     -7.8200       32.101610105936
           112.5800     -7.8200       32.081319720282
           112.5900     -7.8200       32.050762413843
           112.6000     -7.8200       32.009712667222
           112.6100     -7.8200       31.958415962732
           112.6200     -7.8200       31.897675686076
           112.6300     -7.8200       31.828883800591
           112.6400     -7.8200       31.753989692067
           112.6500     -7.8200       31.675408543687
           112.6600     -7.8200       31.595877432813
           112.6700     -7.8200       31.518273256149
           112.6800     -7.8200       31.445410907795
           112.6900     -7.8200       31.379842364245
           112.7000     -7.8200       31.323677223855
           112.7100     -7.8200       31.278442830487
           112.7200     -7.8200       31.244997674119
           112.7300     -7.8200       31.223505829249
           112.7400     -7.8200       31.213473457905
           112.7500     -7.8200       31.213841647613
           112.7600     -7.8200       31.223123850264
           112.7700     -7.8200       31.239571614403
           112.7800     -7.8200       31.261349666114
           112.7900     -7.8200       31.286700966485
           112.8000     -7.8200       31.314084170333
           112.8100     -7.8200       31.342269686434
           112.8200     -7.8200       31.370385822070
           112.8300     -7.8200       31.397912643975
           112.8400     -7.8200       31.424627472036
           112.8500     -7.8200       31.450511605682
           112.8600     -7.8200       31.475632311771
           112.8700     -7.8200       31.500016780639
           112.8800     -7.8200       31.523535400027
           112.8900     -7.8200       31.545810264233
           112.9000     -7.8200       31.566161530396
           112.9100     -7.8200       31.583599473373
           112.9200     -7.8200       31.596864455859
           112.9300     -7.8200       31.604511193754
           112.9400     -7.8200       31.605028342226
           112.9500     -7.8200       31.596980170937
           112.9600     -7.8200       31.579154414077
           112.9700     -7.8200       31.550699557095
           112.9800     -7.8200       31.511235922058
           112.9900     -7.8200       31.460927778907
           113.0000     -7.8200       31.400507982798
           112.0000     -7.8300       27.761020220891
           112.0100     -7.8300       27.756919462766
           112.0200     -7.8300       27.760259734132
           112.0300     -7.8300       27.769815755379
           112.0400     -7.8300       27.784465211174
           112.0500     -7.8300       27.803285731592
           112.0600     -7.8300       27.825632474834
           112.0700     -7.8300       27.851187368689
           112.0800     -7.8300       27.879973684148
           112.0900     -7.8300       27.912333172152
           112.1000     -7.8300       27.948867108699
           112.1100     -7.8300       27.990346788281
           112.1200     -7.8300       28.037602769340
           112.1300     -7.8300       28.091405025166
           112.1400     -7.8300       28.152347696384
           112.1500     -7.8300       28.220752127532
           112.1600     -7.8300       28.296600230983
           112.1700     -7.8300       28.379507083669
           112.1800     -7.8300       28.468737340672
           112.1900     -7.8300       28.563265015898
           112.2000     -7.8300       28.661871008997
           112.2100     -7.8300       28.763268062014
           112.2200     -7.8300       28.866239185747
           112.2300     -7.8300       28.969773474060
           112.2400     -7.8300       29.073182926988
           112.2500     -7.8300       29.176185524358
           112.2600     -7.8300       29.278943198785
           112.2700     -7.8300       29.382048202375
           112.2800     -7.8300       29.486457116947
           112.2900     -7.8300       29.593377773614
           112.3000     -7.8300       29.704119927477
           112.3100     -7.8300       29.819925015693
           112.3200     -7.8300       29.941793164982
           112.3300     -7.8300       30.070326442373
           112.3400     -7.8300       30.205606023385
           112.3500     -7.8300       30.347117596693
           112.3600     -7.8300       30.493734284914
           112.3700     -7.8300       30.643760191129
           112.3800     -7.8300       30.795031073535
           112.3900     -7.8300       30.945062359701
           112.4000     -7.8300       31.091229463030
           112.4100     -7.8300       31.230961769376
           112.4200     -7.8300       31.361930146854
           112.4300     -7.8300       31.482208583810
           112.4400     -7.8300       31.590393503192
           112.4500     -7.8300       31.685669105292
           112.4600     -7.8300       31.767813205667
           112.4700     -7.8300       31.837144756581
           112.4800     -7.8300       31.894420791382
           112.4900     -7.8300       31.940696152745
           112.5000     -7.8300       31.977163406284
           112.5100     -7.8300       32.004992333924
           112.5200     -7.8300       32.025188119883
           112.5300     -7.8300       32.038484826423
           112.5400     -7.8300       32.045286309410
           112.5500     -7.8300       32.045660874692
           112.5600     -7.8300       32.039389418885
           112.5700     -7.8300       32.026060307826
           112.5800     -7.8300       32.005198588259
           112.5900     -7.8300       31.976412968205
           112.6000     -7.8300       31.939541825001
           112.6100     -7.8300       31.894779556777
           112.6200     -7.8300       31.842766868170
           112.6300     -7.8300       31.784632796638
           112.6400     -7.8300       31.721981936157
           112.6500     -7.8300       31.656826727139
           112.6600     -7.8300       31.591471095254
           112.6700     -7.8300       31.528357381868
           112.6800     -7.8300       31.469892752762
           112.6900     -7.8300       31.418273609586
           112.7000     -7.8300       31.375326698744
           112.7100     -7.8300       31.342383612198
           112.7200     -7.8300       31.320201458027
           112.7300     -7.8300       31.308937124115
           112.7400     -7.8300       31.308176410829
           112.7500     -7.8300       31.317013100296
           112.7600     -7.8300       31.334167493463
           112.7700     -7.8300       31.358129726496
           112.7800     -7.8300       31.387310757019
           112.7900     -7.8300       31.420183550954
           112.8000     -7.8300       31.455398716745
           112.8100     -7.8300       31.491862392738
           112.8200     -7.8300       31.528769145845
           112.8300     -7.8300       31.565588374558
           112.8400     -7.8300       31.602008530303
           112.8500     -7.8300       31.637848678709
           112.8600     -7.8300       31.672950899054
           112.8700     -7.8300       31.707069301846
           112.8800     -7.8300       31.739771774779
           112.8900     -7.8300       31.770368925088
           112.9000     -7.8300       31.797881285502
           112.9100     -7.8300       31.821051112324
           112.9200     -7.8300       31.838399602417
           112.9300     -7.8300       31.848324749841
           112.9400     -7.8300       31.849230016388
           112.9500     -7.8300       31.839670093510
           112.9600     -7.8300       31.818497734519
           112.9700     -7.8300       31.784995191275
           112.9800     -7.8300       31.738975235414
           112.9900     -7.8300       31.680839897121
           113.0000     -7.8300       31.611589536598
           112.0000     -7.8400       27.795997507498
           112.0100     -7.8400       27.793191729325
           112.0200     -7.8400       27.797821587127
           112.0300     -7.8400       27.808581468147
           112.0400     -7.8400       27.824275036195
           112.0500     -7.8400       27.843920448355
           112.0600     -7.8400       27.866835216576
           112.0700     -7.8400       27.892690989658
           112.0800     -7.8400       27.921531261196
           112.0900     -7.8400       27.953748754181
           112.1000     -7.8400       27.990023595440
           112.1100     -7.8400       28.031227876827
           112.1200     -7.8400       28.078306267955
           112.1300     -7.8400       28.132145485082
           112.1400     -7.8400       28.193447209772
           112.1500     -7.8400       28.262619212065
           112.1600     -7.8400       28.339697874572
           112.1700     -7.8400       28.424312148798
           112.1800     -7.8400       28.515694513494
           112.1900     -7.8400       28.612739224879
           112.2000     -7.8400       28.714102643099
           112.2100     -7.8400       28.818335328840
           112.2200     -7.8400       28.924031541002
           112.2300     -7.8400       29.029979240656
           112.2400     -7.8400       29.135293061876
           112.2500     -7.8400       29.239514077844
           112.2600     -7.8400       29.342663469375
           112.2700     -7.8400       29.445242063716
           112.2800     -7.8400       29.548173632069
           112.2900     -7.8400       29.652696156046
           112.3000     -7.8400       29.760211276605
           112.3100     -7.8400       29.872107126163
           112.3200     -7.8400       29.989573122567
           112.3300     -7.8400       30.113426655653
           112.3400     -7.8400       30.243970734126
           112.3500     -7.8400       30.380898646808
           112.3600     -7.8400       30.523256841741
           112.3700     -7.8400       30.669471068525
           112.3800     -7.8400       30.817434049508
           112.3900     -7.8400       30.964646307770
           112.4000     -7.8400       31.108396037288
           112.4100     -7.8400       31.245959708050
           112.4200     -7.8400       31.374802935528
           112.4300     -7.8400       31.492761256829
           112.4400     -7.8400       31.598182830486
           112.4500     -7.8400       31.690019437351
           112.4600     -7.8400       31.767858001794
           112.4700     -7.8400       31.831891500211
           112.4800     -7.8400       31.882834811418
           112.4900     -7.8400       31.921797023198
           112.5000     -7.8400       31.950126261866
           112.5100     -7.8400       31.969245746384
           112.5200     -7.8400       31.980500201693
           112.5300     -7.8400       31.985029973881
           112.5400     -7.8400       31.983686410207
           112.5500     -7.8400       31.976996768940
           112.5600     -7.8400       31.965180751210
           112.5700     -7.8400       31.948214440394
           112.5800     -7.8400       31.925931742923
           112.5900     -7.8400       31.898149016030
           112.6000     -7.8400       31.864795951066
           112.6100     -7.8400       31.826035244712
           112.6200     -7.8400       31.782355171991
           112.6300     -7.8400       31.734622657505
           112.6400     -7.8400       31.684089382563
           112.6500     -7.8400       31.632349252747
           112.6600     -7.8400       31.581251475334
           112.6700     -7.8400       31.532778842096
           112.6800     -7.8400       31.488904941575
           112.6900     -7.8400       31.451446451313
           112.7000     -7.8400       31.421927111601
           112.7100     -7.8400       31.401468427073
           112.7200     -7.8400       31.390718794067
           112.7300     -7.8400       31.389828038523
           112.7400     -7.8400       31.398468861215
           112.7500     -7.8400       31.415901102397
           112.7600     -7.8400       31.441069739266
           112.7700     -7.8400       31.472723721244
           112.7800     -7.8400       31.509540582798
           112.7900     -7.8400       31.550241498829
           112.8000     -7.8400       31.593683077292
           112.8100     -7.8400       31.638915497864
           112.8200     -7.8400       31.685201179755
           112.8300     -7.8400       31.731993420333
           112.8400     -7.8400       31.778879733462
           112.8500     -7.8400       31.825499277337
           112.8600     -7.8400       31.871447221530
           112.8700     -7.8400       31.916180737153
           112.8800     -7.8400       31.958941278153
           112.8900     -7.8400       31.998705957547
           112.9000     -7.8400       32.034177336445
           112.9100     -7.8400       32.063816257872
           112.9200     -7.8400       32.085917037394
           112.9300     -7.8400       32.098719008188
           112.9400     -7.8400       32.100543746683
           112.9500     -7.8400       32.089943834361
           112.9600     -7.8400       32.065847155120
           112.9700     -7.8400       32.027680706585
           112.9800     -7.8400       31.975459721776
           112.9900     -7.8400       31.909831343836
           113.0000     -7.8400       31.832066772498
           112.0000     -7.8500       27.827770029444
           112.0100     -7.8500       27.826414105928
           112.0200     -7.8500       27.832442697328
           112.0300     -7.8500       27.844486722602
           112.0400     -7.8500       27.861290299039
           112.0500     -7.8500       27.881823472461
           112.0600     -7.8500       27.905373954424
           112.0700     -7.8500       27.931607376159
           112.0800     -7.8500       27.960588382893
           112.0900     -7.8500       27.992758796149
           112.1000     -7.8500       28.028873658129
           112.1100     -7.8500       28.069900727390
           112.1200     -7.8500       28.116893358083
           112.1300     -7.8500       28.170850125518
           112.1400     -7.8500       28.232576606195
           112.1500     -7.8500       28.302565074878
           112.1600     -7.8500       28.380906429014
           112.1700     -7.8500       28.467245487223
           112.1800     -7.8500       28.560786236554
           112.1900     -7.8500       28.660348104005
           112.2000     -7.8500       28.764468509155
           112.2100     -7.8500       28.871541482650
           112.2200     -7.8500       28.979977656168
           112.2300     -7.8500       29.088367993195
           112.2400     -7.8500       29.195632621754
           112.2500     -7.8500       29.301137221201
           112.2600     -7.8500       29.404762536524
           112.2700     -7.8500       29.506917439262
           112.2800     -7.8500       29.608492011281
           112.2900     -7.8500       29.710753732566
           112.3000     -7.8500       29.815196266581
           112.3100     -7.8500       29.923355824953
           112.3200     -7.8500       30.036614019340
           112.3300     -7.8500       30.156008003572
           112.3400     -7.8500       30.282068330927
           112.3500     -7.8500       30.414702313832
           112.3600     -7.8500       30.553136048553
           112.3700     -7.8500       30.695922156714
           112.3800     -7.8500       30.841013372660
           112.3900     -7.8500       30.985895140974
           112.4000     -7.8500       31.127764159490
           112.4100     -7.8500       31.263735005855
           112.4200     -7.8500       31.391054152941
           112.4300     -7.8500       31.507300119203
           112.4400     -7.8500       31.610550263227
           112.4500     -7.8500       31.699498601132
           112.4600     -7.8500       31.773514545854
           112.4700     -7.8500       31.832638998111
           112.4800     -7.8500       31.877521009381
           112.4900     -7.8500       31.909304515249
           112.5000     -7.8500       31.929479698812
           112.5100     -7.8500       31.939716834281
           112.5200     -7.8500       31.941701639392
           112.5300     -7.8500       31.936990141504
           112.5400     -7.8500       31.926898004645
           112.5500     -7.8500       31.912434576642
           112.5600     -7.8500       31.894286185029
           112.5700     -7.8500       31.872847137609
           112.5800     -7.8500       31.848291195680
           112.5900     -7.8500       31.820671652182
           112.6000     -7.8500       31.790035091640
           112.6100     -7.8500       31.756532761479
           112.6200     -7.8500       31.720514336530
           112.6300     -7.8500       31.682591557543
           112.6400     -7.8500       31.643663396244
           112.6500     -7.8500       31.604899497457
           112.6600     -7.8500       31.567684023623
           112.6700     -7.8500       31.533527007403
           112.6800     -7.8500       31.503954293769
           112.6900     -7.8500       31.480389648845
           112.7000     -7.8500       31.464043345803
           112.7100     -7.8500       31.455820449268
           112.7200     -7.8500       31.456259278906
           112.7300     -7.8500       31.465506514223
           112.7400     -7.8500       31.483330635944
           112.7500     -7.8500       31.509170501712
           112.7600     -7.8500       31.542211451922
           112.7700     -7.8500       31.581477992495
           112.7800     -7.8500       31.625930224291
           112.7900     -7.8500       31.674551012498
           112.8000     -7.8500       31.726412425343
           112.8100     -7.8500       31.780713013979
           112.8200     -7.8500       31.836781658016
           112.8300     -7.8500       31.894048427576
           112.8400     -7.8500       31.951987604428
           112.8500     -7.8500       32.010042057230
           112.8600     -7.8500       32.067541054305
           112.8700     -7.8500       32.123624941863
           112.8800     -7.8500       32.177189728316
           112.8900     -7.8500       32.226862523701
           112.9000     -7.8500       32.271015226861
           112.9100     -7.8500       32.307819253598
           112.9200     -7.8500       32.335339009439
           112.9300     -7.8500       32.351656846812
           112.9400     -7.8500       32.355018012746
           112.9500     -7.8500       32.343981109096
           112.9600     -7.8500       32.317558224983
           112.9700     -7.8500       32.275329340761
           112.9800     -7.8500       32.217517812146
           112.9900     -7.8500       32.145017481452
           113.0000     -7.8500       32.059366811328
           112.0000     -7.8600       27.856389218246
           112.0100     -7.8600       27.856615353824
           112.0200     -7.8600       27.864131862736
           112.0300     -7.8600       27.877524309536
           112.0400     -7.8600       27.895492728230
           112.0500     -7.8600       27.916970956047
           112.0600     -7.8600       27.941224695440
           112.0700     -7.8600       27.967917081655
           112.0800     -7.8600       27.997133395830
           112.0900     -7.8600       28.029360591510
           112.1000     -7.8600       28.065422081292
           112.1100     -7.8600       28.106373232021
           112.1200     -7.8600       28.153367659276
           112.1300     -7.8600       28.207508127990
           112.1400     -7.8600       28.269698173980
           112.1500     -7.8600       28.340511125761
           112.1600     -7.8600       28.420091885620
           112.1700     -7.8600       28.508103698914
           112.1800     -7.8600       28.603727493023
           112.1900     -7.8600       28.705715683055
           112.2000     -7.8600       28.812496239356
           112.2100     -7.8600       28.922316980131
           112.2200     -7.8600       29.033415169408
           112.2300     -7.8600       29.144194154409
           112.2400     -7.8600       29.253387394104
           112.2500     -7.8600       29.360191024100
           112.2600     -7.8600       29.464349038486
           112.2700     -7.8600       29.566179966741
           112.2800     -7.8600       29.666540083774
           112.2900     -7.8600       29.766725048490
           112.3000     -7.8600       29.868318663891
           112.3100     -7.8600       29.973003426781
           112.3200     -7.8600       30.082352006451
           112.3300     -7.8600       30.197621239398
           112.3400     -7.8600       30.319570353867
           112.3500     -7.8600       30.448322905773
           112.3600     -7.8600       30.583287543609
           112.3700     -7.8600       30.723146693222
           112.3800     -7.8600       30.865915221657
           112.3900     -7.8600       31.009063875037
           112.4000     -7.8600       31.149695587707
           112.4100     -7.8600       31.284757362972
           112.4200     -7.8600       31.411266915525
           112.4300     -7.8600       31.526532013147
           112.4400     -7.8600       31.628341574881
           112.4500     -7.8600       31.715110921393
           112.4600     -7.8600       31.785968729015
           112.4700     -7.8600       31.840779610458
           112.4800     -7.8600       31.880103102487
           112.4900     -7.8600       31.905096410965
           112.5000     -7.8600       31.917373820609
           112.5100     -7.8600       31.918839624921
           112.5200     -7.8600       31.911513372462
           112.5300     -7.8600       31.897366000863
           112.5400     -7.8600       31.878183135454
           112.5500     -7.8600       31.855467798926
           112.5600     -7.8600       31.830389539380
           112.5700     -7.8600       31.803781190570
           112.5800     -7.8600       31.776178830779
           112.5900     -7.8600       31.747895667879
           112.6000     -7.8600       31.719117092943
           112.6100     -7.8600       31.690002379131
           112.6200     -7.8600       31.660778602192
           112.6300     -7.8600       31.631814237934
           112.6400     -7.8600       31.603663248380
           112.6500     -7.8600       31.577074826958
           112.6600     -7.8600       31.552968748285
           112.6700     -7.8600       31.532380839525
           112.6800     -7.8600       31.516386880698
           112.6900     -7.8600       31.506015788917
           112.7000     -7.8600       31.502163955021
           112.7100     -7.8600       31.505521993849
           112.7200     -7.8600       31.516523066367
           112.7300     -7.8600       31.535318649596
           112.7400     -7.8600       31.561783633846
           112.7500     -7.8600       31.595548466885
           112.7600     -7.8600       31.636052306229
           112.7700     -7.8600       31.682608288787
           112.7800     -7.8600       31.734470462457
           112.7900     -7.8600       31.790891854427
           112.8000     -7.8600       31.851164584335
           112.8100     -7.8600       31.914635675990
           112.8200     -7.8600       31.980695913283
           112.8300     -7.8600       32.048743231656
           112.8400     -7.8600       32.118126179802
           112.8500     -7.8600       32.188076378977
           112.8600     -7.8600       32.257641180028
           112.8700     -7.8600       32.325628540926
           112.8800     -7.8600       32.390575372598
           112.8900     -7.8600       32.450748283411
           112.9000     -7.8600       32.504182045226
           112.9100     -7.8600       32.548756626590
           112.9200     -7.8600       32.582308827660
           112.9300     -7.8600       32.602769994098
           112.9400     -7.8600       32.608317549051
           112.9500     -7.8600       32.597525638371
           112.9600     -7.8600       32.569499359419
           112.9700     -7.8600       32.523977973360
           112.9800     -7.8600       32.461395112542
           112.9900     -7.8600       32.382888016929
           113.0000     -7.8600       32.290252827386
           112.0000     -7.8700       27.882035885684
           112.0100     -7.8700       27.883945660719
           112.0200     -7.8700       27.893013305162
           112.0300     -7.8700       27.907797741612
           112.0400     -7.8700       27.926970776786
           112.0500     -7.8700       27.949441969300
           112.0600     -7.8700       27.974462337014
           112.0700     -7.8700       28.001694999175
           112.0800     -7.8700       28.031243720664
           112.0900     -7.8700       28.063634436755
           112.1000     -7.8700       28.099749769951
           112.1100     -7.8700       28.140721766761
           112.1200     -7.8700       28.187792981476
           112.1300     -7.8700       28.242160024981
           112.1400     -7.8700       28.304816269158
           112.1500     -7.8700       28.376411187133
           112.1600     -7.8700       28.457142647028
           112.1700     -7.8700       28.546695415306
           112.1800     -7.8700       28.644234442494
           112.1900     -7.8700       28.748455675679
           112.2000     -7.8700       28.857690794446
           112.2100     -7.8700       28.970056106453
           112.2200     -7.8700       29.083630572365
           112.2300     -7.8700       29.196644182196
           112.2400     -7.8700       29.307656143994
           112.2500     -7.8700       29.415702824302
           112.2600     -7.8700       29.520398101640
           112.2700     -7.8700       29.621973508183
           112.2800     -7.8700       29.721251758645
           112.2900     -7.8700       29.819554336773
           112.3000     -7.8700       29.918550959134
           112.3100     -7.8700       30.020065172822
           112.3200     -7.8700       30.125855346473
           112.3300     -7.8700       30.237393313055
           112.3400     -7.8700       30.355663566509
           112.3500     -7.8700       30.481004110729
           112.3600     -7.8700       30.613005988481
           112.3700     -7.8700       30.750482612725
           112.3800     -7.8700       30.891512920840
           112.3900     -7.8700       31.033554843917
           112.4000     -7.8700       31.173618444812
           112.4100     -7.8700       31.308482099784
           112.4200     -7.8700       31.434930915926
           112.4300     -7.8700       31.549994622612
           112.4400     -7.8700       31.651162630880
           112.4500     -7.8700       31.736556731618
           112.4600     -7.8700       31.805046657052
           112.4700     -7.8700       31.856299902181
           112.4800     -7.8700       31.890764088278
           112.4900     -7.8700       31.909586980300
           112.5000     -7.8700       31.914485299578
           112.5100     -7.8700       31.907578068085
           112.5200     -7.8700       31.891202925927
           112.5300     -7.8700       31.867734453283
           112.5400     -7.8700       31.839422023275
           112.5500     -7.8700       31.808261374507
           112.5600     -7.8700       31.775909383570
           112.5700     -7.8700       31.743646042998
           112.5800     -7.8700       31.712382078306
           112.5900     -7.8700       31.682705622460
           112.6000     -7.8700       31.654957467045
           112.6100     -7.8700       31.629322028220
           112.6200     -7.8700       31.605920502868
           112.6300     -7.8700       31.584893727771
           112.6400     -7.8700       31.566464765346
           112.6500     -7.8700       31.550974822957
           112.6600     -7.8700       31.538890251764
           112.6700     -7.8700       31.530782499907
           112.6800     -7.8700       31.527286473839
           112.6900     -7.8700       31.529045344868
           112.7000     -7.8700       31.536651128363
           112.7100     -7.8700       31.550590246404
           112.7200     -7.8700       31.571201839922
           112.7300     -7.8700       31.598654080303
           112.7400     -7.8700       31.632940539464
           112.7500     -7.8700       31.673895292012
           112.7600     -7.8700       31.721222341619
           112.7700     -7.8700       31.774532635103
           112.7800     -7.8700       31.833380691029
           112.7900     -7.8700       31.897292908948
           112.8000     -7.8700       31.965780945265
           112.8100     -7.8700       32.038335966582
           112.8200     -7.8700       32.114402788610
           112.8300     -7.8700       32.193336433043
           112.8400     -7.8700       32.274346986740
           112.8500     -7.8700       32.356441340261
           112.8600     -7.8700       32.438372006963
           112.8700     -7.8700       32.518603503301
           112.8800     -7.8700       32.595305601224
           112.8900     -7.8700       32.666380228721
           112.9000     -7.8700       32.729525160143
           112.9100     -7.8700       32.782333319764
           112.9200     -7.8700       32.822422036852
           112.9300     -7.8700       32.847582491744
           112.9400     -7.8700       32.855936401947
           112.9500     -7.8700       32.846085139685
           112.9600     -7.8700       32.817236220679
           112.9700     -7.8700       32.769293544202
           112.9800     -7.8700       32.702900782180
           112.9900     -7.8700       32.619431606735
           113.0000     -7.8700       32.520925553046
           112.0000     -7.8800       27.904983550857
           112.0100     -7.8800       27.908641222583
           112.0200     -7.8800       27.919292216592
           112.0300     -7.8800       27.935487503633
           112.0400     -7.8800       27.955886353542
           112.0500     -7.8800       27.979385539798
           112.0600     -7.8800       28.005227905636
           112.0700     -7.8800       28.033077771092
           112.0800     -7.8800       28.063053499190
           112.0900     -7.8800       28.095711688402
           112.1000     -7.8800       28.131982501971
           112.1100     -7.8800       28.173061037409
           112.1200     -7.8800       28.220264766881
           112.1300     -7.8800       28.274871328816
           112.1400     -7.8800       28.337953786191
           112.1500     -7.8800       28.410231494111
           112.1600     -7.8800       28.491953740471
           112.1700     -7.8800       28.582830366948
           112.1800     -7.8800       28.682018902741
           112.1900     -7.8800       28.788171817897
           112.2000     -7.8800       28.899540955051
           112.2100     -7.8800       29.014129748172
           112.2200     -7.8800       29.129878215899
           112.2300     -7.8800       29.244861583584
           112.2400     -7.8800       29.357481249369
           112.2500     -7.8800       29.466626959671
           112.2600     -7.8800       29.571791540761
           112.2700     -7.8800       29.673124126374
           112.2800     -7.8800       29.771414065276
           112.2900     -7.8800       29.868004932509
           112.3000     -7.8800       29.964645526302
           112.3100     -7.8800       30.063291595759
           112.3200     -7.8800       30.165877554122
           112.3300     -7.8800       30.274080971553
           112.3400     -7.8800       30.389103805087
           112.3500     -7.8800       30.511492965550
           112.3600     -7.8800       30.641019072691
           112.3700     -7.8800       30.776626504168
           112.3800     -7.8800       30.916460714534
           112.3900     -7.8800       31.057971050866
           112.4000     -7.8800       31.198079750930
           112.4100     -7.8800       31.333401279125
           112.4200     -7.8800       31.460491319041
           112.4300     -7.8800       31.576102091460
           112.4400     -7.8800       31.677420450111
           112.4500     -7.8800       31.762267402045
           112.4600     -7.8800       31.829242020146
           112.4700     -7.8800       31.877798650379
           112.4800     -7.8800       31.908253189952
           112.4900     -7.8800       31.921721263379
           112.5000     -7.8800       31.919997592922
           112.5100     -7.8800       31.905391077755
           112.5200     -7.8800       31.880533553860
           112.5300     -7.8800       31.848181610038
           112.5400     -7.8800       31.811030132036
           112.5500     -7.8800       31.771553622936
           112.5600     -7.8800       31.731887198984
           112.5700     -7.8800       31.693754036278
           112.5800     -7.8800       31.658440579988
           112.5900     -7.8800       31.626815665000
           112.6000     -7.8800       31.599385406154
           112.6100     -7.8800       31.576372733151
           112.6200     -7.8800       31.557809023723
           112.6300     -7.8800       31.543625478709
           112.6400     -7.8800       31.533733533310
           112.6500     -7.8800       31.528086387055
           112.6600     -7.8800       31.526717214363
           112.6700     -7.8800       31.529753281057
           112.6800     -7.8800       31.537408540260
           112.6900     -7.8800       31.549959886625
           112.7000     -7.8800       31.567713809477
           112.7100     -7.8800       31.590970562156
           112.7200     -7.8800       31.619992189287
           112.7300     -7.8800       31.654979021073
           112.7400     -7.8800       31.696056879507
           112.7500     -7.8800       31.743274652576
           112.7600     -7.8800       31.796609507802
           112.7700     -7.8800       31.855975225381
           112.7800     -7.8800       31.921228228829
           112.7900     -7.8800       31.992166036395
           112.8000     -7.8800       32.068514049887
           112.8100     -7.8800       32.149898679870
           112.8200     -7.8800       32.235807480026
           112.8300     -7.8800       32.325539833764
           112.8400     -7.8800       32.418154364185
           112.8500     -7.8800       32.512421202354
           112.8600     -7.8800       32.606788203275
           112.8700     -7.8800       32.699369924549
           112.8800     -7.8800       32.787966620215
           112.8900     -7.8800       32.870117765480
           112.9000     -7.8800       32.943190994458
           112.9100     -7.8800       33.004503212394
           112.9200     -7.8800       33.051466529543
           112.9300     -7.8800       33.081748071438
           112.9400     -7.8800       33.093430122885
           112.9500     -7.8800       33.085155830178
           112.9600     -7.8800       33.056246034661
           112.9700     -7.8800       33.006774774257
           112.9800     -7.8800       32.937594409443
           112.9900     -7.8800       32.850305870492
           113.0000     -7.8800       32.747174708048
           112.0000     -7.8900       27.925551919714
           112.0100     -7.8900       27.930979653431
           112.0200     -7.8900       27.943211690052
           112.0300     -7.8900       27.960809153845
           112.0400     -7.8900       27.982433810446
           112.0500     -7.8900       28.006980317500
           112.0600     -7.8900       28.033688778808
           112.0700     -7.8900       28.062224546204
           112.0800     -7.8900       28.092714974181
           112.0900     -7.8900       28.125736969795
           112.1000     -7.8900       28.162254285409
           112.1100     -7.8900       28.203509027281
           112.1200     -7.8900       28.250877174325
           112.1300     -7.8900       28.305702388299
           112.1400     -7.8900       28.369125488169
           112.1500     -7.8900       28.441928235903
           112.1600     -7.8900       28.524409310839
           112.1700     -7.8900       28.616307536431
           112.1800     -7.8900       28.716782804005
           112.1900     -7.8900       28.824459167710
           112.2000     -7.8900       28.937527888338
           112.2100     -7.8900       29.053901510139
           112.2200     -7.8900       29.171404115686
           112.2300     -7.8900       29.287978407379
           112.2400     -7.8900       29.401887754570
           112.2500     -7.8900       29.511891157157
           112.2600     -7.8900       29.617371291961
           112.2700     -7.8900       29.718400242247
           112.2800     -7.8900       29.815733727171
           112.2900     -7.8900       29.910732004008
           112.3000     -7.8900       30.005213331738
           112.3100     -7.8900       30.101253128466
           112.3200     -7.8900       30.200947936456
           112.3300     -7.8900       30.306167366588
           112.3400     -7.8900       30.418318872199
           112.3500     -7.8900       30.538149301017
           112.3600     -7.8900       30.665603773271
           112.3700     -7.8900       30.799756885994
           112.3800     -7.8900       30.938824132830
           112.3900     -7.8900       31.080253507777
           112.4000     -7.8900       31.220889366799
           112.4100     -7.8900       31.357193581100
           112.4200     -7.8900       31.485503557700
           112.4300     -7.8900       31.602303375882
           112.4400     -7.8900       31.704483403472
           112.4500     -7.8900       31.789565358631
           112.4600     -7.8900       31.855873646564
           112.4700     -7.8900       31.902639464334
           112.4800     -7.8900       31.930030987360
           112.4900     -7.8900       31.939110179336
           112.5000     -7.8900       31.931723634745
           112.5100     -7.8900       31.910340667728
           112.5200     -7.8900       31.877856043626
           112.5300     -7.8900       31.837376950651
           112.5400     -7.8900       31.792013902655
           112.5500     -7.8900       31.744693361527
           112.5600     -7.8900       31.698006295500
           112.5700     -7.8900       31.654102141932
           112.5800     -7.8900       31.614632316724
           112.5900     -7.8900       31.580742132788
           112.6000     -7.8900       31.553105335944
           112.6100     -7.8900       31.531991905191
           112.6200     -7.8900       31.517357601222
           112.6300     -7.8900       31.508943099065
           112.6400     -7.8900       31.506371333520
           112.6500     -7.8900       31.509233674521
           112.6600     -7.8900       31.517158360207
           112.6700     -7.8900       31.529857801614
           112.6800     -7.8900       31.547154477760
           112.6900     -7.8900       31.568987757126
           112.7000     -7.8900       31.595405806969
           112.7100     -7.8900       31.626547618947
           112.7200     -7.8900       31.662620074274
           112.7300     -7.8900       31.703874027224
           112.7400     -7.8900       31.750581855459
           112.7500     -7.8900       31.803017140849
           112.7600     -7.8900       31.861435462348
           112.7700     -7.8900       31.926054031212
           112.7800     -7.8900       31.997027328018
           112.7900     -7.8900       32.074416143549
           112.8000     -7.8900       32.158148477833
           112.8100     -7.8900       32.247972471502
           112.8200     -7.8900       32.343403671012
           112.8300     -7.8900       32.443671121506
           112.8400     -7.8900       32.547668663091
           112.8500     -7.8900       32.653919024285
           112.8600     -7.8900       32.760558581438
           112.8700     -7.8900       32.865349824874
           112.8800     -7.8900       32.965726628111
           112.8900     -7.8900       33.058874499418
           112.9000     -7.8900       33.141844393456
           112.9100     -7.8900       33.211694776094
           112.9200     -7.8900       33.265652934513
           112.9300     -7.8900       33.301283481038
           112.9400     -7.8900       33.316650033127
           112.9500     -7.8900       33.310455473857
           112.9600     -7.8900       33.282147164608
           112.9700     -7.8900       33.231975972793
           112.9800     -7.8900       33.161001788618
           112.9900     -7.8900       33.071042968373
           113.0000     -7.8900       32.964572365955
           112.0000     -7.9000       27.944056057652
           112.0100     -7.9000       27.951231591435
           112.0200     -7.9000       27.965006263300
           112.0300     -7.9000       27.983968390386
           112.0400     -7.9000       28.006796204704
           112.0500     -7.9000       28.032391800648
           112.0600     -7.9000       28.059996745545
           112.0700     -7.9000       28.089275855786
           112.0800     -7.9000       28.120358277802
           112.0900     -7.9000       28.153829087719
           112.1000     -7.9000       28.190669737556
           112.1100     -7.9000       28.232151285868
           112.1200     -7.9000       28.279689826884
           112.1300     -7.9000       28.334678230247
           112.1400     -7.9000       28.398311641218
           112.1500     -7.9000       28.471425719859
           112.1600     -7.9000       28.554366060158
           112.1700     -7.9000       28.646904598164
           112.1800     -7.9000       28.748214304522
           112.1900     -7.9000       28.856907497518
           112.2000     -7.9000       28.971136325101
           112.2100     -7.9000       29.088747080387
           112.2200     -7.9000       29.207473801222
           112.2300     -7.9000       29.325151774260
           112.2400     -7.9000       29.439928696025
           112.2500     -7.9000       29.550450711309
           112.2600     -7.9000       29.656002475296
           112.2700     -7.9000       29.756584621609
           112.2800     -7.9000       29.852918156396
           112.2900     -7.9000       29.946372713122
           112.3000     -7.9000       30.038823516886
           112.3100     -7.9000       30.132449477036
           112.3200     -7.9000       30.229491234938
           112.3300     -7.9000       30.331992539605
           112.3400     -7.9000       30.441550502636
           112.3500     -7.9000       30.559099843367
           112.3600     -7.9000       30.684753204384
           112.3700     -7.9000       30.817714304337
           112.3800     -7.9000       30.956273652125
           112.3900     -7.9000       31.097888510288
           112.4000     -7.9000       31.239340604858
           112.4100     -7.9000       31.376957582877
           112.4200     -7.9000       31.506878183944
           112.4300     -7.9000       31.625337119902
           112.4400     -7.9000       31.728944120700
           112.4500     -7.9000       31.814932613086
           112.4600     -7.9000       31.881356889286
           112.4700     -7.9000       31.927221984646
           112.4800     -7.9000       31.952537208948
           112.4900     -7.9000       31.958291633287
           112.5000     -7.9000       31.946357049193
           112.5100     -7.9000       31.919330260035
           112.5200     -7.9000       31.880331430592
           112.5300     -7.9000       31.832778187873
           112.5400     -7.9000       31.780156037177
           112.5500     -7.9000       31.725804469483
           112.5600     -7.9000       31.672735146764
           112.5700     -7.9000       31.623494196996
           112.5800     -7.9000       31.580075487324
           112.5900     -7.9000       31.543886378404
           112.6000     -7.9000       31.515762479415
           112.6100     -7.9000       31.496023816740
           112.6200     -7.9000       31.484561954328
           112.6300     -7.9000       31.480946142510
           112.6400     -7.9000       31.484536524815
           112.6500     -7.9000       31.494593632268
           112.6600     -7.9000       31.510375541140
           112.6700     -7.9000       31.531216778073
           112.6800     -7.9000       31.556585913084
           112.6900     -7.9000       31.586121402230
           112.7000     -7.9000       31.619647322214
           112.7100     -7.9000       31.657171987561
           112.7200     -7.9000       31.698872997871
           112.7300     -7.9000       31.745072099028
           112.7400     -7.9000       31.796202538870
           112.7500     -7.9000       31.852770610175
           112.7600     -7.9000       31.915312086572
           112.7700     -7.9000       31.984343536118
           112.7800     -7.9000       32.060308246377
           112.7900     -7.9000       32.143516820658
           112.8000     -7.9000       32.234083399903
           112.8100     -7.9000       32.331859804945
           112.8200     -7.9000       32.436371457309
           112.8300     -7.9000       32.546760435811
           112.8400     -7.9000       32.661742150682
           112.8500     -7.9000       32.779582583431
           112.8600     -7.9000       32.898102638309
           112.8700     -7.9000       33.014714779700
           112.8800     -7.9000       33.126494822553
           112.8900     -7.9000       33.230288672675
           112.9000     -7.9000       33.322850277851
           112.9100     -7.9000       33.401003439863
           112.9200     -7.9000       33.461816888577
           112.9300     -7.9000       33.502779560804
           112.9400     -7.9000       33.521961722388
           112.9500     -7.9000       33.518147670169
           112.9600     -7.9000       33.490927346249
           112.9700     -7.9000       33.440737212392
           112.9800     -7.9000       33.368844917906
           112.9900     -7.9000       33.277277251275
           113.0000     -7.9000       33.168696088806
           112.0000     -7.9100       27.960757468357
           112.0100     -7.9100       27.969614493045
           112.0200     -7.9100       27.984857884219
           112.0300     -7.9100       28.005118740275
           112.0400     -7.9100       28.029104365049
           112.0500     -7.9100       28.055732538693
           112.0600     -7.9100       28.084249214735
           112.0700     -7.9100       28.114315808269
           112.0800     -7.9100       28.146054707002
           112.0900     -7.9100       28.180045595630
           112.1000     -7.9100       28.217270252255
           112.1100     -7.9100       28.259009118600
           112.1200     -7.9100       28.306698533609
           112.1300     -7.9100       28.361762399026
           112.1400     -7.9100       28.425435615429
           112.1500     -7.9100       28.498598413843
           112.1600     -7.9100       28.581640424725
           112.1700     -7.9100       28.674370913729
           112.1800     -7.9100       28.775987256090
           112.1900     -7.9100       28.885107832363
           112.2000     -7.9100       28.999868710898
           112.2100     -7.9100       29.118076466142
           112.2200     -7.9100       29.237403042207
           112.2300     -7.9100       29.355603442464
           112.2400     -7.9100       29.470733817219
           112.2500     -7.9100       29.581346643634
           112.2600     -7.9100       29.686641307423
           112.2700     -7.9100       29.786552394389
           112.2800     -7.9100       29.881764006354
           112.2900     -7.9100       29.973645826810
           112.3000     -7.9100       30.064114708755
           112.3100     -7.9100       30.155433390616
           112.3200     -7.9100       30.249964727284
           112.3300     -7.9100       30.349904817230
           112.3400     -7.9100       30.457021063932
           112.3500     -7.9100       30.572421227772
           112.3600     -7.9100       30.696376881417
           112.3700     -7.9100       30.828219639434
           112.3800     -7.9100       30.966321608742
           112.3900     -7.9100       31.108163416094
           112.4000     -7.9100       31.250484747504
           112.4100     -7.9100       31.389504446762
           112.4200     -7.9100       31.521190665109
           112.4300     -7.9100       31.641556981244
           112.4400     -7.9100       31.746958251454
           112.4500     -7.9100       31.834360375228
           112.4600     -7.9100       31.901561070186
           112.4700     -7.9100       31.947343783676
           112.4800     -7.9100       31.971553458319
           112.4900     -7.9100       31.975090303037
           112.5000     -7.9100       31.959825225399
           112.5100     -7.9100       31.928447404313
           112.5200     -7.9100       31.884259976699
           112.5300     -7.9100       31.830943498771
           112.5400     -7.9100       31.772308456515
           112.5500     -7.9100       31.712057606426
           112.5600     -7.9100       31.653576515277
           112.5700     -7.9100       31.599766714843
           112.5800     -7.9100       31.552930908833
           112.5900     -7.9100       31.514714249883
           112.6000     -7.9100       31.486100429971
           112.6100     -7.9100       31.467456717865
           112.6200     -7.9100       31.458618532225
           112.6300     -7.9100       31.459001903042
           112.6400     -7.9100       31.467731320127
           112.6500     -7.9100       31.483770904714
           112.6600     -7.9100       31.506048340427
           112.6700     -7.9100       31.533563239370
           112.6800     -7.9100       31.565474229377
           112.6900     -7.9100       31.601161669085
           112.7000     -7.9100       31.640265222738
           112.7100     -7.9100       31.682697342053
           112.7200     -7.9100       31.728634904076
           112.7300     -7.9100       31.778491852022
           112.7400     -7.9100       31.832875789535
           112.7500     -7.9100       31.892531267732
           112.7600     -7.9100       31.958272191345
           112.7700     -7.9100       32.030905559585
           112.7800     -7.9100       32.111148806575
           112.7900     -7.9100       32.199543396618
           112.8000     -7.9100       32.296368050046
           112.8100     -7.9100       32.401555921317
           112.8200     -7.9100       32.514621039702
           112.8300     -7.9100       32.634600122118
           112.8400     -7.9100       32.760016233872
           112.8500     -7.9100       32.888870493710
           112.8600     -7.9100       33.018666952367
           112.8700     -7.9100       33.146473878657
           112.8800     -7.9100       33.269022043303
           112.8900     -7.9100       33.382837398707
           112.9000     -7.9100       33.484402117612
           112.9100     -7.9100       33.570334652372
           112.9200     -7.9100       33.637576713884
           112.9300     -7.9100       33.683573225486
           112.9400     -7.9100       33.706430686867
           112.9500     -7.9100       33.705040169941
           112.9600     -7.9100       33.679153394134
           112.9700     -7.9100       33.629403857560
           112.9800     -7.9100       33.557269538030
           112.9900     -7.9100       33.464978795706
           113.0000     -7.9100       33.355366290519
           112.0000     -7.9200       27.975823211930
           112.0100     -7.9200       27.986254503142
           112.0200     -7.9200       28.002859982383
           112.0300     -7.9200       28.024327385542
           112.0400     -7.9200       28.049404132111
           112.0500     -7.9200       28.077030553993
           112.0600     -7.9200       28.106458692162
           112.0700     -7.9200       28.137342600807
           112.0800     -7.9200       28.169788351065
           112.0900     -7.9200       28.204355716519
           112.1000     -7.9200       28.242008489285
           112.1100     -7.9200       28.284015997780
           112.1200     -7.9200       28.331814050696
           112.1300     -7.9200       28.386838557918
           112.1400     -7.9200       28.450348863383
           112.1500     -7.9200       28.523259870079
           112.1600     -7.9200       28.606002027475
           112.1700     -7.9200       28.698426095227
           112.1800     -7.9200       28.799765446272
           112.1900     -7.9200       28.908662913641
           112.2000     -7.9200       29.023262402473
           112.2100     -7.9200       29.141358402073
           112.2200     -7.9200       29.260589921180
           112.2300     -7.9200       29.378659982615
           112.2400     -7.9200       29.493558286434
           112.2500     -7.9200       29.603763429291
           112.2600     -7.9200       29.708402353832
           112.2700     -7.9200       29.807348425357
           112.2800     -7.9200       29.901245353901
           112.2900     -7.9200       29.991451521872
           112.3000     -7.9200       30.079907386983
           112.3100     -7.9200       30.168936658176
           112.3200     -7.9200       30.260999035188
           112.3300     -7.9200       30.358417696836
           112.3400     -7.9200       30.463107829365
           112.3500     -7.9200       30.576332954175
           112.3600     -7.9200       30.698513571997
           112.3700     -7.9200       30.829107903408
           112.3800     -7.9200       30.966577751935
           112.3900     -7.9200       31.108444436179
           112.4000     -7.9200       31.251431157475
           112.4100     -7.9200       31.391679962732
           112.4200     -7.9200       31.525024453965
           112.4300     -7.9200       31.647294277829
           112.4400     -7.9200       31.754624685027
           112.4500     -7.9200       31.843744311582
           112.4600     -7.9200       31.912216759167
           112.4700     -7.9200       31.958616235127
           112.4800     -7.9200       31.982623926991
           112.4900     -7.9200       31.985039243149
           112.5000     -7.9200       31.967707781107
           112.5100     -7.9200       31.933375119849
           112.5200     -7.9200       31.885481589686
           112.5300     -7.9200       31.827917520632
           112.5400     -7.9200       31.764760779437
           112.5500     -7.9200       31.700018573382
           112.5600     -7.9200       31.637393647758
           112.5700     -7.9200       31.580091454201
           112.5800     -7.9200       31.530680090468
           112.5900     -7.9200       31.491009370409
           112.6000     -7.9200       31.462189859832
           112.6100     -7.9200       31.444627650436
           112.6200     -7.9200       31.438106481475
           112.6300     -7.9200       31.441905859710
           112.6400     -7.9200       31.454942214548
           112.6500     -7.9200       31.475919839567
           112.6600     -7.9200       31.503479255763
           112.6700     -7.9200       31.536332422301
           112.6800     -7.9200       31.573376593078
           112.6900     -7.9200       31.613781235209
           112.7000     -7.9200       31.657044984089
           112.7100     -7.9200       31.703021872452
           112.7200     -7.9200       31.751917891556
           112.7300     -7.9200       31.804260272193
           112.7400     -7.9200       31.860842751040
           112.7500     -7.9200       31.922650620066
           112.7600     -7.9200       31.990769685579
           112.7700     -7.9200       32.066283532722
           112.7800     -7.9200       32.150163813888
           112.7900     -7.9200       32.243158712162
           112.8000     -7.9200       32.345685259851
           112.8100     -7.9200       32.457731732738
           112.8200     -7.9200       32.578776749868
           112.8300     -7.9200       32.707731810438
           112.8400     -7.9200       32.842913616632
           112.8500     -7.9200       32.982051522291
           112.8600     -7.9200       33.122333738045
           112.8700     -7.9200       33.260493532837
           112.8800     -7.9200       33.392933723687
           112.8900     -7.9200       33.515884466459
           112.9000     -7.9200       33.625586060758
           112.9100     -7.9200       33.718485523390
           112.9200     -7.9200       33.791433436941
           112.9300     -7.9200       33.841866372894
           112.9400     -7.9200       33.867960265769
           112.9500     -7.9200       33.868741593912
           112.9600     -7.9200       33.844146070800
           112.9700     -7.9200       33.795018575826
           112.9800     -7.9200       33.723052916431
           112.9900     -7.9200       33.630675257844
           113.0000     -7.9200       33.520880157175
           112.0000     -7.9300       27.989298343065
           112.0100     -7.9300       28.001161438504
           112.0200     -7.9300       28.018994482143
           112.0300     -7.9300       28.041553793741
           112.0400     -7.9300       28.067636297525
           112.0500     -7.9300       28.096210381239
           112.0600     -7.9300       28.126534807681
           112.0700     -7.9300       28.158251511280
           112.0800     -7.9300       28.191440108258
           112.0900     -7.9300       28.226625519303
           112.1000     -7.9300       28.264734912952
           112.1100     -7.9300       28.307005724916
           112.1200     -7.9300       28.354852179464
           112.1300     -7.9300       28.409702875888
           112.1400     -7.9300       28.472825980688
           112.1500     -7.9300       28.545160866987
           112.1600     -7.9300       28.627175322256
           112.1700     -7.9300       28.718765579046
           112.1800     -7.9300       28.819212528726
           112.1900     -7.9300       28.927201909890
           112.2000     -7.9300       29.040909580031
           112.2100     -7.9300       29.158145886524
           112.2200     -7.9300       29.276546426401
           112.2300     -7.9300       29.393790883339
           112.2400     -7.9300       29.507827811608
           112.2500     -7.9300       29.617081678018
           112.2600     -7.9300       29.720619414381
           112.2700     -7.9300       29.818257145230
           112.2800     -7.9300       29.910593337360
           112.2900     -7.9300       29.998961824140
           112.3000     -7.9300       30.085306256161
           112.3100     -7.9300       30.171985678367
           112.3200     -7.9300       30.261528271453
           112.3300     -7.9300       30.356356035931
           112.3400     -7.9300       30.458506716549
           112.3500     -7.9300       30.569380168144
           112.3600     -7.9300       30.689534531616
           112.3700     -7.9300       30.818553187892
           112.3800     -7.9300       30.954996926196
           112.3900     -7.9300       31.096447760629
           112.4000     -7.9300       31.239642167268
           112.4100     -7.9300       31.380683067649
           112.4200     -7.9300       31.515312498918
           112.4300     -7.9300       31.639221312458
           112.4400     -7.9300       31.748368964124
           112.4500     -7.9300       31.839285786449
           112.4600     -7.9300       31.909332081038
           112.4700     -7.9300       31.956892685849
           112.4800     -7.9300       31.981491872385
           112.4900     -7.9300       31.983820851507
           112.5000     -7.9300       31.965678053232
           112.5100     -7.9300       31.929829917345
           112.5200     -7.9300       31.879806474715
           112.5300     -7.9300       31.819650936758
           112.5400     -7.9300       31.753645455199
           112.5500     -7.9300       31.686035999439
           112.5600     -7.9300       31.620777982891
           112.5700     -7.9300       31.561321116827
           112.5800     -7.9300       31.510447409015
           112.5900     -7.9300       31.470170791061
           112.6000     -7.9300       31.441701132134
           112.6100     -7.9300       31.425469935324
           112.6200     -7.9300       31.421210294567
           112.6300     -7.9300       31.428080070477
           112.6400     -7.9300       31.444814929321
           112.6500     -7.9300       31.469896932285
           112.6600     -7.9300       31.501724671224
           112.6700     -7.9300       31.538772316633
           112.6800     -7.9300       31.579727092418
           112.6900     -7.9300       31.623597307230
           112.7000     -7.9300       31.669785850886
           112.7100     -7.9300       31.718126750160
           112.7200     -7.9300       31.768884784403
           112.7300     -7.9300       31.822720182549
           112.7400     -7.9300       31.880622031475
           112.7500     -7.9300       31.943815256736
           112.7600     -7.9300       32.013646964629
           112.7700     -7.9300       32.091458645182
           112.7800     -7.9300       32.178451299195
           112.7900     -7.9300       32.275551002312
           112.8000     -7.9300       32.383282740288
           112.8100     -7.9300       32.501660477545
           112.8200     -7.9300       32.630101253019
           112.8300     -7.9300       32.767370512550
           112.8400     -7.9300       32.911564774728
           112.8500     -7.9300       33.060136014790
           112.8600     -7.9300       33.209959831561
           112.8700     -7.9300       33.357446611708
           112.8800     -7.9300       33.498691690213
           112.8900     -7.9300       33.629657176392
           112.9000     -7.9300       33.746374984326
           112.9100     -7.9300       33.845158019215
           112.9200     -7.9300       33.922804759900
           112.9300     -7.9300       33.976781920811
           112.9400     -7.9300       34.005370655122
           112.9500     -7.9300       34.007763926716
           112.9600     -7.9300       33.984106134415
           112.9700     -7.9300       33.935470569847
           112.9800     -7.9300       33.863775448234
           112.9900     -7.9300       33.771644587741
           113.0000     -7.9300       33.662223795969
           112.0000     -7.9400       28.001095425599
           112.0100     -7.9400       28.014220416575
           112.0200     -7.9400       28.033125102866
           112.0300     -7.9400       28.056644343804
           112.0400     -7.9400       28.083632302971
           112.0500     -7.9400       28.113089673707
           112.0600     -7.9400       28.144281740054
           112.0700     -7.9400       28.176833119971
           112.0800     -7.9400       28.210786738866
           112.0900     -7.9400       28.246617883709
           112.1000     -7.9400       28.285198786012
           112.1100     -7.9400       28.327714599487
           112.1200     -7.9400       28.375537277675
           112.1300     -7.9400       28.430069065814
           112.1400     -7.9400       28.492571468257
           112.1500     -7.9400       28.563998102901
           112.1600     -7.9400       28.644850435607
           112.1700     -7.9400       28.735073841986
           112.1800     -7.9400       28.834007851851
           112.1900     -7.9400       28.940399112172
           112.2000     -7.9400       29.052479085999
           112.2100     -7.9400       29.168101471564
           112.2200     -7.9400       29.284927543652
           112.2300     -7.9400       29.400641851433
           112.2400     -7.9400       29.513176627185
           112.2500     -7.9400       29.620921374376
           112.2600     -7.9400       29.722894688666
           112.2700     -7.9400       29.818858433330
           112.2800     -7.9400       29.909359681236
           112.2900     -7.9400       29.995692839994
           112.3000     -7.9400       30.079782389427
           112.3100     -7.9400       30.163994853061
           112.3200     -7.9400       30.250896136037
           112.3300     -7.9400       30.342976389356
           112.3400     -7.9400       30.442368450688
           112.3500     -7.9400       30.550587231008
           112.3600     -7.9400       30.668315997700
           112.3700     -7.9400       30.795261468460
           112.3800     -7.9400       30.930093370722
           112.3900     -7.9400       31.070476264112
           112.4000     -7.9400       31.213192759216
           112.4100     -7.9400       31.354348664635
           112.4200     -7.9400       31.489642913358
           112.4300     -7.9400       31.614679113536
           112.4400     -7.9400       31.725291811778
           112.4500     -7.9400       31.817859385824
           112.4600     -7.9400       31.889576966683
           112.4700     -7.9400       31.938666727973
           112.4800     -7.9400       31.964508831088
           112.4900     -7.9400       31.967683649658
           112.5000     -7.9400       31.949923868736
           112.5100     -7.9400       31.913982881075
           112.5200     -7.9400       31.863432848339
           112.5300     -7.9400       31.802411242677
           112.5400     -7.9400       31.735338194980
           112.5500     -7.9400       31.666628324529
           112.5600     -7.9400       31.600419909615
           112.5700     -7.9400       31.540341490066
           112.5800     -7.9400       31.489331655876
           112.5900     -7.9400       31.449522381109
           112.6000     -7.9400       31.422190380298
           112.6100     -7.9400       31.407775166124
           112.6200     -7.9400       31.405957282198
           112.6300     -7.9400       31.415785976789
           112.6400     -7.9400       31.435842638051
           112.6500     -7.9400       31.464424744762
           112.6600     -7.9400       31.499734870533
           112.6700     -7.9400       31.540060263404
           112.6800     -7.9400       31.583930466725
           112.6900     -7.9400       31.630243061429
           112.7000     -7.9400       31.678350594296
           112.7100     -7.9400       31.728104836588
           112.7200     -7.9400       31.779857468440
           112.7300     -7.9400       31.834418948148
           112.7400     -7.9400       31.892979611047
           112.7500     -7.9400       31.956998918263
           112.7600     -7.9400       32.028070251305
           112.7700     -7.9400       32.107769755032
           112.7800     -7.9400       32.197498499110
           112.7900     -7.9400       32.298327668953
           112.8000     -7.9400       32.410856595834
           112.8100     -7.9400       32.535093148658
           112.8200     -7.9400       32.670365273511
           112.8300     -7.9400       32.815271215602
           112.8400     -7.9400       32.967674144759
           112.8500     -7.9400       33.124744525351
           112.8600     -7.9400       33.283050681314
           112.8700     -7.9400       33.438694737546
           112.8800     -7.9400       33.587487676746
           112.8900     -7.9400       33.725153907498
           112.9000     -7.9400       33.847552809201
           112.9100     -7.9400       33.950902526689
           112.9200     -7.9400       34.031990127038
           112.9300     -7.9400       34.088352328608
           112.9400     -7.9400       34.118412486989
           112.9500     -7.9400       34.121562360297
           112.9600     -7.9400       34.098181217128
           112.9700     -7.9400       34.049589792245
           112.9800     -7.9400       33.977942015356
           112.9900     -7.9400       33.886062832531
           113.0000     -7.9400       33.777245272296
           112.0000     -7.9500       28.011002829326
           112.0100     -7.9500       28.025201666197
           112.0200     -7.9500       28.045008345188
           112.0300     -7.9500       28.069344233689
           112.0400     -7.9500       28.097126892240
           112.0500     -7.9500       28.127392489047
           112.0600     -7.9500       28.159412078772
           112.0700     -7.9500       28.192787728651
           112.0800     -7.9500       28.227515847885
           112.0900     -7.9500       28.264008065777
           112.1000     -7.9500       28.303064339933
           112.1100     -7.9500       28.345798211404
           112.1200     -7.9500       28.393519682907
           112.1300     -7.9500       28.447586437568
           112.1400     -7.9500       28.509238405643
           112.1500     -7.9500       28.579433476205
           112.1600     -7.9500       28.658703042632
           112.1700     -7.9500       28.747044872392
           112.1800     -7.9500       28.843867544893
           112.1900     -7.9500       28.947995685842
           112.2000     -7.9500       29.057738935785
           112.2100     -7.9500       29.171020681120
           112.2200     -7.9500       29.285555798122
           112.2300     -7.9500       29.399060775208
           112.2400     -7.9500       29.509475271243
           112.2500     -7.9500       29.615171968446
           112.2600     -7.9500       29.715131799380
           112.2700     -7.9500       29.809064321785
           112.2800     -7.9500       29.897457965516
           112.2900     -7.9500       29.981551613895
           112.3000     -7.9500       30.063226833826
           112.3100     -7.9500       30.144828227649
           112.3200     -7.9500       30.228926989661
           112.3300     -7.9500       30.318049001271
           112.3400     -7.9500       30.414393013831
           112.3500     -7.9500       30.519566177885
           112.3600     -7.9500       30.634363171942
           112.3700     -7.9500       30.758611536178
           112.3800     -7.9500       30.891099875803
           112.3900     -7.9500       31.029597953251
           112.4000     -7.9500       31.170969101740
           112.4100     -7.9500       31.311366723544
           112.4200     -7.9500       31.446498746559
           112.4300     -7.9500       31.571937577528
           112.4400     -7.9500       31.683448918586
           112.4500     -7.9500       31.777311187014
           112.4600     -7.9500       31.850598315557
           112.4700     -7.9500       31.901402262497
           112.4800     -7.9500       31.928977230100
           112.4900     -7.9500       31.933794781184
           112.5000     -7.9500       31.917507028557
           112.5100     -7.9500       31.882823070053
           112.5200     -7.9500       31.833311100709
           112.5300     -7.9500       31.773144504786
           112.5400     -7.9500       31.706814230153
           112.5500     -7.9500       31.638831597608
           112.5600     -7.9500       31.573445341983
           112.5700     -7.9500       31.514394278775
           112.5800     -7.9500       31.464712883564
           112.5900     -7.9500       31.426601743080
           112.6000     -7.9500       31.401368847929
           112.6100     -7.9500       31.389441625884
           112.6200     -7.9500       31.390443997985
           112.6300     -7.9500       31.403328022431
           112.6400     -7.9500       31.426546192234
           112.6500     -7.9500       31.458248346273
           112.6600     -7.9500       31.496486469499
           112.6700     -7.9500       31.539411297257
           112.6800     -7.9500       31.585446399966
           112.6900     -7.9500       31.633428040295
           112.7000     -7.9500       31.682702268867
           112.7100     -7.9500       31.733174165224
           112.7200     -7.9500       31.785307579799
           112.7300     -7.9500       31.840076982531
           112.7400     -7.9500       31.898875924772
           112.7500     -7.9500       31.963389079117
           112.7600     -7.9500       32.035436786866
           112.7700     -7.9500       32.116802494885
           112.7800     -7.9500       32.209054395879
           112.7900     -7.9500       32.313372991614
           112.8000     -7.9500       32.430396163071
           112.8100     -7.9500       32.560092631785
           112.8200     -7.9500       32.701673408208
           112.8300     -7.9500       32.853548932746
           112.8400     -7.9500       33.013337137818
           112.8500     -7.9500       33.177924654696
           112.8600     -7.9500       33.343579974457
           112.8700     -7.9500       33.506113730341
           112.8800     -7.9500       33.661077642085
           112.8900     -7.9500       33.803990341621
           112.9000     -7.9500       33.930575596690
           112.9100     -7.9500       34.036996667508
           112.9200     -7.9500       34.120069927974
           112.9300     -7.9500       34.177441629816
           112.9400     -7.9500       34.207713843539
           112.9500     -7.9500       34.210509096076
           112.9600     -7.9500       34.186467820944
           112.9700     -7.9500       34.137178088759
           112.9800     -7.9500       34.065042734127
           112.9900     -7.9500       33.973094414473
           113.0000     -7.9500       33.864773790514
           112.0000     -7.9600       28.018711208533
           112.0100     -7.9600       28.033787799316
           112.0200     -7.9600       28.054321344728
           112.0300     -7.9600       28.079325773510
           112.0400     -7.9600       28.107786758775
           112.0500     -7.9600       28.138778248989
           112.0600     -7.9600       28.171576079331
           112.0700     -7.9600       28.205754902879
           112.0800     -7.9600       28.241255697306
           112.0900     -7.9600       28.278413740487
           112.1000     -7.9600       28.317940975192
           112.1100     -7.9600       28.360861687058
           112.1200     -7.9600       28.408405851626
           112.1300     -7.9600       28.461869739624
           112.1400     -7.9600       28.522457774211
           112.1500     -7.9600       28.591122649458
           112.1600     -7.9600       28.668421925459
           112.1700     -7.9600       28.754408485837
           112.1800     -7.9600       28.848569379733
           112.1900     -7.9600       28.949822909935
           112.2000     -7.9600       29.056577824971
           112.2100     -7.9600       29.166851749859
           112.2200     -7.9600       29.278439276126
           112.2300     -7.9600       29.389114179266
           112.2400     -7.9600       29.496845732653
           112.2500     -7.9600       29.600006591924
           112.2600     -7.9600       29.697549577192
           112.2700     -7.9600       29.789132976317
           112.2800     -7.9600       29.875178558243
           112.2900     -7.9600       29.956852896148
           112.3000     -7.9600       30.035970219593
           112.3100     -7.9600       30.114823062809
           112.3200     -7.9600       30.195954610796
           112.3300     -7.9600       30.281893054201
           112.3400     -7.9600       30.374872753889
           112.3500     -7.9600       30.476569087202
           112.3600     -7.9600       30.587873249768
           112.3700     -7.9600       30.708730046917
           112.3800     -7.9600       30.838056130208
           112.3900     -7.9600       30.973748764052
           112.4000     -7.9600       31.112786777212
           112.4100     -7.9600       31.251416704203
           112.4200     -7.9600       31.385409111230
           112.4300     -7.9600       31.510363518820
           112.4400     -7.9600       31.622035814674
           112.4500     -7.9600       31.716660016332
           112.4600     -7.9600       31.791236859192
           112.4700     -7.9600       31.843764849325
           112.4800     -7.9600       31.873394780236
           112.4900     -7.9600       31.880495708021
           112.5000     -7.9600       31.866628305523
           112.5100     -7.9600       31.834429599813
           112.5200     -7.9600       31.787420577613
           112.5300     -7.9600       31.729754347138
           112.5400     -7.9600       31.665926951342
           112.5500     -7.9600       31.600475212031
           112.5600     -7.9600       31.537686041011
           112.5700     -7.9600       31.481339593953
           112.5800     -7.9600       31.434504768491
           112.5900     -7.9600       31.399400313349
           112.6000     -7.9600       31.377328768273
           112.6100     -7.9600       31.368684177483
           112.6200     -7.9600       31.373028569530
           112.6300     -7.9600       31.389227054042
           112.6400     -7.9600       31.415627416134
           112.6500     -7.9600       31.450267518447
           112.6600     -7.9600       31.491092731344
           112.6700     -7.9600       31.536165950858
           112.6800     -7.9600       31.583854366838
           112.6900     -7.9600       31.632979764031
           112.7000     -7.9600       31.682922483975
           112.7100     -7.9600       31.733672940197
           112.7200     -7.9600       31.785828474127
           112.7300     -7.9600       31.840537112328
           112.7400     -7.9600       31.899393233957
           112.7500     -7.9600       31.964293129345
           112.7600     -7.9600       32.037260821932
           112.7700     -7.9600       32.120256269666
           112.7800     -7.9600       32.214979118373
           112.7900     -7.9600       32.322681525056
           112.8000     -7.9600       32.444003191030
           112.8100     -7.9600       32.578840641028
           112.8200     -7.9600       32.726260967510
           112.8300     -7.9600       32.884467766574
           112.8400     -7.9600       33.050823896266
           112.8500     -7.9600       33.221932109807
           112.8600     -7.9600       33.393770729743
           112.8700     -7.9600       33.561877563508
           112.8800     -7.9600       33.721571492477
           112.8900     -7.9600       33.868197900937
           112.9000     -7.9600       33.997381657790
           112.9100     -7.9600       34.105270003030
           112.9200     -7.9600       34.188747640598
           112.9300     -7.9600       34.245607720217
           112.9400     -7.9600       34.274665201948
           112.9500     -7.9600       34.275803198893
           112.9600     -7.9600       34.249948007592
           112.9700     -7.9600       34.198974260226
           112.9800     -7.9600       34.125547473389
           112.9900     -7.9600       34.032916683020
           113.0000     -7.9600       33.924674308743
           112.0000     -7.9700       28.023855242110
           112.0100     -7.9700       28.039615584514
           112.0200     -7.9700       28.060703607757
           112.0300     -7.9700       28.086230062030
           112.0400     -7.9700       28.115252177252
           112.0500     -7.9700       28.146883357548
           112.0600     -7.9700       28.180403296749
           112.0700     -7.9700       28.215355126363
           112.0800     -7.9700       28.251616845304
           112.0900     -7.9700       28.289436533207
           112.1000     -7.9700       28.329424525533
           112.1100     -7.9700       28.372500455348
           112.1200     -7.9700       28.419798325555
           112.1300     -7.9700       28.472537960995
           112.1400     -7.9700       28.531875678834
           112.1500     -7.9700       28.598750240683
           112.1600     -7.9700       28.673741669409
           112.1700     -7.9700       28.756960068507
           112.1800     -7.9700       28.847979132891
           112.1900     -7.9700       28.945824779388
           112.2000     -7.9700       29.049023662724
           112.2100     -7.9700       29.155709864516
           112.2200     -7.9700       29.263781449840
           112.2300     -7.9700       29.371092616400
           112.2400     -7.9700       29.475662508220
           112.2500     -7.9700       29.575878995758
           112.2600     -7.9700       29.670675211515
           112.2700     -7.9700       29.759658508145
           112.2800     -7.9700       29.843175648310
           112.2900     -7.9700       29.922304063146
           112.3000     -7.9700       29.998766335334
           112.3100     -7.9700       30.074772926077
           112.3200     -7.9700       30.152805751107
           112.3300     -7.9700       30.235361712427
           112.3400     -7.9700       30.324680005342
           112.3500     -7.9700       30.422479419759
           112.3600     -7.9700       30.529731653998
           112.3700     -7.9700       30.646493841509
           112.3800     -7.9700       30.771818312464
           112.3900     -7.9700       30.903750575653
           112.4000     -7.9700       31.039418307594
           112.4100     -7.9700       31.175205590574
           112.4200     -7.9700       31.306998598410
           112.4300     -7.9700       31.430482181648
           112.4400     -7.9700       31.541462009186
           112.4500     -7.9700       31.636184534177
           112.4600     -7.9700       31.711627275108
           112.4700     -7.9700       31.765734681702
           112.4800     -7.9700       31.797579881294
           112.4900     -7.9700       31.807439352256
           112.5000     -7.9700       31.796775369082
           112.5100     -7.9700       31.768129148970
           112.5200     -7.9700       31.724935239306
           112.5300     -7.9700       31.671274129641
           112.5400     -7.9700       31.611584799875
           112.5500     -7.9700       31.550361564693
           112.5600     -7.9700       31.491859992837
           112.5700     -7.9700       31.439834935465
           112.5800     -7.9700       31.397330055423
           112.5900     -7.9700       31.366533133260
           112.6000     -7.9700       31.348705368984
           112.6100     -7.9700       31.344186482752
           112.6200     -7.9700       31.352471215066
           112.6300     -7.9700       31.372347346467
           112.6400     -7.9700       31.402081002328
           112.6500     -7.9700       31.439632051917
           112.6600     -7.9700       31.482880980772
           112.6700     -7.9700       31.529848701075
           112.6800     -7.9700       31.578892234092
           112.6900     -7.9700       31.628861825515
           112.7000     -7.9700       31.679208550561
           112.7100     -7.9700       31.730035513899
           112.7200     -7.9700       31.782090033651
           112.7300     -7.9700       31.836698427608
           112.7400     -7.9700       31.895648942190
           112.7500     -7.9700       31.961031778296
           112.7600     -7.9700       32.035047919391
           112.7700     -7.9700       32.119800448015
           112.7800     -7.9700       32.217083177607
           112.7900     -7.9700       32.328181689704
           112.8000     -7.9700       32.453701242662
           112.8100     -7.9700       32.593434524841
           112.8200     -7.9700       32.746279910698
           112.8300     -7.9700       32.910217826655
           112.8400     -7.9700       33.082349172360
           112.8500     -7.9700       33.258995648036
           112.8600     -7.9700       33.435857536272
           112.8700     -7.9700       33.608220248871
           112.8800     -7.9700       33.771197081224
           112.8900     -7.9700       33.919992436428
           112.9000     -7.9700       34.050167592675
           112.9100     -7.9700       34.157890148271
           112.9200     -7.9700       34.240148768141
           112.9300     -7.9700       34.294916845246
           112.9400     -7.9700       34.321252121883
           112.9500     -7.9700       34.319323992036
           112.9600     -7.9700       34.290365794950
           112.9700     -7.9700       34.236555465783
           112.9800     -7.9700       34.160833906597
           112.9900     -7.9700       34.066675824173
           113.0000     -7.9700       33.957832018243
           112.0000     -7.9800       28.026065706811
           112.0100     -7.9800       28.042327314290
           112.0200     -7.9800       28.063807742558
           112.0300     -7.9800       28.089717183870
           112.0400     -7.9800       28.119186782562
           112.0500     -7.9800       28.151370670860
           112.0600     -7.9800       28.185551825726
           112.0700     -7.9800       28.221238839107
           112.0800     -7.9800       28.258240938332
           112.0900     -7.9800       28.296710434450
           112.1000     -7.9800       28.337145066953
           112.1100     -7.9800       28.380347122077
           112.1200     -7.9800       28.427341246117
           112.1300     -7.9800       28.479257974492
           112.1400     -7.9800       28.537194539725
           112.1500     -7.9800       28.602067936284
           112.1600     -7.9800       28.674477047403
           112.1700     -7.9800       28.754590588115
           112.1800     -7.9800       28.842075609035
           112.1900     -7.9800       28.936077482837
           112.2000     -7.9800       29.035257022184
           112.2100     -7.9800       29.137884198343
           112.2200     -7.9800       29.241981511801
           112.2300     -7.9800       29.345504128732
           112.2400     -7.9800       29.446539128649
           112.2500     -7.9800       29.543503187579
           112.2600     -7.9800       29.635317148020
           112.2700     -7.9800       29.721537373809
           112.2800     -7.9800       29.802427474312
           112.2900     -7.9800       29.878959577902
           112.3000     -7.9800       29.952741291726
           112.3100     -7.9800       30.025872094185
           112.3200     -7.9800       30.100740373394
           112.3300     -7.9800       30.179778853890
           112.3400     -7.9800       30.265201036543
           112.3500     -7.9800       30.358743968608
           112.3600     -7.9800       30.461442842690
           112.3700     -7.9800       30.573460536205
           112.3800     -7.9800       30.693990456262
           112.3900     -7.9800       30.821244405300
           112.4000     -7.9800       30.952529285682
           112.4100     -7.9800       31.084408101794
           112.4200     -7.9800       31.212932727746
           112.4300     -7.9800       31.333929079034
           112.4400     -7.9800       31.443310326912
           112.4500     -7.9800       31.537391104147
           112.4600     -7.9800       31.613175513272
           112.4700     -7.9800       31.668594148958
           112.4800     -7.9800       31.702670019441
           112.4900     -7.9800       31.715599714527
           112.5000     -7.9800       31.708743772497
           112.5100     -7.9800       31.684528203987
           112.5200     -7.9800       31.646266779673
           112.5300     -7.9800       31.597920281624
           112.5400     -7.9800       31.543813882671
           112.5500     -7.9800       31.488336758447
           112.5600     -7.9800       31.435648764748
           112.5700     -7.9800       31.389417555888
           112.5800     -7.9800       31.352606106267
           112.5900     -7.9800       31.327325623199
           112.6000     -7.9800       31.314762819344
           112.6100     -7.9800       31.315184025033
           112.6200     -7.9800       31.328012245734
           112.6300     -7.9800       31.351967538464
           112.6400     -7.9800       31.385256429020
           112.6500     -7.9800       31.425792829334
           112.6600     -7.9800       31.471431209285
           112.6700     -7.9800       31.520192656284
           112.6800     -7.9800       31.570465816303
           112.6900     -7.9800       31.621167343913
           112.7000     -7.9800       31.671850113225
           112.7100     -7.9800       31.722751729963
           112.7200     -7.9800       31.774780498415
           112.7300     -7.9800       31.829440610244
           112.7400     -7.9800       31.888702642445
           112.7500     -7.9800       31.954829231949
           112.7600     -7.9800       32.030168838204
           112.7700     -7.9800       32.116932668189
           112.7800     -7.9800       32.216971025700
           112.7900     -7.9800       32.331565509349
           112.8000     -7.9800       32.461252615906
           112.8100     -7.9800       32.605692444284
           112.8200     -7.9800       32.763593421460
           112.8300     -7.9800       32.932700412430
           112.8400     -7.9800       33.109849408706
           112.8500     -7.9800       33.291087440310
           112.8600     -7.9800       33.471851697707
           112.8700     -7.9800       33.647197391879
           112.8800     -7.9800       33.812059953147
           112.8900     -7.9800       33.961534099572
           112.9000     -7.9800       34.091150390864
           112.9100     -7.9800       34.197129358126
           112.9200     -7.9800       34.276594306010
           112.9300     -7.9800       34.327726445948
           112.9400     -7.9800       34.349850026167
           112.9500     -7.9800       34.343440325378
           112.9600     -7.9800       34.310053391582
           112.9700     -7.9800       34.252182749721
           112.9800     -7.9800       34.173054420545
           112.9900     -7.9800       34.076376921051
           113.0000     -7.9800       33.966066928275
           112.0000     -7.9900       28.025025473476
           112.0100     -7.9900       28.041625451101
           112.0200     -7.9900       28.063352957920
           112.0300     -7.9900       28.089518776987
           112.0400     -7.9900       28.119329416981
           112.0500     -7.9900       28.151980806029
           112.0600     -7.9900       28.186759200365
           112.0700     -7.9900       28.223136981154
           112.0800     -7.9900       28.260850855821
           112.0900     -7.9900       28.299951390856
           112.1000     -7.9900       28.340815679764
           112.1100     -7.9900       28.384119005786
           112.1200     -7.9900       28.430766150847
           112.1300     -7.9900       28.481787978430
           112.1400     -7.9900       28.538213482467
           112.1500     -7.9900       28.600931076348
           112.1600     -7.9900       28.670555020397
           112.1700     -7.9900       28.747313232429
           112.1800     -7.9900       28.830971172937
           112.1900     -7.9900       28.920803141870
           112.2000     -7.9900       29.015617480976
           112.2100     -7.9900       29.113836342293
           112.2200     -7.9900       29.213624490340
           112.2300     -7.9900       29.313055746946
           112.2400     -7.9900       29.410300842736
           112.2500     -7.9900       29.503817193963
           112.2600     -7.9900       29.592519900959
           112.2700     -7.9900       29.675914273579
           112.2800     -7.9900       29.754173394642
           112.2900     -7.9900       29.828149354821
           112.3000     -7.9900       29.899313333097
           112.3100     -7.9900       29.969626989704
           112.3200     -7.9900       30.041354920618
           112.3300     -7.9900       30.116834416921
           112.3400     -7.9900       30.198223771936
           112.3500     -7.9900       30.287253325659
           112.3600     -7.9900       30.385003981503
           112.3700     -7.9900       30.491735976449
           112.3800     -7.9900       30.606786395644
           112.3900     -7.9900       30.728547705199
           112.4000     -7.9900       30.854532043828
           112.4100     -7.9900       30.981517914332
           112.4200     -7.9900       31.105768058136
           112.4300     -7.9900       31.223300462294
           112.4400     -7.9900       31.330189313948
           112.4500     -7.9900       31.422869781193
           112.4600     -7.9900       31.498420035931
           112.4700     -7.9900       31.554795967599
           112.4800     -7.9900       31.590998343214
           112.4900     -7.9900       31.607158305160
           112.5000     -7.9900       31.604534450190
           112.5100     -7.9900       31.585422583525
           112.5200     -7.9900       31.552986844298
           112.5300     -7.9900       31.511027552139
           112.5400     -7.9900       31.463706242488
           112.5500     -7.9900       31.415251519479
           112.5600     -7.9900       31.369670340104
           112.5700     -7.9900       31.330488143913
           112.5800     -7.9900       31.300538053495
           112.5900     -7.9900       31.281814559825
           112.6000     -7.9900       31.275401168667
           112.6100     -7.9900       31.281474988494
           112.6200     -7.9900       31.299384771392
           112.6300     -7.9900       31.327793021992
           112.6400     -7.9900       31.364867925647
           112.6500     -7.9900       31.408507356757
           112.6600     -7.9900       31.456575312818
           112.6700     -7.9900       31.507130837397
           112.6800     -7.9900       31.558630769344
           112.6900     -7.9900       31.610090295142
           112.7000     -7.9900       31.661189008893
           112.7100     -7.9900       31.712314667041
           112.7200     -7.9900       31.764541705190
           112.7300     -7.9900       31.819546508524
           112.7400     -7.9900       31.879466067655
           112.7500     -7.9900       31.946710723065
           112.7600     -7.9900       32.023744970900
           112.7700     -7.9900       32.112852595748
           112.7800     -7.9900       32.215903595843
           112.7900     -7.9900       32.334140414795
           112.8000     -7.9900       32.467999890138
           112.8100     -7.9900       32.616985127624
           112.8200     -7.9900       32.779598321796
           112.8300     -7.9900       32.953341534341
           112.8400     -7.9900       33.134787832692
           112.8500     -7.9900       33.319720253548
           112.8600     -7.9900       33.503331102681
           112.8700     -7.9900       33.680469475465
           112.8800     -7.9900       33.845920932507
           112.8900     -7.9900       33.994700325594
           112.9000     -7.9900       34.122337129098
           112.9100     -7.9900       34.225132503063
           112.9200     -7.9900       34.300368803730
           112.9300     -7.9900       34.346455345818
           112.9400     -7.9900       34.362998749003
           112.9500     -7.9900       34.350791869851
           112.9600     -7.9900       34.311721705747
           112.9700     -7.9900       34.248603239072
           112.9800     -7.9900       34.164952394540
           112.9900     -7.9900       34.064716535707
           113.0000     -7.9900       33.951984709426
           112.0000     -8.0000       28.020522306623
           112.0100     -8.0000       28.037323569967
           112.0200     -8.0000       28.059174464662
           112.0300     -8.0000       28.085486208271
           112.0400     -8.0000       28.115541373259
           112.0500     -8.0000       28.148578699651
           112.0600     -8.0000       28.183888446005
           112.0700     -8.0000       28.220906622177
           112.0800     -8.0000       28.259295888447
           112.0900     -8.0000       28.299001874765
           112.1000     -8.0000       28.340276115834
           112.1100     -8.0000       28.383660472706
           112.1200     -8.0000       28.429932417972
           112.1300     -8.0000       28.480015380740
           112.1400     -8.0000       28.534862902626
           112.1500     -8.0000       28.595329080250
           112.1600     -8.0000       28.662040175558
           112.1700     -8.0000       28.735283015181
           112.1800     -8.0000       28.814924712587
           112.1900     -8.0000       28.900375381972
           112.2000     -8.0000       28.990601132446
           112.2100     -8.0000       29.084189184226
           112.2200     -8.0000       29.179461024740
           112.2300     -8.0000       29.274623786619
           112.2400     -8.0000       29.367945146810
           112.2500     -8.0000       29.457933605263
           112.2600     -8.0000       29.543504445744
           112.2700     -8.0000       29.624112252656
           112.2800     -8.0000       29.699833566496
           112.2900     -8.0000       29.771387877775
           112.3000     -8.0000       29.840091238096
           112.3100     -8.0000       29.907743688348
           112.3200     -8.0000       29.976458742013
           112.3300     -8.0000       30.048449562655
           112.3400     -8.0000       30.125791539776
           112.3500     -8.0000       30.210184129081
           112.3600     -8.0000       30.302735709683
           112.3700     -8.0000       30.403793686642
           112.3800     -8.0000       30.512838251017
           112.3900     -8.0000       30.628452461444
           112.4000     -8.0000       30.748374195983
           112.4100     -8.0000       30.869627749801
           112.4200     -8.0000       30.988725202308
           112.4300     -8.0000       31.101920913037
           112.4400     -8.0000       31.205497303351
           112.4500     -8.0000       31.296056953458
           112.4600     -8.0000       31.370795291259
           112.4700     -8.0000       31.427729830401
           112.4800     -8.0000       31.465865845743
           112.4900     -8.0000       31.485284151969
           112.5000     -8.0000       31.487143697634
           112.5100     -8.0000       31.473599313165
           112.5200     -8.0000       31.447642427893
           112.5300     -8.0000       31.412879202644
           112.5400     -8.0000       31.373265716347
           112.5500     -8.0000       31.332823159364
           112.5600     -8.0000       31.295357176594
           112.5700     -8.0000       31.264204531713
           112.5800     -8.0000       31.242027293698
           112.5900     -8.0000       31.230670117607
           112.6000     -8.0000       31.231090377542
           112.6100     -8.0000       31.243364467555
           112.6200     -8.0000       31.266767098563
           112.6300     -8.0000       31.299914440175
           112.6400     -8.0000       31.340956963121
           112.6500     -8.0000       31.387804195004
           112.6600     -8.0000       31.438361537836
           112.6700     -8.0000       31.490758894646
           112.6800     -8.0000       31.543552060224
           112.6900     -8.0000       31.595880472390
           112.7000     -8.0000       31.647568723715
           112.7100     -8.0000       31.699163862534
           112.7200     -8.0000       31.751905594941
           112.7300     -8.0000       31.807631660169
           112.7400     -8.0000       31.868625534167
           112.7500     -8.0000       31.937417903985
           112.7600     -8.0000       32.016556786327
           112.7700     -8.0000       32.108363536954
           112.7800     -8.0000       32.214693180185
           112.7900     -8.0000       32.336717414544
           112.8000     -8.0000       32.474747325166
           112.8100     -8.0000       32.628110326845
           112.8200     -8.0000       32.795092310592
           112.8300     -8.0000       32.972951571372
           112.8400     -8.0000       33.158006114078
           112.8500     -8.0000       33.345790677980
           112.8600     -8.0000       33.531274634581
           112.8700     -8.0000       33.709127168484
           112.8800     -8.0000       33.874012212048
           112.8900     -8.0000       34.020892810122
           112.9000     -8.0000       34.145323219528
           112.9100     -8.0000       34.243707289513
           112.9200     -8.0000       34.313503599299
           112.9300     -8.0000       34.353361387901
           112.9400     -8.0000       34.363176297516
           112.9500     -8.0000       34.344061023635
           112.9600     -8.0000       34.298232661211
           112.9700     -8.0000       34.228825307914
           112.9800     -8.0000       34.139642741770
           112.9900     -8.0000       34.034871152351
           113.0000     -8.0000       33.918775462518
