generating_institute     gfz-potsdam
     generating_date     2026/05/23
        product_type     gravity_field
                body     earth
           modelname     egm2008
     max_used_degree          2190
         tide_system     tide_free
          functional     potential_ell
    zero_degree_term     included
                unit     m**2/s**2
          refsysname     WGS84
            gmrefpot      3.98600441800E+14 m**3/s**2
        radiusrefpot     6378137.000 m
          flatrefpot      3.352810664747480E-03   (1/298.25722356300)
         omegarefpot      7.29211500000E-05 1/s
       long_lat_unit     degree
      latlimit_north      -7.0000000000000    
      latlimit_south      -8.0000000000000    
      longlimit_west       112.00000000000    
      longlimit_east       113.00000000000    
            gridstep      0.10000000000000E-01
     height_over_ell          0.0000 m
  latitude_parallels           101
 longitude_parallels           101
number_of_gridpoints         10201
            gapvalue        1.000000E+09
       weighted_mean      6.2530814E+07 m**2/s**2
            maxvalue      6.2531110E+07 m**2/s**2
            minvalue      6.2530576E+07 m**2/s**2
         signal_wrms      1.4616429E+02 m**2/s**2
         grid_format     long_lat_value

          longitude    latitude    potential_ell
            [deg.]      [deg.]         [m**2/s**2]
end_of_head ============================================
           112.0000     -7.0000   6.2530575884475E+07
           112.0100     -7.0000   6.2530575913213E+07
           112.0200     -7.0000   6.2530575932061E+07
           112.0300     -7.0000   6.2530575944636E+07
           112.0400     -7.0000   6.2530575954330E+07
           112.0500     -7.0000   6.2530575964224E+07
           112.0600     -7.0000   6.2530575977031E+07
           112.0700     -7.0000   6.2530575995084E+07
           112.0800     -7.0000   6.2530576020341E+07
           112.0900     -7.0000   6.2530576054419E+07
           112.1000     -7.0000   6.2530576098632E+07
           112.1100     -7.0000   6.2530576154036E+07
           112.1200     -7.0000   6.2530576221456E+07
           112.1300     -7.0000   6.2530576301510E+07
           112.1400     -7.0000   6.2530576394615E+07
           112.1500     -7.0000   6.2530576500979E+07
           112.1600     -7.0000   6.2530576620583E+07
           112.1700     -7.0000   6.2530576753164E+07
           112.1800     -7.0000   6.2530576898205E+07
           112.1900     -7.0000   6.2530577054931E+07
           112.2000     -7.0000   6.2530577222333E+07
           112.2100     -7.0000   6.2530577399209E+07
           112.2200     -7.0000   6.2530577584226E+07
           112.2300     -7.0000   6.2530577776005E+07
           112.2400     -7.0000   6.2530577973213E+07
           112.2500     -7.0000   6.2530578174656E+07
           112.2600     -7.0000   6.2530578379363E+07
           112.2700     -7.0000   6.2530578586647E+07
           112.2800     -7.0000   6.2530578796135E+07
           112.2900     -7.0000   6.2530579007769E+07
           112.3000     -7.0000   6.2530579221755E+07
           112.3100     -7.0000   6.2530579438489E+07
           112.3200     -7.0000   6.2530579658450E+07
           112.3300     -7.0000   6.2530579882080E+07
           112.3400     -7.0000   6.2530580109660E+07
           112.3500     -7.0000   6.2530580341204E+07
           112.3600     -7.0000   6.2530580576384E+07
           112.3700     -7.0000   6.2530580814487E+07
           112.3800     -7.0000   6.2530581054435E+07
           112.3900     -7.0000   6.2530581294840E+07
           112.4000     -7.0000   6.2530581534116E+07
           112.4100     -7.0000   6.2530581770619E+07
           112.4200     -7.0000   6.2530582002809E+07
           112.4300     -7.0000   6.2530582229410E+07
           112.4400     -7.0000   6.2530582449552E+07
           112.4500     -7.0000   6.2530582662875E+07
           112.4600     -7.0000   6.2530582869582E+07
           112.4700     -7.0000   6.2530583070429E+07
           112.4800     -7.0000   6.2530583266657E+07
           112.4900     -7.0000   6.2530583459859E+07
           112.5000     -7.0000   6.2530583651816E+07
           112.5100     -7.0000   6.2530583844297E+07
           112.5200     -7.0000   6.2530584038864E+07
           112.5300     -7.0000   6.2530584236698E+07
           112.5400     -7.0000   6.2530584438463E+07
           112.5500     -7.0000   6.2530584644242E+07
           112.5600     -7.0000   6.2530584853529E+07
           112.5700     -7.0000   6.2530585065308E+07
           112.5800     -7.0000   6.2530585278190E+07
           112.5900     -7.0000   6.2530585490602E+07
           112.6000     -7.0000   6.2530585701013E+07
           112.6100     -7.0000   6.2530585908154E+07
           112.6200     -7.0000   6.2530586111222E+07
           112.6300     -7.0000   6.2530586310038E+07
           112.6400     -7.0000   6.2530586505128E+07
           112.6500     -7.0000   6.2530586697739E+07
           112.6600     -7.0000   6.2530586889759E+07
           112.6700     -7.0000   6.2530587083571E+07
           112.6800     -7.0000   6.2530587281845E+07
           112.6900     -7.0000   6.2530587487292E+07
           112.7000     -7.0000   6.2530587702414E+07
           112.7100     -7.0000   6.2530587929271E+07
           112.7200     -7.0000   6.2530588169300E+07
           112.7300     -7.0000   6.2530588423201E+07
           112.7400     -7.0000   6.2530588690902E+07
           112.7500     -7.0000   6.2530588971619E+07
           112.7600     -7.0000   6.2530589263980E+07
           112.7700     -7.0000   6.2530589566226E+07
           112.7800     -7.0000   6.2530589876433E+07
           112.7900     -7.0000   6.2530590192759E+07
           112.8000     -7.0000   6.2530590513652E+07
           112.8100     -7.0000   6.2530590838026E+07
           112.8200     -7.0000   6.2530591165353E+07
           112.8300     -7.0000   6.2530591495682E+07
           112.8400     -7.0000   6.2530591829572E+07
           112.8500     -7.0000   6.2530592167952E+07
           112.8600     -7.0000   6.2530592511920E+07
           112.8700     -7.0000   6.2530592862520E+07
           112.8800     -7.0000   6.2530593220511E+07
           112.8900     -7.0000   6.2530593586176E+07
           112.9000     -7.0000   6.2530593959181E+07
           112.9100     -7.0000   6.2530594338516E+07
           112.9200     -7.0000   6.2530594722521E+07
           112.9300     -7.0000   6.2530595109002E+07
           112.9400     -7.0000   6.2530595495417E+07
           112.9500     -7.0000   6.2530595879120E+07
           112.9600     -7.0000   6.2530596257624E+07
           112.9700     -7.0000   6.2530596628858E+07
           112.9800     -7.0000   6.2530596991382E+07
           112.9900     -7.0000   6.2530597344533E+07
           113.0000     -7.0000   6.2530597688480E+07
           112.0000     -7.0100   6.2530579930357E+07
           112.0100     -7.0100   6.2530579957111E+07
           112.0200     -7.0100   6.2530579974365E+07
           112.0300     -7.0100   6.2530579985856E+07
           112.0400     -7.0100   6.2530579995075E+07
           112.0500     -7.0100   6.2530580005164E+07
           112.0600     -7.0100   6.2530580018864E+07
           112.0700     -7.0100   6.2530580038499E+07
           112.0800     -7.0100   6.2530580065983E+07
           112.0900     -7.0100   6.2530580102866E+07
           112.1000     -7.0100   6.2530580150373E+07
           112.1100     -7.0100   6.2530580209463E+07
           112.1200     -7.0100   6.2530580280865E+07
           112.1300     -7.0100   6.2530580365109E+07
           112.1400     -7.0100   6.2530580462536E+07
           112.1500     -7.0100   6.2530580573291E+07
           112.1600     -7.0100   6.2530580697307E+07
           112.1700     -7.0100   6.2530580834284E+07
           112.1800     -7.0100   6.2530580983666E+07
           112.1900     -7.0100   6.2530581144639E+07
           112.2000     -7.0100   6.2530581316138E+07
           112.2100     -7.0100   6.2530581496892E+07
           112.2200     -7.0100   6.2530581685475E+07
           112.2300     -7.0100   6.2530581880400E+07
           112.2400     -7.0100   6.2530582080209E+07
           112.2500     -7.0100   6.2530582283580E+07
           112.2600     -7.0100   6.2530582489421E+07
           112.2700     -7.0100   6.2530582696947E+07
           112.2800     -7.0100   6.2530582905727E+07
           112.2900     -7.0100   6.2530583115690E+07
           112.3000     -7.0100   6.2530583327091E+07
           112.3100     -7.0100   6.2530583540440E+07
           112.3200     -7.0100   6.2530583756393E+07
           112.3300     -7.0100   6.2530583975621E+07
           112.3400     -7.0100   6.2530584198678E+07
           112.3500     -7.0100   6.2530584425870E+07
           112.3600     -7.0100   6.2530584657157E+07
           112.3700     -7.0100   6.2530584892090E+07
           112.3800     -7.0100   6.2530585129802E+07
           112.3900     -7.0100   6.2530585369050E+07
           112.4000     -7.0100   6.2530585608306E+07
           112.4100     -7.0100   6.2530585845892E+07
           112.4200     -7.0100   6.2530586080146E+07
           112.4300     -7.0100   6.2530586309590E+07
           112.4400     -7.0100   6.2530586533088E+07
           112.4500     -7.0100   6.2530586749977E+07
           112.4600     -7.0100   6.2530586960144E+07
           112.4700     -7.0100   6.2530587164046E+07
           112.4800     -7.0100   6.2530587362669E+07
           112.4900     -7.0100   6.2530587557416E+07
           112.5000     -7.0100   6.2530587749962E+07
           112.5100     -7.0100   6.2530587942057E+07
           112.5200     -7.0100   6.2530588135339E+07
           112.5300     -7.0100   6.2530588331140E+07
           112.5400     -7.0100   6.2530588530345E+07
           112.5500     -7.0100   6.2530588733292E+07
           112.5600     -7.0100   6.2530588939755E+07
           112.5700     -7.0100   6.2530589148983E+07
           112.5800     -7.0100   6.2530589359819E+07
           112.5900     -7.0100   6.2530589570870E+07
           112.6000     -7.0100   6.2530589780715E+07
           112.6100     -7.0100   6.2530589988124E+07
           112.6200     -7.0100   6.2530590192258E+07
           112.6300     -7.0100   6.2530590392840E+07
           112.6400     -7.0100   6.2530590590247E+07
           112.6500     -7.0100   6.2530590785547E+07
           112.6600     -7.0100   6.2530590980440E+07
           112.6700     -7.0100   6.2530591177131E+07
           112.6800     -7.0100   6.2530591378143E+07
           112.6900     -7.0100   6.2530591586085E+07
           112.7000     -7.0100   6.2530591803407E+07
           112.7100     -7.0100   6.2530592032180E+07
           112.7200     -7.0100   6.2530592273902E+07
           112.7300     -7.0100   6.2530592529378E+07
           112.7400     -7.0100   6.2530592798678E+07
           112.7500     -7.0100   6.2530593081174E+07
           112.7600     -7.0100   6.2530593375649E+07
           112.7700     -7.0100   6.2530593680482E+07
           112.7800     -7.0100   6.2530593993857E+07
           112.7900     -7.0100   6.2530594313991E+07
           112.8000     -7.0100   6.2530594639344E+07
           112.8100     -7.0100   6.2530594968781E+07
           112.8200     -7.0100   6.2530595301674E+07
           112.8300     -7.0100   6.2530595637924E+07
           112.8400     -7.0100   6.2530595977900E+07
           112.8500     -7.0100   6.2530596322309E+07
           112.8600     -7.0100   6.2530596672015E+07
           112.8700     -7.0100   6.2530597027823E+07
           112.8800     -7.0100   6.2530597390267E+07
           112.8900     -7.0100   6.2530597759426E+07
           112.9000     -7.0100   6.2530598134800E+07
           112.9100     -7.0100   6.2530598515255E+07
           112.9200     -7.0100   6.2530598899061E+07
           112.9300     -7.0100   6.2530599284007E+07
           112.9400     -7.0100   6.2530599667597E+07
           112.9500     -7.0100   6.2530600047282E+07
           112.9600     -7.0100   6.2530600420727E+07
           112.9700     -7.0100   6.2530600786060E+07
           112.9800     -7.0100   6.2530601142074E+07
           112.9900     -7.0100   6.2530601488361E+07
           113.0000     -7.0100   6.2530601825361E+07
           112.0000     -7.0200   6.2530583950705E+07
           112.0100     -7.0200   6.2530583977444E+07
           112.0200     -7.0200   6.2530583995446E+07
           112.0300     -7.0200   6.2530584008518E+07
           112.0400     -7.0200   6.2530584020191E+07
           112.0500     -7.0200   6.2530584033608E+07
           112.0600     -7.0200   6.2530584051471E+07
           112.0700     -7.0200   6.2530584076023E+07
           112.0800     -7.0200   6.2530584109065E+07
           112.0900     -7.0200   6.2530584152002E+07
           112.1000     -7.0200   6.2530584205903E+07
           112.1100     -7.0200   6.2530584271565E+07
           112.1200     -7.0200   6.2530584349560E+07
           112.1300     -7.0200   6.2530584440282E+07
           112.1400     -7.0200   6.2530584543958E+07
           112.1500     -7.0200   6.2530584660648E+07
           112.1600     -7.0200   6.2530584790230E+07
           112.1700     -7.0200   6.2530584932373E+07
           112.1800     -7.0200   6.2530585086507E+07
           112.1900     -7.0200   6.2530585251812E+07
           112.2000     -7.0200   6.2530585427220E+07
           112.2100     -7.0200   6.2530585611441E+07
           112.2200     -7.0200   6.2530585803021E+07
           112.2300     -7.0200   6.2530586000418E+07
           112.2400     -7.0200   6.2530586202108E+07
           112.2500     -7.0200   6.2530586406687E+07
           112.2600     -7.0200   6.2530586612982E+07
           112.2700     -7.0200   6.2530586820134E+07
           112.2800     -7.0200   6.2530587027663E+07
           112.2900     -7.0200   6.2530587235489E+07
           112.3000     -7.0200   6.2530587443907E+07
           112.3100     -7.0200   6.2530587653520E+07
           112.3200     -7.0200   6.2530587865137E+07
           112.3300     -7.0200   6.2530588079639E+07
           112.3400     -7.0200   6.2530588297825E+07
           112.3500     -7.0200   6.2530588520278E+07
           112.3600     -7.0200   6.2530588747237E+07
           112.3700     -7.0200   6.2530588978515E+07
           112.3800     -7.0200   6.2530589213465E+07
           112.3900     -7.0200   6.2530589450998E+07
           112.4000     -7.0200   6.2530589689665E+07
           112.4100     -7.0200   6.2530589927777E+07
           112.4200     -7.0200   6.2530590163569E+07
           112.4300     -7.0200   6.2530590395378E+07
           112.4400     -7.0200   6.2530590621815E+07
           112.4500     -7.0200   6.2530590841916E+07
           112.4600     -7.0200   6.2530591055247E+07
           112.4700     -7.0200   6.2530591261953E+07
           112.4800     -7.0200   6.2530591462741E+07
           112.4900     -7.0200   6.2530591658799E+07
           112.5000     -7.0200   6.2530591851666E+07
           112.5100     -7.0200   6.2530592043049E+07
           112.5200     -7.0200   6.2530592234634E+07
           112.5300     -7.0200   6.2530592427893E+07
           112.5400     -7.0200   6.2530592623922E+07
           112.5500     -7.0200   6.2530592823330E+07
           112.5600     -7.0200   6.2530593026182E+07
           112.5700     -7.0200   6.2530593232025E+07
           112.5800     -7.0200   6.2530593439972E+07
           112.5900     -7.0200   6.2530593648855E+07
           112.6000     -7.0200   6.2530593857410E+07
           112.6100     -7.0200   6.2530594064489E+07
           112.6200     -7.0200   6.2530594269258E+07
           112.6300     -7.0200   6.2530594471370E+07
           112.6400     -7.0200   6.2530594671072E+07
           112.6500     -7.0200   6.2530594869259E+07
           112.6600     -7.0200   6.2530595067431E+07
           112.6700     -7.0200   6.2530595267597E+07
           112.6800     -7.0200   6.2530595472098E+07
           112.6900     -7.0200   6.2530595683397E+07
           112.7000     -7.0200   6.2530595903850E+07
           112.7100     -7.0200   6.2530596135485E+07
           112.7200     -7.0200   6.2530596379812E+07
           112.7300     -7.0200   6.2530596637699E+07
           112.7400     -7.0200   6.2530596909318E+07
           112.7500     -7.0200   6.2530597194162E+07
           112.7600     -7.0200   6.2530597491150E+07
           112.7700     -7.0200   6.2530597798782E+07
           112.7800     -7.0200   6.2530598115340E+07
           112.7900     -7.0200   6.2530598439102E+07
           112.8000     -7.0200   6.2530598768541E+07
           112.8100     -7.0200   6.2530599102486E+07
           112.8200     -7.0200   6.2530599440221E+07
           112.8300     -7.0200   6.2530599781510E+07
           112.8400     -7.0200   6.2530600126551E+07
           112.8500     -7.0200   6.2530600475851E+07
           112.8600     -7.0200   6.2530600830060E+07
           112.8700     -7.0200   6.2530601189769E+07
           112.8800     -7.0200   6.2530601555312E+07
           112.8900     -7.0200   6.2530601926594E+07
           112.9000     -7.0200   6.2530602302977E+07
           112.9100     -7.0200   6.2530602683234E+07
           112.9200     -7.0200   6.2530603065594E+07
           112.9300     -7.0200   6.2530603447859E+07
           112.9400     -7.0200   6.2530603827594E+07
           112.9500     -7.0200   6.2530604202367E+07
           112.9600     -7.0200   6.2530604570003E+07
           112.9700     -7.0200   6.2530604928823E+07
           112.9800     -7.0200   6.2530605277842E+07
           112.9900     -7.0200   6.2530605616889E+07
           113.0000     -7.0200   6.2530605946643E+07
           112.0000     -7.0300   6.2530587951465E+07
           112.0100     -7.0300   6.2530587980264E+07
           112.0200     -7.0300   6.2530588001390E+07
           112.0300     -7.0300   6.2530588018672E+07
           112.0400     -7.0300   6.2530588035622E+07
           112.0500     -7.0300   6.2530588055326E+07
           112.0600     -7.0300   6.2530588080386E+07
           112.0700     -7.0300   6.2530588112898E+07
           112.0800     -7.0300   6.2530588154483E+07
           112.0900     -7.0300   6.2530588206343E+07
           112.1000     -7.0300   6.2530588269325E+07
           112.1100     -7.0300   6.2530588344005E+07
           112.1200     -7.0300   6.2530588430751E+07
           112.1300     -7.0300   6.2530588529774E+07
           112.1400     -7.0300   6.2530588641159E+07
           112.1500     -7.0300   6.2530588764866E+07
           112.1600     -7.0300   6.2530588900716E+07
           112.1700     -7.0300   6.2530589048358E+07
           112.1800     -7.0300   6.2530589207239E+07
           112.1900     -7.0300   6.2530589376579E+07
           112.2000     -7.0300   6.2530589555356E+07
           112.2100     -7.0300   6.2530589742327E+07
           112.2200     -7.0300   6.2530589936072E+07
           112.2300     -7.0300   6.2530590135065E+07
           112.2400     -7.0300   6.2530590337770E+07
           112.2500     -7.0300   6.2530590542757E+07
           112.2600     -7.0300   6.2530590748804E+07
           112.2700     -7.0300   6.2530590955007E+07
           112.2800     -7.0300   6.2530591160845E+07
           112.2900     -7.0300   6.2530591366219E+07
           112.3000     -7.0300   6.2530591571445E+07
           112.3100     -7.0300   6.2530591777189E+07
           112.3200     -7.0300   6.2530591984378E+07
           112.3300     -7.0300   6.2530592194056E+07
           112.3400     -7.0300   6.2530592407236E+07
           112.3500     -7.0300   6.2530592624741E+07
           112.3600     -7.0300   6.2530592847067E+07
           112.3700     -7.0300   6.2530593074275E+07
           112.3800     -7.0300   6.2530593305934E+07
           112.3900     -7.0300   6.2530593541123E+07
           112.4000     -7.0300   6.2530593778488E+07
           112.4100     -7.0300   6.2530594016356E+07
           112.4200     -7.0300   6.2530594252891E+07
           112.4300     -7.0300   6.2530594486275E+07
           112.4400     -7.0300   6.2530594714891E+07
           112.4500     -7.0300   6.2530594937497E+07
           112.4600     -7.0300   6.2530595153350E+07
           112.4700     -7.0300   6.2530595362285E+07
           112.4800     -7.0300   6.2530595564725E+07
           112.4900     -7.0300   6.2530595761631E+07
           112.5000     -7.0300   6.2530595954383E+07
           112.5100     -7.0300   6.2530596144622E+07
           112.5200     -7.0300   6.2530596334063E+07
           112.5300     -7.0300   6.2530596524297E+07
           112.5400     -7.0300   6.2530596716623E+07
           112.5500     -7.0300   6.2530596911911E+07
           112.5600     -7.0300   6.2530597110530E+07
           112.5700     -7.0300   6.2530597312338E+07
           112.5800     -7.0300   6.2530597516747E+07
           112.5900     -7.0300   6.2530597722844E+07
           112.6000     -7.0300   6.2530597929560E+07
           112.6100     -7.0300   6.2530598135867E+07
           112.6200     -7.0300   6.2530598340971E+07
           112.6300     -7.0300   6.2530598544483E+07
           112.6400     -7.0300   6.2530598746542E+07
           112.6500     -7.0300   6.2530598947875E+07
           112.6600     -7.0300   6.2530599149784E+07
           112.6700     -7.0300   6.2530599354063E+07
           112.6800     -7.0300   6.2530599562845E+07
           112.6900     -7.0300   6.2530599778416E+07
           112.7000     -7.0300   6.2530600002993E+07
           112.7100     -7.0300   6.2530600238514E+07
           112.7200     -7.0300   6.2530600486456E+07
           112.7300     -7.0300   6.2530600747705E+07
           112.7400     -7.0300   6.2530601022490E+07
           112.7500     -7.0300   6.2530601310395E+07
           112.7600     -7.0300   6.2530601610443E+07
           112.7700     -7.0300   6.2530601921236E+07
           112.7800     -7.0300   6.2530602241143E+07
           112.7900     -7.0300   6.2530602568497E+07
           112.8000     -7.0300   6.2530602901787E+07
           112.8100     -7.0300   6.2530603239813E+07
           112.8200     -7.0300   6.2530603581783E+07
           112.8300     -7.0300   6.2530603927344E+07
           112.8400     -7.0300   6.2530604276541E+07
           112.8500     -7.0300   6.2530604629705E+07
           112.8600     -7.0300   6.2530604987297E+07
           112.8700     -7.0300   6.2530605349721E+07
           112.8800     -7.0300   6.2530605717139E+07
           112.8900     -7.0300   6.2530606089310E+07
           112.9000     -7.0300   6.2530606465487E+07
           112.9100     -7.0300   6.2530606844377E+07
           112.9200     -7.0300   6.2530607224189E+07
           112.9300     -7.0300   6.2530607602754E+07
           112.9400     -7.0300   6.2530607977716E+07
           112.9500     -7.0300   6.2530608346761E+07
           112.9600     -7.0300   6.2530608707870E+07
           112.9700     -7.0300   6.2530609059548E+07
           112.9800     -7.0300   6.2530609401012E+07
           112.9900     -7.0300   6.2530609732304E+07
           113.0000     -7.0300   6.2530610054309E+07
           112.0000     -7.0400   6.2530591940200E+07
           112.0100     -7.0400   6.2530591973174E+07
           112.0200     -7.0400   6.2530591999747E+07
           112.0300     -7.0400   6.2530592023718E+07
           112.0400     -7.0400   6.2530592048531E+07
           112.0500     -7.0400   6.2530592077162E+07
           112.0600     -7.0400   6.2530592112055E+07
           112.0700     -7.0400   6.2530592155112E+07
           112.0800     -7.0400   6.2530592207722E+07
           112.0900     -7.0400   6.2530592270825E+07
           112.1000     -7.0400   6.2530592345002E+07
           112.1100     -7.0400   6.2530592430561E+07
           112.1200     -7.0400   6.2530592527625E+07
           112.1300     -7.0400   6.2530592636193E+07
           112.1400     -7.0400   6.2530592756185E+07
           112.1500     -7.0400   6.2530592887452E+07
           112.1600     -7.0400   6.2530593029762E+07
           112.1700     -7.0400   6.2530593182766E+07
           112.1800     -7.0400   6.2530593345963E+07
           112.1900     -7.0400   6.2530593518656E+07
           112.2000     -7.0400   6.2530593699930E+07
           112.2100     -7.0400   6.2530593888656E+07
           112.2200     -7.0400   6.2530594083513E+07
           112.2300     -7.0400   6.2530594283060E+07
           112.2400     -7.0400   6.2530594485813E+07
           112.2500     -7.0400   6.2530594690362E+07
           112.2600     -7.0400   6.2530594895480E+07
           112.2700     -7.0400   6.2530595100234E+07
           112.2800     -7.0400   6.2530595304066E+07
           112.2900     -7.0400   6.2530595506847E+07
           112.3000     -7.0400   6.2530595708880E+07
           112.3100     -7.0400   6.2530595910855E+07
           112.3200     -7.0400   6.2530596113762E+07
           112.3300     -7.0400   6.2530596318758E+07
           112.3400     -7.0400   6.2530596527013E+07
           112.3500     -7.0400   6.2530596739545E+07
           112.3600     -7.0400   6.2530596957069E+07
           112.3700     -7.0400   6.2530597179870E+07
           112.3800     -7.0400   6.2530597407725E+07
           112.3900     -7.0400   6.2530597639886E+07
           112.4000     -7.0400   6.2530597875114E+07
           112.4100     -7.0400   6.2530598111782E+07
           112.4200     -7.0400   6.2530598348022E+07
           112.4300     -7.0400   6.2530598581902E+07
           112.4400     -7.0400   6.2530598811623E+07
           112.4500     -7.0400   6.2530599035700E+07
           112.4600     -7.0400   6.2530599253110E+07
           112.4700     -7.0400   6.2530599463399E+07
           112.4800     -7.0400   6.2530599666717E+07
           112.4900     -7.0400   6.2530599863793E+07
           112.5000     -7.0400   6.2530600055841E+07
           112.5100     -7.0400   6.2530600244419E+07
           112.5200     -7.0400   6.2530600431246E+07
           112.5300     -7.0400   6.2530600618014E+07
           112.5400     -7.0400   6.2530600806203E+07
           112.5500     -7.0400   6.2530600996932E+07
           112.5600     -7.0400   6.2530601190868E+07
           112.5700     -7.0400   6.2530601388186E+07
           112.5800     -7.0400   6.2530601588606E+07
           112.5900     -7.0400   6.2530601791491E+07
           112.6000     -7.0400   6.2530601995994E+07
           112.6100     -7.0400   6.2530602201235E+07
           112.6200     -7.0400   6.2530602406488E+07
           112.6300     -7.0400   6.2530602611351E+07
           112.6400     -7.0400   6.2530602815874E+07
           112.6500     -7.0400   6.2530603020630E+07
           112.6600     -7.0400   6.2530603226725E+07
           112.6700     -7.0400   6.2530603435729E+07
           112.6800     -7.0400   6.2530603649552E+07
           112.6900     -7.0400   6.2530603870272E+07
           112.7000     -7.0400   6.2530604099932E+07
           112.7100     -7.0400   6.2530604340342E+07
           112.7200     -7.0400   6.2530604592903E+07
           112.7300     -7.0400   6.2530604858474E+07
           112.7400     -7.0400   6.2530605137303E+07
           112.7500     -7.0400   6.2530605429028E+07
           112.7600     -7.0400   6.2530605732745E+07
           112.7700     -7.0400   6.2530606047137E+07
           112.7800     -7.0400   6.2530606370643E+07
           112.7900     -7.0400   6.2530606701645E+07
           112.8000     -7.0400   6.2530607038648E+07
           112.8100     -7.0400   6.2530607380430E+07
           112.8200     -7.0400   6.2530607726136E+07
           112.8300     -7.0400   6.2530608075314E+07
           112.8400     -7.0400   6.2530608427878E+07
           112.8500     -7.0400   6.2530608784007E+07
           112.8600     -7.0400   6.2530609144002E+07
           112.8700     -7.0400   6.2530609508109E+07
           112.8800     -7.0400   6.2530609876344E+07
           112.8900     -7.0400   6.2530610248350E+07
           112.9000     -7.0400   6.2530610623293E+07
           112.9100     -7.0400   6.2530610999836E+07
           112.9200     -7.0400   6.2530611376186E+07
           112.9300     -7.0400   6.2530611750213E+07
           112.9400     -7.0400   6.2530612119639E+07
           112.9500     -7.0400   6.2530612482266E+07
           112.9600     -7.0400   6.2530612836218E+07
           112.9700     -7.0400   6.2530613180165E+07
           112.9800     -7.0400   6.2530613513503E+07
           112.9900     -7.0400   6.2530613836453E+07
           113.0000     -7.0400   6.2530614150081E+07
           112.0000     -7.0500   6.2530595925528E+07
           112.0100     -7.0500   6.2530595964751E+07
           112.0200     -7.0500   6.2530595998944E+07
           112.0300     -7.0500   6.2530596031829E+07
           112.0400     -7.0500   6.2530596066735E+07
           112.0500     -7.0500   6.2530596106485E+07
           112.0600     -7.0500   6.2530596153328E+07
           112.0700     -7.0500   6.2530596208929E+07
           112.0800     -7.0500   6.2530596274409E+07
           112.0900     -7.0500   6.2530596350414E+07
           112.1000     -7.0500   6.2530596437221E+07
           112.1100     -7.0500   6.2530596534842E+07
           112.1200     -7.0500   6.2530596643127E+07
           112.1300     -7.0500   6.2530596761845E+07
           112.1400     -7.0500   6.2530596890740E+07
           112.1500     -7.0500   6.2530597029552E+07
           112.1600     -7.0500   6.2530597178006E+07
           112.1700     -7.0500   6.2530597335783E+07
           112.1800     -7.0500   6.2530597502465E+07
           112.1900     -7.0500   6.2530597677491E+07
           112.2000     -7.0500   6.2530597860111E+07
           112.2100     -7.0500   6.2530598049373E+07
           112.2200     -7.0500   6.2530598244130E+07
           112.2300     -7.0500   6.2530598443084E+07
           112.2400     -7.0500   6.2530598644869E+07
           112.2500     -7.0500   6.2530598848142E+07
           112.2600     -7.0500   6.2530599051706E+07
           112.2700     -7.0500   6.2530599254615E+07
           112.2800     -7.0500   6.2530599456273E+07
           112.2900     -7.0500   6.2530599656500E+07
           112.3000     -7.0500   6.2530599855547E+07
           112.3100     -7.0500   6.2530600054076E+07
           112.3200     -7.0500   6.2530600253078E+07
           112.3300     -7.0500   6.2530600453758E+07
           112.3400     -7.0500   6.2530600657377E+07
           112.3500     -7.0500   6.2530600865089E+07
           112.3600     -7.0500   6.2530601077778E+07
           112.3700     -7.0500   6.2530601295921E+07
           112.3800     -7.0500   6.2530601519490E+07
           112.3900     -7.0500   6.2530601747907E+07
           112.4000     -7.0500   6.2530601980073E+07
           112.4100     -7.0500   6.2530602214438E+07
           112.4200     -7.0500   6.2530602449148E+07
           112.4300     -7.0500   6.2530602682212E+07
           112.4400     -7.0500   6.2530602911701E+07
           112.4500     -7.0500   6.2530603135939E+07
           112.4600     -7.0500   6.2530603353672E+07
           112.4700     -7.0500   6.2530603564191E+07
           112.4800     -7.0500   6.2530603767397E+07
           112.4900     -7.0500   6.2530603963795E+07
           112.5000     -7.0500   6.2530604154434E+07
           112.5100     -7.0500   6.2530604340772E+07
           112.5200     -7.0500   6.2530604524517E+07
           112.5300     -7.0500   6.2530604707434E+07
           112.5400     -7.0500   6.2530604891159E+07
           112.5500     -7.0500   6.2530605077040E+07
           112.5600     -7.0500   6.2530605266020E+07
           112.5700     -7.0500   6.2530605458582E+07
           112.5800     -7.0500   6.2530605654754E+07
           112.5900     -7.0500   6.2530605854181E+07
           112.6000     -7.0500   6.2530606056251E+07
           112.6100     -7.0500   6.2530606260253E+07
           112.6200     -7.0500   6.2530606465554E+07
           112.6300     -7.0500   6.2530606671760E+07
           112.6400     -7.0500   6.2530606878851E+07
           112.6500     -7.0500   6.2530607087264E+07
           112.6600     -7.0500   6.2530607297914E+07
           112.6700     -7.0500   6.2530607512149E+07
           112.6800     -7.0500   6.2530607731645E+07
           112.6900     -7.0500   6.2530607958252E+07
           112.7000     -7.0500   6.2530608193815E+07
           112.7100     -7.0500   6.2530608439982E+07
           112.7200     -7.0500   6.2530608698042E+07
           112.7300     -7.0500   6.2530608968788E+07
           112.7400     -7.0500   6.2530609252452E+07
           112.7500     -7.0500   6.2530609548688E+07
           112.7600     -7.0500   6.2530609856640E+07
           112.7700     -7.0500   6.2530610175045E+07
           112.7800     -7.0500   6.2530610502399E+07
           112.7900     -7.0500   6.2530610837121E+07
           112.8000     -7.0500   6.2530611177734E+07
           112.8100     -7.0500   6.2530611522998E+07
           112.8200     -7.0500   6.2530611872009E+07
           112.8300     -7.0500   6.2530612224234E+07
           112.8400     -7.0500   6.2530612579478E+07
           112.8500     -7.0500   6.2530612937797E+07
           112.8600     -7.0500   6.2530613299358E+07
           112.8700     -7.0500   6.2530613664275E+07
           112.8800     -7.0500   6.2530614032451E+07
           112.8900     -7.0500   6.2530614403434E+07
           112.9000     -7.0500   6.2530614776327E+07
           112.9100     -7.0500   6.2530615149765E+07
           112.9200     -7.0500   6.2530615521959E+07
           112.9300     -7.0500   6.2530615890822E+07
           112.9400     -7.0500   6.2530616254152E+07
           112.9500     -7.0500   6.2530616609852E+07
           112.9600     -7.0500   6.2530616956168E+07
           112.9700     -7.0500   6.2530617291908E+07
           112.9800     -7.0500   6.2530617616615E+07
           112.9900     -7.0500   6.2530617930662E+07
           113.0000     -7.0500   6.2530618235260E+07
           112.0000     -7.0600   6.2530599916476E+07
           112.0100     -7.0600   6.2530599963892E+07
           112.0200     -7.0600   6.2530600007635E+07
           112.0300     -7.0600   6.2530600051304E+07
           112.0400     -7.0600   6.2530600098080E+07
           112.0500     -7.0600   6.2530600150602E+07
           112.0600     -7.0600   6.2530600210897E+07
           112.0700     -7.0600   6.2530600280375E+07
           112.0800     -7.0600   6.2530600359866E+07
           112.0900     -7.0600   6.2530600449707E+07
           112.1000     -7.0600   6.2530600549855E+07
           112.1100     -7.0600   6.2530600660012E+07
           112.1200     -7.0600   6.2530600779744E+07
           112.1300     -7.0600   6.2530600908582E+07
           112.1400     -7.0600   6.2530601046094E+07
           112.1500     -7.0600   6.2530601191914E+07
           112.1600     -7.0600   6.2530601345742E+07
           112.1700     -7.0600   6.2530601507310E+07
           112.1800     -7.0600   6.2530601676326E+07
           112.1900     -7.0600   6.2530601852408E+07
           112.2000     -7.0600   6.2530602035029E+07
           112.2100     -7.0600   6.2530602223476E+07
           112.2200     -7.0600   6.2530602416834E+07
           112.2300     -7.0600   6.2530602614020E+07
           112.2400     -7.0600   6.2530602813833E+07
           112.2500     -7.0600   6.2530603015049E+07
           112.2600     -7.0600   6.2530603216524E+07
           112.2700     -7.0600   6.2530603417317E+07
           112.2800     -7.0600   6.2530603616785E+07
           112.2900     -7.0600   6.2530603814669E+07
           112.3000     -7.0600   6.2530604011128E+07
           112.3100     -7.0600   6.2530604206734E+07
           112.3200     -7.0600   6.2530604402412E+07
           112.3300     -7.0600   6.2530604599336E+07
           112.3400     -7.0600   6.2530604798787E+07
           112.3500     -7.0600   6.2530605001987E+07
           112.3600     -7.0600   6.2530605209935E+07
           112.3700     -7.0600   6.2530605423258E+07
           112.3800     -7.0600   6.2530605642100E+07
           112.3900     -7.0600   6.2530605866058E+07
           112.4000     -7.0600   6.2530606094185E+07
           112.4100     -7.0600   6.2530606325051E+07
           112.4200     -7.0600   6.2530606556864E+07
           112.4300     -7.0600   6.2530606787634E+07
           112.4400     -7.0600   6.2530607015369E+07
           112.4500     -7.0600   6.2530607238266E+07
           112.4600     -7.0600   6.2530607454896E+07
           112.4700     -7.0600   6.2530607664344E+07
           112.4800     -7.0600   6.2530607866296E+07
           112.4900     -7.0600   6.2530608061057E+07
           112.5000     -7.0600   6.2530608249512E+07
           112.5100     -7.0600   6.2530608433015E+07
           112.5200     -7.0600   6.2530608613240E+07
           112.5300     -7.0600   6.2530608791999E+07
           112.5400     -7.0600   6.2530608971053E+07
           112.5500     -7.0600   6.2530609151944E+07
           112.5600     -7.0600   6.2530609335867E+07
           112.5700     -7.0600   6.2530609523587E+07
           112.5800     -7.0600   6.2530609715423E+07
           112.5900     -7.0600   6.2530609911301E+07
           112.6000     -7.0600   6.2530610110844E+07
           112.6100     -7.0600   6.2530610313522E+07
           112.6200     -7.0600   6.2530610518807E+07
           112.6300     -7.0600   6.2530610726336E+07
           112.6400     -7.0600   6.2530610936039E+07
           112.6500     -7.0600   6.2530611148232E+07
           112.6600     -7.0600   6.2530611363653E+07
           112.6700     -7.0600   6.2530611583435E+07
           112.6800     -7.0600   6.2530611809016E+07
           112.6900     -7.0600   6.2530612042011E+07
           112.7000     -7.0600   6.2530612284048E+07
           112.7100     -7.0600   6.2530612536593E+07
           112.7200     -7.0600   6.2530612800790E+07
           112.7300     -7.0600   6.2530613077339E+07
           112.7400     -7.0600   6.2530613366420E+07
           112.7500     -7.0600   6.2530613667677E+07
           112.7600     -7.0600   6.2530613980272E+07
           112.7700     -7.0600   6.2530614302976E+07
           112.7800     -7.0600   6.2530614634324E+07
           112.7900     -7.0600   6.2530614972768E+07
           112.8000     -7.0600   6.2530615316842E+07
           112.8100     -7.0600   6.2530615665297E+07
           112.8200     -7.0600   6.2530616017193E+07
           112.8300     -7.0600   6.2530616371933E+07
           112.8400     -7.0600   6.2530616729239E+07
           112.8500     -7.0600   6.2530617089065E+07
           112.8600     -7.0600   6.2530617451474E+07
           112.8700     -7.0600   6.2530617816480E+07
           112.8800     -7.0600   6.2530618183894E+07
           112.8900     -7.0600   6.2530618553193E+07
           112.9000     -7.0600   6.2530618923436E+07
           112.9100     -7.0600   6.2530619293239E+07
           112.9200     -7.0600   6.2530619660825E+07
           112.9300     -7.0600   6.2530620024146E+07
           112.9400     -7.0600   6.2530620381059E+07
           112.9500     -7.0600   6.2530620729549E+07
           112.9600     -7.0600   6.2530621067959E+07
           112.9700     -7.0600   6.2530621395204E+07
           112.9800     -7.0600   6.2530621710937E+07
           112.9900     -7.0600   6.2530622015646E+07
           113.0000     -7.0600   6.2530622310659E+07
           112.0000     -7.0700   6.2530603921822E+07
           112.0100     -7.0700   6.2530603979152E+07
           112.0200     -7.0700   6.2530604034041E+07
           112.0300     -7.0700   6.2530604089932E+07
           112.0400     -7.0700   6.2530604149832E+07
           112.0500     -7.0700   6.2530604216178E+07
           112.0600     -7.0700   6.2530604290770E+07
           112.0700     -7.0700   6.2530604374756E+07
           112.0800     -7.0700   6.2530604468678E+07
           112.0900     -7.0700   6.2530604572563E+07
           112.1000     -7.0700   6.2530604686052E+07
           112.1100     -7.0700   6.2530604808541E+07
           112.1200     -7.0700   6.2530604939314E+07
           112.1300     -7.0700   6.2530605077672E+07
           112.1400     -7.0700   6.2530605223009E+07
           112.1500     -7.0700   6.2530605374869E+07
           112.1600     -7.0700   6.2530605532943E+07
           112.1700     -7.0700   6.2530605697042E+07
           112.1800     -7.0700   6.2530605867029E+07
           112.1900     -7.0700   6.2530606042748E+07
           112.2000     -7.0700   6.2530606223941E+07
           112.2100     -7.0700   6.2530606410186E+07
           112.2200     -7.0700   6.2530606600863E+07
           112.2300     -7.0700   6.2530606795151E+07
           112.2400     -7.0700   6.2530606992069E+07
           112.2500     -7.0700   6.2530607190544E+07
           112.2600     -7.0700   6.2530607389517E+07
           112.2700     -7.0700   6.2530607588055E+07
           112.2800     -7.0700   6.2530607785460E+07
           112.2900     -7.0700   6.2530607981363E+07
           112.3000     -7.0700   6.2530608175785E+07
           112.3100     -7.0700   6.2530608369146E+07
           112.3200     -7.0700   6.2530608562232E+07
           112.3300     -7.0700   6.2530608756110E+07
           112.3400     -7.0700   6.2530608951998E+07
           112.3500     -7.0700   6.2530609151117E+07
           112.3600     -7.0700   6.2530609354520E+07
           112.3700     -7.0700   6.2530609562941E+07
           112.3800     -7.0700   6.2530609776671E+07
           112.3900     -7.0700   6.2530609995478E+07
           112.4000     -7.0700   6.2530610218588E+07
           112.4100     -7.0700   6.2530610444725E+07
           112.4200     -7.0700   6.2530610672216E+07
           112.4300     -7.0700   6.2530610899137E+07
           112.4400     -7.0700   6.2530611123501E+07
           112.4500     -7.0700   6.2530611343454E+07
           112.4600     -7.0700   6.2530611557458E+07
           112.4700     -7.0700   6.2530611764448E+07
           112.4800     -7.0700   6.2530611963939E+07
           112.4900     -7.0700   6.2530612156064E+07
           112.5000     -7.0700   6.2530612341554E+07
           112.5100     -7.0700   6.2530612521655E+07
           112.5200     -7.0700   6.2530612697988E+07
           112.5300     -7.0700   6.2530612872380E+07
           112.5400     -7.0700   6.2530613046682E+07
           112.5500     -7.0700   6.2530613222592E+07
           112.5600     -7.0700   6.2530613401514E+07
           112.5700     -7.0700   6.2530613584462E+07
           112.5800     -7.0700   6.2530613772024E+07
           112.5900     -7.0700   6.2530613964381E+07
           112.6000     -7.0700   6.2530614161390E+07
           112.6100     -7.0700   6.2530614362700E+07
           112.6200     -7.0700   6.2530614567901E+07
           112.6300     -7.0700   6.2530614776672E+07
           112.6400     -7.0700   6.2530614988912E+07
           112.6500     -7.0700   6.2530615204836E+07
           112.6600     -7.0700   6.2530615425024E+07
           112.6700     -7.0700   6.2530615650401E+07
           112.6800     -7.0700   6.2530615882180E+07
           112.6900     -7.0700   6.2530616121738E+07
           112.7000     -7.0700   6.2530616370480E+07
           112.7100     -7.0700   6.2530616629673E+07
           112.7200     -7.0700   6.2530616900301E+07
           112.7300     -7.0700   6.2530617182946E+07
           112.7400     -7.0700   6.2530617477713E+07
           112.7500     -7.0700   6.2530617784211E+07
           112.7600     -7.0700   6.2530618101594E+07
           112.7700     -7.0700   6.2530618428654E+07
           112.7800     -7.0700   6.2530618763947E+07
           112.7900     -7.0700   6.2530619105951E+07
           112.8000     -7.0700   6.2530619453213E+07
           112.8100     -7.0700   6.2530619804479E+07
           112.8200     -7.0700   6.2530620158786E+07
           112.8300     -7.0700   6.2530620515492E+07
           112.8400     -7.0700   6.2530620874255E+07
           112.8500     -7.0700   6.2530621234958E+07
           112.8600     -7.0700   6.2530621597585E+07
           112.8700     -7.0700   6.2530621962074E+07
           112.8800     -7.0700   6.2530622328171E+07
           112.8900     -7.0700   6.2530622695304E+07
           112.9000     -7.0700   6.2530623062500E+07
           112.9100     -7.0700   6.2530623428366E+07
           112.9200     -7.0700   6.2530623791135E+07
           112.9300     -7.0700   6.2530624148788E+07
           112.9400     -7.0700   6.2530624499227E+07
           112.9500     -7.0700   6.2530624840492E+07
           112.9600     -7.0700   6.2530625170990E+07
           112.9700     -7.0700   6.2530625489704E+07
           112.9800     -7.0700   6.2530625796362E+07
           112.9900     -7.0700   6.2530626091529E+07
           113.0000     -7.0700   6.2530626376615E+07
           112.0000     -7.0800   6.2530607949473E+07
           112.0100     -7.0800   6.2530608018126E+07
           112.0200     -7.0800   6.2530608085352E+07
           112.0300     -7.0800   6.2530608154412E+07
           112.0400     -7.0800   6.2530608228126E+07
           112.0500     -7.0800   6.2530608308730E+07
           112.0600     -7.0800   6.2530608397804E+07
           112.0700     -7.0800   6.2530608496247E+07
           112.0800     -7.0800   6.2530608604331E+07
           112.0900     -7.0800   6.2530608721798E+07
           112.1000     -7.0800   6.2530608847991E+07
           112.1100     -7.0800   6.2530608982016E+07
           112.1200     -7.0800   6.2530609122897E+07
           112.1300     -7.0800   6.2530609269713E+07
           112.1400     -7.0800   6.2530609421704E+07
           112.1500     -7.0800   6.2530609578336E+07
           112.1600     -7.0800   6.2530609739309E+07
           112.1700     -7.0800   6.2530609904534E+07
           112.1800     -7.0800   6.2530610074059E+07
           112.1900     -7.0800   6.2530610247982E+07
           112.2000     -7.0800   6.2530610426356E+07
           112.2100     -7.0800   6.2530610609094E+07
           112.2200     -7.0800   6.2530610795913E+07
           112.2300     -7.0800   6.2530610986301E+07
           112.2400     -7.0800   6.2530611179534E+07
           112.2500     -7.0800   6.2530611374725E+07
           112.2600     -7.0800   6.2530611570916E+07
           112.2700     -7.0800   6.2530611767188E+07
           112.2800     -7.0800   6.2530611962775E+07
           112.2900     -7.0800   6.2530612157170E+07
           112.3000     -7.0800   6.2530612350207E+07
           112.3100     -7.0800   6.2530612542094E+07
           112.3200     -7.0800   6.2530612733407E+07
           112.3300     -7.0800   6.2530612925028E+07
           112.3400     -7.0800   6.2530613118039E+07
           112.3500     -7.0800   6.2530613313584E+07
           112.3600     -7.0800   6.2530613512710E+07
           112.3700     -7.0800   6.2530613716213E+07
           112.3800     -7.0800   6.2530613924506E+07
           112.3900     -7.0800   6.2530614137522E+07
           112.4000     -7.0800   6.2530614354678E+07
           112.4100     -7.0800   6.2530614574890E+07
           112.4200     -7.0800   6.2530614796655E+07
           112.4300     -7.0800   6.2530615018183E+07
           112.4400     -7.0800   6.2530615237569E+07
           112.4500     -7.0800   6.2530615452979E+07
           112.4600     -7.0800   6.2530615662838E+07
           112.4700     -7.0800   6.2530615865997E+07
           112.4800     -7.0800   6.2530616061844E+07
           112.4900     -7.0800   6.2530616250371E+07
           112.5000     -7.0800   6.2530616432174E+07
           112.5100     -7.0800   6.2530616608385E+07
           112.5200     -7.0800   6.2530616780552E+07
           112.5300     -7.0800   6.2530616950489E+07
           112.5400     -7.0800   6.2530617120091E+07
           112.5500     -7.0800   6.2530617291167E+07
           112.5600     -7.0800   6.2530617465285E+07
           112.5700     -7.0800   6.2530617643666E+07
           112.5800     -7.0800   6.2530617827125E+07
           112.5900     -7.0800   6.2530618016077E+07
           112.6000     -7.0800   6.2530618210591E+07
           112.6100     -7.0800   6.2530618410491E+07
           112.6200     -7.0800   6.2530618615486E+07
           112.6300     -7.0800   6.2530618825309E+07
           112.6400     -7.0800   6.2530619039848E+07
           112.6500     -7.0800   6.2530619259235E+07
           112.6600     -7.0800   6.2530619483910E+07
           112.6700     -7.0800   6.2530619714614E+07
           112.6800     -7.0800   6.2530619952343E+07
           112.6900     -7.0800   6.2530620198251E+07
           112.7000     -7.0800   6.2530620453517E+07
           112.7100     -7.0800   6.2530620719210E+07
           112.7200     -7.0800   6.2530620996142E+07
           112.7300     -7.0800   6.2530621284765E+07
           112.7400     -7.0800   6.2530621585090E+07
           112.7500     -7.0800   6.2530621896674E+07
           112.7600     -7.0800   6.2530622218650E+07
           112.7700     -7.0800   6.2530622549809E+07
           112.7800     -7.0800   6.2530622888725E+07
           112.7900     -7.0800   6.2530623233892E+07
           112.8000     -7.0800   6.2530623583872E+07
           112.8100     -7.0800   6.2530623937414E+07
           112.8200     -7.0800   6.2530624293542E+07
           112.8300     -7.0800   6.2530624651587E+07
           112.8400     -7.0800   6.2530625011169E+07
           112.8500     -7.0800   6.2530625372121E+07
           112.8600     -7.0800   6.2530625734374E+07
           112.8700     -7.0800   6.2530626097818E+07
           112.8800     -7.0800   6.2530626462156E+07
           112.8900     -7.0800   6.2530626826785E+07
           112.9000     -7.0800   6.2530627190713E+07
           112.9100     -7.0800   6.2530627552542E+07
           112.9200     -7.0800   6.2530627910513E+07
           112.9300     -7.0800   6.2530628262624E+07
           112.9400     -7.0800   6.2530628606799E+07
           112.9500     -7.0800   6.2530628941107E+07
           112.9600     -7.0800   6.2530629263980E+07
           112.9700     -7.0800   6.2530629574434E+07
           112.9800     -7.0800   6.2530629872227E+07
           112.9900     -7.0800   6.2530630157961E+07
           113.0000     -7.0800   6.2530630433091E+07
           112.0000     -7.0900   6.2530612005944E+07
           112.0100     -7.0900   6.2530612086940E+07
           112.0200     -7.0900   6.2530612167232E+07
           112.0300     -7.0900   6.2530612249887E+07
           112.0400     -7.0900   6.2530612337538E+07
           112.0500     -7.0900   6.2530612432234E+07
           112.0600     -7.0900   6.2530612535354E+07
           112.0700     -7.0900   6.2530612647585E+07
           112.0800     -7.0900   6.2530612768965E+07
           112.0900     -7.0900   6.2530612898981E+07
           112.1000     -7.0900   6.2530613036720E+07
           112.1100     -7.0900   6.2530613181028E+07
           112.1200     -7.0900   6.2530613330694E+07
           112.1300     -7.0900   6.2530613484600E+07
           112.1400     -7.0900   6.2530613641849E+07
           112.1500     -7.0900   6.2530613801843E+07
           112.1600     -7.0900   6.2530613964306E+07
           112.1700     -7.0900   6.2530614129264E+07
           112.1800     -7.0900   6.2530614296965E+07
           112.1900     -7.0900   6.2530614467786E+07
           112.2000     -7.0900   6.2530614642113E+07
           112.2100     -7.0900   6.2530614820225E+07
           112.2200     -7.0900   6.2530615002207E+07
           112.2300     -7.0900   6.2530615187889E+07
           112.2400     -7.0900   6.2530615376831E+07
           112.2500     -7.0900   6.2530615568355E+07
           112.2600     -7.0900   6.2530615761621E+07
           112.2700     -7.0900   6.2530615955723E+07
           112.2800     -7.0900   6.2530616149815E+07
           112.2900     -7.0900   6.2530616343227E+07
           112.3000     -7.0900   6.2530616535562E+07
           112.3100     -7.0900   6.2530616726764E+07
           112.3200     -7.0900   6.2530616917132E+07
           112.3300     -7.0900   6.2530617107293E+07
           112.3400     -7.0900   6.2530617298122E+07
           112.3500     -7.0900   6.2530617490618E+07
           112.3600     -7.0900   6.2530617685765E+07
           112.3700     -7.0900   6.2530617884379E+07
           112.3800     -7.0900   6.2530618086968E+07
           112.3900     -7.0900   6.2530618293626E+07
           112.4000     -7.0900   6.2530618503975E+07
           112.4100     -7.0900   6.2530618717157E+07
           112.4200     -7.0900   6.2530618931893E+07
           112.4300     -7.0900   6.2530619146590E+07
           112.4400     -7.0900   6.2530619359496E+07
           112.4500     -7.0900   6.2530619568872E+07
           112.4600     -7.0900   6.2530619773179E+07
           112.4700     -7.0900   6.2530619971242E+07
           112.4800     -7.0900   6.2530620162373E+07
           112.4900     -7.0900   6.2530620346460E+07
           112.5000     -7.0900   6.2530620523974E+07
           112.5100     -7.0900   6.2530620695930E+07
           112.5200     -7.0900   6.2530620863788E+07
           112.5300     -7.0900   6.2530621029311E+07
           112.5400     -7.0900   6.2530621194398E+07
           112.5500     -7.0900   6.2530621360916E+07
           112.5600     -7.0900   6.2530621530546E+07
           112.5700     -7.0900   6.2530621704664E+07
           112.5800     -7.0900   6.2530621884271E+07
           112.5900     -7.0900   6.2530622069980E+07
           112.6000     -7.0900   6.2530622262046E+07
           112.6100     -7.0900   6.2530622460457E+07
           112.6200     -7.0900   6.2530622665038E+07
           112.6300     -7.0900   6.2530622875588E+07
           112.6400     -7.0900   6.2530623091992E+07
           112.6500     -7.0900   6.2530623314326E+07
           112.6600     -7.0900   6.2530623542911E+07
           112.6700     -7.0900   6.2530623778327E+07
           112.6800     -7.0900   6.2530624021376E+07
           112.6900     -7.0900   6.2530624273001E+07
           112.7000     -7.0900   6.2530624534174E+07
           112.7100     -7.0900   6.2530624805764E+07
           112.7200     -7.0900   6.2530625088417E+07
           112.7300     -7.0900   6.2530625382445E+07
           112.7400     -7.0900   6.2530625687762E+07
           112.7500     -7.0900   6.2530626003860E+07
           112.7600     -7.0900   6.2530626329839E+07
           112.7700     -7.0900   6.2530626664483E+07
           112.7800     -7.0900   6.2530627006374E+07
           112.7900     -7.0900   6.2530627354023E+07
           112.8000     -7.0900   6.2530627706006E+07
           112.8100     -7.0900   6.2530628061085E+07
           112.8200     -7.0900   6.2530628418282E+07
           112.8300     -7.0900   6.2530628776920E+07
           112.8400     -7.0900   6.2530629136600E+07
           112.8500     -7.0900   6.2530629497131E+07
           112.8600     -7.0900   6.2530629858416E+07
           112.8700     -7.0900   6.2530630220319E+07
           112.8800     -7.0900   6.2530630582523E+07
           112.8900     -7.0900   6.2530630944410E+07
           112.9000     -7.0900   6.2530631304982E+07
           112.9100     -7.0900   6.2530631662840E+07
           112.9200     -7.0900   6.2530632016228E+07
           112.9300     -7.0900   6.2530632363146E+07
           112.9400     -7.0900   6.2530632701521E+07
           112.9500     -7.0900   6.2530633029416E+07
           112.9600     -7.0900   6.2530633345257E+07
           112.9700     -7.0900   6.2530633648046E+07
           112.9800     -7.0900   6.2530633937531E+07
           112.9900     -7.0900   6.2530634214307E+07
           113.0000     -7.0900   6.2530634479840E+07
           112.0000     -7.1000   6.2530616095974E+07
           112.0100     -7.1000   6.2530616189883E+07
           112.0200     -7.1000   6.2530616283480E+07
           112.0300     -7.1000   6.2530616379636E+07
           112.0400     -7.1000   6.2530616480807E+07
           112.0500     -7.1000   6.2530616588882E+07
           112.0600     -7.1000   6.2530616705078E+07
           112.0700     -7.1000   6.2530616829913E+07
           112.0800     -7.1000   6.2530616963241E+07
           112.0900     -7.1000   6.2530617104348E+07
           112.1000     -7.1000   6.2530617252105E+07
           112.1100     -7.1000   6.2530617405145E+07
           112.1200     -7.1000   6.2530617562054E+07
           112.1300     -7.1000   6.2530617721544E+07
           112.1400     -7.1000   6.2530617882600E+07
           112.1500     -7.1000   6.2530618044572E+07
           112.1600     -7.1000   6.2530618207216E+07
           112.1700     -7.1000   6.2530618370676E+07
           112.1800     -7.1000   6.2530618535408E+07
           112.1900     -7.1000   6.2530618702074E+07
           112.2000     -7.1000   6.2530618871401E+07
           112.2100     -7.1000   6.2530619044048E+07
           112.2200     -7.1000   6.2530619220485E+07
           112.2300     -7.1000   6.2530619400899E+07
           112.2400     -7.1000   6.2530619585156E+07
           112.2500     -7.1000   6.2530619772801E+07
           112.2600     -7.1000   6.2530619963117E+07
           112.2700     -7.1000   6.2530620155217E+07
           112.2800     -7.1000   6.2530620348165E+07
           112.2900     -7.1000   6.2530620541104E+07
           112.3000     -7.1000   6.2530620733375E+07
           112.3100     -7.1000   6.2530620924611E+07
           112.3200     -7.1000   6.2530621114783E+07
           112.3300     -7.1000   6.2530621304204E+07
           112.3400     -7.1000   6.2530621493478E+07
           112.3500     -7.1000   6.2530621683406E+07
           112.3600     -7.1000   6.2530621874856E+07
           112.3700     -7.1000   6.2530622068626E+07
           112.3800     -7.1000   6.2530622265295E+07
           112.3900     -7.1000   6.2530622465115E+07
           112.4000     -7.1000   6.2530622667922E+07
           112.4100     -7.1000   6.2530622873118E+07
           112.4200     -7.1000   6.2530623079692E+07
           112.4300     -7.1000   6.2530623286306E+07
           112.4400     -7.1000   6.2530623491428E+07
           112.4500     -7.1000   6.2530623693483E+07
           112.4600     -7.1000   6.2530623891032E+07
           112.4700     -7.1000   6.2530624082933E+07
           112.4800     -7.1000   6.2530624268471E+07
           112.4900     -7.1000   6.2530624447455E+07
           112.5000     -7.1000   6.2530624620249E+07
           112.5100     -7.1000   6.2530624787749E+07
           112.5200     -7.1000   6.2530624951304E+07
           112.5300     -7.1000   6.2530625112594E+07
           112.5400     -7.1000   6.2530625273474E+07
           112.5500     -7.1000   6.2530625435819E+07
           112.5600     -7.1000   6.2530625601366E+07
           112.5700     -7.1000   6.2530625771595E+07
           112.5800     -7.1000   6.2530625947644E+07
           112.5900     -7.1000   6.2530626130283E+07
           112.6000     -7.1000   6.2530626319927E+07
           112.6100     -7.1000   6.2530626516707E+07
           112.6200     -7.1000   6.2530626720562E+07
           112.6300     -7.1000   6.2530626931358E+07
           112.6400     -7.1000   6.2530627148996E+07
           112.6500     -7.1000   6.2530627373512E+07
           112.6600     -7.1000   6.2530627605137E+07
           112.6700     -7.1000   6.2530627844316E+07
           112.6800     -7.1000   6.2530628091681E+07
           112.6900     -7.1000   6.2530628347991E+07
           112.7000     -7.1000   6.2530628614023E+07
           112.7100     -7.1000   6.2530628890469E+07
           112.7200     -7.1000   6.2530629177810E+07
           112.7300     -7.1000   6.2530629476227E+07
           112.7400     -7.1000   6.2530629785533E+07
           112.7500     -7.1000   6.2530630105153E+07
           112.7600     -7.1000   6.2530630434151E+07
           112.7700     -7.1000   6.2530630771298E+07
           112.7800     -7.1000   6.2530631115183E+07
           112.7900     -7.1000   6.2530631464332E+07
           112.8000     -7.1000   6.2530631817344E+07
           112.8100     -7.1000   6.2530632172996E+07
           112.8200     -7.1000   6.2530632530326E+07
           112.8300     -7.1000   6.2530632888663E+07
           112.8400     -7.1000   6.2530633247611E+07
           112.8500     -7.1000   6.2530633606976E+07
           112.8600     -7.1000   6.2530633966657E+07
           112.8700     -7.1000   6.2530634326516E+07
           112.8800     -7.1000   6.2530634686235E+07
           112.8900     -7.1000   6.2530635045199E+07
           112.9000     -7.1000   6.2530635402413E+07
           112.9100     -7.1000   6.2530635756482E+07
           112.9200     -7.1000   6.2530636105648E+07
           112.9300     -7.1000   6.2530636447903E+07
           112.9400     -7.1000   6.2530636781151E+07
           112.9500     -7.1000   6.2530637103425E+07
           112.9600     -7.1000   6.2530637413106E+07
           112.9700     -7.1000   6.2530637709141E+07
           112.9800     -7.1000   6.2530637991223E+07
           112.9900     -7.1000   6.2530638259899E+07
           113.0000     -7.1000   6.2530638516600E+07
           112.0000     -7.1100   6.2530620222299E+07
           112.0100     -7.1100   6.2530620329213E+07
           112.0200     -7.1100   6.2530620435866E+07
           112.0300     -7.1100   6.2530620544937E+07
           112.0400     -7.1100   6.2530620658732E+07
           112.0500     -7.1100   6.2530620779013E+07
           112.0600     -7.1100   6.2530620906889E+07
           112.0700     -7.1100   6.2530621042762E+07
           112.0800     -7.1100   6.2530621186361E+07
           112.0900     -7.1100   6.2530621336829E+07
           112.1000     -7.1100   6.2530621492880E+07
           112.1100     -7.1100   6.2530621652977E+07
           112.1200     -7.1100   6.2530621815542E+07
           112.1300     -7.1100   6.2530621979145E+07
           112.1400     -7.1100   6.2530622142668E+07
           112.1500     -7.1100   6.2530622305417E+07
           112.1600     -7.1100   6.2530622467179E+07
           112.1700     -7.1100   6.2530622628210E+07
           112.1800     -7.1100   6.2530622789164E+07
           112.1900     -7.1100   6.2530622950976E+07
           112.2000     -7.1100   6.2530623114711E+07
           112.2100     -7.1100   6.2530623281403E+07
           112.2200     -7.1100   6.2530623451904E+07
           112.2300     -7.1100   6.2530623626765E+07
           112.2400     -7.1100   6.2530623806162E+07
           112.2500     -7.1100   6.2530623989871E+07
           112.2600     -7.1100   6.2530624177306E+07
           112.2700     -7.1100   6.2530624367597E+07
           112.2800     -7.1100   6.2530624559714E+07
           112.2900     -7.1100   6.2530624752602E+07
           112.3000     -7.1100   6.2530624945318E+07
           112.3100     -7.1100   6.2530625137153E+07
           112.3200     -7.1100   6.2530625327713E+07
           112.3300     -7.1100   6.2530625516953E+07
           112.3400     -7.1100   6.2530625705160E+07
           112.3500     -7.1100   6.2530625892891E+07
           112.3600     -7.1100   6.2530626080861E+07
           112.3700     -7.1100   6.2530626269816E+07
           112.3800     -7.1100   6.2530626460390E+07
           112.3900     -7.1100   6.2530626652982E+07
           112.4000     -7.1100   6.2530626847659E+07
           112.4100     -7.1100   6.2530627044100E+07
           112.4200     -7.1100   6.2530627241605E+07
           112.4300     -7.1100   6.2530627439140E+07
           112.4400     -7.1100   6.2530627635446E+07
           112.4500     -7.1100   6.2530627829172E+07
           112.4600     -7.1100   6.2530628019036E+07
           112.4700     -7.1100   6.2530628203977E+07
           112.4800     -7.1100   6.2530628383296E+07
           112.4900     -7.1100   6.2530628556748E+07
           112.5000     -7.1100   6.2530628724602E+07
           112.5100     -7.1100   6.2530628887628E+07
           112.5200     -7.1100   6.2530629047044E+07
           112.5300     -7.1100   6.2530629204412E+07
           112.5400     -7.1100   6.2530629361502E+07
           112.5500     -7.1100   6.2530629520142E+07
           112.5600     -7.1100   6.2530629682072E+07
           112.5700     -7.1100   6.2530629848820E+07
           112.5800     -7.1100   6.2530630021615E+07
           112.5900     -7.1100   6.2530630201341E+07
           112.6000     -7.1100   6.2530630388543E+07
           112.6100     -7.1100   6.2530630583475E+07
           112.6200     -7.1100   6.2530630786182E+07
           112.6300     -7.1100   6.2530630996599E+07
           112.6400     -7.1100   6.2530631214658E+07
           112.6500     -7.1100   6.2530631440375E+07
           112.6600     -7.1100   6.2530631673915E+07
           112.6700     -7.1100   6.2530631915617E+07
           112.6800     -7.1100   6.2530632165977E+07
           112.6900     -7.1100   6.2530632425590E+07
           112.7000     -7.1100   6.2530632695072E+07
           112.7100     -7.1100   6.2530632974948E+07
           112.7200     -7.1100   6.2530633265556E+07
           112.7300     -7.1100   6.2530633566954E+07
           112.7400     -7.1100   6.2530633878862E+07
           112.7500     -7.1100   6.2530634200642E+07
           112.7600     -7.1100   6.2530634531321E+07
           112.7700     -7.1100   6.2530634869660E+07
           112.7800     -7.1100   6.2530635214255E+07
           112.7900     -7.1100   6.2530635563653E+07
           112.8000     -7.1100   6.2530635916476E+07
           112.8100     -7.1100   6.2530636271530E+07
           112.8200     -7.1100   6.2530636627880E+07
           112.8300     -7.1100   6.2530636984877E+07
           112.8400     -7.1100   6.2530637342147E+07
           112.8500     -7.1100   6.2530637699512E+07
           112.8600     -7.1100   6.2530638056893E+07
           112.8700     -7.1100   6.2530638414167E+07
           112.8800     -7.1100   6.2530638771038E+07
           112.8900     -7.1100   6.2530639126908E+07
           112.9000     -7.1100   6.2530639480799E+07
           112.9100     -7.1100   6.2530639831322E+07
           112.9200     -7.1100   6.2530640176717E+07
           112.9300     -7.1100   6.2530640514955E+07
           112.9400     -7.1100   6.2530640843904E+07
           112.9500     -7.1100   6.2530641161535E+07
           112.9600     -7.1100   6.2530641466151E+07
           112.9700     -7.1100   6.2530641756610E+07
           112.9800     -7.1100   6.2530642032504E+07
           112.9900     -7.1100   6.2530642294287E+07
           113.0000     -7.1100   6.2530642543317E+07
           112.0000     -7.1200   6.2530624385604E+07
           112.0100     -7.1200   6.2530624505138E+07
           112.0200     -7.1200   6.2530624624138E+07
           112.0300     -7.1200   6.2530624745109E+07
           112.0400     -7.1200   6.2530624870238E+07
           112.0500     -7.1200   6.2530625001210E+07
           112.0600     -7.1200   6.2530625139074E+07
           112.0700     -7.1200   6.2530625284183E+07
           112.0800     -7.1200   6.2530625436205E+07
           112.0900     -7.1200   6.2530625594205E+07
           112.1000     -7.1200   6.2530625756794E+07
           112.1100     -7.1200   6.2530625922318E+07
           112.1200     -7.1200   6.2530626089070E+07
           112.1300     -7.1200   6.2530626255504E+07
           112.1400     -7.1200   6.2530626420410E+07
           112.1500     -7.1200   6.2530626583051E+07
           112.1600     -7.1200   6.2530626743231E+07
           112.1700     -7.1200   6.2530626901301E+07
           112.1800     -7.1200   6.2530627058087E+07
           112.1900     -7.1200   6.2530627214774E+07
           112.2000     -7.1200   6.2530627372738E+07
           112.2100     -7.1200   6.2530627533365E+07
           112.2200     -7.1200   6.2530627697876E+07
           112.2300     -7.1200   6.2530627867176E+07
           112.2400     -7.1200   6.2530628041745E+07
           112.2500     -7.1200   6.2530628221590E+07
           112.2600     -7.1200   6.2530628406260E+07
           112.2700     -7.1200   6.2530628594906E+07
           112.2800     -7.1200   6.2530628786406E+07
           112.2900     -7.1200   6.2530628979503E+07
           112.3000     -7.1200   6.2530629172966E+07
           112.3100     -7.1200   6.2530629365731E+07
           112.3200     -7.1200   6.2530629557017E+07
           112.3300     -7.1200   6.2530629746397E+07
           112.3400     -7.1200   6.2530629933816E+07
           112.3500     -7.1200   6.2530630119556E+07
           112.3600     -7.1200   6.2530630304152E+07
           112.3700     -7.1200   6.2530630488275E+07
           112.3800     -7.1200   6.2530630672601E+07
           112.3900     -7.1200   6.2530630857670E+07
           112.4000     -7.1200   6.2530631043784E+07
           112.4100     -7.1200   6.2530631230922E+07
           112.4200     -7.1200   6.2530631418717E+07
           112.4300     -7.1200   6.2530631606477E+07
           112.4400     -7.1200   6.2530631793259E+07
           112.4500     -7.1200   6.2530631977982E+07
           112.4600     -7.1200   6.2530632159564E+07
           112.4700     -7.1200   6.2530632337066E+07
           112.4800     -7.1200   6.2530632509830E+07
           112.4900     -7.1200   6.2530632677583E+07
           112.5000     -7.1200   6.2530632840501E+07
           112.5100     -7.1200   6.2530632999222E+07
           112.5200     -7.1200   6.2530633154813E+07
           112.5300     -7.1200   6.2530633308687E+07
           112.5400     -7.1200   6.2530633462483E+07
           112.5500     -7.1200   6.2530633617937E+07
           112.5600     -7.1200   6.2530633776741E+07
           112.5700     -7.1200   6.2530633940420E+07
           112.5800     -7.1200   6.2530634110245E+07
           112.5900     -7.1200   6.2530634287177E+07
           112.6000     -7.1200   6.2530634471860E+07
           112.6100     -7.1200   6.2530634664651E+07
           112.6200     -7.1200   6.2530634865692E+07
           112.6300     -7.1200   6.2530635074989E+07
           112.6400     -7.1200   6.2530635292516E+07
           112.6500     -7.1200   6.2530635518290E+07
           112.6600     -7.1200   6.2530635752437E+07
           112.6700     -7.1200   6.2530635995216E+07
           112.6800     -7.1200   6.2530636247016E+07
           112.6900     -7.1200   6.2530636508305E+07
           112.7000     -7.1200   6.2530636779556E+07
           112.7100     -7.1200   6.2530637061159E+07
           112.7200     -7.1200   6.2530637353327E+07
           112.7300     -7.1200   6.2530637656010E+07
           112.7400     -7.1200   6.2530637968848E+07
           112.7500     -7.1200   6.2530638291146E+07
           112.7600     -7.1200   6.2530638621904E+07
           112.7700     -7.1200   6.2530638959877E+07
           112.7800     -7.1200   6.2530639303670E+07
           112.7900     -7.1200   6.2530639651857E+07
           112.8000     -7.1200   6.2530640003092E+07
           112.8100     -7.1200   6.2530640356220E+07
           112.8200     -7.1200   6.2530640710340E+07
           112.8300     -7.1200   6.2530641064845E+07
           112.8400     -7.1200   6.2530641419393E+07
           112.8500     -7.1200   6.2530641773849E+07
           112.8600     -7.1200   6.2530642128169E+07
           112.8700     -7.1200   6.2530642482270E+07
           112.8800     -7.1200   6.2530642835893E+07
           112.8900     -7.1200   6.2530643188475E+07
           112.9000     -7.1200   6.2530643539065E+07
           112.9100     -7.1200   6.2530643886291E+07
           112.9200     -7.1200   6.2530644228389E+07
           112.9300     -7.1200   6.2530644563305E+07
           112.9400     -7.1200   6.2530644888854E+07
           112.9500     -7.1200   6.2530645202927E+07
           112.9600     -7.1200   6.2530645503720E+07
           112.9700     -7.1200   6.2530645789964E+07
           112.9800     -7.1200   6.2530646061114E+07
           112.9900     -7.1200   6.2530646317489E+07
           113.0000     -7.1200   6.2530646560325E+07
           112.0000     -7.1300   6.2530628584647E+07
           112.0100     -7.1300   6.2530628715972E+07
           112.0200     -7.1300   6.2530628846211E+07
           112.0300     -7.1300   6.2530628977723E+07
           112.0400     -7.1300   6.2530629112614E+07
           112.0500     -7.1300   6.2530629252539E+07
           112.0600     -7.1300   6.2530629398549E+07
           112.0700     -7.1300   6.2530629551010E+07
           112.0800     -7.1300   6.2530629709594E+07
           112.0900     -7.1300   6.2530629873351E+07
           112.1000     -7.1300   6.2530630040847E+07
           112.1100     -7.1300   6.2530630210356E+07
           112.1200     -7.1300   6.2530630380080E+07
           112.1300     -7.1300   6.2530630548374E+07
           112.1400     -7.1300   6.2530630713942E+07
           112.1500     -7.1300   6.2530630875993E+07
           112.1600     -7.1300   6.2530631034329E+07
           112.1700     -7.1300   6.2530631189362E+07
           112.1800     -7.1300   6.2530631342053E+07
           112.1900     -7.1300   6.2530631493794E+07
           112.2000     -7.1300   6.2530631646229E+07
           112.2100     -7.1300   6.2530631801063E+07
           112.2200     -7.1300   6.2530631959854E+07
           112.2300     -7.1300   6.2530632123835E+07
           112.2400     -7.1300   6.2530632293779E+07
           112.2500     -7.1300   6.2530632469919E+07
           112.2600     -7.1300   6.2530632651937E+07
           112.2700     -7.1300   6.2530632839016E+07
           112.2800     -7.1300   6.2530633029949E+07
           112.2900     -7.1300   6.2530633223292E+07
           112.3000     -7.1300   6.2530633417531E+07
           112.3100     -7.1300   6.2530633611255E+07
           112.3200     -7.1300   6.2530633803297E+07
           112.3300     -7.1300   6.2530633992845E+07
           112.3400     -7.1300   6.2530634179493E+07
           112.3500     -7.1300   6.2530634363236E+07
           112.3600     -7.1300   6.2530634544415E+07
           112.3700     -7.1300   6.2530634723618E+07
           112.3800     -7.1300   6.2530634901548E+07
           112.3900     -7.1300   6.2530635078888E+07
           112.4000     -7.1300   6.2530635256171E+07
           112.4100     -7.1300   6.2530635433686E+07
           112.4200     -7.1300   6.2530635611417E+07
           112.4300     -7.1300   6.2530635789034E+07
           112.4400     -7.1300   6.2530635965938E+07
           112.4500     -7.1300   6.2530636141346E+07
           112.4600     -7.1300   6.2530636314403E+07
           112.4700     -7.1300   6.2530636484319E+07
           112.4800     -7.1300   6.2530636650499E+07
           112.4900     -7.1300   6.2530636812647E+07
           112.5000     -7.1300   6.2530636970852E+07
           112.5100     -7.1300   6.2530637125610E+07
           112.5200     -7.1300   6.2530637277817E+07
           112.5300     -7.1300   6.2530637428707E+07
           112.5400     -7.1300   6.2530637579753E+07
           112.5500     -7.1300   6.2530637732555E+07
           112.5600     -7.1300   6.2530637888711E+07
           112.5700     -7.1300   6.2530638049701E+07
           112.5800     -7.1300   6.2530638216798E+07
           112.5900     -7.1300   6.2530638391002E+07
           112.6000     -7.1300   6.2530638573029E+07
           112.6100     -7.1300   6.2530638763324E+07
           112.6200     -7.1300   6.2530638962113E+07
           112.6300     -7.1300   6.2530639169481E+07
           112.6400     -7.1300   6.2530639385449E+07
           112.6500     -7.1300   6.2530639610054E+07
           112.6600     -7.1300   6.2530639843405E+07
           112.6700     -7.1300   6.2530640085714E+07
           112.6800     -7.1300   6.2530640337288E+07
           112.6900     -7.1300   6.2530640598498E+07
           112.7000     -7.1300   6.2530640869706E+07
           112.7100     -7.1300   6.2530641151191E+07
           112.7200     -7.1300   6.2530641443061E+07
           112.7300     -7.1300   6.2530641745181E+07
           112.7400     -7.1300   6.2530642057124E+07
           112.7500     -7.1300   6.2530642378152E+07
           112.7600     -7.1300   6.2530642707246E+07
           112.7700     -7.1300   6.2530643043163E+07
           112.7800     -7.1300   6.2530643384526E+07
           112.7900     -7.1300   6.2530643729939E+07
           112.8000     -7.1300   6.2530644078099E+07
           112.8100     -7.1300   6.2530644427893E+07
           112.8200     -7.1300   6.2530644778471E+07
           112.8300     -7.1300   6.2530645129274E+07
           112.8400     -7.1300   6.2530645480013E+07
           112.8500     -7.1300   6.2530645830606E+07
           112.8600     -7.1300   6.2530646181063E+07
           112.8700     -7.1300   6.2530646531359E+07
           112.8800     -7.1300   6.2530646881289E+07
           112.8900     -7.1300   6.2530647230342E+07
           112.9000     -7.1300   6.2530647577608E+07
           112.9100     -7.1300   6.2530647921739E+07
           112.9200     -7.1300   6.2530648260974E+07
           112.9300     -7.1300   6.2530648593231E+07
           112.9400     -7.1300   6.2530648916267E+07
           112.9500     -7.1300   6.2530649227875E+07
           112.9600     -7.1300   6.2530649526126E+07
           112.9700     -7.1300   6.2530649809593E+07
           112.9800     -7.1300   6.2530650077560E+07
           112.9900     -7.1300   6.2530650330171E+07
           113.0000     -7.1300   6.2530650568500E+07
           112.0000     -7.1400   6.2530632816516E+07
           112.0100     -7.1400   6.2530632958424E+07
           112.0200     -7.1400   6.2530633098486E+07
           112.0300     -7.1400   6.2530633238944E+07
           112.0400     -7.1400   6.2530633381863E+07
           112.0500     -7.1400   6.2530633528918E+07
           112.0600     -7.1400   6.2530633681220E+07
           112.0700     -7.1400   6.2530633839208E+07
           112.0800     -7.1400   6.2530634002620E+07
           112.0900     -7.1400   6.2530634170549E+07
           112.1000     -7.1400   6.2530634341569E+07
           112.1100     -7.1400   6.2530634513922E+07
           112.1200     -7.1400   6.2530634685749E+07
           112.1300     -7.1400   6.2530634855319E+07
           112.1400     -7.1400   6.2530635021248E+07
           112.1500     -7.1400   6.2530635182673E+07
           112.1600     -7.1400   6.2530635339362E+07
           112.1700     -7.1400   6.2530635491744E+07
           112.1800     -7.1400   6.2530635640865E+07
           112.1900     -7.1400   6.2530635788267E+07
           112.2000     -7.1400   6.2530635935811E+07
           112.2100     -7.1400   6.2530636085466E+07
           112.2200     -7.1400   6.2530636239083E+07
           112.2300     -7.1400   6.2530636398191E+07
           112.2400     -7.1400   6.2530636563834E+07
           112.2500     -7.1400   6.2530636736460E+07
           112.2600     -7.1400   6.2530636915886E+07
           112.2700     -7.1400   6.2530637101337E+07
           112.2800     -7.1400   6.2530637291544E+07
           112.2900     -7.1400   6.2530637484895E+07
           112.3000     -7.1400   6.2530637679622E+07
           112.3100     -7.1400   6.2530637873990E+07
           112.3200     -7.1400   6.2530638066471E+07
           112.3300     -7.1400   6.2530638255884E+07
           112.3400     -7.1400   6.2530638441482E+07
           112.3500     -7.1400   6.2530638622983E+07
           112.3600     -7.1400   6.2530638800536E+07
           112.3700     -7.1400   6.2530638974640E+07
           112.3800     -7.1400   6.2530639146024E+07
           112.3900     -7.1400   6.2530639315505E+07
           112.4000     -7.1400   6.2530639483851E+07
           112.4100     -7.1400   6.2530639651655E+07
           112.4200     -7.1400   6.2530639819255E+07
           112.4300     -7.1400   6.2530639986691E+07
           112.4400     -7.1400   6.2530640153717E+07
           112.4500     -7.1400   6.2530640319858E+07
           112.4600     -7.1400   6.2530640484499E+07
           112.4700     -7.1400   6.2530640647009E+07
           112.4800     -7.1400   6.2530640806861E+07
           112.4900     -7.1400   6.2530640963743E+07
           112.5000     -7.1400   6.2530641117648E+07
           112.5100     -7.1400   6.2530641268924E+07
           112.5200     -7.1400   6.2530641418276E+07
           112.5300     -7.1400   6.2530641566734E+07
           112.5400     -7.1400   6.2530641715576E+07
           112.5500     -7.1400   6.2530641866232E+07
           112.5600     -7.1400   6.2530642020171E+07
           112.5700     -7.1400   6.2530642178793E+07
           112.5800     -7.1400   6.2530642343337E+07
           112.5900     -7.1400   6.2530642514819E+07
           112.6000     -7.1400   6.2530642694003E+07
           112.6100     -7.1400   6.2530642881404E+07
           112.6200     -7.1400   6.2530643077332E+07
           112.6300     -7.1400   6.2530643281945E+07
           112.6400     -7.1400   6.2530643495326E+07
           112.6500     -7.1400   6.2530643717545E+07
           112.6600     -7.1400   6.2530643948717E+07
           112.6700     -7.1400   6.2530644189027E+07
           112.6800     -7.1400   6.2530644438732E+07
           112.6900     -7.1400   6.2530644698129E+07
           112.7000     -7.1400   6.2530644967498E+07
           112.7100     -7.1400   6.2530645247031E+07
           112.7200     -7.1400   6.2530645536756E+07
           112.7300     -7.1400   6.2530645836471E+07
           112.7400     -7.1400   6.2530646145698E+07
           112.7500     -7.1400   6.2530646463674E+07
           112.7600     -7.1400   6.2530646789369E+07
           112.7700     -7.1400   6.2530647121551E+07
           112.7800     -7.1400   6.2530647458871E+07
           112.7900     -7.1400   6.2530647799971E+07
           112.8000     -7.1400   6.2530648143592E+07
           112.8100     -7.1400   6.2530648488677E+07
           112.8200     -7.1400   6.2530648834430E+07
           112.8300     -7.1400   6.2530649180351E+07
           112.8400     -7.1400   6.2530649526216E+07
           112.8500     -7.1400   6.2530649872004E+07
           112.8600     -7.1400   6.2530650217798E+07
           112.8700     -7.1400   6.2530650563642E+07
           112.8800     -7.1400   6.2530650909401E+07
           112.8900     -7.1400   6.2530651254632E+07
           112.9000     -7.1400   6.2530651598478E+07
           112.9100     -7.1400   6.2530651939629E+07
           112.9200     -7.1400   6.2530652276335E+07
           112.9300     -7.1400   6.2530652606494E+07
           112.9400     -7.1400   6.2530652927798E+07
           112.9500     -7.1400   6.2530653237942E+07
           112.9600     -7.1400   6.2530653534854E+07
           112.9700     -7.1400   6.2530653816930E+07
           112.9800     -7.1400   6.2530654083256E+07
           112.9900     -7.1400   6.2530654333767E+07
           113.0000     -7.1400   6.2530654569337E+07
           112.0000     -7.1500   6.2530637077005E+07
           112.0100     -7.1500   6.2530637228009E+07
           112.0200     -7.1500   6.2530637376278E+07
           112.0300     -7.1500   6.2530637523969E+07
           112.0400     -7.1500   6.2530637673148E+07
           112.0500     -7.1500   6.2530637825556E+07
           112.0600     -7.1500   6.2530637982413E+07
           112.0700     -7.1500   6.2530638144285E+07
           112.0800     -7.1500   6.2530638311031E+07
           112.0900     -7.1500   6.2530638481836E+07
           112.1000     -7.1500   6.2530638655326E+07
           112.1100     -7.1500   6.2530638829749E+07
           112.1200     -7.1500   6.2530639003201E+07
           112.1300     -7.1500   6.2530639173874E+07
           112.1400     -7.1500   6.2530639340286E+07
           112.1500     -7.1500   6.2530639501479E+07
           112.1600     -7.1500   6.2530639657145E+07
           112.1700     -7.1500   6.2530639807679E+07
           112.1800     -7.1500   6.2530639954151E+07
           112.1900     -7.1500   6.2530640098187E+07
           112.2000     -7.1500   6.2530640241799E+07
           112.2100     -7.1500   6.2530640387158E+07
           112.2200     -7.1500   6.2530640536355E+07
           112.2300     -7.1500   6.2530640691173E+07
           112.2400     -7.1500   6.2530640852898E+07
           112.2500     -7.1500   6.2530641022179E+07
           112.2600     -7.1500   6.2530641198974E+07
           112.2700     -7.1500   6.2530641382562E+07
           112.2800     -7.1500   6.2530641571639E+07
           112.2900     -7.1500   6.2530641764464E+07
           112.3000     -7.1500   6.2530641959055E+07
           112.3100     -7.1500   6.2530642153398E+07
           112.3200     -7.1500   6.2530642345643E+07
           112.3300     -7.1500   6.2530642534280E+07
           112.3400     -7.1500   6.2530642718253E+07
           112.3500     -7.1500   6.2530642897025E+07
           112.3600     -7.1500   6.2530643070568E+07
           112.3700     -7.1500   6.2530643239301E+07
           112.3800     -7.1500   6.2530643403979E+07
           112.3900     -7.1500   6.2530643565549E+07
           112.4000     -7.1500   6.2530643725000E+07
           112.4100     -7.1500   6.2530643883224E+07
           112.4200     -7.1500   6.2530644040902E+07
           112.4300     -7.1500   6.2530644198432E+07
           112.4400     -7.1500   6.2530644355912E+07
           112.4500     -7.1500   6.2530644513169E+07
           112.4600     -7.1500   6.2530644669823E+07
           112.4700     -7.1500   6.2530644825398E+07
           112.4800     -7.1500   6.2530644979428E+07
           112.4900     -7.1500   6.2530645131581E+07
           112.5000     -7.1500   6.2530645281747E+07
           112.5100     -7.1500   6.2530645430110E+07
           112.5200     -7.1500   6.2530645577173E+07
           112.5300     -7.1500   6.2530645723743E+07
           112.5400     -7.1500   6.2530645870883E+07
           112.5500     -7.1500   6.2530646019830E+07
           112.5600     -7.1500   6.2530646171898E+07
           112.5700     -7.1500   6.2530646328384E+07
           112.5800     -7.1500   6.2530646490473E+07
           112.5900     -7.1500   6.2530646659174E+07
           112.6000     -7.1500   6.2530646835284E+07
           112.6100     -7.1500   6.2530647019384E+07
           112.6200     -7.1500   6.2530647211858E+07
           112.6300     -7.1500   6.2530647412943E+07
           112.6400     -7.1500   6.2530647622788E+07
           112.6500     -7.1500   6.2530647841510E+07
           112.6600     -7.1500   6.2530648069245E+07
           112.6700     -7.1500   6.2530648306172E+07
           112.6800     -7.1500   6.2530648552519E+07
           112.6900     -7.1500   6.2530648808534E+07
           112.7000     -7.1500   6.2530649074436E+07
           112.7100     -7.1500   6.2530649350353E+07
           112.7200     -7.1500   6.2530649636254E+07
           112.7300     -7.1500   6.2530649931889E+07
           112.7400     -7.1500   6.2530650236748E+07
           112.7500     -7.1500   6.2530650550051E+07
           112.7600     -7.1500   6.2530650870774E+07
           112.7700     -7.1500   6.2530651197705E+07
           112.7800     -7.1500   6.2530651529528E+07
           112.7900     -7.1500   6.2530651864931E+07
           112.8000     -7.1500   6.2530652202707E+07
           112.8100     -7.1500   6.2530652541854E+07
           112.8200     -7.1500   6.2530652881639E+07
           112.8300     -7.1500   6.2530653221627E+07
           112.8400     -7.1500   6.2530653561658E+07
           112.8500     -7.1500   6.2530653901789E+07
           112.8600     -7.1500   6.2530654242177E+07
           112.8700     -7.1500   6.2530654582948E+07
           112.8800     -7.1500   6.2530654924053E+07
           112.8900     -7.1500   6.2530655265124E+07
           112.9000     -7.1500   6.2530655605376E+07
           112.9100     -7.1500   6.2530655943550E+07
           112.9200     -7.1500   6.2530656277918E+07
           112.9300     -7.1500   6.2530656606368E+07
           112.9400     -7.1500   6.2530656926538E+07
           112.9500     -7.1500   6.2530657236023E+07
           112.9600     -7.1500   6.2530657532604E+07
           112.9700     -7.1500   6.2530657814493E+07
           112.9800     -7.1500   6.2530658080555E+07
           112.9900     -7.1500   6.2530658330493E+07
           113.0000     -7.1500   6.2530658564950E+07
           112.0000     -7.1600   6.2530641361060E+07
           112.0100     -7.1600   6.2530641519506E+07
           112.0200     -7.1600   6.2530641674287E+07
           112.0300     -7.1600   6.2530641827507E+07
           112.0400     -7.1600   6.2530641981267E+07
           112.0500     -7.1600   6.2530642137412E+07
           112.0600     -7.1600   6.2530642297312E+07
           112.0700     -7.1600   6.2530642461702E+07
           112.0800     -7.1600   6.2530642630606E+07
           112.0900     -7.1600   6.2530642803342E+07
           112.1000     -7.1600   6.2530642978620E+07
           112.1100     -7.1600   6.2530643154716E+07
           112.1200     -7.1600   6.2530643329701E+07
           112.1300     -7.1600   6.2530643501687E+07
           112.1400     -7.1600   6.2530643669081E+07
           112.1500     -7.1600   6.2530643830798E+07
           112.1600     -7.1600   6.2530643986410E+07
           112.1700     -7.1600   6.2530644136222E+07
           112.1800     -7.1600   6.2530644281260E+07
           112.1900     -7.1600   6.2530644423164E+07
           112.2000     -7.1600   6.2530644564024E+07
           112.2100     -7.1600   6.2530644706143E+07
           112.2200     -7.1600   6.2530644851793E+07
           112.2300     -7.1600   6.2530645002965E+07
           112.2400     -7.1600   6.2530645161151E+07
           112.2500     -7.1600   6.2530645327188E+07
           112.2600     -7.1600   6.2530645501176E+07
           112.2700     -7.1600   6.2530645682470E+07
           112.2800     -7.1600   6.2530645869765E+07
           112.2900     -7.1600   6.2530646061238E+07
           112.3000     -7.1600   6.2530646254749E+07
           112.3100     -7.1600   6.2530646448062E+07
           112.3200     -7.1600   6.2530646639067E+07
           112.3300     -7.1600   6.2530646825979E+07
           112.3400     -7.1600   6.2530647007481E+07
           112.3500     -7.1600   6.2530647182819E+07
           112.3600     -7.1600   6.2530647351816E+07
           112.3700     -7.1600   6.2530647514825E+07
           112.3800     -7.1600   6.2530647672632E+07
           112.3900     -7.1600   6.2530647826307E+07
           112.4000     -7.1600   6.2530647977049E+07
           112.4100     -7.1600   6.2530648126026E+07
           112.4200     -7.1600   6.2530648274235E+07
           112.4300     -7.1600   6.2530648422411E+07
           112.4400     -7.1600   6.2530648570970E+07
           112.4500     -7.1600   6.2530648720014E+07
           112.4600     -7.1600   6.2530648869380E+07
           112.4700     -7.1600   6.2530649018723E+07
           112.4800     -7.1600   6.2530649167630E+07
           112.4900     -7.1600   6.2530649315728E+07
           112.5000     -7.1600   6.2530649462797E+07
           112.5100     -7.1600   6.2530649608847E+07
           112.5200     -7.1600   6.2530649754167E+07
           112.5300     -7.1600   6.2530649899333E+07
           112.5400     -7.1600   6.2530650045181E+07
           112.5500     -7.1600   6.2530650192743E+07
           112.5600     -7.1600   6.2530650343172E+07
           112.5700     -7.1600   6.2530650497644E+07
           112.5800     -7.1600   6.2530650657283E+07
           112.5900     -7.1600   6.2530650823082E+07
           112.6000     -7.1600   6.2530650995867E+07
           112.6100     -7.1600   6.2530651176275E+07
           112.6200     -7.1600   6.2530651364766E+07
           112.6300     -7.1600   6.2530651561657E+07
           112.6400     -7.1600   6.2530651767168E+07
           112.6500     -7.1600   6.2530651981473E+07
           112.6600     -7.1600   6.2530652204739E+07
           112.6700     -7.1600   6.2530652437154E+07
           112.6800     -7.1600   6.2530652678932E+07
           112.6900     -7.1600   6.2530652930288E+07
           112.7000     -7.1600   6.2530653191400E+07
           112.7100     -7.1600   6.2530653462349E+07
           112.7200     -7.1600   6.2530653743061E+07
           112.7300     -7.1600   6.2530654033255E+07
           112.7400     -7.1600   6.2530654332402E+07
           112.7500     -7.1600   6.2530654639721E+07
           112.7600     -7.1600   6.2530654954203E+07
           112.7700     -7.1600   6.2530655274665E+07
           112.7800     -7.1600   6.2530655599833E+07
           112.7900     -7.1600   6.2530655928442E+07
           112.8000     -7.1600   6.2530656259343E+07
           112.8100     -7.1600   6.2530656591590E+07
           112.8200     -7.1600   6.2530656924513E+07
           112.8300     -7.1600   6.2530657257740E+07
           112.8400     -7.1600   6.2530657591181E+07
           112.8500     -7.1600   6.2530657924966E+07
           112.8600     -7.1600   6.2530658259333E+07
           112.8700     -7.1600   6.2530658594497E+07
           112.8800     -7.1600   6.2530658930496E+07
           112.8900     -7.1600   6.2530659267054E+07
           112.9000     -7.1600   6.2530659603468E+07
           112.9100     -7.1600   6.2530659938544E+07
           112.9200     -7.1600   6.2530660270595E+07
           112.9300     -7.1600   6.2530660597510E+07
           112.9400     -7.1600   6.2530660916890E+07
           112.9500     -7.1600   6.2530661226241E+07
           112.9600     -7.1600   6.2530661523202E+07
           112.9700     -7.1600   6.2530661805798E+07
           112.9800     -7.1600   6.2530662072672E+07
           112.9900     -7.1600   6.2530662323275E+07
           113.0000     -7.1600   6.2530662557995E+07
           112.0000     -7.1700   6.2530645663236E+07
           112.0100     -7.1700   6.2530645827440E+07
           112.0200     -7.1700   6.2530645987089E+07
           112.0300     -7.1700   6.2530646144262E+07
           112.0400     -7.1700   6.2530646301122E+07
           112.0500     -7.1700   6.2530646459645E+07
           112.0600     -7.1700   6.2530646621380E+07
           112.0700     -7.1700   6.2530646787263E+07
           112.0800     -7.1700   6.2530646957506E+07
           112.0900     -7.1700   6.2530647131590E+07
           112.1000     -7.1700   6.2530647308332E+07
           112.1100     -7.1700   6.2530647486057E+07
           112.1200     -7.1700   6.2530647662811E+07
           112.1300     -7.1700   6.2530647836626E+07
           112.1400     -7.1700   6.2530648005779E+07
           112.1500     -7.1700   6.2530648169027E+07
           112.1600     -7.1700   6.2530648325776E+07
           112.1700     -7.1700   6.2530648476186E+07
           112.1800     -7.1700   6.2530648621168E+07
           112.1900     -7.1700   6.2530648762306E+07
           112.2000     -7.1700   6.2530648901691E+07
           112.2100     -7.1700   6.2530649041690E+07
           112.2200     -7.1700   6.2530649184691E+07
           112.2300     -7.1700   6.2530649332841E+07
           112.2400     -7.1700   6.2530649487806E+07
           112.2500     -7.1700   6.2530649650595E+07
           112.2600     -7.1700   6.2530649821450E+07
           112.2700     -7.1700   6.2530649999829E+07
           112.2800     -7.1700   6.2530650184464E+07
           112.2900     -7.1700   6.2530650373505E+07
           112.3000     -7.1700   6.2530650564719E+07
           112.3100     -7.1700   6.2530650755721E+07
           112.3200     -7.1700   6.2530650944214E+07
           112.3300     -7.1700   6.2530651128204E+07
           112.3400     -7.1700   6.2530651306177E+07
           112.3500     -7.1700   6.2530651477210E+07
           112.3600     -7.1700   6.2530651641013E+07
           112.3700     -7.1700   6.2530651797896E+07
           112.3800     -7.1700   6.2530651948680E+07
           112.3900     -7.1700   6.2530652094553E+07
           112.4000     -7.1700   6.2530652236901E+07
           112.4100     -7.1700   6.2530652377140E+07
           112.4200     -7.1700   6.2530652516548E+07
           112.4300     -7.1700   6.2530652656154E+07
           112.4400     -7.1700   6.2530652796651E+07
           112.4500     -7.1700   6.2530652938380E+07
           112.4600     -7.1700   6.2530653081355E+07
           112.4700     -7.1700   6.2530653225338E+07
           112.4800     -7.1700   6.2530653369936E+07
           112.4900     -7.1700   6.2530653514724E+07
           112.5000     -7.1700   6.2530653659355E+07
           112.5100     -7.1700   6.2530653803658E+07
           112.5200     -7.1700   6.2530653947704E+07
           112.5300     -7.1700   6.2530654091837E+07
           112.5400     -7.1700   6.2530654236666E+07
           112.5500     -7.1700   6.2530654383024E+07
           112.5600     -7.1700   6.2530654531899E+07
           112.5700     -7.1700   6.2530654684355E+07
           112.5800     -7.1700   6.2530654841453E+07
           112.5900     -7.1700   6.2530655004174E+07
           112.6000     -7.1700   6.2530655173371E+07
           112.6100     -7.1700   6.2530655349740E+07
           112.6200     -7.1700   6.2530655533818E+07
           112.6300     -7.1700   6.2530655726005E+07
           112.6400     -7.1700   6.2530655926595E+07
           112.6500     -7.1700   6.2530656135821E+07
           112.6600     -7.1700   6.2530656353888E+07
           112.6700     -7.1700   6.2530656581002E+07
           112.6800     -7.1700   6.2530656817368E+07
           112.6900     -7.1700   6.2530657063182E+07
           112.7000     -7.1700   6.2530657318588E+07
           112.7100     -7.1700   6.2530657583633E+07
           112.7200     -7.1700   6.2530657858215E+07
           112.7300     -7.1700   6.2530658142031E+07
           112.7400     -7.1700   6.2530658434547E+07
           112.7500     -7.1700   6.2530658734992E+07
           112.7600     -7.1700   6.2530659042381E+07
           112.7700     -7.1700   6.2530659355567E+07
           112.7800     -7.1700   6.2530659673323E+07
           112.7900     -7.1700   6.2530659994437E+07
           112.8000     -7.1700   6.2530660317812E+07
           112.8100     -7.1700   6.2530660642562E+07
           112.8200     -7.1700   6.2530660968071E+07
           112.8300     -7.1700   6.2530661294027E+07
           112.8400     -7.1700   6.2530661620404E+07
           112.8500     -7.1700   6.2530661947399E+07
           112.8600     -7.1700   6.2530662275329E+07
           112.8700     -7.1700   6.2530662604492E+07
           112.8800     -7.1700   6.2530662935020E+07
           112.8900     -7.1700   6.2530663266733E+07
           112.9000     -7.1700   6.2530663599020E+07
           112.9100     -7.1700   6.2530663930765E+07
           112.9200     -7.1700   6.2530664260340E+07
           112.9300     -7.1700   6.2530664585657E+07
           112.9400     -7.1700   6.2530664904296E+07
           112.9500     -7.1700   6.2530665213692E+07
           112.9600     -7.1700   6.2530665511362E+07
           112.9700     -7.1700   6.2530665795157E+07
           112.9800     -7.1700   6.2530666063496E+07
           112.9900     -7.1700   6.2530666315578E+07
           113.0000     -7.1700   6.2530666551523E+07
           112.0000     -7.1800   6.2530649978153E+07
           112.0100     -7.1800   6.2530650146525E+07
           112.0200     -7.1800   6.2530650309567E+07
           112.0300     -7.1800   6.2530650469352E+07
           112.0400     -7.1800   6.2530650628119E+07
           112.0500     -7.1800   6.2530650787990E+07
           112.0600     -7.1800   6.2530650950706E+07
           112.0700     -7.1800   6.2530651117415E+07
           112.0800     -7.1800   6.2530651288537E+07
           112.0900     -7.1800   6.2530651463725E+07
           112.1000     -7.1800   6.2530651641922E+07
           112.1100     -7.1800   6.2530651821502E+07
           112.1200     -7.1800   6.2530652000495E+07
           112.1300     -7.1800   6.2530652176846E+07
           112.1400     -7.1800   6.2530652348684E+07
           112.1500     -7.1800   6.2530652514577E+07
           112.1600     -7.1800   6.2530652673728E+07
           112.1700     -7.1800   6.2530652826093E+07
           112.1800     -7.1800   6.2530652972411E+07
           112.1900     -7.1800   6.2530653114138E+07
           112.2000     -7.1800   6.2530653253294E+07
           112.2100     -7.1800   6.2530653392241E+07
           112.2200     -7.1800   6.2530653533423E+07
           112.2300     -7.1800   6.2530653679089E+07
           112.2400     -7.1800   6.2530653831046E+07
           112.2500     -7.1800   6.2530653990458E+07
           112.2600     -7.1800   6.2530654157716E+07
           112.2700     -7.1800   6.2530654332398E+07
           112.2800     -7.1800   6.2530654513321E+07
           112.2900     -7.1800   6.2530654698667E+07
           112.3000     -7.1800   6.2530654886181E+07
           112.3100     -7.1800   6.2530655073407E+07
           112.3200     -7.1800   6.2530655257940E+07
           112.3300     -7.1800   6.2530655437659E+07
           112.3400     -7.1800   6.2530655610919E+07
           112.3500     -7.1800   6.2530655776688E+07
           112.3600     -7.1800   6.2530655934602E+07
           112.3700     -7.1800   6.2530656084955E+07
           112.3800     -7.1800   6.2530656228608E+07
           112.3900     -7.1800   6.2530656366857E+07
           112.4000     -7.1800   6.2530656501251E+07
           112.4100     -7.1800   6.2530656633414E+07
           112.4200     -7.1800   6.2530656764860E+07
           112.4300     -7.1800   6.2530656896859E+07
           112.4400     -7.1800   6.2530657030328E+07
           112.4500     -7.1800   6.2530657165795E+07
           112.4600     -7.1800   6.2530657303406E+07
           112.4700     -7.1800   6.2530657442986E+07
           112.4800     -7.1800   6.2530657584136E+07
           112.4900     -7.1800   6.2530657726355E+07
           112.5000     -7.1800   6.2530657869156E+07
           112.5100     -7.1800   6.2530658012184E+07
           112.5200     -7.1800   6.2530658155295E+07
           112.5300     -7.1800   6.2530658298610E+07
           112.5400     -7.1800   6.2530658442524E+07
           112.5500     -7.1800   6.2530658587684E+07
           112.5600     -7.1800   6.2530658734933E+07
           112.5700     -7.1800   6.2530658885236E+07
           112.5800     -7.1800   6.2530659039605E+07
           112.5900     -7.1800   6.2530659199020E+07
           112.6000     -7.1800   6.2530659364370E+07
           112.6100     -7.1800   6.2530659536417E+07
           112.6200     -7.1800   6.2530659715779E+07
           112.6300     -7.1800   6.2530659902938E+07
           112.6400     -7.1800   6.2530660098264E+07
           112.6500     -7.1800   6.2530660302048E+07
           112.6600     -7.1800   6.2530660514535E+07
           112.6700     -7.1800   6.2530660735944E+07
           112.6800     -7.1800   6.2530660966477E+07
           112.6900     -7.1800   6.2530661206309E+07
           112.7000     -7.1800   6.2530661455558E+07
           112.7100     -7.1800   6.2530661714242E+07
           112.7200     -7.1800   6.2530661982236E+07
           112.7300     -7.1800   6.2530662259226E+07
           112.7400     -7.1800   6.2530662544681E+07
           112.7500     -7.1800   6.2530662837849E+07
           112.7600     -7.1800   6.2530663137775E+07
           112.7700     -7.1800   6.2530663443357E+07
           112.7800     -7.1800   6.2530663753415E+07
           112.7900     -7.1800   6.2530664066791E+07
           112.8000     -7.1800   6.2530664382440E+07
           112.8100     -7.1800   6.2530664699527E+07
           112.8200     -7.1800   6.2530665017482E+07
           112.8300     -7.1800   6.2530665336043E+07
           112.8400     -7.1800   6.2530665655231E+07
           112.8500     -7.1800   6.2530665975302E+07
           112.8600     -7.1800   6.2530666296635E+07
           112.8700     -7.1800   6.2530666619607E+07
           112.8800     -7.1800   6.2530666944436E+07
           112.8900     -7.1800   6.2530667271039E+07
           112.9000     -7.1800   6.2530667598900E+07
           112.9100     -7.1800   6.2530667926997E+07
           112.9200     -7.1800   6.2530668253773E+07
           112.9300     -7.1800   6.2530668577187E+07
           112.9400     -7.1800   6.2530668894823E+07
           112.9500     -7.1800   6.2530669204073E+07
           112.9600     -7.1800   6.2530669502354E+07
           112.9700     -7.1800   6.2530669787364E+07
           112.9800     -7.1800   6.2530670057318E+07
           112.9900     -7.1800   6.2530670311173E+07
           113.0000     -7.1800   6.2530670548779E+07
           112.0000     -7.1900   6.2530654300873E+07
           112.0100     -7.1900   6.2530654472045E+07
           112.0200     -7.1900   6.2530654637280E+07
           112.0300     -7.1900   6.2530654798653E+07
           112.0400     -7.1900   6.2530654958484E+07
           112.0500     -7.1900   6.2530655119038E+07
           112.0600     -7.1900   6.2530655282246E+07
           112.0700     -7.1900   6.2530655449467E+07
           112.0800     -7.1900   6.2530655621327E+07
           112.0900     -7.1900   6.2530655797657E+07
           112.1000     -7.1900   6.2530655977523E+07
           112.1100     -7.1900   6.2530656159357E+07
           112.1200     -7.1900   6.2530656341170E+07
           112.1300     -7.1900   6.2530656520814E+07
           112.1400     -7.1900   6.2530656696259E+07
           112.1500     -7.1900   6.2530656865862E+07
           112.1600     -7.1900   6.2530657028588E+07
           112.1700     -7.1900   6.2530657184147E+07
           112.1800     -7.1900   6.2530657333052E+07
           112.1900     -7.1900   6.2530657476570E+07
           112.2000     -7.1900   6.2530657616589E+07
           112.2100     -7.1900   6.2530657755401E+07
           112.2200     -7.1900   6.2530657895446E+07
           112.2300     -7.1900   6.2530658039029E+07
           112.2400     -7.1900   6.2530658188065E+07
           112.2500     -7.1900   6.2530658343854E+07
           112.2600     -7.1900   6.2530658506938E+07
           112.2700     -7.1900   6.2530658677044E+07
           112.2800     -7.1900   6.2530658853111E+07
           112.2900     -7.1900   6.2530659033414E+07
           112.3000     -7.1900   6.2530659215747E+07
           112.3100     -7.1900   6.2530659397667E+07
           112.3200     -7.1900   6.2530659576743E+07
           112.3300     -7.1900   6.2530659750806E+07
           112.3400     -7.1900   6.2530659918156E+07
           112.3500     -7.1900   6.2530660077709E+07
           112.3600     -7.1900   6.2530660229075E+07
           112.3700     -7.1900   6.2530660372553E+07
           112.3800     -7.1900   6.2530660509052E+07
           112.3900     -7.1900   6.2530660639962E+07
           112.4000     -7.1900   6.2530660766964E+07
           112.4100     -7.1900   6.2530660891846E+07
           112.4200     -7.1900   6.2530661016303E+07
           112.4300     -7.1900   6.2530661141784E+07
           112.4400     -7.1900   6.2530661269369E+07
           112.4500     -7.1900   6.2530661399712E+07
           112.4600     -7.1900   6.2530661533036E+07
           112.4700     -7.1900   6.2530661669186E+07
           112.4800     -7.1900   6.2530661807722E+07
           112.4900     -7.1900   6.2530661948042E+07
           112.5000     -7.1900   6.2530662089514E+07
           112.5100     -7.1900   6.2530662231595E+07
           112.5200     -7.1900   6.2530662373941E+07
           112.5300     -7.1900   6.2530662516467E+07
           112.5400     -7.1900   6.2530662659380E+07
           112.5500     -7.1900   6.2530662803167E+07
           112.5600     -7.1900   6.2530662948553E+07
           112.5700     -7.1900   6.2530663096432E+07
           112.5800     -7.1900   6.2530663247792E+07
           112.5900     -7.1900   6.2530663403631E+07
           112.6000     -7.1900   6.2530663564891E+07
           112.6100     -7.1900   6.2530663732407E+07
           112.6200     -7.1900   6.2530663906884E+07
           112.6300     -7.1900   6.2530664088888E+07
           112.6400     -7.1900   6.2530664278861E+07
           112.6500     -7.1900   6.2530664477147E+07
           112.6600     -7.1900   6.2530664684023E+07
           112.6700     -7.1900   6.2530664899716E+07
           112.6800     -7.1900   6.2530665124417E+07
           112.6900     -7.1900   6.2530665358277E+07
           112.7000     -7.1900   6.2530665601384E+07
           112.7100     -7.1900   6.2530665853729E+07
           112.7200     -7.1900   6.2530666115167E+07
           112.7300     -7.1900   6.2530666385376E+07
           112.7400     -7.1900   6.2530666663836E+07
           112.7500     -7.1900   6.2530666949818E+07
           112.7600     -7.1900   6.2530667242406E+07
           112.7700     -7.1900   6.2530667540545E+07
           112.7800     -7.1900   6.2530667843107E+07
           112.7900     -7.1900   6.2530668148984E+07
           112.8000     -7.1900   6.2530668457179E+07
           112.8100     -7.1900   6.2530668766895E+07
           112.8200     -7.1900   6.2530669077599E+07
           112.8300     -7.1900   6.2530669389055E+07
           112.8400     -7.1900   6.2530669701319E+07
           112.8500     -7.1900   6.2530670014679E+07
           112.8600     -7.1900   6.2530670329560E+07
           112.8700     -7.1900   6.2530670646397E+07
           112.8800     -7.1900   6.2530670965484E+07
           112.8900     -7.1900   6.2530671286823E+07
           112.9000     -7.1900   6.2530671609998E+07
           112.9100     -7.1900   6.2530671934082E+07
           112.9200     -7.1900   6.2530672257609E+07
           112.9300     -7.1900   6.2530672578603E+07
           112.9400     -7.1900   6.2530672894682E+07
           112.9500     -7.1900   6.2530673203224E+07
           112.9600     -7.1900   6.2530673501583E+07
           112.9700     -7.1900   6.2530673787332E+07
           112.9800     -7.1900   6.2530674058514E+07
           112.9900     -7.1900   6.2530674313862E+07
           113.0000     -7.1900   6.2530674552975E+07
           112.0000     -7.2000   6.2530658627211E+07
           112.0100     -7.2000   6.2530658800130E+07
           112.0200     -7.2000   6.2530658966708E+07
           112.0300     -7.2000   6.2530659129021E+07
           112.0400     -7.2000   6.2530659289454E+07
           112.0500     -7.2000   6.2530659450399E+07
           112.0600     -7.2000   6.2530659613958E+07
           112.0700     -7.2000   6.2530659781684E+07
           112.0800     -7.2000   6.2530659954399E+07
           112.0900     -7.2000   6.2530660132098E+07
           112.1000     -7.2000   6.2530660313968E+07
           112.1100     -7.2000   6.2530660498501E+07
           112.1200     -7.2000   6.2530660683688E+07
           112.1300     -7.2000   6.2530660867286E+07
           112.1400     -7.2000   6.2530661047103E+07
           112.1500     -7.2000   6.2530661221274E+07
           112.1600     -7.2000   6.2530661388503E+07
           112.1700     -7.2000   6.2530661548227E+07
           112.1800     -7.2000   6.2530661700693E+07
           112.1900     -7.2000   6.2530661846932E+07
           112.2000     -7.2000   6.2530661988646E+07
           112.2100     -7.2000   6.2530662128005E+07
           112.2200     -7.2000   6.2530662267393E+07
           112.2300     -7.2000   6.2530662409131E+07
           112.2400     -7.2000   6.2530662555204E+07
           112.2500     -7.2000   6.2530662707035E+07
           112.2600     -7.2000   6.2530662865320E+07
           112.2700     -7.2000   6.2530663029950E+07
           112.2800     -7.2000   6.2530663200029E+07
           112.2900     -7.2000   6.2530663373977E+07
           112.3000     -7.2000   6.2530663549708E+07
           112.3100     -7.2000   6.2530663724865E+07
           112.3200     -7.2000   6.2530663897076E+07
           112.3300     -7.2000   6.2530664064201E+07
           112.3400     -7.2000   6.2530664224554E+07
           112.3500     -7.2000   6.2530664377061E+07
           112.3600     -7.2000   6.2530664521345E+07
           112.3700     -7.2000   6.2530664657733E+07
           112.3800     -7.2000   6.2530664787189E+07
           112.3900     -7.2000   6.2530664911174E+07
           112.4000     -7.2000   6.2530665031472E+07
           112.4100     -7.2000   6.2530665149983E+07
           112.4200     -7.2000   6.2530665268523E+07
           112.4300     -7.2000   6.2530665388653E+07
           112.4400     -7.2000   6.2530665511549E+07
           112.4500     -7.2000   6.2530665637926E+07
           112.4600     -7.2000   6.2530665768026E+07
           112.4700     -7.2000   6.2530665901668E+07
           112.4800     -7.2000   6.2530666038336E+07
           112.4900     -7.2000   6.2530666177308E+07
           112.5000     -7.2000   6.2530666317798E+07
           112.5100     -7.2000   6.2530666459089E+07
           112.5200     -7.2000   6.2530666600649E+07
           112.5300     -7.2000   6.2530666742218E+07
           112.5400     -7.2000   6.2530666883849E+07
           112.5500     -7.2000   6.2530667025907E+07
           112.5600     -7.2000   6.2530667169038E+07
           112.5700     -7.2000   6.2530667314103E+07
           112.5800     -7.2000   6.2530667462095E+07
           112.5900     -7.2000   6.2530667614057E+07
           112.6000     -7.2000   6.2530667771003E+07
           112.6100     -7.2000   6.2530667933856E+07
           112.6200     -7.2000   6.2530668103410E+07
           112.6300     -7.2000   6.2530668280315E+07
           112.6400     -7.2000   6.2530668465079E+07
           112.6500     -7.2000   6.2530668658090E+07
           112.6600     -7.2000   6.2530668859641E+07
           112.6700     -7.2000   6.2530669069956E+07
           112.6800     -7.2000   6.2530669289204E+07
           112.6900     -7.2000   6.2530669517501E+07
           112.7000     -7.2000   6.2530669754898E+07
           112.7100     -7.2000   6.2530670001352E+07
           112.7200     -7.2000   6.2530670256698E+07
           112.7300     -7.2000   6.2530670520611E+07
           112.7400     -7.2000   6.2530670792582E+07
           112.7500     -7.2000   6.2530671071914E+07
           112.7600     -7.2000   6.2530671357734E+07
           112.7700     -7.2000   6.2530671649038E+07
           112.7800     -7.2000   6.2530671944751E+07
           112.7900     -7.2000   6.2530672243814E+07
           112.8000     -7.2000   6.2530672545268E+07
           112.8100     -7.2000   6.2530672848343E+07
           112.8200     -7.2000   6.2530673152523E+07
           112.8300     -7.2000   6.2530673457580E+07
           112.8400     -7.2000   6.2530673763572E+07
           112.8500     -7.2000   6.2530674070794E+07
           112.8600     -7.2000   6.2530674379688E+07
           112.8700     -7.2000   6.2530674690722E+07
           112.8800     -7.2000   6.2530675004241E+07
           112.8900     -7.2000   6.2530675320318E+07
           112.9000     -7.2000   6.2530675638626E+07
           112.9100     -7.2000   6.2530675958338E+07
           112.9200     -7.2000   6.2530676278087E+07
           112.9300     -7.2000   6.2530676595983E+07
           112.9400     -7.2000   6.2530676909705E+07
           112.9500     -7.2000   6.2530677216651E+07
           112.9600     -7.2000   6.2530677514151E+07
           112.9700     -7.2000   6.2530677799697E+07
           112.9800     -7.2000   6.2530678071195E+07
           112.9900     -7.2000   6.2530678327192E+07
           113.0000     -7.2000   6.2530678567061E+07
           112.0000     -7.2100   6.2530662953925E+07
           112.0100     -7.2100   6.2530663127926E+07
           112.0200     -7.2100   6.2530663295397E+07
           112.0300     -7.2100   6.2530663458394E+07
           112.0400     -7.2100   6.2530663619345E+07
           112.0500     -7.2100   6.2530663780735E+07
           112.0600     -7.2100   6.2530663944804E+07
           112.0700     -7.2100   6.2530664113271E+07
           112.0800     -7.2100   6.2530664287122E+07
           112.0900     -7.2100   6.2530664466507E+07
           112.1000     -7.2100   6.2530664650725E+07
           112.1100     -7.2100   6.2530664838320E+07
           112.1200     -7.2100   6.2530665027274E+07
           112.1300     -7.2100   6.2530665215255E+07
           112.1400     -7.2100   6.2530665399913E+07
           112.1500     -7.2100   6.2530665579164E+07
           112.1600     -7.2100   6.2530665751450E+07
           112.1700     -7.2100   6.2530665915921E+07
           112.1800     -7.2100   6.2530666072534E+07
           112.1900     -7.2100   6.2530666222057E+07
           112.2000     -7.2100   6.2530666365968E+07
           112.2100     -7.2100   6.2530666506271E+07
           112.2200     -7.2100   6.2530666645256E+07
           112.2300     -7.2100   6.2530666785218E+07
           112.2400     -7.2100   6.2530666928188E+07
           112.2500     -7.2100   6.2530667075692E+07
           112.2600     -7.2100   6.2530667228576E+07
           112.2700     -7.2100   6.2530667386911E+07
           112.2800     -7.2100   6.2530667549998E+07
           112.2900     -7.2100   6.2530667716447E+07
           112.3000     -7.2100   6.2530667884353E+07
           112.3100     -7.2100   6.2530668051515E+07
           112.3200     -7.2100   6.2530668215687E+07
           112.3300     -7.2100   6.2530668374832E+07
           112.3400     -7.2100   6.2530668527343E+07
           112.3500     -7.2100   6.2530668672206E+07
           112.3600     -7.2100   6.2530668809094E+07
           112.3700     -7.2100   6.2530668938383E+07
           112.3800     -7.2100   6.2530669061087E+07
           112.3900     -7.2100   6.2530669178723E+07
           112.4000     -7.2100   6.2530669293136E+07
           112.4100     -7.2100   6.2530669406287E+07
           112.4200     -7.2100   6.2530669520051E+07
           112.4300     -7.2100   6.2530669636035E+07
           112.4400     -7.2100   6.2530669755439E+07
           112.4500     -7.2100   6.2530669878973E+07
           112.4600     -7.2100   6.2530670006845E+07
           112.4700     -7.2100   6.2530670138800E+07
           112.4800     -7.2100   6.2530670274217E+07
           112.4900     -7.2100   6.2530670412238E+07
           112.5000     -7.2100   6.2530670551923E+07
           112.5100     -7.2100   6.2530670692391E+07
           112.5200     -7.2100   6.2530670832955E+07
           112.5300     -7.2100   6.2530670973212E+07
           112.5400     -7.2100   6.2530671113104E+07
           112.5500     -7.2100   6.2530671252921E+07
           112.5600     -7.2100   6.2530671393277E+07
           112.5700     -7.2100   6.2530671535038E+07
           112.5800     -7.2100   6.2530671679243E+07
           112.5900     -7.2100   6.2530671827009E+07
           112.6000     -7.2100   6.2530671979444E+07
           112.6100     -7.2100   6.2530672137570E+07
           112.6200     -7.2100   6.2530672302276E+07
           112.6300     -7.2100   6.2530672474289E+07
           112.6400     -7.2100   6.2530672654176E+07
           112.6500     -7.2100   6.2530672842353E+07
           112.6600     -7.2100   6.2530673039114E+07
           112.6700     -7.2100   6.2530673244661E+07
           112.6800     -7.2100   6.2530673459122E+07
           112.6900     -7.2100   6.2530673682565E+07
           112.7000     -7.2100   6.2530673914992E+07
           112.7100     -7.2100   6.2530674156322E+07
           112.7200     -7.2100   6.2530674406365E+07
           112.7300     -7.2100   6.2530674664792E+07
           112.7400     -7.2100   6.2530674931113E+07
           112.7500     -7.2100   6.2530675204666E+07
           112.7600     -7.2100   6.2530675484628E+07
           112.7700     -7.2100   6.2530675770052E+07
           112.7800     -7.2100   6.2530676059916E+07
           112.7900     -7.2100   6.2530676353205E+07
           112.8000     -7.2100   6.2530676648994E+07
           112.8100     -7.2100   6.2530676946525E+07
           112.8200     -7.2100   6.2530677245275E+07
           112.8300     -7.2100   6.2530677544997E+07
           112.8400     -7.2100   6.2530677845720E+07
           112.8500     -7.2100   6.2530678147711E+07
           112.8600     -7.2100   6.2530678451394E+07
           112.8700     -7.2100   6.2530678757231E+07
           112.8800     -7.2100   6.2530679065589E+07
           112.8900     -7.2100   6.2530679376589E+07
           112.9000     -7.2100   6.2530679689974E+07
           112.9100     -7.2100   6.2530680005012E+07
           112.9200     -7.2100   6.2530680320437E+07
           112.9300     -7.2100   6.2530680634462E+07
           112.9400     -7.2100   6.2530680944852E+07
           112.9500     -7.2100   6.2530681249065E+07
           112.9600     -7.2100   6.2530681544445E+07
           112.9700     -7.2100   6.2530681828449E+07
           112.9800     -7.2100   6.2530682098896E+07
           112.9900     -7.2100   6.2530682354193E+07
           113.0000     -7.2100   6.2530682593528E+07
           112.0000     -7.2200   6.2530667278815E+07
           112.0100     -7.2200   6.2530667453648E+07
           112.0200     -7.2200   6.2530667621964E+07
           112.0300     -7.2200   6.2530667785772E+07
           112.0400     -7.2200   6.2530667947498E+07
           112.0500     -7.2200   6.2530668109680E+07
           112.0600     -7.2200   6.2530668274648E+07
           112.0700     -7.2200   6.2530668444242E+07
           112.0800     -7.2200   6.2530668619587E+07
           112.0900     -7.2200   6.2530668800959E+07
           112.1000     -7.2200   6.2530668987759E+07
           112.1100     -7.2200   6.2530669178588E+07
           112.1200     -7.2200   6.2530669371426E+07
           112.1300     -7.2200   6.2530669563870E+07
           112.1400     -7.2200   6.2530669753433E+07
           112.1500     -7.2200   6.2530669937832E+07
           112.1600     -7.2200   6.2530670115260E+07
           112.1700     -7.2200   6.2530670284587E+07
           112.1800     -7.2200   6.2530670445480E+07
           112.1900     -7.2200   6.2530670598431E+07
           112.2000     -7.2200   6.2530670744673E+07
           112.2100     -7.2200   6.2530670886019E+07
           112.2200     -7.2200   6.2530671024631E+07
           112.2300     -7.2200   6.2530671162750E+07
           112.2400     -7.2200   6.2530671302423E+07
           112.2500     -7.2200   6.2530671445263E+07
           112.2600     -7.2200   6.2530671592258E+07
           112.2700     -7.2200   6.2530671743668E+07
           112.2800     -7.2200   6.2530671899008E+07
           112.2900     -7.2200   6.2530672057117E+07
           112.3000     -7.2200   6.2530672216314E+07
           112.3100     -7.2200   6.2530672374609E+07
           112.3200     -7.2200   6.2530672529943E+07
           112.3300     -7.2200   6.2530672680440E+07
           112.3400     -7.2200   6.2530672824623E+07
           112.3500     -7.2200   6.2530672961581E+07
           112.3600     -7.2200   6.2530673091067E+07
           112.3700     -7.2200   6.2530673213517E+07
           112.3800     -7.2200   6.2530673329990E+07
           112.3900     -7.2200   6.2530673442037E+07
           112.4000     -7.2200   6.2530673551521E+07
           112.4100     -7.2200   6.2530673660417E+07
           112.4200     -7.2200   6.2530673770594E+07
           112.4300     -7.2200   6.2530673883639E+07
           112.4400     -7.2200   6.2530674000711E+07
           112.4500     -7.2200   6.2530674122455E+07
           112.4600     -7.2200   6.2530674248991E+07
           112.4700     -7.2200   6.2530674379951E+07
           112.4800     -7.2200   6.2530674514582E+07
           112.4900     -7.2200   6.2530674651885E+07
           112.5000     -7.2200   6.2530674790768E+07
           112.5100     -7.2200   6.2530674930211E+07
           112.5200     -7.2200   6.2530675069399E+07
           112.5300     -7.2200   6.2530675207835E+07
           112.5400     -7.2200   6.2530675345394E+07
           112.5500     -7.2200   6.2530675482344E+07
           112.5600     -7.2200   6.2530675619312E+07
           112.5700     -7.2200   6.2530675757218E+07
           112.5800     -7.2200   6.2530675897186E+07
           112.5900     -7.2200   6.2530676040437E+07
           112.6000     -7.2200   6.2530676188192E+07
           112.6100     -7.2200   6.2530676341583E+07
           112.6200     -7.2200   6.2530676501595E+07
           112.6300     -7.2200   6.2530676669030E+07
           112.6400     -7.2200   6.2530676844494E+07
           112.6500     -7.2200   6.2530677028416E+07
           112.6600     -7.2200   6.2530677221071E+07
           112.6700     -7.2200   6.2530677422615E+07
           112.6800     -7.2200   6.2530677633118E+07
           112.6900     -7.2200   6.2530677852583E+07
           112.7000     -7.2200   6.2530678080949E+07
           112.7100     -7.2200   6.2530678318089E+07
           112.7200     -7.2200   6.2530678563787E+07
           112.7300     -7.2200   6.2530678817713E+07
           112.7400     -7.2200   6.2530679079400E+07
           112.7500     -7.2200   6.2530679348228E+07
           112.7600     -7.2200   6.2530679623434E+07
           112.7700     -7.2200   6.2530679904131E+07
           112.7800     -7.2200   6.2530680189357E+07
           112.7900     -7.2200   6.2530680478141E+07
           112.8000     -7.2200   6.2530680769579E+07
           112.8100     -7.2200   6.2530681062910E+07
           112.8200     -7.2200   6.2530681357584E+07
           112.8300     -7.2200   6.2530681653305E+07
           112.8400     -7.2200   6.2530681950037E+07
           112.8500     -7.2200   6.2530682247978E+07
           112.8600     -7.2200   6.2530682547488E+07
           112.8700     -7.2200   6.2530682848986E+07
           112.8800     -7.2200   6.2530683152817E+07
           112.8900     -7.2200   6.2530683459117E+07
           112.9000     -7.2200   6.2530683767677E+07
           112.9100     -7.2200   6.2530684077840E+07
           112.9200     -7.2200   6.2530684388443E+07
           112.9300     -7.2200   6.2530684697810E+07
           112.9400     -7.2200   6.2530685003815E+07
           112.9500     -7.2200   6.2530685304007E+07
           112.9600     -7.2200   6.2530685595787E+07
           112.9700     -7.2200   6.2530685876631E+07
           112.9800     -7.2200   6.2530686144320E+07
           112.9900     -7.2200   6.2530686397176E+07
           113.0000     -7.2200   6.2530686634253E+07
           112.0000     -7.2300   6.2530671600700E+07
           112.0100     -7.2300   6.2530671776518E+07
           112.0200     -7.2300   6.2530671946005E+07
           112.0300     -7.2300   6.2530672111082E+07
           112.0400     -7.2300   6.2530672274122E+07
           112.0500     -7.2300   6.2530672437657E+07
           112.0600     -7.2300   6.2530672604053E+07
           112.0700     -7.2300   6.2530672775224E+07
           112.0800     -7.2300   6.2530672952392E+07
           112.0900     -7.2300   6.2530673135938E+07
           112.1000     -7.2300   6.2530673325354E+07
           112.1100     -7.2300   6.2530673519305E+07
           112.1200     -7.2300   6.2530673715783E+07
           112.1300     -7.2300   6.2530673912349E+07
           112.1400     -7.2300   6.2530674106410E+07
           112.1500     -7.2300   6.2530674295523E+07
           112.1600     -7.2300   6.2530674477665E+07
           112.1700     -7.2300   6.2530674651453E+07
           112.1800     -7.2300   6.2530674816286E+07
           112.1900     -7.2300   6.2530674972383E+07
           112.2000     -7.2300   6.2530675120732E+07
           112.2100     -7.2300   6.2530675262940E+07
           112.2200     -7.2300   6.2530675401023E+07
           112.2300     -7.2300   6.2530675537141E+07
           112.2400     -7.2300   6.2530675673337E+07
           112.2500     -7.2300   6.2530675811288E+07
           112.2600     -7.2300   6.2530675952114E+07
           112.2700     -7.2300   6.2530676096259E+07
           112.2800     -7.2300   6.2530676243460E+07
           112.2900     -7.2300   6.2530676392806E+07
           112.3000     -7.2300   6.2530676542870E+07
           112.3100     -7.2300   6.2530676691909E+07
           112.3200     -7.2300   6.2530676838097E+07
           112.3300     -7.2300   6.2530676979759E+07
           112.3400     -7.2300   6.2530677115585E+07
           112.3500     -7.2300   6.2530677244800E+07
           112.3600     -7.2300   6.2530677367254E+07
           112.3700     -7.2300   6.2530677483449E+07
           112.3800     -7.2300   6.2530677594476E+07
           112.3900     -7.2300   6.2530677701895E+07
           112.4000     -7.2300   6.2530677807552E+07
           112.4100     -7.2300   6.2530677913379E+07
           112.4200     -7.2300   6.2530678021188E+07
           112.4300     -7.2300   6.2530678132482E+07
           112.4400     -7.2300   6.2530678248320E+07
           112.4500     -7.2300   6.2530678369231E+07
           112.4600     -7.2300   6.2530678495200E+07
           112.4700     -7.2300   6.2530678625717E+07
           112.4800     -7.2300   6.2530678759881E+07
           112.4900     -7.2300   6.2530678896545E+07
           112.5000     -7.2300   6.2530679034484E+07
           112.5100     -7.2300   6.2530679172561E+07
           112.5200     -7.2300   6.2530679309877E+07
           112.5300     -7.2300   6.2530679445879E+07
           112.5400     -7.2300   6.2530679580430E+07
           112.5500     -7.2300   6.2530679713826E+07
           112.5600     -7.2300   6.2530679846759E+07
           112.5700     -7.2300   6.2530679980246E+07
           112.5800     -7.2300   6.2530680115531E+07
           112.5900     -7.2300   6.2530680253967E+07
           112.6000     -7.2300   6.2530680396904E+07
           112.6100     -7.2300   6.2530680545594E+07
           112.6200     -7.2300   6.2530680701115E+07
           112.6300     -7.2300   6.2530680864330E+07
           112.6400     -7.2300   6.2530681035873E+07
           112.6500     -7.2300   6.2530681216160E+07
           112.6600     -7.2300   6.2530681405425E+07
           112.6700     -7.2300   6.2530681603759E+07
           112.6800     -7.2300   6.2530681811151E+07
           112.6900     -7.2300   6.2530682027521E+07
           112.7000     -7.2300   6.2530682252738E+07
           112.7100     -7.2300   6.2530682486621E+07
           112.7200     -7.2300   6.2530682728927E+07
           112.7300     -7.2300   6.2530682979330E+07
           112.7400     -7.2300   6.2530683237394E+07
           112.7500     -7.2300   6.2530683502555E+07
           112.7600     -7.2300   6.2530683774118E+07
           112.7700     -7.2300   6.2530684051268E+07
           112.7800     -7.2300   6.2530684333108E+07
           112.7900     -7.2300   6.2530684618712E+07
           112.8000     -7.2300   6.2530684907192E+07
           112.8100     -7.2300   6.2530685197770E+07
           112.8200     -7.2300   6.2530685489848E+07
           112.8300     -7.2300   6.2530685783046E+07
           112.8400     -7.2300   6.2530686077227E+07
           112.8500     -7.2300   6.2530686372476E+07
           112.8600     -7.2300   6.2530686669043E+07
           112.8700     -7.2300   6.2530686967253E+07
           112.8800     -7.2300   6.2530687267385E+07
           112.8900     -7.2300   6.2530687569548E+07
           112.9000     -7.2300   6.2530687873546E+07
           112.9100     -7.2300   6.2530688178777E+07
           112.9200     -7.2300   6.2530688484167E+07
           112.9300     -7.2300   6.2530688788155E+07
           112.9400     -7.2300   6.2530689088740E+07
           112.9500     -7.2300   6.2530689383591E+07
           112.9600     -7.2300   6.2530689670208E+07
           112.9700     -7.2300   6.2530689946132E+07
           112.9800     -7.2300   6.2530690209167E+07
           112.9900     -7.2300   6.2530690457606E+07
           113.0000     -7.2300   6.2530690690430E+07
           112.0000     -7.2400   6.2530675919323E+07
           112.0100     -7.2400   6.2530676096630E+07
           112.0200     -7.2400   6.2530676267920E+07
           112.0300     -7.2400   6.2530676434974E+07
           112.0400     -7.2400   6.2530676600056E+07
           112.0500     -7.2400   6.2530676765626E+07
           112.0600     -7.2400   6.2530676934026E+07
           112.0700     -7.2400   6.2530677107191E+07
           112.0800     -7.2400   6.2530677286400E+07
           112.0900     -7.2400   6.2530677472114E+07
           112.1000     -7.2400   6.2530677663910E+07
           112.1100     -7.2400   6.2530677860527E+07
           112.1200     -7.2400   6.2530678060003E+07
           112.1300     -7.2400   6.2530678259896E+07
           112.1400     -7.2400   6.2530678457563E+07
           112.1500     -7.2400   6.2530678650450E+07
           112.1600     -7.2400   6.2530678836372E+07
           112.1700     -7.2400   6.2530679013744E+07
           112.1800     -7.2400   6.2530679181729E+07
           112.1900     -7.2400   6.2530679340304E+07
           112.2000     -7.2400   6.2530679490223E+07
           112.2100     -7.2400   6.2530679632890E+07
           112.2200     -7.2400   6.2530679770161E+07
           112.2300     -7.2400   6.2530679904102E+07
           112.2400     -7.2400   6.2530680036728E+07
           112.2500     -7.2400   6.2530680169758E+07
           112.2600     -7.2400   6.2530680304424E+07
           112.2700     -7.2400   6.2530680441341E+07
           112.2800     -7.2400   6.2530680580466E+07
           112.2900     -7.2400   6.2530680721136E+07
           112.3000     -7.2400   6.2530680862193E+07
           112.3100     -7.2400   6.2530681002161E+07
           112.3200     -7.2400   6.2530681139467E+07
           112.3300     -7.2400   6.2530681272661E+07
           112.3400     -7.2400   6.2530681400626E+07
           112.3500     -7.2400   6.2530681522735E+07
           112.3600     -7.2400   6.2530681638945E+07
           112.3700     -7.2400   6.2530681749819E+07
           112.3800     -7.2400   6.2530681856469E+07
           112.3900     -7.2400   6.2530681960432E+07
           112.4000     -7.2400   6.2530682063500E+07
           112.4100     -7.2400   6.2530682167522E+07
           112.4200     -7.2400   6.2530682274195E+07
           112.4300     -7.2400   6.2530682384892E+07
           112.4400     -7.2400   6.2530682500521E+07
           112.4500     -7.2400   6.2530682621452E+07
           112.4600     -7.2400   6.2530682747503E+07
           112.4700     -7.2400   6.2530682878000E+07
           112.4800     -7.2400   6.2530683011885E+07
           112.4900     -7.2400   6.2530683147874E+07
           112.5000     -7.2400   6.2530683284624E+07
           112.5100     -7.2400   6.2530683420916E+07
           112.5200     -7.2400   6.2530683555803E+07
           112.5300     -7.2400   6.2530683688727E+07
           112.5400     -7.2400   6.2530683819587E+07
           112.5500     -7.2400   6.2530683948755E+07
           112.5600     -7.2400   6.2530684077034E+07
           112.5700     -7.2400   6.2530684205577E+07
           112.5800     -7.2400   6.2530684335778E+07
           112.5900     -7.2400   6.2530684469143E+07
           112.6000     -7.2400   6.2530684607166E+07
           112.6100     -7.2400   6.2530684751216E+07
           112.6200     -7.2400   6.2530684902459E+07
           112.6300     -7.2400   6.2530685061804E+07
           112.6400     -7.2400   6.2530685229892E+07
           112.6500     -7.2400   6.2530685407108E+07
           112.6600     -7.2400   6.2530685593619E+07
           112.6700     -7.2400   6.2530685789428E+07
           112.6800     -7.2400   6.2530685994426E+07
           112.6900     -7.2400   6.2530686208438E+07
           112.7000     -7.2400   6.2530686431251E+07
           112.7100     -7.2400   6.2530686662631E+07
           112.7200     -7.2400   6.2530686902312E+07
           112.7300     -7.2400   6.2530687149979E+07
           112.7400     -7.2400   6.2530687405243E+07
           112.7500     -7.2400   6.2530687667610E+07
           112.7600     -7.2400   6.2530687936469E+07
           112.7700     -7.2400   6.2530688211093E+07
           112.7800     -7.2400   6.2530688490659E+07
           112.7900     -7.2400   6.2530688774290E+07
           112.8000     -7.2400   6.2530689061112E+07
           112.8100     -7.2400   6.2530689350321E+07
           112.8200     -7.2400   6.2530689641246E+07
           112.8300     -7.2400   6.2530689933397E+07
           112.8400     -7.2400   6.2530690226498E+07
           112.8500     -7.2400   6.2530690520474E+07
           112.8600     -7.2400   6.2530690815416E+07
           112.8700     -7.2400   6.2530691111505E+07
           112.8800     -7.2400   6.2530691408903E+07
           112.8900     -7.2400   6.2530691707642E+07
           112.9000     -7.2400   6.2530692007502E+07
           112.9100     -7.2400   6.2530692307904E+07
           112.9200     -7.2400   6.2530692607845E+07
           112.9300     -7.2400   6.2530692905874E+07
           112.9400     -7.2400   6.2530693200122E+07
           112.9500     -7.2400   6.2530693488402E+07
           112.9600     -7.2400   6.2530693768350E+07
           112.9700     -7.2400   6.2530694037616E+07
           112.9800     -7.2400   6.2530694294082E+07
           112.9900     -7.2400   6.2530694536075E+07
           113.0000     -7.2400   6.2530694762565E+07
           112.0000     -7.2500   6.2530680235178E+07
           112.0100     -7.2500   6.2530680414735E+07
           112.0200     -7.2500   6.2530680588666E+07
           112.0300     -7.2500   6.2530680758555E+07
           112.0400     -7.2500   6.2530680926491E+07
           112.0500     -7.2500   6.2530681094797E+07
           112.0600     -7.2500   6.2530681265729E+07
           112.0700     -7.2500   6.2530681441189E+07
           112.0800     -7.2500   6.2530681622474E+07
           112.0900     -7.2500   6.2530681810103E+07
           112.1000     -7.2500   6.2530682003739E+07
           112.1100     -7.2500   6.2530682202212E+07
           112.1200     -7.2500   6.2530682403640E+07
           112.1300     -7.2500   6.2530682605636E+07
           112.1400     -7.2500   6.2530682805564E+07
           112.1500     -7.2500   6.2530683000831E+07
           112.1600     -7.2500   6.2530683189161E+07
           112.1700     -7.2500   6.2530683368824E+07
           112.1800     -7.2500   6.2530683538807E+07
           112.1900     -7.2500   6.2530683698885E+07
           112.2000     -7.2500   6.2530683849605E+07
           112.2100     -7.2500   6.2530683992181E+07
           112.2200     -7.2500   6.2530684128314E+07
           112.2300     -7.2500   6.2530684259958E+07
           112.2400     -7.2500   6.2530684389081E+07
           112.2500     -7.2500   6.2530684517420E+07
           112.2600     -7.2500   6.2530684646293E+07
           112.2700     -7.2500   6.2530684776462E+07
           112.2800     -7.2500   6.2530684908082E+07
           112.2900     -7.2500   6.2530685040729E+07
           112.3000     -7.2500   6.2530685173504E+07
           112.3100     -7.2500   6.2530685305200E+07
           112.3200     -7.2500   6.2530685434497E+07
           112.3300     -7.2500   6.2530685560179E+07
           112.3400     -7.2500   6.2530685681326E+07
           112.3500     -7.2500   6.2530685797460E+07
           112.3600     -7.2500   6.2530685908642E+07
           112.3700     -7.2500   6.2530686015486E+07
           112.3800     -7.2500   6.2530686119101E+07
           112.3900     -7.2500   6.2530686220981E+07
           112.4000     -7.2500   6.2530686322828E+07
           112.4100     -7.2500   6.2530686426366E+07
           112.4200     -7.2500   6.2530686533140E+07
           112.4300     -7.2500   6.2530686644349E+07
           112.4400     -7.2500   6.2530686760717E+07
           112.4500     -7.2500   6.2530686882421E+07
           112.4600     -7.2500   6.2530687009095E+07
           112.4700     -7.2500   6.2530687139891E+07
           112.4800     -7.2500   6.2530687273598E+07
           112.4900     -7.2500   6.2530687408806E+07
           112.5000     -7.2500   6.2530687544082E+07
           112.5100     -7.2500   6.2530687678158E+07
           112.5200     -7.2500   6.2530687810080E+07
           112.5300     -7.2500   6.2530687939329E+07
           112.5400     -7.2500   6.2530688065887E+07
           112.5500     -7.2500   6.2530688190242E+07
           112.5600     -7.2500   6.2530688313345E+07
           112.5700     -7.2500   6.2530688436518E+07
           112.5800     -7.2500   6.2530688561325E+07
           112.5900     -7.2500   6.2530688689440E+07
           112.6000     -7.2500   6.2530688822500E+07
           112.6100     -7.2500   6.2530688961990E+07
           112.6200     -7.2500   6.2530689109148E+07
           112.6300     -7.2500   6.2530689264914E+07
           112.6400     -7.2500   6.2530689429913E+07
           112.6500     -7.2500   6.2530689604475E+07
           112.6600     -7.2500   6.2530689788680E+07
           112.6700     -7.2500   6.2530689982425E+07
           112.6800     -7.2500   6.2530690185487E+07
           112.6900     -7.2500   6.2530690397585E+07
           112.7000     -7.2500   6.2530690618426E+07
           112.7100     -7.2500   6.2530690847723E+07
           112.7200     -7.2500   6.2530691085198E+07
           112.7300     -7.2500   6.2530691330565E+07
           112.7400     -7.2500   6.2530691583495E+07
           112.7500     -7.2500   6.2530691843588E+07
           112.7600     -7.2500   6.2530692110340E+07
           112.7700     -7.2500   6.2530692383128E+07
           112.7800     -7.2500   6.2530692661220E+07
           112.7900     -7.2500   6.2530692943796E+07
           112.8000     -7.2500   6.2530693230000E+07
           112.8100     -7.2500   6.2530693518992E+07
           112.8200     -7.2500   6.2530693810011E+07
           112.8300     -7.2500   6.2530694102435E+07
           112.8400     -7.2500   6.2530694395809E+07
           112.8500     -7.2500   6.2530694689859E+07
           112.8600     -7.2500   6.2530694984468E+07
           112.8700     -7.2500   6.2530695279618E+07
           112.8800     -7.2500   6.2530695575304E+07
           112.8900     -7.2500   6.2530695871432E+07
           112.9000     -7.2500   6.2530696167710E+07
           112.9100     -7.2500   6.2530696463548E+07
           112.9200     -7.2500   6.2530696757988E+07
           112.9300     -7.2500   6.2530697049675E+07
           112.9400     -7.2500   6.2530697336875E+07
           112.9500     -7.2500   6.2530697617558E+07
           112.9600     -7.2500   6.2530697889523E+07
           112.9700     -7.2500   6.2530698150572E+07
           112.9800     -7.2500   6.2530698398715E+07
           112.9900     -7.2500   6.2530698632370E+07
           113.0000     -7.2500   6.2530698850559E+07
           112.0000     -7.2600   6.2530684549297E+07
           112.0100     -7.2600   6.2530684732006E+07
           112.0200     -7.2600   6.2530684909501E+07
           112.0300     -7.2600   6.2530685083111E+07
           112.0400     -7.2600   6.2530685254686E+07
           112.0500     -7.2600   6.2530685426346E+07
           112.0600     -7.2600   6.2530685600203E+07
           112.0700     -7.2600   6.2530685778074E+07
           112.0800     -7.2600   6.2530685961241E+07
           112.0900     -7.2600   6.2530686150264E+07
           112.1000     -7.2600   6.2530686344895E+07
           112.1100     -7.2600   6.2530686544082E+07
           112.1200     -7.2600   6.2530686746068E+07
           112.1300     -7.2600   6.2530686948578E+07
           112.1400     -7.2600   6.2530687149060E+07
           112.1500     -7.2600   6.2530687344959E+07
           112.1600     -7.2600   6.2530687533987E+07
           112.1700     -7.2600   6.2530687714349E+07
           112.1800     -7.2600   6.2530687884922E+07
           112.1900     -7.2600   6.2530688045332E+07
           112.2000     -7.2600   6.2530688195961E+07
           112.2100     -7.2600   6.2530688337854E+07
           112.2200     -7.2600   6.2530688472561E+07
           112.2300     -7.2600   6.2530688601920E+07
           112.2400     -7.2600   6.2530688727831E+07
           112.2500     -7.2600   6.2530688852023E+07
           112.2600     -7.2600   6.2530688975866E+07
           112.2700     -7.2600   6.2530689100234E+07
           112.2800     -7.2600   6.2530689225450E+07
           112.2900     -7.2600   6.2530689351300E+07
           112.3000     -7.2600   6.2530689477119E+07
           112.3100     -7.2600   6.2530689601948E+07
           112.3200     -7.2600   6.2530689724708E+07
           112.3300     -7.2600   6.2530689844404E+07
           112.3400     -7.2600   6.2530689960299E+07
           112.3500     -7.2600   6.2530690072058E+07
           112.3600     -7.2600   6.2530690179827E+07
           112.3700     -7.2600   6.2530690284255E+07
           112.3800     -7.2600   6.2530690386430E+07
           112.3900     -7.2600   6.2530690487772E+07
           112.4000     -7.2600   6.2530690589866E+07
           112.4100     -7.2600   6.2530690694282E+07
           112.4200     -7.2600   6.2530690802381E+07
           112.4300     -7.2600   6.2530690915163E+07
           112.4400     -7.2600   6.2530691033141E+07
           112.4500     -7.2600   6.2530691156289E+07
           112.4600     -7.2600   6.2530691284047E+07
           112.4700     -7.2600   6.2530691415395E+07
           112.4800     -7.2600   6.2530691548983E+07
           112.4900     -7.2600   6.2530691683295E+07
           112.5000     -7.2600   6.2530691816840E+07
           112.5100     -7.2600   6.2530691948333E+07
           112.5200     -7.2600   6.2530692076855E+07
           112.5300     -7.2600   6.2530692201964E+07
           112.5400     -7.2600   6.2530692323759E+07
           112.5500     -7.2600   6.2530692442881E+07
           112.5600     -7.2600   6.2530692560456E+07
           112.5700     -7.2600   6.2530692677990E+07
           112.5800     -7.2600   6.2530692797232E+07
           112.5900     -7.2600   6.2530692920021E+07
           112.6000     -7.2600   6.2530693048135E+07
           112.6100     -7.2600   6.2530693183158E+07
           112.6200     -7.2600   6.2530693326386E+07
           112.6300     -7.2600   6.2530693478767E+07
           112.6400     -7.2600   6.2530693640888E+07
           112.6500     -7.2600   6.2530693813002E+07
           112.6600     -7.2600   6.2530693995084E+07
           112.6700     -7.2600   6.2530694186908E+07
           112.6800     -7.2600   6.2530694388132E+07
           112.6900     -7.2600   6.2530694598367E+07
           112.7000     -7.2600   6.2530694817241E+07
           112.7100     -7.2600   6.2530695044426E+07
           112.7200     -7.2600   6.2530695279649E+07
           112.7300     -7.2600   6.2530695522672E+07
           112.7400     -7.2600   6.2530695773255E+07
           112.7500     -7.2600   6.2530696031115E+07
           112.7600     -7.2600   6.2530696295879E+07
           112.7700     -7.2600   6.2530696567057E+07
           112.7800     -7.2600   6.2530696844023E+07
           112.7900     -7.2600   6.2530697126033E+07
           112.8000     -7.2600   6.2530697412251E+07
           112.8100     -7.2600   6.2530697701799E+07
           112.8200     -7.2600   6.2530697993820E+07
           112.8300     -7.2600   6.2530698287533E+07
           112.8400     -7.2600   6.2530698582278E+07
           112.8500     -7.2600   6.2530698877543E+07
           112.8600     -7.2600   6.2530699172959E+07
           112.8700     -7.2600   6.2530699468260E+07
           112.8800     -7.2600   6.2530699763222E+07
           112.8900     -7.2600   6.2530700057577E+07
           112.9000     -7.2600   6.2530700350915E+07
           112.9100     -7.2600   6.2530700642593E+07
           112.9200     -7.2600   6.2530700931669E+07
           112.9300     -7.2600   6.2530701216863E+07
           112.9400     -7.2600   6.2530701496571E+07
           112.9500     -7.2600   6.2530701768924E+07
           112.9600     -7.2600   6.2530702031905E+07
           112.9700     -7.2600   6.2530702283502E+07
           112.9800     -7.2600   6.2530702521890E+07
           112.9900     -7.2600   6.2530702745634E+07
           113.0000     -7.2600   6.2530702953862E+07
           112.0000     -7.2700   6.2530688863025E+07
           112.0100     -7.2700   6.2530689049787E+07
           112.0200     -7.2700   6.2530689231720E+07
           112.0300     -7.2700   6.2530689409841E+07
           112.0400     -7.2700   6.2530689585700E+07
           112.0500     -7.2700   6.2530689761158E+07
           112.0600     -7.2700   6.2530689938126E+07
           112.0700     -7.2700   6.2530690118296E+07
           112.0800     -7.2700   6.2530690302902E+07
           112.0900     -7.2700   6.2530690492538E+07
           112.1000     -7.2700   6.2530690687056E+07
           112.1100     -7.2700   6.2530690885548E+07
           112.1200     -7.2700   6.2530691086435E+07
           112.1300     -7.2700   6.2530691287618E+07
           112.1400     -7.2700   6.2530691486707E+07
           112.1500     -7.2700   6.2530691681273E+07
           112.1600     -7.2700   6.2530691869101E+07
           112.1700     -7.2700   6.2530692048417E+07
           112.1800     -7.2700   6.2530692218059E+07
           112.1900     -7.2700   6.2530692377570E+07
           112.2000     -7.2700   6.2530692527210E+07
           112.2100     -7.2700   6.2530692667885E+07
           112.2200     -7.2700   6.2530692801004E+07
           112.2300     -7.2700   6.2530692928287E+07
           112.2400     -7.2700   6.2530693051546E+07
           112.2500     -7.2700   6.2530693172471E+07
           112.2600     -7.2700   6.2530693292446E+07
           112.2700     -7.2700   6.2530693412419E+07
           112.2800     -7.2700   6.2530693532834E+07
           112.2900     -7.2700   6.2530693653643E+07
           112.3000     -7.2700   6.2530693774381E+07
           112.3100     -7.2700   6.2530693894297E+07
           112.3200     -7.2700   6.2530694012526E+07
           112.3300     -7.2700   6.2530694128262E+07
           112.3400     -7.2700   6.2530694240930E+07
           112.3500     -7.2700   6.2530694350312E+07
           112.3600     -7.2700   6.2530694456620E+07
           112.3700     -7.2700   6.2530694560513E+07
           112.3800     -7.2700   6.2530694663035E+07
           112.3900     -7.2700   6.2530694765512E+07
           112.4000     -7.2700   6.2530694869388E+07
           112.4100     -7.2700   6.2530694976056E+07
           112.4200     -7.2700   6.2530695086678E+07
           112.4300     -7.2700   6.2530695202036E+07
           112.4400     -7.2700   6.2530695322430E+07
           112.4500     -7.2700   6.2530695447626E+07
           112.4600     -7.2700   6.2530695576877E+07
           112.4700     -7.2700   6.2530695709006E+07
           112.4800     -7.2700   6.2530695842544E+07
           112.4900     -7.2700   6.2530695975899E+07
           112.5000     -7.2700   6.2530696107551E+07
           112.5100     -7.2700   6.2530696236236E+07
           112.5200     -7.2700   6.2530696361098E+07
           112.5300     -7.2700   6.2530696481807E+07
           112.5400     -7.2700   6.2530696598607E+07
           112.5500     -7.2700   6.2530696712311E+07
           112.5600     -7.2700   6.2530696824233E+07
           112.5700     -7.2700   6.2530696936071E+07
           112.5800     -7.2700   6.2530697049752E+07
           112.5900     -7.2700   6.2530697167275E+07
           112.6000     -7.2700   6.2530697290539E+07
           112.6100     -7.2700   6.2530697421209E+07
           112.6200     -7.2700   6.2530697560615E+07
           112.6300     -7.2700   6.2530697709689E+07
           112.6400     -7.2700   6.2530697868959E+07
           112.6500     -7.2700   6.2530698038582E+07
           112.6600     -7.2700   6.2530698218414E+07
           112.6700     -7.2700   6.2530698408099E+07
           112.6800     -7.2700   6.2530698607171E+07
           112.6900     -7.2700   6.2530698815141E+07
           112.7000     -7.2700   6.2530699031567E+07
           112.7100     -7.2700   6.2530699256102E+07
           112.7200     -7.2700   6.2530699488499E+07
           112.7300     -7.2700   6.2530699728594E+07
           112.7400     -7.2700   6.2530699976268E+07
           112.7500     -7.2700   6.2530700231384E+07
           112.7600     -7.2700   6.2530700493731E+07
           112.7700     -7.2700   6.2530700762976E+07
           112.7800     -7.2700   6.2530701038628E+07
           112.7900     -7.2700   6.2530701320032E+07
           112.8000     -7.2700   6.2530701606386E+07
           112.8100     -7.2700   6.2530701896779E+07
           112.8200     -7.2700   6.2530702190250E+07
           112.8300     -7.2700   6.2530702485847E+07
           112.8400     -7.2700   6.2530702782683E+07
           112.8500     -7.2700   6.2530703079978E+07
           112.8600     -7.2700   6.2530703377071E+07
           112.8700     -7.2700   6.2530703673410E+07
           112.8800     -7.2700   6.2530703968506E+07
           112.8900     -7.2700   6.2530704261868E+07
           112.9000     -7.2700   6.2530704552926E+07
           112.9100     -7.2700   6.2530704840945E+07
           112.9200     -7.2700   6.2530705124964E+07
           112.9300     -7.2700   6.2530705403755E+07
           112.9400     -7.2700   6.2530705675827E+07
           112.9500     -7.2700   6.2530705939473E+07
           112.9600     -7.2700   6.2530706192869E+07
           112.9700     -7.2700   6.2530706434207E+07
           112.9800     -7.2700   6.2530706661866E+07
           112.9900     -7.2700   6.2530706874594E+07
           113.0000     -7.2700   6.2530707071677E+07
           112.0000     -7.2800   6.2530693177788E+07
           112.0100     -7.2800   6.2530693369367E+07
           112.0200     -7.2800   6.2530693556430E+07
           112.0300     -7.2800   6.2530693739637E+07
           112.0400     -7.2800   6.2530693920189E+07
           112.0500     -7.2800   6.2530694099636E+07
           112.0600     -7.2800   6.2530694279644E+07
           112.0700     -7.2800   6.2530694461746E+07
           112.0800     -7.2800   6.2530694647111E+07
           112.0900     -7.2800   6.2530694836360E+07
           112.1000     -7.2800   6.2530695029457E+07
           112.1100     -7.2800   6.2530695225677E+07
           112.1200     -7.2800   6.2530695423664E+07
           112.1300     -7.2800   6.2530695621567E+07
           112.1400     -7.2800   6.2530695817236E+07
           112.1500     -7.2800   6.2530696008451E+07
           112.1600     -7.2800   6.2530696193160E+07
           112.1700     -7.2800   6.2530696369693E+07
           112.1800     -7.2800   6.2530696536927E+07
           112.1900     -7.2800   6.2530696694383E+07
           112.2000     -7.2800   6.2530696842251E+07
           112.2100     -7.2800   6.2530696981329E+07
           112.2200     -7.2800   6.2530697112899E+07
           112.2300     -7.2800   6.2530697238557E+07
           112.2400     -7.2800   6.2530697360010E+07
           112.2500     -7.2800   6.2530697478877E+07
           112.2600     -7.2800   6.2530697596517E+07
           112.2700     -7.2800   6.2530697713900E+07
           112.2800     -7.2800   6.2530697831543E+07
           112.2900     -7.2800   6.2530697949514E+07
           112.3000     -7.2800   6.2530698067492E+07
           112.3100     -7.2800   6.2530698184892E+07
           112.3200     -7.2800   6.2530698301015E+07
           112.3300     -7.2800   6.2530698415208E+07
           112.3400     -7.2800   6.2530698527021E+07
           112.3500     -7.2800   6.2530698636322E+07
           112.3600     -7.2800   6.2530698743360E+07
           112.3700     -7.2800   6.2530698848779E+07
           112.3800     -7.2800   6.2530698953559E+07
           112.3900     -7.2800   6.2530699058908E+07
           112.4000     -7.2800   6.2530699166117E+07
           112.4100     -7.2800   6.2530699276390E+07
           112.4200     -7.2800   6.2530699390682E+07
           112.4300     -7.2800   6.2530699509561E+07
           112.4400     -7.2800   6.2530699633116E+07
           112.4500     -7.2800   6.2530699760917E+07
           112.4600     -7.2800   6.2530699892050E+07
           112.4700     -7.2800   6.2530700025207E+07
           112.4800     -7.2800   6.2530700158826E+07
           112.4900     -7.2800   6.2530700291272E+07
           112.5000     -7.2800   6.2530700421027E+07
           112.5100     -7.2800   6.2530700546877E+07
           112.5200     -7.2800   6.2530700668061E+07
           112.5300     -7.2800   6.2530700784378E+07
           112.5400     -7.2800   6.2530700896235E+07
           112.5500     -7.2800   6.2530701004623E+07
           112.5600     -7.2800   6.2530701111044E+07
           112.5700     -7.2800   6.2530701217375E+07
           112.5800     -7.2800   6.2530701325711E+07
           112.5900     -7.2800   6.2530701438184E+07
           112.6000     -7.2800   6.2530701556792E+07
           112.6100     -7.2800   6.2530701683254E+07
           112.6200     -7.2800   6.2530701818904E+07
           112.6300     -7.2800   6.2530701964635E+07
           112.6400     -7.2800   6.2530702120895E+07
           112.6500     -7.2800   6.2530702287731E+07
           112.6600     -7.2800   6.2530702464872E+07
           112.6700     -7.2800   6.2530702651831E+07
           112.6800     -7.2800   6.2530702848025E+07
           112.6900     -7.2800   6.2530703052876E+07
           112.7000     -7.2800   6.2530703265895E+07
           112.7100     -7.2800   6.2530703486738E+07
           112.7200     -7.2800   6.2530703715212E+07
           112.7300     -7.2800   6.2530703951263E+07
           112.7400     -7.2800   6.2530704194919E+07
           112.7500     -7.2800   6.2530704446227E+07
           112.7600     -7.2800   6.2530704705169E+07
           112.7700     -7.2800   6.2530704971599E+07
           112.7800     -7.2800   6.2530705245184E+07
           112.7900     -7.2800   6.2530705525382E+07
           112.8000     -7.2800   6.2530705811439E+07
           112.8100     -7.2800   6.2530706102419E+07
           112.8200     -7.2800   6.2530706397261E+07
           112.8300     -7.2800   6.2530706694834E+07
           112.8400     -7.2800   6.2530706994013E+07
           112.8500     -7.2800   6.2530707293729E+07
           112.8600     -7.2800   6.2530707593004E+07
           112.8700     -7.2800   6.2530707890965E+07
           112.8800     -7.2800   6.2530708186824E+07
           112.8900     -7.2800   6.2530708479831E+07
           112.9000     -7.2800   6.2530708769213E+07
           112.9100     -7.2800   6.2530709054107E+07
           112.9200     -7.2800   6.2530709333502E+07
           112.9300     -7.2800   6.2530709606195E+07
           112.9400     -7.2800   6.2530709870789E+07
           112.9500     -7.2800   6.2530710125729E+07
           112.9600     -7.2800   6.2530710369383E+07
           112.9700     -7.2800   6.2530710600159E+07
           112.9800     -7.2800   6.2530710816659E+07
           112.9900     -7.2800   6.2530711017842E+07
           113.0000     -7.2800   6.2530711203190E+07
           112.0000     -7.2900   6.2530697494903E+07
           112.0100     -7.2900   6.2530697691786E+07
           112.0200     -7.2900   6.2530697884372E+07
           112.0300     -7.2900   6.2530698072927E+07
           112.0400     -7.2900   6.2530698258262E+07
           112.0500     -7.2900   6.2530698441582E+07
           112.0600     -7.2900   6.2530698624278E+07
           112.0700     -7.2900   6.2530698807698E+07
           112.0800     -7.2900   6.2530698992935E+07
           112.0900     -7.2900   6.2530699180639E+07
           112.1000     -7.2900   6.2530699370905E+07
           112.1100     -7.2900   6.2530699563222E+07
           112.1200     -7.2900   6.2530699756510E+07
           112.1300     -7.2900   6.2530699949227E+07
           112.1400     -7.2900   6.2530700139534E+07
           112.1500     -7.2900   6.2530700325503E+07
           112.1600     -7.2900   6.2530700505325E+07
           112.1700     -7.2900   6.2530700677512E+07
           112.1800     -7.2900   6.2530700841054E+07
           112.1900     -7.2900   6.2530700995511E+07
           112.2000     -7.2900   6.2530701141048E+07
           112.2100     -7.2900   6.2530701278384E+07
           112.2200     -7.2900   6.2530701408692E+07
           112.2300     -7.2900   6.2530701533438E+07
           112.2400     -7.2900   6.2530701654207E+07
           112.2500     -7.2900   6.2530701772514E+07
           112.2600     -7.2900   6.2530701889650E+07
           112.2700     -7.2900   6.2530702006559E+07
           112.2800     -7.2900   6.2530702123775E+07
           112.2900     -7.2900   6.2530702241422E+07
           112.3000     -7.2900   6.2530702359271E+07
           112.3100     -7.2900   6.2530702476845E+07
           112.3200     -7.2900   6.2530702593560E+07
           112.3300     -7.2900   6.2530702708870E+07
           112.3400     -7.2900   6.2530702822406E+07
           112.3500     -7.2900   6.2530702934086E+07
           112.3600     -7.2900   6.2530703044165E+07
           112.3700     -7.2900   6.2530703153247E+07
           112.3800     -7.2900   6.2530703262225E+07
           112.3900     -7.2900   6.2530703372178E+07
           112.4000     -7.2900   6.2530703484233E+07
           112.4100     -7.2900   6.2530703599404E+07
           112.4200     -7.2900   6.2530703718446E+07
           112.4300     -7.2900   6.2530703841721E+07
           112.4400     -7.2900   6.2530703969127E+07
           112.4500     -7.2900   6.2530704100063E+07
           112.4600     -7.2900   6.2530704233477E+07
           112.4700     -7.2900   6.2530704367959E+07
           112.4800     -7.2900   6.2530704501891E+07
           112.4900     -7.2900   6.2530704633627E+07
           112.5000     -7.2900   6.2530704761681E+07
           112.5100     -7.2900   6.2530704884916E+07
           112.5200     -7.2900   6.2530705002683E+07
           112.5300     -7.2900   6.2530705114925E+07
           112.5400     -7.2900   6.2530705222209E+07
           112.5500     -7.2900   6.2530705325700E+07
           112.5600     -7.2900   6.2530705427070E+07
           112.5700     -7.2900   6.2530705528356E+07
           112.5800     -7.2900   6.2530705631789E+07
           112.5900     -7.2900   6.2530705739602E+07
           112.6000     -7.2900   6.2530705853858E+07
           112.6100     -7.2900   6.2530705976297E+07
           112.6200     -7.2900   6.2530706108229E+07
           112.6300     -7.2900   6.2530706250484E+07
           112.6400     -7.2900   6.2530706403414E+07
           112.6500     -7.2900   6.2530706566946E+07
           112.6600     -7.2900   6.2530706740678E+07
           112.6700     -7.2900   6.2530706924002E+07
           112.6800     -7.2900   6.2530707116232E+07
           112.6900     -7.2900   6.2530707316721E+07
           112.7000     -7.2900   6.2530707524960E+07
           112.7100     -7.2900   6.2530707740636E+07
           112.7200     -7.2900   6.2530707963646E+07
           112.7300     -7.2900   6.2530708194076E+07
           112.7400     -7.2900   6.2530708432139E+07
           112.7500     -7.2900   6.2530708678095E+07
           112.7600     -7.2900   6.2530708932153E+07
           112.7700     -7.2900   6.2530709194380E+07
           112.7800     -7.2900   6.2530709464630E+07
           112.7900     -7.2900   6.2530709742491E+07
           112.8000     -7.2900   6.2530710027278E+07
           112.8100     -7.2900   6.2530710318044E+07
           112.8200     -7.2900   6.2530710613632E+07
           112.8300     -7.2900   6.2530710912741E+07
           112.8400     -7.2900   6.2530711214001E+07
           112.8500     -7.2900   6.2530711516046E+07
           112.8600     -7.2900   6.2530711817569E+07
           112.8700     -7.2900   6.2530712117358E+07
           112.8800     -7.2900   6.2530712414299E+07
           112.8900     -7.2900   6.2530712707357E+07
           112.9000     -7.2900   6.2530712995529E+07
           112.9100     -7.2900   6.2530713277795E+07
           112.9200     -7.2900   6.2530713553063E+07
           112.9300     -7.2900   6.2530713820128E+07
           112.9400     -7.2900   6.2530714077668E+07
           112.9500     -7.2900   6.2530714324263E+07
           112.9600     -7.2900   6.2530714558464E+07
           112.9700     -7.2900   6.2530714778895E+07
           112.9800     -7.2900   6.2530714984385E+07
           112.9900     -7.2900   6.2530715174123E+07
           113.0000     -7.2900   6.2530715347804E+07
           112.0000     -7.3000   6.2530701815409E+07
           112.0100     -7.3000   6.2530702017702E+07
           112.0200     -7.3000   6.2530702215811E+07
           112.0300     -7.3000   6.2530702409582E+07
           112.0400     -7.3000   6.2530702599421E+07
           112.0500     -7.3000   6.2530702786166E+07
           112.0600     -7.3000   6.2530702970914E+07
           112.0700     -7.3000   6.2530703154819E+07
           112.0800     -7.3000   6.2530703338892E+07
           112.0900     -7.3000   6.2530703523822E+07
           112.1000     -7.3000   6.2530703709851E+07
           112.1100     -7.3000   6.2530703896714E+07
           112.1200     -7.3000   6.2530704083649E+07
           112.1300     -7.3000   6.2530704269477E+07
           112.1400     -7.3000   6.2530704452734E+07
           112.1500     -7.3000   6.2530704631849E+07
           112.1600     -7.3000   6.2530704805329E+07
           112.1700     -7.3000   6.2530704971934E+07
           112.1800     -7.3000   6.2530705130828E+07
           112.1900     -7.3000   6.2530705281663E+07
           112.2000     -7.3000   6.2530705424618E+07
           112.2100     -7.3000   6.2530705560363E+07
           112.2200     -7.3000   6.2530705689968E+07
           112.2300     -7.3000   6.2530705814770E+07
           112.2400     -7.3000   6.2530705936211E+07
           112.2500     -7.3000   6.2530706055675E+07
           112.2600     -7.3000   6.2530706174341E+07
           112.2700     -7.3000   6.2530706293077E+07
           112.2800     -7.3000   6.2530706412381E+07
           112.2900     -7.3000   6.2530706532377E+07
           112.3000     -7.3000   6.2530706652865E+07
           112.3100     -7.3000   6.2530706773423E+07
           112.3200     -7.3000   6.2530706893526E+07
           112.3300     -7.3000   6.2530707012684E+07
           112.3400     -7.3000   6.2530707130570E+07
           112.3500     -7.3000   6.2530707247107E+07
           112.3600     -7.3000   6.2530707362529E+07
           112.3700     -7.3000   6.2530707477372E+07
           112.3800     -7.3000   6.2530707592426E+07
           112.3900     -7.3000   6.2530707708632E+07
           112.4000     -7.3000   6.2530707826951E+07
           112.4100     -7.3000   6.2530707948217E+07
           112.4200     -7.3000   6.2530708072993E+07
           112.4300     -7.3000   6.2530708201465E+07
           112.4400     -7.3000   6.2530708333361E+07
           112.4500     -7.3000   6.2530708467947E+07
           112.4600     -7.3000   6.2530708604068E+07
           112.4700     -7.3000   6.2530708740249E+07
           112.4800     -7.3000   6.2530708874853E+07
           112.4900     -7.3000   6.2530709006254E+07
           112.5000     -7.3000   6.2530709133029E+07
           112.5100     -7.3000   6.2530709254133E+07
           112.5200     -7.3000   6.2530709369043E+07
           112.5300     -7.3000   6.2530709477840E+07
           112.5400     -7.3000   6.2530709581246E+07
           112.5500     -7.3000   6.2530709680576E+07
           112.5600     -7.3000   6.2530709777646E+07
           112.5700     -7.3000   6.2530709874615E+07
           112.5800     -7.3000   6.2530709973809E+07
           112.5900     -7.3000   6.2530710077525E+07
           112.6000     -7.3000   6.2530710187849E+07
           112.6100     -7.3000   6.2530710306505E+07
           112.6200     -7.3000   6.2530710434753E+07
           112.6300     -7.3000   6.2530710573336E+07
           112.6400     -7.3000   6.2530710722498E+07
           112.6500     -7.3000   6.2530710882041E+07
           112.6600     -7.3000   6.2530711051444E+07
           112.6700     -7.3000   6.2530711229988E+07
           112.6800     -7.3000   6.2530711416906E+07
           112.6900     -7.3000   6.2530711611512E+07
           112.7000     -7.3000   6.2530711813308E+07
           112.7100     -7.3000   6.2530712022045E+07
           112.7200     -7.3000   6.2530712237742E+07
           112.7300     -7.3000   6.2530712460660E+07
           112.7400     -7.3000   6.2530712691229E+07
           112.7500     -7.3000   6.2530712929951E+07
           112.7600     -7.3000   6.2530713177287E+07
           112.7700     -7.3000   6.2530713433544E+07
           112.7800     -7.3000   6.2530713698783E+07
           112.7900     -7.3000   6.2530713972747E+07
           112.8000     -7.3000   6.2530714254832E+07
           112.8100     -7.3000   6.2530714544098E+07
           112.8200     -7.3000   6.2530714839309E+07
           112.8300     -7.3000   6.2530715138999E+07
           112.8400     -7.3000   6.2530715441565E+07
           112.8500     -7.3000   6.2530715745348E+07
           112.8600     -7.3000   6.2530716048713E+07
           112.8700     -7.3000   6.2530716350105E+07
           112.8800     -7.3000   6.2530716648076E+07
           112.8900     -7.3000   6.2530716941294E+07
           112.9000     -7.3000   6.2530717228510E+07
           112.9100     -7.3000   6.2530717508527E+07
           112.9200     -7.3000   6.2530717780149E+07
           112.9300     -7.3000   6.2530718042151E+07
           112.9400     -7.3000   6.2530718293261E+07
           112.9500     -7.3000   6.2530718532176E+07
           112.9600     -7.3000   6.2530718757614E+07
           112.9700     -7.3000   6.2530718968403E+07
           112.9800     -7.3000   6.2530719163596E+07
           112.9900     -7.3000   6.2530719342607E+07
           113.0000     -7.3000   6.2530719505352E+07
           112.0000     -7.3100   6.2530706139960E+07
           112.0100     -7.3100   6.2530706347310E+07
           112.0200     -7.3100   6.2530706550485E+07
           112.0300     -7.3100   6.2530706748914E+07
           112.0400     -7.3100   6.2530706942589E+07
           112.0500     -7.3100   6.2530707131979E+07
           112.0600     -7.3100   6.2530707317886E+07
           112.0700     -7.3100   6.2530707501272E+07
           112.0800     -7.3100   6.2530707683069E+07
           112.0900     -7.3100   6.2530707864014E+07
           112.1000     -7.3100   6.2530708044514E+07
           112.1100     -7.3100   6.2530708224577E+07
           112.1200     -7.3100   6.2530708403791E+07
           112.1300     -7.3100   6.2530708581379E+07
           112.1400     -7.3100   6.2530708756301E+07
           112.1500     -7.3100   6.2530708927391E+07
           112.1600     -7.3100   6.2530709093523E+07
           112.1700     -7.3100   6.2530709253760E+07
           112.1800     -7.3100   6.2530709407482E+07
           112.1900     -7.3100   6.2530709554476E+07
           112.2000     -7.3100   6.2530709694965E+07
           112.2100     -7.3100   6.2530709829587E+07
           112.2200     -7.3100   6.2530709959320E+07
           112.2300     -7.3100   6.2530710085364E+07
           112.2400     -7.3100   6.2530710209004E+07
           112.2500     -7.3100   6.2530710331462E+07
           112.2600     -7.3100   6.2530710453772E+07
           112.2700     -7.3100   6.2530710576682E+07
           112.2800     -7.3100   6.2530710700600E+07
           112.2900     -7.3100   6.2530710825598E+07
           112.3000     -7.3100   6.2530710951453E+07
           112.3100     -7.3100   6.2530711077741E+07
           112.3200     -7.3100   6.2530711203946E+07
           112.3300     -7.3100   6.2530711329587E+07
           112.3400     -7.3100   6.2530711454331E+07
           112.3500     -7.3100   6.2530711578077E+07
           112.3600     -7.3100   6.2530711701002E+07
           112.3700     -7.3100   6.2530711823556E+07
           112.3800     -7.3100   6.2530711946411E+07
           112.3900     -7.3100   6.2530712070367E+07
           112.4000     -7.3100   6.2530712196224E+07
           112.4100     -7.3100   6.2530712324647E+07
           112.4200     -7.3100   6.2530712456034E+07
           112.4300     -7.3100   6.2530712590418E+07
           112.4400     -7.3100   6.2530712727399E+07
           112.4500     -7.3100   6.2530712866144E+07
           112.4600     -7.3100   6.2530713005435E+07
           112.4700     -7.3100   6.2530713143777E+07
           112.4800     -7.3100   6.2530713279548E+07
           112.4900     -7.3100   6.2530713411172E+07
           112.5000     -7.3100   6.2530713537311E+07
           112.5100     -7.3100   6.2530713657026E+07
           112.5200     -7.3100   6.2530713769917E+07
           112.5300     -7.3100   6.2530713876197E+07
           112.5400     -7.3100   6.2530713976717E+07
           112.5500     -7.3100   6.2530714072912E+07
           112.5600     -7.3100   6.2530714166699E+07
           112.5700     -7.3100   6.2530714260316E+07
           112.5800     -7.3100   6.2530714356137E+07
           112.5900     -7.3100   6.2530714456473E+07
           112.6000     -7.3100   6.2530714563393E+07
           112.6100     -7.3100   6.2530714678569E+07
           112.6200     -7.3100   6.2530714803180E+07
           112.6300     -7.3100   6.2530714937869E+07
           112.6400     -7.3100   6.2530715082763E+07
           112.6500     -7.3100   6.2530715237548E+07
           112.6600     -7.3100   6.2530715401591E+07
           112.6700     -7.3100   6.2530715574091E+07
           112.6800     -7.3100   6.2530715754226E+07
           112.6900     -7.3100   6.2530715941305E+07
           112.7000     -7.3100   6.2530716134870E+07
           112.7100     -7.3100   6.2530716334774E+07
           112.7200     -7.3100   6.2530716541191E+07
           112.7300     -7.3100   6.2530716754584E+07
           112.7400     -7.3100   6.2530716975626E+07
           112.7500     -7.3100   6.2530717205085E+07
           112.7600     -7.3100   6.2530717443693E+07
           112.7700     -7.3100   6.2530717692014E+07
           112.7800     -7.3100   6.2530717950332E+07
           112.7900     -7.3100   6.2530718218557E+07
           112.8000     -7.3100   6.2530718496188E+07
           112.8100     -7.3100   6.2530718782304E+07
           112.8200     -7.3100   6.2530719075605E+07
           112.8300     -7.3100   6.2530719374485E+07
           112.8400     -7.3100   6.2530719677121E+07
           112.8500     -7.3100   6.2530719981582E+07
           112.8600     -7.3100   6.2530720285917E+07
           112.8700     -7.3100   6.2530720588242E+07
           112.8800     -7.3100   6.2530720886788E+07
           112.8900     -7.3100   6.2530721179926E+07
           112.9000     -7.3100   6.2530721466162E+07
           112.9100     -7.3100   6.2530721744115E+07
           112.9200     -7.3100   6.2530722012477E+07
           112.9300     -7.3100   6.2530722269986E+07
           112.9400     -7.3100   6.2530722515401E+07
           112.9500     -7.3100   6.2530722747518E+07
           112.9600     -7.3100   6.2530722965201E+07
           112.9700     -7.3100   6.2530723167460E+07
           112.9800     -7.3100   6.2530723353554E+07
           112.9900     -7.3100   6.2530723523110E+07
           113.0000     -7.3100   6.2530723676251E+07
           112.0000     -7.3200   6.2530710468760E+07
           112.0100     -7.3200   6.2530710680321E+07
           112.0200     -7.3200   6.2530710887635E+07
           112.0300     -7.3200   6.2530711089728E+07
           112.0400     -7.3200   6.2530711286196E+07
           112.0500     -7.3200   6.2530711477153E+07
           112.0600     -7.3200   6.2530711663121E+07
           112.0700     -7.3200   6.2530711844877E+07
           112.0800     -7.3200   6.2530712023290E+07
           112.0900     -7.3200   6.2530712199154E+07
           112.1000     -7.3200   6.2530712373057E+07
           112.1100     -7.3200   6.2530712545293E+07
           112.1200     -7.3200   6.2530712715822E+07
           112.1300     -7.3200   6.2530712884291E+07
           112.1400     -7.3200   6.2530713050109E+07
           112.1500     -7.3200   6.2530713212549E+07
           112.1600     -7.3200   6.2530713370879E+07
           112.1700     -7.3200   6.2530713524494E+07
           112.1800     -7.3200   6.2530713673022E+07
           112.1900     -7.3200   6.2530713816404E+07
           112.2000     -7.3200   6.2530713954928E+07
           112.2100     -7.3200   6.2530714089211E+07
           112.2200     -7.3200   6.2530714220140E+07
           112.2300     -7.3200   6.2530714348775E+07
           112.2400     -7.3200   6.2530714476226E+07
           112.2500     -7.3200   6.2530714603533E+07
           112.2600     -7.3200   6.2530714731553E+07
           112.2700     -7.3200   6.2530714860878E+07
           112.2800     -7.3200   6.2530714991787E+07
           112.2900     -7.3200   6.2530715124254E+07
           112.3000     -7.3200   6.2530715257988E+07
           112.3100     -7.3200   6.2530715392514E+07
           112.3200     -7.3200   6.2530715527284E+07
           112.3300     -7.3200   6.2530715661782E+07
           112.3400     -7.3200   6.2530715795634E+07
           112.3500     -7.3200   6.2530715928679E+07
           112.3600     -7.3200   6.2530716061014E+07
           112.3700     -7.3200   6.2530716192986E+07
           112.3800     -7.3200   6.2530716325142E+07
           112.3900     -7.3200   6.2530716458137E+07
           112.4000     -7.3200   6.2530716592621E+07
           112.4100     -7.3200   6.2530716729108E+07
           112.4200     -7.3200   6.2530716867859E+07
           112.4300     -7.3200   6.2530717008785E+07
           112.4400     -7.3200   6.2530717151399E+07
           112.4500     -7.3200   6.2530717294810E+07
           112.4600     -7.3200   6.2530717437780E+07
           112.4700     -7.3200   6.2530717578831E+07
           112.4800     -7.3200   6.2530717716390E+07
           112.4900     -7.3200   6.2530717848961E+07
           112.5000     -7.3200   6.2530717975304E+07
           112.5100     -7.3200   6.2530718094592E+07
           112.5200     -7.3200   6.2530718206540E+07
           112.5300     -7.3200   6.2530718311473E+07
           112.5400     -7.3200   6.2530718410338E+07
           112.5500     -7.3200   6.2530718504652E+07
           112.5600     -7.3200   6.2530718596382E+07
           112.5700     -7.3200   6.2530718687794E+07
           112.5800     -7.3200   6.2530718781258E+07
           112.5900     -7.3200   6.2530718879050E+07
           112.6000     -7.3200   6.2530718983179E+07
           112.6100     -7.3200   6.2530719095233E+07
           112.6200     -7.3200   6.2530719216287E+07
           112.6300     -7.3200   6.2530719346872E+07
           112.6400     -7.3200   6.2530719487000E+07
           112.6500     -7.3200   6.2530719636252E+07
           112.6600     -7.3200   6.2530719793909E+07
           112.6700     -7.3200   6.2530719959112E+07
           112.6800     -7.3200   6.2530720131021E+07
           112.6900     -7.3200   6.2530720308970E+07
           112.7000     -7.3200   6.2530720492583E+07
           112.7100     -7.3200   6.2530720681843E+07
           112.7200     -7.3200   6.2530720877106E+07
           112.7300     -7.3200   6.2530721079060E+07
           112.7400     -7.3200   6.2530721288638E+07
           112.7500     -7.3200   6.2530721506884E+07
           112.7600     -7.3200   6.2530721734811E+07
           112.7700     -7.3200   6.2530721973247E+07
           112.7800     -7.3200   6.2530722222702E+07
           112.7900     -7.3200   6.2530722483265E+07
           112.8000     -7.3200   6.2530722754543E+07
           112.8100     -7.3200   6.2530723035653E+07
           112.8200     -7.3200   6.2530723325250E+07
           112.8300     -7.3200   6.2530723621607E+07
           112.8400     -7.3200   6.2530723922713E+07
           112.8500     -7.3200   6.2530724226390E+07
           112.8600     -7.3200   6.2530724530406E+07
           112.8700     -7.3200   6.2530724832576E+07
           112.8800     -7.3200   6.2530725130834E+07
           112.8900     -7.3200   6.2530725423281E+07
           112.9000     -7.3200   6.2530725708193E+07
           112.9100     -7.3200   6.2530725984015E+07
           112.9200     -7.3200   6.2530726249328E+07
           112.9300     -7.3200   6.2530726502827E+07
           112.9400     -7.3200   6.2530726743294E+07
           112.9500     -7.3200   6.2530726969601E+07
           112.9600     -7.3200   6.2530727180736E+07
           112.9700     -7.3200   6.2530727375868E+07
           112.9800     -7.3200   6.2530727554432E+07
           112.9900     -7.3200   6.2530727716240E+07
           113.0000     -7.3200   6.2530727861595E+07
           112.0000     -7.3300   6.2530714801545E+07
           112.0100     -7.3300   6.2530715015991E+07
           112.0200     -7.3300   6.2530715226070E+07
           112.0300     -7.3300   6.2530715430439E+07
           112.0400     -7.3300   6.2530715628333E+07
           112.0500     -7.3300   6.2530715819542E+07
           112.0600     -7.3300   6.2530716004332E+07
           112.0700     -7.3300   6.2530716183321E+07
           112.0800     -7.3300   6.2530716357328E+07
           112.0900     -7.3300   6.2530716527218E+07
           112.1000     -7.3300   6.2530716693766E+07
           112.1100     -7.3300   6.2530716857558E+07
           112.1200     -7.3300   6.2530717018928E+07
           112.1300     -7.3300   6.2530717177954E+07
           112.1400     -7.3300   6.2530717334496E+07
           112.1500     -7.3300   6.2530717488271E+07
           112.1600     -7.3300   6.2530717638952E+07
           112.1700     -7.3300   6.2530717786268E+07
           112.1800     -7.3300   6.2530717930102E+07
           112.1900     -7.3300   6.2530718070559E+07
           112.2000     -7.3300   6.2530718207993E+07
           112.2100     -7.3300   6.2530718343003E+07
           112.2200     -7.3300   6.2530718476383E+07
           112.2300     -7.3300   6.2530718609044E+07
           112.2400     -7.3300   6.2530718741912E+07
           112.2500     -7.3300   6.2530718875829E+07
           112.2600     -7.3300   6.2530719011454E+07
           112.2700     -7.3300   6.2530719149196E+07
           112.2800     -7.3300   6.2530719289178E+07
           112.2900     -7.3300   6.2530719431245E+07
           112.3000     -7.3300   6.2530719575001E+07
           112.3100     -7.3300   6.2530719719892E+07
           112.3200     -7.3300   6.2530719865298E+07
           112.3300     -7.3300   6.2530720010640E+07
           112.3400     -7.3300   6.2530720155469E+07
           112.3500     -7.3300   6.2530720299544E+07
           112.3600     -7.3300   6.2530720442861E+07
           112.3700     -7.3300   6.2530720585650E+07
           112.3800     -7.3300   6.2530720728326E+07
           112.3900     -7.3300   6.2530720871408E+07
           112.4000     -7.3300   6.2530721015404E+07
           112.4100     -7.3300   6.2530721160699E+07
           112.4200     -7.3300   6.2530721307443E+07
           112.4300     -7.3300   6.2530721455463E+07
           112.4400     -7.3300   6.2530721604218E+07
           112.4500     -7.3300   6.2530721752802E+07
           112.4600     -7.3300   6.2530721899997E+07
           112.4700     -7.3300   6.2530722044379E+07
           112.4800     -7.3300   6.2530722184453E+07
           112.4900     -7.3300   6.2530722318824E+07
           112.5000     -7.3300   6.2530722446360E+07
           112.5100     -7.3300   6.2530722566344E+07
           112.5200     -7.3300   6.2530722678591E+07
           112.5300     -7.3300   6.2530722783510E+07
           112.5400     -7.3300   6.2530722882107E+07
           112.5500     -7.3300   6.2530722975931E+07
           112.5600     -7.3300   6.2530723066953E+07
           112.5700     -7.3300   6.2530723157408E+07
           112.5800     -7.3300   6.2530723249611E+07
           112.5900     -7.3300   6.2530723345758E+07
           112.6000     -7.3300   6.2530723447756E+07
           112.6100     -7.3300   6.2530723557082E+07
           112.6200     -7.3300   6.2530723674694E+07
           112.6300     -7.3300   6.2530723801005E+07
           112.6400     -7.3300   6.2530723935923E+07
           112.6500     -7.3300   6.2530724078945E+07
           112.6600     -7.3300   6.2530724229294E+07
           112.6700     -7.3300   6.2530724386087E+07
           112.6800     -7.3300   6.2530724548503E+07
           112.6900     -7.3300   6.2530724715940E+07
           112.7000     -7.3300   6.2530724888132E+07
           112.7100     -7.3300   6.2530725065221E+07
           112.7200     -7.3300   6.2530725247763E+07
           112.7300     -7.3300   6.2530725436685E+07
           112.7400     -7.3300   6.2530725633182E+07
           112.7500     -7.3300   6.2530725838576E+07
           112.7600     -7.3300   6.2530726054152E+07
           112.7700     -7.3300   6.2530726280995E+07
           112.7800     -7.3300   6.2530726519837E+07
           112.7900     -7.3300   6.2530726770940E+07
           112.8000     -7.3300   6.2530727034026E+07
           112.8100     -7.3300   6.2530727308254E+07
           112.8200     -7.3300   6.2530727592256E+07
           112.8300     -7.3300   6.2530727884211E+07
           112.8400     -7.3300   6.2530728181950E+07
           112.8500     -7.3300   6.2530728483091E+07
           112.8600     -7.3300   6.2530728785164E+07
           112.8700     -7.3300   6.2530729085729E+07
           112.8800     -7.3300   6.2530729382468E+07
           112.8900     -7.3300   6.2530729673249E+07
           112.9000     -7.3300   6.2530729956155E+07
           112.9100     -7.3300   6.2530730229481E+07
           112.9200     -7.3300   6.2530730491717E+07
           112.9300     -7.3300   6.2530730741520E+07
           112.9400     -7.3300   6.2530730977689E+07
           112.9500     -7.3300   6.2530731199160E+07
           112.9600     -7.3300   6.2530731405026E+07
           112.9700     -7.3300   6.2530731594581E+07
           112.9800     -7.3300   6.2530731767403E+07
           112.9900     -7.3300   6.2530731923450E+07
           113.0000     -7.3300   6.2530732063166E+07
           112.0000     -7.3400   6.2530719137616E+07
           112.0100     -7.3400   6.2530719353205E+07
           112.0200     -7.3400   6.2530719564296E+07
           112.0300     -7.3400   6.2530719769233E+07
           112.0400     -7.3400   6.2530719966939E+07
           112.0500     -7.3400   6.2530720156927E+07
           112.0600     -7.3400   6.2530720339247E+07
           112.0700     -7.3400   6.2530720514385E+07
           112.0800     -7.3400   6.2530720683131E+07
           112.0900     -7.3400   6.2530720846428E+07
           112.1000     -7.3400   6.2530721005241E+07
           112.1100     -7.3400   6.2530721160438E+07
           112.1200     -7.3400   6.2530721312718E+07
           112.1300     -7.3400   6.2530721462570E+07
           112.1400     -7.3400   6.2530721610290E+07
           112.1500     -7.3400   6.2530721756018E+07
           112.1600     -7.3400   6.2530721899810E+07
           112.1700     -7.3400   6.2530722041719E+07
           112.1800     -7.3400   6.2530722181869E+07
           112.1900     -7.3400   6.2530722320513E+07
           112.2000     -7.3400   6.2530722458064E+07
           112.2100     -7.3400   6.2530722595093E+07
           112.2200     -7.3400   6.2530722732296E+07
           112.2300     -7.3400   6.2530722870428E+07
           112.2400     -7.3400   6.2530723010226E+07
           112.2500     -7.3400   6.2530723152321E+07
           112.2600     -7.3400   6.2530723297168E+07
           112.2700     -7.3400   6.2530723444980E+07
           112.2800     -7.3400   6.2530723595711E+07
           112.2900     -7.3400   6.2530723749059E+07
           112.3000     -7.3400   6.2530723904508E+07
           112.3100     -7.3400   6.2530724061401E+07
           112.3200     -7.3400   6.2530724219030E+07
           112.3300     -7.3400   6.2530724376727E+07
           112.3400     -7.3400   6.2530724533955E+07
           112.3500     -7.3400   6.2530724690371E+07
           112.3600     -7.3400   6.2530724845859E+07
           112.3700     -7.3400   6.2530725000525E+07
           112.3800     -7.3400   6.2530725154650E+07
           112.3900     -7.3400   6.2530725308618E+07
           112.4000     -7.3400   6.2530725462811E+07
           112.4100     -7.3400   6.2530725617505E+07
           112.4200     -7.3400   6.2530725772762E+07
           112.4300     -7.3400   6.2530725928356E+07
           112.4400     -7.3400   6.2530726083730E+07
           112.4500     -7.3400   6.2530726237999E+07
           112.4600     -7.3400   6.2530726389998E+07
           112.4700     -7.3400   6.2530726538386E+07
           112.4800     -7.3400   6.2530726681773E+07
           112.4900     -7.3400   6.2530726818877E+07
           112.5000     -7.3400   6.2530726948679E+07
           112.5100     -7.3400   6.2530727070564E+07
           112.5200     -7.3400   6.2530727184427E+07
           112.5300     -7.3400   6.2530727290727E+07
           112.5400     -7.3400   6.2530727390492E+07
           112.5500     -7.3400   6.2530727485252E+07
           112.5600     -7.3400   6.2530727576929E+07
           112.5700     -7.3400   6.2530727667678E+07
           112.5800     -7.3400   6.2530727759709E+07
           112.5900     -7.3400   6.2530727855097E+07
           112.6000     -7.3400   6.2530727955616E+07
           112.6100     -7.3400   6.2530728062612E+07
           112.6200     -7.3400   6.2530728176917E+07
           112.6300     -7.3400   6.2530728298836E+07
           112.6400     -7.3400   6.2530728428193E+07
           112.6500     -7.3400   6.2530728564425E+07
           112.6600     -7.3400   6.2530728706734E+07
           112.6700     -7.3400   6.2530728854252E+07
           112.6800     -7.3400   6.2530729006215E+07
           112.6900     -7.3400   6.2530729162118E+07
           112.7000     -7.3400   6.2530729321835E+07
           112.7100     -7.3400   6.2530729485685E+07
           112.7200     -7.3400   6.2530729654434E+07
           112.7300     -7.3400   6.2530729829247E+07
           112.7400     -7.3400   6.2530730011571E+07
           112.7500     -7.3400   6.2530730202987E+07
           112.7600     -7.3400   6.2530730405033E+07
           112.7700     -7.3400   6.2530730619028E+07
           112.7800     -7.3400   6.2530730845904E+07
           112.7900     -7.3400   6.2530731086080E+07
           112.8000     -7.3400   6.2530731339386E+07
           112.8100     -7.3400   6.2530731605029E+07
           112.8200     -7.3400   6.2530731881630E+07
           112.8300     -7.3400   6.2530732167300E+07
           112.8400     -7.3400   6.2530732459753E+07
           112.8500     -7.3400   6.2530732756450E+07
           112.8600     -7.3400   6.2530733054735E+07
           112.8700     -7.3400   6.2530733351973E+07
           112.8800     -7.3400   6.2530733645654E+07
           112.8900     -7.3400   6.2530733933471E+07
           112.9000     -7.3400   6.2530734213363E+07
           112.9100     -7.3400   6.2530734483518E+07
           112.9200     -7.3400   6.2530734742366E+07
           112.9300     -7.3400   6.2530734988546E+07
           112.9400     -7.3400   6.2530735220881E+07
           112.9500     -7.3400   6.2530735438364E+07
           112.9600     -7.3400   6.2530735640171E+07
           112.9700     -7.3400   6.2530735825695E+07
           112.9800     -7.3400   6.2530735994618E+07
           112.9900     -7.3400   6.2530736146998E+07
           113.0000     -7.3400   6.2530736283371E+07
           112.0000     -7.3500   6.2530723475903E+07
           112.0100     -7.3500   6.2530723690577E+07
           112.0200     -7.3500   6.2530723900657E+07
           112.0300     -7.3500   6.2530724104240E+07
           112.0400     -7.3500   6.2530724300004E+07
           112.0500     -7.3500   6.2530724487241E+07
           112.0600     -7.3500   6.2530724665835E+07
           112.0700     -7.3500   6.2530724836173E+07
           112.0800     -7.3500   6.2530724999033E+07
           112.0900     -7.3500   6.2530725155448E+07
           112.1000     -7.3500   6.2530725306560E+07
           112.1100     -7.3500   6.2530725453505E+07
           112.1200     -7.3500   6.2530725597312E+07
           112.1300     -7.3500   6.2530725738849E+07
           112.1400     -7.3500   6.2530725878806E+07
           112.1500     -7.3500   6.2530726017703E+07
           112.1600     -7.3500   6.2530726155942E+07
           112.1700     -7.3500   6.2530726293858E+07
           112.1800     -7.3500   6.2530726431781E+07
           112.1900     -7.3500   6.2530726570087E+07
           112.2000     -7.3500   6.2530726709226E+07
           112.2100     -7.3500   6.2530726849725E+07
           112.2200     -7.3500   6.2530726992170E+07
           112.2300     -7.3500   6.2530727137154E+07
           112.2400     -7.3500   6.2530727285221E+07
           112.2500     -7.3500   6.2530727436799E+07
           112.2600     -7.3500   6.2530727592133E+07
           112.2700     -7.3500   6.2530727751250E+07
           112.2800     -7.3500   6.2530727913931E+07
           112.2900     -7.3500   6.2530728079731E+07
           112.3000     -7.3500   6.2530728248010E+07
           112.3100     -7.3500   6.2530728418008E+07
           112.3200     -7.3500   6.2530728588917E+07
           112.3300     -7.3500   6.2530728759978E+07
           112.3400     -7.3500   6.2530728930555E+07
           112.3500     -7.3500   6.2530729100197E+07
           112.3600     -7.3500   6.2530729268666E+07
           112.3700     -7.3500   6.2530729435939E+07
           112.3800     -7.3500   6.2530729602166E+07
           112.3900     -7.3500   6.2530729767599E+07
           112.4000     -7.3500   6.2530729932506E+07
           112.4100     -7.3500   6.2530730097064E+07
           112.4200     -7.3500   6.2530730261274E+07
           112.4300     -7.3500   6.2530730424881E+07
           112.4400     -7.3500   6.2530730587338E+07
           112.4500     -7.3500   6.2530730747809E+07
           112.4600     -7.3500   6.2530730905212E+07
           112.4700     -7.3500   6.2530731058312E+07
           112.4800     -7.3500   6.2530731205839E+07
           112.4900     -7.3500   6.2530731346633E+07
           112.5000     -7.3500   6.2530731479786E+07
           112.5100     -7.3500   6.2530731604772E+07
           112.5200     -7.3500   6.2530731721541E+07
           112.5300     -7.3500   6.2530731830573E+07
           112.5400     -7.3500   6.2530731932873E+07
           112.5500     -7.3500   6.2530732029908E+07
           112.5600     -7.3500   6.2530732123505E+07
           112.5700     -7.3500   6.2530732215692E+07
           112.5800     -7.3500   6.2530732308534E+07
           112.5900     -7.3500   6.2530732403950E+07
           112.6000     -7.3500   6.2530732503564E+07
           112.6100     -7.3500   6.2530732608579E+07
           112.6200     -7.3500   6.2530732719707E+07
           112.6300     -7.3500   6.2530732837163E+07
           112.6400     -7.3500   6.2530732960710E+07
           112.6500     -7.3500   6.2530733089764E+07
           112.6600     -7.3500   6.2530733223545E+07
           112.6700     -7.3500   6.2530733361241E+07
           112.6800     -7.3500   6.2530733502182E+07
           112.6900     -7.3500   6.2530733645994E+07
           112.7000     -7.3500   6.2530733792711E+07
           112.7100     -7.3500   6.2530733942837E+07
           112.7200     -7.3500   6.2530734097349E+07
           112.7300     -7.3500   6.2530734257633E+07
           112.7400     -7.3500   6.2530734425362E+07
           112.7500     -7.3500   6.2530734602345E+07
           112.7600     -7.3500   6.2530734790334E+07
           112.7700     -7.3500   6.2530734990840E+07
           112.7800     -7.3500   6.2530735204960E+07
           112.7900     -7.3500   6.2530735433245E+07
           112.8000     -7.3500   6.2530735675609E+07
           112.8100     -7.3500   6.2530735931305E+07
           112.8200     -7.3500   6.2530736198953E+07
           112.8300     -7.3500   6.2530736476618E+07
           112.8400     -7.3500   6.2530736761940E+07
           112.8500     -7.3500   6.2530737052270E+07
           112.8600     -7.3500   6.2530737344833E+07
           112.8700     -7.3500   6.2530737636866E+07
           112.8800     -7.3500   6.2530737925736E+07
           112.8900     -7.3500   6.2530738209035E+07
           112.9000     -7.3500   6.2530738484621E+07
           112.9100     -7.3500   6.2530738750634E+07
           112.9200     -7.3500   6.2530739005487E+07
           112.9300     -7.3500   6.2530739247834E+07
           112.9400     -7.3500   6.2530739476539E+07
           112.9500     -7.3500   6.2530739690654E+07
           112.9600     -7.3500   6.2530739889425E+07
           112.9700     -7.3500   6.2530740072318E+07
           112.9800     -7.3500   6.2530740239077E+07
           112.9900     -7.3500   6.2530740389813E+07
           113.0000     -7.3500   6.2530740525096E+07
           112.0000     -7.3600   6.2530727815069E+07
           112.0100     -7.3600   6.2530728026591E+07
           112.0200     -7.3600   6.2530728233500E+07
           112.0300     -7.3600   6.2530728433724E+07
           112.0400     -7.3600   6.2530728625771E+07
           112.0500     -7.3600   6.2530728808780E+07
           112.0600     -7.3600   6.2530728982516E+07
           112.0700     -7.3600   6.2530729147309E+07
           112.0800     -7.3600   6.2530729303947E+07
           112.0900     -7.3600   6.2530729453547E+07
           112.1000     -7.3600   6.2530729597418E+07
           112.1100     -7.3600   6.2530729736928E+07
           112.1200     -7.3600   6.2530729873398E+07
           112.1300     -7.3600   6.2530730008019E+07
           112.1400     -7.3600   6.2530730141813E+07
           112.1500     -7.3600   6.2530730275623E+07
           112.1600     -7.3600   6.2530730410133E+07
           112.1700     -7.3600   6.2530730545904E+07
           112.1800     -7.3600   6.2530730683425E+07
           112.1900     -7.3600   6.2530730823150E+07
           112.2000     -7.3600   6.2530730965531E+07
           112.2100     -7.3600   6.2530731111032E+07
           112.2200     -7.3600   6.2530731260114E+07
           112.2300     -7.3600   6.2530731413207E+07
           112.2400     -7.3600   6.2530731570666E+07
           112.2500     -7.3600   6.2530731732720E+07
           112.2600     -7.3600   6.2530731899426E+07
           112.2700     -7.3600   6.2530732070636E+07
           112.2800     -7.3600   6.2530732245981E+07
           112.2900     -7.3600   6.2530732424886E+07
           112.3000     -7.3600   6.2530732606605E+07
           112.3100     -7.3600   6.2530732790283E+07
           112.3200     -7.3600   6.2530732975026E+07
           112.3300     -7.3600   6.2530733159984E+07
           112.3400     -7.3600   6.2530733344426E+07
           112.3500     -7.3600   6.2530733527789E+07
           112.3600     -7.3600   6.2530733709716E+07
           112.3700     -7.3600   6.2530733890052E+07
           112.3800     -7.3600   6.2530734068814E+07
           112.3900     -7.3600   6.2530734246126E+07
           112.4000     -7.3600   6.2530734422144E+07
           112.4100     -7.3600   6.2530734596962E+07
           112.4200     -7.3600   6.2530734770528E+07
           112.4300     -7.3600   6.2530734942576E+07
           112.4400     -7.3600   6.2530735112589E+07
           112.4500     -7.3600   6.2530735279798E+07
           112.4600     -7.3600   6.2530735443222E+07
           112.4700     -7.3600   6.2530735601745E+07
           112.4800     -7.3600   6.2530735754228E+07
           112.4900     -7.3600   6.2530735899634E+07
           112.5000     -7.3600   6.2530736037159E+07
           112.5100     -7.3600   6.2530736166350E+07
           112.5200     -7.3600   6.2530736287192E+07
           112.5300     -7.3600   6.2530736400149E+07
           112.5400     -7.3600   6.2530736506169E+07
           112.5500     -7.3600   6.2530736606619E+07
           112.5600     -7.3600   6.2530736703186E+07
           112.5700     -7.3600   6.2530736797738E+07
           112.5800     -7.3600   6.2530736892164E+07
           112.5900     -7.3600   6.2530736988210E+07
           112.6000     -7.3600   6.2530737087338E+07
           112.6100     -7.3600   6.2530737190613E+07
           112.6200     -7.3600   6.2530737298643E+07
           112.6300     -7.3600   6.2530737411577E+07
           112.6400     -7.3600   6.2530737529155E+07
           112.6500     -7.3600   6.2530737650815E+07
           112.6600     -7.3600   6.2530737775836E+07
           112.6700     -7.3600   6.2530737903506E+07
           112.6800     -7.3600   6.2530738033284E+07
           112.6900     -7.3600   6.2530738164953E+07
           112.7000     -7.3600   6.2530738298720E+07
           112.7100     -7.3600   6.2530738435278E+07
           112.7200     -7.3600   6.2530738575798E+07
           112.7300     -7.3600   6.2530738721856E+07
           112.7400     -7.3600   6.2530738875315E+07
           112.7500     -7.3600   6.2530739038159E+07
           112.7600     -7.3600   6.2530739212300E+07
           112.7700     -7.3600   6.2530739399388E+07
           112.7800     -7.3600   6.2530739600635E+07
           112.7900     -7.3600   6.2530739816678E+07
           112.8000     -7.3600   6.2530740047489E+07
           112.8100     -7.3600   6.2530740292350E+07
           112.8200     -7.3600   6.2530740549882E+07
           112.8300     -7.3600   6.2530740818129E+07
           112.8400     -7.3600   6.2530741094689E+07
           112.8500     -7.3600   6.2530741376861E+07
           112.8600     -7.3600   6.2530741661813E+07
           112.8700     -7.3600   6.2530741946728E+07
           112.8800     -7.3600   6.2530742228935E+07
           112.8900     -7.3600   6.2530742505998E+07
           112.9000     -7.3600   6.2530742775772E+07
           112.9100     -7.3600   6.2530743036419E+07
           112.9200     -7.3600   6.2530743286392E+07
           112.9300     -7.3600   6.2530743524402E+07
           112.9400     -7.3600   6.2530743749381E+07
           112.9500     -7.3600   6.2530743960453E+07
           112.9600     -7.3600   6.2530744156926E+07
           112.9700     -7.3600   6.2530744338316E+07
           112.9800     -7.3600   6.2530744504396E+07
           112.9900     -7.3600   6.2530744655280E+07
           113.0000     -7.3600   6.2530744791513E+07
           112.0000     -7.3700   6.2530732153628E+07
           112.0100     -7.3700   6.2530732359740E+07
           112.0200     -7.3700   6.2530732561334E+07
           112.0300     -7.3700   6.2530732756254E+07
           112.0400     -7.3700   6.2530732942917E+07
           112.0500     -7.3700   6.2530733120377E+07
           112.0600     -7.3700   6.2530733288340E+07
           112.0700     -7.3700   6.2530733447109E+07
           112.0800     -7.3700   6.2530733597501E+07
           112.0900     -7.3700   6.2530733740717E+07
           112.1000     -7.3700   6.2530733878208E+07
           112.1100     -7.3700   6.2530734011534E+07
           112.1200     -7.3700   6.2530734142250E+07
           112.1300     -7.3700   6.2530734271805E+07
           112.1400     -7.3700   6.2530734401481E+07
           112.1500     -7.3700   6.2530734532366E+07
           112.1600     -7.3700   6.2530734665349E+07
           112.1700     -7.3700   6.2530734801149E+07
           112.1800     -7.3700   6.2530734940347E+07
           112.1900     -7.3700   6.2530735083427E+07
           112.2000     -7.3700   6.2530735230805E+07
           112.2100     -7.3700   6.2530735382852E+07
           112.2200     -7.3700   6.2530735539892E+07
           112.2300     -7.3700   6.2530735702189E+07
           112.2400     -7.3700   6.2530735869920E+07
           112.2500     -7.3700   6.2530736043135E+07
           112.2600     -7.3700   6.2530736221727E+07
           112.2700     -7.3700   6.2530736405403E+07
           112.2800     -7.3700   6.2530736593677E+07
           112.2900     -7.3700   6.2530736785877E+07
           112.3000     -7.3700   6.2530736981179E+07
           112.3100     -7.3700   6.2530737178659E+07
           112.3200     -7.3700   6.2530737377358E+07
           112.3300     -7.3700   6.2530737576354E+07
           112.3400     -7.3700   6.2530737774826E+07
           112.3500     -7.3700   6.2530737972110E+07
           112.3600     -7.3700   6.2530738167728E+07
           112.3700     -7.3700   6.2530738361394E+07
           112.3800     -7.3700   6.2530738552989E+07
           112.3900     -7.3700   6.2530738742509E+07
           112.4000     -7.3700   6.2530738929996E+07
           112.4100     -7.3700   6.2530739115461E+07
           112.4200     -7.3700   6.2530739298804E+07
           112.4300     -7.3700   6.2530739479755E+07
           112.4400     -7.3700   6.2530739657833E+07
           112.4500     -7.3700   6.2530739832347E+07
           112.4600     -7.3700   6.2530740002421E+07
           112.4700     -7.3700   6.2530740167067E+07
           112.4800     -7.3700   6.2530740325275E+07
           112.4900     -7.3700   6.2530740476130E+07
           112.5000     -7.3700   6.2530740618920E+07
           112.5100     -7.3700   6.2530740753250E+07
           112.5200     -7.3700   6.2530740879113E+07
           112.5300     -7.3700   6.2530740996938E+07
           112.5400     -7.3700   6.2530741107581E+07
           112.5500     -7.3700   6.2530741212278E+07
           112.5600     -7.3700   6.2530741312550E+07
           112.5700     -7.3700   6.2530741410080E+07
           112.5800     -7.3700   6.2530741506565E+07
           112.5900     -7.3700   6.2530741603572E+07
           112.6000     -7.3700   6.2530741702403E+07
           112.6100     -7.3700   6.2530741804003E+07
           112.6200     -7.3700   6.2530741908903E+07
           112.6300     -7.3700   6.2530742017223E+07
           112.6400     -7.3700   6.2530742128723E+07
           112.6500     -7.3700   6.2530742242907E+07
           112.6600     -7.3700   6.2530742359163E+07
           112.6700     -7.3700   6.2530742476916E+07
           112.6800     -7.3700   6.2530742595790E+07
           112.6900     -7.3700   6.2530742715743E+07
           112.7000     -7.3700   6.2530742837165E+07
           112.7100     -7.3700   6.2530742960926E+07
           112.7200     -7.3700   6.2530743088361E+07
           112.7300     -7.3700   6.2530743221202E+07
           112.7400     -7.3700   6.2530743361445E+07
           112.7500     -7.3700   6.2530743511185E+07
           112.7600     -7.3700   6.2530743672427E+07
           112.7700     -7.3700   6.2530743846892E+07
           112.7800     -7.3700   6.2530744035842E+07
           112.7900     -7.3700   6.2530744239949E+07
           112.8000     -7.3700   6.2530744459202E+07
           112.8100     -7.3700   6.2530744692889E+07
           112.8200     -7.3700   6.2530744939625E+07
           112.8300     -7.3700   6.2530745197450E+07
           112.8400     -7.3700   6.2530745463950E+07
           112.8500     -7.3700   6.2530745736426E+07
           112.8600     -7.3700   6.2530746012051E+07
           112.8700     -7.3700   6.2530746288032E+07
           112.8800     -7.3700   6.2530746561737E+07
           112.8900     -7.3700   6.2530746830792E+07
           112.9000     -7.3700   6.2530747093130E+07
           112.9100     -7.3700   6.2530747347009E+07
           112.9200     -7.3700   6.2530747590985E+07
           112.9300     -7.3700   6.2530747823881E+07
           112.9400     -7.3700   6.2530748044733E+07
           112.9500     -7.3700   6.2530748252755E+07
           112.9600     -7.3700   6.2530748447322E+07
           112.9700     -7.3700   6.2530748627983E+07
           112.9800     -7.3700   6.2530748794511E+07
           112.9900     -7.3700   6.2530748946975E+07
           113.0000     -7.3700   6.2530749085841E+07
           112.0000     -7.3800   6.2530736490094E+07
           112.0100     -7.3800   6.2530736688683E+07
           112.0200     -7.3800   6.2530736882990E+07
           112.0300     -7.3800   6.2530737070861E+07
           112.0400     -7.3800   6.2530737250703E+07
           112.0500     -7.3800   6.2530737421554E+07
           112.0600     -7.3800   6.2530737583110E+07
           112.0700     -7.3800   6.2530737735686E+07
           112.0800     -7.3800   6.2530737880139E+07
           112.0900     -7.3800   6.2530738017745E+07
           112.1000     -7.3800   6.2530738150068E+07
           112.1100     -7.3800   6.2530738278816E+07
           112.1200     -7.3800   6.2530738405714E+07
           112.1300     -7.3800   6.2530738532391E+07
           112.1400     -7.3800   6.2530738660310E+07
           112.1500     -7.3800   6.2530738790713E+07
           112.1600     -7.3800   6.2530738924616E+07
           112.1700     -7.3800   6.2530739062814E+07
           112.1800     -7.3800   6.2530739205914E+07
           112.1900     -7.3800   6.2530739354369E+07
           112.2000     -7.3800   6.2530739508516E+07
           112.2100     -7.3800   6.2530739668606E+07
           112.2200     -7.3800   6.2530739834814E+07
           112.2300     -7.3800   6.2530740007240E+07
           112.2400     -7.3800   6.2530740185897E+07
           112.2500     -7.3800   6.2530740370684E+07
           112.2600     -7.3800   6.2530740561364E+07
           112.2700     -7.3800   6.2530740757542E+07
           112.2800     -7.3800   6.2530740958655E+07
           112.2900     -7.3800   6.2530741163980E+07
           112.3000     -7.3800   6.2530741372657E+07
           112.3100     -7.3800   6.2530741583731E+07
           112.3200     -7.3800   6.2530741796207E+07
           112.3300     -7.3800   6.2530742009114E+07
           112.3400     -7.3800   6.2530742221562E+07
           112.3500     -7.3800   6.2530742432793E+07
           112.3600     -7.3800   6.2530742642212E+07
           112.3700     -7.3800   6.2530742849401E+07
           112.3800     -7.3800   6.2530743054099E+07
           112.3900     -7.3800   6.2530743256165E+07
           112.4000     -7.3800   6.2530743455522E+07
           112.4100     -7.3800   6.2530743652088E+07
           112.4200     -7.3800   6.2530743845710E+07
           112.4300     -7.3800   6.2530744036105E+07
           112.4400     -7.3800   6.2530744222829E+07
           112.4500     -7.3800   6.2530744405261E+07
           112.4600     -7.3800   6.2530744582632E+07
           112.4700     -7.3800   6.2530744754076E+07
           112.4800     -7.3800   6.2530744918707E+07
           112.4900     -7.3800   6.2530745075721E+07
           112.5000     -7.3800   6.2530745224490E+07
           112.5100     -7.3800   6.2530745364659E+07
           112.5200     -7.3800   6.2530745496215E+07
           112.5300     -7.3800   6.2530745619525E+07
           112.5400     -7.3800   6.2530745735335E+07
           112.5500     -7.3800   6.2530745844729E+07
           112.5600     -7.3800   6.2530745949049E+07
           112.5700     -7.3800   6.2530746049781E+07
           112.5800     -7.3800   6.2530746148429E+07
           112.5900     -7.3800   6.2530746246386E+07
           112.6000     -7.3800   6.2530746344816E+07
           112.6100     -7.3800   6.2530746444571E+07
           112.6200     -7.3800   6.2530746546140E+07
           112.6300     -7.3800   6.2530746649658E+07
           112.6400     -7.3800   6.2530746754955E+07
           112.6500     -7.3800   6.2530746861652E+07
           112.6600     -7.3800   6.2530746969289E+07
           112.6700     -7.3800   6.2530747077472E+07
           112.6800     -7.3800   6.2530747186016E+07
           112.6900     -7.3800   6.2530747295069E+07
           112.7000     -7.3800   6.2530747405201E+07
           112.7100     -7.3800   6.2530747517442E+07
           112.7200     -7.3800   6.2530747633259E+07
           112.7300     -7.3800   6.2530747754484E+07
           112.7400     -7.3800   6.2530747883184E+07
           112.7500     -7.3800   6.2530748021493E+07
           112.7600     -7.3800   6.2530748171431E+07
           112.7700     -7.3800   6.2530748334712E+07
           112.7800     -7.3800   6.2530748512579E+07
           112.7900     -7.3800   6.2530748705673E+07
           112.8000     -7.3800   6.2530748913953E+07
           112.8100     -7.3800   6.2530749136680E+07
           112.8200     -7.3800   6.2530749372455E+07
           112.8300     -7.3800   6.2530749619314E+07
           112.8400     -7.3800   6.2530749874867E+07
           112.8500     -7.3800   6.2530750136453E+07
           112.8600     -7.3800   6.2530750401315E+07
           112.8700     -7.3800   6.2530750666753E+07
           112.8800     -7.3800   6.2530750930256E+07
           112.8900     -7.3800   6.2530751189592E+07
           112.9000     -7.3800   6.2530751442856E+07
           112.9100     -7.3800   6.2530751688476E+07
           112.9200     -7.3800   6.2530751925186E+07
           112.9300     -7.3800   6.2530752151974E+07
           112.9400     -7.3800   6.2530752368024E+07
           112.9500     -7.3800   6.2530752572666E+07
           112.9600     -7.3800   6.2530752765354E+07
           112.9700     -7.3800   6.2530752945663E+07
           112.9800     -7.3800   6.2530753113340E+07
           112.9900     -7.3800   6.2530753268375E+07
           113.0000     -7.3800   6.2530753411100E+07
           112.0000     -7.3900   6.2530740823137E+07
           112.0100     -7.3900   6.2530741012389E+07
           112.0200     -7.3900   6.2530741197754E+07
           112.0300     -7.3900   6.2530741377165E+07
           112.0400     -7.3900   6.2530741549088E+07
           112.0500     -7.3900   6.2530741712610E+07
           112.0600     -7.3900   6.2530741867465E+07
           112.0700     -7.3900   6.2530742014010E+07
           112.0800     -7.3900   6.2530742153148E+07
           112.0900     -7.3900   6.2530742286221E+07
           112.1000     -7.3900   6.2530742414874E+07
           112.1100     -7.3900   6.2530742540910E+07
           112.1200     -7.3900   6.2530742666157E+07
           112.1300     -7.3900   6.2530742792351E+07
           112.1400     -7.3900   6.2530742921045E+07
           112.1500     -7.3900   6.2530743053554E+07
           112.1600     -7.3900   6.2530743190928E+07
           112.1700     -7.3900   6.2530743333962E+07
           112.1800     -7.3900   6.2530743483215E+07
           112.1900     -7.3900   6.2530743639054E+07
           112.2000     -7.3900   6.2530743801696E+07
           112.2100     -7.3900   6.2530743971241E+07
           112.2200     -7.3900   6.2530744147707E+07
           112.2300     -7.3900   6.2530744331035E+07
           112.2400     -7.3900   6.2530744521094E+07
           112.2500     -7.3900   6.2530744717664E+07
           112.2600     -7.3900   6.2530744920420E+07
           112.2700     -7.3900   6.2530745128913E+07
           112.2800     -7.3900   6.2530745342556E+07
           112.2900     -7.3900   6.2530745560625E+07
           112.3000     -7.3900   6.2530745782273E+07
           112.3100     -7.3900   6.2530746006560E+07
           112.3200     -7.3900   6.2530746232493E+07
           112.3300     -7.3900   6.2530746459081E+07
           112.3400     -7.3900   6.2530746685383E+07
           112.3500     -7.3900   6.2530746910560E+07
           112.3600     -7.3900   6.2530747133904E+07
           112.3700     -7.3900   6.2530747354859E+07
           112.3800     -7.3900   6.2530747573015E+07
           112.3900     -7.3900   6.2530747788078E+07
           112.4000     -7.3900   6.2530747999837E+07
           112.4100     -7.3900   6.2530748208098E+07
           112.4200     -7.3900   6.2530748412637E+07
           112.4300     -7.3900   6.2530748613145E+07
           112.4400     -7.3900   6.2530748809196E+07
           112.4500     -7.3900   6.2530749000229E+07
           112.4600     -7.3900   6.2530749185567E+07
           112.4700     -7.3900   6.2530749364454E+07
           112.4800     -7.3900   6.2530749536121E+07
           112.4900     -7.3900   6.2530749699860E+07
           112.5000     -7.3900   6.2530749855115E+07
           112.5100     -7.3900   6.2530750001559E+07
           112.5200     -7.3900   6.2530750139158E+07
           112.5300     -7.3900   6.2530750268205E+07
           112.5400     -7.3900   6.2530750389327E+07
           112.5500     -7.3900   6.2530750503448E+07
           112.5600     -7.3900   6.2530750611725E+07
           112.5700     -7.3900   6.2530750715454E+07
           112.5800     -7.3900   6.2530750815956E+07
           112.5900     -7.3900   6.2530750914473E+07
           112.6000     -7.3900   6.2530751012059E+07
           112.6100     -7.3900   6.2530751109509E+07
           112.6200     -7.3900   6.2530751207319E+07
           112.6300     -7.3900   6.2530751305689E+07
           112.6400     -7.3900   6.2530751404570E+07
           112.6500     -7.3900   6.2530751503749E+07
           112.6600     -7.3900   6.2530751602966E+07
           112.6700     -7.3900   6.2530751702042E+07
           112.6800     -7.3900   6.2530751801007E+07
           112.6900     -7.3900   6.2530751900211E+07
           112.7000     -7.3900   6.2530752000397E+07
           112.7100     -7.3900   6.2530752102726E+07
           112.7200     -7.3900   6.2530752208759E+07
           112.7300     -7.3900   6.2530752320369E+07
           112.7400     -7.3900   6.2530752439626E+07
           112.7500     -7.3900   6.2530752568627E+07
           112.7600     -7.3900   6.2530752709323E+07
           112.7700     -7.3900   6.2530752863341E+07
           112.7800     -7.3900   6.2530753031826E+07
           112.7900     -7.3900   6.2530753215324E+07
           112.8000     -7.3900   6.2530753413711E+07
           112.8100     -7.3900   6.2530753626184E+07
           112.8200     -7.3900   6.2530753851309E+07
           112.8300     -7.3900   6.2530754087123E+07
           112.8400     -7.3900   6.2530754331272E+07
           112.8500     -7.3900   6.2530754581174E+07
           112.8600     -7.3900   6.2530754834192E+07
           112.8700     -7.3900   6.2530755087781E+07
           112.8800     -7.3900   6.2530755339622E+07
           112.8900     -7.3900   6.2530755587701E+07
           112.9000     -7.3900   6.2530755830352E+07
           112.9100     -7.3900   6.2530756066247E+07
           112.9200     -7.3900   6.2530756294364E+07
           112.9300     -7.3900   6.2530756513915E+07
           112.9400     -7.3900   6.2530756724277E+07
           112.9500     -7.3900   6.2530756924931E+07
           112.9600     -7.3900   6.2530757115424E+07
           112.9700     -7.3900   6.2530757295361E+07
           112.9800     -7.3900   6.2530757464449E+07
           112.9900     -7.3900   6.2530757622569E+07
           113.0000     -7.3900   6.2530757769882E+07
           112.0000     -7.4000   6.2530745151751E+07
           112.0100     -7.4000   6.2530745330283E+07
           112.0200     -7.4000   6.2530745505494E+07
           112.0300     -7.4000   6.2530745675468E+07
           112.0400     -7.4000   6.2530745838799E+07
           112.0500     -7.4000   6.2530745994674E+07
           112.0600     -7.4000   6.2530746142906E+07
           112.0700     -7.4000   6.2530746283912E+07
           112.0800     -7.4000   6.2530746418651E+07
           112.0900     -7.4000   6.2530746548514E+07
           112.1000     -7.4000   6.2530746675191E+07
           112.1100     -7.4000   6.2530746800531E+07
           112.1200     -7.4000   6.2530746926405E+07
           112.1300     -7.4000   6.2530747054576E+07
           112.1400     -7.4000   6.2530747186610E+07
           112.1500     -7.4000   6.2530747323808E+07
           112.1600     -7.4000   6.2530747467176E+07
           112.1700     -7.4000   6.2530747617429E+07
           112.1800     -7.4000   6.2530747775017E+07
           112.1900     -7.4000   6.2530747940164E+07
           112.2000     -7.4000   6.2530748112927E+07
           112.2100     -7.4000   6.2530748293237E+07
           112.2200     -7.4000   6.2530748480944E+07
           112.2300     -7.4000   6.2530748675841E+07
           112.2400     -7.4000   6.2530748877674E+07
           112.2500     -7.4000   6.2530749086141E+07
           112.2600     -7.4000   6.2530749300874E+07
           112.2700     -7.4000   6.2530749521420E+07
           112.2800     -7.4000   6.2530749747223E+07
           112.2900     -7.4000   6.2530749977616E+07
           112.3000     -7.4000   6.2530750211817E+07
           112.3100     -7.4000   6.2530750448945E+07
           112.3200     -7.4000   6.2530750688050E+07
           112.3300     -7.4000   6.2530750928152E+07
           112.3400     -7.4000   6.2530751168281E+07
           112.3500     -7.4000   6.2530751407527E+07
           112.3600     -7.4000   6.2530751645070E+07
           112.3700     -7.4000   6.2530751880209E+07
           112.3800     -7.4000   6.2530752112368E+07
           112.3900     -7.4000   6.2530752341083E+07
           112.4000     -7.4000   6.2530752565980E+07
           112.4100     -7.4000   6.2530752786731E+07
           112.4200     -7.4000   6.2530753003013E+07
           112.4300     -7.4000   6.2530753214464E+07
           112.4400     -7.4000   6.2530753420650E+07
           112.4500     -7.4000   6.2530753621049E+07
           112.4600     -7.4000   6.2530753815058E+07
           112.4700     -7.4000   6.2530754002012E+07
           112.4800     -7.4000   6.2530754181240E+07
           112.4900     -7.4000   6.2530754352122E+07
           112.5000     -7.4000   6.2530754514160E+07
           112.5100     -7.4000   6.2530754667047E+07
           112.5200     -7.4000   6.2530754810719E+07
           112.5300     -7.4000   6.2530754945393E+07
           112.5400     -7.4000   6.2530755071573E+07
           112.5500     -7.4000   6.2530755190028E+07
           112.5600     -7.4000   6.2530755301742E+07
           112.5700     -7.4000   6.2530755407833E+07
           112.5800     -7.4000   6.2530755509468E+07
           112.5900     -7.4000   6.2530755607765E+07
           112.6000     -7.4000   6.2530755703709E+07
           112.6100     -7.4000   6.2530755798084E+07
           112.6200     -7.4000   6.2530755891441E+07
           112.6300     -7.4000   6.2530755984100E+07
           112.6400     -7.4000   6.2530756076185E+07
           112.6500     -7.4000   6.2530756167699E+07
           112.6600     -7.4000   6.2530756258624E+07
           112.6700     -7.4000   6.2530756349028E+07
           112.6800     -7.4000   6.2530756439177E+07
           112.6900     -7.4000   6.2530756529626E+07
           112.7000     -7.4000   6.2530756621279E+07
           112.7100     -7.4000   6.2530756715404E+07
           112.7200     -7.4000   6.2530756813606E+07
           112.7300     -7.4000   6.2530756917748E+07
           112.7400     -7.4000   6.2530757029828E+07
           112.7500     -7.4000   6.2530757151832E+07
           112.7600     -7.4000   6.2530757285563E+07
           112.7700     -7.4000   6.2530757432481E+07
           112.7800     -7.4000   6.2530757593559E+07
           112.7900     -7.4000   6.2530757769182E+07
           112.8000     -7.4000   6.2530757959088E+07
           112.8100     -7.4000   6.2530758162372E+07
           112.8200     -7.4000   6.2530758377543E+07
           112.8300     -7.4000   6.2530758602631E+07
           112.8400     -7.4000   6.2530758835330E+07
           112.8500     -7.4000   6.2530759073161E+07
           112.8600     -7.4000   6.2530759313644E+07
           112.8700     -7.4000   6.2530759554443E+07
           112.8800     -7.4000   6.2530759793487E+07
           112.8900     -7.4000   6.2530760029042E+07
           112.9000     -7.4000   6.2530760259745E+07
           112.9100     -7.4000   6.2530760484582E+07
           112.9200     -7.4000   6.2530760702829E+07
           112.9300     -7.4000   6.2530760913979E+07
           112.9400     -7.4000   6.2530761117649E+07
           112.9500     -7.4000   6.2530761313504E+07
           112.9600     -7.4000   6.2530761501206E+07
           112.9700     -7.4000   6.2530761680401E+07
           112.9800     -7.4000   6.2530761850753E+07
           112.9900     -7.4000   6.2530762012016E+07
           113.0000     -7.4000   6.2530762164146E+07
           112.0000     -7.4100   6.2530749475422E+07
           112.0100     -7.4100   6.2530749642381E+07
           112.0200     -7.4100   6.2530749806749E+07
           112.0300     -7.4100   6.2530749966821E+07
           112.0400     -7.4100   6.2530750121365E+07
           112.0500     -7.4100   6.2530750269708E+07
           112.0600     -7.4100   6.2530750411769E+07
           112.0700     -7.4100   6.2530750548045E+07
           112.0800     -7.4100   6.2530750679546E+07
           112.0900     -7.4100   6.2530750807693E+07
           112.1000     -7.4100   6.2530750934195E+07
           112.1100     -7.4100   6.2530751060900E+07
           112.1200     -7.4100   6.2530751189661E+07
           112.1300     -7.4100   6.2530751322206E+07
           112.1400     -7.4100   6.2530751460040E+07
           112.1500     -7.4100   6.2530751604379E+07
           112.1600     -7.4100   6.2530751756113E+07
           112.1700     -7.4100   6.2530751915816E+07
           112.1800     -7.4100   6.2530752083766E+07
           112.1900     -7.4100   6.2530752260005E+07
           112.2000     -7.4100   6.2530752444395E+07
           112.2100     -7.4100   6.2530752636679E+07
           112.2200     -7.4100   6.2530752836539E+07
           112.2300     -7.4100   6.2530753043628E+07
           112.2400     -7.4100   6.2530753257599E+07
           112.2500     -7.4100   6.2530753478098E+07
           112.2600     -7.4100   6.2530753704760E+07
           112.2700     -7.4100   6.2530753937179E+07
           112.2800     -7.4100   6.2530754174886E+07
           112.2900     -7.4100   6.2530754417319E+07
           112.3000     -7.4100   6.2530754663815E+07
           112.3100     -7.4100   6.2530754913598E+07
           112.3200     -7.4100   6.2530755165799E+07
           112.3300     -7.4100   6.2530755419476E+07
           112.3400     -7.4100   6.2530755673649E+07
           112.3500     -7.4100   6.2530755927344E+07
           112.3600     -7.4100   6.2530756179627E+07
           112.3700     -7.4100   6.2530756429641E+07
           112.3800     -7.4100   6.2530756676624E+07
           112.3900     -7.4100   6.2530756919916E+07
           112.4000     -7.4100   6.2530757158949E+07
           112.4100     -7.4100   6.2530757393226E+07
           112.4200     -7.4100   6.2530757622291E+07
           112.4300     -7.4100   6.2530757845695E+07
           112.4400     -7.4100   6.2530758062967E+07
           112.4500     -7.4100   6.2530758273594E+07
           112.4600     -7.4100   6.2530758477016E+07
           112.4700     -7.4100   6.2530758672645E+07
           112.4800     -7.4100   6.2530758859889E+07
           112.4900     -7.4100   6.2530759038200E+07
           112.5000     -7.4100   6.2530759207132E+07
           112.5100     -7.4100   6.2530759366388E+07
           112.5200     -7.4100   6.2530759515877E+07
           112.5300     -7.4100   6.2530759655742E+07
           112.5400     -7.4100   6.2530759786373E+07
           112.5500     -7.4100   6.2530759908398E+07
           112.5600     -7.4100   6.2530760022644E+07
           112.5700     -7.4100   6.2530760130083E+07
           112.5800     -7.4100   6.2530760231756E+07
           112.5900     -7.4100   6.2530760328697E+07
           112.6000     -7.4100   6.2530760421866E+07
           112.6100     -7.4100   6.2530760512088E+07
           112.6200     -7.4100   6.2530760600019E+07
           112.6300     -7.4100   6.2530760686150E+07
           112.6400     -7.4100   6.2530760770830E+07
           112.6500     -7.4100   6.2530760854324E+07
           112.6600     -7.4100   6.2530760936891E+07
           112.6700     -7.4100   6.2530761018878E+07
           112.6800     -7.4100   6.2530761100801E+07
           112.6900     -7.4100   6.2530761183421E+07
           112.7000     -7.4100   6.2530761267789E+07
           112.7100     -7.4100   6.2530761355252E+07
           112.7200     -7.4100   6.2530761447420E+07
           112.7300     -7.4100   6.2530761546088E+07
           112.7400     -7.4100   6.2530761653124E+07
           112.7500     -7.4100   6.2530761770331E+07
           112.7600     -7.4100   6.2530761899292E+07
           112.7700     -7.4100   6.2530762041230E+07
           112.7800     -7.4100   6.2530762196880E+07
           112.7900     -7.4100   6.2530762366407E+07
           112.8000     -7.4100   6.2530762549361E+07
           112.8100     -7.4100   6.2530762744700E+07
           112.8200     -7.4100   6.2530762950849E+07
           112.8300     -7.4100   6.2530763165820E+07
           112.8400     -7.4100   6.2530763387357E+07
           112.8500     -7.4100   6.2530763613099E+07
           112.8600     -7.4100   6.2530763840748E+07
           112.8700     -7.4100   6.2530764068206E+07
           112.8800     -7.4100   6.2530764293692E+07
           112.8900     -7.4100   6.2530764515802E+07
           112.9000     -7.4100   6.2530764733523E+07
           112.9100     -7.4100   6.2530764946198E+07
           112.9200     -7.4100   6.2530765153459E+07
           112.9300     -7.4100   6.2530765355120E+07
           112.9400     -7.4100   6.2530765551078E+07
           112.9500     -7.4100   6.2530765741217E+07
           112.9600     -7.4100   6.2530765925343E+07
           112.9700     -7.4100   6.2530766103157E+07
           112.9800     -7.4100   6.2530766274286E+07
           112.9900     -7.4100   6.2530766438352E+07
           113.0000     -7.4100   6.2530766595091E+07
           112.0000     -7.4200   6.2530753794288E+07
           112.0100     -7.4200   6.2530753949404E+07
           112.0200     -7.4200   6.2530754102815E+07
           112.0300     -7.4200   6.2530754253059E+07
           112.0400     -7.4200   6.2530754399113E+07
           112.0500     -7.4200   6.2530754540471E+07
           112.0600     -7.4200   6.2530754677174E+07
           112.0700     -7.4200   6.2530754809801E+07
           112.0800     -7.4200   6.2530754939409E+07
           112.0900     -7.4200   6.2530755067436E+07
           112.1000     -7.4200   6.2530755195577E+07
           112.1100     -7.4200   6.2530755325643E+07
           112.1200     -7.4200   6.2530755459423E+07
           112.1300     -7.4200   6.2530755598558E+07
           112.1400     -7.4200   6.2530755744436E+07
           112.1500     -7.4200   6.2530755898131E+07
           112.1600     -7.4200   6.2530756060363E+07
           112.1700     -7.4200   6.2530756231511E+07
           112.1800     -7.4200   6.2530756411644E+07
           112.1900     -7.4200   6.2530756600584E+07
           112.2000     -7.4200   6.2530756797978E+07
           112.2100     -7.4200   6.2530757003369E+07
           112.2200     -7.4200   6.2530757216270E+07
           112.2300     -7.4200   6.2530757436212E+07
           112.2400     -7.4200   6.2530757662770E+07
           112.2500     -7.4200   6.2530757895578E+07
           112.2600     -7.4200   6.2530758134312E+07
           112.2700     -7.4200   6.2530758378657E+07
           112.2800     -7.4200   6.2530758628278E+07
           112.2900     -7.4200   6.2530758882769E+07
           112.3000     -7.4200   6.2530759141625E+07
           112.3100     -7.4200   6.2530759404219E+07
           112.3200     -7.4200   6.2530759669791E+07
           112.3300     -7.4200   6.2530759937462E+07
           112.3400     -7.4200   6.2530760206257E+07
           112.3500     -7.4200   6.2530760475138E+07
           112.3600     -7.4200   6.2530760743054E+07
           112.3700     -7.4200   6.2530761008974E+07
           112.3800     -7.4200   6.2530761271926E+07
           112.3900     -7.4200   6.2530761531021E+07
           112.4000     -7.4200   6.2530761785466E+07
           112.4100     -7.4200   6.2530762034555E+07
           112.4200     -7.4200   6.2530762277662E+07
           112.4300     -7.4200   6.2530762514210E+07
           112.4400     -7.4200   6.2530762743656E+07
           112.4500     -7.4200   6.2530762965462E+07
           112.4600     -7.4200   6.2530763179090E+07
           112.4700     -7.4200   6.2530763383999E+07
           112.4800     -7.4200   6.2530763579660E+07
           112.4900     -7.4200   6.2530763765588E+07
           112.5000     -7.4200   6.2530763941379E+07
           112.5100     -7.4200   6.2530764106749E+07
           112.5200     -7.4200   6.2530764261582E+07
           112.5300     -7.4200   6.2530764405955E+07
           112.5400     -7.4200   6.2530764540162E+07
           112.5500     -7.4200   6.2530764664710E+07
           112.5600     -7.4200   6.2530764780298E+07
           112.5700     -7.4200   6.2530764887779E+07
           112.5800     -7.4200   6.2530764988106E+07
           112.5900     -7.4200   6.2530765082276E+07
           112.6000     -7.4200   6.2530765171265E+07
           112.6100     -7.4200   6.2530765255987E+07
           112.6200     -7.4200   6.2530765337255E+07
           112.6300     -7.4200   6.2530765415778E+07
           112.6400     -7.4200   6.2530765492175E+07
           112.6500     -7.4200   6.2530765567012E+07
           112.6600     -7.4200   6.2530765640861E+07
           112.6700     -7.4200   6.2530765714366E+07
           112.6800     -7.4200   6.2530765788306E+07
           112.6900     -7.4200   6.2530765863650E+07
           112.7000     -7.4200   6.2530765941581E+07
           112.7100     -7.4200   6.2530766023503E+07
           112.7200     -7.4200   6.2530766110993E+07
           112.7300     -7.4200   6.2530766205736E+07
           112.7400     -7.4200   6.2530766309418E+07
           112.7500     -7.4200   6.2530766423602E+07
           112.7600     -7.4200   6.2530766549597E+07
           112.7700     -7.4200   6.2530766688330E+07
           112.7800     -7.4200   6.2530766840248E+07
           112.7900     -7.4200   6.2530767005248E+07
           112.8000     -7.4200   6.2530767182654E+07
           112.8100     -7.4200   6.2530767371252E+07
           112.8200     -7.4200   6.2530767569364E+07
           112.8300     -7.4200   6.2530767774969E+07
           112.8400     -7.4200   6.2530767985855E+07
           112.8500     -7.4200   6.2530768199781E+07
           112.8600     -7.4200   6.2530768414639E+07
           112.8700     -7.4200   6.2530768628587E+07
           112.8800     -7.4200   6.2530768840154E+07
           112.8900     -7.4200   6.2530769048286E+07
           112.9000     -7.4200   6.2530769252350E+07
           112.9100     -7.4200   6.2530769452080E+07
           112.9200     -7.4200   6.2530769647488E+07
           112.9300     -7.4200   6.2530769838748E+07
           112.9400     -7.4200   6.2530770026067E+07
           112.9500     -7.4200   6.2530770209580E+07
           112.9600     -7.4200   6.2530770389259E+07
           112.9700     -7.4200   6.2530770564886E+07
           112.9800     -7.4200   6.2530770736064E+07
           112.9900     -7.4200   6.2530770902292E+07
           113.0000     -7.4200   6.2530771063083E+07
           112.0000     -7.4300   6.2530758109295E+07
           112.0100     -7.4300   6.2530758252881E+07
           112.0200     -7.4300   6.2530758395784E+07
           112.0300     -7.4300   6.2530758536806E+07
           112.0400     -7.4300   6.2530758675143E+07
           112.0500     -7.4300   6.2530758810461E+07
           112.0600     -7.4300   6.2530758942930E+07
           112.0700     -7.4300   6.2530759073207E+07
           112.0800     -7.4300   6.2530759202387E+07
           112.0900     -7.4300   6.2530759331909E+07
           112.1000     -7.4300   6.2530759463432E+07
           112.1100     -7.4300   6.2530759598702E+07
           112.1200     -7.4300   6.2530759739414E+07
           112.1300     -7.4300   6.2530759887083E+07
           112.1400     -7.4300   6.2530760042946E+07
           112.1500     -7.4300   6.2530760207896E+07
           112.1600     -7.4300   6.2530760382449E+07
           112.1700     -7.4300   6.2530760566759E+07
           112.1800     -7.4300   6.2530760760657E+07
           112.1900     -7.4300   6.2530760963726E+07
           112.2000     -7.4300   6.2530761175383E+07
           112.2100     -7.4300   6.2530761394970E+07
           112.2200     -7.4300   6.2530761621835E+07
           112.2300     -7.4300   6.2530761855395E+07
           112.2400     -7.4300   6.2530762095174E+07
           112.2500     -7.4300   6.2530762340817E+07
           112.2600     -7.4300   6.2530762592072E+07
           112.2700     -7.4300   6.2530762848755E+07
           112.2800     -7.4300   6.2530763110697E+07
           112.2900     -7.4300   6.2530763377687E+07
           112.3000     -7.4300   6.2530763649415E+07
           112.3100     -7.4300   6.2530763925426E+07
           112.3200     -7.4300   6.2530764205098E+07
           112.3300     -7.4300   6.2530764487628E+07
           112.3400     -7.4300   6.2530764772050E+07
           112.3500     -7.4300   6.2530765057266E+07
           112.3600     -7.4300   6.2530765342091E+07
           112.3700     -7.4300   6.2530765625302E+07
           112.3800     -7.4300   6.2530765905693E+07
           112.3900     -7.4300   6.2530766182113E+07
           112.4000     -7.4300   6.2530766453505E+07
           112.4100     -7.4300   6.2530766718916E+07
           112.4200     -7.4300   6.2530766977509E+07
           112.4300     -7.4300   6.2530767228543E+07
           112.4400     -7.4300   6.2530767471364E+07
           112.4500     -7.4300   6.2530767705381E+07
           112.4600     -7.4300   6.2530767930046E+07
           112.4700     -7.4300   6.2530768144847E+07
           112.4800     -7.4300   6.2530768349303E+07
           112.4900     -7.4300   6.2530768542980E+07
           112.5000     -7.4300   6.2530768725514E+07
           112.5100     -7.4300   6.2530768896638E+07
           112.5200     -7.4300   6.2530769056218E+07
           112.5300     -7.4300   6.2530769204281E+07
           112.5400     -7.4300   6.2530769341044E+07
           112.5500     -7.4300   6.2530769466915E+07
           112.5600     -7.4300   6.2530769582495E+07
           112.5700     -7.4300   6.2530769688552E+07
           112.5800     -7.4300   6.2530769785989E+07
           112.5900     -7.4300   6.2530769875802E+07
           112.6000     -7.4300   6.2530769959030E+07
           112.6100     -7.4300   6.2530770036716E+07
           112.6200     -7.4300   6.2530770109872E+07
           112.6300     -7.4300   6.2530770179469E+07
           112.6400     -7.4300   6.2530770246430E+07
           112.6500     -7.4300   6.2530770311655E+07
           112.6600     -7.4300   6.2530770376055E+07
           112.6700     -7.4300   6.2530770440588E+07
           112.6800     -7.4300   6.2530770506305E+07
           112.6900     -7.4300   6.2530770574381E+07
           112.7000     -7.4300   6.2530770646126E+07
           112.7100     -7.4300   6.2530770722977E+07
           112.7200     -7.4300   6.2530770806458E+07
           112.7300     -7.4300   6.2530770898112E+07
           112.7400     -7.4300   6.2530770999407E+07
           112.7500     -7.4300   6.2530771111633E+07
           112.7600     -7.4300   6.2530771235784E+07
           112.7700     -7.4300   6.2530771372459E+07
           112.7800     -7.4300   6.2530771521782E+07
           112.7900     -7.4300   6.2530771683350E+07
           112.8000     -7.4300   6.2530771856240E+07
           112.8100     -7.4300   6.2530772039043E+07
           112.8200     -7.4300   6.2530772229958E+07
           112.8300     -7.4300   6.2530772426920E+07
           112.8400     -7.4300   6.2530772627748E+07
           112.8500     -7.4300   6.2530772830315E+07
           112.8600     -7.4300   6.2530773032695E+07
           112.8700     -7.4300   6.2530773233299E+07
           112.8800     -7.4300   6.2530773430962E+07
           112.8900     -7.4300   6.2530773624984E+07
           112.9000     -7.4300   6.2530773815113E+07
           112.9100     -7.4300   6.2530774001482E+07
           112.9200     -7.4300   6.2530774184498E+07
           112.9300     -7.4300   6.2530774364707E+07
           112.9400     -7.4300   6.2530774542650E+07
           112.9500     -7.4300   6.2530774718730E+07
           112.9600     -7.4300   6.2530774893117E+07
           112.9700     -7.4300   6.2530775065695E+07
           112.9800     -7.4300   6.2530775236066E+07
           112.9900     -7.4300   6.2530775403625E+07
           113.0000     -7.4300   6.2530775567673E+07
           112.0000     -7.4400   6.2530762422312E+07
           112.0100     -7.4400   6.2530762555216E+07
           112.0200     -7.4400   6.2530762688579E+07
           112.0300     -7.4400   6.2530762821458E+07
           112.0400     -7.4400   6.2530762953263E+07
           112.0500     -7.4400   6.2530763083826E+07
           112.0600     -7.4400   6.2530763213431E+07
           112.0700     -7.4400   6.2530763342806E+07
           112.0800     -7.4400   6.2530763473070E+07
           112.0900     -7.4400   6.2530763605648E+07
           112.1000     -7.4400   6.2530763742152E+07
           112.1100     -7.4400   6.2530763884245E+07
           112.1200     -7.4400   6.2530764033511E+07
           112.1300     -7.4400   6.2530764191326E+07
           112.1400     -7.4400   6.2530764358758E+07
           112.1500     -7.4400   6.2530764536505E+07
           112.1600     -7.4400   6.2530764724863E+07
           112.1700     -7.4400   6.2530764923750E+07
           112.1800     -7.4400   6.2530765132751E+07
           112.1900     -7.4400   6.2530765351201E+07
           112.2000     -7.4400   6.2530765578290E+07
           112.2100     -7.4400   6.2530765813156E+07
           112.2200     -7.4400   6.2530766054991E+07
           112.2300     -7.4400   6.2530766303109E+07
           112.2400     -7.4400   6.2530766556996E+07
           112.2500     -7.4400   6.2530766816327E+07
           112.2600     -7.4400   6.2530767080945E+07
           112.2700     -7.4400   6.2530767350816E+07
           112.2800     -7.4400   6.2530767625967E+07
           112.2900     -7.4400   6.2530767906400E+07
           112.3000     -7.4400   6.2530768192019E+07
           112.3100     -7.4400   6.2530768482565E+07
           112.3200     -7.4400   6.2530768777558E+07
           112.3300     -7.4400   6.2530769076281E+07
           112.3400     -7.4400   6.2530769377777E+07
           112.3500     -7.4400   6.2530769680878E+07
           112.3600     -7.4400   6.2530769984252E+07
           112.3700     -7.4400   6.2530770286463E+07
           112.3800     -7.4400   6.2530770586041E+07
           112.3900     -7.4400   6.2530770881543E+07
           112.4000     -7.4400   6.2530771171613E+07
           112.4100     -7.4400   6.2530771455015E+07
           112.4200     -7.4400   6.2530771730663E+07
           112.4300     -7.4400   6.2530771997619E+07
           112.4400     -7.4400   6.2530772255085E+07
           112.4500     -7.4400   6.2530772502388E+07
           112.4600     -7.4400   6.2530772738949E+07
           112.4700     -7.4400   6.2530772964264E+07
           112.4800     -7.4400   6.2530773177892E+07
           112.4900     -7.4400   6.2530773379444E+07
           112.5000     -7.4400   6.2530773568596E+07
           112.5100     -7.4400   6.2530773745102E+07
           112.5200     -7.4400   6.2530773908823E+07
           112.5300     -7.4400   6.2530774059752E+07
           112.5400     -7.4400   6.2530774198046E+07
           112.5500     -7.4400   6.2530774324042E+07
           112.5600     -7.4400   6.2530774438266E+07
           112.5700     -7.4400   6.2530774541433E+07
           112.5800     -7.4400   6.2530774634427E+07
           112.5900     -7.4400   6.2530774718275E+07
           112.6000     -7.4400   6.2530774794112E+07
           112.6100     -7.4400   6.2530774863145E+07
           112.6200     -7.4400   6.2530774926618E+07
           112.6300     -7.4400   6.2530774985791E+07
           112.6400     -7.4400   6.2530775041921E+07
           112.6500     -7.4400   6.2530775096266E+07
           112.6600     -7.4400   6.2530775150088E+07
           112.6700     -7.4400   6.2530775204675E+07
           112.6800     -7.4400   6.2530775261357E+07
           112.6900     -7.4400   6.2530775321514E+07
           112.7000     -7.4400   6.2530775386580E+07
           112.7100     -7.4400   6.2530775458018E+07
           112.7200     -7.4400   6.2530775537287E+07
           112.7300     -7.4400   6.2530775625773E+07
           112.7400     -7.4400   6.2530775724715E+07
           112.7500     -7.4400   6.2530775835111E+07
           112.7600     -7.4400   6.2530775957630E+07
           112.7700     -7.4400   6.2530776092530E+07
           112.7800     -7.4400   6.2530776239601E+07
           112.7900     -7.4400   6.2530776398138E+07
           112.8000     -7.4400   6.2530776566954E+07
           112.8100     -7.4400   6.2530776744442E+07
           112.8200     -7.4400   6.2530776928670E+07
           112.8300     -7.4400   6.2530777117515E+07
           112.8400     -7.4400   6.2530777308816E+07
           112.8500     -7.4400   6.2530777500538E+07
           112.8600     -7.4400   6.2530777690921E+07
           112.8700     -7.4400   6.2530777878604E+07
           112.8800     -7.4400   6.2530778062707E+07
           112.8900     -7.4400   6.2530778242858E+07
           112.9000     -7.4400   6.2530778419168E+07
           112.9100     -7.4400   6.2530778592151E+07
           112.9200     -7.4400   6.2530778762599E+07
           112.9300     -7.4400   6.2530778931427E+07
           112.9400     -7.4400   6.2530779099514E+07
           112.9500     -7.4400   6.2530779267549E+07
           112.9600     -7.4400   6.2530779435915E+07
           112.9700     -7.4400   6.2530779604626E+07
           112.9800     -7.4400   6.2530779773315E+07
           112.9900     -7.4400   6.2530779941298E+07
           113.0000     -7.4400   6.2530780107692E+07
           112.0000     -7.4500   6.2530766736218E+07
           112.0100     -7.4500   6.2530766859729E+07
           112.0200     -7.4500   6.2530766984939E+07
           112.0300     -7.4500   6.2530767111136E+07
           112.0400     -7.4500   6.2530767237919E+07
           112.0500     -7.4500   6.2530767365258E+07
           112.0600     -7.4500   6.2530767493534E+07
           112.0700     -7.4500   6.2530767623524E+07
           112.0800     -7.4500   6.2530767756359E+07
           112.0900     -7.4500   6.2530767893439E+07
           112.1000     -7.4500   6.2530768036319E+07
           112.1100     -7.4500   6.2530768186581E+07
           112.1200     -7.4500   6.2530768345698E+07
           112.1300     -7.4500   6.2530768514907E+07
           112.1400     -7.4500   6.2530768695114E+07
           112.1500     -7.4500   6.2530768886828E+07
           112.1600     -7.4500   6.2530769090135E+07
           112.1700     -7.4500   6.2530769304721E+07
           112.1800     -7.4500   6.2530769529933E+07
           112.1900     -7.4500   6.2530769764869E+07
           112.2000     -7.4500   6.2530770008493E+07
           112.2100     -7.4500   6.2530770259753E+07
           112.2200     -7.4500   6.2530770517687E+07
           112.2300     -7.4500   6.2530770781514E+07
           112.2400     -7.4500   6.2530771050692E+07
           112.2500     -7.4500   6.2530771324932E+07
           112.2600     -7.4500   6.2530771604182E+07
           112.2700     -7.4500   6.2530771888567E+07
           112.2800     -7.4500   6.2530772178314E+07
           112.2900     -7.4500   6.2530772473649E+07
           112.3000     -7.4500   6.2530772774696E+07
           112.3100     -7.4500   6.2530773081389E+07
           112.3200     -7.4500   6.2530773393396E+07
           112.3300     -7.4500   6.2530773710081E+07
           112.3400     -7.4500   6.2530774030487E+07
           112.3500     -7.4500   6.2530774353363E+07
           112.3600     -7.4500   6.2530774677212E+07
           112.3700     -7.4500   6.2530775000364E+07
           112.3800     -7.4500   6.2530775321060E+07
           112.3900     -7.4500   6.2530775637538E+07
           112.4000     -7.4500   6.2530775948113E+07
           112.4100     -7.4500   6.2530776251236E+07
           112.4200     -7.4500   6.2530776545542E+07
           112.4300     -7.4500   6.2530776829867E+07
           112.4400     -7.4500   6.2530777103249E+07
           112.4500     -7.4500   6.2530777364908E+07
           112.4600     -7.4500   6.2530777614220E+07
           112.4700     -7.4500   6.2530777850682E+07
           112.4800     -7.4500   6.2530778073880E+07
           112.4900     -7.4500   6.2530778283472E+07
           112.5000     -7.4500   6.2530778479178E+07
           112.5100     -7.4500   6.2530778660781E+07
           112.5200     -7.4500   6.2530778828147E+07
           112.5300     -7.4500   6.2530778981250E+07
           112.5400     -7.4500   6.2530779120203E+07
           112.5500     -7.4500   6.2530779245289E+07
           112.5600     -7.4500   6.2530779356983E+07
           112.5700     -7.4500   6.2530779455964E+07
           112.5800     -7.4500   6.2530779543120E+07
           112.5900     -7.4500   6.2530779619532E+07
           112.6000     -7.4500   6.2530779686450E+07
           112.6100     -7.4500   6.2530779745267E+07
           112.6200     -7.4500   6.2530779797476E+07
           112.6300     -7.4500   6.2530779844645E+07
           112.6400     -7.4500   6.2530779888378E+07
           112.6500     -7.4500   6.2530779930301E+07
           112.6600     -7.4500   6.2530779972044E+07
           112.6700     -7.4500   6.2530780015229E+07
           112.6800     -7.4500   6.2530780061468E+07
           112.6900     -7.4500   6.2530780112355E+07
           112.7000     -7.4500   6.2530780169446E+07
           112.7100     -7.4500   6.2530780234236E+07
           112.7200     -7.4500   6.2530780308120E+07
           112.7300     -7.4500   6.2530780392334E+07
           112.7400     -7.4500   6.2530780487893E+07
           112.7500     -7.4500   6.2530780595518E+07
           112.7600     -7.4500   6.2530780715562E+07
           112.7700     -7.4500   6.2530780847958E+07
           112.7800     -7.4500   6.2530780992177E+07
           112.7900     -7.4500   6.2530781147221E+07
           112.8000     -7.4500   6.2530781311660E+07
           112.8100     -7.4500   6.2530781483691E+07
           112.8200     -7.4500   6.2530781661254E+07
           112.8300     -7.4500   6.2530781842162E+07
           112.8400     -7.4500   6.2530782024259E+07
           112.8500     -7.4500   6.2530782205582E+07
           112.8600     -7.4500   6.2530782384502E+07
           112.8700     -7.4500   6.2530782559849E+07
           112.8800     -7.4500   6.2530782730983E+07
           112.8900     -7.4500   6.2530782897816E+07
           112.9000     -7.4500   6.2530783060776E+07
           112.9100     -7.4500   6.2530783220719E+07
           112.9200     -7.4500   6.2530783378788E+07
           112.9300     -7.4500   6.2530783536245E+07
           112.9400     -7.4500   6.2530783694296E+07
           112.9500     -7.4500   6.2530783853916E+07
           112.9600     -7.4500   6.2530784015721E+07
           112.9700     -7.4500   6.2530784179876E+07
           112.9800     -7.4500   6.2530784346076E+07
           112.9900     -7.4500   6.2530784513598E+07
           113.0000     -7.4500   6.2530784681412E+07
           112.0000     -7.4600   6.2530771054929E+07
           112.0100     -7.4600   6.2530771170644E+07
           112.0200     -7.4600   6.2530771289381E+07
           112.0300     -7.4600   6.2530771410615E+07
           112.0400     -7.4600   6.2530771534090E+07
           112.0500     -7.4600   6.2530771659882E+07
           112.0600     -7.4600   6.2530771788432E+07
           112.0700     -7.4600   6.2530771920544E+07
           112.0800     -7.4600   6.2530772057344E+07
           112.0900     -7.4600   6.2530772200200E+07
           112.1000     -7.4600   6.2530772350615E+07
           112.1100     -7.4600   6.2530772510096E+07
           112.1200     -7.4600   6.2530772680019E+07
           112.1300     -7.4600   6.2530772861509E+07
           112.1400     -7.4600   6.2530773055331E+07
           112.1500     -7.4600   6.2530773261832E+07
           112.1600     -7.4600   6.2530773480912E+07
           112.1700     -7.4600   6.2530773712054E+07
           112.1800     -7.4600   6.2530773954387E+07
           112.1900     -7.4600   6.2530774206790E+07
           112.2000     -7.4600   6.2530774468020E+07
           112.2100     -7.4600   6.2530774736838E+07
           112.2200     -7.4600   6.2530775012141E+07
           112.2300     -7.4600   6.2530775293055E+07
           112.2400     -7.4600   6.2530775579006E+07
           112.2500     -7.4600   6.2530775869740E+07
           112.2600     -7.4600   6.2530776165303E+07
           112.2700     -7.4600   6.2530776465973E+07
           112.2800     -7.4600   6.2530776772169E+07
           112.2900     -7.4600   6.2530777084330E+07
           112.3000     -7.4600   6.2530777402792E+07
           112.3100     -7.4600   6.2530777727672E+07
           112.3200     -7.4600   6.2530778058773E+07
           112.3300     -7.4600   6.2530778395524E+07
           112.3400     -7.4600   6.2530778736956E+07
           112.3500     -7.4600   6.2530779081717E+07
           112.3600     -7.4600   6.2530779428128E+07
           112.3700     -7.4600   6.2530779774265E+07
           112.3800     -7.4600   6.2530780118061E+07
           112.3900     -7.4600   6.2530780457412E+07
           112.4000     -7.4600   6.2530780790282E+07
           112.4100     -7.4600   6.2530781114791E+07
           112.4200     -7.4600   6.2530781429277E+07
           112.4300     -7.4600   6.2530781732333E+07
           112.4400     -7.4600   6.2530782022819E+07
           112.4500     -7.4600   6.2530782299840E+07
           112.4600     -7.4600   6.2530782562720E+07
           112.4700     -7.4600   6.2530782810950E+07
           112.4800     -7.4600   6.2530783044152E+07
           112.4900     -7.4600   6.2530783262030E+07
           112.5000     -7.4600   6.2530783464354E+07
           112.5100     -7.4600   6.2530783650944E+07
           112.5200     -7.4600   6.2530783821680E+07
           112.5300     -7.4600   6.2530783976527E+07
           112.5400     -7.4600   6.2530784115564E+07
           112.5500     -7.4600   6.2530784239031E+07
           112.5600     -7.4600   6.2530784347357E+07
           112.5700     -7.4600   6.2530784441198E+07
           112.5800     -7.4600   6.2530784521449E+07
           112.5900     -7.4600   6.2530784589251E+07
           112.6000     -7.4600   6.2530784645978E+07
           112.6100     -7.4600   6.2530784693209E+07
           112.6200     -7.4600   6.2530784732693E+07
           112.6300     -7.4600   6.2530784766306E+07
           112.6400     -7.4600   6.2530784796005E+07
           112.6500     -7.4600   6.2530784823786E+07
           112.6600     -7.4600   6.2530784851646E+07
           112.6700     -7.4600   6.2530784881548E+07
           112.6800     -7.4600   6.2530784915392E+07
           112.6900     -7.4600   6.2530784954989E+07
           112.7000     -7.4600   6.2530785002031E+07
           112.7100     -7.4600   6.2530785058059E+07
           112.7200     -7.4600   6.2530785124423E+07
           112.7300     -7.4600   6.2530785202233E+07
           112.7400     -7.4600   6.2530785292311E+07
           112.7500     -7.4600   6.2530785395129E+07
           112.7600     -7.4600   6.2530785510767E+07
           112.7700     -7.4600   6.2530785638869E+07
           112.7800     -7.4600   6.2530785778628E+07
           112.7900     -7.4600   6.2530785928794E+07
           112.8000     -7.4600   6.2530786087719E+07
           112.8100     -7.4600   6.2530786253435E+07
           112.8200     -7.4600   6.2530786423764E+07
           112.8300     -7.4600   6.2530786596459E+07
           112.8400     -7.4600   6.2530786769358E+07
           112.8500     -7.4600   6.2530786940539E+07
           112.8600     -7.4600   6.2530787108470E+07
           112.8700     -7.4600   6.2530787272118E+07
           112.8800     -7.4600   6.2530787431023E+07
           112.8900     -7.4600   6.2530787585316E+07
           112.9000     -7.4600   6.2530787735677E+07
           112.9100     -7.4600   6.2530787883239E+07
           112.9200     -7.4600   6.2530788029445E+07
           112.9300     -7.4600   6.2530788175861E+07
           112.9400     -7.4600   6.2530788323993E+07
           112.9500     -7.4600   6.2530788475094E+07
           112.9600     -7.4600   6.2530788630015E+07
           112.9700     -7.4600   6.2530788789096E+07
           112.9800     -7.4600   6.2530788952132E+07
           112.9900     -7.4600   6.2530789118401E+07
           113.0000     -7.4600   6.2530789286777E+07
           112.0000     -7.4700   6.2530775383371E+07
           112.0100     -7.4700   6.2530775493037E+07
           112.0200     -7.4700   6.2530775607119E+07
           112.0300     -7.4700   6.2530775725221E+07
           112.0400     -7.4700   6.2530775847179E+07
           112.0500     -7.4700   6.2530775973123E+07
           112.0600     -7.4700   6.2530776103519E+07
           112.0700     -7.4700   6.2530776239170E+07
           112.0800     -7.4700   6.2530776381178E+07
           112.0900     -7.4700   6.2530776530879E+07
           112.1000     -7.4700   6.2530776689729E+07
           112.1100     -7.4700   6.2530776859181E+07
           112.1200     -7.4700   6.2530777040546E+07
           112.1300     -7.4700   6.2530777234868E+07
           112.1400     -7.4700   6.2530777442816E+07
           112.1500     -7.4700   6.2530777664614E+07
           112.1600     -7.4700   6.2530777900021E+07
           112.1700     -7.4700   6.2530778148353E+07
           112.1800     -7.4700   6.2530778408555E+07
           112.1900     -7.4700   6.2530778679317E+07
           112.2000     -7.4700   6.2530778959204E+07
           112.2100     -7.4700   6.2530779246808E+07
           112.2200     -7.4700   6.2530779540884E+07
           112.2300     -7.4700   6.2530779840463E+07
           112.2400     -7.4700   6.2530780144930E+07
           112.2500     -7.4700   6.2530780454053E+07
           112.2600     -7.4700   6.2530780767953E+07
           112.2700     -7.4700   6.2530781087043E+07
           112.2800     -7.4700   6.2530781411909E+07
           112.2900     -7.4700   6.2530781743179E+07
           112.3000     -7.4700   6.2530782081377E+07
           112.3100     -7.4700   6.2530782426777E+07
           112.3200     -7.4700   6.2530782779296E+07
           112.3300     -7.4700   6.2530783138408E+07
           112.3400     -7.4700   6.2530783503109E+07
           112.3500     -7.4700   6.2530783871930E+07
           112.3600     -7.4700   6.2530784242993E+07
           112.3700     -7.4700   6.2530784614104E+07
           112.3800     -7.4700   6.2530784982872E+07
           112.3900     -7.4700   6.2530785346842E+07
           112.4000     -7.4700   6.2530785703617E+07
           112.4100     -7.4700   6.2530786050976E+07
           112.4200     -7.4700   6.2530786386959E+07
           112.4300     -7.4700   6.2530786709913E+07
           112.4400     -7.4700   6.2530787018519E+07
           112.4500     -7.4700   6.2530787311773E+07
           112.4600     -7.4700   6.2530787588950E+07
           112.4700     -7.4700   6.2530787849546E+07
           112.4800     -7.4700   6.2530788093221E+07
           112.4900     -7.4700   6.2530788319737E+07
           112.5000     -7.4700   6.2530788528922E+07
           112.5100     -7.4700   6.2530788720637E+07
           112.5200     -7.4700   6.2530788894784E+07
           112.5300     -7.4700   6.2530789051318E+07
           112.5400     -7.4700   6.2530789190288E+07
           112.5500     -7.4700   6.2530789311882E+07
           112.5600     -7.4700   6.2530789416483E+07
           112.5700     -7.4700   6.2530789504710E+07
           112.5800     -7.4700   6.2530789577460E+07
           112.5900     -7.4700   6.2530789635922E+07
           112.6000     -7.4700   6.2530789681578E+07
           112.6100     -7.4700   6.2530789716184E+07
           112.6200     -7.4700   6.2530789741730E+07
           112.6300     -7.4700   6.2530789760391E+07
           112.6400     -7.4700   6.2530789774467E+07
           112.6500     -7.4700   6.2530789786317E+07
           112.6600     -7.4700   6.2530789798304E+07
           112.6700     -7.4700   6.2530789812729E+07
           112.6800     -7.4700   6.2530789831790E+07
           112.6900     -7.4700   6.2530789857525E+07
           112.7000     -7.4700   6.2530789891782E+07
           112.7100     -7.4700   6.2530789936170E+07
           112.7200     -7.4700   6.2530789992030E+07
           112.7300     -7.4700   6.2530790060386E+07
           112.7400     -7.4700   6.2530790141913E+07
           112.7500     -7.4700   6.2530790236894E+07
           112.7600     -7.4700   6.2530790345190E+07
           112.7700     -7.4700   6.2530790466220E+07
           112.7800     -7.4700   6.2530790598959E+07
           112.7900     -7.4700   6.2530790741962E+07
           112.8000     -7.4700   6.2530790893418E+07
           112.8100     -7.4700   6.2530791051229E+07
           112.8200     -7.4700   6.2530791213130E+07
           112.8300     -7.4700   6.2530791376824E+07
           112.8400     -7.4700   6.2530791540132E+07
           112.8500     -7.4700   6.2530791701155E+07
           112.8600     -7.4700   6.2530791858407E+07
           112.8700     -7.4700   6.2530792010935E+07
           112.8800     -7.4700   6.2530792158389E+07
           112.8900     -7.4700   6.2530792301038E+07
           112.9000     -7.4700   6.2530792439730E+07
           112.9100     -7.4700   6.2530792575798E+07
           112.9200     -7.4700   6.2530792710908E+07
           112.9300     -7.4700   6.2530792846876E+07
           112.9400     -7.4700   6.2530792985463E+07
           112.9500     -7.4700   6.2530793128178E+07
           112.9600     -7.4700   6.2530793276105E+07
           112.9700     -7.4700   6.2530793429778E+07
           112.9800     -7.4700   6.2530793589124E+07
           112.9900     -7.4700   6.2530793753475E+07
           113.0000     -7.4700   6.2530793921661E+07
           112.0000     -7.4800   6.2530779727372E+07
           112.0100     -7.4800   6.2530779832720E+07
           112.0200     -7.4800   6.2530779943940E+07
           112.0300     -7.4800   6.2530780060700E+07
           112.0400     -7.4800   6.2530780182867E+07
           112.0500     -7.4800   6.2530780310572E+07
           112.0600     -7.4800   6.2530780444260E+07
           112.0700     -7.4800   6.2530780584702E+07
           112.0800     -7.4800   6.2530780732965E+07
           112.0900     -7.4800   6.2530780890348E+07
           112.1000     -7.4800   6.2530781058277E+07
           112.1100     -7.4800   6.2530781238177E+07
           112.1200     -7.4800   6.2530781431334E+07
           112.1300     -7.4800   6.2530781638757E+07
           112.1400     -7.4800   6.2530781861069E+07
           112.1500     -7.4800   6.2530782098428E+07
           112.1600     -7.4800   6.2530782350501E+07
           112.1700     -7.4800   6.2530782616485E+07
           112.1800     -7.4800   6.2530782895186E+07
           112.1900     -7.4800   6.2530783185130E+07
           112.2000     -7.4800   6.2530783484717E+07
           112.2100     -7.4800   6.2530783792379E+07
           112.2200     -7.4800   6.2530784106730E+07
           112.2300     -7.4800   6.2530784426698E+07
           112.2400     -7.4800   6.2530784751611E+07
           112.2500     -7.4800   6.2530785081228E+07
           112.2600     -7.4800   6.2530785415721E+07
           112.2700     -7.4800   6.2530785755597E+07
           112.2800     -7.4800   6.2530786101578E+07
           112.2900     -7.4800   6.2530786454441E+07
           112.3000     -7.4800   6.2530786814861E+07
           112.3100     -7.4800   6.2530787183239E+07
           112.3200     -7.4800   6.2530787559572E+07
           112.3300     -7.4800   6.2530787943351E+07
           112.3400     -7.4800   6.2530788333516E+07
           112.3500     -7.4800   6.2530788728460E+07
           112.3600     -7.4800   6.2530789126093E+07
           112.3700     -7.4800   6.2530789523940E+07
           112.3800     -7.4800   6.2530789919283E+07
           112.3900     -7.4800   6.2530790309312E+07
           112.4000     -7.4800   6.2530790691277E+07
           112.4100     -7.4800   6.2530791062622E+07
           112.4200     -7.4800   6.2530791421096E+07
           112.4300     -7.4800   6.2530791764818E+07
           112.4400     -7.4800   6.2530792092305E+07
           112.4500     -7.4800   6.2530792402462E+07
           112.4600     -7.4800   6.2530792694533E+07
           112.4700     -7.4800   6.2530792968036E+07
           112.4800     -7.4800   6.2530793222683E+07
           112.4900     -7.4800   6.2530793458310E+07
           112.5000     -7.4800   6.2530793674806E+07
           112.5100     -7.4800   6.2530793872083E+07
           112.5200     -7.4800   6.2530794050060E+07
           112.5300     -7.4800   6.2530794208675E+07
           112.5400     -7.4800   6.2530794347932E+07
           112.5500     -7.4800   6.2530794467954E+07
           112.5600     -7.4800   6.2530794569049E+07
           112.5700     -7.4800   6.2530794651779E+07
           112.5800     -7.4800   6.2530794717008E+07
           112.5900     -7.4800   6.2530794765945E+07
           112.6000     -7.4800   6.2530794800151E+07
           112.6100     -7.4800   6.2530794821527E+07
           112.6200     -7.4800   6.2530794832280E+07
           112.6300     -7.4800   6.2530794834860E+07
           112.6400     -7.4800   6.2530794831889E+07
           112.6500     -7.4800   6.2530794826080E+07
           112.6600     -7.4800   6.2530794820151E+07
           112.6700     -7.4800   6.2530794816746E+07
           112.6800     -7.4800   6.2530794818363E+07
           112.6900     -7.4800   6.2530794827288E+07
           112.7000     -7.4800   6.2530794845548E+07
           112.7100     -7.4800   6.2530794874858E+07
           112.7200     -7.4800   6.2530794916591E+07
           112.7300     -7.4800   6.2530794971741E+07
           112.7400     -7.4800   6.2530795040899E+07
           112.7500     -7.4800   6.2530795124225E+07
           112.7600     -7.4800   6.2530795221439E+07
           112.7700     -7.4800   6.2530795331812E+07
           112.7800     -7.4800   6.2530795454180E+07
           112.7900     -7.4800   6.2530795586976E+07
           112.8000     -7.4800   6.2530795728290E+07
           112.8100     -7.4800   6.2530795875950E+07
           112.8200     -7.4800   6.2530796027642E+07
           112.8300     -7.4800   6.2530796181037E+07
           112.8400     -7.4800   6.2530796333943E+07
           112.8500     -7.4800   6.2530796484456E+07
           112.8600     -7.4800   6.2530796631098E+07
           112.8700     -7.4800   6.2530796772933E+07
           112.8800     -7.4800   6.2530796909641E+07
           112.8900     -7.4800   6.2530797041542E+07
           112.9000     -7.4800   6.2530797169559E+07
           112.9100     -7.4800   6.2530797295130E+07
           112.9200     -7.4800   6.2530797420062E+07
           112.9300     -7.4800   6.2530797546343E+07
           112.9400     -7.4800   6.2530797675938E+07
           112.9500     -7.4800   6.2530797810577E+07
           112.9600     -7.4800   6.2530797951567E+07
           112.9700     -7.4800   6.2530798099649E+07
           112.9800     -7.4800   6.2530798254914E+07
           112.9900     -7.4800   6.2530798416798E+07
           113.0000     -7.4800   6.2530798584148E+07
           112.0000     -7.4900   6.2530784093491E+07
           112.0100     -7.4900   6.2530784196066E+07
           112.0200     -7.4900   6.2530784306032E+07
           112.0300     -7.4900   6.2530784423054E+07
           112.0400     -7.4900   6.2530784546961E+07
           112.0500     -7.4900   6.2530784677832E+07
           112.0600     -7.4900   6.2530784816046E+07
           112.0700     -7.4900   6.2530784962310E+07
           112.0800     -7.4900   6.2530785117643E+07
           112.0900     -7.4900   6.2530785283309E+07
           112.1000     -7.4900   6.2530785460721E+07
           112.1100     -7.4900   6.2530785651310E+07
           112.1200     -7.4900   6.2530785856378E+07
           112.1300     -7.4900   6.2530786076953E+07
           112.1400     -7.4900   6.2530786313668E+07
           112.1500     -7.4900   6.2530786566673E+07
           112.1600     -7.4900   6.2530786835602E+07
           112.1700     -7.4900   6.2530787119584E+07
           112.1800     -7.4900   6.2530787417323E+07
           112.1900     -7.4900   6.2530787727222E+07
           112.2000     -7.4900   6.2530788047534E+07
           112.2100     -7.4900   6.2530788376538E+07
           112.2200     -7.4900   6.2530788712707E+07
           112.2300     -7.4900   6.2530789054849E+07
           112.2400     -7.4900   6.2530789402210E+07
           112.2500     -7.4900   6.2530789754509E+07
           112.2600     -7.4900   6.2530790111928E+07
           112.2700     -7.4900   6.2530790475027E+07
           112.2800     -7.4900   6.2530790844612E+07
           112.2900     -7.4900   6.2530791221569E+07
           112.3000     -7.4900   6.2530791606676E+07
           112.3100     -7.4900   6.2530792000420E+07
           112.3200     -7.4900   6.2530792402843E+07
           112.3300     -7.4900   6.2530792813422E+07
           112.3400     -7.4900   6.2530793231015E+07
           112.3500     -7.4900   6.2530793653862E+07
           112.3600     -7.4900   6.2530794079647E+07
           112.3700     -7.4900   6.2530794505615E+07
           112.3800     -7.4900   6.2530794928723E+07
           112.3900     -7.4900   6.2530795345818E+07
           112.4000     -7.4900   6.2530795753812E+07
           112.4100     -7.4900   6.2530796149838E+07
           112.4200     -7.4900   6.2530796531382E+07
           112.4300     -7.4900   6.2530796896364E+07
           112.4400     -7.4900   6.2530797243171E+07
           112.4500     -7.4900   6.2530797570645E+07
           112.4600     -7.4900   6.2530797878033E+07
           112.4700     -7.4900   6.2530798164900E+07
           112.4800     -7.4900   6.2530798431037E+07
           112.4900     -7.4900   6.2530798676362E+07
           112.5000     -7.4900   6.2530798900842E+07
           112.5100     -7.4900   6.2530799104434E+07
           112.5200     -7.4900   6.2530799287064E+07
           112.5300     -7.4900   6.2530799448637E+07
           112.5400     -7.4900   6.2530799589084E+07
           112.5500     -7.4900   6.2530799708426E+07
           112.5600     -7.4900   6.2530799806860E+07
           112.5700     -7.4900   6.2530799884839E+07
           112.5800     -7.4900   6.2530799943152E+07
           112.5900     -7.4900   6.2530799982977E+07
           112.6000     -7.4900   6.2530800005906E+07
           112.6100     -7.4900   6.2530800013946E+07
           112.6200     -7.4900   6.2530800009478E+07
           112.6300     -7.4900   6.2530799995197E+07
           112.6400     -7.4900   6.2530799974023E+07
           112.6500     -7.4900   6.2530799949003E+07
           112.6600     -7.4900   6.2530799923206E+07
           112.6700     -7.4900   6.2530799899618E+07
           112.6800     -7.4900   6.2530799881052E+07
           112.6900     -7.4900   6.2530799870062E+07
           112.7000     -7.4900   6.2530799868883E+07
           112.7100     -7.4900   6.2530799879382E+07
           112.7200     -7.4900   6.2530799903013E+07
           112.7300     -7.4900   6.2530799940804E+07
           112.7400     -7.4900   6.2530799993329E+07
           112.7500     -7.4900   6.2530800060706E+07
           112.7600     -7.4900   6.2530800142596E+07
           112.7700     -7.4900   6.2530800238208E+07
           112.7800     -7.4900   6.2530800346324E+07
           112.7900     -7.4900   6.2530800465338E+07
           112.8000     -7.4900   6.2530800593316E+07
           112.8100     -7.4900   6.2530800728077E+07
           112.8200     -7.4900   6.2530800867303E+07
           112.8300     -7.4900   6.2530801008663E+07
           112.8400     -7.4900   6.2530801149958E+07
           112.8500     -7.4900   6.2530801289265E+07
           112.8600     -7.4900   6.2530801425076E+07
           112.8700     -7.4900   6.2530801556412E+07
           112.8800     -7.4900   6.2530801682908E+07
           112.8900     -7.4900   6.2530801804842E+07
           112.9000     -7.4900   6.2530801923116E+07
           112.9100     -7.4900   6.2530802039174E+07
           112.9200     -7.4900   6.2530802154868E+07
           112.9300     -7.4900   6.2530802272280E+07
           112.9400     -7.4900   6.2530802393511E+07
           112.9500     -7.4900   6.2530802520470E+07
           112.9600     -7.4900   6.2530802654669E+07
           112.9700     -7.4900   6.2530802797061E+07
           112.9800     -7.4900   6.2530802947932E+07
           112.9900     -7.4900   6.2530803106870E+07
           113.0000     -7.4900   6.2530803272806E+07
           112.0000     -7.5000   6.2530788488762E+07
           112.0100     -7.5000   6.2530788589783E+07
           112.0200     -7.5000   6.2530788699781E+07
           112.0300     -7.5000   6.2530788818348E+07
           112.0400     -7.5000   6.2530788945219E+07
           112.0500     -7.5000   6.2530789080362E+07
           112.0600     -7.5000   6.2530789224050E+07
           112.0700     -7.5000   6.2530789376902E+07
           112.0800     -7.5000   6.2530789539871E+07
           112.0900     -7.5000   6.2530789714192E+07
           112.1000     -7.5000   6.2530789901285E+07
           112.1100     -7.5000   6.2530790102617E+07
           112.1200     -7.5000   6.2530790319550E+07
           112.1300     -7.5000   6.2530790553184E+07
           112.1400     -7.5000   6.2530790804218E+07
           112.1500     -7.5000   6.2530791072853E+07
           112.1600     -7.5000   6.2530791358739E+07
           112.1700     -7.5000   6.2530791660991E+07
           112.1800     -7.5000   6.2530791978253E+07
           112.1900     -7.5000   6.2530792308830E+07
           112.2000     -7.5000   6.2530792650847E+07
           112.2100     -7.5000   6.2530793002438E+07
           112.2200     -7.5000   6.2530793361926E+07
           112.2300     -7.5000   6.2530793727983E+07
           112.2400     -7.5000   6.2530794099738E+07
           112.2500     -7.5000   6.2530794476838E+07
           112.2600     -7.5000   6.2530794859428E+07
           112.2700     -7.5000   6.2530795248070E+07
           112.2800     -7.5000   6.2530795643608E+07
           112.2900     -7.5000   6.2530796046983E+07
           112.3000     -7.5000   6.2530796459028E+07
           112.3100     -7.5000   6.2530796880273E+07
           112.3200     -7.5000   6.2530797310763E+07
           112.3300     -7.5000   6.2530797749931E+07
           112.3400     -7.5000   6.2530798196531E+07
           112.3500     -7.5000   6.2530798648633E+07
           112.3600     -7.5000   6.2530799103691E+07
           112.3700     -7.5000   6.2530799558671E+07
           112.3800     -7.5000   6.2530800010220E+07
           112.3900     -7.5000   6.2530800454864E+07
           112.4000     -7.5000   6.2530800889205E+07
           112.4100     -7.5000   6.2530801310104E+07
           112.4200     -7.5000   6.2530801714826E+07
           112.4300     -7.5000   6.2530802101137E+07
           112.4400     -7.5000   6.2530802467338E+07
           112.4500     -7.5000   6.2530802812259E+07
           112.4600     -7.5000   6.2530803135187E+07
           112.4700     -7.5000   6.2530803435775E+07
           112.4800     -7.5000   6.2530803713916E+07
           112.4900     -7.5000   6.2530803969635E+07
           112.5000     -7.5000   6.2530804202977E+07
           112.5100     -7.5000   6.2530804413940E+07
           112.5200     -7.5000   6.2530804602440E+07
           112.5300     -7.5000   6.2530804768317E+07
           112.5400     -7.5000   6.2530804911386E+07
           112.5500     -7.5000   6.2530805031517E+07
           112.5600     -7.5000   6.2530805128734E+07
           112.5700     -7.5000   6.2530805203321E+07
           112.5800     -7.5000   6.2530805255926E+07
           112.5900     -7.5000   6.2530805287631E+07
           112.6000     -7.5000   6.2530805300003E+07
           112.6100     -7.5000   6.2530805295095E+07
           112.6200     -7.5000   6.2530805275421E+07
           112.6300     -7.5000   6.2530805243882E+07
           112.6400     -7.5000   6.2530805203671E+07
           112.6500     -7.5000   6.2530805158154E+07
           112.6600     -7.5000   6.2530805110747E+07
           112.6700     -7.5000   6.2530805064783E+07
           112.6800     -7.5000   6.2530805023407E+07
           112.6900     -7.5000   6.2530804989469E+07
           112.7000     -7.5000   6.2530804965451E+07
           112.7100     -7.5000   6.2530804953411E+07
           112.7200     -7.5000   6.2530804954947E+07
           112.7300     -7.5000   6.2530804971177E+07
           112.7400     -7.5000   6.2530805002732E+07
           112.7500     -7.5000   6.2530805049764E+07
           112.7600     -7.5000   6.2530805111956E+07
           112.7700     -7.5000   6.2530805188540E+07
           112.7800     -7.5000   6.2530805278330E+07
           112.7900     -7.5000   6.2530805379764E+07
           112.8000     -7.5000   6.2530805490960E+07
           112.8100     -7.5000   6.2530805609793E+07
           112.8200     -7.5000   6.2530805733995E+07
           112.8300     -7.5000   6.2530805861270E+07
           112.8400     -7.5000   6.2530805989426E+07
           112.8500     -7.5000   6.2530806116516E+07
           112.8600     -7.5000   6.2530806240971E+07
           112.8700     -7.5000   6.2530806361721E+07
           112.8800     -7.5000   6.2530806478285E+07
           112.8900     -7.5000   6.2530806590818E+07
           112.9000     -7.5000   6.2530806700101E+07
           112.9100     -7.5000   6.2530806807489E+07
           112.9200     -7.5000   6.2530806914783E+07
           112.9300     -7.5000   6.2530807024071E+07
           112.9400     -7.5000   6.2530807137523E+07
           112.9500     -7.5000   6.2530807257176E+07
           112.9600     -7.5000   6.2530807384720E+07
           112.9700     -7.5000   6.2530807521320E+07
           112.9800     -7.5000   6.2530807667484E+07
           112.9900     -7.5000   6.2530807822994E+07
           113.0000     -7.5000   6.2530807986931E+07
           112.0000     -7.5100   6.2530792920396E+07
           112.0100     -7.5100   6.2530793020640E+07
           112.0200     -7.5100   6.2530793131517E+07
           112.0300     -7.5100   6.2530793252493E+07
           112.0400     -7.5100   6.2530793383152E+07
           112.0500     -7.5100   6.2530793523306E+07
           112.0600     -7.5100   6.2530793673087E+07
           112.0700     -7.5100   6.2530793832998E+07
           112.0800     -7.5100   6.2530794003919E+07
           112.0900     -7.5100   6.2530794187061E+07
           112.1000     -7.5100   6.2530794383864E+07
           112.1100     -7.5100   6.2530794595865E+07
           112.1200     -7.5100   6.2530794824523E+07
           112.1300     -7.5100   6.2530795071054E+07
           112.1400     -7.5100   6.2530795336274E+07
           112.1500     -7.5100   6.2530795620484E+07
           112.1600     -7.5100   6.2530795923401E+07
           112.1700     -7.5100   6.2530796244162E+07
           112.1800     -7.5100   6.2530796581388E+07
           112.1900     -7.5100   6.2530796933308E+07
           112.2000     -7.5100   6.2530797297933E+07
           112.2100     -7.5100   6.2530797673253E+07
           112.2200     -7.5100   6.2530798057431E+07
           112.2300     -7.5100   6.2530798448978E+07
           112.2400     -7.5100   6.2530798846883E+07
           112.2500     -7.5100   6.2530799250677E+07
           112.2600     -7.5100   6.2530799660424E+07
           112.2700     -7.5100   6.2530800076642E+07
           112.2800     -7.5100   6.2530800500160E+07
           112.2900     -7.5100   6.2530800931924E+07
           112.3000     -7.5100   6.2530801372777E+07
           112.3100     -7.5100   6.2530801823243E+07
           112.3200     -7.5100   6.2530802283337E+07
           112.3300     -7.5100   6.2530802752416E+07
           112.3400     -7.5100   6.2530803229107E+07
           112.3500     -7.5100   6.2530803711297E+07
           112.3600     -7.5100   6.2530804196212E+07
           112.3700     -7.5100   6.2530804680546E+07
           112.3800     -7.5100   6.2530805160659E+07
           112.3900     -7.5100   6.2530805632783E+07
           112.4000     -7.5100   6.2530806093255E+07
           112.4100     -7.5100   6.2530806538710E+07
           112.4200     -7.5100   6.2530806966246E+07
           112.4300     -7.5100   6.2530807373531E+07
           112.4400     -7.5100   6.2530807758844E+07
           112.4500     -7.5100   6.2530808121056E+07
           112.4600     -7.5100   6.2530808459550E+07
           112.4700     -7.5100   6.2530808774105E+07
           112.4800     -7.5100   6.2530809064754E+07
           112.4900     -7.5100   6.2530809331642E+07
           112.5000     -7.5100   6.2530809574901E+07
           112.5100     -7.5100   6.2530809794556E+07
           112.5200     -7.5100   6.2530809990485E+07
           112.5300     -7.5100   6.2530810162419E+07
           112.5400     -7.5100   6.2530810310002E+07
           112.5500     -7.5100   6.2530810432884E+07
           112.5600     -7.5100   6.2530810530842E+07
           112.5700     -7.5100   6.2530810603915E+07
           112.5800     -7.5100   6.2530810652528E+07
           112.5900     -7.5100   6.2530810677594E+07
           112.6000     -7.5100   6.2530810680584E+07
           112.6100     -7.5100   6.2530810663542E+07
           112.6200     -7.5100   6.2530810629064E+07
           112.6300     -7.5100   6.2530810580224E+07
           112.6400     -7.5100   6.2530810520466E+07
           112.6500     -7.5100   6.2530810453468E+07
           112.6600     -7.5100   6.2530810382993E+07
           112.6700     -7.5100   6.2530810312740E+07
           112.6800     -7.5100   6.2530810246208E+07
           112.6900     -7.5100   6.2530810186576E+07
           112.7000     -7.5100   6.2530810136614E+07
           112.7100     -7.5100   6.2530810098620E+07
           112.7200     -7.5100   6.2530810074384E+07
           112.7300     -7.5100   6.2530810065172E+07
           112.7400     -7.5100   6.2530810071737E+07
           112.7500     -7.5100   6.2530810094329E+07
           112.7600     -7.5100   6.2530810132723E+07
           112.7700     -7.5100   6.2530810186248E+07
           112.7800     -7.5100   6.2530810253824E+07
           112.7900     -7.5100   6.2530810334005E+07
           112.8000     -7.5100   6.2530810425032E+07
           112.8100     -7.5100   6.2530810524899E+07
           112.8200     -7.5100   6.2530810631443E+07
           112.8300     -7.5100   6.2530810742439E+07
           112.8400     -7.5100   6.2530810855729E+07
           112.8500     -7.5100   6.2530810969344E+07
           112.8600     -7.5100   6.2530811081639E+07
           112.8700     -7.5100   6.2530811191417E+07
           112.8800     -7.5100   6.2530811298025E+07
           112.8900     -7.5100   6.2530811401421E+07
           112.9000     -7.5100   6.2530811502187E+07
           112.9100     -7.5100   6.2530811601493E+07
           112.9200     -7.5100   6.2530811701002E+07
           112.9300     -7.5100   6.2530811802722E+07
           112.9400     -7.5100   6.2530811908819E+07
           112.9500     -7.5100   6.2530812021404E+07
           112.9600     -7.5100   6.2530812142316E+07
           112.9700     -7.5100   6.2530812272923E+07
           112.9800     -7.5100   6.2530812413970E+07
           112.9900     -7.5100   6.2530812565478E+07
           113.0000     -7.5100   6.2530812726735E+07
           112.0000     -7.5200   6.2530797395425E+07
           112.0100     -7.5200   6.2530797495154E+07
           112.0200     -7.5200   6.2530797607252E+07
           112.0300     -7.5200   6.2530797731013E+07
           112.0400     -7.5200   6.2530797865831E+07
           112.0500     -7.5200   6.2530798011326E+07
           112.0600     -7.5200   6.2530798167461E+07
           112.0700     -7.5200   6.2530798334605E+07
           112.0800     -7.5200   6.2530798513558E+07
           112.0900     -7.5200   6.2530798705508E+07
           112.1000     -7.5200   6.2530798911934E+07
           112.1100     -7.5200   6.2530799134459E+07
           112.1200     -7.5200   6.2530799374672E+07
           112.1300     -7.5200   6.2530799633940E+07
           112.1400     -7.5200   6.2530799913233E+07
           112.1500     -7.5200   6.2530800212987E+07
           112.1600     -7.5200   6.2530800533021E+07
           112.1700     -7.5200   6.2530800872525E+07
           112.1800     -7.5200   6.2530801230117E+07
           112.1900     -7.5200   6.2530801603968E+07
           112.2000     -7.5200   6.2530801991982E+07
           112.2100     -7.5200   6.2530802392000E+07
           112.2200     -7.5200   6.2530802802013E+07
           112.2300     -7.5200   6.2530803220353E+07
           112.2400     -7.5200   6.2530803645839E+07
           112.2500     -7.5200   6.2530804077852E+07
           112.2600     -7.5200   6.2530804516337E+07
           112.2700     -7.5200   6.2530804961725E+07
           112.2800     -7.5200   6.2530805414784E+07
           112.2900     -7.5200   6.2530805876420E+07
           112.3000     -7.5200   6.2530806347442E+07
           112.3100     -7.5200   6.2530806828333E+07
           112.3200     -7.5200   6.2530807319040E+07
           112.3300     -7.5200   6.2530807818818E+07
           112.3400     -7.5200   6.2530808326146E+07
           112.3500     -7.5200   6.2530808838722E+07
           112.3600     -7.5200   6.2530809353543E+07
           112.3700     -7.5200   6.2530809867046E+07
           112.3800     -7.5200   6.2530810375326E+07
           112.3900     -7.5200   6.2530810874363E+07
           112.4000     -7.5200   6.2530811360269E+07
           112.4100     -7.5200   6.2530811829512E+07
           112.4200     -7.5200   6.2530812279087E+07
           112.4300     -7.5200   6.2530812706632E+07
           112.4400     -7.5200   6.2530813110469E+07
           112.4500     -7.5200   6.2530813489576E+07
           112.4600     -7.5200   6.2530813843489E+07
           112.4700     -7.5200   6.2530814172164E+07
           112.4800     -7.5200   6.2530814475806E+07
           112.4900     -7.5200   6.2530814754702E+07
           112.5000     -7.5200   6.2530815009066E+07
           112.5100     -7.5200   6.2530815238934E+07
           112.5200     -7.5200   6.2530815444108E+07
           112.5300     -7.5200   6.2530815624156E+07
           112.5400     -7.5200   6.2530815778481E+07
           112.5500     -7.5200   6.2530815906433E+07
           112.5600     -7.5200   6.2530816007454E+07
           112.5700     -7.5200   6.2530816081246E+07
           112.5800     -7.5200   6.2530816127925E+07
           112.5900     -7.5200   6.2530816148155E+07
           112.6000     -7.5200   6.2530816143238E+07
           112.6100     -7.5200   6.2530816115151E+07
           112.6200     -7.5200   6.2530816066532E+07
           112.6300     -7.5200   6.2530816000600E+07
           112.6400     -7.5200   6.2530815921040E+07
           112.6500     -7.5200   6.2530815831844E+07
           112.6600     -7.5200   6.2530815737143E+07
           112.6700     -7.5200   6.2530815641028E+07
           112.6800     -7.5200   6.2530815547385E+07
           112.6900     -7.5200   6.2530815459765E+07
           112.7000     -7.5200   6.2530815381266E+07
           112.7100     -7.5200   6.2530815314472E+07
           112.7200     -7.5200   6.2530815261409E+07
           112.7300     -7.5200   6.2530815223541E+07
           112.7400     -7.5200   6.2530815201781E+07
           112.7500     -7.5200   6.2530815196528E+07
           112.7600     -7.5200   6.2530815207696E+07
           112.7700     -7.5200   6.2530815234762E+07
           112.7800     -7.5200   6.2530815276804E+07
           112.7900     -7.5200   6.2530815332546E+07
           112.8000     -7.5200   6.2530815400405E+07
           112.8100     -7.5200   6.2530815478550E+07
           112.8200     -7.5200   6.2530815564966E+07
           112.8300     -7.5200   6.2530815657545E+07
           112.8400     -7.5200   6.2530815754189E+07
           112.8500     -7.5200   6.2530815852924E+07
           112.8600     -7.5200   6.2530815952031E+07
           112.8700     -7.5200   6.2530816050164E+07
           112.8800     -7.5200   6.2530816146466E+07
           112.8900     -7.5200   6.2530816240643E+07
           112.9000     -7.5200   6.2530816333011E+07
           112.9100     -7.5200   6.2530816424483E+07
           112.9200     -7.5200   6.2530816516501E+07
           112.9300     -7.5200   6.2530816610917E+07
           112.9400     -7.5200   6.2530816709825E+07
           112.9500     -7.5200   6.2530816815352E+07
           112.9600     -7.5200   6.2530816929448E+07
           112.9700     -7.5200   6.2530817053672E+07
           112.9800     -7.5200   6.2530817189012E+07
           112.9900     -7.5200   6.2530817335764E+07
           113.0000     -7.5200   6.2530817493473E+07
           112.0000     -7.5300   6.2530801920340E+07
           112.0100     -7.5300   6.2530802019276E+07
           112.0200     -7.5300   6.2530802132402E+07
           112.0300     -7.5300   6.2530802258813E+07
           112.0400     -7.5300   6.2530802397689E+07
           112.0500     -7.5300   6.2530802548437E+07
           112.0600     -7.5300   6.2530802710832E+07
           112.0700     -7.5300   6.2530802885100E+07
           112.0800     -7.5300   6.2530803071955E+07
           112.0900     -7.5300   6.2530803272565E+07
           112.1000     -7.5300   6.2530803488453E+07
           112.1100     -7.5300   6.2530803721344E+07
           112.1200     -7.5300   6.2530803972973E+07
           112.1300     -7.5300   6.2530804244877E+07
           112.1400     -7.5300   6.2530804538201E+07
           112.1500     -7.5300   6.2530804853535E+07
           112.1600     -7.5300   6.2530805190817E+07
           112.1700     -7.5300   6.2530805549304E+07
           112.1800     -7.5300   6.2530805927624E+07
           112.1900     -7.5300   6.2530806323893E+07
           112.2000     -7.5300   6.2530806735907E+07
           112.2100     -7.5300   6.2530807161353E+07
           112.2200     -7.5300   6.2530807598040E+07
           112.2300     -7.5300   6.2530808044105E+07
           112.2400     -7.5300   6.2530808498174E+07
           112.2500     -7.5300   6.2530808959453E+07
           112.2600     -7.5300   6.2530809427739E+07
           112.2700     -7.5300   6.2530809903342E+07
           112.2800     -7.5300   6.2530810386939E+07
           112.2900     -7.5300   6.2530810879360E+07
           112.3000     -7.5300   6.2530811381348E+07
           112.3100     -7.5300   6.2530811893310E+07
           112.3200     -7.5300   6.2530812415096E+07
           112.3300     -7.5300   6.2530812945838E+07
           112.3400     -7.5300   6.2530813483851E+07
           112.3500     -7.5300   6.2530814026636E+07
           112.3600     -7.5300   6.2530814570961E+07
           112.3700     -7.5300   6.2530815113022E+07
           112.3800     -7.5300   6.2530815648674E+07
           112.3900     -7.5300   6.2530816173679E+07
           112.4000     -7.5300   6.2530816683979E+07
           112.4100     -7.5300   6.2530817175928E+07
           112.4200     -7.5300   6.2530817646487E+07
           112.4300     -7.5300   6.2530818093333E+07
           112.4400     -7.5300   6.2530818514905E+07
           112.4500     -7.5300   6.2530818910356E+07
           112.4600     -7.5300   6.2530819279437E+07
           112.4700     -7.5300   6.2530819622329E+07
           112.4800     -7.5300   6.2530819939445E+07
           112.4900     -7.5300   6.2530820231227E+07
           112.5000     -7.5300   6.2530820497971E+07
           112.5100     -7.5300   6.2530820739697E+07
           112.5200     -7.5300   6.2530820956083E+07
           112.5300     -7.5300   6.2530821146470E+07
           112.5400     -7.5300   6.2530821309941E+07
           112.5500     -7.5300   6.2530821445452E+07
           112.5600     -7.5300   6.2530821552017E+07
           112.5700     -7.5300   6.2530821628901E+07
           112.5800     -7.5300   6.2530821675821E+07
           112.5900     -7.5300   6.2530821693108E+07
           112.6000     -7.5300   6.2530821681829E+07
           112.6100     -7.5300   6.2530821643848E+07
           112.6200     -7.5300   6.2530821581810E+07
           112.6300     -7.5300   6.2530821499072E+07
           112.6400     -7.5300   6.2530821399565E+07
           112.6500     -7.5300   6.2530821287622E+07
           112.6600     -7.5300   6.2530821167774E+07
           112.6700     -7.5300   6.2530821044547E+07
           112.6800     -7.5300   6.2530820922269E+07
           112.6900     -7.5300   6.2530820804903E+07
           112.7000     -7.5300   6.2530820695926E+07
           112.7100     -7.5300   6.2530820598246E+07
           112.7200     -7.5300   6.2530820514161E+07
           112.7300     -7.5300   6.2530820445355E+07
           112.7400     -7.5300   6.2530820392930E+07
           112.7500     -7.5300   6.2530820357448E+07
           112.7600     -7.5300   6.2530820338980E+07
           112.7700     -7.5300   6.2530820337168E+07
           112.7800     -7.5300   6.2530820351269E+07
           112.7900     -7.5300   6.2530820380202E+07
           112.8000     -7.5300   6.2530820422593E+07
           112.8100     -7.5300   6.2530820476816E+07
           112.8200     -7.5300   6.2530820541045E+07
           112.8300     -7.5300   6.2530820613326E+07
           112.8400     -7.5300   6.2530820691654E+07
           112.8500     -7.5300   6.2530820774079E+07
           112.8600     -7.5300   6.2530820858822E+07
           112.8700     -7.5300   6.2530820944396E+07
           112.8800     -7.5300   6.2530821029724E+07
           112.8900     -7.5300   6.2530821114236E+07
           112.9000     -7.5300   6.2530821197939E+07
           112.9100     -7.5300   6.2530821281432E+07
           112.9200     -7.5300   6.2530821365874E+07
           112.9300     -7.5300   6.2530821452896E+07
           112.9400     -7.5300   6.2530821544452E+07
           112.9500     -7.5300   6.2530821642634E+07
           112.9600     -7.5300   6.2530821749462E+07
           112.9700     -7.5300   6.2530821866659E+07
           112.9800     -7.5300   6.2530821995459E+07
           112.9900     -7.5300   6.2530822136451E+07
           113.0000     -7.5300   6.2530822289482E+07
           112.0000     -7.5400   6.2530806500739E+07
           112.0100     -7.5400   6.2530806598087E+07
           112.0200     -7.5400   6.2530806711530E+07
           112.0300     -7.5400   6.2530806839964E+07
           112.0400     -7.5400   6.2530806982343E+07
           112.0500     -7.5400   6.2530807137858E+07
           112.0600     -7.5400   6.2530807306091E+07
           112.0700     -7.5400   6.2530807487123E+07
           112.0800     -7.5400   6.2530807681579E+07
           112.0900     -7.5400   6.2530807890606E+07
           112.1000     -7.5400   6.2530808115772E+07
           112.1100     -7.5400   6.2530808358907E+07
           112.1200     -7.5400   6.2530808621892E+07
           112.1300     -7.5400   6.2530808906435E+07
           112.1400     -7.5400   6.2530809213855E+07
           112.1500     -7.5400   6.2530809544898E+07
           112.1600     -7.5400   6.2530809899620E+07
           112.1700     -7.5400   6.2530810277342E+07
           112.1800     -7.5400   6.2530810676695E+07
           112.1900     -7.5400   6.2530811095740E+07
           112.2000     -7.5400   6.2530811532155E+07
           112.2100     -7.5400   6.2530811983469E+07
           112.2200     -7.5400   6.2530812447298E+07
           112.2300     -7.5400   6.2530812921577E+07
           112.2400     -7.5400   6.2530813404728E+07
           112.2500     -7.5400   6.2530813895772E+07
           112.2600     -7.5400   6.2530814394341E+07
           112.2700     -7.5400   6.2530814900610E+07
           112.2800     -7.5400   6.2530815415146E+07
           112.2900     -7.5400   6.2530815938683E+07
           112.3000     -7.5400   6.2530816471876E+07
           112.3100     -7.5400   6.2530817015033E+07
           112.3200     -7.5400   6.2530817567890E+07
           112.3300     -7.5400   6.2530818129431E+07
           112.3400     -7.5400   6.2530818697797E+07
           112.3500     -7.5400   6.2530819270282E+07
           112.3600     -7.5400   6.2530819843424E+07
           112.3700     -7.5400   6.2530820413190E+07
           112.3800     -7.5400   6.2530820975212E+07
           112.3900     -7.5400   6.2530821525073E+07
           112.4000     -7.5400   6.2530822058583E+07
           112.4100     -7.5400   6.2530822572044E+07
           112.4200     -7.5400   6.2530823062440E+07
           112.4300     -7.5400   6.2530823527562E+07
           112.4400     -7.5400   6.2530823966034E+07
           112.4500     -7.5400   6.2530824377251E+07
           112.4600     -7.5400   6.2530824761240E+07
           112.4700     -7.5400   6.2530825118457E+07
           112.4800     -7.5400   6.2530825449552E+07
           112.4900     -7.5400   6.2530825755137E+07
           112.5000     -7.5400   6.2530826035578E+07
           112.5100     -7.5400   6.2530826290845E+07
           112.5200     -7.5400   6.2530826520442E+07
           112.5300     -7.5400   6.2530826723409E+07
           112.5400     -7.5400   6.2530826898418E+07
           112.5500     -7.5400   6.2530827043937E+07
           112.5600     -7.5400   6.2530827158446E+07
           112.5700     -7.5400   6.2530827240679E+07
           112.5800     -7.5400   6.2530827289859E+07
           112.5900     -7.5400   6.2530827305911E+07
           112.6000     -7.5400   6.2530827289612E+07
           112.6100     -7.5400   6.2530827242674E+07
           112.6200     -7.5400   6.2530827167743E+07
           112.6300     -7.5400   6.2530827068323E+07
           112.6400     -7.5400   6.2530826948626E+07
           112.6500     -7.5400   6.2530826813371E+07
           112.6600     -7.5400   6.2530826667551E+07
           112.6700     -7.5400   6.2530826516193E+07
           112.6800     -7.5400   6.2530826364126E+07
           112.6900     -7.5400   6.2530826215791E+07
           112.7000     -7.5400   6.2530826075090E+07
           112.7100     -7.5400   6.2530825945287E+07
           112.7200     -7.5400   6.2530825828973E+07
           112.7300     -7.5400   6.2530825728061E+07
           112.7400     -7.5400   6.2530825643831E+07
           112.7500     -7.5400   6.2530825576990E+07
           112.7600     -7.5400   6.2530825527748E+07
           112.7700     -7.5400   6.2530825495887E+07
           112.7800     -7.5400   6.2530825480824E+07
           112.7900     -7.5400   6.2530825481663E+07
           112.8000     -7.5400   6.2530825497236E+07
           112.8100     -7.5400   6.2530825526132E+07
           112.8200     -7.5400   6.2530825566739E+07
           112.8300     -7.5400   6.2530825617282E+07
           112.8400     -7.5400   6.2530825675889E+07
           112.8500     -7.5400   6.2530825740672E+07
           112.8600     -7.5400   6.2530825809827E+07
           112.8700     -7.5400   6.2530825881751E+07
           112.8800     -7.5400   6.2530825955165E+07
           112.8900     -7.5400   6.2530826029224E+07
           112.9000     -7.5400   6.2530826103608E+07
           112.9100     -7.5400   6.2530826178577E+07
           112.9200     -7.5400   6.2530826254963E+07
           112.9300     -7.5400   6.2530826334123E+07
           112.9400     -7.5400   6.2530826417817E+07
           112.9500     -7.5400   6.2530826508049E+07
           112.9600     -7.5400   6.2530826606861E+07
           112.9700     -7.5400   6.2530826716113E+07
           112.9800     -7.5400   6.2530826837269E+07
           112.9900     -7.5400   6.2530826971218E+07
           113.0000     -7.5400   6.2530827118140E+07
           112.0000     -7.5500   6.2530811141014E+07
           112.0100     -7.5500   6.2530811235528E+07
           112.0200     -7.5500   6.2530811348126E+07
           112.0300     -7.5500   6.2530811477516E+07
           112.0400     -7.5500   6.2530811622445E+07
           112.0500     -7.5500   6.2530811781897E+07
           112.0600     -7.5500   6.2530811955270E+07
           112.0700     -7.5500   6.2530812142501E+07
           112.0800     -7.5500   6.2530812344131E+07
           112.0900     -7.5500   6.2530812561283E+07
           112.1000     -7.5500   6.2530812795563E+07
           112.1100     -7.5500   6.2530813048891E+07
           112.1200     -7.5500   6.2530813323281E+07
           112.1300     -7.5500   6.2530813620595E+07
           112.1400     -7.5500   6.2530813942306E+07
           112.1500     -7.5500   6.2530814289293E+07
           112.1600     -7.5500   6.2530814661708E+07
           112.1700     -7.5500   6.2530815058917E+07
           112.1800     -7.5500   6.2530815479538E+07
           112.1900     -7.5500   6.2530815921559E+07
           112.2000     -7.5500   6.2530816382535E+07
           112.2100     -7.5500   6.2530816859827E+07
           112.2200     -7.5500   6.2530817350862E+07
           112.2300     -7.5500   6.2530817853368E+07
           112.2400     -7.5500   6.2530818365571E+07
           112.2500     -7.5500   6.2530818886310E+07
           112.2600     -7.5500   6.2530819415059E+07
           112.2700     -7.5500   6.2530819951863E+07
           112.2800     -7.5500   6.2530820497175E+07
           112.2900     -7.5500   6.2530821051635E+07
           112.3000     -7.5500   6.2530821615799E+07
           112.3100     -7.5500   6.2530822189868E+07
           112.3200     -7.5500   6.2530822773449E+07
           112.3300     -7.5500   6.2530823365365E+07
           112.3400     -7.5500   6.2530823963565E+07
           112.3500     -7.5500   6.2530824565124E+07
           112.3600     -7.5500   6.2530825166348E+07
           112.3700     -7.5500   6.2530825762972E+07
           112.3800     -7.5500   6.2530826350422E+07
           112.3900     -7.5500   6.2530826924117E+07
           112.4000     -7.5500   6.2530827479778E+07
           112.4100     -7.5500   6.2530828013694E+07
           112.4200     -7.5500   6.2530828522933E+07
           112.4300     -7.5500   6.2530829005456E+07
           112.4400     -7.5500   6.2530829460138E+07
           112.4500     -7.5500   6.2530829886680E+07
           112.4600     -7.5500   6.2530830285440E+07
           112.4700     -7.5500   6.2530830657190E+07
           112.4800     -7.5500   6.2530831002844E+07
           112.4900     -7.5500   6.2530831323191E+07
           112.5000     -7.5500   6.2530831618652E+07
           112.5100     -7.5500   6.2530831889110E+07
           112.5200     -7.5500   6.2530832133830E+07
           112.5300     -7.5500   6.2530832351475E+07
           112.5400     -7.5500   6.2530832540214E+07
           112.5500     -7.5500   6.2530832697926E+07
           112.5600     -7.5500   6.2530832822453E+07
           112.5700     -7.5500   6.2530832911900E+07
           112.5800     -7.5500   6.2530832964918E+07
           112.5900     -7.5500   6.2530832980959E+07
           112.6000     -7.5500   6.2530832960470E+07
           112.6100     -7.5500   6.2530832905000E+07
           112.6200     -7.5500   6.2530832817209E+07
           112.6300     -7.5500   6.2530832700788E+07
           112.6400     -7.5500   6.2530832560293E+07
           112.6500     -7.5500   6.2530832400908E+07
           112.6600     -7.5500   6.2530832228178E+07
           112.6700     -7.5500   6.2530832047718E+07
           112.6800     -7.5500   6.2530831864946E+07
           112.6900     -7.5500   6.2530831684848E+07
           112.7000     -7.5500   6.2530831511803E+07
           112.7100     -7.5500   6.2530831349466E+07
           112.7200     -7.5500   6.2530831200721E+07
           112.7300     -7.5500   6.2530831067692E+07
           112.7400     -7.5500   6.2530830951797E+07
           112.7500     -7.5500   6.2530830853836E+07
           112.7600     -7.5500   6.2530830774088E+07
           112.7700     -7.5500   6.2530830712407E+07
           112.7800     -7.5500   6.2530830668306E+07
           112.7900     -7.5500   6.2530830641021E+07
           112.8000     -7.5500   6.2530830629549E+07
           112.8100     -7.5500   6.2530830632678E+07
           112.8200     -7.5500   6.2530830649007E+07
           112.8300     -7.5500   6.2530830676964E+07
           112.8400     -7.5500   6.2530830714844E+07
           112.8500     -7.5500   6.2530830760868E+07
           112.8600     -7.5500   6.2530830813258E+07
           112.8700     -7.5500   6.2530830870350E+07
           112.8800     -7.5500   6.2530830930703E+07
           112.8900     -7.5500   6.2530830993232E+07
           112.9000     -7.5500   6.2530831057308E+07
           112.9100     -7.5500   6.2530831122845E+07
           112.9200     -7.5500   6.2530831190332E+07
           112.9300     -7.5500   6.2530831260815E+07
           112.9400     -7.5500   6.2530831335818E+07
           112.9500     -7.5500   6.2530831417203E+07
           112.9600     -7.5500   6.2530831506988E+07
           112.9700     -7.5500   6.2530831607125E+07
           112.9800     -7.5500   6.2530831719286E+07
           112.9900     -7.5500   6.2530831844648E+07
           113.0000     -7.5500   6.2530831983736E+07
           112.0000     -7.5600   6.2530815844117E+07
           112.0100     -7.5600   6.2530815934204E+07
           112.0200     -7.5600   6.2530816044438E+07
           112.0300     -7.5600   6.2530816173375E+07
           112.0400     -7.5600   6.2530816319586E+07
           112.0500     -7.5600   6.2530816481876E+07
           112.0600     -7.5600   6.2530816659478E+07
           112.0700     -7.5600   6.2530816852203E+07
           112.0800     -7.5600   6.2530817060507E+07
           112.0900     -7.5600   6.2530817285484E+07
           112.1000     -7.5600   6.2530817528762E+07
           112.1100     -7.5600   6.2530817792329E+07
           112.1200     -7.5600   6.2530818078301E+07
           112.1300     -7.5600   6.2530818388655E+07
           112.1400     -7.5600   6.2530818724978E+07
           112.1500     -7.5600   6.2530819088240E+07
           112.1600     -7.5600   6.2530819478651E+07
           112.1700     -7.5600   6.2530819895586E+07
           112.1800     -7.5600   6.2530820337619E+07
           112.1900     -7.5600   6.2530820802645E+07
           112.2000     -7.5600   6.2530821288083E+07
           112.2100     -7.5600   6.2530821791126E+07
           112.2200     -7.5600   6.2530822309014E+07
           112.2300     -7.5600   6.2530822839290E+07
           112.2400     -7.5600   6.2530823380003E+07
           112.2500     -7.5600   6.2530823929834E+07
           112.2600     -7.5600   6.2530824488130E+07
           112.2700     -7.5600   6.2530825054826E+07
           112.2800     -7.5600   6.2530825630290E+07
           112.2900     -7.5600   6.2530826215077E+07
           112.3000     -7.5600   6.2530826809656E+07
           112.3100     -7.5600   6.2530827414123E+07
           112.3200     -7.5600   6.2530828027945E+07
           112.3300     -7.5600   6.2530828649775E+07
           112.3400     -7.5600   6.2530829277351E+07
           112.3500     -7.5600   6.2530829907513E+07
           112.3600     -7.5600   6.2530830536318E+07
           112.3700     -7.5600   6.2530831159257E+07
           112.3800     -7.5600   6.2530831771546E+07
           112.3900     -7.5600   6.2530832368453E+07
           112.4000     -7.5600   6.2530832945622E+07
           112.4100     -7.5600   6.2530833499363E+07
           112.4200     -7.5600   6.2530834026865E+07
           112.4300     -7.5600   6.2530834526312E+07
           112.4400     -7.5600   6.2530834996880E+07
           112.4500     -7.5600   6.2530835438628E+07
           112.4600     -7.5600   6.2530835852289E+07
           112.4700     -7.5600   6.2530836238988E+07
           112.4800     -7.5600   6.2530836599924E+07
           112.4900     -7.5600   6.2530836936060E+07
           112.5000     -7.5600   6.2530837247850E+07
           112.5100     -7.5600   6.2530837535049E+07
           112.5200     -7.5600   6.2530837796618E+07
           112.5300     -7.5600   6.2530838030759E+07
           112.5400     -7.5600   6.2530838235043E+07
           112.5500     -7.5600   6.2530838406657E+07
           112.5600     -7.5600   6.2530838542712E+07
           112.5700     -7.5600   6.2530838640593E+07
           112.5800     -7.5600   6.2530838698306E+07
           112.5900     -7.5600   6.2530838714784E+07
           112.6000     -7.5600   6.2530838690127E+07
           112.6100     -7.5600   6.2530838625731E+07
           112.6200     -7.5600   6.2530838524316E+07
           112.6300     -7.5600   6.2530838389835E+07
           112.6400     -7.5600   6.2530838227281E+07
           112.6500     -7.5600   6.2530838042420E+07
           112.6600     -7.5600   6.2530837841465E+07
           112.6700     -7.5600   6.2530837630741E+07
           112.6800     -7.5600   6.2530837416360E+07
           112.6900     -7.5600   6.2530837203941E+07
           112.7000     -7.5600   6.2530836998395E+07
           112.7100     -7.5600   6.2530836803794E+07
           112.7200     -7.5600   6.2530836623307E+07
           112.7300     -7.5600   6.2530836459225E+07
           112.7400     -7.5600   6.2530836313033E+07
           112.7500     -7.5600   6.2530836185526E+07
           112.7600     -7.5600   6.2530836076941E+07
           112.7700     -7.5600   6.2530835987087E+07
           112.7800     -7.5600   6.2530835915463E+07
           112.7900     -7.5600   6.2530835861332E+07
           112.8000     -7.5600   6.2530835823783E+07
           112.8100     -7.5600   6.2530835801749E+07
           112.8200     -7.5600   6.2530835794016E+07
           112.8300     -7.5600   6.2530835799221E+07
           112.8400     -7.5600   6.2530835815861E+07
           112.8500     -7.5600   6.2530835842316E+07
           112.8600     -7.5600   6.2530835876909E+07
           112.8700     -7.5600   6.2530835917982E+07
           112.8800     -7.5600   6.2530835964014E+07
           112.8900     -7.5600   6.2530836013735E+07
           112.9000     -7.5600   6.2530836066255E+07
           112.9100     -7.5600   6.2530836121172E+07
           112.9200     -7.5600   6.2530836178633E+07
           112.9300     -7.5600   6.2530836239360E+07
           112.9400     -7.5600   6.2530836304602E+07
           112.9500     -7.5600   6.2530836376034E+07
           112.9600     -7.5600   6.2530836455595E+07
           112.9700     -7.5600   6.2530836545280E+07
           112.9800     -7.5600   6.2530836646921E+07
           112.9900     -7.5600   6.2530836761958E+07
           113.0000     -7.5600   6.2530836891256E+07
           112.0000     -7.5700   6.2530820611422E+07
           112.0100     -7.5700   6.2530820695275E+07
           112.0200     -7.5700   6.2530820801394E+07
           112.0300     -7.5700   6.2530820928240E+07
           112.0400     -7.5700   6.2530821074255E+07
           112.0500     -7.5700   6.2530821238108E+07
           112.0600     -7.5700   6.2530821418902E+07
           112.0700     -7.5700   6.2530821616335E+07
           112.0800     -7.5700   6.2530821830789E+07
           112.0900     -7.5700   6.2530822063318E+07
           112.1000     -7.5700   6.2530822315552E+07
           112.1100     -7.5700   6.2530822589512E+07
           112.1200     -7.5700   6.2530822887367E+07
           112.1300     -7.5700   6.2530823211158E+07
           112.1400     -7.5700   6.2530823562524E+07
           112.1500     -7.5700   6.2530823942472E+07
           112.1600     -7.5700   6.2530824351210E+07
           112.1700     -7.5700   6.2530824788073E+07
           112.1800     -7.5700   6.2530825251555E+07
           112.1900     -7.5700   6.2530825739432E+07
           112.2000     -7.5700   6.2530826248975E+07
           112.2100     -7.5700   6.2530826777213E+07
           112.2200     -7.5700   6.2530827321220E+07
           112.2300     -7.5700   6.2530827878381E+07
           112.2400     -7.5700   6.2530828446611E+07
           112.2500     -7.5700   6.2530829024484E+07
           112.2600     -7.5700   6.2530829611263E+07
           112.2700     -7.5700   6.2530830206830E+07
           112.2800     -7.5700   6.2530830811504E+07
           112.2900     -7.5700   6.2530831425796E+07
           112.3000     -7.5700   6.2530832050109E+07
           112.3100     -7.5700   6.2530832684445E+07
           112.3200     -7.5700   6.2530833328133E+07
           112.3300     -7.5700   6.2530833979640E+07
           112.3400     -7.5700   6.2530834636475E+07
           112.3500     -7.5700   6.2530835295213E+07
           112.3600     -7.5700   6.2530835951633E+07
           112.3700     -7.5700   6.2530836600956E+07
           112.3800     -7.5700   6.2530837238166E+07
           112.3900     -7.5700   6.2530837858363E+07
           112.4000     -7.5700   6.2530838457115E+07
           112.4100     -7.5700   6.2530839030763E+07
           112.4200     -7.5700   6.2530839576639E+07
           112.4300     -7.5700   6.2530840093176E+07
           112.4400     -7.5700   6.2530840579889E+07
           112.4500     -7.5700   6.2530841037232E+07
           112.4600     -7.5700   6.2530841466347E+07
           112.4700     -7.5700   6.2530841868736E+07
           112.4800     -7.5700   6.2530842245894E+07
           112.4900     -7.5700   6.2530842598951E+07
           112.5000     -7.5700   6.2530842928367E+07
           112.5100     -7.5700   6.2530843233717E+07
           112.5200     -7.5700   6.2530843513594E+07
           112.5300     -7.5700   6.2530843765653E+07
           112.5400     -7.5700   6.2530843986775E+07
           112.5500     -7.5700   6.2530844173360E+07
           112.5600     -7.5700   6.2530844321693E+07
           112.5700     -7.5700   6.2530844428362E+07
           112.5800     -7.5700   6.2530844490671E+07
           112.5900     -7.5700   6.2530844507011E+07
           112.6000     -7.5700   6.2530844477135E+07
           112.6100     -7.5700   6.2530844402332E+07
           112.6200     -7.5700   6.2530844285457E+07
           112.6300     -7.5700   6.2530844130832E+07
           112.6400     -7.5700   6.2530843944023E+07
           112.6500     -7.5700   6.2530843731524E+07
           112.6600     -7.5700   6.2530843500374E+07
           112.6700     -7.5700   6.2530843257755E+07
           112.6800     -7.5700   6.2530843010603E+07
           112.6900     -7.5700   6.2530842765272E+07
           112.7000     -7.5700   6.2530842527275E+07
           112.7100     -7.5700   6.2530842301119E+07
           112.7200     -7.5700   6.2530842090243E+07
           112.7300     -7.5700   6.2530841897037E+07
           112.7400     -7.5700   6.2530841722950E+07
           112.7500     -7.5700   6.2530841568638E+07
           112.7600     -7.5700   6.2530841434141E+07
           112.7700     -7.5700   6.2530841319062E+07
           112.7800     -7.5700   6.2530841222721E+07
           112.7900     -7.5700   6.2530841144268E+07
           112.8000     -7.5700   6.2530841082762E+07
           112.8100     -7.5700   6.2530841037194E+07
           112.8200     -7.5700   6.2530841006491E+07
           112.8300     -7.5700   6.2530840989489E+07
           112.8400     -7.5700   6.2530840984913E+07
           112.8500     -7.5700   6.2530840991364E+07
           112.8600     -7.5700   6.2530841007345E+07
           112.8700     -7.5700   6.2530841031304E+07
           112.8800     -7.5700   6.2530841061731E+07
           112.8900     -7.5700   6.2530841097270E+07
           112.9000     -7.5700   6.2530841136846E+07
           112.9100     -7.5700   6.2530841179791E+07
           112.9200     -7.5700   6.2530841225939E+07
           112.9300     -7.5700   6.2530841275688E+07
           112.9400     -7.5700   6.2530841329987E+07
           112.9500     -7.5700   6.2530841390279E+07
           112.9600     -7.5700   6.2530841458365E+07
           112.9700     -7.5700   6.2530841536218E+07
           112.9800     -7.5700   6.2530841625769E+07
           112.9900     -7.5700   6.2530841728676E+07
           113.0000     -7.5700   6.2530841846109E+07
           112.0000     -7.5800   6.2530825442700E+07
           112.0100     -7.5800   6.2530825518439E+07
           112.0200     -7.5800   6.2530825618603E+07
           112.0300     -7.5800   6.2530825741621E+07
           112.0400     -7.5800   6.2530825885875E+07
           112.0500     -7.5800   6.2530826049945E+07
           112.0600     -7.5800   6.2530826232845E+07
           112.0700     -7.5800   6.2530826434190E+07
           112.0800     -7.5800   6.2530826654292E+07
           112.0900     -7.5800   6.2530826894158E+07
           112.1000     -7.5800   6.2530827155389E+07
           112.1100     -7.5800   6.2530827439996E+07
           112.1200     -7.5800   6.2530827750143E+07
           112.1300     -7.5800   6.2530828087867E+07
           112.1400     -7.5800   6.2530828454789E+07
           112.1500     -7.5800   6.2530828851876E+07
           112.1600     -7.5800   6.2530829279269E+07
           112.1700     -7.5800   6.2530829736206E+07
           112.1800     -7.5800   6.2530830221054E+07
           112.1900     -7.5800   6.2530830731446E+07
           112.2000     -7.5800   6.2530831264496E+07
           112.2100     -7.5800   6.2530831817084E+07
           112.2200     -7.5800   6.2530832386145E+07
           112.2300     -7.5800   6.2530832968959E+07
           112.2400     -7.5800   6.2530833563365E+07
           112.2500     -7.5800   6.2530834167899E+07
           112.2600     -7.5800   6.2530834781817E+07
           112.2700     -7.5800   6.2530835405015E+07
           112.2800     -7.5800   6.2530836037830E+07
           112.2900     -7.5800   6.2530836680780E+07
           112.3000     -7.5800   6.2530837334242E+07
           112.3100     -7.5800   6.2530837998142E+07
           112.3200     -7.5800   6.2530838671676E+07
           112.3300     -7.5800   6.2530839353110E+07
           112.3400     -7.5800   6.2530840039697E+07
           112.3500     -7.5800   6.2530840727708E+07
           112.3600     -7.5800   6.2530841412598E+07
           112.3700     -7.5800   6.2530842089270E+07
           112.3800     -7.5800   6.2530842752434E+07
           112.3900     -7.5800   6.2530843396984E+07
           112.4000     -7.5800   6.2530844018385E+07
           112.4100     -7.5800   6.2530844612992E+07
           112.4200     -7.5800   6.2530845178278E+07
           112.4300     -7.5800   6.2530845712935E+07
           112.4400     -7.5800   6.2530846216832E+07
           112.4500     -7.5800   6.2530846690838E+07
           112.4600     -7.5800   6.2530847136523E+07
           112.4700     -7.5800   6.2530847555778E+07
           112.4800     -7.5800   6.2530847950394E+07
           112.4900     -7.5800   6.2530848321654E+07
           112.5000     -7.5800   6.2530848669992E+07
           112.5100     -7.5800   6.2530848994749E+07
           112.5200     -7.5800   6.2530849294083E+07
           112.5300     -7.5800   6.2530849565018E+07
           112.5400     -7.5800   6.2530849803656E+07
           112.5500     -7.5800   6.2530850005518E+07
           112.5600     -7.5800   6.2530850165983E+07
           112.5700     -7.5800   6.2530850280779E+07
           112.5800     -7.5800   6.2530850346468E+07
           112.5900     -7.5800   6.2530850360889E+07
           112.6000     -7.5800   6.2530850323484E+07
           112.6100     -7.5800   6.2530850235503E+07
           112.6200     -7.5800   6.2530850100046E+07
           112.6300     -7.5800   6.2530849921945E+07
           112.6400     -7.5800   6.2530849707510E+07
           112.6500     -7.5800   6.2530849464147E+07
           112.6600     -7.5800   6.2530849199909E+07
           112.6700     -7.5800   6.2530848923014E+07
           112.6800     -7.5800   6.2530848641378E+07
           112.6900     -7.5800   6.2530848362212E+07
           112.7000     -7.5800   6.2530848091705E+07
           112.7100     -7.5800   6.2530847834830E+07
           112.7200     -7.5800   6.2530847595259E+07
           112.7300     -7.5800   6.2530847375407E+07
           112.7400     -7.5800   6.2530847176556E+07
           112.7500     -7.5800   6.2530846999055E+07
           112.7600     -7.5800   6.2530846842556E+07
           112.7700     -7.5800   6.2530846706249E+07
           112.7800     -7.5800   6.2530846589072E+07
           112.7900     -7.5800   6.2530846489877E+07
           112.8000     -7.5800   6.2530846407532E+07
           112.8100     -7.5800   6.2530846340972E+07
           112.8200     -7.5800   6.2530846289189E+07
           112.8300     -7.5800   6.2530846251194E+07
           112.8400     -7.5800   6.2530846225960E+07
           112.8500     -7.5800   6.2530846212371E+07
           112.8600     -7.5800   6.2530846209198E+07
           112.8700     -7.5800   6.2530846215113E+07
           112.8800     -7.5800   6.2530846228738E+07
           112.8900     -7.5800   6.2530846248745E+07
           112.9000     -7.5800   6.2530846273976E+07
           112.9100     -7.5800   6.2530846303577E+07
           112.9200     -7.5800   6.2530846337117E+07
           112.9300     -7.5800   6.2530846374682E+07
           112.9400     -7.5800   6.2530846416907E+07
           112.9500     -7.5800   6.2530846464956E+07
           112.9600     -7.5800   6.2530846520425E+07
           112.9700     -7.5800   6.2530846585190E+07
           112.9800     -7.5800   6.2530846661203E+07
           112.9900     -7.5800   6.2530846750267E+07
           113.0000     -7.5800   6.2530846853806E+07
           112.0000     -7.5900   6.2530830336213E+07
           112.0100     -7.5900   6.2530830402033E+07
           112.0200     -7.5900   6.2530830494453E+07
           112.0300     -7.5900   6.2530830611947E+07
           112.0400     -7.5900   6.2530830752902E+07
           112.0500     -7.5900   6.2530830915876E+07
           112.0600     -7.5900   6.2530831099838E+07
           112.0700     -7.5900   6.2530831304348E+07
           112.0800     -7.5900   6.2530831529659E+07
           112.0900     -7.5900   6.2530831776719E+07
           112.1000     -7.5900   6.2530832047069E+07
           112.1100     -7.5900   6.2530832342658E+07
           112.1200     -7.5900   6.2530832665581E+07
           112.1300     -7.5900   6.2530833017794E+07
           112.1400     -7.5900   6.2530833400820E+07
           112.1500     -7.5900   6.2530833815503E+07
           112.1600     -7.5900   6.2530834261843E+07
           112.1700     -7.5900   6.2530834738917E+07
           112.1800     -7.5900   6.2530835244923E+07
           112.1900     -7.5900   6.2530835777323E+07
           112.2000     -7.5900   6.2530836333077E+07
           112.2100     -7.5900   6.2530836908932E+07
           112.2200     -7.5900   6.2530837501736E+07
           112.2300     -7.5900   6.2530838108724E+07
           112.2400     -7.5900   6.2530838727741E+07
           112.2500     -7.5900   6.2530839357374E+07
           112.2600     -7.5900   6.2530839996968E+07
           112.2700     -7.5900   6.2530840646522E+07
           112.2800     -7.5900   6.2530841306475E+07
           112.2900     -7.5900   6.2530841977418E+07
           112.3000     -7.5900   6.2530842659754E+07
           112.3100     -7.5900   6.2530843353359E+07
           112.3200     -7.5900   6.2530844057300E+07
           112.3300     -7.5900   6.2530844769629E+07
           112.3400     -7.5900   6.2530845487303E+07
           112.3500     -7.5900   6.2530846206238E+07
           112.3600     -7.5900   6.2530846921502E+07
           112.3700     -7.5900   6.2530847627613E+07
           112.3800     -7.5900   6.2530848318935E+07
           112.3900     -7.5900   6.2530848990095E+07
           112.4000     -7.5900   6.2530849636402E+07
           112.4100     -7.5900   6.2530850254183E+07
           112.4200     -7.5900   6.2530850841024E+07
           112.4300     -7.5900   6.2530851395859E+07
           112.4400     -7.5900   6.2530851918907E+07
           112.4500     -7.5900   6.2530852411453E+07
           112.4600     -7.5900   6.2530852875496E+07
           112.4700     -7.5900   6.2530853313316E+07
           112.4800     -7.5900   6.2530853726989E+07
           112.4900     -7.5900   6.2530854117931E+07
           112.5000     -7.5900   6.2530854486510E+07
           112.5100     -7.5900   6.2530854831783E+07
           112.5200     -7.5900   6.2530855151402E+07
           112.5300     -7.5900   6.2530855441683E+07
           112.5400     -7.5900   6.2530855697864E+07
           112.5500     -7.5900   6.2530855914505E+07
           112.5600     -7.5900   6.2530856086009E+07
           112.5700     -7.5900   6.2530856207190E+07
           112.5800     -7.5900   6.2530856273852E+07
           112.5900     -7.5900   6.2530856283293E+07
           112.6000     -7.5900   6.2530856234700E+07
           112.6100     -7.5900   6.2530856129381E+07
           112.6200     -7.5900   6.2530855970817E+07
           112.6300     -7.5900   6.2530855764528E+07
           112.6400     -7.5900   6.2530855517765E+07
           112.6500     -7.5900   6.2530855239065E+07
           112.6600     -7.5900   6.2530854937715E+07
           112.6700     -7.5900   6.2530854623174E+07
           112.6800     -7.5900   6.2530854304522E+07
           112.6900     -7.5900   6.2530853989964E+07
           112.7000     -7.5900   6.2530853686456E+07
           112.7100     -7.5900   6.2530853399465E+07
           112.7200     -7.5900   6.2530853132870E+07
           112.7300     -7.5900   6.2530852889015E+07
           112.7400     -7.5900   6.2530852668869E+07
           112.7500     -7.5900   6.2530852472287E+07
           112.7600     -7.5900   6.2530852298307E+07
           112.7700     -7.5900   6.2530852145467E+07
           112.7800     -7.5900   6.2530852012087E+07
           112.7900     -7.5900   6.2530851896496E+07
           112.8000     -7.5900   6.2530851797186E+07
           112.8100     -7.5900   6.2530851712886E+07
           112.8200     -7.5900   6.2530851642559E+07
           112.8300     -7.5900   6.2530851585349E+07
           112.8400     -7.5900   6.2530851540489E+07
           112.8500     -7.5900   6.2530851507206E+07
           112.8600     -7.5900   6.2530851484643E+07
           112.8700     -7.5900   6.2530851471814E+07
           112.8800     -7.5900   6.2530851467616E+07
           112.8900     -7.5900   6.2530851470884E+07
           112.9000     -7.5900   6.2530851480502E+07
           112.9100     -7.5900   6.2530851495524E+07
           112.9200     -7.5900   6.2530851515318E+07
           112.9300     -7.5900   6.2530851539685E+07
           112.9400     -7.5900   6.2530851568933E+07
           112.9500     -7.5900   6.2530851603901E+07
           112.9600     -7.5900   6.2530851645908E+07
           112.9700     -7.5900   6.2530851696641E+07
           112.9800     -7.5900   6.2530851757976E+07
           112.9900     -7.5900   6.2530851831767E+07
           113.0000     -7.5900   6.2530851919617E+07
           112.0000     -7.6000   6.2530835288926E+07
           112.0100     -7.6000   6.2530835343231E+07
           112.0200     -7.6000   6.2530835426302E+07
           112.0300     -7.6000   6.2530835536738E+07
           112.0400     -7.6000   6.2530835673002E+07
           112.0500     -7.6000   6.2530835833694E+07
           112.0600     -7.6000   6.2530836017787E+07
           112.0700     -7.6000   6.2530836224818E+07
           112.0800     -7.6000   6.2530836454991E+07
           112.0900     -7.6000   6.2530836709180E+07
           112.1000     -7.6000   6.2530836988837E+07
           112.1100     -7.6000   6.2530837295793E+07
           112.1200     -7.6000   6.2530837632009E+07
           112.1300     -7.6000   6.2530837999277E+07
           112.1400     -7.6000   6.2530838398935E+07
           112.1500     -7.6000   6.2530838831627E+07
           112.1600     -7.6000   6.2530839297130E+07
           112.1700     -7.6000   6.2530839794303E+07
           112.1800     -7.6000   6.2530840321130E+07
           112.1900     -7.6000   6.2530840874883E+07
           112.2000     -7.6000   6.2530841452373E+07
           112.2100     -7.6000   6.2530842050251E+07
           112.2200     -7.6000   6.2530842665332E+07
           112.2300     -7.6000   6.2530843294886E+07
           112.2400     -7.6000   6.2530843936862E+07
           112.2500     -7.6000   6.2530844590006E+07
           112.2600     -7.6000   6.2530845253859E+07
           112.2700     -7.6000   6.2530845928634E+07
           112.2800     -7.6000   6.2530846614967E+07
           112.2900     -7.6000   6.2530847313604E+07
           112.3000     -7.6000   6.2530848025028E+07
           112.3100     -7.6000   6.2530848749101E+07
           112.3200     -7.6000   6.2530849484764E+07
           112.3300     -7.6000   6.2530850229833E+07
           112.3400     -7.6000   6.2530850980925E+07
           112.3500     -7.6000   6.2530851733536E+07
           112.3600     -7.6000   6.2530852482263E+07
           112.3700     -7.6000   6.2530853221153E+07
           112.3800     -7.6000   6.2530853944130E+07
           112.3900     -7.6000   6.2530854645468E+07
           112.4000     -7.6000   6.2530855320236E+07
           112.4100     -7.6000   6.2530855964668E+07
           112.4200     -7.6000   6.2530856576408E+07
           112.4300     -7.6000   6.2530857154592E+07
           112.4400     -7.6000   6.2530857699761E+07
           112.4500     -7.6000   6.2530858213595E+07
           112.4600     -7.6000   6.2530858698514E+07
           112.4700     -7.6000   6.2530859157168E+07
           112.4800     -7.6000   6.2530859591903E+07
           112.4900     -7.6000   6.2530860004236E+07
           112.5000     -7.6000   6.2530860394431E+07
           112.5100     -7.6000   6.2530860761208E+07
           112.5200     -7.6000   6.2530861101645E+07
           112.5300     -7.6000   6.2530861411279E+07
           112.5400     -7.6000   6.2530861684405E+07
           112.5500     -7.6000   6.2530861914553E+07
           112.5600     -7.6000   6.2530862095087E+07
           112.5700     -7.6000   6.2530862219877E+07
           112.5800     -7.6000   6.2530862283956E+07
           112.5900     -7.6000   6.2530862284117E+07
           112.6000     -7.6000   6.2530862219365E+07
           112.6100     -7.6000   6.2530862091184E+07
           112.6200     -7.6000   6.2530861903601E+07
           112.6300     -7.6000   6.2530861663019E+07
           112.6400     -7.6000   6.2530861377859E+07
           112.6500     -7.6000   6.2530861058031E+07
           112.6600     -7.6000   6.2530860714301E+07
           112.6700     -7.6000   6.2530860357602E+07
           112.6800     -7.6000   6.2530859998376E+07
           112.6900     -7.6000   6.2530859645984E+07
           112.7000     -7.6000   6.2530859308252E+07
           112.7100     -7.6000   6.2530858991180E+07
           112.7200     -7.6000   6.2530858698827E+07
           112.7300     -7.6000   6.2530858433370E+07
           112.7400     -7.6000   6.2530858195315E+07
           112.7500     -7.6000   6.2530857983813E+07
           112.7600     -7.6000   6.2530857797050E+07
           112.7700     -7.6000   6.2530857632652E+07
           112.7800     -7.6000   6.2530857488057E+07
           112.7900     -7.6000   6.2530857360828E+07
           112.8000     -7.6000   6.2530857248865E+07
           112.8100     -7.6000   6.2530857150521E+07
           112.8200     -7.6000   6.2530857064619E+07
           112.8300     -7.6000   6.2530856990379E+07
           112.8400     -7.6000   6.2530856927301E+07
           112.8500     -7.6000   6.2530856875011E+07
           112.8600     -7.6000   6.2530856833122E+07
           112.8700     -7.6000   6.2530856801127E+07
           112.8800     -7.6000   6.2530856778344E+07
           112.8900     -7.6000   6.2530856763924E+07
           112.9000     -7.6000   6.2530856756923E+07
           112.9100     -7.6000   6.2530856756420E+07
           112.9200     -7.6000   6.2530856761653E+07
           112.9300     -7.6000   6.2530856772170E+07
           112.9400     -7.6000   6.2530856787943E+07
           112.9500     -7.6000   6.2530856809438E+07
           112.9600     -7.6000   6.2530856837615E+07
           112.9700     -7.6000   6.2530856873866E+07
           112.9800     -7.6000   6.2530856919876E+07
           112.9900     -7.6000   6.2530856977438E+07
           113.0000     -7.6000   6.2530857048234E+07
           112.0000     -7.6100   6.2530840296813E+07
           112.0100     -7.6100   6.2530840338324E+07
           112.0200     -7.6100   6.2530840410740E+07
           112.0300     -7.6100   6.2530840512853E+07
           112.0400     -7.6100   6.2530840643277E+07
           112.0500     -7.6100   6.2530840800710E+07
           112.0600     -7.6100   6.2530840984180E+07
           112.0700     -7.6100   6.2530841193227E+07
           112.0800     -7.6100   6.2530841428019E+07
           112.0900     -7.6100   6.2530841689347E+07
           112.1000     -7.6100   6.2530841978536E+07
           112.1100     -7.6100   6.2530842297254E+07
           112.1200     -7.6100   6.2530842647255E+07
           112.1300     -7.6100   6.2530843030095E+07
           112.1400     -7.6100   6.2530843446844E+07
           112.1500     -7.6100   6.2530843897861E+07
           112.1600     -7.6100   6.2530844382637E+07
           112.1700     -7.6100   6.2530844899748E+07
           112.1800     -7.6100   6.2530845446932E+07
           112.1900     -7.6100   6.2530846021261E+07
           112.2000     -7.6100   6.2530846619409E+07
           112.2100     -7.6100   6.2530847237976E+07
           112.2200     -7.6100   6.2530847873812E+07
           112.2300     -7.6100   6.2530848524315E+07
           112.2400     -7.6100   6.2530849187644E+07
           112.2500     -7.6100   6.2530849862822E+07
           112.2600     -7.6100   6.2530850549714E+07
           112.2700     -7.6100   6.2530851248861E+07
           112.2800     -7.6100   6.2530851961205E+07
           112.2900     -7.6100   6.2530852687730E+07
           112.3000     -7.6100   6.2530853429064E+07
           112.3100     -7.6100   6.2530854185089E+07
           112.3200     -7.6100   6.2530854954625E+07
           112.3300     -7.6100   6.2530855735224E+07
           112.3400     -7.6100   6.2530856523109E+07
           112.3500     -7.6100   6.2530857313278E+07
           112.3600     -7.6100   6.2530858099763E+07
           112.3700     -7.6100   6.2530858876027E+07
           112.3800     -7.6100   6.2530859635446E+07
           112.3900     -7.6100   6.2530860371825E+07
           112.4000     -7.6100   6.2530861079892E+07
           112.4100     -7.6100   6.2530861755694E+07
           112.4200     -7.6100   6.2530862396854E+07
           112.4300     -7.6100   6.2530863002649E+07
           112.4400     -7.6100   6.2530863573892E+07
           112.4500     -7.6100   6.2530864112624E+07
           112.4600     -7.6100   6.2530864621652E+07
           112.4700     -7.6100   6.2530865103976E+07
           112.4800     -7.6100   6.2530865562183E+07
           112.4900     -7.6100   6.2530865997860E+07
           112.5000     -7.6100   6.2530866411123E+07
           112.5100     -7.6100   6.2530866800305E+07
           112.5200     -7.6100   6.2530867161851E+07
           112.5300     -7.6100   6.2530867490451E+07
           112.5400     -7.6100   6.2530867779390E+07
           112.5500     -7.6100   6.2530868021105E+07
           112.5600     -7.6100   6.2530868207877E+07
           112.5700     -7.6100   6.2530868332602E+07
           112.5800     -7.6100   6.2530868389554E+07
           112.5900     -7.6100   6.2530868375065E+07
           112.6000     -7.6100   6.2530868288045E+07
           112.6100     -7.6100   6.2530868130290E+07
           112.6200     -7.6100   6.2530867906545E+07
           112.6300     -7.6100   6.2530867624313E+07
           112.6400     -7.6100   6.2530867293427E+07
           112.6500     -7.6100   6.2530866925431E+07
           112.6600     -7.6100   6.2530866532829E+07
           112.6700     -7.6100   6.2530866128280E+07
           112.6800     -7.6100   6.2530865723805E+07
           112.6900     -7.6100   6.2530865330095E+07
           112.7000     -7.6100   6.2530864955963E+07
           112.7100     -7.6100   6.2530864607994E+07
           112.7200     -7.6100   6.2530864290410E+07
           112.7300     -7.6100   6.2530864005134E+07
           112.7400     -7.6100   6.2530863752053E+07
           112.7500     -7.6100   6.2530863529411E+07
           112.7600     -7.6100   6.2530863334296E+07
           112.7700     -7.6100   6.2530863163154E+07
           112.7800     -7.6100   6.2530863012268E+07
           112.7900     -7.6100   6.2530862878175E+07
           112.8000     -7.6100   6.2530862757956E+07
           112.8100     -7.6100   6.2530862649409E+07
           112.8200     -7.6100   6.2530862551087E+07
           112.8300     -7.6100   6.2530862462224E+07
           112.8400     -7.6100   6.2530862382580E+07
           112.8500     -7.6100   6.2530862312233E+07
           112.8600     -7.6100   6.2530862251367E+07
           112.8700     -7.6100   6.2530862200085E+07
           112.8800     -7.6100   6.2530862158278E+07
           112.8900     -7.6100   6.2530862125569E+07
           112.9000     -7.6100   6.2530862101331E+07
           112.9100     -7.6100   6.2530862084778E+07
           112.9200     -7.6100   6.2530862075100E+07
           112.9300     -7.6100   6.2530862071628E+07
           112.9400     -7.6100   6.2530862073986E+07
           112.9500     -7.6100   6.2530862082212E+07
           112.9600     -7.6100   6.2530862096820E+07
           112.9700     -7.6100   6.2530862118788E+07
           112.9800     -7.6100   6.2530862149481E+07
           112.9900     -7.6100   6.2530862190498E+07
           113.0000     -7.6100   6.2530862243480E+07
           112.0000     -7.6200   6.2530845355224E+07
           112.0100     -7.6200   6.2530845383060E+07
           112.0200     -7.6200   6.2530845443896E+07
           112.0300     -7.6200   6.2530845536778E+07
           112.0400     -7.6200   6.2530845660526E+07
           112.0500     -7.6200   6.2530845813994E+07
           112.0600     -7.6200   6.2530845996301E+07
           112.0700     -7.6200   6.2530846207025E+07
           112.0800     -7.6200   6.2530846446301E+07
           112.0900     -7.6200   6.2530846714829E+07
           112.1000     -7.6200   6.2530847013781E+07
           112.1100     -7.6200   6.2530847344613E+07
           112.1200     -7.6200   6.2530847708814E+07
           112.1300     -7.6200   6.2530848107632E+07
           112.1400     -7.6200   6.2530848541800E+07
           112.1500     -7.6200   6.2530849011319E+07
           112.1600     -7.6200   6.2530849515329E+07
           112.1700     -7.6200   6.2530850052084E+07
           112.1800     -7.6200   6.2530850619044E+07
           112.1900     -7.6200   6.2530851213077E+07
           112.2000     -7.6200   6.2530851830750E+07
           112.2100     -7.6200   6.2530852468658E+07
           112.2200     -7.6200   6.2530853123764E+07
           112.2300     -7.6200   6.2530853793692E+07
           112.2400     -7.6200   6.2530854476925E+07
           112.2500     -7.6200   6.2530855172893E+07
           112.2600     -7.6200   6.2530855881906E+07
           112.2700     -7.6200   6.2530856604959E+07
           112.2800     -7.6200   6.2530857343410E+07
           112.2900     -7.6200   6.2530858098572E+07
           112.3000     -7.6200   6.2530858871280E+07
           112.3100     -7.6200   6.2530859661470E+07
           112.3200     -7.6200   6.2530860467841E+07
           112.3300     -7.6200   6.2530861287653E+07
           112.3400     -7.6200   6.2530862116672E+07
           112.3500     -7.6200   6.2530862949311E+07
           112.3600     -7.6200   6.2530863778929E+07
           112.3700     -7.6200   6.2530864598284E+07
           112.3800     -7.6200   6.2530865400070E+07
           112.3900     -7.6200   6.2530866177499E+07
           112.4000     -7.6200   6.2530866924829E+07
           112.4100     -7.6200   6.2530867637809E+07
           112.4200     -7.6200   6.2530868313942E+07
           112.4300     -7.6200   6.2530868952564E+07
           112.4400     -7.6200   6.2530869554695E+07
           112.4500     -7.6200   6.2530870122683E+07
           112.4600     -7.6200   6.2530870659683E+07
           112.4700     -7.6200   6.2530871169010E+07
           112.4800     -7.6200   6.2530871653457E+07
           112.4900     -7.6200   6.2530872114649E+07
           112.5000     -7.6200   6.2530872552516E+07
           112.5100     -7.6200   6.2530872964954E+07
           112.5200     -7.6200   6.2530873347725E+07
           112.5300     -7.6200   6.2530873694611E+07
           112.5400     -7.6200   6.2530873997834E+07
           112.5500     -7.6200   6.2530874248685E+07
           112.5600     -7.6200   6.2530874438324E+07
           112.5700     -7.6200   6.2530874558662E+07
           112.5800     -7.6200   6.2530874603227E+07
           112.5900     -7.6200   6.2530874567943E+07
           112.6000     -7.6200   6.2530874451720E+07
           112.6100     -7.6200   6.2530874256803E+07
           112.6200     -7.6200   6.2530873988838E+07
           112.6300     -7.6200   6.2530873656642E+07
           112.6400     -7.6200   6.2530873271710E+07
           112.6500     -7.6200   6.2530872847482E+07
           112.6600     -7.6200   6.2530872398471E+07
           112.6700     -7.6200   6.2530871939314E+07
           112.6800     -7.6200   6.2530871483843E+07
           112.6900     -7.6200   6.2530871044261E+07
           112.7000     -7.6200   6.2530870630500E+07
           112.7100     -7.6200   6.2530870249797E+07
           112.7200     -7.6200   6.2530869906528E+07
           112.7300     -7.6200   6.2530869602292E+07
           112.7400     -7.6200   6.2530869336218E+07
           112.7500     -7.6200   6.2530869105449E+07
           112.7600     -7.6200   6.2530868905740E+07
           112.7700     -7.6200   6.2530868732091E+07
           112.7800     -7.6200   6.2530868579366E+07
           112.7900     -7.6200   6.2530868442818E+07
           112.8000     -7.6200   6.2530868318480E+07
           112.8100     -7.6200   6.2530868203410E+07
           112.8200     -7.6200   6.2530868095758E+07
           112.8300     -7.6200   6.2530867994701E+07
           112.8400     -7.6200   6.2530867900248E+07
           112.8500     -7.6200   6.2530867812973E+07
           112.8600     -7.6200   6.2530867733724E+07
           112.8700     -7.6200   6.2530867663342E+07
           112.8800     -7.6200   6.2530867602441E+07
           112.8900     -7.6200   6.2530867551265E+07
           112.9000     -7.6200   6.2530867509644E+07
           112.9100     -7.6200   6.2530867477042E+07
           112.9200     -7.6200   6.2530867452678E+07
           112.9300     -7.6200   6.2530867435696E+07
           112.9400     -7.6200   6.2530867425361E+07
           112.9500     -7.6200   6.2530867421224E+07
           112.9600     -7.6200   6.2530867423253E+07
           112.9700     -7.6200   6.2530867431889E+07
           112.9800     -7.6200   6.2530867448031E+07
           112.9900     -7.6200   6.2530867472939E+07
           113.0000     -7.6200   6.2530867508080E+07
           112.0000     -7.6300   6.2530850459290E+07
           112.0100     -7.6300   6.2530850473012E+07
           112.0200     -7.6300   6.2530850521773E+07
           112.0300     -7.6300   6.2530850604918E+07
           112.0400     -7.6300   6.2530850721518E+07
           112.0500     -7.6300   6.2530850870617E+07
           112.0600     -7.6300   6.2530851051465E+07
           112.0700     -7.6300   6.2530851263692E+07
           112.0800     -7.6300   6.2530851507413E+07
           112.0900     -7.6300   6.2530851783229E+07
           112.1000     -7.6300   6.2530852092135E+07
           112.1100     -7.6300   6.2530852435337E+07
           112.1200     -7.6300   6.2530852814016E+07
           112.1300     -7.6300   6.2530853229051E+07
           112.1400     -7.6300   6.2530853680780E+07
           112.1500     -7.6300   6.2530854168791E+07
           112.1600     -7.6300   6.2530854691828E+07
           112.1700     -7.6300   6.2530855247784E+07
           112.1800     -7.6300   6.2530855833829E+07
           112.1900     -7.6300   6.2530856446637E+07
           112.2000     -7.6300   6.2530857082692E+07
           112.2100     -7.6300   6.2530857738645E+07
           112.2200     -7.6300   6.2530858411650E+07
           112.2300     -7.6300   6.2530859099655E+07
           112.2400     -7.6300   6.2530859801586E+07
           112.2500     -7.6300   6.2530860517399E+07
           112.2600     -7.6300   6.2530861247978E+07
           112.2700     -7.6300   6.2530861994893E+07
           112.2800     -7.6300   6.2530862760022E+07
           112.2900     -7.6300   6.2530863545096E+07
           112.3000     -7.6300   6.2530864351218E+07
           112.3100     -7.6300   6.2530865178410E+07
           112.3200     -7.6300   6.2530866025251E+07
           112.3300     -7.6300   6.2530866888672E+07
           112.3400     -7.6300   6.2530867763920E+07
           112.3500     -7.6300   6.2530868644730E+07
           112.3600     -7.6300   6.2530869523674E+07
           112.3700     -7.6300   6.2530870392673E+07
           112.3800     -7.6300   6.2530871243603E+07
           112.3900     -7.6300   6.2530872068934E+07
           112.4000     -7.6300   6.2530872862325E+07
           112.4100     -7.6300   6.2530873619093E+07
           112.4200     -7.6300   6.2530874336512E+07
           112.4300     -7.6300   6.2530875013878E+07
           112.4400     -7.6300   6.2530875652338E+07
           112.4500     -7.6300   6.2530876254486E+07
           112.4600     -7.6300   6.2530876823772E+07
           112.4700     -7.6300   6.2530877363787E+07
           112.4800     -7.6300   6.2530877877496E+07
           112.4900     -7.6300   6.2530878366527E+07
           112.5000     -7.6300   6.2530878830590E+07
           112.5100     -7.6300   6.2530879267107E+07
           112.5200     -7.6300   6.2530879671110E+07
           112.5300     -7.6300   6.2530880035433E+07
           112.5400     -7.6300   6.2530880351183E+07
           112.5500     -7.6300   6.2530880608469E+07
           112.5600     -7.6300   6.2530880797305E+07
           112.5700     -7.6300   6.2530880908607E+07
           112.5800     -7.6300   6.2530880935178E+07
           112.5900     -7.6300   6.2530880872586E+07
           112.6000     -7.6300   6.2530880719834E+07
           112.6100     -7.6300   6.2530880479746E+07
           112.6200     -7.6300   6.2530880159042E+07
           112.6300     -7.6300   6.2530879768064E+07
           112.6400     -7.6300   6.2530879320201E+07
           112.6500     -7.6300   6.2530878831048E+07
           112.6600     -7.6300   6.2530878317385E+07
           112.6700     -7.6300   6.2530877796080E+07
           112.6800     -7.6300   6.2530877283001E+07
           112.6900     -7.6300   6.2530876792058E+07
           112.7000     -7.6300   6.2530876334436E+07
           112.7100     -7.6300   6.2530875918105E+07
           112.7200     -7.6300   6.2530875547610E+07
           112.7300     -7.6300   6.2530875224171E+07
           112.7400     -7.6300   6.2530874946047E+07
           112.7500     -7.6300   6.2530874709109E+07
           112.7600     -7.6300   6.2530874507564E+07
           112.7700     -7.6300   6.2530874334733E+07
           112.7800     -7.6300   6.2530874183808E+07
           112.7900     -7.6300   6.2530874048517E+07
           112.8000     -7.6300   6.2530873923630E+07
           112.8100     -7.6300   6.2530873805283E+07
           112.8200     -7.6300   6.2530873691098E+07
           112.8300     -7.6300   6.2530873580118E+07
           112.8400     -7.6300   6.2530873472584E+07
           112.8500     -7.6300   6.2530873369604E+07
           112.8600     -7.6300   6.2530873272771E+07
           112.8700     -7.6300   6.2530873183782E+07
           112.8800     -7.6300   6.2530873104105E+07
           112.8900     -7.6300   6.2530873034749E+07
           112.9000     -7.6300   6.2530872976129E+07
           112.9100     -7.6300   6.2530872928064E+07
           112.9200     -7.6300   6.2530872889868E+07
           112.9300     -7.6300   6.2530872860530E+07
           112.9400     -7.6300   6.2530872838930E+07
           112.9500     -7.6300   6.2530872824071E+07
           112.9600     -7.6300   6.2530872815270E+07
           112.9700     -7.6300   6.2530872812300E+07
           112.9800     -7.6300   6.2530872815446E+07
           112.9900     -7.6300   6.2530872825474E+07
           113.0000     -7.6300   6.2530872843532E+07
           112.0000     -7.6400   6.2530855604307E+07
           112.0100     -7.6400   6.2530855603922E+07
           112.0200     -7.6400   6.2530855640564E+07
           112.0300     -7.6400   6.2530855713890E+07
           112.0400     -7.6400   6.2530855823244E+07
           112.0500     -7.6400   6.2530855967887E+07
           112.0600     -7.6400   6.2530856147215E+07
           112.0700     -7.6400   6.2530856360929E+07
           112.0800     -7.6400   6.2530856609127E+07
           112.0900     -7.6400   6.2530856892307E+07
           112.1000     -7.6400   6.2530857211272E+07
           112.1100     -7.6400   6.2530857566958E+07
           112.1200     -7.6400   6.2530857960196E+07
           112.1300     -7.6400   6.2530858391468E+07
           112.1400     -7.6400   6.2530858860669E+07
           112.1500     -7.6400   6.2530859366944E+07
           112.1600     -7.6400   6.2530859908605E+07
           112.1700     -7.6400   6.2530860483169E+07
           112.1800     -7.6400   6.2530861087513E+07
           112.1900     -7.6400   6.2530861718129E+07
           112.2000     -7.6400   6.2530862371460E+07
           112.2100     -7.6400   6.2530863044265E+07
           112.2200     -7.6400   6.2530863733969E+07
           112.2300     -7.6400   6.2530864438936E+07
           112.2400     -7.6400   6.2530865158641E+07
           112.2500     -7.6400   6.2530865893682E+07
           112.2600     -7.6400   6.2530866645634E+07
           112.2700     -7.6400   6.2530867416750E+07
           112.2800     -7.6400   6.2530868209528E+07
           112.2900     -7.6400   6.2530869026199E+07
           112.3000     -7.6400   6.2530869868191E+07
           112.3100     -7.6400   6.2530870735637E+07
           112.3200     -7.6400   6.2530871626997E+07
           112.3300     -7.6400   6.2530872538839E+07
           112.3400     -7.6400   6.2530873465827E+07
           112.3500     -7.6400   6.2530874400927E+07
           112.3600     -7.6400   6.2530875335810E+07
           112.3700     -7.6400   6.2530876261429E+07
           112.3800     -7.6400   6.2530877168700E+07
           112.3900     -7.6400   6.2530878049208E+07
           112.4000     -7.6400   6.2530878895865E+07
           112.4100     -7.6400   6.2530879703427E+07
           112.4200     -7.6400   6.2530880468815E+07
           112.4300     -7.6400   6.2530881191180E+07
           112.4400     -7.6400   6.2530881871707E+07
           112.4500     -7.6400   6.2530882513165E+07
           112.4600     -7.6400   6.2530883119247E+07
           112.4700     -7.6400   6.2530883693774E+07
           112.4800     -7.6400   6.2530884239852E+07
           112.4900     -7.6400   6.2530884759084E+07
           112.5000     -7.6400   6.2530885250930E+07
           112.5100     -7.6400   6.2530885712313E+07
           112.5200     -7.6400   6.2530886137506E+07
           112.5300     -7.6400   6.2530886518360E+07
           112.5400     -7.6400   6.2530886844839E+07
           112.5500     -7.6400   6.2530887105843E+07
           112.5600     -7.6400   6.2530887290218E+07
           112.5700     -7.6400   6.2530887387885E+07
           112.5800     -7.6400   6.2530887390942E+07
           112.5900     -7.6400   6.2530887294648E+07
           112.6000     -7.6400   6.2530887098178E+07
           112.6100     -7.6400   6.2530886805053E+07
           112.6200     -7.6400   6.2530886423213E+07
           112.6300     -7.6400   6.2530885964711E+07
           112.6400     -7.6400   6.2530885445043E+07
           112.6500     -7.6400   6.2530884882185E+07
           112.6600     -7.6400   6.2530884295426E+07
           112.6700     -7.6400   6.2530883704095E+07
           112.6800     -7.6400   6.2530883126315E+07
           112.6900     -7.6400   6.2530882577883E+07
           112.7000     -7.6400   6.2530882071385E+07
           112.7100     -7.6400   6.2530881615611E+07
           112.7200     -7.6400   6.2530881215311E+07
           112.7300     -7.6400   6.2530880871301E+07
           112.7400     -7.6400   6.2530880580883E+07
           112.7500     -7.6400   6.2530880338523E+07
           112.7600     -7.6400   6.2530880136709E+07
           112.7700     -7.6400   6.2530879966877E+07
           112.7800     -7.6400   6.2530879820336E+07
           112.7900     -7.6400   6.2530879689076E+07
           112.8000     -7.6400   6.2530879566412E+07
           112.8100     -7.6400   6.2530879447398E+07
           112.8200     -7.6400   6.2530879329007E+07
           112.8300     -7.6400   6.2530879210076E+07
           112.8400     -7.6400   6.2530879091059E+07
           112.8500     -7.6400   6.2530878973622E+07
           112.8600     -7.6400   6.2530878860173E+07
           112.8700     -7.6400   6.2530878753358E+07
           112.8800     -7.6400   6.2530878655622E+07
           112.8900     -7.6400   6.2530878568854E+07
           112.9000     -7.6400   6.2530878494167E+07
           112.9100     -7.6400   6.2530878431822E+07
           112.9200     -7.6400   6.2530878381284E+07
           112.9300     -7.6400   6.2530878341399E+07
           112.9400     -7.6400   6.2530878310639E+07
           112.9500     -7.6400   6.2530878287388E+07
           112.9600     -7.6400   6.2530878270210E+07
           112.9700     -7.6400   6.2530878258075E+07
           112.9800     -7.6400   6.2530878250504E+07
           112.9900     -7.6400   6.2530878247619E+07
           113.0000     -7.6400   6.2530878250103E+07
           112.0000     -7.6500   6.2530860786069E+07
           112.0100     -7.6500   6.2530860772009E+07
           112.0200     -7.6500   6.2530860796914E+07
           112.0300     -7.6500   6.2530860860748E+07
           112.0400     -7.6500   6.2530860963125E+07
           112.0500     -7.6500   6.2530861103523E+07
           112.0600     -7.6500   6.2530861281492E+07
           112.0700     -7.6500   6.2530861496805E+07
           112.0800     -7.6500   6.2530861749549E+07
           112.0900     -7.6500   6.2530862040117E+07
           112.1000     -7.6500   6.2530862369118E+07
           112.1100     -7.6500   6.2530862737203E+07
           112.1200     -7.6500   6.2530863144845E+07
           112.1300     -7.6500   6.2530863592106E+07
           112.1400     -7.6500   6.2530864078427E+07
           112.1500     -7.6500   6.2530864602490E+07
           112.1600     -7.6500   6.2530865162166E+07
           112.1700     -7.6500   6.2530865754596E+07
           112.1800     -7.6500   6.2530866376369E+07
           112.1900     -7.6500   6.2530867023820E+07
           112.2000     -7.6500   6.2530867693388E+07
           112.2100     -7.6500   6.2530868381993E+07
           112.2200     -7.6500   6.2530869087396E+07
           112.2300     -7.6500   6.2530869808462E+07
           112.2400     -7.6500   6.2530870545303E+07
           112.2500     -7.6500   6.2530871299258E+07
           112.2600     -7.6500   6.2530872072690E+07
           112.2700     -7.6500   6.2530872868632E+07
           112.2800     -7.6500   6.2530873690286E+07
           112.2900     -7.6500   6.2530874540452E+07
           112.3000     -7.6500   6.2530875420931E+07
           112.3100     -7.6500   6.2530876331996E+07
           112.3200     -7.6500   6.2530877271982E+07
           112.3300     -7.6500   6.2530878237069E+07
           112.3400     -7.6500   6.2530879221280E+07
           112.3500     -7.6500   6.2530880216727E+07
           112.3600     -7.6500   6.2530881214076E+07
           112.3700     -7.6500   6.2530882203191E+07
           112.3800     -7.6500   6.2530883173892E+07
           112.3900     -7.6500   6.2530884116740E+07
           112.4000     -7.6500   6.2530885023760E+07
           112.4100     -7.6500   6.2530885889012E+07
           112.4200     -7.6500   6.2530886708941E+07
           112.4300     -7.6500   6.2530887482447E+07
           112.4400     -7.6500   6.2530888210662E+07
           112.4500     -7.6500   6.2530888896458E+07
           112.4600     -7.6500   6.2530889543714E+07
           112.4700     -7.6500   6.2530890156441E+07
           112.4800     -7.6500   6.2530890737856E+07
           112.4900     -7.6500   6.2530891289517E+07
           112.5000     -7.6500   6.2530891810625E+07
           112.5100     -7.6500   6.2530892297585E+07
           112.5200     -7.6500   6.2530892743900E+07
           112.5300     -7.6500   6.2530893140424E+07
           112.5400     -7.6500   6.2530893475963E+07
           112.5500     -7.6500   6.2530893738193E+07
           112.5600     -7.6500   6.2530893914786E+07
           112.5700     -7.6500   6.2530893994668E+07
           112.5800     -7.6500   6.2530893969245E+07
           112.5900     -7.6500   6.2530893833506E+07
           112.6000     -7.6500   6.2530893586854E+07
           112.6100     -7.6500   6.2530893233595E+07
           112.6200     -7.6500   6.2530892783010E+07
           112.6300     -7.6500   6.2530892249002E+07
           112.6400     -7.6500   6.2530891649346E+07
           112.6500     -7.6500   6.2530891004588E+07
           112.6600     -7.6500   6.2530890336723E+07
           112.6700     -7.6500   6.2530889667744E+07
           112.6800     -7.6500   6.2530889018218E+07
           112.6900     -7.6500   6.2530888406000E+07
           112.7000     -7.6500   6.2530887845213E+07
           112.7100     -7.6500   6.2530887345568E+07
           112.7200     -7.6500   6.2530886912069E+07
           112.7300     -7.6500   6.2530886545133E+07
           112.7400     -7.6500   6.2530886241062E+07
           112.7500     -7.6500   6.2530885992828E+07
           112.7600     -7.6500   6.2530885791073E+07
           112.7700     -7.6500   6.2530885625197E+07
           112.7800     -7.6500   6.2530885484458E+07
           112.7900     -7.6500   6.2530885358943E+07
           112.8000     -7.6500   6.2530885240352E+07
           112.8100     -7.6500   6.2530885122525E+07
           112.8200     -7.6500   6.2530885001683E+07
           112.8300     -7.6500   6.2530884876395E+07
           112.8400     -7.6500   6.2530884747301E+07
           112.8500     -7.6500   6.2530884616644E+07
           112.8600     -7.6500   6.2530884487691E+07
           112.8700     -7.6500   6.2530884364117E+07
           112.8800     -7.6500   6.2530884249429E+07
           112.8900     -7.6500   6.2530884146491E+07
           112.9000     -7.6500   6.2530884057197E+07
           112.9100     -7.6500   6.2530883982315E+07
           112.9200     -7.6500   6.2530883921500E+07
           112.9300     -7.6500   6.2530883873456E+07
           112.9400     -7.6500   6.2530883836212E+07
           112.9500     -7.6500   6.2530883807462E+07
           112.9600     -7.6500   6.2530883784914E+07
           112.9700     -7.6500   6.2530883766611E+07
           112.9800     -7.6500   6.2530883751168E+07
           112.9900     -7.6500   6.2530883737918E+07
           113.0000     -7.6500   6.2530883726943E+07
           112.0000     -7.6600   6.2530866001117E+07
           112.0100     -7.6600   6.2530865974177E+07
           112.0200     -7.6600   6.2530865988111E+07
           112.0300     -7.6600   6.2530866043149E+07
           112.0400     -7.6600   6.2530866139144E+07
           112.0500     -7.6600   6.2530866275773E+07
           112.0600     -7.6600   6.2530866452725E+07
           112.0700     -7.6600   6.2530866669842E+07
           112.0800     -7.6600   6.2530866927198E+07
           112.0900     -7.6600   6.2530867225088E+07
           112.1000     -7.6600   6.2530867563928E+07
           112.1100     -7.6600   6.2530867944094E+07
           112.1200     -7.6600   6.2530868365707E+07
           112.1300     -7.6600   6.2530868828418E+07
           112.1400     -7.6600   6.2530869331219E+07
           112.1500     -7.6600   6.2530869872336E+07
           112.1600     -7.6600   6.2530870449212E+07
           112.1700     -7.6600   6.2530871058622E+07
           112.1800     -7.6600   6.2530871696890E+07
           112.1900     -7.6600   6.2530872360219E+07
           112.2000     -7.6600   6.2530873045075E+07
           112.2100     -7.6600   6.2530873748585E+07
           112.2200     -7.6600   6.2530874468899E+07
           112.2300     -7.6600   6.2530875205441E+07
           112.2400     -7.6600   6.2530875959031E+07
           112.2500     -7.6600   6.2530876731817E+07
           112.2600     -7.6600   6.2530877527029E+07
           112.2700     -7.6600   6.2530878348549E+07
           112.2800     -7.6600   6.2530879200351E+07
           112.2900     -7.6600   6.2530880085857E+07
           112.3000     -7.6600   6.2530881007286E+07
           112.3100     -7.6600   6.2530881965071E+07
           112.3200     -7.6600   6.2530882957426E+07
           112.3300     -7.6600   6.2530883980120E+07
           112.3400     -7.6600   6.2530885026491E+07
           112.3500     -7.6600   6.2530886087733E+07
           112.3600     -7.6600   6.2530887153419E+07
           112.3700     -7.6600   6.2530888212216E+07
           112.3800     -7.6600   6.2530889252733E+07
           112.3900     -7.6600   6.2530890264379E+07
           112.4000     -7.6600   6.2530891238165E+07
           112.4100     -7.6600   6.2530892167331E+07
           112.4200     -7.6600   6.2530893047730E+07
           112.4300     -7.6600   6.2530893877904E+07
           112.4400     -7.6600   6.2530894658847E+07
           112.4500     -7.6600   6.2530895393462E+07
           112.4600     -7.6600   6.2530896085762E+07
           112.4700     -7.6600   6.2530896739913E+07
           112.4800     -7.6600   6.2530897359226E+07
           112.4900     -7.6600   6.2530897945206E+07
           112.5000     -7.6600   6.2530898496790E+07
           112.5100     -7.6600   6.2530899009878E+07
           112.5200     -7.6600   6.2530899477208E+07
           112.5300     -7.6600   6.2530899888643E+07
           112.5400     -7.6600   6.2530900231839E+07
           112.5500     -7.6600   6.2530900493246E+07
           112.5600     -7.6600   6.2530900659368E+07
           112.5700     -7.6600   6.2530900718136E+07
           112.5800     -7.6600   6.2530900660278E+07
           112.5900     -7.6600   6.2530900480526E+07
           112.6000     -7.6600   6.2530900178549E+07
           112.6100     -7.6600   6.2530899759486E+07
           112.6200     -7.6600   6.2530899234027E+07
           112.6300     -7.6600   6.2530898618021E+07
           112.6400     -7.6600   6.2530897931633E+07
           112.6500     -7.6600   6.2530897198111E+07
           112.6600     -7.6600   6.2530896442300E+07
           112.6700     -7.6600   6.2530895689010E+07
           112.6800     -7.6600   6.2530894961401E+07
           112.6900     -7.6600   6.2530894279529E+07
           112.7000     -7.6600   6.2530893659179E+07
           112.7100     -7.6600   6.2530893111079E+07
           112.7200     -7.6600   6.2530892640562E+07
           112.7300     -7.6600   6.2530892247673E+07
           112.7400     -7.6600   6.2530891927715E+07
           112.7500     -7.6600   6.2530891672128E+07
           112.7600     -7.6600   6.2530891469639E+07
           112.7700     -7.6600   6.2530891307522E+07
           112.7800     -7.6600   6.2530891172874E+07
           112.7900     -7.6600   6.2530891053766E+07
           112.8000     -7.6600   6.2530890940173E+07
           112.8100     -7.6600   6.2530890824621E+07
           112.8200     -7.6600   6.2530890702502E+07
           112.8300     -7.6600   6.2530890572065E+07
           112.8400     -7.6600   6.2530890434110E+07
           112.8500     -7.6600   6.2530890291459E+07
           112.8600     -7.6600   6.2530890148266E+07
           112.8700     -7.6600   6.2530890009281E+07
           112.8800     -7.6600   6.2530889879128E+07
           112.8900     -7.6600   6.2530889761708E+07
           112.9000     -7.6600   6.2530889659746E+07
           112.9100     -7.6600   6.2530889574556E+07
           112.9200     -7.6600   6.2530889505994E+07
           112.9300     -7.6600   6.2530889452611E+07
           112.9400     -7.6600   6.2530889411952E+07
           112.9500     -7.6600   6.2530889380951E+07
           112.9600     -7.6600   6.2530889356366E+07
           112.9700     -7.6600   6.2530889335198E+07
           112.9800     -7.6600   6.2530889315035E+07
           112.9900     -7.6600   6.2530889294296E+07
           113.0000     -7.6600   6.2530889272347E+07
           112.0000     -7.6700   6.2530871246859E+07
           112.0100     -7.6700   6.2530871208127E+07
           112.0200     -7.6700   6.2530871212170E+07
           112.0300     -7.6700   6.2530871259415E+07
           112.0400     -7.6700   6.2530871349895E+07
           112.0500     -7.6700   6.2530871483442E+07
           112.0600     -7.6700   6.2530871659853E+07
           112.0700     -7.6700   6.2530871879026E+07
           112.0800     -7.6700   6.2530872141018E+07
           112.0900     -7.6700   6.2530872446031E+07
           112.1000     -7.6700   6.2530872794310E+07
           112.1100     -7.6700   6.2530873185979E+07
           112.1200     -7.6700   6.2530873620836E+07
           112.1300     -7.6700   6.2530874098150E+07
           112.1400     -7.6700   6.2530874616499E+07
           112.1500     -7.6700   6.2530875173682E+07
           112.1600     -7.6700   6.2530875766747E+07
           112.1700     -7.6700   6.2530876392127E+07
           112.1800     -7.6700   6.2530877045910E+07
           112.1900     -7.6700   6.2530877724194E+07
           112.2000     -7.6700   6.2530878423497E+07
           112.2100     -7.6700   6.2530879141182E+07
           112.2200     -7.6700   6.2530879875815E+07
           112.2300     -7.6700   6.2530880627417E+07
           112.2400     -7.6700   6.2530881397550E+07
           112.2500     -7.6700   6.2530882189217E+07
           112.2600     -7.6700   6.2530883006553E+07
           112.2700     -7.6700   6.2530883854337E+07
           112.2800     -7.6700   6.2530884737356E+07
           112.2900     -7.6700   6.2530885659696E+07
           112.3000     -7.6700   6.2530886624024E+07
           112.3100     -7.6700   6.2530887630957E+07
           112.3200     -7.6700   6.2530888678599E+07
           112.3300     -7.6700   6.2530889762297E+07
           112.3400     -7.6700   6.2530890874683E+07
           112.3500     -7.6700   6.2530892005986E+07
           112.3600     -7.6700   6.2530893144625E+07
           112.3700     -7.6700   6.2530894277996E+07
           112.3800     -7.6700   6.2530895393400E+07
           112.3900     -7.6700   6.2530896478993E+07
           112.4000     -7.6700   6.2530897524664E+07
           112.4100     -7.6700   6.2530898522724E+07
           112.4200     -7.6700   6.2530899468328E+07
           112.4300     -7.6700   6.2530900359569E+07
           112.4400     -7.6700   6.2530901197220E+07
           112.4500     -7.6700   6.2530901984150E+07
           112.4600     -7.6700   6.2530902724462E+07
           112.4700     -7.6700   6.2530903422452E+07
           112.4800     -7.6700   6.2530904081516E+07
           112.4900     -7.6700   6.2530904703112E+07
           112.5000     -7.6700   6.2530905285940E+07
           112.5100     -7.6700   6.2530905825416E+07
           112.5200     -7.6700   6.2530906313551E+07
           112.5300     -7.6700   6.2530906739248E+07
           112.5400     -7.6700   6.2530907089039E+07
           112.5500     -7.6700   6.2530907348175E+07
           112.5600     -7.6700   6.2530907502004E+07
           112.5700     -7.6700   6.2530907537472E+07
           112.5800     -7.6700   6.2530907444627E+07
           112.5900     -7.6700   6.2530907217951E+07
           112.6000     -7.6700   6.2530906857374E+07
           112.6100     -7.6700   6.2530906368875E+07
           112.6200     -7.6700   6.2530905764571E+07
           112.6300     -7.6700   6.2530905062285E+07
           112.6400     -7.6700   6.2530904284612E+07
           112.6500     -7.6700   6.2530903457564E+07
           112.6600     -7.6700   6.2530902608911E+07
           112.6700     -7.6700   6.2530901766365E+07
           112.6800     -7.6700   6.2530900955778E+07
           112.6900     -7.6700   6.2530900199509E+07
           112.7000     -7.6700   6.2530899515104E+07
           112.7100     -7.6700   6.2530898914402E+07
           112.7200     -7.6700   6.2530898403140E+07
           112.7300     -7.6700   6.2530897981058E+07
           112.7400     -7.6700   6.2530897642495E+07
           112.7500     -7.6700   6.2530897377379E+07
           112.7600     -7.6700   6.2530897172516E+07
           112.7700     -7.6700   6.2530897013029E+07
           112.7800     -7.6700   6.2530896883813E+07
           112.7900     -7.6700   6.2530896770869E+07
           112.8000     -7.6700   6.2530896662392E+07
           112.8100     -7.6700   6.2530896549539E+07
           112.8200     -7.6700   6.2530896426822E+07
           112.8300     -7.6700   6.2530896292130E+07
           112.8400     -7.6700   6.2530896146402E+07
           112.8500     -7.6700   6.2530895993023E+07
           112.8600     -7.6700   6.2530895837042E+07
           112.8700     -7.6700   6.2530895684291E+07
           112.8800     -7.6700   6.2530895540537E+07
           112.8900     -7.6700   6.2530895410731E+07
           112.9000     -7.6700   6.2530895298448E+07
           112.9100     -7.6700   6.2530895205550E+07
           112.9200     -7.6700   6.2530895132086E+07
           112.9300     -7.6700   6.2530895076425E+07
           112.9400     -7.6700   6.2530895035580E+07
           112.9500     -7.6700   6.2530895005661E+07
           112.9600     -7.6700   6.2530894982395E+07
           112.9700     -7.6700   6.2530894961652E+07
           112.9800     -7.6700   6.2530894939895E+07
           112.9900     -7.6700   6.2530894914533E+07
           113.0000     -7.6700   6.2530894884131E+07
           112.0000     -7.6800   6.2530876521574E+07
           112.0100     -7.6800   6.2530876472346E+07
           112.0200     -7.6800   6.2530876467813E+07
           112.0300     -7.6800   6.2530876508497E+07
           112.0400     -7.6800   6.2530876594531E+07
           112.0500     -7.6800   6.2530876725831E+07
           112.0600     -7.6800   6.2530876902260E+07
           112.0700     -7.6800   6.2530877123740E+07
           112.0800     -7.6800   6.2530877390309E+07
           112.0900     -7.6800   6.2530877702090E+07
           112.1000     -7.6800   6.2530878059184E+07
           112.1100     -7.6800   6.2530878461505E+07
           112.1200     -7.6800   6.2530878908579E+07
           112.1300     -7.6800   6.2530879399349E+07
           112.1400     -7.6800   6.2530879932035E+07
           112.1500     -7.6800   6.2530880504064E+07
           112.1600     -7.6800   6.2530881112132E+07
           112.1700     -7.6800   6.2530881752377E+07
           112.1800     -7.6800   6.2530882420678E+07
           112.1900     -7.6800   6.2530883113048E+07
           112.2000     -7.6800   6.2530883826076E+07
           112.2100     -7.6800   6.2530884557364E+07
           112.2200     -7.6800   6.2530885305900E+07
           112.2300     -7.6800   6.2530886072300E+07
           112.2400     -7.6800   6.2530886858871E+07
           112.2500     -7.6800   6.2530887669474E+07
           112.2600     -7.6800   6.2530888509159E+07
           112.2700     -7.6800   6.2530889383613E+07
           112.2800     -7.6800   6.2530890298458E+07
           112.2900     -7.6800   6.2530891258465E+07
           112.3000     -7.6800   6.2530892266773E+07
           112.3100     -7.6800   6.2530893324209E+07
           112.3200     -7.6800   6.2530894428782E+07
           112.3300     -7.6800   6.2530895575433E+07
           112.3400     -7.6800   6.2530896756086E+07
           112.3500     -7.6800   6.2530897959996E+07
           112.3600     -7.6800   6.2530899174397E+07
           112.3700     -7.6800   6.2530900385370E+07
           112.3800     -7.6800   6.2530901578849E+07
           112.3900     -7.6800   6.2530902741667E+07
           112.4000     -7.6800   6.2530903862508E+07
           112.4100     -7.6800   6.2530904932666E+07
           112.4200     -7.6800   6.2530905946512E+07
           112.4300     -7.6800   6.2530906901607E+07
           112.4400     -7.6800   6.2530907798434E+07
           112.4500     -7.6800   6.2530908639774E+07
           112.4600     -7.6800   6.2530909429782E+07
           112.4700     -7.6800   6.2530910172871E+07
           112.4800     -7.6800   6.2530910872525E+07
           112.4900     -7.6800   6.2530911530186E+07
           112.5000     -7.6800   6.2530912144354E+07
           112.5100     -7.6800   6.2530912710024E+07
           112.5200     -7.6800   6.2530913218534E+07
           112.5300     -7.6800   6.2530913657895E+07
           112.5400     -7.6800   6.2530914013570E+07
           112.5500     -7.6800   6.2530914269660E+07
           112.5600     -7.6800   6.2530914410387E+07
           112.5700     -7.6800   6.2530914421729E+07
           112.5800     -7.6800   6.2530914293054E+07
           112.5900     -7.6800   6.2530914018570E+07
           112.6000     -7.6800   6.2530913598440E+07
           112.6100     -7.6800   6.2530913039441E+07
           112.6200     -7.6800   6.2530912355069E+07
           112.6300     -7.6800   6.2530911565074E+07
           112.6400     -7.6800   6.2530910694448E+07
           112.6500     -7.6800   6.2530909771940E+07
           112.6600     -7.6800   6.2530908828237E+07
           112.6700     -7.6800   6.2530907893965E+07
           112.6800     -7.6800   6.2530906997698E+07
           112.6900     -7.6800   6.2530906164145E+07
           112.7000     -7.6800   6.2530905412676E+07
           112.7100     -7.6800   6.2530904756320E+07
           112.7200     -7.6800   6.2530904201299E+07
           112.7300     -7.6800   6.2530903747132E+07
           112.7400     -7.6800   6.2530903387274E+07
           112.7500     -7.6800   6.2530903110212E+07
           112.7600     -7.6800   6.2530902900891E+07
           112.7700     -7.6800   6.2530902742327E+07
           112.7800     -7.6800   6.2530902617244E+07
           112.7900     -7.6800   6.2530902509589E+07
           112.8000     -7.6800   6.2530902405777E+07
           112.8100     -7.6800   6.2530902295584E+07
           112.8200     -7.6800   6.2530902172628E+07
           112.8300     -7.6800   6.2530902034415E+07
           112.8400     -7.6800   6.2530901881995E+07
           112.8500     -7.6800   6.2530901719297E+07
           112.8600     -7.6800   6.2530901552233E+07
           112.8700     -7.6800   6.2530901387701E+07
           112.8800     -7.6800   6.2530901232581E+07
           112.8900     -7.6800   6.2530901092856E+07
           112.9000     -7.6800   6.2530900972924E+07
           112.9100     -7.6800   6.2530900875164E+07
           112.9200     -7.6800   6.2530900799780E+07
           112.9300     -7.6800   6.2530900744919E+07
           112.9400     -7.6800   6.2530900707011E+07
           112.9500     -7.6800   6.2530900681284E+07
           112.9600     -7.6800   6.2530900662377E+07
           112.9700     -7.6800   6.2530900644961E+07
           112.9800     -7.6800   6.2530900624319E+07
           112.9900     -7.6800   6.2530900596796E+07
           113.0000     -7.6800   6.2530900560105E+07
           112.0000     -7.6900   6.2530881824280E+07
           112.0100     -7.6900   6.2530881765974E+07
           112.0200     -7.6900   6.2530881754329E+07
           112.0300     -7.6900   6.2530881789837E+07
           112.0400     -7.6900   6.2530881872621E+07
           112.0500     -7.6900   6.2530882002596E+07
           112.0600     -7.6900   6.2530882179625E+07
           112.0700     -7.6900   6.2530882403623E+07
           112.0800     -7.6900   6.2530882674599E+07
           112.0900     -7.6900   6.2530882992614E+07
           112.1000     -7.6900   6.2530883357668E+07
           112.1100     -7.6900   6.2530883769524E+07
           112.1200     -7.6900   6.2530884227506E+07
           112.1300     -7.6900   6.2530884730312E+07
           112.1400     -7.6900   6.2530885275877E+07
           112.1500     -7.6900   6.2530885861334E+07
           112.1600     -7.6900   6.2530886483091E+07
           112.1700     -7.6900   6.2530887137035E+07
           112.1800     -7.6900   6.2530887818870E+07
           112.1900     -7.6900   6.2530888524539E+07
           112.2000     -7.6900   6.2530889250697E+07
           112.2100     -7.6900   6.2530889995169E+07
           112.2200     -7.6900   6.2530890757335E+07
           112.2300     -7.6900   6.2530891538369E+07
           112.2400     -7.6900   6.2530892341286E+07
           112.2500     -7.6900   6.2530893170766E+07
           112.2600     -7.6900   6.2530894032745E+07
           112.2700     -7.6900   6.2530894933801E+07
           112.2800     -7.6900   6.2530895880381E+07
           112.2900     -7.6900   6.2530896877947E+07
           112.3000     -7.6900   6.2530897930129E+07
           112.3100     -7.6900   6.2530899037990E+07
           112.3200     -7.6900   6.2530900199479E+07
           112.3300     -7.6900   6.2530901409167E+07
           112.3400     -7.6900   6.2530902658300E+07
           112.3500     -7.6900   6.2530903935184E+07
           112.3600     -7.6900   6.2530905225881E+07
           112.3700     -7.6900   6.2530906515150E+07
           112.3800     -7.6900   6.2530907787543E+07
           112.3900     -7.6900   6.2530909028529E+07
           112.4000     -7.6900   6.2530910225537E+07
           112.4100     -7.6900   6.2530911368784E+07
           112.4200     -7.6900   6.2530912451790E+07
           112.4300     -7.6900   6.2530913471517E+07
           112.4400     -7.6900   6.2530914428099E+07
           112.4500     -7.6900   6.2530915324184E+07
           112.4600     -7.6900   6.2530916163955E+07
           112.4700     -7.6900   6.2530916951935E+07
           112.4800     -7.6900   6.2530917691722E+07
           112.4900     -7.6900   6.2530918384786E+07
           112.5000     -7.6900   6.2530919029497E+07
           112.5100     -7.6900   6.2530919620507E+07
           112.5200     -7.6900   6.2530920148585E+07
           112.5300     -7.6900   6.2530920600942E+07
           112.5400     -7.6900   6.2530920962067E+07
           112.5500     -7.6900   6.2530921214986E+07
           112.5600     -7.6900   6.2530921342851E+07
           112.5700     -7.6900   6.2530921330703E+07
           112.5800     -7.6900   6.2530921167224E+07
           112.5900     -7.6900   6.2530920846316E+07
           112.6000     -7.6900   6.2530920368310E+07
           112.6100     -7.6900   6.2530919740687E+07
           112.6200     -7.6900   6.2530918978214E+07
           112.6300     -7.6900   6.2530918102449E+07
           112.6400     -7.6900   6.2530917140653E+07
           112.6500     -7.6900   6.2530916124196E+07
           112.6600     -7.6900   6.2530915086579E+07
           112.6700     -7.6900   6.2530914061266E+07
           112.6800     -7.6900   6.2530913079504E+07
           112.6900     -7.6900   6.2530912168336E+07
           112.7000     -7.6900   6.2530911348974E+07
           112.7100     -7.6900   6.2530910635684E+07
           112.7200     -7.6900   6.2530910035252E+07
           112.7300     -7.6900   6.2530909547073E+07
           112.7400     -7.6900   6.2530909163836E+07
           112.7500     -7.6900   6.2530908872707E+07
           112.7600     -7.6900   6.2530908656894E+07
           112.7700     -7.6900   6.2530908497421E+07
           112.7800     -7.6900   6.2530908374942E+07
           112.7900     -7.6900   6.2530908271431E+07
           112.8000     -7.6900   6.2530908171586E+07
           112.8100     -7.6900   6.2530908063844E+07
           112.8200     -7.6900   6.2530907940940E+07
           112.8300     -7.6900   6.2530907799992E+07
           112.8400     -7.6900   6.2530907642138E+07
           112.8500     -7.6900   6.2530907471807E+07
           112.8600     -7.6900   6.2530907295726E+07
           112.8700     -7.6900   6.2530907121792E+07
           112.8800     -7.6900   6.2530906957935E+07
           112.8900     -7.6900   6.2530906811100E+07
           112.9000     -7.6900   6.2530906686437E+07
           112.9100     -7.6900   6.2530906586777E+07
           112.9200     -7.6900   6.2530906512417E+07
           112.9300     -7.6900   6.2530906461222E+07
           112.9400     -7.6900   6.2530906428990E+07
           112.9500     -7.6900   6.2530906410027E+07
           112.9600     -7.6900   6.2530906397842E+07
           112.9700     -7.6900   6.2530906385891E+07
           112.9800     -7.6900   6.2530906368252E+07
           112.9900     -7.6900   6.2530906340202E+07
           113.0000     -7.6900   6.2530906298609E+07
           112.0000     -7.7000   6.2530887154493E+07
           112.0100     -7.7000   6.2530887088575E+07
           112.0200     -7.7000   6.2530887071353E+07
           112.0300     -7.7000   6.2530887103144E+07
           112.0400     -7.7000   6.2530887183930E+07
           112.0500     -7.7000   6.2530887313524E+07
           112.0600     -7.7000   6.2530887491713E+07
           112.0700     -7.7000   6.2530887718363E+07
           112.0800     -7.7000   6.2530887993444E+07
           112.0900     -7.7000   6.2530888316982E+07
           112.1000     -7.7000   6.2530888688923E+07
           112.1100     -7.7000   6.2530889108955E+07
           112.1200     -7.7000   6.2530889576290E+07
           112.1300     -7.7000   6.2530890089479E+07
           112.1400     -7.7000   6.2530890646273E+07
           112.1500     -7.7000   6.2530891243598E+07
           112.1600     -7.7000   6.2530891877648E+07
           112.1700     -7.7000   6.2530892544115E+07
           112.1800     -7.7000   6.2530893238556E+07
           112.1900     -7.7000   6.2530893956846E+07
           112.2000     -7.7000   6.2530894695682E+07
           112.2100     -7.7000   6.2530895453067E+07
           112.2200     -7.7000   6.2530896228709E+07
           112.2300     -7.7000   6.2530897024262E+07
           112.2400     -7.7000   6.2530897843368E+07
           112.2500     -7.7000   6.2530898691448E+07
           112.2600     -7.7000   6.2530899575256E+07
           112.2700     -7.7000   6.2530900502206E+07
           112.2800     -7.7000   6.2530901479539E+07
           112.2900     -7.7000   6.2530902513398E+07
           112.3000     -7.7000   6.2530903607918E+07
           112.3100     -7.7000   6.2530904764430E+07
           112.3200     -7.7000   6.2530905980874E+07
           112.3300     -7.7000   6.2530907251515E+07
           112.3400     -7.7000   6.2530908566988E+07
           112.3500     -7.7000   6.2530909914713E+07
           112.3600     -7.7000   6.2530911279637E+07
           112.3700     -7.7000   6.2530912645241E+07
           112.3800     -7.7000   6.2530913994711E+07
           112.3900     -7.7000   6.2530915312159E+07
           112.4000     -7.7000   6.2530916583739E+07
           112.4100     -7.7000   6.2530917798556E+07
           112.4200     -7.7000   6.2530918949232E+07
           112.4300     -7.7000   6.2530920032083E+07
           112.4400     -7.7000   6.2530921046845E+07
           112.4500     -7.7000   6.2530921995995E+07
           112.4600     -7.7000   6.2530922883727E+07
           112.4700     -7.7000   6.2530923714686E+07
           112.4800     -7.7000   6.2530924492615E+07
           112.4900     -7.7000   6.2530925219080E+07
           112.5000     -7.7000   6.2530925892415E+07
           112.5100     -7.7000   6.2530926507050E+07
           112.5200     -7.7000   6.2530927053310E+07
           112.5300     -7.7000   6.2530927517748E+07
           112.5400     -7.7000   6.2530927884009E+07
           112.5500     -7.7000   6.2530928134158E+07
           112.5600     -7.7000   6.2530928250366E+07
           112.5700     -7.7000   6.2530928216779E+07
           112.5800     -7.7000   6.2530928021402E+07
           112.5900     -7.7000   6.2530927657784E+07
           112.6000     -7.7000   6.2530927126330E+07
           112.6100     -7.7000   6.2530926435095E+07
           112.6200     -7.7000   6.2530925599938E+07
           112.6300     -7.7000   6.2530924644024E+07
           112.6400     -7.7000   6.2530923596675E+07
           112.6500     -7.7000   6.2530922491663E+07
           112.6600     -7.7000   6.2530921365107E+07
           112.6700     -7.7000   6.2530920253132E+07
           112.6800     -7.7000   6.2530919189522E+07
           112.6900     -7.7000   6.2530918203561E+07
           112.7000     -7.7000   6.2530917318269E+07
           112.7100     -7.7000   6.2530916549160E+07
           112.7200     -7.7000   6.2530915903644E+07
           112.7300     -7.7000   6.2530915381102E+07
           112.7400     -7.7000   6.2530914973596E+07
           112.7500     -7.7000   6.2530914667141E+07
           112.7600     -7.7000   6.2530914443386E+07
           112.7700     -7.7000   6.2530914281543E+07
           112.7800     -7.7000   6.2530914160369E+07
           112.7900     -7.7000   6.2530914060015E+07
           112.8000     -7.7000   6.2530913963581E+07
           112.8100     -7.7000   6.2530913858248E+07
           112.8200     -7.7000   6.2530913735921E+07
           112.8300     -7.7000   6.2530913593339E+07
           112.8400     -7.7000   6.2530913431700E+07
           112.8500     -7.7000   6.2530913255879E+07
           112.8600     -7.7000   6.2530913073332E+07
           112.8700     -7.7000   6.2530912892856E+07
           112.8800     -7.7000   6.2530912723319E+07
           112.8900     -7.7000   6.2530912572510E+07
           112.9000     -7.7000   6.2530912446218E+07
           112.9100     -7.7000   6.2530912347624E+07
           112.9200     -7.7000   6.2530912277030E+07
           112.9300     -7.7000   6.2530912231951E+07
           112.9400     -7.7000   6.2530912207503E+07
           112.9500     -7.7000   6.2530912197040E+07
           112.9600     -7.7000   6.2530912192945E+07
           112.9700     -7.7000   6.2530912187466E+07
           112.9800     -7.7000   6.2530912173517E+07
           112.9900     -7.7000   6.2530912145353E+07
           113.0000     -7.7000   6.2530912099057E+07
           112.0000     -7.7100   6.2530892511907E+07
           112.0100     -7.7100   6.2530892439833E+07
           112.0200     -7.7100   6.2530892418573E+07
           112.0300     -7.7100   6.2530892448111E+07
           112.0400     -7.7100   6.2530892528148E+07
           112.0500     -7.7100   6.2530892658275E+07
           112.0600     -7.7100   6.2530892838123E+07
           112.0700     -7.7100   6.2530893067459E+07
           112.0800     -7.7100   6.2530893346210E+07
           112.0900     -7.7100   6.2530893674388E+07
           112.1000     -7.7100   6.2530894051953E+07
           112.1100     -7.7100   6.2530894478602E+07
           112.1200     -7.7100   6.2530894953545E+07
           112.1300     -7.7100   6.2530895475298E+07
           112.1400     -7.7100   6.2530896041543E+07
           112.1500     -7.7100   6.2530896649102E+07
           112.1600     -7.7100   6.2530897294035E+07
           112.1700     -7.7100   6.2530897971897E+07
           112.1800     -7.7100   6.2530898678119E+07
           112.1900     -7.7100   6.2530899408497E+07
           112.2000     -7.7100   6.2530900159723E+07
           112.2100     -7.7100   6.2530900929902E+07
           112.2200     -7.7100   6.2530901718967E+07
           112.2300     -7.7100   6.2530902528940E+07
           112.2400     -7.7100   6.2530903363963E+07
           112.2500     -7.7100   6.2530904230079E+07
           112.2600     -7.7100   6.2530905134752E+07
           112.2700     -7.7100   6.2530906086149E+07
           112.2800     -7.7100   6.2530907092247E+07
           112.2900     -7.7100   6.2530908159847E+07
           112.3000     -7.7100   6.2530909293598E+07
           112.3100     -7.7100   6.2530910495144E+07
           112.3200     -7.7100   6.2530911762488E+07
           112.3300     -7.7100   6.2530913089679E+07
           112.3400     -7.7100   6.2530914466846E+07
           112.3500     -7.7100   6.2530915880632E+07
           112.3600     -7.7100   6.2530917314969E+07
           112.3700     -7.7100   6.2530918752145E+07
           112.3800     -7.7100   6.2530920174051E+07
           112.3900     -7.7100   6.2530921563475E+07
           112.4000     -7.7100   6.2530922905316E+07
           112.4100     -7.7100   6.2530924187555E+07
           112.4200     -7.7100   6.2530925401892E+07
           112.4300     -7.7100   6.2530926543955E+07
           112.4400     -7.7100   6.2530927613043E+07
           112.4500     -7.7100   6.2530928611437E+07
           112.4600     -7.7100   6.2530929543327E+07
           112.4700     -7.7100   6.2530930413494E+07
           112.4800     -7.7100   6.2530931225881E+07
           112.4900     -7.7100   6.2530931982232E+07
           112.5000     -7.7100   6.2530932680964E+07
           112.5100     -7.7100   6.2530933316437E+07
           112.5200     -7.7100   6.2530933878703E+07
           112.5300     -7.7100   6.2530934353838E+07
           112.5400     -7.7100   6.2530934724819E+07
           112.5500     -7.7100   6.2530934972908E+07
           112.5600     -7.7100   6.2530935079414E+07
           112.5700     -7.7100   6.2530935027669E+07
           112.5800     -7.7100   6.2530934805017E+07
           112.5900     -7.7100   6.2530934404608E+07
           112.6000     -7.7100   6.2530933826811E+07
           112.6100     -7.7100   6.2530933080075E+07
           112.6200     -7.7100   6.2530932181126E+07
           112.6300     -7.7100   6.2530931154462E+07
           112.6400     -7.7100   6.2530930031160E+07
           112.6500     -7.7100   6.2530928847088E+07
           112.6600     -7.7100   6.2530927640679E+07
           112.6700     -7.7100   6.2530926450446E+07
           112.6800     -7.7100   6.2530925312481E+07
           112.6900     -7.7100   6.2530924258142E+07
           112.7000     -7.7100   6.2530923312146E+07
           112.7100     -7.7100   6.2530922491224E+07
           112.7200     -7.7100   6.2530921803453E+07
           112.7300     -7.7100   6.2530921248302E+07
           112.7400     -7.7100   6.2530920817368E+07
           112.7500     -7.7100   6.2530920495715E+07
           112.7600     -7.7100   6.2530920263667E+07
           112.7700     -7.7100   6.2530920098864E+07
           112.7800     -7.7100   6.2530919978396E+07
           112.7900     -7.7100   6.2530919880804E+07
           112.8000     -7.7100   6.2530919787764E+07
           112.8100     -7.7100   6.2530919685335E+07
           112.8200     -7.7100   6.2530919564666E+07
           112.8300     -7.7100   6.2530919422141E+07
           112.8400     -7.7100   6.2530919258996E+07
           112.8500     -7.7100   6.2530919080471E+07
           112.8600     -7.7100   6.2530918894643E+07
           112.8700     -7.7100   6.2530918711065E+07
           112.8800     -7.7100   6.2530918539384E+07
           112.8900     -7.7100   6.2530918388071E+07
           112.9000     -7.7100   6.2530918263402E+07
           112.9100     -7.7100   6.2530918168767E+07
           112.9200     -7.7100   6.2530918104361E+07
           112.9300     -7.7100   6.2530918067269E+07
           112.9400     -7.7100   6.2530918051881E+07
           112.9500     -7.7100   6.2530918050595E+07
           112.9600     -7.7100   6.2530918054691E+07
           112.9700     -7.7100   6.2530918055276E+07
           112.9800     -7.7100   6.2530918044186E+07
           112.9900     -7.7100   6.2530918014762E+07
           113.0000     -7.7100   6.2530917962421E+07
           112.0000     -7.7200   6.2530897896039E+07
           112.0100     -7.7200   6.2530897819212E+07
           112.0200     -7.7200   6.2530897795410E+07
           112.0300     -7.7200   6.2530897824115E+07
           112.0400     -7.7200   6.2530897904597E+07
           112.0500     -7.7200   6.2530898036104E+07
           112.0600     -7.7200   6.2530898218022E+07
           112.0700     -7.7200   6.2530898449972E+07
           112.0800     -7.7200   6.2530898731827E+07
           112.0900     -7.7200   6.2530899063625E+07
           112.1000     -7.7200   6.2530899445405E+07
           112.1100     -7.7200   6.2530899876974E+07
           112.1200     -7.7200   6.2530900357658E+07
           112.1300     -7.7200   6.2530900886065E+07
           112.1400     -7.7200   6.2530901459937E+07
           112.1500     -7.7200   6.2530902076099E+07
           112.1600     -7.7200   6.2530902730568E+07
           112.1700     -7.7200   6.2530903418810E+07
           112.1800     -7.7200   6.2530904136146E+07
           112.1900     -7.7200   6.2530904878264E+07
           112.2000     -7.7200   6.2530905641783E+07
           112.2100     -7.7200   6.2530906424802E+07
           112.2200     -7.7200   6.2530907227346E+07
           112.2300     -7.7200   6.2530908051644E+07
           112.2400     -7.7200   6.2530908902178E+07
           112.2500     -7.7200   6.2530909785454E+07
           112.2600     -7.7200   6.2530910709502E+07
           112.2700     -7.7200   6.2530911683130E+07
           112.2800     -7.7200   6.2530912714972E+07
           112.2900     -7.7200   6.2530913812455E+07
           112.3000     -7.7200   6.2530914980752E+07
           112.3100     -7.7200   6.2530916221873E+07
           112.3200     -7.7200   6.2530917533978E+07
           112.3300     -7.7200   6.2530918911020E+07
           112.3400     -7.7200   6.2530920342767E+07
           112.3500     -7.7200   6.2530921815233E+07
           112.3600     -7.7200   6.2530923311483E+07
           112.3700     -7.7200   6.2530924812740E+07
           112.3800     -7.7200   6.2530926299706E+07
           112.3900     -7.7200   6.2530927753926E+07
           112.4000     -7.7200   6.2530929159083E+07
           112.4100     -7.7200   6.2530930502049E+07
           112.4200     -7.7200   6.2530931773587E+07
           112.4300     -7.7200   6.2530932968609E+07
           112.4400     -7.7200   6.2530934085943E+07
           112.4500     -7.7200   6.2530935127642E+07
           112.4600     -7.7200   6.2530936097884E+07
           112.4700     -7.7200   6.2530937001608E+07
           112.4800     -7.7200   6.2530937843012E+07
           112.4900     -7.7200   6.2530938624120E+07
           112.5000     -7.7200   6.2530939343581E+07
           112.5100     -7.7200   6.2530939995861E+07
           112.5200     -7.7200   6.2530940570956E+07
           112.5300     -7.7200   6.2530941054689E+07
           112.5400     -7.7200   6.2530941429595E+07
           112.5500     -7.7200   6.2530941676339E+07
           112.5600     -7.7200   6.2530941775539E+07
           112.5700     -7.7200   6.2530941709823E+07
           112.5800     -7.7200   6.2530941465913E+07
           112.5900     -7.7200   6.2530941036526E+07
           112.6000     -7.7200   6.2530940421874E+07
           112.6100     -7.7200   6.2530939630595E+07
           112.6200     -7.7200   6.2530938680003E+07
           112.6300     -7.7200   6.2530937595590E+07
           112.6400     -7.7200   6.2530936409809E+07
           112.6500     -7.7200   6.2530935160221E+07
           112.6600     -7.7200   6.2530933887173E+07
           112.6700     -7.7200   6.2530932631195E+07
           112.6800     -7.7200   6.2530931430365E+07
           112.6900     -7.7200   6.2530930317857E+07
           112.7000     -7.7200   6.2530929319914E+07
           112.7100     -7.7200   6.2530928454401E+07
           112.7200     -7.7200   6.2530927730067E+07
           112.7300     -7.7200   6.2530927146561E+07
           112.7400     -7.7200   6.2530926695188E+07
           112.7500     -7.7200   6.2530926360291E+07
           112.7600     -7.7200   6.2530926121136E+07
           112.7700     -7.7200   6.2530925954083E+07
           112.7800     -7.7200   6.2530925834844E+07
           112.7900     -7.7200   6.2530925740613E+07
           112.8000     -7.7200   6.2530925651869E+07
           112.8100     -7.7200   6.2530925553714E+07
           112.8200     -7.7200   6.2530925436647E+07
           112.8300     -7.7200   6.2530925296735E+07
           112.8400     -7.7200   6.2530925135216E+07
           112.8500     -7.7200   6.2530924957608E+07
           112.8600     -7.7200   6.2530924772461E+07
           112.8700     -7.7200   6.2530924589908E+07
           112.8800     -7.7200   6.2530924420170E+07
           112.8900     -7.7200   6.2530924272196E+07
           112.9000     -7.7200   6.2530924152549E+07
           112.9100     -7.7200   6.2530924064657E+07
           112.9200     -7.7200   6.2530924008479E+07
           112.9300     -7.7200   6.2530923980576E+07
           112.9400     -7.7200   6.2530923974577E+07
           112.9500     -7.7200   6.2530923981939E+07
           112.9600     -7.7200   6.2530923992903E+07
           112.9700     -7.7200   6.2530923997539E+07
           112.9800     -7.7200   6.2530923986749E+07
           112.9900     -7.7200   6.2530923953131E+07
           113.0000     -7.7200   6.2530923891616E+07
           112.0000     -7.7300   6.2530903305874E+07
           112.0100     -7.7300   6.2530903225632E+07
           112.0200     -7.7300   6.2530903200709E+07
           112.0300     -7.7300   6.2530903229921E+07
           112.0400     -7.7300   6.2530903311958E+07
           112.0500     -7.7300   6.2530903445600E+07
           112.0600     -7.7300   6.2530903629902E+07
           112.0700     -7.7300   6.2530903864292E+07
           112.0800     -7.7300   6.2530904148585E+07
           112.0900     -7.7300   6.2530904482884E+07
           112.1000     -7.7300   6.2530904867383E+07
           112.1100     -7.7300   6.2530905302108E+07
           112.1200     -7.7300   6.2530905786626E+07
           112.1300     -7.7300   6.2530906319778E+07
           112.1400     -7.7300   6.2530906899493E+07
           112.1500     -7.7300   6.2530907522718E+07
           112.1600     -7.7300   6.2530908185511E+07
           112.1700     -7.7300   6.2530908883300E+07
           112.1800     -7.7300   6.2530909611299E+07
           112.1900     -7.7300   6.2530910365041E+07
           112.2000     -7.7300   6.2530911140982E+07
           112.2100     -7.7300   6.2530911937078E+07
           112.2200     -7.7300   6.2530912753278E+07
           112.2300     -7.7300   6.2530913591831E+07
           112.2400     -7.7300   6.2530914457355E+07
           112.2500     -7.7300   6.2530915356627E+07
           112.2600     -7.7300   6.2530916298075E+07
           112.2700     -7.7300   6.2530917291003E+07
           112.2800     -7.7300   6.2530918344614E+07
           112.2900     -7.7300   6.2530919466915E+07
           112.3000     -7.7300   6.2530920663617E+07
           112.3100     -7.7300   6.2530921937164E+07
           112.3200     -7.7300   6.2530923285983E+07
           112.3300     -7.7300   6.2530924704087E+07
           112.3400     -7.7300   6.2530926181059E+07
           112.3500     -7.7300   6.2530927702476E+07
           112.3600     -7.7300   6.2530929250719E+07
           112.3700     -7.7300   6.2530930806121E+07
           112.3800     -7.7300   6.2530932348334E+07
           112.3900     -7.7300   6.2530933857767E+07
           112.4000     -7.7300   6.2530935316954E+07
           112.4100     -7.7300   6.2530936711687E+07
           112.4200     -7.7300   6.2530938031790E+07
           112.4300     -7.7300   6.2530939271427E+07
           112.4400     -7.7300   6.2530940428919E+07
           112.4500     -7.7300   6.2530941506055E+07
           112.4600     -7.7300   6.2530942506992E+07
           112.4700     -7.7300   6.2530943436840E+07
           112.4800     -7.7300   6.2530944300117E+07
           112.4900     -7.7300   6.2530945099242E+07
           112.5000     -7.7300   6.2530945833257E+07
           112.5100     -7.7300   6.2530946496953E+07
           112.5200     -7.7300   6.2530947080516E+07
           112.5300     -7.7300   6.2530947569793E+07
           112.5400     -7.7300   6.2530947947155E+07
           112.5500     -7.7300   6.2530948192928E+07
           112.5600     -7.7300   6.2530948287257E+07
           112.5700     -7.7300   6.2530948212222E+07
           112.5800     -7.7300   6.2530947954002E+07
           112.5900     -7.7300   6.2530947504863E+07
           112.6000     -7.7300   6.2530946864737E+07
           112.6100     -7.7300   6.2530946042237E+07
           112.6200     -7.7300   6.2530945054949E+07
           112.6300     -7.7300   6.2530943928969E+07
           112.6400     -7.7300   6.2530942697674E+07
           112.6500     -7.7300   6.2530941399834E+07
           112.6600     -7.7300   6.2530940077224E+07
           112.6700     -7.7300   6.2530938771926E+07
           112.6800     -7.7300   6.2530937523589E+07
           112.6900     -7.7300   6.2530936366869E+07
           112.7000     -7.7300   6.2530935329289E+07
           112.7100     -7.7300   6.2530934429708E+07
           112.7200     -7.7300   6.2530933677516E+07
           112.7300     -7.7300   6.2530933072620E+07
           112.7400     -7.7300   6.2530932606198E+07
           112.7500     -7.7300   6.2530932262119E+07
           112.7600     -7.7300   6.2530932018893E+07
           112.7700     -7.7300   6.2530931851928E+07
           112.7800     -7.7300   6.2530931735892E+07
           112.7900     -7.7300   6.2530931646938E+07
           112.8000     -7.7300   6.2530931564613E+07
           112.8100     -7.7300   6.2530931473264E+07
           112.8200     -7.7300   6.2530931362866E+07
           112.8300     -7.7300   6.2530931229212E+07
           112.8400     -7.7300   6.2530931073506E+07
           112.8500     -7.7300   6.2530930901432E+07
           112.8600     -7.7300   6.2530930721843E+07
           112.8700     -7.7300   6.2530930545232E+07
           112.8800     -7.7300   6.2530930382155E+07
           112.8900     -7.7300   6.2530930241786E+07
           112.9000     -7.7300   6.2530930130743E+07
           112.9100     -7.7300   6.2530930052296E+07
           112.9200     -7.7300   6.2530930006005E+07
           112.9300     -7.7300   6.2530929987821E+07
           112.9400     -7.7300   6.2530929990578E+07
           112.9500     -7.7300   6.2530930004825E+07
           112.9600     -7.7300   6.2530930019865E+07
           112.9700     -7.7300   6.2530930024883E+07
           112.9800     -7.7300   6.2530930010042E+07
           112.9900     -7.7300   6.2530929967420E+07
           113.0000     -7.7300   6.2530929891705E+07
           112.0000     -7.7400   6.2530908739571E+07
           112.0100     -7.7400   6.2530908657191E+07
           112.0200     -7.7400   6.2530908632487E+07
           112.0300     -7.7400   6.2530908663451E+07
           112.0400     -7.7400   6.2530908748052E+07
           112.0500     -7.7400   6.2530908884488E+07
           112.0600     -7.7400   6.2530909071396E+07
           112.0700     -7.7400   6.2530909307972E+07
           112.0800     -7.7400   6.2530909593974E+07
           112.0900     -7.7400   6.2530909929611E+07
           112.1000     -7.7400   6.2530910315316E+07
           112.1100     -7.7400   6.2530910751445E+07
           112.1200     -7.7400   6.2530911237940E+07
           112.1300     -7.7400   6.2530911774015E+07
           112.1400     -7.7400   6.2530912357921E+07
           112.1500     -7.7400   6.2530912986843E+07
           112.1600     -7.7400   6.2530913656964E+07
           112.1700     -7.7400   6.2530914363715E+07
           112.1800     -7.7400   6.2530915102193E+07
           112.1900     -7.7400   6.2530915867719E+07
           112.2000     -7.7400   6.2530916656470E+07
           112.2100     -7.7400   6.2530917466105E+07
           112.2200     -7.7400   6.2530918296298E+07
           112.2300     -7.7400   6.2530919149096E+07
           112.2400     -7.7400   6.2530920029030E+07
           112.2500     -7.7400   6.2530920942926E+07
           112.2600     -7.7400   6.2530921899409E+07
           112.2700     -7.7400   6.2530922908129E+07
           112.2800     -7.7400   6.2530923978747E+07
           112.2900     -7.7400   6.2530925119805E+07
           112.3000     -7.7400   6.2530926337571E+07
           112.3100     -7.7400   6.2530927634998E+07
           112.3200     -7.7400   6.2530929010918E+07
           112.3300     -7.7400   6.2530930459581E+07
           112.3400     -7.7400   6.2530931970596E+07
           112.3500     -7.7400   6.2530933529326E+07
           112.3600     -7.7400   6.2530935117690E+07
           112.3700     -7.7400   6.2530936715336E+07
           112.3800     -7.7400   6.2530938301035E+07
           112.3900     -7.7400   6.2530939854190E+07
           112.4000     -7.7400   6.2530941356270E+07
           112.4100     -7.7400   6.2530942792022E+07
           112.4200     -7.7400   6.2530944150325E+07
           112.4300     -7.7400   6.2530945424568E+07
           112.4400     -7.7400   6.2530946612512E+07
           112.4500     -7.7400   6.2530947715640E+07
           112.4600     -7.7400   6.2530948738055E+07
           112.4700     -7.7400   6.2530949685055E+07
           112.4800     -7.7400   6.2530950561537E+07
           112.4900     -7.7400   6.2530951370432E+07
           112.5000     -7.7400   6.2530952111358E+07
           112.5100     -7.7400   6.2530952779669E+07
           112.5200     -7.7400   6.2530953366033E+07
           112.5300     -7.7400   6.2530953856637E+07
           112.5400     -7.7400   6.2530954234017E+07
           112.5500     -7.7400   6.2530954478480E+07
           112.5600     -7.7400   6.2530954569969E+07
           112.5700     -7.7400   6.2530954490225E+07
           112.5800     -7.7400   6.2530954225004E+07
           112.5900     -7.7400   6.2530953766130E+07
           112.6000     -7.7400   6.2530953113157E+07
           112.6100     -7.7400   6.2530952274448E+07
           112.6200     -7.7400   6.2530951267533E+07
           112.6300     -7.7400   6.2530950118678E+07
           112.6400     -7.7400   6.2530948861682E+07
           112.6500     -7.7400   6.2530947535977E+07
           112.6600     -7.7400   6.2530946184197E+07
           112.6700     -7.7400   6.2530944849434E+07
           112.6800     -7.7400   6.2530943572413E+07
           112.6900     -7.7400   6.2530942388855E+07
           112.7000     -7.7400   6.2530941327252E+07
           112.7100     -7.7400   6.2530940407262E+07
           112.7200     -7.7400   6.2530939638844E+07
           112.7300     -7.7400   6.2530939022214E+07
           112.7400     -7.7400   6.2530938548581E+07
           112.7500     -7.7400   6.2530938201595E+07
           112.7600     -7.7400   6.2530937959327E+07
           112.7700     -7.7400   6.2530937796590E+07
           112.7800     -7.7400   6.2530937687371E+07
           112.7900     -7.7400   6.2530937607129E+07
           112.8000     -7.7400   6.2530937534772E+07
           112.8100     -7.7400   6.2530937454117E+07
           112.8200     -7.7400   6.2530937354755E+07
           112.8300     -7.7400   6.2530937232255E+07
           112.8400     -7.7400   6.2530937087743E+07
           112.8500     -7.7400   6.2530936926939E+07
           112.8600     -7.7400   6.2530936758800E+07
           112.8700     -7.7400   6.2530936593930E+07
           112.8800     -7.7400   6.2530936442937E+07
           112.8900     -7.7400   6.2530936314938E+07
           112.9000     -7.7400   6.2530936216340E+07
           112.9100     -7.7400   6.2530936150022E+07
           112.9200     -7.7400   6.2530936114983E+07
           112.9300     -7.7400   6.2530936106458E+07
           112.9400     -7.7400   6.2530936116467E+07
           112.9500     -7.7400   6.2530936134705E+07
           112.9600     -7.7400   6.2530936149663E+07
           112.9700     -7.7400   6.2530936149837E+07
           112.9800     -7.7400   6.2530936124891E+07
           112.9900     -7.7400   6.2530936066657E+07
           113.0000     -7.7400   6.2530935969873E+07
           112.0000     -7.7500   6.2530914194265E+07
           112.0100     -7.7500   6.2530914110987E+07
           112.0200     -7.7500   6.2530914087767E+07
           112.0300     -7.7500   6.2530914121636E+07
           112.0400     -7.7500   6.2530914209713E+07
           112.0500     -7.7500   6.2530914349508E+07
           112.0600     -7.7500   6.2530914539173E+07
           112.0700     -7.7500   6.2530914777633E+07
           112.0800     -7.7500   6.2530915064598E+07
           112.0900     -7.7500   6.2530915400429E+07
           112.1000     -7.7500   6.2530915785883E+07
           112.1100     -7.7500   6.2530916221760E+07
           112.1200     -7.7500   6.2530916708512E+07
           112.1300     -7.7500   6.2530917245866E+07
           112.1400     -7.7500   6.2530917832528E+07
           112.1500     -7.7500   6.2530918466034E+07
           112.1600     -7.7500   6.2530919142769E+07
           112.1700     -7.7500   6.2530919858199E+07
           112.1800     -7.7500   6.2530920607288E+07
           112.1900     -7.7500   6.2530921385070E+07
           112.2000     -7.7500   6.2530922187315E+07
           112.2100     -7.7500   6.2530923011205E+07
           112.2200     -7.7500   6.2530923855927E+07
           112.2300     -7.7500   6.2530924723085E+07
           112.2400     -7.7500   6.2530925616871E+07
           112.2500     -7.7500   6.2530926543920E+07
           112.2600     -7.7500   6.2530927512846E+07
           112.2700     -7.7500   6.2530928533469E+07
           112.2800     -7.7500   6.2530929615800E+07
           112.2900     -7.7500   6.2530930768868E+07
           112.3000     -7.7500   6.2530931999518E+07
           112.3100     -7.7500   6.2530933311305E+07
           112.3200     -7.7500   6.2530934703618E+07
           112.3300     -7.7500   6.2530936171145E+07
           112.3400     -7.7500   6.2530937703756E+07
           112.3500     -7.7500   6.2530939286852E+07
           112.3600     -7.7500   6.2530940902142E+07
           112.3700     -7.7500   6.2530942528810E+07
           112.3800     -7.7500   6.2530944144943E+07
           112.3900     -7.7500   6.2530945729078E+07
           112.4000     -7.7500   6.2530947261708E+07
           112.4100     -7.7500   6.2530948726574E+07
           112.4200     -7.7500   6.2530950111598E+07
           112.4300     -7.7500   6.2530951409344E+07
           112.4400     -7.7500   6.2530952616950E+07
           112.4500     -7.7500   6.2530953735527E+07
           112.4600     -7.7500   6.2530954769080E+07
           112.4700     -7.7500   6.2530955723087E+07
           112.4800     -7.7500   6.2530956602876E+07
           112.4900     -7.7500   6.2530957412009E+07
           112.5000     -7.7500   6.2530958150871E+07
           112.5100     -7.7500   6.2530958815638E+07
           112.5200     -7.7500   6.2530959397778E+07
           112.5300     -7.7500   6.2530959884182E+07
           112.5400     -7.7500   6.2530960257933E+07
           112.5500     -7.7500   6.2530960499685E+07
           112.5600     -7.7500   6.2530960589514E+07
           112.5700     -7.7500   6.2530960509086E+07
           112.5800     -7.7500   6.2530960243901E+07
           112.5900     -7.7500   6.2530959785398E+07
           112.6000     -7.7500   6.2530959132678E+07
           112.6100     -7.7500   6.2530958293647E+07
           112.6200     -7.7500   6.2530957285439E+07
           112.6300     -7.7500   6.2530956134048E+07
           112.6400     -7.7500   6.2530954873154E+07
           112.6500     -7.7500   6.2530953542250E+07
           112.6600     -7.7500   6.2530952184209E+07
           112.6700     -7.7500   6.2530950842519E+07
           112.6800     -7.7500   6.2530949558421E+07
           112.6900     -7.7500   6.2530948368218E+07
           112.7000     -7.7500   6.2530947300997E+07
           112.7100     -7.7500   6.2530946376965E+07
           112.7200     -7.7500   6.2530945606542E+07
           112.7300     -7.7500   6.2530944990270E+07
           112.7400     -7.7500   6.2530944519538E+07
           112.7500     -7.7500   6.2530944178024E+07
           112.7600     -7.7500   6.2530943943686E+07
           112.7700     -7.7500   6.2530943791116E+07
           112.7800     -7.7500   6.2530943694006E+07
           112.7900     -7.7500   6.2530943627488E+07
           112.8000     -7.7500   6.2530943570142E+07
           112.8100     -7.7500   6.2530943505501E+07
           112.8200     -7.7500   6.2530943422920E+07
           112.8300     -7.7500   6.2530943317792E+07
           112.8400     -7.7500   6.2530943191111E+07
           112.8500     -7.7500   6.2530943048491E+07
           112.8600     -7.7500   6.2530942898769E+07
           112.8700     -7.7500   6.2530942752377E+07
           112.8800     -7.7500   6.2530942619666E+07
           112.8900     -7.7500   6.2530942509379E+07
           112.9000     -7.7500   6.2530942427417E+07
           112.9100     -7.7500   6.2530942376023E+07
           112.9200     -7.7500   6.2530942353448E+07
           112.9300     -7.7500   6.2530942354110E+07
           112.9400     -7.7500   6.2530942369197E+07
           112.9500     -7.7500   6.2530942387624E+07
           112.9600     -7.7500   6.2530942397224E+07
           112.9700     -7.7500   6.2530942386026E+07
           112.9800     -7.7500   6.2530942343476E+07
           112.9900     -7.7500   6.2530942261479E+07
           113.0000     -7.7500   6.2530942135150E+07
           112.0000     -7.7600   6.2530919665994E+07
           112.0100     -7.7600   6.2530919583056E+07
           112.0200     -7.7600   6.2530919562533E+07
           112.0300     -7.7600   6.2530919600380E+07
           112.0400     -7.7600   6.2530919692760E+07
           112.0500     -7.7600   6.2530919836413E+07
           112.0600     -7.7600   6.2530920028941E+07
           112.0700     -7.7600   6.2530920268976E+07
           112.0800     -7.7600   6.2530920556192E+07
           112.0900     -7.7600   6.2530920891156E+07
           112.1000     -7.7600   6.2530921275033E+07
           112.1100     -7.7600   6.2530921709180E+07
           112.1200     -7.7600   6.2530922194689E+07
           112.1300     -7.7600   6.2530922731934E+07
           112.1400     -7.7600   6.2530923320207E+07
           112.1500     -7.7600   6.2530923957496E+07
           112.1600     -7.7600   6.2530924640463E+07
           112.1700     -7.7600   6.2530925364633E+07
           112.1800     -7.7600   6.2530926124809E+07
           112.1900     -7.7600   6.2530926915653E+07
           112.2000     -7.7600   6.2530927732390E+07
           112.2100     -7.7600   6.2530928571537E+07
           112.2200     -7.7600   6.2530929431564E+07
           112.2300     -7.7600   6.2530930313381E+07
           112.2400     -7.7600   6.2530931220581E+07
           112.2500     -7.7600   6.2530932159358E+07
           112.2600     -7.7600   6.2530933138092E+07
           112.2700     -7.7600   6.2530934166601E+07
           112.2800     -7.7600   6.2530935255129E+07
           112.2900     -7.7600   6.2530936413149E+07
           112.3000     -7.7600   6.2530937648110E+07
           112.3100     -7.7600   6.2530938964271E+07
           112.3200     -7.7600   6.2530940361742E+07
           112.3300     -7.7600   6.2530941835868E+07
           112.3400     -7.7600   6.2530943377038E+07
           112.3500     -7.7600   6.2530944970956E+07
           112.3600     -7.7600   6.2530946599389E+07
           112.3700     -7.7600   6.2530948241299E+07
           112.3800     -7.7600   6.2530949874289E+07
           112.3900     -7.7600   6.2530951476178E+07
           112.4000     -7.7600   6.2530953026572E+07
           112.4100     -7.7600   6.2530954508230E+07
           112.4200     -7.7600   6.2530955908090E+07
           112.4300     -7.7600   6.2530957217827E+07
           112.4400     -7.7600   6.2530958433862E+07
           112.4500     -7.7600   6.2530959556841E+07
           112.4600     -7.7600   6.2530960590603E+07
           112.4700     -7.7600   6.2530961540775E+07
           112.4800     -7.7600   6.2530962413151E+07
           112.4900     -7.7600   6.2530963212033E+07
           112.5000     -7.7600   6.2530963938766E+07
           112.5100     -7.7600   6.2530964590620E+07
           112.5200     -7.7600   6.2530965160207E+07
           112.5300     -7.7600   6.2530965635518E+07
           112.5400     -7.7600   6.2530966000609E+07
           112.5500     -7.7600   6.2530966236902E+07
           112.5600     -7.7600   6.2530966324996E+07
           112.5700     -7.7600   6.2530966246803E+07
           112.5800     -7.7600   6.2530965987792E+07
           112.5900     -7.7600   6.2530965539121E+07
           112.6000     -7.7600   6.2530964899400E+07
           112.6100     -7.7600   6.2530964075900E+07
           112.6200     -7.7600   6.2530963085042E+07
           112.6300     -7.7600   6.2530961952092E+07
           112.6400     -7.7600   6.2530960710062E+07
           112.6500     -7.7600   6.2530959397879E+07
           112.6600     -7.7600   6.2530958057995E+07
           112.6700     -7.7600   6.2530956733634E+07
           112.6800     -7.7600   6.2530955465940E+07
           112.6900     -7.7600   6.2530954291263E+07
           112.7000     -7.7600   6.2530953238861E+07
           112.7100     -7.7600   6.2530952329199E+07
           112.7200     -7.7600   6.2530951573001E+07
           112.7300     -7.7600   6.2530950971133E+07
           112.7400     -7.7600   6.2530950515289E+07
           112.7500     -7.7600   6.2530950189412E+07
           112.7600     -7.7600   6.2530949971675E+07
           112.7700     -7.7600   6.2530949836826E+07
           112.7800     -7.7600   6.2530949758657E+07
           112.7900     -7.7600   6.2530949712347E+07
           112.8000     -7.7600   6.2530949676481E+07
           112.8100     -7.7600   6.2530949634551E+07
           112.8200     -7.7600   6.2530949575829E+07
           112.8300     -7.7600   6.2530949495578E+07
           112.8400     -7.7600   6.2530949394601E+07
           112.8500     -7.7600   6.2530949278241E+07
           112.8600     -7.7600   6.2530949154971E+07
           112.8700     -7.7600   6.2530949034749E+07
           112.8800     -7.7600   6.2530948927332E+07
           112.8900     -7.7600   6.2530948840749E+07
           112.9000     -7.7600   6.2530948780078E+07
           112.9100     -7.7600   6.2530948746661E+07
           112.9200     -7.7600   6.2530948737811E+07
           112.9300     -7.7600   6.2530948747023E+07
           112.9400     -7.7600   6.2530948764643E+07
           112.9500     -7.7600   6.2530948778888E+07
           112.9600     -7.7600   6.2530948777107E+07
           112.9700     -7.7600   6.2530948747110E+07
           112.9800     -7.7600   6.2530948678432E+07
           112.9900     -7.7600   6.2530948563393E+07
           113.0000     -7.7600   6.2530948397845E+07
           112.0000     -7.7700   6.2530925149770E+07
           112.0100     -7.7700   6.2530925068445E+07
           112.0200     -7.7700   6.2530925051807E+07
           112.0300     -7.7700   6.2530925094650E+07
           112.0400     -7.7700   6.2530925192102E+07
           112.0500     -7.7700   6.2530925340065E+07
           112.0600     -7.7700   6.2530925535552E+07
           112.0700     -7.7700   6.2530925776891E+07
           112.0800     -7.7700   6.2530926063739E+07
           112.0900     -7.7700   6.2530926396920E+07
           112.1000     -7.7700   6.2530926778092E+07
           112.1100     -7.7700   6.2530927209279E+07
           112.1200     -7.7700   6.2530927692332E+07
           112.1300     -7.7700   6.2530928228401E+07
           112.1400     -7.7700   6.2530928817481E+07
           112.1500     -7.7700   6.2530929458110E+07
           112.1600     -7.7700   6.2530930147286E+07
           112.1700     -7.7700   6.2530930880614E+07
           112.1800     -7.7700   6.2530931652700E+07
           112.1900     -7.7700   6.2530932457746E+07
           112.2000     -7.7700   6.2530933290288E+07
           112.2100     -7.7700   6.2530934145987E+07
           112.2200     -7.7700   6.2530935022365E+07
           112.2300     -7.7700   6.2530935919384E+07
           112.2400     -7.7700   6.2530936839777E+07
           112.2500     -7.7700   6.2530937789046E+07
           112.2600     -7.7700   6.2530938775116E+07
           112.2700     -7.7700   6.2530939807634E+07
           112.2800     -7.7700   6.2530940896961E+07
           112.2900     -7.7700   6.2530942052972E+07
           112.3000     -7.7700   6.2530943283759E+07
           112.3100     -7.7700   6.2530944594392E+07
           112.3200     -7.7700   6.2530945985877E+07
           112.3300     -7.7700   6.2530947454445E+07
           112.3400     -7.7700   6.2530948991264E+07
           112.3500     -7.7700   6.2530950582626E+07
           112.3600     -7.7700   6.2530952210622E+07
           112.3700     -7.7700   6.2530953854245E+07
           112.3800     -7.7700   6.2530955490809E+07
           112.3900     -7.7700   6.2530957097560E+07
           112.4000     -7.7700   6.2530958653290E+07
           112.4100     -7.7700   6.2530960139789E+07
           112.4200     -7.7700   6.2530961542963E+07
           112.4300     -7.7700   6.2530962853498E+07
           112.4400     -7.7700   6.2530964066983E+07
           112.4500     -7.7700   6.2530965183471E+07
           112.4600     -7.7700   6.2530966206529E+07
           112.4700     -7.7700   6.2530967141881E+07
           112.4800     -7.7700   6.2530967995793E+07
           112.4900     -7.7700   6.2530968773404E+07
           112.5000     -7.7700   6.2530969477197E+07
           112.5100     -7.7700   6.2530970105815E+07
           112.5200     -7.7700   6.2530970653373E+07
           112.5300     -7.7700   6.2530971109383E+07
           112.5400     -7.7700   6.2530971459332E+07
           112.5500     -7.7700   6.2530971685883E+07
           112.5600     -7.7700   6.2530971770598E+07
           112.5700     -7.7700   6.2530971696007E+07
           112.5800     -7.7700   6.2530971447833E+07
           112.5900     -7.7700   6.2530971017107E+07
           112.6000     -7.7700   6.2530970401964E+07
           112.6100     -7.7700   6.2530969608900E+07
           112.6200     -7.7700   6.2530968653330E+07
           112.6300     -7.7700   6.2530967559367E+07
           112.6400     -7.7700   6.2530966358804E+07
           112.6500     -7.7700   6.2530965089373E+07
           112.6600     -7.7700   6.2530963792425E+07
           112.6700     -7.7700   6.2530962510243E+07
           112.6800     -7.7700   6.2530961283224E+07
           112.6900     -7.7700   6.2530960147199E+07
           112.7000     -7.7700   6.2530959131136E+07
           112.7100     -7.7700   6.2530958255427E+07
           112.7200     -7.7700   6.2530957530923E+07
           112.7300     -7.7700   6.2530956958774E+07
           112.7400     -7.7700   6.2530956531087E+07
           112.7500     -7.7700   6.2530956232294E+07
           112.7600     -7.7700   6.2530956041098E+07
           112.7700     -7.7700   6.2530955932779E+07
           112.7800     -7.7700   6.2530955881619E+07
           112.7900     -7.7700   6.2530955863226E+07
           112.8000     -7.7700   6.2530955856513E+07
           112.8100     -7.7700   6.2530955845179E+07
           112.8200     -7.7700   6.2530955818568E+07
           112.8300     -7.7700   6.2530955771846E+07
           112.8400     -7.7700   6.2530955705554E+07
           112.8500     -7.7700   6.2530955624592E+07
           112.8600     -7.7700   6.2530955536807E+07
           112.8700     -7.7700   6.2530955451362E+07
           112.8800     -7.7700   6.2530955377065E+07
           112.8900     -7.7700   6.2530955320873E+07
           112.9000     -7.7700   6.2530955286715E+07
           112.9100     -7.7700   6.2530955274757E+07
           112.9200     -7.7700   6.2530955281175E+07
           112.9300     -7.7700   6.2530955298435E+07
           112.9400     -7.7700   6.2530955316032E+07
           112.9500     -7.7700   6.2530955321581E+07
           112.9600     -7.7700   6.2530955302129E+07
           112.9700     -7.7700   6.2530955245528E+07
           112.9800     -7.7700   6.2530955141722E+07
           112.9900     -7.7700   6.2530954983801E+07
           113.0000     -7.7700   6.2530954768720E+07
           112.0000     -7.7800   6.2530930639788E+07
           112.0100     -7.7800   6.2530930561422E+07
           112.0200     -7.7800   6.2530930549861E+07
           112.0300     -7.7800   6.2530930598687E+07
           112.0400     -7.7800   6.2530930701944E+07
           112.0500     -7.7800   6.2530930854656E+07
           112.0600     -7.7800   6.2530931053227E+07
           112.0700     -7.7800   6.2530931295679E+07
           112.0800     -7.7800   6.2530931581678E+07
           112.0900     -7.7800   6.2530931912361E+07
           112.1000     -7.7800   6.2530932289958E+07
           112.1100     -7.7800   6.2530932717254E+07
           112.1200     -7.7800   6.2530933196976E+07
           112.1300     -7.7800   6.2530933731164E+07
           112.1400     -7.7800   6.2530934320617E+07
           112.1500     -7.7800   6.2530934964512E+07
           112.1600     -7.7800   6.2530935660235E+07
           112.1700     -7.7800   6.2530936403481E+07
           112.1800     -7.7800   6.2530937188624E+07
           112.1900     -7.7800   6.2530938009315E+07
           112.2000     -7.7800   6.2530938859263E+07
           112.2100     -7.7800   6.2530939733084E+07
           112.2200     -7.7800   6.2530940627132E+07
           112.2300     -7.7800   6.2530941540176E+07
           112.2400     -7.7800   6.2530942473833E+07
           112.2500     -7.7800   6.2530943432678E+07
           112.2600     -7.7800   6.2530944423968E+07
           112.2700     -7.7800   6.2530945457010E+07
           112.2800     -7.7800   6.2530946542183E+07
           112.2900     -7.7800   6.2530947689731E+07
           112.3000     -7.7800   6.2530948908424E+07
           112.3100     -7.7800   6.2530950204257E+07
           112.3200     -7.7800   6.2530951579312E+07
           112.3300     -7.7800   6.2530953030934E+07
           112.3400     -7.7800   6.2530954551335E+07
           112.3500     -7.7800   6.2530956127673E+07
           112.3600     -7.7800   6.2530957742636E+07
           112.3700     -7.7800   6.2530959375479E+07
           112.3800     -7.7800   6.2530961003424E+07
           112.3900     -7.7800   6.2530962603269E+07
           112.4000     -7.7800   6.2530964153054E+07
           112.4100     -7.7800   6.2530965633585E+07
           112.4200     -7.7800   6.2530967029659E+07
           112.4300     -7.7800   6.2530968330850E+07
           112.4400     -7.7800   6.2530969531755E+07
           112.4500     -7.7800   6.2530970631676E+07
           112.4600     -7.7800   6.2530971633771E+07
           112.4700     -7.7800   6.2530972543766E+07
           112.4800     -7.7800   6.2530973368380E+07
           112.4900     -7.7800   6.2530974113654E+07
           112.5000     -7.7800   6.2530974783382E+07
           112.5100     -7.7800   6.2530975377844E+07
           112.5200     -7.7800   6.2530975893018E+07
           112.5300     -7.7800   6.2530976320374E+07
           112.5400     -7.7800   6.2530976647316E+07
           112.5500     -7.7800   6.2530976858248E+07
           112.5600     -7.7800   6.2530976936176E+07
           112.5700     -7.7800   6.2530976864680E+07
           112.5800     -7.7800   6.2530976630064E+07
           112.5900     -7.7800   6.2530976223449E+07
           112.6000     -7.7800   6.2530975642561E+07
           112.6100     -7.7800   6.2530974893030E+07
           112.6200     -7.7800   6.2530973989020E+07
           112.6300     -7.7800   6.2530972953096E+07
           112.6400     -7.7800   6.2530971815313E+07
           112.6500     -7.7800   6.2530970611596E+07
           112.6600     -7.7800   6.2530969381527E+07
           112.6700     -7.7800   6.2530968165761E+07
           112.6800     -7.7800   6.2530967003299E+07
           112.6900     -7.7800   6.2530965928869E+07
           112.7000     -7.7800   6.2530964970667E+07
           112.7100     -7.7800   6.2530964148666E+07
           112.7200     -7.7800   6.2530963473637E+07
           112.7300     -7.7800   6.2530962946961E+07
           112.7400     -7.7800   6.2530962561238E+07
           112.7500     -7.7800   6.2530962301599E+07
           112.7600     -7.7800   6.2530962147578E+07
           112.7700     -7.7800   6.2530962075345E+07
           112.7800     -7.7800   6.2530962060060E+07
           112.7900     -7.7800   6.2530962078123E+07
           112.8000     -7.7800   6.2530962109098E+07
           112.8100     -7.7800   6.2530962137133E+07
           112.8200     -7.7800   6.2530962151777E+07
           112.8300     -7.7800   6.2530962148136E+07
           112.8400     -7.7800   6.2530962126405E+07
           112.8500     -7.7800   6.2530962090853E+07
           112.8600     -7.7800   6.2530962048436E+07
           112.8700     -7.7800   6.2530962007185E+07
           112.8800     -7.7800   6.2530961974597E+07
           112.8900     -7.7800   6.2530961956193E+07
           112.9000     -7.7800   6.2530961954416E+07
           112.9100     -7.7800   6.2530961967980E+07
           112.9200     -7.7800   6.2530961991724E+07
           112.9300     -7.7800   6.2530962016981E+07
           112.9400     -7.7800   6.2530962032391E+07
           112.9500     -7.7800   6.2530962025061E+07
           112.9600     -7.7800   6.2530961981921E+07
           112.9700     -7.7800   6.2530961891130E+07
           112.9800     -7.7800   6.2530961743359E+07
           112.9900     -7.7800   6.2530961532817E+07
           113.0000     -7.7800   6.2530961257927E+07
           112.0000     -7.7900   6.2530936129757E+07
           112.0100     -7.7900   6.2530936055792E+07
           112.0200     -7.7900   6.2530936050527E+07
           112.0300     -7.7900   6.2530936106313E+07
           112.0400     -7.7900   6.2530936216097E+07
           112.0500     -7.7900   6.2530936374013E+07
           112.0600     -7.7900   6.2530936575852E+07
           112.0700     -7.7900   6.2530936819342E+07
           112.0800     -7.7900   6.2530937104194E+07
           112.0900     -7.7900   6.2530937431908E+07
           112.1000     -7.7900   6.2530937805353E+07
           112.1100     -7.7900   6.2530938228168E+07
           112.1200     -7.7900   6.2530938704050E+07
           112.1300     -7.7900   6.2530939236024E+07
           112.1400     -7.7900   6.2530939825789E+07
           112.1500     -7.7900   6.2530940473228E+07
           112.1600     -7.7900   6.2530941176160E+07
           112.1700     -7.7900   6.2530941930378E+07
           112.1800     -7.7900   6.2530942729987E+07
           112.1900     -7.7900   6.2530943568005E+07
           112.2000     -7.7900   6.2530944437181E+07
           112.2100     -7.7900   6.2530945330920E+07
           112.2200     -7.7900   6.2530946244199E+07
           112.2300     -7.7900   6.2530947174368E+07
           112.2400     -7.7900   6.2530948121701E+07
           112.2500     -7.7900   6.2530949089617E+07
           112.2600     -7.7900   6.2530950084517E+07
           112.2700     -7.7900   6.2530951115216E+07
           112.2800     -7.7900   6.2530952192018E+07
           112.2900     -7.7900   6.2530953325506E+07
           112.3000     -7.7900   6.2530954525176E+07
           112.3100     -7.7900   6.2530955798060E+07
           112.3200     -7.7900   6.2530957147487E+07
           112.3300     -7.7900   6.2530958572145E+07
           112.3400     -7.7900   6.2530960065543E+07
           112.3500     -7.7900   6.2530961615971E+07
           112.3600     -7.7900   6.2530963206968E+07
           112.3700     -7.7900   6.2530964818281E+07
           112.3800     -7.7900   6.2530966427208E+07
           112.3900     -7.7900   6.2530968010210E+07
           112.4000     -7.7900   6.2530969544607E+07
           112.4100     -7.7900   6.2530971010182E+07
           112.4200     -7.7900   6.2530972390522E+07
           112.4300     -7.7900   6.2530973673928E+07
           112.4400     -7.7900   6.2530974853816E+07
           112.4500     -7.7900   6.2530975928541E+07
           112.4600     -7.7900   6.2530976900672E+07
           112.4700     -7.7900   6.2530977775810E+07
           112.4800     -7.7900   6.2530978561071E+07
           112.4900     -7.7900   6.2530979263435E+07
           112.5000     -7.7900   6.2530979888146E+07
           112.5100     -7.7900   6.2530980437373E+07
           112.5200     -7.7900   6.2530980909305E+07
           112.5300     -7.7900   6.2530981297804E+07
           112.5400     -7.7900   6.2530981592686E+07
           112.5500     -7.7900   6.2530981780618E+07
           112.5600     -7.7900   6.2530981846560E+07
           112.5700     -7.7900   6.2530981775608E+07
           112.5800     -7.7900   6.2530981555029E+07
           112.5900     -7.7900   6.2530981176292E+07
           112.6000     -7.7900   6.2530980636840E+07
           112.6100     -7.7900   6.2530979941404E+07
           112.6200     -7.7900   6.2530979102704E+07
           112.6300     -7.7900   6.2530978141414E+07
           112.6400     -7.7900   6.2530977085380E+07
           112.6500     -7.7900   6.2530975968145E+07
           112.6600     -7.7900   6.2530974826885E+07
           112.6700     -7.7900   6.2530973699971E+07
           112.6800     -7.7900   6.2530972624368E+07
           112.6900     -7.7900   6.2530971633123E+07
           112.7000     -7.7900   6.2530970753186E+07
           112.7100     -7.7900   6.2530970003753E+07
           112.7200     -7.7900   6.2530969395300E+07
           112.7300     -7.7900   6.2530968929369E+07
           112.7400     -7.7900   6.2530968599123E+07
           112.7500     -7.7900   6.2530968390578E+07
           112.7600     -7.7900   6.2530968284381E+07
           112.7700     -7.7900   6.2530968257933E+07
           112.7800     -7.7900   6.2530968287639E+07
           112.7900     -7.7900   6.2530968351044E+07
           112.8000     -7.7900   6.2530968428660E+07
           112.8100     -7.7900   6.2530968505312E+07
           112.8200     -7.7900   6.2530968570885E+07
           112.8300     -7.7900   6.2530968620441E+07
           112.8400     -7.7900   6.2530968653736E+07
           112.8500     -7.7900   6.2530968674220E+07
           112.8600     -7.7900   6.2530968687676E+07
           112.8700     -7.7900   6.2530968700675E+07
           112.8800     -7.7900   6.2530968719035E+07
           112.8900     -7.7900   6.2530968746479E+07
           112.9000     -7.7900   6.2530968783632E+07
           112.9100     -7.7900   6.2530968827481E+07
           112.9200     -7.7900   6.2530968871334E+07
           112.9300     -7.7900   6.2530968905288E+07
           112.9400     -7.7900   6.2530968917125E+07
           112.9500     -7.7900   6.2530968893539E+07
           112.9600     -7.7900   6.2530968821525E+07
           112.9700     -7.7900   6.2530968689800E+07
           112.9800     -7.7900   6.2530968490064E+07
           112.9900     -7.7900   6.2530968217981E+07
           113.0000     -7.7900   6.2530967873774E+07
           112.0000     -7.8000   6.2530941613315E+07
           112.0100     -7.8000   6.2530941545300E+07
           112.0200     -7.8000   6.2530941547585E+07
           112.0300     -7.8000   6.2530941611316E+07
           112.0400     -7.8000   6.2530941728355E+07
           112.0500     -7.8000   6.2530941891964E+07
           112.0600     -7.8000   6.2530942097339E+07
           112.0700     -7.8000   6.2530942341940E+07
           112.0800     -7.8000   6.2530942625555E+07
           112.0900     -7.8000   6.2530942950096E+07
           112.1000     -7.8000   6.2530943319134E+07
           112.1100     -7.8000   6.2530943737230E+07
           112.1200     -7.8000   6.2530944209127E+07
           112.1300     -7.8000   6.2530944738918E+07
           112.1400     -7.8000   6.2530945329270E+07
           112.1500     -7.8000   6.2530945980833E+07
           112.1600     -7.8000   6.2530946691894E+07
           112.1700     -7.8000   6.2530947458349E+07
           112.1800     -7.8000   6.2530948273999E+07
           112.1900     -7.8000   6.2530949131160E+07
           112.2000     -7.8000   6.2530950021511E+07
           112.2100     -7.8000   6.2530950937093E+07
           112.2200     -7.8000   6.2530951871333E+07
           112.2300     -7.8000   6.2530952819965E+07
           112.2400     -7.8000   6.2530953781714E+07
           112.2500     -7.8000   6.2530954758653E+07
           112.2600     -7.8000   6.2530955756153E+07
           112.2700     -7.8000   6.2530956782410E+07
           112.2800     -7.8000   6.2530957847572E+07
           112.2900     -7.8000   6.2530958962541E+07
           112.3000     -7.8000   6.2530960137585E+07
           112.3100     -7.8000   6.2530961380880E+07
           112.3200     -7.8000   6.2530962697170E+07
           112.3300     -7.8000   6.2530964086692E+07
           112.3400     -7.8000   6.2530965544492E+07
           112.3500     -7.8000   6.2530967060237E+07
           112.3600     -7.8000   6.2530968618553E+07
           112.3700     -7.8000   6.2530970199876E+07
           112.3800     -7.8000   6.2530971781733E+07
           112.3900     -7.8000   6.2530973340328E+07
           112.4000     -7.8000   6.2530974852274E+07
           112.4100     -7.8000   6.2530976296267E+07
           112.4200     -7.8000   6.2530977654547E+07
           112.4300     -7.8000   6.2530978913958E+07
           112.4400     -7.8000   6.2530980066512E+07
           112.4500     -7.8000   6.2530981109383E+07
           112.4600     -7.8000   6.2530982044344E+07
           112.4700     -7.8000   6.2530982876700E+07
           112.4800     -7.8000   6.2530983613874E+07
           112.4900     -7.8000   6.2530984263782E+07
           112.5000     -7.8000   6.2530984833225E+07
           112.5100     -7.8000   6.2530985326478E+07
           112.5200     -7.8000   6.2530985744267E+07
           112.5300     -7.8000   6.2530986083264E+07
           112.5400     -7.8000   6.2530986336182E+07
           112.5500     -7.8000   6.2530986492474E+07
           112.5600     -7.8000   6.2530986539583E+07
           112.5700     -7.8000   6.2530986464602E+07
           112.5800     -7.8000   6.2530986256179E+07
           112.5900     -7.8000   6.2530985906440E+07
           112.6000     -7.8000   6.2530985412716E+07
           112.6100     -7.8000   6.2530984778865E+07
           112.6200     -7.8000   6.2530984016031E+07
           112.6300     -7.8000   6.2530983142719E+07
           112.6400     -7.8000   6.2530982184158E+07
           112.6500     -7.8000   6.2530981170991E+07
           112.6600     -7.8000   6.2530980137407E+07
           112.6700     -7.8000   6.2530979118879E+07
           112.6800     -7.8000   6.2530978149741E+07
           112.6900     -7.8000   6.2530977260814E+07
           112.7000     -7.8000   6.2530976477341E+07
           112.7100     -7.8000   6.2530975817398E+07
           112.7200     -7.8000   6.2530975290955E+07
           112.7300     -7.8000   6.2530974899639E+07
           112.7400     -7.8000   6.2530974637231E+07
           112.7500     -7.8000   6.2530974490804E+07
           112.7600     -7.8000   6.2530974442379E+07
           112.7700     -7.8000   6.2530974470907E+07
           112.7800     -7.8000   6.2530974554375E+07
           112.7900     -7.8000   6.2530974671801E+07
           112.8000     -7.8000   6.2530974804928E+07
           112.8100     -7.8000   6.2530974939459E+07
           112.8200     -7.8000   6.2530975065725E+07
           112.8300     -7.8000   6.2530975178754E+07
           112.8400     -7.8000   6.2530975277763E+07
           112.8500     -7.8000   6.2530975365185E+07
           112.8600     -7.8000   6.2530975445359E+07
           112.8700     -7.8000   6.2530975523062E+07
           112.8800     -7.8000   6.2530975602080E+07
           112.8900     -7.8000   6.2530975683984E+07
           112.9000     -7.8000   6.2530975767262E+07
           112.9100     -7.8000   6.2530975846912E+07
           112.9200     -7.8000   6.2530975914526E+07
           112.9300     -7.8000   6.2530975958870E+07
           112.9400     -7.8000   6.2530975966867E+07
           112.9500     -7.8000   6.2530975924884E+07
           112.9600     -7.8000   6.2530975820154E+07
           112.9700     -7.8000   6.2530975642183E+07
           112.9800     -7.8000   6.2530975383976E+07
           112.9900     -7.8000   6.2530975042948E+07
           113.0000     -7.8000   6.2530974621418E+07
           112.0000     -7.8100   6.2530947084482E+07
           112.0100     -7.8100   6.2530947024060E+07
           112.0200     -7.8100   6.2530947035182E+07
           112.0300     -7.8100   6.2530947107848E+07
           112.0400     -7.8100   6.2530947232887E+07
           112.0500     -7.8100   6.2530947402726E+07
           112.0600     -7.8100   6.2530947612004E+07
           112.0700     -7.8100   6.2530947857948E+07
           112.0800     -7.8100   6.2530948140460E+07
           112.0900     -7.8100   6.2530948461903E+07
           112.1000     -7.8100   6.2530948826597E+07
           112.1100     -7.8100   6.2530949240075E+07
           112.1200     -7.8100   6.2530949708185E+07
           112.1300     -7.8100   6.2530950236141E+07
           112.1400     -7.8100   6.2530950827635E+07
           112.1500     -7.8100   6.2530951484124E+07
           112.1600     -7.8100   6.2530952204392E+07
           112.1700     -7.8100   6.2530952984440E+07
           112.1800     -7.8100   6.2530953817744E+07
           112.1900     -7.8100   6.2530954695862E+07
           112.2000     -7.8100   6.2530955609315E+07
           112.2100     -7.8100   6.2530956548666E+07
           112.2200     -7.8100   6.2530957505649E+07
           112.2300     -7.8100   6.2530958474221E+07
           112.2400     -7.8100   6.2530959451395E+07
           112.2500     -7.8100   6.2530960437738E+07
           112.2600     -7.8100   6.2530961437452E+07
           112.2700     -7.8100   6.2530962458006E+07
           112.2800     -7.8100   6.2530963509325E+07
           112.2900     -7.8100   6.2530964602623E+07
           112.3000     -7.8100   6.2530965748980E+07
           112.3100     -7.8100   6.2530966957815E+07
           112.3200     -7.8100   6.2530968235437E+07
           112.3300     -7.8100   6.2530969583817E+07
           112.3400     -7.8100   6.2530970999751E+07
           112.3500     -7.8100   6.2530972474503E+07
           112.3600     -7.8100   6.2530973993991E+07
           112.3700     -7.8100   6.2530975539511E+07
           112.3800     -7.8100   6.2530977088939E+07
           112.3900     -7.8100   6.2530978618285E+07
           112.4000     -7.8100   6.2530980103436E+07
           112.4100     -7.8100   6.2530981521917E+07
           112.4200     -7.8100   6.2530982854463E+07
           112.4300     -7.8100   6.2530984086250E+07
           112.4400     -7.8100   6.2530985207640E+07
           112.4500     -7.8100   6.2530986214368E+07
           112.4600     -7.8100   6.2530987107162E+07
           112.4700     -7.8100   6.2530987890837E+07
           112.4800     -7.8100   6.2530988572986E+07
           112.4900     -7.8100   6.2530989162422E+07
           112.5000     -7.8100   6.2530989667567E+07
           112.5100     -7.8100   6.2530990094978E+07
           112.5200     -7.8100   6.2530990448206E+07
           112.5300     -7.8100   6.2530990727115E+07
           112.5400     -7.8100   6.2530990927773E+07
           112.5500     -7.8100   6.2530991042925E+07
           112.5600     -7.8100   6.2530991063014E+07
           112.5700     -7.8100   6.2530990977628E+07
           112.5800     -7.8100   6.2530990777225E+07
           112.5900     -7.8100   6.2530990454927E+07
           112.6000     -7.8100   6.2530990008169E+07
           112.6100     -7.8100   6.2530989440018E+07
           112.6200     -7.8100   6.2530988759978E+07
           112.6300     -7.8100   6.2530987984174E+07
           112.6400     -7.8100   6.2530987134881E+07
           112.6500     -7.8100   6.2530986239408E+07
           112.6600     -7.8100   6.2530985328445E+07
           112.6700     -7.8100   6.2530984434027E+07
           112.6800     -7.8100   6.2530983587315E+07
           112.6900     -7.8100   6.2530982816413E+07
           112.7000     -7.8100   6.2530982144437E+07
           112.7100     -7.8100   6.2530981588033E+07
           112.7200     -7.8100   6.2530981156464E+07
           112.7300     -7.8100   6.2530980851375E+07
           112.7400     -7.8100   6.2530980667216E+07
           112.7500     -7.8100   6.2530980592272E+07
           112.7600     -7.8100   6.2530980610174E+07
           112.7700     -7.8100   6.2530980701717E+07
           112.7800     -7.8100   6.2530980846780E+07
           112.7900     -7.8100   6.2530981026150E+07
           112.8000     -7.8100   6.2530981223049E+07
           112.8100     -7.8100   6.2530981424243E+07
           112.8200     -7.8100   6.2530981620599E+07
           112.8300     -7.8100   6.2530981807098E+07
           112.8400     -7.8100   6.2530981982317E+07
           112.8500     -7.8100   6.2530982147476E+07
           112.8600     -7.8100   6.2530982305200E+07
           112.8700     -7.8100   6.2530982458158E+07
           112.8800     -7.8100   6.2530982607766E+07
           112.8900     -7.8100   6.2530982753111E+07
           112.9000     -7.8100   6.2530982890247E+07
           112.9100     -7.8100   6.2530983011938E+07
           112.9200     -7.8100   6.2530983107893E+07
           112.9300     -7.8100   6.2530983165460E+07
           112.9400     -7.8100   6.2530983170708E+07
           112.9500     -7.8100   6.2530983109758E+07
           112.9600     -7.8100   6.2530982970233E+07
           112.9700     -7.8100   6.2530982742633E+07
           112.9800     -7.8100   6.2530982421509E+07
           112.9900     -7.8100   6.2530982006274E+07
           113.0000     -7.8100   6.2530981501585E+07
           112.0000     -7.8200   6.2530952538096E+07
           112.0100     -7.8200   6.2530952486973E+07
           112.0200     -7.8200   6.2530952508232E+07
           112.0300     -7.8200   6.2530952590821E+07
           112.0400     -7.8200   6.2530952724612E+07
           112.0500     -7.8200   6.2530952901266E+07
           112.0600     -7.8200   6.2530953114915E+07
           112.0700     -7.8200   6.2530953362596E+07
           112.0800     -7.8200   6.2530953644359E+07
           112.0900     -7.8200   6.2530953963047E+07
           112.1000     -7.8200   6.2530954323758E+07
           112.1100     -7.8200   6.2530954733027E+07
           112.1200     -7.8200   6.2530955197838E+07
           112.1300     -7.8200   6.2530955724561E+07
           112.1400     -7.8200   6.2530956317942E+07
           112.1500     -7.8200   6.2530956980275E+07
           112.1600     -7.8200   6.2530957710858E+07
           112.1700     -7.8200   6.2530958505804E+07
           112.1800     -7.8200   6.2530959358253E+07
           112.1900     -7.8200   6.2530960258970E+07
           112.2000     -7.8200   6.2530961197264E+07
           112.2100     -7.8200   6.2530962162141E+07
           112.2200     -7.8200   6.2530963143540E+07
           112.2300     -7.8200   6.2530964133529E+07
           112.2400     -7.8200   6.2530965127287E+07
           112.2500     -7.8200   6.2530966123754E+07
           112.2600     -7.8200   6.2530967125859E+07
           112.2700     -7.8200   6.2530968140261E+07
           112.2800     -7.8200   6.2530969176616E+07
           112.2900     -7.8200   6.2530970246442E+07
           112.3000     -7.8200   6.2530971361667E+07
           112.3100     -7.8200   6.2530972533041E+07
           112.3200     -7.8200   6.2530973768560E+07
           112.3300     -7.8200   6.2530975072092E+07
           112.3400     -7.8200   6.2530976442363E+07
           112.3500     -7.8200   6.2530977872414E+07
           112.3600     -7.8200   6.2530979349626E+07
           112.3700     -7.8200   6.2530980856300E+07
           112.3800     -7.8200   6.2530982370755E+07
           112.3900     -7.8200   6.2530983868837E+07
           112.4000     -7.8200   6.2530985325678E+07
           112.4100     -7.8200   6.2530986717522E+07
           112.4200     -7.8200   6.2530988023434E+07
           112.4300     -7.8200   6.2530989226695E+07
           112.4400     -7.8200   6.2530990315753E+07
           112.4500     -7.8200   6.2530991284629E+07
           112.4600     -7.8200   6.2530992132739E+07
           112.4700     -7.8200   6.2530992864176E+07
           112.4800     -7.8200   6.2530993486536E+07
           112.4900     -7.8200   6.2530994009448E+07
           112.5000     -7.8200   6.2530994442971E+07
           112.5100     -7.8200   6.2530994796071E+07
           112.5200     -7.8200   6.2530995075355E+07
           112.5300     -7.8200   6.2530995284212E+07
           112.5400     -7.8200   6.2530995422479E+07
           112.5500     -7.8200   6.2530995486660E+07
           112.5600     -7.8200   6.2530995470683E+07
           112.5700     -7.8200   6.2530995367112E+07
           112.5800     -7.8200   6.2530995168646E+07
           112.5900     -7.8200   6.2530994869756E+07
           112.6000     -7.8200   6.2530994468237E+07
           112.6100     -7.8200   6.2530993966490E+07
           112.6200     -7.8200   6.2530993372372E+07
           112.6300     -7.8200   6.2530992699499E+07
           112.6400     -7.8200   6.2530991966939E+07
           112.6500     -7.8200   6.2530991198315E+07
           112.6600     -7.8200   6.2530990420398E+07
           112.6700     -7.8200   6.2530989661330E+07
           112.6800     -7.8200   6.2530988948643E+07
           112.6900     -7.8200   6.2530988307299E+07
           112.7000     -7.8200   6.2530987757932E+07
           112.7100     -7.8200   6.2530987315481E+07
           112.7200     -7.8200   6.2530986988345E+07
           112.7300     -7.8200   6.2530986778127E+07
           112.7400     -7.8200   6.2530986679998E+07
           112.7500     -7.8200   6.2530986683599E+07
           112.7600     -7.8200   6.2530986774391E+07
           112.7700     -7.8200   6.2530986935271E+07
           112.7800     -7.8200   6.2530987148288E+07
           112.7900     -7.8200   6.2530987396256E+07
           112.8000     -7.8200   6.2530987664099E+07
           112.8100     -7.8200   6.2530987939790E+07
           112.8200     -7.8200   6.2530988214802E+07
           112.8300     -7.8200   6.2530988484049E+07
           112.8400     -7.8200   6.2530988745354E+07
           112.8500     -7.8200   6.2530988998534E+07
           112.8600     -7.8200   6.2530989244247E+07
           112.8700     -7.8200   6.2530989482758E+07
           112.8800     -7.8200   6.2530989712801E+07
           112.8900     -7.8200   6.2530989930677E+07
           112.9000     -7.8200   6.2530990129739E+07
           112.9100     -7.8200   6.2530990300304E+07
           112.9200     -7.8200   6.2530990430053E+07
           112.9300     -7.8200   6.2530990504848E+07
           112.9400     -7.8200   6.2530990509906E+07
           112.9500     -7.8200   6.2530990431185E+07
           112.9600     -7.8200   6.2530990256826E+07
           112.9700     -7.8200   6.2530989978501E+07
           112.9800     -7.8200   6.2530989592496E+07
           112.9900     -7.8200   6.2530989100418E+07
           113.0000     -7.8200   6.2530988509435E+07
           112.0000     -7.8300   6.2530957970185E+07
           112.0100     -7.8300   6.2530957930074E+07
           112.0200     -7.8300   6.2530957962746E+07
           112.0300     -7.8300   6.2530958056217E+07
           112.0400     -7.8300   6.2530958199507E+07
           112.0500     -7.8300   6.2530958383596E+07
           112.0600     -7.8300   6.2530958602176E+07
           112.0700     -7.8300   6.2530958852135E+07
           112.0800     -7.8300   6.2530959133703E+07
           112.0900     -7.8300   6.2530959450220E+07
           112.1000     -7.8300   6.2530959807569E+07
           112.1100     -7.8300   6.2530960213293E+07
           112.1200     -7.8300   6.2530960675517E+07
           112.1300     -7.8300   6.2530961201772E+07
           112.1400     -7.8300   6.2530961797870E+07
           112.1500     -7.8300   6.2530962466953E+07
           112.1600     -7.8300   6.2530963208845E+07
           112.1700     -7.8300   6.2530964019780E+07
           112.1800     -7.8300   6.2530964892567E+07
           112.1900     -7.8300   6.2530965817169E+07
           112.2000     -7.8300   6.2530966781662E+07
           112.2100     -7.8300   6.2530967773455E+07
           112.2200     -7.8300   6.2530968780645E+07
           112.2300     -7.8300   6.2530969793343E+07
           112.2400     -7.8300   6.2530970804821E+07
           112.2500     -7.8300   6.2530971812318E+07
           112.2600     -7.8300   6.2530972817420E+07
           112.2700     -7.8300   6.2530973825920E+07
           112.2800     -7.8300   6.2530974847173E+07
           112.2900     -7.8300   6.2530975892994E+07
           112.3000     -7.8300   6.2530976976194E+07
           112.3100     -7.8300   6.2530978108917E+07
           112.3200     -7.8300   6.2530979300944E+07
           112.3300     -7.8300   6.2530980558164E+07
           112.3400     -7.8300   6.2530981881372E+07
           112.3500     -7.8300   6.2530983265537E+07
           112.3600     -7.8300   6.2530984699636E+07
           112.3700     -7.8300   6.2530986167082E+07
           112.3800     -7.8300   6.2530987646706E+07
           112.3900     -7.8300   6.2530989114204E+07
           112.4000     -7.8300   6.2530990543906E+07
           112.4100     -7.8300   6.2530991910668E+07
           112.4200     -7.8300   6.2530993191706E+07
           112.4300     -7.8300   6.2530994368184E+07
           112.4400     -7.8300   6.2530995426371E+07
           112.4500     -7.8300   6.2530996358289E+07
           112.4600     -7.8300   6.2530997161764E+07
           112.4700     -7.8300   6.2530997839915E+07
           112.4800     -7.8300   6.2530998400149E+07
           112.4900     -7.8300   6.2530998852781E+07
           112.5000     -7.8300   6.2530999209477E+07
           112.5100     -7.8300   6.2530999481680E+07
           112.5200     -7.8300   6.2530999679221E+07
           112.5300     -7.8300   6.2530999809280E+07
           112.5400     -7.8300   6.2530999875807E+07
           112.5500     -7.8300   6.2530999879471E+07
           112.5600     -7.8300   6.2530999818128E+07
           112.5700     -7.8300   6.2530999687752E+07
           112.5800     -7.8300   6.2530999483698E+07
           112.5900     -7.8300   6.2530999202137E+07
           112.6000     -7.8300   6.2530998841490E+07
           112.6100     -7.8300   6.2530998403658E+07
           112.6200     -7.8300   6.2530997894907E+07
           112.6300     -7.8300   6.2530997326281E+07
           112.6400     -7.8300   6.2530996713475E+07
           112.6500     -7.8300   6.2530996076174E+07
           112.6600     -7.8300   6.2530995436912E+07
           112.6700     -7.8300   6.2530994819578E+07
           112.6800     -7.8300   6.2530994247719E+07
           112.6900     -7.8300   6.2530993742818E+07
           112.7000     -7.8300   6.2530993322742E+07
           112.7100     -7.8300   6.2530993000516E+07
           112.7200     -7.8300   6.2530992783546E+07
           112.7300     -7.8300   6.2530992673367E+07
           112.7400     -7.8300   6.2530992665926E+07
           112.7500     -7.8300   6.2530992752360E+07
           112.7600     -7.8300   6.2530992920152E+07
           112.7700     -7.8300   6.2530993154533E+07
           112.7800     -7.8300   6.2530993439961E+07
           112.7900     -7.8300   6.2530993761500E+07
           112.8000     -7.8300   6.2530994105949E+07
           112.8100     -7.8300   6.2530994462611E+07
           112.8200     -7.8300   6.2530994823606E+07
           112.8300     -7.8300   6.2530995183745E+07
           112.8400     -7.8300   6.2530995539981E+07
           112.8500     -7.8300   6.2530995890544E+07
           112.8600     -7.8300   6.2530996233889E+07
           112.8700     -7.8300   6.2530996567610E+07
           112.8800     -7.8300   6.2530996887483E+07
           112.8900     -7.8300   6.2530997186762E+07
           112.9000     -7.8300   6.2530997455868E+07
           112.9100     -7.8300   6.2530997682499E+07
           112.9200     -7.8300   6.2530997852189E+07
           112.9300     -7.8300   6.2530997949270E+07
           112.9400     -7.8300   6.2530997958125E+07
           112.9500     -7.8300   6.2530997864616E+07
           112.9600     -7.8300   6.2530997657524E+07
           112.9700     -7.8300   6.2530997329826E+07
           112.9800     -7.8300   6.2530996879691E+07
           112.9900     -7.8300   6.2530996311053E+07
           113.0000     -7.8300   6.2530995633696E+07
           112.0000     -7.8400   6.2530963378219E+07
           112.0100     -7.8400   6.2530963350774E+07
           112.0200     -7.8400   6.2530963396060E+07
           112.0300     -7.8400   6.2530963501306E+07
           112.0400     -7.8400   6.2530963654809E+07
           112.0500     -7.8400   6.2530963846967E+07
           112.0600     -7.8400   6.2530964071102E+07
           112.0700     -7.8400   6.2530964324005E+07
           112.0800     -7.8400   6.2530964606100E+07
           112.0900     -7.8400   6.2530964921229E+07
           112.1000     -7.8400   6.2530965276043E+07
           112.1100     -7.8400   6.2530965679074E+07
           112.1200     -7.8400   6.2530966139561E+07
           112.1300     -7.8400   6.2530966666178E+07
           112.1400     -7.8400   6.2530967265788E+07
           112.1500     -7.8400   6.2530967942379E+07
           112.1600     -7.8400   6.2530968696307E+07
           112.1700     -7.8400   6.2530969523944E+07
           112.1800     -7.8400   6.2530970417781E+07
           112.1900     -7.8400   6.2530971367003E+07
           112.2000     -7.8400   6.2530972358468E+07
           112.2100     -7.8400   6.2530973377997E+07
           112.2200     -7.8400   6.2530974411842E+07
           112.2300     -7.8400   6.2530975448147E+07
           112.2400     -7.8400   6.2530976478252E+07
           112.2500     -7.8400   6.2530977497667E+07
           112.2600     -7.8400   6.2530978506601E+07
           112.2700     -7.8400   6.2530979509951E+07
           112.2800     -7.8400   6.2530980516755E+07
           112.2900     -7.8400   6.2530981539119E+07
           112.3000     -7.8400   6.2530982590755E+07
           112.3100     -7.8400   6.2530983685241E+07
           112.3200     -7.8400   6.2530984834209E+07
           112.3300     -7.8400   6.2530986045656E+07
           112.3400     -7.8400   6.2530987322545E+07
           112.3500     -7.8400   6.2530988661876E+07
           112.3600     -7.8400   6.2530990054322E+07
           112.3700     -7.8400   6.2530991484486E+07
           112.3800     -7.8400   6.2530992931754E+07
           112.3900     -7.8400   6.2530994371679E+07
           112.4000     -7.8400   6.2530995777736E+07
           112.4100     -7.8400   6.2530997123286E+07
           112.4200     -7.8400   6.2530998383538E+07
           112.4300     -7.8400   6.2530999537322E+07
           112.4400     -7.8400   6.2531000568481E+07
           112.4500     -7.8400   6.2531001466761E+07
           112.4600     -7.8400   6.2531002228122E+07
           112.4700     -7.8400   6.2531002854452E+07
           112.4800     -7.8400   6.2531003352743E+07
           112.4900     -7.8400   6.2531003733844E+07
           112.5000     -7.8400   6.2531004010940E+07
           112.5100     -7.8400   6.2531004197954E+07
           112.5200     -7.8400   6.2531004308037E+07
           112.5300     -7.8400   6.2531004352344E+07
           112.5400     -7.8400   6.2531004339202E+07
           112.5500     -7.8400   6.2531004273769E+07
           112.5600     -7.8400   6.2531004158193E+07
           112.5700     -7.8400   6.2531003992240E+07
           112.5800     -7.8400   6.2531003774287E+07
           112.5900     -7.8400   6.2531003502536E+07
           112.6000     -7.8400   6.2531003176300E+07
           112.6100     -7.8400   6.2531002797171E+07
           112.6200     -7.8400   6.2531002369923E+07
           112.6300     -7.8400   6.2531001903038E+07
           112.6400     -7.8400   6.2531001408758E+07
           112.6500     -7.8400   6.2531000902673E+07
           112.6600     -7.8400   6.2531000402871E+07
           112.6700     -7.8400   6.2530999928746E+07
           112.6800     -7.8400   6.2530999499603E+07
           112.6900     -7.8400   6.2530999133211E+07
           112.7000     -7.8400   6.2530998844473E+07
           112.7100     -7.8400   6.2530998644361E+07
           112.7200     -7.8400   6.2530998539216E+07
           112.7300     -7.8400   6.2530998530503E+07
           112.7400     -7.8400   6.2530998615022E+07
           112.7500     -7.8400   6.2530998785531E+07
           112.7600     -7.8400   6.2530999031713E+07
           112.7700     -7.8400   6.2530999341330E+07
           112.7800     -7.8400   6.2530999701446E+07
           112.7900     -7.8400   6.2531000099553E+07
           112.8000     -7.8400   6.2531000524468E+07
           112.8100     -7.8400   6.2531000966899E+07
           112.8200     -7.8400   6.2531001419632E+07
           112.8300     -7.8400   6.2531001877321E+07
           112.8400     -7.8400   6.2531002335929E+07
           112.8500     -7.8400   6.2531002791928E+07
           112.8600     -7.8400   6.2531003241358E+07
           112.8700     -7.8400   6.2531003678910E+07
           112.8800     -7.8400   6.2531004097163E+07
           112.8900     -7.8400   6.2531004486112E+07
           112.9000     -7.8400   6.2531004833068E+07
           112.9100     -7.8400   6.2531005122975E+07
           112.9200     -7.8400   6.2531005339149E+07
           112.9300     -7.8400   6.2531005464369E+07
           112.9400     -7.8400   6.2531005482217E+07
           112.9500     -7.8400   6.2531005378536E+07
           112.9600     -7.8400   6.2531005142840E+07
           112.9700     -7.8400   6.2531004769523E+07
           112.9800     -7.8400   6.2531004258734E+07
           112.9900     -7.8400   6.2531003616804E+07
           113.0000     -7.8400   6.2531002856167E+07
           112.0000     -7.8500   6.2530968761212E+07
           112.0100     -7.8500   6.2530968747949E+07
           112.0200     -7.8500   6.2530968806917E+07
           112.0300     -7.8500   6.2530968924723E+07
           112.0400     -7.8500   6.2530969089084E+07
           112.0500     -7.8500   6.2530969289924E+07
           112.0600     -7.8500   6.2530969520279E+07
           112.0700     -7.8500   6.2530969776875E+07
           112.0800     -7.8500   6.2530970060347E+07
           112.0900     -7.8500   6.2530970375015E+07
           112.1000     -7.8500   6.2530970728265E+07
           112.1100     -7.8500   6.2530971129562E+07
           112.1200     -7.8500   6.2530971589211E+07
           112.1300     -7.8500   6.2530972116978E+07
           112.1400     -7.8500   6.2530972720742E+07
           112.1500     -7.8500   6.2530973405319E+07
           112.1600     -7.8500   6.2530974171599E+07
           112.1700     -7.8500   6.2530975016106E+07
           112.1800     -7.8500   6.2530975931055E+07
           112.1900     -7.8500   6.2530976904899E+07
           112.2000     -7.8500   6.2530977923330E+07
           112.2100     -7.8500   6.2530978970642E+07
           112.2200     -7.8500   6.2530980031287E+07
           112.2300     -7.8500   6.2530981091485E+07
           112.2400     -7.8500   6.2530982140671E+07
           112.2500     -7.8500   6.2530983172642E+07
           112.2600     -7.8500   6.2530984186231E+07
           112.2700     -7.8500   6.2530985185437E+07
           112.2800     -7.8500   6.2530986178968E+07
           112.2900     -7.8500   6.2530987179219E+07
           112.3000     -7.8500   6.2530988200802E+07
           112.3100     -7.8500   6.2530989258741E+07
           112.3200     -7.8500   6.2530990366553E+07
           112.3300     -7.8500   6.2530991534380E+07
           112.3400     -7.8500   6.2530992767412E+07
           112.3500     -7.8500   6.2530994064743E+07
           112.3600     -7.8500   6.2530995418804E+07
           112.3700     -7.8500   6.2530996815436E+07
           112.3800     -7.8500   6.2530998234615E+07
           112.3900     -7.8500   6.2530999651745E+07
           112.4000     -7.8500   6.2531001039407E+07
           112.4100     -7.8500   6.2531002369377E+07
           112.4200     -7.8500   6.2531003614722E+07
           112.4300     -7.8500   6.2531004751758E+07
           112.4400     -7.8500   6.2531005761677E+07
           112.4500     -7.8500   6.2531006631706E+07
           112.4600     -7.8500   6.2531007355678E+07
           112.4700     -7.8500   6.2531007933991E+07
           112.4800     -7.8500   6.2531008372995E+07
           112.4900     -7.8500   6.2531008683879E+07
           112.5000     -7.8500   6.2531008881218E+07
           112.5100     -7.8500   6.2531008981350E+07
           112.5200     -7.8500   6.2531009000764E+07
           112.5300     -7.8500   6.2531008954680E+07
           112.5400     -7.8500   6.2531008855966E+07
           112.5500     -7.8500   6.2531008714495E+07
           112.5600     -7.8500   6.2531008536980E+07
           112.5700     -7.8500   6.2531008327279E+07
           112.5800     -7.8500   6.2531008087090E+07
           112.5900     -7.8500   6.2531007816935E+07
           112.6000     -7.8500   6.2531007517270E+07
           112.6100     -7.8500   6.2531007189574E+07
           112.6200     -7.8500   6.2531006837267E+07
           112.6300     -7.8500   6.2531006466334E+07
           112.6400     -7.8500   6.2531006085566E+07
           112.6500     -7.8500   6.2531005706405E+07
           112.6600     -7.8500   6.2531005342390E+07
           112.6700     -7.8500   6.2531005008290E+07
           112.6800     -7.8500   6.2531004719031E+07
           112.6900     -7.8500   6.2531004488539E+07
           112.7000     -7.8500   6.2531004328651E+07
           112.7100     -7.8500   6.2531004248220E+07
           112.7200     -7.8500   6.2531004252512E+07
           112.7300     -7.8500   6.2531004342962E+07
           112.7400     -7.8500   6.2531004517305E+07
           112.7500     -7.8500   6.2531004770052E+07
           112.7600     -7.8500   6.2531005093235E+07
           112.7700     -7.8500   6.2531005477313E+07
           112.7800     -7.8500   6.2531005912113E+07
           112.7900     -7.8500   6.2531006387687E+07
           112.8000     -7.8500   6.2531006894958E+07
           112.8100     -7.8500   6.2531007426088E+07
           112.8200     -7.8500   6.2531007974512E+07
           112.8300     -7.8500   6.2531008534654E+07
           112.8400     -7.8500   6.2531009101374E+07
           112.8500     -7.8500   6.2531009669222E+07
           112.8600     -7.8500   6.2531010231636E+07
           112.8700     -7.8500   6.2531010780209E+07
           112.8800     -7.8500   6.2531011304141E+07
           112.8900     -7.8500   6.2531011790005E+07
           112.9000     -7.8500   6.2531012221875E+07
           112.9100     -7.8500   6.2531012581866E+07
           112.9200     -7.8500   6.2531012851045E+07
           112.9300     -7.8500   6.2531013010654E+07
           112.9400     -7.8500   6.2531013043531E+07
           112.9500     -7.8500   6.2531012935576E+07
           112.9600     -7.8500   6.2531012677126E+07
           112.9700     -7.8500   6.2531012264073E+07
           112.9800     -7.8500   6.2531011698602E+07
           112.9900     -7.8500   6.2531010989455E+07
           113.0000     -7.8500   6.2531010151681E+07
           112.0000     -7.8600   6.2530974119668E+07
           112.0100     -7.8600   6.2530974121880E+07
           112.0200     -7.8600   6.2530974195401E+07
           112.0300     -7.8600   6.2530974326397E+07
           112.0400     -7.8600   6.2530974502151E+07
           112.0500     -7.8600   6.2530974712236E+07
           112.0600     -7.8600   6.2530974949469E+07
           112.0700     -7.8600   6.2530975210555E+07
           112.0800     -7.8600   6.2530975496328E+07
           112.0900     -7.8600   6.2530975811552E+07
           112.1000     -7.8600   6.2530976164280E+07
           112.1100     -7.8600   6.2530976564835E+07
           112.1200     -7.8600   6.2530977024501E+07
           112.1300     -7.8600   6.2530977554065E+07
           112.1400     -7.8600   6.2530978162363E+07
           112.1500     -7.8600   6.2530978855006E+07
           112.1600     -7.8600   6.2530979633408E+07
           112.1700     -7.8600   6.2530980494277E+07
           112.1800     -7.8600   6.2530981429601E+07
           112.1900     -7.8600   6.2530982427178E+07
           112.2000     -7.8600   6.2530983471629E+07
           112.2100     -7.8600   6.2530984545818E+07
           112.2200     -7.8600   6.2530985632502E+07
           112.2300     -7.8600   6.2530986716063E+07
           112.2400     -7.8600   6.2530987784114E+07
           112.2500     -7.8600   6.2530988828791E+07
           112.2600     -7.8600   6.2530989847591E+07
           112.2700     -7.8600   6.2530990843629E+07
           112.2800     -7.8600   6.2530991825281E+07
           112.2900     -7.8600   6.2530992805219E+07
           112.3000     -7.8600   6.2530993798936E+07
           112.3100     -7.8600   6.2530994822888E+07
           112.3200     -7.8600   6.2530995892458E+07
           112.3300     -7.8600   6.2530997019940E+07
           112.3400     -7.8600   6.2530998212760E+07
           112.3500     -7.8600   6.2530999472126E+07
           112.3600     -7.8600   6.2531000792254E+07
           112.3700     -7.8600   6.2531002160257E+07
           112.3800     -7.8600   6.2531003556718E+07
           112.3900     -7.8600   6.2531004956896E+07
           112.4000     -7.8600   6.2531006332456E+07
           112.4100     -7.8600   6.2531007653535E+07
           112.4200     -7.8600   6.2531008890961E+07
           112.4300     -7.8600   6.2531010018403E+07
           112.4400     -7.8600   6.2531011014232E+07
           112.4500     -7.8600   6.2531011862948E+07
           112.4600     -7.8600   6.2531012556029E+07
           112.4700     -7.8600   6.2531013092150E+07
           112.4800     -7.8600   6.2531013476785E+07
           112.4900     -7.8600   6.2531013721251E+07
           112.5000     -7.8600   6.2531013841340E+07
           112.5100     -7.8600   6.2531013855678E+07
           112.5200     -7.8600   6.2531013784018E+07
           112.5300     -7.8600   6.2531013645638E+07
           112.5400     -7.8600   6.2531013458005E+07
           112.5500     -7.8600   6.2531013235820E+07
           112.5600     -7.8600   6.2531012990522E+07
           112.5700     -7.8600   6.2531012730258E+07
           112.5800     -7.8600   6.2531012460271E+07
           112.5900     -7.8600   6.2531012183625E+07
           112.6000     -7.8600   6.2531011902134E+07
           112.6100     -7.8600   6.2531011617354E+07
           112.6200     -7.8600   6.2531011331508E+07
           112.6300     -7.8600   6.2531011048199E+07
           112.6400     -7.8600   6.2531010772846E+07
           112.6500     -7.8600   6.2531010512777E+07
           112.6600     -7.8600   6.2531010276988E+07
           112.6700     -7.8600   6.2531010075612E+07
           112.6800     -7.8600   6.2531009919170E+07
           112.6900     -7.8600   6.2531009817728E+07
           112.7000     -7.8600   6.2531009780052E+07
           112.7100     -7.8600   6.2531009812898E+07
           112.7200     -7.8600   6.2531009920503E+07
           112.7300     -7.8600   6.2531010104348E+07
           112.7400     -7.8600   6.2531010363209E+07
           112.7500     -7.8600   6.2531010693473E+07
           112.7600     -7.8600   6.2531011089653E+07
           112.7700     -7.8600   6.2531011545030E+07
           112.7800     -7.8600   6.2531012052309E+07
           112.7900     -7.8600   6.2531012604183E+07
           112.8000     -7.8600   6.2531013193729E+07
           112.8100     -7.8600   6.2531013814558E+07
           112.8200     -7.8600   6.2531014460712E+07
           112.8300     -7.8600   6.2531015126303E+07
           112.8400     -7.8600   6.2531015804958E+07
           112.8500     -7.8600   6.2531016489161E+07
           112.8600     -7.8600   6.2531017169594E+07
           112.8700     -7.8600   6.2531017834599E+07
           112.8800     -7.8600   6.2531018469862E+07
           112.8900     -7.8600   6.2531019058431E+07
           112.9000     -7.8600   6.2531019581082E+07
           112.9100     -7.8600   6.2531020017079E+07
           112.9200     -7.8600   6.2531020345263E+07
           112.9300     -7.8600   6.2531020545400E+07
           112.9400     -7.8600   6.2531020599662E+07
           112.9500     -7.8600   6.2531020494103E+07
           112.9600     -7.8600   6.2531020219970E+07
           112.9700     -7.8600   6.2531019774712E+07
           112.9800     -7.8600   6.2531019162571E+07
           112.9900     -7.8600   6.2531018394670E+07
           113.0000     -7.8600   6.2531017488578E+07
           112.0000     -7.8700   6.2530979455355E+07
           112.0100     -7.8700   6.2530979474035E+07
           112.0200     -7.8700   6.2530979562728E+07
           112.0300     -7.8700   6.2530979707339E+07
           112.0400     -7.8700   6.2530979894876E+07
           112.0500     -7.8700   6.2530980114674E+07
           112.0600     -7.8700   6.2530980359405E+07
           112.0700     -7.8700   6.2530980625776E+07
           112.0800     -7.8700   6.2530980914800E+07
           112.0900     -7.8700   6.2530981231624E+07
           112.1000     -7.8700   6.2530981584878E+07
           112.1100     -7.8700   6.2530981985637E+07
           112.1200     -7.8700   6.2530982446055E+07
           112.1300     -7.8700   6.2530982977835E+07
           112.1400     -7.8700   6.2530983590694E+07
           112.1500     -7.8700   6.2530984290985E+07
           112.1600     -7.8700   6.2530985080643E+07
           112.1700     -7.8700   6.2530985956585E+07
           112.1800     -7.8700   6.2530986910643E+07
           112.1900     -7.8700   6.2530987930061E+07
           112.2000     -7.8700   6.2530988998522E+07
           112.2100     -7.8700   6.2530990097600E+07
           112.2200     -7.8700   6.2530991208505E+07
           112.2300     -7.8700   6.2530992313924E+07
           112.2400     -7.8700   6.2530993399765E+07
           112.2500     -7.8700   6.2530994456601E+07
           112.2600     -7.8700   6.2530995480656E+07
           112.2700     -7.8700   6.2530996474195E+07
           112.2800     -7.8700   6.2530997445265E+07
           112.2900     -7.8700   6.2530998406791E+07
           112.3000     -7.8700   6.2530999375106E+07
           112.3100     -7.8700   6.2531000368047E+07
           112.3200     -7.8700   6.2531001402811E+07
           112.3300     -7.8700   6.2531002493797E+07
           112.3400     -7.8700   6.2531003650633E+07
           112.3500     -7.8700   6.2531004876626E+07
           112.3600     -7.8700   6.2531006167775E+07
           112.3700     -7.8700   6.2531007512474E+07
           112.3800     -7.8700   6.2531008891933E+07
           112.3900     -7.8700   6.2531010281287E+07
           112.4000     -7.8700   6.2531011651290E+07
           112.4100     -7.8700   6.2531012970431E+07
           112.4200     -7.8700   6.2531014207264E+07
           112.4300     -7.8700   6.2531015332736E+07
           112.4400     -7.8700   6.2531016322289E+07
           112.4500     -7.8700   6.2531017157554E+07
           112.4600     -7.8700   6.2531017827474E+07
           112.4700     -7.8700   6.2531018328797E+07
           112.4800     -7.8700   6.2531018665902E+07
           112.4900     -7.8700   6.2531018850014E+07
           112.5000     -7.8700   6.2531018897926E+07
           112.5100     -7.8700   6.2531018830364E+07
           112.5200     -7.8700   6.2531018670194E+07
           112.5300     -7.8700   6.2531018440642E+07
           112.5400     -7.8700   6.2531018163710E+07
           112.5500     -7.8700   6.2531017858918E+07
           112.5600     -7.8700   6.2531017542474E+07
           112.5700     -7.8700   6.2531017226897E+07
           112.5800     -7.8700   6.2531016921095E+07
           112.5900     -7.8700   6.2531016630821E+07
           112.6000     -7.8700   6.2531016359408E+07
           112.6100     -7.8700   6.2531016108660E+07
           112.6200     -7.8700   6.2531015879763E+07
           112.6300     -7.8700   6.2531015674094E+07
           112.6400     -7.8700   6.2531015493835E+07
           112.6500     -7.8700   6.2531015342323E+07
           112.6600     -7.8700   6.2531015224120E+07
           112.6700     -7.8700   6.2531015144816E+07
           112.6800     -7.8700   6.2531015110620E+07
           112.6900     -7.8700   6.2531015127824E+07
           112.7000     -7.8700   6.2531015202219E+07
           112.7100     -7.8700   6.2531015338561E+07
           112.7200     -7.8700   6.2531015540170E+07
           112.7300     -7.8700   6.2531015808688E+07
           112.7400     -7.8700   6.2531016144054E+07
           112.7500     -7.8700   6.2531016544644E+07
           112.7600     -7.8700   6.2531017007564E+07
           112.7700     -7.8700   6.2531017529008E+07
           112.7800     -7.8700   6.2531018104618E+07
           112.7900     -7.8700   6.2531018729762E+07
           112.8000     -7.8700   6.2531019399664E+07
           112.8100     -7.8700   6.2531020109345E+07
           112.8200     -7.8700   6.2531020853377E+07
           112.8300     -7.8700   6.2531021625451E+07
           112.8400     -7.8700   6.2531022417839E+07
           112.8500     -7.8700   6.2531023220827E+07
           112.8600     -7.8700   6.2531024022215E+07
           112.8700     -7.8700   6.2531024806983E+07
           112.8800     -7.8700   6.2531025557229E+07
           112.8900     -7.8700   6.2531026252431E+07
           112.9000     -7.8700   6.2531026870070E+07
           112.9100     -7.8700   6.2531027386602E+07
           112.9200     -7.8700   6.2531027778721E+07
           112.9300     -7.8700   6.2531028024823E+07
           112.9400     -7.8700   6.2531028106535E+07
           112.9500     -7.8700   6.2531028010177E+07
           112.9600     -7.8700   6.2531027727997E+07
           112.9700     -7.8700   6.2531027259056E+07
           112.9800     -7.8700   6.2531026609649E+07
           112.9900     -7.8700   6.2531025793212E+07
           113.0000     -7.8700   6.2531024829696E+07
           112.0000     -7.8800   6.2530984770947E+07
           112.0100     -7.8800   6.2530984806723E+07
           112.0200     -7.8800   6.2530984910904E+07
           112.0300     -7.8800   6.2530985069315E+07
           112.0400     -7.8800   6.2530985268842E+07
           112.0500     -7.8800   6.2530985498694E+07
           112.0600     -7.8800   6.2530985751466E+07
           112.0700     -7.8800   6.2530986023874E+07
           112.0800     -7.8800   6.2530986317076E+07
           112.0900     -7.8800   6.2530986636515E+07
           112.1000     -7.8800   6.2530986991290E+07
           112.1100     -7.8800   6.2530987393092E+07
           112.1200     -7.8800   6.2530987854805E+07
           112.1300     -7.8800   6.2530988388928E+07
           112.1400     -7.8800   6.2530989005957E+07
           112.1500     -7.8800   6.2530989712926E+07
           112.1600     -7.8800   6.2530990512276E+07
           112.1700     -7.8800   6.2530991401167E+07
           112.1800     -7.8800   6.2530992371359E+07
           112.1900     -7.8800   6.2530993409672E+07
           112.2000     -7.8800   6.2530994499007E+07
           112.2100     -7.8800   6.2530995619834E+07
           112.2200     -7.8800   6.2530996752004E+07
           112.2300     -7.8800   6.2530997876690E+07
           112.2400     -7.8800   6.2530998978256E+07
           112.2500     -7.8800   6.2531000045843E+07
           112.2600     -7.8800   6.2531001074489E+07
           112.2700     -7.8800   6.2531002065653E+07
           112.2800     -7.8800   6.2531003027056E+07
           112.2900     -7.8800   6.2531003971840E+07
           112.3000     -7.8800   6.2531004917110E+07
           112.3100     -7.8800   6.2531005881996E+07
           112.3200     -7.8800   6.2531006885420E+07
           112.3300     -7.8800   6.2531007943789E+07
           112.3400     -7.8800   6.2531009068862E+07
           112.3500     -7.8800   6.2531010265986E+07
           112.3600     -7.8800   6.2531011532920E+07
           112.3700     -7.8800   6.2531012859336E+07
           112.3800     -7.8800   6.2531014227096E+07
           112.3900     -7.8800   6.2531015611250E+07
           112.4000     -7.8800   6.2531016981695E+07
           112.4100     -7.8800   6.2531018305315E+07
           112.4200     -7.8800   6.2531019548420E+07
           112.4300     -7.8800   6.2531020679243E+07
           112.4400     -7.8800   6.2531021670268E+07
           112.4500     -7.8800   6.2531022500181E+07
           112.4600     -7.8800   6.2531023155280E+07
           112.4700     -7.8800   6.2531023630227E+07
           112.4800     -7.8800   6.2531023928111E+07
           112.4900     -7.8800   6.2531024059847E+07
           112.5000     -7.8800   6.2531024042987E+07
           112.5100     -7.8800   6.2531023900116E+07
           112.5200     -7.8800   6.2531023656977E+07
           112.5300     -7.8800   6.2531023340533E+07
           112.5400     -7.8800   6.2531022977144E+07
           112.5500     -7.8800   6.2531022591012E+07
           112.5600     -7.8800   6.2531022203023E+07
           112.5700     -7.8800   6.2531021830032E+07
           112.5800     -7.8800   6.2531021484620E+07
           112.5900     -7.8800   6.2531021175288E+07
           112.6000     -7.8800   6.2531020906984E+07
           112.6100     -7.8800   6.2531020681890E+07
           112.6200     -7.8800   6.2531020500313E+07
           112.6300     -7.8800   6.2531020361580E+07
           112.6400     -7.8800   6.2531020264824E+07
           112.6500     -7.8800   6.2531020209587E+07
           112.6600     -7.8800   6.2531020196195E+07
           112.6700     -7.8800   6.2531020225892E+07
           112.6800     -7.8800   6.2531020300770E+07
           112.6900     -7.8800   6.2531020423539E+07
           112.7000     -7.8800   6.2531020597195E+07
           112.7100     -7.8800   6.2531020824676E+07
           112.7200     -7.8800   6.2531021108545E+07
           112.7300     -7.8800   6.2531021450762E+07
           112.7400     -7.8800   6.2531021852556E+07
           112.7500     -7.8800   6.2531022314407E+07
           112.7600     -7.8800   6.2531022836091E+07
           112.7700     -7.8800   6.2531023416765E+07
           112.7800     -7.8800   6.2531024055024E+07
           112.7900     -7.8800   6.2531024748888E+07
           112.8000     -7.8800   6.2531025495670E+07
           112.8100     -7.8800   6.2531026291717E+07
           112.8200     -7.8800   6.2531027132017E+07
           112.8300     -7.8800   6.2531028009716E+07
           112.8400     -7.8800   6.2531028915606E+07
           112.8500     -7.8800   6.2531029837657E+07
           112.8600     -7.8800   6.2531030760689E+07
           112.8700     -7.8800   6.2531031666258E+07
           112.8800     -7.8800   6.2531032532849E+07
           112.8900     -7.8800   6.2531033336393E+07
           112.9000     -7.8800   6.2531034051144E+07
           112.9100     -7.8800   6.2531034650857E+07
           112.9200     -7.8800   6.2531035110219E+07
           112.9300     -7.8800   6.2531035406412E+07
           112.9400     -7.8800   6.2531035520678E+07
           112.9500     -7.8800   6.2531035439744E+07
           112.9600     -7.8800   6.2531035156969E+07
           112.9700     -7.8800   6.2531034673076E+07
           112.9800     -7.8800   6.2531033996402E+07
           112.9900     -7.8800   6.2531033142607E+07
           113.0000     -7.8800   6.2531032133851E+07
           112.0000     -7.8900   6.2530990069570E+07
           112.0100     -7.8900   6.2530990122660E+07
           112.0200     -7.8900   6.2530990242306E+07
           112.0300     -7.8900   6.2530990414432E+07
           112.0400     -7.8900   6.2530990625949E+07
           112.0500     -7.8900   6.2530990866045E+07
           112.0600     -7.8900   6.2530991127289E+07
           112.0700     -7.8900   6.2530991406406E+07
           112.0800     -7.8900   6.2530991704642E+07
           112.0900     -7.8900   6.2530992027640E+07
           112.1000     -7.8900   6.2530992384826E+07
           112.1100     -7.8900   6.2530992788351E+07
           112.1200     -7.8900   6.2530993251673E+07
           112.1300     -7.8900   6.2530993787935E+07
           112.1400     -7.8900   6.2530994408295E+07
           112.1500     -7.8900   6.2530995120401E+07
           112.1600     -7.8900   6.2530995927173E+07
           112.1700     -7.8900   6.2530996826057E+07
           112.1800     -7.8900   6.2530997808835E+07
           112.1900     -7.8900   6.2530998862050E+07
           112.2000     -7.8900   6.2530999968009E+07
           112.2100     -7.8900   6.2531001106294E+07
           112.2200     -7.8900   6.2531002255622E+07
           112.2300     -7.8900   6.2531003395870E+07
           112.2400     -7.8900   6.2531004510051E+07
           112.2500     -7.8900   6.2531005586027E+07
           112.2600     -7.8900   6.2531006617760E+07
           112.2700     -7.8900   6.2531007605954E+07
           112.2800     -7.8900   6.2531008558002E+07
           112.2900     -7.8900   6.2531009487209E+07
           112.3000     -7.8900   6.2531010411359E+07
           112.3100     -7.8900   6.2531011350753E+07
           112.3200     -7.8900   6.2531012325897E+07
           112.3300     -7.8900   6.2531013355080E+07
           112.3400     -7.8900   6.2531014452067E+07
           112.3500     -7.8900   6.2531015624164E+07
           112.3600     -7.8900   6.2531016870835E+07
           112.3700     -7.8900   6.2531018183026E+07
           112.3800     -7.8900   6.2531019543284E+07
           112.3900     -7.8900   6.2531020926647E+07
           112.4000     -7.8900   6.2531022302249E+07
           112.4100     -7.8900   6.2531023635481E+07
           112.4200     -7.8900   6.2531024890519E+07
           112.4300     -7.8900   6.2531026032973E+07
           112.4400     -7.8900   6.2531027032426E+07
           112.4500     -7.8900   6.2531027864638E+07
           112.4600     -7.8900   6.2531028513219E+07
           112.4700     -7.8900   6.2531028970650E+07
           112.4800     -7.8900   6.2531029238574E+07
           112.4900     -7.8900   6.2531029327381E+07
           112.5000     -7.8900   6.2531029255131E+07
           112.5100     -7.8900   6.2531029045978E+07
           112.5200     -7.8900   6.2531028728236E+07
           112.5300     -7.8900   6.2531028332298E+07
           112.5400     -7.8900   6.2531027888588E+07
           112.5500     -7.8900   6.2531027425732E+07
           112.5600     -7.8900   6.2531026969072E+07
           112.5700     -7.8900   6.2531026539632E+07
           112.5800     -7.8900   6.2531026153566E+07
           112.5900     -7.8900   6.2531025822076E+07
           112.6000     -7.8900   6.2531025551752E+07
           112.6100     -7.8900   6.2531025345235E+07
           112.6200     -7.8900   6.2531025202093E+07
           112.6300     -7.8900   6.2531025119788E+07
           112.6400     -7.8900   6.2531025094633E+07
           112.6500     -7.8900   6.2531025122630E+07
           112.6600     -7.8900   6.2531025200144E+07
           112.6700     -7.8900   6.2531025324361E+07
           112.6800     -7.8900   6.2531025493545E+07
           112.6900     -7.8900   6.2531025707103E+07
           112.7000     -7.8900   6.2531025965506E+07
           112.7100     -7.8900   6.2531026270113E+07
           112.7200     -7.8900   6.2531026622948E+07
           112.7300     -7.8900   6.2531027026466E+07
           112.7400     -7.8900   6.2531027483329E+07
           112.7500     -7.8900   6.2531027996214E+07
           112.7600     -7.8900   6.2531028567621E+07
           112.7700     -7.8900   6.2531029199675E+07
           112.7800     -7.8900   6.2531029893886E+07
           112.7900     -7.8900   6.2531030650849E+07
           112.8000     -7.8900   6.2531031469860E+07
           112.8100     -7.8900   6.2531032348455E+07
           112.8200     -7.8900   6.2531033281896E+07
           112.8300     -7.8900   6.2531034262642E+07
           112.8400     -7.8900   6.2531035279873E+07
           112.8500     -7.8900   6.2531036319139E+07
           112.8600     -7.8900   6.2531037362213E+07
           112.8700     -7.8900   6.2531038387207E+07
           112.8800     -7.8900   6.2531039369022E+07
           112.8900     -7.8900   6.2531040280130E+07
           112.9000     -7.8900   6.2531041091683E+07
           112.9100     -7.8900   6.2531041774910E+07
           112.9200     -7.8900   6.2531042302691E+07
           112.9300     -7.8900   6.2531042651204E+07
           112.9400     -7.8900   6.2531042801509E+07
           112.9500     -7.8900   6.2531042740918E+07
           112.9600     -7.8900   6.2531042464026E+07
           112.9700     -7.8900   6.2531041973287E+07
           112.9800     -7.8900   6.2531041279067E+07
           112.9900     -7.8900   6.2531040399153E+07
           113.0000     -7.8900   6.2531039357732E+07
           112.0000     -7.9000   6.2530995354306E+07
           112.0100     -7.9000   6.2530995424492E+07
           112.0200     -7.9000   6.2530995559227E+07
           112.0300     -7.9000   6.2530995744701E+07
           112.0400     -7.9000   6.2530995967987E+07
           112.0500     -7.9000   6.2530996218345E+07
           112.0600     -7.9000   6.2530996488357E+07
           112.0700     -7.9000   6.2530996774745E+07
           112.0800     -7.9000   6.2530997078771E+07
           112.0900     -7.9000   6.2530997406159E+07
           112.1000     -7.9000   6.2530997766509E+07
           112.1100     -7.9000   6.2530998172252E+07
           112.1200     -7.9000   6.2530998637241E+07
           112.1300     -7.9000   6.2530999175099E+07
           112.1400     -7.9000   6.2530999797517E+07
           112.1500     -7.9000   6.2531000512668E+07
           112.1600     -7.9000   6.2531001323932E+07
           112.1700     -7.9000   6.2531002229079E+07
           112.1800     -7.9000   6.2531003220020E+07
           112.1900     -7.9000   6.2531004283181E+07
           112.2000     -7.9000   6.2531005400487E+07
           112.2100     -7.9000   6.2531006550873E+07
           112.2200     -7.9000   6.2531007712175E+07
           112.2300     -7.9000   6.2531008863219E+07
           112.2400     -7.9000   6.2531009985887E+07
           112.2500     -7.9000   6.2531011066936E+07
           112.2600     -7.9000   6.2531012099369E+07
           112.2700     -7.9000   6.2531013083193E+07
           112.2800     -7.9000   6.2531014025461E+07
           112.2900     -7.9000   6.2531014939568E+07
           112.3000     -7.9000   6.2531015843857E+07
           112.3100     -7.9000   6.2531016759641E+07
           112.3200     -7.9000   6.2531017708835E+07
           112.3300     -7.9000   6.2531018711431E+07
           112.3400     -7.9000   6.2531019783051E+07
           112.3500     -7.9000   6.2531020932836E+07
           112.3600     -7.9000   6.2531022161889E+07
           112.3700     -7.9000   6.2531023462422E+07
           112.3800     -7.9000   6.2531024817713E+07
           112.3900     -7.9000   6.2531026202890E+07
           112.4000     -7.9000   6.2531027586476E+07
           112.4100     -7.9000   6.2531028932549E+07
           112.4200     -7.9000   6.2531030203341E+07
           112.4300     -7.9000   6.2531031362024E+07
           112.4400     -7.9000   6.2531032375435E+07
           112.4500     -7.9000   6.2531033216514E+07
           112.4600     -7.9000   6.2531033866230E+07
           112.4700     -7.9000   6.2531034314850E+07
           112.4800     -7.9000   6.2531034562466E+07
           112.4900     -7.9000   6.2531034618752E+07
           112.5000     -7.9000   6.2531034502016E+07
           112.5100     -7.9000   6.2531034237659E+07
           112.5200     -7.9000   6.2531033856200E+07
           112.5300     -7.9000   6.2531033391067E+07
           112.5400     -7.9000   6.2531032876354E+07
           112.5500     -7.9000   6.2531032344725E+07
           112.5600     -7.9000   6.2531031825638E+07
           112.5700     -7.9000   6.2531031343997E+07
           112.5800     -7.9000   6.2531030919306E+07
           112.5900     -7.9000   6.2531030565329E+07
           112.6000     -7.9000   6.2531030290241E+07
           112.6100     -7.9000   6.2531030097171E+07
           112.6200     -7.9000   6.2531029985059E+07
           112.6300     -7.9000   6.2531029949692E+07
           112.6400     -7.9000   6.2531029984811E+07
           112.6500     -7.9000   6.2531030083182E+07
           112.6600     -7.9000   6.2531030237550E+07
           112.6700     -7.9000   6.2531030441404E+07
           112.6800     -7.9000   6.2531030689547E+07
           112.6900     -7.9000   6.2531030978443E+07
           112.7000     -7.9000   6.2531031306370E+07
           112.7100     -7.9000   6.2531031673410E+07
           112.7200     -7.9000   6.2531032081300E+07
           112.7300     -7.9000   6.2531032533187E+07
           112.7400     -7.9000   6.2531033033310E+07
           112.7500     -7.9000   6.2531033586619E+07
           112.7600     -7.9000   6.2531034198356E+07
           112.7700     -7.9000   6.2531034873573E+07
           112.7800     -7.9000   6.2531035616607E+07
           112.7900     -7.9000   6.2531036430495E+07
           112.8000     -7.9000   6.2531037316354E+07
           112.8100     -7.9000   6.2531038272735E+07
           112.8200     -7.9000   6.2531039294994E+07
           112.8300     -7.9000   6.2531040374742E+07
           112.8400     -7.9000   6.2531041499413E+07
           112.8500     -7.9000   6.2531042652046E+07
           112.8600     -7.9000   6.2531043811326E+07
           112.8700     -7.9000   6.2531044951944E+07
           112.8800     -7.9000   6.2531046045299E+07
           112.8900     -7.9000   6.2531047060537E+07
           112.9000     -7.9000   6.2531047965910E+07
           112.9100     -7.9000   6.2531048730350E+07
           112.9200     -7.9000   6.2531049325185E+07
           112.9300     -7.9000   6.2531049725853E+07
           112.9400     -7.9000   6.2531049913479E+07
           112.9500     -7.9000   6.2531049876173E+07
           112.9600     -7.9000   6.2531049609923E+07
           112.9700     -7.9000   6.2531049118998E+07
           112.9800     -7.9000   6.2531048415798E+07
           112.9900     -7.9000   6.2531047520147E+07
           113.0000     -7.9000   6.2531046458082E+07
           112.0000     -7.9100   6.2531000627713E+07
           112.0100     -7.9100   6.2531000714346E+07
           112.0200     -7.9100   6.2531000863446E+07
           112.0300     -7.9100   6.2531001061624E+07
           112.0400     -7.9100   6.2531001296234E+07
           112.0500     -7.9100   6.2531001556693E+07
           112.0600     -7.9100   6.2531001835623E+07
           112.0700     -7.9100   6.2531002129713E+07
           112.0800     -7.9100   6.2531002440161E+07
           112.0900     -7.9100   6.2531002772636E+07
           112.1000     -7.9100   6.2531003136742E+07
           112.1100     -7.9100   6.2531003545002E+07
           112.1200     -7.9100   6.2531004011467E+07
           112.1300     -7.9100   6.2531004550063E+07
           112.1400     -7.9100   6.2531005172870E+07
           112.1500     -7.9100   6.2531005888498E+07
           112.1600     -7.9100   6.2531006700757E+07
           112.1700     -7.9100   6.2531007607782E+07
           112.1800     -7.9100   6.2531008601722E+07
           112.1900     -7.9100   6.2531009669064E+07
           112.2000     -7.9100   6.2531010791575E+07
           112.2100     -7.9100   6.2531011947801E+07
           112.2200     -7.9100   6.2531013114970E+07
           112.2300     -7.9100   6.2531014271124E+07
           112.2400     -7.9100   6.2531015397249E+07
           112.2500     -7.9100   6.2531016479187E+07
           112.2600     -7.9100   6.2531017509106E+07
           112.2700     -7.9100   6.2531018486366E+07
           112.2800     -7.9100   6.2531019417660E+07
           112.2900     -7.9100   6.2531020316384E+07
           112.3000     -7.9100   6.2531021201288E+07
           112.3100     -7.9100   6.2531022094503E+07
           112.3200     -7.9100   6.2531023019143E+07
           112.3300     -7.9100   6.2531023996687E+07
           112.3400     -7.9100   6.2531025044424E+07
           112.3500     -7.9100   6.2531026173188E+07
           112.3600     -7.9100   6.2531027385636E+07
           112.3700     -7.9100   6.2531028675230E+07
           112.3800     -7.9100   6.2531030026047E+07
           112.3900     -7.9100   6.2531031413445E+07
           112.4000     -7.9100   6.2531032805533E+07
           112.4100     -7.9100   6.2531034165327E+07
           112.4200     -7.9100   6.2531035453389E+07
           112.4300     -7.9100   6.2531036630729E+07
           112.4400     -7.9100   6.2531037661691E+07
           112.4500     -7.9100   6.2531038516597E+07
           112.4600     -7.9100   6.2531039173908E+07
           112.4700     -7.9100   6.2531039621722E+07
           112.4800     -7.9100   6.2531039858524E+07
           112.4900     -7.9100   6.2531039893119E+07
           112.5000     -7.9100   6.2531039743807E+07
           112.5100     -7.9100   6.2531039436891E+07
           112.5200     -7.9100   6.2531039004680E+07
           112.5300     -7.9100   6.2531038483176E+07
           112.5400     -7.9100   6.2531037909649E+07
           112.5500     -7.9100   6.2531037320317E+07
           112.5600     -7.9100   6.2531036748295E+07
           112.5700     -7.9100   6.2531036221966E+07
           112.5800     -7.9100   6.2531035763850E+07
           112.5900     -7.9100   6.2531035390042E+07
           112.6000     -7.9100   6.2531035110161E+07
           112.6100     -7.9100   6.2531034927801E+07
           112.6200     -7.9100   6.2531034841352E+07
           112.6300     -7.9100   6.2531034845102E+07
           112.6400     -7.9100   6.2531034930487E+07
           112.6500     -7.9100   6.2531035087375E+07
           112.6600     -7.9100   6.2531035305278E+07
           112.6700     -7.9100   6.2531035574409E+07
           112.6800     -7.9100   6.2531035886540E+07
           112.6900     -7.9100   6.2531036235610E+07
           112.7000     -7.9100   6.2531036618094E+07
           112.7100     -7.9100   6.2531037033135E+07
           112.7200     -7.9100   6.2531037482464E+07
           112.7300     -7.9100   6.2531037970130E+07
           112.7400     -7.9100   6.2531038502076E+07
           112.7500     -7.9100   6.2531039085584E+07
           112.7600     -7.9100   6.2531039728616E+07
           112.7700     -7.9100   6.2531040439065E+07
           112.7800     -7.9100   6.2531041223949E+07
           112.7900     -7.9100   6.2531042088563E+07
           112.8000     -7.9100   6.2531043035634E+07
           112.8100     -7.9100   6.2531044064509E+07
           112.8200     -7.9100   6.2531045170433E+07
           112.8300     -7.9100   6.2531046343985E+07
           112.8400     -7.9100   6.2531047570718E+07
           112.8500     -7.9100   6.2531048831080E+07
           112.8600     -7.9100   6.2531050100659E+07
           112.8700     -7.9100   6.2531051350777E+07
           112.8800     -7.9100   6.2531052549458E+07
           112.8900     -7.9100   6.2531053662721E+07
           112.9000     -7.9100   6.2531054656156E+07
           112.9100     -7.9100   6.2531055496688E+07
           112.9200     -7.9100   6.2531056154403E+07
           112.9300     -7.9100   6.2531056604309E+07
           112.9400     -7.9100   6.2531056827885E+07
           112.9500     -7.9100   6.2531056814284E+07
           112.9600     -7.9100   6.2531056561077E+07
           112.9700     -7.9100   6.2531056074462E+07
           112.9800     -7.9100   6.2531055368894E+07
           112.9900     -7.9100   6.2531054466170E+07
           113.0000     -7.9100   6.2531053394017E+07
           112.0000     -7.9200   6.2531005891422E+07
           112.0100     -7.9200   6.2531005993454E+07
           112.0200     -7.9200   6.2531006155877E+07
           112.0300     -7.9200   6.2531006365857E+07
           112.0400     -7.9200   6.2531006611140E+07
           112.0500     -7.9200   6.2531006881362E+07
           112.0600     -7.9200   6.2531007169208E+07
           112.0700     -7.9200   6.2531007471293E+07
           112.0800     -7.9200   6.2531007788655E+07
           112.0900     -7.9200   6.2531008126769E+07
           112.1000     -7.9200   6.2531008495062E+07
           112.1100     -7.9200   6.2531008905950E+07
           112.1200     -7.9200   6.2531009373478E+07
           112.1300     -7.9200   6.2531009911689E+07
           112.1400     -7.9200   6.2531010532903E+07
           112.1500     -7.9200   6.2531011246068E+07
           112.1600     -7.9200   6.2531012055394E+07
           112.1700     -7.9200   6.2531012959422E+07
           112.1800     -7.9200   6.2531013950653E+07
           112.1900     -7.9200   6.2531015015813E+07
           112.2000     -7.9200   6.2531016136745E+07
           112.2100     -7.9200   6.2531017291878E+07
           112.2200     -7.9200   6.2531018458118E+07
           112.2300     -7.9200   6.2531019612998E+07
           112.2400     -7.9200   6.2531020736853E+07
           112.2500     -7.9200   6.2531021814803E+07
           112.2600     -7.9200   6.2531022838309E+07
           112.2700     -7.9200   6.2531023806130E+07
           112.2800     -7.9200   6.2531024724565E+07
           112.2900     -7.9200   6.2531025606899E+07
           112.3000     -7.9200   6.2531026472113E+07
           112.3100     -7.9200   6.2531027342935E+07
           112.3200     -7.9200   6.2531028243426E+07
           112.3300     -7.9200   6.2531029196307E+07
           112.3400     -7.9200   6.2531030220314E+07
           112.3500     -7.9200   6.2531031327803E+07
           112.3600     -7.9200   6.2531032522889E+07
           112.3700     -7.9200   6.2531033800272E+07
           112.3800     -7.9200   6.2531035144907E+07
           112.3900     -7.9200   6.2531036532548E+07
           112.4000     -7.9200   6.2531037931145E+07
           112.4100     -7.9200   6.2531039302961E+07
           112.4200     -7.9200   6.2531040607245E+07
           112.4300     -7.9200   6.2531041803203E+07
           112.4400     -7.9200   6.2531042853035E+07
           112.4500     -7.9200   6.2531043724741E+07
           112.4600     -7.9200   6.2531044394491E+07
           112.4700     -7.9200   6.2531044848338E+07
           112.4800     -7.9200   6.2531045083165E+07
           112.4900     -7.9200   6.2531045106790E+07
           112.5000     -7.9200   6.2531044937266E+07
           112.5100     -7.9200   6.2531044601447E+07
           112.5200     -7.9200   6.2531044132986E+07
           112.5300     -7.9200   6.2531043569934E+07
           112.5400     -7.9200   6.2531042952179E+07
           112.5500     -7.9200   6.2531042318916E+07
           112.5600     -7.9200   6.2531041706362E+07
           112.5700     -7.9200   6.2531041145872E+07
           112.5800     -7.9200   6.2531040662564E+07
           112.5900     -7.9200   6.2531040274533E+07
           112.6000     -7.9200   6.2531039992640E+07
           112.6100     -7.9200   6.2531039820859E+07
           112.6200     -7.9200   6.2531039757073E+07
           112.6300     -7.9200   6.2531039794236E+07
           112.6400     -7.9200   6.2531039921749E+07
           112.6500     -7.9200   6.2531040126937E+07
           112.6600     -7.9200   6.2531040396505E+07
           112.6700     -7.9200   6.2531040717851E+07
           112.6800     -7.9200   6.2531041080192E+07
           112.6900     -7.9200   6.2531041475402E+07
           112.7000     -7.9200   6.2531041898578E+07
           112.7100     -7.9200   6.2531042348292E+07
           112.7200     -7.9200   6.2531042826559E+07
           112.7300     -7.9200   6.2531043338536E+07
           112.7400     -7.9200   6.2531043891986E+07
           112.7500     -7.9200   6.2531044496548E+07
           112.7600     -7.9200   6.2531045162841E+07
           112.7700     -7.9200   6.2531045901465E+07
           112.7800     -7.9200   6.2531046721924E+07
           112.7900     -7.9200   6.2531047631535E+07
           112.8000     -7.9200   6.2531048634379E+07
           112.8100     -7.9200   6.2531049730340E+07
           112.8200     -7.9200   6.2531050914318E+07
           112.8300     -7.9200   6.2531052175667E+07
           112.8400     -7.9200   6.2531053497921E+07
           112.8500     -7.9200   6.2531054858872E+07
           112.8600     -7.9200   6.2531056231015E+07
           112.8700     -7.9200   6.2531057582398E+07
           112.8800     -7.9200   6.2531058877836E+07
           112.8900     -7.9200   6.2531060080455E+07
           112.9000     -7.9200   6.2531061153480E+07
           112.9100     -7.9200   6.2531062062158E+07
           112.9200     -7.9200   6.2531062775684E+07
           112.9300     -7.9200   6.2531063268984E+07
           112.9400     -7.9200   6.2531063524216E+07
           112.9500     -7.9200   6.2531063531858E+07
           112.9600     -7.9200   6.2531063291282E+07
           112.9700     -7.9200   6.2531062810751E+07
           112.9800     -7.9200   6.2531062106833E+07
           112.9900     -7.9200   6.2531061203259E+07
           113.0000     -7.9200   6.2531060129319E+07
           112.0000     -7.9300   6.2531011145876E+07
           112.0100     -7.9300   6.2531011261912E+07
           112.0200     -7.9300   6.2531011436343E+07
           112.0300     -7.9300   6.2531011657002E+07
           112.0400     -7.9300   6.2531011912123E+07
           112.0500     -7.9300   6.2531012191615E+07
           112.0600     -7.9300   6.2531012488228E+07
           112.0700     -7.9300   6.2531012798459E+07
           112.0800     -7.9300   6.2531013123087E+07
           112.0900     -7.9300   6.2531013467246E+07
           112.1000     -7.9300   6.2531013840006E+07
           112.1100     -7.9300   6.2531014253470E+07
           112.1200     -7.9300   6.2531014721470E+07
           112.1300     -7.9300   6.2531015257982E+07
           112.1400     -7.9300   6.2531015875409E+07
           112.1500     -7.9300   6.2531016582938E+07
           112.1600     -7.9300   6.2531017385147E+07
           112.1700     -7.9300   6.2531018281020E+07
           112.1800     -7.9300   6.2531019263522E+07
           112.1900     -7.9300   6.2531020319800E+07
           112.2000     -7.9300   6.2531021432009E+07
           112.2100     -7.9300   6.2531022578734E+07
           112.2200     -7.9300   6.2531023736846E+07
           112.2300     -7.9300   6.2531024883650E+07
           112.2400     -7.9300   6.2531025999080E+07
           112.2500     -7.9300   6.2531027067726E+07
           112.2600     -7.9300   6.2531028080461E+07
           112.2700     -7.9300   6.2531029035485E+07
           112.2800     -7.9300   6.2531029938654E+07
           112.2900     -7.9300   6.2531030803014E+07
           112.3000     -7.9300   6.2531031647575E+07
           112.3100     -7.9300   6.2531032495413E+07
           112.3200     -7.9300   6.2531033371257E+07
           112.3300     -7.9300   6.2531034298796E+07
           112.3400     -7.9300   6.2531035297964E+07
           112.3500     -7.9300   6.2531036382451E+07
           112.3600     -7.9300   6.2531037557718E+07
           112.3700     -7.9300   6.2531038819689E+07
           112.3800     -7.9300   6.2531040154287E+07
           112.3900     -7.9300   6.2531041537862E+07
           112.4000     -7.9300   6.2531042938490E+07
           112.4100     -7.9300   6.2531044318055E+07
           112.4200     -7.9300   6.2531045634907E+07
           112.4300     -7.9300   6.2531046846897E+07
           112.4400     -7.9300   6.2531047914504E+07
           112.4500     -7.9300   6.2531048803789E+07
           112.4600     -7.9300   6.2531049488934E+07
           112.4700     -7.9300   6.2531049954139E+07
           112.4800     -7.9300   6.2531050194751E+07
           112.4900     -7.9300   6.2531050217531E+07
           112.5000     -7.9300   6.2531050040071E+07
           112.5100     -7.9300   6.2531049689429E+07
           112.5200     -7.9300   6.2531049200135E+07
           112.5300     -7.9300   6.2531048611735E+07
           112.5400     -7.9300   6.2531047966115E+07
           112.5500     -7.9300   6.2531047304806E+07
           112.5600     -7.9300   6.2531046666497E+07
           112.5700     -7.9300   6.2531046084931E+07
           112.5800     -7.9300   6.2531045587320E+07
           112.5900     -7.9300   6.2531045193362E+07
           112.6000     -7.9300   6.2531044914891E+07
           112.6100     -7.9300   6.2531044756129E+07
           112.6200     -7.9300   6.2531044714464E+07
           112.6300     -7.9300   6.2531044781659E+07
           112.6400     -7.9300   6.2531044945348E+07
           112.6500     -7.9300   6.2531045190683E+07
           112.6600     -7.9300   6.2531045502000E+07
           112.6700     -7.9300   6.2531045864374E+07
           112.6800     -7.9300   6.2531046264966E+07
           112.6900     -7.9300   6.2531046694074E+07
           112.7000     -7.9300   6.2531047145858E+07
           112.7100     -7.9300   6.2531047618695E+07
           112.7200     -7.9300   6.2531048115175E+07
           112.7300     -7.9300   6.2531048641756E+07
           112.7400     -7.9300   6.2531049208112E+07
           112.7500     -7.9300   6.2531049826224E+07
           112.7600     -7.9300   6.2531050509270E+07
           112.7700     -7.9300   6.2531051270370E+07
           112.7800     -7.9300   6.2531052121272E+07
           112.7900     -7.9300   6.2531053071034E+07
           112.8000     -7.9300   6.2531054124791E+07
           112.8100     -7.9300   6.2531055282680E+07
           112.8200     -7.9300   6.2531056538999E+07
           112.8300     -7.9300   6.2531057881672E+07
           112.8400     -7.9300   6.2531059292081E+07
           112.8500     -7.9300   6.2531060745302E+07
           112.8600     -7.9300   6.2531062210775E+07
           112.8700     -7.9300   6.2531063653388E+07
           112.8800     -7.9300   6.2531065034950E+07
           112.8900     -7.9300   6.2531066315964E+07
           112.9000     -7.9300   6.2531067457616E+07
           112.9100     -7.9300   6.2531068423844E+07
           112.9200     -7.9300   6.2531069183330E+07
           112.9300     -7.9300   6.2531069711298E+07
           112.9400     -7.9300   6.2531069990933E+07
           112.9500     -7.9300   6.2531070014342E+07
           112.9600     -7.9300   6.2531069782938E+07
           112.9700     -7.9300   6.2531069307219E+07
           112.9800     -7.9300   6.2531068605947E+07
           112.9900     -7.9300   6.2531067704786E+07
           113.0000     -7.9300   6.2531066634508E+07
           112.0000     -7.9400   6.2531016390217E+07
           112.0100     -7.9400   6.2531016518596E+07
           112.0200     -7.9400   6.2531016703509E+07
           112.0300     -7.9400   6.2531016933558E+07
           112.0400     -7.9400   6.2531017197536E+07
           112.0500     -7.9400   6.2531017485667E+07
           112.0600     -7.9400   6.2531017790767E+07
           112.0700     -7.9400   6.2531018109162E+07
           112.0800     -7.9400   6.2531018441273E+07
           112.0900     -7.9400   6.2531018791748E+07
           112.1000     -7.9400   6.2531019169120E+07
           112.1100     -7.9400   6.2531019584980E+07
           112.1200     -7.9400   6.2531020052749E+07
           112.1300     -7.9400   6.2531020586141E+07
           112.1400     -7.9400   6.2531021197497E+07
           112.1500     -7.9400   6.2531021896143E+07
           112.1600     -7.9400   6.2531022686984E+07
           112.1700     -7.9400   6.2531023569488E+07
           112.1800     -7.9400   6.2531024537192E+07
           112.1900     -7.9400   6.2531025577838E+07
           112.2000     -7.9400   6.2531026674127E+07
           112.2100     -7.9400   6.2531027805065E+07
           112.2200     -7.9400   6.2531028947778E+07
           112.2300     -7.9400   6.2531030079615E+07
           112.2400     -7.9400   6.2531031180353E+07
           112.2500     -7.9400   6.2531032234238E+07
           112.2600     -7.9400   6.2531033231670E+07
           112.2700     -7.9400   6.2531034170321E+07
           112.2800     -7.9400   6.2531035055542E+07
           112.2900     -7.9400   6.2531035899994E+07
           112.3000     -7.9400   6.2531036722500E+07
           112.3100     -7.9400   6.2531037546208E+07
           112.3200     -7.9400   6.2531038396216E+07
           112.3300     -7.9400   6.2531039296882E+07
           112.3400     -7.9400   6.2531040269067E+07
           112.3500     -7.9400   6.2531041327588E+07
           112.3600     -7.9400   6.2531042479130E+07
           112.3700     -7.9400   6.2531043720823E+07
           112.3800     -7.9400   6.2531045039655E+07
           112.3900     -7.9400   6.2531046412784E+07
           112.4000     -7.9400   6.2531047808739E+07
           112.4100     -7.9400   6.2531049189428E+07
           112.4200     -7.9400   6.2531050512783E+07
           112.4300     -7.9400   6.2531051735801E+07
           112.4400     -7.9400   6.2531052817738E+07
           112.4500     -7.9400   6.2531053723171E+07
           112.4600     -7.9400   6.2531054424663E+07
           112.4700     -7.9400   6.2531054904825E+07
           112.4800     -7.9400   6.2531055157594E+07
           112.4900     -7.9400   6.2531055188648E+07
           112.5000     -7.9400   6.2531055014934E+07
           112.5100     -7.9400   6.2531054663384E+07
           112.5200     -7.9400   6.2531054168939E+07
           112.5300     -7.9400   6.2531053572068E+07
           112.5400     -7.9400   6.2531052916005E+07
           112.5500     -7.9400   6.2531052243933E+07
           112.5600     -7.9400   6.2531051596328E+07
           112.5700     -7.9400   6.2531051008682E+07
           112.5800     -7.9400   6.2531050509739E+07
           112.5900     -7.9400   6.2531050120352E+07
           112.6000     -7.9400   6.2531049853009E+07
           112.6100     -7.9400   6.2531049712009E+07
           112.6200     -7.9400   6.2531049694228E+07
           112.6300     -7.9400   6.2531049790366E+07
           112.6400     -7.9400   6.2531049986546E+07
           112.6500     -7.9400   6.2531050266117E+07
           112.6600     -7.9400   6.2531050611496E+07
           112.6700     -7.9400   6.2531051005931E+07
           112.6800     -7.9400   6.2531051435039E+07
           112.6900     -7.9400   6.2531051888037E+07
           112.7000     -7.9400   6.2531052358592E+07
           112.7100     -7.9400   6.2531052845253E+07
           112.7200     -7.9400   6.2531053351462E+07
           112.7300     -7.9400   6.2531053885145E+07
           112.7400     -7.9400   6.2531054457945E+07
           112.7500     -7.9400   6.2531055084138E+07
           112.7600     -7.9400   6.2531055779308E+07
           112.7700     -7.9400   6.2531056558874E+07
           112.7800     -7.9400   6.2531057436539E+07
           112.7900     -7.9400   6.2531058422780E+07
           112.8000     -7.9400   6.2531059523461E+07
           112.8100     -7.9400   6.2531060738657E+07
           112.8200     -7.9400   6.2531062061796E+07
           112.8300     -7.9400   6.2531063479166E+07
           112.8400     -7.9400   6.2531064969866E+07
           112.8500     -7.9400   6.2531066506220E+07
           112.8600     -7.9400   6.2531068054662E+07
           112.8700     -7.9400   6.2531069577065E+07
           112.8800     -7.9400   6.2531071032455E+07
           112.8900     -7.9400   6.2531072379011E+07
           112.9000     -7.9400   6.2531073576232E+07
           112.9100     -7.9400   6.2531074587128E+07
           112.9200     -7.9400   6.2531075380271E+07
           112.9300     -7.9400   6.2531075931567E+07
           112.9400     -7.9400   6.2531076225595E+07
           112.9500     -7.9400   6.2531076256405E+07
           112.9600     -7.9400   6.2531076027707E+07
           112.9700     -7.9400   6.2531075552419E+07
           112.9800     -7.9400   6.2531074851610E+07
           112.9900     -7.9400   6.2531073952911E+07
           113.0000     -7.9400   6.2531072888533E+07
           112.0000     -7.9500   6.2531021622375E+07
           112.0100     -7.9500   6.2531021761258E+07
           112.0200     -7.9500   6.2531021954993E+07
           112.0300     -7.9500   6.2531022193030E+07
           112.0400     -7.9500   6.2531022464781E+07
           112.0500     -7.9500   6.2531022760819E+07
           112.0600     -7.9500   6.2531023074012E+07
           112.0700     -7.9500   6.2531023400470E+07
           112.0800     -7.9500   6.2531023740156E+07
           112.0900     -7.9500   6.2531024097098E+07
           112.1000     -7.9500   6.2531024479120E+07
           112.1100     -7.9500   6.2531024897113E+07
           112.1200     -7.9500   6.2531025363892E+07
           112.1300     -7.9500   6.2531025892736E+07
           112.1400     -7.9500   6.2531026495773E+07
           112.1500     -7.9500   6.2531027182373E+07
           112.1600     -7.9500   6.2531027957733E+07
           112.1700     -7.9500   6.2531028821833E+07
           112.1800     -7.9500   6.2531029768885E+07
           112.1900     -7.9500   6.2531030787395E+07
           112.2000     -7.9500   6.2531031860828E+07
           112.2100     -7.9500   6.2531032968873E+07
           112.2200     -7.9500   6.2531034089176E+07
           112.2300     -7.9500   6.2531035199404E+07
           112.2400     -7.9500   6.2531036279403E+07
           112.2500     -7.9500   6.2531037313255E+07
           112.2600     -7.9500   6.2531038290994E+07
           112.2700     -7.9500   6.2531039209777E+07
           112.2800     -7.9500   6.2531040074383E+07
           112.2900     -7.9500   6.2531040896929E+07
           112.3000     -7.9500   6.2531041695820E+07
           112.3100     -7.9500   6.2531042493989E+07
           112.3200     -7.9500   6.2531043316585E+07
           112.3300     -7.9500   6.2531044188316E+07
           112.3400     -7.9500   6.2531045130687E+07
           112.3500     -7.9500   6.2531046159418E+07
           112.3600     -7.9500   6.2531047282284E+07
           112.3700     -7.9500   6.2531048497596E+07
           112.3800     -7.9500   6.2531049793506E+07
           112.3900     -7.9500   6.2531051148199E+07
           112.4000     -7.9500   6.2531052530994E+07
           112.4100     -7.9500   6.2531053904267E+07
           112.4200     -7.9500   6.2531055226036E+07
           112.4300     -7.9500   6.2531056452993E+07
           112.4400     -7.9500   6.2531057543720E+07
           112.4500     -7.9500   6.2531058461816E+07
           112.4600     -7.9500   6.2531059178660E+07
           112.4700     -7.9500   6.2531059675590E+07
           112.4800     -7.9500   6.2531059945309E+07
           112.4900     -7.9500   6.2531059992431E+07
           112.5000     -7.9500   6.2531059833115E+07
           112.5100     -7.9500   6.2531059493861E+07
           112.5200     -7.9500   6.2531059009569E+07
           112.5300     -7.9500   6.2531058421060E+07
           112.5400     -7.9500   6.2531057772263E+07
           112.5500     -7.9500   6.2531057107304E+07
           112.5600     -7.9500   6.2531056467740E+07
           112.5700     -7.9500   6.2531055890143E+07
           112.5800     -7.9500   6.2531055404194E+07
           112.5900     -7.9500   6.2531055031417E+07
           112.6000     -7.9500   6.2531054784606E+07
           112.6100     -7.9500   6.2531054667942E+07
           112.6200     -7.9500   6.2531054677747E+07
           112.6300     -7.9500   6.2531054803770E+07
           112.6400     -7.9500   6.2531055030874E+07
           112.6500     -7.9500   6.2531055340963E+07
           112.6600     -7.9500   6.2531055714982E+07
           112.6700     -7.9500   6.2531056134843E+07
           112.6800     -7.9500   6.2531056585127E+07
           112.6900     -7.9500   6.2531057054450E+07
           112.7000     -7.9500   6.2531057536417E+07
           112.7100     -7.9500   6.2531058030098E+07
           112.7200     -7.9500   6.2531058540031E+07
           112.7300     -7.9500   6.2531059075748E+07
           112.7400     -7.9500   6.2531059650879E+07
           112.7500     -7.9500   6.2531060281902E+07
           112.7600     -7.9500   6.2531060986623E+07
           112.7700     -7.9500   6.2531061782487E+07
           112.7800     -7.9500   6.2531062684832E+07
           112.7900     -7.9500   6.2531063705204E+07
           112.8000     -7.9500   6.2531064849845E+07
           112.8100     -7.9500   6.2531066118446E+07
           112.8200     -7.9500   6.2531067503292E+07
           112.8300     -7.9500   6.2531068988834E+07
           112.8400     -7.9500   6.2531070551773E+07
           112.8500     -7.9500   6.2531072161655E+07
           112.8600     -7.9500   6.2531073781981E+07
           112.8700     -7.9500   6.2531075371775E+07
           112.8800     -7.9500   6.2531076887526E+07
           112.8900     -7.9500   6.2531078285399E+07
           112.9000     -7.9500   6.2531079523569E+07
           112.9100     -7.9500   6.2531080564507E+07
           112.9200     -7.9500   6.2531081377073E+07
           112.9300     -7.9500   6.2531081938243E+07
           112.9400     -7.9500   6.2531082234345E+07
           112.9500     -7.9500   6.2531082261687E+07
           112.9600     -7.9500   6.2531082026531E+07
           112.9700     -7.9500   6.2531081544413E+07
           112.9800     -7.9500   6.2531080838835E+07
           112.9900     -7.9500   6.2531079939459E+07
           113.0000     -7.9500   6.2531078879941E+07
           112.0000     -7.9600   6.2531026839324E+07
           112.0100     -7.9600   6.2531026986792E+07
           112.0200     -7.9600   6.2531027187638E+07
           112.0300     -7.9600   6.2531027432214E+07
           112.0400     -7.9600   6.2531027710600E+07
           112.0500     -7.9600   6.2531028013737E+07
           112.0600     -7.9600   6.2531028334543E+07
           112.0700     -7.9600   6.2531028668857E+07
           112.0800     -7.9600   6.2531029016101E+07
           112.0900     -7.9600   6.2531029379556E+07
           112.1000     -7.9600   6.2531029766184E+07
           112.1100     -7.9600   6.2531030186005E+07
           112.1200     -7.9600   6.2531030651050E+07
           112.1300     -7.9600   6.2531031173997E+07
           112.1400     -7.9600   6.2531031766628E+07
           112.1500     -7.9600   6.2531032438261E+07
           112.1600     -7.9600   6.2531033194349E+07
           112.1700     -7.9600   6.2531034035411E+07
           112.1800     -7.9600   6.2531034956428E+07
           112.1900     -7.9600   6.2531035946821E+07
           112.2000     -7.9600   6.2531036991024E+07
           112.2100     -7.9600   6.2531038069649E+07
           112.2200     -7.9600   6.2531039161121E+07
           112.2300     -7.9600   6.2531040243667E+07
           112.2400     -7.9600   6.2531041297424E+07
           112.2500     -7.9600   6.2531042306473E+07
           112.2600     -7.9600   6.2531043260571E+07
           112.2700     -7.9600   6.2531044156378E+07
           112.2800     -7.9600   6.2531044998017E+07
           112.2900     -7.9600   6.2531045796899E+07
           112.3000     -7.9600   6.2531046570771E+07
           112.3100     -7.9600   6.2531047342055E+07
           112.3200     -7.9600   6.2531048135628E+07
           112.3300     -7.9600   6.2531048976219E+07
           112.3400     -7.9600   6.2531049885683E+07
           112.3500     -7.9600   6.2531050880407E+07
           112.3600     -7.9600   6.2531051969108E+07
           112.3700     -7.9600   6.2531053151247E+07
           112.3800     -7.9600   6.2531054416226E+07
           112.3900     -7.9600   6.2531055743478E+07
           112.4000     -7.9600   6.2531057103453E+07
           112.4100     -7.9600   6.2531058459436E+07
           112.4200     -7.9600   6.2531059770058E+07
           112.4300     -7.9600   6.2531060992277E+07
           112.4400     -7.9600   6.2531062084579E+07
           112.4500     -7.9600   6.2531063010128E+07
           112.4600     -7.9600   6.2531063739587E+07
           112.4700     -7.9600   6.2531064253380E+07
           112.4800     -7.9600   6.2531064543200E+07
           112.4900     -7.9600   6.2531064612656E+07
           112.5000     -7.9600   6.2531064477015E+07
           112.5100     -7.9600   6.2531064162069E+07
           112.5200     -7.9600   6.2531063702259E+07
           112.5300     -7.9600   6.2531063138208E+07
           112.5400     -7.9600   6.2531062513892E+07
           112.5500     -7.9600   6.2531061873688E+07
           112.5600     -7.9600   6.2531061259527E+07
           112.5700     -7.9600   6.2531060708384E+07
           112.5800     -7.9600   6.2531060250278E+07
           112.5900     -7.9600   6.2531059906910E+07
           112.6000     -7.9600   6.2531059691022E+07
           112.6100     -7.9600   6.2531059606466E+07
           112.6200     -7.9600   6.2531059648960E+07
           112.6300     -7.9600   6.2531059807403E+07
           112.6400     -7.9600   6.2531060065633E+07
           112.6500     -7.9600   6.2531060404459E+07
           112.6600     -7.9600   6.2531060803783E+07
           112.6700     -7.9600   6.2531061244658E+07
           112.6800     -7.9600   6.2531061711114E+07
           112.6900     -7.9600   6.2531062191625E+07
           112.7000     -7.9600   6.2531062680130E+07
           112.7100     -7.9600   6.2531063176537E+07
           112.7200     -7.9600   6.2531063686686E+07
           112.7300     -7.9600   6.2531064221809E+07
           112.7400     -7.9600   6.2531064797499E+07
           112.7500     -7.9600   6.2531065432305E+07
           112.7600     -7.9600   6.2531066146025E+07
           112.7700     -7.9600   6.2531066957830E+07
           112.7800     -7.9600   6.2531067884344E+07
           112.7900     -7.9600   6.2531068937815E+07
           112.8000     -7.9600   6.2531070124501E+07
           112.8100     -7.9600   6.2531071443389E+07
           112.8200     -7.9600   6.2531072885353E+07
           112.8300     -7.9600   6.2531074432824E+07
           112.8400     -7.9600   6.2531076060006E+07
           112.8500     -7.9600   6.2531077733669E+07
           112.8600     -7.9600   6.2531079414477E+07
           112.8700     -7.9600   6.2531081058783E+07
           112.8800     -7.9600   6.2531082620800E+07
           112.8900     -7.9600   6.2531084054999E+07
           112.9000     -7.9600   6.2531085318586E+07
           112.9100     -7.9600   6.2531086373876E+07
           112.9200     -7.9600   6.2531087190397E+07
           112.9300     -7.9600   6.2531087746563E+07
           112.9400     -7.9600   6.2531088030784E+07
           112.9500     -7.9600   6.2531088041915E+07
           112.9600     -7.9600   6.2531087789017E+07
           112.9700     -7.9600   6.2531087290427E+07
           112.9800     -7.9600   6.2531086572216E+07
           112.9900     -7.9600   6.2531085666165E+07
           113.0000     -7.9600   6.2531084607412E+07
           112.0000     -7.9700   6.2531032037489E+07
           112.0100     -7.9700   6.2531032191646E+07
           112.0200     -7.9700   6.2531032397914E+07
           112.0300     -7.9700   6.2531032647597E+07
           112.0400     -7.9700   6.2531032931471E+07
           112.0500     -7.9700   6.2531033240866E+07
           112.0600     -7.9700   6.2531033568735E+07
           112.0700     -7.9700   6.2531033910610E+07
           112.0800     -7.9700   6.2531034265298E+07
           112.0900     -7.9700   6.2531034635224E+07
           112.1000     -7.9700   6.2531035026359E+07
           112.1100     -7.9700   6.2531035447699E+07
           112.1200     -7.9700   6.2531035910334E+07
           112.1300     -7.9700   6.2531036426197E+07
           112.1400     -7.9700   6.2531037006598E+07
           112.1500     -7.9700   6.2531037660720E+07
           112.1600     -7.9700   6.2531038394235E+07
           112.1700     -7.9700   6.2531039208220E+07
           112.1800     -7.9700   6.2531040098507E+07
           112.1900     -7.9700   6.2531041055566E+07
           112.2000     -7.9700   6.2531042064987E+07
           112.2100     -7.9700   6.2531043108519E+07
           112.2200     -7.9700   6.2531044165601E+07
           112.2300     -7.9700   6.2531045215246E+07
           112.2400     -7.9700   6.2531046238077E+07
           112.2500     -7.9700   6.2531047218327E+07
           112.2600     -7.9700   6.2531048145559E+07
           112.2700     -7.9700   6.2531049015933E+07
           112.2800     -7.9700   6.2531049832840E+07
           112.2900     -7.9700   6.2531050606821E+07
           112.3000     -7.9700   6.2531051354722E+07
           112.3100     -7.9700   6.2531052098167E+07
           112.3200     -7.9700   6.2531052861431E+07
           112.3300     -7.9700   6.2531053668937E+07
           112.3400     -7.9700   6.2531054542588E+07
           112.3500     -7.9700   6.2531055499195E+07
           112.3600     -7.9700   6.2531056548263E+07
           112.3700     -7.9700   6.2531057690351E+07
           112.3800     -7.9700   6.2531058916190E+07
           112.3900     -7.9700   6.2531060206661E+07
           112.4000     -7.9700   6.2531061533670E+07
           112.4100     -7.9700   6.2531062861849E+07
           112.4200     -7.9700   6.2531064150958E+07
           112.4300     -7.9700   6.2531065358790E+07
           112.4400     -7.9700   6.2531066444319E+07
           112.4500     -7.9700   6.2531067370831E+07
           112.4600     -7.9700   6.2531068108760E+07
           112.4700     -7.9700   6.2531068638002E+07
           112.4800     -7.9700   6.2531068949490E+07
           112.4900     -7.9700   6.2531069045928E+07
           112.5000     -7.9700   6.2531068941621E+07
           112.5100     -7.9700   6.2531068661423E+07
           112.5200     -7.9700   6.2531068238929E+07
           112.5300     -7.9700   6.2531067714053E+07
           112.5400     -7.9700   6.2531067130213E+07
           112.5500     -7.9700   6.2531066531369E+07
           112.5600     -7.9700   6.2531065959146E+07
           112.5700     -7.9700   6.2531065450273E+07
           112.5800     -7.9700   6.2531065034519E+07
           112.5900     -7.9700   6.2531064733284E+07
           112.6000     -7.9700   6.2531064558905E+07
           112.6100     -7.9700   6.2531064514705E+07
           112.6200     -7.9700   6.2531064595740E+07
           112.6300     -7.9700   6.2531064790155E+07
           112.6400     -7.9700   6.2531065080989E+07
           112.6500     -7.9700   6.2531065448288E+07
           112.6600     -7.9700   6.2531065871320E+07
           112.6700     -7.9700   6.2531066330726E+07
           112.6800     -7.9700   6.2531066810436E+07
           112.6900     -7.9700   6.2531067299205E+07
           112.7000     -7.9700   6.2531067791662E+07
           112.7100     -7.9700   6.2531068288817E+07
           112.7200     -7.9700   6.2531068797979E+07
           112.7300     -7.9700   6.2531069332121E+07
           112.7400     -7.9700   6.2531069908734E+07
           112.7500     -7.9700   6.2531070548265E+07
           112.7600     -7.9700   6.2531071272240E+07
           112.7700     -7.9700   6.2531072101232E+07
           112.7800     -7.9700   6.2531073052785E+07
           112.7900     -7.9700   6.2531074139475E+07
           112.8000     -7.9700   6.2531075367221E+07
           112.8100     -7.9700   6.2531076733997E+07
           112.8200     -7.9700   6.2531078229026E+07
           112.8300     -7.9700   6.2531079832555E+07
           112.8400     -7.9700   6.2531081516227E+07
           112.8500     -7.9700   6.2531083244062E+07
           112.8600     -7.9700   6.2531084974004E+07
           112.8700     -7.9700   6.2531086659939E+07
           112.8800     -7.9700   6.2531088254067E+07
           112.8900     -7.9700   6.2531089709482E+07
           112.9000     -7.9700   6.2531090982767E+07
           112.9100     -7.9700   6.2531092036435E+07
           112.9200     -7.9700   6.2531092841033E+07
           112.9300     -7.9700   6.2531093376737E+07
           112.9400     -7.9700   6.2531093634331E+07
           112.9500     -7.9700   6.2531093615471E+07
           112.9600     -7.9700   6.2531093332222E+07
           112.9700     -7.9700   6.2531092805886E+07
           112.9800     -7.9700   6.2531092065229E+07
           112.9900     -7.9700   6.2531091144239E+07
           113.0000     -7.9700   6.2531090079603E+07
           112.0000     -7.9800   6.2531037213259E+07
           112.0100     -7.9800   6.2531037372319E+07
           112.0200     -7.9800   6.2531037582426E+07
           112.0300     -7.9800   6.2531037835854E+07
           112.0400     -7.9800   6.2531038124106E+07
           112.0500     -7.9800   6.2531038438907E+07
           112.0600     -7.9800   6.2531038773244E+07
           112.0700     -7.9800   6.2531039122310E+07
           112.0800     -7.9800   6.2531039484239E+07
           112.0900     -7.9800   6.2531039860522E+07
           112.1000     -7.9800   6.2531040256026E+07
           112.1100     -7.9800   6.2531040678599E+07
           112.1200     -7.9800   6.2531041138263E+07
           112.1300     -7.9800   6.2531041646078E+07
           112.1400     -7.9800   6.2531042212774E+07
           112.1500     -7.9800   6.2531042847321E+07
           112.1600     -7.9800   6.2531043555578E+07
           112.1700     -7.9800   6.2531044339194E+07
           112.1800     -7.9800   6.2531045194913E+07
           112.1900     -7.9800   6.2531046114376E+07
           112.2000     -7.9800   6.2531047084482E+07
           112.2100     -7.9800   6.2531048088312E+07
           112.2200     -7.9800   6.2531049106521E+07
           112.2300     -7.9800   6.2531050119109E+07
           112.2400     -7.9800   6.2531051107365E+07
           112.2500     -7.9800   6.2531052055801E+07
           112.2600     -7.9800   6.2531052953863E+07
           112.2700     -7.9800   6.2531053797211E+07
           112.2800     -7.9800   6.2531054588423E+07
           112.2900     -7.9800   6.2531055337008E+07
           112.3000     -7.9800   6.2531056058690E+07
           112.3100     -7.9800   6.2531056774006E+07
           112.3200     -7.9800   6.2531057506317E+07
           112.3300     -7.9800   6.2531058279417E+07
           112.3400     -7.9800   6.2531059114959E+07
           112.3500     -7.9800   6.2531060029932E+07
           112.3600     -7.9800   6.2531061034463E+07
           112.3700     -7.9800   6.2531062130144E+07
           112.3800     -7.9800   6.2531063309086E+07
           112.3900     -7.9800   6.2531064553797E+07
           112.4000     -7.9800   6.2531065837937E+07
           112.4100     -7.9800   6.2531067127886E+07
           112.4200     -7.9800   6.2531068385027E+07
           112.4300     -7.9800   6.2531069568531E+07
           112.4400     -7.9800   6.2531070638424E+07
           112.4500     -7.9800   6.2531071558658E+07
           112.4600     -7.9800   6.2531072299929E+07
           112.4700     -7.9800   6.2531072841997E+07
           112.4800     -7.9800   6.2531073175304E+07
           112.4900     -7.9800   6.2531073301773E+07
           112.5000     -7.9800   6.2531073234713E+07
           112.5100     -7.9800   6.2531072997853E+07
           112.5200     -7.9800   6.2531072623606E+07
           112.5300     -7.9800   6.2531072150713E+07
           112.5400     -7.9800   6.2531071621481E+07
           112.5500     -7.9800   6.2531071078842E+07
           112.5600     -7.9800   6.2531070563483E+07
           112.5700     -7.9800   6.2531070111281E+07
           112.5800     -7.9800   6.2531069751217E+07
           112.5900     -7.9800   6.2531069503940E+07
           112.6000     -7.9800   6.2531069381059E+07
           112.6100     -7.9800   6.2531069385179E+07
           112.6200     -7.9800   6.2531069510656E+07
           112.6300     -7.9800   6.2531069744971E+07
           112.6400     -7.9800   6.2531070070580E+07
           112.6500     -7.9800   6.2531070467079E+07
           112.6600     -7.9800   6.2531070913483E+07
           112.6700     -7.9800   6.2531071390434E+07
           112.6800     -7.9800   6.2531071882172E+07
           112.6900     -7.9800   6.2531072378100E+07
           112.7000     -7.9800   6.2531072873845E+07
           112.7100     -7.9800   6.2531073371730E+07
           112.7200     -7.9800   6.2531073880640E+07
           112.7300     -7.9800   6.2531074415288E+07
           112.7400     -7.9800   6.2531074994949E+07
           112.7500     -7.9800   6.2531075641754E+07
           112.7600     -7.9800   6.2531076378675E+07
           112.7700     -7.9800   6.2531077227340E+07
           112.7800     -7.9800   6.2531078205847E+07
           112.7900     -7.9800   6.2531079326732E+07
           112.8000     -7.9800   6.2531080595243E+07
           112.8100     -7.9800   6.2531082008056E+07
           112.8200     -7.9800   6.2531083552536E+07
           112.8300     -7.9800   6.2531085206625E+07
           112.8400     -7.9800   6.2531086939377E+07
           112.8500     -7.9800   6.2531088712124E+07
           112.8600     -7.9800   6.2531090480237E+07
           112.8700     -7.9800   6.2531092195349E+07
           112.8800     -7.9800   6.2531093807923E+07
           112.8900     -7.9800   6.2531095269977E+07
           112.9000     -7.9800   6.2531096537796E+07
           112.9100     -7.9800   6.2531097574410E+07
           112.9200     -7.9800   6.2531098351682E+07
           112.9300     -7.9800   6.2531098851822E+07
           112.9400     -7.9800   6.2531099068220E+07
           112.9500     -7.9800   6.2531099005525E+07
           112.9600     -7.9800   6.2531098678956E+07
           112.9700     -7.9800   6.2531098112905E+07
           112.9800     -7.9800   6.2531097338926E+07
           112.9900     -7.9800   6.2531096393292E+07
           113.0000     -7.9800   6.2531095314315E+07
           112.0000     -7.9900   6.2531042363531E+07
           112.0100     -7.9900   6.2531042525900E+07
           112.0200     -7.9900   6.2531042738424E+07
           112.0300     -7.9900   6.2531042994360E+07
           112.0400     -7.9900   6.2531043285948E+07
           112.0500     -7.9900   6.2531043605322E+07
           112.0600     -7.9900   6.2531043945500E+07
           112.0700     -7.9900   6.2531044301323E+07
           112.0800     -7.9900   6.2531044670215E+07
           112.0900     -7.9900   6.2531045052670E+07
           112.1000     -7.9900   6.2531045452377E+07
           112.1100     -7.9900   6.2531045875940E+07
           112.1200     -7.9900   6.2531046332211E+07
           112.1300     -7.9900   6.2531046831272E+07
           112.1400     -7.9900   6.2531047383188E+07
           112.1500     -7.9900   6.2531047996649E+07
           112.1600     -7.9900   6.2531048677664E+07
           112.1700     -7.9900   6.2531049428460E+07
           112.1800     -7.9900   6.2531050246746E+07
           112.1900     -7.9900   6.2531051125421E+07
           112.2000     -7.9900   6.2531052052831E+07
           112.2100     -7.9900   6.2531053013541E+07
           112.2200     -7.9900   6.2531053989601E+07
           112.2300     -7.9900   6.2531054962171E+07
           112.2400     -7.9900   6.2531055913356E+07
           112.2500     -7.9900   6.2531056828070E+07
           112.2600     -7.9900   6.2531057695700E+07
           112.2700     -7.9900   6.2531058511407E+07
           112.2800     -7.9900   6.2531059276885E+07
           112.2900     -7.9900   6.2531060000468E+07
           112.3000     -7.9900   6.2531060696546E+07
           112.3100     -7.9900   6.2531061384306E+07
           112.3200     -7.9900   6.2531062085900E+07
           112.3300     -7.9900   6.2531062824190E+07
           112.3400     -7.9900   6.2531063620285E+07
           112.3500     -7.9900   6.2531064491112E+07
           112.3600     -7.9900   6.2531065447243E+07
           112.3700     -7.9900   6.2531066491223E+07
           112.3800     -7.9900   6.2531067616568E+07
           112.3900     -7.9900   6.2531068807555E+07
           112.4000     -7.9900   6.2531070039848E+07
           112.4100     -7.9900   6.2531071281938E+07
           112.4200     -7.9900   6.2531072497269E+07
           112.4300     -7.9900   6.2531073646891E+07
           112.4400     -7.9900   6.2531074692406E+07
           112.4500     -7.9900   6.2531075598943E+07
           112.4600     -7.9900   6.2531076337925E+07
           112.4700     -7.9900   6.2531076889356E+07
           112.4800     -7.9900   6.2531077243463E+07
           112.4900     -7.9900   6.2531077401529E+07
           112.5000     -7.9900   6.2531077375864E+07
           112.5100     -7.9900   6.2531077188925E+07
           112.5200     -7.9900   6.2531076871660E+07
           112.5300     -7.9900   6.2531076461243E+07
           112.5400     -7.9900   6.2531075998378E+07
           112.5500     -7.9900   6.2531075524427E+07
           112.5600     -7.9900   6.2531075078582E+07
           112.5700     -7.9900   6.2531074695329E+07
           112.5800     -7.9900   6.2531074402377E+07
           112.5900     -7.9900   6.2531074219237E+07
           112.6000     -7.9900   6.2531074156505E+07
           112.6100     -7.9900   6.2531074215915E+07
           112.6200     -7.9900   6.2531074391096E+07
           112.6300     -7.9900   6.2531074668967E+07
           112.6400     -7.9900   6.2531075031608E+07
           112.6500     -7.9900   6.2531075458460E+07
           112.6600     -7.9900   6.2531075928628E+07
           112.6700     -7.9900   6.2531076423128E+07
           112.6800     -7.9900   6.2531076926865E+07
           112.6900     -7.9900   6.2531077430208E+07
           112.7000     -7.9900   6.2531077930021E+07
           112.7100     -7.9900   6.2531078430097E+07
           112.7200     -7.9900   6.2531078940947E+07
           112.7300     -7.9900   6.2531079478966E+07
           112.7400     -7.9900   6.2531080065059E+07
           112.7500     -7.9900   6.2531080722801E+07
           112.7600     -7.9900   6.2531081476298E+07
           112.7700     -7.9900   6.2531082347888E+07
           112.7800     -7.9900   6.2531083355863E+07
           112.7900     -7.9900   6.2531084512376E+07
           112.8000     -7.9900   6.2531085821698E+07
           112.8100     -7.9900   6.2531087278971E+07
           112.8200     -7.9900   6.2531088869543E+07
           112.8300     -7.9900   6.2531090568982E+07
           112.8400     -7.9900   6.2531092343767E+07
           112.8500     -7.9900   6.2531094152650E+07
           112.8600     -7.9900   6.2531095948607E+07
           112.8700     -7.9900   6.2531097681255E+07
           112.8800     -7.9900   6.2531099299589E+07
           112.8900     -7.9900   6.2531100754848E+07
           112.9000     -7.9900   6.2531102003305E+07
           112.9100     -7.9900   6.2531103008780E+07
           112.9200     -7.9900   6.2531103744691E+07
           112.9300     -7.9900   6.2531104195478E+07
           112.9400     -7.9900   6.2531104357294E+07
           112.9500     -7.9900   6.2531104237895E+07
           112.9600     -7.9900   6.2531103855737E+07
           112.9700     -7.9900   6.2531103238355E+07
           112.9800     -7.9900   6.2531102420139E+07
           112.9900     -7.9900   6.2531101439700E+07
           113.0000     -7.9900   6.2531100337033E+07
           112.0000     -8.0000   6.2531047486228E+07
           112.0100     -8.0000   6.2531047650566E+07
           112.0200     -8.0000   6.2531047864297E+07
           112.0300     -8.0000   6.2531048121661E+07
           112.0400     -8.0000   6.2531048415640E+07
           112.0500     -8.0000   6.2531048738789E+07
           112.0600     -8.0000   6.2531049084165E+07
           112.0700     -8.0000   6.2531049446252E+07
           112.0800     -8.0000   6.2531049821750E+07
           112.0900     -8.0000   6.2531050210127E+07
           112.1000     -8.0000   6.2531050613844E+07
           112.1100     -8.0000   6.2531051038200E+07
           112.1200     -8.0000   6.2531051490801E+07
           112.1300     -8.0000   6.2531051980679E+07
           112.1400     -8.0000   6.2531052517161E+07
           112.1500     -8.0000   6.2531053108600E+07
           112.1600     -8.0000   6.2531053761123E+07
           112.1700     -8.0000   6.2531054477535E+07
           112.1800     -8.0000   6.2531055256536E+07
           112.1900     -8.0000   6.2531056092357E+07
           112.2000     -8.0000   6.2531056974885E+07
           112.2100     -8.0000   6.2531057890300E+07
           112.2200     -8.0000   6.2531058822185E+07
           112.2300     -8.0000   6.2531059753003E+07
           112.2400     -8.0000   6.2531060665809E+07
           112.2500     -8.0000   6.2531061546016E+07
           112.2600     -8.0000   6.2531062383012E+07
           112.2700     -8.0000   6.2531063171463E+07
           112.2800     -8.0000   6.2531063912118E+07
           112.2900     -8.0000   6.2531064612014E+07
           112.3000     -8.0000   6.2531065284024E+07
           112.3100     -8.0000   6.2531065945754E+07
           112.3200     -8.0000   6.2531066617879E+07
           112.3300     -8.0000   6.2531067322044E+07
           112.3400     -8.0000   6.2531068078551E+07
           112.3500     -8.0000   6.2531068904023E+07
           112.3600     -8.0000   6.2531069809300E+07
           112.3700     -8.0000   6.2531070797781E+07
           112.3800     -8.0000   6.2531071864381E+07
           112.3900     -8.0000   6.2531072995241E+07
           112.4000     -8.0000   6.2531074168235E+07
           112.4100     -8.0000   6.2531075354255E+07
           112.4200     -8.0000   6.2531076519186E+07
           112.4300     -8.0000   6.2531077626390E+07
           112.4400     -8.0000   6.2531078639505E+07
           112.4500     -8.0000   6.2531079525298E+07
           112.4600     -8.0000   6.2531080256338E+07
           112.4700     -8.0000   6.2531080813234E+07
           112.4800     -8.0000   6.2531081186254E+07
           112.4900     -8.0000   6.2531081376191E+07
           112.5000     -8.0000   6.2531081394380E+07
           112.5100     -8.0000   6.2531081261898E+07
           112.5200     -8.0000   6.2531081008005E+07
           112.5300     -8.0000   6.2531080667975E+07
           112.5400     -8.0000   6.2531080280502E+07
           112.5500     -8.0000   6.2531079884921E+07
           112.5600     -8.0000   6.2531079518454E+07
           112.5700     -8.0000   6.2531079213739E+07
           112.5800     -8.0000   6.2531078996817E+07
           112.5900     -8.0000   6.2531078885728E+07
           112.6000     -8.0000   6.2531078889839E+07
           112.6100     -8.0000   6.2531079009896E+07
           112.6200     -8.0000   6.2531079238805E+07
           112.6300     -8.0000   6.2531079563030E+07
           112.6400     -8.0000   6.2531079964480E+07
           112.6500     -8.0000   6.2531080422708E+07
           112.6600     -8.0000   6.2531080917226E+07
           112.6700     -8.0000   6.2531081429741E+07
           112.6800     -8.0000   6.2531081946128E+07
           112.6900     -8.0000   6.2531082457970E+07
           112.7000     -8.0000   6.2531082963549E+07
           112.7100     -8.0000   6.2531083468218E+07
           112.7200     -8.0000   6.2531083984102E+07
           112.7300     -8.0000   6.2531084529177E+07
           112.7400     -8.0000   6.2531085125778E+07
           112.7500     -8.0000   6.2531085798658E+07
           112.7600     -8.0000   6.2531086572742E+07
           112.7700     -8.0000   6.2531087470733E+07
           112.7800     -8.0000   6.2531088510778E+07
           112.7900     -8.0000   6.2531089704337E+07
           112.8000     -8.0000   6.2531091054452E+07
           112.8100     -8.0000   6.2531092554546E+07
           112.8200     -8.0000   6.2531094187851E+07
           112.8300     -8.0000   6.2531095927550E+07
           112.8400     -8.0000   6.2531097737629E+07
           112.8500     -8.0000   6.2531099574411E+07
           112.8600     -8.0000   6.2531101388690E+07
           112.8700     -8.0000   6.2531103128323E+07
           112.8800     -8.0000   6.2531104741118E+07
           112.8900     -8.0000   6.2531106177805E+07
           112.9000     -8.0000   6.2531107394899E+07
           112.9100     -8.0000   6.2531108357226E+07
           112.9200     -8.0000   6.2531109039926E+07
           112.9300     -8.0000   6.2531109429788E+07
           112.9400     -8.0000   6.2531109525791E+07
           112.9500     -8.0000   6.2531109338818E+07
           112.9600     -8.0000   6.2531108890556E+07
           112.9700     -8.0000   6.2531108211660E+07
           112.9800     -8.0000   6.2531107339336E+07
           112.9900     -8.0000   6.2531106314531E+07
           113.0000     -8.0000   6.2531105178962E+07
