generating_institute     gfz-potsdam
     generating_date     2026/05/23
        product_type     gravity_field
                body     earth
           modelname     egm2008
     max_used_degree          2190
         tide_system     tide_free
          functional     water_column
    zero_degree_term     included
                unit     meter
       water_density     1000.0 kg/m**3
          refsysname     WGS84
            gmrefpot      3.98600441800E+14 m**3/s**2
        radiusrefpot     6378137.000 m
          flatrefpot      3.352810664747480E-03   (1/298.25722356300)
         omegarefpot      7.29211500000E-05 1/s
    normal_potential      6.263685171456948E+07 m**2/s**2
       long_lat_unit     degree
      latlimit_north      -7.0000000000000    
      latlimit_south      -8.0000000000000    
      longlimit_west       112.00000000000    
      longlimit_east       113.00000000000    
            gridstep      0.10000000000000E-01
  latitude_parallels           101
 longitude_parallels           101
number_of_gridpoints         10201
            gapvalue          99999.0000
       weighted_mean      1.1594220E+03 meter
            maxvalue      9.7378469E+03 meter
            minvalue     -8.4837904E+02 meter
         signal_wrms      1.9227261E+03 meter
         grid_format     long_lat_value

          longitude    latitude    water_column
            [deg.]      [deg.]         [meter]
end_of_head ============================================
           112.0000     -7.0000     1566.887163596868
           112.0100     -7.0000     1503.291373185452
           112.0200     -7.0000     1436.372339754006
           112.0300     -7.0000     1367.781066372210
           112.0400     -7.0000     1298.992155899776
           112.0500     -7.0000     1231.266928053804
           112.0600     -7.0000     1165.643106589283
           112.0700     -7.0000     1102.947597957300
           112.0800     -7.0000     1043.826320960935
           112.0900     -7.0000      988.783421583611
           112.1000     -7.0000      938.221700905730
           112.1100     -7.0000      892.476732166956
           112.1200     -7.0000      851.838829324894
           112.1300     -7.0000      816.559501314829
           112.1400     -7.0000      786.841927426920
           112.1500     -7.0000      762.817906468035
           112.1600     -7.0000      744.516249561601
           112.1700     -7.0000      731.829340070172
           112.1800     -7.0000      724.485312515532
           112.1900     -7.0000      722.032882255439
           112.2000     -7.0000      723.844323139522
           112.2100     -7.0000      729.139631331579
           112.2200     -7.0000      737.031853458489
           112.2300     -7.0000      746.590312828311
           112.2400     -7.0000      756.915494396379
           112.2500     -7.0000      767.217081845094
           112.2600     -7.0000      776.885432112656
           112.2700     -7.0000      785.546846305694
           112.2800     -7.0000      793.094407691661
           112.2900     -7.0000      799.688784547133
           112.3000     -7.0000      805.726945515840
           112.3100     -7.0000      811.780778151172
           112.3200     -7.0000      818.511622488584
           112.3300     -7.0000      826.570195416311
           112.3400     -7.0000      836.493802401771
           112.3500     -7.0000      848.613740444168
           112.3600     -7.0000      862.985188442913
           112.3700     -7.0000      879.349658993778
           112.3800     -7.0000      897.136459565005
           112.3900     -7.0000      915.504982809041
           112.4000     -7.0000      933.424563865777
           112.4100     -7.0000      949.783736912770
           112.4200     -7.0000      963.516627469439
           112.4300     -7.0000      973.731486873851
           112.4400     -7.0000      979.825414744774
           112.4500     -7.0000      981.570318634884
           112.4600     -7.0000      979.158080155316
           112.4700     -7.0000      973.197441718631
           112.4800     -7.0000      964.660789713189
           112.4900     -7.0000      954.785121129915
           112.5000     -7.0000      944.937294026809
           112.5100     -7.0000      936.458441929550
           112.5200     -7.0000      930.505547386085
           112.5300     -7.0000      927.909177133626
           112.5400     -7.0000      929.065086705586
           112.5500     -7.0000      933.873893023945
           112.5600     -7.0000      941.737655394145
           112.5700     -7.0000      951.615604903532
           112.5800     -7.0000      962.134197588766
           112.5900     -7.0000      971.739994823298
           112.6000     -7.0000      978.878425913722
           112.6100     -7.0000      982.177963012827
           112.6200     -7.0000      980.618116035272
           112.6300     -7.0000      973.661127880174
           112.6400     -7.0000      961.331193589854
           112.6500     -7.0000      944.231008241871
           112.6600     -7.0000      923.492773358053
           112.6700     -7.0000      900.668586235903
           112.6800     -7.0000      877.572452029846
           112.6900     -7.0000      856.092087897487
           112.7000     -7.0000      837.992481468866
           112.7100     -7.0000      824.734324242789
           112.7200     -7.0000      817.328785400018
           112.7300     -7.0000      816.245791011325
           112.7400     -7.0000      821.386527328998
           112.7500     -7.0000      832.123068734782
           112.7600     -7.0000      847.399796506732
           112.7700     -7.0000      865.883643993766
           112.7800     -7.0000      886.144134690984
           112.7900     -7.0000      906.840446194453
           112.8000     -7.0000      926.891825740453
           112.8100     -7.0000      945.609743697080
           112.8200     -7.0000      962.774970123705
           112.8300     -7.0000      978.649719027370
           112.8400     -7.0000      993.923268666867
           112.8500     -7.0000     1009.598002882244
           112.8600     -7.0000     1026.830549925640
           112.8700     -7.0000     1046.748632506927
           112.8800     -7.0000     1070.267611793192
           112.8900     -7.0000     1097.931050771954
           112.9000     -7.0000     1129.796858448298
           112.9100     -7.0000     1165.385018376128
           112.9200     -7.0000     1203.695223874174
           112.9300     -7.0000     1243.293886644442
           112.9400     -7.0000     1282.461065262277
           112.9500     -7.0000     1319.380007626003
           112.9600     -7.0000     1352.346228806051
           112.9700     -7.0000     1379.970114395765
           112.9800     -7.0000     1401.347361002898
           112.9900     -7.0000     1416.175145081564
           113.0000     -7.0000     1424.798341719738
           112.0000     -7.0100     1515.376339835020
           112.0100     -7.0100     1450.152034886580
           112.0200     -7.0100     1381.902047926606
           112.0300     -7.0100     1312.366389021395
           112.0400     -7.0100     1243.085897289641
           112.0500     -7.0100     1175.360992992752
           112.0600     -7.0100     1110.239648303204
           112.0700     -7.0100     1048.531278941108
           112.0800     -7.0100      990.840355756584
           112.0900     -7.0100      937.611576918569
           112.1000     -7.0100      889.177655727205
           112.1100     -7.0100      845.801241410563
           112.1200     -7.0100      807.704112969192
           112.1300     -7.0100      775.079329632432
           112.1400     -7.0100      748.085124726343
           112.1500     -7.0100      726.822556711467
           112.1600     -7.0100      711.301827666125
           112.1700     -7.0100      701.404333259266
           112.1800     -7.0100      696.848604188656
           112.1900     -7.0100      697.168162881285
           112.2000     -7.0100      701.707943280347
           112.2100     -7.0100      709.643469012846
           112.2200     -7.0100      720.023772064446
           112.2300     -7.0100      731.835490044426
           112.2400     -7.0100      744.082193831945
           112.2500     -7.0100      755.870252269741
           112.2600     -7.0100      766.490849499509
           112.2700     -7.0100      775.487418289843
           112.2800     -7.0100      782.698853440049
           112.2900     -7.0100      788.271345549521
           112.3000     -7.0100      792.635261531822
           112.3100     -7.0100      796.447769132604
           112.3200     -7.0100      800.506324312348
           112.3300     -7.0100      805.642136222579
           112.3400     -7.0100      812.605750129982
           112.3500     -7.0100      821.958504191915
           112.3600     -7.0100      833.983547752513
           112.3700     -7.0100      848.628291103768
           112.3800     -7.0100      865.486747951443
           112.3900     -7.0100      883.825602451783
           112.4000     -7.0100      902.652524484030
           112.4100     -7.0100      920.819919317437
           112.4200     -7.0100      937.152608353037
           112.4300     -7.0100      950.584515260906
           112.4400     -7.0100      960.287756066880
           112.4500     -7.0100      965.777876442950
           112.4600     -7.0100      966.981371193829
           112.4700     -7.0100      964.255827656795
           112.4800     -7.0100      958.358587251230
           112.4900     -7.0100      950.366063703220
           112.5000     -7.0100      941.552031236283
           112.5100     -7.0100      933.238526012238
           112.5200     -7.0100      926.636797957205
           112.5300     -7.0100      922.697490093493
           112.5400     -7.0100      921.988634719126
           112.5500     -7.0100      924.617151187232
           112.5600     -7.0100      930.204610407349
           112.5700     -7.0100      937.921658358391
           112.5800     -7.0100      946.578422286220
           112.5900     -7.0100      954.761321124694
           112.6000     -7.0100      961.000826953032
           112.6100     -7.0100      963.950628221661
           112.6200     -7.0100      962.556872674814
           112.6300     -7.0100      956.196983549249
           112.6400     -7.0100      944.770893460310
           112.6500     -7.0100      928.733055080416
           112.6600     -7.0100      909.060617660862
           112.6700     -7.0100      887.160854183472
           112.6800     -7.0100      864.728338660700
           112.6900     -7.0100      843.568580148000
           112.7000     -7.0100      825.409030075096
           112.7100     -7.0100      811.720042286285
           112.7200     -7.0100      803.567242747643
           112.7300     -7.0100      801.512967408129
           112.7400     -7.0100      805.578399851731
           112.7500     -7.0100      815.270519618088
           112.7600     -7.0100      829.669889693417
           112.7700     -7.0100      847.567682435917
           112.7800     -7.0100      867.634136605569
           112.7900     -7.0100      888.596654772921
           112.8000     -7.0100      909.404517637831
           112.8100     -7.0100      929.358893320614
           112.8200     -7.0100      948.191267248305
           112.8300     -7.0100      966.080070816347
           112.8400     -7.0100      983.603315065144
           112.8500     -7.0100     1001.633423302535
           112.8600     -7.0100     1021.188129036554
           112.8700     -7.0100     1043.257265511292
           112.8800     -7.0100     1068.628729707091
           112.8900     -7.0100     1097.737376501669
           112.9000     -7.0100     1130.557983864361
           112.9100     -7.0100     1166.558018664384
           112.9200     -7.0100     1204.718379671433
           112.9300     -7.0100     1243.621539395036
           112.9400     -7.0100     1281.597658216563
           112.9500     -7.0100     1316.911440977837
           112.9600     -7.0100     1347.966770213613
           112.9700     -7.0100     1373.503255727243
           112.9800     -7.0100     1392.759210289429
           112.9900     -7.0100     1405.579208570912
           113.0000     -7.0100     1412.450905200489
           112.0000     -7.0200     1445.747471516169
           112.0100     -7.0200     1379.806050731290
           112.0200     -7.0200     1311.390085383956
           112.0300     -7.0200     1242.302221698890
           112.0400     -7.0200     1174.117960794289
           112.0500     -7.0200     1108.140365183255
           112.0600     -7.0200     1045.386758814268
           112.0700     -7.0200      986.604389897442
           112.0800     -7.0200      932.308768784448
           112.0900     -7.0200      882.836073155439
           112.1000     -7.0200      838.399906207365
           112.1100     -7.0200      799.142920515885
           112.1200     -7.0200      765.175328170941
           112.1300     -7.0200      736.594887222587
           112.1400     -7.0200      713.486226335469
           112.1500     -7.0200      695.900890802705
           112.1600     -7.0200      683.822775195885
           112.1700     -7.0200      677.126190955643
           112.1800     -7.0200      675.535330999219
           112.1900     -7.0200      678.594108221506
           112.2000     -7.0200      685.654204379285
           112.2100     -7.0200      695.886798445263
           112.2200     -7.0200      708.320148408043
           112.2300     -7.0200      721.901411986906
           112.2400     -7.0200      735.577324217470
           112.2500     -7.0200      748.385131046982
           112.2600     -7.0200      759.542978530160
           112.2700     -7.0200      768.528125826310
           112.2800     -7.0200      775.132063703141
           112.2900     -7.0200      779.483854248983
           112.3000     -7.0200      782.036533059897
           112.3100     -7.0200      783.515822386565
           112.3200     -7.0200      784.835149746135
           112.3300     -7.0200      786.985442566926
           112.3400     -7.0200      790.911778587752
           112.3500     -7.0200      797.391207473721
           112.3600     -7.0200      806.926574629460
           112.3700     -7.0200      819.669836964961
           112.3800     -7.0200      835.385260971935
           112.3900     -7.0200      853.458364576211
           112.4000     -7.0200      872.951029677525
           112.4100     -7.0200      892.697529778935
           112.4200     -7.0200      911.430997813280
           112.4300     -7.0200      927.925778173868
           112.4400     -7.0200      941.138715204226
           112.4500     -7.0200      950.332081161116
           112.4600     -7.0200      955.162644266391
           112.4700     -7.0200      955.725157070428
           112.4800     -7.0200      952.543886629849
           112.4900     -7.0200      946.512081742540
           112.5000     -7.0200      938.785715262545
           112.5100     -7.0200      930.643647263282
           112.5200     -7.0200      923.330783970520
           112.5300     -7.0200      917.903270697100
           112.5400     -7.0200      915.094901696409
           112.5500     -7.0200      915.221687634772
           112.5600     -7.0200      918.137123398009
           112.5700     -7.0200      923.244652861624
           112.5800     -7.0200      929.566858629634
           112.5900     -7.0200      935.863869535965
           112.6000     -7.0200      940.787257275324
           112.6100     -7.0200      943.051079617391
           112.6200     -7.0200      941.599326124010
           112.6300     -7.0200      935.749169081700
           112.6400     -7.0200      925.292137284550
           112.6500     -7.0200      910.540309156921
           112.6600     -7.0200      892.311269702259
           112.6700     -7.0200      871.853078381988
           112.6800     -7.0200      850.717918301516
           112.6900     -7.0200      830.599504462627
           112.7000     -7.0200      813.153900516310
           112.7100     -7.0200      799.825532362843
           112.7200     -7.0200      791.699598076721
           112.7300     -7.0200      789.398805783522
           112.7400     -7.0200      793.036815240611
           112.7500     -7.0200      802.233602641368
           112.7600     -7.0200      816.190111697787
           112.7700     -7.0200      833.811997338479
           112.7800     -7.0200      853.865984079923
           112.7900     -7.0200      875.148169397414
           112.8000     -7.0200      896.642063194189
           112.8100     -7.0200      917.645492082872
           112.8200     -7.0200      937.849566960077
           112.8300     -7.0200      957.359214313688
           112.8400     -7.0200      976.652510345274
           112.8500     -7.0200      996.484240006085
           112.8600     -7.0200     1017.746666907848
           112.8700     -7.0200     1041.306446631686
           112.8800     -7.0200     1067.840142718713
           112.8900     -7.0200     1097.691411573269
           112.9000     -7.0200     1130.770481633191
           112.9100     -7.0200     1166.511329895324
           112.9200     -7.0200     1203.894587997224
           112.9300     -7.0200     1241.535613777085
           112.9400     -7.0200     1277.828441657389
           112.9500     -7.0200     1311.128612167258
           112.9600     -7.0200     1339.952203846469
           112.9700     -7.0200     1363.165532249105
           112.9800     -7.0200     1380.140374165144
           112.9900     -7.0200     1390.853242703645
           113.0000     -7.0200     1395.913781110635
           112.0000     -7.0300     1361.492560325790
           112.0100     -7.0300     1295.853677942385
           112.0200     -7.0300     1228.488972826140
           112.0300     -7.0300     1161.236222085166
           112.0400     -7.0300     1095.674939405982
           112.0500     -7.0300     1033.077120911574
           112.0600     -7.0300      974.392795407578
           112.0700     -7.0300      920.267736327672
           112.0800     -7.0300      871.087072123312
           112.0900     -7.0300      827.035821021649
           112.1000     -7.0300      788.165902882597
           112.1100     -7.0300      754.459115608726
           112.1200     -7.0300      725.876895772906
           112.1300     -7.0300      702.390221542075
           112.1400     -7.0300      683.986411452225
           112.1500     -7.0300      670.653361942835
           112.1600     -7.0300      662.345431774325
           112.1700     -7.0300      658.938217034796
           112.1800     -7.0300      660.181440203986
           112.1900     -7.0300      665.659811446149
           112.2000     -7.0300      674.770898371370
           112.2100     -7.0300      686.726846179499
           112.2200     -7.0300      700.583496171914
           112.2300     -7.0300      715.296486142045
           112.2400     -7.0300      729.799812765207
           112.2500     -7.0300      743.098659598335
           112.2600     -7.0300      754.365569881581
           112.2700     -7.0300      763.027684559633
           112.2800     -7.0300      768.833016329154
           112.2900     -7.0300      771.885626224935
           112.3000     -7.0300      772.642927962215
           112.3100     -7.0300      771.872783565884
           112.3200     -7.0300      770.573031577141
           112.3300     -7.0300      769.860975574788
           112.3400     -7.0300      770.844514413430
           112.3500     -7.0300      774.489447907379
           112.3600     -7.0300      781.498623502228
           112.3700     -7.0300      792.217790152361
           112.3800     -7.0300      806.580326831721
           112.3900     -7.0300      824.098691991870
           112.4000     -7.0300      843.904990942590
           112.4100     -7.0300      864.837134219503
           112.4200     -7.0300      885.561395153194
           112.4300     -7.0300      904.717490725420
           112.4400     -7.0300      921.069223213664
           112.4500     -7.0300      933.642661416010
           112.4600     -7.0300      941.834993494392
           112.4700     -7.0300      945.480456927545
           112.4800     -7.0300      944.864782314655
           112.4900     -7.0300      940.685783632609
           112.5000     -7.0300      933.964334544149
           112.5100     -7.0300      925.916167136876
           112.5200     -7.0300      917.799930012824
           112.5300     -7.0300      910.760096968335
           112.5400     -7.0300      905.684197078578
           112.5500     -7.0300      903.092293488997
           112.5600     -7.0300      903.072827468022
           112.5700     -7.0300      905.273311907383
           112.5800     -7.0300      908.947588032491
           112.5900     -7.0300      913.054289030257
           112.6000     -7.0300      916.394673471242
           112.6100     -7.0300      917.772926558305
           112.6200     -7.0300      916.159036575610
           112.6300     -7.0300      910.833840554725
           112.6400     -7.0300      901.497890028395
           112.6500     -7.0300      888.330181283299
           112.6600     -7.0300      871.988990350152
           112.6700     -7.0300      853.554280219063
           112.6800     -7.0300      834.418495075961
           112.6900     -7.0300      816.139086953014
           112.7000     -7.0300      800.270992119522
           112.7100     -7.0300      788.199850093380
           112.7200     -7.0300      780.996688499285
           112.7300     -7.0300      779.312070651743
           112.7400     -7.0300      783.322650999908
           112.7500     -7.0300      792.736341790313
           112.7600     -7.0300      806.854723168792
           112.7700     -7.0300      824.683905615691
           112.7800     -7.0300      845.078746213205
           112.7900     -7.0300      866.900961961164
           112.8000     -7.0300      889.169862230745
           112.8100     -7.0300      911.185401684296
           112.8200     -7.0300      932.606934320433
           112.8300     -7.0300      953.476973205560
           112.8400     -7.0300      974.186672726054
           112.8500     -7.0300      995.387688560849
           112.8600     -7.0300     1017.862489556632
           112.8700     -7.0300     1042.371102185265
           112.8800     -7.0300     1069.495852481024
           112.8900     -7.0300     1099.506414789636
           112.9000     -7.0300     1132.265228843162
           112.9100     -7.0300     1167.188345423551
           112.9200     -7.0300     1203.269612027100
           112.9300     -7.0300     1239.167713812851
           112.9400     -7.0300     1273.347024351739
           112.9500     -7.0300     1304.255622400760
           112.9600     -7.0300     1330.518220504647
           112.9700     -7.0300     1351.118916826427
           112.9800     -7.0300     1365.549066715980
           112.9900     -7.0300     1373.899209471024
           113.0000     -7.0300     1376.880490678177
           112.0000     -7.0400     1267.187108938144
           112.0100     -7.0400     1202.943473935328
           112.0200     -7.0400     1137.846569169250
           112.0300     -7.0400     1073.742084039194
           112.0400     -7.0400     1012.185761287127
           112.0500     -7.0400      954.389985514383
           112.0600     -7.0400      901.207909692894
           112.0700     -7.0400      853.153021347062
           112.0800     -7.0400      810.448060760507
           112.0900     -7.0400      773.094073832532
           112.1000     -7.0400      740.948494192307
           112.1100     -7.0400      713.800728911893
           112.1200     -7.0400      691.434809000899
           112.1300     -7.0400      673.671105522544
           112.1400     -7.0400      660.382574429929
           112.1500     -7.0400      651.485012765344
           112.1600     -7.0400      646.904844212208
           112.1700     -7.0400      646.531455340529
           112.1800     -7.0400      650.163592934957
           112.1900     -7.0400      657.460455267591
           112.2000     -7.0400      667.907692493800
           112.2100     -7.0400      680.806604736540
           112.2200     -7.0400      695.291626616354
           112.2300     -7.0400      710.377126999490
           112.2400     -7.0400      725.030171667342
           112.2500     -7.0400      738.261790762100
           112.2600     -7.0400      749.226037638607
           112.2700     -7.0400      757.314198669886
           112.2800     -7.0400      762.231228145620
           112.2900     -7.0400      764.042942273190
           112.3000     -7.0400      763.185585581270
           112.3100     -7.0400      760.433736628607
           112.3200     -7.0400      756.827622737878
           112.3300     -7.0400      753.566124343623
           112.3400     -7.0400      751.876391988697
           112.3500     -7.0400      752.874448738171
           112.3600     -7.0400      757.432918651181
           112.3700     -7.0400      766.071821391946
           112.3800     -7.0400      778.886162926206
           112.3900     -7.0400      795.520048815672
           112.4000     -7.0400      815.191702513410
           112.4100     -7.0400      836.767723038583
           112.4200     -7.0400      858.878908059864
           112.4300     -7.0400      880.064757292713
           112.4400     -7.0400      898.930031836340
           112.4500     -7.0400      914.294981036389
           112.4600     -7.0400      925.321323591479
           112.4700     -7.0400      931.598769520590
           112.4800     -7.0400      933.181497676472
           112.4900     -7.0400      930.570013171159
           112.5000     -7.0400      924.640468922349
           112.5100     -7.0400      916.530019114912
           112.5200     -7.0400      907.492262136410
           112.5300     -7.0400      898.740622259726
           112.5400     -7.0400      891.299113850354
           112.5500     -7.0400      885.879102003552
           112.5600     -7.0400      882.797497155046
           112.5700     -7.0400      881.946675725952
           112.5800     -7.0400      882.819936902992
           112.5900     -7.0400      884.589297565426
           112.6000     -7.0400      886.225779555936
           112.6100     -7.0400      886.646905694966
           112.6200     -7.0400      884.872596639049
           112.6300     -7.0400      880.169514974063
           112.6400     -7.0400      872.165299987662
           112.6500     -7.0400      860.917915129759
           112.6600     -7.0400      846.931020939729
           112.6700     -7.0400      831.113169130778
           112.6800     -7.0400      814.685808434357
           112.6900     -7.0400      799.051671753030
           112.7000     -7.0400      785.640221386783
           112.7100     -7.0400      775.749792877870
           112.7200     -7.0400      770.406500022476
           112.7300     -7.0400      770.257773573159
           112.7400     -7.0400      775.513874467477
           112.7500     -7.0400      785.944428341812
           112.7600     -7.0400      800.929787242919
           112.7700     -7.0400      819.559784522100
           112.7800     -7.0400      840.766166679865
           112.7900     -7.0400      863.470501710494
           112.8000     -7.0400      886.727288985553
           112.8100     -7.0400      909.842630632396
           112.8200     -7.0400      932.452112764104
           112.8300     -7.0400      954.547077782396
           112.8400     -7.0400      976.445533223935
           112.8500     -7.0400      998.711610913774
           112.8600     -7.0400     1022.034740321160
           112.8700     -7.0400     1047.085548636115
           112.8800     -7.0400     1074.369133582824
           112.8900     -7.0400     1104.097240058747
           112.9000     -7.0400     1136.098831050464
           112.9100     -7.0400     1169.783785756535
           112.9200     -7.0400     1204.167558285054
           112.9300     -7.0400     1237.956460951373
           112.9400     -7.0400     1269.684857808710
           112.9500     -7.0400     1297.888080047117
           112.9600     -7.0400     1321.289326079546
           112.9700     -7.0400     1338.975977576551
           112.9800     -7.0400     1350.541102738491
           112.9900     -7.0400     1356.169479300513
           113.0000     -7.0400     1356.653881159868
           112.0000     -7.0500     1168.088512331593
           112.0100     -7.0500     1106.357484249973
           112.0200     -7.0500     1044.685215732276
           112.0300     -7.0500      984.899899489554
           112.0400     -7.0500      928.510414291021
           112.0500     -7.0500      876.648248184934
           112.0600     -7.0500      830.049487497557
           112.0700     -7.0500      789.075507422337
           112.0800     -7.0500      753.766642874405
           112.0900     -7.0500      723.919544519502
           112.1000     -7.0500      699.176573387325
           112.1100     -7.0500      679.114745552640
           112.1200     -7.0500      663.322503075188
           112.1300     -7.0500      651.454850853967
           112.1400     -7.0500      643.260859823477
           112.1500     -7.0500      638.581736616066
           112.1600     -7.0500      637.322040658608
           112.1700     -7.0500      639.400605920955
           112.1800     -7.0500      644.690758678273
           112.1900     -7.0500      652.961096650674
           112.2000     -7.0500      663.828166967374
           112.2100     -7.0500      676.730819768406
           112.2200     -7.0500      690.933008713555
           112.2300     -7.0500      705.557744689395
           112.2400     -7.0500      719.650320329498
           112.2500     -7.0500      732.264428550873
           112.2600     -7.0500      742.561017947517
           112.2700     -7.0500      749.907201034030
           112.2800     -7.0500      753.961643647879
           112.2900     -7.0500      754.733792426907
           112.3000     -7.0500      752.606982236498
           112.3100     -7.0500      748.319611734456
           112.3200     -7.0500      742.903685822229
           112.3300     -7.0500      737.585459563199
           112.3400     -7.0500      733.657978612680
           112.3500     -7.0500      732.339324158488
           112.3600     -7.0500      734.632780683927
           112.3700     -7.0500      741.205589674770
           112.3800     -7.0500      752.301313052736
           112.3900     -7.0500      767.697253512822
           112.4000     -7.0500      786.713264785442
           112.4100     -7.0500      808.272239918246
           112.4200     -7.0500      831.006330224528
           112.4300     -7.0500      853.397302959595
           112.4400     -7.0500      873.935114983962
           112.4500     -7.0500      891.276333193846
           112.4600     -7.0500      904.383812399452
           112.4700     -7.0500      912.631113142745
           112.4800     -7.0500      915.859281456504
           112.4900     -7.0500      914.379329606864
           112.5000     -7.0500      908.920353827147
           112.5100     -7.0500      900.529882977200
           112.5200     -7.0500      890.438933699495
           112.5300     -7.0500      879.908604377372
           112.5400     -7.0500      870.077309092555
           112.5500     -7.0500      861.827630998243
           112.5600     -7.0500      855.689261228045
           112.5700     -7.0500      851.789889283266
           112.5800     -7.0500      849.859797931210
           112.5900     -7.0500      849.289062567153
           112.6000     -7.0500      849.229535033361
           112.6100     -7.0500      848.728067385437
           112.6200     -7.0500      846.873441876153
           112.6300     -7.0500      842.937740008970
           112.6400     -7.0500      836.493637820326
           112.6500     -7.0500      827.492267369357
           112.6600     -7.0500      816.291434445589
           112.6700     -7.0500      803.630466033873
           112.6800     -7.0500      790.554936578483
           112.6900     -7.0500      778.301078662830
           112.7000     -7.0500      768.154959905430
           112.7100     -7.0500      761.304804968106
           112.7200     -7.0500      758.705716846915
           112.7300     -7.0500      760.974378813422
           112.7400     -7.0500      768.327307142300
           112.7500     -7.0500      780.570396154030
           112.7600     -7.0500      797.140617607438
           112.7700     -7.0500      817.193719011103
           112.7800     -7.0500      839.725549702138
           112.7900     -7.0500      863.710071576665
           112.8000     -7.0500      888.234814210323
           112.8100     -7.0500      912.614845272690
           112.8200     -7.0500      936.469234107216
           112.8300     -7.0500      959.749127527261
           112.8400     -7.0500      982.713264761943
           112.8500     -7.0500     1005.854144154193
           112.8600     -7.0500     1029.785122594767
           112.8700     -7.0500     1055.104509741833
           112.8800     -7.0500     1082.256398033914
           112.8900     -7.0500     1111.408998521065
           112.9000     -7.0500     1142.369429157284
           112.9100     -7.0500     1174.549403299781
           112.9200     -7.0500     1206.989632335901
           112.9300     -7.0500     1238.442827752860
           112.9400     -7.0500     1267.506999204497
           112.9500     -7.0500     1292.793392387900
           112.9600     -7.0500     1313.107907646875
           112.9700     -7.0500     1327.621982601712
           112.9800     -7.0500     1336.009176417484
           112.9900     -7.0500     1338.527127967888
           113.0000     -7.0500     1336.030826289011
           112.0000     -7.0600     1069.683949790935
           112.0100     -7.0600     1011.548736250733
           112.0200     -7.0600      954.336864882730
           112.0300     -7.0600      899.836950897154
           112.0400     -7.0600      849.494179741774
           112.0500     -7.0600      804.346737581655
           112.0600     -7.0600      765.004494475501
           112.0700     -7.0600      731.669529186625
           112.0800     -7.0600      704.193367985528
           112.0900     -7.0600      682.161771702827
           112.1000     -7.0600      664.995043377824
           112.1100     -7.0600      652.050496942972
           112.1200     -7.0600      642.714088189376
           112.1300     -7.0600      636.470211067566
           112.1400     -7.0600      632.942042965457
           112.1500     -7.0600      631.899140470340
           112.1600     -7.0600      633.233676431521
           112.1700     -7.0600      636.911151707008
           112.1800     -7.0600      642.905020135784
           112.1900     -7.0600      651.126947456359
           112.2000     -7.0600      661.365068666992
           112.2100     -7.0600      673.241512237886
           112.2200     -7.0600      686.197752654106
           112.2300     -7.0600      699.512381010838
           112.2400     -7.0600      712.351167586538
           112.2500     -7.0600      723.844460169229
           112.2600     -7.0600      733.182674483111
           112.2700     -7.0600      739.717486405983
           112.2800     -7.0600      743.054788376830
           112.2900     -7.0600      743.125780146543
           112.3000     -7.0600      740.224741529664
           112.3100     -7.0600      735.005848726405
           112.3200     -7.0600      728.436390077148
           112.3300     -7.0600      721.709288213234
           112.3400     -7.0600      716.123230556689
           112.3500     -7.0600      712.943238205566
           112.3600     -7.0600      713.257548813174
           112.3700     -7.0600      717.847814128210
           112.3800     -7.0600      727.088617928679
           112.3900     -7.0600      740.889275166638
           112.4000     -7.0600      758.686114239647
           112.4100     -7.0600      779.487535257121
           112.4200     -7.0600      801.967801178780
           112.4300     -7.0600      824.599548038381
           112.4400     -7.0600      845.810155550070
           112.4500     -7.0600      864.144030412994
           112.4600     -7.0600      878.411938326061
           112.4700     -7.0600      887.809923518611
           112.4800     -7.0600      891.993929821682
           112.4900     -7.0600      891.101559888649
           112.5000     -7.0600      885.718826630914
           112.5100     -7.0600      876.796464283792
           112.5200     -7.0600      865.526531223142
           112.5300     -7.0600      853.194870641930
           112.5400     -7.0600      841.027880053443
           112.5500     -7.0600      830.052602685592
           112.5600     -7.0600      820.987314607396
           112.5700     -7.0600      814.175769975401
           112.5800     -7.0600      809.572592591802
           112.5900     -7.0600      806.780691094841
           112.6000     -7.0600      805.134877559580
           112.6100     -7.0600      803.819949561106
           112.6200     -7.0600      802.007120476556
           112.6300     -7.0600      798.990420313597
           112.6400     -7.0600      794.304834383083
           112.6500     -7.0600      787.810480647253
           112.6600     -7.0600      779.731716517595
           112.6700     -7.0600      770.646108889533
           112.6800     -7.0600      761.424900512286
           112.6900     -7.0600      753.133074973712
           112.7000     -7.0600      746.902502196234
           112.7100     -7.0600      743.795217824087
           112.7200     -7.0600      744.675171832997
           112.7300     -7.0600      750.105595605845
           112.7400     -7.0600      760.285633040776
           112.7500     -7.0600      775.034522109181
           112.7600     -7.0600      793.825113391919
           112.7700     -7.0600      815.861745612129
           112.7800     -7.0600      840.191382950279
           112.7900     -7.0600      865.832293949503
           112.8000     -7.0600      891.902063393040
           112.8100     -7.0600      917.726740958654
           112.8200     -7.0600      942.915473123771
           112.8300     -7.0600      967.389723522201
           112.8400     -7.0600      991.362541099911
           112.8500     -7.0600     1015.270436727592
           112.8600     -7.0600     1039.667312132674
           112.8700     -7.0600     1065.095595955598
           112.8800     -7.0600     1091.953466350068
           112.8900     -7.0600     1120.378216341923
           112.9000     -7.0600     1150.164219132504
           112.9100     -7.0600     1180.729719031068
           112.9200     -7.0600     1211.140313484769
           112.9300     -7.0600     1240.189307652658
           112.9400     -7.0600     1266.527120559011
           112.9500     -7.0600     1288.824677470667
           112.9600     -7.0600     1305.950242329837
           112.9700     -7.0600     1317.136225901402
           112.9800     -7.0600     1322.112630810849
           112.9900     -7.0600     1321.187054873933
           113.0000     -7.0600     1315.257247574550
           112.0000     -7.0700      977.232298464165
           112.0100     -7.0700      923.677146769587
           112.0200     -7.0700      871.781091872527
           112.0300     -7.0700      823.275811800682
           112.0400     -7.0700      779.533427530570
           112.0500     -7.0700      741.496309685250
           112.0600     -7.0700      709.650851932450
           112.0700     -7.0700      684.045994707939
           112.0800     -7.0700      664.352223681738
           112.0900     -7.0700      649.952251250284
           112.1000     -7.0700      640.051174104099
           112.1100     -7.0700      633.792010649758
           112.1200     -7.0700      630.362394758320
           112.1300     -7.0700      629.079851212978
           112.1400     -7.0700      629.446291147838
           112.1500     -7.0700      631.166728695928
           112.1600     -7.0700      634.132168271951
           112.1700     -7.0700      638.371501387506
           112.1800     -7.0700      643.981442037322
           112.1900     -7.0700      651.046466793283
           112.2000     -7.0700      659.562016243319
           112.2100     -7.0700      669.373678288840
           112.2200     -7.0700      680.142770770092
           112.2300     -7.0700      691.344965524366
           112.2400     -7.0700      702.303842069347
           112.2500     -7.0700      712.256157265906
           112.2600     -7.0700      720.440853687328
           112.2700     -7.0700      726.200055944286
           112.2800     -7.0700      729.078051887153
           112.2900     -7.0700      728.903862411024
           112.3000     -7.0700      725.844566584693
           112.3100     -7.0700      720.419907180340
           112.3200     -7.0700      713.473453308583
           112.3300     -7.0700      706.101147044902
           112.3400     -7.0700      699.543697020692
           112.3500     -7.0700      695.054264780611
           112.3600     -7.0700      693.756550028119
           112.3700     -7.0700      696.510208185607
           112.3800     -7.0700      703.800245777812
           112.3900     -7.0700      715.664622929708
           112.4000     -7.0700      731.670010157449
           112.4100     -7.0700      750.940007060780
           112.4200     -7.0700      772.233825973275
           112.4300     -7.0700      794.067263815548
           112.4400     -7.0700      814.862516517932
           112.4500     -7.0700      833.109713470249
           112.4600     -7.0700      847.521451007451
           112.4700     -7.0700      857.162310632868
           112.4800     -7.0700      861.538294067831
           112.4900     -7.0700      860.635940859710
           112.5000     -7.0700      854.907018250519
           112.5100     -7.0700      845.201320500802
           112.5200     -7.0700      832.656446633378
           112.5300     -7.0700      818.558637678277
           112.5400     -7.0700      804.192182484513
           112.5500     -7.0700      790.696106868355
           112.5600     -7.0700      778.945690607070
           112.5700     -7.0700      769.472962881853
           112.5800     -7.0700      762.435149299602
           112.5900     -7.0700      757.633754556093
           112.6000     -7.0700      754.580381378652
           112.6100     -7.0700      752.599365009711
           112.6200     -7.0700      750.952626778818
           112.6300     -7.0700      748.969428050362
           112.6400     -7.0700      746.163288502569
           112.6500     -7.0700      742.320268192775
           112.6600     -7.0700      737.546838142838
           112.6700     -7.0700      732.271138810069
           112.6800     -7.0700      727.197802667809
           112.6900     -7.0700      723.222840739399
           112.7000     -7.0700      721.320513112352
           112.7100     -7.0700      722.417888818072
           112.7200     -7.0700      727.274437012276
           112.7300     -7.0700      736.383252884905
           112.7400     -7.0700      749.907501965729
           112.7500     -7.0700      767.660769159000
           112.7600     -7.0700      789.133885532701
           112.7700     -7.0700      813.564309062556
           112.7800     -7.0700      840.038147466371
           112.7900     -7.0700      867.610263782591
           112.8000     -7.0700      895.425256137810
           112.8100     -7.0700      922.821844236982
           112.8200     -7.0700      949.405395822882
           112.8300     -7.0700      975.077719133802
           112.8400     -7.0700     1000.019258831873
           112.8500     -7.0700     1024.625656603256
           112.8600     -7.0700     1049.407339864461
           112.8700     -7.0700     1074.866446154354
           112.8800     -7.0700     1101.369164795796
           112.8900     -7.0700     1129.032906656382
           112.9000     -7.0700     1157.646343389315
           112.9100     -7.0700     1186.636397907642
           112.9200     -7.0700     1215.090182950425
           112.9300     -7.0700     1241.832441744113
           112.9400     -7.0700     1265.551217905884
           112.9500     -7.0700     1284.957325912322
           112.9600     -7.0700     1298.957705424977
           112.9700     -7.0700     1306.819726113349
           112.9800     -7.0700     1308.303462245014
           112.9900     -7.0700     1303.741995772710
           113.0000     -7.0700     1294.055643874241
           112.0000     -7.0800      895.343612159152
           112.0100     -7.0800      847.188611284209
           112.0200     -7.0800      801.231191007084
           112.0300     -7.0800      759.134594581294
           112.0400     -7.0800      722.196671960580
           112.0500     -7.0800      691.271669524825
           112.0600     -7.0800      666.737107756209
           112.0700     -7.0800      648.507980452961
           112.0800     -7.0800      636.095133155717
           112.0900     -7.0800      628.699678758068
           112.1000     -7.0800      625.331303154366
           112.1100     -7.0800      624.935803468506
           112.1200     -7.0800      626.516502271916
           112.1300     -7.0800      629.235382895659
           112.1400     -7.0800      632.482742159896
           112.1500     -7.0800      635.908482064357
           112.1600     -7.0800      639.413307487819
           112.1700     -7.0800      643.103400523067
           112.1800     -7.0800      647.216917644690
           112.1900     -7.0800      652.034282290585
           112.2000     -7.0800      657.786247692761
           112.2100     -7.0800      664.573817436009
           112.2200     -7.0800      672.312314842237
           112.2300     -7.0800      680.708418405958
           112.2400     -7.0800      689.274283706256
           112.2500     -7.0800      697.377572700924
           112.2600     -7.0800      704.321015067042
           112.2700     -7.0800      709.440733167570
           112.2800     -7.0800      712.209573728381
           112.2900     -7.0800      712.330527991539
           112.3000     -7.0800      709.806173771764
           112.3100     -7.0800      704.972858982246
           112.3200     -7.0800      698.492730870468
           112.3300     -7.0800      691.302145806488
           112.3400     -7.0800      684.520771478806
           112.3500     -7.0800      679.331060265351
           112.3600     -7.0800      676.842014436538
           112.3700     -7.0800      677.953701713938
           112.3800     -7.0800      683.239448221198
           112.3900     -7.0800      692.860934078608
           112.4000     -7.0800      706.527724975471
           112.4100     -7.0800      723.507532468728
           112.4200     -7.0800      742.687355008669
           112.4300     -7.0800      762.679384485880
           112.4400     -7.0800      781.959969129711
           112.4500     -7.0800      799.025725016875
           112.4600     -7.0800      812.548635292583
           112.4700     -7.0800      821.511973333143
           112.4800     -7.0800      825.311151477260
           112.4900     -7.0800      823.807856981333
           112.5000     -7.0800      817.331559535766
           112.5100     -7.0800      806.628936909987
           112.5200     -7.0800      792.768145491093
           112.5300     -7.0800      777.010346730431
           112.5400     -7.0800      760.664788397292
           112.5500     -7.0800      744.945535757610
           112.5600     -7.0800      730.847427462538
           112.5700     -7.0800      719.056069800514
           112.5800     -7.0800      709.902048330157
           112.5900     -7.0800      703.363639239503
           112.6000     -7.0800      699.115919919407
           112.6100     -7.0800      696.618147746272
           112.6200     -7.0800      695.226388728478
           112.6300     -7.0800      694.315271946662
           112.6400     -7.0800      693.391822966839
           112.6500     -7.0800      692.185700143561
           112.6600     -7.0800      690.703626417400
           112.6700     -7.0800      689.240899652757
           112.6800     -7.0800      688.348883005050
           112.6900     -7.0800      688.763504291613
           112.7000     -7.0800      691.305195494223
           112.7100     -7.0800      696.764642928754
           112.7200     -7.0800      705.790654928813
           112.7300     -7.0800      718.796118101544
           112.7400     -7.0800      735.895445800262
           112.7500     -7.0800      756.882470132442
           112.7600     -7.0800      781.251999698649
           112.7700     -7.0800      808.262048264654
           112.7800     -7.0800      837.027898409678
           112.7900     -7.0800      866.634520031501
           112.8000     -7.0800      896.251081991708
           112.8100     -7.0800      925.230792850324
           112.8200     -7.0800      953.181190565427
           112.8300     -7.0800      979.994049009784
           112.8400     -7.0800     1005.829754666891
           112.8500     -7.0800     1031.057565855250
           112.8600     -7.0800     1056.159697914597
           112.8700     -7.0800     1081.612762974927
           112.8800     -7.0800     1107.763922970239
           112.8900     -7.0800     1134.720601983896
           112.9000     -7.0800     1162.271468554506
           112.9100     -7.0800     1189.852712827825
           112.9200     -7.0800     1216.567831889344
           112.9300     -7.0800     1241.261927154695
           112.9400     -7.0800     1262.643851218468
           112.9500     -7.0800     1279.442450724979
           112.9600     -7.0800     1290.577624581006
           112.9700     -7.0800     1295.323762558404
           112.9800     -7.0800     1293.442865403858
           112.9900     -7.0800     1285.267421938411
           113.0000     -7.0800     1271.718679431377
           112.0000     -7.0900      827.634270751875
           112.0100     -7.0900      785.476066678963
           112.0200     -7.0900      745.807131462195
           112.0300     -7.0900      710.217407345777
           112.0400     -7.0900      679.937568110951
           112.0500     -7.0900      655.751203319438
           112.0600     -7.0900      637.952519603880
           112.0700     -7.0900      626.353500816833
           112.0800     -7.0900      620.338811521911
           112.0900     -7.0900      618.961249012540
           112.1000     -7.0900      621.065926055094
           112.1100     -7.0900      625.428178129253
           112.1200     -7.0900      630.888837948509
           112.1300     -7.0900      636.471180360692
           112.1400     -7.0900      641.466432441546
           112.1500     -7.0900      645.478940760217
           112.1600     -7.0900      648.427358106329
           112.1700     -7.0900      650.503883543545
           112.1800     -7.0900      652.098936562261
           112.1900     -7.0900      653.702981748444
           112.2000     -7.0900      655.799986611775
           112.2100     -7.0900      658.767835515017
           112.2200     -7.0900      662.799829757531
           112.2300     -7.0900      667.858335298971
           112.2400     -7.0900      673.667098759785
           112.2500     -7.0900      679.743337387322
           112.2600     -7.0900      685.465135553462
           112.2700     -7.0900      690.164689770926
           112.2800     -7.0900      693.234204633461
           112.2900     -7.0900      694.229261405878
           112.3000     -7.0900      692.954538578358
           112.3100     -7.0900      689.518871820934
           112.3200     -7.0900      684.350540778783
           112.3300     -7.0900      678.168864188635
           112.3400     -7.0900      671.913999236510
           112.3500     -7.0900      666.642513497158
           112.3600     -7.0900      663.401076453611
           112.3700     -7.0900      663.093860269372
           112.3800     -7.0900      666.360498825105
           112.3900     -7.0900      673.480538018446
           112.4000     -7.0900      684.317309729316
           112.4100     -7.0900      698.309440829549
           112.4200     -7.0900      714.512359323493
           112.4300     -7.0900      731.685926754829
           112.4400     -7.0900      748.418510260247
           112.4500     -7.0900      763.273162033975
           112.4600     -7.0900      774.938704843022
           112.4700     -7.0900      782.367809295663
           112.4800     -7.0900      784.885694013081
           112.4900     -7.0900      782.256693585153
           112.5000     -7.0900      774.701162301235
           112.5100     -7.0900      762.861345278106
           112.5200     -7.0900      747.721160625441
           112.5300     -7.0900      730.490484533243
           112.5400     -7.0900      712.468789722174
           112.5500     -7.0900      694.905312197640
           112.5600     -7.0900      678.873020564088
           112.5700     -7.0900      665.171536917470
           112.5800     -7.0900      654.270100975515
           112.5900     -7.0900      646.296225389846
           112.6000     -7.0900      641.069586963424
           112.6100     -7.0900      638.174747385796
           112.6200     -7.0900      637.061286565512
           112.6300     -7.0900      637.156521962934
           112.6400     -7.0900      637.974622428878
           112.6500     -7.0900      639.206772978326
           112.6600     -7.0900      640.779977174114
           112.6700     -7.0900      642.876684618201
           112.6800     -7.0900      645.913064733194
           112.6900     -7.0900      650.479636726412
           112.7000     -7.0900      657.253296698759
           112.7100     -7.0900      666.893819232383
           112.7200     -7.0900      679.940091874083
           112.7300     -7.0900      696.721360174572
           112.7400     -7.0900      717.296609307275
           112.7500     -7.0900      741.431177661206
           112.7600     -7.0900      768.614343269248
           112.7700     -7.0900      798.115689829459
           112.7800     -7.0900      829.072378309916
           112.7900     -7.0900      860.594830266644
           112.8000     -7.0900      891.875440341354
           112.8100     -7.0900      922.284216379457
           112.8200     -7.0900      951.436838520661
           112.8300     -7.0900      979.224354998020
           112.8400     -7.0900     1005.799111818662
           112.8500     -7.0900     1031.517824158139
           112.8600     -7.0900     1056.849070586554
           112.8700     -7.0900     1082.258028325382
           112.8800     -7.0900     1108.085162619751
           112.8900     -7.0900     1134.437235778204
           112.9000     -7.0900     1161.108104478813
           112.9100     -7.0900     1187.543363335885
           112.9200     -7.0900     1212.857351211340
           112.9300     -7.0900     1235.904051408186
           112.9400     -7.0900     1255.395894296427
           112.9500     -7.0900     1270.057420724418
           112.9600     -7.0900     1278.795166162457
           112.9700     -7.0900     1280.861795445150
           112.9800     -7.0900     1275.991995645693
           112.9900     -7.0900     1264.490102048140
           113.0000     -7.0900     1247.254679189860
           112.0000     -7.1000      776.486750068306
           112.0100     -7.1000      740.651512687446
           112.0200     -7.1000      707.323845980873
           112.0300     -7.1000      678.022453123595
           112.0400     -7.1000      653.925750177185
           112.0500     -7.1000      635.772751323179
           112.0600     -7.1000      623.809135717663
           112.0700     -7.1000      617.784395118999
           112.0800     -7.1000      617.000067221406
           112.0900     -7.1000      620.403115258586
           112.1000     -7.1000      626.713256254812
           112.1100     -7.1000      634.569126152638
           112.1200     -7.1000      642.676094215682
           112.1300     -7.1000      649.938567451651
           112.1400     -7.1000      655.561759644914
           112.1500     -7.1000      659.111873392369
           112.1600     -7.1000      660.528957034302
           112.1700     -7.1000      660.092679235953
           112.1800     -7.1000      658.347153181062
           112.1900     -7.1000      655.995991353245
           112.2000     -7.1000      653.782339097283
           112.2100     -7.1000      652.370269048412
           112.2200     -7.1000      652.243416652037
           112.2300     -7.1000      653.634172967093
           112.2400     -7.1000      656.492465630954
           112.2500     -7.1000      660.497716881360
           112.2600     -7.1000      665.111684319554
           112.2700     -7.1000      669.664339129135
           112.2800     -7.1000      673.460448394185
           112.2900     -7.1000      675.891695253593
           112.3000     -7.1000      676.538368857249
           112.3100     -7.1000      675.245995234681
           112.3200     -7.1000      672.165588612436
           112.3300     -7.1000      667.751048962066
           112.3400     -7.1000      662.712980117147
           112.3500     -7.1000      657.934096831401
           112.3600     -7.1000      654.356649558052
           112.3700     -7.1000      652.856223436977
           112.3800     -7.1000      654.118336167024
           112.3900     -7.1000      658.534183492068
           112.4000     -7.1000      666.129656853354
           112.4100     -7.1000      676.537663427943
           112.4200     -7.1000      689.018338971937
           112.4300     -7.1000      702.525661887380
           112.4400     -7.1000      715.813042712371
           112.4500     -7.1000      727.565450014890
           112.4600     -7.1000      736.542196249956
           112.4700     -7.1000      741.713095595902
           112.4800     -7.1000      742.371505939587
           112.4900     -7.1000      738.210675733324
           112.5000     -7.1000      729.354454241108
           112.5100     -7.1000      716.339185409020
           112.5200     -7.1000      700.049739396938
           112.5300     -7.1000      681.618342487389
           112.5400     -7.1000      662.299404583545
           112.5500     -7.1000      643.336328814910
           112.5600     -7.1000      625.836968203108
           112.5700     -7.1000      610.672897861264
           112.5800     -7.1000      598.414214487254
           112.5900     -7.1000      589.306634027489
           112.6000     -7.1000      583.291904685193
           112.6100     -7.1000      580.066762418189
           112.6200     -7.1000      579.170606968373
           112.6300     -7.1000      580.088441768783
           112.6400     -7.1000      582.353879845192
           112.6500     -7.1000      585.637390114607
           112.6600     -7.1000      589.807375662272
           112.6700     -7.1000      594.955789712102
           112.6800     -7.1000      601.385226158236
           112.6900     -7.1000      609.560036714764
           112.7000     -7.1000      620.029240145329
           112.7100     -7.1000      633.333069795542
           112.7200     -7.1000      649.907378769962
           112.7300     -7.1000      670.000448653760
           112.7400     -7.1000      693.614973148203
           112.7500     -7.1000      720.484351991734
           112.7600     -7.1000      750.087436134238
           112.7700     -7.1000      781.700211607535
           112.7800     -7.1000      814.477397360358
           112.7900     -7.1000      847.552353049850
           112.8000     -7.1000      880.140718631823
           112.8100     -7.1000      911.632296021386
           112.8200     -7.1000      941.657009382491
           112.8300     -7.1000      970.114208314087
           112.8400     -7.1000      997.159671997293
           112.8500     -7.1000     1023.150752263025
           112.8600     -7.1000     1048.556323805561
           112.8700     -7.1000     1073.843711042274
           112.8800     -7.1000     1099.358730944433
           112.8900     -7.1000     1125.216816579981
           112.9000     -7.1000     1151.222533002422
           112.9100     -7.1000     1176.831663636161
           112.9200     -7.1000     1201.164771343279
           112.9300     -7.1000     1223.074368919445
           112.9400     -7.1000     1241.260440110849
           112.9500     -7.1000     1254.422020421952
           112.9600     -7.1000     1261.426848082181
           112.9700     -7.1000     1261.477554497814
           112.9800     -7.1000     1254.252044119974
           112.9900     -7.1000     1239.997835306929
           113.0000     -7.1000     1219.565031954493
           112.0000     -7.1100      742.931219977643
           112.0100     -7.1100      713.445532673413
           112.0200     -7.1100      686.210387590284
           112.0300     -7.1100      662.681993332152
           112.0400     -7.1100      644.008155840707
           112.0500     -7.1100      630.916176160887
           112.0600     -7.1100      623.644788992659
           112.0700     -7.1100      621.928225542418
           112.0800     -7.1100      625.034406325378
           112.0900     -7.1100      631.852885918794
           112.1000     -7.1100      641.022273443544
           112.1100     -7.1100      651.082177279256
           112.1200     -7.1100      660.631859259610
           112.1300     -7.1100      668.477096591299
           112.1400     -7.1100      673.748330316793
           112.1500     -7.1100      675.976832387189
           112.1600     -7.1100      675.120891654182
           112.1700     -7.1100      671.540239263935
           112.1800     -7.1100      665.923321678027
           112.1900     -7.1100      659.177779295460
           112.2000     -7.1100      652.298876804641
           112.2100     -7.1100      646.233109231487
           112.2200     -7.1100      641.754471912824
           112.2300     -7.1100      639.368914525844
           112.2400     -7.1100      639.258566822688
           112.2500     -7.1100      641.271946787097
           112.2600     -7.1100      644.960244892689
           112.2700     -7.1100      649.653718342764
           112.2800     -7.1100      654.567013341512
           112.2900     -7.1100      658.918535546537
           112.3000     -7.1100      662.047282586776
           112.3100     -7.1100      663.511050001885
           112.3200     -7.1100      663.152546513559
           112.3300     -7.1100      661.124351335270
           112.3400     -7.1100      657.869229233152
           112.3500     -7.1100      654.058348215152
           112.3600     -7.1100      650.495623362583
           112.3700     -7.1100      648.000989759792
           112.3800     -7.1100      647.288285382253
           112.3900     -7.1100      648.854224113013
           112.4000     -7.1100      652.893557230460
           112.4100     -7.1100      659.252143776563
           112.4200     -7.1100      667.424723870960
           112.4300     -7.1100      676.598365186977
           112.4400     -7.1100      685.736599256372
           112.4500     -7.1100      693.693964180241
           112.4600     -7.1100      699.346718684574
           112.4700     -7.1100      701.723404422823
           112.4800     -7.1100      700.118976607716
           112.4900     -7.1100      694.178382720309
           112.5000     -7.1100      683.939450892376
           112.5100     -7.1100      669.830219609737
           112.5200     -7.1100      652.621696692305
           112.5300     -7.1100      633.342702112594
           112.5400     -7.1100      613.168179786466
           112.5500     -7.1100      593.295540768103
           112.5600     -7.1100      574.824818162027
           112.5700     -7.1100      558.657531040200
           112.5800     -7.1100      545.426311782621
           112.5900     -7.1100      535.462952088586
           112.6000     -7.1100      528.807177959924
           112.6100     -7.1100      525.252907482785
           112.6200     -7.1100      524.423735211845
           112.6300     -7.1100      525.865602005676
           112.6400     -7.1100      529.142556264583
           112.6500     -7.1100      533.921458100938
           112.6600     -7.1100      540.033411718459
           112.6700     -7.1100      547.503347786324
           112.6800     -7.1100      556.543995686463
           112.6900     -7.1100      567.515799979478
           112.7000     -7.1100      580.859391667963
           112.7100     -7.1100      597.011303372472
           112.7200     -7.1100      616.316134336935
           112.7300     -7.1100      638.948959885372
           112.7400     -7.1100      664.860344526032
           112.7500     -7.1100      693.753048410940
           112.7600     -7.1100      725.094865639057
           112.7700     -7.1100      758.166654118064
           112.7800     -7.1100      792.139277204890
           112.7900     -7.1100      826.168650644653
           112.8000     -7.1100      859.495046154746
           112.8100     -7.1100      891.531719364467
           112.8200     -7.1100      921.929010808138
           112.8300     -7.1100      950.603218235356
           112.8400     -7.1100      977.724365363495
           112.8500     -7.1100     1003.662857769579
           112.8600     -7.1100     1028.901118047479
           112.8700     -7.1100     1053.921769994627
           112.8800     -7.1100     1079.087996762242
           112.8900     -7.1100     1104.533704945101
           112.9000     -7.1100     1130.080723965142
           112.9100     -7.1100     1155.197417626792
           112.9200     -7.1100     1179.008078402555
           112.9300     -7.1100     1200.355916608480
           112.9400     -7.1100     1217.915180984562
           112.9500     -7.1100     1230.340916097219
           112.9600     -7.1100     1236.439038206139
           112.9700     -7.1100     1235.335629013357
           112.9800     -7.1100     1226.623196068787
           112.9900     -7.1100     1210.463389123521
           113.0000     -7.1100     1187.630178138467
           112.0000     -7.1200      726.653214291340
           112.0100     -7.1200      703.237212864243
           112.0200     -7.1200      681.561410092077
           112.0300     -7.1200      663.034129966231
           112.0400     -7.1200      648.799278406712
           112.0500     -7.1200      639.609694629450
           112.0600     -7.1200      635.742589696437
           112.0700     -7.1200      636.967531953482
           112.0800     -7.1200      642.571238672733
           112.0900     -7.1200      651.436647693875
           112.1000     -7.1200      662.167213766981
           112.1100     -7.1200      673.241917212322
           112.1200     -7.1200      683.182772865659
           112.1300     -7.1200      690.715152389316
           112.1400     -7.1200      694.902171588048
           112.1500     -7.1200      695.237631348257
           112.1600     -7.1200      691.687131298005
           112.1700     -7.1200      684.673355394776
           112.1800     -7.1200      675.008357285868
           112.1900     -7.1200      663.782094132054
           112.2000     -7.1200      652.221668264008
           112.2100     -7.1200      641.539090395171
           112.2200     -7.1200      632.786468386727
           112.2300     -7.1200      626.736233830503
           112.2400     -7.1200      623.800530997315
           112.2500     -7.1200      623.998673869437
           112.2600     -7.1200      626.975309788732
           112.2700     -7.1200      632.065424479850
           112.2800     -7.1200      638.396418350753
           112.2900     -7.1200      645.012929345985
           112.3000     -7.1200      651.007443790955
           112.3100     -7.1200      655.639340730329
           112.3200     -7.1200      658.426881491650
           112.3300     -7.1200      659.200514886481
           112.3400     -7.1200      658.111193150888
           112.3500     -7.1200      655.593471708510
           112.3600     -7.1200      652.289192645276
           112.3700     -7.1200      648.942737093562
           112.3800     -7.1200      646.282502854575
           112.3900     -7.1200      644.904952919023
           112.4000     -7.1200      645.177085445311
           112.4100     -7.1200      647.170583283678
           112.4200     -7.1200      650.636574361362
           112.4300     -7.1200      655.024462250033
           112.4400     -7.1200      659.542404448270
           112.4500     -7.1200      663.251507628653
           112.4600     -7.1200      665.181401184930
           112.4700     -7.1200      664.452117160722
           112.4800     -7.1200      660.386492504881
           112.4900     -7.1200      652.598692727955
           112.5000     -7.1200      641.047728426784
           112.5100     -7.1200      626.049541299194
           112.5200     -7.1200      608.246730204631
           112.5300     -7.1200      588.540526902029
           112.5400     -7.1200      567.994472756803
           112.5500     -7.1200      547.722750519835
           112.5600     -7.1200      528.777834831412
           112.5700     -7.1200      512.051834208478
           112.5800     -7.1200      498.203672384267
           112.5900     -7.1200      487.620427298015
           112.6000     -7.1200      480.416257366359
           112.6100     -7.1200      476.467082974028
           112.6200     -7.1200      475.474288097466
           112.6300     -7.1200      477.046839116232
           112.6400     -7.1200      480.788913396699
           112.6500     -7.1200      486.379696493738
           112.6600     -7.1200      493.633488122505
           112.6700     -7.1200      502.531428866737
           112.6800     -7.1200      513.220559861906
           112.6900     -7.1200      525.980921183428
           112.7000     -7.1200      541.166261595947
           112.7100     -7.1200      559.127969092971
           112.7200     -7.1200      580.134449960517
           112.7300     -7.1200      604.298994602243
           112.7400     -7.1200      631.528037236868
           112.7500     -7.1200      661.498786953499
           112.7600     -7.1200      693.670882453832
           112.7700     -7.1200      727.331611326871
           112.7800     -7.1200      761.669069163174
           112.7900     -7.1200      795.863168012827
           112.8000     -7.1200      829.181306764168
           112.8100     -7.1200      861.064276370752
           112.8200     -7.1200      891.188825479501
           112.8300     -7.1200      919.496199821152
           112.8400     -7.1200      946.180543632889
           112.8500     -7.1200      971.636715908798
           112.8600     -7.1200      996.373058571191
           112.8700     -7.1200     1020.900118160298
           112.8800     -7.1200     1045.610472822128
           112.8900     -7.1200     1070.667014040420
           112.9000     -7.1200     1095.916888537337
           112.9100     -7.1200     1120.845740899919
           112.9200     -7.1200     1144.582162871850
           112.9300     -7.1200     1165.955908138754
           112.9400     -7.1200     1183.606268969010
           112.9500     -7.1200     1196.129969789347
           112.9600     -7.1200     1202.251966695176
           112.9700     -7.1200     1200.998494883158
           112.9800     -7.1200     1191.850195577629
           112.9900     -7.1200     1174.854482153448
           113.0000     -7.1200     1150.680408766887
           112.0000     -7.1300      726.118889145443
           112.0100     -7.1300      708.204067170477
           112.0200     -7.1300      691.308813179156
           112.0300     -7.1300      676.812671816576
           112.0400     -7.1300      665.885273517640
           112.0500     -7.1300      659.343842002938
           112.0600     -7.1300      657.550048307641
           112.0700     -7.1300      660.359191361110
           112.0800     -7.1300      667.128430056730
           112.0900     -7.1300      676.783653388593
           112.1000     -7.1300      687.937439568187
           112.1100     -7.1300      699.044312289556
           112.1200     -7.1300      708.574933885618
           112.1300     -7.1300      715.188554125082
           112.1400     -7.1300      717.883251508880
           112.1500     -7.1300      716.106233950787
           112.1600     -7.1300      709.811364937815
           112.1700     -7.1300      699.457534882349
           112.1800     -7.1300      685.948696793252
           112.1900     -7.1300      670.523431064990
           112.2000     -7.1300      654.607919933865
           112.2100     -7.1300      639.650456211162
           112.2200     -7.1300      626.957569470982
           112.2300     -7.1300      617.551304134625
           112.2400     -7.1300      612.064224459268
           112.2500     -7.1300      610.683751836840
           112.2600     -7.1300      613.151111106110
           112.2700     -7.1300      618.813291232148
           112.2800     -7.1300      626.719887672515
           112.2900     -7.1300      635.751311771161
           112.3000     -7.1300      644.761291118910
           112.3100     -7.1300      652.715266562175
           112.3200     -7.1300      658.807345317929
           112.3300     -7.1300      662.541717406246
           112.3400     -7.1300      663.769426043229
           112.3500     -7.1300      662.677425970997
           112.3600     -7.1300      659.733164220518
           112.3700     -7.1300      655.593651916281
           112.3800     -7.1300      650.992426703394
           112.3900     -7.1300      646.620378524609
           112.4000     -7.1300      643.016824434982
           112.4100     -7.1300      640.485457238642
           112.4200     -7.1300      639.046130867789
           112.4300     -7.1300      638.428402237887
           112.4400     -7.1300      638.107019051663
           112.4500     -7.1300      637.373900171202
           112.4600     -7.1300      635.436350375967
           112.4700     -7.1300      631.527911668505
           112.4800     -7.1300      625.016800180616
           112.4900     -7.1300      615.497473103674
           112.5000     -7.1300      602.853397985980
           112.5100     -7.1300      587.283182525201
           112.5200     -7.1300      569.287286970172
           112.5300     -7.1300      549.617879702510
           112.5400     -7.1300      529.199278639063
           112.5500     -7.1300      509.030188522337
           112.5600     -7.1300      490.081100281569
           112.5700     -7.1300      473.200494618148
           112.5800     -7.1300      459.041881352953
           112.5900     -7.1300      448.020463259387
           112.6000     -7.1300      440.303815848294
           112.6100     -7.1300      435.836056093724
           112.6200     -7.1300      434.390233004613
           112.6300     -7.1300      435.639779401405
           112.6400     -7.1300      439.237360770925
           112.6500     -7.1300      444.888686920953
           112.6600     -7.1300      452.409910708447
           112.6700     -7.1300      461.759959855911
           112.6800     -7.1300      473.043129815618
           112.6900     -7.1300      486.481924099197
           112.7000     -7.1300      502.364781372779
           112.7100     -7.1300      520.977291939283
           112.7200     -7.1300      542.528191441536
           112.7300     -7.1300      567.082418285731
           112.7400     -7.1300      594.512665023015
           112.7500     -7.1300      624.478241247281
           112.7600     -7.1300      656.436051300006
           112.7700     -7.1300      689.683638592515
           112.7800     -7.1300      723.429256580877
           112.7900     -7.1300      756.879526958776
           112.8000     -7.1300      789.332103194342
           112.8100     -7.1300      820.259373080876
           112.8200     -7.1300      849.369869828604
           112.8300     -7.1300      876.636698152864
           112.8400     -7.1300      902.286614392134
           112.8500     -7.1300      926.748871545993
           112.8600     -7.1300      950.568814849842
           112.8700     -7.1300      974.296672266721
           112.8800     -7.1300      998.366237325716
           112.8900     -7.1300     1022.980538719204
           112.9000     -7.1300     1048.021715138525
           112.9100     -7.1300     1073.000046286068
           112.9200     -7.1300     1097.052636975121
           112.9300     -7.1300     1118.996122030893
           112.9400     -7.1300     1137.430713193126
           112.9500     -7.1300     1150.885855217138
           112.9600     -7.1300     1157.991641098244
           112.9700     -7.1300     1157.655808947100
           112.9800     -7.1300     1149.224251066492
           112.9900     -7.1300     1132.603854993236
           113.0000     -7.1300     1108.330158117399
           112.0000     -7.1400      738.798243994015
           112.0100     -7.1400      725.570033033983
           112.0200     -7.1400      712.489675568610
           112.0300     -7.1400      700.929683427155
           112.0400     -7.1400      692.115454530856
           112.0500     -7.1400      686.966031836146
           112.0600     -7.1400      685.970737157845
           112.0700     -7.1400      689.117265406855
           112.0800     -7.1400      695.880588175861
           112.0900     -7.1400      705.274584683363
           112.1000     -7.1400      715.960615954869
           112.1100     -7.1400      726.400244394015
           112.1200     -7.1400      735.033850385856
           112.1300     -7.1400      740.463689705728
           112.1400     -7.1400      741.619368535093
           112.1500     -7.1400      737.885853803586
           112.1600     -7.1400      729.178713259048
           112.1700     -7.1400      715.957715985476
           112.1800     -7.1400      699.177413582380
           112.1900     -7.1400      680.180930770243
           112.2000     -7.1400      660.549978475130
           112.2100     -7.1400      641.929229008932
           112.2200     -7.1400      625.846042667773
           112.2300     -7.1400      613.546779650772
           112.2400     -7.1400      605.868572289505
           112.2500     -7.1400      603.160798433810
           112.2600     -7.1400      605.264197452307
           112.2700     -7.1400      611.548417021931
           112.2800     -7.1400      621.001679028458
           112.2900     -7.1400      632.360093272052
           112.3000     -7.1400      644.259681891303
           112.3100     -7.1400      655.391931687030
           112.3200     -7.1400      664.643900722169
           112.3300     -7.1400      671.206487633265
           112.3400     -7.1400      674.639043630876
           112.3500     -7.1400      674.884437732958
           112.3600     -7.1400      672.235183405823
           112.3700     -7.1400      667.257451203415
           112.3800     -7.1400      660.684933606001
           112.3900     -7.1400      653.297958340634
           112.4000     -7.1400      645.804565254404
           112.4100     -7.1400      638.739354330503
           112.4200     -7.1400      632.392958121560
           112.4300     -7.1400      626.780435335165
           112.4400     -7.1400      621.651369454459
           112.4500     -7.1400      616.538744928012
           112.4600     -7.1400      610.838530421151
           112.4700     -7.1400      603.907997270631
           112.4800     -7.1400      595.168633277424
           112.4900     -7.1400      584.199324637163
           112.5000     -7.1400      570.807246383068
           112.5100     -7.1400      555.067333833368
           112.5200     -7.1400      537.325793345605
           112.5300     -7.1400      518.168192269880
           112.5400     -7.1400      498.357532783911
           112.5500     -7.1400      478.751693656016
           112.5600     -7.1400      460.212184594152
           112.5700     -7.1400      443.516973346569
           112.5800     -7.1400      429.289139051304
           112.5900     -7.1400      417.950456189520
           112.6000     -7.1400      409.705130090069
           112.6100     -7.1400      404.554364298477
           112.6200     -7.1400      402.337905298288
           112.6300     -7.1400      402.794835807068
           112.6400     -7.1400      405.633228010332
           112.6500     -7.1400      410.597197519294
           112.6600     -7.1400      417.520560741151
           112.6700     -7.1400      426.358584401220
           112.6800     -7.1400      437.192881892442
           112.6900     -7.1400      450.208825853606
           112.7000     -7.1400      465.649267695366
           112.7100     -7.1400      483.752221264651
           112.7200     -7.1400      504.682893951336
           112.7300     -7.1400      528.471609891495
           112.7400     -7.1400      554.968566207914
           112.7500     -7.1400      583.824050180480
           112.7600     -7.1400      614.499030466833
           112.7700     -7.1400      646.306438534446
           112.7800     -7.1400      678.478638089293
           112.7900     -7.1400      710.252250563590
           112.8000     -7.1400      740.958322371534
           112.8100     -7.1400      770.104296628044
           112.8200     -7.1400      797.434676800218
           112.8300     -7.1400      822.959660228425
           112.8400     -7.1400      846.945112740902
           112.8500     -7.1400      869.862536874892
           112.8600     -7.1400      892.303453396142
           112.8700     -7.1400      914.868071831168
           112.8800     -7.1400      938.042486619441
           112.8900     -7.1400      962.081239429224
           112.9000     -7.1400      986.912490804670
           112.9100     -7.1400     1012.081086928917
           112.9200     -7.1400     1036.740647938838
           112.9300     -7.1400     1059.699906633560
           112.9400     -7.1400     1079.521607177717
           112.9500     -7.1400     1094.665213600331
           112.9600     -7.1400     1103.658410211245
           112.9700     -7.1400     1105.277761763900
           112.9800     -7.1400     1098.716613513721
           112.9900     -7.1400     1083.718740488035
           113.0000     -7.1400     1060.659448879500
           112.0000     -7.1500      761.458247679455
           112.0100     -7.1500      751.921006975060
           112.0200     -7.1500      741.578015806568
           112.0300     -7.1500      731.816920976630
           112.0400     -7.1500      723.946673814784
           112.0500     -7.1500      719.021150660980
           112.0600     -7.1500      717.694527214170
           112.0700     -7.1500      720.126614884581
           112.0800     -7.1500      725.950226100185
           112.0900     -7.1500      734.304982825469
           112.1000     -7.1500      743.933770043237
           112.1100     -7.1500      753.330285534444
           112.1200     -7.1500      760.919812418060
           112.1300     -7.1500      765.251225481447
           112.1400     -7.1500      765.176842548395
           112.1500     -7.1500      759.998213636535
           112.1600     -7.1500      749.560109030702
           112.1700     -7.1500      734.281294125216
           112.1800     -7.1500      715.118369465669
           112.1900     -7.1500      693.467049723621
           112.2000     -7.1500      671.012753134827
           112.2100     -7.1500      649.548354036089
           112.2200     -7.1500      630.780694118155
           112.2300     -7.1500      616.148517899196
           112.2400     -7.1500      606.672797902064
           112.2500     -7.1500      602.856194762315
           112.2600     -7.1500      604.642217502066
           112.2700     -7.1500      611.437306148839
           112.2800     -7.1500      622.191481822455
           112.2900     -7.1500      635.526340561603
           112.3000     -7.1500      649.893842546342
           112.3100     -7.1500      663.746193771372
           112.3200     -7.1500      675.696472483762
           112.3300     -7.1500      684.651533797055
           112.3400     -7.1500      689.902829167117
           112.3500     -7.1500      691.166524667199
           112.3600     -7.1500      688.570920256054
           112.3700     -7.1500      682.595797085062
           112.3800     -7.1500      673.974108795337
           112.3900     -7.1500      663.570673333326
           112.4000     -7.1500      652.254721096803
           112.4100     -7.1500      640.783098559830
           112.4200     -7.1500      629.708698857999
           112.4300     -7.1500      619.324658284715
           112.4400     -7.1500      609.649612481868
           112.4500     -7.1500      600.453582898278
           112.4600     -7.1500      591.318638864718
           112.4700     -7.1500      581.724066575747
           112.4800     -7.1500      571.142929967767
           112.4900     -7.1500      559.135959092209
           112.5000     -7.1500      545.429712020177
           112.5100     -7.1500      529.968721166303
           112.5200     -7.1500      512.935414747091
           112.5300     -7.1500      494.736390916709
           112.5400     -7.1500      475.958426723874
           112.5500     -7.1500      457.301752773753
           112.5600     -7.1500      439.501052368350
           112.5700     -7.1500      423.245971108485
           112.5800     -7.1500      409.112504436514
           112.5900     -7.1500      397.514572448471
           112.6000     -7.1500      388.681731593151
           112.6100     -7.1500      382.664830428350
           112.6200     -7.1500      379.367114753489
           112.6300     -7.1500      378.594463777990
           112.6400     -7.1500      380.115653808701
           112.6500     -7.1500      383.722202212672
           112.6600     -7.1500      389.277630430048
           112.6700     -7.1500      396.747847753062
           112.6800     -7.1500      406.207511408446
           112.6900     -7.1500      417.821185308867
           112.7000     -7.1500      431.802298924766
           112.7100     -7.1500      448.356662370091
           112.7200     -7.1500      467.620043969904
           112.7300     -7.1500      489.600624257961
           112.7400     -7.1500      514.136775232772
           112.7500     -7.1500      540.878589984659
           112.7600     -7.1500      569.298166361645
           112.7700     -7.1500      598.729303587945
           112.7800     -7.1500      628.432626401553
           112.7900     -7.1500      657.677893573883
           112.8000     -7.1500      685.832027900507
           112.8100     -7.1500      712.439744642458
           112.8200     -7.1500      737.283868675801
           112.8300     -7.1500      760.414572060620
           112.8400     -7.1500      782.140613413405
           112.8500     -7.1500      802.980746050854
           112.8600     -7.1500      823.579116926779
           112.8700     -7.1500      844.593929205987
           112.8800     -7.1500      866.573111165247
           112.8900     -7.1500      889.833550745666
           112.9000     -7.1500      914.361147079321
           112.9100     -7.1500      939.747298645227
           112.9200     -7.1500      965.173602186768
           112.9300     -7.1500      989.450891400352
           112.9400     -7.1500     1011.111972627054
           112.9500     -7.1500     1028.550366074929
           112.9600     -7.1500     1040.190954111413
           112.9700     -7.1500     1044.673540257185
           112.9800     -7.1500     1041.027633362981
           112.9900     -7.1500     1028.816725535528
           113.0000     -7.1500     1008.233034301760
           112.0000     -7.1600      790.492840985740
           112.0100     -7.1600      783.552505486483
           112.0200     -7.1600      774.843243327578
           112.0300     -7.1600      765.787999605634
           112.0400     -7.1600      757.802145507453
           112.0500     -7.1600      752.100188926458
           112.0600     -7.1600      749.529569646932
           112.0700     -7.1600      750.452312240671
           112.0800     -7.1600      754.689343064790
           112.0900     -7.1600      761.534483502169
           112.1000     -7.1600      769.836480421039
           112.1100     -7.1600      778.139002079125
           112.1200     -7.1600      784.861358458802
           112.1300     -7.1600      788.497683399772
           112.1400     -7.1600      787.810055032757
           112.1500     -7.1600      781.991797591347
           112.1600     -7.1600      770.780890522409
           112.1700     -7.1600      754.509537113593
           112.1800     -7.1600      734.083741794898
           112.1900     -7.1600      710.895238972918
           112.2000     -7.1600      686.676255215533
           112.2100     -7.1600      663.314373826990
           112.2200     -7.1600      642.649387931187
           112.2300     -7.1600      626.275935576126
           112.2400     -7.1600      615.374711552100
           112.2500     -7.1600      610.591312170489
           112.2600     -7.1600      611.975794981350
           112.2700     -7.1600      618.988598240094
           112.2800     -7.1600      630.570505742143
           112.2900     -7.1600      645.266849385124
           112.3000     -7.1600      661.390024574940
           112.3100     -7.1600      677.200371555380
           112.3200     -7.1600      691.083990364192
           112.3300     -7.1600      701.707222145794
           112.3400     -7.1600      708.131123774046
           112.3500     -7.1600      709.874765565978
           112.3600     -7.1600      706.922846574875
           112.3700     -7.1600      699.680076309531
           112.3800     -7.1600      688.881132633806
           112.3900     -7.1600      675.469992569065
           112.4000     -7.1600      660.465465496017
           112.4100     -7.1600      644.830526210462
           112.4200     -7.1600      629.361540092103
           112.4300     -7.1600      614.609980690001
           112.4400     -7.1600      600.844296385850
           112.4500     -7.1600      588.053893706947
           112.4600     -7.1600      575.991549477358
           112.4700     -7.1600      564.245688988418
           112.4800     -7.1600      552.330488502209
           112.4900     -7.1600      539.780084048985
           112.5000     -7.1600      526.233443257409
           112.5100     -7.1600      511.498561269897
           112.5200     -7.1600      495.588208319699
           112.5300     -7.1600      478.723929549843
           112.5400     -7.1600      461.309714761441
           112.5500     -7.1600      443.881042519506
           112.5600     -7.1600      427.038267025515
           112.5700     -7.1600      411.375127904969
           112.5800     -7.1600      397.413312500895
           112.5900     -7.1600      385.552521609544
           112.6000     -7.1600      376.042651283275
           112.6100     -7.1600      368.980965214390
           112.6200     -7.1600      364.333076166039
           112.6300     -7.1600      361.972798930221
           112.6400     -7.1600      361.733045382479
           112.6500     -7.1600      363.458332824130
           112.6600     -7.1600      367.049401221982
           112.6700     -7.1600      372.491884452692
           112.6800     -7.1600      379.863726858869
           112.6900     -7.1600      389.319654959718
           112.7000     -7.1600      401.054946720179
           112.7100     -7.1600      415.254376866345
           112.7200     -7.1600      432.034983449124
           112.7300     -7.1600      451.392748084147
           112.7400     -7.1600      473.163150877281
           112.7500     -7.1600      497.003824257372
           112.7600     -7.1600      522.404401867764
           112.7700     -7.1600      548.724567979619
           112.7800     -7.1600      575.256845147316
           112.7900     -7.1600      601.306474097941
           112.8000     -7.1600      626.277482681743
           112.8100     -7.1600      649.752240593073
           112.8200     -7.1600      671.551792009995
           112.8300     -7.1600      691.766141131383
           112.8400     -7.1600      710.747259650340
           112.8500     -7.1600      729.062462185460
           112.8600     -7.1600      747.411326763565
           112.8700     -7.1600      766.514774356929
           112.8800     -7.1600      786.989496668226
           112.8900     -7.1600      809.223953678814
           112.9000     -7.1600      833.273154199125
           112.9100     -7.1600      858.788144259472
           112.9200     -7.1600      884.992620088752
           112.9300     -7.1600      910.713717373748
           112.9400     -7.1600      934.467432970280
           112.9500     -7.1600      954.592124414700
           112.9600     -7.1600      969.417007812477
           112.9700     -7.1600      977.447406542540
           112.9800     -7.1600      977.545415693785
           112.9900     -7.1600      969.084117862077
           113.0000     -7.1600      952.055676627378
           112.0000     -7.1700      822.255605981311
           112.0100     -7.1700      816.813205163723
           112.0200     -7.1700      808.697725553394
           112.0300     -7.1700      799.383129381694
           112.0400     -7.1700      790.406708262374
           112.0500     -7.1700      783.159808064307
           112.0600     -7.1700      778.700534318261
           112.0700     -7.1700      777.611640589019
           112.0800     -7.1700      779.921089272758
           112.0900     -7.1700      785.094926685333
           112.1000     -7.1700      792.103110907612
           112.1100     -7.1700      799.549889906529
           112.1200     -7.1700      805.852366570927
           112.1300     -7.1700      809.444984114345
           112.1400     -7.1700      808.984536413059
           112.1500     -7.1700      803.530321159931
           112.1600     -7.1700      792.677185107341
           112.1700     -7.1700      776.625050025248
           112.1800     -7.1700      756.176313566110
           112.1900     -7.1700      732.661313086743
           112.2000     -7.1700      707.800732658195
           112.2100     -7.1700      683.521358899217
           112.2200     -7.1700      661.747042018872
           112.2300     -7.1700      644.189454936031
           112.2400     -7.1700      632.162970308483
           112.2500     -7.1700      626.444773697310
           112.2600     -7.1700      627.195642223391
           112.2700     -7.1700      633.949382769301
           112.2800     -7.1700      645.670684784941
           112.2900     -7.1700      660.873123343603
           112.3000     -7.1700      677.782222628752
           112.3100     -7.1700      694.523663028319
           112.3200     -7.1700      709.314423960262
           112.3300     -7.1700      720.635108417365
           112.3400     -7.1700      727.364755901903
           112.3500     -7.1700      728.864658590386
           112.3600     -7.1700      725.004336899104
           112.3700     -7.1700      716.130032925181
           112.3800     -7.1700      702.982928518309
           112.3900     -7.1700      686.579948891449
           112.4000     -7.1700      668.073812578957
           112.4100     -7.1700      648.610533226531
           112.4200     -7.1700      629.201769851450
           112.4300     -7.1700      610.626467309851
           112.4400     -7.1700      593.371604072467
           112.4500     -7.1700      577.616244265329
           112.4600     -7.1700      563.257252384694
           112.4700     -7.1700      549.969746322255
           112.4800     -7.1700      537.291306199952
           112.4900     -7.1700      524.716601139821
           112.5000     -7.1700      511.788673474350
           112.5100     -7.1700      498.174589476287
           112.5200     -7.1700      483.716231143618
           112.5300     -7.1700      468.451161974759
           112.5400     -7.1700      452.603117426096
           112.5500     -7.1700      436.546075495238
           112.5600     -7.1700      420.749438299466
           112.5700     -7.1700      405.714126002263
           112.5800     -7.1700      391.910078023990
           112.5900     -7.1700      379.724737867027
           112.6000     -7.1700      369.429767323278
           112.6100     -7.1700      361.169894644219
           112.6200     -7.1700      354.973989375310
           112.6300     -7.1700      350.784771232503
           112.6400     -7.1700      348.500567797929
           112.6500     -7.1700      348.020688210771
           112.6600     -7.1700      349.285550180399
           112.6700     -7.1700      352.303739857948
           112.6800     -7.1700      357.160527119907
           112.6900     -7.1700      364.005631794963
           112.7000     -7.1700      373.021723917694
           112.7100     -7.1700      384.378659702521
           112.7200     -7.1700      398.181239715506
           112.7300     -7.1700      414.419865204298
           112.7400     -7.1700      432.933575120665
           112.7500     -7.1700      453.393502313004
           112.7600     -7.1700      475.311959405770
           112.7700     -7.1700      498.078534895383
           112.7800     -7.1700      521.020294054890
           112.7900     -7.1700      543.479071834723
           112.8000     -7.1700      564.895548638948
           112.8100     -7.1700      584.887853060300
           112.8200     -7.1700      603.312201474751
           112.8300     -7.1700      620.294692281738
           112.8400     -7.1700      636.226691500527
           112.8500     -7.1700      651.720894112247
           112.8600     -7.1700      667.530533232261
           112.8700     -7.1700      684.439616763271
           112.8800     -7.1700      703.136742732916
           112.8900     -7.1700      724.088291953814
           112.9000     -7.1700      747.428097044376
           112.9100     -7.1700      772.879760262117
           112.9200     -7.1700      799.724648999195
           112.9300     -7.1700      826.823546171982
           112.9400     -7.1700      852.693550036017
           112.9500     -7.1700      875.634881043707
           112.9600     -7.1700      893.895642359835
           112.9700     -7.1700      905.857165658929
           112.9800     -7.1700      910.219100113740
           112.9900     -7.1700      906.162388835313
           113.0000     -7.1700      893.469941675605
           112.0000     -7.1800      853.363376896666
           112.0100     -7.1800      848.411182463054
           112.0200     -7.1800      839.999516783208
           112.0300     -7.1800      829.662387143891
           112.0400     -7.1800      819.065107906936
           112.0500     -7.1800      809.780702286780
           112.0600     -7.1800      803.082864794328
           112.0700     -7.1800      799.780902268742
           112.0800     -7.1800      800.116690144200
           112.0900     -7.1800      803.735874109848
           112.1000     -7.1800      809.736291320861
           112.1100     -7.1800      816.787029063204
           112.1200     -7.1800      823.302861291140
           112.1300     -7.1800      827.652066876471
           112.1400     -7.1800      828.371651930855
           112.1500     -7.1800      824.363239200588
           112.1600     -7.1800      815.045415142057
           112.1700     -7.1800      800.443798133508
           112.1800     -7.1800      781.207807486110
           112.1900     -7.1800      758.552101410597
           112.2000     -7.1800      734.129796176190
           112.2100     -7.1800      709.852756419253
           112.2200     -7.1800      687.680470090998
           112.2300     -7.1800      669.402557932799
           112.2400     -7.1800      656.440425916061
           112.2500     -7.1800      649.690944525999
           112.2600     -7.1800      649.429705674870
           112.2700     -7.1800      655.284067720309
           112.2800     -7.1800      666.277786434854
           112.2900     -7.1800      680.940592501957
           112.3000     -7.1800      697.468641919794
           112.3100     -7.1800      713.916214671197
           112.3200     -7.1800      728.395995103987
           112.3300     -7.1800      739.265034178831
           112.3400     -7.1800      745.276012717111
           112.3500     -7.1800      745.678299898907
           112.3600     -7.1800      740.259855517982
           112.3700     -7.1800      729.328393011480
           112.3800     -7.1800      713.637464870858
           112.3900     -7.1800      694.269362176047
           112.4000     -7.1800      672.491204361217
           112.4100     -7.1800      649.602849884145
           112.4200     -7.1800      626.795100206749
           112.4300     -7.1800      605.034229702173
           112.4400     -7.1800      584.984570539614
           112.4500     -7.1800      566.975354247797
           112.4600     -7.1800      551.012031383995
           112.4700     -7.1800      536.826653646017
           112.4800     -7.1800      523.957324586669
           112.4900     -7.1800      511.843749518991
           112.5000     -7.1800      499.924848130079
           112.5100     -7.1800      487.725270958408
           112.5200     -7.1800      474.920255209849
           112.5300     -7.1800      461.372115152204
           112.5400     -7.1800      447.136183213426
           112.5500     -7.1800      432.438531428348
           112.5600     -7.1800      417.631671478522
           112.5700     -7.1800      403.137136675385
           112.5800     -7.1800      389.385060213279
           112.5900     -7.1800      376.760478988117
           112.6000     -7.1800      365.564245550480
           112.6100     -7.1800      355.993466673670
           112.6200     -7.1800      348.142804309647
           112.6300     -7.1800      342.024349911819
           112.6400     -7.1800      337.600684063972
           112.6500     -7.1800      334.823635380773
           112.6600     -7.1800      333.670469117687
           112.6700     -7.1800      334.169873435396
           112.6800     -7.1800      336.412055183299
           112.6900     -7.1800      340.540189858769
           112.7000     -7.1800      346.723919644356
           112.7100     -7.1800      355.119002777524
           112.7200     -7.1800      365.820030272275
           112.7300     -7.1800      378.814869365226
           112.7400     -7.1800      393.949850644336
           112.7500     -7.1800      410.913578224118
           112.7600     -7.1800      429.244727833959
           112.7700     -7.1800      448.365639959065
           112.7800     -7.1800      467.639419225672
           112.7900     -7.1800      486.444223421024
           112.8000     -7.1800      504.255087237849
           112.8100     -7.1800      520.721522692681
           112.8200     -7.1800      535.728657932127
           112.8300     -7.1800      549.430986778649
           112.8400     -7.1800      562.250818725892
           112.8500     -7.1800      574.837909389071
           112.8600     -7.1800      587.991968987194
           112.8700     -7.1800      602.555102416515
           112.8800     -7.1800      619.285987644023
           112.8900     -7.1800      638.731056863022
           112.9000     -7.1800      661.109560520815
           112.9100     -7.1800      686.228847914184
           112.9200     -7.1800      713.443448108478
           112.9300     -7.1800      741.666834510487
           112.9400     -7.1800      769.438629540345
           112.9500     -7.1800      795.043186935243
           112.9600     -7.1800      816.668832652578
           112.9700     -7.1800      832.591416323631
           112.9800     -7.1800      841.361986461575
           112.9900     -7.1800      841.976911324685
           113.0000     -7.1800      834.009896785879
           112.0000     -7.1900      880.944690503153
           112.0100     -7.1900      875.656065709992
           112.0200     -7.1900      866.283356740878
           112.0300     -7.1900      854.421106520373
           112.0400     -7.1900      841.857914875253
           112.0500     -7.1900      830.340921723663
           112.0600     -7.1900      821.351232862379
           112.0700     -7.1900      815.917633582160
           112.0800     -7.1900      814.490960476304
           112.0900     -7.1900      816.893835085181
           112.1000     -7.1900      822.351065207482
           112.1100     -7.1900      829.596057979298
           112.1200     -7.1900      837.039290765004
           112.1300     -7.1900      842.977387011407
           112.1400     -7.1900      845.816548080004
           112.1500     -7.1900      844.282560489603
           112.1600     -7.1900      837.591484773858
           112.1700     -7.1900      825.560168191360
           112.1800     -7.1900      808.643254810640
           112.1900     -7.1900      787.892439608428
           112.2000     -7.1900      764.843197113515
           112.2100     -7.1900      741.342943537360
           112.2200     -7.1900      719.341507768480
           112.2300     -7.1900      700.669073610349
           112.2400     -7.1900      686.827932421556
           112.2500     -7.1900      678.822361851510
           112.2600     -7.1900      677.046027871888
           112.2700     -7.1900      681.239149286514
           112.2800     -7.1900      690.519184169298
           112.2900     -7.1900      703.480057194247
           112.3000     -7.1900      718.347014904416
           112.3100     -7.1900      733.168017166991
           112.3200     -7.1900      746.018852447356
           112.3300     -7.1900      755.198285578981
           112.3400     -7.1900      759.391531515757
           112.3500     -7.1900      757.784864505209
           112.3600     -7.1900      750.120583203602
           112.3700     -7.1900      736.689007406990
           112.3800     -7.1900      718.261728512884
           112.3900     -7.1900      695.977042234623
           112.4000     -7.1900      671.193565608123
           112.4100     -7.1900      645.330922542666
           112.4200     -7.1900      619.716812189150
           112.4300     -7.1900      595.457811849895
           112.4400     -7.1900      573.347272016655
           112.4500     -7.1900      553.818240271729
           112.4600     -7.1900      536.943264582310
           112.4700     -7.1900      522.476987893600
           112.4800     -7.1900      509.932411187391
           112.4900     -7.1900      498.678173868135
           112.5000     -7.1900      488.042553836144
           112.5100     -7.1900      477.410232365830
           112.5200     -7.1900      466.300037036262
           112.5300     -7.1900      454.415467406306
           112.5400     -7.1900      441.664246989549
           112.5500     -7.1900      428.147767469157
           112.5600     -7.1900      414.125440186857
           112.5700     -7.1900      399.962087060517
           112.5800     -7.1900      386.068202215480
           112.5900     -7.1900      372.843031619842
           112.6000     -7.1900      360.629022307295
           112.6100     -7.1900      349.683575159601
           112.6200     -7.1900      340.170655042712
           112.6300     -7.1900      332.171226252756
           112.6400     -7.1900      325.708259712820
           112.6500     -7.1900      320.779699506392
           112.6600     -7.1900      317.391633836291
           112.6700     -7.1900      315.584147778135
           112.6800     -7.1900      315.443883798089
           112.6900     -7.1900      317.099936287718
           112.7000     -7.1900      320.702928537558
           112.7100     -7.1900      326.390435114958
           112.7200     -7.1900      334.244770603264
           112.7300     -7.1900      344.251082317419
           112.7400     -7.1900      356.264313937786
           112.7500     -7.1900      369.992796680682
           112.7600     -7.1900      385.004042949547
           112.7700     -7.1900      400.755048112074
           112.7800     -7.1900      416.645511268592
           112.7900     -7.1900      432.088442230133
           112.8000     -7.1900      446.589238316775
           112.8100     -7.1900      459.822043316041
           112.8200     -7.1900      471.691454604426
           112.8300     -7.1900      482.368630637606
           112.8400     -7.1900      492.293534520903
           112.8500     -7.1900      502.139147724229
           112.8600     -7.1900      512.738502004486
           112.8700     -7.1900      524.980653261593
           112.8800     -7.1900      539.686535250151
           112.8900     -7.1900      557.479289474577
           112.9000     -7.1900      578.665601852937
           112.9100     -7.1900      603.144427391190
           112.9200     -7.1900      630.357157566473
           112.9300     -7.1900      659.288976299064
           112.9400     -7.1900      688.525326984224
           112.9500     -7.1900      716.360762651249
           112.9600     -7.1900      740.950797587690
           112.9700     -7.1900      760.491577022279
           112.9800     -7.1900      773.408007367705
           112.9900     -7.1900      778.529035122465
           113.0000     -7.1900      775.229354070509
           112.0000     -7.2000      902.814875842978
           112.0100     -7.2000      896.619077765859
           112.0200     -7.2000      885.902522824591
           112.0300     -7.2000      872.310983869311
           112.0400     -7.2000      857.740060334581
           112.0500     -7.2000      844.090849433683
           112.0600     -7.2000      833.030854501442
           112.0700     -7.2000      825.789047757625
           112.0800     -7.2000      823.009506107400
           112.0900     -7.2000      824.680612213661
           112.1000     -7.2000      830.147392816438
           112.1100     -7.2000      838.204323297973
           112.1200     -7.2000      847.256123673692
           112.1300     -7.2000      855.525902364612
           112.1400     -7.2000      861.284452952389
           112.1500     -7.2000      863.072225743530
           112.1600     -7.2000      859.886721161360
           112.1700     -7.2000      851.312591997418
           112.1800     -7.2000      837.578997260832
           112.1900     -7.2000      819.537796469058
           112.2000     -7.2000      798.565877020986
           112.2100     -7.2000      776.404071695171
           112.2200     -7.2000      754.952635938838
           112.2300     -7.2000      736.048224112763
           112.2400     -7.2000      721.249166737558
           112.2500     -7.2000      711.654435607769
           112.2600     -7.2000      707.777225300621
           112.2700     -7.2000      709.487182710801
           112.2800     -7.2000      716.026872949478
           112.2900     -7.2000      726.099143465235
           112.3000     -7.2000      738.013737236349
           112.3100     -7.2000      749.874807202766
           112.3200     -7.2000      759.786671207578
           112.3300     -7.2000      766.053678788006
           112.3400     -7.2000      767.351533820686
           112.3500     -7.2000      762.851559893857
           112.3600     -7.2000      752.285615751809
           112.3700     -7.2000      735.946834700924
           112.3800     -7.2000      714.629115344937
           112.3900     -7.2000      689.515369152574
           112.4000     -7.2000      662.030089084342
           112.4100     -7.2000      633.675219758262
           112.4200     -7.2000      605.869252870789
           112.4300     -7.2000      579.807935656695
           112.4400     -7.2000      556.361272461689
           112.4500     -7.2000      536.016190083041
           112.4600     -7.2000      518.868075884603
           112.4700     -7.2000      504.658208937104
           112.4800     -7.2000      492.848679216953
           112.4900     -7.2000      482.722382530739
           112.5000     -7.2000      473.493526999724
           112.5100     -7.2000      464.413962831600
           112.5200     -7.2000      454.862445670396
           112.5300     -7.2000      444.407308481558
           112.5400     -7.2000      432.837398311578
           112.5500     -7.2000      420.160872892454
           112.5600     -7.2000      406.575873246599
           112.5700     -7.2000      392.420595974375
           112.5800     -7.2000      378.112444731397
           112.5900     -7.2000      364.086519827883
           112.6000     -7.2000      350.742720058913
           112.6100     -7.2000      338.408420332156
           112.6200     -7.2000      327.320474981962
           112.6300     -7.2000      317.626719069199
           112.6400     -7.2000      309.403771821683
           112.6500     -7.2000      302.685309638776
           112.6600     -7.2000      297.493464886573
           112.6700     -7.2000      293.865831050784
           112.6800     -7.2000      291.871711933201
           112.6900     -7.2000      291.613530145149
           112.7000     -7.2000      293.212320315267
           112.7100     -7.2000      296.779471748927
           112.7200     -7.2000      302.379811693781
           112.7300     -7.2000      309.993236050528
           112.7400     -7.2000      319.483022343061
           112.7500     -7.2000      330.578503200073
           112.7600     -7.2000      342.877953985295
           112.7700     -7.2000      355.874587356443
           112.7800     -7.2000      369.004867757577
           112.7900     -7.2000      381.714505297659
           112.8000     -7.2000      393.534056332384
           112.8100     -7.2000      404.153605702066
           112.8200     -7.2000      413.484970710515
           112.8300     -7.2000      421.700498038783
           112.8400     -7.2000      429.239837748298
           112.8500     -7.2000      436.779845245791
           112.8600     -7.2000      445.167533457409
           112.8700     -7.2000      455.321158305057
           112.8800     -7.2000      468.109369642146
           112.8900     -7.2000      484.222204321352
           112.9000     -7.2000      504.049950198535
           112.9100     -7.2000      527.586171779428
           112.9200     -7.2000      554.369313693446
           112.9300     -7.2000      583.473422078796
           112.9400     -7.2000      613.553054270323
           112.9500     -7.2000      642.941020164875
           112.9600     -7.2000      669.791002070102
           112.9700     -7.2000      692.251173744612
           112.9800     -7.2000      708.650467288647
           112.9900     -7.2000      717.676741301928
           113.0000     -7.2000      718.526161694099
           112.0000     -7.2100      917.568713725415
           112.0100     -7.2100      910.202986663483
           112.0200     -7.2100      898.074870695226
           112.0300     -7.2100      882.861744109535
           112.0400     -7.2100      866.538486797909
           112.0500     -7.2100      851.128064496123
           112.0600     -7.2100      838.451657243964
           112.0700     -7.2100      829.908409699554
           112.0800     -7.2100      826.310921740252
           112.0900     -7.2100      827.795511728762
           112.1000     -7.2100      833.816967007889
           112.1100     -7.2100      843.227107349299
           112.1200     -7.2100      854.426308041093
           112.1300     -7.2100      865.568401687543
           112.1400     -7.2100      874.793151231510
           112.1500     -7.2100      880.457491195959
           112.1600     -7.2100      881.337293628810
           112.1700     -7.2100      876.775412462115
           112.1800     -7.2100      866.758656594974
           112.1900     -7.2100      851.915250693087
           112.2000     -7.2100      833.434141835313
           112.2100     -7.2100      812.916985912214
           112.2200     -7.2100      792.181645699753
           112.2300     -7.2100      773.041599704961
           112.2400     -7.2100      757.088160096356
           112.2500     -7.2100      745.501581534115
           112.2600     -7.2100      738.913175724563
           112.2700     -7.2100      737.333978954955
           112.2800     -7.2100      740.157210516859
           112.2900     -7.2100      746.232763563465
           112.3000     -7.2100      754.003402118632
           112.3100     -7.2100      761.685235007671
           112.3200     -7.2100      767.470229451011
           112.3300     -7.2100      769.726539288049
           112.3400     -7.2100      767.173418037000
           112.3500     -7.2100      759.011254448252
           112.3600     -7.2100      744.993259925740
           112.3700     -7.2100      725.432746007675
           112.3800     -7.2100      701.147798308271
           112.3900     -7.2100      673.352497487207
           112.4000     -7.2100      643.509773350936
           112.4100     -7.2100      613.164827859232
           112.4200     -7.2100      583.779435568265
           112.4300     -7.2100      556.586260978870
           112.4400     -7.2100      532.478879451377
           112.4500     -7.2100      511.947988346432
           112.4600     -7.2100      495.068083815396
           112.4700     -7.2100      481.532489322801
           112.4800     -7.2100      470.728873396862
           112.4900     -7.2100      461.842985043852
           112.5000     -7.2100      453.975758058433
           112.5100     -7.2100      446.258419798248
           112.5200     -7.2100      437.951733494199
           112.5300     -7.2100      428.518690182888
           112.5400     -7.2100      417.664321280084
           112.5500     -7.2100      405.341169811451
           112.5600     -7.2100      391.723645750934
           112.5700     -7.2100      377.158367440266
           112.5800     -7.2100      362.100170034683
           112.5900     -7.2100      347.044463078970
           112.6000     -7.2100      332.465999672894
           112.6100     -7.2100      318.772070342914
           112.6200     -7.2100      306.275044824460
           112.6300     -7.2100      295.185578580795
           112.6400     -7.2100      285.624256543036
           112.6500     -7.2100      277.646510857507
           112.6600     -7.2100      271.273757266249
           112.6700     -7.2100      266.523107543783
           112.6800     -7.2100      263.428785564976
           112.6900     -7.2100      262.050341269194
           112.7000     -7.2100      262.465573143790
           112.7100     -7.2100      264.749257403712
           112.7200     -7.2100      268.941804365606
           112.7300     -7.2100      275.014307318757
           112.7400     -7.2100      282.837706922785
           112.7500     -7.2100      292.163721667411
           112.7600     -7.2100      302.623754903539
           112.7700     -7.2100      313.749359223496
           112.7800     -7.2100      325.014390033170
           112.7900     -7.2100      335.895223930593
           112.8000     -7.2100      345.941934176009
           112.8100     -7.2100      354.850668910829
           112.8200     -7.2100      362.526130961115
           112.8300     -7.2100      369.123301615904
           112.8400     -7.2100      375.059453881803
           112.8500     -7.2100      380.990892718393
           112.8600     -7.2100      387.753345382753
           112.8700     -7.2100      396.269931930476
           112.8800     -7.2100      407.435498775587
           112.8900     -7.2100      421.990109323789
           112.9000     -7.2100      440.397050391539
           112.9100     -7.2100      462.741396571785
           112.9200     -7.2100      488.663778043379
           112.9300     -7.2100      517.340593676431
           112.9400     -7.2100      547.516845822360
           112.9500     -7.2100      577.591626465004
           112.9600     -7.2100      605.749803090524
           112.9700     -7.2100      630.127455860440
           112.9800     -7.2100      648.993891545963
           112.9900     -7.2100      660.930253062712
           113.0000     -7.2100      664.984279532537
           112.0000     -7.2200      924.590821651998
           112.0100     -7.2200      916.124009952358
           112.0200     -7.2200      902.837021834269
           112.0300     -7.2200      886.409208389288
           112.0400     -7.2200      868.856550679126
           112.0500     -7.2200      852.281375063427
           112.0600     -7.2200      838.616018945766
           112.0700     -7.2200      829.391230452885
           112.0800     -7.2200      825.556720940014
           112.0900     -7.2200      827.374640241290
           112.1000     -7.2200      834.397656203852
           112.1100     -7.2200      845.532928067303
           112.1200     -7.2200      859.182851451891
           112.1300     -7.2200      873.444292853643
           112.1400     -7.2200      886.341226542360
           112.1500     -7.2200      896.062036399398
           112.1600     -7.2200      901.172651103846
           112.1700     -7.2200      900.780101973366
           112.1800     -7.2200      894.627555720151
           112.1900     -7.2200      883.110539197295
           112.2000     -7.2200      867.213841766365
           112.2100     -7.2200      848.378237008880
           112.2200     -7.2200      828.314527352181
           112.2300     -7.2200      808.788481232449
           112.2400     -7.2200      791.403302452359
           112.2500     -7.2200      777.406027975867
           112.2600     -7.2200      767.540791218253
           112.2700     -7.2200      761.965705671630
           112.2800     -7.2200      760.242037169109
           112.2900     -7.2200      761.395378436842
           112.3000     -7.2200      764.039836940280
           112.3100     -7.2200      766.548859115124
           112.3200     -7.2200      767.251115026429
           112.3300     -7.2200      764.627438279831
           112.3400     -7.2200      757.485378994423
           112.3500     -7.2200      745.091327829053
           112.3600     -7.2200      727.245903311040
           112.3700     -7.2200      704.295584228005
           112.3800     -7.2200      677.081464542368
           112.3900     -7.2200      646.833515115614
           112.4000     -7.2200      615.024940164934
           112.4100     -7.2200      583.205396227796
           112.4200     -7.2200      552.833555706593
           112.4300     -7.2200      525.128629889921
           112.4400     -7.2200      500.957231521745
           112.4500     -7.2200      480.766859558637
           112.4600     -7.2200      464.571050115217
           112.4700     -7.2200      451.984695092602
           112.4800     -7.2200      442.302024719260
           112.4900     -7.2200      434.605018060097
           112.5000     -7.2200      427.887085493889
           112.5100     -7.2200      421.176038712281
           112.5200     -7.2200      413.641620576268
           112.5300     -7.2200      404.675929310478
           112.5400     -7.2200      393.939433997159
           112.5500     -7.2200      381.370287711479
           112.5600     -7.2200      367.159593066685
           112.5700     -7.2200      351.699498263380
           112.5800     -7.2200      335.513968262180
           112.5900     -7.2200      319.183453854144
           112.6000     -7.2200      303.274377536203
           112.6100     -7.2200      288.282517165074
           112.6200     -7.2200      274.596355746453
           112.6300     -7.2200      262.482790337394
           112.6400     -7.2200      252.093840593685
           112.6500     -7.2200      243.489740398063
           112.6600     -7.2200      236.671510319594
           112.6700     -7.2200      231.615106972922
           112.6800     -7.2200      228.299634515775
           112.6900     -7.2200      226.723773222243
           112.7000     -7.2200      226.907223195478
           112.7100     -7.2200      228.877123000152
           112.7200     -7.2200      232.642551072919
           112.7300     -7.2200      238.162823931105
           112.7400     -7.2200      245.316925640995
           112.7500     -7.2200      253.881746455939
           112.7600     -7.2200      263.525781955194
           112.7700     -7.2200      273.822669253978
           112.7800     -7.2200      284.285735652075
           112.7900     -7.2200      294.421084402373
           112.8000     -7.2200      303.793206001966
           112.8100     -7.2200      312.094250111426
           112.8200     -7.2200      319.206411502883
           112.8300     -7.2200      325.246707041395
           112.8400     -7.2200      330.584874118838
           112.8500     -7.2200      335.828093862562
           112.8600     -7.2200      341.770397009235
           112.8700     -7.2200      349.309421143182
           112.8800     -7.2200      359.338009669621
           112.8900     -7.2200      372.622296555734
           112.9000     -7.2200      389.680787954870
           112.9100     -7.2200      410.680062289039
           112.9200     -7.2200      435.361813034981
           112.9300     -7.2200      463.013063564810
           112.9400     -7.2200      492.486770550815
           112.9500     -7.2200      522.274222472582
           112.9600     -7.2200      550.624333134789
           112.9700     -7.2200      575.698919537590
           112.9800     -7.2200      595.748122037945
           112.9900     -7.2200      609.286942532196
           113.0000     -7.2200      615.252909561925
           112.0000     -7.2300      923.992207481561
           112.0100     -7.2300      914.816680721298
           112.0200     -7.2300      900.920085705364
           112.0300     -7.2300      883.945280167177
           112.0400     -7.2300      865.902506956459
           112.0500     -7.2300      848.922789239351
           112.0600     -7.2300      834.999854125407
           112.0700     -7.2300      825.751592733453
           112.0800     -7.2300      822.229340257182
           112.0900     -7.2300      824.797138488276
           112.1000     -7.2300      833.094409701278
           112.1100     -7.2300      846.085221473369
           112.1200     -7.2300      862.186827443129
           112.1300     -7.2300      879.460714723842
           112.1400     -7.2300      895.842116200583
           112.1500     -7.2300      909.379713335630
           112.1600     -7.2300      918.456534565054
           112.1700     -7.2300      921.965878840925
           112.1800     -7.2300      919.422059118533
           112.1900     -7.2300      910.994081596237
           112.2000     -7.2300      897.459990528428
           112.2100     -7.2300      880.089311076932
           112.2200     -7.2300      860.469619728279
           112.2300     -7.2300      840.299727296177
           112.2400     -7.2300      821.175521687744
           112.2500     -7.2300      804.394807236538
           112.2600     -7.2300      790.804528101903
           112.2700     -7.2300      780.708009328631
           112.2800     -7.2300      773.842063624172
           112.2900     -7.2300      769.425003044742
           112.3000     -7.2300      766.267875402851
           112.3100     -7.2300      762.933691348468
           112.3200     -7.2300      757.923925204882
           112.3300     -7.2300      749.868786231709
           112.3400     -7.2300      737.697940737367
           112.3500     -7.2300      720.771415452200
           112.3600     -7.2300      698.955869774683
           112.3700     -7.2300      672.638541601701
           112.3800     -7.2300      642.679014576741
           112.3900     -7.2300      610.306526164468
           112.4000     -7.2300      576.976902507287
           112.4100     -7.2300      544.207614461149
           112.4200     -7.2300      513.411417034846
           112.4300     -7.2300      485.748402870305
           112.4400     -7.2300      462.013244476860
           112.4500     -7.2300      442.569395678762
           112.4600     -7.2300      427.335776347190
           112.4700     -7.2300      415.824814036452
           112.4800     -7.2300      407.224519197859
           112.4900     -7.2300      400.512292799875
           112.5000     -7.2300      394.584984141252
           112.5100     -7.2300      388.388653852806
           112.5200     -7.2300      381.032585258473
           112.5300     -7.2300      371.875076978508
           112.5400     -7.2300      360.572953049326
           112.5500     -7.2300      347.091891564972
           112.5600     -7.2300      331.679875529739
           112.5700     -7.2300      314.810615709462
           112.5800     -7.2300      297.107111716031
           112.5900     -7.2300      279.257225950848
           112.6000     -7.2300      261.933105778490
           112.6100     -7.2300      245.724611704146
           112.6200     -7.2300      231.093926924048
           112.6300     -7.2300      218.354739175565
           112.6400     -7.2300      207.675394276830
           112.6500     -7.2300      199.101821420117
           112.6600     -7.2300      192.593340608049
           112.6700     -7.2300      188.063045880669
           112.6800     -7.2300      185.414474495397
           112.6900     -7.2300      184.567660885438
           112.7000     -7.2300      185.470166275279
           112.7100     -7.2300      188.091837604780
           112.7200     -7.2300      192.405353404955
           112.7300     -7.2300      198.357513738751
           112.7400     -7.2300      205.838246707860
           112.7500     -7.2300      214.655094353432
           112.7600     -7.2300      224.520355606549
           112.7700     -7.2300      235.056167399250
           112.7800     -7.2300      245.819868367465
           112.7900     -7.2300      256.348453176072
           112.8000     -7.2300      266.217335674892
           112.8100     -7.2300      275.105568421029
           112.8200     -7.2300      282.857628608229
           112.8300     -7.2300      289.531253745095
           112.8400     -7.2300      295.421776010561
           112.8500     -7.2300      301.055914658327
           112.8600     -7.2300      307.151764071831
           112.8700     -7.2300      314.546286380299
           112.8800     -7.2300      324.096370529047
           112.8900     -7.2300      336.563788069673
           112.9000     -7.2300      352.497530377485
           112.9100     -7.2300      372.128549413583
           112.9200     -7.2300      395.291541898656
           112.9300     -7.2300      421.386061529962
           112.9400     -7.2300      449.385127567769
           112.9500     -7.2300      477.894078265846
           112.9600     -7.2300      505.256343891375
           112.9700     -7.2300      529.696847464390
           112.9800     -7.2300      549.488656489026
           112.9900     -7.2300      563.124991995339
           113.0000     -7.2300      569.477257202316
           112.0000     -7.2400      916.487916227031
           112.0100     -7.2400      907.279568925536
           112.0200     -7.2400      893.567421014781
           112.0300     -7.2400      876.912535999006
           112.0400     -7.2400      859.266450712773
           112.0500     -7.2400      842.732938613666
           112.0600     -7.2400      829.313111047454
           112.0700     -7.2400      820.664598171023
           112.0800     -7.2400      817.903501694272
           112.0900     -7.2400      821.472300493415
           112.1000     -7.2400      831.088631381032
           112.1100     -7.2400      845.779904923083
           112.1200     -7.2400      863.998291535878
           112.1300     -7.2400      883.801008889306
           112.1400     -7.2400      903.073222633652
           112.1500     -7.2400      919.766142547267
           112.1600     -7.2400      932.121589857949
           112.1700     -7.2400      938.856532565180
           112.1800     -7.2400      939.286500590923
           112.1900     -7.2400      933.374678638892
           112.2000     -7.2400      921.702815349820
           112.2100     -7.2400      905.369703894831
           112.2200     -7.2400      885.831689780204
           112.2300     -7.2400      864.706390268802
           112.2400     -7.2400      843.564775401397
           112.2500     -7.2400      823.737531005864
           112.2600     -7.2400      806.159173428401
           112.2700     -7.2400      791.268089857237
           112.2800     -7.2400      778.973259702066
           112.2900     -7.2400      768.689843532594
           112.3000     -7.2400      759.437200873433
           112.3100     -7.2400      749.985293379671
           112.3200     -7.2400      739.029769697500
           112.3300     -7.2400      725.372971326992
           112.3400     -7.2400      708.087961323478
           112.3500     -7.2400      686.645401552263
           112.3600     -7.2400      660.988273071026
           112.3700     -7.2400      631.546334669742
           112.3800     -7.2400      599.189933838491
           112.3900     -7.2400      565.130330897966
           112.4000     -7.2400      530.780128216468
           112.4100     -7.2400      497.591937370635
           112.4200     -7.2400      466.895554408583
           112.4300     -7.2400      439.753453495374
           112.4400     -7.2400      416.851494111752
           112.4500     -7.2400      398.436816259384
           112.4600     -7.2400      384.308662362364
           112.4700     -7.2400      373.861149263672
           112.4800     -7.2400      366.170687327371
           112.4900     -7.2400      360.115594331670
           112.5000     -7.2400      354.512088048137
           112.5100     -7.2400      348.249618803794
           112.5200     -7.2400      340.409486917679
           112.5300     -7.2400      330.353655460897
           112.5400     -7.2400      317.775142345099
           112.5500     -7.2400      302.706704905459
           112.5600     -7.2400      285.489976875733
           112.5700     -7.2400      266.712059642873
           112.5800     -7.2400      247.120196394571
           112.5900     -7.2400      227.527148650074
           112.6000     -7.2400      208.720069015842
           112.6100     -7.2400      191.384097027372
           112.6200     -7.2400      176.048908154415
           112.6300     -7.2400      163.062515945504
           112.6400     -7.2400      152.592369848412
           112.6500     -7.2400      144.649833388739
           112.6600     -7.2400      139.131027746347
           112.6700     -7.2400      135.865197417052
           112.6800     -7.2400      134.661410024798
           112.6900     -7.2400      135.345527990883
           112.7000     -7.2400      137.781753649593
           112.7100     -7.2400      141.876239512176
           112.7200     -7.2400      147.563743596885
           112.7300     -7.2400      154.781531643732
           112.7400     -7.2400      163.437167168825
           112.7500     -7.2400      173.378094867370
           112.7600     -7.2400      184.370803807342
           112.7700     -7.2400      196.095859268074
           112.7800     -7.2400      208.162435326339
           112.7900     -7.2400      220.142566859878
           112.8000     -7.2400      231.621697004608
           112.8100     -7.2400      242.258799922179
           112.8200     -7.2400      251.846948080681
           112.8300     -7.2400      260.364089959701
           112.8400     -7.2400      268.004247778229
           112.8500     -7.2400      275.181352970170
           112.8600     -7.2400      282.501296160698
           112.8700     -7.2400      290.702057726419
           112.8800     -7.2400      300.566430938988
           112.8900     -7.2400      312.816202191416
           112.9000     -7.2400      328.000075096495
           112.9100     -7.2400      346.389583642701
           112.9200     -7.2400      367.897381351233
           112.9300     -7.2400      392.030501612894
           112.9400     -7.2400      417.887601850041
           112.9500     -7.2400      444.204222230161
           112.9600     -7.2400      469.444303206969
           112.9700     -7.2400      491.930339621296
           112.9800     -7.2400      509.999363477270
           112.9900     -7.2400      522.168140088093
           113.0000     -7.2400      527.289072655676
           112.0000     -7.2500      903.234829750210
           112.0100     -7.2500      894.884034983380
           112.0200     -7.2500      882.319237627425
           112.0300     -7.2500      866.970281866437
           112.0400     -7.2500      850.674009943371
           112.0500     -7.2500      835.449010989094
           112.0600     -7.2500      823.248797931632
           112.0700     -7.2500      815.723405693364
           112.0800     -7.2500      814.018052104610
           112.0900     -7.2500      818.632672709852
           112.1000     -7.2500      829.358467380937
           112.1100     -7.2500      845.298059340381
           112.1200     -7.2500      864.965662795527
           112.1300     -7.2500      886.454047493636
           112.1400     -7.2500      907.647249546032
           112.1500     -7.2500      926.452844440257
           112.1600     -7.2500      941.025757812387
           112.1700     -7.2500      949.957212574295
           112.1800     -7.2500      952.407235366771
           112.1900     -7.2500      948.166515998043
           112.2000     -7.2500      937.642370407849
           112.2100     -7.2500      921.772960439484
           112.2200     -7.2500      901.882597382434
           112.2300     -7.2500      879.497838952521
           112.2400     -7.2500      856.148363277489
           112.2500     -7.2500      833.177792974524
           112.2600     -7.2500      811.587667604777
           112.2700     -7.2500      791.932941996082
           112.2800     -7.2500      774.280390018722
           112.2900     -7.2500      758.233046688091
           112.3000     -7.2500      743.015391450181
           112.3100     -7.2500      727.606427538769
           112.3200     -7.2500      710.902076908687
           112.3300     -7.2500      691.885068198450
           112.3400     -7.2500      669.780096482840
           112.3500     -7.2500      644.174460228392
           112.3600     -7.2500      615.089257188595
           112.3700     -7.2500      582.992869315902
           112.3800     -7.2500      548.756000559082
           112.3900     -7.2500      513.554972946264
           112.4000     -7.2500      478.736393605563
           112.4100     -7.2500      445.660891493844
           112.4200     -7.2500      415.545852769748
           112.4300     -7.2500      389.326737469628
           112.4400     -7.2500      367.553751663923
           112.4500     -7.2500      350.335804379596
           112.4600     -7.2500      337.337471778228
           112.4700     -7.2500      327.827952163222
           112.4800     -7.2500      320.774598212573
           112.4900     -7.2500      314.968361169717
           112.5000     -7.2500      309.165007202550
           112.5100     -7.2500      302.224651208749
           112.5200     -7.2500      293.233088859969
           112.5300     -7.2500      281.591389770728
           112.5400     -7.2500      267.064780429356
           112.5500     -7.2500      249.787341764919
           112.5600     -7.2500      230.224721542951
           112.5700     -7.2500      209.102169067765
           112.5800     -7.2500      187.309095113067
           112.5900     -7.2500      165.793585649326
           112.6000     -7.2500      145.460636896589
           112.6100     -7.2500      127.086377008128
           112.6200     -7.2500      111.257489366062
           112.6300     -7.2500       98.340946705873
           112.6400     -7.2500       88.484622360168
           112.6500     -7.2500       81.645019497283
           112.6600     -7.2500       77.634850339694
           112.6700     -7.2500       76.180966381943
           112.6800     -7.2500       76.982450312945
           112.6900     -7.2500       79.759562945304
           112.7000     -7.2500       84.286496923794
           112.7100     -7.2500       90.404130521741
           112.7200     -7.2500       98.012671589811
           112.7300     -7.2500      107.047649830370
           112.7400     -7.2500      117.445601145280
           112.7500     -7.2500      129.107547726219
           112.7600     -7.2500      141.868743665670
           112.7700     -7.2500      155.482073559414
           112.7800     -7.2500      169.620127434561
           112.7900     -7.2500      183.897692856402
           112.8000     -7.2500      197.912711758717
           112.8100     -7.2500      211.300223099886
           112.8200     -7.2500      223.791016237499
           112.8300     -7.2500      235.265119759262
           112.8400     -7.2500      245.790144606122
           112.8500     -7.2500      255.635972275275
           112.8600     -7.2500      265.260180751476
           112.8700     -7.2500      275.262568856721
           112.8800     -7.2500      286.311641172224
           112.8900     -7.2500      299.050320310325
           112.9000     -7.2500      313.991820127227
           112.9100     -7.2500      331.418980951007
           112.9200     -7.2500      351.301035045257
           112.9300     -7.2500      373.240557568795
           112.9400     -7.2500      396.460338168303
           112.9500     -7.2500      419.835404296264
           112.9600     -7.2500      441.969976208547
           112.9700     -7.2500      461.313419108890
           112.9800     -7.2500      476.304022790220
           112.9900     -7.2500      485.525387024234
           113.0000     -7.2500      487.857891709433
           112.0000     -7.2600      885.650220064540
           112.0100     -7.2600      879.169541806187
           112.0200     -7.2600      868.789927968859
           112.0300     -7.2600      855.759698044390
           112.0400     -7.2600      841.745468170445
           112.0500     -7.2600      828.624215035606
           112.0600     -7.2600      818.249179943283
           112.0700     -7.2600      812.218402125875
           112.0800     -7.2600      811.674026363288
           112.0900     -7.2600      817.156437801259
           112.1000     -7.2600      828.530286970937
           112.1100     -7.2600      844.990483264605
           112.1200     -7.2600      865.146393971523
           112.1300     -7.2600      887.173017335676
           112.1400     -7.2600      909.009966764278
           112.1500     -7.2600      928.583665305579
           112.1600     -7.2600      944.025835561705
           112.1700     -7.2600      953.862411605631
           112.1800     -7.2600      957.151205202132
           112.1900     -7.2600      953.553445864189
           112.2000     -7.2600      943.332787793666
           112.2100     -7.2600      927.284446504241
           112.2200     -7.2600      906.605649382465
           112.2300     -7.2600      882.725503600501
           112.2400     -7.2600      857.116869444287
           112.2500     -7.2600      831.114367924698
           112.2600     -7.2600      805.761120526787
           112.2700     -7.2600      781.702478729774
           112.2800     -7.2600      759.138464128388
           112.2900     -7.2600      737.838784953235
           112.3000     -7.2600      717.216148978957
           112.3100     -7.2600      696.446199245233
           112.3200     -7.2600      674.616683158798
           112.3300     -7.2600      650.885119602601
           112.3400     -7.2600      624.623627842839
           112.3500     -7.2600      595.531742759773
           112.3600     -7.2600      563.702626043156
           112.3700     -7.2600      529.634451877901
           112.3800     -7.2600      494.186042518974
           112.3900     -7.2600      458.483097243078
           112.4000     -7.2600      423.787664633398
           112.4100     -7.2600      391.348063524755
           112.4200     -7.2600      362.248714648012
           112.4300     -7.2600      337.279062819807
           112.4400     -7.2600      316.838039880814
           112.4500     -7.2600      300.885745673113
           112.4600     -7.2600      288.947866014067
           112.4700     -7.2600      280.171623720265
           112.4800     -7.2600      273.425645259975
           112.4900     -7.2600      267.430834296955
           112.5000     -7.2600      260.905821824307
           112.5100     -7.2600      252.709213135649
           112.5200     -7.2600      241.961785436603
           112.5300     -7.2600      228.134818789533
           112.5400     -7.2600      211.095413262166
           112.5500     -7.2600      191.105302583956
           112.5600     -7.2600      168.775556393173
           112.5700     -7.2600      144.984900792527
           112.5800     -7.2600      120.773507812079
           112.5900     -7.2600       97.226518116593
           112.6000     -7.2600       75.362019585917
           112.6100     -7.2600       56.036727193020
           112.6200     -7.2600       39.879474632713
           112.6300     -7.2600       27.258326071596
           112.6400     -7.2600       18.282278283939
           112.6500     -7.2600       12.833831060650
           112.6600     -7.2600       10.624794926583
           112.6700     -7.2600       11.265087413760
           112.6800     -7.2600       14.333253025373
           112.6900     -7.2600       19.438103305801
           112.7000     -7.2600       26.263048173007
           112.7100     -7.2600       34.588002961335
           112.7200     -7.2600       44.287679194050
           112.7300     -7.2600       55.308997480543
           112.7400     -7.2600       67.633707013990
           112.7500     -7.2600       81.234563909240
           112.7600     -7.2600       96.034283138634
           112.7700     -7.2600      111.875821895026
           112.7800     -7.2600      128.510489392373
           112.7900     -7.2600      145.607233227514
           112.8000     -7.2600      162.782712016449
           112.8100     -7.2600      179.648006620412
           112.8200     -7.2600      195.864634383884
           112.8300     -7.2600      211.200421339746
           112.8400     -7.2600      225.575112711082
           112.8500     -7.2600      239.086512342403
           112.8600     -7.2600      252.010355734270
           112.8700     -7.2600      264.770734245411
           112.8800     -7.2600      277.882210607102
           112.8900     -7.2600      291.869190729997
           112.9000     -7.2600      307.172001929073
           112.9100     -7.2600      324.051886745302
           112.9200     -7.2600      342.508307563151
           112.9300     -7.2600      362.221328952826
           112.9400     -7.2600      382.529405460636
           112.9500     -7.2600      402.448906492971
           112.9600     -7.2600      420.736633529901
           112.9700     -7.2600      435.991067920291
           112.9800     -7.2600      446.782850364475
           112.9900     -7.2600      451.800741597883
           113.0000     -7.2600      449.996643667209
           112.0000     -7.2700      865.230740697869
           112.0100     -7.2700      861.647658949547
           112.0200     -7.2700      854.462137375994
           112.0300     -7.2700      844.693329961162
           112.0400     -7.2700      833.786158205484
           112.0500     -7.2700      823.424520797466
           112.0600     -7.2700      815.314114670010
           112.0700     -7.2700      810.962039911609
           112.0800     -7.2700      811.480421274361
           112.0900     -7.2700      817.437966550930
           112.1000     -7.2700      828.777157327725
           112.1100     -7.2700      844.806448076463
           112.1200     -7.2700      864.267502559223
           112.1300     -7.2700      885.468301896355
           112.1400     -7.2700      906.465058975862
           112.1500     -7.2700      925.270231486442
           112.1600     -7.2700      940.061204467029
           112.1700     -7.2700      949.364699007737
           112.1800     -7.2700      952.195534964728
           112.1900     -7.2700      948.134524694050
           112.2000     -7.2700      937.338178759969
           112.2100     -7.2700      920.481533982671
           112.2200     -7.2700      898.643667312112
           112.2300     -7.2700      873.152302606245
           112.2400     -7.2700      845.408516745820
           112.2500     -7.2700      816.714373125529
           112.2600     -7.2700      788.125184728497
           112.2700     -7.2700      760.344245039867
           112.2800     -7.2700      733.671817824380
           112.2900     -7.2700      708.012769495941
           112.3000     -7.2700      682.939441806160
           112.3100     -7.2700      657.799208691485
           112.3200     -7.2700      631.850549283281
           112.3300     -7.2700      604.408093168144
           112.3400     -7.2700      574.976346316013
           112.3500     -7.2700      543.353732209940
           112.3600     -7.2700      509.692881634224
           112.3700     -7.2700      474.509173726669
           112.3800     -7.2700      438.636549233496
           112.3900     -7.2700      403.136654904834
           112.4000     -7.2700      369.173519794301
           112.4100     -7.2700      337.870426068332
           112.4200     -7.2700      310.167866249183
           112.4300     -7.2700      286.701221933232
           112.4400     -7.2700      267.714128806866
           112.4500     -7.2700      253.018793456044
           112.4600     -7.2700      242.008439276646
           112.4700     -7.2700      233.720390336553
           112.4800     -7.2700      226.941922278257
           112.4900     -7.2700      220.345733642055
           112.5000     -7.2700      212.638376226383
           112.5100     -7.2700      202.703645367031
           112.5200     -7.2700      189.723896238903
           112.5300     -7.2700      173.265345693034
           112.5400     -7.2700      153.318194278883
           112.5500     -7.2700      130.288205831619
           112.5600     -7.2700      104.942440488020
           112.5700     -7.2700       78.317365353434
           112.5800     -7.2700       51.601868686708
           112.5900     -7.2700       26.010260616098
           112.6000     -7.2700        2.660880967094
           112.6100     -7.2700      -17.525549098246
           112.6200     -7.2700      -33.896935434738
           112.6300     -7.2700      -46.103790535070
           112.6400     -7.2700      -54.094926657332
           112.6500     -7.2700      -58.078651981264
           112.6600     -7.2700      -58.457548876961
           112.6700     -7.2700      -55.747894540940
           112.6800     -7.2700      -50.496101567131
           112.6900     -7.2700      -43.204092946590
           112.7000     -7.2700      -34.273415312822
           112.7100     -7.2700      -23.974494077043
           112.7200     -7.2700      -12.443273320946
           112.7300     -7.2700        0.296815572331
           112.7400     -7.2700       14.293422407749
           112.7500     -7.2700       29.613026934770
           112.7600     -7.2700       46.287871423645
           112.7700     -7.2700       64.271851372628
           112.7800     -7.2700       83.413380767239
           112.7900     -7.2700      103.450245744662
           112.8000     -7.2700      124.027678008476
           112.8100     -7.2700      144.736894918518
           112.8200     -7.2700      165.167774839169
           112.8300     -7.2700      184.966714472594
           112.8400     -7.2700      203.889462875212
           112.8500     -7.2700      221.839060546871
           112.8600     -7.2700      238.880917076168
           112.8700     -7.2700      255.230292292872
           112.8800     -7.2700      271.211560042272
           112.8900     -7.2700      287.193048526963
           112.9000     -7.2700      303.505326742481
           112.9100     -7.2700      320.353934654094
           112.9200     -7.2700      337.739245320458
           112.9300     -7.2700      355.396099515145
           112.9400     -7.2700      372.764002435812
           112.9500     -7.2700      388.995202694262
           112.9600     -7.2700      403.003300993494
           112.9700     -7.2700      413.549753176248
           112.9800     -7.2700      419.360434589239
           112.9900     -7.2700      419.260023999524
           113.0000     -7.2700      412.308963752610
           112.0000     -7.2800      843.388561145207
           112.0100     -7.2800      843.633164874615
           112.0200     -7.2800      840.517160861872
           112.0300     -7.2800      834.789137774766
           112.0400     -7.2800      827.628390163308
           112.0500     -7.2800      820.482414334345
           112.0600     -7.2800      814.870182073733
           112.0700     -7.2800      812.176393206502
           112.0800     -7.2800      813.462655417564
           112.0900     -7.2800      819.319031376907
           112.1000     -7.2800      829.773996539134
           112.1100     -7.2800      844.273290817670
           112.1200     -7.2800      861.729409121345
           112.1300     -7.2800      880.634677282532
           112.1400     -7.2800      899.223108095656
           112.1500     -7.2800      915.660483110275
           112.1600     -7.2800      928.239046048935
           112.1700     -7.2800      935.553157486753
           112.1800     -7.2800      936.635192899545
           112.1900     -7.2800      931.036436762906
           112.2000     -7.2800      918.844988751678
           112.2100     -7.2800      900.640794469237
           112.2200     -7.2800      877.395794479470
           112.2300     -7.2800      850.333850897467
           112.2400     -7.2800      820.769734228976
           112.2500     -7.2800      789.948486003677
           112.2600     -7.2800      758.905709907881
           112.2700     -7.2800      728.365944485531
           112.2800     -7.2800      698.690730334036
           112.2900     -7.2800      669.881068042035
           112.3000     -7.2800      641.631598358567
           112.3100     -7.2800      613.426993287739
           112.3200     -7.2800      584.665611163775
           112.3300     -7.2800      554.792127069078
           112.3400     -7.2800      523.420004465571
           112.3500     -7.2800      490.426394329042
           112.3600     -7.2800      456.006067538264
           112.3700     -7.2800      420.676741026204
           112.3800     -7.2800      385.234865415635
           112.3900     -7.2800      350.667704837775
           112.4000     -7.2800      318.033466383929
           112.4100     -7.2800      288.325556254527
           112.4200     -7.2800      262.339201294264
           112.4300     -7.2800      240.558416406845
           112.4400     -7.2800      223.078677879882
           112.4500     -7.2800      209.576045139348
           112.4600     -7.2800      199.327480102930
           112.4700     -7.2800      191.280536924868
           112.4800     -7.2800      184.164294338358
           112.4900     -7.2800      176.628190015459
           112.5000     -7.2800      167.391951501073
           112.5100     -7.2800      155.388525755442
           112.5200     -7.2800      139.882926061879
           112.5300     -7.2800      120.553076891594
           112.5400     -7.2800       97.523605139262
           112.5500     -7.2800       71.349447424472
           112.5600     -7.2800       42.952340524432
           112.5700     -7.2800       13.518936785912
           112.5800     -7.2800      -15.626276831420
           112.5900     -7.2800      -43.157418679684
           112.6000     -7.2800      -67.876590666785
           112.6100     -7.2800      -88.821286903163
           112.6200     -7.2800     -105.338279929685
           112.6300     -7.2800     -117.117140456493
           112.6400     -7.2800     -124.181954587088
           112.6500     -7.2800     -126.845179994432
           112.6600     -7.2800     -125.632222751545
           112.6700     -7.2800     -121.188629594622
           112.6800     -7.2800     -114.183379672896
           112.6900     -7.2800     -105.221470997476
           112.7000     -7.2800      -94.776933480175
           112.7100     -7.2800      -83.153904765721
           112.7200     -7.2800      -70.479006119583
           112.7300     -7.2800      -56.723593504925
           112.7400     -7.2800      -41.750194686580
           112.7500     -7.2800      -25.374167166405
           112.7600     -7.2800       -7.429763215404
           112.7700     -7.2800       12.170403486623
           112.7800     -7.2800       33.392039794125
           112.7900     -7.2800       56.058695918154
           112.8000     -7.2800       79.857003233750
           112.8100     -7.2800      104.366298712814
           112.8200     -7.2800      129.107348262315
           112.8300     -7.2800      153.601754496464
           112.8400     -7.2800      177.431808324269
           112.8500     -7.2800      200.290298085432
           112.8600     -7.2800      222.011176361564
           112.8700     -7.2800      242.574817823584
           112.8800     -7.2800      262.085484364154
           112.8900     -7.2800      280.722991650101
           112.9000     -7.2800      298.674808930022
           112.9100     -7.2800      316.058294546205
           112.9200     -7.2800      332.844943003269
           112.9300     -7.2800      348.799038362286
           112.9400     -7.2800      363.441841652297
           112.9500     -7.2800      376.049503635153
           112.9600     -7.2800      385.688642064322
           112.9700     -7.2800      391.288500438865
           112.9800     -7.2800      391.743480316060
           112.9900     -7.2800      386.035310869077
           113.0000     -7.2800      373.360824460845
           112.0000     -7.2900      821.316951918451
           112.0100     -7.2900      826.115321051043
           112.0200     -7.2900      827.715092953342
           112.0300     -7.2900      826.562455173001
           112.0400     -7.2900      823.537759805315
           112.0500     -7.2900      819.819596617674
           112.0600     -7.2900      816.711243121799
           112.0700     -7.2900      815.452435507530
           112.0800     -7.2900      817.040808172340
           112.0900     -7.2900      822.085651526341
           112.1000     -7.2900      830.712111339450
           112.1100     -7.2900      842.527224959463
           112.1200     -7.2900      856.651155120855
           112.1300     -7.2900      871.808685504619
           112.1400     -7.2900      886.468542826233
           112.1500     -7.2900      899.012346247303
           112.1600     -7.2900      907.911655869433
           112.1700     -7.2900      911.891073350316
           112.1800     -7.2900      910.057647855029
           112.1900     -7.2900      901.981606459274
           112.2000     -7.2900      887.719996359973
           112.2100     -7.2900      867.782313785503
           112.2200     -7.2900      843.044616238513
           112.2300     -7.2900      814.625012419819
           112.2400     -7.2900      783.737990065672
           112.2500     -7.2900      751.547220838034
           112.2600     -7.2900      719.036038833050
           112.2700     -7.2900      686.911836746218
           112.2800     -7.2900      655.555598877135
           112.2900     -7.2900      625.021394577918
           112.3000     -7.2900      595.083759436585
           112.3100     -7.2900      565.324416502171
           112.3200     -7.2900      535.244588804084
           112.3300     -7.2900      504.385899526387
           112.3400     -7.2900      472.441953453614
           112.3500     -7.2900      439.344232408481
           112.3600     -7.2900      405.309683841652
           112.3700     -7.2900      370.842811376087
           112.3800     -7.2900      336.691447407981
           112.3900     -7.2900      303.761841803946
           112.4000     -7.2900      273.004375084931
           112.4100     -7.2900      245.285347349530
           112.4200     -7.2900      221.262361875541
           112.4300     -7.2900      201.280548991184
           112.4400     -7.2900      185.304305904817
           112.4500     -7.2900      172.894708035362
           112.4600     -7.2900      163.236877159538
           112.4700     -7.2900      155.215144609075
           112.4800     -7.2900      147.527667416908
           112.4900     -7.2900      138.827044758058
           112.5000     -7.2900      127.870099175160
           112.5100     -7.2900      113.658760145713
           112.5200     -7.2900       95.555061384712
           112.5300     -7.2900       73.356483233122
           112.5400     -7.2900       47.322806620732
           112.5500     -7.2900       18.151647231325
           112.5600     -7.2900      -13.093871010804
           112.5700     -7.2900      -45.096071424562
           112.5800     -7.2900      -76.418551301815
           112.5900     -7.2900     -105.650399954418
           112.6000     -7.2900     -131.541725444326
           112.6100     -7.2900     -153.114960619168
           112.6200     -7.2900     -169.739885037658
           112.6300     -7.2900     -181.165191263310
           112.6400     -7.2900     -187.505079213762
           112.6500     -7.2900     -189.185032171290
           112.6600     -7.2900     -186.855877976287
           112.6700     -7.2900     -181.288844500789
           112.6800     -7.2900     -173.266146266413
           112.6900     -7.2900     -163.481500285030
           112.7000     -7.2900     -152.462940366790
           112.7100     -7.2900     -140.526706844816
           112.7200     -7.2900     -127.766361185539
           112.7300     -7.2900     -114.076267557487
           112.7400     -7.2900      -99.203887699236
           112.7500     -7.2900      -82.821584959275
           112.7600     -7.2900      -64.606318634770
           112.7700     -7.2900      -44.315013419257
           112.7800     -7.2900      -21.844550289105
           112.7900     -7.2900        2.731961330254
           112.8000     -7.2900       29.157124213160
           112.8100     -7.2900       57.009494656268
           112.8200     -7.2900       85.747890094658
           112.8300     -7.2900      114.771915823364
           112.8400     -7.2900      143.488479613325
           112.8500     -7.2900      171.373248724790
           112.8600     -7.2900      198.016874480987
           112.8700     -7.2900      223.148238655190
           112.8800     -7.2900      246.630612824156
           112.8900     -7.2900      268.430940550304
           112.9000     -7.2900      288.566824651539
           112.9100     -7.2900      307.039585387703
           112.9200     -7.2900      323.764383427142
           112.9300     -7.2900      338.509463419293
           112.9400     -7.2900      350.855874849490
           112.9500     -7.2900      360.186617195958
           112.9600     -7.2900      365.710329059670
           112.9700     -7.2900      366.519894043450
           112.9800     -7.2900      361.681307784502
           112.9900     -7.2900      350.343533112013
           113.0000     -7.2900      331.856516574869
           112.0000     -7.3000      799.892554317417
           112.0100     -7.3000      809.676280126566
           112.0200     -7.3000      816.331153820522
           112.0300     -7.3000      819.981482087925
           112.0400     -7.3000      821.188424834683
           112.0500     -7.3000      820.841971537834
           112.0600     -7.3000      820.012366226506
           112.0700     -7.3000      819.781459677060
           112.0800     -7.3000      821.076483742491
           112.0900     -7.3000      824.527842764482
           112.1000     -7.3000      830.368881092933
           112.1100     -7.3000      838.389739648452
           112.1200     -7.3000      847.950155958294
           112.1300     -7.3000      858.048353792482
           112.1400     -7.3000      867.436011402889
           112.1500     -7.3000      874.763601333359
           112.1600     -7.3000      878.736863077362
           112.1700     -7.3000      878.264211987147
           112.1800     -7.3000      872.576571729421
           112.1900     -7.3000      861.305166816097
           112.2000     -7.3000      844.508647426967
           112.2100     -7.3000      822.647740004031
           112.2200     -7.3000      796.512509253517
           112.2300     -7.3000      767.113373116578
           112.2400     -7.3000      735.551451013349
           112.2500     -7.3000      702.886092888973
           112.2600     -7.3000      670.017273915366
           112.2700     -7.3000      637.598014339627
           112.2800     -7.3000      605.987475218726
           112.2900     -7.3000      575.249525653533
           112.3000     -7.3000      545.195182782261
           112.3100     -7.3000      515.461260492203
           112.3200     -7.3000      485.612640164874
           112.3300     -7.3000      455.252448344311
           112.3400     -7.3000      424.123496705340
           112.3500     -7.3000      392.185715471453
           112.3600     -7.3000      359.657789097912
           112.3700     -7.3000      327.016298971114
           112.3800     -7.3000      294.951694632153
           112.3900     -7.3000      264.286535504620
           112.4000     -7.3000      235.866841823513
           112.4100     -7.3000      210.441338533466
           112.4200     -7.3000      188.545337100494
           112.4300     -7.3000      170.405710495102
           112.4400     -7.3000      155.880908609222
           112.4500     -7.3000      144.445561667601
           112.4600     -7.3000      135.223504266369
           112.4700     -7.3000      127.066772019906
           112.4800     -7.3000      118.672099764163
           112.4900     -7.3000      108.721473610915
           112.5000     -7.3000       96.030009782069
           112.5100     -7.3000       79.683279453505
           112.5200     -7.3000       59.147321604546
           112.5300     -7.3000       34.337839906431
           112.5400     -7.3000        5.640044215629
           112.5500     -7.3000      -26.123367804756
           112.5600     -7.3000      -59.772262853457
           112.5700     -7.3000      -93.887513715437
           112.5800     -7.3000     -126.953616685486
           112.5900     -7.3000     -157.508519017422
           112.6000     -7.3000     -184.283086857113
           112.6100     -7.3000     -206.314238648001
           112.6200     -7.3000     -223.019329061784
           112.6300     -7.3000     -234.224411304911
           112.6400     -7.3000     -240.144864100061
           112.6500     -7.3000     -241.322781437845
           112.6600     -7.3000     -238.530731331268
           112.6700     -7.3000     -232.655341182979
           112.6800     -7.3000     -224.576196652714
           112.6900     -7.3000     -215.055528583996
           112.7000     -7.3000     -204.652159958101
           112.7100     -7.3000     -193.669503136031
           112.7200     -7.3000     -182.142562518663
           112.7300     -7.3000     -169.863576359887
           112.7400     -7.3000     -156.440841525040
           112.7500     -7.3000     -141.381078316913
           112.7600     -7.3000     -124.182945925725
           112.7700     -7.3000     -104.428344566163
           112.7800     -7.3000      -81.859023523886
           112.7900     -7.3000      -56.428586468953
           112.8000     -7.3000      -28.323850126786
           112.8100     -7.3000        2.045897236484
           112.8200     -7.3000       34.088532951103
           112.8300     -7.3000       67.090359718735
           112.8400     -7.3000      100.288802739321
           112.8500     -7.3000      132.945000655967
           112.8600     -7.3000      164.405118103829
           112.8700     -7.3000      194.141238465262
           112.8800     -7.3000      221.766080813374
           112.8900     -7.3000      247.020028192609
           112.9000     -7.3000      269.733436176890
           112.9100     -7.3000      289.771255904809
           112.9200     -7.3000      306.970054870922
           112.9300     -7.3000      321.079091724790
           112.9400     -7.3000      331.716943251834
           112.9500     -7.3000      338.353280049787
           112.9600     -7.3000      340.321976359795
           112.9700     -7.3000      336.867270301881
           112.9800     -7.3000      327.219772035649
           112.9900     -7.3000      310.694433147502
           113.0000     -7.3000      286.798807178502
           112.0000     -7.3100      779.616569362167
           112.0100     -7.3100      794.457548199666
           112.0200     -7.3100      806.147699936516
           112.0300     -7.3100      814.484342091678
           112.0400     -7.3100      819.703877120910
           112.0500     -7.3100      822.401969478143
           112.0600     -7.3100      823.410757875005
           112.0700     -7.3100      823.650989211571
           112.0800     -7.3100      823.979533500526
           112.0900     -7.3100      825.052606933281
           112.1000     -7.3100      827.222282886405
           112.1100     -7.3100      830.478931938722
           112.1200     -7.3100      834.445798273816
           112.1300     -7.3100      838.424864828657
           112.1400     -7.3100      841.486417521644
           112.1500     -7.3100      842.589162386556
           112.1600     -7.3100      840.714076949797
           112.1700     -7.3100      834.993825432384
           112.1800     -7.3100      824.820659145066
           112.1900     -7.3100      809.919057374745
           112.2000     -7.3100      790.374446877022
           112.2100     -7.3100      766.615454736497
           112.2200     -7.3100      739.353461172001
           112.2300     -7.3100      709.488876552761
           112.2400     -7.3100      677.997823294712
           112.2500     -7.3100      645.815211138172
           112.2600     -7.3100      613.730276125654
           112.2700     -7.3100      582.308535140535
           112.2800     -7.3100      551.850110760649
           112.2900     -7.3100      522.389076364945
           112.3000     -7.3100      493.732599961293
           112.3100     -7.3100      465.533037113720
           112.3200     -7.3100      437.381508297810
           112.3300     -7.3100      408.908520192856
           112.3400     -7.3100      379.876253456105
           112.3500     -7.3100      350.248362126481
           112.3600     -7.3100      320.226339079349
           112.3700     -7.3100      290.246255917407
           112.3800     -7.3100      260.935333625093
           112.3900     -7.3100      233.033570744314
           112.4000     -7.3100      207.290760191013
           112.4100     -7.3100      184.352964194259
           112.4200     -7.3100      164.654371491501
           112.4300     -7.3100      148.330165520003
           112.4400     -7.3100      135.163607593498
           112.4500     -7.3100      124.576290142046
           112.4600     -7.3100      115.664991532968
           112.4700     -7.3100      107.282487102315
           112.4800     -7.3100       98.153838825960
           112.4900     -7.3100       87.014868063113
           112.5000     -7.3100       72.756351714742
           112.5100     -7.3100       54.556397673203
           112.5200     -7.3100       31.984606363003
           112.5300     -7.3100        5.064876795847
           112.5400     -7.3100      -25.711339685826
           112.5500     -7.3100      -59.423524154858
           112.5600     -7.3100      -94.808188078932
           112.5700     -7.3100     -130.382650456268
           112.5800     -7.3100     -164.591991312332
           112.5900     -7.3100     -195.961926399734
           112.6000     -7.3100     -223.239753109395
           112.6100     -7.3100     -245.507143376166
           112.6200     -7.3100     -262.252184171358
           112.6300     -7.3100     -273.393214255370
           112.6400     -7.3100     -279.253010552331
           112.6500     -7.3100     -280.487968946394
           112.6600     -7.3100     -277.982329873480
           112.6700     -7.3100     -272.721543388882
           112.6800     -7.3100     -265.661059706653
           112.6900     -7.3100     -257.606923163776
           112.7000     -7.3100     -249.122568222983
           112.7100     -7.3100     -240.472460881609
           112.7200     -7.3100     -231.608218370021
           112.7300     -7.3100     -222.197249116422
           112.7400     -7.3100     -211.688521986152
           112.7500     -7.3100     -199.405502723214
           112.7600     -7.3100     -184.653163578511
           112.7700     -7.3100     -166.824655396013
           112.7800     -7.3100     -145.493857955605
           112.7900     -7.3100     -120.482460679338
           112.8000     -7.3100      -91.894098588090
           112.8100     -7.3100      -60.112818000959
           112.8200     -7.3100      -25.768104794194
           112.8300     -7.3100       10.326809689946
           112.8400     -7.3100       47.253252084930
           112.8500     -7.3100       84.070043042232
           112.8600     -7.3100      119.888990900243
           112.8700     -7.3100      153.932518399296
           112.8800     -7.3100      185.566135847256
           112.8900     -7.3100      214.302632027070
           112.9000     -7.3100      239.779423181387
           112.9100     -7.3100      261.714815611901
           112.9200     -7.3100      279.852369980289
           112.9300     -7.3100      293.904600237130
           112.9400     -7.3100      303.507586635923
           112.9500     -7.3100      308.196658601672
           112.9600     -7.3100      307.410287769938
           112.9700     -7.3100      300.525130384446
           112.9800     -7.3100      286.920351165874
           112.9900     -7.3100      266.064622708880
           113.0000     -7.3100      237.615203612937
           112.0000     -7.3200      760.592833122735
           112.0100     -7.3200      780.170229591619
           112.0200     -7.3200      796.495481314282
           112.0300     -7.3200      809.049225697307
           112.0400     -7.3200      817.752873356971
           112.0500     -7.3200      822.916249376041
           112.0600     -7.3200      825.140414244722
           112.0700     -7.3200      825.190913452893
           112.0800     -7.3200      823.859767407045
           112.0900     -7.3200      821.835101853018
           112.1000     -7.3200      819.595436938558
           112.1100     -7.3200      817.341623365205
           112.1200     -7.3200      814.973829808406
           112.1300     -7.3200      812.114626930647
           112.1400     -7.3200      808.172940925833
           112.1500     -7.3200      802.438291229996
           112.1600     -7.3200      794.190969062700
           112.1700     -7.3200      782.812113264938
           112.1800     -7.3200      767.878170359018
           112.1900     -7.3200      749.226857913575
           112.2000     -7.3200      726.986076310667
           112.2100     -7.3200      701.562606647569
           112.2200     -7.3200      673.593132898284
           112.2300     -7.3200      643.865348062352
           112.2400     -7.3200      613.220938787648
           112.2500     -7.3200      582.454555597308
           112.2600     -7.3200      552.223173829956
           112.2700     -7.3200      522.978520476001
           112.2800     -7.3200      494.931749007321
           112.2900     -7.3200      468.054792050976
           112.3000     -7.3200      442.117483041159
           112.3100     -7.3200      416.754361387004
           112.3200     -7.3200      391.550783374024
           112.3300     -7.3200      366.135150480674
           112.3400     -7.3200      340.263130084209
           112.3500     -7.3200      313.880814370001
           112.3600     -7.3200      287.156699327297
           112.3700     -7.3200      260.476768113986
           112.3800     -7.3200      234.402230407684
           112.3900     -7.3200      209.594879030361
           112.4000     -7.3200      186.719830927480
           112.4100     -7.3200      166.338952526776
           112.4200     -7.3200      148.810028451956
           112.4300     -7.3200      134.206452464883
           112.4400     -7.3200      122.269908225480
           112.4500     -7.3200      112.404446238905
           112.4600     -7.3200      103.715070858243
           112.4700     -7.3200       95.088115783677
           112.4800     -7.3200       85.305075764128
           112.4900     -7.3200       73.176921747884
           112.5000     -7.3200       57.682881397536
           112.5100     -7.3200       38.096637695275
           112.5200     -7.3200       14.084045971595
           112.5300     -7.3200      -14.240328069150
           112.5400     -7.3200      -46.305680255513
           112.5500     -7.3200      -81.128358782440
           112.5600     -7.3200     -117.401854431266
           112.5700     -7.3200     -153.623327487957
           112.5800     -7.3200     -188.242083513831
           112.5900     -7.3200     -219.812681225831
           112.6000     -7.3200     -247.134772264346
           112.6100     -7.3200     -269.363409543041
           112.6200     -7.3200     -286.077209608578
           112.6300     -7.3200     -297.296950262483
           112.6400     -7.3200     -303.453267235380
           112.6500     -7.3200     -305.308312631557
           112.6600     -7.3200     -303.841772486015
           112.6700     -7.3200     -300.115820504528
           112.6800     -7.3200     -295.135897692605
           112.6900     -7.3200     -289.724383937808
           112.7000     -7.3200     -284.422274215453
           112.7100     -7.3200     -279.430167837909
           112.7200     -7.3200     -274.594736609633
           112.7300     -7.3200     -269.441034271828
           112.7400     -7.3200     -263.245297757326
           112.7500     -7.3200     -255.137999507360
           112.7600     -7.3200     -244.223450159720
           112.7700     -7.3200     -229.700636527753
           112.7800     -7.3200     -210.970376983776
           112.7900     -7.3200     -187.716184516364
           112.8000     -7.3200     -159.950096464449
           112.8100     -7.3200     -128.019608944931
           112.8200     -7.3200      -92.577068871269
           112.8300     -7.3200      -54.517720371587
           112.8400     -7.3200      -14.896431170044
           112.8500     -7.3200       25.164557518532
           112.8600     -7.3200       64.563988635159
           112.8700     -7.3200      102.294484770736
           112.8800     -7.3200      137.491316012592
           112.8900     -7.3200      169.452444420408
           112.9000     -7.3200      197.629887454532
           112.9100     -7.3200      221.596976774739
           112.9200     -7.3200      240.999864810564
           112.9300     -7.3200      255.504103719853
           112.9400     -7.3200      264.747928252535
           112.9500     -7.3200      268.312888705033
           112.9600     -7.3200      265.719828899934
           112.9700     -7.3200      256.454250410482
           112.9800     -7.3200      240.020400150971
           112.9900     -7.3200      216.018629887668
           113.0000     -7.3200      184.236392122548
           112.0000     -7.3300      742.537679881425
           112.0100     -7.3300      766.140994773496
           112.0200     -7.3300      786.333350525528
           112.0300     -7.3300      802.304385432219
           112.0400     -7.3300      813.685215797785
           112.0500     -7.3300      820.521825445382
           112.0600     -7.3300      823.202377976121
           112.0700     -7.3300      822.351095012739
           112.0800     -7.3300      818.704820847541
           112.0900     -7.3300      812.989641133446
           112.1000     -7.3300      805.813863688375
           112.1100     -7.3300      797.590528111563
           112.1200     -7.3300      788.497877494263
           112.1300     -7.3300      778.480583829679
           112.1400     -7.3300      767.288751935296
           112.1500     -7.3300      754.546611528984
           112.1600     -7.3300      739.839011137048
           112.1700     -7.3300      722.801822907128
           112.1800     -7.3300      703.202372220261
           112.1900     -7.3300      680.997960456558
           112.2000     -7.3300      656.364129557092
           112.2100     -7.3300      629.688984198434
           112.2200     -7.3300      601.534964442161
           112.2300     -7.3300      572.574228009707
           112.2400     -7.3300      543.507591619580
           112.2500     -7.3300      514.979275483057
           112.2600     -7.3300      487.500189457873
           112.2700     -7.3300      461.391143300847
           112.2800     -7.3300      436.754365607862
           112.2900     -7.3300      413.477513021061
           112.3000     -7.3300      391.269546017834
           112.3100     -7.3300      369.723125133850
           112.3200     -7.3300      348.394214182184
           112.3300     -7.3300      326.886931730072
           112.3400     -7.3300      304.930751932231
           112.3500     -7.3300      282.438067196957
           112.3600     -7.3300      259.532777114624
           112.3700     -7.3300      236.544606610290
           112.3800     -7.3300      213.968731902631
           112.3900     -7.3300      192.395334810116
           112.4000     -7.3300      172.418213205681
           112.4100     -7.3300      154.534912153181
           112.4200     -7.3300      139.052522979449
           112.4300     -7.3300      126.013062152955
           112.4400     -7.3300      115.150181559067
           112.4500     -7.3300      105.885130596295
           112.4600     -7.3300       97.364871846190
           112.4700     -7.3300       88.539696226591
           112.4800     -7.3300       78.272322666338
           112.4900     -7.3300       65.466018659742
           112.5000     -7.3300       49.196348417511
           112.5100     -7.3300       28.830159655138
           112.5200     -7.3300        4.116524591716
           112.5300     -7.3300      -24.762551325895
           112.5400     -7.3300      -57.189116517118
           112.5500     -7.3300      -92.155655939490
           112.5600     -7.3300     -128.356489963610
           112.5700     -7.3300     -164.314189053170
           112.5800     -7.3300     -198.526562324061
           112.5900     -7.3300     -229.617091514684
           112.6000     -7.3300     -256.471104822591
           112.6100     -7.3300     -278.341604160672
           112.6200     -7.3300     -294.912281499756
           112.6300     -7.3300     -306.310436198330
           112.6400     -7.3300     -313.068588163132
           112.6500     -7.3300     -316.039808401512
           112.6600     -7.3300     -316.277378416967
           112.6700     -7.3300     -314.893644780942
           112.6800     -7.3300     -312.915328599193
           112.6900     -7.3300     -311.152793570147
           112.7000     -7.3300     -310.098857444010
           112.7100     -7.3300     -309.868911195661
           112.7200     -7.3300     -310.188888850152
           112.7300     -7.3300     -310.431682784391
           112.7400     -7.3300     -309.696683895755
           112.7500     -7.3300     -306.921989344570
           112.7600     -7.3300     -301.015099140502
           112.7700     -7.3300     -290.986062340198
           112.7800     -7.3300     -276.067233185483
           112.7900     -7.3300     -255.805986661346
           112.8000     -7.3300     -230.120593992867
           112.8100     -7.3300     -199.314432746569
           112.8200     -7.3300     -164.049126982606
           112.8300     -7.3300     -125.282357212088
           112.8400     -7.3300      -84.180274351778
           112.8500     -7.3300      -42.017161777675
           112.8600     -7.3300       -0.075888844131
           112.8700     -7.3300       40.438288247999
           112.8800     -7.3300       78.460714980495
           112.8900     -7.3300      113.101238622852
           112.9000     -7.3300      143.647835139598
           112.9100     -7.3300      169.543501755410
           112.9200     -7.3300      190.344032529618
           112.9300     -7.3300      205.667146068814
           112.9400     -7.3300      215.144652057860
           112.9500     -7.3300      218.388749456045
           112.9600     -7.3300      214.981222234120
           112.9700     -7.3300      204.490562274284
           112.9800     -7.3300      186.517429760785
           112.9900     -7.3300      160.764016456607
           113.0000     -7.3300      127.118505751176
           112.0000     -7.3400      724.814840058470
           112.0100     -7.3400      751.383606029978
           112.0200     -7.3400      774.353194254121
           112.0300     -7.3400      792.662122156972
           112.0400     -7.3400      805.689400488857
           112.0500     -7.3400      813.251088511174
           112.0600     -7.3400      815.550147724034
           112.0700     -7.3400      813.089732454427
           112.0800     -7.3400      806.563865570803
           112.0900     -7.3400      796.741279406795
           112.1000     -7.3400      784.357905251898
           112.1100     -7.3400      770.031201084109
           112.1200     -7.3400      754.205604959823
           112.1300     -7.3400      737.133477569569
           112.1400     -7.3400      718.890654341164
           112.1500     -7.3400      699.420886563666
           112.1600     -7.3400      678.599655964725
           112.1700     -7.3400      656.305579458786
           112.1800     -7.3400      632.487138805692
           112.1900     -7.3400      607.213779312992
           112.2000     -7.3400      580.703280353002
           112.2100     -7.3400      553.321256844887
           112.2200     -7.3400      525.553110316386
           112.2300     -7.3400      497.953057554161
           112.2400     -7.3400      471.078403923775
           112.2500     -7.3400      445.419495550064
           112.2600     -7.3400      421.336465058522
           112.2700     -7.3400      399.012893785619
           112.2800     -7.3400      378.434002547834
           112.2900     -7.3400      359.393322383692
           112.3000     -7.3400      341.527518494378
           112.3100     -7.3400      324.374765293109
           112.3200     -7.3400      307.448419434704
           112.3300     -7.3400      290.315246208229
           112.3400     -7.3400      272.666496760348
           112.3500     -7.3400      254.370868952369
           112.3600     -7.3400      235.500735085971
           112.3700     -7.3400      216.326678363103
           112.3800     -7.3400      197.279851855726
           112.3900     -7.3400      178.886342793394
           112.4000     -7.3400      161.681937633055
           112.4100     -7.3400      146.118838507066
           112.4200     -7.3400      132.477513769780
           112.4300     -7.3400      120.796710264523
           112.4400     -7.3400      110.832688588373
           112.4500     -7.3400      102.055187943463
           112.4600     -7.3400       93.682927402823
           112.4700     -7.3400       84.756212641061
           112.4800     -7.3400       74.239132994289
           112.4900     -7.3400       61.139587773022
           112.5000     -7.3400       44.632559144702
           112.5100     -7.3400       24.171059623086
           112.5200     -7.3400       -0.429801613863
           112.5300     -7.3400      -28.947255683420
           112.5400     -7.3400      -60.750926281332
           112.5500     -7.3400      -94.850075664416
           112.5600     -7.3400     -129.983760173248
           112.5700     -7.3400     -164.744167407550
           112.5800     -7.3400     -197.719086109082
           112.5900     -7.3400     -227.636829545122
           112.6000     -7.3400     -253.496351228438
           112.6100     -7.3400     -274.666856935963
           112.6200     -7.3400     -290.944754463084
           112.6300     -7.3400     -302.560864720991
           112.6400     -7.3400     -310.136817487025
           112.6500     -7.3400     -314.595725191036
           112.6600     -7.3400     -317.037796653333
           112.6700     -7.3400     -318.595821781640
           112.6800     -7.3400     -320.287893400904
           112.6900     -7.3400     -322.885031017595
           112.7000     -7.3400     -326.809501275222
           112.7100     -7.3400     -332.075833231285
           112.7200     -7.3400     -338.281288078656
           112.7300     -7.3400     -344.646527022105
           112.7400     -7.3400     -350.101186101562
           112.7500     -7.3400     -353.403767431925
           112.7600     -7.3400     -353.281346595433
           112.7700     -7.3400     -348.572545805986
           112.7800     -7.3400     -338.357258949536
           112.7900     -7.3400     -322.058694495753
           112.8000     -7.3400     -299.507120314704
           112.8100     -7.3400     -270.959725651940
           112.8200     -7.3400     -237.076585913617
           112.8300     -7.3400     -198.858092298238
           112.8400     -7.3400     -157.553695203432
           112.8500     -7.3400     -114.554841315234
           112.8600     -7.3400      -71.286195617261
           112.8700     -7.3400      -29.108516492789
           112.8800     -7.3400       10.755958210215
           112.8900     -7.3400       47.268666869250
           112.9000     -7.3400       79.588212454470
           112.9100     -7.3400      107.054860727653
           112.9200     -7.3400      129.153066145394
           112.9300     -7.3400      145.462225713324
           112.9400     -7.3400      155.607436685802
           112.9500     -7.3400      159.221780449307
           112.9600     -7.3400      155.929606636171
           112.9700     -7.3400      145.356736038262
           112.9800     -7.3400      127.168940730194
           112.9900     -7.3400      101.135144723951
           113.0000     -7.3400       67.207227379193
           112.0000     -7.3500      706.488386981370
           112.0100     -7.3500      734.685498270549
           112.0200     -7.3500      759.096489778312
           112.0300     -7.3500      778.460580898511
           112.0400     -7.3500      791.953956022339
           112.0500     -7.3500      799.206201510705
           112.0600     -7.3500      800.270072529289
           112.0700     -7.3500      795.552381485702
           112.0800     -7.3500      785.717857225512
           112.0900     -7.3500      771.580157638458
           112.1000     -7.3500      753.994611586005
           112.1100     -7.3500      733.765763046657
           112.1200     -7.3500      711.579681552579
           112.1300     -7.3500      687.966779489460
           112.1400     -7.3500      663.296159189359
           112.1500     -7.3500      637.797964154866
           112.1600     -7.3500      611.606444758482
           112.1700     -7.3500      584.813955421627
           112.1800     -7.3500      557.525171711074
           112.1900     -7.3500      529.901519017364
           112.2000     -7.3500      502.187975986746
           112.2100     -7.3500      474.717689672366
           112.2200     -7.3500      447.893702354115
           112.2300     -7.3500      422.150956622749
           112.2400     -7.3500      397.905041194299
           112.2500     -7.3500      375.496382512782
           112.2600     -7.3500      355.139453017063
           112.2700     -7.3500      336.885935689285
           112.2800     -7.3500      320.608754537984
           112.2900     -7.3500      306.010753754877
           112.3000     -7.3500      292.658045933660
           112.3100     -7.3500      280.034207261998
           112.3200     -7.3500      267.608145152130
           112.3300     -7.3500      254.906105192716
           112.3400     -7.3500      241.577285170860
           112.3500     -7.3500      227.443058562588
           112.3600     -7.3500      212.521835027967
           112.3700     -7.3500      197.024843833119
           112.3800     -7.3500      181.322180183949
           112.3900     -7.3500      165.882745246881
           112.4000     -7.3500      151.195634226994
           112.4100     -7.3500      137.683517870348
           112.4200     -7.3500      125.620173457518
           112.4300     -7.3500      115.064285762926
           112.4400     -7.3500      105.819912236120
           112.4500     -7.3500       97.430777314752
           112.4600     -7.3500       89.211226368585
           112.4700     -7.3500       80.311788705879
           112.4800     -7.3500       69.812517418396
           112.4900     -7.3500       56.833239683300
           112.5000     -7.3500       40.647127373456
           112.5100     -7.3500       20.782985057546
           112.5200     -7.3500       -2.897467546662
           112.5300     -7.3500      -30.158334165361
           112.5400     -7.3500      -60.391090329506
           112.5500     -7.3500      -92.660498541194
           112.5600     -7.3500     -125.790867182595
           112.5700     -7.3500     -158.483416216946
           112.5800     -7.3500     -189.451345244785
           112.5900     -7.3500     -217.556634829108
           112.6000     -7.3500     -241.932008789094
           112.6100     -7.3500     -262.072954974297
           112.6200     -7.3500     -277.888091993560
           112.6300     -7.3500     -289.701078897244
           112.6400     -7.3500     -298.203094618447
           112.6500     -7.3500     -304.360941339873
           112.6600     -7.3500     -309.291296409693
           112.6700     -7.3500     -314.115861286767
           112.6800     -7.3500     -319.814596991321
           112.6900     -7.3500     -327.094580191875
           112.7000     -7.3500     -336.290212598345
           112.7100     -7.3500     -347.306789785003
           112.7200     -7.3500     -359.614248002109
           112.7300     -7.3500     -372.291906938148
           112.7400     -7.3500     -384.118961832142
           112.7500     -7.3500     -393.700104048860
           112.7600     -7.3500     -399.611628153367
           112.7700     -7.3500     -400.551202711250
           112.7800     -7.3500     -395.474390993283
           112.7900     -7.3500     -383.702987699207
           112.8000     -7.3500     -364.994005748878
           112.8100     -7.3500     -339.563194435592
           112.8200     -7.3500     -308.062630001180
           112.8300     -7.3500     -271.517455133003
           112.8400     -7.3500     -231.231544824649
           112.8500     -7.3500     -188.675151842361
           112.8600     -7.3500     -145.369041249102
           112.8700     -7.3500     -102.779112281897
           112.8800     -7.3500      -62.233143892631
           112.8900     -7.3500      -24.867450790325
           112.9000     -7.3500        8.393540271987
           112.9100     -7.3500       36.826808955743
           112.9200     -7.3500       59.875934159976
           112.9300     -7.3500       77.102005879894
           112.9400     -7.3500       88.132181977667
           112.9500     -7.3500       92.617850145581
           112.9600     -7.3500       90.212537845978
           112.9700     -7.3500       80.576298112238
           112.9800     -7.3500       63.408767658015
           112.9900     -7.3500       38.508088810620
           113.0000     -7.3500        5.848127023908
           112.0000     -7.3600      686.387656687448
           112.0100     -7.3600      714.700061944350
           112.0200     -7.3600      739.070301143790
           112.0300     -7.3600      758.098871196946
           112.0400     -7.3600      770.816293765963
           112.0500     -7.3600      776.715657295355
           112.0600     -7.3600      775.739182254672
           112.0700     -7.3600      768.224456375589
           112.0800     -7.3600      754.820205741975
           112.0900     -7.3600      736.384214875127
           112.1000     -7.3600      713.877010375101
           112.1100     -7.3600      688.264141215603
           112.1200     -7.3600      660.437521639417
           112.1300     -7.3600      631.162747510176
           112.1400     -7.3600      601.055092831632
           112.1500     -7.3600      570.582643231265
           112.1600     -7.3600      540.091311865943
           112.1700     -7.3600      509.843797115911
           112.1800     -7.3600      480.063206107176
           112.1900     -7.3600      450.972207833111
           112.2000     -7.3600      422.820105994834
           112.2100     -7.3600      395.892851446889
           112.2200     -7.3600      370.504313961529
           112.2300     -7.3600      346.970584033158
           112.2400     -7.3600      325.572148697757
           112.2500     -7.3600      306.511017601052
           112.2600     -7.3600      289.870934790087
           112.2700     -7.3600      275.588543360840
           112.2800     -7.3600      263.441817862913
           112.2900     -7.3600      253.059477680367
           112.3000     -7.3600      243.951834194415
           112.3100     -7.3600      235.560095741500
           112.3200     -7.3600      227.318076505695
           112.3300     -7.3600      218.718001744442
           112.3400     -7.3600      209.371030683045
           112.3500     -7.3600      199.053421015329
           112.3600     -7.3600      187.730929305222
           112.3700     -7.3600      175.556874972880
           112.3800     -7.3600      162.842914638834
           112.3900     -7.3600      150.005479210821
           112.4000     -7.3600      137.494465722615
           112.4100     -7.3600      125.713620682098
           112.4200     -7.3600      114.943671084904
           112.4300     -7.3600      105.279383522926
           112.4400     -7.3600       96.590292942851
           112.4500     -7.3600       88.511988178696
           112.4600     -7.3600       80.470919037777
           112.4700     -7.3600       71.741203850720
           112.4800     -7.3600       61.527462632131
           112.4900     -7.3600       49.063887031995
           112.5000     -7.3600       33.717121583285
           112.5100     -7.3600       15.079464373664
           112.5200     -7.3600       -6.960408489661
           112.5300     -7.3600      -32.179569986596
           112.5400     -7.3600      -60.022321296073
           112.5500     -7.3600      -89.642662892782
           112.5600     -7.3600     -119.984162446503
           112.5700     -7.3600     -149.888689003142
           112.5800     -7.3600     -178.221498028780
           112.5900     -7.3600     -203.997658168142
           112.6000     -7.3600     -226.494166075929
           112.6100     -7.3600     -245.333425875299
           112.6200     -7.3600     -260.526947354887
           112.6300     -7.3600     -272.472774419854
           112.6400     -7.3600     -281.905728902010
           112.6500     -7.3600     -289.805354970659
           112.6600     -7.3600     -297.271747729534
           112.6700     -7.3600     -305.383572381924
           112.6800     -7.3600     -315.054995522082
           112.6900     -7.3600     -326.908636856632
           112.7000     -7.3600     -341.179941269966
           112.7100     -7.3600     -357.664765391784
           112.7200     -7.3600     -375.716908252168
           112.7300     -7.3600     -394.296416673652
           112.7400     -7.3600     -412.063494032860
           112.7500     -7.3600     -427.507480841581
           112.7600     -7.3600     -439.096320592083
           112.7700     -7.3600     -445.429671341754
           112.7800     -7.3600     -445.378639386834
           112.7900     -7.3600     -438.196999045024
           112.8000     -7.3600     -423.592461346051
           112.8100     -7.3600     -401.751574557663
           112.8200     -7.3600     -373.317526252425
           112.8300     -7.3600     -339.325736085453
           112.8400     -7.3600     -301.106963165356
           112.8500     -7.3600     -260.171094514248
           112.8600     -7.3600     -218.086413306005
           112.8700     -7.3600     -176.368792047922
           112.8800     -7.3600     -136.393006259136
           112.8900     -7.3600      -99.334559913869
           112.9000     -7.3600      -66.145601669206
           112.9100     -7.3600      -37.563368922046
           112.9200     -7.3600      -14.144843433402
           112.9300     -7.3600        3.682400678452
           112.9400     -7.3600       15.565312920905
           112.9500     -7.3600       21.178875160506
           112.9600     -7.3600       20.198798782374
           112.9700     -7.3600       12.300891651695
           112.9800     -7.3600       -2.809958222804
           112.9900     -7.3600      -25.343353027391
           113.0000     -7.3600      -55.346652698342
           112.0000     -7.3700      663.179707608210
           112.0100     -7.3700      690.037474087805
           112.0200     -7.3700      712.853258684780
           112.0300     -7.3700      730.154251051411
           112.0400     -7.3700      740.886565351271
           112.0500     -7.3700      744.459856927393
           112.0600     -7.3700      740.747303270515
           112.0700     -7.3700      730.044679944997
           112.0800     -7.3700      712.996559745154
           112.0900     -7.3700      690.500735722983
           112.1000     -7.3700      663.603492232974
           112.1100     -7.3700      633.398211883857
           112.1200     -7.3700      600.938119617034
           112.1300     -7.3700      567.171035822569
           112.1400     -7.3700      532.900297033866
           112.1500     -7.3700      498.772048111592
           112.1600     -7.3700      465.285464937435
           112.1700     -7.3700      432.819615514308
           112.1800     -7.3700      401.668963061900
           112.1900     -7.3700      372.079134761107
           112.2000     -7.3700      344.275507133767
           112.2100     -7.3700      318.479190035026
           112.2200     -7.3700      294.907769755311
           112.2300     -7.3700      273.761243741026
           112.2400     -7.3700      255.196460341737
           112.2500     -7.3700      239.295622115292
           112.2600     -7.3700      226.035679666590
           112.2700     -7.3700      215.265545770171
           112.2800     -7.3700      206.696985591148
           112.2900     -7.3700      199.912955329129
           112.3000     -7.3700      194.394388664170
           112.3100     -7.3700      189.563393800825
           112.3200     -7.3700      184.837992921184
           112.3300     -7.3700      179.691354369117
           112.3400     -7.3700      173.707289253821
           112.3500     -7.3700      166.623818435263
           112.3600     -7.3700      158.357897361538
           112.3700     -7.3700      149.006765831891
           112.3800     -7.3700      138.824553362114
           112.3900     -7.3700      128.176281578575
           112.4000     -7.3700      117.474763628394
           112.4100     -7.3700      107.108615231314
           112.4200     -7.3700       97.371248770003
           112.4300     -7.3700       88.401045046039
           112.4400     -7.3700       80.141791866131
           112.4500     -7.3700       72.330047639200
           112.4600     -7.3700       64.512623732271
           112.4700     -7.3700       56.093326573199
           112.4800     -7.3700       46.403999840857
           112.4900     -7.3700       34.791322195312
           112.5000     -7.3700       20.708256909890
           112.5100     -7.3700        3.797901767917
           112.5200     -7.3700      -16.042044456311
           112.5300     -7.3700      -38.623906626113
           112.5400     -7.3700      -63.469997649996
           112.5500     -7.3700      -89.849746411652
           112.5600     -7.3700     -116.850980178992
           112.5700     -7.3700     -143.477739529697
           112.5800     -7.3700     -168.763226300542
           112.5900     -7.3700     -191.884064269385
           112.6000     -7.3700     -212.261344416759
           112.6100     -7.3700     -229.635072242630
           112.6200     -7.3700     -244.101535728244
           112.6300     -7.3700     -256.107440659690
           112.6400     -7.3700     -266.399894695300
           112.6500     -7.3700     -275.936814599917
           112.6600     -7.3700     -285.767388569103
           112.6700     -7.3700     -296.896197034014
           112.6800     -7.3700     -310.146958422032
           112.6900     -7.3700     -326.042296035060
           112.7000     -7.3700     -344.714335224359
           112.7100     -7.3700     -365.857508437163
           112.7200     -7.3700     -388.730077492236
           112.7300     -7.3700     -412.205171470476
           112.7400     -7.3700     -434.866290038938
           112.7500     -7.3700     -455.136962712813
           112.7600     -7.3700     -471.430240033885
           112.7700     -7.3700     -482.301422711221
           112.7800     -7.3700     -486.587188745720
           112.7900     -7.3700     -483.516078805518
           112.8000     -7.3700     -472.778908580750
           112.8100     -7.3700     -454.552625539069
           112.8200     -7.3700     -429.476778797296
           112.8300     -7.3700     -398.587400123933
           112.8400     -7.3700     -363.217983939201
           112.8500     -7.3700     -324.880787764653
           112.8600     -7.3700     -285.143416162848
           112.8700     -7.3700     -245.515403069310
           112.8800     -7.3700     -207.357335574453
           112.8900     -7.3700     -171.821287467546
           112.9000     -7.3700     -139.826486162243
           112.9100     -7.3700     -112.068896208043
           112.9200     -7.3700      -89.058492015312
           112.9300     -7.3700      -71.174091426245
           112.9400     -7.3700      -58.723272598545
           112.9500     -7.3700      -51.994430265894
           112.9600     -7.3700      -51.289517120125
           112.9700     -7.3700      -56.929265448569
           112.9800     -7.3700      -69.227250925002
           112.9900     -7.3700      -88.434413345644
           113.0000     -7.3700     -114.660850882331
           112.0000     -7.3800      635.446763412132
           112.0100     -7.3800      659.349647778445
           112.0200     -7.3800      679.185561080798
           112.0300     -7.3800      693.474287622576
           112.0400     -7.3800      701.138767471490
           112.0500     -7.3800      701.557758562351
           112.0600     -7.3800      694.575813461275
           112.0700     -7.3800      680.472624394967
           112.0800     -7.3800      659.898089107609
           112.0900     -7.3800      633.782762307276
           112.1000     -7.3800      603.235317657207
           112.1100     -7.3800      569.439075817625
           112.1200     -7.3800      533.558582218279
           112.1300     -7.3800      496.664865860035
           112.1400     -7.3800      459.684757883693
           112.1500     -7.3800      423.375978487341
           112.1600     -7.3800      388.326129344447
           112.1700     -7.3800      354.970734793696
           112.1800     -7.3800      323.623435965840
           112.1900     -7.3800      294.510584793489
           112.2000     -7.3800      267.802860058688
           112.2100     -7.3800      243.638007881635
           112.2200     -7.3800      222.131112570226
           112.2300     -7.3800      203.371539050055
           112.2400     -7.3800      187.408413169208
           112.2500     -7.3800      174.228793694069
           112.2600     -7.3800      163.734189132531
           112.2700     -7.3800      155.721559652608
           112.2800     -7.3800      149.874353194225
           112.2900     -7.3800      145.767555158782
           112.3000     -7.3800      142.888432442374
           112.3100     -7.3800      140.671986851705
           112.3200     -7.3800      138.547520248891
           112.3300     -7.3800      135.990570197660
           112.3400     -7.3800      132.573150677141
           112.3500     -7.3800      128.004959312705
           112.3600     -7.3800      122.159068104642
           112.3700     -7.3800      115.077508439511
           112.3800     -7.3800      106.954845432779
           112.3900     -7.3800       98.100939432118
           112.4000     -7.3800       88.887169421130
           112.4100     -7.3800       79.682990189184
           112.4200     -7.3800       70.791414418854
           112.4300     -7.3800       62.392568702817
           112.4400     -7.3800       54.503743359525
           112.4500     -7.3800       46.962394213674
           112.4600     -7.3800       39.435591821940
           112.4700     -7.3800       31.455830797338
           112.4800     -7.3800       22.479389633806
           112.4900     -7.3800       11.960085864145
           112.5000     -7.3800       -0.571216897536
           112.5100     -7.3800      -15.432247029639
           112.5200     -7.3800      -32.730804679789
           112.5300     -7.3800      -52.331099013410
           112.5400     -7.3800      -73.850972867815
           112.5500     -7.3800      -96.692112769300
           112.5600     -7.3800     -120.100962822596
           112.5700     -7.3800     -143.253808791027
           112.5800     -7.3800     -165.355949111641
           112.5900     -7.3800     -185.742521286472
           112.6000     -7.3800     -203.967758305088
           112.6100     -7.3800     -219.870367468347
           112.6200     -7.3800     -233.605288203178
           112.6300     -7.3800     -245.636012462524
           112.6400     -7.3800     -256.686470971307
           112.6500     -7.3800     -267.656602077605
           112.6600     -7.3800     -279.510475511089
           112.6700     -7.3800     -293.149620408074
           112.6800     -7.3800     -309.286497851278
           112.6900     -7.3800     -328.333536298862
           112.7000     -7.3800     -350.321713794999
           112.7100     -7.3800     -374.859467435271
           112.7200     -7.3800     -401.138110630028
           112.7300     -7.3800     -427.984498657730
           112.7400     -7.3800     -453.956073873082
           112.7500     -7.3800     -477.468344280916
           112.7600     -7.3800     -496.940943112580
           112.7700     -7.3800     -510.946179091286
           112.7800     -7.3800     -518.343704889301
           112.7900     -7.3800     -518.386644863979
           112.8000     -7.3800     -510.788017841661
           112.8100     -7.3800     -495.741123381686
           112.8200     -7.3800     -473.893115049892
           112.8300     -7.3800     -446.276552844328
           112.8400     -7.3800     -414.208598456283
           112.8500     -7.3800     -379.171071907662
           112.8600     -7.3800     -342.686378937436
           112.8700     -7.3800     -306.204129516546
           112.8800     -7.3800     -271.011144045323
           112.8900     -7.3800     -238.173786021927
           112.9000     -7.3800     -208.516686384878
           112.9100     -7.3800     -182.636603019414
           112.9200     -7.3800     -160.945118304686
           112.9300     -7.3800     -143.729811925703
           112.9400     -7.3800     -131.221020743978
           112.9500     -7.3800     -123.650672024858
           112.9600     -7.3800     -121.291054271049
           112.9700     -7.3800     -124.464601644105
           112.9800     -7.3800     -133.520389628174
           112.9900     -7.3800     -148.778446402650
           113.0000     -7.3800     -170.448431251140
           112.0000     -7.3900      601.767674489807
           112.0100     -7.3900      621.407503599795
           112.0200     -7.3900      637.040602211749
           112.0300     -7.3900      647.241267512949
           112.0400     -7.3900      650.966337482728
           112.0500     -7.3900      647.612124875928
           112.0600     -7.3900      637.031161015950
           112.0700     -7.3900      619.509358426437
           112.0800     -7.3900      595.708433442522
           112.0900     -7.3900      566.581904317698
           112.1000     -7.3900      533.275297363603
           112.1100     -7.3900      497.022115722427
           112.1200     -7.3900      459.046603361489
           112.1300     -7.3900      420.482510878781
           112.1400     -7.3900      382.314244425893
           112.1500     -7.3900      345.343377694537
           112.1600     -7.3900      310.180010438927
           112.1700     -7.3900      277.255337117606
           112.1800     -7.3900      246.849444561315
           112.1900     -7.3900      219.127061513714
           112.2000     -7.3900      194.173850248404
           112.2100     -7.3900      172.026806834550
           112.2200     -7.3900      152.694211703036
           112.2300     -7.3900      136.163014579018
           112.2400     -7.3900      122.394146210637
           112.2500     -7.3900      111.308612099647
           112.2600     -7.3900      102.768979059785
           112.2700     -7.3900       96.561754041142
           112.2800     -7.3900       92.386054482010
           112.2900     -7.3900       89.852912528501
           112.3000     -7.3900       88.497720980646
           112.3100     -7.3900       87.806014970078
           112.3200     -7.3900       87.250362098222
           112.3300     -7.3900       86.333994797067
           112.3400     -7.3900       84.635311193702
           112.3500     -7.3900       81.846750728121
           112.3600     -7.3900       77.801941952941
           112.3700     -7.3900       72.486393874309
           112.3800     -7.3900       66.029180395442
           112.3900     -7.3900       58.675745484794
           112.4000     -7.3900       50.744747030439
           112.4100     -7.3900       42.574344685952
           112.4200     -7.3900       34.465138774567
           112.4300     -7.3900       26.627790278384
           112.4400     -7.3900       19.143037149481
           112.4500     -7.3900       11.940371421561
           112.4600     -7.3900        4.799221419938
           112.4700     -7.3900       -2.626594343138
           112.4800     -7.3900      -10.763693506889
           112.4900     -7.3900      -20.058882418101
           112.5000     -7.3900      -30.911901301933
           112.5100     -7.3900      -43.610605888379
           112.5200     -7.3900      -58.278128672367
           112.5300     -7.3900      -74.840320164354
           112.5400     -7.3900      -93.019306615708
           112.5500     -7.3900     -112.355610784311
           112.5600     -7.3900     -132.257399704239
           112.5700     -7.3900     -152.071564300285
           112.5800     -7.3900     -171.168030710196
           112.5900     -7.3900     -189.026425391088
           112.6000     -7.3900     -205.313314883447
           112.6100     -7.3900     -219.938891209050
           112.6200     -7.3900     -233.084146750832
           112.6300     -7.3900     -245.193044402356
           112.6400     -7.3900     -256.928526555263
           112.6500     -7.3900     -269.095877732080
           112.6600     -7.3900     -282.541357610978
           112.6700     -7.3900     -298.037569162354
           112.6800     -7.3900     -316.169231837264
           112.6900     -7.3900     -337.233566091632
           112.7000     -7.3900     -361.168246196583
           112.7100     -7.3900     -387.516955768374
           112.7200     -7.3900     -415.438316670975
           112.7300     -7.3900     -443.758869295435
           112.7400     -7.3900     -471.065490226630
           112.7500     -7.3900     -495.827808727613
           112.7600     -7.3900     -516.537444218308
           112.7700     -7.3900     -531.848720959674
           112.7800     -7.3900     -540.705216105746
           112.7900     -7.3900     -542.438119741758
           112.8000     -7.3900     -536.825740473545
           112.8100     -7.3900     -524.108162695687
           112.8200     -7.3900     -504.956463395679
           112.8300     -7.3900     -480.401340040575
           112.8400     -7.3900     -451.730789347412
           112.8500     -7.3900     -420.369993073291
           112.8600     -7.3900     -387.758357288635
           112.8700     -7.3900     -355.238485408098
           112.8800     -7.3900     -323.969768109832
           112.8900     -7.3900     -294.875525964894
           112.9000     -7.3900     -268.627744652073
           112.9100     -7.3900     -245.668056268442
           112.9200     -7.3900     -226.258472764257
           112.9300     -7.3900     -210.551173222474
           112.9400     -7.3900     -198.663970612287
           112.9500     -7.3900     -190.747321899792
           112.9600     -7.3900     -187.030030479396
           112.9700     -7.3900     -187.833978814212
           112.9800     -7.3900     -193.552917628245
           112.9900     -7.3900     -204.595909404425
           113.0000     -7.3900     -221.301727454396
           112.0000     -7.4000      560.803326045161
           112.0100     -7.4000      575.170777081289
           112.0200     -7.4000      585.678824266318
           112.0300     -7.4000      591.009964174303
           112.0400     -7.4000      590.203978816359
           112.0500     -7.4000      582.715860942232
           112.0600     -7.4000      568.436498732934
           112.0700     -7.4000      547.675494529993
           112.0800     -7.4000      521.109601089591
           112.0900     -7.4000      489.703829139599
           112.1000     -7.4000      454.614884055014
           112.1100     -7.4000      417.087935712444
           112.1200     -7.4000      378.357693777742
           112.1300     -7.4000      339.563413204464
           112.1400     -7.4000      301.685023232627
           112.1500     -7.4000      265.504422653870
           112.1600     -7.4000      231.592559943788
           112.1700     -7.4000      200.319682293481
           112.1800     -7.4000      171.883510453310
           112.1900     -7.4000      146.348393657918
           112.2000     -7.4000      123.687896913376
           112.2100     -7.4000      103.823787351922
           112.2200     -7.4000       86.655875771457
           112.2300     -7.4000       72.079360337477
           112.2400     -7.4000       59.988849064051
           112.2500     -7.4000       50.270708779784
           112.2600     -7.4000       42.787427051158
           112.2700     -7.4000       37.358983224077
           112.2800     -7.4000       33.746627097412
           112.2900     -7.4000       31.643922533753
           112.3000     -7.4000       30.678537022937
           112.3100     -7.4000       30.426281563802
           112.3200     -7.4000       30.436652600853
           112.3300     -7.4000       30.266963708498
           112.3400     -7.4000       29.520429135751
           112.3500     -7.4000       27.882556741413
           112.3600     -7.4000       25.150096995826
           112.3700     -7.4000       21.247614063965
           112.3800     -7.4000       16.228388350051
           112.3900     -7.4000       10.258593038562
           112.4000     -7.4000        3.586181333930
           112.4100     -7.4000       -3.501699287858
           112.4200     -7.4000      -10.727051627657
           112.4300     -7.4000      -17.868305914198
           112.4400     -7.4000      -24.799571971123
           112.4500     -7.4000      -31.515812320455
           112.4600     -7.4000      -38.139723060044
           112.4700     -7.4000      -44.908648959538
           112.4800     -7.4000      -52.142748700605
           112.4900     -7.4000      -60.198454342948
           112.5000     -7.4000      -69.413620088496
           112.5100     -7.4000      -80.052268545964
           112.5200     -7.4000      -92.257265809721
           112.5300     -7.4000     -106.018485426746
           112.5400     -7.4000     -121.162118596361
           112.5500     -7.4000     -137.363980028184
           112.5600     -7.4000     -154.186308680980
           112.5700     -7.4000     -171.134122857449
           112.5800     -7.4000     -187.724141859705
           112.5900     -7.4000     -203.557076524969
           112.6000     -7.4000     -218.383063255039
           112.6100     -7.4000     -232.150364293742
           112.6200     -7.4000     -245.029192002524
           112.6300     -7.4000     -257.405457726119
           112.6400     -7.4000     -269.843045956017
           112.6500     -7.4000     -283.017392160281
           112.6600     -7.4000     -297.627150066713
           112.6700     -7.4000     -314.294027539227
           112.6800     -7.4000     -333.462983001448
           112.6900     -7.4000     -355.315582417005
           112.7000     -7.4000     -379.708285622008
           112.7100     -7.4000     -406.144838753534
           112.7200     -7.4000     -433.788083328576
           112.7300     -7.4000     -461.511814578328
           112.7400     -7.4000     -487.988413277563
           112.7500     -7.4000     -511.803462943697
           112.7600     -7.4000     -531.585037927869
           112.7700     -7.4000     -546.133282713002
           112.7800     -7.4000     -554.535593956450
           112.7900     -7.4000     -556.254237437993
           112.8000     -7.4000     -551.176418627907
           112.8100     -7.4000     -539.621295130773
           112.8200     -7.4000     -522.303615442898
           112.8300     -7.4000     -500.258931465459
           112.8400     -7.4000     -474.739983505271
           112.8500     -7.4000     -447.097287684545
           112.8600     -7.4000     -418.658709680849
           112.8700     -7.4000     -390.622642438582
           112.8800     -7.4000     -363.977325438233
           112.8900     -7.4000     -339.455108676546
           112.9000     -7.4000     -317.525557987525
           112.9100     -7.4000     -298.425864949685
           112.9200     -7.4000     -282.221789946610
           112.9300     -7.4000     -268.888042202184
           112.9400     -7.4000     -258.394187973038
           112.9500     -7.4000     -250.781288673714
           112.9600     -7.4000     -246.215665988776
           112.9700     -7.4000     -245.009356074445
           112.9800     -7.4000     -247.601567484018
           112.9900     -7.4000     -254.501192292016
           113.0000     -7.4000     -266.196383689950
           112.0000     -7.4100      511.385905794015
           112.0100     -7.4100      519.851667352909
           112.0200     -7.4100      524.686456267566
           112.0300     -7.4100      524.722727919343
           112.0400     -7.4100      519.120925409067
           112.0500     -7.4100      507.425812942933
           112.0600     -7.4100      489.588858759348
           112.0700     -7.4100      465.954982151887
           112.0800     -7.4100      437.215922335594
           112.0900     -7.4100      404.336101454979
           112.1000     -7.4100      368.459689213192
           112.1100     -7.4100      330.809291916862
           112.1200     -7.4100      292.587097200363
           112.1300     -7.4100      254.888395518788
           112.1400     -7.4100      218.635331683017
           112.1500     -7.4100      184.535822215028
           112.1600     -7.4100      153.069217042307
           112.1700     -7.4100      124.496940957192
           112.1800     -7.4100       98.893456869547
           112.1900     -7.4100       76.190807833205
           112.2000     -7.4100       56.228953508397
           112.2100     -7.4100       38.804202877596
           112.2200     -7.4100       23.709184084886
           112.2300     -7.4100       10.759766712983
           112.2400     -7.4100       -0.193163885698
           112.2500     -7.4100       -9.266570913428
           112.2600     -7.4100      -16.559911958727
           112.2700     -7.4100      -22.176957885228
           112.2800     -7.4100      -26.249257278224
           112.2900     -7.4100      -28.955737459537
           112.3000     -7.4100      -30.533851962107
           112.3100     -7.4100      -31.279332615584
           112.3200     -7.4100      -31.533705040593
           112.3300     -7.4100      -31.660939271689
           112.3400     -7.4100      -32.016580531838
           112.3500     -7.4100      -32.914127860112
           112.3600     -7.4100      -34.594076239782
           112.3700     -7.4100      -37.200806954980
           112.3800     -7.4100      -40.771432131229
           112.3900     -7.4100      -45.238934201227
           112.4000     -7.4100      -50.449757203322
           112.4100     -7.4100      -56.193738853189
           112.4200     -7.4100      -62.242271616618
           112.4300     -7.4100      -68.389163309705
           112.4400     -7.4100      -74.488065431357
           112.4500     -7.4100      -80.480663576476
           112.4600     -7.4100      -86.411053878973
           112.4700     -7.4100      -92.423700656838
           112.4800     -7.4100      -98.744805952862
           112.4900     -7.4100     -105.649467314749
           112.5000     -7.4100     -113.419275492013
           112.5100     -7.4100     -122.296657436827
           112.5200     -7.4100     -132.443032273243
           112.5300     -7.4100     -143.907572126452
           112.5400     -7.4100     -156.612047331003
           112.5500     -7.4100     -170.355040181863
           112.5600     -7.4100     -184.836021198945
           112.5700     -7.4100     -199.696782063831
           112.5800     -7.4100     -214.574939978598
           112.5900     -7.4100     -229.162083803397
           112.6000     -7.4100     -243.257962515536
           112.6100     -7.4100     -256.812134943401
           112.6200     -7.4100     -269.945759555410
           112.6300     -7.4100     -282.948583983782
           112.6400     -7.4100     -296.249412887662
           112.6500     -7.4100     -310.361977828655
           112.6600     -7.4100     -325.811716121860
           112.6700     -7.4100     -343.051988139944
           112.6800     -7.4100     -362.380282694367
           112.6900     -7.4100     -383.865656376637
           112.7000     -7.4100     -407.297871784395
           112.7100     -7.4100     -432.166482827428
           112.7200     -7.4100     -457.674699863023
           112.7300     -7.4100     -482.788660188171
           112.7400     -7.4100     -506.318257791599
           112.7500     -7.4100     -527.021530838923
           112.7600     -7.4100     -543.721323716330
           112.7700     -7.4100     -555.420991858727
           112.7800     -7.4100     -561.405598770836
           112.7900     -7.4100     -561.316455709882
           112.8000     -7.4100     -555.189841081409
           112.8100     -7.4100     -543.454961739500
           112.8200     -7.4100     -526.891162829541
           112.8300     -7.4100     -506.549429429740
           112.8400     -7.4100     -483.647697280789
           112.8500     -7.4100     -459.452804994729
           112.8600     -7.4100     -435.163618690299
           112.8700     -7.4100     -411.809687091695
           112.8800     -7.4100     -390.177727181529
           112.8900     -7.4100     -370.774532951078
           112.9000     -7.4100     -353.830001988050
           112.9100     -7.4100     -339.338514568579
           112.9200     -7.4100     -327.131595261793
           112.9300     -7.4100     -316.970352574129
           112.9400     -7.4100     -308.643245047347
           112.9500     -7.4100     -302.053698127740
           112.9600     -7.4100     -297.283186754761
           112.9700     -7.4100     -294.618520026522
           112.9800     -7.4100     -294.536860355902
           112.9900     -7.4100     -297.647891221638
           113.0000     -7.4100     -304.598763779831
           112.0000     -7.4200      452.610887340924
           112.0100     -7.4200      454.973570074999
           112.0200     -7.4200      454.002606892949
           112.0300     -7.4200      448.707393398999
           112.0400     -7.4200      438.392926715764
           112.0500     -7.4200      422.712818594776
           112.0600     -7.4200      401.691855938762
           112.0700     -7.4200      375.715490865583
           112.0800     -7.4200      345.487393284885
           112.0900     -7.4200      311.959823156385
           112.1000     -7.4200      276.244607023247
           112.1100     -7.4200      239.514548285742
           112.1200     -7.4200      202.905912644328
           112.1300     -7.4200      167.432125937523
           112.1400     -7.4200      133.917093493262
           112.1500     -7.4200      102.953850103707
           112.1600     -7.4200       74.890952502801
           112.1700     -7.4200       49.845575954044
           112.1800     -7.4200       27.739125510827
           112.1900     -7.4200        8.348719737034
           112.2000     -7.4200       -8.633556606522
           112.2100     -7.4200      -23.542053802695
           112.2200     -7.4200      -36.687221716661
           112.2300     -7.4200      -48.319363147817
           112.2400     -7.4200      -58.609836724697
           112.2500     -7.4200      -67.650296959651
           112.2600     -7.4200      -75.467879207142
           112.2700     -7.4200      -82.052024369334
           112.2800     -7.4200      -87.387186457835
           112.2900     -7.4200      -91.485151002190
           112.3000     -7.4200      -94.411148869314
           112.3100     -7.4200      -96.299271817322
           112.3200     -7.4200      -97.354653844560
           112.3300     -7.4200      -97.842160346552
           112.3400     -7.4200      -98.063570649610
           112.3500     -7.4200      -98.327107838364
           112.3600     -7.4200      -98.914385525467
           112.3700     -7.4200     -100.050230142110
           112.3800     -7.4200     -101.880352676919
           112.3900     -7.4200     -104.460571525656
           112.4000     -7.4200     -107.759432790091
           112.4100     -7.4200     -111.673927673531
           112.4200     -7.4200     -116.055903274443
           112.4300     -7.4200     -120.745030562721
           112.4400     -7.4200     -125.603102733258
           112.4500     -7.4200     -130.544162406229
           112.4600     -7.4200     -135.555547512099
           112.4700     -7.4200     -140.706321374478
           112.4800     -7.4200     -146.141509840157
           112.4900     -7.4200     -152.062812978104
           112.5000     -7.4200     -158.698647905155
           112.5100     -7.4200     -166.268171835917
           112.5200     -7.4200     -174.945042919651
           112.5300     -7.4200     -184.826910610579
           112.5400     -7.4200     -195.915924911042
           112.5500     -7.4200     -208.113992667634
           112.5600     -7.4200     -221.234299120320
           112.5700     -7.4200     -235.028068459085
           112.5800     -7.4200     -249.223033475569
           112.5900     -7.4200     -263.568004013517
           112.6000     -7.4200     -277.876600593792
           112.6100     -7.4200     -292.062887756481
           112.6200     -7.4200     -306.162398839524
           112.6300     -7.4200     -320.333831656234
           112.6400     -7.4200     -334.839301260302
           112.6500     -7.4200     -350.004121815891
           112.6600     -7.4200     -366.160230292727
           112.6700     -7.4200     -383.580109095514
           112.6800     -7.4200     -402.409997821063
           112.6900     -7.4200     -422.611987477639
           112.7000     -7.4200     -443.924090115671
           112.7100     -7.4200     -465.845574439687
           112.7200     -7.4200     -487.651936917858
           112.7300     -7.4200     -508.440184905314
           112.7400     -7.4200     -527.201111882760
           112.7500     -7.4200     -542.911475504462
           112.7600     -7.4200     -554.635968625435
           112.7700     -7.4200     -561.627043455289
           112.7800     -7.4200     -563.410307613405
           112.7900     -7.4200     -559.844467090658
           112.8000     -7.4200     -551.147543010983
           112.8100     -7.4200     -537.885030082075
           112.8200     -7.4200     -520.920317583132
           112.8300     -7.4200     -501.332469129455
           112.8400     -7.4200     -480.310728488051
           112.8500     -7.4200     -459.038303964443
           112.8600     -7.4200     -438.579626376993
           112.8700     -7.4200     -419.785107928190
           112.8800     -7.4200     -403.225415234614
           112.8900     -7.4200     -389.163616898311
           112.9000     -7.4200     -377.568705811208
           112.9100     -7.4200     -368.168534494169
           112.9200     -7.4200     -360.534843359264
           112.9300     -7.4200     -354.188521710727
           112.9400     -7.4200     -348.710150087672
           112.9500     -7.4200     -343.839690767172
           112.9600     -7.4200     -339.550145390061
           112.9700     -7.4200     -336.083036197001
           112.9800     -7.4200     -333.938366115325
           112.9900     -7.4200     -333.817706545126
           113.0000     -7.4200     -336.525507451008
           112.0000     -7.4300      383.928814767642
           112.0100     -7.4300      380.425084115556
           112.0200     -7.4300      373.937741497695
           112.0300     -7.4300      363.663552595570
           112.0400     -7.4300      349.060642297847
           112.0500     -7.4300      329.897413691529
           112.0600     -7.4300      306.274574759950
           112.0700     -7.4300      278.616796323975
           112.0800     -7.4300      247.634073112134
           112.0900     -7.4300      214.256477600087
           112.1000     -7.4300      179.549195969912
           112.1100     -7.4300      144.617088353888
           112.1200     -7.4300      110.509209781589
           112.1300     -7.4300       78.133610938580
           112.1400     -7.4300       48.191333737213
           112.1500     -7.4300       21.136022563072
           112.1600     -7.4300       -2.837672403879
           112.1700     -7.4300      -23.777283867244
           112.1800     -7.4300      -41.931099991749
           112.1900     -7.4300      -57.688728983688
           112.2000     -7.4300      -71.512137744682
           112.2100     -7.4300      -83.866361743820
           112.2200     -7.4300      -95.158583085160
           112.2300     -7.4300     -105.692666254006
           112.2400     -7.4300     -115.643779759080
           112.2500     -7.4300     -125.054777959405
           112.2600     -7.4300     -133.852987312962
           112.2700     -7.4300     -141.883348677464
           112.2800     -7.4300     -148.951865917012
           112.2900     -7.4300     -154.872247810876
           112.3000     -7.4300     -159.508613839442
           112.3100     -7.4300     -162.808124117310
           112.3200     -7.4300     -164.819209170717
           112.3300     -7.4300     -165.693425594491
           112.3400     -7.4300     -165.671491549857
           112.3500     -7.4300     -165.056390284224
           112.3600     -7.4300     -164.178238297246
           112.3700     -7.4300     -163.356651251658
           112.3800     -7.4300     -162.866478280366
           112.3900     -7.4300     -162.912021936702
           112.4000     -7.4300     -163.613355514857
           112.4100     -7.4300     -165.006338685009
           112.4200     -7.4300     -167.055733000417
           112.4300     -7.4300     -169.678769526310
           112.4400     -7.4300     -172.774931856362
           112.4500     -7.4300     -176.256825240149
           112.4600     -7.4300     -180.076934005884
           112.4700     -7.4300     -184.245825796591
           112.4800     -7.4300     -188.838817178945
           112.4900     -7.4300     -193.990039087034
           112.5000     -7.4300     -199.874928955754
           112.5100     -7.4300     -206.684100209690
           112.5200     -7.4300     -214.592994030212
           112.5300     -7.4300     -223.732468591609
           112.5400     -7.4300     -234.165399604506
           112.5500     -7.4300     -245.873452823589
           112.5600     -7.4300     -258.756573235434
           112.5700     -7.4300     -272.645657785704
           112.5800     -7.4300     -287.326656944871
           112.5900     -7.4300     -302.572334032441
           112.6000     -7.4300     -318.176427478477
           112.6100     -7.4300     -333.984265911486
           112.6200     -7.4300     -349.914122605774
           112.6300     -7.4300     -365.964770365299
           112.6400     -7.4300     -382.206673293443
           112.6500     -7.4300     -398.756763382967
           112.6600     -7.4300     -415.739439742253
           112.6700     -7.4300     -433.238895225701
           112.6800     -7.4300     -451.249731801520
           112.6900     -7.4300     -469.633756032729
           112.7000     -7.4300     -488.090654007358
           112.7100     -7.4300     -506.148889646919
           112.7200     -7.4300     -523.180777376832
           112.7300     -7.4300     -538.442532035049
           112.7400     -7.4300     -551.136601336241
           112.7500     -7.4300     -560.490216169595
           112.7600     -7.4300     -565.841335564866
           112.7700     -7.4300     -566.721439717862
           112.7800     -7.4300     -562.924236694425
           112.7900     -7.4300     -554.550426853895
           112.8000     -7.4300     -542.021148138024
           112.8100     -7.4300     -526.056343881163
           112.8200     -7.4300     -507.618622744985
           112.8300     -7.4300     -487.827670457383
           112.8400     -7.4300     -467.854329927696
           112.8500     -7.4300     -448.806525392440
           112.8600     -7.4300     -431.620811135826
           112.8700     -7.4300     -416.973193929220
           112.8800     -7.4300     -405.220947965820
           112.8900     -7.4300     -396.383585932648
           112.9000     -7.4300     -390.166367511590
           112.9100     -7.4300     -386.024294167397
           112.9200     -7.4300     -383.259143982023
           112.9300     -7.4300     -381.137453863803
           112.9400     -7.4300     -379.014101123281
           112.9500     -7.4300     -376.444758754252
           112.9600     -7.4300     -373.271259731024
           112.9700     -7.4300     -369.666797965895
           112.9800     -7.4300     -366.132632574481
           112.9900     -7.4300     -363.444012265858
           113.0000     -7.4300     -362.549671721402
           112.0000     -7.4400      305.231677636108
           112.0100     -7.4400      296.507639890501
           112.0200     -7.4400      285.185126100971
           112.0300     -7.4400      270.641606501422
           112.0400     -7.4400      252.481212734433
           112.0500     -7.4400      230.579777831170
           112.0600     -7.4400      205.106457015355
           112.0700     -7.4400      176.517610999181
           112.0800     -7.4400      145.521985752079
           112.0900     -7.4400      113.019836889467
           112.1000     -7.4400       80.022018584481
           112.1100     -7.4400       47.557715004948
           112.1200     -7.4400       16.581064440391
           112.1300     -7.4400      -12.112809641968
           112.1400     -7.4400      -37.952932675040
           112.1500     -7.4400      -60.631645122290
           112.1600     -7.4400      -80.113866090950
           112.1700     -7.4400      -96.616197424869
           112.1800     -7.4400     -110.559282658992
           112.1900     -7.4400     -122.500021190367
           112.2000     -7.4400     -133.052530101106
           112.2100     -7.4400     -142.807860707154
           112.2200     -7.4400     -152.262291724812
           112.2300     -7.4400     -161.762588496688
           112.2400     -7.4400     -171.474155155175
           112.2500     -7.4400     -181.374863283404
           112.2600     -7.4400     -191.273948212146
           112.2700     -7.4400     -200.852176581594
           112.2800     -7.4400     -209.716920665654
           112.2900     -7.4400     -217.464146027908
           112.3000     -7.4400     -223.738813482383
           112.3100     -7.4400     -228.285840982818
           112.3200     -7.4400     -230.985436099111
           112.3300     -7.4400     -231.869030595783
           112.3400     -7.4400     -231.114866004391
           112.3500     -7.4400     -229.025091213325
           112.3600     -7.4400     -225.988652488774
           112.3700     -7.4400     -222.435963287041
           112.3800     -7.4400     -218.792126503637
           112.3900     -7.4400     -215.435272924740
           112.4000     -7.4400     -212.665447180628
           112.4100     -7.4400     -210.687616127223
           112.4200     -7.4400     -209.610091072672
           112.4300     -7.4400     -209.457293403409
           112.4400     -7.4400     -210.193702105273
           112.4500     -7.4400     -211.754300385557
           112.4600     -7.4400     -214.076093453546
           112.4700     -7.4400     -217.125386134212
           112.4800     -7.4400     -220.916442125839
           112.4900     -7.4400     -225.518729464315
           112.5000     -7.4400     -231.051927514360
           112.5100     -7.4400     -237.669913872104
           112.5200     -7.4400     -245.536743372026
           112.5300     -7.4400     -254.798897225268
           112.5400     -7.4400     -265.558624338258
           112.5500     -7.4400     -277.852939264320
           112.5600     -7.4400     -291.641828270803
           112.5700     -7.4400     -306.807611934656
           112.5800     -7.4400     -323.165478874104
           112.5900     -7.4400     -340.483254668699
           112.6000     -7.4400     -358.506823340998
           112.6100     -7.4400     -376.986553511187
           112.6200     -7.4400     -395.699788132460
           112.6300     -7.4400     -414.465007815141
           112.6400     -7.4400     -433.144612856814
           112.6500     -7.4400     -451.635200965318
           112.6600     -7.4400     -469.846457045507
           112.6700     -7.4400     -487.671968099104
           112.6800     -7.4400     -504.957070609514
           112.6900     -7.4400     -521.469915261948
           112.7000     -7.4400     -536.882074992610
           112.7100     -7.4400     -550.764140192577
           112.7200     -7.4400     -562.599904297150
           112.7300     -7.4400     -571.820158415207
           112.7400     -7.4400     -577.854124783760
           112.7500     -7.4400     -580.193586868854
           112.7600     -7.4400     -578.462264116813
           112.7700     -7.4400     -572.481337396876
           112.7800     -7.4400     -562.321562404045
           112.7900     -7.4400     -548.333268413421
           112.8000     -7.4400     -531.147704442390
           112.8100     -7.4400     -511.646453371598
           112.8200     -7.4400     -490.899609312570
           112.8300     -7.4400     -470.077603818917
           112.8400     -7.4400     -450.345411572646
           112.8500     -7.4400     -432.750819172612
           112.8600     -7.4400     -418.120044651970
           112.8700     -7.4400     -406.973950230174
           112.8800     -7.4400     -399.476302005973
           112.8900     -7.4400     -395.422131965823
           112.9000     -7.4400     -394.269605996284
           112.9100     -7.4400     -395.213438041432
           112.9200     -7.4400     -397.292478797959
           112.9300     -7.4400     -399.519351184424
           112.9400     -7.4400     -401.016557200973
           112.9500     -7.4400     -401.141855902687
           112.9600     -7.4400     -399.586211965593
           112.9700     -7.4400     -396.430279874596
           112.9800     -7.4400     -392.149983887156
           112.9900     -7.4400     -387.567783894378
           113.0000     -7.4400     -383.752981902166
           112.0000     -7.4500      216.926481060823
           112.0100     -7.4500      203.973005266953
           112.0200     -7.4500      188.824798101784
           112.0300     -7.4500      171.017017937214
           112.0400     -7.4500      150.277768941790
           112.0500     -7.4500      126.570432386155
           112.0600     -7.4500      100.115819948365
           112.0700     -7.4500       71.388949260183
           112.0800     -7.4500       41.088420423533
           112.0900     -7.4500       10.080003913187
           112.1000     -7.4500      -20.680386924036
           112.1100     -7.4500      -50.236186132947
           112.1200     -7.4500      -77.722013045638
           112.1300     -7.4500     -102.447088970444
           112.1400     -7.4500     -123.960228649968
           112.1500     -7.4500     -142.088499133070
           112.1600     -7.4500     -156.944797098817
           112.1700     -7.4500     -168.903400565077
           112.1800     -7.4500     -178.546499802063
           112.1900     -7.4500     -186.588284616548
           112.2000     -7.4500     -193.785893249276
           112.2100     -7.4500     -200.848059876870
           112.2200     -7.4500     -208.352443004872
           112.2300     -7.4500     -216.681371422053
           112.2400     -7.4500     -225.983287234577
           112.2500     -7.4500     -236.163833488954
           112.2600     -7.4500     -246.906773456207
           112.2700     -7.4500     -257.721234602795
           112.2800     -7.4500     -268.008618813349
           112.2900     -7.4500     -277.140305984715
           112.3000     -7.4500     -284.536262347764
           112.3100     -7.4500     -289.734944696561
           112.3200     -7.4500     -292.446390087684
           112.3300     -7.4500     -292.582861205267
           112.3400     -7.4500     -290.264520615506
           112.3500     -7.4500     -285.800900981725
           112.3600     -7.4500     -279.651979857242
           112.3700     -7.4500     -272.375062646882
           112.3800     -7.4500     -264.565132440883
           112.3900     -7.4500     -256.796685359940
           112.4000     -7.4500     -249.574334513116
           112.4100     -7.4500     -243.297784607714
           112.4200     -7.4500     -238.244427347475
           112.4300     -7.4500     -234.570142316938
           112.4400     -7.4500     -232.326296374700
           112.4500     -7.4500     -231.488778594406
           112.4600     -7.4500     -231.993473646059
           112.4700     -7.4500     -233.772036245683
           112.4800     -7.4500     -236.782219725599
           112.4900     -7.4500     -241.028233236219
           112.5000     -7.4500     -246.568436910459
           112.5100     -7.4500     -253.509831935179
           112.5200     -7.4500     -261.990925860550
           112.5300     -7.4500     -272.156330018011
           112.5400     -7.4500     -284.127615201043
           112.5500     -7.4500     -297.975353376210
           112.5600     -7.4500     -313.696869102964
           112.5700     -7.4500     -331.203102632182
           112.5800     -7.4500     -350.316346333589
           112.5900     -7.4500     -370.778735138898
           112.6000     -7.4500     -392.269563343369
           112.6100     -7.4500     -414.428063810109
           112.6200     -7.4500     -436.877460002234
           112.6300     -7.4500     -459.246026222578
           112.6400     -7.4500     -481.181585118996
           112.6500     -7.4500     -502.357225786789
           112.6600     -7.4500     -522.467821197523
           112.6700     -7.4500     -541.218861745101
           112.6800     -7.4500     -558.310870357335
           112.6900     -7.4500     -573.423909834369
           112.7000     -7.4500     -586.207189294664
           112.7100     -7.4500     -596.278388318163
           112.7200     -7.4500     -603.236045289497
           112.7300     -7.4500     -606.686343914884
           112.7400     -7.4500     -606.283149970959
           112.7500     -7.4500     -601.777562871668
           112.7600     -7.4500     -593.070959797604
           112.7700     -7.4500     -580.263913307839
           112.7800     -7.4500     -563.692769524183
           112.7900     -7.4500     -543.946268401201
           112.8000     -7.4500     -521.856392429132
           112.8100     -7.4500     -498.460490946905
           112.8200     -7.4500     -474.935324281114
           112.8300     -7.4500     -452.507555519104
           112.8400     -7.4500     -432.348864169436
           112.8500     -7.4500     -415.466736843234
           112.8600     -7.4500     -402.603645903780
           112.8700     -7.4500     -394.157435229683
           112.8800     -7.4500     -390.134159894501
           112.8900     -7.4500     -390.141459806027
           112.9000     -7.4500     -393.426092390022
           112.9100     -7.4500     -398.954003863120
           112.9200     -7.4500     -405.525915554036
           112.9300     -7.4500     -411.916532765564
           112.9400     -7.4500     -417.021810667371
           112.9500     -7.4500     -419.996778204521
           112.9600     -7.4500     -420.366575002366
           112.9700     -7.4500     -418.095695370756
           112.9800     -7.4500     -413.604780279257
           112.9900     -7.4500     -407.730210038903
           113.0000     -7.4500     -401.628564534236
           112.0000     -7.4600      119.987028180036
           112.0100     -7.4600      104.045059632441
           112.0200     -7.4600       86.317501650509
           112.0300     -7.4600       66.459826485831
           112.0400     -7.4600       44.289055314405
           112.0500     -7.4600       19.825406056327
           112.0600     -7.4600       -6.683358047792
           112.0700     -7.4600      -34.761051287741
           112.0800     -7.4600      -63.728791015105
           112.0900     -7.4600      -92.756770324301
           112.1000     -7.4600     -120.937732032028
           112.1100     -7.4600     -147.374464157091
           112.1200     -7.4600     -171.271256356833
           112.1300     -7.4600     -192.018192379503
           112.1400     -7.4600     -209.257583930287
           112.1500     -7.4600     -222.923745601144
           112.1600     -7.4600     -233.250433438844
           112.1700     -7.4600     -240.744214980008
           112.1800     -7.4600     -246.126285261822
           112.1900     -7.4600     -250.249227876547
           112.2000     -7.4600     -253.998413412967
           112.2100     -7.4600     -258.189706534053
           112.2200     -7.4600     -263.475656971508
           112.2300     -7.4600     -270.271314893903
           112.2400     -7.4600     -278.708376884180
           112.2500     -7.4600     -288.622857594102
           112.2600     -7.4600     -299.577354471818
           112.2700     -7.4600     -310.914764510592
           112.2800     -7.4600     -321.836561669705
           112.2900     -7.4600     -331.495922305963
           112.3000     -7.4600     -339.094435252072
           112.3100     -7.4600     -343.971022759320
           112.3200     -7.4600     -345.673007028739
           112.3300     -7.4600     -344.001778993900
           112.3400     -7.4600     -339.028902984698
           112.3500     -7.4600     -331.082262719720
           112.3600     -7.4600     -320.705522280474
           112.3700     -7.4600     -308.597270797169
           112.3800     -7.4600     -295.538362618545
           112.3900     -7.4600     -282.316915397593
           112.4000     -7.4600     -269.660113015862
           112.4100     -7.4600     -258.180476110884
           112.4200     -7.4600     -248.341860320113
           112.4300     -7.4600     -240.447485134305
           112.4400     -7.4600     -234.649208760454
           112.4500     -7.4600     -230.974471247401
           112.4600     -7.4600     -229.365195846775
           112.4700     -7.4600     -229.721726992113
           112.4800     -7.4600     -231.944713149353
           112.4900     -7.4600     -235.968683902831
           112.5000     -7.4600     -241.782751417132
           112.5100     -7.4600     -249.436103271700
           112.5200     -7.4600     -259.028395439903
           112.5300     -7.4600     -270.687434998765
           112.5400     -7.4600     -284.538334959476
           112.5500     -7.4600     -300.669386679466
           112.5600     -7.4600     -319.100105182065
           112.5700     -7.4600     -339.756268870630
           112.5800     -7.4600     -362.455434884967
           112.5900     -7.4600     -386.904605601004
           112.6000     -7.4600     -412.709755848573
           112.6100     -7.4600     -439.395125648538
           112.6200     -7.4600     -466.428826879290
           112.6300     -7.4600     -493.250612888846
           112.6400     -7.4600     -519.297715585124
           112.6500     -7.4600     -544.025437239174
           112.6600     -7.4600     -566.920545371418
           112.6700     -7.4600     -587.507212281842
           112.6800     -7.4600     -605.346961053392
           112.6900     -7.4600     -620.035512219622
           112.7000     -7.4600     -631.200295911999
           112.7100     -7.4600     -638.502516290955
           112.7200     -7.4600     -641.646961851719
           112.7300     -7.4600     -640.401316105500
           112.7400     -7.4600     -634.624738306696
           112.7500     -7.4600     -624.303258603910
           112.7600     -7.4600     -609.587433638820
           112.7700     -7.4600     -590.826112177439
           112.7800     -7.4600     -568.589389989335
           112.7900     -7.4600     -543.674108631863
           112.8000     -7.4600     -517.086648573804
           112.8100     -7.4600     -490.000191255944
           112.8200     -7.4600     -463.686820976139
           112.8300     -7.4600     -439.428411798555
           112.8400     -7.4600     -418.413713119344
           112.8500     -7.4600     -401.631900255565
           112.8600     -7.4600     -389.774629001605
           112.8700     -7.4600     -383.158975496526
           112.8800     -7.4600     -381.682376355818
           112.8900     -7.4600     -384.817838013885
           112.9000     -7.4600     -391.653505225704
           112.9100     -7.4600     -400.975611155290
           112.9200     -7.4600     -411.388470025014
           112.9300     -7.4600     -421.460192073967
           112.9400     -7.4600     -429.878868176132
           112.9500     -7.4600     -435.601662301778
           112.9600     -7.4600     -437.978963406990
           112.9700     -7.4600     -436.837647014184
           112.9800     -7.4600     -432.511473127860
           112.9900     -7.4600     -425.812323457598
           113.0000     -7.4600     -417.942744427252
           112.0000     -7.4700       15.974398250592
           112.0100     -7.4700       -1.580900344329
           112.0200     -7.4700      -20.515630869178
           112.0300     -7.4700      -41.102635086729
           112.0400     -7.4700      -63.481179240788
           112.0500     -7.4700      -87.613270556822
           112.0600     -7.4700     -113.254863849567
           112.0700     -7.4700     -139.949236764650
           112.0800     -7.4700     -167.046860968609
           112.0900     -7.4700     -193.752303473902
           112.1000     -7.4700     -219.194623349136
           112.1100     -7.4700     -242.513993059300
           112.1200     -7.4700     -262.954433724258
           112.1300     -7.4700     -279.951046656229
           112.1400     -7.4700     -293.200198544746
           112.1500     -7.4700     -302.702800727244
           112.1600     -7.4700     -308.773914013300
           112.1700     -7.4700     -312.016011427132
           112.1800     -7.4700     -313.257801206376
           112.1900     -7.4700     -313.464942629862
           112.2000     -7.4700     -313.632684275440
           112.2100     -7.4700     -314.672920762059
           112.2200     -7.4700     -317.309065641182
           112.2300     -7.4700     -321.991348155385
           112.2400     -7.4700     -328.842756866099
           112.2500     -7.4700     -337.642179859648
           112.2600     -7.4700     -347.846802718606
           112.2700     -7.4700     -358.651098250468
           112.2800     -7.4700     -369.075378717874
           112.2900     -7.4700     -378.073431151049
           112.3000     -7.4700     -384.646643463648
           112.3100     -7.4700     -387.951499065982
           112.3200     -7.4700     -387.388407987701
           112.3300     -7.4700     -382.662381474868
           112.3400     -7.4700     -373.809690067784
           112.3500     -7.4700     -361.188885115437
           112.3600     -7.4700     -345.438857348783
           112.3700     -7.4700     -327.410408354048
           112.3800     -7.4700     -308.080655692867
           112.3900     -7.4700     -288.461152525782
           112.4000     -7.4700     -269.510728056672
           112.4100     -7.4700     -252.062788294415
           112.4200     -7.4700     -236.774380616097
           112.4300     -7.4700     -224.101088916999
           112.4400     -7.4700     -214.298248732942
           112.4500     -7.4700     -207.445540483676
           112.4600     -7.4700     -203.489181241872
           112.4700     -7.4700     -202.294040001325
           112.4800     -7.4700     -203.697254829496
           112.4900     -7.4700     -207.555373870156
           112.5000     -7.4700     -213.778552556756
           112.5100     -7.4700     -222.347651853354
           112.5200     -7.4700     -233.312832890355
           112.5300     -7.4700     -246.775023546279
           112.5400     -7.4700     -262.854048624338
           112.5500     -7.4700     -281.648943582825
           112.5600     -7.4700     -303.196802241279
           112.5700     -7.4700     -327.436371025829
           112.5800     -7.4700     -354.181570362923
           112.5900     -7.4700     -383.108400495582
           112.6000     -7.4700     -413.756571043881
           112.6100     -7.4700     -445.545024253318
           112.6200     -7.4700     -477.798637436856
           112.6300     -7.4700     -509.782068968273
           112.6400     -7.4700     -540.736133276363
           112.6500     -7.4700     -569.912307556953
           112.6600     -7.4700     -596.601909253791
           112.6700     -7.4700     -620.157944784638
           112.6800     -7.4700     -640.009338119891
           112.6900     -7.4700     -655.668885334088
           112.7000     -7.4700     -666.737543797834
           112.7100     -7.4700     -672.908311117874
           112.7200     -7.4700     -673.972842284711
           112.7300     -7.4700     -669.833086084942
           112.7400     -7.4700     -660.518720608822
           112.7500     -7.4700     -646.209278195451
           112.7600     -7.4700     -627.257901368560
           112.7700     -7.4700     -604.212025833893
           112.7800     -7.4700     -577.825283519520
           112.7900     -7.4700     -549.054817373643
           112.8000     -7.4700     -519.039133296882
           112.8100     -7.4700     -489.053560254620
           112.8200     -7.4700     -460.443160701429
           112.8300     -7.4700     -434.536196319724
           112.8400     -7.4700     -412.544567587741
           112.8500     -7.4700     -395.460519066828
           112.8600     -7.4700     -383.960863717952
           112.8700     -7.4700     -378.330646294477
           112.8800     -7.4700     -378.417305887002
           112.8900     -7.4700     -383.623973681162
           112.9000     -7.4700     -392.946730520651
           112.9100     -7.4700     -405.055831041342
           112.9200     -7.4700     -418.415624268515
           112.9300     -7.4700     -431.432814948519
           112.9400     -7.4700     -442.618487870109
           112.9500     -7.4700     -450.746565179238
           112.9600     -7.4700     -454.990539800899
           112.9700     -7.4700     -455.021662976011
           112.9800     -7.4700     -451.055234530901
           112.9900     -7.4700     -443.836951290925
           113.0000     -7.4700     -434.567863228269
           112.0000     -7.4800      -92.982448155126
           112.0100     -7.4800     -110.767975303017
           112.0200     -7.4800     -129.532560877332
           112.0300     -7.4800     -149.533252100807
           112.0400     -7.4800     -170.917307012345
           112.0500     -7.4800     -193.673273157126
           112.0600     -7.4800     -217.595093052548
           112.0700     -7.4800     -242.267786506677
           112.0800     -7.4800     -267.080342104939
           112.0900     -7.4800     -291.267489442293
           112.1000     -7.4800     -313.977614315916
           112.1100     -7.4800     -334.359882958958
           112.1200     -7.4800     -351.660291754657
           112.1300     -7.4800     -365.314369736993
           112.1400     -7.4800     -375.023954349129
           112.1500     -7.4800     -380.806920850243
           112.1600     -7.4800     -383.011807793423
           112.1700     -7.4800     -382.293554533457
           112.1800     -7.4800     -379.551489302124
           112.1900     -7.4800     -375.835621245008
           112.2000     -7.4800     -372.231535809674
           112.2100     -7.4800     -369.737194569048
           112.2200     -7.4800     -369.146286030352
           112.2300     -7.4800     -370.952270088486
           112.2400     -7.4800     -375.284956515408
           112.2500     -7.4800     -381.887644841954
           112.2600     -7.4800     -390.138014132974
           112.2700     -7.4800     -399.110703692876
           112.2800     -7.4800     -407.674536931985
           112.2900     -7.4800     -414.613239881250
           112.3000     -7.4800     -418.755802734838
           112.3100     -7.4800     -419.101651957440
           112.3200     -7.4800     -414.926641679205
           112.3300     -7.4800     -405.858401540986
           112.3400     -7.4800     -391.913445743906
           112.3500     -7.4800     -373.493142371130
           112.3600     -7.4800     -351.340555931087
           112.3700     -7.4800     -326.464688430170
           112.3800     -7.4800     -300.042201053938
           112.3900     -7.4800     -273.308883098019
           112.4000     -7.4800     -247.453718731298
           112.4100     -7.4800     -223.527370062989
           112.4200     -7.4800     -202.374440394506
           112.4300     -7.4800     -184.595375593231
           112.4400     -7.4800     -170.539798678100
           112.4500     -7.4800     -160.329001698777
           112.4600     -7.4800     -153.901768466146
           112.4700     -7.4800     -151.075110736694
           112.4800     -7.4800     -151.610163181664
           112.4900     -7.4800     -155.273513855475
           112.5000     -7.4800     -161.885573852041
           112.5100     -7.4800     -171.349968222377
           112.5200     -7.4800     -183.660984428001
           112.5300     -7.4800     -198.889394046064
           112.5400     -7.4800     -217.150007453377
           112.5500     -7.4800     -238.556723170364
           112.5600     -7.4800     -263.172295360562
           112.5700     -7.4800     -290.960412542485
           112.5800     -7.4800     -321.746967421486
           112.5900     -7.4800     -355.195765158716
           112.6000     -7.4800     -390.801652850493
           112.6100     -7.4800     -427.901521517525
           112.6200     -7.4800     -465.701219662792
           112.6300     -7.4800     -503.314473765850
           112.6400     -7.4800     -539.808697504564
           112.6500     -7.4800     -574.252225237198
           112.6600     -7.4800     -605.758022177295
           112.6700     -7.4800     -633.520162852300
           112.6800     -7.4800     -656.841078863607
           112.6900     -7.4800     -675.149435806791
           112.7000     -7.4800     -688.010170447499
           112.7100     -7.4800     -695.129404586086
           112.7200     -7.4800     -696.357440761646
           112.7300     -7.4800     -691.692749128940
           112.7400     -7.4800     -681.288825531620
           112.7500     -7.4800     -665.464222262015
           112.7600     -7.4800     -644.714215697093
           112.7700     -7.4800     -619.720830892681
           112.7800     -7.4800     -591.356649862052
           112.7900     -7.4800     -560.677291958490
           112.8000     -7.4800     -528.897869577592
           112.8100     -7.4800     -497.350143304756
           112.8200     -7.4800     -467.419417393004
           112.8300     -7.4800     -440.463161451565
           112.8400     -7.4800     -417.716522723099
           112.8500     -7.4800     -400.192834676151
           112.8600     -7.4800     -388.589450809799
           112.8700     -7.4800     -383.210317241541
           112.8800     -7.4800     -383.916350751277
           112.8900     -7.4800     -390.112796883656
           112.9000     -7.4800     -400.779401061461
           112.9100     -7.4800     -414.544741137204
           112.9200     -7.4800     -429.800932579666
           112.9300     -7.4800     -444.849746477871
           112.9400     -7.4800     -458.066647653983
           112.9500     -7.4800     -468.066003128726
           112.9600     -7.4800     -473.849245884697
           112.9700     -7.4800     -474.918423562740
           112.9800     -7.4800     -471.340383309679
           112.9900     -7.4800     -463.751634935039
           113.0000     -7.4800     -453.300224669663
           112.0000     -7.4900     -204.251960851582
           112.0100     -7.4900     -221.001765180371
           112.0200     -7.4900     -238.333364853936
           112.0300     -7.4900     -256.546586910477
           112.0400     -7.4900     -275.850722344157
           112.0500     -7.4900     -296.306929215223
           112.0600     -7.4900     -317.782384369890
           112.0700     -7.4900     -339.926187906963
           112.0800     -7.4900     -362.174079151515
           112.0900     -7.4900     -383.784827553163
           112.1000     -7.4900     -403.906344243105
           112.1100     -7.4900     -421.664839759368
           112.1200     -7.4900     -436.266438440466
           112.1300     -7.4900     -447.098144825997
           112.1400     -7.4900     -453.814339372359
           112.1500     -7.4900     -456.396204166139
           112.1600     -7.4900     -455.174515204105
           112.1700     -7.4900     -450.810702178838
           112.1800     -7.4900     -444.236383414226
           112.1900     -7.4900     -436.557024965713
           112.2000     -7.4900     -428.930216468498
           112.2100     -7.4900     -422.432644508107
           112.2200     -7.4900     -417.931683386765
           112.2300     -7.4900     -415.977349768372
           112.2400     -7.4900     -416.728183726600
           112.2500     -7.4900     -419.920690844047
           112.2600     -7.4900     -424.886803455104
           112.2700     -7.4900     -430.618051615468
           112.2800     -7.4900     -435.869508825433
           112.2900     -7.4900     -439.291805615806
           112.3000     -7.4900     -439.576183526292
           112.3100     -7.4900     -435.596099736885
           112.3200     -7.4900     -426.529454009010
           112.3300     -7.4900     -411.947999892896
           112.3400     -7.4900     -391.864582197703
           112.3500     -7.4900     -366.733976479797
           112.3600     -7.4900     -337.408633336100
           112.3700     -7.4900     -305.055853240311
           112.3800     -7.4900     -271.047193015897
           112.3900     -7.4900     -236.833725085787
           112.4000     -7.4900     -203.821826033655
           112.4100     -7.4900     -173.263386076841
           112.4200     -7.4900     -146.171867649651
           112.4300     -7.4900     -123.271871537957
           112.4400     -7.4900     -104.985320930666
           112.4500     -7.4900      -91.452657974039
           112.4600     -7.4900      -82.583174728538
           112.4700     -7.4900      -78.125301728683
           112.4800     -7.4900      -77.745736342797
           112.4900     -7.4900      -81.105900610245
           112.5000     -7.4900      -87.925353428010
           112.5100     -7.4900      -98.024222794769
           112.5200     -7.4900     -111.340083911171
           112.5300     -7.4900     -127.918495588859
           112.5400     -7.4900     -147.880092179415
           112.5500     -7.4900     -171.370219989238
           112.5600     -7.4900     -198.499217750539
           112.5700     -7.4900     -229.282334200006
           112.5800     -7.4900     -263.587894979534
           112.5900     -7.4900     -301.100798179001
           112.6000     -7.4900     -341.306010283491
           112.6100     -7.4900     -383.493838998583
           112.6200     -7.4900     -426.785813344955
           112.6300     -7.4900     -470.177426566724
           112.6400     -7.4900     -512.592140206013
           112.6500     -7.4900     -552.940131010694
           112.6600     -7.4900     -590.175357046016
           112.6700     -7.4900     -623.345539075882
           112.6800     -7.4900     -651.631372795262
           112.6900     -7.4900     -674.373381688151
           112.7000     -7.4900     -691.086917503666
           112.7100     -7.4900     -701.467557141165
           112.7200     -7.4900     -705.390242977027
           112.7300     -7.4900     -702.905796322568
           112.7400     -7.4900     -694.237872457108
           112.7500     -7.4900     -679.782141025285
           112.7600     -7.4900     -660.107718485737
           112.7700     -7.4900     -635.958991942111
           112.7800     -7.4900     -608.254334992208
           112.7900     -7.4900     -578.077180142937
           112.8000     -7.4900     -546.654748144424
           112.8100     -7.4900     -515.320578415547
           112.8200     -7.4900     -485.458829877147
           112.8300     -7.4900     -458.430932812631
           112.8400     -7.4900     -435.488226233124
           112.8500     -7.4900     -417.677263369190
           112.8600     -7.4900     -405.747019364141
           112.8700     -7.4900     -400.068828162683
           112.8800     -7.4900     -400.580148873765
           112.8900     -7.4900     -406.762016195988
           112.9000     -7.4900     -417.657268316848
           112.9100     -7.4900     -431.932589727545
           112.9200     -7.4900     -447.982477810351
           112.9300     -7.4900     -464.068019560108
           112.9400     -7.4900     -478.478514154061
           112.9500     -7.4900     -489.700165811297
           112.9600     -7.4900     -496.573878321478
           112.9700     -7.4900     -498.424014770705
           112.9800     -7.4900     -495.142013966084
           112.9900     -7.4900     -487.212876859203
           113.0000     -7.4900     -475.678375384969
           112.0000     -7.5000     -314.813267459946
           112.0100     -7.5000     -329.491076141856
           112.0200     -7.5000     -344.349299854221
           112.0300     -7.5000     -359.786978057506
           112.0400     -7.5000     -376.127440763964
           112.0500     -7.5000     -393.548629534578
           112.0600     -7.5000     -412.024473344859
           112.0700     -7.5000     -431.288961923999
           112.0800     -7.5000     -450.831524203695
           112.0900     -7.5000     -469.927821513908
           112.1000     -7.5000     -487.704770267111
           112.1100     -7.5000     -503.233299844563
           112.1200     -7.5000     -515.637814946465
           112.1300     -7.5000     -524.208246667088
           112.1400     -7.5000     -528.499418359030
           112.1500     -7.5000     -528.403426432326
           112.1600     -7.5000     -524.183749591435
           112.1700     -7.5000     -516.464474121108
           112.1800     -7.5000     -506.173745680669
           112.1900     -7.5000     -494.446568000036
           112.2000     -7.5000     -482.497558369861
           112.2100     -7.5000     -471.478495120837
           112.2200     -7.5000     -462.337873843261
           112.2300     -7.5000     -455.699889541576
           112.2400     -7.5000     -451.778231064256
           112.2500     -7.5000     -450.336055535804
           112.2600     -7.5000     -450.698008591445
           112.2700     -7.5000     -451.813869247667
           112.2800     -7.5000     -452.367125896803
           112.2900     -7.5000     -450.916328180939
           112.3000     -7.5000     -446.053096912110
           112.3100     -7.5000     -436.558703127169
           112.3200     -7.5000     -421.541381806911
           112.3300     -7.5000     -400.538973732120
           112.3400     -7.5000     -373.575762273475
           112.3500     -7.5000     -341.167932270554
           112.3600     -7.5000     -304.278212131334
           112.3700     -7.5000     -264.226193655442
           112.3800     -7.5000     -222.565822483559
           112.3900     -7.5000     -180.945014727079
           112.4000     -7.5000     -140.963889741503
           112.4100     -7.5000     -104.047577102697
           112.4200     -7.5000      -71.347086035788
           112.4300     -7.5000      -43.677689845689
           112.4400     -7.5000      -21.499237689042
           112.4500     -7.5000       -4.937434434302
           112.4600     -7.5000        6.159879222812
           112.4700     -7.5000       12.141435029121
           112.4800     -7.5000       13.458779832832
           112.4900     -7.5000       10.573423612348
           112.5000     -7.5000        3.877322979421
           112.5100     -7.5000       -6.363377746372
           112.5200     -7.5000      -20.035104062778
           112.5300     -7.5000      -37.172176586943
           112.5400     -7.5000      -57.923123111815
           112.5500     -7.5000      -82.494204904734
           112.5600     -7.5000     -111.079170769959
           112.5700     -7.5000     -143.785693058096
           112.5800     -7.5000     -180.568908430387
           112.5900     -7.5000     -221.181062030363
           112.6000     -7.5000     -265.143703123290
           112.6100     -7.5000     -311.745612337251
           112.6200     -7.5000     -360.066144577796
           112.6300     -7.5000     -409.020444778001
           112.6400     -7.5000     -457.420470439685
           112.6500     -7.5000     -504.044247473073
           112.6600     -7.5000     -547.705443397921
           112.6700     -7.5000     -587.316135200960
           112.6800     -7.5000     -621.937381087346
           112.6900     -7.5000     -650.814546495357
           112.7000     -7.5000     -673.396877121150
           112.7100     -7.5000     -689.343133626840
           112.7200     -7.5000     -698.516834429606
           112.7300     -7.5000     -700.975533582933
           112.7400     -7.5000     -696.958477911984
           112.7500     -7.5000     -686.875994080558
           112.7600     -7.5000     -671.302261172440
           112.7700     -7.5000     -650.971059591994
           112.7800     -7.5000     -626.772054644659
           112.7900     -7.5000     -599.743580629440
           112.8000     -7.5000     -571.057085136346
           112.8100     -7.5000     -541.988600054355
           112.8200     -7.5000     -513.873890362508
           112.8300     -7.5000     -488.046178924704
           112.8400     -7.5000     -465.758268942303
           112.8500     -7.5000     -448.094063482440
           112.8600     -7.5000     -435.877413639474
           112.8700     -7.5000     -429.588407675055
           112.8800     -7.5000     -429.298208089958
           112.8900     -7.5000     -434.633058262476
           112.9000     -7.5000     -444.776015581428
           112.9100     -7.5000     -458.511446641458
           112.9200     -7.5000     -474.312684459228
           112.9300     -7.5000     -490.468026036674
           112.9400     -7.5000     -505.235093043304
           112.9500     -7.5000     -517.009182491688
           112.9600     -7.5000     -524.488240428431
           112.9700     -7.5000     -526.816000772793
           112.9800     -7.5000     -523.685927183728
           112.9900     -7.5000     -515.391894475653
           113.0000     -7.5000     -502.816779623390
           112.0000     -7.5100     -421.414270521611
           112.0100     -7.5100     -433.303447032141
           112.0200     -7.5100     -444.957341598017
           112.0300     -7.5100     -456.923794374495
           112.0400     -7.5100     -469.685885649922
           112.0500     -7.5100     -483.577067918967
           112.0600     -7.5100     -498.707202274785
           112.0700     -7.5100     -514.912950648359
           112.0800     -7.5100     -531.742791904132
           112.0900     -7.5100     -548.482064789102
           112.1000     -7.5100     -564.217603965225
           112.1100     -7.5100     -577.935577369437
           112.1200     -7.5100     -588.640923797110
           112.1300     -7.5100     -595.483095322961
           112.1400     -7.5100     -597.871185619215
           112.1500     -7.5100     -595.562240139369
           112.1600     -7.5100     -588.709540248046
           112.1700     -7.5100     -577.862556389864
           112.1800     -7.5100     -563.916435154995
           112.1900     -7.5100     -548.015502923911
           112.2000     -7.5100     -531.421448530962
           112.2100     -7.5100     -515.361755372645
           112.2200     -7.5100     -500.876920585718
           112.2300     -7.5100     -488.685610792235
           112.2400     -7.5100     -479.085055643964
           112.2500     -7.5100     -471.899890797283
           112.2600     -7.5100     -466.486844033474
           112.2700     -7.5100     -461.795851208310
           112.2800     -7.5100     -456.481260290398
           112.2900     -7.5100     -449.050614267880
           112.3000     -7.5100     -438.033879053426
           112.3100     -7.5100     -422.153481152905
           112.3200     -7.5100     -400.475446993617
           112.3300     -7.5100     -372.524284258461
           112.3400     -7.5100     -338.348699676074
           112.3500     -7.5100     -298.531227376976
           112.3600     -7.5100     -254.141580456476
           112.3700     -7.5100     -206.640183595561
           112.3800     -7.5100     -157.744069547712
           112.3900     -7.5100     -109.271431115576
           112.4000     -7.5100      -62.983135200442
           112.4100     -7.5100      -20.439224398019
           112.4200     -7.5100       17.114051739170
           112.4300     -7.5100       48.815447623128
           112.4400     -7.5100       74.212495792018
           112.4500     -7.5100       93.238212600292
           112.4600     -7.5100      106.146868653403
           112.4700     -7.5100      113.419718397594
           112.4800     -7.5100      115.654770186336
           112.4900     -7.5100      113.455941071761
           112.5000     -7.5100      107.336189902407
           112.5100     -7.5100       97.646632549179
           112.5200     -7.5100       84.539621951652
           112.5300     -7.5100       67.968903193424
           112.5400     -7.5100       47.724900254452
           112.5500     -7.5100       23.498625250849
           112.5600     -7.5100       -5.035798692159
           112.5700     -7.5100      -38.132029267678
           112.5800     -7.5100      -75.888179381730
           112.5900     -7.5100     -118.180335246285
           112.6000     -7.5100     -164.621280454627
           112.6100     -7.5100     -214.549129147693
           112.6200     -7.5100     -267.046495507187
           112.6300     -7.5100     -320.986910404186
           112.6400     -7.5100     -375.101966432737
           112.6500     -7.5100     -428.060536155175
           112.6600     -7.5100     -478.550597739072
           112.6700     -7.5100     -525.354749123376
           112.6800     -7.5100     -567.412230328612
           112.6900     -7.5100     -603.862870446530
           112.7000     -7.5100     -634.071385745826
           112.7100     -7.5100     -657.633390050205
           112.7200     -7.5100     -674.366881850368
           112.7300     -7.5100     -684.294488766660
           112.7400     -7.5100     -687.622176324224
           112.7500     -7.5100     -684.719443933028
           112.7600     -7.5100     -676.104399139949
           112.7700     -7.5100     -662.434840902569
           112.7800     -7.5100     -644.504019053689
           112.7900     -7.5100     -623.237534304744
           112.8000     -7.5100     -599.686330065510
           112.8100     -7.5100     -575.010228413554
           112.8200     -7.5100     -550.447142637788
           112.8300     -7.5100     -527.264931584564
           112.8400     -7.5100     -506.695625573599
           112.8500     -7.5100     -489.855060363127
           112.8600     -7.5100     -477.654298866327
           112.8700     -7.5100     -470.712050275558
           112.8800     -7.5100     -469.279100552748
           112.8900     -7.5100     -473.186151449078
           112.9000     -7.5100     -481.825214771839
           112.9100     -7.5100     -494.171837304031
           112.9200     -7.5100     -508.851189661052
           112.9300     -7.5100     -524.245905427525
           112.9400     -7.5100     -538.638134044069
           112.9500     -7.5100     -550.373285571991
           112.9600     -7.5100     -558.029101681578
           112.9700     -7.5100     -560.571582570595
           112.9800     -7.5100     -557.479338076543
           112.9900     -7.5100     -548.820258769341
           113.0000     -7.5100     -535.268873918055
           112.0000     -7.5200     -520.765908144390
           112.0100     -7.5200     -529.529079923952
           112.0200     -7.5200     -537.615793296174
           112.0300     -7.5200     -545.761216755761
           112.0400     -7.5200     -554.643769471206
           112.0500     -7.5200     -564.782508737699
           112.0600     -7.5200     -576.445735344462
           112.0700     -7.5200     -589.586218585458
           112.0800     -7.5200     -603.815058329826
           112.0900     -7.5200     -618.420913410513
           112.1000     -7.5200     -632.434891533448
           112.1100     -7.5200     -644.734738492004
           112.1200     -7.5200     -654.176040247638
           112.1300     -7.5200     -659.733817042097
           112.1400     -7.5200     -660.635781718329
           112.1500     -7.5200     -656.468985344696
           112.1600     -7.5200     -647.244559980716
           112.1700     -7.5200     -633.410419375760
           112.1800     -7.5200     -615.808422948340
           112.1900     -7.5200     -595.579767943130
           112.2000     -7.5200     -574.029281302344
           112.2100     -7.5200     -552.464909698928
           112.2200     -7.5200     -532.032291981433
           112.2300     -7.5200     -513.565348881176
           112.2400     -7.5200     -497.472179139492
           112.2500     -7.5200     -483.671402467427
           112.2600     -7.5200     -471.587959610732
           112.2700     -7.5200     -460.210049277259
           112.2800     -7.5200     -448.201288148336
           112.2900     -7.5200     -434.055294379649
           112.3000     -7.5200     -416.274594397030
           112.3100     -7.5200     -393.552708126590
           112.3200     -7.5200     -364.937857281078
           112.3300     -7.5200     -329.959003821358
           112.3400     -7.5200     -288.699558440322
           112.3500     -7.5200     -241.810499626020
           112.3600     -7.5200     -190.461991409222
           112.3700     -7.5200     -136.239950317821
           112.3800     -7.5200      -81.000467669142
           112.3900     -7.5200      -26.699748909674
           112.4000     -7.5200       24.780277592088
           112.4100     -7.5200       71.790571707356
           112.4200     -7.5200      113.040217519289
           112.4300     -7.5200      147.675306102660
           112.4400     -7.5200      175.304574760142
           112.4500     -7.5200      195.971666460864
           112.4600     -7.5200      210.080424031131
           112.4700     -7.5200      218.285159269228
           112.4800     -7.5200      221.361668535299
           112.4900     -7.5200      220.076470052185
           112.5000     -7.5200      215.071166494020
           112.5100     -7.5200      206.776139260871
           112.5200     -7.5200      195.363377886660
           112.5300     -7.5200      180.742766626057
           112.5400     -7.5200      162.600337259950
           112.5500     -7.5200      140.471617338149
           112.5600     -7.5200      113.838937906019
           112.5700     -7.5200       82.238924948534
           112.5800     -7.5200       45.365661929220
           112.5900     -7.5200        3.156192092793
           112.6000     -7.5200      -44.152111958731
           112.6100     -7.5200      -95.998702788202
           112.6200     -7.5200     -151.513225773468
           112.6300     -7.5200     -209.562125309159
           112.6400     -7.5200     -268.821516588203
           112.6500     -7.5200     -327.866524589447
           112.6600     -7.5200     -385.265962316716
           112.6700     -7.5200     -439.671485598908
           112.6800     -7.5200     -489.892090946567
           112.6900     -7.5200     -534.947681406383
           112.7000     -7.5200     -574.098929416231
           112.7100     -7.5200     -606.854257397877
           112.7200     -7.5200     -632.957887870477
           112.7300     -7.5200     -652.365127300085
           112.7400     -7.5200     -665.212040530796
           112.7500     -7.5200     -671.786343363782
           112.7600     -7.5200     -672.504799057955
           112.7700     -7.5200     -667.899952026828
           112.7800     -7.5200     -658.616115260688
           112.7900     -7.5200     -645.411668692459
           112.8000     -7.5200     -629.162439784308
           112.8100     -7.5200     -610.859654480055
           112.8200     -7.5200     -591.595940671991
           112.8300     -7.5200     -572.534210335929
           112.8400     -7.5200     -554.856794964354
           112.8500     -7.5200     -539.695613385587
           112.8600     -7.5200     -528.047906207696
           112.8700     -7.5200     -520.685585753668
           112.8800     -7.5200     -518.068933157036
           112.8900     -7.5200     -520.276722741157
           112.9000     -7.5200     -526.964533286556
           112.9100     -7.5200     -537.360907425894
           112.9200     -7.5200     -550.307288698548
           112.9300     -7.5200     -564.342691243514
           112.9400     -7.5200     -577.828433594595
           112.9500     -7.5200     -589.102719992635
           112.9600     -7.5200     -596.650140783690
           112.9700     -7.5200     -599.267981850344
           112.9800     -7.5200     -596.210110716808
           112.9900     -7.5200     -587.290428466055
           113.0000     -7.5200     -572.931432018769
           112.0000     -7.5300     -609.758414042264
           112.0100     -7.5300     -615.461985705605
           112.0200     -7.5300     -620.012470332583
           112.0300     -7.5300     -624.356432352745
           112.0400     -7.5300     -629.389990616473
           112.0500     -7.5300     -635.836673271644
           112.0600     -7.5300     -644.137157116664
           112.0700     -7.5300     -654.368341856854
           112.0800     -7.5300     -666.205582289372
           112.0900     -7.5300     -678.936146225187
           112.1000     -7.5300     -691.524892891428
           112.1100     -7.5300     -702.725773491859
           112.1200     -7.5300     -711.226088362366
           112.1300     -7.5300     -715.805442256043
           112.1400     -7.5300     -715.488740927788
           112.1500     -7.5300     -709.672761370805
           112.1600     -7.5300     -698.208816767208
           112.1700     -7.5300     -681.429454696279
           112.1800     -7.5300     -660.114270006301
           112.1900     -7.5300     -635.397840889232
           112.2000     -7.5300     -608.630455837127
           112.2100     -7.5300     -581.208668030863
           112.2200     -7.5300     -554.396936690484
           112.2300     -7.5300     -529.163117108145
           112.2400     -7.5300     -506.049124602476
           112.2500     -7.5300     -485.093890411893
           112.2600     -7.5300     -465.819280847653
           112.2700     -7.5300     -447.281789240686
           112.2800     -7.5300     -428.184542265604
           112.2900     -7.5300     -407.036549316913
           112.3000     -7.5300     -382.340140779890
           112.3100     -7.5300     -352.783950774605
           112.3200     -7.5300     -317.418054345720
           112.3300     -7.5300     -275.790053094573
           112.3400     -7.5300     -228.025726194107
           112.3500     -7.5300     -174.844699549178
           112.3600     -7.5300     -117.509556651558
           112.3700     -7.5300      -57.714905956566
           112.3800     -7.5300        2.569887840580
           112.3900     -7.5300       61.285200462313
           112.4000     -7.5300      116.470809219610
           112.4100     -7.5300      166.438479351246
           112.4200     -7.5300      209.907815159227
           112.4300     -7.5300      246.090675315983
           112.4400     -7.5300      274.716122112570
           112.4500     -7.5300      295.995380338141
           112.4600     -7.5300      310.533658943673
           112.4700     -7.5300      319.202010322186
           112.4800     -7.5300      322.986895838068
           112.4900     -7.5300      322.837271469071
           112.5000     -7.5300      319.528596453876
           112.5100     -7.5300      313.560325788301
           112.5200     -7.5300      305.098608123984
           112.5300     -7.5300      293.969752821501
           112.5400     -7.5300      279.703382838793
           112.5500     -7.5300      261.617921600118
           112.5600     -7.5300      238.935963984764
           112.5700     -7.5300      210.913768698484
           112.5800     -7.5300      176.967943020995
           112.5900     -7.5300      136.783439460367
           112.6000     -7.5300       90.390021824804
           112.6100     -7.5300       38.198905771529
           112.6200     -7.5300      -19.003326375336
           112.6300     -7.5300      -80.100944981213
           112.6400     -7.5300     -143.727980148519
           112.6500     -7.5300     -208.368770336900
           112.6600     -7.5300     -272.467184455313
           112.6700     -7.5300     -334.531479400867
           112.6800     -7.5300     -393.223447548743
           112.6900     -7.5300     -447.423630775679
           112.7000     -7.5300     -496.268407436301
           112.7100     -7.5300     -539.159065215841
           112.7200     -7.5300     -575.746908970683
           112.7300     -7.5300     -605.901449471204
           112.7400     -7.5300     -629.670366229893
           112.7500     -7.5300     -647.240040988123
           112.7600     -7.5300     -658.904064311543
           112.7700     -7.5300     -665.044502840204
           112.7800     -7.5300     -666.127342251972
           112.7900     -7.5300     -662.709969532754
           112.8000     -7.5300     -655.455433818616
           112.8100     -7.5300     -645.146069337710
           112.8200     -7.5300     -632.688270545716
           112.8300     -7.5300     -619.100962369028
           112.8400     -7.5300     -605.482549951434
           112.8500     -7.5300     -592.954566643450
           112.8600     -7.5300     -582.584370612613
           112.8700     -7.5300     -575.293442631551
           112.8800     -7.5300     -571.761441737400
           112.8900     -7.5300     -572.338568985115
           112.9000     -7.5300     -576.979508369695
           112.9100     -7.5300     -585.211016558779
           112.9200     -7.5300     -596.142144674303
           112.9300     -7.5300     -608.521396295057
           112.9400     -7.5300     -620.839400871309
           112.9500     -7.5300     -631.469634305344
           112.9600     -7.5300     -638.834157669216
           112.9700     -7.5300     -641.577057658541
           112.9800     -7.5300     -638.725914004456
           112.9900     -7.5300     -629.821619462856
           113.0000     -7.5300     -614.999373836231
           112.0000     -7.5400     -685.681012069016
           112.0100     -7.5400     -688.783150212334
           112.0200     -7.5400     -690.213341052582
           112.0300     -7.5400     -691.136841754417
           112.0400     -7.5400     -692.674462323012
           112.0500     -7.5400     -695.760034064377
           112.0600     -7.5400     -701.010647069208
           112.0700     -7.5400     -708.629200498766
           112.0800     -7.5400     -718.354909151115
           112.0900     -7.5400     -729.471159007156
           112.1000     -7.5400     -740.872367949772
           112.1100     -7.5400     -751.183360892017
           112.1200     -7.5400     -758.917347546707
           112.1300     -7.5400     -762.652936843910
           112.1400     -7.5400     -761.207536946313
           112.1500     -7.5400     -753.784428258606
           112.1600     -7.5400     -740.073803035747
           112.1700     -7.5400     -720.293767111108
           112.1800     -7.5400     -695.164958418230
           112.1900     -7.5400     -665.821047572579
           112.2000     -7.5400     -633.665809341747
           112.2100     -7.5400     -600.194571326081
           112.2200     -7.5400     -566.802707098082
           112.2300     -7.5400     -534.605789836156
           112.2400     -7.5400     -504.294785327139
           112.2500     -7.5400     -476.045384273353
           112.2600     -7.5400     -449.493796042580
           112.2700     -7.5400     -423.782919438410
           112.2800     -7.5400     -397.673853599195
           112.2900     -7.5400     -369.709367524134
           112.3000     -7.5400     -338.409284085923
           112.3100     -7.5400     -302.473608739864
           112.3200     -7.5400     -260.968170230279
           112.3300     -7.5400     -213.469670251831
           112.3400     -7.5400     -160.152080361635
           112.3500     -7.5400     -101.803624541808
           112.3600     -7.5400      -39.772206363037
           112.3700     -7.5400       24.154020088850
           112.3800     -7.5400       87.916296792095
           112.3900     -7.5400      149.384443892294
           112.4000     -7.5400      206.561492791223
           112.4100     -7.5400      257.769323997425
           112.4200     -7.5400      301.793551258209
           112.4300     -7.5400      337.971251227878
           112.4400     -7.5400      366.212451932828
           112.4500     -7.5400      386.954611619636
           112.4600     -7.5400      401.057577597926
           112.4700     -7.5400      409.653673328914
           112.4800     -7.5400      413.972740576117
           112.4900     -7.5400      415.164549899067
           112.5000     -7.5400      414.140717466124
           112.5100     -7.5400      411.455229900486
           112.5200     -7.5400      407.237332580754
           112.5300     -7.5400      401.183616099211
           112.5400     -7.5400      392.608559619348
           112.5500     -7.5400      380.545538423639
           112.5600     -7.5400      363.884287981310
           112.5700     -7.5400      341.526765860028
           112.5800     -7.5400      312.541718611435
           112.5900     -7.5400      276.299169707743
           112.6000     -7.5400      232.569288620330
           112.6100     -7.5400      181.575174344926
           112.6200     -7.5400      123.995260510670
           112.6300     -7.5400       60.917475356623
           112.6400     -7.5400       -6.246883287325
           112.6500     -7.5400      -75.877111126596
           112.6600     -7.5400     -146.269838800011
           112.6700     -7.5400     -215.763013005015
           112.6800     -7.5400     -282.843194314587
           112.6900     -7.5400     -346.225632132297
           112.7000     -7.5400     -404.901169636671
           112.7100     -7.5400     -458.149125300773
           112.7200     -7.5400     -505.520139685505
           112.7300     -7.5400     -546.796875852532
           112.7400     -7.5400     -581.942886988657
           112.7500     -7.5400     -611.050615459303
           112.7600     -7.5400     -634.298333902149
           112.7700     -7.5400     -651.923122012149
           112.7800     -7.5400     -664.213164941031
           112.7900     -7.5400     -671.518393261356
           112.8000     -7.5400     -674.274458294130
           112.8100     -7.5400     -673.031910200271
           112.8200     -7.5400     -668.480743208820
           112.8300     -7.5400     -661.460501215676
           112.8400     -7.5400     -652.947943048690
           112.8500     -7.5400     -644.017621648035
           112.8600     -7.5400     -635.775162352856
           112.8700     -7.5400     -629.267879704286
           112.8800     -7.5400     -625.381908882931
           112.8900     -7.5400     -624.738524386448
           112.9000     -7.5400     -627.604175946428
           112.9100     -7.5400     -633.828605521387
           112.9200     -7.5400     -642.823111801896
           112.9300     -7.5400     -653.586794107533
           112.9400     -7.5400     -664.782914981383
           112.9500     -7.5400     -674.861077582045
           112.9600     -7.5400     -682.214565605097
           112.9700     -7.5400     -685.356811872394
           112.9800     -7.5400     -683.097326784073
           112.9900     -7.5400     -674.696108055346
           113.0000     -7.5400     -659.976860556013
           112.0000     -7.5500     -746.423873360552
           112.0100     -7.5500     -747.727955524366
           112.0200     -7.5500     -746.796990195227
           112.0300     -7.5500     -745.004425825869
           112.0400     -7.5500     -743.686383306662
           112.0500     -7.5500     -743.978921923521
           112.0600     -7.5500     -746.669028549521
           112.0700     -7.5500     -752.080950257235
           112.0800     -7.5500     -760.015301679619
           112.0900     -7.5500     -769.751621160379
           112.1000     -7.5500     -780.116645102435
           112.1100     -7.5500     -789.611671374696
           112.1200     -7.5500     -796.584217005288
           112.1300     -7.5500     -799.422874806472
           112.1400     -7.5500     -796.750720905733
           112.1500     -7.5500     -787.592333808633
           112.1600     -7.5500     -771.492529609182
           112.1700     -7.5500     -748.570921415352
           112.1800     -7.5500     -719.504598171881
           112.1900     -7.5500     -685.440516632830
           112.2000     -7.5500     -647.848384590314
           112.2100     -7.5500     -608.332667666021
           112.2200     -7.5500     -568.427831426937
           112.2300     -7.5500     -529.403300707821
           112.2400     -7.5500     -492.103551501124
           112.2500     -7.5500     -456.844370993233
           112.2600     -7.5500     -423.379186119076
           112.2700     -7.5500     -390.940389401539
           112.2800     -7.5500     -358.350942468417
           112.2900     -7.5500     -324.192460960432
           112.3000     -7.5500     -287.008653888132
           112.3100     -7.5500     -245.518353336678
           112.3200     -7.5500     -198.811024783738
           112.3300     -7.5500     -146.499766185495
           112.3400     -7.5500      -88.812110524656
           112.3500     -7.5500      -26.606757253050
           112.3600     -7.5500       38.686330809844
           112.3700     -7.5500      105.195409157333
           112.3800     -7.5500      170.790253996491
           112.3900     -7.5500      233.296844693368
           112.4000     -7.5500      290.717158458346
           112.4100     -7.5500      341.427304280426
           112.4200     -7.5500      384.330079008847
           112.4300     -7.5500      418.943856241991
           112.4400     -7.5500      445.417754793390
           112.4500     -7.5500      464.472241715215
           112.4600     -7.5500      477.273531885489
           112.4700     -7.5500      485.258193365881
           112.4800     -7.5500      489.930259132681
           112.4900     -7.5500      492.656173206433
           112.5000     -7.5500      494.482728706150
           112.5100     -7.5500      495.999864188335
           112.5200     -7.5500      497.264244708504
           112.5300     -7.5500      497.791764704588
           112.5400     -7.5500      496.618489461836
           112.5500     -7.5500      492.421203197718
           112.5600     -7.5500      483.681698145545
           112.5700     -7.5500      468.874071620719
           112.5800     -7.5500      446.652150228218
           112.5900     -7.5500      416.014922781664
           112.6000     -7.5500      376.431347898281
           112.6100     -7.5500      327.911575143302
           112.6200     -7.5500      271.018679465951
           112.6300     -7.5500      206.822501494680
           112.6400     -7.5500      136.804129237160
           112.6500     -7.5500       62.725072512105
           112.6600     -7.5500      -13.521389494502
           112.6700     -7.5500      -90.058224496602
           112.6800     -7.5500     -165.155047999207
           112.6900     -7.5500     -237.327567015948
           112.7000     -7.5500     -305.397921330677
           112.7100     -7.5500     -368.513745328628
           112.7200     -7.5500     -426.129646469657
           112.7300     -7.5500     -477.959749338116
           112.7400     -7.5500     -523.913317890018
           112.7500     -7.5500     -564.026820271721
           112.7600     -7.5500     -598.405018521745
           112.7700     -7.5500     -627.180940452361
           112.7800     -7.5500     -650.500394561920
           112.7900     -7.5500     -668.531701855869
           112.8000     -7.5500     -681.496331041013
           112.8100     -7.5500     -689.711919874782
           112.8200     -7.5500     -693.636409954019
           112.8300     -7.5500     -693.901162980299
           112.8400     -7.5500     -691.322129226772
           112.8500     -7.5500     -686.881260808807
           112.8600     -7.5500     -681.674969914252
           112.8700     -7.5500     -676.831860241205
           112.8800     -7.5500     -673.407404350954
           112.8900     -7.5500     -672.267870728261
           112.9000     -7.5500     -673.978885372087
           112.9100     -7.5500     -678.715007577589
           112.9200     -7.5500     -686.205353798067
           112.9300     -7.5500     -695.726687785955
           112.9400     -7.5500     -706.149904379648
           112.9500     -7.5500     -716.039141353616
           112.9600     -7.5500     -723.795724677365
           112.9700     -7.5500     -727.832732806174
           112.9800     -7.5500     -726.761053238067
           112.9900     -7.5500     -719.565126730353
           113.0000     -7.5500     -705.746584694282
           112.0000     -7.5600     -790.640789697126
           112.0100     -7.5600     -791.219448523720
           112.0200     -7.5600     -788.959420434466
           112.0300     -7.5600     -785.414402033912
           112.0400     -7.5600     -782.110304852410
           112.0500     -7.5600     -780.363572963730
           112.0600     -7.5600     -781.114097908356
           112.0700     -7.5600     -784.796345113879
           112.0800     -7.5600     -791.267827721024
           112.0900     -7.5600     -799.806807475552
           112.1000     -7.5600     -809.182045776401
           112.1100     -7.5600     -817.787801897458
           112.1200     -7.5600     -823.828395358248
           112.1300     -7.5600     -825.529736321446
           112.1400     -7.5600     -821.351241973053
           112.1500     -7.5600     -810.171067208820
           112.1600     -7.5600     -791.420685075736
           112.1700     -7.5600     -765.151173696943
           112.1800     -7.5600     -732.022286523189
           112.1900     -7.5600     -693.215361856544
           112.2000     -7.5600     -650.281052708113
           112.2100     -7.5600     -604.941417442493
           112.2200     -7.5600     -558.871968902649
           112.2300     -7.5600     -513.492024468840
           112.2400     -7.5600     -469.790755017208
           112.2500     -7.5600     -428.211804081231
           112.2600     -7.5600     -388.611816959754
           112.2700     -7.5600     -350.298655167647
           112.2800     -7.5600     -312.144714256885
           112.2900     -7.5600     -272.760958004084
           112.3000     -7.5600     -230.709304553571
           112.3100     -7.5600     -184.725889355404
           112.3200     -7.5600     -133.926153376620
           112.3300     -7.5600      -77.964873126620
           112.3400     -7.5600      -17.129887235616
           112.3500     -7.5600       47.643339605798
           112.3600     -7.5600      114.839116497120
           112.3700     -7.5600      182.503250830184
           112.3800     -7.5600      248.441972351468
           112.3900     -7.5600      310.453611263875
           112.4000     -7.5600      366.564360446422
           112.4100     -7.5600      415.238855042557
           112.4200     -7.5600      455.539399804143
           112.4300     -7.5600      487.214060964195
           112.4400     -7.5600      510.702693957098
           112.4500     -7.5600      527.060171312642
           112.4600     -7.5600      537.806314860241
           112.4700     -7.5600      544.721035491634
           112.4800     -7.5600      549.609822962370
           112.4900     -7.5600      554.068197662007
           112.5000     -7.5600      559.273635195673
           112.5100     -7.5600      565.829857717076
           112.5200     -7.5600      573.681750842700
           112.5300     -7.5600      582.110382896034
           112.5400     -7.5600      589.807802824144
           112.5500     -7.5600      595.021712742792
           112.5600     -7.5600      595.751939122155
           112.5700     -7.5600      589.974850856448
           112.5800     -7.5600      575.869157322676
           112.5900     -7.5600      552.017127412038
           112.6000     -7.5600      517.559036084807
           112.6100     -7.5600      472.285005479666
           112.6200     -7.5600      416.656483876948
           112.6300     -7.5600      351.758323147552
           112.6400     -7.5600      279.190647198003
           112.6500     -7.5600      200.916419807809
           112.6600     -7.5600      119.085017674391
           112.6700     -7.5600       35.853718618364
           112.6800     -7.5600      -46.772267359779
           112.6900     -7.5600     -127.064473923412
           112.7000     -7.5600     -203.649656695626
           112.7100     -7.5600     -275.538113711617
           112.7200     -7.5600     -342.104940299781
           112.7300     -7.5600     -403.033498777564
           112.7400     -7.5600     -458.234883330459
           112.7500     -7.5600     -507.759407345648
           112.7600     -7.5600     -551.715900474527
           112.7700     -7.5600     -590.211999030847
           112.7800     -7.5600     -623.324102766844
           112.7900     -7.5600     -651.099974652255
           112.8000     -7.5600     -673.590958278142
           112.8100     -7.5600     -690.905393188027
           112.8200     -7.5600     -703.270838225524
           112.8300     -7.5600     -711.090770811366
           112.8400     -7.5600     -714.981821818476
           112.8500     -7.5600     -715.780295520757
           112.8600     -7.5600     -714.511338349438
           112.8700     -7.5600     -712.319998909141
           112.8800     -7.5600     -710.369710077410
           112.8900     -7.5600     -709.719491804549
           112.9000     -7.5600     -711.195545598313
           112.9100     -7.5600     -715.275193551732
           112.9200     -7.5600     -722.000891629907
           112.9300     -7.5600     -730.939248011534
           112.9400     -7.5600     -741.194892163705
           112.9500     -7.5600     -751.482286311206
           112.9600     -7.5600     -760.251014932518
           112.9700     -7.5600     -765.852733071384
           112.9800     -7.5600     -766.731806357800
           112.9900     -7.5600     -761.617606801478
           113.0000     -7.5600     -749.695056585358
           112.0000     -7.5700     -817.853310066127
           112.0100     -7.5700     -818.950751564610
           112.0200     -7.5700     -816.574900571124
           112.0300     -7.5700     -812.416057686397
           112.0400     -7.5700     -808.149739251351
           112.0500     -7.5700     -805.238328515949
           112.0600     -7.5700     -804.747979186347
           112.0700     -7.5700     -807.206232052956
           112.0800     -7.5700     -812.521051190496
           112.0900     -7.5700     -819.974256668668
           112.1000     -7.5700     -828.292658946472
           112.1100     -7.5700     -835.789892091844
           112.1200     -7.5700     -840.562399617039
           112.1300     -7.5700     -840.715553683885
           112.1400     -7.5700     -834.591518830158
           112.1500     -7.5700     -820.969825524567
           112.1600     -7.5700     -799.214819602535
           112.1700     -7.5700     -769.350808355234
           112.1800     -7.5700     -732.054975759854
           112.1900     -7.5700     -688.568779815212
           112.2000     -7.5700     -640.539174682424
           112.2100     -7.5700     -589.810214095975
           112.2200     -7.5700     -538.192165755130
           112.2300     -7.5700     -487.238317910218
           112.2400     -7.5700     -438.058768527177
           112.2500     -7.5700     -391.195750966010
           112.2600     -7.5700     -346.577070535516
           112.2700     -7.5700     -303.554033853934
           112.2800     -7.5700     -261.019171444963
           112.2900     -7.5700     -217.588527969241
           112.3000     -7.5700     -171.824700566867
           112.3100     -7.5700     -122.471272890656
           112.3200     -7.5700      -68.667554276021
           112.3300     -7.5700      -10.114832666134
           112.3400     -7.5700       52.828594279980
           112.3500     -7.5700      119.137300959962
           112.3600     -7.5700      187.196342397279
           112.3700     -7.5700      254.958088606674
           112.3800     -7.5700      320.159484704412
           112.3900     -7.5700      380.572978606907
           112.4000     -7.5700      434.259767129739
           112.4100     -7.5700      479.793383030179
           112.4200     -7.5700      516.425069545425
           112.4300     -7.5700      544.169438129037
           112.4400     -7.5700      563.798691511260
           112.4500     -7.5700      576.744984008074
           112.4600     -7.5700      584.921862822788
           112.4700     -7.5700      590.485760772005
           112.4800     -7.5700      595.565940904713
           112.4900     -7.5700      601.995208796408
           112.5000     -7.5700      611.073638423973
           112.5100     -7.5700      623.393535812485
           112.5200     -7.5700      638.746419767764
           112.5300     -7.5700      656.122883413259
           112.5400     -7.5700      673.805065342266
           112.5500     -7.5700      689.540493727746
           112.5600     -7.5700      700.776619539126
           112.5700     -7.5700      704.928565024000
           112.5800     -7.5700      699.649268761563
           112.5900     -7.5700      683.071651593885
           112.6000     -7.5700      653.996519986830
           112.6100     -7.5700      612.007071120307
           112.6200     -7.5700      557.500102345964
           112.6300     -7.5700      491.634150826321
           112.6400     -7.5700      416.204509578640
           112.6500     -7.5700      333.463181120511
           112.6600     -7.5700      245.907374347699
           112.6700     -7.5700      156.062515806990
           112.6800     -7.5700       66.284751796748
           112.6900     -7.5700      -21.396178146671
           112.7000     -7.5700     -105.379357871491
           112.7100     -7.5700     -184.534095874403
           112.7200     -7.5700     -258.182407718838
           112.7300     -7.5700     -326.032311042984
           112.7400     -7.5700     -388.077534322903
           112.7500     -7.5700     -444.482615507496
           112.7600     -7.5700     -495.472878167070
           112.7700     -7.5700     -541.246455495764
           112.7800     -7.5700     -581.920811491803
           112.7900     -7.5700     -617.519834074927
           112.8000     -7.5700     -648.000513341497
           112.8100     -7.5700     -673.311515709487
           112.8200     -7.5700     -693.470600846952
           112.8300     -7.5700     -708.644580188604
           112.8400     -7.5700     -719.214851584440
           112.8500     -7.5700     -725.813559477830
           112.8600     -7.5700     -729.319834451915
           112.8700     -7.5700     -730.811726698440
           112.8800     -7.5700     -731.476476174815
           112.8900     -7.5700     -732.488637280189
           112.9000     -7.5700     -734.871287223335
           112.9100     -7.5700     -739.359235443684
           112.9200     -7.5700     -746.284229133338
           112.9300     -7.5700     -755.500386218485
           112.9400     -7.5700     -766.363643864946
           112.9500     -7.5700     -777.772425045006
           112.9600     -7.5700     -788.268842484906
           112.9700     -7.5700     -796.191619452398
           112.9800     -7.5700     -799.864609415103
           112.9900     -7.5700     -797.799350994773
           113.0000     -7.5700     -788.887283223146
           112.0000     -7.5800     -828.481841744536
           112.0100     -7.5800     -831.403864001003
           112.0200     -7.5800     -830.201827548836
           112.0300     -7.5800     -826.646313191164
           112.0400     -7.5800     -822.510225244790
           112.0500     -7.5800     -819.356969643727
           112.0600     -7.5800     -818.344204648501
           112.0700     -7.5800     -820.070263473388
           112.0800     -7.5800     -824.485344334427
           112.0900     -7.5800     -830.881402622736
           112.1000     -7.5800     -837.964448442172
           112.1100     -7.5800     -844.002028049827
           112.1200     -7.5800     -847.028531411881
           112.1300     -7.5800     -845.083005008213
           112.1400     -7.5800     -836.449459434785
           112.1500     -7.5800     -819.868911258497
           112.1600     -7.5800     -794.695728347242
           112.1700     -7.5800     -760.977851260085
           112.1800     -7.5800     -719.450239493350
           112.1900     -7.5800     -671.442163497057
           112.2000     -7.5800     -618.710246948524
           112.2100     -7.5800     -563.218963477543
           112.2200     -7.5800     -506.897300230949
           112.2300     -7.5800     -451.403571524436
           112.2400     -7.5800     -397.929442010335
           112.2500     -7.5800     -347.069193957114
           112.2600     -7.5800     -298.771782013268
           112.2700     -7.5800     -252.382355570416
           112.2800     -7.5800     -206.768105756020
           112.2900     -7.5800     -160.512057296142
           112.3000     -7.5800     -112.149253075416
           112.3100     -7.5800      -60.413887673497
           112.3200     -7.5800       -4.464130529885
           112.3300     -7.5800       55.946092019294
           112.3400     -7.5800      120.372509172814
           112.3500     -7.5800      187.677462547472
           112.3600     -7.5800      256.120973839302
           112.3700     -7.5800      323.536234359724
           112.3800     -7.5800      387.568678573430
           112.3900     -7.5800      445.949204855269
           112.4000     -7.5800      496.767181486355
           112.4100     -7.5800      538.708282868832
           112.4200     -7.5800      571.226047935826
           112.4300     -7.5800      594.623882322888
           112.4400     -7.5800      610.035072957728
           112.4500     -7.5800      619.300898065675
           112.4600     -7.5800      624.759533357357
           112.4700     -7.5800      628.969597392439
           112.4800     -7.5800      634.400451630496
           112.4900     -7.5800      643.125739933229
           112.5000     -7.5800      656.556574713993
           112.5100     -7.5800      675.246265651520
           112.5200     -7.5800      698.790107453798
           112.5300     -7.5800      725.832539419922
           112.5400     -7.5800      754.181349477513
           112.5500     -7.5800      781.016074360296
           112.5600     -7.5800      803.166872039753
           112.5700     -7.5800      817.432218932059
           112.5800     -7.5800      820.899738079463
           112.5900     -7.5800      811.234728341357
           112.6000     -7.5800      786.905431334074
           112.6100     -7.5800      747.322116304349
           112.6200     -7.5800      692.877625031353
           112.6300     -7.5800      624.888749163357
           112.6400     -7.5800      545.449244516981
           112.6500     -7.5800      457.215025084147
           112.6600     -7.5800      363.148974131949
           112.6700     -7.5800      266.256098156509
           112.6800     -7.5800      169.339144499428
           112.6900     -7.5800       74.800519923994
           112.7000     -7.5800      -15.490937110150
           112.7100     -7.5800     -100.259021103717
           112.7200     -7.5800     -178.805690405230
           112.7300     -7.5800     -250.933012299788
           112.7400     -7.5800     -316.818974820238
           112.7500     -7.5800     -376.869389134291
           112.7600     -7.5800     -431.569615212131
           112.7700     -7.5800     -481.358011694653
           112.7800     -7.5800     -526.538211922145
           112.7900     -7.5800     -567.240327475343
           112.8000     -7.5800     -603.433025133434
           112.8100     -7.5800     -634.980294228606
           112.8200     -7.5800     -661.729772258839
           112.8300     -7.5800     -683.614695826061
           112.8400     -7.5800     -700.749545388411
           112.8500     -7.5800     -713.500509313337
           112.8600     -7.5800     -722.515827283146
           112.8700     -7.5800     -728.707303802737
           112.8800     -7.5800     -733.181907052040
           112.8900     -7.5800     -737.130289098066
           112.9000     -7.5800     -741.686139538747
           112.9100     -7.5800     -747.775488762520
           112.9200     -7.5800     -755.977637205595
           112.9300     -7.5800     -766.418893395452
           112.9400     -7.5800     -778.716766133424
           112.9500     -7.5800     -791.986105711961
           112.9600     -7.5800     -804.910721288537
           112.9700     -7.5800     -815.875271706266
           112.9800     -7.5800     -823.143909128729
           112.9900     -7.5800     -825.065384133817
           113.0000     -7.5800     -820.280040888706
           112.0000     -7.5900     -823.796377138865
           112.0100     -7.5900     -829.798268086596
           112.0200     -7.5900     -831.027826939669
           112.0300     -7.5900     -829.271018841020
           112.0400     -7.5900     -826.337520943301
           112.0500     -7.5900     -823.839348090325
           112.0600     -7.5900     -822.984954465725
           112.0700     -7.5900     -824.417289673769
           112.0800     -7.5900     -828.119070929993
           112.0900     -7.5900     -833.399996478382
           112.1000     -7.5900     -838.969905219683
           112.1100     -7.5900     -843.090427931388
           112.1200     -7.5900     -843.787032668557
           112.1300     -7.5900     -839.094998376664
           112.1400     -7.5900     -827.307916942444
           112.1500     -7.5900     -807.196530091103
           112.1600     -7.5900     -778.169206171084
           112.1700     -7.5900     -740.352729062675
           112.1800     -7.5900     -694.582360600277
           112.1900     -7.5900     -642.302003386524
           112.2000     -7.5900     -585.387165507829
           112.2100     -7.5900     -525.913731327498
           112.2200     -7.5900     -465.902888592037
           112.2300     -7.5900     -407.075948591007
           112.2400     -7.5900     -350.651737237961
           112.2500     -7.5900     -297.213829722768
           112.2600     -7.5900     -246.665824462391
           112.2700     -7.5900     -198.281268557797
           112.2800     -7.5900     -150.842262319888
           112.2900     -7.5900     -102.848834903807
           112.3000     -7.5900      -52.771476142061
           112.3100     -7.5900        0.686967462355
           112.3200     -7.5900       58.355620987321
           112.3300     -7.5900      120.418851254263
           112.3400     -7.5900      186.323978288246
           112.3500     -7.5900      254.788249893294
           112.3600     -7.5900      323.907110065510
           112.3700     -7.5900      391.352519639801
           112.3800     -7.5900      454.638044000033
           112.3900     -7.5900      511.418175779592
           112.4000     -7.5900      559.784133573802
           112.4100     -7.5900      598.517890520555
           112.4200     -7.5900      627.270560283715
           112.4300     -7.5900      646.640006177446
           112.4400     -7.5900      658.134588210560
           112.4500     -7.5900      664.023842856112
           112.4600     -7.5900      667.090881116104
           112.4700     -7.5900      670.313647824238
           112.4800     -7.5900      676.511360913898
           112.4900     -7.5900      687.997286365934
           112.5000     -7.5900      706.278882132964
           112.5100     -7.5900      731.841256285981
           112.5200     -7.5900      764.040439354196
           112.5300     -7.5900      801.120314308426
           112.5400     -7.5900      840.352719120855
           112.5500     -7.5900      878.285975767375
           112.5600     -7.5900      911.074628436536
           112.5700     -7.5900      934.853984476394
           112.5800     -7.5900      946.118222238768
           112.5900     -7.5900      942.060894602542
           112.6000     -7.5900      920.841545090734
           112.6100     -7.5900      881.751205692224
           112.6200     -7.5900      825.261602508169
           112.6300     -7.5900      752.956448956822
           112.6400     -7.5900      667.356591939194
           112.6500     -7.5900      571.662382900787
           112.6600     -7.5900      469.445115094619
           112.6700     -7.5900      364.323760748670
           112.6800     -7.5900      259.663145020501
           112.6900     -7.5900      158.325263946726
           112.7000     -7.5900       62.497384096809
           112.7100     -7.5900      -26.390017422713
           112.7200     -7.5900     -107.654088467137
           112.7300     -7.5900     -181.269087364575
           112.7400     -7.5900     -247.713822875361
           112.7500     -7.5900     -307.782818864387
           112.7600     -7.5900     -362.389757616683
           112.7700     -7.5900     -412.390639493116
           112.7800     -7.5900     -458.449379532213
           112.7900     -7.5900     -500.961008197450
           112.8000     -7.5900     -540.038372623041
           112.8100     -7.5900     -575.558563974515
           112.8200     -7.5900     -607.256563084741
           112.8300     -7.5900     -634.846978544435
           112.8400     -7.5900     -658.151113505621
           112.8500     -7.5900     -677.206379979394
           112.8600     -7.5900     -692.338246064029
           112.8700     -7.5900     -704.180951173871
           112.8800     -7.5900     -713.641264836994
           112.8900     -7.5900     -721.808438389738
           112.9000     -7.5900     -729.821942623110
           112.9100     -7.5900     -738.715401768056
           112.9200     -7.5900     -749.259357956348
           112.9300     -7.5900     -761.826522842131
           112.9400     -7.5900     -776.300827625452
           112.9500     -7.5900     -792.046165027664
           112.9600     -7.5900     -807.942944485596
           112.9700     -7.5900     -822.491497485530
           112.9800     -7.5900     -833.972200434622
           112.9900     -7.5900     -840.644174078683
           113.0000     -7.5900     -840.958669454177
           112.0000     -7.6000     -805.787807620690
           112.0100     -7.6000     -815.970081932654
           112.0200     -7.6000     -820.754783362974
           112.0300     -7.6000     -821.874709825251
           112.0400     -7.6000     -821.111691013880
           112.0500     -7.6000     -820.070067921695
           112.0600     -7.6000     -819.965095360905
           112.0700     -7.6000     -821.455826689901
           112.0800     -7.6000     -824.546653662897
           112.0900     -7.6000     -828.572826812392
           112.1000     -7.6000     -832.274155067284
           112.1100     -7.6000     -833.949182479986
           112.1200     -7.6000     -831.671089038539
           112.1300     -7.6000     -823.537883946827
           112.1400     -7.6000     -807.924366590961
           112.1500     -7.6000     -783.702560036967
           112.1600     -7.6000     -750.401032949266
           112.1700     -7.6000     -708.281272547123
           112.1800     -7.6000     -658.320059054882
           112.1900     -7.6000     -602.099206986660
           112.2000     -7.6000     -541.616433254269
           112.2100     -7.6000     -479.041824518436
           112.2200     -7.6000     -416.451951632809
           112.2300     -7.6000     -355.577065680341
           112.2400     -7.6000     -297.595502784535
           112.2500     -7.6000     -243.003537216624
           112.2600     -7.6000     -191.579177546848
           112.2700     -7.6000     -142.446041788457
           112.2800     -7.6000      -94.230078608517
           112.2900     -7.6000      -45.289279812947
           112.3000     -7.6000        6.013664842475
           112.3100     -7.6000       61.032202968872
           112.3200     -7.6000      120.588349336995
           112.3300     -7.6000      184.791478708679
           112.3400     -7.6000      252.950260684021
           112.3500     -7.6000      323.592836989127
           112.3600     -7.6000      394.596431326172
           112.3700     -7.6000      463.413206186199
           112.3800     -7.6000      527.366190664869
           112.3900     -7.6000      583.979196233381
           112.4000     -7.6000      631.299139126159
           112.4100     -7.6000      668.168878240313
           112.4200     -7.6000      694.413685300272
           112.4300     -7.6000      710.914245464111
           112.4400     -7.6000      719.552487369720
           112.4500     -7.6000      723.031938445966
           112.4600     -7.6000      724.589802700336
           112.4700     -7.6000      727.631640617982
           112.4800     -7.6000      735.329679772267
           112.4900     -7.6000      750.231110402532
           112.5000     -7.6000      773.922520270520
           112.5100     -7.6000      806.790872442868
           112.5200     -7.6000      847.910785295870
           112.5300     -7.6000      895.073594955186
           112.5400     -7.6000      944.957472205495
           112.5500     -7.6000      993.421670266865
           112.5600     -7.6000     1035.893734837481
           112.5700     -7.6000     1067.807909717580
           112.5800     -7.6000     1085.047267308131
           112.5900     -7.6000     1084.341930919865
           112.6000     -7.6000     1063.581107934668
           112.6100     -7.6000     1022.006826456037
           112.6200     -7.6000      960.270995711001
           112.6300     -7.6000      880.353011889890
           112.6400     -7.6000      785.350724363480
           112.6500     -7.6000      679.171312283496
           112.6600     -7.6000      566.158907001017
           112.6700     -7.6000      450.701490239738
           112.6800     -7.6000      336.860142949291
           112.6900     -7.6000      228.059197471365
           112.7000     -7.6000      126.866956143898
           112.7100     -7.6000       34.884600885872
           112.7200     -7.6000      -47.252696072056
           112.7300     -7.6000     -119.771916412906
           112.7400     -7.6000     -183.576714170030
           112.7500     -7.6000     -240.009908068586
           112.7600     -7.6000     -290.597908418827
           112.7700     -7.6000     -336.810894416552
           112.7800     -7.6000     -379.868106705822
           112.7900     -7.6000     -420.609607742194
           112.8000     -7.6000     -459.445469537168
           112.8100     -7.6000     -496.382027791725
           112.8200     -7.6000     -531.114123361527
           112.8300     -7.6000     -563.163542381073
           112.8400     -7.6000     -592.038265883975
           112.8500     -7.6000     -617.385306070457
           112.8600     -7.6000     -639.111977067338
           112.8700     -7.6000     -657.456033164643
           112.8800     -7.6000     -672.993351813096
           112.8900     -7.6000     -686.581544090351
           112.9000     -7.6000     -699.247667039475
           112.9100     -7.6000     -712.036725562050
           112.9200     -7.6000     -725.843714835340
           112.9300     -7.6000     -741.254743999782
           112.9400     -7.6000     -758.421929337049
           112.9500     -7.6000     -776.992381229923
           112.9600     -7.6000     -796.104342221488
           112.9700     -7.6000     -814.454363692432
           112.9800     -7.6000     -830.429590877876
           112.9900     -7.6000     -842.290099531691
           113.0000     -7.6000     -848.379036225706
           112.0000     -7.6100     -776.969860807524
           112.0100     -7.6100     -792.190608322538
           112.0200     -7.6100     -801.431693112375
           112.0300     -7.6100     -806.305926797428
           112.0400     -7.6100     -808.503526764123
           112.0500     -7.6100     -809.565056655315
           112.0600     -7.6100     -810.668289644630
           112.0700     -7.6100     -812.459312762728
           112.0800     -7.6100     -814.952680981888
           112.0900     -7.6100     -817.516340483136
           112.1000     -7.6100     -818.945594892564
           112.1100     -7.6100     -817.618146164300
           112.1200     -7.6100     -811.710887606542
           112.1300     -7.6100     -799.450239514287
           112.1400     -7.6100     -779.362655578650
           112.1500     -7.6100     -750.491252686643
           112.1600     -7.6100     -712.548486474179
           112.1700     -7.6100     -665.982938073843
           112.1800     -7.6100     -611.949549203973
           112.1900     -7.6100     -552.185560879494
           112.2000     -7.6100     -488.807251037869
           112.2100     -7.6100     -424.053590591445
           112.2200     -7.6100     -360.010628099930
           112.2300     -7.6100     -298.353678467731
           112.2400     -7.6100     -240.142715769548
           112.2500     -7.6100     -185.699892316673
           112.2600     -7.6100     -134.587606170565
           112.2700     -7.6100      -85.692346090722
           112.2800     -7.6100      -37.405364283913
           112.2900     -7.6100       12.122069876305
           112.3000     -7.6100       64.681715823383
           112.3100     -7.6100      121.709096995834
           112.3200     -7.6100      184.022753648102
           112.3300     -7.6100      251.638913173479
           112.3400     -7.6100      323.689580589809
           112.3500     -7.6100      398.459238766275
           112.3600     -7.6100      473.540199461649
           112.3700     -7.6100      546.091073577832
           112.3800     -7.6100      613.168832867505
           112.3900     -7.6100      672.094349972689
           112.4000     -7.6100      720.805559776004
           112.4100     -7.6100      758.152321397387
           112.4200     -7.6100      784.092808919931
           112.4300     -7.6100      799.762219558307
           112.4400     -7.6100      807.399493958136
           112.4500     -7.6100      810.134813581510
           112.4600     -7.6100      811.657796916385
           112.4700     -7.6100      815.801441885646
           112.4800     -7.6100      826.088062613825
           112.4900     -7.6100      845.289312425218
           112.5000     -7.6100      875.052082241226
           112.5100     -7.6100      915.635570144501
           112.5200     -7.6100      965.792844629525
           112.5300     -7.6100     1022.814153329631
           112.5400     -7.6100     1082.730947786073
           112.5500     -7.6100     1140.661265157169
           112.5600     -7.6100     1191.260903223136
           112.5700     -7.6100     1229.232665874159
           112.5800     -7.6100     1249.839276148305
           112.5900     -7.6100     1249.365127107180
           112.6000     -7.6100     1225.477891034718
           112.6100     -7.6100     1177.452408895105
           112.6200     -7.6100     1106.234852623345
           112.6300     -7.6100     1014.343027057155
           112.6400     -7.6100      905.616737507619
           112.6500     -7.6100      784.848280723972
           112.6600     -7.6100      657.335470790058
           112.6700     -7.6100      528.406819214121
           112.6800     -7.6100      402.969822792733
           112.6900     -7.6100      285.128764702118
           112.7000     -7.6100      177.908700843597
           112.7100     -7.6100       83.108689287774
           112.7200     -7.6100        1.291565611174
           112.7300     -7.6100      -68.098376508220
           112.7400     -7.6100     -126.512651575613
           112.7500     -7.6100     -176.004475025151
           112.7600     -7.6100     -218.903219111145
           112.7700     -7.6100     -257.498470304354
           112.7800     -7.6100     -293.770746022682
           112.7900     -7.6100     -329.197570447133
           112.8000     -7.6100     -364.652103821283
           112.8100     -7.6100     -400.398453049111
           112.8200     -7.6100     -436.174894353503
           112.8300     -7.6100     -471.345162152286
           112.8400     -7.6100     -505.090064094505
           112.8500     -7.6100     -536.607876092944
           112.8600     -7.6100     -565.292597971742
           112.8700     -7.6100     -590.863963930637
           112.8800     -7.6100     -613.431312684030
           112.8900     -7.6100     -633.483813367862
           112.9000     -7.6100     -651.810641783347
           112.9100     -7.6100     -669.364977137342
           112.9200     -7.6100     -687.093758649664
           112.9300     -7.6100     -705.759947668198
           112.9400     -7.6100     -725.784988491651
           112.9500     -7.6100     -747.136185750163
           112.9600     -7.6100     -769.277284533654
           112.9700     -7.6100     -791.191577987080
           112.9800     -7.6100     -811.476631329738
           112.9900     -7.6100     -828.499613215477
           113.0000     -7.6100     -840.593642494202
           112.0000     -7.6200     -740.130092340776
           112.0100     -7.6200     -760.940724652743
           112.0200     -7.6200     -775.250073506939
           112.0300     -7.6200     -784.491366157883
           112.0400     -7.6200     -790.205298939313
           112.0500     -7.6200     -793.816935949249
           112.0600     -7.6200     -796.425143352010
           112.0700     -7.6200     -798.635309699829
           112.0800     -7.6200     -800.460514247972
           112.0900     -7.6200     -801.307042118046
           112.1000     -7.6200     -800.048467562348
           112.1100     -7.6200     -795.180042972877
           112.1200     -7.6200     -785.033578931108
           112.1300     -7.6200     -768.024007419732
           112.1400     -7.6200     -742.893680184399
           112.1500     -7.6200     -708.919946225685
           112.1600     -7.6200     -666.055828751446
           112.1700     -7.6200     -614.982179948209
           112.1800     -7.6200     -557.061434558520
           112.1900     -7.6200     -494.196460358582
           112.2000     -7.6200     -428.611216103323
           112.2100     -7.6200     -362.581167019975
           112.2200     -7.6200     -298.149100830665
           112.2300     -7.6200     -236.865010006409
           112.2400     -7.6200     -179.586542993225
           112.2500     -7.6200     -126.369350056904
           112.2600     -7.6200      -76.465305402126
           112.2700     -7.6200      -28.432498038715
           112.2800     -7.6200       19.654133022910
           112.2900     -7.6200       69.916608587529
           112.3000     -7.6200      124.348282932057
           112.3100     -7.6200      184.491456617150
           112.3200     -7.6200      251.162003672797
           112.3300     -7.6200      324.260141190697
           112.3400     -7.6200      402.696528440982
           112.3500     -7.6200      484.448800314258
           112.3600     -7.6200      566.747131349239
           112.3700     -7.6200      646.370559021654
           112.3800     -7.6200      720.020728200412
           112.3900     -7.6200      784.728430185143
           112.4000     -7.6200      838.242338814848
           112.4100     -7.6200      879.349590318714
           112.4200     -7.6200      908.084443819817
           112.4300     -7.6200      925.793530669517
           112.4400     -7.6200      935.042762869758
           112.4500     -7.6200      939.369871314846
           112.4600     -7.6200      942.905504412533
           112.4700     -7.6200      949.902510214053
           112.4800     -7.6200      964.225364313430
           112.4900     -7.6200      988.858106578420
           112.5000     -7.6200     1025.488729629548
           112.5100     -7.6200     1074.220656241655
           112.5200     -7.6200     1133.448520326385
           112.5300     -7.6200     1199.917442111958
           112.5400     -7.6200     1268.964445028724
           112.5500     -7.6200     1334.919999770816
           112.5600     -7.6200     1391.629328691925
           112.5700     -7.6200     1433.039225061714
           112.5800     -7.6200     1453.788374801175
           112.5900     -7.6200     1449.738428186812
           112.6000     -7.6200     1418.389438774408
           112.6100     -7.6200     1359.136010034498
           112.6200     -7.6200     1273.338065138650
           112.6300     -7.6200     1164.200518929916
           112.6400     -7.6200     1036.476909757567
           112.6500     -7.6200      896.030844894511
           112.6600     -7.6200      749.303791592152
           112.6700     -7.6200      602.746686008317
           112.6800     -7.6200      462.275115035027
           112.6900     -7.6200      332.803332878827
           112.7000     -7.6200      217.901787979648
           112.7100     -7.6200      119.607544403863
           112.7200     -7.6200       38.398897610210
           112.7300     -7.6200      -26.673196867919
           112.7400     -7.6200      -77.721334036252
           112.7500     -7.6200     -117.663469322371
           112.7600     -7.6200     -149.816765959196
           112.7700     -7.6200     -177.492552152963
           112.7800     -7.6200     -203.638169270261
           112.7900     -7.6200     -230.562918548905
           112.8000     -7.6200     -259.772723397672
           112.8100     -7.6200     -291.923231993479
           112.8200     -7.6200     -326.885827970483
           112.8300     -7.6200     -363.907307173452
           112.8400     -7.6200     -401.833463073429
           112.8500     -7.6200     -439.360686515318
           112.8600     -7.6200     -475.278512401356
           112.8700     -7.6200     -508.669767810142
           112.8800     -7.6200     -539.042898716363
           112.8900     -7.6200     -566.381964602318
           112.9000     -7.6200     -591.112134996910
           112.9100     -7.6200     -613.990608622417
           112.9200     -7.6200     -635.943103228909
           112.9300     -7.6200     -657.873127060283
           112.9400     -7.6200     -680.474294454593
           112.9500     -7.6200     -704.074699142828
           112.9600     -7.6200     -728.537101469557
           112.9700     -7.6200     -753.230240496023
           112.9800     -7.6200     -777.076176322528
           112.9900     -7.6200     -798.667664416045
           113.0000     -7.6200     -816.439659794606
           112.0000     -7.6300     -698.054962675537
           112.0100     -7.6300     -724.663626934936
           112.0200     -7.6300     -744.322219335940
           112.0300     -7.6300     -758.237210069920
           112.0400     -7.6300     -767.752518310253
           112.0500     -7.6300     -774.134438813824
           112.0600     -7.6300     -778.367440724586
           112.0700     -7.6300     -780.991708232242
           112.0800     -7.6300     -782.007663331700
           112.0900     -7.6300     -780.863334823302
           112.1000     -7.6300     -776.528607823910
           112.1100     -7.6300     -767.647755707928
           112.1200     -7.6300     -752.750004682622
           112.1300     -7.6300     -730.488879013996
           112.1400     -7.6300     -699.876044613821
           112.1500     -7.6300     -660.475099215350
           112.1600     -7.6300     -612.525388525019
           112.1700     -7.6300     -556.974921753099
           112.1800     -7.6300     -495.413664995411
           112.1900     -7.6300     -429.912288951952
           112.2000     -7.6300     -362.784967020862
           112.2100     -7.6300     -296.306186398124
           112.2200     -7.6300     -232.419125250843
           112.2300     -7.6300     -172.475815949919
           112.2400     -7.6300     -117.046550474398
           112.2500     -7.6300      -65.828003634531
           112.2600     -7.6300      -17.667274858841
           112.2700     -7.6300       29.295997917862
           112.2800     -7.6300       77.383185608109
           112.2900     -7.6300      129.054240589557
           112.3000     -7.6300      186.549047351253
           112.3100     -7.6300      251.538839185847
           112.3200     -7.6300      324.834633315363
           112.3300     -7.6300      406.194153784470
           112.3400     -7.6300      494.257598249228
           112.3500     -7.6300      586.627123603006
           112.3600     -7.6300      680.086937145906
           112.3700     -7.6300      770.942618381523
           112.3800     -7.6300      855.442089827182
           112.3900     -7.6300      930.228631134856
           112.4000     -7.6300      992.770141362687
           112.4100     -7.6300     1041.709456333321
           112.4200     -7.6300     1077.088048289934
           112.4300     -7.6300     1100.409137161365
           112.4400     -7.6300     1114.524602685570
           112.4500     -7.6300     1123.350968011071
           112.4600     -7.6300     1131.440633771003
           112.4700     -7.6300     1143.452927080630
           112.4800     -7.6300     1163.583100566134
           112.4900     -7.6300     1195.014424070798
           112.5000     -7.6300     1239.457973163820
           112.5100     -7.6300     1296.836546517316
           112.5200     -7.6300     1365.154168107837
           112.5300     -7.6300     1440.572506034959
           112.5400     -7.6300     1517.692558055362
           112.5500     -7.6300     1590.016769244361
           112.5600     -7.6300     1650.546061904579
           112.5700     -7.6300     1692.450498819169
           112.5800     -7.6300     1709.743328485576
           112.5900     -7.6300     1697.887045534483
           112.6000     -7.6300     1654.266993479425
           112.6100     -7.6300     1578.482156746386
           112.6200     -7.6300     1472.422509833844
           112.6300     -7.6300     1340.125342724796
           112.6400     -7.6300     1187.426718320299
           112.6500     -7.6300     1021.445935399082
           112.6600     -7.6300      849.958125438265
           112.6700     -7.6300      680.721005704841
           112.6800     -7.6300      520.825210010796
           112.6900     -7.6300      376.133275326118
           112.7000     -7.6300      250.860933012871
           112.7100     -7.6300      147.337304269562
           112.7200     -7.6300       65.960019244152
           112.7300     -7.6300        5.339619514499
           112.7400     -7.6300      -37.392620463037
           112.7500     -7.6300      -66.155827045886
           112.7600     -7.6300      -85.423009339156
           112.7700     -7.6300      -99.714736154713
           112.7800     -7.6300     -113.138480181315
           112.7900     -7.6300     -129.020456040780
           112.8000     -7.6300     -149.663148858653
           112.8100     -7.6300     -176.244952852782
           112.8200     -7.6300     -208.860563093967
           112.8300     -7.6300     -246.684174069353
           112.8400     -7.6300     -288.224090983404
           112.8500     -7.6300     -331.628544855156
           112.8600     -7.6300     -374.999178890098
           112.8700     -7.6300     -416.670982572427
           112.8800     -7.6300     -455.424823030615
           112.8900     -7.6300     -490.609978888898
           112.9000     -7.6300     -522.167596061509
           112.9100     -7.6300     -550.559913065848
           112.9200     -7.6300     -576.622622819341
           112.9300     -7.6300     -601.367280714497
           112.9400     -7.6300     -625.766114897768
           112.9500     -7.6300     -650.552401274536
           112.9600     -7.6300     -676.065818404451
           112.9700     -7.6300     -702.164578447220
           112.9800     -7.6300     -728.215810194356
           112.9900     -7.6300     -753.164138681753
           113.0000     -7.6300     -775.667265539463
           112.0000     -7.6400     -653.258269189964
           112.0100     -7.6400     -685.522345761034
           112.0200     -7.6400     -710.466131416428
           112.0300     -7.6400     -729.039149604911
           112.0400     -7.6400     -742.356202066198
           112.0500     -7.6400     -751.493660519620
           112.0600     -7.6400     -757.294847583400
           112.0700     -7.6400     -760.215216581834
           112.0800     -7.6400     -760.232396321287
           112.0900     -7.6400     -756.836725815084
           112.1000     -7.6400     -749.105987649413
           112.1100     -7.6400     -735.855346429027
           112.1200     -7.6400     -715.841833437776
           112.1300     -7.6400     -687.993793411620
           112.1400     -7.6400     -651.630868074691
           112.1500     -7.6400     -606.640126108009
           112.1600     -7.6400     -553.578982319137
           112.1700     -7.6400     -493.685002858829
           112.1800     -7.6400     -428.785359397100
           112.1900     -7.6400     -361.112886624697
           112.2000     -7.6400     -293.049472113216
           112.2100     -7.6400     -226.828928242247
           112.2200     -7.6400     -164.238895035562
           112.2300     -7.6400     -106.363535706560
           112.2400     -7.6400      -53.405321877749
           112.2500     -7.6400       -4.615327425548
           112.2600     -7.6400       41.651836680955
           112.2700     -7.6400       87.758380048634
           112.2800     -7.6400      136.495708528625
           112.2900     -7.6400      190.720845853852
           112.3000     -7.6400      252.960652754504
           112.3100     -7.6400      325.034055087377
           112.3200     -7.6400      407.742641170579
           112.3300     -7.6400      500.673568849999
           112.3400     -7.6400      602.146323565077
           112.3500     -7.6400      709.317870815332
           112.3600     -7.6400      818.441166374766
           112.3700     -7.6400      925.252235223654
           112.3800     -7.6400     1025.443611116104
           112.3900     -7.6400     1115.169128096542
           112.4000     -7.6400     1191.518642688601
           112.4100     -7.6400     1252.902259024313
           112.4200     -7.6400     1299.292149619089
           112.4300     -7.6400     1332.285299174312
           112.4400     -7.6400     1354.970781760078
           112.4500     -7.6400     1371.608181768007
           112.4600     -7.6400     1387.146763682208
           112.4700     -7.6400     1406.635198423439
           112.4800     -7.6400     1434.586554396887
           112.4900     -7.6400     1474.370936702619
           112.5000     -7.6400     1527.707517038056
           112.5100     -7.6400     1594.318625401040
           112.5200     -7.6400     1671.791963680304
           112.5300     -7.6400     1755.674652977938
           112.5400     -7.6400     1839.797249906654
           112.5500     -7.6400     1916.799985253126
           112.5600     -7.6400     1978.810284281387
           112.5700     -7.6400     2018.202829372816
           112.5800     -7.6400     2028.363122590467
           112.5900     -7.6400     2004.373938939122
           112.6000     -7.6400     1943.551462968391
           112.6100     -7.6400     1845.773466681196
           112.6200     -7.6400     1713.563866729280
           112.6300     -7.6400     1551.923907640896
           112.6400     -7.6400     1367.927125204140
           112.6500     -7.6400     1170.120120369637
           112.6600     -7.6400      967.791243979149
           112.6700     -7.6400      770.182357420324
           112.6800     -7.6400      585.723521920973
           112.6900     -7.6400      421.366384786964
           112.7000     -7.6400      282.079789708259
           112.7100     -7.6400      170.552278707040
           112.7200     -7.6400       87.122941952493
           112.7300     -7.6400       29.937225155530
           112.7400     -7.6400       -4.699337318365
           112.7500     -7.6400      -21.816303708149
           112.7600     -7.6400      -27.183121975098
           112.7700     -7.6400      -26.690795674127
           112.7800     -7.6400      -25.776440642004
           112.7900     -7.6400      -28.948190862218
           112.8000     -7.6400      -39.453305780635
           112.8100     -7.6400      -59.113635142530
           112.8200     -7.6400      -88.332170991041
           112.8300     -7.6400     -126.254731221206
           112.8400     -7.6400     -171.054157113395
           112.8500     -7.6400     -220.292592670407
           112.8600     -7.6400     -271.311608141097
           112.8700     -7.6400     -321.600516658538
           112.8800     -7.6400     -369.099798297158
           112.8900     -7.6400     -412.407962762054
           112.9000     -7.6400     -450.874776462375
           112.9100     -7.6400     -484.579561281553
           112.9200     -7.6400     -514.208195053525
           112.9300     -7.6400     -540.854665699667
           112.9400     -7.6400     -565.781138630428
           112.9500     -7.6400     -590.173667404667
           112.9600     -7.6400     -614.928759598633
           112.9700     -7.6400     -640.499516601501
           112.9800     -7.6400     -666.820082651735
           112.9900     -7.6400     -693.315158647029
           113.0000     -7.6400     -718.989052135158
           112.0000     -7.6500     -607.742839188385
           112.0100     -7.6500     -645.189158968909
           112.0200     -7.6500     -675.021678423758
           112.0300     -7.6500     -697.923354994880
           112.0400     -7.6500     -714.765878693168
           112.0500     -7.6500     -726.419660118675
           112.0600     -7.6500     -733.571200068738
           112.0700     -7.6500     -736.578163573734
           112.0800     -7.6500     -735.386835086567
           112.0900     -7.6500     -729.527155268824
           112.1000     -7.6500     -718.188582961056
           112.1100     -7.6500     -700.367312155271
           112.1200     -7.6500     -675.063761238765
           112.1300     -7.6500     -641.500472497507
           112.1400     -7.6500     -599.325973768559
           112.1500     -7.6500     -548.770551405591
           112.1600     -7.6500     -490.725363349988
           112.1700     -7.6500     -426.726262816717
           112.1800     -7.6500     -358.836838154773
           112.1900     -7.6500     -289.439746641456
           112.2000     -7.6500     -220.959416861513
           112.2100     -7.6500     -155.550618036245
           112.2200     -7.6500      -94.794536770098
           112.2300     -7.6500      -39.445684939741
           112.2400     -7.6500       10.731283544013
           112.2500     -7.6500       57.005623524036
           112.2600     -7.6500      101.590562455990
           112.2700     -7.6500      147.421664681569
           112.2800     -7.6500      197.823519312075
           112.2900     -7.6500      256.100765613378
           112.3000     -7.6500      325.101519969934
           112.3100     -7.6500      406.807620153791
           112.3200     -7.6500      502.005678933653
           112.3300     -7.6500      610.085506161062
           112.3400     -7.6500      728.998681859357
           112.3500     -7.6500      855.391449151614
           112.3600     -7.6500      984.904824904338
           112.3700     -7.6500     1112.613492183011
           112.3800     -7.6500     1233.556333175498
           112.3900     -7.6500     1343.297833929191
           112.4000     -7.6500     1438.452935755426
           112.4100     -7.6500     1517.109305074923
           112.4200     -7.6500     1579.090559199310
           112.4300     -7.6500     1626.020828569958
           112.4400     -7.6500     1661.173342827360
           112.4500     -7.6500     1689.110964403328
           112.4600     -7.6500     1715.151798207190
           112.4700     -7.6500     1744.715144482448
           112.4800     -7.6500     1782.619393244899
           112.4900     -7.6500     1832.411874810577
           112.5000     -7.6500     1895.809973488328
           112.5100     -7.6500     1972.322833920722
           112.5200     -7.6500     2059.104692439438
           112.5300     -7.6500     2151.066200675845
           112.5400     -7.6500     2241.241809918627
           112.5500     -7.6500     2321.382555192121
           112.5600     -7.6500     2382.717715583633
           112.5700     -7.6500     2416.808836784417
           112.5800     -7.6500     2416.407839010859
           112.5900     -7.6500     2376.228824508726
           112.6000     -7.6500     2293.551067979798
           112.6100     -7.6500     2168.587700829228
           112.6200     -7.6500     2004.578915207755
           112.6300     -7.6500     1807.597410998409
           112.6400     -7.6500     1586.084062761350
           112.6500     -7.6500     1350.160023661152
           112.6600     -7.6500     1110.784584040966
           112.6700     -7.6500      878.843542473035
           112.6800     -7.6500      664.258995864267
           112.6900     -7.6500      475.207750963789
           112.7000     -7.6500      317.522562297604
           112.7100     -7.6500      194.329712800741
           112.7200     -7.6500      105.950516096376
           112.7300     -7.6500       50.066121542917
           112.7400     -7.6500       22.117723119765
           112.7500     -7.6500       15.890908588713
           112.7600     -7.6500       24.215910705515
           112.7700     -7.6500       39.706615279346
           112.7800     -7.6500       55.461048583358
           112.7900     -7.6500       65.654389982741
           112.8000     -7.6500       65.971056919556
           112.8100     -7.6500       53.843031027069
           112.8200     -7.6500       28.484765274544
           112.8300     -7.6500       -9.262031786055
           112.8400     -7.6500      -57.240322362105
           112.8500     -7.6500     -112.397867375321
           112.8600     -7.6500     -171.258461961270
           112.8700     -7.6500     -230.385764023964
           112.8800     -7.6500     -286.786715300561
           112.8900     -7.6500     -338.212953383030
           112.9000     -7.6500     -383.334190717965
           112.9100     -7.6500     -421.775165518010
           112.9200     -7.6500     -454.025180806521
           112.9300     -7.6500     -481.244316661317
           112.9400     -7.6500     -505.001403143115
           112.9500     -7.6500     -526.984650871708
           112.9600     -7.6500     -548.726037435335
           112.9700     -7.6500     -571.375456400978
           112.9800     -7.6500     -595.551224388492
           112.9900     -7.6500     -621.281286061586
           113.0000     -7.6500     -648.036122840492
           112.0000     -7.6600     -562.822684652200
           112.0100     -7.6600     -604.691576957498
           112.0200     -7.6600     -638.720279375376
           112.0300     -7.6600     -665.338494927357
           112.0400     -7.6600     -685.181506110580
           112.0500     -7.6600     -698.914960027182
           112.0600     -7.6600     -707.065625187245
           112.0700     -7.6600     -709.887898541449
           112.0800     -7.6600     -707.290185743236
           112.0900     -7.6600     -698.835773290539
           112.1000     -7.6600     -683.820834270975
           112.1100     -7.6600     -661.419516305006
           112.1200     -7.6600     -630.874541638841
           112.1300     -7.6600     -591.703162791915
           112.1400     -7.6600     -543.884034808851
           112.1500     -7.6600     -487.991371168981
           112.1600     -7.6600     -425.248717138894
           112.1700     -7.6600     -357.485135048629
           112.1800     -7.6600     -286.990219456318
           112.1900     -7.6600     -216.279318875647
           112.2000     -7.6600     -147.794551127385
           112.2100     -7.6600      -83.578603148104
           112.2200     -7.6600      -24.965155215075
           112.2300     -7.6600       27.669123529411
           112.2400     -7.6600       75.051142700252
           112.2500     -7.6600      119.027544052929
           112.2600     -7.6600      162.436972120746
           112.2700     -7.6600      208.843263502562
           112.2800     -7.6600      262.153078494802
           112.2900     -7.6600      326.158206720595
           112.3000     -7.6600      404.055167536739
           112.3100     -7.6600      498.000962679816
           112.3200     -7.6600      608.762816340301
           112.3300     -7.6600      735.511246636130
           112.3400     -7.6600      875.790597008116
           112.3500     -7.6600     1025.680852726849
           112.3600     -7.6600     1180.141525163115
           112.3700     -7.6600     1333.505390317734
           112.3800     -7.6600     1480.069802129643
           112.3900     -7.6600     1614.718786835077
           112.4000     -7.6600     1733.502184318060
           112.4100     -7.6600     1834.099888023118
           112.4200     -7.6600     1916.109859582144
           112.4300     -7.6600     1981.117087971493
           112.4400     -7.6600     2032.525062464926
           112.4500     -7.6600     2075.158891333548
           112.4600     -7.6600     2114.676717248621
           112.4700     -7.6600     2156.850262900074
           112.4800     -7.6600     2206.793204665788
           112.4900     -7.6600     2268.225314172674
           112.5000     -7.6600     2342.859592264453
           112.5100     -7.6600     2429.988760665347
           112.5200     -7.6600     2526.327479394375
           112.5300     -7.6600     2626.139622649870
           112.5400     -7.6600     2721.648835693686
           112.5500     -7.6600     2803.698900156404
           112.5600     -7.6600     2862.601768677747
           112.5700     -7.6600     2889.088807072755
           112.5800     -7.6600     2875.267429762371
           112.5900     -7.6600     2815.482557772931
           112.6000     -7.6600     2706.990596988845
           112.6100     -7.6600     2550.372102855280
           112.6200     -7.6600     2349.635978288867
           112.6300     -7.6600     2112.000019064307
           112.6400     -7.6600     1847.366349012800
           112.6500     -7.6600     1567.542053810866
           112.6600     -7.6600     1285.281635971561
           112.6700     -7.6600     1013.245913557420
           112.6800     -7.6600      762.979762225122
           112.6900     -7.6600      544.007908063918
           112.7000     -7.6600      363.134306563470
           112.7100     -7.6600      224.008145202940
           112.7200     -7.6600      126.990798026225
           112.7300     -7.6600       69.326401574892
           112.7400     -7.6600       45.587637808051
           112.7500     -7.6600       48.341182692924
           112.7600     -7.6600       68.956964002963
           112.7700     -7.6600       98.473882970483
           112.7800     -7.6600      128.432956309029
           112.7900     -7.6600      151.596760026924
           112.8000     -7.6600      162.490356318038
           112.8100     -7.6600      157.721407833009
           112.8200     -7.6600      136.063151809263
           112.8300     -7.6600       98.310258496290
           112.8400     -7.6600       46.941354846720
           112.8500     -7.6600      -14.359397385785
           112.8600     -7.6600      -81.257664825193
           112.8700     -7.6600     -149.333568598299
           112.8800     -7.6600     -214.592139403137
           112.8900     -7.6600     -273.867380756676
           112.9000     -7.6600     -325.084179671073
           112.9100     -7.6600     -367.361756998520
           112.9200     -7.6600     -400.962305827354
           112.9300     -7.6600     -427.106511945221
           112.9400     -7.6600     -447.691737682667
           112.9500     -7.6600     -464.957329837389
           112.9600     -7.6600     -481.144080854739
           112.9700     -7.6600     -498.191422890307
           112.9800     -7.6600     -517.507303246601
           112.9900     -7.6600     -539.833313865321
           113.0000     -7.6600     -565.213351981107
           112.0000     -7.6700     -519.026747351583
           112.0100     -7.6700     -564.334054839997
           112.0200     -7.6700     -601.625315824687
           112.0300     -7.6700     -631.114182255979
           112.0400     -7.6700     -653.228035837161
           112.0500     -7.6700     -668.447278819982
           112.0600     -7.6700     -677.149721175492
           112.0700     -7.6700     -679.489224462728
           112.0800     -7.6700     -675.332069916202
           112.0900     -7.6700     -664.264966858240
           112.1000     -7.6700     -645.676611479800
           112.1100     -7.6700     -618.902034786573
           112.1200     -7.6700     -583.407564955893
           112.1300     -7.6700     -538.985855610245
           112.1400     -7.6700     -485.926480212813
           112.1500     -7.6700     -425.128839948223
           112.1600     -7.6700     -358.130621369555
           112.1700     -7.6700     -287.036054855327
           112.1800     -7.6700     -214.342369250843
           112.1900     -7.6700     -142.678210456069
           112.2000     -7.6700      -74.482235234273
           112.2100     -7.6700      -11.661485567956
           112.2200     -7.6700       44.724295436263
           112.2300     -7.6700       94.705726250480
           112.2400     -7.6700      139.533487829669
           112.2500     -7.6700      181.665877141465
           112.2600     -7.6700      224.602116854096
           112.2700     -7.6700      272.568768027360
           112.2800     -7.6700      330.086347944882
           112.2900     -7.6700      401.460724092544
           112.3000     -7.6700      490.256619786530
           112.3100     -7.6700      598.816713793508
           112.3200     -7.6700      727.888205800024
           112.3300     -7.6700      876.409163264706
           112.3400     -7.6700     1041.490285979086
           112.3500     -7.6700     1218.605689340377
           112.3600     -7.6700     1401.981435965954
           112.3700     -7.6700     1585.145818834494
           112.3800     -7.6700     1761.583899800044
           112.3900     -7.6700     1925.423335181702
           112.4000     -7.6700     2072.071234056225
           112.4100     -7.6700     2198.723923267771
           112.4200     -7.6700     2304.683152419335
           112.4300     -7.6700     2391.432418012319
           112.4400     -7.6700     2462.453606977471
           112.4500     -7.6700     2522.794104237282
           112.4600     -7.6700     2578.424419752618
           112.4700     -7.6700     2635.452710507534
           112.4800     -7.6700     2699.282070542947
           112.4900     -7.6700     2773.806627290162
           112.5000     -7.6700     2860.741842936691
           112.5100     -7.6700     2959.172739289350
           112.5200     -7.6700     3065.382097040426
           112.5300     -7.6700     3172.991268987790
           112.5400     -7.6700     3273.412282485581
           112.5500     -7.6700     3356.575168933035
           112.5600     -7.6700     3411.862883204748
           112.5700     -7.6700     3429.161399055141
           112.5800     -7.6700     3399.917497139274
           112.5900     -7.6700     3318.093239363001
           112.6000     -7.6700     3180.914693455186
           112.6100     -7.6700     2989.332316868849
           112.6200     -7.6700     2748.139432631737
           112.6300     -7.6700     2465.730291159102
           112.6400     -7.6700     2153.516483472536
           112.6500     -7.6700     1825.055873446305
           112.6600     -7.6700     1494.977883111801
           112.6700     -7.6700     1177.809680409632
           112.6800     -7.6700      886.817380184235
           112.6900     -7.6700      632.973828687574
           112.7000     -7.6700      424.150302492742
           112.7100     -7.6700      264.605208766461
           112.7200     -7.6700      154.811403090482
           112.7300     -7.6700       91.628575441469
           112.7400     -7.6700       68.792169601801
           112.7500     -7.6700       77.659270482665
           112.7600     -7.6700      108.128066821424
           112.7700     -7.6700      149.633242003144
           112.7800     -7.6700      192.116204445936
           112.7900     -7.6700      226.876443475910
           112.8000     -7.6700      247.227284973222
           112.8100     -7.6700      248.903689554110
           112.8200     -7.6700      230.198506286763
           112.8300     -7.6700      191.833408968531
           112.8400     -7.6700      136.598260185132
           112.8500     -7.6700       68.814932336897
           112.8600     -7.6700       -6.303549577550
           112.8700     -7.6700      -83.321554434996
           112.8800     -7.6700     -157.202884254368
           112.8900     -7.6700     -223.822988737805
           112.9000     -7.6700     -280.325280880225
           112.9100     -7.6700     -325.296717316155
           112.9200     -7.6700     -358.760332984784
           112.9300     -7.6700     -382.003528462873
           112.9400     -7.6700     -397.278219026444
           112.9500     -7.6700     -407.420679717411
           112.9600     -7.6700     -415.444050966156
           112.9700     -7.6700     -424.154854150009
           112.9800     -7.6700     -435.837185660681
           112.9900     -7.6700     -452.035892075040
           113.0000     -7.6700     -473.454848525949
           112.0000     -7.6800     -476.096183575782
           112.0100     -7.6800     -523.706142130567
           112.0200     -7.6800     -563.152699125834
           112.0300     -7.6800     -594.494029954229
           112.0400     -7.6800     -617.999687771137
           112.0500     -7.6800     -634.002628001261
           112.0600     -7.6800     -642.756225385855
           112.0700     -7.6800     -644.324845785284
           112.0800     -7.6800     -638.530755035557
           112.0900     -7.6800     -624.970501516469
           112.1000     -7.6800     -603.101832485553
           112.1100     -7.6800     -572.389521923094
           112.1200     -7.6800     -532.487156893612
           112.1300     -7.6800     -483.423758445548
           112.1400     -7.6800     -425.760495819757
           112.1500     -7.6800     -360.684457071423
           112.1600     -7.6800     -290.013478461249
           112.1700     -7.6800     -216.097642286366
           112.1800     -7.6800     -141.617764190374
           112.1900     -7.6800      -69.297027602555
           112.2000     -7.6800       -1.556650591216
           112.2100     -7.6800       59.842097991081
           112.2200     -7.6800      114.120914614701
           112.2300     -7.6800      161.723932559158
           112.2400     -7.6800      204.431856522899
           112.2500     -7.6800      245.321993329315
           112.2600     -7.6800      288.563301971251
           112.2700     -7.6800      339.056240031628
           112.2800     -7.6800      401.948022335088
           112.2900     -7.6800      482.072197226780
           112.3000     -7.6800      583.374649297133
           112.3100     -7.6800      708.394255462984
           112.3200     -7.6800      857.864274796757
           112.3300     -7.6800     1030.489968319177
           112.3400     -7.6800     1222.939819444660
           112.3500     -7.6800     1430.063952927571
           112.3600     -7.6800     1645.326620505034
           112.3700     -7.6800     1861.413112879759
           112.3800     -7.6800     2070.948454828772
           112.3900     -7.6800     2267.248727967070
           112.4000     -7.6800     2445.018147596419
           112.4100     -7.6800     2600.907409815934
           112.4200     -7.6800     2733.861451459486
           112.4300     -7.6800     2845.206517927947
           112.4400     -7.6800     2938.455059082412
           112.4500     -7.6800     3018.839313337078
           112.4600     -7.6800     3092.616788270728
           112.4700     -7.6800     3166.219377559727
           112.4800     -7.6800     3245.339081073700
           112.4900     -7.6800     3334.054492110008
           112.5000     -7.6800     3434.101762681367
           112.5100     -7.6800     3544.381357160771
           112.5200     -7.6800     3660.768646280852
           112.5300     -7.6800     3776.264655205783
           112.5400     -7.6800     3881.486473230267
           112.5500     -7.6800     3965.459025466797
           112.5600     -7.6800     4016.635358201084
           112.5700     -7.6800     4024.045260927818
           112.5800     -7.6800     3978.455141263448
           112.5900     -7.6800     3873.417648419991
           112.6000     -7.6800     3706.098284961179
           112.6100     -7.6800     3477.787357476418
           112.6200     -7.6800     3194.036901534042
           112.6300     -7.6800     2864.400328500121
           112.6400     -7.6800     2501.793357684119
           112.6500     -7.6800     2121.533881124500
           112.6600     -7.6800     1740.151513970807
           112.6700     -7.6800     1374.081132928171
           112.6800     -7.6800     1038.366189377697
           112.6900     -7.6800      745.495838365414
           112.7000     -7.6800      504.485251189163
           112.7100     -7.6800      320.282597585415
           112.7200     -7.6800      193.552022774198
           112.7300     -7.6800      120.843299466802
           112.7400     -7.6800       95.119927313217
           112.7500     -7.6800      106.582451397517
           112.7600     -7.6800      143.696327965917
           112.7700     -7.6800      194.316513718677
           112.7800     -7.6800      246.795626929565
           112.7900     -7.6800      290.969212801943
           112.8000     -7.6800      318.929201572957
           112.8100     -7.6800      325.522773617216
           112.8200     -7.6800      308.545372101191
           112.8300     -7.6800      268.629880962175
           112.8400     -7.6800      208.865313620081
           112.8500     -7.6800      134.204406275044
           112.8600     -7.6800       50.737684868023
           112.8700     -7.6800      -35.079715005259
           112.8800     -7.6800     -117.163399885788
           112.8900     -7.6800     -190.422589335584
           112.9000     -7.6800     -251.213786845251
           112.9100     -7.6800     -297.591500873716
           112.9200     -7.6800     -329.347353759195
           112.9300     -7.6800     -347.853126372162
           112.9400     -7.6800     -355.743900399300
           112.9500     -7.6800     -356.492343317644
           112.9600     -7.6800     -353.933004405063
           112.9700     -7.6800     -351.795844312090
           112.9800     -7.6800     -353.301613246395
           112.9900     -7.6800     -360.859433425633
           113.0000     -7.6800     -375.890935330257
           112.0000     -7.6900     -433.076541996735
           112.0100     -7.6900     -481.777965539032
           112.0200     -7.6900     -522.171872728792
           112.0300     -7.6900     -554.242924024631
           112.0400     -7.6900     -578.172902531375
           112.0500     -7.6900     -594.202210956765
           112.0600     -7.6900     -602.497250352157
           112.0700     -7.6900     -603.051765287283
           112.0800     -7.6900     -595.644301310241
           112.0900     -7.6900     -579.864104849165
           112.1000     -7.6900     -555.205573698742
           112.1100     -7.6900     -521.218604091197
           112.1200     -7.6900     -477.690874673751
           112.1300     -7.6900     -424.830097139854
           112.1400     -7.6900     -363.410956613053
           112.1500     -7.6900     -294.853624151969
           112.1600     -7.6900     -221.208333155870
           112.1700     -7.6900     -145.032752447554
           112.1800     -7.6900      -69.164227194382
           112.1900     -7.6900        3.594665609338
           112.2000     -7.6900       70.843704668631
           112.2100     -7.6900      130.960656806971
           112.2200     -7.6900      183.433726749796
           112.2300     -7.6900      229.100128674973
           112.2400     -7.6900      270.247662113896
           112.2500     -7.6900      310.550242558536
           112.2600     -7.6900      354.827427891977
           112.2700     -7.6900      408.639873625603
           112.2800     -7.6900      477.754626564815
           112.2900     -7.6900      567.533353553973
           112.3000     -7.6900      682.310337024809
           112.3100     -7.6900      824.833258550267
           112.3200     -7.6900      995.837206923712
           112.3300     -7.6900     1193.810820940859
           112.3400     -7.6900     1414.993969551242
           112.3500     -7.6900     1653.620897248964
           112.3600     -7.6900     1902.394176621973
           112.3700     -7.6900     2153.146486169197
           112.3800     -7.6900     2397.622658874395
           112.3900     -7.6900     2628.296800914420
           112.4000     -7.6900     2839.131017250822
           112.4100     -7.6900     3026.184811774560
           112.4200     -7.6900     3187.997707709193
           112.4300     -7.6900     3325.690894673251
           112.4400     -7.6900     3442.764367670857
           112.4500     -7.6900     3544.600725266108
           112.4600     -7.6900     3637.721587823826
           112.4700     -7.6900     3728.873390105601
           112.4800     -7.6900     3824.042347969734
           112.4900     -7.6900     3927.510747705076
           112.5000     -7.6900     4041.066578685380
           112.5100     -7.6900     4163.465553048903
           112.5200     -7.6900     4290.219841369996
           112.5300     -7.6900     4413.753898464907
           112.5400     -7.6900     4523.928179734452
           112.5500     -7.6900     4608.890701129843
           112.5600     -7.6900     4656.178854126731
           112.5700     -7.6900     4653.963939439945
           112.5800     -7.6900     4592.312029790684
           112.5900     -7.6900     4464.329313206720
           112.6000     -7.6900     4267.068827837450
           112.6100     -7.6900     4002.097715737499
           112.6200     -7.6900     3675.657523360238
           112.6300     -7.6900     3298.391123270631
           112.6400     -7.6900     2884.654116842118
           112.6500     -7.6900     2451.471317018805
           112.6600     -7.6900     2017.235480264563
           112.6700     -7.6900     1600.271914209021
           112.6800     -7.6900     1217.406108816170
           112.6900     -7.6900      882.670731688342
           112.7000     -7.6900      606.273377446918
           112.7100     -7.6900      393.919096197751
           112.7200     -7.6900      246.545012020382
           112.7300     -7.6900      160.482323053761
           112.7400     -7.6900      128.018209109394
           112.7500     -7.6900      138.291219818802
           112.7600     -7.6900      178.422628159822
           112.7700     -7.6900      234.766115389709
           112.7800     -7.6900      294.150836453607
           112.7900     -7.6900      344.998786638619
           112.8000     -7.6900      378.215386064126
           112.8100     -7.6900      387.779961755011
           112.8200     -7.6900      370.996990333131
           112.8300     -7.6900      328.405636121702
           112.8400     -7.6900      263.380224022407
           112.8500     -7.6900      181.484104352690
           112.8600     -7.6900       89.660920812902
           112.8700     -7.6900       -4.641344725694
           112.8800     -7.6900      -94.317708855043
           112.8900     -7.6900     -173.338940442862
           112.9000     -7.6900     -237.302308321095
           112.9100     -7.6900     -283.757533755306
           112.9200     -7.6900     -312.292766038263
           112.9300     -7.6900     -324.392697816106
           112.9400     -7.6900     -323.104869907455
           112.9500     -7.6900     -312.568297867647
           112.9600     -7.6900     -297.469128892923
           112.9700     -7.6900     -282.490430652443
           112.9800     -7.6900     -271.817747982848
           112.9900     -7.6900     -268.749967916256
           113.0000     -7.6900     -275.448239388940
           112.0000     -7.7000     -388.494803521030
           112.0100     -7.7000     -437.073371188075
           112.0200     -7.7000     -477.177706382017
           112.0300     -7.7000     -508.818969838672
           112.0400     -7.7000     -532.178385109649
           112.0500     -7.7000     -547.473529451818
           112.0600     -7.7000     -554.832580252996
           112.0700     -7.7000     -554.204346770316
           112.0800     -7.7000     -545.325727170037
           112.0900     -7.7000     -527.758141759338
           112.1000     -7.7000     -500.992018199914
           112.1100     -7.7000     -464.605458049023
           112.1200     -7.7000     -418.451839777099
           112.1300     -7.7000     -362.843187810120
           112.1400     -7.7000     -298.693090094614
           112.1500     -7.7000     -227.585539089768
           112.1600     -7.7000     -151.744260847776
           112.1700     -7.7000      -73.890014120297
           112.1800     -7.7000        3.010620303866
           112.1900     -7.7000       76.084426889552
           112.2000     -7.7000      142.942605468166
           112.2100     -7.7000      202.075764262076
           112.2200     -7.7000      253.198853210571
           112.2300     -7.7000      297.492943471358
           112.2400     -7.7000      337.699038883359
           112.2500     -7.7000      378.034154487319
           112.2600     -7.7000      423.920164787394
           112.2700     -7.7000      481.539071436341
           112.2800     -7.7000      557.251512052651
           112.2900     -7.7000      656.935510420645
           112.3000     -7.7000      785.316857852088
           112.3100     -7.7000      945.368917158389
           112.3200     -7.7000     1137.856763677305
           112.3300     -7.7000     1361.088246167915
           112.3400     -7.7000     1610.913775138279
           112.3500     -7.7000     1880.989549059886
           112.3600     -7.7000     2163.288522745411
           112.3700     -7.7000     2448.813270661196
           112.3800     -7.7000     2728.438694397887
           112.3900     -7.7000     2993.793638379490
           112.4000     -7.7000     3238.081530904843
           112.4100     -7.7000     3456.742678461418
           112.4200     -7.7000     3647.875004135726
           112.4300     -7.7000     3812.354634452236
           112.4400     -7.7000     3953.630303996105
           112.4500     -7.7000     4077.202525322048
           112.4600     -7.7000     4189.835676761351
           112.4700     -7.7000     4298.584239068159
           112.4800     -7.7000     4409.739355039804
           112.4900     -7.7000     4527.815515825891
           112.5000     -7.7000     4654.697542226028
           112.5100     -7.7000     4789.054665198311
           112.5200     -7.7000     4926.102531309641
           112.5300     -7.7000     5057.757964148607
           112.5400     -7.7000     5173.189113809288
           112.5500     -7.7000     5259.719832171189
           112.5600     -7.7000     5304.006610322527
           112.5700     -7.7000     5293.373816965620
           112.5800     -7.7000     5217.172083461825
           112.5900     -7.7000     5068.018036788508
           112.6000     -7.7000     4842.782169049950
           112.6100     -7.7000     4543.214744111890
           112.6200     -7.7000     4176.134945371947
           112.6300     -7.7000     3753.152255757479
           112.6400     -7.7000     3289.936658314867
           112.6500     -7.7000     2805.100535036820
           112.6600     -7.7000     2318.795132201397
           112.6700     -7.7000     1851.153847305386
           112.6800     -7.7000     1420.730235293465
           112.6900     -7.7000     1043.078900655129
           112.7000     -7.7000      729.612391773820
           112.7100     -7.7000      486.838565777293
           112.7200     -7.7000      316.043827828588
           112.7300     -7.7000      213.442442409476
           112.7400     -7.7000      170.765644988209
           112.7500     -7.7000      176.221486275083
           112.7600     -7.7000      215.721663428916
           112.7700     -7.7000      274.248505694487
           112.7800     -7.7000      337.225922002304
           112.7900     -7.7000      391.763078411030
           112.8000     -7.7000      427.657877192363
           112.8100     -7.7000      438.076560155471
           112.8200     -7.7000      419.862446512283
           112.8300     -7.7000      373.466741007802
           112.8400     -7.7000      302.533112540604
           112.8500     -7.7000      213.201246316274
           112.8600     -7.7000      113.219458123193
           112.8700     -7.7000       10.970464458079
           112.8800     -7.7000      -85.483433541388
           112.8900     -7.7000     -169.238775572548
           112.9000     -7.7000     -235.195079487817
           112.9100     -7.7000     -280.453014868413
           112.9200     -7.7000     -304.444988559443
           112.9300     -7.7000     -308.806837591570
           112.9400     -7.7000     -297.026525395004
           112.9500     -7.7000     -273.926984892570
           112.9600     -7.7000     -245.053564916724
           112.9700     -7.7000     -216.040966623907
           112.9800     -7.7000     -192.030241605639
           112.9900     -7.7000     -177.194505618654
           113.0000     -7.7000     -174.414452798609
           112.0000     -7.7100     -340.600728459259
           112.0100     -7.7100     -387.901257062663
           112.0200     -7.7100     -426.514624465730
           112.0300     -7.7100     -456.592077368463
           112.0400     -7.7100     -478.414721346370
           112.0500     -7.7100     -492.258659562977
           112.0600     -7.7100     -498.271492725308
           112.0700     -7.7100     -496.388076962876
           112.0800     -7.7100     -486.306886036637
           112.0900     -7.7100     -467.537833716664
           112.1000     -7.7100     -439.519545963308
           112.1100     -7.7100     -401.790803611141
           112.1200     -7.7100     -354.189305472211
           112.1300     -7.7100     -297.042953274440
           112.1400     -7.7100     -231.315993792576
           112.1500     -7.7100     -158.675337020182
           112.1600     -7.7100      -81.451138645383
           112.1700     -7.7100       -2.479371086314
           112.1800     -7.7100       75.169070588318
           112.1900     -7.7100      148.550410971216
           112.2000     -7.7100      215.262654242622
           112.2100     -7.7100      273.862109875367
           112.2200     -7.7100      324.224828317213
           112.2300     -7.7100      367.797118881824
           112.2400     -7.7100      407.688171711731
           112.2500     -7.7100      448.573741986748
           112.2600     -7.7100      496.401251596322
           112.2700     -7.7100      557.911071294727
           112.2800     -7.7100      640.013173727005
           112.2900     -7.7100      749.079628287387
           112.3000     -7.7100      890.228605213761
           112.3100     -7.7100     1066.682351655405
           112.3200     -7.7100     1279.278627388108
           112.3300     -7.7100     1526.202139917763
           112.3400     -7.7100     1802.980641176416
           112.3500     -7.7100     2102.761753865847
           112.3600     -7.7100     2416.854440880233
           112.3700     -7.7100     2735.487061797573
           112.3800     -7.7100     3048.706070994591
           112.3900     -7.7100     3347.319171721106
           112.4000     -7.7100     3623.776941830203
           112.4100     -7.7100     3872.889234362573
           112.4200     -7.7100     4092.287284024706
           112.4300     -7.7100     4282.568202035282
           112.4400     -7.7100     4447.092824874267
           112.4500     -7.7100     4591.446995146257
           112.4600     -7.7100     4722.615889799686
           112.4700     -7.7100     4847.956366474519
           112.4800     -7.7100     4974.079206582724
           112.4900     -7.7100     5105.768180979733
           112.5000     -7.7100     5245.063916123990
           112.5100     -7.7100     5390.627022681550
           112.5200     -7.7100     5537.467959327740
           112.5300     -7.7100     5677.093316067759
           112.5400     -7.7100     5798.073592101109
           112.5500     -7.7100     5886.990963344930
           112.5600     -7.7100     5929.682164978461
           112.5700     -7.7100     5912.656377746608
           112.5800     -7.7100     5824.545001432430
           112.5900     -7.7100     5657.432219021213
           112.6000     -7.7100     5407.923455986609
           112.6100     -7.7100     5077.832587367471
           112.6200     -7.7100     4674.405671971766
           112.6300     -7.7100     4210.045245856334
           112.6400     -7.7100     3701.549872972455
           112.6500     -7.7100     3168.933300293985
           112.6600     -7.7100     2633.930857366689
           112.6700     -7.7100     2118.333019746178
           112.6800     -7.7100     1642.303867720411
           112.6900     -7.7100     1222.843644216737
           112.7000     -7.7100      872.539660627232
           112.7100     -7.7100      598.720110897469
           112.7200     -7.7100      403.084208343223
           112.7300     -7.7100      281.833936122359
           112.7400     -7.7100      226.282776738936
           112.7500     -7.7100      223.870349792637
           112.7600     -7.7100      259.473762786778
           112.7700     -7.7100      316.880497629980
           112.7800     -7.7100      380.276251631212
           112.7900     -7.7100      435.605129772956
           112.8000     -7.7100      471.678065687725
           112.8100     -7.7100      480.935910141609
           112.8200     -7.7100      459.812613154267
           112.8300     -7.7100      408.686891737181
           112.8400     -7.7100      331.452996717834
           112.8500     -7.7100      234.778203659092
           112.8600     -7.7100      127.142733109916
           112.8700     -7.7100       17.774363754122
           112.8800     -7.7100      -84.406176460325
           112.8900     -7.7100     -171.721631028084
           112.9000     -7.7100     -238.468601912969
           112.9100     -7.7100     -281.381780460361
           112.9200     -7.7100     -299.804285423459
           112.9300     -7.7100     -295.569591759579
           112.9400     -7.7100     -272.630880645693
           112.9500     -7.7100     -236.497942081736
           112.9600     -7.7100     -193.557714948121
           112.9700     -7.7100     -150.360941389839
           112.9800     -7.7100     -112.954194758693
           112.9900     -7.7100      -86.324768406698
           113.0000     -7.7100      -74.007555925246
           112.0000     -7.7200     -287.643723812112
           112.0100     -7.7200     -332.617956012787
           112.0200     -7.7200     -368.627173146159
           112.0300     -7.7200     -396.084503214387
           112.0400     -7.7200     -415.479837960396
           112.0500     -7.7200     -427.236825264900
           112.0600     -7.7200     -431.586052001209
           112.0700     -7.7200     -428.482794025918
           112.0800     -7.7200     -417.590676569533
           112.0900     -7.7200     -398.341547870171
           112.1000     -7.7200     -370.068447461567
           112.1100     -7.7200     -332.194790950056
           112.1200     -7.7200     -284.450966218647
           112.1300     -7.7200     -227.081426376913
           112.1400     -7.7200     -161.002574519865
           112.1500     -7.7200      -87.875047545854
           112.1600     -7.7200      -10.063342648505
           112.1700     -7.7200       69.529874981322
           112.1800     -7.7200      147.749746653424
           112.1900     -7.7200      221.571773279422
           112.2000     -7.7200      288.540220766058
           112.2100     -7.7200      347.208815314586
           112.2200     -7.7200      397.523633437554
           112.2300     -7.7200      441.089241223764
           112.2400     -7.7200      481.268386149941
           112.2500     -7.7200      523.082240757552
           112.2600     -7.7200      572.900652922995
           112.2700     -7.7200      637.937519567491
           112.2800     -7.7200      725.592144377689
           112.2900     -7.7200      842.699948010319
           112.3000     -7.7200      994.772082867204
           112.3100     -7.7200     1185.310913869471
           112.3200     -7.7200     1415.285494722146
           112.3300     -7.7200     1682.837844945344
           112.3400     -7.7200     1983.268069245348
           112.3500     -7.7200     2309.316440541470
           112.3600     -7.7200     2651.726772919907
           112.3700     -7.7200     3000.041656289245
           112.3800     -7.7200     3343.550501586218
           112.3900     -7.7200     3672.289624338994
           112.4000     -7.7200     3977.982750314756
           112.4100     -7.7200     4254.812146418009
           112.4200     -7.7200     4499.925399850718
           112.4300     -7.7200     4713.609482887910
           112.4400     -7.7200     4899.099491821243
           112.4500     -7.7200     5062.030496523133
           112.4600     -7.7200     5209.582678532506
           112.4700     -7.7200     5349.407527252073
           112.4800     -7.7200     5488.451788228742
           112.4900     -7.7200     5631.812464719048
           112.5000     -7.7200     5781.758134361291
           112.5100     -7.7200     5937.038455254012
           112.5200     -7.7200     6092.576049306514
           112.5300     -7.7200     6239.595685422521
           112.5400     -7.7200     6366.198954815341
           112.5500     -7.7200     6458.343498549202
           112.5600     -7.7200     6501.139762509296
           112.5700     -7.7200     6480.340436042111
           112.5800     -7.7200     6383.872565969543
           112.5900     -7.7200     6203.252873910735
           112.6000     -7.7200     5934.734381887058
           112.6100     -7.7200     5580.056530245664
           112.6200     -7.7200     5146.709175864941
           112.6300     -7.7200     4647.669222355293
           112.6400     -7.7200     4100.622037174990
           112.6500     -7.7200     3526.732543405389
           112.6600     -7.7200     2949.077271464034
           112.6700     -7.7200     2390.883728774300
           112.6800     -7.7200     1873.743433507816
           112.6900     -7.7200     1415.967746771138
           112.7000     -7.7200     1031.240984072030
           112.7100     -7.7200      727.694840068890
           112.7200     -7.7200      507.485264316787
           112.7300     -7.7200      366.902235693293
           112.7400     -7.7200      296.989840407588
           112.7500     -7.7200      284.604280819716
           112.7600     -7.7200      313.796104351617
           112.7700     -7.7200      367.374213711406
           112.7800     -7.7200      428.495827657159
           112.7900     -7.7200      482.129517783549
           112.8000     -7.7200      516.256976784702
           112.8100     -7.7200      522.710844704004
           112.8200     -7.7200      497.586952497026
           112.8300     -7.7200      441.215065073430
           112.8400     -7.7200      357.717596875463
           112.8500     -7.7200      254.226025680708
           112.8600     -7.7200      139.855778405139
           112.8700     -7.7200       24.559304200567
           112.8800     -7.7200      -82.017574226696
           112.8900     -7.7200     -171.559041511291
           112.9000     -7.7200     -237.885428239345
           112.9100     -7.7200     -277.474262260056
           112.9200     -7.7200     -289.662965749076
           112.9300     -7.7200     -276.535878174238
           112.9400     -7.7200     -242.531588640671
           112.9500     -7.7200     -193.833725673264
           112.9600     -7.7200     -137.626771463140
           112.9700     -7.7200      -81.306672065080
           112.9800     -7.7200      -31.733779292000
           112.9900     -7.7200        5.396043174179
           113.0000     -7.7200       26.005499154179
           112.0000     -7.7300     -228.151342010387
           112.0100     -7.7300     -269.888774295933
           112.0200     -7.7300     -302.306844093363
           112.0300     -7.7300     -326.204651106764
           112.0400     -7.7300     -342.392915202808
           112.0500     -7.7300     -351.535058297555
           112.0600     -7.7300     -354.010755835022
           112.0700     -7.7300     -349.831306745481
           112.0800     -7.7300     -338.628523781421
           112.0900     -7.7300     -319.727092970055
           112.1000     -7.7300     -292.296189875890
           112.1100     -7.7300     -255.561697467584
           112.1200     -7.7300     -209.047901002122
           112.1300     -7.7300     -152.809099490827
           112.1400     -7.7300      -87.608729143928
           112.1500     -7.7300      -15.007152861153
           112.1600     -7.7300       62.670852605543
           112.1700     -7.7300      142.502690829503
           112.1800     -7.7300      221.263729431877
           112.1900     -7.7300      295.827665263683
           112.2000     -7.7300      363.628832633736
           112.2100     -7.7300      423.130135597379
           112.2200     -7.7300      474.233181352810
           112.2300     -7.7300      518.568128600534
           112.2400     -7.7300      559.610206583889
           112.2500     -7.7300      602.587158119023
           112.2600     -7.7300      654.165279470170
           112.2700     -7.7300      721.928627031803
           112.2800     -7.7300      813.693081084473
           112.2900     -7.7300      936.720829439535
           112.3000     -7.7300     1096.918209251541
           112.3100     -7.7300     1298.108124221353
           112.3200     -7.7300     1541.465850164441
           112.3300     -7.7300     1825.193629368641
           112.3400     -7.7300     2144.486068678734
           112.3500     -7.7300     2491.807324936916
           112.3600     -7.7300     2857.465769661880
           112.3700     -7.7300     3230.436341709846
           112.3800     -7.7300     3599.349401236401
           112.3900     -7.7300     3953.541562845042
           112.4000     -7.7300     4284.051878233665
           112.4100     -7.7300     4584.447806153827
           112.4200     -7.7300     4851.380095356821
           112.4300     -7.7300     5084.792849813132
           112.4400     -7.7300     5287.751953904710
           112.4500     -7.7300     5465.897761341434
           112.4600     -7.7300     5626.571720972654
           112.4700     -7.7300     5777.706364342073
           112.4800     -7.7300     5926.599055231534
           112.4900     -7.7300     6078.708213553543
           112.5000     -7.7300     6236.613839470403
           112.5100     -7.7300     6399.271227220770
           112.5200     -7.7300     6561.658746345738
           112.5300     -7.7300     6714.880212191497
           112.5400     -7.7300     6846.733880278412
           112.5500     -7.7300     6942.708720636874
           112.5600     -7.7300     6987.320045599718
           112.5700     -7.7300     6965.656269362147
           112.5800     -7.7300     6864.981236253445
           112.5900     -7.7300     6676.225464832409
           112.6000     -7.7300     6395.206352376897
           112.6100     -7.7300     6023.441446873243
           112.6200     -7.7300     5568.457966644107
           112.6300     -7.7300     5043.551790259309
           112.6400     -7.7300     4467.004863155892
           112.6500     -7.7300     3860.825420100980
           112.6600     -7.7300     3249.124648172762
           112.6700     -7.7300     2656.281115868203
           112.6800     -7.7300     2105.066420007317
           112.6900     -7.7300     1614.909697981606
           112.7000     -7.7300     1200.464514298495
           112.7100     -7.7300      870.610740252737
           112.7200     -7.7300      627.979787251046
           112.7300     -7.7300      469.038724603569
           112.7400     -7.7300      384.713080100545
           112.7500     -7.7300      361.475393645240
           112.7600     -7.7300      382.782364448233
           112.7700     -7.7300      430.712184574576
           112.7800     -7.7300      487.638385273193
           112.7900     -7.7300      537.778451890048
           112.8000     -7.7300      568.473922507161
           112.8100     -7.7300      571.091245484270
           112.8200     -7.7300      541.475450264396
           112.8300     -7.7300      479.936816329558
           112.8400     -7.7300      390.798917364237
           112.8500     -7.7300      281.579555979283
           112.8600     -7.7300      161.909806458558
           112.8700     -7.7300       42.317459240692
           112.8800     -7.7300      -66.992075560630
           112.8900     -7.7300     -157.231951052785
           112.9000     -7.7300     -221.902146831838
           112.9100     -7.7300     -257.355240704983
           112.9200     -7.7300     -263.021714577520
           112.9300     -7.7300     -241.295268708546
           112.9400     -7.7300     -197.114622276802
           112.9500     -7.7300     -137.308041909998
           112.9600     -7.7300      -69.787472623400
           112.9700     -7.7300       -2.688942205661
           112.9800     -7.7300       56.445518455833
           112.9900     -7.7300      101.360950866848
           113.0000     -7.7300      127.594120357577
           112.0000     -7.7400     -161.174634477264
           112.0100     -7.7400     -198.916020414599
           112.0200     -7.7400     -226.904350479280
           112.0300     -7.7400     -246.444967078853
           112.0400     -7.7400     -258.779042047370
           112.0500     -7.7400     -264.900535466145
           112.0600     -7.7400     -265.403308260538
           112.0700     -7.7400     -260.389264912322
           112.0800     -7.7400     -249.460010107862
           112.0900     -7.7400     -231.801866873820
           112.1000     -7.7400     -206.359005665766
           112.1100     -7.7400     -172.074097325188
           112.1200     -7.7400     -128.162683753377
           112.1300     -7.7400      -74.378510758207
           112.1400     -7.7400      -11.224018199104
           112.1500     -7.7400       59.936113245993
           112.1600     -7.7400      136.890080336500
           112.1700     -7.7400      216.738450385968
           112.1800     -7.7400      296.193998636451
           112.1900     -7.7400      371.996932624951
           112.2000     -7.7400      441.401293540618
           112.2100     -7.7400      502.673546807019
           112.2200     -7.7400      555.536428453979
           112.2300     -7.7400      601.491572158832
           112.2400     -7.7400      643.963839789617
           112.2500     -7.7400      688.227991366602
           112.2600     -7.7400      741.102597809784
           112.2700     -7.7400      810.424199069250
           112.2800     -7.7400      904.343264172683
           112.2900     -7.7400     1030.508892436037
           112.3000     -7.7400     1195.227986633704
           112.3100     -7.7400     1402.694062854227
           112.3200     -7.7400     1654.379207624453
           112.3300     -7.7400     1948.669522760806
           112.3400     -7.7400     2280.800699531212
           112.3500     -7.7400     2643.118477512368
           112.3600     -7.7400     3025.652132909661
           112.3700     -7.7400     3416.952009212683
           112.3800     -7.7400     3805.108906137117
           112.3900     -7.7400     4178.848054245780
           112.4000     -7.7400     4528.576792846868
           112.4100     -7.7400     4847.265065404572
           112.4200     -7.7400     5131.052031707685
           112.4300     -7.7400     5379.499380417252
           112.4400     -7.7400     5595.449622239758
           112.4500     -7.7400     5784.491735136926
           112.4600     -7.7400     5954.082105453696
           112.4700     -7.7400     6112.410508269916
           112.4800     -7.7400     6267.133911456765
           112.4900     -7.7400     6424.121049056961
           112.5000     -7.7400     6586.355239421231
           112.5100     -7.7400     6753.130798928198
           112.5200     -7.7400     6919.650490934490
           112.5300     -7.7400     7077.090455441230
           112.5400     -7.7400     7213.149256450543
           112.5500     -7.7400     7313.044436688177
           112.5600     -7.7400     7360.869170912307
           112.5700     -7.7400     7341.178995001330
           112.5800     -7.7400     7240.649085105545
           112.5900     -7.7400     7049.629714048947
           112.6000     -7.7400     6763.433061727762
           112.6100     -7.7400     6383.208219279941
           112.6200     -7.7400     5916.300704748571
           112.6300     -7.7400     5376.044025273607
           112.6400     -7.7400     4780.988366983534
           112.6500     -7.7400     4153.629219142506
           112.6600     -7.7400     3518.750437269763
           112.6700     -7.7400     2901.536347952459
           112.6800     -7.7400     2325.631676344502
           112.6900     -7.7400     1811.333748223996
           112.7000     -7.7400     1374.088009160705
           112.7100     -7.7400     1023.426911719816
           112.7200     -7.7400      762.447039693361
           112.7300     -7.7400      587.864864683993
           112.7400     -7.7400      490.633617318710
           112.7500     -7.7400      457.048555085758
           112.7600     -7.7400      470.221193374409
           112.7700     -7.7400      511.769599405074
           112.7800     -7.7400      563.554879164692
           112.7900     -7.7400      609.294920165731
           112.8000     -7.7400      635.904731948566
           112.8100     -7.7400      634.445939186474
           112.8200     -7.7400      600.612169294086
           112.8300     -7.7400      534.727205845019
           112.8400     -7.7400      441.283330554291
           112.8500     -7.7400      328.092863869410
           112.8600     -7.7400      205.161875466239
           112.8700     -7.7400       83.417925091930
           112.8800     -7.7400      -26.568379543405
           112.8900     -7.7400     -115.735439950793
           112.9000     -7.7400     -177.444653350981
           112.9100     -7.7400     -208.076273213598
           112.9200     -7.7400     -207.265504039602
           112.9300     -7.7400     -177.777867192807
           112.9400     -7.7400     -125.061260535431
           112.9500     -7.7400      -56.544162995772
           112.9600     -7.7400       19.228040850090
           112.9700     -7.7400       93.515538114424
           112.9800     -7.7400      158.263138715209
           112.9900     -7.7400      206.845634843569
           113.0000     -7.7400      234.610237080929
           112.0000     -7.7500      -86.468798605875
           112.0100     -7.7500     -119.603954656601
           112.0200     -7.7500     -142.479605771130
           112.0300     -7.7500     -157.017831909487
           112.0400     -7.7500     -164.992008622223
           112.0500     -7.7500     -167.811330725487
           112.0600     -7.7500     -166.344460193406
           112.0700     -7.7500     -160.815301011315
           112.0800     -7.7500     -150.794639110471
           112.0900     -7.7500     -135.297696166673
           112.1000     -7.7500     -112.981408752863
           112.1100     -7.7500      -82.418794218220
           112.1200     -7.7500      -42.413575063812
           112.1300     -7.7500        7.691433146731
           112.1400     -7.7500       67.762088766361
           112.1500     -7.7500      136.723032745601
           112.1600     -7.7500      212.545499773896
           112.1700     -7.7500      292.391340958699
           112.1800     -7.7500      372.910865166313
           112.1900     -7.7500      450.669806526809
           112.2000     -7.7500      522.660027342542
           112.2100     -7.7500      586.832423207626
           112.2200     -7.7500      642.581419077222
           112.2300     -7.7500      691.110135434927
           112.2400     -7.7500      735.614395475514
           112.2500     -7.7500      781.241662551250
           112.2600     -7.7500      834.805975815144
           112.2700     -7.7500      904.269206216821
           112.2800     -7.7500      998.028993522749
           112.2900     -7.7500     1124.080766787344
           112.3000     -7.7500     1289.141695835161
           112.3100     -7.7500     1497.835318230760
           112.3200     -7.7500     1752.035035029854
           112.3300     -7.7500     2050.452107493220
           112.3400     -7.7500     2388.530121132409
           112.3500     -7.7500     2758.675435209509
           112.3600     -7.7500     3150.815415750728
           112.3700     -7.7500     3553.237572417650
           112.3800     -7.7500     3953.627703806235
           112.3900     -7.7500     4340.198173669640
           112.4000     -7.7500     4702.782074135373
           112.4100     -7.7500     5033.767609730656
           112.4200     -7.7500     5328.760306770061
           112.4300     -7.7500     5586.887640469356
           112.4400     -7.7500     5810.698735067538
           112.4500     -7.7500     6005.656883271007
           112.4600     -7.7500     6179.269735425853
           112.4700     -7.7500     6339.945707657360
           112.4800     -7.7500     6495.700258174676
           112.4900     -7.7500     6652.857830605583
           112.5000     -7.7500     6814.901486452984
           112.5100     -7.7500     6981.611328278150
           112.5200     -7.7500     7148.605478047206
           112.5300     -7.7500     7307.356254198031
           112.5400     -7.7500     7445.703563536575
           112.5500     -7.7500     7548.832853051736
           112.5600     -7.7500     7600.632296862836
           112.5700     -7.7500     7585.299169579978
           112.5800     -7.7500     7489.033743687020
           112.5900     -7.7500     7301.644328686317
           112.6000     -7.7500     7017.891197004603
           112.6100     -7.7500     6638.419994323404
           112.6200     -7.7500     6170.174603063471
           112.6300     -7.7500     5626.231252482529
           112.6400     -7.7500     5025.054465336764
           112.6500     -7.7500     4389.234904339583
           112.6600     -7.7500     3743.822922662552
           112.6700     -7.7500     3114.413822321208
           112.6800     -7.7500     2525.166920623882
           112.6900     -7.7500     1996.947710256793
           112.7000     -7.7500     1545.769928166339
           112.7100     -7.7500     1181.683616073336
           112.7200     -7.7500      908.209629301972
           112.7300     -7.7500      722.365488021104
           112.7400     -7.7500      615.267952670182
           112.7500     -7.7500      573.240589206247
           112.7600     -7.7500      579.305872075358
           112.7700     -7.7500      614.906056165917
           112.7800     -7.7500      661.678601806609
           112.7900     -7.7500      703.111938134246
           112.8000     -7.7500      725.925351959280
           112.8100     -7.7500      721.050408234603
           112.8200     -7.7500      684.136531808675
           112.8300     -7.7500      615.555048209243
           112.8400     -7.7500      519.928385040968
           112.8500     -7.7500      405.258663176333
           112.8600     -7.7500      281.767660227142
           112.8700     -7.7500      160.584443423490
           112.8800     -7.7500       52.425779824330
           112.8900     -7.7500      -33.592553157149
           112.9000     -7.7500      -90.896764746526
           112.9100     -7.7500     -116.064275378543
           112.9200     -7.7500     -109.057093794408
           112.9300     -7.7500      -73.077859322589
           112.9400     -7.7500      -14.087455785180
           112.9500     -7.7500       59.943000781422
           112.9600     -7.7500      139.948969127762
           112.9700     -7.7500      216.749186785377
           112.9800     -7.7500      281.973919386723
           112.9900     -7.7500      328.848763028805
           113.0000     -7.7500      352.760098613759
           112.0000     -7.7600       -4.584989384186
           112.0100     -7.7600      -32.638163889966
           112.0200     -7.7600      -49.868448000555
           112.0300     -7.7600      -58.909919406154
           112.0400     -7.7600      -62.157007154386
           112.0500     -7.7600      -61.508526683597
           112.0600     -7.7600      -58.160904036108
           112.0700     -7.7600      -52.486339358930
           112.0800     -7.7600      -44.021409072831
           112.0900     -7.7600      -31.576702571905
           112.1000     -7.7600      -13.460514936758
           112.1100     -7.7600       12.208167153113
           112.1200     -7.7600       47.137535716028
           112.1300     -7.7600       92.502435190368
           112.1400     -7.7600      148.640166608491
           112.1500     -7.7600      214.853723452888
           112.1600     -7.7600      289.362357129040
           112.1700     -7.7600      369.421674781462
           112.1800     -7.7600      451.613327408669
           112.1900     -7.7600      532.280517055066
           112.2000     -7.7600      608.063185434635
           112.2100     -7.7600      676.468966395546
           112.2200     -7.7600      736.405472539322
           112.2300     -7.7600      788.598103854684
           112.2400     -7.7600      835.826070916124
           112.2500     -7.7600      882.927218824989
           112.2600     -7.7600      936.547772786173
           112.2700     -7.7600     1004.643473226565
           112.2800     -7.7600     1095.770132864601
           112.2900     -7.7600     1218.230495425373
           112.3000     -7.7600     1379.166617604688
           112.3100     -7.7600     1583.699677698464
           112.3200     -7.7600     1834.220040297895
           112.3300     -7.7600     2129.918848098265
           112.3400     -7.7600     2466.629156141245
           112.3500     -7.7600     2837.011937394167
           112.3600     -7.7600     3231.083696757894
           112.3700     -7.7600     3637.042332304929
           112.3800     -7.7600     4042.311044129811
           112.3900     -7.7600     4434.691077898494
           112.4000     -7.7600     4803.496703395205
           112.4100     -7.7600     5140.542617844971
           112.4200     -7.7600     5440.865876708138
           112.4300     -7.7600     5703.090668003467
           112.4400     -7.7600     5929.382207928125
           112.4500     -7.7600     6124.981714664714
           112.4600     -7.7600     6297.362738518795
           112.4700     -7.7600     6455.094541227484
           112.4800     -7.7600     6606.535345499465
           112.4900     -7.7600     6758.502544561297
           112.5000     -7.7600     6915.075162461680
           112.5100     -7.7600     7076.674555406020
           112.5200     -7.7600     7239.543093123084
           112.5300     -7.7600     7395.699873831360
           112.5400     -7.7600     7533.401640641639
           112.5500     -7.7600     7638.081478729810
           112.5600     -7.7600     7693.683734120889
           112.5700     -7.7600     7684.267020160571
           112.5800     -7.7600     7595.713541133448
           112.5900     -7.7600     7417.366274483428
           112.6000     -7.7600     7143.417984630480
           112.6100     -7.7600     6773.897654081443
           112.6200     -7.7600     6315.138632757057
           112.6300     -7.7600     5779.664618695282
           112.6400     -7.7600     5185.488994809260
           112.6500     -7.7600     4554.883674286367
           112.6600     -7.7600     3912.728893875263
           112.6700     -7.7600     3284.599339822624
           112.6800     -7.7600     2694.769824090386
           112.6900     -7.7600     2164.332437735743
           112.7000     -7.7600     1709.605776325992
           112.7100     -7.7600     1340.986730835588
           112.7200     -7.7600     1062.349777220306
           112.7300     -7.7600      871.042649035484
           112.7400     -7.7600      758.466807172032
           112.7500     -7.7600      711.172711880628
           112.7600     -7.7600      712.349732554889
           112.7700     -7.7600      743.553794786475
           112.7800     -7.7600      786.496214274084
           112.7900     -7.7600      824.716335264380
           112.8000     -7.7600      844.978232530244
           112.8100     -7.7600      838.265507735691
           112.8200     -7.7600      800.294074291048
           112.8300     -7.7600      731.515529368394
           112.8400     -7.7600      636.637407134419
           112.8500     -7.7600      523.735506028827
           112.8600     -7.7600      403.072500315688
           112.8700     -7.7600      285.762343567717
           112.8800     -7.7600      182.429344581139
           112.8900     -7.7600      102.003865853310
           112.9000     -7.7600       50.774788537071
           112.9100     -7.7600       31.785215394560
           112.9200     -7.7600       44.616541503649
           112.9300     -7.7600       85.561879368003
           112.9400     -7.7600      148.147846736831
           112.9500     -7.7600      223.928413527591
           112.9600     -7.7600      303.449408803357
           112.9700     -7.7600      377.269649595016
           112.9800     -7.7600      436.925206797795
           112.9900     -7.7600      475.736289881595
           113.0000     -7.7600      489.379478942578
           112.0000     -7.7700       83.140317999066
           112.0100     -7.7700       60.533110523431
           112.0200     -7.7700       49.345216666740
           112.0300     -7.7700       46.155196355168
           112.0400     -7.7700       47.875937872948
           112.0500     -7.7700       52.058556799149
           112.0600     -7.7700       57.136206397163
           112.0700     -7.7700       62.568682187039
           112.0800     -7.7700       68.860034524979
           112.0900     -7.7700       77.437664380878
           112.1000     -7.7700       90.400473217010
           112.1100     -7.7700      110.162968305109
           112.1200     -7.7700      139.039031890323
           112.1300     -7.7700      178.820808095733
           112.1400     -7.7700      230.412888102715
           112.1500     -7.7700      293.578600108927
           112.1600     -7.7700      366.843715525254
           112.1700     -7.7700      447.584357472921
           112.1800     -7.7700      532.302445116157
           112.1900     -7.7700      617.066505963600
           112.2000     -7.7700      698.071440982372
           112.2100     -7.7700      772.251141863780
           112.2200     -7.7700      837.865611150646
           112.2300     -7.7700      894.981469206036
           112.2400     -7.7700      945.772357441197
           112.2500     -7.7700      994.583371448948
           112.2600     -7.7700     1047.729576833849
           112.2700     -7.7700     1113.030022170609
           112.2800     -7.7700     1199.111782024966
           112.2900     -7.7700     1314.549353369923
           112.3000     -7.7700     1466.929207689295
           112.3100     -7.7700     1661.944093611020
           112.3200     -7.7700     1902.624473149427
           112.3300     -7.7700     2188.804329892453
           112.3400     -7.7700     2516.896140669853
           112.3500     -7.7700     2880.017225896703
           112.3600     -7.7700     3268.470492202799
           112.3700     -7.7700     3670.541208716329
           112.3800     -7.7700     4073.532809257549
           112.3900     -7.7700     4464.933538305574
           112.4000     -7.7700     4833.586086014262
           112.4100     -7.7700     5170.726977485775
           112.4200     -7.7700     5470.772571271178
           112.4300     -7.7700     5731.753452889242
           112.4400     -7.7700     5955.336365931115
           112.4500     -7.7700     6146.418639722864
           112.4600     -7.7700     6312.329258336765
           112.4700     -7.7700     6461.717629381354
           112.4800     -7.7700     6603.250211931399
           112.4900     -7.7700     6744.261667560877
           112.5000     -7.7700     6889.517661167710
           112.5100     -7.7700     7040.239187504874
           112.5200     -7.7700     7193.513673260485
           112.5300     -7.7700     7342.178455786431
           112.5400     -7.7700     7475.211703869031
           112.5500     -7.7700     7578.609898299734
           112.5600     -7.7700     7636.675837606180
           112.5700     -7.7700     7633.593014667887
           112.5800     -7.7700     7555.126675560159
           112.5900     -7.7700     7390.273144606975
           112.6000     -7.7700     7132.679470372823
           112.6100     -7.7700     6781.675381926250
           112.6200     -7.7700     6342.797030190961
           112.6300     -7.7700     5827.733129722132
           112.6400     -7.7700     5253.683457247783
           112.6500     -7.7700     4642.180795984948
           112.6600     -7.7700     4017.483692076069
           112.6700     -7.7700     3404.692671639811
           112.6800     -7.7700     2827.771910349497
           112.6900     -7.7700     2307.668558711080
           112.7000     -7.7700     1860.711917031286
           112.7100     -7.7700     1497.445557497749
           112.7200     -7.7700     1222.000525920319
           112.7300     -7.7700     1032.061857633658
           112.7400     -7.7700      919.419900925764
           112.7500     -7.7700      871.038915473898
           112.7600     -7.7700      870.524396309646
           112.7700     -7.7700      899.832899678277
           112.7800     -7.7700      941.047611450866
           112.7900     -7.7700      978.041361444505
           112.8000     -7.7700      997.865998919172
           112.8100     -7.7700      991.740713951680
           112.8200     -7.7700      955.557977594395
           112.8300     -7.7700      889.878981190622
           112.8400     -7.7700      799.444839835620
           112.8500     -7.7700      692.279478792167
           112.8600     -7.7700      578.499827709718
           112.8700     -7.7700      468.974742035619
           112.8800     -7.7700      373.983649348661
           112.8900     -7.7700      302.018841584928
           112.9000     -7.7700      258.853018614704
           112.9100     -7.7700      246.959185382283
           112.9200     -7.7700      265.327600388087
           112.9300     -7.7700      309.679163467738
           112.9400     -7.7700      373.031531751600
           112.9500     -7.7700      446.538019433986
           112.9600     -7.7700      520.493656401641
           112.9700     -7.7700      585.389994645839
           112.9800     -7.7700      632.901148807224
           112.9900     -7.7700      656.697353717267
           113.0000     -7.7700      653.006820424223
           112.0000     -7.7800      174.699455751920
           112.0100     -7.7800      157.816198256535
           112.0200     -7.7800      152.951724664257
           112.0300     -7.7800      155.845386261824
           112.0400     -7.7800      162.666353838570
           112.0500     -7.7800      170.371963420489
           112.0600     -7.7800      176.994560271055
           112.0700     -7.7800      181.813761758436
           112.0800     -7.7800      185.383538896457
           112.0900     -7.7800      189.401253444241
           112.1000     -7.7800      196.426565837201
           112.1100     -7.7800      209.479199685444
           112.1200     -7.7800      231.562987876028
           112.1300     -7.7800      265.176730595901
           112.1400     -7.7800      311.878062547879
           112.1500     -7.7800      371.963560308021
           112.1600     -7.7800      444.316635359468
           112.1700     -7.7800      526.455436127750
           112.1800     -7.7800      614.788179267546
           112.1900     -7.7800      705.056036140034
           112.2000     -7.7800      792.917379176967
           112.2100     -7.7800      874.605349052018
           112.2200     -7.7800      947.576425520777
           112.2300     -7.7800     1011.063225451701
           112.2400     -7.7800     1066.451202057566
           112.2500     -7.7800     1117.416019989196
           112.2600     -7.7800     1169.784498806751
           112.2700     -7.7800     1231.114298528967
           112.2800     -7.7800     1310.022203916174
           112.2900     -7.7800     1415.323719279763
           112.3000     -7.7800     1555.073529600253
           112.3100     -7.7800     1735.613605882031
           112.3200     -7.7800     1960.740767613494
           112.3300     -7.7800     2231.097200910338
           112.3400     -7.7800     2543.866203993176
           112.3500     -7.7800     2892.823330544902
           112.3600     -7.7800     3268.753571907174
           112.3700     -7.7800     3660.202739787889
           112.3800     -7.7800     4054.490781499519
           112.3900     -7.7800     4438.881308027255
           112.4000     -7.7800     4801.779398411844
           112.4100     -7.7800     5133.821811962051
           112.4200     -7.7800     5428.731531337406
           112.4300     -7.7800     5683.831681669069
           112.4400     -7.7800     5900.150093924646
           112.4500     -7.7800     6082.091253688439
           112.4600     -7.7800     6236.702042400479
           112.4700     -7.7800     6372.605843075255
           112.4800     -7.7800     6498.720574451097
           112.4900     -7.7800     6622.905056203126
           112.5000     -7.7800     6750.691107593946
           112.5100     -7.7800     6884.254013217047
           112.5200     -7.7800     7021.751542349144
           112.5300     -7.7800     7157.123723062932
           112.5400     -7.7800     7280.396029394238
           112.5500     -7.7800     7378.472932139390
           112.5600     -7.7800     7436.353095519583
           112.5700     -7.7800     7438.648185225987
           112.5800     -7.7800     7371.249982812162
           112.5900     -7.7800     7222.969690928274
           112.6000     -7.7800     6986.971574550319
           112.6100     -7.7800     6661.840904141174
           112.6200     -7.7800     6252.161837159879
           112.6300     -7.7800     5768.530659759899
           112.6400     -7.7800     5226.988360652986
           112.6500     -7.7800     4647.917454500302
           112.6600     -7.7800     4054.504639621032
           112.6700     -7.7800     3470.917039597971
           112.6800     -7.7800     2920.370366729197
           112.6900     -7.7800     2423.279005877212
           112.7000     -7.7800     1995.669496111795
           112.7100     -7.7800     1648.011163755220
           112.7200     -7.7800     1384.573827891577
           112.7300     -7.7800     1203.367409010146
           112.7400     -7.7800     1096.657976554200
           112.7500     -7.7800     1051.995840794579
           112.7600     -7.7800     1053.640074501639
           112.7700     -7.7800     1084.225756889170
           112.7800     -7.7800     1126.499160774687
           112.7900     -7.7800     1164.944013407089
           112.8000     -7.7800     1187.138688553546
           112.8100     -7.7800     1184.717500797789
           112.8200     -7.7800     1153.855161322875
           112.8300     -7.7800     1095.246610862531
           112.8400     -7.7800     1013.608889065149
           112.8500     -7.7800      916.781460075737
           112.8600     -7.7800      814.541200811329
           112.8700     -7.7800      717.274035246563
           112.8800     -7.7800      634.654603043300
           112.8900     -7.7800      574.477913843321
           112.9000     -7.7800      541.764077833279
           112.9100     -7.7800      538.222007473349
           112.9200     -7.7800      562.114811487987
           112.9300     -7.7800      608.523541200379
           112.9400     -7.7800      669.962224792442
           112.9500     -7.7800      737.260497646610
           112.9600     -7.7800      800.604381585866
           112.9700     -7.7800      850.613281433124
           112.9800     -7.7800      879.332858608564
           112.9900     -7.7800      881.038292807608
           113.0000     -7.7800      852.768279478860
           112.0000     -7.7900      267.619153058623
           112.0100     -7.7900      256.675849906585
           112.0200     -7.7900      258.320409616700
           112.0300     -7.7900      267.427063961727
           112.0400     -7.7900      279.393088386635
           112.0500     -7.7900      290.556890573911
           112.0600     -7.7900      298.533040463998
           112.0700     -7.7900      302.416653270508
           112.0800     -7.7900      302.823199501382
           112.0900     -7.7900      301.749113101110
           112.1000     -7.7900      302.261159550909
           112.1100     -7.7900      308.045503002339
           112.1200     -7.7900      322.867674482899
           112.1300     -7.7900      350.009308588168
           112.1400     -7.7900      391.754314427209
           112.1500     -7.7900      448.994750995446
           112.1600     -7.7900      521.014918473635
           112.1700     -7.7900      605.492114120732
           112.1800     -7.7900      698.726332648690
           112.1900     -7.7900      796.082012874401
           112.2000     -7.7900      892.596373325393
           112.2100     -7.7900      983.684650525591
           112.2200     -7.7900     1065.855973422735
           112.2300     -7.7900     1137.347159848474
           112.2400     -7.7900     1198.586705086039
           112.2500     -7.7900     1252.417551415406
           112.2600     -7.7900     1304.033346569498
           112.2700     -7.7900     1360.615986780187
           112.2800     -7.7900     1430.698476089530
           112.2900     -7.7900     1523.312151803020
           112.3000     -7.7900     1647.006740863949
           112.3100     -7.7900     1808.851664087199
           112.3200     -7.7900     2013.534658500906
           112.3300     -7.7900     2262.667715270094
           112.3400     -7.7900     2554.390736317716
           112.3500     -7.7900     2883.332060994479
           112.3600     -7.7900     3240.945453291804
           112.3700     -7.7900     3616.199739761531
           112.3800     -7.7900     3996.555129115697
           112.3900     -7.7900     4369.124419173126
           112.4000     -7.7900     4721.892293887902
           112.4100     -7.7900     5044.855057845518
           112.4200     -7.7900     5330.948177437386
           112.4300     -7.7900     5576.649780728049
           112.4400     -7.7900     5782.182816064878
           112.4500     -7.7900     5951.283198859897
           112.4600     -7.7900     6090.551012835441
           112.4700     -7.7900     6208.450973562663
           112.4800     -7.7900     6314.071136417096
           112.4900     -7.7900     6415.780078344777
           112.5000     -7.7900     6519.938577109683
           112.5100     -7.7900     6629.819947788975
           112.5200     -7.7900     6744.873481760743
           112.5300     -7.7900     6860.429748067316
           112.5400     -7.7900     6967.898629200072
           112.5500     -7.7900     7055.456121779986
           112.5600     -7.7900     7109.160278913957
           112.5700     -7.7900     7114.386540014686
           112.5800     -7.7900     7057.433882915278
           112.5900     -7.7900     6927.130325784018
           112.6000     -7.7900     6716.262130592498
           112.6100     -7.7900     6422.666344866487
           112.6200     -7.7900     6049.859591880716
           112.6300     -7.7900     5607.123758815460
           112.6400     -7.7900     5109.026253778695
           112.6500     -7.7900     4574.412542939488
           112.6600     -7.7900     4024.965104672334
           112.6700     -7.7900     3483.469497281726
           112.6800     -7.7900     2971.959771638554
           112.6900     -7.7900     2509.928488312912
           112.7000     -7.7900     2112.779708391033
           112.7100     -7.7900     1790.677330080174
           112.7200     -7.7900     1547.898975308529
           112.7300     -7.7900     1382.752009384711
           112.7400     -7.7900     1288.049158160991
           112.7500     -7.7900     1252.083084159758
           112.7600     -7.7900     1259.988527621971
           112.7700     -7.7900     1295.342650118685
           112.7800     -7.7900     1341.832983330801
           112.7900     -7.7900     1384.819912208362
           112.8000     -7.7900     1412.636820669145
           112.8100     -7.7900     1417.503736382707
           112.8200     -7.7900     1395.975572239533
           112.8300     -7.7900     1348.898604482524
           112.8400     -7.7900     1280.902685790439
           112.8500     -7.7900     1199.505894040539
           112.8600     -7.7900     1113.947560090032
           112.8700     -7.7900     1033.890847998365
           112.8800     -7.7900      968.144904364327
           112.8900     -7.7900      923.548578972767
           112.9000     -7.7900      904.134280850321
           112.9100     -7.7900      910.654794684304
           112.9200     -7.7900      940.512249241215
           112.9300     -7.7900      988.082053247153
           112.9400     -7.7900     1045.380781515485
           112.9500     -7.7900     1102.990520219974
           112.9600     -7.7900     1151.126876752265
           112.9700     -7.7900     1180.726135104327
           112.9800     -7.7900     1184.429673601942
           112.9900     -7.7900     1157.359883995112
           113.0000     -7.7900     1097.609073634489
           112.0000     -7.8000      359.233647681677
           112.0100     -7.8000      354.402462889207
           112.0200     -7.8000      362.663998033381
           112.0300     -7.8000      378.028512765850
           112.0400     -7.8000      395.117127822652
           112.0500     -7.8000      409.643503563351
           112.0600     -7.8000      418.801166023000
           112.0700     -7.8000      421.503905892009
           112.0800     -7.8000      418.441519063931
           112.0900     -7.8000      411.934058516479
           112.1000     -7.8000      405.592260412830
           112.1100     -7.8000      403.816822559715
           112.1200     -7.8000      411.191463019608
           112.1300     -7.8000      431.841093585550
           112.1400     -7.8000      468.834555924220
           112.1500     -7.8000      523.709710346083
           112.1600     -7.8000      596.186967612416
           112.1700     -7.8000      684.116632026366
           112.1800     -7.8000      783.677907002785
           112.1900     -7.8000      889.816298632661
           112.2000     -7.8000      996.875230003307
           112.2100     -7.8000     1099.350873811676
           112.2200     -7.8000     1192.680085811448
           112.2300     -7.8000     1273.962612279225
           112.2400     -7.8000     1342.521983275203
           112.2500     -7.8000     1400.224783346089
           112.2600     -7.8000     1451.503904667995
           112.2700     -7.8000     1503.065150114991
           112.2800     -7.8000     1563.294305239473
           112.2900     -7.8000     1641.419047120208
           112.3000     -7.8000     1746.512217789856
           112.3100     -7.8000     1886.445942518915
           112.3200     -7.8000     2066.916691460730
           112.3300     -7.8000     2290.657945160629
           112.3400     -7.8000     2556.939566466061
           112.3500     -7.8000     2861.422953769254
           112.3600     -7.8000     3196.401765055700
           112.3700     -7.8000     3551.413884693031
           112.3800     -7.8000     3914.166490743446
           112.3900     -7.8000     4271.677812018712
           112.4000     -7.8000     4611.511159711239
           112.4100     -7.8000     4922.962691762395
           112.4200     -7.8000     5198.066166623903
           112.4300     -7.8000     5432.295866050345
           112.4400     -7.8000     5624.881199553422
           112.4500     -7.8000     5778.689780894820
           112.4600     -7.8000     5899.685149530051
           112.4700     -7.8000     5996.015130288736
           112.4800     -7.8000     6076.831245374438
           112.4900     -7.8000     6150.973294474697
           112.5000     -7.8000     6225.672038081339
           112.5100     -7.8000     6305.424360261150
           112.5200     -7.8000     6391.178843319060
           112.5300     -7.8000     6479.936931146179
           112.5400     -7.8000     6564.829290000744
           112.5500     -7.8000     6635.673638266972
           112.5600     -7.8000     6679.965228578160
           112.5700     -7.8000     6684.200629979095
           112.5800     -7.8000     6635.395332812428
           112.5900     -7.8000     6522.630712723443
           112.6000     -7.8000     6338.459081383389
           112.6100     -7.8000     6080.007903773148
           112.6200     -7.8000     5749.654574424383
           112.6300     -7.8000     5355.188157253903
           112.6400     -7.8000     4909.429249362574
           112.6500     -7.8000     4429.337539012973
           112.6600     -7.8000     3934.692164735383
           112.6700     -7.8000     3446.476428178860
           112.6800     -7.8000     2985.130571208993
           112.6900     -7.8000     2568.850616083315
           112.7000     -7.8000     2212.106125986366
           112.7100     -7.8000     1924.525805409214
           112.7200     -7.8000     1710.259872503181
           112.7300     -7.8000     1567.876634624221
           112.7400     -7.8000     1490.793481444989
           112.7500     -7.8000     1468.185967320100
           112.7600     -7.8000     1486.269036690001
           112.7700     -7.8000     1529.807155149901
           112.7800     -7.8000     1583.689093173165
           112.7900     -7.8000     1634.400434140192
           112.8000     -7.8000     1671.242515070284
           112.8100     -7.8000     1687.178370192570
           112.8200     -7.8000     1679.230458518174
           112.8300     -7.8000     1648.406324063471
           112.8400     -7.8000     1599.180966473891
           112.8500     -7.8000     1538.612678553148
           112.8600     -7.8000     1475.207180636609
           112.8700     -7.8000     1417.669037033611
           112.8800     -7.8000     1373.687236278921
           112.8900     -7.8000     1348.893014311242
           112.9000     -7.8000     1346.103961720619
           112.9100     -7.8000     1364.932335045969
           112.9200     -7.8000     1401.791723089665
           112.9300     -7.8000     1450.289978003555
           112.9400     -7.8000     1501.952909625340
           112.9500     -7.8000     1547.187477531306
           112.9600     -7.8000     1576.368893467445
           112.9700     -7.8000     1580.925536634841
           112.9800     -7.8000     1554.299604079423
           112.9900     -7.8000     1492.679008446478
           113.0000     -7.8000     1395.424726248011
           112.0000     -7.8100      446.992175399505
           112.0100     -7.8100      448.410693297788
           112.0200     -7.8100      463.331523325491
           112.0300     -7.8100      484.928982402256
           112.0400     -7.8100      507.067546852561
           112.0500     -7.8100      524.849348117014
           112.0600     -7.8100      535.056712590050
           112.0700     -7.8100      536.431797298960
           112.0800     -7.8100      529.751353137849
           112.0900     -7.8100      517.677150712979
           112.1000     -7.8100      504.389043154522
           112.1100     -7.8100      495.034781925763
           112.1200     -7.8100      495.055065402901
           112.1300     -7.8100      509.460604518207
           112.1400     -7.8100      542.147588105850
           112.1500     -7.8100      595.337178331518
           112.1600     -7.8100      669.213172990302
           112.1700     -7.8100      761.810698031776
           112.1800     -7.8100      869.179982515102
           112.1900     -7.8100      985.816204551451
           112.2000     -7.8100     1105.313030872917
           112.2100     -7.8100     1221.167944987336
           112.2200     -7.8100     1327.645586240264
           112.2300     -7.8100     1420.594108232054
           112.2400     -7.8100     1498.110798113997
           112.2500     -7.8100     1560.967188496865
           112.2600     -7.8100     1612.729387332017
           112.2700     -7.8100     1659.543636915197
           112.2800     -7.8100     1709.596312517459
           112.2900     -7.8100     1772.297080978429
           112.3000     -7.8100     1857.268976715854
           112.3100     -7.8100     1973.255334699955
           112.3200     -7.8100     2127.067412437523
           112.3300     -7.8100     2322.696093393506
           112.3400     -7.8100     2560.695927112225
           112.3500     -7.8100     2837.921325156643
           112.3600     -7.8100     3147.656033450854
           112.3700     -7.8100     3480.132387185577
           112.3800     -7.8100     3823.391486161090
           112.3900     -7.8100     4164.394680137711
           112.4000     -7.8100     4490.265569276042
           112.4100     -7.8100     4789.524015208427
           112.4200     -7.8100     5053.171812270094
           112.4300     -7.8100     5275.504236298865
           112.4400     -7.8100     5454.551281845822
           112.4500     -7.8100     5592.093820999586
           112.4600     -7.8100     5693.248512636096
           112.4700     -7.8100     5765.665474294681
           112.4800     -7.8100     5818.428633265588
           112.4900     -7.8100     5860.784842160641
           112.5000     -7.8100     5900.849882807321
           112.5100     -7.8100     5944.444593060234
           112.5200     -7.8100     5994.201684532910
           112.5300     -7.8100     6049.054598498226
           112.5400     -7.8100     6104.177148577585
           112.5500     -7.8100     6151.391499852406
           112.5600     -7.8100     6180.008069043330
           112.5700     -7.8100     6178.010416679375
           112.5800     -7.8100     6133.457015454004
           112.5900     -7.8100     6035.944763865557
           112.6000     -7.8100     5877.969511469462
           112.6100     -7.8100     5656.027920609050
           112.6200     -7.8100     5371.331810524971
           112.6300     -7.8100     5030.047761518732
           112.6400     -7.8100     4643.026530154428
           112.6500     -7.8100     4225.042891613331
           112.6600     -7.8100     3793.620527805066
           112.6700     -7.8100     3367.562395409122
           112.6800     -7.8100     2965.339450549980
           112.6900     -7.8100     2603.506026138511
           112.7000     -7.8100     2295.306857542314
           112.7100     -7.8100     2049.619178542054
           112.7200     -7.8100     1870.335990962291
           112.7300     -7.8100     1756.247856086806
           112.7400     -7.8100     1701.425944432820
           112.7500     -7.8100     1696.054813662890
           112.7600     -7.8100     1727.615565151564
           112.7700     -7.8100     1782.283961370998
           112.7800     -7.8100     1846.387671072864
           112.7900     -7.8100     1907.764115445304
           112.8000     -7.8100     1956.875435128879
           112.8100     -7.8100     1987.567880427126
           112.8200     -7.8100     1997.405676480360
           112.8300     -7.8100     1987.559059695112
           112.8400     -7.8100     1962.276951601240
           112.8500     -7.8100     1928.020840679777
           112.8600     -7.8100     1892.372737415552
           112.8700     -7.8100     1862.852636394463
           112.8800     -7.8100     1845.787500476425
           112.8900     -7.8100     1845.363996921512
           112.9000     -7.8100     1862.972570559473
           112.9100     -7.8100     1896.914111341701
           112.9200     -7.8100     1942.496904166226
           112.9300     -7.8100     1992.505900452956
           112.9400     -7.8100     2037.983893511893
           112.9500     -7.8100     2069.229678950178
           112.9600     -7.8100     2076.895461435955
           112.9700     -7.8100     2053.056911307214
           112.9800     -7.8100     1992.134994587388
           112.9900     -7.8100     1891.567926292089
           113.0000     -7.8100     1752.161745539379
           112.0000     -7.8200      528.762373451529
           112.0100     -7.8200      536.532467487308
           112.0200     -7.8200      558.093952196855
           112.0300     -7.8200      585.838710966176
           112.0400     -7.8200      612.916564475103
           112.0500     -7.8200      633.849086162944
           112.0600     -7.8200      645.028981659645
           112.0700     -7.8200      645.041428815541
           112.0800     -7.8200      634.760803949867
           112.0900     -7.8200      617.200273951542
           112.1000     -7.8200      597.120111642910
           112.1100     -7.8200      580.429899553326
           112.1200     -7.8200      573.446350648390
           112.1300     -7.8200      582.088801651416
           112.1400     -7.8200      611.105671121365
           112.1500     -7.8200      663.425493261330
           112.1600     -7.8200      739.715010801410
           112.1700     -7.8200      838.205121379591
           112.1800     -7.8200      954.815460618403
           112.1900     -7.8200     1083.573431677071
           112.2000     -7.8200     1217.287655473991
           112.2100     -7.8200     1348.403472243289
           112.2200     -7.8200     1469.943349758233
           112.2300     -7.8200     1576.421131100496
           112.2400     -7.8200     1664.618048533223
           112.2500     -7.8200     1734.120890946988
           112.2600     -7.8200     1787.547567465878
           112.2700     -7.8200     1830.419947310178
           112.2800     -7.8200     1870.684401959712
           112.2900     -7.8200     1917.922232529868
           112.3000     -7.8200     1982.330162108000
           112.3100     -7.8200     2073.580661815363
           112.3200     -7.8200     2199.689306937506
           112.3300     -7.8200     2366.019240954862
           112.3400     -7.8200     2574.540463839065
           112.3500     -7.8200     2823.435168100895
           112.3600     -7.8200     3107.102545825517
           112.3700     -7.8200     3416.571613973454
           112.3800     -7.8200     3740.283812303206
           112.3900     -7.8200     4065.163903236622
           112.4000     -7.8200     4377.863206214354
           112.4100     -7.8200     4666.037644136001
           112.4200     -7.8200     4919.517214623721
           112.4300     -7.8200     5131.234256626178
           112.4400     -7.8200     5297.804242137135
           112.4500     -7.8200     5419.691902790361
           112.4600     -7.8200     5500.942879252497
           112.4700     -7.8200     5548.511299178295
           112.4800     -7.8200     5571.260888205541
           112.4900     -7.8200     5578.755829236791
           112.5000     -7.8200     5579.982992255662
           112.5100     -7.8200     5582.156253350196
           112.5200     -7.8200     5589.745191188351
           112.5300     -7.8200     5603.845326244166
           112.5400     -7.8200     5621.968055244422
           112.5500     -7.8200     5638.279985075469
           112.5600     -7.8200     5644.269078603970
           112.5700     -7.8200     5629.764966509276
           112.5800     -7.8200     5584.198803284273
           112.5900     -7.8200     5497.959083714558
           112.6000     -7.8200     5363.687319209424
           112.6100     -7.8200     5177.362923312430
           112.6200     -7.8200     4939.049502128323
           112.6300     -7.8200     4653.212388516164
           112.6400     -7.8200     4328.565372221678
           112.6500     -7.8200     3977.457614675581
           112.6600     -7.8200     3614.863579537698
           112.6700     -7.8200     3257.083486805927
           112.6800     -7.8200     2920.294182207006
           112.6900     -7.8200     2619.106718703907
           112.7000     -7.8200     2365.285554280607
           112.7100     -7.8200     2166.765332152595
           112.7200     -7.8200     2027.067010126393
           112.7300     -7.8200     1945.169681865688
           112.7400     -7.8200     1915.843091350049
           112.7500     -7.8200     1930.394531230917
           112.7600     -7.8200     1977.738426494994
           112.7700     -7.8200     2045.662582371361
           112.7800     -7.8200     2122.145627276871
           112.7900     -7.8200     2196.577646875794
           112.8000     -7.8200     2260.750436596740
           112.8100     -7.8200     2309.513280705296
           112.8200     -7.8200     2341.031059369865
           112.8300     -7.8200     2356.628881315695
           112.8400     -7.8200     2360.255747195994
           112.8500     -7.8200     2357.643357690415
           112.8600     -7.8200     2355.270117564349
           112.8700     -7.8200     2359.260887295317
           112.8800     -7.8200     2374.357959867920
           112.8900     -7.8200     2403.087803730337
           112.9000     -7.8200     2445.222875372089
           112.9100     -7.8200     2497.601461438149
           112.9200     -7.8200     2554.325484468639
           112.9300     -7.8200     2607.311610069976
           112.9400     -7.8200     2647.130015945284
           112.9500     -7.8200     2664.032484983884
           112.9600     -7.8200     2649.050665411412
           112.9700     -7.8200     2595.038545665287
           112.9800     -7.8200     2497.540895332707
           112.9900     -7.8200     2355.390418062816
           113.0000     -7.8200     2170.967940495810
           112.0000     -7.8300      603.090612036455
           112.0100     -7.8300      617.266997940669
           112.0200     -7.8300      645.386432931418
           112.0300     -7.8300      679.134872032110
           112.0400     -7.8300      711.009653114209
           112.0500     -7.8300      734.998373319768
           112.0600     -7.8300      747.135393570779
           112.0700     -7.8300      745.866550780994
           112.0800     -7.8300      732.170603019815
           112.0900     -7.8300      709.411434062461
           112.1000     -7.8300      682.925297371830
           112.1100     -7.8300      659.378839827132
           112.1200     -7.8300      645.962447489079
           112.1300     -7.8300      649.505894405315
           112.1400     -7.8300      675.616281296969
           112.1500     -7.8300      727.939800794966
           112.1600     -7.8300      807.638275738905
           112.1700     -7.8300      913.149476154858
           112.1800     -7.8300     1040.269145042027
           112.1900     -7.8300     1182.555870371502
           112.2000     -7.8300     1332.021667190415
           112.2100     -7.8300     1480.035940044711
           112.2200     -7.8300     1618.342717549847
           112.2300     -7.8300     1740.074261199503
           112.2400     -7.8300     1840.640702788340
           112.2500     -7.8300     1918.386072261515
           112.2600     -7.8300     1974.925073159035
           112.2700     -7.8300     2015.109760183039
           112.2800     -7.8300     2046.617028336112
           112.2900     -7.8300     2079.191763920381
           112.3000     -7.8300     2123.621488892092
           112.3100     -7.8300     2190.551442418897
           112.3200     -7.8300     2289.270208238962
           112.3300     -7.8300     2426.602470614754
           112.3400     -7.8300     2606.036211955634
           112.3500     -7.8300     2827.187444362043
           112.3600     -7.8300     3085.668971690954
           112.3700     -7.8300     3373.384790018844
           112.3800     -7.8300     3679.223676978754
           112.3900     -7.8300     3990.079866817007
           112.4000     -7.8300     4292.090822253281
           112.4100     -7.8300     4571.956512075752
           112.4200     -7.8300     4818.194405859650
           112.4300     -7.8300     5022.190944554358
           112.4400     -7.8300     5178.932920021462
           112.4500     -7.8300     5287.338476281084
           112.4600     -7.8300     5350.153186953508
           112.4700     -7.8300     5373.426580078026
           112.4800     -7.8300     5365.632760239934
           112.4900     -7.8300     5336.539765067825
           112.5000     -7.8300     5295.961164762816
           112.5100     -7.8300     5252.536750961763
           112.5200     -7.8300     5212.685363230536
           112.5300     -7.8300     5179.852379838056
           112.5400     -7.8300     5154.139537844348
           112.5500     -7.8300     5132.359624409801
           112.5600     -7.8300     5108.508490536283
           112.5700     -7.8300     5074.597664496234
           112.5800     -7.8300     5021.748363327324
           112.5900     -7.8300     4941.416904793117
           112.6000     -7.8300     4826.606015624597
           112.6100     -7.8300     4672.918113378438
           112.6200     -7.8300     4479.325088739685
           112.6300     -7.8300     4248.562222947281
           112.6400     -7.8300     3987.097708313514
           112.6500     -7.8300     3704.678612896137
           112.6600     -7.8300     3413.503223503418
           112.6700     -7.8300     3127.112752455877
           112.6800     -7.8300     2859.127381533269
           112.6900     -7.8300     2621.968852161188
           112.7000     -7.8300     2425.712367500719
           112.7100     -7.8300     2277.194503886288
           112.7200     -7.8300     2179.473152213408
           112.7300     -7.8300     2131.693950285189
           112.7400     -7.8300     2129.370206131710
           112.7500     -7.8300     2165.035586105008
           112.7600     -7.8300     2229.186467149938
           112.7700     -7.8300     2311.398761472379
           112.7800     -7.8300     2401.485880648000
           112.7900     -7.8300     2490.562293800085
           112.8000     -7.8300     2571.890923409588
           112.8100     -7.8300     2641.420589902775
           112.8200     -7.8300     2697.958381082132
           112.8300     -7.8300     2742.966476435437
           112.8400     -7.8300     2780.018237072251
           112.8500     -7.8300     2813.988907387155
           112.8600     -7.8300     2850.087320192067
           112.8700     -7.8300     2892.852991266225
           112.8800     -7.8300     2945.245959848967
           112.8900     -7.8300     3007.944508234202
           112.9000     -7.8300     3078.940103036859
           112.9100     -7.8300     3153.482748392908
           112.9200     -7.8300     3224.387809187021
           112.9300     -7.8300     3282.672273031864
           112.9400     -7.8300     3318.449433859832
           112.9500     -7.8300     3321.980599611306
           112.9600     -7.8300     3284.764074923647
           112.9700     -7.8300     3200.537309072924
           112.9800     -7.8300     3066.078028326223
           112.9900     -7.8300     2881.713023798128
           113.0000     -7.8300     2651.476203967604
           112.0000     -7.8400      669.384519011663
           112.0100     -7.8400      689.954629714740
           112.0200     -7.8400      724.475317213929
           112.0300     -7.8400      764.022740320107
           112.0400     -7.8400      800.521005424876
           112.0500     -7.8400      827.483113305179
           112.0600     -7.8400      840.623535544072
           112.0700     -7.8400      838.267150047719
           112.0800     -7.8400      821.497951447144
           112.0900     -7.8400      794.017744715924
           112.1000     -7.8400      761.717040602267
           112.1100     -7.8400      731.993914962957
           112.1200     -7.8400      712.887623534595
           112.1300     -7.8400      712.118363440370
           112.1400     -7.8400      736.139453573935
           112.1500     -7.8400      789.311138169943
           112.1600     -7.8400      873.295346025688
           112.1700     -7.8400      986.748735322335
           112.1800     -7.8400     1125.359392364033
           112.1900     -7.8400     1282.234085280614
           112.2000     -7.8400     1448.602355690526
           112.2100     -7.8400     1614.765716792448
           112.2200     -7.8400     1771.189404419486
           112.2300     -7.8400     1909.614362542275
           112.2400     -7.8400     2024.061090383100
           112.2500     -7.8400     2111.605727418755
           112.2600     -7.8400     2172.831666752410
           112.2700     -7.8400     2211.894732779512
           112.2800     -7.8400     2236.182747188446
           112.2900     -7.8400     2255.596315850551
           112.3000     -7.8400     2281.521595654665
           112.3100     -7.8400     2325.602483843084
           112.3200     -7.8400     2398.444709078199
           112.3300     -7.8400     2508.394581978060
           112.3400     -7.8400     2660.529253805347
           112.3500     -7.8400     2855.973682162140
           112.3600     -7.8400     3091.624408097330
           112.3700     -7.8400     3360.315607862703
           112.3800     -7.8400     3651.413752831561
           112.3900     -7.8400     3951.779226771868
           112.4000     -7.8400     4246.991961451456
           112.4100     -7.8400     4522.708371580678
           112.4200     -7.8400     4766.002098798952
           112.4300     -7.8400     4966.543078911887
           112.4400     -7.8400     5117.488042152171
           112.4500     -7.8400     5215.988618380136
           112.4600     -7.8400     5263.266926268286
           112.4700     -7.8400     5264.257804339376
           112.4800     -7.8400     5226.865963110780
           112.4900     -7.8400     5160.929592121791
           112.5000     -7.8400     5077.014328252611
           112.5100     -7.8400     4985.179255000928
           112.5200     -7.8400     4893.857756572321
           112.5300     -7.8400     4808.980558526323
           112.5400     -7.8400     4733.438074056061
           112.5500     -7.8400     4666.937897024468
           112.5600     -7.8400     4606.265884780178
           112.5700     -7.8400     4545.911397858185
           112.5800     -7.8400     4478.974574901632
           112.5900     -7.8400     4398.241031966726
           112.6000     -7.8400     4297.290851072265
           112.6100     -7.8400     4171.506238630262
           112.6200     -7.8400     4018.855937123639
           112.6300     -7.8400     3840.362575859730
           112.6400     -7.8400     3640.198154167521
           112.6500     -7.8400     3425.397991477377
           112.6600     -7.8400     3205.229286772344
           112.6700     -7.8400     2990.291405221609
           112.6800     -7.8400     2791.456281402659
           112.6900     -7.8400     2618.775235739025
           112.7000     -7.8400     2480.481024991733
           112.7100     -7.8400     2382.200942670703
           112.7200     -7.8400     2326.469979895450
           112.7300     -7.8400     2312.595831186715
           112.7400     -7.8400     2336.884491330738
           112.7500     -7.8400     2393.191608392139
           112.7600     -7.8400     2473.725921768026
           112.7700     -7.8400     2570.001688226675
           112.7800     -7.8400     2673.820466606718
           112.7900     -7.8400     2778.160882793797
           112.8000     -7.8400     2877.868110963150
           112.8100     -7.8400     2970.061061304536
           112.8200     -7.8400     3054.211355148119
           112.8300     -7.8400     3131.889625733420
           112.8400     -7.8400     3206.216421277350
           112.8500     -7.8400     3281.091925669643
           112.8600     -7.8400     3360.306388912851
           112.8700     -7.8400     3446.648264286520
           112.8800     -7.8400     3541.127813306413
           112.8900     -7.8400     3642.420334476035
           112.9000     -7.8400     3746.606897028028
           112.9100     -7.8400     3847.254723183510
           112.9200     -7.8400     3935.838476869298
           112.9300     -7.8400     4002.462578766464
           112.9400     -7.8400     4036.808162049650
           112.9500     -7.8400     4029.200702875081
           112.9600     -7.8400     3971.678901540140
           112.9700     -7.8400     3858.943790243738
           112.9800     -7.8400     3689.079390919195
           112.9900     -7.8400     3463.960997941003
           113.0000     -7.8400     3189.301346056122
           112.0000     -7.8500      727.991982043278
           112.0100     -7.8500      754.850040898885
           112.0200     -7.8500      795.526540114691
           112.0300     -7.8500      840.599588466740
           112.0400     -7.8500      881.512711027920
           112.0500     -7.8500      911.373234726680
           112.0600     -7.8500      925.618592412001
           112.0700     -7.8500      922.469525759533
           112.0800     -7.8500      903.108377312562
           112.0900     -7.8500      871.548539235294
           112.1000     -7.8500      834.194717919965
           112.1100     -7.8500      799.129174403226
           112.1200     -7.8500      775.192294555945
           112.1300     -7.8500      770.952611083108
           112.1400     -7.8500      793.678232530639
           112.1500     -7.8500      848.426088714217
           112.1600     -7.8500      937.356435982119
           112.1700     -7.8500     1059.358216864595
           112.1800     -7.8500     1210.038240384132
           112.1900     -7.8500     1382.087206772098
           112.2000     -7.8500     1565.992794207304
           112.2100     -7.8500     1751.029285221036
           112.2200     -7.8500     1926.419367644171
           112.2300     -7.8500     2082.540951087085
           112.2400     -7.8500     2212.043054399041
           112.2500     -7.8500     2310.741428183864
           112.2600     -7.8500     2378.186190362431
           112.2700     -7.8500     2417.828215664877
           112.2800     -7.8500     2436.754626676158
           112.2900     -7.8500     2445.011638276083
           112.3000     -7.8500     2454.579772142894
           112.3100     -7.8500     2478.106686197922
           112.3200     -7.8500     2527.531833148886
           112.3300     -7.8500     2612.751389547557
           112.3400     -7.8500     2740.469563205358
           112.3500     -7.8500     2913.363571007300
           112.3600     -7.8500     3129.656268442413
           112.3700     -7.8500     3383.146288256155
           112.3800     -7.8500     3663.695568219115
           112.3900     -7.8500     3958.123983984398
           112.4000     -7.8500     4251.416168214293
           112.4100     -7.8500     4528.111588444855
           112.4200     -7.8500     4773.729453200241
           112.4300     -7.8500     4976.077224416503
           112.4400     -7.8500     5126.305705624784
           112.4500     -7.8500     5219.603154109088
           112.4600     -7.8500     5255.462169173366
           112.4700     -7.8500     5237.501417760677
           112.4800     -7.8500     5172.873964726391
           112.4900     -7.8500     5071.339343513099
           112.5000     -7.8500     4944.112348185657
           112.5100     -7.8500     4802.623821148402
           112.5200     -7.8500     4657.335048787724
           112.5300     -7.8500     4516.737253751107
           112.5400     -7.8500     4386.642524052956
           112.5500     -7.8500     4269.835537467019
           112.5600     -7.8500     4166.111176044341
           112.5700     -7.8500     4072.676935245986
           112.5800     -7.8500     3984.856426151270
           112.5900     -7.8500     3896.996253050771
           112.6000     -7.8500     3803.457027469618
           112.6100     -7.8500     3699.562600667993
           112.6200     -7.8500     3582.390284879277
           112.6300     -7.8500     3451.307549653908
           112.6400     -7.8500     3308.194404760161
           112.6500     -7.8500     3157.331103360769
           112.6600     -7.8500     3004.972854432610
           112.6700     -7.8500     2858.671731650702
           112.6800     -7.8500     2726.436227503525
           112.6900     -7.8500     2615.837324098130
           112.7000     -7.8500     2533.174441216705
           112.7100     -7.8500     2482.804831219580
           112.7200     -7.8500     2466.717344955280
           112.7300     -7.8500     2484.398996250520
           112.7400     -7.8500     2533.004599037397
           112.7500     -7.8500     2607.800795587474
           112.7600     -7.8500     2702.820944959135
           112.7700     -7.8500     2811.640950467247
           112.7800     -7.8500     2928.171435746244
           112.7900     -7.8500     3047.360505253870
           112.8000     -7.8500     3165.713723893649
           112.8100     -7.8500     3281.562302630456
           112.8200     -7.8500     3395.043677853093
           112.8300     -7.8500     3507.796524406542
           112.8400     -7.8500     3622.409980575690
           112.8500     -7.8500     3741.699746960756
           112.8600     -7.8500     3867.907618719182
           112.8700     -7.8500     4001.932906966217
           112.8800     -7.8500     4142.702568218693
           112.8900     -7.8500     4286.771824358892
           112.9000     -7.8500     4428.220396729253
           112.9100     -7.8500     4558.874393917111
           112.9200     -7.8500     4668.844606104188
           112.9300     -7.8500     4747.333200400511
           112.9400     -7.8500     4783.627245464532
           112.9500     -7.8500     4768.173154893906
           112.9600     -7.8500     4693.613951480104
           112.9700     -7.8500     4555.672688563290
           112.9800     -7.8500     4353.780271665225
           112.9900     -7.8500     4091.372567249900
           113.0000     -7.8500     3775.816963783807
           112.0000     -7.8600      780.163201648307
           112.0100     -7.8600      813.082301013492
           112.0200     -7.8600      859.563699016327
           112.0300     -7.8600      909.810415006456
           112.0400     -7.8600      954.887442034375
           112.0500     -7.8600      987.571442949584
           112.0600     -7.8600     1003.067234371627
           112.0700     -7.8600      999.504525962010
           112.0800     -7.8600      978.147862114450
           112.0900     -7.8600      943.281421141963
           112.1000     -7.8600      901.765270642354
           112.1100     -7.8600      862.296954458279
           112.1200     -7.8600      834.447530322930
           112.1300     -7.8600      827.570077449334
           112.1400     -7.8600      849.697525494500
           112.1500     -7.8600      906.552757847649
           112.1600     -7.8600     1000.786073175277
           112.1700     -7.8600     1131.533631199676
           112.1800     -7.8600     1294.357472196182
           112.1900     -7.8600     1481.586534083155
           112.2000     -7.8600     1683.033315649611
           112.2100     -7.8600     1887.017530981071
           112.2200     -7.8600     2081.591323885345
           112.2300     -7.8600     2255.834791586075
           112.2400     -7.8600     2401.078968899925
           112.2500     -7.8600     2511.917735597302
           112.2600     -7.8600     2586.890208890358
           112.2700     -7.8600     2628.749115592076
           112.2800     -7.8600     2644.274811176346
           112.2900     -7.8600     2643.644184613913
           112.3000     -7.8600     2639.413114093164
           112.3100     -7.8600     2645.214807529395
           112.3200     -7.8600     2674.309245754489
           112.3300     -7.8600     2738.137194284996
           112.3400     -7.8600     2845.033646731040
           112.3500     -7.8600     2999.239803202045
           112.3600     -7.8600     3200.321424395126
           112.3700     -7.8600     3443.058071947030
           112.3800     -7.8600     3717.817177083614
           112.3900     -7.8600     4011.374741671561
           112.4000     -7.8600     4308.096623670253
           112.4100     -7.8600     4591.356156532343
           112.4200     -7.8600     4845.039550771249
           112.4300     -7.8600     5054.982773950125
           112.4400     -7.8600     5210.193145241892
           112.4500     -7.8600     5303.734470871485
           112.4600     -7.8600     5333.193116382500
           112.4700     -7.8600     5300.689429992983
           112.4800     -7.8600     5212.448946721303
           112.4900     -7.8600     5077.995087399926
           112.5000     -7.8600     4909.064287875571
           112.5100     -7.8600     4718.371335293505
           112.5200     -7.8600     4518.364344068706
           112.5300     -7.8600     4320.104287780142
           112.5400     -7.8600     4132.384238959259
           112.5500     -7.8600     3961.171152619365
           112.5600     -7.8600     3809.412280715247
           112.5700     -7.8600     3677.204151501626
           112.5800     -7.8600     3562.279809618953
           112.5900     -7.8600     3460.734657419865
           112.6000     -7.8600     3367.886789472245
           112.6100     -7.8600     3279.156781477778
           112.6200     -7.8600     3190.855390128832
           112.6300     -7.8600     3100.784668435812
           112.6400     -7.8600     3008.586087980571
           112.6500     -7.8600     2915.804570863446
           112.6600     -7.8600     2825.675249575636
           112.6700     -7.8600     2742.675453658056
           112.6800     -7.8600     2671.913415783270
           112.6900     -7.8600     2618.443980758648
           112.7000     -7.8600     2586.608033775734
           112.7100     -7.8600     2579.485894333569
           112.7200     -7.8600     2598.536660212608
           112.7300     -7.8600     2643.468034164763
           112.7400     -7.8600     2712.348270123949
           112.7500     -7.8600     2801.937935033080
           112.7600     -7.8600     2908.188683099042
           112.7700     -7.8600     3026.833181819187
           112.7800     -7.8600     3153.977721209604
           112.7900     -7.8600     3286.608516645741
           112.8000     -7.8600     3422.934346588921
           112.8100     -7.8600     3562.510439748378
           112.8200     -7.8600     3706.118554932421
           112.8300     -7.8600     3855.412086674256
           112.8400     -7.8600     4012.368375010056
           112.8500     -7.8600     4178.618840717912
           112.8600     -7.8600     4354.747349804555
           112.8700     -7.8600     4539.655650369389
           112.8800     -7.8600     4730.090554239477
           112.8900     -7.8600     4920.411066700075
           112.9000     -7.8600     5102.646756685378
           112.9100     -7.8600     5266.864482052109
           112.9200     -7.8600     5401.823244508090
           112.9300     -7.8600     5495.860976575940
           112.9400     -7.8600     5537.926859071940
           112.9500     -7.8600     5518.652064323261
           112.9600     -7.8600     5431.343226737271
           112.9700     -7.8600     5272.787627344666
           112.9800     -7.8600     5043.776631247059
           112.9900     -7.8600     4749.282397028282
           113.0000     -7.8600     4398.259054069763
           112.0000     -7.8700      827.896939969570
           112.0100     -7.8700      866.503335544589
           112.0200     -7.8700      918.317773665223
           112.0300     -7.8700      973.297833031735
           112.0400     -7.8700     1022.237359750784
           112.0500     -7.8700     1057.660037949852
           112.0600     -7.8700     1074.581422859534
           112.0700     -7.8700     1071.047759437960
           112.0800     -7.8700     1048.379373826577
           112.0900     -7.8700     1011.075667132044
           112.1000     -7.8700      966.374757657467
           112.1100     -7.8700      923.499636328524
           112.1200     -7.8700      892.659827952156
           112.1300     -7.8700      883.908503441492
           112.1400     -7.8700      905.975833919916
           112.1500     -7.8700      965.207234563033
           112.1600     -7.8700     1064.728565250186
           112.1700     -7.8700     1203.939543322485
           112.1800     -7.8700     1378.403472472377
           112.1900     -7.8700     1580.159304638755
           112.2000     -7.8700     1798.435585822473
           112.2100     -7.8700     2020.700196489457
           112.2200     -7.8700     2233.940238908246
           112.2300     -7.8700     2426.037639092480
           112.2400     -7.8700     2587.091584080077
           112.2500     -7.8700     2710.540800762447
           112.2600     -7.8700     2793.957060076555
           112.2700     -7.8700     2839.414430426953
           112.2800     -7.8700     2853.383254170191
           112.2900     -7.8700     2846.148776788246
           112.3000     -7.8700     2830.806199360390
           112.3100     -7.8700     2821.930851557094
           112.3200     -7.8700     2834.058882426205
           112.3300     -7.8700     2880.136131421636
           112.3400     -7.8700     2970.098061900841
           112.3500     -7.8700     3109.731112764297
           112.3600     -7.8700     3299.936851660948
           112.3700     -7.8700     3536.478057291232
           112.3800     -7.8700     3810.234985393179
           112.3900     -7.8700     4107.946221626667
           112.4000     -7.8700     4413.357659494312
           112.4100     -7.8700     4708.660869731678
           112.4200     -7.8700     4976.073057587374
           112.4300     -7.8700     5199.398022474221
           112.4400     -7.8700     5365.412260988251
           112.4500     -7.8700     5464.941818726953
           112.4600     -7.8700     5493.531045062972
           112.4700     -7.8700     5451.649827953001
           112.4800     -7.8700     5344.435921752402
           112.4900     -7.8700     5181.017940504288
           112.5000     -7.8700     4973.507020404979
           112.5100     -7.8700     4735.776472947890
           112.5200     -7.8700     4482.165754085541
           112.5300     -7.8700     4226.246295434307
           112.5400     -7.8700     3979.772579028301
           112.5500     -7.8700     3751.914464223219
           112.5600     -7.8700     3548.829850954169
           112.5700     -7.8700     3373.594954461973
           112.5800     -7.8700     3226.467867323749
           112.5900     -7.8700     3105.424595424185
           112.6000     -7.8700     3006.879495912401
           112.6100     -7.8700     2926.486879747849
           112.6200     -7.8700     2859.918759343323
           112.6300     -7.8700     2803.524926243109
           112.6400     -7.8700     2754.803746663204
           112.6500     -7.8700     2712.641975349166
           112.6600     -7.8700     2677.315367533577
           112.6700     -7.8700     2650.274460902799
           112.6800     -7.8700     2633.767411186227
           112.6900     -7.8700     2630.370790813482
           112.7000     -7.8700     2642.507599677261
           112.7100     -7.8700     2672.028651475734
           112.7200     -7.8700     2719.919776267209
           112.7300     -7.8700     2786.175102956853
           112.7400     -7.8700     2869.849324048260
           112.7500     -7.8700     2969.273210032424
           112.7600     -7.8700     3082.390761764850
           112.7700     -7.8700     3207.156881391646
           112.7800     -7.8700     3341.924032544163
           112.7900     -7.8700     3485.746531097449
           112.8000     -7.8700     3638.541905122352
           112.8100     -7.8700     3801.068792460329
           112.8200     -7.8700     3974.707454360654
           112.8300     -7.8700     4161.058609483950
           112.8400     -7.8700     4361.404921787548
           112.8500     -7.8700     4576.103170544064
           112.8600     -7.8700     4803.990542222060
           112.8700     -7.8700     5041.893292907813
           112.8800     -7.8700     5284.319256924123
           112.8900     -7.8700     5523.397823341894
           112.9000     -7.8700     5749.104001619004
           112.9100     -7.8700     5949.770189498659
           112.9200     -7.8700     6112.854201444551
           112.9300     -7.8700     6225.899309443525
           112.9400     -7.8700     6277.595587139620
           112.9500     -7.8700     6258.835122055950
           112.9600     -7.8700     6163.648925537225
           112.9700     -7.8700     5989.921463681737
           112.9800     -7.8700     5739.798961390219
           112.9900     -7.8700     5419.737845999174
           113.0000     -7.8700     5040.176543520599
           112.0000     -7.8800      873.686892426647
           112.0100     -7.8800      917.440599633666
           112.0200     -7.8800      973.984245574092
           112.0300     -7.8800     1033.161898359142
           112.0400     -7.8800     1085.605091836486
           112.0500     -7.8800     1123.661749089473
           112.0600     -7.8800     1142.198195715988
           112.0700     -7.8800     1139.177935719475
           112.0800     -7.8800     1115.940001938965
           112.0900     -7.8800     1077.129137215775
           112.1000     -7.8800     1030.266829212229
           112.1100     -7.8800      984.992300217690
           112.1200     -7.8800      952.041352329814
           112.1300     -7.8800      942.063851030620
           112.1400     -7.8800      964.403471318540
           112.1500     -7.8800     1025.973031484716
           112.1600     -7.8800     1130.353634542018
           112.1700     -7.8800     1277.225940168266
           112.1800     -7.8800     1462.208947052994
           112.1900     -7.8800     1677.139002453474
           112.2000     -7.8800     1910.773932677637
           112.2100     -7.8800     2149.859499006314
           112.2200     -7.8800     2380.453256235268
           112.2300     -7.8800     2589.369258023563
           112.2400     -7.8800     2765.589766419812
           112.2500     -7.8800     2901.489483155236
           112.2600     -7.8800     2993.734279497844
           112.2700     -7.8800     3043.748475638325
           112.2800     -7.8800     3057.689126779487
           112.2900     -7.8800     3045.917778065336
           112.3000     -7.8800     3022.014092428468
           112.3100     -7.8800     3001.425680005632
           112.3200     -7.8800     2999.888794822471
           112.3300     -7.8800     3031.780766720298
           112.3400     -7.8800     3108.574105324687
           112.3500     -7.8800     3237.553048555601
           112.3600     -7.8800     3420.926863339553
           112.3700     -7.8800     3655.433305306096
           112.3800     -7.8800     3932.474780817359
           112.3900     -7.8800     4238.774502894296
           112.4000     -7.8800     4557.486333119566
           112.4100     -7.8800     4869.645875203152
           112.4200     -7.8800     5155.816675461789
           112.4300     -7.8800     5397.767602757406
           112.4400     -7.8800     5580.017321864903
           112.4500     -7.8800     5691.098949390510
           112.4600     -7.8800     5724.430272697122
           112.4700     -7.8800     5678.718456938766
           112.4800     -7.8800     5557.877923589767
           112.4900     -7.8800     5370.490437388093
           112.5000     -7.8800     5128.881845792262
           112.5100     -7.8800     4847.925545952276
           112.5200     -7.8800     4543.705029908094
           112.5300     -7.8800     4232.174832926905
           112.5400     -7.8800     3927.950749823679
           112.5500     -7.8800     3643.337933186122
           112.5600     -7.8800     3387.672618033887
           112.5700     -7.8800     3167.014007928507
           112.5800     -7.8800     2984.182147962203
           112.5900     -7.8800     2839.100205281550
           112.6000     -7.8800     2729.369671672648
           112.6100     -7.8800     2650.987693057036
           112.6200     -7.8800     2599.108682616887
           112.6300     -7.8800     2568.757669677780
           112.6400     -7.8800     2555.419024601585
           112.6500     -7.8800     2555.448536924767
           112.6600     -7.8800     2566.285668158361
           112.6700     -7.8800     2586.472109549277
           112.6800     -7.8800     2615.508639438572
           112.6900     -7.8800     2653.601420786480
           112.7000     -7.8800     2701.359075558170
           112.7100     -7.8800     2759.502191562236
           112.7200     -7.8800     2828.637820729411
           112.7300     -7.8800     2909.134767418636
           112.7400     -7.8800     3001.113815349997
           112.7500     -7.8800     3104.543900356899
           112.7600     -7.8800     3219.414149871978
           112.7700     -7.8800     3345.935884312079
           112.7800     -7.8800     3484.720535736799
           112.7900     -7.8800     3636.880299808164
           112.8000     -7.8800     3804.008221727420
           112.8100     -7.8800     3988.012051907444
           112.8200     -7.8800     4190.799190025507
           112.8300     -7.8800     4413.835155052496
           112.8400     -7.8800     4657.621682537691
           112.8500     -7.8800     4921.159271178222
           112.8600     -7.8800     5201.469867875937
           112.8700     -7.8800     5493.256462278599
           112.8800     -7.8800     5788.766982611458
           112.8900     -7.8800     6077.910741180930
           112.9000     -7.8800     6348.648778194378
           112.9100     -7.8800     6587.647883713487
           112.9200     -7.8800     6781.155632084574
           112.9300     -7.8800     6916.024469271251
           112.9400     -7.8800     6980.790509340452
           112.9500     -7.8800     6966.700231946816
           112.9600     -7.8800     6868.577599927869
           112.9700     -7.8800     6685.435716803035
           112.9800     -7.8800     6420.760027821892
           112.9900     -7.8800     6082.421872624568
           113.0000     -7.8800     5682.218456937915
           112.0000     -7.8900      920.197341768654
           112.0100     -7.8900      968.382550799200
           112.0200     -7.8900     1028.915791110511
           112.0300     -7.8900     1091.657755976775
           112.0400     -7.8900     1147.184447209499
           112.0500     -7.8900     1187.742088789184
           112.0600     -7.8900     1208.082774479782
           112.0700     -7.8900     1206.080481440444
           112.0800     -7.8900     1183.045569585216
           112.0900     -7.8900     1143.685172778911
           112.1000     -7.8900     1095.694045230102
           112.1100     -7.8900     1049.001440598578
           112.1200     -7.8900     1014.739815231420
           112.1300     -7.8900     1004.035797334626
           112.1400     -7.8900     1026.748649311248
           112.1500     -7.8900     1090.293062184732
           112.1600     -7.8900     1198.679671217353
           112.1700     -7.8900     1351.887975262455
           112.1800     -7.8900     1545.653953813965
           112.1900     -7.8900     1771.711819414792
           112.2000     -7.8900     2018.480544671197
           112.2100     -7.8900     2272.136408112719
           112.2200     -7.8900     2517.968377182521
           112.2300     -7.8900     2741.878835965545
           112.2400     -7.8900     2931.872092382684
           112.2500     -7.8900     3079.369866184937
           112.2600     -7.8900     3180.207316350799
           112.2700     -7.8900     3235.193894666135
           112.2800     -7.8900     3250.167326353636
           112.2900     -7.8900     3235.521691381540
           112.3000     -7.8900     3205.246247020636
           112.3100     -7.8900     3175.564221899175
           112.3200     -7.8900     3163.304529239701
           112.3300     -7.8900     3184.169331061445
           112.3400     -7.8900     3251.073263713497
           112.3500     -7.8900     3372.724412403405
           112.3600     -7.8900     3552.593353492465
           112.3700     -7.8900     3788.377314740775
           112.3800     -7.8900     4072.015986539416
           112.3900     -7.8900     4390.259226388884
           112.4000     -7.8900     4725.730914244838
           112.4100     -7.8900     5058.383537467909
           112.4200     -7.8900     5367.199958991229
           112.4300     -7.8900     5631.976167161451
           112.4400     -7.8900     5835.013782436034
           112.4500     -7.8900     5962.563895247246
           112.4600     -7.8900     6005.892661158711
           112.4700     -7.8900     5961.880489459544
           112.4800     -7.8900     5833.115839525246
           112.4900     -7.8900     5627.496070096480
           112.5000     -7.8900     5357.395870857385
           112.5100     -7.8900     5038.503497675759
           112.5200     -7.8900     4688.452398176551
           112.5300     -7.8900     4325.388444087509
           112.5400     -7.8900     3966.610222592476
           112.5500     -7.8900     3627.402786136897
           112.5600     -7.8900     3320.156593300138
           112.5700     -7.8900     3053.826962204617
           112.5800     -7.8900     2833.749763684083
           112.5900     -7.8900     2661.790987919459
           112.6000     -7.8900     2536.775468639620
           112.6100     -7.8900     2455.116756762066
           112.6200     -7.8900     2411.557927317934
           112.6300     -7.8900     2399.932534884562
           112.6400     -7.8900     2413.865092165438
           112.6500     -7.8900     2447.349144132142
           112.6600     -7.8900     2495.165120801837
           112.6700     -7.8900     2553.126062295258
           112.6800     -7.8900     2618.163413899511
           112.6900     -7.8900     2688.284261266084
           112.7000     -7.8900     2762.443367189709
           112.7100     -7.8900     2840.377073027424
           112.7200     -7.8900     2922.441676027142
           112.7300     -7.8900     3009.487602978760
           112.7400     -7.8900     3102.784837972673
           112.7500     -7.8900     3203.997497531584
           112.7600     -7.8900     3315.189226221536
           112.7700     -7.8900     3438.828988910224
           112.7800     -7.8900     3577.760972751765
           112.7900     -7.8900     3735.103820942124
           112.8000     -7.8900     3914.053300397502
           112.8100     -7.8900     4117.577609531814
           112.8200     -7.8900     4348.013719749515
           112.8300     -7.8900     4606.593574228988
           112.8400     -7.8900     4892.947491789204
           112.8500     -7.8900     5204.645727619240
           112.8600     -7.8900     5536.845375218431
           112.8700     -7.8900     5882.107127566488
           112.8800     -7.8900     6230.434488622149
           112.8900     -7.8900     6569.567732867582
           112.9000     -7.8900     6885.538324695584
           112.9100     -7.8900     7163.459650288861
           112.9200     -7.8900     7388.500382499066
           112.9300     -7.8900     7546.961326387638
           112.9400     -7.8900     7627.358567469805
           112.9500     -7.8900     7621.407767023495
           112.9600     -7.8900     7524.807980493476
           112.9700     -7.8900     7337.738523118343
           112.9800     -7.8900     7065.007875237826
           112.9900     -7.8900     6715.826834396731
           113.0000     -7.8900     6303.215516921790
           112.0000     -7.9000      969.907228833406
           112.0100     -7.9000     1021.635049087312
           112.0200     -7.9000     1085.287890056693
           112.0300     -7.9000     1150.867836421128
           112.0400     -7.9000     1208.997120475770
           112.0500     -7.9000     1251.889077799672
           112.0600     -7.9000     1274.210475870465
           112.0700     -7.9000     1273.731518249609
           112.0800     -7.9000     1251.677329086479
           112.0900     -7.9000     1212.723472231272
           112.1000     -7.9000     1164.615219492306
           112.1100     -7.9000     1117.431873825161
           112.1200     -7.9000     1082.558787981617
           112.1300     -7.9000     1071.465938023954
           112.1400     -7.9000     1094.418557604340
           112.1500     -7.9000     1159.258904453430
           112.1600     -7.9000     1270.396603309146
           112.1700     -7.9000     1428.127770645682
           112.1800     -7.9000     1628.371653780699
           112.1900     -7.9000     1862.870878835115
           112.2000     -7.9000     2119.852050080756
           112.2100     -7.9000     2385.092733450351
           112.2200     -7.9000     2643.294454197089
           112.2300     -7.9000     2879.624570858866
           112.2400     -7.9000     3081.267125788593
           112.2500     -7.9000     3238.816908924473
           112.2600     -7.9000     3347.363059622813
           112.2700     -7.9000     3407.137631705384
           112.2800     -7.9000     3423.647799658289
           112.2900     -7.9000     3407.263303915653
           112.3000     -7.9000     3372.287694190890
           112.3100     -7.9000     3335.596785334386
           112.3200     -7.9000     3314.974509100691
           112.3300     -7.9000     3327.309884200688
           112.3400     -7.9000     3386.835411788293
           112.3500     -7.9000     3503.584951341114
           112.3600     -7.9000     3682.228216358425
           112.3700     -7.9000     3921.401662378960
           112.3800     -7.9000     4213.605723039202
           112.3900     -7.9000     4545.681423744356
           112.4000     -7.9000     4899.821446511778
           112.4100     -7.9000     5255.017872459317
           112.4200     -7.9000     5588.806607442478
           112.4300     -7.9000     5879.141193375015
           112.4400     -7.9000     6106.218931325616
           112.4500     -7.9000     6254.090656584357
           112.4600     -7.9000     6311.910793096175
           112.4700     -7.9000     6274.723364347255
           112.4800     -7.9000     6143.727934170112
           112.4900     -7.9000     5926.021612240361
           112.5000     -7.9000     5633.863662327979
           112.5100     -7.9000     5283.552668595693
           112.5200     -7.9000     4894.038385998740
           112.5300     -7.9000     4485.408476625684
           112.5400     -7.9000     4077.393144894492
           112.5500     -7.9000     3688.018803119017
           112.5600     -7.9000     3332.517497297737
           112.5700     -7.9000     3022.565349363770
           112.5800     -7.9000     2765.884989795746
           112.5900     -7.9000     2566.208403157209
           112.6000     -7.9000     2423.562057120561
           112.6100     -7.9000     2334.809139321270
           112.6200     -7.9000     2294.366555634322
           112.6300     -7.9000     2295.008063251021
           112.6400     -7.9000     2328.669143429454
           112.6500     -7.9000     2387.182326063758
           112.6600     -7.9000     2462.891057360546
           112.6700     -7.9000     2549.112679259804
           112.6800     -7.9000     2640.443373635099
           112.6900     -7.9000     2732.917052231409
           112.7000     -7.9000     2824.043888994062
           112.7100     -7.9000     2912.761213872684
           112.7200     -7.9000     2999.329632027690
           112.7300     -7.9000     3085.201377069811
           112.7400     -7.9000     3172.877808318356
           112.7500     -7.9000     3265.760954969298
           112.7600     -7.9000     3367.992632064523
           112.7700     -7.9000     3484.266248136242
           112.7800     -7.9000     3619.592781470020
           112.7900     -7.9000     3779.004479466087
           112.8000     -7.9000     3967.187608950950
           112.8100     -7.9000     4188.048039044545
           112.8200     -7.9000     4444.228703894091
           112.8300     -7.9000     4736.613613669511
           112.8400     -7.9000     5063.866369024418
           112.8500     -7.9000     5422.059561079202
           112.8600     -7.9000     5804.453027773528
           112.8700     -7.9000     6201.472574595056
           112.8800     -7.9000     6600.926409307185
           112.8900     -7.9000     6988.475274939559
           112.9000     -7.9000     7348.346222813031
           112.9100     -7.9000     7664.252082397662
           112.9200     -7.9000     7920.452343296103
           112.9300     -7.9000     8102.869777579157
           112.9400     -7.9000     8200.163689539382
           112.9500     -7.9000     8204.657351842516
           112.9600     -7.9000     8113.025003354926
           112.9700     -7.9000     7926.662464406835
           112.9800     -7.9000     7651.693363789418
           112.9900     -7.9000     7298.597388654563
           113.0000     -7.9000     6881.484213284229
           112.0000     -7.9100     1024.767112842592
           112.0100     -7.9100     1078.991864897135
           112.0200     -7.9100     1144.779499499783
           112.0300     -7.9100     1212.389933478713
           112.0400     -7.9100     1272.586056363009
           112.0500     -7.9100     1317.610451449853
           112.0600     -7.9100     1342.067015259188
           112.0700     -7.9100     1343.601246174044
           112.0800     -7.9100     1323.289156295102
           112.0900     -7.9100     1285.672585229895
           112.1000     -7.9100     1238.415451604458
           112.1100     -7.9100     1191.597261644449
           112.1200     -7.9100     1156.702324678572
           112.1300     -7.9100     1145.400680792968
           112.1400     -7.9100     1168.245139451171
           112.1500     -7.9100     1233.424365136717
           112.1600     -7.9100     1345.712292162836
           112.1700     -7.9100     1505.738651142419
           112.1800     -7.9100     1709.675200736464
           112.1900     -7.9100     1949.390268940654
           112.2000     -7.9100     2213.074754793073
           112.2100     -7.9100     2486.291146863100
           112.2200     -7.9100     2753.349101065290
           112.2300     -7.9100     2998.872160625997
           112.2400     -7.9100     3209.394887934876
           112.2500     -7.9100     3374.821179843021
           112.2600     -7.9100     3489.584209412689
           112.2700     -7.9100     3553.375631783945
           112.2800     -7.9100     3571.353800968373
           112.2900     -7.9100     3553.793460766543
           112.3000     -7.9100     3515.197151573124
           112.3100     -7.9100     3472.945239307704
           112.3200     -7.9100     3445.610899423489
           112.3300     -7.9100     3451.103189815366
           112.3400     -7.9100     3504.821472723570
           112.3500     -7.9100     3618.005642974855
           112.3600     -7.9100     3796.448681742782
           112.3700     -7.9100     4039.702846517054
           112.3800     -7.9100     4340.862056211728
           112.3900     -7.9100     4686.945906584773
           112.4000     -7.9100     5059.851293389333
           112.4100     -7.9100     5437.782063279706
           112.4200     -7.9100     5797.021200109412
           112.4300     -7.9100     6113.878418503452
           112.4400     -7.9100     6366.631705822334
           112.4500     -7.9100     6537.285450014217
           112.4600     -7.9100     6612.989446432766
           112.4700     -7.9100     6586.999574398245
           112.4800     -7.9100     6459.108053306853
           112.4900     -7.9100     6235.523709923195
           112.5000     -7.9100     5928.235001505516
           112.5100     -7.9100     5553.935270248723
           112.5200     -7.9100     5132.626302276764
           112.5300     -7.9100     4686.039471593974
           112.5400     -7.9100     4236.021908195905
           112.5500     -7.9100     3803.028293097111
           112.5600     -7.9100     3404.838725389861
           112.5700     -7.9100     3055.592649106478
           112.5800     -7.9100     2765.192022081857
           112.5900     -7.9100     2539.088130702743
           112.6000     -7.9100     2378.429972785356
           112.6100     -7.9100     2280.521619987201
           112.6200     -7.9100     2239.514119558450
           112.6300     -7.9100     2247.245757152553
           112.6400     -7.9100     2294.143015858941
           112.6500     -7.9100     2370.102239574049
           112.6600     -7.9100     2465.286755096548
           112.6700     -7.9100     2570.793294161131
           112.6800     -7.9100     2679.162014052488
           112.6900     -7.9100     2784.723450491134
           112.7000     -7.9100     2883.791097290380
           112.7100     -7.9100     2974.718550495703
           112.7200     -7.9100     3057.844784155656
           112.7300     -7.9100     3135.350587735441
           112.7400     -7.9100     3211.044741979032
           112.7500     -7.9100     3290.091942656224
           112.7600     -7.9100     3378.687829281940
           112.7700     -7.9100     3483.681647090216
           112.7800     -7.9100     3612.145532712452
           112.7900     -7.9100     3770.891946739898
           112.8000     -7.9100     3965.947334188007
           112.8100     -7.9100     4201.999798212041
           112.8200     -7.9100     4481.849834007804
           112.8300     -7.9100     4805.903924966431
           112.8400     -7.9100     5171.758829786397
           112.8500     -7.9100     5573.927658658881
           112.8600     -7.9100     6003.755849746420
           112.8700     -7.9100     6449.565216725012
           112.8800     -7.9100     6897.047615918830
           112.8900     -7.9100     7329.907753343572
           112.9000     -7.9100     7730.729391301673
           112.9100     -7.9100     8082.013554370198
           112.9200     -7.9100     8367.314427530931
           112.9300     -7.9100     8572.381553198586
           112.9400     -7.9100     8686.208243414958
           112.9500     -7.9100     8701.887544304202
           112.9600     -7.9100     8617.189210317983
           112.9700     -7.9100     8434.793291926957
           112.9800     -7.9100     8162.146197338959
           112.9900     -7.9100     7810.940480102518
           113.0000     -7.9100     7396.256411227026
           112.0000     -7.9200     1085.913400975020
           112.0100     -7.9200     1141.462260140884
           112.0200     -7.9200     1208.310623788091
           112.0300     -7.9200     1277.082083719631
           112.0400     -7.9200     1338.765650725601
           112.0500     -7.9200     1385.687884725028
           112.0600     -7.9200     1412.406143987514
           112.0700     -7.9200     1416.415058216463
           112.0800     -7.9200     1398.572871400484
           112.0900     -7.9200     1363.180812990200
           112.1000     -7.9200     1317.684595215713
           112.1100     -7.9200     1272.008708474597
           112.1200     -7.9200     1237.576764268035
           112.1300     -7.9200     1226.109767278460
           112.1400     -7.9200     1248.324196112883
           112.1500     -7.9200     1312.669272566842
           112.1600     -7.9200     1424.245248448659
           112.1700     -7.9200     1584.031037447196
           112.1800     -7.9200     1788.520980244967
           112.1900     -7.9200     2029.829629690045
           112.2000     -7.9200     2296.274359603272
           112.2100     -7.9200     2573.393580290060
           112.2200     -7.9200     2845.309120210866
           112.2300     -7.9200     3096.300485461285
           112.2400     -7.9200     3312.431019723801
           112.2500     -7.9200     3483.054882393686
           112.2600     -7.9200     3602.040892606638
           112.2700     -7.9200     3668.574308351645
           112.2800     -7.9200     3687.438188573261
           112.2900     -7.9200     3668.728028178881
           112.3000     -7.9200     3627.011440850322
           112.3100     -7.9200     3580.002634326465
           112.3200     -7.9200     3546.873058506153
           112.3300     -7.9200     3546.359317833389
           112.3400     -7.9200     3594.852886089068
           112.3500     -7.9200     3704.660738842053
           112.3600     -7.9200     3882.611146854349
           112.3700     -7.9200     4129.146062860134
           112.3800     -7.9200     4437.994214968565
           112.3900     -7.9200     4796.462160759879
           112.4000     -7.9200     5186.320111230145
           112.4100     -7.9200     5585.201586391332
           112.4200     -7.9200     5968.386840071746
           112.4300     -7.9200     6310.804419482966
           112.4400     -7.9200     6589.066619636168
           112.4500     -7.9200     6783.354511262223
           112.4600     -7.9200     6878.986235340974
           112.4700     -7.9200     6867.536047995520
           112.4800     -7.9200     6747.417257234507
           112.4900     -7.9200     6523.894690104369
           112.5000     -7.9200     6208.546100473240
           112.5100     -7.9200     5818.241495202559
           112.5200     -7.9200     5373.749919085826
           112.5300     -7.9200     4898.111167782182
           112.5400     -7.9200     4414.923078490930
           112.5500     -7.9200     3946.693036997714
           112.5600     -7.9200     3513.386325266239
           112.5700     -7.9200     3131.276512370721
           112.5800     -7.9200     2812.167894602214
           112.5900     -7.9200     2563.021212259467
           112.6000     -7.9200     2385.975757886348
           112.6100     -7.9200     2278.727357854810
           112.6200     -7.9200     2235.195534690000
           112.6300     -7.9200     2246.396307490209
           112.6400     -7.9200     2301.430193219616
           112.6500     -7.9200     2388.497465739452
           112.6600     -7.9200     2495.863031122095
           112.6700     -7.9200     2612.709088980559
           112.6800     -7.9200     2729.832421260802
           112.6900     -7.9200     2840.162064652821
           112.7000     -7.9200     2939.090041316118
           112.7100     -7.9200     3024.621150655350
           112.7200     -7.9200     3097.356766922944
           112.7300     -7.9200     3160.332172960731
           112.7400     -7.9200     3218.727945348762
           112.7500     -7.9200     3279.474569807757
           112.7600     -7.9200     3350.767337457599
           112.7700     -7.9200     3441.507132862262
           112.7800     -7.9200     3560.683125489333
           112.7900     -7.9200     3716.716223301717
           112.8000     -7.9200     3916.787379109836
           112.8100     -7.9200     4166.181719680222
           112.8200     -7.9200     4467.686688419462
           112.8300     -7.9200     4821.088287361268
           112.8400     -7.9200     5222.812321117332
           112.8500     -7.9200     5665.755753369442
           112.8600     -7.9200     6139.345863698512
           112.8700     -7.9200     6629.851553667057
           112.8800     -7.9200     7120.952475821045
           112.8900     -7.9200     7594.549099764454
           112.9000     -7.9200     8031.772589000756
           112.9100     -7.9200     8414.130156855705
           112.9200     -7.9200     8724.702300229446
           112.9300     -7.9200     8949.295685427007
           112.9400     -7.9200     9077.451623667996
           112.9500     -7.9200     9103.216278532253
           112.9600     -7.9200     9025.595132716240
           112.9700     -7.9200     8848.639739193060
           112.9800     -7.9200     8581.147174627169
           112.9900     -7.9200     8235.988739794206
           113.0000     -7.9200     7829.120543186901
           112.0000     -7.9300     1153.478494962607
           112.0100     -7.9300     1209.092910840279
           112.0200     -7.9300     1275.872946111286
           112.0300     -7.9300     1344.899533616975
           112.0400     -7.9300     1407.463358642512
           112.0500     -7.9300     1456.022195857273
           112.0600     -7.9300     1485.098013159199
           112.0700     -7.9300     1492.005195868954
           112.0800     -7.9300     1477.313839499642
           112.0900     -7.9300     1444.976883709838
           112.1000     -7.9300     1402.084568759055
           112.1100     -7.9300     1358.250651395809
           112.1200     -7.9300     1324.677477327244
           112.1300     -7.9300     1312.986434318143
           112.1400     -7.9300     1333.931743273271
           112.1500     -7.9300     1396.134972260541
           112.1600     -7.9300     1504.982315536236
           112.1700     -7.9300     1661.815415358257
           112.1800     -7.9300     1863.519968512411
           112.1900     -7.9300     2102.576982980448
           112.2000     -7.9300     2367.593316620326
           112.2100     -7.9300     2644.276159759779
           112.2200     -7.9300     2916.766117349357
           112.2300     -7.9300     3169.201145672164
           112.2400     -7.9300     3387.353742573449
           112.2500     -7.9300     3560.170137975005
           112.2600     -7.9300     3681.044721397249
           112.2700     -7.9300     3748.685540807208
           112.2800     -7.9300     3767.465373602402
           112.2900     -7.9300     3747.203758957592
           112.3000     -7.9300     3702.383238983261
           112.3100     -7.9300     3650.861793184976
           112.3200     -7.9300     3612.196802615847
           112.3300     -7.9300     3605.738100316140
           112.3400     -7.9300     3648.674160228302
           112.3500     -7.9300     3754.223318286319
           112.3600     -7.9300     3930.150165952562
           112.3700     -7.9300     4177.757059791917
           112.3800     -7.9300     4491.455166180883
           112.3900     -7.9300     4858.963341224404
           112.4000     -7.9300     5262.122260634136
           112.4100     -7.9300     5678.251846387001
           112.4200     -7.9300     6081.928242529664
           112.4300     -7.9300     6447.017550899022
           112.4400     -7.9300     6748.781008699297
           112.4500     -7.9300     6965.862237343672
           112.4600     -7.9300     7081.981611140334
           112.4700     -7.9300     7087.193761199115
           112.4800     -7.9300     6978.608159352272
           112.4900     -7.9300     6760.524807169969
           112.5000     -7.9300     6443.991803710104
           112.5100     -7.9300     6045.843440433658
           112.5200     -7.9300     5587.321466843297
           112.5300     -7.9300     5092.414329119816
           112.5400     -7.9300     4586.066973534917
           112.5500     -7.9300     4092.416317331589
           112.5600     -7.9300     3633.195444641801
           112.5700     -7.9300     3226.425163685341
           112.5800     -7.9300     2885.478072010113
           112.5900     -7.9300     2618.561717989623
           112.6000     -7.9300     2428.628020928018
           112.6100     -7.9300     2313.679744292196
           112.6200     -7.9300     2267.414742627996
           112.6300     -7.9300     2280.127167240777
           112.6400     -7.9300     2339.772911535389
           112.6500     -7.9300     2433.104235662835
           112.6600     -7.9300     2546.784635232650
           112.6700     -7.9300     2668.407733468217
           112.6800     -7.9300     2787.360946337544
           112.6900     -7.9300     2895.493454989299
           112.7000     -7.9300     2987.566400290821
           112.7100     -7.9300     3061.479457594521
           112.7200     -7.9300     3118.280977298337
           112.7300     -7.9300     3161.978318195060
           112.7400     -7.9300     3199.171136059679
           112.7500     -7.9300     3238.533993986024
           112.7600     -7.9300     3290.176780084839
           112.7700     -7.9300     3364.913118846669
           112.7800     -7.9300     3473.469092583987
           112.7900     -7.9300     3625.667590244544
           112.8000     -7.9300     3829.627400938794
           112.8100     -7.9300     4091.020176023108
           112.8200     -7.9300     4412.431574534172
           112.8300     -7.9300     4792.874009413628
           112.8400     -7.9300     5227.496140032651
           112.8500     -7.9300     5707.527570109340
           112.8600     -7.9300     6220.485556070142
           112.8700     -7.9300     6750.654024718659
           112.8800     -7.9300     7279.824715617993
           112.8900     -7.9300     7788.267417100530
           112.9000     -7.9300     8255.873273561960
           112.9100     -7.9300     8663.394589667061
           112.9200     -7.9300     8993.689080367765
           112.9300     -7.9300     9232.868452963377
           112.9400     -7.9300     9371.252261862535
           112.9500     -7.9300     9404.038935344121
           112.9600     -7.9300     9331.626427286754
           112.9700     -7.9300     9159.543639556216
           112.9800     -7.9300     8897.988083024806
           112.9900     -7.9300     8561.001866706836
           113.0000     -7.9300     8165.353223102056
           112.0000     -7.9400     1226.524791299652
           112.0100     -7.9400     1280.910865283045
           112.0200     -7.9400     1346.479222334030
           112.0300     -7.9400     1414.848705846449
           112.0400     -7.9400     1477.676988720042
           112.0500     -7.9400     1527.593281831806
           112.0600     -7.9400     1559.091548027629
           112.0700     -7.9400     1569.275767007564
           112.0800     -7.9400     1558.359168037732
           112.0900     -7.9400     1529.842128101808
           112.1000     -7.9400     1490.326510739940
           112.1100     -7.9400     1448.964151377876
           112.1200     -7.9400     1416.579566162506
           112.1300     -7.9400     1404.546884865062
           112.1400     -7.9400     1423.533684960050
           112.1500     -7.9400     1482.245695566358
           112.1600     -7.9400     1586.313281132031
           112.1700     -7.9400     1737.451800439425
           112.1800     -7.9400     1933.003736646488
           112.1900     -7.9400     2165.933065962541
           112.2000     -7.9400     2425.295424275778
           112.2100     -7.9400     2697.156194343596
           112.2200     -7.9400     2965.878290217498
           112.2300     -7.9400     3215.657821051762
           112.2400     -7.9400     3432.154031211732
           112.2500     -7.9400     3604.043804604159
           112.2600     -7.9400     3724.332801455457
           112.2700     -7.9400     3791.275242374885
           112.2800     -7.9400     3808.790741811886
           112.2900     -7.9400     3786.315852340406
           112.3000     -7.9400     3738.085070920618
           112.3100     -7.9400     3681.895003878224
           112.3200     -7.9400     3637.459931398484
           112.3300     -7.9400     3624.511301354449
           112.3400     -7.9400     3660.822912303584
           112.3500     -7.9400     3760.354493374964
           112.3600     -7.9400     3931.697768979824
           112.3700     -7.9400     4176.981702801165
           112.3800     -7.9400     4491.350233534981
           112.3900     -7.9400     4863.070912998228
           112.4000     -7.9400     5274.272096264614
           112.4100     -7.9400     5702.245948129315
           112.4200     -7.9400     6121.200654325477
           112.4300     -7.9400     6504.303237735311
           112.4400     -7.9400     6825.828339680563
           112.4500     -7.9400     7063.220568568990
           112.4600     -7.9400     7198.888939647774
           112.4700     -7.9400     7221.579994760159
           112.4800     -7.9400     7127.218147065321
           112.4900     -7.9400     6919.153069318170
           112.5000     -7.9400     6607.809169489887
           112.5100     -7.9400     6209.785811974146
           112.5200     -7.9400     5746.503783153324
           112.5300     -7.9400     5242.529330297754
           112.5400     -7.9400     4723.729016077376
           112.5500     -7.9400     4215.415288981751
           112.5600     -7.9400     3740.634356270946
           112.5700     -7.9400     3318.726438557671
           112.5800     -7.9400     2964.256770259786
           112.5900     -7.9400     2686.377581258880
           112.6000     -7.9400     2488.640887086009
           112.6100     -7.9400     2369.243234014322
           112.6200     -7.9400     2321.650048886210
           112.6300     -7.9400     2335.521516137506
           112.6400     -7.9400     2397.845463360008
           112.6500     -7.9400     2494.175978106875
           112.6600     -7.9400     2609.878762676518
           112.6700     -7.9400     2731.294084790589
           112.6800     -7.9400     2846.743570365054
           112.6900     -7.9400     2947.325743592036
           112.7000     -7.9400     3027.464956838085
           112.7100     -7.9400     3085.197310767684
           112.7200     -7.9400     3122.194000922030
           112.7300     -7.9400     3143.536494183074
           112.7400     -7.9400     3157.268866363025
           112.7500     -7.9400     3173.760815707830
           112.7600     -7.9400     3204.920893234785
           112.7700     -7.9400     3263.304032822921
           112.7800     -7.9400     3361.161082287196
           112.7900     -7.9400     3509.481019884318
           112.8000     -7.9400     3717.078814189519
           112.8100     -7.9400     3989.783002947872
           112.8200     -7.9400     4329.776287663659
           112.8300     -7.9400     4735.138880189791
           112.8400     -7.9400     5199.637164346806
           112.8500     -7.9400     5712.788887266589
           112.8600     -7.9400     6260.220471460161
           112.8700     -7.9400     6824.312638941385
           112.8800     -7.9400     7385.108515838418
           112.8900     -7.9400     7921.435499427301
           112.9000     -7.9400     8412.170637419709
           112.9100     -7.9400     8837.561530796218
           112.9200     -7.9400     9180.503188269760
           112.9300     -7.9400     9427.667795126992
           112.9400     -7.9400     9570.390273631043
           112.9500     -7.9400     9605.228130320829
           112.9600     -7.9400     9534.138657546688
           112.9700     -7.9400     9364.248250053575
           112.9800     -7.9400     9107.224625960072
           112.9900     -7.9400     8778.299622563725
           113.0000     -7.9400     8395.024154615658
           112.0000     -7.9500     1303.115796970147
           112.0100     -7.9500     1354.999924798994
           112.0200     -7.9500     1418.243150589608
           112.0300     -7.9500     1485.069362547624
           112.0400     -7.9500     1547.558478883534
           112.0500     -7.9500     1598.545248406667
           112.0600     -7.9500     1632.500992289282
           112.0700     -7.9500     1646.290975443707
           112.0800     -7.9500     1639.708002425420
           112.0900     -7.9500     1615.703244354786
           112.1000     -7.9500     1580.266371547501
           112.1100     -7.9500     1541.945577688187
           112.1200     -7.9500     1511.039793052641
           112.1300     -7.9500     1498.535496478091
           112.1400     -7.9500     1514.894243770586
           112.1500     -7.9500     1568.820095257536
           112.1600     -7.9500     1666.145394865402
           112.1700     -7.9500     1808.967168621185
           112.1800     -7.9500     1995.144848927328
           112.1900     -7.9500     2218.234950326481
           112.2000     -7.9500     2467.893199256746
           112.2100     -7.9500     2730.724194063444
           112.2200     -7.9500     2991.508434226067
           112.2300     -7.9500     3234.692143919187
           112.2400     -7.9500     3445.991862432460
           112.2500     -7.9500     3613.947328226888
           112.2600     -7.9500     3731.255216172071
           112.2700     -7.9500     3795.733386048645
           112.2800     -7.9500     3810.799066137507
           112.2900     -7.9500     3785.391566634938
           112.3000     -7.9500     3733.325902566713
           112.3100     -7.9500     3672.122294963340
           112.3200     -7.9500     3621.411713372434
           112.3300     -7.9500     3601.063512625531
           112.3400     -7.9500     3629.212831861064
           112.3500     -7.9500     3720.379281848077
           112.3600     -7.9500     3883.862938238753
           112.3700     -7.9500     4122.579224925155
           112.3800     -7.9500     4432.453356915999
           112.3900     -7.9500     4802.441793480921
           112.4000     -7.9500     5215.188083494313
           112.4100     -7.9500     5648.259702640274
           112.4200     -7.9500     6075.857144183221
           112.4300     -7.9500     6470.842154433348
           112.4400     -7.9500     6806.902912459002
           112.4500     -7.9500     7060.662806244351
           112.4600     -7.9500     7213.547025691624
           112.4700     -7.9500     7253.246317377728
           112.4800     -7.9500     7174.657010210083
           112.4900     -7.9500     6980.226509433306
           112.5000     -7.9500     6679.688652191568
           112.5100     -7.9500     6289.228081742893
           112.5200     -7.9500     5830.161858582127
           112.5300     -7.9500     5327.265420758357
           112.5400     -7.9500     4806.895501431665
           112.5500     -7.9500     4295.072984342229
           112.5600     -7.9500     3815.683804494244
           112.5700     -7.9500     3388.937277843187
           112.5800     -7.9500     3030.191341309007
           112.5900     -7.9500     2749.216682926753
           112.6000     -7.9500     2549.930689267791
           112.6100     -7.9500     2430.591589680610
           112.6200     -7.9500     2384.406774947239
           112.6300     -7.9500     2400.479894258947
           112.6400     -7.9500     2465.000887487630
           112.6500     -7.9500     2562.572410601049
           112.6600     -7.9500     2677.564943907391
           112.6700     -7.9500     2795.400136034497
           112.6800     -7.9500     2903.675889543676
           112.6900     -7.9500     2993.065240074932
           112.7000     -7.9500     3057.942059351098
           112.7100     -7.9500     3096.708055401258
           112.7200     -7.9500     3111.815866649500
           112.7300     -7.9500     3109.501154823884
           112.7400     -7.9500     3099.251904220180
           112.7500     -7.9500     3093.055478770232
           112.7600     -7.9500     3104.473530592476
           112.7700     -7.9500     3147.601900243168
           112.7800     -7.9500     3235.977493481916
           112.7900     -7.9500     3381.496912135297
           112.8000     -7.9500     3593.412287198046
           112.8100     -7.9500     3877.468011449500
           112.8200     -7.9500     4235.237430829038
           112.8300     -7.9500     4663.710518896312
           112.8400     -7.9500     5155.171734138505
           112.8500     -7.9500     5697.391540697762
           112.8600     -7.9500     6274.135789862836
           112.8700     -7.9500     6865.975173413461
           112.8800     -7.9500     7451.353680077716
           112.8900     -7.9500     8007.852299397188
           112.9000     -7.9500     8513.564325979998
           112.9100     -7.9500     8948.483805424139
           112.9200     -7.9500     9295.801013403374
           112.9300     -7.9500     9542.999958041622
           112.9400     -7.9500     9682.663569039270
           112.9500     -7.9500     9712.912356192970
           112.9600     -7.9500     9637.430708787246
           112.9700     -7.9500     9465.069474359563
           112.9800     -7.9500     9209.050956124698
           112.9900     -7.9500     8885.839387233027
           113.0000     -7.9500     8513.772463930234
           112.0000     -7.9600     1380.520925855850
           112.0100     -7.9600     1428.706438973189
           112.0200     -7.9600     1488.585274449643
           112.0300     -7.9600     1553.040205835871
           112.0400     -7.9600     1614.619169573499
           112.0500     -7.9600     1666.391596789123
           112.0600     -7.9600     1702.811380349069
           112.0700     -7.9600     1720.481247122287
           112.0800     -7.9600     1718.718546545689
           112.0900     -7.9600     1699.840222079174
           112.1000     -7.9600     1669.113444003698
           112.1100     -7.9600     1634.355100871425
           112.1200     -7.9600     1605.204037963493
           112.1300     -7.9600     1592.129920548100
           112.1400     -7.9600     1605.277111586681
           112.1500     -7.9600     1653.266675032612
           112.1600     -7.9600     1742.091224156872
           112.1700     -7.9600     1874.233921085236
           112.1800     -7.9600     2048.124274192082
           112.1900     -7.9600     2258.011011207387
           112.2000     -7.9600     2494.289400251809
           112.2100     -7.9600     2744.271435440512
           112.2200     -7.9600     2993.337618252446
           112.2300     -7.9600     3226.364214507744
           112.2400     -7.9600     3429.285027309684
           112.2500     -7.9600     3590.626091681129
           112.2600     -7.9600     3702.847977849472
           112.2700     -7.9600     3763.344479580062
           112.2800     -7.9600     3774.977300047363
           112.2900     -7.9600     3746.070999400308
           112.3000     -7.9600     3689.846431543821
           112.3100     -7.9600     3623.328573491771
           112.3200     -7.9600     3565.819949399408
           112.3300     -7.9600     3537.077858277239
           112.3400     -7.9600     3555.367239276974
           112.3500     -7.9600     3635.577547186140
           112.3600     -7.9600     3787.589554619949
           112.3700     -7.9600     4015.056644470023
           112.3800     -7.9600     4314.727001664044
           112.3900     -7.9600     4676.382020472709
           112.4000     -7.9600     5083.407422391004
           112.4100     -7.9600     5513.953021340501
           112.4200     -7.9600     5942.580905472455
           112.4300     -7.9600     6342.255640945850
           112.4400     -7.9600     6686.498453940792
           112.4500     -7.9600     6951.513165531002
           112.4600     -7.9600     7118.096054226442
           112.4700     -7.9600     7173.164003657126
           112.4800     -7.9600     7110.772677320962
           112.4900     -7.9600     6932.545006545344
           112.5000     -7.9600     6647.484945126971
           112.5100     -7.9600     6271.206760506558
           112.5200     -7.9600     5824.660768549841
           112.5300     -7.9600     5332.477738364712
           112.5400     -7.9600     4821.082691844287
           112.5500     -7.9600     4316.742435188455
           112.5600     -7.9600     3843.709394284761
           112.5700     -7.9600     3422.608220906058
           112.5800     -7.9600     3069.183558245821
           112.5900     -7.9600     2793.490664216051
           112.6000     -7.9600     2599.569231306278
           112.6100     -7.9600     2485.598788277736
           112.6200     -7.9600     2444.495305478148
           112.6300     -7.9600     2464.876187286652
           112.6400     -7.9600     2532.296955223724
           112.6500     -7.9600     2630.648804903938
           112.6600     -7.9600     2743.602026778216
           112.6700     -7.9600     2855.985260993690
           112.6800     -7.9600     2955.003238462426
           112.6900     -7.9600     3031.214109004233
           112.7000     -7.9600     3079.209549253512
           112.7100     -7.9600     3097.964515572307
           112.7200     -7.9600     3090.846959393021
           112.7300     -7.9600     3065.299642030161
           112.7400     -7.9600     3032.225398032949
           112.7500     -7.9600     3005.123236359830
           112.7600     -7.9600     2999.035299045164
           112.7700     -7.9600     3029.373886760332
           112.7800     -7.9600     3110.703560696644
           112.7900     -7.9600     3255.555768039848
           112.8000     -7.9600     3473.352454895805
           112.8100     -7.9600     3769.510571711548
           112.8200     -7.9600     4144.791041049529
           112.8300     -7.9600     4594.943494443421
           112.8400     -7.9600     5110.681916765060
           112.8500     -7.9600     5678.006589122601
           112.8600     -7.9600     6278.865128517521
           112.8700     -7.9600     6892.121179924724
           112.8800     -7.9600     7494.775066054874
           112.8900     -7.9600     8063.358435206074
           112.9000     -7.9600     8575.406841875760
           112.9100     -7.9600     9010.902369535934
           112.9200     -7.9600     9353.574662574072
           112.9300     -7.9600     9591.954291730157
           112.9400     -7.9600     9720.087637561608
           112.9500     -7.9600     9737.846875293935
           112.9600     -7.9600     9650.800600237921
           112.9700     -7.9600     9469.647617779963
           112.9800     -7.9600     9209.255155690525
           112.9900     -7.9600     8887.379510672379
           113.0000     -7.9600     8523.178122511017
           112.0000     -7.9700     1455.533571664112
           112.0100     -7.9700     1498.954052080648
           112.0200     -7.9700     1554.544464283531
           112.0300     -7.9700     1615.887514117175
           112.0400     -7.9700     1676.036254811314
           112.0500     -7.9700     1728.320243874284
           112.0600     -7.9700     1767.182818099461
           112.0700     -7.9700     1788.947243834307
           112.0800     -7.9700     1792.411922325706
           112.0900     -7.9700     1779.189688064393
           112.1000     -7.9700     1753.732286540047
           112.1100     -7.9700     1723.015701619153
           112.1200     -7.9700     1695.901329516084
           112.1300     -7.9700     1682.227554648636
           112.1400     -7.9700     1691.721359214588
           112.1500     -7.9700     1732.845834312162
           112.1600     -7.9700     1811.713381576677
           112.1700     -7.9700     1931.193850563561
           112.1800     -7.9700     2090.331317289033
           112.1900     -7.9700     2284.153872546258
           112.2000     -7.9700     2503.920495073762
           112.2100     -7.9700     2737.802031946998
           112.2200     -7.9700     2971.944602984032
           112.2300     -7.9700     3191.818837811184
           112.2400     -7.9700     3383.722421348371
           112.2500     -7.9700     3536.280773458765
           112.2600     -7.9700     3641.784249582510
           112.2700     -7.9700     3697.211209902656
           112.2800     -7.9700     3704.813945932148
           112.2900     -7.9700     3672.186195091656
           112.3000     -7.9700     3611.782631924863
           112.3100     -7.9700     3539.916953041315
           112.3200     -7.9700     3475.320040206780
           112.3300     -7.9700     3437.387322580687
           112.3400     -7.9700     3444.279701935056
           112.3500     -7.9700     3511.061367033847
           112.3600     -7.9700     3648.058324725981
           112.3700     -7.9700     3859.603283653345
           112.3800     -7.9700     4143.297385677209
           112.3900     -7.9700     4489.870720567773
           112.4000     -7.9700     4883.666514135232
           112.4100     -7.9700     5303.714150057805
           112.4200     -7.9700     5725.299817013369
           112.4300     -7.9700     6121.896212733994
           112.4400     -7.9700     6467.279043325506
           112.4500     -7.9700     6737.641223928817
           112.4600     -7.9700     6913.517138294518
           112.4700     -7.9700     6981.348590297882
           112.4800     -7.9700     6934.558930908460
           112.4900     -7.9700     6774.048513593561
           112.5000     -7.9700     6508.078290513754
           112.5100     -7.9700     6151.563642969638
           112.5200     -7.9700     5724.852106411651
           112.5300     -7.9700     5252.101744398783
           112.5400     -7.9700     4759.407826164422
           112.5500     -7.9700     4272.841814121732
           112.5600     -7.9700     3816.567649603387
           112.5700     -7.9700     3411.186646389232
           112.5800     -7.9700     3072.436036535279
           112.5900     -7.9700     2810.330503500948
           112.6000     -7.9700     2628.794703009461
           112.6100     -7.9700     2525.791877308282
           112.6200     -7.9700     2493.913100344274
           112.6300     -7.9700     2521.356790406486
           112.6400     -7.9700     2593.201411016687
           112.6500     -7.9700     2692.857283929136
           112.6600     -7.9700     2803.576669620386
           112.6700     -7.9700     2909.904289918580
           112.6800     -7.9700     2998.962049822125
           112.6900     -7.9700     3061.480080246454
           112.7000     -7.9700     3092.509287357501
           112.7100     -7.9700     3091.776217131727
           112.7200     -7.9700     3063.667235135249
           112.7300     -7.9700     3016.854087153437
           112.7400     -7.9700     2963.595526745911
           112.7500     -7.9700     2918.768936646533
           112.7600     -7.9700     2898.701138253662
           112.7700     -7.9700     2919.878543516006
           112.7800     -7.9700     2997.623290702230
           112.7900     -7.9700     3144.823941546755
           112.8000     -7.9700     3370.806660640684
           112.8100     -7.9700     3680.425535389508
           112.8200     -7.9700     4073.438876226655
           112.8300     -7.9700     4544.222146424679
           112.8400     -7.9700     5081.848018746367
           112.8500     -7.9700     5670.540667516210
           112.8600     -7.9700     6290.485883514477
           112.8700     -7.9700     6918.952444666929
           112.8800     -7.9700     7531.655235496986
           112.8900     -7.9700     8104.268962724133
           112.9000     -7.9700     8613.985094934462
           112.9100     -7.9700     9040.995815631213
           112.9200     -7.9700     9369.788848286333
           112.9300     -7.9700     9590.146849092143
           112.9400     -7.9700     9697.764667304624
           112.9500     -7.9700     9694.426169027076
           112.9600     -7.9700     9587.717547977594
           112.9700     -7.9700     9390.293269088857
           112.9800     -7.9700     9118.750517342069
           112.9900     -7.9700     8792.204434943325
           113.0000     -7.9700     8430.685766722178
           112.0000     -7.9800     1524.867210174916
           112.0100     -7.9800     1562.632436953619
           112.0200     -7.9800     1613.160284962664
           112.0300     -7.9800     1670.762383743146
           112.0400     -7.9800     1729.026236457779
           112.0500     -7.9800     1781.564461244350
           112.0600     -7.9800     1822.819935981495
           112.0700     -7.9800     1848.828444759555
           112.0800     -7.9800     1857.839926537901
           112.0900     -7.9800     1850.711197556152
           112.1000     -7.9800     1831.006144214710
           112.1100     -7.9800     1804.771526967430
           112.1200     -7.9800     1779.994179420221
           112.1300     -7.9800     1765.784214998460
           112.1400     -7.9800     1771.364248430370
           112.1500     -7.9800     1804.972224757030
           112.1600     -7.9800     1872.801620177275
           112.1700     -7.9800     1978.105156396437
           112.1800     -7.9800     2120.575915625710
           112.1900     -7.9800     2296.093706295435
           112.2000     -7.9800     2496.887195045148
           112.2100     -7.9800     2712.117564876059
           112.2200     -7.9800     2928.842136831939
           112.2300     -7.9800     3133.271799195697
           112.2400     -7.9800     3312.199362680381
           112.2500     -7.9800     3454.451491098395
           112.2600     -7.9800     3552.207765480453
           112.2700     -7.9800     3602.038197761173
           112.2800     -7.9800     3605.534742368518
           112.2900     -7.9800     3569.450845696083
           112.3000     -7.9800     3505.311988131445
           112.3100     -7.9800     3428.514456413848
           112.3200     -7.9800     3356.983507445821
           112.3300     -7.9800     3309.509871945014
           112.3400     -7.9800     3303.920008105739
           112.3500     -7.9800     3355.256622634764
           112.3600     -7.9800     3474.149306938254
           112.3700     -7.9800     3665.540144345000
           112.3800     -7.9800     3927.897224120577
           112.3900     -7.9800     4253.003333044700
           112.4000     -7.9800     4626.352312750207
           112.4100     -7.9800     5028.127241192108
           112.4200     -7.9800     5434.678633887546
           112.4300     -7.9800     5820.372893534770
           112.4400     -7.9800     6159.646017490861
           112.4500     -7.9800     6429.078490341639
           112.4600     -7.9800     6609.306037613191
           112.4700     -7.9800     6686.597352839304
           112.4800     -7.9800     6653.962108699944
           112.4900     -7.9800     6511.697062299619
           112.5000     -7.9800     6267.330267720577
           112.5100     -7.9800     5934.978091191386
           112.5200     -7.9800     5534.181589812418
           112.5300     -7.9800     5088.333039136229
           112.5400     -7.9800     4622.836093999895
           112.5500     -7.9800     4163.161646804773
           112.5600     -7.9800     3732.964800629069
           112.5700     -7.9800     3352.416911498295
           112.5800     -7.9800     3036.882173813850
           112.5900     -7.9800     2796.033647613397
           112.6000     -7.9800     2633.462637654032
           112.6100     -7.9800     2546.791957197861
           112.6200     -7.9800     2528.261793199008
           112.6300     -7.9800     2565.720132356676
           112.6400     -7.9800     2643.920760897056
           112.6500     -7.9800     2746.012530911772
           112.6600     -7.9800     2855.094699636189
           112.6700     -7.9800     2955.714531812018
           112.6800     -7.9800     3035.194008634555
           112.6900     -7.9800     3084.690772451423
           112.7000     -7.9800     3099.922316337969
           112.7100     -7.9800     3081.509701418636
           112.7200     -7.9800     3034.925601084507
           112.7300     -7.9800     2970.059291841872
           112.7400     -7.9800     2900.436714506505
           112.7500     -7.9800     2842.155656765580
           112.7600     -7.9800     2812.613551127029
           112.7700     -7.9800     2829.117740686010
           112.7800     -7.9800     2907.474984496404
           112.7900     -7.9800     3060.658287450779
           112.8000     -7.9800     3297.644827731474
           112.8100     -7.9800     3622.508938850415
           112.8200     -7.9800     4033.839065953644
           112.8300     -7.9800     4524.527850880067
           112.8400     -7.9800     5081.960771193839
           112.8500     -7.9800     5688.602152460157
           112.8600     -7.9800     6322.949327621403
           112.8700     -7.9800     6960.798001117668
           112.8800     -7.9800     7576.736513373523
           112.8900     -7.9800     8145.765839655833
           112.9000     -7.9800     8644.927875209049
           112.9100     -7.9800     9054.818643651974
           112.9200     -7.9800     9360.866779373069
           112.9300     -7.9800     9554.271498665246
           112.9400     -7.9800     9632.517910142533
           112.9500     -7.9800     9599.419566919827
           112.9600     -7.9800     9464.676325448241
           112.9700     -7.9800     9242.976734310314
           112.9800     -7.9800     8952.714658041461
           112.9900     -7.9800     8614.425756095823
           113.0000     -7.9800     8249.077075897136
           112.0000     -7.9900     1585.583144034016
           112.0100     -7.9900     1617.014358619441
           112.0200     -7.9900     1661.881240024220
           112.0300     -7.9900     1715.242135344819
           112.0400     -7.9900     1771.241440905310
           112.0500     -7.9900     1823.796239796359
           112.0600     -7.9900     1867.363442136864
           112.0700     -7.9900     1897.693652037413
           112.0800     -7.9900     1912.474518781752
           112.0900     -7.9900     1911.774880344304
           112.1000     -7.9900     1898.221002198621
           112.1100     -7.9900     1876.865657831068
           112.1200     -7.9900     1854.746470643956
           112.1300     -7.9900     1840.167751226515
           112.1400     -7.9900     1841.775528243529
           112.1500     -7.9900     1867.524220682352
           112.1600     -7.9900     1923.651722412306
           112.1700     -7.9900     2013.784971091025
           112.1800     -7.9900     2138.289212977918
           112.1900     -7.9900     2293.951646366490
           112.2000     -7.9900     2474.056042037727
           112.2100     -7.9900     2668.862827690151
           112.2200     -7.9900     2866.463553504664
           112.2300     -7.9900     3053.934732118459
           112.2400     -7.9900     3218.678830460980
           112.2500     -7.9900     3349.814119093331
           112.2600     -7.9900     3439.463444239960
           112.2700     -7.9900     3483.796518318590
           112.2800     -7.9900     3483.700990576936
           112.2900     -7.9900     3444.992520751640
           112.3000     -7.9900     3378.119868664564
           112.3100     -7.9900     3297.372900949584
           112.3200     -7.9900     3219.653918619776
           112.3300     -7.9900     3162.920187861441
           112.3400     -7.9900     3144.442840322721
           112.3500     -7.9900     3179.050267094416
           112.3600     -7.9900     3277.530130391712
           112.3700     -7.9900     3445.352319528795
           112.3800     -7.9900     3681.846633161116
           112.3900     -7.9900     3979.926505160624
           112.4000     -7.9900     4326.398004828314
           112.4100     -7.9900     4702.836936737312
           112.4200     -7.9900     5086.961878815253
           112.4300     -7.9900     5454.382988470573
           112.4400     -7.9900     5780.570170871106
           112.4500     -7.9900     6042.863277601991
           112.4600     -7.9900     6222.343315215988
           112.4700     -7.9900     6305.397338034243
           112.4800     -7.9900     6284.839165707426
           112.4900     -7.9900     6160.490141421198
           112.5000     -7.9900     5939.174486456862
           112.5100     -7.9900     5634.137364468592
           112.5200     -7.9900     5263.945333895281
           112.5300     -7.9900     4850.973600465500
           112.5400     -7.9900     4419.618390649894
           112.5500     -7.9900     3994.393068937699
           112.5600     -7.9900     3598.071967127838
           112.5700     -7.9900     3250.036426542712
           112.5800     -7.9900     2964.954816027562
           112.5900     -7.9900     2751.894985140721
           112.6000     -7.9900     2613.927273785814
           112.6100     -7.9900     2548.232784129897
           112.6200     -7.9900     2546.689100433906
           112.6300     -7.9900     2596.867625175760
           112.6400     -7.9900     2683.346119328919
           112.6500     -7.9900     2789.218938128426
           112.6600     -7.9900     2897.676899771158
           112.6700     -7.9900     2993.528790427190
           112.6800     -7.9900     3064.546393486586
           112.6900     -7.9900     3102.533129864162
           112.7000     -7.9900     3104.040920656929
           112.7100     -7.9900     3070.688490920139
           112.7200     -7.9900     3009.064742457207
           112.7300     -7.9900     2930.230891675067
           112.7400     -7.9900     2848.862918763181
           112.7500     -7.9900     2782.099967886967
           112.7600     -7.9900     2748.183497690838
           112.7700     -7.9900     2764.985378284280
           112.7800     -7.9900     2848.530250066378
           112.7900     -7.9900     3011.618061661899
           112.8000     -7.9900     3262.646796441647
           112.8100     -7.9900     3604.723224890226
           112.8200     -7.9900     4035.131578061054
           112.8300     -7.9900     4545.207096941072
           112.8400     -7.9900     5120.634553383369
           112.8500     -7.9900     5742.162468767556
           112.8600     -7.9900     6386.693606302112
           112.8700     -7.9900     7028.683383174973
           112.8800     -7.9900     7641.752312321128
           112.8900     -7.9900     8200.398632980623
           112.9000     -7.9900     8681.684942438846
           112.9100     -7.9900     9066.769522322809
           112.9200     -7.9900     9342.160172240627
           112.9300     -7.9900     9500.585929390403
           112.9400     -7.9900     9541.409341028930
           112.9500     -7.9900     9470.537268207056
           112.9600     -7.9900     9299.828920624796
           112.9700     -7.9900     9046.042597676822
           112.9800     -7.9900     8729.403614933570
           112.9900     -7.9900     8371.911190235263
           113.0000     -7.9900     7995.527999915528
           112.0000     -8.0000     1635.497931007436
           112.0100     -8.0000     1660.150048962252
           112.0200     -8.0000     1698.948660835618
           112.0300     -8.0000     1747.706309042460
           112.0400     -8.0000     1801.140575588725
           112.0500     -8.0000     1853.493544877048
           112.0600     -8.0000     1899.255706127998
           112.0700     -8.0000     1933.905844340721
           112.0800     -8.0000     1954.572040397416
           112.0900     -8.0000     1960.524156708552
           112.1000     -8.0000     1953.424899788241
           112.1100     -8.0000     1937.293083799543
           112.1200     -8.0000     1918.166172097742
           112.1300     -8.0000     1903.485711361890
           112.1400     -8.0000     1901.264559646303
           112.1500     -8.0000     1919.124520472245
           112.1600     -8.0000     1963.313335891592
           112.1700     -8.0000     2037.818168986721
           112.1800     -8.0000     2143.687288687081
           112.1900     -8.0000     2278.652793472191
           112.2000     -8.0000     2437.116605207386
           112.2100     -8.0000     2610.522789905142
           112.2200     -8.0000     2788.095773597223
           112.2300     -8.0000     2957.881097966997
           112.2400     -8.0000     3107.987952438033
           112.2500     -8.0000     3227.905277111565
           112.2600     -8.0000     3309.749180247200
           112.2700     -8.0000     3349.300742860406
           112.2800     -8.0000     3346.710286834939
           112.2900     -8.0000     3306.775400631726
           112.3000     -8.0000     3238.742366766959
           112.3100     -8.0000     3155.629738302099
           112.3200     -8.0000     3073.123463136045
           112.3300     -8.0000     3008.139695868618
           112.3400     -8.0000     2977.189157125918
           112.3500     -8.0000     2994.701405802092
           112.3600     -8.0000     3071.475871318801
           112.3700     -8.0000     3213.417840640277
           112.3800     -8.0000     3420.692524335306
           112.3900     -8.0000     3687.391304409862
           112.4000     -8.0000     4001.755244553442
           112.4100     -8.0000     4346.946926560521
           112.4200     -8.0000     4702.308185148912
           112.4300     -8.0000     5044.993790285510
           112.4400     -8.0000     5351.834361162315
           112.4500     -8.0000     5601.259427815514
           112.4600     -8.0000     5775.105706892560
           112.4700     -8.0000     5860.146735973201
           112.4800     -8.0000     5849.206702538158
           112.4900     -8.0000     5741.760747501781
           112.5000     -8.0000     5543.972143073456
           112.5100     -8.0000     5268.168702040295
           112.5200     -8.0000     4931.811486609721
           112.5300     -8.0000     4556.053545264621
           112.5400     -8.0000     4164.020965145946
           112.5500     -8.0000     3778.970064805292
           112.5600     -8.0000     3422.481518949185
           112.5700     -8.0000     3112.844514050439
           112.5800     -8.0000     2863.762985842146
           112.5900     -8.0000     2683.484079679075
           112.6000     -8.0000     2574.409571248569
           112.6100     -8.0000     2533.207952452612
           112.6200     -8.0000     2551.402183205978
           112.6300     -8.0000     2616.369405484227
           112.6400     -8.0000     2712.657276169391
           112.6500     -8.0000     2823.499228020702
           112.6600     -8.0000     2932.399177869046
           112.6700     -8.0000     3024.655248658183
           112.6800     -8.0000     3088.701330586988
           112.6900     -8.0000     3117.163394492180
           112.7000     -8.0000     3107.552452622225
           112.7100     -8.0000     3062.545672326002
           112.7200     -8.0000     2989.839006929840
           112.7300     -8.0000     2901.586509226802
           112.7400     -8.0000     2813.471150334638
           112.7500     -8.0000     2743.477710937038
           112.7600     -8.0000     2710.458742088233
           112.7700     -8.0000     2732.598689867868
           112.7800     -8.0000     2825.888394991032
           112.7900     -8.0000     3002.722018659727
           112.8000     -8.0000     3270.721044964762
           112.8100     -8.0000     3631.875725697161
           112.8200     -8.0000     4082.073847047924
           112.8300     -8.0000     4611.061023833345
           112.8400     -8.0000     5202.847219338367
           112.8500     -8.0000     5836.542532256318
           112.8600     -8.0000     6487.573464795975
           112.8700     -8.0000     7129.201083097752
           112.8800     -8.0000     7734.236993003808
           112.8900     -8.0000     8276.834100932849
           112.9000     -8.0000     8734.218661786916
           112.9100     -8.0000     9088.229600780225
           112.9200     -8.0000     9326.541313234145
           112.9300     -8.0000     9443.467020324410
           112.9400     -8.0000     9440.270257897948
           112.9500     -8.0000     9324.950199337940
           112.9600     -8.0000     9111.509383605400
           112.9700     -8.0000     8818.756477188372
           112.9800     -8.0000     8468.737998574374
           112.9900     -8.0000     8084.927511442384
           113.0000     -8.0000     7690.325068489596
